x_m,y_m,z_m
5.600000000000000533e-01,6.336131025373745694e-03,2.350597564703164541e-02
5.600000000000000533e-01,6.328511191572180200e-03,2.349609721789196540e-02
5.600000000000000533e-01,6.305667953091459964e-03,2.346646605118615433e-02
5.600000000000000533e-01,6.267650031121985675e-03,2.341709454650735961e-02
5.600000000000000533e-01,6.214538403078592559e-03,2.334800349408305831e-02
5.600000000000000533e-01,6.146445968195877151e-03,2.325922225902443338e-02
5.600000000000000533e-01,6.063517084224908336e-03,2.315078903509957750e-02
5.600000000000000533e-01,5.965926980012953469e-03,2.302275116395164148e-02
5.600000000000000533e-01,5.853881049999140260e-03,2.287516551465446427e-02
5.600000000000000533e-01,5.727614037825224519e-03,2.270809891756731674e-02
5.600000000000000533e-01,5.587389117325969150e-03,2.252162864563602221e-02
5.600000000000000533e-01,5.433496880112109392e-03,2.231584293560387108e-02
5.600000000000000533e-01,5.266254239776410259e-03,2.209084154105497161e-02
5.600000000000000533e-01,5.086003263428186781e-03,2.184673630882456169e-02
5.600000000000000533e-01,4.893109941781829259e-03,2.158365177008036290e-02
5.600000000000000533e-01,4.687962909383837709e-03,2.130172573730990809e-02
5.600000000000000533e-01,4.470972126752136705e-03,2.100110989853886528e-02
5.600000000000000533e-01,4.242567536218538361e-03,2.068197040035116285e-02
5.600000000000000533e-01,4.003197703107710947e-03,2.034448841167492417e-02
5.600000000000000533e-01,3.753328453555129438e-03,1.998886066082831980e-02
5.600000000000000533e-01,3.493441519765715618e-03,1.961529993897218743e-02
5.600000000000000533e-01,3.224033202850476280e-03,1.922403556387519696e-02
5.600000000000000533e-01,2.945613062559327214e-03,1.881531379874417167e-02
5.600000000000000533e-01,2.658702642266115926e-03,1.838939822178533440e-02
5.600000000000000533e-01,2.363834236470400973e-03,1.794657004312066872e-02
5.600000000000000533e-01,2.061549706876639448e-03,1.748712836666354783e-02
5.600000000000000533e-01,1.752399351814329376e-03,1.701139039553688920e-02
5.600000000000000533e-01,1.436940832391816331e-03,1.651969158057143769e-02
5.600000000000000533e-01,1.115738157356879496e-03,1.601238571232983451e-02
5.600000000000000533e-01,7.893607271908602806e-04,1.548984495794276245e-02
5.600000000000000533e-01,4.583824365169365464e-04,1.495245984479697324e-02
5.600000000000000533e-01,1.233808324829308717e-04,1.440063919376568385e-02
5.600000000000000533e-01,-2.150636745892791149e-04,1.383481000520423755e-02
5.600000000000000533e-01,-5.563685532841899581e-04,1.325541730133834861e-02
5.600000000000000533e-01,-8.999498520842375178e-04,1.266292392893964523e-02
5.600000000000000533e-01,-1.245222866508170594e-03,1.205781032631066292e-02
5.600000000000000533e-01,-1.591602780533931446e-03,1.144057425858813898e-02
5.600000000000000533e-01,-1.938505291172011938e-03,1.081173052522220283e-02
5.600000000000000533e-01,-2.285347225590532872e-03,1.017181064320796594e-02
5.600000000000000533e-01,-2.631547160521069666e-03,9.521362509244615455e-03
5.600000000000000533e-01,-2.976526053781436507e-03,8.860950043489527334e-03
5.600000000000000533e-01,-3.319707897630254714e-03,8.191152816978393078e-03
5.600000000000000533e-01,-3.660520403314256998e-03,7.512565664114461902e-03
5.600000000000000533e-01,-3.998395725582050246e-03,6.825798280913919838e-03
5.600000000000000533e-01,-4.332771235123083348e-03,6.131474808950725455e-03
5.600000000000000533e-01,-4.663090345856119728e-03,5.430233404197525732e-03
5.600000000000000533e-01,-4.988803402751414671e-03,4.722725789232693622e-03
5.600000000000000533e-01,-5.309368634443384187e-03,4.009616786599553423e-03
5.600000000000000533e-01,-5.624253173297242073e-03,3.291583830485824043e-03
5.600000000000000533e-01,-5.932934143860477301e-03,2.569316453357950447e-03
5.600000000000000533e-01,-6.234899818787409745e-03,1.843515743755550418e-03
5.600000000000000533e-01,-6.529650839404449285e-03,1.114893771140251962e-03
5.600000000000000533e-01,-6.816701496120287744e-03,3.841729735134203835e-04
5.600000000000000533e-01,-7.095581061915386123e-03,-3.479144965234917588e-04
5.600000000000000533e-01,-7.365835170206037029e-03,-1.080627471488187271e-03
5.600000000000000533e-01,-7.627027226508515702e-03,-1.813216518489838610e-03
5.600000000000000533e-01,-7.878739841565148352e-03,-2.544924742036740704e-03
5.600000000000000533e-01,-8.123717491014762621e-03,-3.289481247228791608e-03
5.600000000000000533e-01,-8.357069938827807118e-03,-4.042817622279116022e-03
5.600000000000000533e-01,-8.575409518571030718e-03,-4.794262734501635384e-03
5.600000000000000533e-01,-8.778491782807304467e-03,-5.542863267337990590e-03
5.600000000000000533e-01,-8.966117837819795322e-03,-6.287656070077614692e-03
5.600000000000000533e-01,-9.138135192990290770e-03,-7.027670668193059661e-03
5.600000000000000533e-01,-9.294438386234362554e-03,-7.761931889061272211e-03
5.600000000000000533e-01,-9.434969367491470929e-03,-8.489462583224173520e-03
5.600000000000000533e-01,-9.559717624364437449e-03,-9.209286419592148040e-03
5.600000000000000533e-01,-9.668720036411291088e-03,-9.920430731633404081e-03
5.600000000000000533e-01,-9.762060447267037130e-03,-1.062192939064937787e-02
5.600000000000000533e-01,-9.839868946663997071e-03,-1.131282568173118397e-02
5.600000000000000533e-01,-9.902320857474689389e-03,-1.199217515793058776e-02
5.600000000000000533e-01,-9.949635426068800109e-03,-1.265904844855729634e-02
5.600000000000000533e-01,-9.982074217503087224e-03,-1.331253399831756196e-02
5.600000000000000533e-01,-9.999939220300756160e-03,-1.395174071521230325e-02
5.600000000000000533e-01,-1.000357066877710296e-02,-1.457580050668385967e-02
5.600000000000000533e-01,-9.993344593987461139e-03,-1.518387068539782045e-02
5.600000000000000533e-01,-9.969670117372000928e-03,-1.577513622822532616e-02
5.600000000000000533e-01,-9.932986504013953388e-03,-1.634881187440036243e-02
5.600000000000000533e-01,-9.883759995082747746e-03,-1.690414405141335563e-02
5.600000000000000533e-01,-9.822480441474316926e-03,-1.744041261991145439e-02
5.600000000000000533e-01,-9.749657762865730770e-03,-1.795693243165201805e-02
5.600000000000000533e-01,-9.665818258351959250e-03,-1.845305469734490056e-02
5.600000000000000533e-01,-9.571500796514640849e-03,-1.892816816396800800e-02
5.600000000000000533e-01,-9.467252914176013320e-03,-1.938170010379980726e-02
5.600000000000000533e-01,-9.353626854207604258e-03,-1.981311711993530289e-02
5.600000000000000533e-01,-9.231175573588859887e-03,-2.022192577539614136e-02
5.600000000000000533e-01,-9.100448753443308308e-03,-2.060767305507353944e-02
5.600000000000000533e-01,-8.961988843019959988e-03,-2.096994667162128262e-02
5.600000000000000533e-01,-8.816327169537563346e-03,-2.130837522801850084e-02
5.600000000000000533e-01,-8.663980145474186462e-03,-2.162262825082529594e-02
5.600000000000000533e-01,-8.505445604269933069e-03,-2.191241610914353155e-02
5.600000000000000533e-01,-8.341199294525283164e-03,-2.217748983495761161e-02
5.600000000000000533e-01,-8.171691561630133049e-03,-2.241764086086271354e-02
5.600000000000000533e-01,-7.997344244360890878e-03,-2.263270069118924338e-02
5.600000000000000533e-01,-7.818547812346719750e-03,-2.282254052220894502e-02
5.600000000000000533e-01,-7.635658768445205066e-03,-2.298707082647051189e-02
5.600000000000000533e-01,-7.448997337997344259e-03,-2.312624091537649959e-02
5.600000000000000533e-01,-7.258845464667759012e-03,-2.324003849289886861e-02
5.600000000000000533e-01,-7.065445130136139770e-03,-2.332848921186267410e-02
5.600000000000000533e-01,-6.868997012308316642e-03,-2.339165624253417008e-02
5.600000000000000533e-01,-6.669659493979725705e-03,-2.342963986136324672e-02
5.600000000000000533e-01,-6.467548031030713636e-03,-2.344257706568575808e-02
5.600000000000000533e-01,-6.265377296749355049e-03,-2.343063471560504971e-02
5.600000000000000533e-01,-6.065838627485186686e-03,-2.339401067888220026e-02
5.600000000000000533e-01,-5.868977583664752862e-03,-2.333293491975232253e-02
5.600000000000000533e-01,-5.674836439721660068e-03,-2.324766247274013750e-02
5.600000000000000533e-01,-5.483454126711724032e-03,-2.313847277777137182e-02
5.600000000000000533e-01,-5.294866041827251367e-03,-2.300566887857598275e-02
5.600000000000000533e-01,-5.109103730568913780e-03,-2.284957649127198828e-02
5.600000000000000533e-01,-4.926194449260965294e-03,-2.267054295236628492e-02
5.600000000000000533e-01,-4.746160617422071071e-03,-2.246893605759324106e-02
5.600000000000000533e-01,-4.569019171213078989e-03,-2.224514280499691882e-02
5.600000000000000533e-01,-4.394780830758700588e-03,-2.199956805741625637e-02
5.600000000000000533e-01,-4.223449295567219784e-03,-2.173263314102386393e-02
5.600000000000000533e-01,-4.055020383536958595e-03,-2.144477439777340080e-02
5.600000000000000533e-01,-3.889481130127455874e-03,-2.113644171050675646e-02
5.600000000000000533e-01,-3.726808865175111098e-03,-2.080809702004301001e-02
5.600000000000000533e-01,-3.566970285536745326e-03,-2.046021285380571209e-02
5.600000000000000533e-01,-3.409920542240597353e-03,-2.009327088543653300e-02
5.600000000000000533e-01,-3.255602361104154626e-03,-1.970776054439036390e-02
5.600000000000000533e-01,-3.103945215835226309e-03,-1.930417769371500433e-02
5.600000000000000533e-01,-2.954864572460565685e-03,-1.888302339309640490e-02
5.600000000000000533e-01,-2.808261223521427759e-03,-1.844480276281530023e-02
5.600000000000000533e-01,-2.664020729834534838e-03,-1.799002396253292571e-02
5.600000000000000533e-01,-2.522012986739381301e-03,-1.751919729683078936e-02
5.600000000000000533e-01,-2.382091930639379171e-03,-1.703283445720306030e-02
5.600000000000000533e-01,-2.244095400298233133e-03,-1.653144790777873879e-02
5.600000000000000533e-01,-2.107845165779508294e-03,-1.601555041947530858e-02
5.600000000000000533e-01,-1.973147136124775696e-03,-1.548565475460285217e-02
5.600000000000000533e-01,-1.839791754865383218e-03,-1.494227350119764833e-02
5.600000000000000533e-01,-1.707554590268743188e-03,-1.438591905361846952e-02
5.600000000000000533e-01,-1.576197124850729249e-03,-1.381710373324300870e-02
5.600000000000000533e-01,-1.445467746162912900e-03,-1.323634004051045185e-02
5.600000000000000533e-01,-1.315102938212989354e-03,-1.264414102712427095e-02
5.600000000000000533e-01,-1.184828670129514129e-03,-1.204102077501095248e-02
5.600000000000000533e-01,-1.054361975871971743e-03,-1.142749496667532297e-02
5.600000000000000533e-01,-9.234127159532838289e-04,-1.080408152994841685e-02
5.600000000000000533e-01,-7.916855093262852288e-04,-1.017130133882973575e-02
5.600000000000000533e-01,-6.588818208341637103e-04,-9.529678951215541857e-03
5.600000000000000533e-01,-5.247021869854895295e-04,-8.879743363803973763e-03
5.600000000000000533e-01,-3.888485603372408145e-04,-8.222028764391381070e-03
5.600000000000000533e-01,-2.510267505041127462e-04,-7.557075262127370061e-03
5.600000000000000533e-01,-1.109489378091227125e-04,-6.885429577072291196e-03
5.600000000000000533e-01,3.166376610395666563e-05,-6.207645671582578961e-03
5.600000000000000533e-01,1.770787377182317726e-04,-5.524285307606886450e-03
5.600000000000000533e-01,3.279392470069441602e-04,-4.825992954586156083e-03
5.600000000000000533e-01,4.827183787382044629e-04,-4.108461471713983730e-03
5.600000000000000533e-01,6.369174585738149623e-04,-3.386476899807032946e-03
5.600000000000000533e-01,7.906362898854411153e-04,-2.660743311650875815e-03
5.600000000000000533e-01,9.439652694698346357e-04,-1.931970507640336319e-03
5.600000000000000533e-01,1.096984011088657403e-03,-1.200873299874616763e-03
5.600000000000000533e-01,1.249760099269068593e-03,-4.681707683698010654e-04
5.600000000000000533e-01,1.402347986346453050e-03,2.654145053327208216e-04
5.600000000000000533e-01,1.554788043537768533e-03,9.991572216079029015e-04
5.600000000000000533e-01,1.707105774532558309e-03,1.732330157553032277e-03
5.600000000000000533e-01,1.859311197717925575e-03,2.464204967488118053e-03
5.600000000000000533e-01,2.011398400753052883e-03,3.194052983641117085e-03
5.600000000000000533e-01,2.163345268817914221e-03,3.921146011809719355e-03
5.600000000000000533e-01,2.315113385517289686e-03,4.644757117223275583e-03
5.600000000000000533e-01,2.466648103161838117e-03,5.364161396379032130e-03
5.600000000000000533e-01,2.617878777006729489e-03,6.078636731280083472e-03
5.600000000000000533e-01,2.768719156036186357e-03,6.787464523240077131e-03
5.600000000000000533e-01,2.919067921066814415e-03,7.489930404220614124e-03
5.600000000000000533e-01,3.068809359327513957e-03,8.185324924509429848e-03
5.600000000000000533e-01,3.217814163278552835e-03,8.872944216407330220e-03
5.600000000000000533e-01,3.365940340271920007e-03,9.552090634444917669e-03
5.600000000000000533e-01,3.513034218740032112e-03,1.022207337347383165e-02
5.600000000000000533e-01,3.658931535935839360e-03,1.088220906674744817e-02
5.600000000000000533e-01,3.803458591835935741e-03,1.153182236680199910e-02
5.600000000000000533e-01,3.946433453655943599e-03,1.217024651255145876e-02
5.600000000000000533e-01,4.087667195507361725e-03,1.279682388650051419e-02
5.600000000000000533e-01,4.226965158035821471e-03,1.341090656634688627e-02
5.600000000000000533e-01,4.364128213407452404e-03,1.401185687547457960e-02
5.600000000000000533e-01,4.498954021735651794e-03,1.459904793692770250e-02
5.600000000000000533e-01,4.631238265943819245e-03,1.517186423539606220e-02
5.600000000000000533e-01,4.760775853118455296e-03,1.572970219153817586e-02
5.600000000000000533e-01,4.887362071597131132e-03,1.627197075262052858e-02
5.600000000000000533e-01,5.010793694331324571e-03,1.679809200296924696e-02
5.600000000000000533e-01,5.130870020439604919e-03,1.730750179712416126e-02
5.600000000000000533e-01,5.247393848294902574e-03,1.779965041786938165e-02
5.600000000000000533e-01,5.360172374945374081e-03,1.827400326050463569e-02
5.600000000000000533e-01,5.469018018125448161e-03,1.873004154383891076e-02
5.600000000000000533e-01,5.573749158548338759e-03,1.916726304745106774e-02
5.600000000000000533e-01,5.674190801560221806e-03,1.958518287379513653e-02
5.600000000000000533e-01,5.770175158558160308e-03,1.998333423275300280e-02
5.600000000000000533e-01,5.861542149809838113e-03,2.036126924527767446e-02
5.600000000000000533e-01,5.948139831445603196e-03,2.071855976184980644e-02
5.600000000000000533e-01,6.029824750407843104e-03,2.105479819060974631e-02
5.600000000000000533e-01,6.106462232026956677e-03,2.136959832924922864e-02
5.600000000000000533e-01,6.177926605637161332e-03,2.166259619406848275e-02
5.600000000000000533e-01,6.244101374242446226e-03,2.193345083904401152e-02
5.600000000000000533e-01,6.304879334687993678e-03,2.218184515732305254e-02
5.600000000000000533e-01,6.360162655083569788e-03,2.240748665727360783e-02
5.600000000000000533e-01,6.409862916363424923e-03,2.261010820508311744e-02
5.600000000000000533e-01,6.453901124854145854e-03,2.278946872591780873e-02
5.600000000000000533e-01,6.492207702563878441e-03,2.294535385583045331e-02
5.600000000000000533e-01,6.524722461609375884e-03,2.307757653693439867e-02
5.600000000000000533e-01,6.551394568771371461e-03,2.318597754884067080e-02
5.600000000000000533e-01,6.572182505624404522e-03,2.327042596997392493e-02
5.600000000000000533e-01,6.587054029036997806e-03,2.333081956313023259e-02
5.600000000000000533e-01,6.595986136095727433e-03,2.336708508050041114e-02
5.600000000000000533e-01,6.598965036687681578e-03,2.337917848433987075e-02
6.181875000000000009e-01,2.138160405626914062e-02,3.121647654539645017e-02
6.181875000000000009e-01,2.137132409888920295e-02,3.120339629550869173e-02
6.181875000000000009e-01,2.134050545242641844e-02,3.116416112132021007e-02
6.181875000000000009e-01,2.128921170914473138e-02,3.109878779678103972e-02
6.181875000000000009e-01,2.121754857444207304e-02,3.100730443612899345e-02
6.181875000000000009e-01,2.112566344724599310e-02,3.088975072771194333e-02
6.181875000000000009e-01,2.101374483844312829e-02,3.074617825607262739e-02
6.181875000000000009e-01,2.088202163312176396e-02,3.057665090715051479e-02
6.181875000000000009e-01,2.073076220392185490e-02,3.038124535015606156e-02
6.181875000000000009e-01,2.056027338420126152e-02,3.016005158849467335e-02
6.181875000000000009e-01,2.037089931102217116e-02,2.991317357108623162e-02
6.181875000000000009e-01,2.016302014911779128e-02,2.964072985455617690e-02
6.181875000000000009e-01,1.993705070800059695e-02,2.934285430608477713e-02
6.181875000000000009e-01,1.969343896520470844e-02,2.901969683620102963e-02
6.181875000000000009e-01,1.943266450930272726e-02,2.867142415050652829e-02
6.181875000000000009e-01,1.915523691679275192e-02,2.829822050921424262e-02
6.181875000000000009e-01,1.886169407720458130e-02,2.790028848348768964e-02
6.181875000000000009e-01,1.855260048082175289e-02,2.747784969786163864e-02
6.181875000000000009e-01,1.822854548325461219e-02,2.703114554850696502e-02
6.181875000000000009e-01,1.789014156073063383e-02,2.656043788775682216e-02
6.181875000000000009e-01,1.753802256939471574e-02,2.606600966612096504e-02
6.181875000000000009e-01,1.717284202114200201e-02,2.554816552396027562e-02
6.181875000000000009e-01,1.679527138754825788e-02,2.500723232605093008e-02
6.181875000000000009e-01,1.640599844233210647e-02,2.444355963341142066e-02
6.181875000000000009e-01,1.600572565149514792e-02,2.385752010796916497e-02
6.181875000000000009e-01,1.559516861885981535e-02,2.324950984687729552e-02
6.181875000000000009e-01,1.517505459318377152e-02,2.261994864452853901e-02
6.181875000000000009e-01,1.474612104139594315e-02,2.196928018152254775e-02
6.181875000000000009e-01,1.430911429080357344e-02,2.129797214099781941e-02
6.181875000000000009e-01,1.386478824138683875e-02,2.060651625381327776e-02
6.181875000000000009e-01,1.341390314756098906e-02,1.989542827503342978e-02
6.181875000000000009e-01,1.295722446707541983e-02,1.916524789501355269e-02
6.181875000000000009e-01,1.249552177306642933e-02,1.841653858907879235e-02
6.181875000000000009e-01,1.202956772371892996e-02,1.764988741033069949e-02
6.181875000000000009e-01,1.156013708255090519e-02,1.686590473048373701e-02
6.181875000000000009e-01,1.108800578104568099e-02,1.606522393382959699e-02
6.181875000000000009e-01,1.061395001424754458e-02,1.524850106944597439e-02
6.181875000000000009e-01,1.013874535903215579e-02,1.441641446661165796e-02
6.181875000000000009e-01,9.663165904088623012e-03,1.356966431807135609e-02
6.181875000000000009e-01,9.187983380222329577e-03,1.270897223532132213e-02
6.181875000000000009e-01,8.713966279424103720e-03,1.183508077947888378e-02
6.181875000000000009e-01,8.241878951261515096e-03,1.094875297057459375e-02
6.181875000000000009e-01,7.772480665538065644e-03,1.005077177728747745e-02
6.181875000000000009e-01,7.306524630837404888e-03,9.141939588259043875e-03
6.181875000000000009e-01,6.844756959516382598e-03,8.223077665195824282e-03
6.181875000000000009e-01,6.387915570923803979e-03,7.295025577033705660e-03
6.181875000000000009e-01,5.936729026084908503e-03,6.358640613518343372e-03
6.181875000000000009e-01,5.491915288783615935e-03,5.414797175682794540e-03
6.181875000000000009e-01,5.054180409870170053e-03,4.464386139905271271e-03
6.181875000000000009e-01,4.624217133689182899e-03,3.508314191529961386e-03
6.181875000000000009e-01,4.202703427727631433e-03,2.547503123457192827e-03
6.181875000000000009e-01,3.790300938885281939e-03,1.582889094673600641e-03
6.181875000000000009e-01,3.387653382129308249e-03,6.154218434164888864e-04
6.181875000000000009e-01,2.995384869666451941e-03,-3.539361504417606191e-04
6.181875000000000009e-01,2.614098191105029834e-03,-1.324210559133748560e-03
6.181875000000000009e-01,2.244373057338358915e-03,-2.294416161958492701e-03
6.181875000000000009e-01,1.886764323016489400e-03,-3.263557866136330022e-03
6.181875000000000009e-01,1.537570113351345927e-03,-4.248224226882782624e-03
6.181875000000000009e-01,1.203270074242182922e-03,-5.243640241429439741e-03
6.181875000000000009e-01,8.883985703061619832e-04,-6.236830436759909120e-03
6.181875000000000009e-01,5.932859681209382702e-04,-7.226550968678866274e-03
6.181875000000000009e-01,3.182040618409411048e-04,-8.211544300411795574e-03
6.181875000000000009e-01,6.336505702293424025e-05,-9.190542350783342807e-03
6.181875000000000009e-01,-1.710791645451441995e-04,-1.016226979306744140e-02
6.181875000000000009e-01,-3.850374769740552705e-04,-1.112544748070249528e-02
6.181875000000000009e-01,-5.784796198615351631e-04,-1.207879597385277601e-02
6.181875000000000009e-01,-7.514359687677118343e-04,-1.302103913904884697e-02
6.181875000000000009e-01,-9.039969532701180172e-04,-1.395090779289213240e-02
6.181875000000000009e-01,-1.036312112830440474e-03,-1.486714336008720071e-02
6.181875000000000009e-01,-1.148588784456651413e-03,-1.576850151587937121e-02
6.181875000000000009e-01,-1.241090420043975545e-03,-1.665375578332171230e-02
6.181875000000000009e-01,-1.314134535262169445e-03,-1.752170105665828634e-02
6.181875000000000009e-01,-1.368090295863200884e-03,-1.837115702346089896e-02
6.181875000000000009e-01,-1.403375751253585491e-03,-1.920097145995659782e-02
6.181875000000000009e-01,-1.420454729055128582e-03,-2.001002337618483159e-02
6.181875000000000009e-01,-1.419833408115732734e-03,-2.079722599017230431e-02
6.181875000000000009e-01,-1.402056590984347012e-03,-2.156152951314975127e-02
6.181875000000000009e-01,-1.367703700190549265e-03,-2.230192373089405836e-02
6.181875000000000009e-01,-1.317384525736087914e-03,-2.301744036949648908e-02
6.181875000000000009e-01,-1.251734753983661103e-03,-2.370715523716484738e-02
6.181875000000000009e-01,-1.171411310593711147e-03,-2.437019013700059827e-02
6.181875000000000009e-01,-1.077087552293753275e-03,-2.500571454898616042e-02
6.181875000000000009e-01,-9.694483440521890066e-04,-2.561294708261297598e-02
6.181875000000000009e-01,-8.491850596590612421e-04,-2.619115670462126080e-02
6.181875000000000009e-01,-7.169905447829260509e-04,-2.673966374915601185e-02
6.181875000000000009e-01,-5.735540822722848958e-04,-2.725784072022508636e-02
6.181875000000000009e-01,-4.195563998017105833e-04,-2.774511289863378083e-02
6.181875000000000009e-01,-2.556647599286122896e-04,-2.820095876753352104e-02
6.181875000000000009e-01,-8.252817223226328880e-05,-2.862491027233179594e-02
6.181875000000000009e-01,9.922723354144520613e-05,-2.901655293194789834e-02
6.181875000000000009e-01,2.890026354977204281e-04,-2.937552581924884887e-02
6.181875000000000009e-01,4.862307123656983698e-04,-2.970152142895740241e-02
6.181875000000000009e-01,6.903795663619725909e-04,-2.999428545138759297e-02
6.181875000000000009e-01,9.009563435271907006e-04,-3.025361647004028501e-02
6.181875000000000009e-01,1.117510521250798111e-03,-3.047936560039388176e-02
6.181875000000000009e-01,1.339636835299468434e-03,-3.067143608617191319e-02
6.181875000000000009e-01,1.566977821511437649e-03,-3.082978286798486109e-02
6.181875000000000009e-01,1.799225950390760664e-03,-3.095441213755567578e-02
6.181875000000000009e-01,2.036125336107747277e-03,-3.104538088878341234e-02
6.181875000000000009e-01,2.277473004860201128e-03,-3.110279647471305559e-02
6.181875000000000009e-01,2.523119711147976327e-03,-3.112681617710577955e-02
6.181875000000000009e-01,2.769761380512041071e-03,-3.111755061993073945e-02
6.181875000000000009e-01,3.014124020802614809e-03,-3.107515277254207023e-02
6.181875000000000009e-01,3.256148481163444533e-03,-3.099990687358643304e-02
6.181875000000000009e-01,3.495781438553323753e-03,-3.089213160691234653e-02
6.181875000000000009e-01,3.732975455769291587e-03,-3.075217927592278563e-02
6.181875000000000009e-01,3.967689192680593641e-03,-3.058043480881873430e-02
6.181875000000000009e-01,4.199887763629343157e-03,-3.037731460299972902e-02
6.181875000000000009e-01,4.429543231583732421e-03,-3.014326521970063510e-02
6.181875000000000009e-01,4.656635227386718076e-03,-2.987876194256248313e-02
6.181875000000000009e-01,4.881151680348807045e-03,-2.958430721621393630e-02
6.181875000000000009e-01,5.103089644507784704e-03,-2.926042898304099388e-02
6.181875000000000009e-01,5.322456203140802505e-03,-2.890767893810880160e-02
6.181875000000000009e-01,5.539269432582146629e-03,-2.852663072364131774e-02
6.181875000000000009e-01,5.753559405090025863e-03,-2.811787808553597653e-02
6.181875000000000009e-01,5.965369209432513746e-03,-2.768203301507214317e-02
6.181875000000000009e-01,6.174755967039809862e-03,-2.721972389924930472e-02
6.181875000000000009e-01,6.381791821008574866e-03,-2.673159370305731863e-02
6.181875000000000009e-01,6.586564874954943180e-03,-2.621829820643414855e-02
6.181875000000000009e-01,6.789180058703435904e-03,-2.568050431771317851e-02
6.181875000000000009e-01,6.989759898076612979e-03,-2.511888848401423388e-02
6.181875000000000009e-01,7.188445166618823677e-03,-2.453413521730928373e-02
6.181875000000000009e-01,7.385395397949810585e-03,-2.392693575282191926e-02
6.181875000000000009e-01,7.580789238599890817e-03,-2.329798685403149106e-02
6.181875000000000009e-01,7.774824622626077056e-03,-2.264798977588765305e-02
6.181875000000000009e-01,7.967718751042372760e-03,-2.197764939494493627e-02
6.181875000000000009e-01,8.159707861109730814e-03,-2.128767351204953820e-02
6.181875000000000009e-01,8.351046772810045982e-03,-2.057877233000945591e-02
6.181875000000000009e-01,8.542008202358945812e-03,-1.985165810541290529e-02
6.181875000000000009e-01,8.732881835374472351e-03,-1.910704497049330389e-02
6.181875000000000009e-01,8.923973155289494780e-03,-1.834564891773718745e-02
6.181875000000000009e-01,9.115602025745709810e-03,-1.756818793686056382e-02
6.181875000000000009e-01,9.308101029003708338e-03,-1.677538229090606153e-02
6.181875000000000009e-01,9.501813565807004994e-03,-1.596795491560167382e-02
6.181875000000000009e-01,9.697091725605748794e-03,-1.514663192383191963e-02
6.181875000000000009e-01,9.894293939528581855e-03,-1.431214319515990499e-02
6.181875000000000009e-01,1.009378243193646135e-02,-1.346522302885116290e-02
6.181875000000000009e-01,1.029592048974347328e-02,-1.260661083782680519e-02
6.181875000000000009e-01,1.050106957188735868e-02,-1.173705186044368687e-02
6.181875000000000009e-01,1.070958628431570997e-02,-1.085729786697924026e-02
6.181875000000000009e-01,1.092181924856123858e-02,-9.968107838193992001e-03
6.181875000000000009e-01,1.113810589435163673e-02,-9.070248594344593879e-03
6.181875000000000009e-01,1.135876920867937880e-02,-8.164495354503115143e-03
6.181875000000000009e-01,1.158411447529325913e-02,-7.251632207965340304e-03
6.181875000000000009e-01,1.181763167920227980e-02,-6.320416486586148686e-03
6.181875000000000009e-01,1.205722346587194231e-02,-5.365517606276248158e-03
6.181875000000000009e-01,1.229680204234553063e-02,-4.404873681521761890e-03
6.181875000000000009e-01,1.253644358212532492e-02,-3.439432624364793887e-03
6.181875000000000009e-01,1.277621089783466911e-02,-2.470148844583032553e-03
6.181875000000000009e-01,1.301615179539980342e-02,-1.497982240678460584e-03
6.181875000000000009e-01,1.325629759427339460e-02,-5.238971630310753497e-04
6.181875000000000009e-01,1.349666182936471587e-02,4.511386438170486264e-04
6.181875000000000009e-01,1.373723914763624876e-02,1.426155112527947594e-03
6.181875000000000009e-01,1.397800440949389586e-02,2.400180930689567536e-03
6.181875000000000009e-01,1.421891200218590445e-02,3.372244617705195957e-03
6.181875000000000009e-01,1.445989536948201308e-02,4.341375593946720547e-03
6.181875000000000009e-01,1.470086675897744333e-02,5.306605235722738900e-03
6.181875000000000009e-01,1.494171718550206182e-02,6.266967910225421969e-03
6.181875000000000009e-01,1.518231660635740304e-02,7.221501985374238763e-03
6.181875000000000009e-01,1.542251430149450993e-02,8.169250810349869968e-03
6.181875000000000009e-01,1.566213944932076663e-02,9.109263663584721282e-03
6.181875000000000009e-01,1.590100188661693406e-02,1.004059666602027945e-02
6.181875000000000009e-01,1.613889303908506989e-02,1.096231365852883520e-02
6.181875000000000009e-01,1.637558700735630701e-02,1.187348704349851930e-02
6.181875000000000009e-01,1.661084179188273419e-02,1.277319859166533775e-02
6.181875000000000009e-01,1.684440063903146559e-02,1.366054021631691630e-02
6.181875000000000009e-01,1.707599348989793236e-02,1.453461471795902508e-02
6.181875000000000009e-01,1.730533851286067404e-02,1.539453650340436019e-02
6.181875000000000009e-01,1.753214370070647551e-02,1.623943228398762664e-02
6.181875000000000009e-01,1.775610851325395978e-02,1.706844175821226398e-02
6.181875000000000009e-01,1.797692554678123264e-02,1.788071828457588053e-02
6.181875000000000009e-01,1.819428221220046465e-02,1.867542955058928630e-02
6.181875000000000009e-01,1.840786240479858060e-02,1.945175824409179841e-02
6.181875000000000009e-01,1.861734814945229313e-02,2.020890273286810729e-02
6.181875000000000009e-01,1.882242120650087086e-02,2.094607775829020191e-02
6.181875000000000009e-01,1.902276462489191008e-02,2.166251514824906951e-02
6.181875000000000009e-01,1.921806423077263362e-02,2.235746455401274591e-02
6.181875000000000009e-01,1.940801004135125907e-02,2.303019421486551116e-02
6.181875000000000009e-01,1.959229759556734007e-02,2.367999175346591212e-02
6.181875000000000009e-01,1.977062919485622974e-02,2.430616500382746722e-02
6.181875000000000009e-01,1.994271504903993159e-02,2.490804287270424397e-02
6.181875000000000009e-01,2.010827432409609608e-02,2.548497623397455447e-02
6.181875000000000009e-01,2.026703609022151992e-02,2.603633885439312484e-02
6.181875000000000009e-01,2.041874017019045667e-02,2.656152834785001013e-02
6.181875000000000009e-01,2.056313788948988669e-02,2.705996715406451189e-02
6.181875000000000009e-01,2.069999273107198112e-02,2.753110353648250547e-02
6.181875000000000009e-01,2.082908089878249963e-02,2.797441259306256839e-02
6.181875000000000009e-01,2.095019179458752767e-02,2.838939727265766752e-02
6.181875000000000009e-01,2.106312841561883836e-02,2.877558938884583820e-02
6.181875000000000009e-01,2.116770767778215767e-02,2.913255062235869941e-02
6.181875000000000009e-01,2.126376067321749525e-02,2.945987350271600871e-02
6.181875000000000009e-01,2.135113286926381207e-02,2.975718235931230568e-02
6.181875000000000009e-01,2.142968425676354538e-02,3.002413423202808518e-02
6.181875000000000009e-01,2.149928945554761828e-02,3.026041973145785977e-02
6.181875000000000009e-01,2.155983778477675583e-02,3.046576383906303420e-02
6.181875000000000009e-01,2.161123330548669896e-02,3.063992663796500857e-02
6.181875000000000009e-01,2.165339484220571778e-02,3.078270396568724004e-02
6.181875000000000009e-01,2.168625598989470243e-02,3.089392798092225126e-02
6.181875000000000009e-01,2.170976511171790468e-02,3.097346763732674452e-02
6.181875000000000009e-01,2.172388533230273228e-02,3.102122905841573491e-02
6.181875000000000009e-01,2.172859453020718756e-02,3.103715580881510547e-02
6.763750000000000595e-01,3.940299841203389469e-02,3.709581562379652558e-02
6.763750000000000595e-01,3.939056861283497801e-02,3.708030723452826471e-02
6.763750000000000595e-01,3.935330407264065605e-02,3.703378882486870610e-02
6.763750000000000595e-01,3.929127926831132295e-02,3.695628072308512757e-02
6.763750000000000595e-01,3.920461801104059563e-02,3.684781698820258078e-02
6.763750000000000595e-01,3.909349297418930613e-02,3.670844567488346089e-02
6.763750000000000595e-01,3.895812503859848869e-02,3.653822919833751154e-02
6.763750000000000595e-01,3.879878246162479782e-02,3.633724479347533176e-02
6.763750000000000595e-01,3.861577987778232190e-02,3.610558506105463611e-02
6.763750000000000595e-01,3.840947714040861966e-02,3.584335859224077603e-02
6.763750000000000595e-01,3.818027801518035502e-02,3.555069066183619286e-02
6.763750000000000595e-01,3.792862873756507047e-02,3.522772397944880923e-02
6.763750000000000595e-01,3.765501644739215059e-02,3.487461948708420884e-02
6.763750000000000595e-01,3.735996751464273902e-02,3.449155719107264984e-02
6.763750000000000595e-01,3.704404577128032894e-02,3.407873701589026610e-02
6.763750000000000595e-01,3.670785066446132644e-02,3.363637966730632228e-02
6.763750000000000595e-01,3.635201534676733848e-02,3.316472749238544987e-02
6.763750000000000595e-01,3.597720471918441215e-02,3.266404532418950429e-02
6.763750000000000595e-01,3.558411344241425162e-02,3.213462129954765961e-02
6.763750000000000595e-01,3.517346393174095726e-02,3.157676763898267097e-02
6.763750000000000595e-01,3.474600435009496391e-02,3.099082137877474941e-02
6.763750000000000595e-01,3.430250661316353034e-02,3.037714504619233938e-02
6.763750000000000595e-01,3.384376441940205316e-02,2.973612727009444096e-02
6.763750000000000595e-01,3.337059131661795908e-02,2.906818332038446293e-02
6.763750000000000595e-01,3.288381881544538698e-02,2.837375557114040978e-02
6.763750000000000595e-01,3.238429455852402661e-02,2.765331388362922069e-02
6.763750000000000595e-01,3.187288055256404240e-02,2.690735590680277955e-02
6.763750000000000595e-01,3.135045146874417682e-02,2.613640729423600054e-02
6.763750000000000595e-01,3.081789301508425921e-02,2.534102183777474371e-02
6.763750000000000595e-01,3.027610038258238268e-02,2.452178151938128048e-02
6.763750000000000595e-01,2.972597676504763059e-02,2.367929648377196244e-02
6.763750000000000595e-01,2.916843195072139211e-02,2.281420493541155142e-02
6.763750000000000595e-01,2.860438098200003207e-02,2.192717296423894735e-02
6.763750000000000595e-01,2.803474287788324318e-02,2.101889430513645060e-02
6.763750000000000595e-01,2.746043941220767393e-02,2.009009003660327045e-02
6.763750000000000595e-01,2.688239393931957794e-02,1.914150822434993252e-02
6.763750000000000595e-01,2.630153025762208344e-02,1.817392351558975300e-02
6.763750000000000595e-01,2.571877150043090296e-02,1.718813668966879052e-02
6.763750000000000595e-01,2.513503904281307044e-02,1.618497417035662939e-02
6.763750000000000595e-01,2.455125141258665891e-02,1.516528750462768291e-02
6.763750000000000595e-01,2.396832319344355255e-02,1.412995281211473601e-02
6.763750000000000595e-01,2.338716390823475724e-02,1.307987020863487192e-02
6.763750000000000595e-01,2.280867687083430045e-02,1.201596320629598827e-02
6.763750000000000595e-01,2.223375799567722799e-02,1.093917809172024330e-02
6.763750000000000595e-01,2.166329455504317075e-02,9.850483282896307230e-03
6.763750000000000595e-01,2.109816387542104432e-02,8.750868664128630750e-03
6.763750000000000595e-01,2.053923196582565364e-02,7.641344897520408255e-03
6.763750000000000595e-01,1.998735207272137743e-02,6.522942708438445383e-03
6.763750000000000595e-01,1.944336315821508510e-02,5.396712141495283062e-03
6.763750000000000595e-01,1.890808830037638694e-02,4.263721782773005967e-03
6.763750000000000595e-01,1.838233301689104135e-02,3.125057943331992476e-03
6.763750000000000595e-01,1.786688351571220912e-02,1.981823798517629368e-03
6.763750000000000595e-01,1.736250487889810096e-02,8.351384772182415123e-04
6.763750000000000595e-01,1.686993918836700301e-02,-3.138639049491283826e-04
6.763750000000000595e-01,1.638990360481251338e-02,-1.464035274531490672e-03
6.763750000000000595e-01,1.592308841345246168e-02,-2.614214697004610399e-03
6.763750000000000595e-01,1.547015505258633565e-02,-3.763229546794318037e-03
6.763750000000000595e-01,1.502671852506941991e-02,-4.928953813636987452e-03
6.763750000000000595e-01,1.460044128816011255e-02,-6.106421185276695793e-03
6.763750000000000595e-01,1.419669924272654385e-02,-7.281549552048845013e-03
6.763750000000000595e-01,1.381589194582174759e-02,-8.452884019451337161e-03
6.763750000000000595e-01,1.345835146325029437e-02,-9.618952740096019249e-03
6.763750000000000595e-01,1.312434129548757308e-02,-1.077827045670057965e-02
6.763750000000000595e-01,1.281405561951975275e-02,-1.192934222077649507e-02
6.763750000000000595e-01,1.252761887058111839e-02,-1.307066726147251140e-02
6.763750000000000595e-01,1.226508568501860977e-02,-1.420074297653932567e-02
6.763750000000000595e-01,1.202644122233112629e-02,-1.531806901538027531e-02
6.763750000000000595e-01,1.181160188087369313e-02,-1.642115142268752923e-02
6.763750000000000595e-01,1.162041641784695295e-02,-1.750850681026204503e-02
6.763750000000000595e-01,1.145266748008087407e-02,-1.857866652429118054e-02
6.763750000000000595e-01,1.130807354783642388e-02,-1.963018077560911567e-02
6.763750000000000595e-01,1.118629128946119905e-02,-2.066162270127534090e-02
6.763750000000000595e-01,1.108691832031221541e-02,-2.167159232714777756e-02
6.763750000000000595e-01,1.100949635496634854e-02,-2.265872040295878465e-02
6.763750000000000595e-01,1.095351473743762585e-02,-2.362167208367449076e-02
6.763750000000000595e-01,1.091841432996609393e-02,-2.455915043357332836e-02
6.763750000000000595e-01,1.090359173698682294e-02,-2.546989973245352215e-02
6.763750000000000595e-01,1.090840383717393142e-02,-2.635270856660421740e-02
6.763750000000000595e-01,1.093217259302289857e-02,-2.720641269057993625e-02
6.763750000000000595e-01,1.097419010431831959e-02,-2.802989764933158656e-02
6.763750000000000595e-01,1.103372386906100594e-02,-2.882210115379905610e-02
6.763750000000000595e-01,1.111002221302139284e-02,-2.958201520659176770e-02
6.763750000000000595e-01,1.120231984706224551e-02,-3.030868797780894228e-02
6.763750000000000595e-01,1.130984350974673786e-02,-3.100122543432048960e-02
6.763750000000000595e-01,1.143181765152643387e-02,-3.165879272888624113e-02
6.763750000000000595e-01,1.156747011599284364e-02,-3.228061535828585793e-02
6.763750000000000595e-01,1.171603777327777200e-02,-3.286598010212134907e-02
6.763750000000000595e-01,1.187677206069974283e-02,-3.341423575610144581e-02
6.763750000000000595e-01,1.204894438617182956e-02,-3.392479367539295854e-02
6.763750000000000595e-01,1.223185135070314206e-02,-3.439712814500698462e-02
6.763750000000000595e-01,1.242481974753133038e-02,-3.483077659516101154e-02
6.763750000000000595e-01,1.262721129700488699e-02,-3.522533968011606204e-02
6.763750000000000595e-01,1.283842707827674047e-02,-3.558048123912802702e-02
6.763750000000000595e-01,1.305791162115711376e-02,-3.589592815788313768e-02
6.763750000000000595e-01,1.328515662408530362e-02,-3.617147014812016614e-02
6.763750000000000595e-01,1.351970426709496811e-02,-3.640695946209709238e-02
6.763750000000000595e-01,1.376115009184259753e-02,-3.660231055716288429e-02
6.763750000000000595e-01,1.400914542421898695e-02,-3.675749972397664156e-02
6.763750000000000595e-01,1.426339931874157779e-02,-3.687256468991256114e-02
6.763750000000000595e-01,1.452368000780295508e-02,-3.694760420694149367e-02
6.763750000000000595e-01,1.478981584289766095e-02,-3.698277763083208936e-02
6.763750000000000595e-01,1.505822216638740864e-02,-3.697810628781312420e-02
6.763750000000000595e-01,1.532534898833833384e-02,-3.693366321019782988e-02
6.763750000000000595e-01,1.559112848348477923e-02,-3.684976277210623430e-02
6.763750000000000595e-01,1.585550132412658422e-02,-3.672676175671262672e-02
6.763750000000000595e-01,1.611841672574749681e-02,-3.656505843739264738e-02
6.763750000000000595e-01,1.637983264766170594e-02,-3.636509147036351419e-02
6.763750000000000595e-01,1.663971614103510605e-02,-3.612733860768627819e-02
6.763750000000000595e-01,1.689804383403785415e-02,-3.585231524251253354e-02
6.763750000000000595e-01,1.715480254143756517e-02,-3.554057280126319412e-02
6.763750000000000595e-01,1.740998998366177081e-02,-3.519269699997587542e-02
6.763750000000000595e-01,1.766361559826788025e-02,-3.480930598430834189e-02
6.763750000000000595e-01,1.791570142487965145e-02,-3.439104837459991404e-02
6.763750000000000595e-01,1.816628304300142716e-02,-3.393860123893739644e-02
6.763750000000000595e-01,1.841541054072325795e-02,-3.345266801832100928e-02
6.763750000000000595e-01,1.866314949119781547e-02,-3.293397642875600662e-02
6.763750000000000595e-01,1.890958191291881169e-02,-3.238327636539383575e-02
6.763750000000000595e-01,1.915480718927250331e-02,-3.180133783370441697e-02
6.763750000000000595e-01,1.939894292258039638e-02,-3.118894893207709018e-02
6.763750000000000595e-01,1.964212569791009069e-02,-3.054691390922906202e-02
6.763750000000000595e-01,1.988451173231008118e-02,-2.987605131835967265e-02
6.763750000000000595e-01,2.012627738582607392e-02,-2.917719228814841595e-02
6.763750000000000595e-01,2.036761951168390358e-02,-2.845117892848193775e-02
6.763750000000000595e-01,2.060875562437590458e-02,-2.769886288624677853e-02
6.763750000000000595e-01,2.084992386605978576e-02,-2.692110406368187700e-02
6.763750000000000595e-01,2.109138275366504583e-02,-2.611876950869848266e-02
6.763750000000000595e-01,2.133341069139128160e-02,-2.529273248329808044e-02
6.763750000000000595e-01,2.157630523586053992e-02,-2.444387171281425450e-02
6.763750000000000595e-01,2.182038210403479395e-02,-2.357307081523429132e-02
6.763750000000000595e-01,2.206597391710564404e-02,-2.268121790639175336e-02
6.763750000000000595e-01,2.231342867687935785e-02,-2.176920537343048079e-02
6.763750000000000595e-01,2.256310797468306581e-02,-2.083792980569663250e-02
6.763750000000000595e-01,2.281538493646888960e-02,-1.988829206918871564e-02
6.763750000000000595e-01,2.307064191154845761e-02,-1.892119750795426963e-02
6.763750000000000595e-01,2.332926791620135165e-02,-1.793755625343096752e-02
6.763750000000000595e-01,2.359165584721329215e-02,-1.693828362074728533e-02
6.763750000000000595e-01,2.385819948415472680e-02,-1.592430056947466074e-02
6.763750000000000595e-01,2.412929030284545820e-02,-1.489653420529946440e-02
6.763750000000000595e-01,2.440531412590059290e-02,-1.385591829858975541e-02
6.763750000000000595e-01,2.468664763945120633e-02,-1.280339379588459232e-02
6.763750000000000595e-01,2.497365480801286286e-02,-1.173990930093648383e-02
6.763750000000000595e-01,2.526668322197243507e-02,-1.066642150307755416e-02
6.763750000000000595e-01,2.556606041421754377e-02,-9.583895532331694611e-03
6.763750000000000595e-01,2.587209018398918189e-02,-8.493305222815031655e-03
6.763750000000000595e-01,2.618884108063722696e-02,-7.382610591671831708e-03
6.763750000000000595e-01,2.651371799072891125e-02,-6.245901813376433798e-03
6.763750000000000595e-01,2.683943376910648271e-02,-5.102592394130901939e-03
6.763750000000000595e-01,2.716601342004293027e-02,-3.953821992044372589e-03
6.763750000000000595e-01,2.749346511849891025e-02,-2.800736675401276424e-03
6.763750000000000595e-01,2.782177846224410250e-02,-1.644487665093418739e-03
6.763750000000000595e-01,2.815092291320919413e-02,-4.862300540771807063e-04
6.763750000000000595e-01,2.848084644492505577e-02,6.728784879862744536e-04
6.763750000000000595e-01,2.881147440992724504e-02,1.831679016564173763e-03
6.763750000000000595e-01,2.914270863789200638e-02,2.989012612227137135e-03
6.763750000000000595e-01,2.947442677207715023e-02,4.143721670647293291e-03
6.763750000000000595e-01,2.980648184841929935e-02,5.294651174906564971e-03
6.763750000000000595e-01,3.013870211844064950e-02,6.440649942994057520e-03
6.763750000000000595e-01,3.047089111399305106e-02,7.580571844132296538e-03
6.763750000000000595e-01,3.080282794886232342e-02,8.713276978483706220e-03
6.763750000000000595e-01,3.113426784941591627e-02,9.837632815827453137e-03
6.763750000000000595e-01,3.146494290384149739e-02,1.095251528993598268e-02
6.763750000000000595e-01,3.179456301712853261e-02,1.205680984659033249e-02
6.763750000000000595e-01,3.212281705681899191e-02,1.314941244442268883e-02
6.763750000000000595e-01,3.244937417272137498e-02,1.422923050903119116e-02
6.763750000000000595e-01,3.277388527226243742e-02,1.529518384204181340e-02
6.763750000000000595e-01,3.309598463195607271e-02,1.634620548796502509e-02
6.763750000000000595e-01,3.341529162460396551e-02,1.738124256277790228e-02
6.763750000000000595e-01,3.373141254130992278e-02,1.839925704912874493e-02
6.763750000000000595e-01,3.404394248718171923e-02,1.939922656388446548e-02
6.763750000000000595e-01,3.435246732970212435e-02,2.038014510439889113e-02
6.763750000000000595e-01,3.465656567915773034e-02,2.134102378035648839e-02
6.763750000000000595e-01,3.495581088120024160e-02,2.228089153832476729e-02
6.763750000000000595e-01,3.524977300255671686e-02,2.319879588622440411e-02
6.763750000000000595e-01,3.553802079207549897e-02,2.409380362479397394e-02
6.763750000000000595e-01,3.582012360066258450e-02,2.496500159278748632e-02
6.763750000000000595e-01,3.609565324519894980e-02,2.581149743210670727e-02
6.763750000000000595e-01,3.636418580319781407e-02,2.663242037834563300e-02
6.763750000000000595e-01,3.662530332673022415e-02,2.742692208133010179e-02
6.763750000000000595e-01,3.687859546598201699e-02,2.819417745919052323e-02
6.763750000000000595e-01,3.712366099467341585e-02,2.893338558833388405e-02
6.763750000000000595e-01,3.736010923144095219e-02,2.964377063041165675e-02
6.763750000000000595e-01,3.758756135311994151e-02,3.032458279603909845e-02
6.763750000000000595e-01,3.780565159764541494e-02,3.097509934364379644e-02
6.763750000000000595e-01,3.801402835598335223e-02,3.159462561043562684e-02
6.763750000000000595e-01,3.821235515408934191e-02,3.218249607113084221e-02
6.763750000000000595e-01,3.840031152734636744e-02,3.273807541876158633e-02
6.763750000000000595e-01,3.857759379123971294e-02,3.326075966068742229e-02
6.763750000000000595e-01,3.874391571317077620e-02,3.374997722182782739e-02
6.763750000000000595e-01,3.889900909127971124e-02,3.420519004617882108e-02
6.763750000000000595e-01,3.904262424693275002e-02,3.462589468688554578e-02
6.763750000000000595e-01,3.917453043812711699e-02,3.501162337453567891e-02
6.763750000000000595e-01,3.929451620147349222e-02,3.536194505292988843e-02
6.763750000000000595e-01,3.940238963063356914e-02,3.567646637138664062e-02
6.763750000000000595e-01,3.949797859912216463e-02,3.595483262265479485e-02
6.763750000000000595e-01,3.958113093523705356e-02,3.619672861574119854e-02
6.763750000000000595e-01,3.965171455656271715e-02,3.640187947340690899e-02
6.763750000000000595e-01,3.970961757101985207e-02,3.657005134473831354e-02
6.763750000000000595e-01,3.975474835081259373e-02,3.670105202404481265e-02
6.763750000000000595e-01,3.978703558487726305e-02,3.679473146835755826e-02
6.763750000000000595e-01,3.980642831457487096e-02,3.685098220698178328e-02
6.763750000000000595e-01,3.981289595641564205e-02,3.686973963786764619e-02
7.345625000000000071e-01,6.055982172559517401e-02,4.294150717248868682e-02
7.345625000000000071e-01,6.054520620065952097e-02,4.292355948564158252e-02
7.345625000000000071e-01,6.050138791612008626e-02,4.286972452777488424e-02
7.345625000000000071e-01,6.042845163836143424e-02,4.278002666555871109e-02
7.345625000000000071e-01,6.032653829759655056e-02,4.265450670466504335e-02
7.345625000000000071e-01,6.019584447059204979e-02,4.249322217835608401e-02
7.345625000000000071e-01,6.003662166317266791e-02,4.229624774508168594e-02
7.345625000000000071e-01,5.984917539908900241e-02,4.206367568880391150e-02
7.345625000000000071e-01,5.963386412356521532e-02,4.179561651417537660e-02
7.345625000000000071e-01,5.939109793146650496e-02,4.149219962725231303e-02
7.345625000000000071e-01,5.912133713151788983e-02,4.115357409115089765e-02
7.345625000000000071e-01,5.882509065934683756e-02,4.077990944497884157e-02
7.345625000000000071e-01,5.850291435329196821e-02,4.037139657351072192e-02
7.345625000000000071e-01,5.815540910790420459e-02,3.992824861444133067e-02
7.345625000000000071e-01,5.778321892084833239e-02,3.945070188965489610e-02
7.345625000000000071e-01,5.738702884948269911e-02,3.893901684679352410e-02
7.345625000000000071e-01,5.696756289374099724e-02,3.839347899749619847e-02
7.345625000000000071e-01,5.652558182205796172e-02,3.781439983900376084e-02
7.345625000000000071e-01,5.606188095696681972e-02,3.720211774637507268e-02
7.345625000000000071e-01,5.557728793664994116e-02,3.655699882332120315e-02
7.345625000000000071e-01,5.507266046814902893e-02,3.587943770061564897e-02
7.345625000000000071e-01,5.454888408714446413e-02,3.516985827215923788e-02
7.345625000000000071e-01,5.400686993820437432e-02,3.442871436003840102e-02
7.345625000000000071e-01,5.344755258819808286e-02,3.365649030128721464e-02
7.345625000000000071e-01,5.287188788418101248e-02,3.285370145051431240e-02
7.345625000000000071e-01,5.228085086551106930e-02,3.202089459405065008e-02
7.345625000000000071e-01,5.167543373827362257e-02,3.115864827278221061e-02
7.345625000000000071e-01,5.105664391829797810e-02,3.026757301231416605e-02
7.345625000000000071e-01,5.042550214717606699e-02,2.934831146054142290e-02
7.345625000000000071e-01,4.978304068377049918e-02,2.840153843403889905e-02
7.345625000000000071e-01,4.913030157176203477e-02,2.742796087590664705e-02
7.345625000000000071e-01,4.846833498186745720e-02,2.642831772878255492e-02
7.345625000000000071e-01,4.779819762549456647e-02,2.540337972764629415e-02
7.345625000000000071e-01,4.712095123482774178e-02,2.435394911776494337e-02
7.345625000000000071e-01,4.643766110268858494e-02,2.328085930365782208e-02
7.345625000000000071e-01,4.574939467402772131e-02,2.218497443527910062e-02
7.345625000000000071e-01,4.505722017960740733e-02,2.106718893772739284e-02
7.345625000000000071e-01,4.436220530135902979e-02,1.992842699069266588e-02
7.345625000000000071e-01,4.366541585807375697e-02,1.876964196355277587e-02
7.345625000000000071e-01,4.296791449952933745e-02,1.759181581154414808e-02
7.345625000000000071e-01,4.227075939689101114e-02,1.639595843777271952e-02
7.345625000000000071e-01,4.157500291726339697e-02,1.518310702502480986e-02
7.345625000000000071e-01,4.088169027062021205e-02,1.395432534040578695e-02
7.345625000000000071e-01,4.019185811800370101e-02,1.271070301481021410e-02
7.345625000000000071e-01,3.950653313086065210e-02,1.145335479813822978e-02
7.345625000000000071e-01,3.882673049265816106e-02,1.018341979005511766e-02
7.345625000000000071e-01,3.815345233548341625e-02,8.902060644976096671e-03
7.345625000000000071e-01,3.748768610615532682e-02,7.610462748881381516e-03
7.345625000000000071e-01,3.683040285843466877e-02,6.309833364559692265e-03
7.345625000000000071e-01,3.618255547017903279e-02,5.001400740972048939e-03
7.345625000000000071e-01,3.554507678671181559e-02,3.686413181651381800e-03
7.345625000000000071e-01,3.491887769421668508e-02,2.366138066429814175e-03
7.345625000000000071e-01,3.430484512958573151e-02,1.041860820337652763e-03
7.345625000000000071e-01,3.370384003578882903e-02,-2.851161767404132921e-04
7.345625000000000071e-01,3.311669527444586342e-02,-1.613474746122421383e-03
7.345625000000000071e-01,3.254421350981689942e-02,-2.941882138419836187e-03
7.345625000000000071e-01,3.198716508082861260e-02,-4.268992339623859517e-03
7.345625000000000071e-01,3.144065075818820720e-02,-5.613215649732643947e-03
7.345625000000000071e-01,3.091335885932931099e-02,-6.969632871147957501e-03
7.345625000000000071e-01,3.041136837967428966e-02,-8.323589554607935259e-03
7.345625000000000071e-01,2.993515437417034603e-02,-9.673432317765174454e-03
7.345625000000000071e-01,2.948511695404908498e-02,-1.101748779735844605e-02
7.345625000000000071e-01,2.906158017974773411e-02,-1.235406648387754082e-02
7.345625000000000071e-01,2.866479129359175010e-02,-1.368146675329770696e-02
7.345625000000000071e-01,2.829492031753099920e-02,-1.499797907007859553e-02
7.345625000000000071e-01,2.795206003843202919e-02,-1.630189033290160849e-02
7.345625000000000071e-01,2.763622640016608761e-02,-1.759148833238726936e-02
7.345625000000000071e-01,2.734735931805647516e-02,-1.886506628833797133e-02
7.345625000000000071e-01,2.708532392722270282e-02,-2.012092743292507452e-02
7.345625000000000071e-01,2.684991227205472258e-02,-2.135738960570069886e-02
7.345625000000000071e-01,2.664084543953862058e-02,-2.257278982636560724e-02
7.345625000000000071e-01,2.645777613451043286e-02,-2.376548881185441137e-02
7.345625000000000071e-01,2.630029169020791854e-02,-2.493387540548162862e-02
7.345625000000000071e-01,2.616791750279219564e-02,-2.607637088759017299e-02
7.345625000000000071e-01,2.606012087388739212e-02,-2.719143313930836442e-02
7.345625000000000071e-01,2.597631524069912712e-02,-2.827756063359799371e-02
7.345625000000000071e-01,2.591586476897775326e-02,-2.933329623069800413e-02
7.345625000000000071e-01,2.587808928004118464e-02,-3.035723075826991108e-02
7.345625000000000071e-01,2.586226947930906142e-02,-3.134800635995921292e-02
7.345625000000000071e-01,2.586765245036470873e-02,-3.230431959962892785e-02
7.345625000000000071e-01,2.589345737548657406e-02,-3.322492431212478725e-02
7.345625000000000071e-01,2.593888144090424064e-02,-3.410863419502533495e-02
7.345625000000000071e-01,2.600310588275811519e-02,-3.495432513934547403e-02
7.345625000000000071e-01,2.608530212789320069e-02,-3.576093730053687969e-02
7.345625000000000071e-01,2.618463798220905039e-02,-3.652747691430233146e-02
7.345625000000000071e-01,2.630028381832720877e-02,-3.725301786466220927e-02
7.345625000000000071e-01,2.643141871382883451e-02,-3.793670301433307163e-02
7.345625000000000071e-01,2.657723649125849283e-02,-3.857774530976114391e-02
7.345625000000000071e-01,2.673695161148156862e-02,-3.917542867506582788e-02
7.345625000000000071e-01,2.690980487281600594e-02,-3.972910871066533817e-02
7.345625000000000071e-01,2.709506886962372713e-02,-4.023821321346120194e-02
7.345625000000000071e-01,2.729205316573002360e-02,-4.070224253614187354e-02
7.345625000000000071e-01,2.750010914012484750e-02,-4.112076980342531385e-02
7.345625000000000071e-01,2.771863446486923926e-02,-4.149344100290269094e-02
7.345625000000000071e-01,2.794707717796206942e-02,-4.181997496758171895e-02
7.345625000000000071e-01,2.818493931709298989e-02,-4.210016326627916139e-02
7.345625000000000071e-01,2.843178008369084964e-02,-4.233387001670191330e-02
7.345625000000000071e-01,2.868721851044465573e-02,-4.252103163441724176e-02
7.345625000000000071e-01,2.895093560949581549e-02,-4.266165652898198241e-02
7.345625000000000071e-01,2.922267598274357406e-02,-4.275582475631879015e-02
7.345625000000000071e-01,2.950224888013673261e-02,-4.280368763404197169e-02
7.345625000000000071e-01,2.978588189426049915e-02,-4.280514795235752790e-02
7.345625000000000071e-01,3.006984072006236436e-02,-4.276016968820055969e-02
7.345625000000000071e-01,3.035404871078972722e-02,-4.266908759823966057e-02
7.345625000000000071e-01,3.063843996206904591e-02,-4.253228706673706921e-02
7.345625000000000071e-01,3.092295935553775882e-02,-4.235020311700418011e-02
7.345625000000000071e-01,3.120756275460575407e-02,-4.212331922086739316e-02
7.345625000000000071e-01,3.149221734417007729e-02,-4.185216591534328401e-02
7.345625000000000071e-01,3.177690210333504461e-02,-4.153731923880624177e-02
7.345625000000000071e-01,3.206160839757533909e-02,-4.117939900179928836e-02
7.345625000000000071e-01,3.234634067434979943e-02,-4.077906691024199559e-02
7.345625000000000071e-01,3.263111724395407337e-02,-4.033702456108428230e-02
7.345625000000000071e-01,3.291597112541574943e-02,-3.985401133240148303e-02
7.345625000000000071e-01,3.320095093550776144e-02,-3.933080219149162615e-02
7.345625000000000071e-01,3.348612179750575651e-02,-3.876820544569146293e-02
7.345625000000000071e-01,3.377156624516013811e-02,-3.816706046135331931e-02
7.345625000000000071e-01,3.405738509651055901e-02,-3.752823537670418180e-02
7.345625000000000071e-01,3.434369827165251188e-02,-3.685262483413612178e-02
7.345625000000000071e-01,3.463064552838424764e-02,-3.614114775685110803e-02
7.345625000000000071e-01,3.491838708982573924e-02,-3.539474519371302308e-02
7.345625000000000071e-01,3.520710413861641297e-02,-3.461437825465918383e-02
7.345625000000000071e-01,3.549699915316729265e-02,-3.380102615711726849e-02
7.345625000000000071e-01,3.578829606266714647e-02,-3.295568440159050289e-02
7.345625000000000071e-01,3.608124019911747304e-02,-3.207936309195427022e-02
7.345625000000000071e-01,3.637609802659184932e-02,-3.117308541309463110e-02
7.345625000000000071e-01,3.667315663017089306e-02,-3.023788627536664816e-02
7.345625000000000071e-01,3.697272294958074690e-02,-2.927481113201542764e-02
7.345625000000000071e-01,3.727512274544259041e-02,-2.828491497224878970e-02
7.345625000000000071e-01,3.758069928919936797e-02,-2.726926148914511280e-02
7.345625000000000071e-01,3.788981177119669919e-02,-2.622892241809383213e-02
7.345625000000000071e-01,3.820283342502386881e-02,-2.516497703807200545e-02
7.345625000000000071e-01,3.852014937002948280e-02,-2.407851182483130778e-02
7.345625000000000071e-01,3.884215417787124230e-02,-2.297062024207792083e-02
7.345625000000000071e-01,3.916924917298984093e-02,-2.184240265404165451e-02
7.345625000000000071e-01,3.950183948095983832e-02,-2.069496634051424047e-02
7.345625000000000071e-01,3.984033084270453134e-02,-1.952942559354862648e-02
7.345625000000000071e-01,4.018512621650493361e-02,-1.834690187359831748e-02
7.345625000000000071e-01,4.053662219351762686e-02,-1.714852400197882515e-02
7.345625000000000071e-01,4.089520525607331924e-02,-1.593542836617745442e-02
7.345625000000000071e-01,4.126124791128889246e-02,-1.470875911473642529e-02
7.345625000000000071e-01,4.163510473542102186e-02,-1.346966831918724496e-02
7.345625000000000071e-01,4.201710836685516176e-02,-1.221931608180356656e-02
7.345625000000000071e-01,4.240756548759781058e-02,-1.095887056973606118e-02
7.345625000000000071e-01,4.280675283457045094e-02,-9.689507958347059677e-03
7.345625000000000071e-01,4.321916804301240839e-02,-8.398921290917227972e-03
7.345625000000000071e-01,4.364170603264140580e-02,-7.080826474040007035e-03
7.345625000000000071e-01,4.406606551654631415e-02,-5.755354073881848408e-03
7.345625000000000071e-01,4.449219930057011357e-02,-4.423837900287662037e-03
7.345625000000000071e-01,4.492004003980022003e-02,-3.087617691209990252e-03
7.345625000000000071e-01,4.534949845623933995e-02,-1.748037593864405813e-03
7.345625000000000071e-01,4.578046176499061398e-02,-4.064446309601313107e-04
7.345625000000000071e-01,4.621279232649208590e-02,9.358128387755577492e-04
7.345625000000000071e-01,4.664632653915907340e-02,2.277386656479899688e-03
7.345625000000000071e-01,4.708087398348222846e-02,3.616930386274743066e-03
7.345625000000000071e-01,4.751621682523846785e-02,4.953100816796191658e-03
7.345625000000000071e-01,4.795210948205687329e-02,6.284559432849231610e-03
7.345625000000000071e-01,4.838827855419627899e-02,7.609973849638522643e-03
7.345625000000000071e-01,4.882442301708814908e-02,8.928019202936328044e-03
7.345625000000000071e-01,4.926021467002676679e-02,1.023737948961061031e-02
7.345625000000000071e-01,4.969529883239431900e-02,1.153674885412480332e-02
7.345625000000000071e-01,5.012929527603361690e-02,1.282483281790794405e-02
7.345625000000000071e-01,5.056179937986043232e-02,1.410034944984447751e-02
7.345625000000000071e-01,5.099238349057361869e-02,1.536203047751734038e-02
7.345625000000000071e-01,5.142059847139743983e-02,1.660862234021863795e-02
7.345625000000000071e-01,5.184597541919613167e-02,1.783888718608443377e-02
7.345625000000000071e-01,5.226802752904837618e-02,1.905160381698245767e-02
7.345625000000000071e-01,5.268625208446353625e-02,2.024556858594814268e-02
7.345625000000000071e-01,5.310013255086412642e-02,2.141959625299860032e-02
7.345625000000000071e-01,5.350914074974158496e-02,2.257252080602760100e-02
7.345625000000000071e-01,5.391273909100537109e-02,2.370319625417496856e-02
7.345625000000000071e-01,5.431038284147070988e-02,2.481049740155464103e-02
7.345625000000000071e-01,5.470152240814687289e-02,2.589332060950035042e-02
7.345625000000000071e-01,5.508560561597108246e-02,2.695058455554220564e-02
7.345625000000000071e-01,5.546207996085364411e-02,2.798123099715685638e-02
7.345625000000000071e-01,5.583039482032663842e-02,2.898422554794003250e-02
7.345625000000000071e-01,5.619000360568909835e-02,2.995855847324529336e-02
7.345625000000000071e-01,5.654036584128006165e-02,3.090324551152494326e-02
7.345625000000000071e-01,5.688094915835387871e-02,3.181732872662075551e-02
7.345625000000000071e-01,5.721123119294277415e-02,3.269987739510377828e-02
7.345625000000000071e-01,5.753070137903716630e-02,3.354998893147897315e-02
7.345625000000000071e-01,5.783886263035978303e-02,3.436678985268555586e-02
7.345625000000000071e-01,5.813523290592403914e-02,3.514943678186311510e-02
7.345625000000000071e-01,5.841934665642160157e-02,3.589711748985646711e-02
7.345625000000000071e-01,5.869075615024920561e-02,3.660905197142898249e-02
7.345625000000000071e-01,5.894903267963857996e-02,3.728449355168037688e-02
7.345625000000000071e-01,5.919376764887235992e-02,3.792273001675619537e-02
7.345625000000000071e-01,5.942457354793553165e-02,3.852308476162143169e-02
7.345625000000000071e-01,5.964108481615131713e-02,3.908491794648413092e-02
7.345625000000000071e-01,5.984295860136977507e-02,3.960762765241977734e-02
7.345625000000000071e-01,6.002987542110950481e-02,4.009065102589196017e-02
7.345625000000000071e-01,6.020153973269153080e-02,4.053346540120534441e-02
7.345625000000000071e-01,6.035768041984810456e-02,4.093558938948271830e-02
7.345625000000000071e-01,6.049805120353922427e-02,4.129658392253710703e-02
7.345625000000000071e-01,6.062243098476955555e-02,4.161605324002115580e-02
7.345625000000000071e-01,6.073062412707595087e-02,4.189364580847882574e-02
7.345625000000000071e-01,6.082246068605916267e-02,4.212905516139619361e-02
7.345625000000000071e-01,6.089779659287541946e-02,4.232202065003980163e-02
7.345625000000000071e-01,6.095651379799792852e-02,4.247232809576920176e-02
7.345625000000000071e-01,6.099852038082066025e-02,4.257981033559765649e-02
7.345625000000000071e-01,6.102375062982448584e-02,4.264434765402901062e-02
7.345625000000000071e-01,6.103216509707827531e-02,4.266586809559524962e-02
7.927500000000000657e-01,8.479823652627274666e-02,4.914138286678419038e-02
7.927500000000000657e-01,8.478125617578863293e-02,4.912081864880887827e-02
7.927500000000000657e-01,8.473034692671327361e-02,4.905913567270276526e-02
7.927500000000000657e-01,8.464560407312921031e-02,4.895636303453692467e-02
7.927500000000000657e-01,8.452718606268710966e-02,4.881254943547486819e-02
7.927500000000000657e-01,8.437531393639007005e-02,4.862776348988131353e-02
7.927500000000000657e-01,8.419027055127452364e-02,4.840209414982277192e-02
7.927500000000000657e-01,8.397239959286274813e-02,4.813565123925999528e-02
7.927500000000000657e-01,8.372210438607430305e-02,4.782856608953300892e-02
7.927500000000000657e-01,8.343984651498279059e-02,4.748099226619272722e-02
7.927500000000000657e-01,8.312614426336983886e-02,4.709310637587060117e-02
7.927500000000000657e-01,8.278157088943767505e-02,4.666510894071961013e-02
7.927500000000000657e-01,8.240675274927591887e-02,4.619722532702977974e-02
7.927500000000000657e-01,8.200236728472223846e-02,4.568970671393050853e-02
7.927500000000000657e-01,8.156914089209080232e-02,4.514283108765476671e-02
7.927500000000000657e-01,8.110784668886086846e-02,4.455690424665743193e-02
7.927500000000000657e-01,8.061930219580422385e-02,4.393226080295589697e-02
7.927500000000000657e-01,8.010436695218295378e-02,4.326926516538574796e-02
7.927500000000000657e-01,7.956394008156132680e-02,4.256831249103040088e-02
7.927500000000000657e-01,7.899895782544921752e-02,4.182982959187497851e-02
7.927500000000000657e-01,7.841039106143067594e-02,4.105427578472832517e-02
7.927500000000000657e-01,7.779924282163884486e-02,4.024214367363380257e-02
7.927500000000000657e-01,7.716654582642573645e-02,3.939395985531553290e-02
7.927500000000000657e-01,7.651336004685754810e-02,3.851028553965587381e-02
7.927500000000000657e-01,7.584077030826041899e-02,3.759171707873546625e-02
7.927500000000000657e-01,7.514988394546730233e-02,3.663888639955533572e-02
7.927500000000000657e-01,7.444182851870133344e-02,3.565246133716612476e-02
7.927500000000000657e-01,7.371774959719673559e-02,3.463314586651439209e-02
7.927500000000000657e-01,7.297880861574077005e-02,3.358168023284768822e-02
7.927500000000000657e-01,7.222618080734596879e-02,3.249884098196293564e-02
7.927500000000000657e-01,7.146105321326916282e-02,3.138544089290637440e-02
7.927500000000000657e-01,7.068462276961626212e-02,3.024232881691033686e-02
7.927500000000000657e-01,6.989809446784535363e-02,2.907038942735648557e-02
7.927500000000000657e-01,6.910267958464409721e-02,2.787054288636927474e-02
7.927500000000000657e-01,6.829959397494400619e-02,2.664374443424932098e-02
7.927500000000000657e-01,6.749005642028169105e-02,2.539098390834665028e-02
7.927500000000000657e-01,6.667528702335839830e-02,2.411328519814340959e-02
7.927500000000000657e-01,6.585650563851259964e-02,2.281170564326328101e-02
7.927500000000000657e-01,6.503493032693867526e-02,2.148733538086164060e-02
7.927500000000000657e-01,6.421177582487665181e-02,2.014129664838412367e-02
7.927500000000000657e-01,6.338825201268660781e-02,1.877474304703100061e-02
7.927500000000000657e-01,6.256556237271999887e-02,1.738885877045317704e-02
7.927500000000000657e-01,6.174490242421719344e-02,1.598485780225547548e-02
7.927500000000000657e-01,6.092745812410078898e-02,1.456398308482750870e-02
7.927500000000000657e-01,6.011440422349273449e-02,1.312750566089029326e-02
7.927500000000000657e-01,5.930690257105245000e-02,1.167672378797433852e-02
7.927500000000000657e-01,5.850610035579605073e-02,1.021296202486582892e-02
7.927500000000000657e-01,5.771312828389152383e-02,8.737570287906802624e-03
7.927500000000000657e-01,5.692909868600427858e-02,7.251922873948161291e-03
7.927500000000000657e-01,5.615510355405620851e-02,5.757417445761631516e-03
7.927500000000000657e-01,5.539221250872226193e-02,4.255473974850699365e-03
7.927500000000000657e-01,5.464147070157623909e-02,2.747533635884912787e-03
7.927500000000000657e-01,5.390389665846618411e-02,1.235057646442597711e-03
7.927500000000000657e-01,5.318048007339733901e-02,-2.804739546014992438e-04
7.927500000000000657e-01,5.247217956487623680e-02,-1.797563596848415594e-03
7.927500000000000657e-01,5.177992040926840400e-02,-3.314697543041415784e-03
7.927500000000000657e-01,5.110459226819145939e-02,-4.830347335074375824e-03
7.927500000000000657e-01,5.044092059389666816e-02,-6.363005747631842422e-03
7.927500000000000657e-01,4.979853998450625013e-02,-7.907947195876053464e-03
7.927500000000000657e-01,4.918414131880069484e-02,-9.450252876538202396e-03
7.927500000000000657e-01,4.859828658493736686e-02,-1.098806630770721854e-02
7.927500000000000657e-01,4.804145602725783809e-02,-1.251950810526551716e-02
7.927500000000000657e-01,4.751404701831292432e-02,-1.404268006235842754e-02
7.927500000000000657e-01,4.701637328840512636e-02,-1.555566944523588749e-02
7.927500000000000657e-01,4.654866453885176530e-02,-1.705655348027912410e-02
7.927500000000000657e-01,4.611106646243980783e-02,-1.854340400411463863e-02
7.927500000000000657e-01,4.570364119130575220e-02,-2.001429224627155473e-02
7.927500000000000657e-01,4.532636818878699181e-02,-2.146729371190694846e-02
7.927500000000000657e-01,4.497914559771623577e-02,-2.290049313074727505e-02
7.927500000000000657e-01,4.466179205323778795e-02,-2.431198943759552145e-02
7.927500000000000657e-01,4.437404896358589090e-02,-2.569990074954200260e-02
7.927500000000000657e-01,4.411558325745473103e-02,-2.706236930538600399e-02
7.927500000000000657e-01,4.388599059168309113e-02,-2.839756633370554145e-02
7.927500000000000657e-01,4.368479900804576183e-02,-2.970369681747189738e-02
7.927500000000000657e-01,4.351147302306059006e-02,-3.097900412504999215e-02
7.927500000000000657e-01,4.336541812995059475e-02,-3.222177447980265064e-02
7.927500000000000657e-01,4.324598568730711468e-02,-3.343034124326678402e-02
7.927500000000000657e-01,4.315247816463949060e-02,-3.460308898992454918e-02
7.927500000000000657e-01,4.308415471092121724e-02,-3.573845735488422048e-02
7.927500000000000657e-01,4.304023700849572698e-02,-3.683494463924083528e-02
7.927500000000000657e-01,4.301991537132845295e-02,-3.789111116143211583e-02
7.927500000000000657e-01,4.302235504361696244e-02,-3.890558234647138042e-02
7.927500000000000657e-01,4.304670265222772241e-02,-3.987705154845310601e-02
7.927500000000000657e-01,4.309209276433663416e-02,-4.080428260512734134e-02
7.927500000000000657e-01,4.315765450002947978e-02,-4.168611212656129356e-02
7.927500000000000657e-01,4.324251814847852871e-02,-4.252145152289826813e-02
7.927500000000000657e-01,4.334582173566055990e-02,-4.330928877893411300e-02
7.927500000000000657e-01,4.346671749142201613e-02,-4.404868998561980997e-02
7.927500000000000657e-01,4.360437816402652073e-02,-4.473880064062898260e-02
7.927500000000000657e-01,4.375800313113387824e-02,-4.537884673177602218e-02
7.927500000000000657e-01,4.392682425744750402e-02,-4.596813561831287337e-02
7.927500000000000657e-01,4.411011145101613462e-02,-4.650605672596053175e-02
7.927500000000000657e-01,4.430717787236856248e-02,-4.699208207194033315e-02
7.927500000000000657e-01,4.451738475327780831e-02,-4.742576663626390382e-02
7.927500000000000657e-01,4.474014578496881417e-02,-4.780674859513156516e-02
7.927500000000000657e-01,4.497493103897737265e-02,-4.813474943149353286e-02
7.927500000000000657e-01,4.522127038760627438e-02,-4.840957393667272290e-02
7.927500000000000657e-01,4.547875639497803157e-02,-4.863111011546281809e-02
7.927500000000000657e-01,4.574704665401654879e-02,-4.879932900533652529e-02
7.927500000000000657e-01,4.602586554926693663e-02,-4.891428441836952190e-02
7.927500000000000657e-01,4.631500543024570649e-02,-4.897611261225003759e-02
7.927500000000000657e-01,4.661055664733644577e-02,-4.898457858354447747e-02
7.927500000000000657e-01,4.690865025095861118e-02,-4.893951859616132993e-02
7.927500000000000657e-01,4.720920046497505129e-02,-4.884128256605627105e-02
7.927500000000000657e-01,4.751213404625982684e-02,-4.869027992365312224e-02
7.927500000000000657e-01,4.781739033401527506e-02,-4.848697856821632124e-02
7.927500000000000657e-01,4.812492144561101443e-02,-4.823190360949565492e-02
7.927500000000000657e-01,4.843469261027006506e-02,-4.792563590601296025e-02
7.927500000000000657e-01,4.874668262899428672e-02,-4.756881041243399971e-02
7.927500000000000657e-01,4.906088444635940682e-02,-4.716211435132307978e-02
7.927500000000000657e-01,4.937730581725142953e-02,-4.670628522716369080e-02
7.927500000000000657e-01,4.969597004928832940e-02,-4.620210870280109378e-02
7.927500000000000657e-01,5.001691679960264952e-02,-4.565041636038395106e-02
7.927500000000000657e-01,5.034020290287583022e-02,-4.505208337041575334e-02
7.927500000000000657e-01,5.066590320603597125e-02,-4.440802609364823128e-02
7.927500000000000657e-01,5.099411138387877768e-02,-4.371919964123541918e-02
7.927500000000000657e-01,5.132494070906211403e-02,-4.298659541880481966e-02
7.927500000000000657e-01,5.165852474947359163e-02,-4.221123867988771372e-02
7.927500000000000657e-01,5.199501796588922725e-02,-4.139418611348093940e-02
7.927500000000000657e-01,5.233459618313740513e-02,-4.053652348940213479e-02
7.927500000000000657e-01,5.267745690866162955e-02,-3.963936338356226913e-02
7.927500000000000657e-01,5.302381947343955126e-02,-3.870384300334236971e-02
7.927500000000000657e-01,5.337392497166213584e-02,-3.773112213095535655e-02
7.927500000000000657e-01,5.372803597740042486e-02,-3.672238120004282791e-02
7.927500000000000657e-01,5.408643601867723499e-02,-3.567881951784523942e-02
7.927500000000000657e-01,5.444942879190434182e-02,-3.460165364214827510e-02
7.927500000000000657e-01,5.481733710252237324e-02,-3.349211591890776524e-02
7.927500000000000657e-01,5.519050152086753952e-02,-3.235145318305464313e-02
7.927500000000000657e-01,5.556927874575783022e-02,-3.118092562155041353e-02
7.927500000000000657e-01,5.595403967200726636e-02,-2.998180579437200594e-02
7.927500000000000657e-01,5.634516716200077546e-02,-2.875537780582694547e-02
7.927500000000000657e-01,5.674305352554930709e-02,-2.750293661550754290e-02
7.927500000000000657e-01,5.714809771644498854e-02,-2.622578747535562679e-02
7.927500000000000657e-01,5.756070225839344384e-02,-2.492524547679602839e-02
7.927500000000000657e-01,5.798126991725497531e-02,-2.360263518976644243e-02
7.927500000000000657e-01,5.841020014071378330e-02,-2.225929037377864100e-02
7.927500000000000657e-01,5.884788529054647138e-02,-2.089655373993539941e-02
7.927500000000000657e-01,5.929470669650881154e-02,-1.951577674213176086e-02
7.927500000000000657e-01,5.975103056443084593e-02,-1.811831937551066155e-02
7.927500000000000657e-01,6.021720377433591870e-02,-1.670554996062804248e-02
7.927500000000000657e-01,6.069354960721016351e-02,-1.527884489270545619e-02
7.927500000000000657e-01,6.118036344138224475e-02,-1.383958833678576063e-02
7.927500000000000657e-01,6.167790846127062243e-02,-1.238917185152474398e-02
7.927500000000000657e-01,6.218641142246848080e-02,-1.092899392669597139e-02
7.927500000000000657e-01,6.271068247861863454e-02,-9.446806729540214997e-03
7.927500000000000657e-01,6.324706996672509185e-02,-7.936067370564367160e-03
7.927500000000000657e-01,6.378638377011727756e-02,-6.417179296679655955e-03
7.927500000000000657e-01,6.432848377977094800e-02,-4.891683682506599816e-03
7.927500000000000657e-01,6.487320643216820670e-02,-3.361126882190730927e-03
7.927500000000000657e-01,6.542036293838568439e-02,-1.827058628831710555e-03
7.927500000000000657e-01,6.596973773899782179e-02,-2.910302293024897126e-04
7.927500000000000657e-01,6.652108720272602305e-02,1.245407235323823386e-03
7.927500000000000657e-01,6.707413858343161395e-02,2.780704693570932185e-03
7.927500000000000657e-01,6.762858924658381177e-02,4.313316841679724380e-03
7.927500000000000657e-01,6.818410617279034580e-02,5.841703866638255256e-03
7.927500000000000657e-01,6.874032574241523141e-02,7.364333125399959330e-03
7.927500000000000657e-01,6.929685380178096654e-02,8.879680772455879681e-03
7.927500000000000657e-01,6.985326600801537722e-02,1.038623332898765822e-02
7.927500000000000657e-01,7.040910844630704490e-02,1.188248918803878201e-02
7.927500000000000657e-01,7.096389851022406881e-02,1.336696005147459607e-02
7.927500000000000657e-01,7.151712603287267711e-02,1.483817229592634956e-02
7.927500000000000657e-01,7.206825465405970743e-02,1.629466826639502930e-02
7.927500000000000657e-01,7.261672340630935529e-02,1.773500749769398380e-02
7.927500000000000657e-01,7.316194850059357102e-02,1.915776786539812038e-02
7.927500000000000657e-01,7.370332529098648500e-02,2.056154666940417791e-02
7.927500000000000657e-01,7.424023039615783304e-02,2.194496165455994338e-02
7.927500000000000657e-01,7.477202395468467155e-02,2.330665197405246136e-02
7.927500000000000657e-01,7.529805199058350884e-02,2.464527910232979305e-02
7.927500000000000657e-01,7.581764886523983948e-02,2.595952770523915834e-02
7.927500000000000657e-01,7.633013979202728228e-02,2.724810647577301584e-02
7.927500000000000657e-01,7.683484339034517274e-02,2.850974894430820944e-02
7.927500000000000657e-01,7.733107425654044131e-02,2.974321427248567684e-02
7.927500000000000657e-01,7.781814553019078540e-02,3.094728803990520055e-02
7.927500000000000657e-01,7.829537143548148670e-02,3.212078303259820883e-02
7.927500000000000657e-01,7.876206977887532934e-02,3.326254004179362428e-02
7.927500000000000657e-01,7.921756438592143790e-02,3.437142868082171399e-02
7.927500000000000657e-01,7.966118746183650789e-02,3.544634822711765360e-02
7.927500000000000657e-01,8.009228186238726011e-02,3.648622849521435813e-02
7.927500000000000657e-01,8.051020326356880807e-02,3.749003074537460983e-02
7.927500000000000657e-01,8.091432222057406976e-02,3.845674863113383857e-02
7.927500000000000657e-01,8.130402610855246015e-02,3.938540918754010467e-02
7.927500000000000657e-01,8.167872093962669222e-02,4.027507386031700665e-02
7.927500000000000657e-01,8.203783305254656877e-02,4.112483957457759021e-02
7.927500000000000657e-01,8.238081067317891415e-02,4.193383984011524179e-02
7.927500000000000657e-01,8.270712534573933239e-02,4.270124588873080301e-02
7.927500000000000657e-01,8.301627323624138910e-02,4.342626783755534903e-02
7.927500000000000657e-01,8.330777631105423797e-02,4.410815587093296075e-02
7.927500000000000657e-01,8.358118339470511915e-02,4.474620143216569840e-02
7.927500000000000657e-01,8.383607111212550145e-02,4.533973841532440430e-02
7.927500000000000657e-01,8.407204472141287244e-02,4.588814434641853846e-02
7.927500000000000657e-01,8.428873884385568171e-02,4.639084154251623543e-02
7.927500000000000657e-01,8.448581809844801782e-02,4.684729823692958262e-02
7.927500000000000657e-01,8.466297764840234608e-02,4.725702965834012448e-02
7.927500000000000657e-01,8.481994366725767454e-02,4.761959905174332347e-02
7.927500000000000657e-01,8.495647373208517483e-02,4.793461862933830891e-02
7.927500000000000657e-01,8.507235715102075269e-02,4.820175043997741715e-02
7.927500000000000657e-01,8.516741523191843910e-02,4.842070714650884011e-02
7.927500000000000657e-01,8.524150149833333023e-02,4.859125270128208940e-02
7.927500000000000657e-01,8.529450185832329612e-02,4.871320291122005486e-02
7.927500000000000657e-01,8.532633473072395724e-02,4.878642588517146522e-02
7.927500000000000657e-01,8.533695113261952070e-02,4.881084235771587787e-02
8.509375000000000133e-01,1.119093414585236174e-01,5.543839467029955392e-02
8.509375000000000133e-01,1.118898675132648096e-01,5.541515492014877087e-02
8.509375000000000133e-01,1.118314809970392121e-01,5.534544704253330227e-02
8.509375000000000133e-01,1.117342877476668050e-01,5.522930522169058193e-02
8.509375000000000133e-01,1.115984637597755985e-01,5.506678664939807649e-02
8.509375000000000133e-01,1.114242545858072087e-01,5.485797184842162999e-02
8.509375000000000133e-01,1.112119745046060149e-01,5.460296511816295495e-02
8.509375000000000133e-01,1.109620054646633658e-01,5.430189509548351279e-02
8.509375000000000133e-01,1.106747958109565722e-01,5.395491542189735645e-02
8.509375000000000133e-01,1.103508588060743700e-01,5.356220550670000996e-02
8.509375000000000133e-01,1.099907709579395210e-01,5.312397137416515619e-02
8.509375000000000133e-01,1.095951701678987700e-01,5.264044658171773000e-02
8.509375000000000133e-01,1.091647537142341057e-01,5.211189319500469930e-02
8.509375000000000133e-01,1.087002760872403800e-01,5.153860280504742042e-02
8.509375000000000133e-01,1.082025466928928509e-01,5.092089757218280777e-02
8.509375000000000133e-01,1.076724274427887096e-01,5.025913128129189111e-02
8.509375000000000133e-01,1.071108302484724689e-01,4.955369039287147587e-02
8.509375000000000133e-01,1.065187144384426715e-01,4.880499507482385924e-02
8.509375000000000133e-01,1.058970841160833398e-01,4.801350020040962008e-02
8.509375000000000133e-01,1.052469854764645635e-01,4.717969629861396702e-02
8.509375000000000133e-01,1.045695040994186059e-01,4.630411044419704969e-02
8.509375000000000133e-01,1.038657622355254051e-01,4.538730707590869773e-02
8.509375000000000133e-01,1.031369161006448765e-01,4.442988873271922629e-02
8.509375000000000133e-01,1.023841531934279597e-01,4.343249669941879471e-02
8.509375000000000133e-01,1.016086896488382491e-01,4.239581155453386180e-02
8.509375000000000133e-01,1.008117676391458856e-01,4.132055361516424191e-02
8.509375000000000133e-01,9.999465283213596067e-02,4.020748327502191716e-02
8.509375000000000133e-01,9.915863191443334557e-02,3.905740123361522986e-02
8.509375000000000133e-01,9.830501018591557283e-02,3.787114861613348482e-02
8.509375000000000133e-01,9.743510922919508543e-02,3.664960698511238874e-02
8.509375000000000133e-01,9.655026465613814057e-02,3.539369824636761502e-02
8.509375000000000133e-01,9.565182393138496608e-02,3.410438445294254606e-02
8.509375000000000133e-01,9.474114427088020651e-02,3.278266751190195977e-02
8.509375000000000133e-01,9.381959061155331625e-02,3.142958879969383335e-02
8.509375000000000133e-01,9.288853364653924805e-02,3.004622869248096614e-02
8.509375000000000133e-01,9.194934791873864144e-02,2.863370601830081755e-02
8.509375000000000133e-01,9.100340996411648842e-02,2.719317743814171282e-02
8.509375000000000133e-01,9.005209649495989066e-02,2.572583676302411457e-02
8.509375000000000133e-01,8.909678261238929142e-02,2.423291421395530609e-02
8.509375000000000133e-01,8.813884003676540624e-02,2.271567563119339384e-02
8.509375000000000133e-01,8.717963534427902728e-02,2.117542163863042962e-02
8.509375000000000133e-01,8.622052819796550971e-02,1.961348676830496768e-02
8.509375000000000133e-01,8.526286956166168052e-02,1.803123854910669566e-02
8.509375000000000133e-01,8.430799988602317996e-02,1.643007656267075553e-02
8.509375000000000133e-01,8.335724725664174495e-02,1.481143146830719501e-02
8.509375000000000133e-01,8.241192549553766344e-02,1.317676399760694776e-02
8.509375000000000133e-01,8.147333220883584692e-02,1.152756391814581047e-02
8.509375000000000133e-01,8.054274677524336790e-02,9.865348964505794155e-03
8.509375000000000133e-01,7.962142827200491269e-02,8.191663733686580309e-03
8.509375000000000133e-01,7.871061333728636422e-02,6.508078540920197996e-03
8.509375000000000133e-01,7.781151397038642281e-02,4.816188230962161615e-03
8.509375000000000133e-01,7.692531527375917610e-02,3.117610939138603515e-03
8.509375000000000133e-01,7.605317314349877011e-02,1.413986795808102898e-03
8.509375000000000133e-01,7.519621191764012946e-02,-2.930234325345488708e-04
8.509375000000000133e-01,7.435552199431455511e-02,-2.001739772509539619e-03
8.509375000000000133e-01,7.353215743441129937e-02,-3.710464550465083361e-03
8.509375000000000133e-01,7.272713356588286771e-02,-5.417483983249032388e-03
8.509375000000000133e-01,7.193493960499236506e-02,-7.141022763797071071e-03
8.509375000000000133e-01,7.116608791234205200e-02,-8.876674453600585241e-03
8.509375000000000133e-01,7.042778702629604037e-02,-1.060950211712085971e-02
8.509375000000000133e-01,6.972069284571491554e-02,-1.233744618864378653e-02
8.509375000000000133e-01,6.904537324931667164e-02,-1.405842133548520709e-02
8.509375000000000133e-01,6.840230697473440036e-02,-1.577032075785620574e-02
8.509375000000000133e-01,6.779188286937051777e-02,-1.747102072224786598e-02
8.509375000000000133e-01,6.721439953955084257e-02,-1.915838530413221941e-02
8.509375000000000133e-01,6.667006542184647500e-02,-2.083027131273085253e-02
8.509375000000000133e-01,6.615899929726995476e-02,-2.248453336798649643e-02
8.509375000000000133e-01,6.568123126541494661e-02,-2.411902909774152684e-02
8.509375000000000133e-01,6.523670419155472300e-02,-2.573162442152415047e-02
8.509375000000000133e-01,6.482527563531051418e-02,-2.732019888629701881e-02
8.509375000000000133e-01,6.444672026481790272e-02,-2.888265101904866766e-02
8.509375000000000133e-01,6.410073275543026750e-02,-3.041690366120452377e-02
8.509375000000000133e-01,6.378693116698097576e-02,-3.192090925048898797e-02
8.509375000000000133e-01,6.350486078855338556e-02,-3.339265501705575290e-02
8.509375000000000133e-01,6.325399843465422112e-02,-3.483016806238206642e-02
8.509375000000000133e-01,6.303375717172252091e-02,-3.623152029154796255e-02
8.509375000000000133e-01,6.284349144909864848e-02,-3.759483317203561603e-02
8.509375000000000133e-01,6.268250260398797180e-02,-3.891828229502564823e-02
8.509375000000000133e-01,6.255004470563967078e-02,-4.020010171827005652e-02
8.509375000000000133e-01,6.244533069997071362e-02,-4.143858807291372903e-02
8.509375000000000133e-01,6.236753881224702672e-02,-4.263210442004847917e-02
8.509375000000000133e-01,6.231581916222392326e-02,-4.377908384624491084e-02
8.509375000000000133e-01,6.228930054338090855e-02,-4.487803279074661922e-02
8.509375000000000133e-01,6.228709731558883939e-02,-4.592753410036577028e-02
8.509375000000000133e-01,6.230831635874049812e-02,-4.692624981132521161e-02
8.509375000000000133e-01,6.235206403357600180e-02,-4.787292366029320678e-02
8.509375000000000133e-01,6.241745309515123880e-02,-4.876638332960454847e-02
8.509375000000000133e-01,6.250360950413735850e-02,-4.960554243410993797e-02
8.509375000000000133e-01,6.260967908140091520e-02,-5.038940225920886945e-02
8.509375000000000133e-01,6.273483395209493441e-02,-5.111705326137122585e-02
8.509375000000000133e-01,6.287827872678124208e-02,-5.178767634381619550e-02
8.509375000000000133e-01,6.303925636889025352e-02,-5.240054392098358882e-02
8.509375000000000133e-01,6.321705370009064739e-02,-5.295502078599267914e-02
8.509375000000000133e-01,6.341100649786507448e-02,-5.345056479544338379e-02
8.509375000000000133e-01,6.362050414274522669e-02,-5.388672738567999027e-02
8.509375000000000133e-01,6.384499377622350480e-02,-5.426315393402822429e-02
8.509375000000000133e-01,6.408398393429450002e-02,-5.457958397755310193e-02
8.509375000000000133e-01,6.433704762585702730e-02,-5.483585130060009832e-02
8.509375000000000133e-01,6.460382482978632712e-02,-5.503188390080847314e-02
8.509375000000000133e-01,6.488402438932812377e-02,-5.516770384146598566e-02
8.509375000000000133e-01,6.517742528752909492e-02,-5.524342699605242629e-02
8.509375000000000133e-01,6.548005167203355126e-02,-5.525867876313159816e-02
8.509375000000000133e-01,6.578797032182673310e-02,-5.521316624342394869e-02
8.509375000000000133e-01,6.610108786772864176e-02,-5.510725024932971311e-02
8.509375000000000133e-01,6.641932507949106779e-02,-5.494136051768035850e-02
8.509375000000000133e-01,6.674261691522057061e-02,-5.471599461907411532e-02
8.509375000000000133e-01,6.707091270667994709e-02,-5.443171664448778757e-02
8.509375000000000133e-01,6.740417647146594582e-02,-5.408915567854508111e-02
8.509375000000000133e-01,6.774238734002782647e-02,-5.368900407183040818e-02
8.509375000000000133e-01,6.808554008264318391e-02,-5.323201552742814341e-02
8.509375000000000133e-01,6.843364571883531200e-02,-5.271900301939074635e-02
8.509375000000000133e-01,6.878673218933434308e-02,-5.215083656305248561e-02
8.509375000000000133e-01,6.914484506858049884e-02,-5.152844085896802345e-02
8.509375000000000133e-01,6.950804829397021212e-02,-5.085279283373595610e-02
8.509375000000000133e-01,6.987642488657781759e-02,-5.012491910203807632e-02
8.509375000000000133e-01,7.025007763696919372e-02,-4.934589337486729177e-02
8.509375000000000133e-01,7.062912972897669728e-02,-4.851683383911754854e-02
8.509375000000000133e-01,7.101372527394278489e-02,-4.763890053346355596e-02
8.509375000000000133e-01,7.140402972797235681e-02,-4.671329274476936771e-02
8.509375000000000133e-01,7.180023016517156353e-02,-4.574124644814360485e-02
8.509375000000000133e-01,7.220253538069512644e-02,-4.472403181222559670e-02
8.509375000000000133e-01,7.261117579867526484e-02,-4.366295078936639762e-02
8.509375000000000133e-01,7.302640316176096935e-02,-4.255933480809739877e-02
8.509375000000000133e-01,7.344848998104383520e-02,-4.141454258269864491e-02
8.509375000000000133e-01,7.387772872757662757e-02,-4.022995805183822438e-02
8.509375000000000133e-01,7.431443074948138050e-02,-3.900698845520827324e-02
8.509375000000000133e-01,7.475892490177446503e-02,-3.774706255389266574e-02
8.509375000000000133e-01,7.521155587947594978e-02,-3.645162899693234204e-02
8.509375000000000133e-01,7.567268224828718748e-02,-3.512215483327350840e-02
8.509375000000000133e-01,7.614267417107370428e-02,-3.376012416506357638e-02
8.509375000000000133e-01,7.662191083253511170e-02,-3.236703693516970737e-02
8.509375000000000133e-01,7.711077756873041533e-02,-3.094440783890544874e-02
8.509375000000000133e-01,7.760966271249879200e-02,-2.949376534733052016e-02
8.509375000000000133e-01,7.811895417021402777e-02,-2.801665082719869901e-02
8.509375000000000133e-01,7.863903574966997490e-02,-2.651461774072697355e-02
8.509375000000000133e-01,7.917028326314644315e-02,-2.498923090689438367e-02
8.509375000000000133e-01,7.971306043378088846e-02,-2.344206580498929895e-02
8.509375000000000133e-01,8.026771463719778454e-02,-2.187470790063827941e-02
8.509375000000000133e-01,8.083457251385524345e-02,-2.028875197458365059e-02
8.509375000000000133e-01,8.141393549068567936e-02,-1.868580143503071819e-02
8.509375000000000133e-01,8.200607525326973624e-02,-1.706746759544975831e-02
8.509375000000000133e-01,8.261122921192862179e-02,-1.543536890126271516e-02
8.509375000000000133e-01,8.322959600669591063e-02,-1.379113009083234552e-02
8.509375000000000133e-01,8.386133109709183187e-02,-1.213638127854536376e-02
8.509375000000000133e-01,8.451144128323970217e-02,-1.045918256731893925e-02
8.509375000000000133e-01,8.517568875438243092e-02,-8.752810349934929748e-03
8.509375000000000133e-01,8.584412067046857941e-02,-7.037584187675272399e-03
8.509375000000000133e-01,8.651648436685435706e-02,-5.315256265564186934e-03
8.509375000000000133e-01,8.719250039101382466e-02,-3.587582916363199915e-03
8.509375000000000133e-01,8.787186079264615313e-02,-1.856322534369547837e-03
8.509375000000000133e-01,8.855422765439972810e-02,-1.232334963827557718e-04
8.509375000000000133e-01,8.923923188121871131e-02,1.609927899065855764e-03
8.509375000000000133e-01,8.992647226288043305e-02,3.341409463313179101e-03
8.509375000000000133e-01,9.061551482072459363e-02,5.069465109497991832e-03
8.509375000000000133e-01,9.130589244593598219e-02,6.792356794964270889e-03
8.509375000000000133e-01,9.199710483308717879e-02,8.508356405109388648e-03
8.509375000000000133e-01,9.268861870903530309e-02,1.021574757068421067e-02
8.509375000000000133e-01,9.337986835375021444e-02,1.191282741175427214e-02
8.509375000000000133e-01,9.407025640628247087e-02,1.359790820287838480e-02
8.509375000000000133e-01,9.475915494590479715e-02,1.526931895552267708e-02
8.509375000000000133e-01,9.544590683552334198e-02,1.692540691527350330e-02
8.509375000000000133e-01,9.612982731179157969e-02,1.856453897300392938e-02
8.509375000000000133e-01,9.681020580400094555e-02,2.018510299075092218e-02
8.509375000000000133e-01,9.748630796179466595e-02,2.178550904463739946e-02
8.509375000000000133e-01,9.815737787007024207e-02,2.336419058868444143e-02
8.509375000000000133e-01,9.882264042811723936e-02,2.491960554477497952e-02
8.509375000000000133e-01,9.948130386908157763e-02,2.645023732530988464e-02
8.509375000000000133e-01,1.001325623952584315e-01,2.795459579621800347e-02
8.509375000000000133e-01,1.007755989044823580e-01,2.943121818891074326e-02
8.509375000000000133e-01,1.014095877829949977e-01,3.087866997048912751e-02
8.509375000000000133e-01,1.020336977406093859e-01,3.229554568200149189e-02
8.509375000000000133e-01,1.026470946647309868e-01,3.368046975479554311e-02
8.509375000000000133e-01,1.032489444708152432e-01,3.503209731500895457e-02
8.509375000000000133e-01,1.038384159281084823e-01,3.634911498599394802e-02
8.509375000000000133e-01,1.044146834409994257e-01,3.763024169797695578e-02
8.509375000000000133e-01,1.049769297679714886e-01,3.887422951352992317e-02
8.509375000000000133e-01,1.055243486619514698e-01,4.007986447648552442e-02
8.509375000000000133e-01,1.060561474177655478e-01,4.124596749078947300e-02
8.509375000000000133e-01,1.065715493144003267e-01,4.237139523447320394e-02
8.509375000000000133e-01,1.070697959417893363e-01,4.345504111247632667e-02
8.509375000000000133e-01,1.075501494038721140e-01,4.449583625048922353e-02
8.509375000000000133e-01,1.080118943916675844e-01,4.549275053034795846e-02
8.509375000000000133e-01,1.084543401220384728e-01,4.644479366584148422e-02
8.509375000000000133e-01,1.088768221396698432e-01,4.735101631611585843e-02
8.509375000000000133e-01,1.092787039815172889e-01,4.821051123222222512e-02
8.509375000000000133e-01,1.096593787045776203e-01,4.902241443079125016e-02
8.509375000000000133e-01,1.100182702792779216e-01,4.978590638735852503e-02
8.509375000000000133e-01,1.103548348520523859e-01,5.050021324055015831e-02
8.509375000000000133e-01,1.106685618817681571e-01,5.116460799718924868e-02
8.509375000000000133e-01,1.109589751555634940e-01,5.177841172743263137e-02
8.509375000000000133e-01,1.112256336903684750e-01,5.234099473831160809e-02
8.509375000000000133e-01,1.114681325268878642e-01,5.285177771354762633e-02
8.509375000000000133e-01,1.116861034231398514e-01,5.331023280725648295e-02
8.509375000000000133e-01,1.118792154547660622e-01,5.371588467914788223e-02
8.509375000000000133e-01,1.120471755292660881e-01,5.406831145907296798e-02
8.509375000000000133e-01,1.121897288210718657e-01,5.436714562926595051e-02
8.509375000000000133e-01,1.123066591339763748e-01,5.461207481335777353e-02
8.509375000000000133e-01,1.123977891968814119e-01,5.480284246219505051e-02
8.509375000000000133e-01,1.124629808981467000e-01,5.493924842765776639e-02
8.509375000000000133e-01,1.125021354630238307e-01,5.502114941700912698e-02
8.509375000000000133e-01,1.125151935777647660e-01,5.504845932180530560e-02
9.091250000000001830e-01,1.418104107349114074e-01,6.180774129870146572e-02
9.091250000000001830e-01,1.417883117592231013e-01,6.178177554288594164e-02
9.091250000000001830e-01,1.417220536810550602e-01,6.170389145518037632e-02
9.091250000000001830e-01,1.416117529192615354e-01,6.157412864282427872e-02
9.091250000000001830e-01,1.414576030801968087e-01,6.139255334353037330e-02
9.091250000000001830e-01,1.412598743237810373e-01,6.115925876021326840e-02
9.091250000000001830e-01,1.410189124832847973e-01,6.087436552219568919e-02
9.091250000000001830e-01,1.407351379460174690e-01,6.053802226563890360e-02
9.091250000000001830e-01,1.404090443040034997e-01,6.015040632409758559e-02
9.091250000000001830e-01,1.400411967855174078e-01,5.971172451841605389e-02
9.091250000000001830e-01,1.396322304799999248e-01,5.922221403369175990e-02
9.091250000000001830e-01,1.391828483703725361e-01,5.868214336976002726e-02
9.091250000000001830e-01,1.386938191880864868e-01,5.809181335062035129e-02
9.091250000000001830e-01,1.381659751073675835e-01,5.745155817744813931e-02
9.091250000000001830e-01,1.376002092960351142e-01,5.676174650932529903e-02
9.091250000000001830e-01,1.369974733409676515e-01,5.602278255558703485e-02
9.091250000000001830e-01,1.363587745667529660e-01,5.523510716371828055e-02
9.091250000000001830e-01,1.356851732662827104e-01,5.439919888703934753e-02
9.091250000000001830e-01,1.349777798620356017e-01,5.351557501698286923e-02
9.091250000000001830e-01,1.342377520165304317e-01,5.258479256557107434e-02
9.091250000000001830e-01,1.334662917099273816e-01,5.160744918472902343e-02
9.091250000000001830e-01,1.326646423020194365e-01,5.058418401029546319e-02
9.091250000000001830e-01,1.318340855948920420e-01,4.951567841998532477e-02
9.091250000000001830e-01,1.309759389113558381e-01,4.840265669608785626e-02
9.091250000000001830e-01,1.300915522028880944e-01,4.724588658531587992e-02
9.091250000000001830e-01,1.291823051992743443e-01,4.604617974991730839e-02
9.091250000000001830e-01,1.282496046104488474e-01,4.480439210588567367e-02
9.091250000000001830e-01,1.272948813892124109e-01,4.352142404581985091e-02
9.091250000000001830e-01,1.263195880615952116e-01,4.219822054565154634e-02
9.091250000000001830e-01,1.253251961296549810e-01,4.083577115604455215e-02
9.091250000000001830e-01,1.243131935494975748e-01,3.943510988073860302e-02
9.091250000000001830e-01,1.232850822853094330e-01,3.799731494543549110e-02
9.091250000000001830e-01,1.222423759382360031e-01,3.652350846197528755e-02
9.091250000000001830e-01,1.211865974470665158e-01,3.501485599350757927e-02
9.091250000000001830e-01,1.201192768559261881e-01,3.347256602710622919e-02
9.091250000000001830e-01,1.190419491425704912e-01,3.189788936079617637e-02
9.091250000000001830e-01,1.179561520994555635e-01,3.029211841224981050e-02
9.091250000000001830e-01,1.168634242585541300e-01,2.865658645646631392e-02
9.091250000000001830e-01,1.157653028499292663e-01,2.699266679957732992e-02
9.091250000000001830e-01,1.146633217833904067e-01,2.530177189553442854e-02
9.091250000000001830e-01,1.135590096421595918e-01,2.358535241184345904e-02
9.091250000000001830e-01,1.124538876773865381e-01,2.184489624974202820e-02
9.091250000000001830e-01,1.113494677925780940e-01,2.008192752328784650e-02
9.091250000000001830e-01,1.102472505075558079e-01,1.829800550077262736e-02
9.091250000000001830e-01,1.091487228924235275e-01,1.649472351072515247e-02
9.091250000000001830e-01,1.080553564632056457e-01,1.467370781355567359e-02
9.091250000000001830e-01,1.069686050322933984e-01,1.283661643865444818e-02
9.091250000000001830e-01,1.058899025085880546e-01,1.098513798552833501e-02
9.091250000000001830e-01,1.048206606442321914e-01,9.120990386374389775e-03
9.091250000000001830e-01,1.037622667270377691e-01,7.245919626383915194e-03
9.091250000000001830e-01,1.027160812201164120e-01,5.361698417075473795e-03
9.091250000000001830e-01,1.016834353527494295e-01,3.470124817100924894e-03
9.091250000000001830e-01,1.006656286691562235e-01,1.573020794279014149e-03
9.091250000000001830e-01,9.966392654447912836e-02,-3.277692778916804772e-04
9.091250000000001830e-01,9.867955767994966709e-02,-2.230380196288309080e-03
9.091250000000001830e-01,9.771371159177921761e-02,-4.132927583922062394e-03
9.091250000000001830e-01,9.676753611077562600e-02,-6.033509632399362312e-03
9.091250000000001830e-01,9.583542960727456372e-02,-7.949787390023612191e-03
9.091250000000001830e-01,9.492871071369238245e-02,-9.877779222035577150e-03
9.091250000000001830e-01,9.405500743988767787e-02,-1.180273723317945556e-02
9.091250000000001830e-01,9.321507704651885162e-02,-1.372239852599537596e-02
9.091250000000001830e-01,9.240958298356111156e-02,-1.563447165128869706e-02
9.091250000000001830e-01,9.163909380134191429e-02,-1.753664111211576671e-02
9.091250000000001830e-01,9.090408244480764621e-02,-1.942657211631144618e-02
9.091250000000001830e-01,9.020492595724453888e-02,-2.130191555457032135e-02
9.091250000000001830e-01,8.954190561716432462e-02,-2.316031317796417299e-02
9.091250000000001830e-01,8.891520752901711788e-02,-2.499940294603875818e-02
9.091250000000001830e-01,8.832492368485307666e-02,-2.681682451433998679e-02
9.091250000000001830e-01,8.777105351007842560e-02,-2.861022482842102976e-02
9.091250000000001830e-01,8.725350590210070867e-02,-3.037726379010975697e-02
9.091250000000001830e-01,8.677210176600276548e-02,-3.211561996109080913e-02
9.091250000000001830e-01,8.632657704649568386e-02,-3.382299626868302822e-02
9.091250000000001830e-01,8.591658625035492047e-02,-3.549712567906353894e-02
9.091250000000001830e-01,8.554170644841374571e-02,-3.713577680408449572e-02
9.091250000000001830e-01,8.520144174105148682e-02,-3.873675940921467858e-02
9.091250000000001830e-01,8.489522816604194722e-02,-4.029792979197539121e-02
9.091250000000001830e-01,8.462243902268971885e-02,-4.181719600247554153e-02
9.091250000000001830e-01,8.438239058144419991e-02,-4.329252288023051343e-02
9.091250000000001830e-01,8.417434814370505780e-02,-4.472193688430652764e-02
9.091250000000001830e-01,8.399753241237122026e-02,-4.610353069690495409e-02
9.091250000000001830e-01,8.385112612989045755e-02,-4.743546758371696564e-02
9.091250000000001830e-01,8.373428093718093823e-02,-4.871598549767357927e-02
9.091250000000001830e-01,8.364612440385625625e-02,-4.994340091601950915e-02
9.091250000000001830e-01,8.358576717772531195e-02,-5.111611240388699157e-02
9.091250000000001830e-01,8.355231019958010708e-02,-5.223260390067899217e-02
9.091250000000001830e-01,8.354485192785113257e-02,-5.329144772852949935e-02
9.091250000000001830e-01,8.356249551681170507e-02,-5.429130732484517552e-02
9.091250000000001830e-01,8.360435589165976511e-02,-5.523093970340012260e-02
9.091250000000001830e-01,8.366956666400010567e-02,-5.610919765061744835e-02
9.091250000000001830e-01,8.375728683198775670e-02,-5.692503166549731097e-02
9.091250000000001830e-01,8.386670721066952217e-02,-5.767749165311732151e-02
9.091250000000001830e-01,8.399705653985894971e-02,-5.836572838272417046e-02
9.091250000000001830e-01,8.414760721918712605e-02,-5.898899472214538114e-02
9.091250000000001830e-01,8.431768062276290276e-02,-5.954664666057982864e-02
9.091250000000001830e-01,8.450665194912765354e-02,-6.003814413178040071e-02
9.091250000000001830e-01,8.471395456587117734e-02,-6.046305164923868047e-02
9.091250000000001830e-01,8.493908381235328042e-02,-6.082103876423988059e-02
9.091250000000001830e-01,8.518160022841486656e-02,-6.111188035660464202e-02
9.091250000000001830e-01,8.544113218172053048e-02,-6.133545676660741991e-02
9.091250000000001830e-01,8.571737787141213427e-02,-6.149175377499529332e-02
9.091250000000001830e-01,8.601010669102324147e-02,-6.158086243627237943e-02
9.091250000000001830e-01,8.631534275298280434e-02,-6.160227325314071578e-02
9.091250000000001830e-01,8.662915403780399592e-02,-6.155556915895393083e-02
9.091250000000001830e-01,8.695144127814036228e-02,-6.144111830783861861e-02
9.091250000000001830e-01,8.728212068902933829e-02,-6.125936767272654321e-02
9.091250000000001830e-01,8.762112401082504387e-02,-6.101084191991877625e-02
9.091250000000001830e-01,8.796839867281254499e-02,-6.069614205100617998e-02
9.091250000000001830e-01,8.832390806834901353e-02,-6.031594382140309518e-02
9.091250000000001830e-01,8.868763192930888273e-02,-5.987099594765366017e-02
9.091250000000001830e-01,8.905956678473367361e-02,-5.936211811835975793e-02
9.091250000000001830e-01,8.943972648593961905e-02,-5.879019882600796526e-02
9.091250000000001830e-01,8.982814277795131419e-02,-5.815619303909776855e-02
9.091250000000001830e-01,9.022486589503846133e-02,-5.746111973575773746e-02
9.091250000000001830e-01,9.062996515636495554e-02,-5.670605932144750366e-02
9.091250000000001830e-01,9.104352953633917944e-02,-5.589215095435695613e-02
9.091250000000001830e-01,9.146566818320511771e-02,-5.502058980271211375e-02
9.091250000000001830e-01,9.189651085875302772e-02,-5.409262425836742355e-02
9.091250000000001830e-01,9.233620827177216328e-02,-5.310955313080455847e-02
9.091250000000001830e-01,9.278493227802600551e-02,-5.207272284497240639e-02
9.091250000000001830e-01,9.324287592011056003e-02,-5.098352466530359922e-02
9.091250000000001830e-01,9.371025328156018519e-02,-4.984339196675088152e-02
9.091250000000001830e-01,9.418729913099090079e-02,-4.865379757182911741e-02
9.091250000000001830e-01,9.467426833391220931e-02,-4.741625117046188026e-02
9.091250000000001830e-01,9.517143501208186196e-02,-4.613229683695783262e-02
9.091250000000001830e-01,9.567909143290818930e-02,-4.480351065573042607e-02
9.091250000000001830e-01,9.619754661439786081e-02,-4.343149846448107754e-02
9.091250000000001830e-01,9.672712463447782905e-02,-4.201789372054839933e-02
9.091250000000001830e-01,9.726816263715273858e-02,-4.056435549305139471e-02
9.091250000000001830e-01,9.782100853185693445e-02,-3.907256658038699149e-02
9.091250000000001830e-01,9.838601838647870190e-02,-3.754423174965047100e-02
9.091250000000001830e-01,9.896355351882263340e-02,-3.598107609170064086e-02
9.091250000000001830e-01,9.955397729568117582e-02,-3.438484348295416798e-02
9.091250000000001830e-01,1.001576516531480221e-01,-3.275729514262999686e-02
9.091250000000001830e-01,1.007749333562599492e-01,-3.110020827213379885e-02
9.091250000000001830e-01,1.014061700204341998e-01,-2.941537476162248491e-02
9.091250000000001830e-01,1.020516959214036595e-01,-2.770459994756754168e-02
9.091250000000001830e-01,1.027118276243728923e-01,-2.596970140437217939e-02
9.091250000000001830e-01,1.033868594668507779e-01,-2.421250775281611617e-02
9.091250000000001830e-01,1.040770589329909623e-01,-2.243485746831179461e-02
9.091250000000001830e-01,1.047826619602221787e-01,-2.063859767265309800e-02
9.091250000000001830e-01,1.055038682214123891e-01,-1.882558289410726782e-02
9.091250000000001830e-01,1.062408364277289130e-01,-1.699767378230885445e-02
9.091250000000001830e-01,1.069936796986810379e-01,-1.515673576642169104e-02
9.091250000000001830e-01,1.077624610465240107e-01,-1.330463764738106305e-02
9.091250000000001830e-01,1.085522645426206106e-01,-1.142995616832908311e-02
9.091250000000001830e-01,1.093582298673452524e-01,-9.525851101903404228e-03
9.091250000000001830e-01,1.101697753462005935e-01,-7.612256507346122116e-03
9.091250000000001830e-01,1.109865166366197642e-01,-5.691137788469351200e-03
9.091250000000001830e-01,1.118080392782847127e-01,-3.764463209816192642e-03
9.091250000000001830e-01,1.126338970909419313e-01,-1.834201524929210490e-03
9.091250000000001830e-01,1.134636108251652620e-01,9.768037535667152592e-05
9.091250000000001830e-01,1.142966670838581472e-01,2.029219782758333486e-03
9.091250000000001830e-01,1.151325175287973984e-01,3.958460448015812400e-03
9.091250000000001830e-01,1.159705783829031722e-01,5.883454803034458142e-03
9.091250000000001830e-01,1.168102302352369698e-01,7.802266118515930118e-03
9.091250000000001830e-01,1.176508181520351110e-01,9.712970587872637312e-03
9.091250000000001830e-01,1.184916520934383433e-01,1.161365932938775158e-02
9.091250000000001830e-01,1.193320076320322776e-01,1.350244029991185674e-02
9.091250000000001830e-01,1.201711269659183623e-01,1.537744011485554958e-02
9.091250000000001830e-01,1.210082202158393461e-01,1.723680577080976065e-02
9.091250000000001830e-01,1.218424669929273479e-01,1.907870626877317816e-02
9.091250000000001830e-01,1.226730182209635200e-01,2.090133413764714773e-02
9.091250000000001830e-01,1.234989981946669757e-01,2.270290685934100300e-02
9.091250000000001830e-01,1.243195068534912739e-01,2.448166819847502618e-02
9.091250000000001830e-01,1.251336222487163807e-01,2.623588944123524461e-02
9.091250000000001830e-01,1.259404031802958124e-01,2.796387054939380654e-02
9.091250000000001830e-01,1.267388919789553536e-01,2.966394123682157893e-02
9.091250000000001830e-01,1.275281174084419711e-01,3.133446197696004160e-02
9.091250000000001830e-01,1.283070976625801107e-01,3.297382495065994540e-02
9.091250000000001830e-01,1.290748434318960969e-01,3.458045494451156970e-02
9.091250000000001830e-01,1.298303610150001453e-01,3.615281021027254987e-02
9.091250000000001830e-01,1.305726554506480841e-01,3.768938329622746608e-02
9.091250000000001830e-01,1.313007336474148745e-01,3.918870186128922684e-02
9.091250000000001830e-01,1.320136074891677946e-01,4.064932948237129362e-02
9.091250000000001830e-01,1.327102968959984475e-01,4.206986646502868660e-02
9.091250000000001830e-01,1.333898328219241536e-01,4.344895066659881788e-02
9.091250000000001830e-01,1.340512601724653807e-01,4.478525834008356687e-02
9.091250000000001830e-01,1.346936406271105335e-01,4.607750500582572656e-02
9.091250000000001830e-01,1.353160553536575939e-01,4.732444635667298199e-02
9.091250000000001830e-01,1.359176076034376290e-01,4.852487920081703654e-02
9.091250000000001830e-01,1.364974251784435155e-01,4.967764244488416525e-02
9.091250000000001830e-01,1.370546627633793535e-01,5.078161811816449961e-02
9.091250000000001830e-01,1.375885041175773649e-01,5.183573243714405254e-02
9.091250000000001830e-01,1.380981641235750346e-01,5.283895690778055848e-02
9.091250000000001830e-01,1.385828906908815050e-01,5.379030946127934254e-02
9.091250000000001830e-01,1.390419665150644524e-01,5.468885561751807289e-02
9.091250000000001830e-01,1.394747106937409553e-01,5.553370966877124726e-02
9.091250000000001830e-01,1.398804802023421723e-01,5.632403587503245074e-02
9.091250000000001830e-01,1.402586712336293118e-01,5.705904966105163068e-02
9.091250000000001830e-01,1.406087204058611428e-01,5.773801880422394645e-02
9.091250000000001830e-01,1.409301058452434030e-01,5.836026460170609664e-02
9.091250000000001830e-01,1.412223481488283083e-01,5.892516300461278500e-02
9.091250000000001830e-01,1.414850112343778443e-01,5.943214570687147674e-02
9.091250000000001830e-01,1.417177030838618346e-01,5.988070117629445965e-02
9.091250000000001830e-01,1.419200763872390525e-01,6.027037561566437468e-02
9.091250000000001830e-01,1.420918290929740757e-01,6.060077384211737944e-02
9.091250000000001830e-01,1.422327048713881992e-01,6.087156007383891926e-02
9.091250000000001830e-01,1.423424934964415134e-01,6.108245861404335703e-02
9.091250000000001830e-01,1.424210311509128690e-01,6.123325442337408664e-02
9.091250000000001830e-01,1.424682006591997119e-01,6.132379357320687924e-02
9.091250000000001830e-01,1.424839316511217757e-01,6.135398357384329315e-02
9.673125000000001306e-01,1.744315088766218991e-01,6.821017437978635356e-02
9.673125000000001306e-01,1.744066569734547545e-01,6.818144748552389112e-02
9.673125000000001306e-01,1.743321436517085987e-01,6.809528188825808570e-02
9.673125000000001306e-01,1.742080959405454543e-01,6.795172291406222087e-02
9.673125000000001306e-01,1.740347251092786707e-01,6.775084633699135495e-02
9.673125000000001306e-01,1.738123260021247618e-01,6.749275872116888841e-02
9.673125000000001306e-01,1.735412761141836846e-01,6.717759789215158039e-02
9.673125000000001306e-01,1.732220344158689751e-01,6.680553353017835982e-02
9.673125000000001306e-01,1.728551399349218809e-01,6.637676787602331263e-02
9.673125000000001306e-01,1.724412101069449088e-01,6.589153653845028491e-02
9.673125000000001306e-01,1.719809389070586780e-01,6.535010939074030467e-02
9.673125000000001306e-01,1.714750947768009237e-01,6.475279154245441871e-02
9.673125000000001306e-01,1.709245183617264519e-01,6.409992437152796374e-02
9.673125000000001306e-01,1.703301200763178980e-01,6.339188660098310502e-02
9.673125000000001306e-01,1.696928775137621359e-01,6.262909540400814212e-02
9.673125000000001306e-01,1.690138327188723810e-01,6.181200752088751582e-02
9.673125000000001306e-01,1.682940893429348550e-01,6.094112037128066039e-02
9.673125000000001306e-01,1.675348096995200597e-01,6.001697314563194524e-02
9.673125000000001306e-01,1.667372117403208287e-01,5.904014786004079668e-02
9.673125000000001306e-01,1.659025659698601662e-01,5.801127035971450491e-02
9.673125000000001306e-01,1.650321923174549454e-01,5.693101125714510047e-02
9.673125000000001306e-01,1.641274569841295605e-01,5.580008679237295072e-02
9.673125000000001306e-01,1.631897692812609435e-01,5.461925960409353548e-02
9.673125000000001306e-01,1.622205784766109493e-01,5.338933940190009747e-02
9.673125000000001306e-01,1.612213706620830855e-01,5.211118353159673727e-02
9.673125000000001306e-01,1.601936656560462302e-01,5.078569742722974234e-02
9.673125000000001306e-01,1.591390139514239355e-01,4.941383494523227810e-02
9.673125000000001306e-01,1.580589937189740279e-01,4.799659857781755218e-02
9.673125000000001306e-01,1.569552078733178480e-01,4.653503954445849938e-02
9.673125000000001306e-01,1.558292812073417688e-01,4.503025776191253021e-02
9.673125000000001306e-01,1.546828575986280985e-01,4.348340169476321015e-02
9.673125000000001306e-01,1.535175972896069829e-01,4.189566808982091856e-02
9.673125000000001306e-01,1.523351742411930554e-01,4.026830159892444416e-02
9.673125000000001306e-01,1.511372735578168092e-01,3.860259429569713741e-02
9.673125000000001306e-01,1.499255889800160391e-01,3.689988509260886534e-02
9.673125000000001306e-01,1.487018204391515608e-01,3.516155906527211605e-02
9.673125000000001306e-01,1.474676716673898047e-01,3.338904669124730801e-02
9.673125000000001306e-01,1.462248478548798247e-01,3.158382301074425663e-02
9.673125000000001306e-01,1.449750533450762380e-01,2.974740671649172413e-02
9.673125000000001306e-01,1.437199893584442667e-01,2.788135917971149708e-02
9.673125000000001306e-01,1.424613517343505387e-01,2.598728341859121022e-02
9.673125000000001306e-01,1.412008286808082436e-01,2.406682301492439613e-02
9.673125000000001306e-01,1.399400985219196591e-01,2.212166098369528627e-02
9.673125000000001306e-01,1.386808274333456714e-01,2.015351859936291568e-02
9.673125000000001306e-01,1.374246671569318845e-01,1.816415418147045158e-02
9.673125000000001306e-01,1.361732526867250603e-01,1.615536184100766631e-02
9.673125000000001306e-01,1.349281999200098170e-01,1.412897018772044100e-02
9.673125000000001306e-01,1.336911032686627920e-01,1.208684099732591430e-02
9.673125000000001306e-01,1.324635332280347522e-01,1.003086783639352969e-02
9.673125000000001306e-01,1.312470339026999000e-01,7.962974641521000652e-03
9.673125000000001306e-01,1.300431204907160632e-01,5.885114248406118041e-03
9.673125000000001306e-01,1.288532767304812476e-01,3.799266865517153969e-03
9.673125000000001306e-01,1.276789523168053164e-01,1.707438486324844469e-03
9.673125000000001306e-01,1.265215602953879970e-01,-3.883407665025767272e-04
9.673125000000001306e-01,1.253824744474609787e-01,-2.486018371903168413e-03
9.673125000000001306e-01,1.242630266788531251e-01,-4.583521223340604814e-03
9.673125000000001306e-01,1.231645044301281910e-01,-6.678757530892685292e-03
9.673125000000001306e-01,1.220813616235762594e-01,-8.788580290603854178e-03
9.673125000000001306e-01,1.210256474705342367e-01,-1.090951888158739509e-02
9.673125000000001306e-01,1.200053100744978285e-01,-1.302718589681787706e-02
9.673125000000001306e-01,1.190212159381954099e-01,-1.513911526847393565e-02
9.673125000000001306e-01,1.180741324377078544e-01,-1.724280969873960567e-02
9.673125000000001306e-01,1.171647267860989050e-01,-1.933574535750574863e-02
9.673125000000001306e-01,1.162935653893120425e-01,-2.141537684155835758e-02
9.673125000000001306e-01,1.154611136197445931e-01,-2.347914237360092249e-02
9.673125000000001306e-01,1.146677360305360244e-01,-2.552446921629302271e-02
9.673125000000001306e-01,1.139136970306967450e-01,-2.754877927366946797e-02
9.673125000000001306e-01,1.131991620377963970e-01,-2.954949484989051467e-02
9.673125000000001306e-01,1.125241991210767789e-01,-3.152404453331374146e-02
9.673125000000001306e-01,1.118887811436117957e-01,-3.346986917240985654e-02
9.673125000000001306e-01,1.112927884075709528e-01,-3.538442790908803703e-02
9.673125000000001306e-01,1.107360118018219097e-01,-3.726520423456728542e-02
9.673125000000001306e-01,1.102181564461064134e-01,-3.910971203302004984e-02
9.673125000000001306e-01,1.097388458209149764e-01,-4.091550157881587019e-02
9.673125000000001306e-01,1.092976263670458192e-01,-4.268016545427338188e-02
9.673125000000001306e-01,1.088939725337339792e-01,-4.440134435635910426e-02
9.673125000000001306e-01,1.085272922492511449e-01,-4.607673276270197321e-02
9.673125000000001306e-01,1.081969327830697714e-01,-4.770408442957516093e-02
9.673125000000001306e-01,1.079021869641237502e-01,-4.928121769707191624e-02
9.673125000000001306e-01,1.076422997154378169e-01,-5.080602057950925343e-02
9.673125000000001306e-01,1.074164748614938880e-01,-5.227645562206925667e-02
9.673125000000001306e-01,1.072238821612012949e-01,-5.369056450776581862e-02
9.673125000000001306e-01,1.070636645162808126e-01,-5.504647240194239510e-02
9.673125000000001306e-01,1.069349453022955254e-01,-5.634239202459992435e-02
9.673125000000001306e-01,1.068368357674912561e-01,-5.757662744386456144e-02
9.673125000000001306e-01,1.067684424430726531e-01,-5.874757758677736502e-02
9.673125000000001306e-01,1.067288745075491707e-01,-5.985373946627065705e-02
9.673125000000001306e-01,1.067172510473540226e-01,-6.089371112564637839e-02
9.673125000000001306e-01,1.067327081560690560e-01,-6.186619430404955572e-02
9.673125000000001306e-01,1.067744058152812897e-01,-6.276999682830614047e-02
9.673125000000001306e-01,1.068415345013446205e-01,-6.360403473804306096e-02
9.673125000000001306e-01,1.069333214641114693e-01,-6.436733415221454480e-02
9.673125000000001306e-01,1.070490366260171688e-01,-6.505903288601161405e-02
9.673125000000001306e-01,1.071879980527233323e-01,-6.567838182763106880e-02
9.673125000000001306e-01,1.073495769498277186e-01,-6.622474608453081391e-02
9.673125000000001306e-01,1.075332021438987762e-01,-6.669760590861337213e-02
9.673125000000001306e-01,1.077383640102566320e-01,-6.709655740927722434e-02
9.673125000000001306e-01,1.079646178144617052e-01,-6.742131306248264067e-02
9.673125000000001306e-01,1.082115864393451976e-01,-6.767170202292492609e-02
9.673125000000001306e-01,1.084789624745786385e-01,-6.784767024513081723e-02
9.673125000000001306e-01,1.087665096511834517e-01,-6.794928041783274142e-02
9.673125000000001306e-01,1.090703125472943652e-01,-6.797589833580393315e-02
9.673125000000001306e-01,1.093865001123994068e-01,-6.792699315831521312e-02
9.673125000000001306e-01,1.097149689093652736e-01,-6.780293744972813730e-02
9.673125000000001306e-01,1.100556319747758721e-01,-6.760419289841085311e-02
9.673125000000001306e-01,1.104084188484603379e-01,-6.733130916515230047e-02
9.673125000000001306e-01,1.107732757045972322e-01,-6.698492248860619946e-02
9.673125000000001306e-01,1.111501655752635959e-01,-6.656575405679078516e-02
9.673125000000001306e-01,1.115390686542539894e-01,-6.607460815643634300e-02
9.673125000000001306e-01,1.119399826661490460e-01,-6.551237011453316106e-02
9.673125000000001306e-01,1.123529232830041275e-01,-6.488000404874248728e-02
9.673125000000001306e-01,1.127779245686907073e-01,-6.417855044535224207e-02
9.673125000000001306e-01,1.132150394288901629e-01,-6.340912358514995406e-02
9.673125000000001306e-01,1.136643400430409068e-01,-6.257290883892133171e-02
9.673125000000001306e-01,1.141259182532004257e-01,-6.167115985523682203e-02
9.673125000000001306e-01,1.145998858838287032e-01,-6.070519566374731057e-02
9.673125000000001306e-01,1.150863749659443852e-01,-5.967639771736119036e-02
9.673125000000001306e-01,1.155855378389676197e-01,-5.858620689641962781e-02
9.673125000000001306e-01,1.160975471038508122e-01,-5.743612049732783192e-02
9.673125000000001306e-01,1.166225954018186850e-01,-5.622768922705268652e-02
9.673125000000001306e-01,1.171608949941911337e-01,-5.496251422348193832e-02
9.673125000000001306e-01,1.177126771203430566e-01,-5.364224411988492008e-02
9.673125000000001306e-01,1.182781911128543417e-01,-5.226857216965690583e-02
9.673125000000001306e-01,1.188577032513072479e-01,-5.084323344520898930e-02
9.673125000000001306e-01,1.194514953389757689e-01,-4.936800212233281165e-02
9.673125000000001306e-01,1.200598629897973862e-01,-4.784468885867857596e-02
9.673125000000001306e-01,1.206831136164904228e-01,-4.627513827219090214e-02
9.673125000000001306e-01,1.213215641144432810e-01,-4.466122652251641040e-02
9.673125000000001306e-01,1.219755382400117549e-01,-4.300485899558868091e-02
9.673125000000001306e-01,1.226453636860709573e-01,-4.130796808887732957e-02
9.673125000000001306e-01,1.233313688620239906e-01,-3.957251109222185981e-02
9.673125000000001306e-01,1.240338793899152248e-01,-3.780046815681859657e-02
9.673125000000001306e-01,1.247532143327662602e-01,-3.599384034284906775e-02
9.673125000000001306e-01,1.254896821756849024e-01,-3.415464773448251279e-02
9.673125000000001306e-01,1.262435765846207647e-01,-3.228492760960006980e-02
9.673125000000001306e-01,1.270151719717864669e-01,-3.038673265060940626e-02
9.673125000000001306e-01,1.278047189006578377e-01,-2.846212918217566612e-02
9.673125000000001306e-01,1.286124393670441679e-01,-2.651319542160042800e-02
9.673125000000001306e-01,1.294385219959047761e-01,-2.454201972794397765e-02
9.673125000000001306e-01,1.302831171963262369e-01,-2.255069883679397189e-02
9.673125000000001306e-01,1.311463323192967323e-01,-2.054133606882068905e-02
9.673125000000001306e-01,1.320282268645770474e-01,-1.851603950188614872e-02
9.673125000000001306e-01,1.329288077840221627e-01,-1.647692009845131908e-02
9.673125000000001306e-01,1.338480249291245650e-01,-1.442608978229169454e-02
9.673125000000001306e-01,1.347909203912626419e-01,-1.235281315753525115e-02
9.673125000000001306e-01,1.357519817395932693e-01,-1.025018585766303454e-02
9.673125000000001306e-01,1.367201363935719172e-01,-8.137505890846500473e-03
9.673125000000001306e-01,1.376948500696227318e-01,-6.016952294827587581e-03
9.673125000000001306e-01,1.386755550820359117e-01,-3.890705458923546679e-03
9.673125000000001306e-01,1.396616488918473453e-01,-1.760944470828598729e-03
9.673125000000001306e-01,1.406524929185483663e-01,3.701555029951722562e-04
9.673125000000001306e-01,1.416474116319521859e-01,2.500425790897315217e-03
9.673125000000001306e-01,1.426456919380458821e-01,4.627706731616072940e-03
9.673125000000001306e-01,1.436465828690368651e-01,6.749850120570351393e-03
9.673125000000001306e-01,1.446492955841246486e-01,8.864721576491232241e-03
9.673125000000001306e-01,1.456530036838415421e-01,1.097020281912199774e-02
9.673125000000001306e-01,1.466568438371728955e-01,1.306419385000267760e-02
9.673125000000001306e-01,1.476599167171359084e-01,1.514461502979658897e-02
9.673125000000001306e-01,1.486612882371182165e-01,1.720940904718614578e-02
9.673125000000001306e-01,1.496599910771002351e-01,1.925654277603051218e-02
9.673125000000001306e-01,1.506550264859459198e-01,2.128400901920544236e-02
9.673125000000001306e-01,1.516453663432856536e-01,2.328982813929770385e-02
9.673125000000001306e-01,1.526299554621571020e-01,2.527204957806720997e-02
9.673125000000001306e-01,1.536077141115428091e-01,2.722875326828228665e-02
9.673125000000001306e-01,1.545775407362614540e-01,2.915805094313766305e-02
9.673125000000001306e-01,1.555383148503464708e-01,3.105808734995101766e-02
9.673125000000001306e-01,1.564889000790817830e-01,3.292704137616445093e-02
9.673125000000001306e-01,1.574281473242631346e-01,3.476312709682588542e-02
9.673125000000001306e-01,1.583548980270030049e-01,3.656459475366714146e-02
9.673125000000001306e-01,1.592679875024859137e-01,3.832973167660599229e-02
9.673125000000001306e-01,1.601662483214937038e-01,4.005686315896844762e-02
9.673125000000001306e-01,1.610485137142283474e-01,4.174435329793900473e-02
9.673125000000001306e-01,1.619136209729451492e-01,4.339060581170005315e-02
9.673125000000001306e-01,1.627604148311349586e-01,4.499406484441653004e-02
9.673125000000001306e-01,1.635877507984337398e-01,4.655321576966377911e-02
9.673125000000001306e-01,1.643944984320546976e-01,4.806658600210070298e-02
9.673125000000001306e-01,1.651795445272987439e-01,4.953274582617071820e-02
9.673125000000001306e-01,1.659417962115688483e-01,5.095030924939588507e-02
9.673125000000001306e-01,1.666801839282553988e-01,5.231793488643825263e-02
9.673125000000001306e-01,1.673936642988406442e-01,5.363432687856909548e-02
9.673125000000001306e-01,1.680812228535577546e-01,5.489823585154635782e-02
9.673125000000001306e-01,1.687418766228990785e-01,5.610845991318443721e-02
9.673125000000001306e-01,1.693746765841757096e-01,5.726384569015220694e-02
9.673125000000001306e-01,1.699787099591522355e-01,5.836328940178654723e-02
9.673125000000001306e-01,1.705531023604985597e-01,5.940573796700195780e-02
9.673125000000001306e-01,1.710970197863911635e-01,6.039019013874741271e-02
9.673125000000001306e-01,1.716096704640397430e-01,6.131569765894308993e-02
9.673125000000001306e-01,1.720903065442013213e-01,6.218136642545820519e-02
9.673125000000001306e-01,1.725382256498556310e-01,6.298635766149206228e-02
9.673125000000001306e-01,1.729527722831509517e-01,6.372988907672237635e-02
9.673125000000001306e-01,1.733333390954763520e-01,6.441123600880835354e-02
9.673125000000001306e-01,1.736793680260802220e-01,6.502973253329633052e-02
9.673125000000001306e-01,1.739903513150309333e-01,6.558477252968618332e-02
9.673125000000001306e-01,1.742658323965109168e-01,6.607581069138206142e-02
9.673125000000001306e-01,1.745054066784562097e-01,6.650236346747298577e-02
9.673125000000001306e-01,1.747087222144078633e-01,6.686400992476225491e-02
9.673125000000001306e-01,1.748754802731426750e-01,6.716039251917922670e-02
9.673125000000001306e-01,1.750054358112091979e-01,6.739121776664916408e-02
9.673125000000001306e-01,1.750983978529291607e-01,6.755625680464566463e-02
9.673125000000001306e-01,1.751542297817485494e-01,6.765534583698118443e-02
9.673125000000001306e-01,1.751728495460561918e-01,6.768838645587911540e-02
1.025500000000000078e+00,2.097049168979077394e-01,7.461341462496172416e-02
1.025500000000000078e+00,2.096771853828569843e-01,7.458190680095853897e-02
1.025500000000000078e+00,2.095940367817040739e-01,7.448740039657542056e-02
1.025500000000000078e+00,2.094556087866937810e-01,7.432994668502021507e-02
1.025500000000000078e+00,2.092621304201087162e-01,7.410963135496279053e-02
1.025500000000000078e+00,2.090139213407555541e-01,7.382657485667536157e-02
1.025500000000000078e+00,2.087113908803485407e-01,7.348093287900824000e-02
1.025500000000000078e+00,2.083550368169893030e-01,7.307289694974059002e-02
1.025500000000000078e+00,2.079454438948534212e-01,7.260269514994087403e-02
1.025500000000000078e+00,2.074832821009938988e-01,7.207059293122811128e-02
1.025500000000000078e+00,2.069693047118461304e-01,7.147689402327689345e-02
1.025500000000000078e+00,2.064043461235391952e-01,7.082194141757708339e-02
1.025500000000000078e+00,2.057893194814716664e-01,7.010611841236928654e-02
1.025500000000000078e+00,2.051252141257773332e-01,6.932984970284368498e-02
1.025500000000000078e+00,2.044130928702712624e-01,6.849360250012453966e-02
1.025500000000000078e+00,2.036540891332204173e-01,6.759788766227453616e-02
1.025500000000000078e+00,2.028494039388109016e-01,6.664326082053947942e-02
1.025500000000000078e+00,2.020003028084841057e-01,6.563032348431328822e-02
1.025500000000000078e+00,2.011081125613759513e-01,6.455972410882489243e-02
1.025500000000000078e+00,2.001742180429229578e-01,6.343215911031852006e-02
1.025500000000000078e+00,1.992000588002909023e-01,6.224837381449509210e-02
1.025500000000000078e+00,1.981871257226477667e-01,6.100916332518524499e-02
1.025500000000000078e+00,1.971369576634466325e-01,5.971537330160026080e-02
1.025500000000000078e+00,1.960511380608229992e-01,5.836790063403133472e-02
1.025500000000000078e+00,1.949312915709545957e-01,5.696769400949962259e-02
1.025500000000000078e+00,1.937790807278043648e-01,5.551575436056881141e-02
1.025500000000000078e+00,1.925962026410888706e-01,5.401313519227887022e-02
1.025500000000000078e+00,1.913843857426074657e-01,5.246094278390735915e-02
1.025500000000000078e+00,1.901453865892650530e-01,5.086033626397717944e-02
1.025500000000000078e+00,1.888809867292483013e-01,4.921252755857023070e-02
1.025500000000000078e+00,1.875929896359065929e-01,4.751878121454189419e-02
1.025500000000000078e+00,1.862832177119778665e-01,4.578041410063210526e-02
1.025500000000000078e+00,1.849535093649177786e-01,4.399879499070424860e-02
1.025500000000000078e+00,1.836057161522799408e-01,4.217534403439555935e-02
1.025500000000000078e+00,1.822416999943798355e-01,4.031153212130639263e-02
1.025500000000000078e+00,1.808633304498997452e-01,3.840888014548288210e-02
1.025500000000000078e+00,1.794724820486825190e-01,3.646895817734785439e-02
1.025500000000000078e+00,1.780710316747510513e-01,3.449338455040242696e-02
1.025500000000000078e+00,1.766608559916054422e-01,3.248382486996348462e-02
1.025500000000000078e+00,1.752438289011151451e-01,3.044199095092383484e-02
1.025500000000000078e+00,1.738218190268585872e-01,2.836963969103616784e-02
1.025500000000000078e+00,1.723966872125853866e-01,2.626857188555095646e-02
1.025500000000000078e+00,1.709702840265936163e-01,2.414063098819691985e-02
1.025500000000000078e+00,1.695444472632361976e-01,2.198770182251666080e-02
1.025500000000000078e+00,1.681209994334920688e-01,1.981170924648007967e-02
1.025500000000000078e+00,1.667017452375541553e-01,1.761461677213296481e-02
1.025500000000000078e+00,1.652884690136868229e-01,1.539842514082840827e-02
1.025500000000000078e+00,1.638829321591673827e-01,1.316517085336839886e-02
1.025500000000000078e+00,1.624868705209299158e-01,1.091692465319032621e-02
1.025500000000000078e+00,1.611019917555414627e-01,8.655789959597561672e-03
1.025500000000000078e+00,1.597299726603274572e-01,6.383901246990782846e-03
1.025500000000000078e+00,1.583724564797840684e-01,4.103422365133436306e-03
1.025500000000000078e+00,1.570310501938277925e-01,1.816544794712074591e-03
1.025500000000000078e+00,1.557073217968881207e-01,-4.745141681536339112e-04
1.025500000000000078e+00,1.544027975793005325e-01,-2.767513305209579055e-03
1.025500000000000078e+00,1.531189594248500152e-01,-5.060189454146073705e-03
1.025500000000000078e+00,1.518572421406049200e-01,-7.350259578428308335e-03
1.025500000000000078e+00,1.506122868388507230e-01,-9.653597823802893829e-03
1.025500000000000078e+00,1.493968001775097809e-01,-1.196730428866898260e-02
1.025500000000000078e+00,1.482189617759821498e-01,-1.427747188880693421e-02
1.025500000000000078e+00,1.470797561022335609e-01,-1.658143165048350451e-02
1.025500000000000078e+00,1.459800636096376392e-01,-1.887648080310218301e-02
1.025500000000000078e+00,1.449206597653033279e-01,-2.115988766708018498e-02
1.025500000000000078e+00,1.439022144778842327e-01,-2.342889681438187557e-02
1.025500000000000078e+00,1.429252919490468787e-01,-2.568073448139856704e-02
1.025500000000000078e+00,1.419903509705433831e-01,-2.791261421070368592e-02
1.025500000000000078e+00,1.410977456860742218e-01,-3.012174269535564108e-02
1.025500000000000078e+00,1.402477268338746808e-01,-3.230532579692244055e-02
1.025500000000000078e+00,1.394404434822565098e-01,-3.446057470631761627e-02
1.025500000000000078e+00,1.386759452662411074e-01,-3.658471221490055408e-02
1.025500000000000078e+00,1.379541851289886600e-01,-3.867497906213558656e-02
1.025500000000000078e+00,1.372750225670286983e-01,-4.072864032543735413e-02
1.025500000000000078e+00,1.366382273733985908e-01,-4.274299181765736644e-02
1.025500000000000078e+00,1.360434838677722358e-01,-4.471536645798074305e-02
1.025500000000000078e+00,1.354903955975836904e-01,-4.664314058278272446e-02
1.025500000000000078e+00,1.349784904890931336e-01,-4.852374016421161229e-02
1.025500000000000078e+00,1.345072264223771685e-01,-5.035464690588238590e-02
1.025500000000000078e+00,1.340759971994203159e-01,-5.213340418703455575e-02
1.025500000000000078e+00,1.336841388699047117e-01,-5.385762282878062829e-02
1.025500000000000078e+00,1.333309363750016519e-01,-5.552498665858973670e-02
1.025500000000000078e+00,1.330156304655170652e-01,-5.713325785185574546e-02
1.025500000000000078e+00,1.327374248471829554e-01,-5.868028203223267514e-02
1.025500000000000078e+00,1.324954935027636560e-01,-6.016399311531676897e-02
1.025500000000000078e+00,1.322889881379968602e-01,-6.158241788316097531e-02
1.025500000000000078e+00,1.321170456962460493e-01,-6.293368027996169844e-02
1.025500000000000078e+00,1.319787958851305065e-01,-6.421600542200989192e-02
1.025500000000000078e+00,1.318733686573389796e-01,-6.542772331759648397e-02
1.025500000000000078e+00,1.317999015873367874e-01,-6.656727229496593734e-02
1.025500000000000078e+00,1.317575470857511033e-01,-6.763320213857915153e-02
1.025500000000000078e+00,1.317454793938649948e-01,-6.862417693585075307e-02
1.025500000000000078e+00,1.317629013018626338e-01,-6.953897763813737809e-02
1.025500000000000078e+00,1.318090505362363996e-01,-7.037650434105922892e-02
1.025500000000000078e+00,1.318832057640722255e-01,-7.113577829022187105e-02
1.025500000000000078e+00,1.319846921647545579e-01,-7.181594361907024660e-02
1.025500000000000078e+00,1.321128865229475591e-01,-7.241626882595128545e-02
1.025500000000000078e+00,1.322672218004852240e-01,-7.293614799749960353e-02
1.025500000000000078e+00,1.324471911490033571e-01,-7.337510178520507964e-02
1.025500000000000078e+00,1.326523513297342416e-01,-7.373277814149892251e-02
1.025500000000000078e+00,1.328823255118127544e-01,-7.400895282093021554e-02
1.025500000000000078e+00,1.331368054256700240e-01,-7.420352965103332865e-02
1.025500000000000078e+00,1.334155528535644342e-01,-7.431654057634540234e-02
1.025500000000000078e+00,1.337147611623851762e-01,-7.434724055622322914e-02
1.025500000000000078e+00,1.340306678400591256e-01,-7.429499896638921963e-02
1.025500000000000078e+00,1.343631667345998870e-01,-7.416019075659475990e-02
1.025500000000000078e+00,1.347121686961326725e-01,-7.394329061754637000e-02
1.025500000000000078e+00,1.350776015871057723e-01,-7.364487180929431276e-02
1.025500000000000078e+00,1.354594103722739917e-01,-7.326560473550702834e-02
1.025500000000000078e+00,1.358575572794966935e-01,-7.280625527235430605e-02
1.025500000000000078e+00,1.362720220194260368e-01,-7.226768286333425106e-02
1.025500000000000078e+00,1.367028020493953333e-01,-7.165083839379686459e-02
1.025500000000000078e+00,1.371499128642927334e-01,-7.095676186109664552e-02
1.025500000000000078e+00,1.376133882949557574e-01,-7.018657985821116774e-02
1.025500000000000078e+00,1.380932807926847361e-01,-6.934150289025646507e-02
1.025500000000000078e+00,1.385896616768744760e-01,-6.842282254458900703e-02
1.025500000000000078e+00,1.391026213215321439e-01,-6.743190853608303781e-02
1.025500000000000078e+00,1.396322692556069001e-01,-6.637020564969946246e-02
1.025500000000000078e+00,1.401787341516227137e-01,-6.523923060260819473e-02
1.025500000000000078e+00,1.407421636770918305e-01,-6.404056884789008364e-02
1.025500000000000078e+00,1.413227241836043091e-01,-6.277587134123514823e-02
1.025500000000000078e+00,1.419206002093405250e-01,-6.144685129108187760e-02
1.025500000000000078e+00,1.425359937720394599e-01,-6.005528091133321283e-02
1.025500000000000078e+00,1.431691234311689986e-01,-5.860298819416312477e-02
1.025500000000000078e+00,1.438202231001728670e-01,-5.709185371853173208e-02
1.025500000000000078e+00,1.444895405921967357e-01,-5.552380750789541464e-02
1.025500000000000078e+00,1.451773358855982243e-01,-5.390082594827995399e-02
1.025500000000000078e+00,1.458838790987952438e-01,-5.222492877543127160e-02
1.025500000000000078e+00,1.466094481675680461e-01,-5.049817613722239890e-02
1.025500000000000078e+00,1.473543262217650307e-01,-4.872266573493960751e-02
1.025500000000000078e+00,1.481187986624215025e-01,-4.690053004455092128e-02
1.025500000000000078e+00,1.489031499445375162e-01,-4.503393361663863420e-02
1.025500000000000078e+00,1.497076600751171827e-01,-4.312507045141217299e-02
1.025500000000000078e+00,1.505326008404882510e-01,-4.117616144316556259e-02
1.025500000000000078e+00,1.513782317813344713e-01,-3.918945188675485719e-02
1.025500000000000078e+00,1.522447959382159377e-01,-3.716720903719565594e-02
1.025500000000000078e+00,1.531325153945574669e-01,-3.511171971235309969e-02
1.025500000000000078e+00,1.540415866480798479e-01,-3.302528792795379753e-02
1.025500000000000078e+00,1.549721758453672660e-01,-3.091023255380656240e-02
1.025500000000000078e+00,1.559244139176347022e-01,-2.876888498019206791e-02
1.025500000000000078e+00,1.568983916587205762e-01,-2.660358678386746945e-02
1.025500000000000078e+00,1.578941547888179642e-01,-2.441668738401953087e-02
1.025500000000000078e+00,1.589116990494227055e-01,-2.221054167976514726e-02
1.025500000000000078e+00,1.599509653763676043e-01,-1.998750766240568050e-02
1.025500000000000078e+00,1.610118351985946050e-01,-1.774994399754505417e-02
1.025500000000000078e+00,1.620941259104626830e-01,-1.550020757432552486e-02
1.025500000000000078e+00,1.632027307358502877e-01,-1.322836919755108337e-02
1.025500000000000078e+00,1.643314669368088621e-01,-1.092749577557865920e-02
1.025500000000000078e+00,1.654688970624171029e-01,-8.616072932345970187e-03
1.025500000000000078e+00,1.666143203018953245e-01,-6.296492322723420791e-03
1.025500000000000078e+00,1.677669992468008853e-01,-3.971145273892142183e-03
1.025500000000000078e+00,1.689261586276061822e-01,-1.642419857510151425e-03
1.025500000000000078e+00,1.700909843207935590e-01,6.873019906505543983e-04
1.025500000000000078e+00,1.712606226431347689e-01,3.015647290685529672e-03
1.025500000000000078e+00,1.724341799463542380e-01,5.340254765847500876e-03
1.025500000000000078e+00,1.736107225217925487e-01,7.658777505652104682e-03
1.025500000000000078e+00,1.747892768210488612e-01,9.968885534335688789e-03
1.025500000000000078e+00,1.759688299949430101e-01,1.226826827542072500e-02
1.025500000000000078e+00,1.771483307495516080e-01,1.455463690453514571e-02
1.025500000000000078e+00,1.783266905145932113e-01,1.682572658416925382e-02
1.025500000000000078e+00,1.795027849161104916e-01,1.907929857570768439e-02
1.025500000000000078e+00,1.806754555422669939e-01,2.131314222581285819e-02
1.025500000000000078e+00,1.818435119881852691e-01,2.352507682602637470e-02
1.025500000000000078e+00,1.830057341631309842e-01,2.571295334625818899e-02
1.025500000000000078e+00,1.841608748410271390e-01,2.787465604461490665e-02
1.025500000000000078e+00,1.853076624332852251e-01,3.000810395774120704e-02
1.025500000000000078e+00,1.864448039612799368e-01,3.211125227747416849e-02
1.025500000000000078e+00,1.875709882044858112e-01,3.418209362110916777e-02
1.025500000000000078e+00,1.886848889993374689e-01,3.621865920391150601e-02
1.025500000000000078e+00,1.897851686632714419e-01,3.821901992365641515e-02
1.025500000000000078e+00,1.908704815181475611e-01,4.018128736791434785e-02
1.025500000000000078e+00,1.919394774873191545e-01,4.210361475549923016e-02
1.025500000000000078e+00,1.929908057410079092e-01,4.398419782395220079e-02
1.025500000000000078e+00,1.940231183653158276e-01,4.582127567512918331e-02
1.025500000000000078e+00,1.950350740311516951e-01,4.761313159089658464e-02
1.025500000000000078e+00,1.960253416405333404e-01,4.935809383061767752e-02
1.025500000000000078e+00,1.969926039291152453e-01,5.105453642153613691e-02
1.025500000000000078e+00,1.979355610053584458e-01,5.270087995235169659e-02
1.025500000000000078e+00,1.988529338084637499e-01,5.429559237924858062e-02
1.025500000000000078e+00,1.997434674690048151e-01,5.583718985240631455e-02
1.025500000000000078e+00,2.006059345580826769e-01,5.732423756962122530e-02
1.025500000000000078e+00,2.014391382127497521e-01,5.875535066212256990e-02
1.025500000000000078e+00,2.022419151273868454e-01,6.012919511602077272e-02
1.025500000000000078e+00,2.030131384026260533e-01,6.144448873110185116e-02
1.025500000000000078e+00,2.037517202452751031e-01,6.270000211692994263e-02
1.025500000000000078e+00,2.044566145144809943e-01,6.389455972446735077e-02
1.025500000000000078e+00,2.051268191110551808e-01,6.502704090971142548e-02
1.025500000000000078e+00,2.057613782084447562e-01,6.609638102421561134e-02
1.025500000000000078e+00,2.063593843252602422e-01,6.710157252583975884e-02
1.025500000000000078e+00,2.069199802405425892e-01,6.804166610169938567e-02
1.025500000000000078e+00,2.074423607540618608e-01,6.891577179407873399e-02
1.025500000000000078e+00,2.079257742948786014e-01,6.972306011906741208e-02
1.025500000000000078e+00,2.083695243821611642e-01,7.046276316689410735e-02
1.025500000000000078e+00,2.087729709428361169e-01,7.113417567237997896e-02
1.025500000000000078e+00,2.091355314910569307e-01,7.173665604362909620e-02
1.025500000000000078e+00,2.094566821747095298e-01,7.226962733702227415e-02
1.025500000000000078e+00,2.097359586942412757e-01,7.273257816678158072e-02
1.025500000000000078e+00,2.099729570990085670e-01,7.312506353782208257e-02
1.025500000000000078e+00,2.101673344661003084e-01,7.344670559129658216e-02
1.025500000000000078e+00,2.103188094662208907e-01,7.369719425315052197e-02
1.025500000000000078e+00,2.104271628207242117e-01,7.387628777712132444e-02
1.025500000000000078e+00,2.104922376532920580e-01,7.398381317491320441e-02
1.025500000000000078e+00,2.105139397390663469e-01,7.401966652772906663e-02
1.083687500000000137e+00,2.475505614751723205e-01,8.094392803528108193e-02
1.083687500000000137e+00,2.475198432039487917e-01,8.090965114711011485e-02
1.083687500000000137e+00,2.474277378819783324e-01,8.080683958343734541e-02
1.083687500000000137e+00,2.472743938395952912e-01,8.063555071728850665e-02
1.083687500000000137e+00,2.470600578125126123e-01,8.039588040428882754e-02
1.083687500000000137e+00,2.467850742231886552e-01,8.008796332969592147e-02
1.083687500000000137e+00,2.464498841819656727e-01,7.971197348663459914e-02
1.083687500000000137e+00,2.460550242151031131e-01,7.926812477807856916e-02
1.083687500000000137e+00,2.456011247287249455e-01,7.875667173321855563e-02
1.083687500000000137e+00,2.450889082194869228e-01,7.817791032710766364e-02
1.083687500000000137e+00,2.445191872444350545e-01,7.753217889091924830e-02
1.083687500000000137e+00,2.438928621640447658e-01,7.681985909881064445e-02
1.083687500000000137e+00,2.432109186737843043e-01,7.604137701628091439e-02
1.083687500000000137e+00,2.424744251407218165e-01,7.519720419406060452e-02
1.083687500000000137e+00,2.416845297626759870e-01,7.428785879098480371e-02
1.083687500000000137e+00,2.408424575681838709e-01,7.331390670898739470e-02
1.083687500000000137e+00,2.399495072761181624e-01,7.227596272331465732e-02
1.083687500000000137e+00,2.390070480341186798e-01,7.117469159128432532e-02
1.083687500000000137e+00,2.380165160551109549e-01,7.001080912340655604e-02
1.083687500000000137e+00,2.369794111710604723e-01,6.878508320141914212e-02
1.083687500000000137e+00,2.358972933227612145e-01,6.749833472875162166e-02
1.083687500000000137e+00,2.347717790038839070e-01,6.615143850010163362e-02
1.083687500000000137e+00,2.336045376767216797e-01,6.474532397814919404e-02
1.083687500000000137e+00,2.323972881760807130e-01,6.328097596692845717e-02
1.083687500000000137e+00,2.311517951165847906e-01,6.175943517297965285e-02
1.083687500000000137e+00,2.298698653173138484e-01,6.018179864708914084e-02
1.083687500000000137e+00,2.285533442561986928e-01,5.854922010115285597e-02
1.083687500000000137e+00,2.272041125649703897e-01,5.686291009643093530e-02
1.083687500000000137e+00,2.258240825737408974e-01,5.512413610116759233e-02
1.083687500000000137e+00,2.244151949124980061e-01,5.333422241718711876e-02
1.083687500000000137e+00,2.229794151749661668e-01,5.149454997662038236e-02
1.083687500000000137e+00,2.215187306484436291e-01,4.960655601132888531e-02
1.083687500000000137e+00,2.200351471114128099e-01,4.767173359885076844e-02
1.083687500000000137e+00,2.185306856989644719e-01,4.569163108977358778e-02
1.083687500000000137e+00,2.170073798344136495e-01,4.366785142231836836e-02
1.083687500000000137e+00,2.154672722239465432e-01,4.160205133058914734e-02
1.083687500000000137e+00,2.139124119097574328e-01,3.949594045339117898e-02
1.083687500000000137e+00,2.123448513759368383e-01,3.735128035074231773e-02
1.083687500000000137e+00,2.107666437003917204e-01,3.516988343520335847e-02
1.083687500000000137e+00,2.091798397453293878e-01,3.295361182493532909e-02
1.083687500000000137e+00,2.075864853783476738e-01,3.070437612496976915e-02
1.083687500000000137e+00,2.059886187159534754e-01,2.842413414256892562e-02
1.083687500000000137e+00,2.043882673813953166e-01,2.611488954177480087e-02
1.083687500000000137e+00,2.027874457690452825e-01,2.377869044132778498e-02
1.083687500000000137e+00,2.011881523082041656e-01,2.141762795910196956e-02
1.083687500000000137e+00,1.995923667201230101e-01,1.903383470508730746e-02
1.083687500000000137e+00,1.980020472632252337e-01,1.662948322378267688e-02
1.083687500000000137e+00,1.964191279629557974e-01,1.420678438567734084e-02
1.083687500000000137e+00,1.948455158243589669e-01,1.176798572633126760e-02
1.083687500000000137e+00,1.932830880273612717e-01,9.315369730444470961e-03
1.083687500000000137e+00,1.917336891067814575e-01,6.851252057268098633e-03
1.083687500000000137e+00,1.901991281212647711e-01,4.377979702781302496e-03
1.083687500000000137e+00,1.886811758176057952e-01,1.897929093268070806e-03
1.083687500000000137e+00,1.871815617992334813e-01,-5.864958957035601786e-04
1.083687500000000137e+00,1.857019717099420153e-01,-3.072866001347495518e-03
1.083687500000000137e+00,1.842440444462084825e-01,-5.558728723476649008e-03
1.083687500000000137e+00,1.828093694135977110e-01,-8.041610568829465552e-03
1.083687500000000137e+00,1.813928976856252762e-01,-1.053627575057421509e-02
1.083687500000000137e+00,1.800079144294483569e-01,-1.304043780615163871e-02
1.083687500000000137e+00,1.786627458122249101e-01,-1.554076372337308970e-02
1.083687500000000137e+00,1.773585029180400618e-01,-1.803438384405443851e-02
1.083687500000000137e+00,1.760961883939206329e-01,-2.051839228916497310e-02
1.083687500000000137e+00,1.748766955495630326e-01,-2.298985203439816993e-02
1.083687500000000137e+00,1.737008078620548290e-01,-2.544580026782522486e-02
1.083687500000000137e+00,1.725691989081764022e-01,-2.788325401061041153e-02
1.083687500000000137e+00,1.714824327447778962e-01,-3.029921597864591518e-02
1.083687500000000137e+00,1.704409647551235474e-01,-3.269068066010398510e-02
1.083687500000000137e+00,1.694451429760139016e-01,-3.505464058135861205e-02
1.083687500000000137e+00,1.684952099169679252e-01,-3.738809273155358631e-02
1.083687500000000137e+00,1.675913048788287840e-01,-3.968804511432345861e-02
1.083687500000000137e+00,1.667334667748981425e-01,-4.195152339384217166e-02
1.083687500000000137e+00,1.659216374531698457e-01,-4.417557760149693619e-02
1.083687500000000137e+00,1.651556655134875651e-01,-4.635728886907081181e-02
1.083687500000000137e+00,1.644353106085672811e-01,-4.849377615436297612e-02
1.083687500000000137e+00,1.637602482128682757e-01,-5.058220292566618925e-02
1.083687500000000137e+00,1.631300748383442412e-01,-5.261978377243425181e-02
1.083687500000000137e+00,1.625443136712245162e-01,-5.460379091077564168e-02
1.083687500000000137e+00,1.620024205992353639e-01,-5.653156055406386576e-02
1.083687500000000137e+00,1.615037905941378304e-01,-5.840049912091568179e-02
1.083687500000000137e+00,1.610477644101933614e-01,-6.020808925500423237e-02
1.083687500000000137e+00,1.606336355552282491e-01,-6.195189563359201207e-02
1.083687500000000137e+00,1.602606574874047562e-01,-6.362957054423482028e-02
1.083687500000000137e+00,1.599280509876677969e-01,-6.523885921176264535e-02
1.083687500000000137e+00,1.596350116551600862e-01,-6.677760486033625098e-02
1.083687500000000137e+00,1.593807174707214946e-01,-6.824375349805018864e-02
1.083687500000000137e+00,1.591643363719360826e-01,-6.963535841415935401e-02
1.083687500000000137e+00,1.589850337820866710e-01,-7.095058438149220992e-02
1.083687500000000137e+00,1.588419800348333244e-01,-7.218771155894719571e-02
1.083687500000000137e+00,1.587343576364618480e-01,-7.334513909110131069e-02
1.083687500000000137e+00,1.586613683081487536e-01,-7.442138840387080290e-02
1.083687500000000137e+00,1.586222397518613492e-01,-7.541510619681970895e-02
1.083687500000000137e+00,1.586162320852408381e-01,-7.632506713410062982e-02
1.083687500000000137e+00,1.586426438930920169e-01,-7.715017623711734052e-02
1.083687500000000137e+00,1.587008178459007601e-01,-7.788947098281867598e-02
1.083687500000000137e+00,1.587901458390949261e-01,-7.854212311206666686e-02
1.083687500000000137e+00,1.589100736105267808e-01,-7.910744015277913765e-02
1.083687500000000137e+00,1.590601047978456861e-01,-7.958486666254027675e-02
1.083687500000000137e+00,1.592398044020134906e-01,-7.997398519512256831e-02
1.083687500000000137e+00,1.594488016281444265e-01,-8.027451699489601689e-02
1.083687500000000137e+00,1.596867920800824625e-01,-8.048632242244181667e-02
1.083687500000000137e+00,1.599535392906098474e-01,-8.060940111387705775e-02
1.083687500000000137e+00,1.602453879976749596e-01,-8.064291419931254867e-02
1.083687500000000137e+00,1.605587260157478879e-01,-8.058614824865623083e-02
1.083687500000000137e+00,1.608934457968970166e-01,-8.043947894740574589e-02
1.083687500000000137e+00,1.612494567775428211e-01,-8.020339250591730640e-02
1.083687500000000137e+00,1.616266853640805912e-01,-7.987848447289074005e-02
1.083687500000000137e+00,1.620250749745474339e-01,-7.946545828269507838e-02
1.083687500000000137e+00,1.624445861276913594e-01,-7.896512354490185792e-02
1.083687500000000137e+00,1.628851965679565805e-01,-7.837839408684282860e-02
1.083687500000000137e+00,1.633469014122583274e-01,-7.770628576227592288e-02
1.083687500000000137e+00,1.638297133020198970e-01,-7.694991404128810608e-02
1.083687500000000137e+00,1.643336625418214125e-01,-7.611049139835057709e-02
1.083687500000000137e+00,1.648587972041988259e-01,-7.518932451694039509e-02
1.083687500000000137e+00,1.654051831786605975e-01,-7.418781133032734121e-02
1.083687500000000137e+00,1.659729041418876450e-01,-7.310743791897635069e-02
1.083687500000000137e+00,1.665620614253671417e-01,-7.194977528552261303e-02
1.083687500000000137e+00,1.671727737564070726e-01,-7.071647602842852376e-02
1.083687500000000137e+00,1.678051768485898931e-01,-6.940927093523545366e-02
1.083687500000000137e+00,1.684594228182676179e-01,-6.802996551577868145e-02
1.083687500000000137e+00,1.691356794046720291e-01,-6.658043649486371229e-02
1.083687500000000137e+00,1.698341289726152947e-01,-6.506262828271978937e-02
1.083687500000000137e+00,1.705549672785760529e-01,-6.347854944008554656e-02
1.083687500000000137e+00,1.712984019831933491e-01,-6.183026915307351934e-02
1.083687500000000137e+00,1.720646508958026677e-01,-6.011991373104456221e-02
1.083687500000000137e+00,1.728539399396233911e-01,-5.834966313864488330e-02
1.083687500000000137e+00,1.736665008295087409e-01,-5.652174757096753432e-02
1.083687500000000137e+00,1.745025684577672653e-01,-5.463844407854571983e-02
1.083687500000000137e+00,1.753623779874111943e-01,-5.270207324662441045e-02
1.083687500000000137e+00,1.762461616562361888e-01,-5.071499593094313391e-02
1.083687500000000137e+00,1.771541452993381227e-01,-4.867961005015133263e-02
1.083687500000000137e+00,1.780865446019655185e-01,-4.659834743302222748e-02
1.083687500000000137e+00,1.790435610989314086e-01,-4.447367071688168583e-02
1.083687500000000137e+00,1.800253779411038202e-01,-4.230807029217101278e-02
1.083687500000000137e+00,1.810321554536884758e-01,-4.010406128685799210e-02
1.083687500000000137e+00,1.820640265150489379e-01,-3.786418058353060306e-02
1.083687500000000137e+00,1.831210917886045841e-01,-3.559098386147985932e-02
1.083687500000000137e+00,1.842034148438428665e-01,-3.328704265591597017e-02
1.083687500000000137e+00,1.853110172056121885e-01,-3.095494142667323811e-02
1.083687500000000137e+00,1.864438733735651610e-01,-2.859727462933812567e-02
1.083687500000000137e+00,1.876019058558437425e-01,-2.621664378266682846e-02
1.083687500000000137e+00,1.887849802627879214e-01,-2.381565452741784064e-02
1.083687500000000137e+00,1.899929005075673971e-01,-2.139691367327389501e-02
1.083687500000000137e+00,1.912254041611495259e-01,-1.896302623232243301e-02
1.083687500000000137e+00,1.924821580089051409e-01,-1.651659243954739509e-02
1.083687500000000137e+00,1.937678063757139191e-01,-1.404857803743572199e-02
1.083687500000000137e+00,1.950754903994726397e-01,-1.155205046246736422e-02
1.083687500000000137e+00,1.963935308484280051e-01,-9.044545308627513491e-03
1.083687500000000137e+00,1.977210454202606438e-01,-6.528663188678103177e-03
1.083687500000000137e+00,1.990571121599744309e-01,-4.007002578117206844e-03
1.083687500000000137e+00,2.004007684170598935e-01,-1.482156623488825337e-03
1.083687500000000137e+00,2.017510100786658878e-01,1.043289987956905066e-03
1.083687500000000137e+00,2.031067910946244004e-01,3.566764084006091191e-03
1.083687500000000137e+00,2.044670233067663601e-01,6.085706976102099076e-03
1.083687500000000137e+00,2.058305765914552055e-01,8.597577329255029835e-03
1.083687500000000137e+00,2.071962793207042797e-01,1.109985392278647724e-02
1.083687500000000137e+00,2.085629191436847718e-01,1.359003829277258962e-02
1.083687500000000137e+00,2.099292440869288401e-01,1.606565724852844143e-02
1.083687500000000137e+00,2.112939639681344350e-01,1.852426525709032282e-02
1.083687500000000137e+00,2.126557521152304953e-01,2.096344669137218536e-02
1.083687500000000137e+00,2.140132473793083523e-01,2.338081793946545500e-02
1.083687500000000137e+00,2.153650564272031054e-01,2.577402937438482561e-02
1.083687500000000137e+00,2.167097562969507452e-01,2.814076718539900920e-02
1.083687500000000137e+00,2.180458971970808402e-01,3.047875507388894331e-02
1.083687500000000137e+00,2.193720055287516069e-01,3.278575581841364217e-02
1.083687500000000137e+00,2.206865871081095942e-01,3.505957271529500791e-02
1.083687500000000137e+00,2.219881305649711034e-01,3.729805090253216632e-02
1.083687500000000137e+00,2.232751108929778294e-01,3.949907857618524532e-02
1.083687500000000137e+00,2.245459931257765829e-01,4.166058810950749175e-02
1.083687500000000137e+00,2.257992361135023884e-01,4.378055708602651697e-02
1.083687500000000137e+00,2.270332963738941889e-01,4.585700925846220022e-02
1.083687500000000137e+00,2.282466319927269893e-01,4.788801544580970071e-02
1.083687500000000137e+00,2.294377065488802658e-01,4.987169438109739089e-02
1.083687500000000137e+00,2.306049930402579717e-01,5.180621352225473625e-02
1.083687500000000137e+00,2.317469777879017645e-01,5.368978983819271134e-02
1.083687500000000137e+00,2.328621642969658789e-01,5.552069058161647475e-02
1.083687500000000137e+00,2.339490770547203169e-01,5.729723405927587832e-02
1.083687500000000137e+00,2.350062652473842995e-01,5.901779040932339515e-02
1.083687500000000137e+00,2.360323063793328957e-01,6.068078239422317055e-02
1.083687500000000137e+00,2.370258097800337360e-01,6.228468621625827401e-02
1.083687500000000137e+00,2.379854199859242070e-01,6.382803236115040801e-02
1.083687500000000137e+00,2.389098199863059213e-01,6.530940647367051988e-02
1.083687500000000137e+00,2.397977343241776138e-01,6.672745026741042085e-02
1.083687500000000137e+00,2.406479320447292847e-01,6.808086246914836492e-02
1.083687500000000137e+00,2.414592294859481125e-01,6.936839979650476218e-02
1.083687500000000137e+00,2.422304929074246549e-01,7.058887796589066732e-02
1.083687500000000137e+00,2.429606409549701918e-01,7.174117272613250718e-02
1.083687500000000137e+00,2.436486469600518123e-01,7.282422091164855726e-02
1.083687500000000137e+00,2.442935410743031222e-01,7.383702150768604866e-02
1.083687500000000137e+00,2.448944122404664026e-01,7.477863671892887032e-02
1.083687500000000137e+00,2.454504100020602764e-01,7.564819303178452192e-02
1.083687500000000137e+00,2.459607461548367346e-01,7.644488225986756369e-02
1.083687500000000137e+00,2.464246962436963673e-01,7.716796256163992174e-02
1.083687500000000137e+00,2.468416009091660424e-01,7.781675941884885761e-02
1.083687500000000137e+00,2.472108670878172820e-01,7.839066656433268943e-02
1.083687500000000137e+00,2.475319690711193232e-01,7.888914684794028076e-02
1.083687500000000137e+00,2.478044494271871567e-01,7.931173302972818751e-02
1.083687500000000137e+00,2.480279197897121701e-01,7.965802849025151178e-02
1.083687500000000137e+00,2.482020615180636214e-01,7.992770784863344191e-02
1.083687500000000137e+00,2.483266262321353612e-01,8.012051748016825459e-02
1.083687500000000137e+00,2.484014362250012431e-01,8.023627592645740658e-02
1.083687500000000137e+00,2.484263847558487170e-01,8.027487419247303357e-02
1.141875000000000195e+00,2.878931129603697903e-01,8.712164712613242046e-02
1.141875000000000195e+00,2.878593257848869880e-01,8.708464741007330978e-02
1.141875000000000195e+00,2.877580172564739303e-01,8.697366942144185709e-02
1.141875000000000195e+00,2.875893462201360440e-01,8.678877670893071772e-02
1.141875000000000195e+00,2.873535769215685431e-01,8.653007541945197112e-02
1.141875000000000195e+00,2.870510782667549665e-01,8.619771464297452945e-02
1.141875000000000195e+00,2.866823227925006656e-01,8.579188688776406835e-02
1.141875000000000195e+00,2.862478853549020874e-01,8.531282867864670161e-02
1.141875000000000195e+00,2.857484415446152615e-01,8.476082126902630132e-02
1.141875000000000195e+00,2.851847658395532115e-01,8.413619145564946167e-02
1.141875000000000195e+00,2.845577295072831969e-01,8.343931248356235841e-02
1.141875000000000195e+00,2.838682982709012648e-01,8.267060502736331418e-02
1.141875000000000195e+00,2.831175297535085678e-01,8.183053823374558666e-02
1.141875000000000195e+00,2.823065707175895778e-01,8.091963080946348863e-02
1.141875000000000195e+00,2.814366541165803648e-01,7.993845213825240270e-02
1.141875000000000195e+00,2.805090959767069236e-01,7.888762340989589894e-02
1.141875000000000195e+00,2.795252921277552316e-01,7.776781874456598076e-02
1.141875000000000195e+00,2.784867148018025373e-01,7.657976629575627414e-02
1.141875000000000195e+00,2.773949091190888172e-01,7.532424931557918368e-02
1.141875000000000195e+00,2.762514894801346155e-01,7.400210716689266388e-02
1.141875000000000195e+00,2.750581358829206069e-01,7.261423626763809092e-02
1.141875000000000195e+00,2.738165901834374028e-01,7.116159095389254508e-02
1.141875000000000195e+00,2.725286523172026354e-01,6.964518424943330621e-02
1.141875000000000195e+00,2.711961764984298640e-01,6.806608853105751422e-02
1.141875000000000195e+00,2.698210674124446040e-01,6.642543608045808901e-02
1.141875000000000195e+00,2.684052764156810156e-01,6.472441951509823321e-02
1.141875000000000195e+00,2.669507977561930145e-01,6.296429209221544865e-02
1.141875000000000195e+00,2.654596648260798553e-01,6.114636788178488824e-02
1.141875000000000195e+00,2.639339464556063053e-01,5.927202180595013414e-02
1.141875000000000195e+00,2.623757432570938963e-01,5.734268954404716373e-02
1.141875000000000195e+00,2.607871840249222362e-01,5.535986730387815191e-02
1.141875000000000195e+00,2.591704221962271015e-01,5.332511146130197027e-02
1.141875000000000195e+00,2.575276323751464203e-01,5.124003807147139988e-02
1.141875000000000195e+00,2.558610069217853167e-01,4.910632225614312840e-02
1.141875000000000195e+00,2.541727526054717301e-01,4.692569747239161426e-02
1.141875000000000195e+00,2.524650873203878598e-01,4.469995466876148377e-02
1.141875000000000195e+00,2.507402368603232068e-01,4.243094133538488633e-02
1.141875000000000195e+00,2.490004317481243346e-01,4.012056045486243200e-02
1.141875000000000195e+00,2.472479041144465817e-01,3.777076936076510794e-02
1.141875000000000195e+00,2.454848846196604484e-01,3.538357851045974278e-02
1.141875000000000195e+00,2.437135994122545390e-01,3.296105017860684328e-02
1.141875000000000195e+00,2.419362671168201195e-01,3.050529707714079095e-02
1.141875000000000195e+00,2.401550958447085382e-01,2.801848090683560499e-02
1.141875000000000195e+00,2.383722802207334790e-01,2.550281084471354640e-02
1.141875000000000195e+00,2.365899984198370498e-01,2.296054197058815249e-02
1.141875000000000195e+00,2.348104092084565830e-01,2.039397363498256580e-02
1.141875000000000195e+00,2.330356489863986413e-01,1.780544776955651429e-02
1.141875000000000195e+00,2.312678288263396442e-01,1.519734714004241857e-02
1.141875000000000195e+00,2.295090315096015021e-01,1.257209354056709402e-02
1.141875000000000195e+00,2.277613085585747654e-01,9.932145927151178610e-03
1.141875000000000195e+00,2.260266772680442626e-01,7.279998487164057556e-03
1.141875000000000195e+00,2.243071177396847304e-01,4.618178640597239010e-03
1.141875000000000195e+00,2.226045699260897348e-01,1.949244968230690218e-03
1.141875000000000195e+00,2.209209306928411332e-01,-7.242149388744876376e-04
1.141875000000000195e+00,2.192580509092695584e-01,-3.399586714594880245e-03
1.141875000000000195e+00,2.176177325806542273e-01,-6.074231544002085814e-03
1.141875000000000195e+00,2.160017260366185465e-01,-8.745488587078978360e-03
1.141875000000000195e+00,2.144054051769536950e-01,-1.142691327693575766e-02
1.141875000000000195e+00,2.128425487809506300e-01,-1.411686032321918249e-02
1.141875000000000195e+00,2.113215483006861128e-01,-1.680264401245283590e-02
1.141875000000000195e+00,2.098436496573839738e-01,-1.948119855660555150e-02
1.141875000000000195e+00,2.084099864262427826e-01,-2.214941970144846881e-02
1.141875000000000195e+00,2.070215790096329167e-01,-2.480416998682254820e-02
1.141875000000000195e+00,2.056793342191177154e-01,-2.744228429666623753e-02
1.141875000000000195e+00,2.043840452869952751e-01,-3.006057568097439403e-02
1.141875000000000195e+00,2.031363923261008120e-01,-3.265584142880932628e-02
1.141875000000000195e+00,2.019369432541670006e-01,-3.522486936865427964e-02
1.141875000000000195e+00,2.007861551961330204e-01,-3.776444436984206787e-02
1.141875000000000195e+00,1.996843763744585165e-01,-4.027135501655899202e-02
1.141875000000000195e+00,1.986318484937789064e-01,-4.274240042405520745e-02
1.141875000000000195e+00,1.976287096221830131e-01,-4.517439716521904486e-02
1.141875000000000195e+00,1.966749975670619710e-01,-4.756418627461690002e-02
1.141875000000000195e+00,1.957706537389301005e-01,-4.990864029647058137e-02
1.141875000000000195e+00,1.949155274919199543e-01,-5.220467034284508034e-02
1.141875000000000195e+00,1.941093809248734259e-01,-5.444923312853969938e-02
1.141875000000000195e+00,1.933518941221572529e-01,-5.663933794979892494e-02
1.141875000000000195e+00,1.926426708085938189e-01,-5.877205357495996624e-02
1.141875000000000195e+00,1.919812443882813746e-01,-6.084451501649795757e-02
1.141875000000000195e+00,1.913670843326521487e-01,-6.285393015557930174e-02
1.141875000000000195e+00,1.907996028789360476e-01,-6.479758619214370796e-02
1.141875000000000195e+00,1.902781619963275217e-01,-6.667285589565867532e-02
1.141875000000000195e+00,1.898020805736393424e-01,-6.847720363397857835e-02
1.141875000000000195e+00,1.893706417791215513e-01,-7.020819116013835015e-02
1.141875000000000195e+00,1.889831005404662423e-01,-7.186348313937408749e-02
1.141875000000000195e+00,1.886386910908452452e-01,-7.344085240113547297e-02
1.141875000000000195e+00,1.883366345251691609e-01,-7.493818490329205717e-02
1.141875000000000195e+00,1.880761463096310426e-01,-7.635348439809332144e-02
1.141875000000000195e+00,1.878564436870311383e-01,-7.768487679167893067e-02
1.141875000000000195e+00,1.876767529203708373e-01,-7.893061419101748966e-02
1.141875000000000195e+00,1.875363163177660719e-01,-8.008907863404682304e-02
1.141875000000000195e+00,1.874343989828574086e-01,-8.115878550047250783e-02
1.141875000000000195e+00,1.873702952365749186e-01,-8.213838660213557130e-02
1.141875000000000195e+00,1.873433346583426029e-01,-8.302667295307107620e-02
1.141875000000000195e+00,1.873528876975515678e-01,-8.382257722034187897e-02
1.141875000000000195e+00,1.873983708093753253e-01,-8.452517585744349915e-02
1.141875000000000195e+00,1.874792510727082417e-01,-8.513369092254564896e-02
1.141875000000000195e+00,1.875950502521477048e-01,-8.564749158407027052e-02
1.141875000000000195e+00,1.877453482704702914e-01,-8.606609531612731401e-02
1.141875000000000195e+00,1.879297860629296490e-01,-8.638916878615392203e-02
1.141875000000000195e+00,1.881480677898812459e-01,-8.661652843676009850e-02
1.141875000000000195e+00,1.883999623896671083e-01,-8.674814076330339407e-02
1.141875000000000195e+00,1.886820037604438893e-01,-8.678309261746708358e-02
1.141875000000000195e+00,1.889907670086463654e-01,-8.672060712799366244e-02
1.141875000000000195e+00,1.893261443767381424e-01,-8.656105932557552063e-02
1.141875000000000195e+00,1.896880444643248842e-01,-8.630494555983361793e-02
1.141875000000000195e+00,1.900763921845798898e-01,-8.595288230231823423e-02
1.141875000000000195e+00,1.904911287517462859e-01,-8.550560467043380464e-02
1.141875000000000195e+00,1.909322116915200263e-01,-8.496396468026271021e-02
1.141875000000000195e+00,1.913996148634416195e-01,-8.432892923854820588e-02
1.141875000000000195e+00,1.918933284819482332e-01,-8.360157788621024044e-02
1.141875000000000195e+00,1.924133591204984783e-01,-8.278310030767944971e-02
1.141875000000000195e+00,1.929597296812167462e-01,-8.187479362200587862e-02
1.141875000000000195e+00,1.935324793108487706e-01,-8.087805947310580668e-02
1.141875000000000195e+00,1.941316632424986421e-01,-7.979440093762842079e-02
1.141875000000000195e+00,1.947573525416611273e-01,-7.862541926973715123e-02
1.141875000000000195e+00,1.954096337344900236e-01,-7.737281050259663118e-02
1.141875000000000195e+00,1.960886082960702215e-01,-7.603836192653116999e-02
1.141875000000000195e+00,1.967943919767010663e-01,-7.462394846367542689e-02
1.141875000000000195e+00,1.975271139448566138e-01,-7.313152895848062940e-02
1.141875000000000195e+00,1.982869157265674531e-01,-7.156314240268517313e-02
1.141875000000000195e+00,1.990739499224622178e-01,-6.992090411232608493e-02
1.141875000000000195e+00,1.998883786856077427e-01,-6.820700187308657847e-02
1.141875000000000195e+00,2.007303719455760249e-01,-6.642369206877443699e-02
1.141875000000000195e+00,2.016001053668259324e-01,-6.457329580604606600e-02
1.141875000000000195e+00,2.024977580324865689e-01,-6.265819504667106965e-02
1.141875000000000195e+00,2.034235098479377502e-01,-6.068082875672025506e-02
1.141875000000000195e+00,2.043775386621619616e-01,-5.864368908010008513e-02
1.141875000000000195e+00,2.053600171086449877e-01,-5.654931754190309356e-02
1.141875000000000195e+00,2.063711091715842161e-01,-5.440030128514180413e-02
1.141875000000000195e+00,2.074109664872690051e-01,-5.219926934263692531e-02
1.141875000000000195e+00,2.084797243946680811e-01,-4.994888894418292313e-02
1.141875000000000195e+00,2.095774977534366479e-01,-4.765186185766339538e-02
1.141875000000000195e+00,2.107043765516752598e-01,-4.531092076156998522e-02
1.141875000000000195e+00,2.118604213297686500e-01,-4.292882564543224616e-02
1.141875000000000195e+00,2.130456584504423212e-01,-4.050836023401282321e-02
1.141875000000000195e+00,2.142600752487281712e-01,-3.805232843078710375e-02
1.141875000000000195e+00,2.155036150987684473e-01,-3.556355077621755484e-02
1.141875000000000195e+00,2.167761724372475329e-01,-3.304486091665212455e-02
1.141875000000000195e+00,2.180775877856652445e-01,-3.049910208031681585e-02
1.141875000000000195e+00,2.194076428156067626e-01,-2.792912355781444408e-02
1.141875000000000195e+00,2.207660555025754701e-01,-2.533777718576137386e-02
1.141875000000000195e+00,2.221524754148017922e-01,-2.272791383365020679e-02
1.141875000000000195e+00,2.235664791836983190e-01,-2.010237989567955838e-02
1.141875000000000195e+00,2.250075662022800738e-01,-1.746401379108620047e-02
1.141875000000000195e+00,2.264800393488435037e-01,-1.480474056587765923e-02
1.141875000000000195e+00,2.279763701807615284e-01,-1.211765389177759701e-02
1.141875000000000195e+00,2.294847572581681650e-01,-9.419232725446879256e-03
1.141875000000000195e+00,2.310041236359194894e-01,-6.712280189927263309e-03
1.141875000000000195e+00,2.325333498503596164e-01,-3.999595369859663616e-03
1.141875000000000195e+00,2.340712731264664725e-01,-1.283969870614875804e-03
1.141875000000000195e+00,2.356166868642873002e-01,1.431815547640444405e-03
1.141875000000000195e+00,2.371683404195430722e-01,4.144994247494646240e-03
1.141875000000000195e+00,2.387249391899676221e-01,6.852816890844304863e-03
1.141875000000000195e+00,2.402851450155381874e-01,9.552554502870557254e-03
1.141875000000000195e+00,2.418475768973016582e-01,1.224150141308789908e-02
1.141875000000000195e+00,2.434108120360520544e-01,1.491697806451172323e-02
1.141875000000000195e+00,2.449733871887251613e-01,1.757633368354031070e-02
1.141875000000000195e+00,2.465338003370874942e-01,2.021694880481730155e-02
1.141875000000000195e+00,2.480905126601566646e-01,2.283623764710730406e-02
1.141875000000000195e+00,2.496419507988358877e-01,2.543165033804336075e-02
1.141875000000000195e+00,2.511865093985176656e-01,2.800067498746348568e-02
1.141875000000000195e+00,2.527225539129345222e-01,3.054083961090254748e-02
1.141875000000000195e+00,2.542484236503410600e-01,3.304971390661569364e-02
1.141875000000000195e+00,2.557624350412168734e-01,3.552491089124406448e-02
1.141875000000000195e+00,2.572628851051020349e-01,3.796408840085714609e-02
1.141875000000000195e+00,2.587480550929210366e-01,4.036495046559210320e-02
1.141875000000000195e+00,2.602162142802262879e-01,4.272524856742392768e-02
1.141875000000000195e+00,2.616656238861916339e-01,4.504278279172196919e-02
1.141875000000000195e+00,2.630945410929041994e-01,4.731540288415259782e-02
1.141875000000000195e+00,2.645012231395300617e-01,4.954100922515760480e-02
1.141875000000000195e+00,2.658839314662459485e-01,5.171755373466528638e-02
1.141875000000000195e+00,2.672409358834170745e-01,5.384304071986169282e-02
1.141875000000000195e+00,2.685705187423379492e-01,5.591552767876756952e-02
1.141875000000000195e+00,2.698709790849124213e-01,5.793312607203346398e-02
1.141875000000000195e+00,2.711406367508993331e-01,5.989400207478537408e-02
1.141875000000000195e+00,2.723778364227702475e-01,6.179637731954824159e-02
1.141875000000000195e+00,2.735809515897735800e-01,6.363852964025357162e-02
1.141875000000000195e+00,2.747483884144553690e-01,6.541879382613001448e-02
1.141875000000000195e+00,2.758785894866123689e-01,6.713556239290469074e-02
1.141875000000000195e+00,2.769700374514197927e-01,6.878728637723642569e-02
1.141875000000000195e+00,2.780212585002587722e-01,7.037247615869937634e-02
1.141875000000000195e+00,2.790308257145339699e-01,7.188970231195941640e-02
1.141875000000000195e+00,2.799973622544972840e-01,7.333759649008347870e-02
1.141875000000000195e+00,2.809195443867564812e-01,7.471485233822028338e-02
1.141875000000000195e+00,2.817961043457248294e-01,7.602022643522975132e-02
1.141875000000000195e+00,2.826258330257407914e-01,7.725253925925192056e-02
1.141875000000000195e+00,2.834075825019426453e-01,7.841067617172442494e-02
1.141875000000000195e+00,2.841402683792040307e-01,7.949358841301489009e-02
1.141875000000000195e+00,2.848228719695165001e-01,8.050029410165308874e-02
1.141875000000000195e+00,2.854544422991369679e-01,8.142987922815669855e-02
1.141875000000000195e+00,2.860340979475902157e-01,8.228149863365806505e-02
1.141875000000000195e+00,2.865610287212410068e-01,8.305437696297696126e-02
1.141875000000000195e+00,2.870344971646097698e-01,8.374780958145329468e-02
1.141875000000000195e+00,2.874538399129217270e-01,8.436116344476152218e-02
1.141875000000000195e+00,2.878184688895417120e-01,8.489387791107477765e-02
1.141875000000000195e+00,2.881278723519741791e-01,8.534546548532662147e-02
1.141875000000000195e+00,2.883816157900029320e-01,8.571551248592386429e-02
1.141875000000000195e+00,2.885793426793231697e-01,8.600367962507808606e-02
1.141875000000000195e+00,2.887207750936887085e-01,8.620970249493345450e-02
1.141875000000000195e+00,2.888057141781779635e-01,8.633339195284363277e-02
1.141875000000000195e+00,2.888340404856841737e-01,8.637463440047436769e-02
1.200062500000000032e+00,3.306316835161190459e-01,9.305259830657597320e-02
1.200062500000000032e+00,3.305947777196717174e-01,9.301296762134333984e-02
1.200062500000000032e+00,3.304841167625482412e-01,9.289409876012515166e-02
1.200062500000000032e+00,3.302998697885943802e-01,9.269606137550527591e-02
1.200062500000000032e+00,3.300423181958542784e-01,9.241897178453323258e-02
1.200062500000000032e+00,3.297118548775082036e-01,9.206299330910612533e-02
1.200062500000000032e+00,3.293089831661201727e-01,9.162833674510134641e-02
1.200062500000000032e+00,3.288343154880378205e-01,9.111526095300674644e-02
1.200062500000000032e+00,3.282885717366128553e-01,9.052407356093186697e-02
1.200062500000000032e+00,3.276725773746413384e-01,8.985513176917146738e-02
1.200062500000000032e+00,3.269872612780385657e-01,8.910884324395948464e-02
1.200062500000000032e+00,3.262336533342466427e-01,8.828566708672201668e-02
1.200062500000000032e+00,3.254128818102062226e-01,8.738611486403105588e-02
1.200062500000000032e+00,3.245261705058938295e-01,8.641075168259457207e-02
1.200062500000000032e+00,3.235748357104175632e-01,8.536019729300235725e-02
1.200062500000000032e+00,3.225602829784654513e-01,8.423512720559075961e-02
1.200062500000000032e+00,3.214840037455061750e-01,8.303627380169099903e-02
1.200062500000000032e+00,3.203475718005392991e-01,8.176442742368592032e-02
1.200062500000000032e+00,3.191526396353815409e-01,8.042043742770874082e-02
1.200062500000000032e+00,3.179009346894550170e-01,7.900521318346249988e-02
1.200062500000000032e+00,3.165942555088089860e-01,7.751972500650416986e-02
1.200062500000000032e+00,3.152344678376723941e-01,7.596500500940100986e-02
1.200062500000000032e+00,3.138235006601937105e-01,7.434214785940475301e-02
1.200062500000000032e+00,3.123633422092021994e-01,7.265231143167351358e-02
1.200062500000000032e+00,3.108560359578207977e-01,7.089671734857225238e-02
1.200062500000000032e+00,3.093036766085988654e-01,6.907665139716599734e-02
1.200062500000000032e+00,3.077084060935287857e-01,6.719346381865742845e-02
1.200062500000000032e+00,3.060724095968845315e-01,6.524856946517004763e-02
1.200062500000000032e+00,3.043979116112979777e-01,6.324344782091570472e-02
1.200062500000000032e+00,3.026871720358934592e-01,6.117964288636878328e-02
1.200062500000000032e+00,3.009424823236608315e-01,5.905876292557521445e-02
1.200062500000000032e+00,2.991661616835924464e-01,5.688248007811840673e-02
1.200062500000000032e+00,2.973605533414658275e-01,5.465252983852219443e-02
1.200062500000000032e+00,2.955280208615546078e-01,5.237071040697193619e-02
1.200062500000000032e+00,2.936709445300259569e-01,5.003888191615546432e-02
1.200062500000000032e+00,2.917917177993564759e-01,4.765896553975546707e-02
1.200062500000000032e+00,2.898927437918104588e-01,4.523294248865394190e-02
1.200062500000000032e+00,2.879764318588866057e-01,4.276285290122742999e-02
1.200062500000000032e+00,2.860451941926894226e-01,4.025079463422574083e-02
1.200062500000000032e+00,2.841014424844306996e-01,3.769892196063524131e-02
1.200062500000000032e+00,2.821475846247415986e-01,3.510944418064283062e-02
1.200062500000000032e+00,2.801860214401837856e-01,3.248462415135174725e-02
1.200062500000000032e+00,2.782191434603050739e-01,2.982677674027127412e-02
1.200062500000000032e+00,2.762493277097919364e-01,2.713826720683387358e-02
1.200062500000000032e+00,2.742789345207352070e-01,2.442150951530630207e-02
1.200062500000000032e+00,2.723103043607332241e-01,2.167896458148558733e-02
1.200062500000000032e+00,2.703457546735080208e-01,1.891313845453488490e-02
1.200062500000000032e+00,2.683875767298865567e-01,1.612658043424628623e-02
1.200062500000000032e+00,2.664380324883778295e-01,1.332188112295263835e-02
1.200062500000000032e+00,2.644993514661425071e-01,1.050167041027412484e-02
1.200062500000000032e+00,2.625737276228649608e-01,7.668615387910970860e-03
1.200062500000000032e+00,2.606633162618742783e-01,4.825418190806458028e-03
1.200062500000000032e+00,2.587702309547803003e-01,1.974813760233350840e-03
1.200062500000000032e+00,2.568965404978543199e-01,-8.804324762803480628e-04
1.200062500000000032e+00,2.550442659103498988e-01,-3.737527013747689655e-03
1.200062500000000032e+00,2.532153774868876051e-01,-6.593650773110524763e-03
1.200062500000000032e+00,2.514117919178686655e-01,-9.445961705210594028e-03
1.200062500000000032e+00,2.496293862147451470e-01,-1.230677482906998577e-02
1.200062500000000032e+00,2.478823485861614273e-01,-1.517508704123664634e-02
1.200062500000000032e+00,2.461790740369483310e-01,-1.803888881006849784e-02
1.200062500000000032e+00,2.445209512963077148e-01,-2.089492548161384425e-02
1.200062500000000032e+00,2.429092533693734124e-01,-2.373990188003481661e-02
1.200062500000000032e+00,2.413451367749949728e-01,-2.657048774938641778e-02
1.200062500000000032e+00,2.398296411946730933e-01,-2.938332349138189636e-02
1.200062500000000032e+00,2.383636895513033815e-01,-3.217502618236408457e-02
1.200062500000000032e+00,2.369480885345546517e-01,-3.494219584974417314e-02
1.200062500000000032e+00,2.355835295874169066e-01,-3.768142198539239235e-02
1.200062500000000032e+00,2.342705903657267830e-01,-4.038929027092227897e-02
1.200062500000000032e+00,2.330097366793384972e-01,-4.306238948755000684e-02
1.200062500000000032e+00,2.318013249200980286e-01,-4.569731858127230179e-02
1.200062500000000032e+00,2.306456049779443962e-01,-4.829069385252322127e-02
1.200062500000000032e+00,2.295427236423497330e-01,-5.083915623826495284e-02
1.200062500000000032e+00,2.284927284819874838e-01,-5.333937865365361713e-02
1.200062500000000032e+00,2.274955721910352502e-01,-5.578807336000583816e-02
1.200062500000000032e+00,2.265511173859501848e-01,-5.818199932576689770e-02
1.200062500000000032e+00,2.256591418319577325e-01,-6.051796954753958097e-02
1.200062500000000032e+00,2.248193440739417182e-01,-6.279285829895014936e-02
1.200062500000000032e+00,2.240313494419740592e-01,-6.500360827617883419e-02
1.200062500000000032e+00,2.232947163974452198e-01,-6.714723761033443428e-02
1.200062500000000032e+00,2.226089431817073749e-01,-6.922084671846623349e-02
1.200062500000000032e+00,2.219734747253808982e-01,-7.122162496684179833e-02
1.200062500000000032e+00,2.213877097730538035e-01,-7.314685712213106483e-02
1.200062500000000032e+00,2.208510081750684195e-01,-7.499392956827868884e-02
1.200062500000000032e+00,2.203626982954861591e-01,-7.676033626907421969e-02
1.200062500000000032e+00,2.199220844831827337e-01,-7.844368445869552564e-02
1.200062500000000032e+00,2.195284545513850327e-01,-8.004170004476170164e-02
1.200062500000000032e+00,2.191810872098409191e-01,-8.155223271064757085e-02
1.200062500000000032e+00,2.188792593932331887e-01,-8.297326070594311653e-02
1.200062500000000032e+00,2.186222534294177122e-01,-8.430289531595445973e-02
1.200062500000000032e+00,2.184093639915929419e-01,-8.553938500301014325e-02
1.200062500000000032e+00,2.182399047795873237e-01,-8.668111921403125197e-02
1.200062500000000032e+00,2.181132148770793533e-01,-8.772663185032936184e-02
1.200062500000000032e+00,2.180286647337265626e-01,-8.867460439689675566e-02
1.200062500000000032e+00,2.179856617238558891e-01,-8.952386870954429088e-02
1.200062500000000032e+00,2.179836552365347346e-01,-9.027340945911779824e-02
1.200062500000000032e+00,2.180221412554687876e-01,-9.092236623269078777e-02
1.200062500000000032e+00,2.181006663912253840e-01,-9.147003529209579709e-02
1.200062500000000032e+00,2.182188313327211859e-01,-9.191587099043391218e-02
1.200062500000000032e+00,2.183762936896955775e-01,-9.225948684730954363e-02
1.200062500000000032e+00,2.185727702029719166e-01,-9.250065628349778135e-02
1.200062500000000032e+00,2.188080383046357158e-01,-9.263931301559123754e-02
1.200062500000000032e+00,2.190788439384074027e-01,-9.267448866297554877e-02
1.200062500000000032e+00,2.193819715594420294e-01,-9.260536157794858891e-02
1.200062500000000032e+00,2.197173138057255393e-01,-9.243230535497841405e-02
1.200062500000000032e+00,2.200847783347076037e-01,-9.215582547610641495e-02
1.200062500000000032e+00,2.204842877488076003e-01,-9.177655810634109679e-02
1.200062500000000032e+00,2.209157795273926084e-01,-9.129526859643095904e-02
1.200062500000000032e+00,2.213792059575640514e-01,-9.071284970059022290e-02
1.200062500000000032e+00,2.218745340536077415e-01,-9.003031951887713324e-02
1.200062500000000032e+00,2.224017454526743542e-01,-8.924881917589234936e-02
1.200062500000000032e+00,2.229608362722013126e-01,-8.836961024924888664e-02
1.200062500000000032e+00,2.235518169127998223e-01,-8.739407196282908408e-02
1.200062500000000032e+00,2.241747117888446550e-01,-8.632369816116859662e-02
1.200062500000000032e+00,2.248295589678451778e-01,-8.516009408236810407e-02
1.200062500000000032e+00,2.255164096988731548e-01,-8.390497294771824544e-02
1.200062500000000032e+00,2.262353278098911680e-01,-8.256015238672062551e-02
1.200062500000000032e+00,2.269863889537845070e-01,-8.112755071639536630e-02
1.200062500000000032e+00,2.277696796832577308e-01,-7.960918309368543444e-02
1.200062500000000032e+00,2.285852963355189116e-01,-7.800715755940701435e-02
1.200062500000000032e+00,2.294333437088428851e-01,-7.632367099156968371e-02
1.200062500000000032e+00,2.303139335146700273e-01,-7.456100498501837259e-02
1.200062500000000032e+00,2.312271825908508438e-01,-7.272152167325583727e-02
1.200062500000000032e+00,2.321732108639693315e-01,-7.080765950702283540e-02
1.200062500000000032e+00,2.331521390513487391e-01,-6.882192900277328551e-02
1.200062500000000032e+00,2.341640860963318527e-01,-6.676690847262670148e-02
1.200062500000000032e+00,2.352091663337004257e-01,-6.464523974574784559e-02
1.200062500000000032e+00,2.362874863856162799e-01,-6.245962388944001353e-02
1.200062500000000032e+00,2.373991417921841318e-01,-6.021281693658557532e-02
1.200062500000000032e+00,2.385442133846046309e-01,-5.790762562447346329e-02
1.200062500000000032e+00,2.397227634128525631e-01,-5.554690314855896538e-02
1.200062500000000032e+00,2.409348314438224947e-01,-5.313354493334912498e-02
1.200062500000000032e+00,2.421804300498719698e-01,-5.067048442143681081e-02
1.200062500000000032e+00,2.434595403116000811e-01,-4.816068888074898080e-02
1.200062500000000032e+00,2.447721071624641420e-01,-4.560715522936180377e-02
1.200062500000000032e+00,2.461180346063938096e-01,-4.301290587678520405e-02
1.200062500000000032e+00,2.474971808428533260e-01,-4.038098458044989819e-02
1.200062500000000032e+00,2.489093533367627842e-01,-3.771445231624519917e-02
1.200062500000000032e+00,2.503543038732685133e-01,-3.501638316235523157e-02
1.200062500000000032e+00,2.518317236394937431e-01,-3.228986019631353149e-02
1.200062500000000032e+00,2.533412383770620724e-01,-2.953797140612145211e-02
1.200062500000000032e+00,2.548824036503267720e-01,-2.676380561742815190e-02
1.200062500000000032e+00,2.564547002758303940e-01,-2.397044844011051237e-02
1.200062500000000032e+00,2.580575299585367577e-01,-2.116097823908181380e-02
1.200062500000000032e+00,2.596902111798153889e-01,-1.833846213574415879e-02
1.200062500000000032e+00,2.613566379727549349e-01,-1.549580011447924607e-02
1.200062500000000032e+00,2.630486405565566344e-01,-1.262612658517158967e-02
1.200062500000000032e+00,2.647543906726058660e-01,-9.744823545500819542e-03
1.200062500000000032e+00,2.664726072223320141e-01,-6.854887193116726216e-03
1.200062500000000032e+00,2.682019639772403874e-01,-3.959307766662320018e-03
1.200062500000000032e+00,2.699410890562548571e-01,-1.061065873242009877e-03
1.200062500000000032e+00,2.716885646837032264e-01,1.836871096229746947e-03
1.200062500000000032e+00,2.734429272417769341e-01,4.731552450260939624e-03
1.200062500000000032e+00,2.752026676281000284e-01,7.620047565987262718e-03
1.200062500000000032e+00,2.769662319257568117e-01,1.049944913286398294e-02
1.200062500000000032e+00,2.787320223898014926e-01,1.336687626066196052e-02
1.200062500000000032e+00,2.804983987509586107e-01,1.621947744304708117e-02
1.200062500000000032e+00,2.822636798339607234e-01,1.905443336962345940e-02
1.200062500000000032e+00,2.840261454848134193e-01,2.186895958103202836e-02
1.200062500000000032e+00,2.857840387982569785e-01,2.466030896349067497e-02
1.200062500000000032e+00,2.875355686338582628e-01,2.742577408100735012e-02
1.200062500000000032e+00,2.892789124065438533e-01,3.016268934536297727e-02
1.200062500000000032e+00,2.910122191350017484e-01,3.286843302580973875e-02
1.200062500000000032e+00,2.927336127292701762e-01,3.554042910223159657e-02
1.200062500000000032e+00,2.944411954970013179e-01,3.817614896723452167e-02
1.200062500000000032e+00,2.961330518463650696e-01,4.077311298423773323e-02
1.200062500000000032e+00,2.978072521623380542e-01,4.332889191010283469e-02
1.200062500000000032e+00,2.994618568322184315e-01,4.584110819212704191e-02
1.200062500000000032e+00,3.010949203956124753e-01,4.830743715032686375e-02
1.200062500000000032e+00,3.027044957938458403e-01,5.072560805682183038e-02
1.200062500000000032e+00,3.042886386937532217e-01,5.309340512477997431e-02
1.200062500000000032e+00,3.058454118610796635e-01,5.540866841980161828e-02
1.200062500000000032e+00,3.073728895592598431e-01,5.766929470678028302e-02
1.200062500000000032e+00,3.088691619501181540e-01,5.987323824519670545e-02
1.200062500000000032e+00,3.103323394740155616e-01,6.201851154547303319e-02
1.200062500000000032e+00,3.117605571881403304e-01,6.410318609844700699e-02
1.200062500000000032e+00,3.131519790429713734e-01,6.612539308923910675e-02
1.200062500000000032e+00,3.145048020783980935e-01,6.808332410579022442e-02
1.200062500000000032e+00,3.158172605225428309e-01,6.997523185117182631e-02
1.200062500000000032e+00,3.170876297779606778e-01,7.179943086743616198e-02
1.200062500000000032e+00,3.183142302815646918e-01,7.355429827730984582e-02
1.200062500000000032e+00,3.194954312263149632e-01,7.523827454847561991e-02
1.200062500000000032e+00,3.206296541343858220e-01,7.684986428355931876e-02
1.200062500000000032e+00,3.217153762731740363e-01,7.838763703728493515e-02
1.200062500000000032e+00,3.227511339070949781e-01,7.985022816060685646e-02
1.200062500000000032e+00,3.237355253796260213e-01,8.123633967001327172e-02
1.200062500000000032e+00,3.246672140214766911e-01,8.254474113865208074e-02
1.200062500000000032e+00,3.255449308820685395e-01,8.377427060448552898e-02
1.200062500000000032e+00,3.263674772827012127e-01,8.492383548937172677e-02
1.200062500000000032e+00,3.271337271908327238e-01,8.599241352181324904e-02
1.200062500000000032e+00,3.278426294158250931e-01,8.697905365514031761e-02
1.200062500000000032e+00,3.284932096272807356e-01,8.788287697211805138e-02
1.200062500000000032e+00,3.290845721977287974e-01,8.870307756640311014e-02
1.200062500000000032e+00,3.296159018719106992e-01,8.943892339093265087e-02
1.200062500000000032e+00,3.300864652652611975e-01,9.008975706321516175e-02
1.200062500000000032e+00,3.304956121943951608e-01,9.065499661760575978e-02
1.200062500000000032e+00,3.308427768424945237e-01,9.113413619498650364e-02
1.200062500000000032e+00,3.311274787624529092e-01,9.152674666082491473e-02
1.200062500000000032e+00,3.313493237204893083e-01,9.183247614333692188e-02
1.200062500000000032e+00,3.315080043827003387e-01,9.205105048441905580e-02
1.200062500000000032e+00,3.316033008466878762e-01,9.218227359711328450e-02
1.200062500000000032e+00,3.316350810200031085e-01,9.222602772460648801e-02
1.258250000000000091e+00,3.756433173941908787e-01,9.860674014686818256e-02
1.258250000000000091e+00,3.756032957894723801e-01,9.856462881944599852e-02
1.258250000000000091e+00,3.754832907049910906e-01,9.843831999633452512e-02
1.258250000000000091e+00,3.752834811739636511e-01,9.822788922281885937e-02
1.258250000000000091e+00,3.750041650667029769e-01,9.793346263272600938e-02
1.258250000000000091e+00,3.746457583164359284e-01,9.755521728230881484e-02
1.258250000000000091e+00,3.742087938421911897e-01,9.709338161045662219e-02
1.258250000000000091e+00,3.736939201754123641e-01,9.654823601814768730e-02
1.258250000000000091e+00,3.731018997987337049e-01,9.592011355823648611e-02
1.258250000000000091e+00,3.724336072070413839e-01,9.520940072498842999e-02
1.258250000000000091e+00,3.716900267025260440e-01,9.441653833126988082e-02
1.258250000000000091e+00,3.708722499368861114e-01,9.354202245998807785e-02
1.258250000000000091e+00,3.699814732151551211e-01,9.258640547528074194e-02
1.258250000000000091e+00,3.690189945767827218e-01,9.155029707808720607e-02
1.258250000000000091e+00,3.679862106705890645e-01,9.043436539010964170e-02
1.258250000000000091e+00,3.668846134410194137e-01,8.923933804979648776e-02
1.258250000000000091e+00,3.657157866437493743e-01,8.796600330385560829e-02
1.258250000000000091e+00,3.644814022091142358e-01,8.661521107792707896e-02
1.258250000000000091e+00,3.631832164720648626e-01,8.518787401040971152e-02
1.258250000000000091e+00,3.618230662873785364e-01,8.368496843402954688e-02
1.258250000000000091e+00,3.604028650486774676e-01,8.210753529054433397e-02
1.258250000000000091e+00,3.589245986294413715e-01,8.045668096497976540e-02
1.258250000000000091e+00,3.573903212636355131e-01,7.873357802696469288e-02
1.258250000000000091e+00,3.558021513828399929e-01,7.693946586804761845e-02
1.258250000000000091e+00,3.541622674258524950e-01,7.507565122531076329e-02
1.258250000000000091e+00,3.524729036356739065e-01,7.314350858311254033e-02
1.258250000000000091e+00,3.507363458575868953e-01,7.114448044636328961e-02
1.258250000000000091e+00,3.489549273507139282e-01,6.908007748032865547e-02
1.258250000000000091e+00,3.471310246240332242e-01,6.695187851353975872e-02
1.258250000000000091e+00,3.452670533063381120e-01,6.476153040192614285e-02
1.258250000000000091e+00,3.433654640580963702e-01,6.251074775375640991e-02
1.258250000000000091e+00,3.414287385316117085e-01,6.020131251633960290e-02
1.258250000000000091e+00,3.394593853843438369e-01,5.783507342667990048e-02
1.258250000000000091e+00,3.374599363487350012e-01,5.541394532937531092e-02
1.258250000000000091e+00,3.354329423604453519e-01,5.293990836597767258e-02
1.258250000000000091e+00,3.333809697455447640e-01,5.041500704077948869e-02
1.258250000000000091e+00,3.313065964659747675e-01,4.784134916855363462e-02
1.258250000000000091e+00,3.292124084214994029e-01,4.522110471012990435e-02
1.258250000000000091e+00,3.271009958054389988e-01,4.255650450185938238e-02
1.258250000000000091e+00,3.249749495107402963e-01,3.984983888498614540e-02
1.258250000000000091e+00,3.228368575823989395e-01,3.710345624072978327e-02
1.258250000000000091e+00,3.206893017119336609e-01,3.431976143649295014e-02
1.258250000000000091e+00,3.185348537695173454e-01,3.150121418805837403e-02
1.258250000000000091e+00,3.163760723695158150e-01,2.865032734195498490e-02
1.258250000000000091e+00,3.142154994655569911e-01,2.576966508136939449e-02
1.258250000000000091e+00,3.120556569718648809e-01,2.286184105808640454e-02
1.258250000000000091e+00,3.098990434084186174e-01,1.992951645198681038e-02
1.258250000000000091e+00,3.077481305685389468e-01,1.697539795863818243e-02
1.258250000000000091e+00,3.056053602087346333e-01,1.400223570451868821e-02
1.258250000000000091e+00,3.034731407620420152e-01,1.101282108843818809e-02
1.258250000000000091e+00,3.013538440776349914e-01,8.009984546798841823e-03
1.258250000000000091e+00,2.992498021911402795e-01,4.996593239490858263e-03
1.258250000000000091e+00,2.971633041318276214e-01,1.975548652477581227e-03
1.258250000000000091e+00,2.950965927746255768e-01,-1.050215887494767089e-03
1.258250000000000091e+00,2.930518617466957854e-01,-4.077737791099628195e-03
1.258250000000000091e+00,2.910312524000476797e-01,-7.104027882896062421e-03
1.258250000000000091e+00,2.890368508633485711e-01,-1.012607318154951780e-02
1.258250000000000091e+00,2.870650972590363392e-01,-1.315494616508526386e-02
1.258250000000000091e+00,2.851304969209121909e-01,-1.619027098322445291e-02
1.258250000000000091e+00,2.832413944458890276e-01,-1.922072669837100733e-02
1.258250000000000091e+00,2.813993277404818194e-01,-2.224288139575924042e-02
1.258250000000000091e+00,2.796057162316434863e-01,-2.525326081684248214e-02
1.258250000000000091e+00,2.778618601546300471e-01,-2.824835397403667805e-02
1.258250000000000091e+00,2.761689402526302239e-01,-3.122461906617580996e-02
1.258250000000000091e+00,2.745280179047066005e-01,-3.417848967880109112e-02
1.258250000000000091e+00,2.729400356968792463e-01,-3.710638125055450154e-02
1.258250000000000091e+00,2.714058184490398817e-01,-4.000469778424553535e-02
1.258250000000000091e+00,2.699260747078281453e-01,-4.286983877865367665e-02
1.258250000000000091e+00,2.685013987126604329e-01,-4.569820635486893101e-02
1.258250000000000091e+00,2.671322728388071388e-01,-4.848621254899360827e-02
1.258250000000000091e+00,2.658190705178057334e-01,-5.123028674136565624e-02
1.258250000000000091e+00,2.645620596316271000e-01,-5.392688319114057049e-02
1.258250000000000091e+00,2.633614063729274313e-01,-5.657248864410151928e-02
1.258250000000000091e+00,2.622171795594782640e-01,-5.916362998096505454e-02
1.258250000000000091e+00,2.611293553865334793e-01,-6.169688187321081124e-02
1.258250000000000091e+00,2.600978225965246415e-01,-6.416887441358255784e-02
1.258250000000000091e+00,2.591223880411356317e-01,-6.657630068886793984e-02
1.258250000000000091e+00,2.582027826065635412e-01,-6.891592426334466892e-02
1.258250000000000091e+00,2.573386674686760633e-01,-7.118458654235446104e-02
1.258250000000000091e+00,2.565296406408957841e-01,-7.337921398680019580e-02
1.258250000000000091e+00,2.557752437740239415e-01,-7.549682515092058510e-02
1.258250000000000091e+00,2.550749691639220829e-01,-7.753453751744289468e-02
1.258250000000000091e+00,2.544282669200389480e-01,-7.948957410610363317e-02
1.258250000000000091e+00,2.538345522452489789e-01,-8.135926983352388675e-02
1.258250000000000091e+00,2.532932127753921847e-01,-8.314107760448290196e-02
1.258250000000000091e+00,2.528036159253075343e-01,-8.483257411671638049e-02
1.258250000000000091e+00,2.523651161870528736e-01,-8.643146536343190856e-02
1.258250000000000091e+00,2.519770623254269926e-01,-8.793559181975187100e-02
1.258250000000000091e+00,2.516388044158671677e-01,-8.934293330122866639e-02
1.258250000000000091e+00,2.513497006702878345e-01,-9.065161348440398115e-02
1.258250000000000091e+00,2.511091239974621026e-01,-9.185990408107544414e-02
1.258250000000000091e+00,2.509164682461139106e-01,-9.296622865947581915e-02
1.258250000000000091e+00,2.507711540809762774e-01,-9.396916610694469596e-02
1.258250000000000091e+00,2.506726344446621457e-01,-9.486745372987462344e-02
1.258250000000000091e+00,2.506203995612633628e-01,-9.565998998773544981e-02
1.258250000000000091e+00,2.506139814411136313e-01,-9.634583685882867898e-02
1.258250000000000091e+00,2.506529578500887867e-01,-9.692422183609925024e-02
1.258250000000000091e+00,2.507369557111334135e-01,-9.739453955184844414e-02
1.258250000000000091e+00,2.508656539103549798e-01,-9.775635303056419423e-02
1.258250000000000091e+00,2.510387854849708833e-01,-9.800939456933026317e-02
1.258250000000000091e+00,2.512561391755790963e-01,-9.815356624541793362e-02
1.258250000000000091e+00,2.515146891541331087e-01,-9.818786333008112932e-02
1.258250000000000091e+00,2.518114445729818240e-01,-9.811143765785927673e-02
1.258250000000000091e+00,2.521462987808867906e-01,-9.792466065142300946e-02
1.258250000000000091e+00,2.525191580534354996e-01,-9.762804570308622476e-02
1.258250000000000091e+00,2.529299414877253516e-01,-9.722224696555421819e-02
1.258250000000000091e+00,2.533785808802020978e-01,-9.670805783635649799e-02
1.258250000000000091e+00,2.538650205805846327e-01,-9.608640914313816561e-02
1.258250000000000091e+00,2.543892173125379963e-01,-9.535836703895747557e-02
1.258250000000000091e+00,2.549511399496742770e-01,-9.452513061857024945e-02
1.258250000000000091e+00,2.555507692336035364e-01,-9.358802926834493274e-02
1.258250000000000091e+00,2.561880974191587113e-01,-9.254851976392125534e-02
1.258250000000000091e+00,2.568631278306096055e-01,-9.140818313097436032e-02
1.258250000000000091e+00,2.575758743116906557e-01,-9.016872128546087051e-02
1.258250000000000091e+00,2.583263605516176731e-01,-8.883195347048858381e-02
1.258250000000000091e+00,2.591146192689768313e-01,-8.739981250746035879e-02
1.258250000000000091e+00,2.599406912354544907e-01,-8.587434087939135874e-02
1.258250000000000091e+00,2.608046241218402450e-01,-8.425768666429263309e-02
1.258250000000000091e+00,2.617064711495895590e-01,-8.255209933625702601e-02
1.258250000000000091e+00,2.626462895324688240e-01,-8.075992545139447365e-02
1.258250000000000091e+00,2.636241386944216392e-01,-7.888360423505617891e-02
1.258250000000000091e+00,2.646400782517746575e-01,-7.692566308588874580e-02
1.258250000000000091e+00,2.656941657502290832e-01,-7.488871301119526258e-02
1.258250000000000091e+00,2.667864541497327879e-01,-7.277544400688380766e-02
1.258250000000000091e+00,2.679169890532718812e-01,-7.058862039398786092e-02
1.258250000000000091e+00,2.690858056788210106e-01,-6.833107612238917272e-02
1.258250000000000091e+00,2.702929255771115424e-01,-6.600571005099389876e-02
1.258250000000000091e+00,2.715383531014713414e-01,-6.361548121225477082e-02
1.258250000000000091e+00,2.728220716397075085e-01,-6.116340406762866416e-02
1.258250000000000091e+00,2.741440396217969533e-01,-5.865254375935235326e-02
1.258250000000000091e+00,2.755041863209564124e-01,-5.608601136284342703e-02
1.258250000000000091e+00,2.769024074694334536e-01,-5.346695914312120379e-02
1.258250000000000091e+00,2.783385607140274609e-01,-5.079857581792257548e-02
1.258250000000000091e+00,2.798124609398563445e-01,-4.808408182968217787e-02
1.258250000000000091e+00,2.813238754941750353e-01,-4.532672462827273124e-02
1.258250000000000091e+00,2.828725193450606357e-01,-4.252977396636928309e-02
1.258250000000000091e+00,2.844580502124578469e-01,-3.969651720951362234e-02
1.258250000000000091e+00,2.860800637113708467e-01,-3.683025466340651005e-02
1.258250000000000091e+00,2.877380885488495244e-01,-3.393429492163439753e-02
1.258250000000000091e+00,2.894315818178085919e-01,-3.101195023792205005e-02
1.258250000000000091e+00,2.911599244316015467e-01,-2.806653192806641411e-02
1.258250000000000091e+00,2.929224167436264570e-01,-2.510134580791444775e-02
1.258250000000000091e+00,2.947182743960456430e-01,-2.211968767506032954e-02
1.258250000000000091e+00,2.965466244409541985e-01,-1.912483884330743594e-02
1.258250000000000091e+00,2.984108997719827627e-01,-1.611066701294117109e-02
1.258250000000000091e+00,3.003023366573061570e-01,-1.307036203858234769e-02
1.258250000000000091e+00,3.022091660599968144e-01,-1.001819565923914475e-02
1.258250000000000091e+00,3.041298967795736385e-01,-6.957343593907945774e-03
1.258250000000000091e+00,3.060629901948700438e-01,-3.890973716428367847e-03
1.258250000000000091e+00,3.080068600261776091e-01,-8.222421731442501776e-04
1.258250000000000091e+00,3.099598723774524833e-01,2.245710399526941198e-03
1.258250000000000091e+00,3.119203460713160792e-01,5.309762544091078604e-03
1.258250000000000091e+00,3.138865532865180996e-01,8.366815525026945199e-03
1.258250000000000091e+00,3.158567205043829040e-01,1.141379673456794502e-02
1.258250000000000091e+00,3.178290297675803178e-01,1.444766295125872804e-02
1.258250000000000091e+00,3.198016202513934703e-01,1.746540344283828428e-02
1.258250000000000091e+00,3.217725901445415149e-01,2.046404290663778741e-02
1.258250000000000091e+00,3.237399988335997736e-01,2.344064424241663197e-02
1.258250000000000091e+00,3.257018693821770450e-01,2.639231115436686467e-02
1.258250000000000091e+00,3.276561912933006471e-01,2.931619058086417165e-02
1.258250000000000091e+00,3.296009235409551597e-01,3.220947495240191610e-02
1.258250000000000091e+00,3.315339978544419863e-01,3.506940427997946169e-02
1.258250000000000091e+00,3.334533222372055294e-01,3.789326807799593688e-02
1.258250000000000091e+00,3.353567847000206159e-01,4.067840712739637793e-02
1.258250000000000091e+00,3.372422571869658769e-01,4.342221508639229621e-02
1.258250000000000091e+00,3.391075996714334462e-01,4.612213995751538592e-02
1.258250000000000091e+00,3.409506643985426577e-01,4.877568542102307669e-02
1.258250000000000091e+00,3.427693002497380070e-01,5.138041204574831516e-02
1.258250000000000091e+00,3.445613572050502671e-01,5.393393838934586876e-02
1.258250000000000091e+00,3.463246908784736733e-01,5.643394200052219423e-02
1.258250000000000091e+00,3.480571671021512881e-01,5.887816033623779338e-02
1.258250000000000091e+00,3.497566665355419380e-01,6.126439160702955300e-02
1.258250000000000091e+00,3.514210892764496608e-01,6.359049556351957511e-02
1.258250000000000091e+00,3.530483594517057067e-01,6.585439423685988947e-02
1.258250000000000091e+00,3.546364297663784360e-01,6.805407264531396216e-02
1.258250000000000091e+00,3.561832859916250760e-01,7.018757947841650080e-02
1.258250000000000091e+00,3.576869513726601557e-01,7.225302776919272085e-02
1.258250000000000091e+00,3.591454909397745476e-01,7.424859556378470005e-02
1.258250000000000091e+00,3.605570157068710424e-01,7.617252659654560887e-02
1.258250000000000091e+00,3.619196867435514609e-01,7.802313097725263602e-02
1.258250000000000091e+00,3.632317191083864194e-01,7.979878589558636603e-02
1.258250000000000091e+00,3.644913856325828205e-01,8.149793634645714768e-02
1.258250000000000091e+00,3.656970205448209499e-01,8.311909587816342093e-02
1.258250000000000091e+00,3.668470229295435758e-01,8.466084736377382791e-02
1.258250000000000091e+00,3.679398600124181296e-01,8.612184379456550021e-02
1.258250000000000091e+00,3.689740702680504580e-01,8.750080909286152286e-02
1.258250000000000091e+00,3.699482663462865806e-01,8.879653894021342919e-02
1.258250000000000091e+00,3.708611378145875714e-01,9.000790161560560942e-02
1.258250000000000091e+00,3.717114537149920350e-01,9.113383883723417955e-02
1.258250000000000091e+00,3.724980649350845829e-01,9.217336660046235308e-02
1.258250000000000091e+00,3.732199063931640470e-01,9.312557600378881806e-02
1.258250000000000091e+00,3.738759990384463161e-01,9.398963405410304395e-02
1.258250000000000091e+00,3.744654516676483302e-01,9.476478444214951613e-02
1.258250000000000091e+00,3.749874625596837929e-01,9.545034827898665752e-02
1.258250000000000091e+00,3.754413209304555687e-01,9.604572478430578597e-02
1.258250000000000091e+00,3.758264082098728975e-01,9.655039191776858265e-02
1.258250000000000091e+00,3.761421991432493672e-01,9.696390694501633156e-02
1.258250000000000091e+00,3.763882627191647012e-01,9.728590693069080753e-02
1.258250000000000091e+00,3.765642629257158758e-01,9.751610915166826488e-02
1.258250000000000091e+00,3.766699593368385557e-01,9.765431142472100201e-02
1.258250000000000091e+00,3.767052075300791891e-01,9.770039234396769856e-02
1.316437500000000149e+00,4.227548785997549130e-01,1.035956671679570812e-01
1.316437500000000149e+00,4.227118264686902660e-01,1.035513109041081153e-01
1.316437500000000149e+00,4.225827328658311455e-01,1.034182690979786740e-01
1.316437500000000149e+00,4.223677860042308607e-01,1.031966227719599422e-01
1.316437500000000149e+00,4.220672990467463359e-01,1.028865071828161809e-01
1.316437500000000149e+00,4.216817093209708767e-01,1.024881121473161932e-01
1.316437500000000149e+00,4.212115772266659119e-01,1.020016824911013642e-01
1.316437500000000149e+00,4.206575848421359454e-01,1.014275186139100143e-01
1.316437500000000149e+00,4.200205342377174023e-01,1.007659771625040168e-01
1.316437500000000149e+00,4.193013455061912476e-01,1.000174718010060498e-01
1.316437500000000149e+00,4.185010545214693511e-01,9.918247406688505963e-02
1.316437500000000149e+00,4.176208104383233310e-01,9.826151429954066430e-02
1.316437500000000149e+00,4.166618729472104654e-01,9.725518262735646791e-02
1.316437500000000149e+00,4.156256092993919071e-01,9.616412999823190089e-02
1.316437500000000149e+00,4.145134911185169302e-01,9.498906923797216517e-02
1.316437500000000149e+00,4.133270910156585654e-01,9.373077612052549412e-02
1.316437500000000149e+00,4.120680790254180326e-01,9.239009043390425391e-02
1.316437500000000149e+00,4.107382188811646850e-01,9.096791702571510596e-02
1.316437500000000149e+00,4.093393641477376943e-01,8.946522681253976650e-02
1.316437500000000149e+00,4.078734542300072041e-01,8.788305773795050679e-02
1.316437500000000149e+00,4.063425102755725549e-01,8.622251566468766559e-02
1.316437500000000149e+00,4.047486309895712564e-01,8.448477518746189130e-02
1.316437500000000149e+00,4.030939883790861655e-01,8.267108035394353516e-02
1.316437500000000149e+00,4.013808234439805167e-01,8.078274528274258237e-02
1.316437500000000149e+00,3.996114418301746629e-01,7.882115466854086594e-02
1.316437500000000149e+00,3.977882094604077712e-01,7.678776416597750398e-02
1.316437500000000149e+00,3.959135481564344250e-01,7.468410064539111881e-02
1.316437500000000149e+00,3.939899312653916685e-01,7.251176231504241620e-02
1.316437500000000149e+00,3.920198793017688477e-01,7.027241870596322160e-02
1.316437500000000149e+00,3.900059556150354823e-01,6.796781051706074495e-02
1.316437500000000149e+00,3.879507620915584876e-01,6.559974931952639032e-02
1.316437500000000149e+00,3.858569348979941638e-01,6.317011712093217879e-02
1.316437500000000149e+00,3.837271402718944735e-01,6.068086579061115343e-02
1.316437500000000149e+00,3.815640703638537024e-01,5.813401634900263598e-02
1.316437500000000149e+00,3.793704391341595761e-01,5.553165812456900552e-02
1.316437500000000149e+00,3.771489783056338752e-01,5.287594778264995826e-02
1.316437500000000149e+00,3.749024333731749148e-01,5.016910823120418472e-02
1.316437500000000149e+00,3.726335596694655972e-01,4.741342740878253664e-02
1.316437500000000149e+00,3.703451184854194000e-01,4.461125696029006465e-02
1.316437500000000149e+00,3.680398732432087483e-01,4.176501080612057132e-02
1.316437500000000149e+00,3.657205857191812015e-01,3.887716361009758981e-02
1.316437500000000149e+00,3.633900123136278859e-01,3.595024915134057558e-02
1.316437500000000149e+00,3.610509003642360382e-01,3.298685860470567527e-02
1.316437500000000149e+00,3.587059845001381309e-01,2.998963873384945938e-02
1.316437500000000149e+00,3.563579830337680332e-01,2.696129000024790820e-02
1.316437500000000149e+00,3.540095943882415885e-01,2.390456459069719222e-02
1.316437500000000149e+00,3.516634935586957500e-01,2.082226436495252311e-02
1.316437500000000149e+00,3.493223286069262468e-01,1.771723872425125593e-02
1.316437500000000149e+00,3.469887171897493294e-01,1.459238240054590470e-02
1.316437500000000149e+00,3.446652431227556490e-01,1.145063316536800227e-02
1.316437500000000149e+00,3.423544529824995575e-01,8.294969456380340764e-03
1.316437500000000149e+00,3.400588527516465454e-01,5.128407918880331824e-03
1.316437500000000149e+00,3.377809045131580090e-01,1.954000858815228142e-03
1.316437500000000149e+00,3.355230232011865987e-01,-1.225166396721493953e-03
1.316437500000000149e+00,3.332875734179589489e-01,-4.405978235999452250e-03
1.316437500000000149e+00,3.310768663274909485e-01,-7.585291600963989592e-03
1.316437500000000149e+00,3.288931566384837302e-01,-1.075993893229852671e-02
1.316437500000000149e+00,3.267334814046473634e-01,-1.393977930218324481e-02
1.316437500000000149e+00,3.246125579619863477e-01,-1.712503067093436304e-02
1.316437500000000149e+00,3.225386348056883956e-01,-2.030505765664620058e-02
1.316437500000000149e+00,3.205134025019683031e-01,-2.347626912946637612e-02
1.316437500000000149e+00,3.185384311452143513e-01,-2.663503008696225388e-02
1.316437500000000149e+00,3.166151696751686728e-01,-2.977766742417576468e-02
1.316437500000000149e+00,3.147449456043842075e-01,-3.290047600748256112e-02
1.316437500000000149e+00,3.129289651704214581e-01,-3.599972503714699706e-02
1.316437500000000149e+00,3.111683139256375963e-01,-3.907166468073260818e-02
1.316437500000000149e+00,3.094639577754151327e-01,-4.211253295691556875e-02
1.316437500000000149e+00,3.078167444732905489e-01,-4.511856284679970769e-02
1.316437500000000149e+00,3.062274055786959881e-01,-4.808598960759227769e-02
1.316437500000000149e+00,3.046965588799461777e-01,-5.101105826150684891e-02
1.316437500000000149e+00,3.032247112817301193e-01,-5.389003123104323806e-02
1.316437500000000149e+00,3.018122621527378757e-01,-5.671919609038469229e-02
1.316437500000000149e+00,3.004595071252221805e-01,-5.949487340156034421e-02
1.316437500000000149e+00,2.991666423343088410e-01,-6.221342460326466373e-02
1.316437500000000149e+00,2.979337690807892791e-01,-6.487125991980231821e-02
1.316437500000000149e+00,2.967608988970075745e-01,-6.746484625753652875e-02
1.316437500000000149e+00,2.956479589913550421e-01,-6.999071505645086677e-02
1.316437500000000149e+00,2.945947980428629265e-01,-7.244547006496948605e-02
1.316437500000000149e+00,2.936011923135008472e-01,-7.482579500700102526e-02
1.316437500000000149e+00,2.926668520420974695e-01,-7.712846111124652126e-02
1.316437500000000149e+00,2.917914280803585725e-01,-7.935033447411277141e-02
1.316437500000000149e+00,2.909745187283106493e-01,-8.148838322906758191e-02
1.316437500000000149e+00,2.902156767236985790e-01,-8.353968449692340814e-02
1.316437500000000149e+00,2.895144163374504531e-01,-8.550143109330735069e-02
1.316437500000000149e+00,2.888702205253300681e-01,-8.737093797143220819e-02
1.316437500000000149e+00,2.882825480843568267e-01,-8.914564838018511350e-02
1.316437500000000149e+00,2.877508407615143038e-01,-9.082313971946852360e-02
1.316437500000000149e+00,2.872745302617047414e-01,-9.240112907662531572e-02
1.316437500000000149e+00,2.868530451018560523e-01,-9.387747842962972100e-02
1.316437500000000149e+00,2.864858172585555973e-01,-9.525019950450053230e-02
1.316437500000000149e+00,2.861722885575717079e-01,-9.651745827607076389e-02
1.316437500000000149e+00,2.859119167551252283e-01,-9.767757910280966405e-02
1.316437500000000149e+00,2.857041812627778565e-01,-9.872904848782684817e-02
1.316437500000000149e+00,2.855485884702947397e-01,-9.967051845948143862e-02
1.316437500000000149e+00,2.854446766237948019e-01,-1.005008095661700240e-01
1.316437500000000149e+00,2.853920202198936273e-01,-1.012189134808728491e-01
1.316437500000000149e+00,2.853902338803409044e-01,-1.018239952119033981e-01
1.316437500000000149e+00,2.854389756758184404e-01,-1.023153949170399896e-01
1.316437500000000149e+00,2.855379498720553855e-01,-1.026926293188304140e-01
1.316437500000000149e+00,2.856869090761932628e-01,-1.029553927193673779e-01
1.316437500000000149e+00,2.858856557663387865e-01,-1.031035576132530718e-01
1.316437500000000149e+00,2.861314003858649313e-01,-1.031361004659734626e-01
1.316437500000000149e+00,2.864213840036498038e-01,-1.030521631690752699e-01
1.316437500000000149e+00,2.867555006401800166e-01,-1.028521141295469787e-01
1.316437500000000149e+00,2.871336543609788738e-01,-1.025364729519641360e-01
1.316437500000000149e+00,2.875557591431271987e-01,-1.021059092282695924e-01
1.316437500000000149e+00,2.880217387040522325e-01,-1.015612410081892236e-01
1.316437500000000149e+00,2.885315262861408159e-01,-1.009034329570633465e-01
1.316437500000000149e+00,2.890850643886838656e-01,-1.001335942097064113e-01
1.316437500000000149e+00,2.896823044367878852e-01,-9.925297593061452317e-02
1.316437500000000149e+00,2.903232063752356207e-01,-9.826296859239505577e-02
1.316437500000000149e+00,2.910077381738702118e-01,-9.716509898567335379e-02
1.316437500000000149e+00,2.917358752299470392e-01,-9.596102697491579181e-02
1.316437500000000149e+00,2.925075996520724031e-01,-9.465254201558526148e-02
1.316437500000000149e+00,2.933228994098464049e-01,-9.324155944879730651e-02
1.316437500000000149e+00,2.941817673331691974e-01,-9.173011659017341057e-02
1.316437500000000149e+00,2.950841999453666653e-01,-9.012036862988288821e-02
1.316437500000000149e+00,2.960301961148502636e-01,-8.841458436093642403e-02
1.316437500000000149e+00,2.970197555109522214e-01,-8.661514175264586890e-02
1.316437500000000149e+00,2.980528768508637905e-01,-8.472452338581143438e-02
1.316437500000000149e+00,2.991295559262465154e-01,-8.274531176565605439e-02
1.316437500000000149e+00,3.002497834000690813e-01,-8.068018452781811067e-02
1.316437500000000149e+00,3.014135423665267322e-01,-7.853190955186381550e-02
1.316437500000000149e+00,3.026208056695000592e-01,-7.630333999581893900e-02
1.316437500000000149e+00,3.038715329778792218e-01,-7.399740926417414100e-02
1.316437500000000149e+00,3.051656676191771278e-01,-7.161712592072801142e-02
1.316437500000000149e+00,3.065031331761505218e-01,-6.916556855652396252e-02
1.316437500000000149e+00,3.078838298545845675e-01,-6.664588062205339947e-02
1.316437500000000149e+00,3.093076306339420656e-01,-6.406126523186722599e-02
1.316437500000000149e+00,3.107743772161655205e-01,-6.141497994879600159e-02
1.316437500000000149e+00,3.122838757915105679e-01,-5.871033155415457394e-02
1.316437500000000149e+00,3.138358926438144514e-01,-5.595067080962978084e-02
1.316437500000000149e+00,3.154301496210163425e-01,-5.313938721603869014e-02
1.316437500000000149e+00,3.170663194999832624e-01,-5.027990377382135501e-02
1.316437500000000149e+00,3.187440212777084558e-01,-4.737567175000660658e-02
1.316437500000000149e+00,3.204628154236746629e-01,-4.443016545646859966e-02
1.316437500000000149e+00,3.222221991305707078e-01,-4.144687704457633570e-02
1.316437500000000149e+00,3.240216016025661561e-01,-3.842931132181799658e-02
1.316437500000000149e+00,3.258603794219389060e-01,-3.538098059664705058e-02
1.316437500000000149e+00,3.277378120359893954e-01,-3.230539955862218870e-02
1.316437500000000149e+00,3.296530974068215825e-01,-2.920608020187524800e-02
1.316437500000000149e+00,3.316053478667140841e-01,-2.608652680100425128e-02
1.316437500000000149e+00,3.335935862214265413e-01,-2.295023094961866350e-02
1.316437500000000149e+00,3.356167421428831732e-01,-1.980066667291502727e-02
1.316437500000000149e+00,3.376777545830514371e-01,-1.663263732841700066e-02
1.316437500000000149e+00,3.397673391357134420e-01,-1.343940549440317787e-02
1.316437500000000149e+00,3.418738620547846496e-01,-1.023414649262593262e-02
1.316437500000000149e+00,3.439956214535527246e-01,-7.020196159173040448e-03
1.316437500000000149e+00,3.461308661460237301e-01,-3.800880701973837969e-03
1.316437500000000149e+00,3.482777957008157954e-01,-5.795126363139723423e-04
1.316437500000000149e+00,3.504345607725662948e-01,2.640613168953161345e-03
1.316437500000000149e+00,3.525992637224620863e-01,5.856223321079124036e-03
1.316437500000000149e+00,3.547699595365829128e-01,9.064069596636142520e-03
1.316437500000000149e+00,3.569446570477535774e-01,1.226093248718290035e-02
1.316437500000000149e+00,3.591213204635777534e-01,1.544362458769361728e-02
1.316437500000000149e+00,3.612978712003162562e-01,1.860899381960408328e-02
1.316437500000000149e+00,3.634721900193148558e-01,2.175392648198441053e-02
1.316437500000000149e+00,3.656421194598233892e-01,2.487535012609070131e-02
1.316437500000000149e+00,3.678054665593120109e-01,2.797023625035388594e-02
1.316437500000000149e+00,3.699600058498178634e-01,3.103560281469826612e-02
1.316437500000000149e+00,3.721034826164736908e-01,3.406851657492254021e-02
1.316437500000000149e+00,3.742336164022045386e-01,3.706609523968293352e-02
1.316437500000000149e+00,3.763481047406538882e-01,4.002550945436721824e-02
1.316437500000000149e+00,3.784446270977266380e-01,4.294398461780950943e-02
1.316437500000000149e+00,3.805208490007332967e-01,4.581880253933423575e-02
1.316437500000000149e+00,3.825744263329873274e-01,4.864730294501846269e-02
1.316437500000000149e+00,3.846030097708540429e-01,5.142688484328856308e-02
1.316437500000000149e+00,3.866042493396712465e-01,5.415500776101000308e-02
1.316437500000000149e+00,3.885757990646523941e-01,5.682919286206440657e-02
1.316437500000000149e+00,3.905153216928337057e-01,5.944702396102403280e-02
1.316437500000000149e+00,3.924204934623260477e-01,6.200614844492507993e-02
1.316437500000000149e+00,3.942890088955607331e-01,6.450427811629658170e-02
1.316437500000000149e+00,3.961185855938585965e-01,6.693918997052798747e-02
1.316437500000000149e+00,3.979069690114864222e-01,6.930872692035575100e-02
1.316437500000000149e+00,3.996519371883618388e-01,7.161079847972723345e-02
1.316437500000000149e+00,4.013513054217140441e-01,7.384338141857253734e-02
1.316437500000000149e+00,4.030029308582720460e-01,7.600452039909906532e-02
1.316437500000000149e+00,4.046047169899073537e-01,7.809232860313790325e-02
1.316437500000000149e+00,4.061546180370888548e-01,8.010498835884184710e-02
1.316437500000000149e+00,4.076506432059748830e-01,8.204075177368617966e-02
1.316437500000000149e+00,4.090908608064638963e-01,8.389794137928589801e-02
1.316437500000000149e+00,4.104734022200124399e-01,8.567495079204355546e-02
1.316437500000000149e+00,4.117964657074998369e-01,8.737024539211526997e-02
1.316437500000000149e+00,4.130583200488433526e-01,8.898236302165644929e-02
1.316437500000000149e+00,4.142573080074353764e-01,9.050991470181443677e-02
1.316437500000000149e+00,4.153918496137657956e-01,9.195158536650581416e-02
1.316437500000000149e+00,4.164604452637978294e-01,9.330613460967342176e-02
1.316437500000000149e+00,4.174616786287712045e-01,9.457239744149553706e-02
1.316437500000000149e+00,4.183942193741052584e-01,9.574928504793348005e-02
1.316437500000000149e+00,4.192568256859598996e-01,9.683578554707952812e-02
1.316437500000000149e+00,4.200483466047810199e-01,9.783096473501924628e-02
1.316437500000000149e+00,4.207677241658035472e-01,9.873396681336263359e-02
1.316437500000000149e+00,4.214139953470154021e-01,9.954401509023899641e-02
1.316437500000000149e+00,4.219862938254974050e-01,1.002604126463927242e-01
1.316437500000000149e+00,4.224838515433515518e-01,1.008825429580633565e-01
1.316437500000000149e+00,4.229060000846212031e-01,1.014098704685789942e-01
1.316437500000000149e+00,4.232521718646972131e-01,1.018419411010296205e-01
1.316437500000000149e+00,4.235219011337009176e-01,1.021783827050027765e-01
1.316437500000000149e+00,4.237148247952526869e-01,1.024189054311460539e-01
1.316437500000000149e+00,4.238306830418763771e-01,1.025633020282442215e-01
1.316437500000000149e+00,4.238693198080785707e-01,1.026114480585490762e-01
1.374625000000000208e+00,4.717122748898343598e-01,1.077470259588117207e-01
1.374625000000000208e+00,4.716664045561586582e-01,1.077007839301647174e-01
1.374625000000000208e+00,4.715288590161121340e-01,1.075620864203474525e-01
1.374625000000000208e+00,4.712998344936144557e-01,1.073310192218938086e-01
1.374625000000000208e+00,4.709796574993646567e-01,1.070077255352549078e-01
1.374625000000000208e+00,4.705687840402502098e-01,1.065924062847244530e-01
1.374625000000000208e+00,4.700677985188060903e-01,1.060853205539557531e-01
1.374625000000000208e+00,4.694774123289344736e-01,1.054867861344221253e-01
1.374625000000000208e+00,4.687984621557601539e-01,1.047971801784522983e-01
1.374625000000000208e+00,4.680319079890842837e-01,1.040169399468865719e-01
1.374625000000000208e+00,4.671788308613868401e-01,1.031465636399673674e-01
1.374625000000000208e+00,4.662404303227093982e-01,1.021866112988242259e-01
1.374625000000000208e+00,4.652180216659990708e-01,1.011377057638520732e-01
1.374625000000000208e+00,4.641130329176130220e-01,1.000005336754329621e-01
1.374625000000000208e+00,4.629270016086447503e-01,9.877584650182033577e-02
1.374625000000000208e+00,4.616615713435415769e-01,9.746446157860189086e-02
1.374625000000000208e+00,4.603184881831195452e-01,9.606726314398221500e-02
1.374625000000000208e+00,4.588995968595481756e-01,9.458520335418027503e-02
1.374625000000000208e+00,4.574068368411646213e-01,9.301930326350979494e-02
1.374625000000000208e+00,4.558422382650868521e-01,9.137065375419962943e-02
1.374625000000000208e+00,4.542079177555240488e-01,8.964041640169265190e-02
1.374625000000000208e+00,4.525060741454393631e-01,8.782982426203091164e-02
1.374625000000000208e+00,4.507389841188024215e-01,8.594018256895857855e-02
1.374625000000000208e+00,4.489089977900913020e-01,8.397286932954120542e-02
1.374625000000000208e+00,4.470185342369720205e-01,8.192933580837678809e-02
1.374625000000000208e+00,4.450700770012114837e-01,7.981110689183715245e-02
1.374625000000000208e+00,4.430661695718836057e-01,7.761978132520139240e-02
1.374625000000000208e+00,4.410094108638179522e-01,7.535703181699117403e-02
1.374625000000000208e+00,4.389024507030471201e-01,7.302460500627135087e-02
1.374625000000000208e+00,4.367479853297391856e-01,7.062432129010108584e-02
1.374625000000000208e+00,4.345487529277854422e-01,6.815807450968802694e-02
1.374625000000000208e+00,4.323075291888749394e-01,6.562783149508877312e-02
1.374625000000000208e+00,4.300271229175408050e-01,6.303563146948018558e-02
1.374625000000000208e+00,4.277103716823483781e-01,6.038358531508975641e-02
1.374625000000000208e+00,4.253601375171158772e-01,5.767387470379044256e-02
1.374625000000000208e+00,4.229793026748606133e-01,5.490875109612988747e-02
1.374625000000000208e+00,4.205707654360522074e-01,5.209053461316373590e-02
1.374625000000000208e+00,4.181374359717603406e-01,4.922161278588667310e-02
1.374625000000000208e+00,4.156822322614279197e-01,4.630443918730942077e-02
1.374625000000000208e+00,4.132080760642935502e-01,4.334153195230727729e-02
1.374625000000000208e+00,4.107178889429508040e-01,4.033547219027834585e-02
1.374625000000000208e+00,4.082145883371764983e-01,3.728890229540413048e-02
1.374625000000000208e+00,4.057010836859922809e-01,3.420452415891282738e-02
1.374625000000000208e+00,4.031802725959541256e-01,3.108509728722671020e-02
1.374625000000000208e+00,4.006550370538886074e-01,2.793343682924412028e-02
1.374625000000000208e+00,3.981282396827154901e-01,2.475241151528685679e-02
1.374625000000000208e+00,3.956027200396038945e-01,2.154494150946041631e-02
1.374625000000000208e+00,3.930812909564950219e-01,1.831399617634660651e-02
1.374625000000000208e+00,3.905667349239719255e-01,1.506259176210741901e-02
1.374625000000000208e+00,3.880618005205515031e-01,1.179378898924553221e-02
1.374625000000000208e+00,3.855691988906884138e-01,8.510690563469690620e-03
1.374625000000000208e+00,3.830916002760933470e-01,5.216438590372664275e-03
1.374625000000000208e+00,3.806316306063531885e-01,1.914211898973318393e-03
1.374625000000000208e+00,3.781918681562577156e-01,-1.392776731383315106e-03
1.374625000000000208e+00,3.757748402786685871e-01,-4.701283444708112894e-03
1.374625000000000208e+00,3.733830202231640527e-01,-8.008036286872792509e-03
1.374625000000000208e+00,3.710188240520313485e-01,-1.130973829332898931e-02
1.374625000000000208e+00,3.686798879182140443e-01,-1.461509477064691469e-02
1.374625000000000208e+00,3.663810156401599571e-01,-1.792486298271106851e-02
1.374625000000000208e+00,3.641303205880042082e-01,-2.122907835085088499e-02
1.374625000000000208e+00,3.619296445364478254e-01,-2.452401802156645855e-02
1.374625000000000208e+00,3.597807077725773683e-01,-2.780591411735673646e-02
1.374625000000000208e+00,3.576851084154227256e-01,-3.107095963002858008e-02
1.374625000000000208e+00,3.556443221415709344e-01,-3.431531461897908974e-02
1.374625000000000208e+00,3.536597023293479580e-01,-3.753511270001848310e-02
1.374625000000000208e+00,3.517324806325660136e-01,-4.072646780769621083e-02
1.374625000000000208e+00,3.498637679929623157e-01,-4.388548121158172138e-02
1.374625000000000208e+00,3.480545560982303832e-01,-4.700824876457506546e-02
1.374625000000000208e+00,3.463057192899851033e-01,-5.009086835912376218e-02
1.374625000000000208e+00,3.446180169231372048e-01,-5.312944756523681200e-02
1.374625000000000208e+00,3.429920961750086428e-01,-5.612011142244411471e-02
1.374625000000000208e+00,3.414284952991373800e-01,-5.905901035637842189e-02
1.374625000000000208e+00,3.399276473151450761e-01,-6.194232818947126989e-02
1.374625000000000208e+00,3.384898841223132337e-01,-6.476629021437413369e-02
1.374625000000000208e+00,3.371154410206964047e-01,-6.752717129813790020e-02
1.374625000000000208e+00,3.358044616197352616e-01,-7.022130398491796544e-02
1.374625000000000208e+00,3.345570031104836972e-01,-7.284508656500265911e-02
1.374625000000000208e+00,3.333730418737800294e-01,-7.539499107828474822e-02
1.374625000000000208e+00,3.322524793930352049e-01,-7.786757122088729111e-02
1.374625000000000208e+00,3.311951484368261256e-01,-8.025947012449725915e-02
1.374625000000000208e+00,3.302008194732296564e-01,-8.256742797902599795e-02
1.374625000000000208e+00,3.292692072748536480e-01,-8.478828947047807596e-02
1.374625000000000208e+00,3.283999776708660390e-01,-8.691901100733619157e-02
1.374625000000000208e+00,3.275927544000268865e-01,-8.895666771033135245e-02
1.374625000000000208e+00,3.268471260168331338e-01,-9.089846014212842051e-02
1.374625000000000208e+00,3.261626528014169857e-01,-9.274172075518803682e-02
1.374625000000000208e+00,3.255388736228234103e-01,-9.448392003783460946e-02
1.374625000000000208e+00,3.249753127047524948e-01,-9.612267234033659846e-02
1.374625000000000208e+00,3.244714862427984237e-01,-9.765574136456413312e-02
1.374625000000000208e+00,3.240269088226562788e-01,-9.908104530250388953e-02
1.374625000000000208e+00,3.236410995897070486e-01,-1.003966616105621129e-01
1.374625000000000208e+00,3.233135881218207053e-01,-1.016008314081553315e-01
1.374625000000000208e+00,3.230439199591290111e-01,-1.026919634905620604e-01
1.374625000000000208e+00,3.228316617469020877e-01,-1.036686379473740760e-01
1.374625000000000208e+00,3.226764059504864113e-01,-1.045296093791428793e-01
1.374625000000000208e+00,3.225777751045095787e-01,-1.052738097059567474e-01
1.374625000000000208e+00,3.225354255621932231e-01,-1.059003505627128805e-01
1.374625000000000208e+00,3.225490507146050456e-01,-1.064085252767711792e-01
1.374625000000000208e+00,3.226183836539854854e-01,-1.067978104245011217e-01
1.374625000000000208e+00,3.227431992598635557e-01,-1.070678669639698877e-01
1.374625000000000208e+00,3.229233156914774194e-01,-1.072185409416881036e-01
1.374625000000000208e+00,3.231561786950231663e-01,-1.072488049995273668e-01
1.374625000000000208e+00,3.234392595010963656e-01,-1.071578046198206347e-01
1.374625000000000208e+00,3.237724523909727425e-01,-1.069459039867357991e-01
1.374625000000000208e+00,3.241556580119098196e-01,-1.066136263432316961e-01
1.374625000000000208e+00,3.245887832214305324e-01,-1.061616527852635439e-01
1.374625000000000208e+00,3.250717408767533900e-01,-1.055908207254289688e-01
1.374625000000000208e+00,3.256044495635393998e-01,-1.049021220324464071e-01
1.374625000000000208e+00,3.261868332562921635e-01,-1.040967008545589795e-01
1.374625000000000208e+00,3.268188209010827183e-01,-1.031758511365465647e-01
1.374625000000000208e+00,3.275003459098120850e-01,-1.021410138414824559e-01
1.374625000000000208e+00,3.282313455540001867e-01,-1.009937738896721504e-01
1.374625000000000208e+00,3.290117602451290701e-01,-9.973585682833713273e-02
1.374625000000000208e+00,3.298415326878962328e-01,-9.836912524655029577e-02
1.374625000000000208e+00,3.307206068923680409e-01,-9.689557495067438464e-02
1.374625000000000208e+00,3.316489270309830317e-01,-9.531733091610318509e-02
1.374625000000000208e+00,3.326264361266487168e-01,-9.363664303144823842e-02
1.374625000000000208e+00,3.336530745588097702e-01,-9.185588165146311990e-02
1.374625000000000208e+00,3.347287783753452595e-01,-8.997753297495206248e-02
1.374625000000000208e+00,3.358534773994688027e-01,-8.800419426368993880e-02
1.374625000000000208e+00,3.370270931224514932e-01,-8.593856891799521447e-02
1.374625000000000208e+00,3.382495363749511985e-01,-8.378346142407129549e-02
1.374625000000000208e+00,3.395207047719881466e-01,-8.154177218758312806e-02
1.374625000000000208e+00,3.408404799291355203e-01,-7.921649226719493231e-02
1.374625000000000208e+00,3.422087244502633463e-01,-7.681069802098393351e-02
1.374625000000000208e+00,3.436252786901486389e-01,-7.432754567779890909e-02
1.374625000000000208e+00,3.450899572984096331e-01,-7.177026584477620708e-02
1.374625000000000208e+00,3.466025455544871625e-01,-6.914215796139258630e-02
1.374625000000000208e+00,3.481627955067452262e-01,-6.644658470965225661e-02
1.374625000000000208e+00,3.497704219321347008e-01,-6.368696638930353149e-02
1.374625000000000208e+00,3.514250981362206372e-01,-6.086677526637961771e-02
1.374625000000000208e+00,3.531264516166493506e-01,-5.798952990288888665e-02
1.374625000000000208e+00,3.548740596162832661e-01,-5.505878947514974281e-02
1.374625000000000208e+00,3.566674445951996675e-01,-5.207814808809786700e-02
1.374625000000000208e+00,3.585060696534861369e-01,-4.905122909289022504e-02
1.374625000000000208e+00,3.603893339392190143e-01,-4.598167941529748143e-02
1.374625000000000208e+00,3.623165680781353926e-01,-4.287316390271089794e-02
1.374625000000000208e+00,3.642870296632630400e-01,-3.972935969808055745e-02
1.374625000000000208e+00,3.662998988441165671e-01,-3.655395064973673142e-02
1.374625000000000208e+00,3.683542740559748174e-01,-3.335062176680204937e-02
1.374625000000000208e+00,3.704491679301927798e-01,-3.012305373075536627e-02
1.374625000000000208e+00,3.725835034264645129e-01,-2.687491747462516720e-02
1.374625000000000208e+00,3.747561102274193368e-01,-2.360986884224021073e-02
1.374625000000000208e+00,3.769657214349153573e-01,-2.033154334090637311e-02
1.374625000000000208e+00,3.792147728240165550e-01,-1.703562248533861678e-02
1.374625000000000208e+00,3.814935669221667935e-01,-1.371546548352071786e-02
1.374625000000000208e+00,3.837906734633255712e-01,-1.038318900487751953e-02
1.374625000000000208e+00,3.861041871952529680e-01,-7.042261214914254108e-03
1.374625000000000208e+00,3.884321522258992743e-01,-3.696139057262745088e-03
1.374625000000000208e+00,3.907725623658922509e-01,-3.482640428676851349e-04
1.374625000000000208e+00,3.931233617438986694e-01,2.997941840967168359e-03
1.374625000000000208e+00,3.954824457053584541e-01,6.339080088442336329e-03
1.374625000000000208e+00,3.978476620023226329e-01,9.671779487933657160e-03
1.374625000000000208e+00,4.002168122792925664e-01,1.299269977865640836e-02
1.374625000000000208e+00,4.025876538570998808e-01,1.629853514194171474e-02
1.374625000000000208e+00,4.049579018140209152e-01,1.958601751930061363e-02
1.374625000000000208e+00,4.073252313605258967e-01,2.285191975111155668e-02
1.374625000000000208e+00,4.096872805013583863e-01,2.609305853150436713e-02
1.374625000000000208e+00,4.120416529760554947e-01,2.930629717680281049e-02
1.374625000000000208e+00,4.143859214665883139e-01,3.248854820669932336e-02
1.374625000000000208e+00,4.167176310585503085e-01,3.563677573914339480e-02
1.374625000000000208e+00,4.190343029402723296e-01,3.874799770169623514e-02
1.374625000000000208e+00,4.213334383224164315e-01,4.181928786381238633e-02
1.374625000000000208e+00,4.236125225590138821e-01,4.484777769612754983e-02
1.374625000000000208e+00,4.258690294495736661e-01,4.783065806432818673e-02
1.374625000000000208e+00,4.281004257008054759e-01,5.076518076653784711e-02
1.374625000000000208e+00,4.303041755256787892e-01,5.364865992434368624e-02
1.374625000000000208e+00,4.324777453569725871e-01,5.647847323859725432e-02
1.374625000000000208e+00,4.346186086521583447e-01,5.925206312193144476e-02
1.374625000000000208e+00,4.367242507663878226e-01,6.196693772053274429e-02
1.374625000000000208e+00,4.387921738705206076e-01,6.462067183808854753e-02
1.374625000000000208e+00,4.408199018915029410e-01,6.721090777498274493e-02
1.374625000000000208e+00,4.428049854529886309e-01,6.973535609574812999e-02
1.374625000000000208e+00,4.447450067948510166e-01,7.219179633749912839e-02
1.374625000000000208e+00,4.466375846511501657e-01,7.457807767157463574e-02
1.374625000000000208e+00,4.484803790671755830e-01,7.689211952993091348e-02
1.374625000000000208e+00,4.502710961373498910e-01,7.913191220695509065e-02
1.374625000000000208e+00,4.520074926470392107e-01,8.129551744633775612e-02
1.374625000000000208e+00,4.536873806026415767e-01,8.338106902147672528e-02
1.374625000000000208e+00,4.553086316356936281e-01,8.538677331659981495e-02
1.374625000000000208e+00,4.568691812681337505e-01,8.731090991443021809e-02
1.374625000000000208e+00,4.583670330272500149e-01,8.915183219478921284e-02
1.374625000000000208e+00,4.598002624002253680e-01,9.090796794707967088e-02
1.374625000000000208e+00,4.611670206195324084e-01,9.257781999813910478e-02
1.374625000000000208e+00,4.624655382717229868e-01,9.415996685552746603e-02
1.374625000000000208e+00,4.636941287233852238e-01,9.565306336494870665e-02
1.374625000000000208e+00,4.648511913591876765e-01,9.705584137922297627e-02
1.374625000000000208e+00,4.659352146279926998e-01,9.836711043505201590e-02
1.374625000000000208e+00,4.669447788939846689e-01,9.958575843277781003e-02
1.374625000000000208e+00,4.678785590906214265e-01,1.007107523134394000e-01
1.374625000000000208e+00,4.687353271759753248e-01,1.017411387267044831e-01
1.374625000000000208e+00,4.695139543886771571e-01,1.026760446827008760e-01
1.374625000000000208e+00,4.702134133042189523e-01,1.035146781804057170e-01
1.374625000000000208e+00,4.708327796918049257e-01,1.042563288050748910e-01
1.374625000000000208e+00,4.713712341722732235e-01,1.049003682872086812e-01
1.374625000000000208e+00,4.718280636778438009e-01,1.054462510157506971e-01
1.374625000000000208e+00,4.722026627145927136e-01,1.058935144985965054e-01
1.374625000000000208e+00,4.724945344286100024e-01,1.062417797640361206e-01
1.374625000000000208e+00,4.727032914767860805e-01,1.064907516974572393e-01
1.374625000000000208e+00,4.728286567030889342e-01,1.066402193084693695e-01
1.374625000000000208e+00,4.728704636210611101e-01,1.066900559245644725e-01
1.432812500000000266e+00,5.220979687858369189e-01,1.106045036036769624e-01
1.432812500000000266e+00,5.220497133824253400e-01,1.105569382177674642e-01
1.432812500000000266e+00,5.219050146406368773e-01,1.104142718431197212e-01
1.432812500000000266e+00,5.216640748072671752e-01,1.101765938908371018e-01
1.432812500000000266e+00,5.213272304327009055e-01,1.098440535846855193e-01
1.432812500000000266e+00,5.208949515825246346e-01,1.094168602657017292e-01
1.432812500000000266e+00,5.203678407398032446e-01,1.088952838121323707e-01
1.432812500000000266e+00,5.197466314039658197e-01,1.082796551683122971e-01
1.432812500000000266e+00,5.190321863938472946e-01,1.075703669744378366e-01
1.432812500000000266e+00,5.182254958639519460e-01,1.067678742876572023e-01
1.432812500000000266e+00,5.173276750444387728e-01,1.058726953835189832e-01
1.432812500000000266e+00,5.163399617166583022e-01,1.048854126256022340e-01
1.432812500000000266e+00,5.152637134372801686e-01,1.038066733901195776e-01
1.432812500000000266e+00,5.141004045251345023e-01,1.026371910314508584e-01
1.432812500000000266e+00,5.128516228258300780e-01,1.013777458739399395e-01
1.432812500000000266e+00,5.115190662700059843e-01,1.000291862148756233e-01
1.432812500000000266e+00,5.101045392417095092e-01,9.859242932338548038e-02
1.432812500000000266e+00,5.086099487738670044e-01,9.706846241999367297e-02
1.432812500000000266e+00,5.070373005881194661e-01,9.545834362182711863e-02
1.432812500000000266e+00,5.053886949964381259e-01,9.376320283889173768e-02
1.432812500000000266e+00,5.036663226819048100e-01,9.198424260746333736e-02
1.432812500000000266e+00,5.018724603758490943e-01,9.012273884743914054e-02
1.432812500000000266e+00,5.000094664481814499e-01,8.818004153144767820e-02
1.432812500000000266e+00,4.980797764272550943e-01,8.615757525460389366e-02
1.432812500000000266e+00,4.960858984649390568e-01,8.405683969499382069e-02
1.432812500000000266e+00,4.940304087617988227e-01,8.187940995625478391e-02
1.432812500000000266e+00,4.919159469663826334e-01,7.962693678496174376e-02
1.432812500000000266e+00,4.897452115615985591e-01,7.730114665690070164e-02
1.432812500000000266e+00,4.875209552500799348e-01,7.490384172769150306e-02
1.432812500000000266e+00,4.852459803492691903e-01,7.243689964457805663e-02
1.432812500000000266e+00,4.829231342057436760e-01,6.990227321751418810e-02
1.432812500000000266e+00,4.805553046370685255e-01,6.730198994891269104e-02
1.432812500000000266e+00,4.781454154082191987e-01,6.463815142257041402e-02
1.432812500000000266e+00,4.756964217483936053e-01,6.191293255331641737e-02
1.432812500000000266e+00,4.732113059128452703e-01,5.912858069983291387e-02
1.432812500000000266e+00,4.706930727932483460e-01,5.628741464385980664e-02
1.432812500000000266e+00,4.681447455790629375e-01,5.339182343960315741e-02
1.432812500000000266e+00,4.655693614714315198e-01,5.044426513761268716e-02
1.432812500000000266e+00,4.629699674503212070e-01,4.744726538768243018e-02
1.432812500000000266e+00,4.603496160949474558e-01,4.440341592544987809e-02
1.432812500000000266e+00,4.577113614569882083e-01,4.131537294733627491e-02
1.432812500000000266e+00,4.550582549857365433e-01,3.818585537828906445e-02
1.432812500000000266e+00,4.523933415041452299e-01,3.501764303646492937e-02
1.432812500000000266e+00,4.497196552347080267e-01,3.181357469855080472e-02
1.432812500000000266e+00,4.470402158742839971e-01,2.857654606886780163e-02
1.432812500000000266e+00,4.443580247173159470e-01,2.530950765476798481e-02
1.432812500000000266e+00,4.416760608274082900e-01,2.201546255013089870e-02
1.432812500000000266e+00,4.389972772579046612e-01,1.869746412802129193e-02
1.432812500000000266e+00,4.363245973229320507e-01,1.535861364280490318e-02
1.432812500000000266e+00,4.336609109213352964e-01,1.200205774125835331e-02
1.432812500000000266e+00,4.310090709169963064e-01,8.630985881475762914e-03
1.432812500000000266e+00,4.283718895801920667e-01,5.248627657691747918e-03
1.432812500000000266e+00,4.257521350958692885e-01,1.858250028529845679e-03
1.432812500000000266e+00,4.231525281459734278e-01,-1.536845554335327865e-03
1.432812500000000266e+00,4.205757385742369125e-01,-4.933326120523374297e-03
1.432812500000000266e+00,4.180243821430711937e-01,-8.327830262009339179e-03
1.432812500000000266e+00,4.155010173933977313e-01,-1.171697132475853394e-02
1.432812500000000266e+00,4.130038519084864301e-01,-1.510837500727693281e-02
1.432812500000000266e+00,4.105476081111289477e-01,-1.850326138271011708e-02
1.432812500000000266e+00,4.081402185606907707e-01,-2.189232814620782619e-02
1.432812500000000266e+00,4.057836653879086097e-01,-2.527176411763596212e-02
1.432812500000000266e+00,4.034798095934745699e-01,-2.863771247663779440e-02
1.432812500000000266e+00,4.012303903401016614e-01,-3.198627672189514881e-02
1.432812500000000266e+00,3.990370246424569944e-01,-3.531352693380357399e-02
1.432812500000000266e+00,3.969012074657313205e-01,-3.861550632678587003e-02
1.432812500000000266e+00,3.948243122422034901e-01,-4.188823807499763435e-02
1.432812500000000266e+00,3.928075918134106836e-01,-4.512773239278115162e-02
1.432812500000000266e+00,3.908521798034740313e-01,-4.832999384893469502e-02
1.432812500000000266e+00,3.889590924267557481e-01,-5.149102889172554182e-02
1.432812500000000266e+00,3.871292307303673130e-01,-5.460685355961800158e-02
1.432812500000000266e+00,3.853633832691359395e-01,-5.767350135094391483e-02
1.432812500000000266e+00,3.836622292074972629e-01,-6.068703122423686758e-02
1.432812500000000266e+00,3.820263418394634347e-01,-6.364353569970203350e-02
1.432812500000000266e+00,3.804561925143528645e-01,-6.653914903131752379e-02
1.432812500000000266e+00,3.789521549524123012e-01,-6.937005541836367695e-02
1.432812500000000266e+00,3.775145099308624963e-01,-7.213249722476280934e-02
1.432812500000000266e+00,3.761434503173039512e-01,-7.482278317447478566e-02
1.432812500000000266e+00,3.748390864238854148e-01,-7.743729649132891080e-02
1.432812500000000266e+00,3.736014516522108142e-01,-7.997250295206551063e-02
1.432812500000000266e+00,3.724305083956953588e-01,-8.242495882199346591e-02
1.432812500000000266e+00,3.713261541630274998e-01,-8.479131864352418280e-02
1.432812500000000266e+00,3.702882278835889496e-01,-8.706834284889190811e-02
1.432812500000000266e+00,3.693165163531861306e-01,-8.925290516958983567e-02
1.432812500000000266e+00,3.684107607762784342e-01,-9.134199981641473454e-02
1.432812500000000266e+00,3.675706633590974937e-01,-9.333274840548939910e-02
1.432812500000000266e+00,3.667958939066591206e-01,-9.522240660719631655e-02
1.432812500000000266e+00,3.660860963757058828e-01,-9.700837049657688727e-02
1.432812500000000266e+00,3.654408953351017120e-01,-9.868818258540543176e-02
1.432812500000000266e+00,3.648599022851414242e-01,-1.002595375178073206e-01
1.432812500000000266e+00,3.643427217876507029e-01,-1.017202874129370382e-01
1.432812500000000266e+00,3.638889573596343352e-01,-1.030684468398417458e-01
1.432812500000000266e+00,3.634982170845821869e-01,-1.043021974111953271e-01
1.432812500000000266e+00,3.631701188973522343e-01,-1.054198919840792920e-01
1.432812500000000266e+00,3.629042955008056071e-01,-1.064200584574046260e-01
1.432812500000000266e+00,3.627003988750494567e-01,-1.073014031569013843e-01
1.432812500000000266e+00,3.625581043432257733e-01,-1.080628137998506239e-01
1.432812500000000266e+00,3.624771141612391778e-01,-1.087033620328940464e-01
1.432812500000000266e+00,3.624571606026079085e-01,-1.092223055373339885e-01
1.432812500000000266e+00,3.624980085137179397e-01,-1.096190896973384260e-01
1.432812500000000266e+00,3.625994573191126946e-01,-1.098933488273970693e-01
1.432812500000000266e+00,3.627613424610237058e-01,-1.100449069562517562e-01
1.432812500000000266e+00,3.629813387660100754e-01,-1.100727458443481743e-01
1.432812500000000266e+00,3.632571406865036656e-01,-1.099760252825374013e-01
1.432812500000000266e+00,3.635886422192015632e-01,-1.097551029943358153e-01
1.432812500000000266e+00,3.639757393037684197e-01,-1.094105014653121294e-01
1.432812500000000266e+00,3.644183296541902983e-01,-1.089429067511140659e-01
1.432812500000000266e+00,3.649163125232075533e-01,-1.083531669474702835e-01
1.432812500000000266e+00,3.654695883945680013e-01,-1.076422903281614440e-01
1.432812500000000266e+00,3.660780585962091771e-01,-1.068114431585296675e-01
1.432812500000000266e+00,3.667416248260018108e-01,-1.058619471935704631e-01
1.432812500000000266e+00,3.674601885804106294e-01,-1.047952768710088273e-01
1.432812500000000266e+00,3.682336504753686013e-01,-1.036130562109827957e-01
1.432812500000000266e+00,3.690619094478517215e-01,-1.023170554350268935e-01
1.432812500000000266e+00,3.699448618261050314e-01,-1.009091873179571719e-01
1.432812500000000266e+00,3.708824002562211009e-01,-9.939150328699591919e-02
1.432812500000000266e+00,3.718744124728284306e-01,-9.776618928303851264e-02
1.432812500000000266e+00,3.729207799020179959e-01,-9.603556139935229274e-02
1.432812500000000266e+00,3.740213760853240421e-01,-9.420206131321504084e-02
1.432812500000000266e+00,3.751760649145860493e-01,-9.226825152605307168e-02
1.432812500000000266e+00,3.763846986688400564e-01,-9.023681042753822767e-02
1.432812500000000266e+00,3.776471158460183442e-01,-8.811052719886401652e-02
1.432812500000000266e+00,3.789631387841537191e-01,-8.589229657005964524e-02
1.432812500000000266e+00,3.803325710689737238e-01,-8.358511344573810176e-02
1.432812500000000266e+00,3.817551947272047608e-01,-8.119206741313364506e-02
1.432812500000000266e+00,3.832307672075570548e-01,-7.871633714568669615e-02
1.432812500000000266e+00,3.847590181541921117e-01,-7.616118471480989860e-02
1.432812500000000266e+00,3.863396459804537275e-01,-7.352994982183864991e-02
1.432812500000000266e+00,3.879723142537220282e-01,-7.082604396156233495e-02
1.432812500000000266e+00,3.896566479053903409e-01,-6.805294452817262085e-02
1.432812500000000266e+00,3.913922292831139571e-01,-6.521418887397276154e-02
1.432812500000000266e+00,3.931785940655957989e-01,-6.231336833079214460e-02
1.432812500000000266e+00,3.950152270631998586e-01,-5.935412220375758247e-02
1.432812500000000266e+00,3.969015579305757990e-01,-5.634013174690131326e-02
1.432812500000000266e+00,3.988369568201843851e-01,-5.327511413004806101e-02
1.432812500000000266e+00,4.008207300080837698e-01,-5.016281640652060086e-02
1.432812500000000266e+00,4.028521155255341268e-01,-4.700700949143907931e-02
1.432812500000000266e+00,4.049302788318466795e-01,-4.381148216075710783e-02
1.432812500000000266e+00,4.070543085654218518e-01,-4.058003508166629220e-02
1.432812500000000266e+00,4.092232124110403158e-01,-3.731647488559820813e-02
1.432812500000000266e+00,4.114359131221772548e-01,-3.402460829573408785e-02
1.432812500000000266e+00,4.136912447373732316e-01,-3.070823632167785783e-02
1.432812500000000266e+00,4.159879490295074200e-01,-2.737114853472509893e-02
1.432812500000000266e+00,4.183246722261727002e-01,-2.401711743794024759e-02
1.432812500000000266e+00,4.206999620382462779e-01,-2.064989294600141911e-02
1.432812500000000266e+00,4.231157635577948994e-01,-1.726596010326721803e-02
1.432812500000000266e+00,4.255621225669550811e-01,-1.385881708153910083e-02
1.432812500000000266e+00,4.280278904203037582e-01,-1.043956180441542661e-02
1.432812500000000266e+00,4.305109782250381989e-01,-7.011752780716903020e-03
1.432812500000000266e+00,4.330092458454596338e-01,-3.578935999799067857e-03
1.432812500000000266e+00,4.355205025186419387e-01,-1.446406250590914246e-04
1.432812500000000266e+00,4.380425077357441577e-01,3.287625185716709555e-03
1.432812500000000266e+00,4.405729723983822788e-01,6.714378320212901347e-03
1.432812500000000266e+00,4.431095602568723146e-01,1.013216459986253370e-02
1.432812500000000266e+00,4.456498896344868177e-01,1.353756250606191411e-02
1.432812500000000266e+00,4.481915354391846629e-01,1.692718673528669990e-02
1.432812500000000266e+00,4.507320314615966272e-01,2.029769157562856530e-02
1.432812500000000266e+00,4.532688729554282814e-01,2.364577409892186857e-02
1.432812500000000266e+00,4.557995194938984640e-01,2.696817716434505088e-02
1.432812500000000266e+00,4.583213980934067733e-01,3.026169223114173398e-02
1.432812500000000266e+00,4.608319065933366709e-01,3.352316197988004093e-02
1.432812500000000266e+00,4.633284172787855426e-01,3.674948274343425858e-02
1.432812500000000266e+00,4.658082807310826579e-01,3.993760675059538495e-02
1.432812500000000266e+00,4.682688298892383472e-01,4.308454418687657217e-02
1.432812500000000266e+00,4.707073843039661365e-01,4.618736507864563273e-02
1.432812500000000266e+00,4.731212545646539258e-01,4.924320100816412943e-02
1.432812500000000266e+00,4.755077468786318429e-01,5.224924666842408610e-02
1.432812500000000266e+00,4.778641677812957012e-01,5.520276126781917952e-02
1.432812500000000266e+00,4.801878289550984280e-01,5.810106979566099367e-02
1.432812500000000266e+00,4.824760521351079690e-01,6.094156416032851797e-02
1.432812500000000266e+00,4.847261740787445206e-01,6.372170421241582505e-02
1.432812500000000266e+00,4.869355515774408394e-01,6.643901866561072178e-02
1.432812500000000266e+00,4.891015664883015535e-01,6.909110592818969165e-02
1.432812500000000266e+00,4.912216307643563207e-01,7.167563485795701295e-02
1.432812500000000266e+00,4.932931914626928482e-01,7.419034545319218299e-02
1.432812500000000266e+00,4.953137357105879546e-01,7.663304949170271496e-02
1.432812500000000266e+00,4.972807956107291871e-01,7.900163112943213439e-02
1.432812500000000266e+00,4.991919530676883210e-01,8.129404746924953629e-02
1.432812500000000266e+00,5.010448445189743527e-01,8.350832910957398103e-02
1.432812500000000266e+00,5.028371655552199559e-01,8.564258068138376478e-02
1.432812500000000266e+00,5.045666754153272926e-01,8.769498138094623807e-02
1.432812500000000266e+00,5.062312013436978120e-01,8.966378550431297612e-02
1.432812500000000266e+00,5.078286427979693540e-01,9.154732298827407411e-02
1.432812500000000266e+00,5.093569754969792251e-01,9.334399996108980191e-02
1.432812500000000266e+00,5.108142552999249686e-01,9.505229930493952484e-02
1.432812500000000266e+00,5.121986219089170733e-01,9.667078123067758544e-02
1.432812500000000266e+00,5.135083023882739406e-01,9.819808386418853174e-02
1.432812500000000266e+00,5.147416144949977790e-01,9.963292384241265176e-02
1.432812500000000266e+00,5.158969698158868411e-01,1.009740969159954455e-01
1.432812500000000266e+00,5.169728767076607889e-01,1.022204785545139383e-01
1.432812500000000266e+00,5.179679430373136384e-01,1.033710245493748570e-01
1.432812500000000266e+00,5.188808787206466988e-01,1.044247716087729760e-01
1.432812500000000266e+00,5.197104980575786293e-01,1.053808379385572924e-01
1.432812500000000266e+00,5.204557218633711901e-01,1.062384238024833560e-01
1.432812500000000266e+00,5.211155793953619053e-01,1.069968120551397645e-01
1.432812500000000266e+00,5.216892100751496786e-01,1.076553686408215499e-01
1.432812500000000266e+00,5.221758650064463048e-01,1.082135430517823099e-01
1.432812500000000266e+00,5.225749082889948882e-01,1.086708687396246709e-01
1.432812500000000266e+00,5.228858181290618745e-01,1.090269634740690941e-01
1.432812500000000266e+00,5.231081877470545871e-01,1.092815296439690054e-01
1.432812500000000266e+00,5.232417260827965100e-01,1.094343544961893788e-01
1.432812500000000266e+00,5.232862582989286082e-01,1.094853103088265361e-01
1.491000000000000103e+00,5.733546406149566677e-01,1.115870497363909697e-01
1.491000000000000103e+00,5.733047322306165094e-01,1.115389793572772181e-01
1.491000000000000103e+00,5.731550755256895613e-01,1.113947986479050245e-01
1.491000000000000103e+00,5.729058756885909709e-01,1.111545989512825600e-01
1.491000000000000103e+00,5.725574741812817781e-01,1.108185327018628152e-01
1.491000000000000103e+00,5.721103479640416989e-01,1.103868137165738006e-01
1.491000000000000103e+00,5.715651084158571704e-01,1.098597175960529804e-01
1.491000000000000103e+00,5.709224999560641445e-01,1.092375822299913729e-01
1.491000000000000103e+00,5.701833983744062362e-01,1.085208083989138705e-01
1.491000000000000103e+00,5.693488088781097911e-01,1.077098604632560075e-01
1.491000000000000103e+00,5.684198638659463398e-01,1.068052671292736705e-01
1.491000000000000103e+00,5.673978204405193404e-01,1.058076222801519056e-01
1.491000000000000103e+00,5.662840576711671847e-01,1.047175858596835762e-01
1.491000000000000103e+00,5.650800736209152797e-01,1.035358847950792333e-01
1.491000000000000103e+00,5.637874821518162882e-01,1.022633139448565071e-01
1.491000000000000103e+00,5.624080095237854460e-01,1.009007370573455215e-01
1.491000000000000103e+00,5.609434908026603717e-01,9.944908772514160500e-02
1.491000000000000103e+00,5.593958660936898530e-01,9.790937032083395219e-02
1.491000000000000103e+00,5.577671766169671752e-01,9.628266089953556317e-02
1.491000000000000103e+00,5.560595606414917569e-01,9.457010805412929821e-02
1.491000000000000103e+00,5.542752492945397513e-01,9.277293370971184672e-02
1.491000000000000103e+00,5.524165622628822714e-01,9.089243384445175322e-02
1.491000000000000103e+00,5.504859034020860298e-01,8.892997912495856361e-02
1.491000000000000103e+00,5.484857562696906497e-01,8.688701544527011045e-02
1.491000000000000103e+00,5.464186795974830257e-01,8.476506435968263198e-02
1.491000000000000103e+00,5.442873027173826816e-01,8.256572340084591954e-02
1.491000000000000103e+00,5.420943209546422725e-01,8.029066627580735971e-02
1.491000000000000103e+00,5.398424910011558886e-01,7.794164293397845555e-02
1.491000000000000103e+00,5.375346262806706132e-01,7.552047950230160456e-02
1.491000000000000103e+00,5.351735923166420772e-01,7.302907808417812008e-02
1.491000000000000103e+00,5.327623021123627511e-01,7.046941641996383454e-02
1.491000000000000103e+00,5.303037115518648426e-01,6.784354740802343853e-02
1.491000000000000103e+00,5.278008148289524692e-01,6.515359848643029195e-02
1.491000000000000103e+00,5.252566399105921269e-01,6.240177087640036424e-02
1.491000000000000103e+00,5.226742440397977862e-01,5.959033868942511386e-02
1.491000000000000103e+00,5.200567092821002380e-01,5.672164790081810765e-02
1.491000000000000103e+00,5.174071381187296259e-01,5.379811519299940864e-02
1.491000000000000103e+00,5.147286490887563737e-01,5.082222667229963770e-02
1.491000000000000103e+00,5.120243724816742059e-01,4.779653646337792688e-02
1.491000000000000103e+00,5.092974460812602633e-01,4.472366518550511399e-02
1.491000000000000103e+00,5.065510109610428247e-01,4.160629831497691250e-02
1.491000000000000103e+00,5.037882073313465492e-01,3.844718443779419209e-02
1.491000000000000103e+00,5.010121704376800933e-01,3.524913339648838573e-02
1.491000000000000103e+00,4.982260265101894348e-01,3.201501433459728874e-02
1.491000000000000103e+00,4.954328887640149781e-01,2.874775364181846732e-02
1.491000000000000103e+00,4.926358534506723452e-01,2.545033280230700468e-02
1.491000000000000103e+00,4.898379959610089651e-01,2.212578614796051335e-02
1.491000000000000103e+00,4.870423669808709444e-01,1.877719851786276151e-02
1.491000000000000103e+00,4.842519887013304047e-01,1.540770282436789915e-02
1.491000000000000103e+00,4.814698510861631364e-01,1.202047752561299747e-02
1.491000000000000103e+00,4.786989082002034435e-01,8.618744003577694796e-03
1.491000000000000103e+00,4.759420746032272942e-01,5.205763846179439422e-03
1.491000000000000103e+00,4.732022218150941373e-01,1.784836031329345950e-03
1.491000000000000103e+00,4.704821748589906871e-01,-1.640705989612656693e-03
1.491000000000000103e+00,4.677847088907429174e-01,-5.067497311928367484e-03
1.491000000000000103e+00,4.651125459232575143e-01,-8.492144704397236801e-03
1.491000000000000103e+00,4.624683516562053121e-01,-1.191122984628419090e-02
1.491000000000000103e+00,4.598508538103989740e-01,-1.533137134852621125e-02
1.491000000000000103e+00,4.572744692196553662e-01,-1.875415492291681099e-02
1.491000000000000103e+00,4.547468836052117047e-01,-2.217095403880445237e-02
1.491000000000000103e+00,4.522701947457045679e-01,-2.557793280538039199e-02
1.491000000000000103e+00,4.498463815255397402e-01,-2.897120982417591972e-02
1.491000000000000103e+00,4.474773031726504424e-01,-3.234686412475044209e-02
1.491000000000000103e+00,4.451646988804098815e-01,-3.570094139829020630e-02
1.491000000000000103e+00,4.429101878229780298e-01,-3.902946051607140976e-02
1.491000000000000103e+00,4.407152695720528146e-01,-4.232842031741928385e-02
1.491000000000000103e+00,4.385813249213873499e-01,-4.559380664952537854e-02
1.491000000000000103e+00,4.365096171235331446e-01,-4.882159963930379071e-02
1.491000000000000103e+00,4.345012935410892396e-01,-5.200778117540882234e-02
1.491000000000000103e+00,4.325573877122938504e-01,-5.514834257663326494e-02
1.491000000000000103e+00,4.306788218281158431e-01,-5.823929242118722899e-02
1.491000000000000103e+00,4.288664096151152960e-01,-6.127666450984563251e-02
1.491000000000000103e+00,4.271208596152846204e-01,-6.425652593466843476e-02
1.491000000000000103e+00,4.254427788508872155e-01,-6.717498522395701221e-02
1.491000000000000103e+00,4.238326768590290339e-01,-7.002820053331965111e-02
1.491000000000000103e+00,4.222909700773677111e-01,-7.281238785218949183e-02
1.491000000000000103e+00,4.208179865590376822e-01,-7.552382919486075319e-02
1.491000000000000103e+00,4.194139709915892800e-01,-7.815888074508894889e-02
1.491000000000000103e+00,4.180790899915595715e-01,-8.071398092351871056e-02
1.491000000000000103e+00,4.168134376432541255e-01,-8.318565834765341560e-02
1.491000000000000103e+00,4.156170412474712306e-01,-8.557053965474281654e-02
1.491000000000000103e+00,4.144898672432865694e-01,-8.786535715882078101e-02
1.491000000000000103e+00,4.134318272636755554e-01,-9.006695631415273517e-02
1.491000000000000103e+00,4.124427842837225522e-01,-9.217230295852761601e-02
1.491000000000000103e+00,4.115225588184825423e-01,-9.417849031112959790e-02
1.491000000000000103e+00,4.106709351262505248e-01,-9.608274570112296242e-02
1.491000000000000103e+00,4.098876673720825980e-01,-9.788243700455838414e-02
1.491000000000000103e+00,4.091724857059180209e-01,-9.957507876873264441e-02
1.491000000000000103e+00,4.085251022095880424e-01,-1.011583380046891245e-01
1.491000000000000103e+00,4.079452166673734892e-01,-1.026300396301081802e-01
1.491000000000000103e+00,4.074325221155933319e-01,-1.039881715463884526e-01
1.491000000000000103e+00,4.069867101279651678e-01,-1.052308893352481151e-01
1.491000000000000103e+00,4.066074757951723129e-01,-1.063565205616603532e-01
1.491000000000000103e+00,4.062945223591850064e-01,-1.073635686713762250e-01
1.491000000000000103e+00,4.060475654653974975e-01,-1.082507164726683319e-01
1.491000000000000103e+00,4.058663369985388014e-01,-1.090168291932474970e-01
1.491000000000000103e+00,4.057505884715587596e-01,-1.096609571045608772e-01
1.491000000000000103e+00,4.057000939402604089e-01,-1.101823377068742033e-01
1.491000000000000103e+00,4.057146524203003035e-01,-1.105803974696772246e-01
1.491000000000000103e+00,4.057940897872774899e-01,-1.108547531230357763e-01
1.491000000000000103e+00,4.059382601449368910e-01,-1.110052124965559966e-01
1.491000000000000103e+00,4.061450606488137272e-01,-1.110307788452630229e-01
1.491000000000000103e+00,4.064124016612717383e-01,-1.109306354494174057e-01
1.491000000000000103e+00,4.067401765974562600e-01,-1.107051298126199290e-01
1.491000000000000103e+00,4.071282758231600241e-01,-1.103547767838346377e-01
1.491000000000000103e+00,4.075765864849646425e-01,-1.098802573941920352e-01
1.491000000000000103e+00,4.080849922673252528e-01,-1.092824173542531752e-01
1.491000000000000103e+00,4.086533730718498458e-01,-1.085622652172990310e-01
1.491000000000000103e+00,4.092816046125750673e-01,-1.077209702156520649e-01
1.491000000000000103e+00,4.099695579197361606e-01,-1.067598597783964154e-01
1.491000000000000103e+00,4.107170987434068943e-01,-1.056804167401188543e-01
1.491000000000000103e+00,4.115240868474745461e-01,-1.044842762514300721e-01
1.491000000000000103e+00,4.123903751837335041e-01,-1.031732224030331851e-01
1.491000000000000103e+00,4.133158089354571074e-01,-1.017491845759741637e-01
1.491000000000000103e+00,4.143002244196505313e-01,-1.002142335314275545e-01
1.491000000000000103e+00,4.153434478373169148e-01,-9.857057725394420544e-02
1.491000000000000103e+00,4.164452938614918720e-01,-9.682055656250523890e-02
1.491000000000000103e+00,4.176055640535160096e-01,-9.496664050400385748e-02
1.491000000000000103e+00,4.188240450990324271e-01,-9.301142154390866501e-02
1.491000000000000103e+00,4.201005068564979128e-01,-9.095761056886876583e-02
1.491000000000000103e+00,4.214347002125831132e-01,-8.880803171590712086e-02
1.491000000000000103e+00,4.228263547406856393e-01,-8.656561704263561474e-02
1.491000000000000103e+00,4.242751761608774541e-01,-8.423340105262586142e-02
1.491000000000000103e+00,4.257808436019222542e-01,-8.181451508970843944e-02
1.491000000000000103e+00,4.273430066685120488e-01,-7.931218161456479732e-02
1.491000000000000103e+00,4.289612823195378399e-01,-7.672970837654946585e-02
1.491000000000000103e+00,4.306352515660061275e-01,-7.407048249324932332e-02
1.491000000000000103e+00,4.323644560000888815e-01,-7.133796444988016461e-02
1.491000000000000103e+00,4.341483941697154569e-01,-6.853568203025428573e-02
1.491000000000000103e+00,4.359865178160325927e-01,-6.566722419074649819e-02
1.491000000000000103e+00,4.378782279939298361e-01,-6.273623488845792018e-02
1.491000000000000103e+00,4.398228710986025747e-01,-5.974640687463785016e-02
1.491000000000000103e+00,4.418197348237630773e-01,-5.670147546438663450e-02
1.491000000000000103e+00,4.438680440795581550e-01,-5.360521229373305108e-02
1.491000000000000103e+00,4.459669569004752754e-01,-5.046141907535802579e-02
1.491000000000000103e+00,4.481155603754684025e-01,-4.727392136452586435e-02
1.491000000000000103e+00,4.503128666341767450e-01,-4.404656234717117119e-02
1.491000000000000103e+00,4.525578089244099433e-01,-4.078319666256991632e-02
1.491000000000000103e+00,4.548492378170020389e-01,-3.748768427357657140e-02
1.491000000000000103e+00,4.571859175746706416e-01,-3.416388439801809618e-02
1.491000000000000103e+00,4.595665227216407245e-01,-3.081564951547836537e-02
1.491000000000000103e+00,4.619896348504926586e-01,-2.744681946435309494e-02
1.491000000000000103e+00,4.644537397019701253e-01,-2.406121564468233914e-02
1.491000000000000103e+00,4.669572245523351817e-01,-2.066263534283976910e-02
1.491000000000000103e+00,4.695015736154646846e-01,-1.724828460309170766e-02
1.491000000000000103e+00,4.720767861864252346e-01,-1.381187015234131010e-02
1.491000000000000103e+00,4.746721006666045350e-01,-1.036349289050499112e-02
1.491000000000000103e+00,4.772852805189257697e-01,-6.906741449264521514e-03
1.491000000000000103e+00,4.799140383322599845e-01,-3.445191052287929420e-03
1.491000000000000103e+00,4.825560366810149326e-01,1.760081635615627985e-05
1.491000000000000103e+00,4.852088892397809494e-01,3.478098612827551072e-03
1.491000000000000103e+00,4.878701621613992234e-01,6.932792790631352176e-03
1.491000000000000103e+00,4.905373757243848831e-01,1.037820370284244995e-02
1.491000000000000103e+00,4.932080062531505882e-01,1.381088533936842763e-02
1.491000000000000103e+00,4.958794883119736485e-01,1.722742889061756183e-02
1.491000000000000103e+00,4.985492171711559672e-01,2.062446613047329638e-02
1.491000000000000103e+00,5.012145515413838348e-01,2.399867261309591299e-02
1.491000000000000103e+00,5.038728165699285499e-01,2.734677067974963793e-02
1.491000000000000103e+00,5.065213070900654868e-01,3.066553227356461422e-02
1.491000000000000103e+00,5.091572911129634837e-01,3.395178156186506868e-02
1.491000000000000103e+00,5.117780135493200655e-01,3.720239736739983094e-02
1.491000000000000103e+00,5.143807001462206152e-01,4.041431541147476325e-02
1.491000000000000103e+00,5.169625616230929532e-01,4.358453037358029497e-02
1.491000000000000103e+00,5.195207979892243477e-01,4.671009777361290194e-02
1.491000000000000103e+00,5.220526030241229298e-01,4.978813568417514435e-02
1.491000000000000103e+00,5.245551689010359286e-01,5.281582628169446958e-02
1.491000000000000103e+00,5.270256909331920703e-01,5.579041724619571846e-02
1.491000000000000103e+00,5.294613724218140138e-01,5.870922302049257774e-02
1.491000000000000103e+00,5.318594295846389430e-01,6.156962594030589153e-02
1.491000000000000103e+00,5.342170965435890650e-01,6.436907724736733172e-02
1.491000000000000103e+00,5.365316303503434581e-01,6.710509799792048480e-02
1.491000000000000103e+00,5.388003160288473703e-01,6.977527987917903074e-02
1.491000000000000103e+00,5.410204716142688053e-01,7.237728594625261747e-02
1.491000000000000103e+00,5.431894531685297345e-01,7.490885129180481494e-02
1.491000000000000103e+00,5.453046597533067752e-01,7.736778366027199927e-02
1.491000000000000103e+00,5.473635383422761347e-01,7.975196401786378841e-02
1.491000000000000103e+00,5.493635886553672742e-01,8.205934708879404627e-02
1.491000000000000103e+00,5.513023678988557830e-01,8.428796186727688378e-02
1.491000000000000103e+00,5.531774953962588226e-01,8.643591211378638672e-02
1.491000000000000103e+00,5.549866570961690115e-01,8.850137684293669926e-02
1.491000000000000103e+00,5.567276099443679849e-01,9.048261080912757548e-02
1.491000000000000103e+00,5.583981861087623511e-01,9.237794499482757105e-02
1.491000000000000103e+00,5.599962970468886914e-01,9.418578710507480301e-02
1.491000000000000103e+00,5.615199374069079763e-01,9.590462207047711907e-02
1.491000000000000103e+00,5.629671887541459752e-01,9.753301255972077199e-02
1.491000000000000103e+00,5.643362231163243647e-01,9.906959950137303461e-02
1.491000000000000103e+00,5.656253063416532001e-01,1.005131026136109745e-01
1.491000000000000103e+00,5.668328012649138659e-01,1.018623209394489276e-01
1.491000000000000103e+00,5.679571706775401463e-01,1.031161333840893146e-01
1.491000000000000103e+00,5.689969800985071879e-01,1.042734992502007685e-01
1.491000000000000103e+00,5.699509003435487831e-01,1.053334587662516364e-01
1.491000000000000103e+00,5.708177098908518987e-01,1.062951336025005494e-01
1.491000000000000103e+00,5.715962970419168343e-01,1.071577273688809478e-01
1.491000000000000103e+00,5.722856618767206971e-01,1.079205260888152912e-01
1.491000000000000103e+00,5.728849180026942545e-01,1.085828986429572818e-01
1.491000000000000103e+00,5.733932940973096581e-01,1.091442971769835818e-01
1.491000000000000103e+00,5.738101352442896985e-01,1.096042574678350728e-01
1.491000000000000103e+00,5.741349040635970180e-01,1.099623992432307990e-01
1.491000000000000103e+00,5.743671816354448678e-01,1.102184264498321936e-01
1.491000000000000103e+00,5.745066682186008578e-01,1.103721274661079860e-01
1.491000000000000103e+00,5.745531837632467109e-01,1.104233752567209820e-01
1.549187500000000162e+00,6.244891436663653206e-01,1.096471105479551317e-01
1.549187500000000162e+00,6.244388572028620743e-01,1.095998128484060724e-01
1.549187500000000162e+00,6.242880655453416638e-01,1.094579499458280952e-01
1.549187500000000162e+00,6.240369717430026553e-01,1.092216124840006131e-01
1.549187500000000162e+00,6.236859137127112040e-01,1.088909517202859695e-01
1.549187500000000162e+00,6.232353634939754583e-01,1.084661797992842597e-01
1.549187500000000162e+00,6.226859262112314219e-01,1.079475701301164936e-01
1.549187500000000162e+00,6.220383387486965177e-01,1.073354578616075999e-01
1.549187500000000162e+00,6.212934681444662877e-01,1.066302404481539595e-01
1.549187500000000162e+00,6.204523097118811448e-01,1.058323782976796079e-01
1.549187500000000162e+00,6.195159848974637340e-01,1.049423954918348306e-01
1.549187500000000162e+00,6.184857388859148486e-01,1.039608805674841763e-01
1.549187500000000162e+00,6.173629379637417536e-01,1.028884873475864742e-01
1.549187500000000162e+00,6.161490666540662131e-01,1.017259358087975324e-01
1.549187500000000162e+00,6.148457246360176098e-01,1.004740129725367748e-01
1.549187500000000162e+00,6.134546234628429628e-01,9.913357380585710588e-02
1.549187500000000162e+00,6.119775830934608418e-01,9.770554211824847290e-02
1.549187500000000162e+00,6.104165282526399228e-01,9.619091144048301512e-02
1.549187500000000162e+00,6.087734846352997886e-01,9.459074587177666860e-02
1.549187500000000162e+00,6.070505749705963350e-01,9.290618088188681845e-02
1.549187500000000162e+00,6.052500149614862268e-01,9.113842405527716739e-02
1.549187500000000162e+00,6.033741091153442815e-01,8.928875576515014900e-02
1.549187500000000162e+00,6.014252464809581866e-01,8.735852976595408215e-02
1.549187500000000162e+00,5.994058963068393808e-01,8.534917369390178365e-02
1.549187500000000162e+00,5.973186036352799988e-01,8.326218946606765703e-02
1.549187500000000162e+00,5.951659848459619484e-01,8.109915356974059519e-02
1.549187500000000162e+00,5.929507231621977681e-01,7.886171723487930829e-02
1.549187500000000162e+00,5.906755641320629024e-01,7.655160648371865661e-02
1.549187500000000162e+00,5.883433110957849710e-01,7.417062205279068010e-02
1.549187500000000162e+00,5.859568206498014797e-01,7.172063918382655390e-02
1.549187500000000162e+00,5.835189981168911189e-01,6.920360728117437576e-02
1.549187500000000162e+00,5.810327930307646049e-01,6.662154943448272970e-02
1.549187500000000162e+00,5.785011946424559737e-01,6.397656180643949975e-02
1.549187500000000162e+00,5.759272274548369319e-01,6.127081288630548128e-02
1.549187500000000162e+00,5.733139467905741249e-01,5.850654261082355312e-02
1.549187500000000162e+00,5.706644343978992673e-01,5.568606135480797664e-02
1.549187500000000162e+00,5.679817940976772395e-01,5.281174879431482783e-02
1.549187500000000162e+00,5.652691474744486744e-01,4.988605264575238230e-02
1.549187500000000162e+00,5.625296296134183471e-01,4.691148728461387585e-02
1.549187500000000162e+00,5.597663848847591606e-01,4.389063224769656352e-02
1.549187500000000162e+00,5.569825627761270104e-01,4.082613062271775450e-02
1.549187500000000162e+00,5.541813137739374229e-01,3.772068732915595524e-02
1.549187500000000162e+00,5.513657852937503545e-01,3.457706729393869582e-02
1.549187500000000162e+00,5.485391176600484808e-01,3.139809352528563635e-02
1.549187500000000162e+00,5.457044401357777907e-01,2.818664508760226201e-02
1.549187500000000162e+00,5.428648670022512279e-01,2.494565497982923971e-02
1.549187500000000162e+00,5.400234936903801630e-01,2.167810791909736967e-02
1.549187500000000162e+00,5.371833929647048533e-01,1.838703803093814232e-02
1.549187500000000162e+00,5.343476111623126634e-01,1.507552644667829907e-02
1.549187500000000162e+00,5.315191644894707856e-01,1.174669880801764051e-02
1.549187500000000162e+00,5.287010353796173234e-01,8.403722678177629260e-03
1.549187500000000162e+00,5.258961689172599874e-01,5.049804858431631086e-03
1.549187500000000162e+00,5.231074693332775638e-01,1.688188608305732363e-03
1.549187500000000162e+00,5.203377965781033065e-01,-1.677849232713414865e-03
1.549187500000000162e+00,5.175899629802563906e-01,-5.045001224488657177e-03
1.549187500000000162e+00,5.148667299986586787e-01,-8.409932409348260321e-03
1.549187500000000162e+00,5.121708050780932053e-01,-1.176928350194350777e-02
1.549187500000000162e+00,5.095013578252952646e-01,-1.512872339991934260e-02
1.549187500000000162e+00,5.068721674629316221e-01,-1.849007526852040895e-02
1.549187500000000162e+00,5.042905582766548100e-01,-2.184545024729817389e-02
1.549187500000000162e+00,5.017586934942205312e-01,-2.519108749637596553e-02
1.549187500000000162e+00,4.992786224970617859e-01,-2.852318193570688859e-02
1.549187500000000162e+00,4.968522799861978534e-01,-3.183789001141042185e-02
1.549187500000000162e+00,4.944814855102352413e-01,-3.513133574825173799e-02
1.549187500000000162e+00,4.921679433635177126e-01,-3.839961707616260100e-02
1.549187500000000162e+00,4.899132428612918422e-01,-4.163881241655312260e-02
1.549187500000000162e+00,4.877188589972969446e-01,-4.484498751205170247e-02
1.549187500000000162e+00,4.855861534874660879e-01,-4.801420248126478385e-02
1.549187500000000162e+00,4.835163762014514366e-01,-5.114251907820335091e-02
1.549187500000000162e+00,4.815106669814734897e-01,-5.422600813420667965e-02
1.549187500000000162e+00,4.795700578455659446e-01,-5.726075715853327919e-02
1.549187500000000162e+00,4.776954755696667942e-01,-6.024287807230781916e-02
1.549187500000000162e+00,4.758877446402275391e-01,-6.316851504922882388e-02
1.549187500000000162e+00,4.741475905661067802e-01,-6.603385243537283900e-02
1.549187500000000162e+00,4.724756435355236261e-01,-6.883512271958421025e-02
1.549187500000000162e+00,4.708724424008077780e-01,-7.156861452532523038e-02
1.549187500000000162e+00,4.693384389706413695e-01,-7.423068059447954226e-02
1.549187500000000162e+00,4.678740025864853158e-01,-7.681774573344898882e-02
1.549187500000000162e+00,4.664794249569663709e-01,-7.932631469195894347e-02
1.549187500000000162e+00,4.651549252212074936e-01,-8.175297994527355727e-02
1.549187500000000162e+00,4.639006552094648295e-01,-8.409442935101310579e-02
1.549187500000000162e+00,4.627167048670232652e-01,-8.634745365244231308e-02
1.549187500000000162e+00,4.616031078051374692e-01,-8.850895380094284115e-02
1.549187500000000162e+00,4.605598469409284412e-01,-9.057594807137792081e-02
1.549187500000000162e+00,4.595868601865775727e-01,-9.254557894518010419e-02
1.549187500000000162e+00,4.586840461469392505e-01,-9.441511973722338524e-02
1.549187500000000162e+00,4.578512697838338363e-01,-9.618198094385795038e-02
1.549187500000000162e+00,4.570883680048116737e-01,-9.784371629086845157e-02
1.549187500000000162e+00,4.563951551340995616e-01,-9.939802846154531524e-02
1.549187500000000162e+00,4.557714282237754766e-01,-1.008427744865146025e-01
1.549187500000000162e+00,4.552169721639544031e-01,-1.021759707784393456e-01
1.549187500000000162e+00,4.547315645519205973e-01,-1.033957977961667829e-01
1.549187500000000162e+00,4.543149802816903171e-01,-1.045006043243440486e-01
1.549187500000000162e+00,4.539669958174314957e-01,-1.054889113559427383e-01
1.549187500000000162e+00,4.536873931164840945e-01,-1.063594155665186503e-01
1.549187500000000162e+00,4.534759631703910721e-01,-1.071109923703780081e-01
1.549187500000000162e+00,4.533325091353515579e-01,-1.077426985501241108e-01
1.549187500000000162e+00,4.532568490267990247e-01,-1.082537744523188739e-01
1.549187500000000162e+00,4.532488179563761155e-01,-1.086436457432120306e-01
1.549187500000000162e+00,4.533082698933647570e-01,-1.089119247196737306e-01
1.549187500000000162e+00,4.534350789366197731e-01,-1.090584111716166871e-01
1.549187500000000162e+00,4.536273622222217194e-01,-1.090821443919829520e-01
1.549187500000000162e+00,4.538832433857598048e-01,-1.089823407786936066e-01
1.549187500000000162e+00,4.542026157375436690e-01,-1.087593310409592506e-01
1.549187500000000162e+00,4.545853643104328379e-01,-1.084136110236114947e-01
1.549187500000000162e+00,4.550313657033621673e-01,-1.079458405976354285e-01
1.549187500000000162e+00,4.555404878527056223e-01,-1.073568422192646837e-01
1.549187500000000162e+00,4.561125897271808283e-01,-1.066475991626946590e-01
1.549187500000000162e+00,4.567475209407027559e-01,-1.058192534327679901e-01
1.549187500000000162e+00,4.574451212764408248e-01,-1.048731033652117034e-01
1.549187500000000162e+00,4.582052201143491654e-01,-1.038106009231441057e-01
1.549187500000000162e+00,4.590276357536470786e-01,-1.026333486996079264e-01
1.549187500000000162e+00,4.599121746211519701e-01,-1.013430966368127628e-01
1.549187500000000162e+00,4.608586303560269215e-01,-9.994173847357989970e-02
1.549187500000000162e+00,4.618667827614143517e-01,-9.843130793316753890e-02
1.549187500000000162e+00,4.629363966135997543e-01,-9.681397466421434728e-02
1.549187500000000162e+00,4.640672203197938051e-01,-9.509203994797212067e-02
1.549187500000000162e+00,4.652589844163317334e-01,-9.326793218531158336e-02
1.549187500000000162e+00,4.665113999000808365e-01,-9.134420217717878487e-02
1.549187500000000162e+00,4.678241563870944586e-01,-8.932351821226938715e-02
1.549187500000000162e+00,4.691969200940622198e-01,-8.720866097567921138e-02
1.549187500000000162e+00,4.706293316398524884e-01,-8.500251829219816757e-02
1.549187500000000162e+00,4.721210036664141851e-01,-8.270807971775689937e-02
1.549187500000000162e+00,4.736715182804732138e-01,-8.032843099232511719e-02
1.549187500000000162e+00,4.752804243197968903e-01,-7.786674836731734273e-02
1.549187500000000162e+00,4.769472344502783123e-01,-7.532629282030443851e-02
1.549187500000000162e+00,4.786714221026779348e-01,-7.271040416957177954e-02
1.549187500000000162e+00,4.804524182605103277e-01,-7.002249510083131956e-02
1.549187500000000162e+00,4.822896081132462820e-01,-6.726604511819520016e-02
1.549187500000000162e+00,4.841823275916706804e-01,-6.444459443137223742e-02
1.549187500000000162e+00,4.861298598048487962e-01,-6.156173779096587445e-02
1.549187500000000162e+00,4.881314314006754973e-01,-5.862111828374469424e-02
1.549187500000000162e+00,4.901862088743562107e-01,-5.562642109982991745e-02
1.549187500000000162e+00,4.922932948513706886e-01,-5.258136728390443854e-02
1.549187500000000162e+00,4.944517243734447010e-01,-4.948970748279110654e-02
1.549187500000000162e+00,4.966604612177781264e-01,-4.635521570207612463e-02
1.549187500000000162e+00,4.989183942812060457e-01,-4.318168308485269974e-02
1.549187500000000162e+00,5.012243340620797794e-01,-3.997291172612390392e-02
1.549187500000000162e+00,5.035770092734169756e-01,-3.673270853691512627e-02
1.549187500000000162e+00,5.059750636212700936e-01,-3.346487917268601425e-02
1.549187500000000162e+00,5.084170527822780006e-01,-3.017322204118166873e-02
1.549187500000000162e+00,5.109014416139999737e-01,-2.686152240539435576e-02
1.549187500000000162e+00,5.134266016308688396e-01,-2.353354659780029084e-02
1.549187500000000162e+00,5.159908087774596197e-01,-2.019303636246003869e-02
1.549187500000000162e+00,5.185951355806410756e-01,-1.683783028779981678e-02
1.549187500000000162e+00,5.212298380187851965e-01,-1.346196255459334440e-02
1.549187500000000162e+00,5.238847121999791190e-01,-1.007451240752994456e-02
1.549187500000000162e+00,5.265574387564461167e-01,-6.679005261523159043e-03
1.549187500000000162e+00,5.292456492114750999e-01,-3.278952820606727010e-03
1.549187500000000162e+00,5.319469270312294773e-01,1.221511707369272309e-04
1.549187500000000162e+00,5.346588089160964063e-01,3.520835045268884932e-03
1.549187500000000162e+00,5.373787863389056785e-01,6.913653187734517674e-03
1.549187500000000162e+00,5.401043073351162738e-01,1.029718985584270920e-02
1.549187500000000162e+00,5.428327785477774503e-01,1.366806283795799805e-02
1.549187500000000162e+00,5.455615675277761811e-01,1.702292693937853402e-02
1.549187500000000162e+00,5.482880052875934718e-01,2.035847729055888927e-02
1.549187500000000162e+00,5.510093891045485526e-01,2.367145247219917814e-02
1.549187500000000162e+00,5.537229855673391210e-01,2.695863745373122677e-02
1.549187500000000162e+00,5.564260338576108023e-01,3.021686634337121882e-02
1.549187500000000162e+00,5.591157492563322284e-01,3.344302494955048166e-02
1.549187500000000162e+00,5.617893268629448045e-01,3.663405315515861488e-02
1.549187500000000162e+00,5.644439455135973338e-01,3.978694710761037506e-02
1.549187500000000162e+00,5.670767718833030768e-01,4.289876122925894569e-02
1.549187500000000162e+00,5.696849647555636276e-01,4.596661005410000722e-02
1.549187500000000162e+00,5.722656794419088699e-01,4.898766989801856681e-02
1.549187500000000162e+00,5.748160723329099886e-01,5.195918037101395631e-02
1.549187500000000162e+00,5.773333055615289533e-01,5.487844574086787885e-02
1.549187500000000162e+00,5.798145517591816178e-01,5.774283615859474722e-02
1.549187500000000162e+00,5.822569988846015843e-01,6.054978875671079147e-02
1.549187500000000162e+00,5.846578551054932849e-01,6.329680863187497897e-02
1.549187500000000162e+00,5.870143537130497746e-01,6.598146972378692021e-02
1.549187500000000162e+00,5.893237580496687444e-01,6.860141560236589220e-02
1.549187500000000162e+00,5.915833664306158202e-01,7.115436017519004286e-02
1.549187500000000162e+00,5.937905170409475408e-01,7.363808832694757056e-02
1.549187500000000162e+00,5.959425927896959685e-01,7.605045650224452614e-02
1.549187500000000162e+00,5.980370261041181301e-01,7.838939324255120300e-02
1.549187500000000162e+00,6.000713036477105522e-01,8.065289968734787318e-02
1.549187500000000162e+00,6.020429709466643686e-01,8.283905004868370725e-02
1.549187500000000162e+00,6.039496369104641049e-01,8.494599206739678054e-02
1.549187500000000162e+00,6.057889782334124895e-01,8.697194745818272177e-02
1.549187500000000162e+00,6.075587436649600992e-01,8.891521234957237840e-02
1.549187500000000162e+00,6.092567581378264263e-01,9.077415772369533398e-02
1.549187500000000162e+00,6.108809267440030721e-01,9.254722985950375458e-02
1.549187500000000162e+00,6.124292385498091296e-01,9.423295078192338303e-02
1.549187500000000162e+00,6.138997702422207547e-01,9.582991871821307239e-02
1.549187500000000162e+00,6.152906895997017900e-01,9.733680856167409301e-02
1.549187500000000162e+00,6.166002587817140945e-01,9.875237234177489110e-02
1.549187500000000162e+00,6.178268374319807466e-01,1.000754396987659361e-01
1.549187500000000162e+00,6.189688855913937360e-01,1.013049183599718378e-01
1.549187500000000162e+00,6.200249664172143849e-01,1.024397946141778620e-01
1.549187500000000162e+00,6.209937487058825312e-01,1.034791337798872252e-01
1.549187500000000162e+00,6.218740092173550282e-01,1.044220806627271098e-01
1.549187500000000162e+00,6.226646347994030384e-01,1.052678599969261858e-01
1.549187500000000162e+00,6.233646243107454632e-01,1.060157768655849431e-01
1.549187500000000162e+00,6.239730903422575636e-01,1.066652170944068223e-01
1.549187500000000162e+00,6.244892607357883652e-01,1.072156476136529174e-01
1.549187500000000162e+00,6.249124799003447084e-01,1.076666167833210258e-01
1.549187500000000162e+00,6.252422099255698917e-01,1.080177546769176683e-01
1.549187500000000162e+00,6.254780314925464380e-01,1.082687733196849855e-01
1.549187500000000162e+00,6.256196445820225716e-01,1.084194668777404974e-01
1.549187500000000162e+00,6.256668689801757610e-01,1.084697117952782147e-01
1.607375000000000220e+00,6.738706256272364303e-01,1.030976943063265650e-01
1.607375000000000220e+00,6.738221333204748031e-01,1.030531805468679341e-01
1.607375000000000220e+00,6.736767206236489169e-01,1.029196678687559069e-01
1.607375000000000220e+00,6.734345800689410799e-01,1.026972421233778437e-01
1.607375000000000220e+00,6.730960320833592192e-01,1.023860465642607714e-01
1.607375000000000220e+00,6.726615243012034062e-01,1.019862820962143118e-01
1.607375000000000220e+00,6.721316306063125356e-01,1.014982076188109539e-01
1.607375000000000220e+00,6.715070499088313660e-01,1.009221404589806109e-01
1.607375000000000220e+00,6.707886046625157750e-01,1.002584568861381725e-01
1.607375000000000220e+00,6.699772391298101093e-01,9.950759270200176809e-02
1.607375000000000220e+00,6.690740174030861409e-01,9.867004389611494508e-02
1.607375000000000220e+00,6.680801211914999538e-01,9.774636735707400992e-02
1.607375000000000220e+00,6.669968473839090750e-01,9.673718162859253067e-02
1.607375000000000220e+00,6.658256053991720158e-01,9.564316769882562352e-02
1.607375000000000220e+00,6.645679143359297658e-01,9.446506981082937460e-02
1.607375000000000220e+00,6.632253999346328088e-01,9.320369628165608988e-02
1.607375000000000220e+00,6.617997913651152420e-01,9.185992031738275665e-02
1.607375000000000220e+00,6.602929178534435728e-01,9.043468081133992920e-02
1.607375000000000220e+00,6.587067051620518754e-01,8.892898311294683555e-02
1.607375000000000220e+00,6.570431719373456270e-01,8.734389975485970514e-02
1.607375000000000220e+00,6.553044259389866344e-01,8.568057112659471786e-02
1.607375000000000220e+00,6.534926601649867495e-01,8.394020608338273459e-02
1.607375000000000220e+00,6.516101488865173597e-01,8.212408247973733422e-02
1.607375000000000220e+00,6.496592436060176778e-01,8.023354761805159829e-02
1.607375000000000220e+00,6.476423689517394333e-01,7.827001860346992357e-02
1.607375000000000220e+00,6.455620185213184481e-01,7.623498259728164750e-02
1.607375000000000220e+00,6.434207506863320880e-01,7.412999696214400691e-02
1.607375000000000220e+00,6.412211843690774904e-01,7.195668929353066234e-02
1.607375000000000220e+00,6.389659948020207647e-01,6.971675733290762234e-02
1.607375000000000220e+00,6.366579092795237038e-01,6.741196875923365084e-02
1.607375000000000220e+00,6.342997029105712503e-01,6.504416085645019219e-02
1.607375000000000220e+00,6.318941943803189076e-01,6.261524005564730877e-02
1.607375000000000220e+00,6.294442417273563573e-01,6.012718135154735549e-02
1.607375000000000220e+00,6.269527381426843737e-01,5.758202759382563540e-02
1.607375000000000220e+00,6.244226077955111753e-01,5.498188865456778152e-02
1.607375000000000220e+00,6.218568016901330209e-01,5.232894047383854219e-02
1.607375000000000220e+00,6.192582935573796021e-01,4.962542398590139014e-02
1.607375000000000220e+00,6.166300757833828028e-01,4.687364392906400584e-02
1.607375000000000220e+00,6.139751553778000082e-01,4.407596754244407639e-02
1.607375000000000220e+00,6.112965499830865790e-01,4.123482315313876240e-02
1.607375000000000220e+00,6.085972839259822242e-01,3.835269865734796529e-02
1.607375000000000220e+00,6.058803843120673660e-01,3.543213989895275390e-02
1.607375000000000220e+00,6.031488771640525215e-01,3.247574894888592689e-02
1.607375000000000220e+00,6.004057836044022212e-01,2.948618228837113220e-02
1.607375000000000220e+00,5.976541160829585975e-01,2.646614889875374688e-02
1.607375000000000220e+00,5.948968746504216254e-01,2.341840826022015959e-02
1.607375000000000220e+00,5.921370432788543026e-01,2.034576826121559795e-02
1.607375000000000220e+00,5.893775862308175961e-01,1.725108301984070239e-02
1.607375000000000220e+00,5.866214444792694493e-01,1.413725061795152033e-02
1.607375000000000220e+00,5.838715321810050707e-01,1.100721074812591009e-02
1.607375000000000220e+00,5.811307332071220522e-01,7.863942273106470232e-03
1.607375000000000220e+00,5.784018977347816781e-01,4.710460696806062150e-03
1.607375000000000220e+00,5.756878389053594614e-01,1.549815545485517393e-03
1.607375000000000220e+00,5.729913295549337038e-01,-1.614912342706250128e-03
1.607375000000000220e+00,5.703150990239238549e-01,-4.780613621977550590e-03
1.607375000000000220e+00,5.676618300535271056e-01,-7.944153339325911792e-03
1.607375000000000220e+00,5.650341557774120060e-01,-1.110237393370816332e-02
1.607375000000000220e+00,5.624315919258233709e-01,-1.426000263963065652e-02
1.607375000000000220e+00,5.598667684667782973e-01,-1.741893245296305057e-02
1.607375000000000220e+00,5.573464347099602589e-01,-2.057216930467376664e-02
1.607375000000000220e+00,5.548727255343930409e-01,-2.371618490274011656e-02
1.607375000000000220e+00,5.524476713448791543e-01,-2.684740975812165489e-02
1.607375000000000220e+00,5.500731971737513604e-01,-2.996223854815981136e-02
1.607375000000000220e+00,5.477511221098291250e-01,-3.305703574408528495e-02
1.607375000000000220e+00,5.454831590616004977e-01,-3.612814149187984492e-02
1.607375000000000220e+00,5.432709148606064131e-01,-3.917187773381486382e-02
1.607375000000000220e+00,5.411158907097362025e-01,-4.218455455608614152e-02
1.607375000000000220e+00,5.390194829796330911e-01,-4.516247674610988222e-02
1.607375000000000220e+00,5.369829843546800596e-01,-4.810195054126724379e-02
1.607375000000000220e+00,5.350075853280942262e-01,-5.099929054921124166e-02
1.607375000000000220e+00,5.330943760435252754e-01,-5.385082681830268003e-02
1.607375000000000220e+00,5.312443484782428671e-01,-5.665291203534393583e-02
1.607375000000000220e+00,5.294583989605486929e-01,-5.940192882654816986e-02
1.607375000000000220e+00,5.277373310114805705e-01,-6.209429713663246198e-02
1.607375000000000220e+00,5.260818584982281942e-01,-6.472648166006650383e-02
1.607375000000000220e+00,5.244926090839835409e-01,-6.729499929785291712e-02
1.607375000000000220e+00,5.229701279562460892e-01,-6.979642661276333482e-02
1.607375000000000220e+00,5.215148818129305974e-01,-7.222740725570681031e-02
1.607375000000000220e+00,5.201272630830184873e-01,-7.458465933586086449e-02
1.607375000000000220e+00,5.188075943559993242e-01,-7.686498270734300198e-02
1.607375000000000220e+00,5.175561329919992071e-01,-7.906526614553330279e-02
1.607375000000000220e+00,5.163730758823248390e-01,-8.118249438666569340e-02
1.607375000000000220e+00,5.152585643282036054e-01,-8.321375500496917821e-02
1.607375000000000220e+00,5.142126890037987952e-01,-8.515624510245006773e-02
1.607375000000000220e+00,5.132354949681597889e-01,-8.700727778734163032e-02
1.607375000000000220e+00,5.123269866896453806e-01,-8.876428841829203664e-02
1.607375000000000220e+00,5.114871330455705856e-01,-9.042484059249863981e-02
1.607375000000000220e+00,5.107158722593723166e-01,-9.198663185720670765e-02
1.607375000000000220e+00,5.100131167375010488e-01,-9.344749912525934787e-02
1.607375000000000220e+00,5.093787577685100487e-01,-9.480542377669350096e-02
1.607375000000000220e+00,5.088126700474586706e-01,-9.605853642971302897e-02
1.607375000000000220e+00,5.083147159897470901e-01,-9.720512136571807238e-02
1.607375000000000220e+00,5.078847497998725258e-01,-9.824362059442057205e-02
1.607375000000000220e+00,5.075226212623152877e-01,-9.917263754641733597e-02
1.607375000000000220e+00,5.072281792238234610e-01,-9.999094038191957967e-02
1.607375000000000220e+00,5.070012747387422358e-01,-1.006974649056430471e-01
1.607375000000000220e+00,5.068417638517102031e-01,-1.012913170791434891e-01
1.607375000000000220e+00,5.067495099949900217e-01,-1.017717751231373979e-01
1.607375000000000220e+00,5.067243859808890916e-01,-1.021382912035759677e-01
1.607375000000000220e+00,5.067662755731218160e-01,-1.023904926964450540e-01
1.607375000000000220e+00,5.068750746245347383e-01,-1.025281830274479694e-01
1.607375000000000220e+00,5.070491357694225654e-01,-1.025504620984594856e-01
1.607375000000000220e+00,5.072868116625836032e-01,-1.024565963503940719e-01
1.607375000000000220e+00,5.075879979640943729e-01,-1.022468884539665945e-01
1.607375000000000220e+00,5.079525772700357322e-01,-1.019217966210088921e-01
1.607375000000000220e+00,5.083804189850770205e-01,-1.014819335895433827e-01
1.607375000000000220e+00,5.088713791313940193e-01,-1.009280653004156342e-01
1.607375000000000220e+00,5.094253000900476058e-01,-1.002611092698907497e-01
1.607375000000000220e+00,5.100420102698117741e-01,-9.948213266373907848e-02
1.607375000000000220e+00,5.107213236974179615e-01,-9.859235007939635975e-02
1.607375000000000220e+00,5.114630395223229709e-01,-9.759312104377358688e-02
1.607375000000000220e+00,5.122669414284176659e-01,-9.648594723519693384e-02
1.607375000000000220e+00,5.131327969446028980e-01,-9.527246943877723528e-02
1.607375000000000220e+00,5.140603566458772367e-01,-9.395446424522783946e-02
1.607375000000000220e+00,5.150493532365311156e-01,-9.253384050377100323e-02
1.607375000000000220e+00,5.160995005072235298e-01,-9.101263554029236091e-02
1.607375000000000220e+00,5.172104921581449632e-01,-8.939301115232047013e-02
1.607375000000000220e+00,5.183820004811413584e-01,-8.767724939272988904e-02
1.607375000000000220e+00,5.196136748945914263e-01,-8.586774815429340513e-02
1.607375000000000220e+00,5.209051403259807866e-01,-8.396701656735329478e-02
1.607375000000000220e+00,5.222559954384990988e-01,-8.197767022294917549e-02
1.607375000000000220e+00,5.236658106995807360e-01,-7.990242623374467501e-02
1.607375000000000220e+00,5.251341262911005670e-01,-7.774409814504769367e-02
1.607375000000000220e+00,5.266604498629012809e-01,-7.550559070813445128e-02
1.607375000000000220e+00,5.282442541334402275e-01,-7.318989452797942941e-02
1.607375000000000220e+00,5.298849743435800619e-01,-7.080008059737712134e-02
1.607375000000000220e+00,5.315820055718667447e-01,-6.833929472932956384e-02
1.607375000000000220e+00,5.333346999220170970e-01,-6.581075189948382143e-02
1.607375000000000220e+00,5.351423635957325287e-01,-6.321773051034373925e-02
1.607375000000000220e+00,5.370042538663351017e-01,-6.056356658896593081e-02
1.607375000000000220e+00,5.389195759710420086e-01,-5.785164792988654187e-02
1.607375000000000220e+00,5.408874799419242096e-01,-5.508540819512459247e-02
1.607375000000000220e+00,5.429070573976881864e-01,-5.226832098326737730e-02
1.607375000000000220e+00,5.449773383203487809e-01,-4.940389387987240144e-02
1.607375000000000220e+00,5.470972878425827135e-01,-4.649566250170997228e-02
1.607375000000000220e+00,5.492658030730436236e-01,-4.354718454772132930e-02
1.607375000000000220e+00,5.514817099881369478e-01,-4.056203386996754673e-02
1.607375000000000220e+00,5.537437604196913110e-01,-3.754379457828436323e-02
1.607375000000000220e+00,5.560506291685795022e-01,-3.449605519282437222e-02
1.607375000000000220e+00,5.584009112746372017e-01,-3.142240285914080222e-02
1.607375000000000220e+00,5.607931194731784474e-01,-2.832641764093173781e-02
1.607375000000000220e+00,5.632256818680155819e-01,-2.521166690599492902e-02
1.607375000000000220e+00,5.656969398501532353e-01,-2.208169982132213160e-02
1.607375000000000220e+00,5.682051462902451000e-01,-1.894004197356445596e-02
1.607375000000000220e+00,5.707510234755907019e-01,-1.578508332882491705e-02
1.607375000000000220e+00,5.733255246978836706e-01,-1.261138640214063550e-02
1.607375000000000220e+00,5.759193057672553628e-01,-9.426882790010460839e-03
1.607375000000000220e+00,5.785300759395890502e-01,-6.234887491759340435e-03
1.607375000000000220e+00,5.811554991831570094e-01,-3.038702318487463729e-03
1.607375000000000220e+00,5.837931953384336570e-01,1.583881013234194647e-04
1.607375000000000220e+00,5.864407414941960051e-01,3.353120191314138375e-03
1.607375000000000220e+00,5.890956735861664351e-01,6.542255160814778453e-03
1.607375000000000220e+00,5.917554882224630441e-01,9.722582592530067125e-03
1.607375000000000220e+00,5.944176447380805639e-01,1.289092387561390808e-02
1.607375000000000220e+00,5.970795674785824847e-01,1.604413547671724311e-02
1.607375000000000220e+00,5.997386483111447619e-01,1.917911204298495750e-02
1.607375000000000220e+00,6.023922493590960769e-01,2.229278933243292876e-02
1.607375000000000220e+00,6.050377059541662828e-01,2.538214696863157552e-02
1.607375000000000220e+00,6.076723297988066985e-01,2.844421101814120431e-02
1.607375000000000220e+00,6.102934123292098612e-01,3.147605639065913924e-02
1.607375000000000220e+00,6.128982282680386362e-01,3.447480906333553335e-02
1.607375000000000220e+00,6.154840393544066535e-01,3.743764813216417936e-02
1.607375000000000220e+00,6.180480982373346421e-01,4.036180769474047997e-02
1.607375000000000220e+00,6.205876525177581593e-01,4.324457856998096400e-02
1.607375000000000220e+00,6.230999489231838773e-01,4.608330986159416692e-02
1.607375000000000220e+00,6.255822375982978967e-01,4.887541037317097437e-02
1.607375000000000220e+00,6.280317764942063841e-01,5.161834988370185562e-02
1.607375000000000220e+00,6.304458358385571781e-01,5.430966029312098847e-02
1.607375000000000220e+00,6.328217026685265534e-01,5.694693664811160960e-02
1.607375000000000220e+00,6.351566854085655134e-01,5.952783805887305185e-02
1.607375000000000220e+00,6.374481184748745921e-01,6.205008851784891977e-02
1.607375000000000220e+00,6.396933668888022950e-01,6.451147763154006787e-02
1.607375000000000220e+00,6.418898308817269083e-01,6.690986127648099191e-02
1.607375000000000220e+00,6.440349504744846687e-01,6.924316219024978514e-02
1.607375000000000220e+00,6.461262100150120258e-01,7.150937050800967865e-02
1.607375000000000220e+00,6.481611426585887070e-01,7.370654425456665826e-02
1.607375000000000220e+00,6.501373347758587773e-01,7.583280980127304893e-02
1.607375000000000220e+00,6.520524302746779632e-01,7.788636229633570662e-02
1.607375000000000220e+00,6.539041348227507822e-01,7.986546607621139438e-02
1.607375000000000220e+00,6.556902199589826896e-01,8.176845506481075776e-02
1.607375000000000220e+00,6.574085270824484573e-01,8.359373316620780092e-02
1.607375000000000220e+00,6.590569713088727521e-01,8.533977465548156505e-02
1.607375000000000220e+00,6.606335451855014362e-01,8.700512457122466792e-02
1.607375000000000220e+00,6.621363222562108852e-01,8.858839911216022378e-02
1.607375000000000220e+00,6.635634604696467598e-01,9.008828603923318967e-02
1.607375000000000220e+00,6.649132054240843859e-01,9.150354508350917737e-02
1.607375000000000220e+00,6.661838934435587722e-01,9.283300835923621874e-02
1.607375000000000220e+00,6.673739544806227553e-01,9.407558078052782879e-02
1.607375000000000220e+00,6.684819148418258417e-01,9.523024047931559488e-02
1.607375000000000220e+00,6.695063997326953231e-01,9.629603922152009388e-02
1.607375000000000220e+00,6.704461356196101951e-01,9.727210281780314383e-02
1.607375000000000220e+00,6.712999524065028645e-01,9.815763152480491693e-02
1.607375000000000220e+00,6.720667854248018047e-01,9.895190043244242450e-02
1.607375000000000220e+00,6.727456772354317716e-01,9.965425983265227550e-02
1.607375000000000220e+00,6.733357792420330279e-01,1.002641355649030175e-01
1.607375000000000220e+00,6.738363531148351404e-01,1.007810293338762819e-01
1.607375000000000220e+00,6.742467720248391805e-01,1.012045189949173085e-01
1.607375000000000220e+00,6.745665216881282511e-01,1.015342588031763332e-01
1.607375000000000220e+00,6.747952012202381722e-01,1.017699796227911069e-01
1.607375000000000220e+00,6.749325238005934313e-01,1.019114890929858630e-01
1.607375000000000220e+00,6.749783171470494780e-01,1.019586717485694016e-01
1.665562500000000057e+00,7.180604548736373438e-01,8.833473425011552360e-02
1.665562500000000057e+00,7.180178395180065731e-01,8.829657558449396926e-02
1.665562500000000057e+00,7.178900490101447485e-01,8.818212420972422472e-02
1.665562500000000057e+00,7.176772499105334990e-01,8.799145403461050563e-02
1.665562500000000057e+00,7.173797194318495274e-01,8.772468838157576609e-02
1.665562500000000057e+00,7.169978448587744913e-01,8.738200019602448965e-02
1.665562500000000057e+00,7.165321227397126735e-01,8.696361233496389953e-02
1.665562500000000057e+00,7.159831578543485175e-01,8.646979793047614160e-02
1.665562500000000057e+00,7.153516619620436945e-01,8.590088082248896473e-02
1.665562500000000057e+00,7.146384523370812314e-01,8.525723605422662332e-02
1.665562500000000057e+00,7.138444500977224605e-01,8.453929042275694361e-02
1.665562500000000057e+00,7.129706783369321732e-01,8.374752307619266756e-02
1.665562500000000057e+00,7.120182600634418213e-01,8.288246614837141424e-02
1.665562500000000057e+00,7.109884159625575739e-01,8.194470542123527546e-02
1.665562500000000057e+00,7.098824619867609709e-01,8.093488100466632307e-02
1.665562500000000057e+00,7.087018067867048021e-01,7.985368802321415882e-02
1.665562500000000057e+00,7.074479489936555954e-01,7.870187729897488993e-02
1.665562500000000057e+00,7.061224743647865898e-01,7.748025601985157607e-02
1.665562500000000057e+00,7.047270528029658809e-01,7.618968838253628584e-02
1.665562500000000057e+00,7.032634352628259755e-01,7.483109619980546356e-02
1.665562500000000057e+00,7.017334505549309709e-01,7.340545946209549311e-02
1.665562500000000057e+00,7.001390020597872965e-01,7.191381684382619488e-02
1.665562500000000057e+00,6.984820643632684289e-01,7.035726614554452252e-02
1.665562500000000057e+00,6.967646798247559836e-01,6.873696466366226165e-02
1.665562500000000057e+00,6.949889550889342127e-01,6.705412948034246423e-02
1.665562500000000057e+00,6.931570575517316257e-01,6.531003766693348200e-02
1.665562500000000057e+00,6.912712117903749842e-01,6.350602639524161042e-02
1.665562500000000057e+00,6.893336959669366104e-01,6.164349295185371502e-02
1.665562500000000057e+00,6.873468382141030286e-01,5.972389465165610367e-02
1.665562500000000057e+00,6.853130130112046192e-01,5.774874864762219451e-02
1.665562500000000057e+00,6.832346375578172148e-01,5.571963163484858206e-02
1.665562500000000057e+00,6.811141681515054946e-01,5.363817944768730500e-02
1.665562500000000057e+00,6.789540965755180846e-01,5.150608654963503147e-02
1.665562500000000057e+00,6.767569465015059738e-01,4.932510541639158891e-02
1.665562500000000057e+00,6.745252699116052186e-01,4.709704581316715571e-02
1.665562500000000057e+00,6.722616435435311288e-01,4.482377396790148544e-02
1.665562500000000057e+00,6.699686653616894194e-01,4.250721164254533252e-02
1.665562500000000057e+00,6.676489510567159558e-01,4.014933510493752522e-02
1.665562500000000057e+00,6.653051305753422406e-01,3.775217400409329460e-02
1.665562500000000057e+00,6.629398446820424784e-01,3.531781015189353751e-02
1.665562500000000057e+00,6.605557415535664445e-01,3.284837621423507964e-02
1.665562500000000057e+00,6.581554734072103674e-01,3.034605431467391964e-02
1.665562500000000057e+00,6.557416931635172697e-01,2.781307455346695642e-02
1.665562500000000057e+00,6.533170511440516970e-01,2.525171344470980919e-02
1.665562500000000057e+00,6.508841918049450559e-01,2.266429227397817603e-02
1.665562500000000057e+00,6.484457505070646555e-01,2.005317537852939827e-02
1.665562500000000057e+00,6.460043503239216722e-01,1.742076835171427196e-02
1.665562500000000057e+00,6.435625988887840876e-01,1.476951617280426211e-02
1.665562500000000057e+00,6.411230852829060689e-01,1.210190126297206771e-02
1.665562500000000057e+00,6.386883769673046274e-01,9.420441467683721495e-03
1.665562500000000057e+00,6.362610167611045808e-01,6.727687965289711435e-03
1.665562500000000057e+00,6.338435198701130036e-01,4.026223101150237273e-03
1.665562500000000057e+00,6.314383709699665781e-01,1.318658146215357860e-03
1.665562500000000057e+00,6.290480213488967021e-01,-1.392369021387795253e-03
1.665562500000000057e+00,6.266748861158647488e-01,-4.104196313512033234e-03
1.665562500000000057e+00,6.243213414805151018e-01,-6.814139909875838175e-03
1.665562500000000057e+00,6.219897221120540554e-01,-9.519496818811746391e-03
1.665562500000000057e+00,6.196797860333412844e-01,-1.222393589273725392e-02
1.665562500000000057e+00,6.174021057978915650e-01,-1.492917796591847028e-02
1.665562500000000057e+00,6.151624096009656872e-01,-1.762949759403967254e-02
1.665562500000000057e+00,6.129626171214017649e-01,-2.032187902819665437e-02
1.665562500000000057e+00,6.108045605488006125e-01,-2.300327152711559991e-02
1.665562500000000057e+00,6.086899836886051629e-01,-2.567059390182947765e-02
1.665562500000000057e+00,6.066205413370147070e-01,-2.832073928336789614e-02
1.665562500000000057e+00,6.045977989316304591e-01,-3.095058010478899876e-02
1.665562500000000057e+00,6.026232324829013942e-01,-3.355697328729292939e-02
1.665562500000000057e+00,6.006982287904157891e-01,-3.613676561857612907e-02
1.665562500000000057e+00,5.988240859468749733e-01,-3.868679931003518591e-02
1.665562500000000057e+00,5.970020141311879192e-01,-4.120391771793215779e-02
1.665562500000000057e+00,5.952331366905532217e-01,-4.368497121221201485e-02
1.665562500000000057e+00,5.935184915096607394e-01,-4.612682317533609716e-02
1.665562500000000057e+00,5.918590326632636733e-01,-4.852635611228371670e-02
1.665562500000000057e+00,5.902556323463730159e-01,-5.088047785178926447e-02
1.665562500000000057e+00,5.887090830742208736e-01,-5.318612781794297695e-02
1.665562500000000057e+00,5.872201001419662392e-01,-5.544028335049447365e-02
1.665562500000000057e+00,5.857893243318990084e-01,-5.763996605157210851e-02
1.665562500000000057e+00,5.844173248536691512e-01,-5.978224813606836802e-02
1.665562500000000057e+00,5.831046025008554956e-01,-6.186425876264693702e-02
1.665562500000000057e+00,5.818515930050303098e-01,-6.388319032219806626e-02
1.665562500000000057e+00,5.806586705664033010e-01,-6.583630466060053088e-02
1.665562500000000057e+00,5.795261515381663342e-01,-6.772093921283808826e-02
1.665562500000000057e+00,5.784542982398526156e-01,-6.953451302585450522e-02
1.665562500000000057e+00,5.774433228733849566e-01,-7.127453264800480415e-02
1.665562500000000057e+00,5.764933915140569853e-01,-7.293859786356131358e-02
1.665562500000000057e+00,5.756046281474843651e-01,-7.452440725144658662e-02
1.665562500000000057e+00,5.747771187226096146e-01,-7.602976354818033466e-02
1.665562500000000057e+00,5.740109151901524598e-01,-7.745257879592802597e-02
1.665562500000000057e+00,5.733060394954976324e-01,-7.879087925751375454e-02
1.665562500000000057e+00,5.726624874948972321e-01,-8.004281008129314479e-02
1.665562500000000057e+00,5.720802327640616136e-01,-8.120663969986355313e-02
1.665562500000000057e+00,5.715592302687079185e-01,-8.228076394770363067e-02
1.665562500000000057e+00,5.710994198674419486e-01,-8.326370988397371886e-02
1.665562500000000057e+00,5.707007296184573031e-01,-8.415413930786279362e-02
1.665562500000000057e+00,5.703630788629339143e-01,-8.495085195502549702e-02
1.665562500000000057e+00,5.700863810597062153e-01,-8.565278836481270142e-02
1.665562500000000057e+00,5.698705463477202748e-01,-8.625903240915008818e-02
1.665562500000000057e+00,5.697154838150014777e-01,-8.676881347506128217e-02
1.665562500000000057e+00,5.696211034552809416e-01,-8.718150829396213719e-02
1.665562500000000057e+00,5.695873177960613098e-01,-8.749664241196840331e-02
1.665562500000000057e+00,5.696140431847060981e-01,-8.771389129656337325e-02
1.665562500000000057e+00,5.697012007220904062e-01,-8.783308107606332960e-02
1.665562500000000057e+00,5.698474439712771789e-01,-8.785342793798954497e-02
1.665562500000000057e+00,5.700514212952766391e-01,-8.777429061395744525e-02
1.665562500000000057e+00,5.703130379903356140e-01,-8.759592254630511887e-02
1.665562500000000057e+00,5.706321833822306511e-01,-8.731871033269839044e-02
1.665562500000000057e+00,5.710087307427053060e-01,-8.694317287936403904e-02
1.665562500000000057e+00,5.714425371586414615e-01,-8.646996029411584128e-02
1.665562500000000057e+00,5.719334433506421123e-01,-8.589985252266317539e-02
1.665562500000000057e+00,5.724812734367465961e-01,-8.523375773257052535e-02
1.665562500000000057e+00,5.730858346361408229e-01,-8.447271045006858603e-02
1.665562500000000057e+00,5.737469169070027464e-01,-8.361786945569711638e-02
1.665562500000000057e+00,5.744642925120461152e-01,-8.267051544547880659e-02
1.665562500000000057e+00,5.752377155049149815e-01,-8.163204846497396083e-02
1.665562500000000057e+00,5.760669211303485193e-01,-8.050398512414776164e-02
1.665562500000000057e+00,5.769516251309984023e-01,-7.928795560148726995e-02
1.665562500000000057e+00,5.778915229539370868e-01,-7.798570044623839848e-02
1.665562500000000057e+00,5.788862888502596116e-01,-7.659906718799099068e-02
1.665562500000000057e+00,5.799355748617508466e-01,-7.513000676312847625e-02
1.665562500000000057e+00,5.810390096893651712e-01,-7.358056976787910597e-02
1.665562500000000057e+00,5.821961974392338979e-01,-7.195290254786812500e-02
1.665562500000000057e+00,5.834067162430833786e-01,-7.024924313417774124e-02
1.665562500000000057e+00,5.846701167512815545e-01,-6.847191703598669299e-02
1.665562500000000057e+00,5.859859204982376113e-01,-6.662333289989197382e-02
1.665562500000000057e+00,5.873536181415204283e-01,-6.470597804602108705e-02
1.665562500000000057e+00,5.887726675778325314e-01,-6.272241389103745679e-02
1.665562500000000057e+00,5.902424919408377768e-01,-6.067527126813289373e-02
1.665562500000000057e+00,5.917624774877786598e-01,-5.856724565410104805e-02
1.665562500000000057e+00,5.933319713837926779e-01,-5.640109231360457276e-02
1.665562500000000057e+00,5.949502793948314716e-01,-5.417962137079412183e-02
1.665562500000000057e+00,5.966166635020506703e-01,-5.190569281851880462e-02
1.665562500000000057e+00,5.983303394524615015e-01,-4.958221147548952379e-02
1.665562500000000057e+00,6.000904742624695309e-01,-4.721212190192373981e-02
1.665562500000000057e+00,6.018961836926484121e-01,-4.479840328441438840e-02
1.665562500000000057e+00,6.037465297136743736e-01,-4.234406430102660018e-02
1.665562500000000057e+00,6.056405179847538234e-01,-3.985213797793063506e-02
1.665562500000000057e+00,6.075770953670820429e-01,-3.732567654922201716e-02
1.665562500000000057e+00,6.095551474958552651e-01,-3.476774633195423014e-02
1.665562500000000057e+00,6.115734964350989511e-01,-3.218142262880271248e-02
1.665562500000000057e+00,6.136308984400590250e-01,-2.956978467118204917e-02
1.665562500000000057e+00,6.157260418521071088e-01,-2.693591061603270442e-02
1.665562500000000057e+00,6.178575451510417427e-01,-2.428287260986918689e-02
1.665562500000000057e+00,6.200239551893093060e-01,-2.161373193401455728e-02
1.665562500000000057e+00,6.222237456320245386e-01,-1.893153424522506234e-02
1.665562500000000057e+00,6.244553156257511839e-01,-1.623930492611028176e-02
1.665562500000000057e+00,6.267191019769844385e-01,-1.353593238653427559e-02
1.665562500000000057e+00,6.290074826407557884e-01,-1.081688311671973740e-02
1.665562500000000057e+00,6.313125846951116449e-01,-8.088576805988449692e-03
1.665562500000000057e+00,6.336323549442801628e-01,-5.353854991610080410e-03
1.665562500000000057e+00,6.359647021975459724e-01,-2.615547830885162073e-03
1.665562500000000057e+00,6.383074983899547084e-01,1.235293278768361848e-04
1.665562500000000057e+00,6.406585798818829058e-01,2.860579266121472761e-03
1.665562500000000057e+00,6.430157489424481732e-01,5.592826098147319659e-03
1.665562500000000057e+00,6.453767754200873119e-01,8.317518348094148431e-03
1.665562500000000057e+00,6.477393986019548411e-01,1.103193189343282081e-02
1.665562500000000057e+00,6.501013292621062867e-01,1.373337276870502388e-02
1.665562500000000057e+00,6.524602518967532738e-01,1.641917982446115809e-02
1.665562500000000057e+00,6.548138271432335511e-01,1.908672723759575682e-02
1.665562500000000057e+00,6.571596943777479050e-01,2.173342687056191783e-02
1.665562500000000057e+00,6.594954744853948059e-01,2.435673047824367041e-02
1.665562500000000057e+00,6.618187727946044374e-01,2.695413176255861618e-02
1.665562500000000057e+00,6.641271821667450448e-01,2.952316827613601230e-02
1.665562500000000057e+00,6.664182862304629529e-01,3.206142317764574395e-02
1.665562500000000057e+00,6.686896627492392442e-01,3.456652684252958102e-02
1.665562500000000057e+00,6.709388871096977347e-01,3.703615833398529733e-02
1.665562500000000057e+00,6.731635359173961941e-01,3.946804674006422486e-02
1.665562500000000057e+00,6.753611906861805014e-01,4.185997238365038453e-02
1.665562500000000057e+00,6.775294416066728331e-01,4.420976791287759694e-02
1.665562500000000057e+00,6.796658913791056023e-01,4.651531928020594814e-02
1.665562500000000057e+00,6.817681590955053661e-01,4.877456661890675754e-02
1.665562500000000057e+00,6.838338841561519832e-01,5.098550502609305174e-02
1.665562500000000057e+00,6.858607302053084664e-01,5.314618526167692175e-02
1.665562500000000057e+00,6.878463890713998330e-01,5.525471437273267450e-02
1.665562500000000057e+00,6.897885846971314461e-01,5.730925625270093943e-02
1.665562500000000057e+00,6.916850770454459063e-01,5.930803214468434448e-02
1.665562500000000057e+00,6.935336659677272531e-01,6.124932109776771300e-02
1.665562500000000057e+00,6.953321950212525415e-01,6.313146038485532852e-02
1.665562500000000057e+00,6.970785552235507776e-01,6.495284588996211306e-02
1.665562500000000057e+00,6.987706887320470628e-01,6.671193247224130318e-02
1.665562500000000057e+00,7.004065924381349673e-01,6.840723431328916970e-02
1.665562500000000057e+00,7.019843214656098507e-01,7.003732525345471305e-02
1.665562500000000057e+00,7.035019925642161942e-01,7.160083912201786749e-02
1.665562500000000057e+00,7.049577873898766889e-01,7.309647006519549850e-02
1.665562500000000057e+00,7.063499556639953880e-01,7.452297287501517820e-02
1.665562500000000057e+00,7.076768182050261480e-01,7.587916332117422558e-02
1.665562500000000057e+00,7.089367698262855066e-01,7.716391848709715229e-02
1.665562500000000057e+00,7.101282820947355523e-01,7.837617711053328218e-02
1.665562500000000057e+00,7.112499059461755424e-01,7.951493992821524748e-02
1.665562500000000057e+00,7.123002741529533832e-01,8.057927002334169808e-02
1.665562500000000057e+00,7.132781036409225894e-01,8.156829317396771528e-02
1.665562500000000057e+00,7.141821976529395544e-01,8.248119819979567169e-02
1.665562500000000057e+00,7.150114477567073301e-01,8.331723730436624287e-02
1.665562500000000057e+00,7.157648356952248658e-01,8.407572640926185004e-02
1.665562500000000057e+00,7.164414350784983343e-01,8.475604547665677169e-02
1.665562500000000057e+00,7.170404129155124595e-01,8.535763881638427919e-02
1.665562500000000057e+00,7.175610309857419766e-01,8.588001537363909588e-02
1.665562500000000057e+00,7.180026470497206104e-01,8.632274899349265396e-02
1.665562500000000057e+00,7.183647158983619274e-01,8.668547865856411627e-02
1.665562500000000057e+00,7.186467902408709696e-01,8.696790869645493194e-02
1.665562500000000057e+00,7.188485214311779448e-01,8.716980895391164552e-02
1.665562500000000057e+00,7.189696600328887577e-01,8.729101493511649823e-02
1.665562500000000057e+00,7.190100562227824676e-01,8.733142790201109396e-02
1.723749999999999893e+00,7.471253667081720895e-01,5.475581814487017612e-02
1.723749999999999893e+00,7.470982724278272258e-01,5.473216248361398306e-02
1.723749999999999893e+00,7.470170243961771206e-01,5.466121080147139794e-02
1.723749999999999893e+00,7.468817269699529193e-01,5.454300902949262009e-02
1.723749999999999893e+00,7.466925538393146544e-01,5.437763380626679105e-02
1.723749999999999893e+00,7.464497476724796243e-01,5.416519260678012010e-02
1.723749999999999893e+00,7.461536196206185467e-01,5.390582392003799572e-02
1.723749999999999893e+00,7.458045486854126827e-01,5.359969747272178009e-02
1.723749999999999893e+00,7.454029809523037287e-01,5.324701449544074622e-02
1.723749999999999893e+00,7.449494286930864462e-01,5.284800802747999932e-02
1.723749999999999893e+00,7.444444693420724235e-01,5.240294325534679276e-02
1.723749999999999893e+00,7.438887443505927122e-01,5.191211787988577603e-02
1.723749999999999893e+00,7.432829579251026830e-01,5.137586250627949186e-02
1.723749999999999893e+00,7.426278756545946491e-01,5.079454105087626015e-02
1.723749999999999893e+00,7.419243230334156003e-01,5.016855115849964963e-02
1.723749999999999893e+00,7.411731838859199062e-01,4.949832462369523761e-02
1.723749999999999893e+00,7.403753986996581826e-01,4.878432780926094531e-02
1.723749999999999893e+00,7.395319628740135709e-01,4.802706205538874451e-02
1.723749999999999893e+00,7.386439248913443389e-01,4.722706407281470481e-02
1.723749999999999893e+00,7.377123844177692069e-01,4.638490631352953919e-02
1.723749999999999893e+00,7.367384903407532271e-01,4.550119731283609747e-02
1.723749999999999893e+00,7.357234387506019768e-01,4.457658199685059913e-02
1.723749999999999893e+00,7.346684708728654645e-01,4.361174194992046421e-02
1.723749999999999893e+00,7.335748709584860583e-01,4.260739563686852249e-02
1.723749999999999893e+00,7.324439641383021504e-01,4.156429857545843737e-02
1.723749999999999893e+00,7.312771142482437092e-01,4.048324345500255855e-02
1.723749999999999893e+00,7.300757216312403486e-01,3.936506019758895941e-02
1.723749999999999893e+00,7.288412209214980564e-01,3.821061595897859431e-02
1.723749999999999893e+00,7.275750788164073724e-01,3.702081506680619111e-02
1.723749999999999893e+00,7.262787918409273624e-01,3.579659889429837039e-02
1.723749999999999893e+00,7.249538841088444263e-01,3.453894566828846768e-02
1.723749999999999893e+00,7.236019050848554457e-01,3.324887021085141253e-02
1.723749999999999893e+00,7.222244273509669243e-01,3.192742361439243615e-02
1.723749999999999893e+00,7.208230443802500220e-01,3.057569285049396152e-02
1.723749999999999893e+00,7.193993683205535117e-01,2.919480031324590136e-02
1.723749999999999893e+00,7.179550277903539168e-01,2.778590329815239929e-02
1.723749999999999893e+00,7.164916656885395030e-01,2.635019341801594570e-02
1.723749999999999893e+00,7.150109370195625313e-01,2.488889595744361513e-02
1.723749999999999893e+00,7.135145067350905368e-01,2.340326916780095801e-02
1.723749999999999893e+00,7.120040475930184964e-01,2.189460350455114251e-02
1.723749999999999893e+00,7.104812380345005840e-01,2.036422080896610823e-02
1.723749999999999893e+00,7.089477600795064394e-01,1.881347343618142154e-02
1.723749999999999893e+00,7.074052972413190643e-01,1.724374333149098631e-02
1.723749999999999893e+00,7.058555324603673631e-01,1.565644105664971975e-02
1.723749999999999893e+00,7.043001460578225403e-01,1.405300476777183831e-02
1.723749999999999893e+00,7.027408137094913743e-01,1.243489914619290426e-02
1.723749999999999893e+00,7.011792044407020308e-01,1.080361428340827212e-02
1.723749999999999893e+00,6.996169786431012394e-01,9.160664520918865988e-03
1.723749999999999893e+00,6.980557861145557652e-01,7.507587245518058602e-03
1.723749999999999893e+00,6.964972641236756301e-01,5.845941640247357199e-03
1.723749999999999893e+00,6.949430355008410221e-01,4.177307390945007165e-03
1.723749999999999893e+00,6.933947067580108481e-01,2.503283348018759454e-03
1.723749999999999893e+00,6.918538662400114392e-01,8.254861428020655867e-04
1.723749999999999893e+00,6.903220823104397885e-01,-8.544512423908409010e-04
1.723749999999999893e+00,6.888009015757494691e-01,-2.534880951601880400e-03
1.723749999999999893e+00,6.872918471515185868e-01,-4.214141781211582644e-03
1.723749999999999893e+00,6.857964169753072436e-01,-5.890560755932553946e-03
1.723749999999999893e+00,6.843145242031662967e-01,-7.566243231193064966e-03
1.723749999999999893e+00,6.828525846603681337e-01,-9.242288379135935733e-03
1.723749999999999893e+00,6.814141495033274598e-01,-1.091526482819896691e-02
1.723749999999999893e+00,6.800004670295157760e-01,-1.258330834778317864e-02
1.723749999999999893e+00,6.786127324653346005e-01,-1.424453319135973728e-02
1.723749999999999893e+00,6.772520873186186341e-01,-1.589703487974898979e-02
1.723749999999999893e+00,6.759196188922906856e-01,-1.753889312107854981e-02
1.723749999999999893e+00,6.746163599629452223e-01,-1.916817486240851576e-02
1.723749999999999893e+00,6.733432886276589091e-01,-2.078293746705268605e-02
1.723749999999999893e+00,6.721013283217356360e-01,-2.238123201066469919e-02
1.723749999999999893e+00,6.708913480093775528e-01,-2.396110668820980102e-02
1.723749999999999893e+00,6.697141625484548388e-01,-2.552061032302096674e-02
1.723749999999999893e+00,6.685705332296106862e-01,-2.705779596825540548e-02
1.723749999999999893e+00,6.674611684889050212e-01,-2.857072459023581382e-02
1.723749999999999893e+00,6.663867247920772785e-01,-3.005746882239293538e-02
1.723749999999999893e+00,6.653478076873061697e-01,-3.151611677782976961e-02
1.723749999999999893e+00,6.643449730220786220e-01,-3.294477590791512062e-02
1.723749999999999893e+00,6.633787283184674477e-01,-3.434157689378770917e-02
1.723749999999999893e+00,6.624495342997731573e-01,-3.570467755722220998e-02
1.723749999999999893e+00,6.615578065601313007e-01,-3.703226677697434022e-02
1.723749999999999893e+00,6.607039173673396881e-01,-3.832256839648887081e-02
1.723749999999999893e+00,6.598881975878410078e-01,-3.957384510872039712e-02
1.723749999999999893e+00,6.591109387215230431e-01,-4.078440230378205245e-02
1.723749999999999893e+00,6.583723950327972085e-01,-4.195259186519768174e-02
1.723749999999999893e+00,6.576727857632942431e-01,-4.307681590068671018e-02
1.723749999999999893e+00,6.570122974105042646e-01,-4.415553039365002763e-02
1.723749999999999893e+00,6.563910860557942151e-01,-4.518724876184605083e-02
1.723749999999999893e+00,6.558092797244789995e-01,-4.617054531014030960e-02
1.723749999999999893e+00,6.552669807600164376e-01,-4.710405856467304864e-02
1.723749999999999893e+00,6.547642681939538356e-01,-4.798649447630839310e-02
1.723749999999999893e+00,6.543012000929770977e-01,-4.881662948180039152e-02
1.723749999999999893e+00,6.538778158643258065e-01,-4.959331341172358576e-02
1.723749999999999893e+00,6.534941385009249704e-01,-5.031547223486698001e-02
1.723749999999999893e+00,6.531501767478647968e-01,-5.098211062946676059e-02
1.723749999999999893e+00,6.528459271723253687e-01,-5.159231437235427264e-02
1.723749999999999893e+00,6.525813761196943563e-01,-5.214525253781090303e-02
1.723749999999999893e+00,6.523565015394597877e-01,-5.264017949864834706e-02
1.723749999999999893e+00,6.521712746654638737e-01,-5.307643672276575464e-02
1.723749999999999893e+00,6.520256615362775010e-01,-5.345345435917032290e-02
1.723749999999999893e+00,6.519196243427772819e-01,-5.377075260818355712e-02
1.723749999999999893e+00,6.518531225914734328e-01,-5.402794287128862699e-02
1.723749999999999893e+00,6.518261140737267034e-01,-5.422472867680402930e-02
1.723749999999999893e+00,6.518385556326873331e-01,-5.436090637829549960e-02
1.723749999999999893e+00,6.518904037215833558e-01,-5.443636562336053031e-02
1.723749999999999893e+00,6.519808418470965927e-01,-5.445060236065660947e-02
1.723749999999999893e+00,6.521090470582118215e-01,-5.440320070805778480e-02
1.723749999999999893e+00,6.522749563166265752e-01,-5.429431462428243454e-02
1.723749999999999893e+00,6.524784935854146539e-01,-5.412418032696079961e-02
1.723749999999999893e+00,6.527195697981569289e-01,-5.389311578190350560e-02
1.723749999999999893e+00,6.529980828053122410e-01,-5.360152003456098574e-02
1.723749999999999893e+00,6.533139172956855534e-01,-5.324987238565918879e-02
1.723749999999999893e+00,6.536669446902362290e-01,-5.283873141348918029e-02
1.723749999999999893e+00,6.540570230049286282e-01,-5.236873384579677354e-02
1.723749999999999893e+00,6.544839966788686958e-01,-5.184059328465773914e-02
1.723749999999999893e+00,6.549476963635946225e-01,-5.125509878813144793e-02
1.723749999999999893e+00,6.554479386691336451e-01,-5.061311331285651971e-02
1.723749999999999893e+00,6.559845258622752917e-01,-4.991557202208618538e-02
1.723749999999999893e+00,6.565572455124842888e-01,-4.916348046395497412e-02
1.723749999999999893e+00,6.571658700809641651e-01,-4.835791262502399379e-02
1.723749999999999893e+00,6.578101564485998587e-01,-4.750000886436903103e-02
1.723749999999999893e+00,6.584898453788562422e-01,-4.659097373365616440e-02
1.723749999999999893e+00,6.592046609121805512e-01,-4.563207368879663300e-02
1.723749999999999893e+00,6.599543096890527760e-01,-4.462463469888930390e-02
1.723749999999999893e+00,6.607384801995448420e-01,-4.357003975825034930e-02
1.723749999999999893e+00,6.615568419580686310e-01,-4.246972630740009774e-02
1.723749999999999893e+00,6.624090446029211598e-01,-4.132518356893215977e-02
1.723749999999999893e+00,6.632947169212424221e-01,-4.013794980423616987e-02
1.723749999999999893e+00,6.642134658010911963e-01,-3.890960949708727884e-02
1.723749999999999893e+00,6.651648751134857651e-01,-3.764179047016139729e-02
1.723749999999999893e+00,6.661485045284454287e-01,-3.633616094058726709e-02
1.723749999999999893e+00,6.671638882702820572e-01,-3.499442652071332871e-02
1.723749999999999893e+00,6.682105338186056231e-01,-3.361832717035129897e-02
1.723749999999999893e+00,6.692879205627144668e-01,-3.220963410686384504e-02
1.723749999999999893e+00,6.703954984182144416e-01,-3.077014667959312305e-02
1.723749999999999893e+00,6.715326864158257525e-01,-2.930168921528261694e-02
1.723749999999999893e+00,6.726988712733905640e-01,-2.780610784132506869e-02
1.723749999999999893e+00,6.738934059630476980e-01,-2.628526729387527933e-02
1.723749999999999893e+00,6.751156082863963848e-01,-2.474104771809378794e-02
1.723749999999999893e+00,6.763647594711964528e-01,-2.317534146803296169e-02
1.723749999999999893e+00,6.776401028037467578e-01,-2.159004991393526085e-02
1.723749999999999893e+00,6.789408423115250724e-01,-1.998708026497691623e-02
1.723749999999999893e+00,6.802661415109575449e-01,-1.836834241575227913e-02
1.723749999999999893e+00,6.816151222353022954e-01,-1.673574582504437289e-02
1.723749999999999893e+00,6.829868635575802038e-01,-1.509119643565720766e-02
1.723749999999999893e+00,6.843804008232575731e-01,-1.343659364428364394e-02
1.723749999999999893e+00,6.857947248069891089e-01,-1.177382733053970211e-02
1.723749999999999893e+00,6.872287810071611158e-01,-1.010477495440019816e-02
1.723749999999999893e+00,6.886827616056108159e-01,-8.428866773902175119e-03
1.723749999999999893e+00,6.901520384263925001e-01,-6.743361364031841797e-03
1.723749999999999893e+00,6.916317697738756376e-01,-5.052077013657180725e-03
1.723749999999999893e+00,6.931206288606701627e-01,-3.356776613583305376e-03
1.723749999999999893e+00,6.946172658734037775e-01,-1.659216051470666737e-03
1.723749999999999893e+00,6.961203087355645192e-01,3.885792246217478589e-05
1.723749999999999893e+00,6.976283639778868562e-01,1.735709761932999542e-03
1.723749999999999893e+00,6.991400177192100829e-01,3.429617117419903050e-03
1.723749999999999893e+00,7.006538367597435757e-01,5.118872750061502497e-03
1.723749999999999893e+00,7.021683697876565100e-01,6.801786362049908920e-03
1.723749999999999893e+00,7.036821486988926733e-01,8.476686339652757946e-03
1.723749999999999893e+00,7.051936900290949328e-01,1.014192140575769126e-02
1.723749999999999893e+00,7.067014964955287137e-01,1.179586217962023433e-02
1.723749999999999893e+00,7.082040586459369402e-01,1.343690264230116768e-02
1.723749999999999893e+00,7.096998566103347450e-01,1.506346150709237004e-02
1.723749999999999893e+00,7.111873619508918276e-01,1.667398349503855515e-02
1.723749999999999893e+00,7.126650396042489843e-01,1.826694051645610592e-02
1.723749999999999893e+00,7.141313499098822515e-01,1.984083276011656266e-02
1.723749999999999893e+00,7.155847507174799560e-01,2.139418969249206118e-02
1.723749999999999893e+00,7.170236995657257584e-01,2.292557097014170236e-02
1.723749999999999893e+00,7.184466559243992689e-01,2.443356726894203163e-02
1.723749999999999893e+00,7.198520834913129107e-01,2.591680103442428953e-02
1.723749999999999893e+00,7.212384525353014997e-01,2.737392715796577169e-02
1.723749999999999893e+00,7.226042422762669615e-01,2.880363358398947693e-02
1.723749999999999893e+00,7.239479432931571479e-01,3.020464185364742787e-02
1.723749999999999893e+00,7.252680599507188575e-01,3.157570759069657645e-02
1.723749999999999893e+00,7.265631128359086865e-01,3.291562093542141354e-02
1.723749999999999893e+00,7.278316411949629083e-01,3.422320693250945761e-02
1.723749999999999893e+00,7.290722053623212018e-01,3.549732587875224776e-02
1.723749999999999893e+00,7.302833891728528481e-01,3.673687363632236608e-02
1.723749999999999893e+00,7.314638023491470964e-01,3.794078191717295545e-02
1.723749999999999893e+00,7.326120828559941067e-01,3.910801854382672804e-02
1.723749999999999893e+00,7.337268992145872248e-01,4.023758769147092740e-02
1.723749999999999893e+00,7.348069527694186531e-01,4.132853011586259256e-02
1.723749999999999893e+00,7.358509799013097652e-01,4.237992337108468371e-02
1.723749999999999893e+00,7.368577541805005904e-01,4.339088202068439731e-02
1.723749999999999893e+00,7.378260884542252596e-01,4.436055784518595779e-02
1.723749999999999893e+00,7.387548368636984719e-01,4.528814004840648472e-02
1.723749999999999893e+00,7.396428967859447479e-01,4.617285546443127692e-02
1.723749999999999893e+00,7.404892106963861798e-01,4.701396876653135548e-02
1.723749999999999893e+00,7.412927679485903365e-01,4.781078267874425136e-02
1.723749999999999893e+00,7.420526064680311729e-01,4.856263819029882356e-02
1.723749999999999893e+00,7.427678143571566638e-01,4.926891477255491980e-02
1.723749999999999893e+00,7.434375314094585629e-01,4.992903059766126694e-02
1.723749999999999893e+00,7.440609505306217120e-01,5.054244275771273970e-02
1.723749999999999893e+00,7.446373190651708329e-01,5.110864748282443332e-02
1.723749999999999893e+00,7.451659400273443756e-01,5.162718035623533458e-02
1.723749999999999893e+00,7.456461732352001048e-01,5.209761652431565970e-02
1.723749999999999893e+00,7.460774363471945891e-01,5.251957089918248694e-02
1.723749999999999893e+00,7.464592058006846997e-01,5.289269835152743404e-02
1.723749999999999893e+00,7.467910176519683141e-01,5.321669389123091787e-02
1.723749999999999893e+00,7.470724683176206415e-01,5.349129283337614171e-02
1.723749999999999893e+00,7.473032152169850617e-01,5.371627094738030961e-02
1.723749999999999893e+00,7.474829773157631863e-01,5.389144458712739200e-02
1.723749999999999893e+00,7.476115355706955956e-01,5.401667080020970679e-02
1.723749999999999893e+00,7.476887332753621163e-01,5.409184741465745266e-02
1.723749999999999893e+00,7.477144763071403855e-01,5.411691310185087755e-02
