ISO-10303-21;
HEADER;
FILE_DESCRIPTION (( 'STEP AP203' ),
    '1' );
FILE_NAME ('openfan_blade_v03_CFD_SINGLELOFT.step',
    '2026-09-14T12:12:19',
    ( '' ),
    ( '' ),
    'SwSTEP 2.0',
    'SolidWorks 2026',
    '' );
FILE_SCHEMA (( 'CONFIG_CONTROL_DESIGN' ));
ENDSEC;

DATA;
#1 = CARTESIAN_POINT ( 'NONE',  ( 676.8542616003774128, 13.38019449439794606, -17.36804074493317174 ) ) ;
#2 = CARTESIAN_POINT ( 'NONE',  ( 1268.788088734853773, 672.0265396579901562, 111.2129659866922822 ) ) ;
#3 = CARTESIAN_POINT ( 'NONE',  ( 1270.026796472645856, 669.3371385568148071, 101.7493981070949616 ) ) ;
#4 = CARTESIAN_POINT ( 'NONE',  ( 901.5079356829116932, 122.6388551971182892, -37.76283955113076019 ) ) ;
#5 = CARTESIAN_POINT ( 'NONE',  ( 1364.944223498889187, 734.6063398798421531, 16.44769273048879299 ) ) ;
#6 = CARTESIAN_POINT ( 'NONE',  ( 956.1811207567719748, 152.0458294060199194, -15.59674137212421030 ) ) ;
#7 = CARTESIAN_POINT ( 'NONE',  ( 1139.578907420518590, 378.9414745974905259, 36.26899257519283992 ) ) ;
#8 = CARTESIAN_POINT ( 'NONE',  ( 579.3757984762709157, 11.05235024903529784, 22.53982511901205754 ) ) ;
#9 = CARTESIAN_POINT ( 'NONE',  ( 1290.197103972362811, 480.2696742535083558, -85.54858803993039373 ) ) ;
#10 = CARTESIAN_POINT ( 'NONE',  ( 1425.516173359286540, 969.1377284004188368, 13.41821323292010071 ) ) ;
#11 = CARTESIAN_POINT ( 'NONE',  ( 897.7595615332085117, 147.3326933401685039, 39.67735488579008063 ) ) ;
#12 = CARTESIAN_POINT ( 'NONE',  ( 790.8798906142261558, 62.51380466790307366, -40.10386863952373915 ) ) ;
#13 = CARTESIAN_POINT ( 'NONE',  ( 1423.059193582991156, 972.7661944441198330, 17.98688383257807288 ) ) ;
#14 = CARTESIAN_POINT ( 'NONE',  ( 1230.104011437403869, 470.9757429201572450, 2.413279366554165861 ) ) ;
#15 = CARTESIAN_POINT ( 'NONE',  ( 1451.367403422121470, 930.9606496243252423, -44.45184099140435308 ) ) ;
#16 = CARTESIAN_POINT ( 'NONE',  ( 1406.621894826869038, 997.0407859414438008, 41.86564493279169596 ) ) ;
#17 = CARTESIAN_POINT ( 'NONE',  ( 790.9954542944406057, 61.51263487836569510, -2.829665761996617235 ) ) ;
#18 = CARTESIAN_POINT ( 'NONE',  ( 1213.714702187269950, 513.5249709099056190, 65.67917509794008879 ) ) ;
#19 = CARTESIAN_POINT ( 'NONE',  ( 902.8023878137493057, 114.1659784427281608, -58.79802768176286065 ) ) ;
#20 = CARTESIAN_POINT ( 'NONE',  ( 1426.833441490633504, 746.0580580412015479, -85.79408983930086663 ) ) ;
#21 = CARTESIAN_POINT ( 'NONE',  ( 1086.963255678331734, 355.5149265713079672, 87.94065812869426679 ) ) ;
#22 = CARTESIAN_POINT ( 'NONE',  ( 618.4654164734787400, 15.53684972723554303, 24.73803403290409619 ) ) ;
#23 = CARTESIAN_POINT ( 'NONE',  ( 902.6502454983603911, 115.1601485593273395, -56.87412409962069404 ) ) ;
#24 = ORIENTED_EDGE ( 'NONE', *, *, #2556, .T. ) ;
#25 = CARTESIAN_POINT ( 'NONE',  ( 789.3007869036692910, 79.39168511896616565, 29.68971139054610120 ) ) ;
#26 = CARTESIAN_POINT ( 'NONE',  ( 1402.943387546596568, 786.8307900679556042, -29.28270237420566247 ) ) ;
#27 = CARTESIAN_POINT ( 'NONE',  ( 1327.619283995778233, 544.4852239292525837, -64.88548102295781916 ) ) ;
#28 = CARTESIAN_POINT ( 'NONE',  ( 1248.706831274238539, 422.7133551221784273, -60.53451861040979765 ) ) ;
#29 = CARTESIAN_POINT ( 'NONE',  ( 560.0000000000000000, 4.005614369380963602, 20.84068542161316273 ) ) ;
#30 = CARTESIAN_POINT ( 'NONE',  ( 1055.578951976775897, 248.3475150932340512, -19.49669592426888087 ) ) ;
#31 = CARTESIAN_POINT ( 'NONE',  ( 1453.407327946694977, 891.9108308909370635, -66.48096050260259915 ) ) ;
#32 = CARTESIAN_POINT ( 'NONE',  ( 1371.655292963227566, 592.6641908511026031, -110.0808515357826280 ) ) ;
#33 = CARTESIAN_POINT ( 'NONE',  ( 950.5426642176427094, 182.7525921544472283, 17.64288399048080791 ) ) ;
#34 = CARTESIAN_POINT ( 'NONE',  ( 1376.910652178560440, 940.8676589931294529, 79.94844892371226308 ) ) ;
#35 = CARTESIAN_POINT ( 'NONE',  ( 1173.955716239569256, 456.9747133388204929, 69.75770412794268793 ) ) ;
#36 = CARTESIAN_POINT ( 'NONE',  ( 957.3959620778937278, 145.3950452905798727, -33.53039059189405435 ) ) ;
#37 = CARTESIAN_POINT ( 'NONE',  ( 1368.818516164455104, 953.5826410716103965, 92.01104196258370393 ) ) ;
#38 = CARTESIAN_POINT ( 'NONE',  ( 1244.300981847702815, 434.1133544105430815, -60.23032725400610587 ) ) ;
#39 = CARTESIAN_POINT ( 'NONE',  ( 676.8542616003774128, 13.38019449439794606, -17.36804074493317174 ) ) ;
#40 = CARTESIAN_POINT ( 'NONE',  ( 1342.564358854004240, 775.7872754750918602, 56.78175232322892896 ) ) ;
#41 = CARTESIAN_POINT ( 'NONE',  ( 675.7106370258582047, 40.40512750209698112, 31.46739896324189090 ) ) ;
#42 = CARTESIAN_POINT ( 'NONE',  ( 1110.462077823699019, 271.5051634678893606, -68.64623312467483629 ) ) ;
#43 = CARTESIAN_POINT ( 'NONE',  ( 1452.393599577317900, 929.4451638481568807, -47.62354431619159101 ) ) ;
#44 = CARTESIAN_POINT ( 'NONE',  ( 1286.074079844008338, 634.5618560957693717, 69.05581441462553016 ) ) ;
#45 = CARTESIAN_POINT ( 'NONE',  ( 1393.469683608397645, 682.0815726112440416, -79.63089435262375559 ) ) ;
#46 = CARTESIAN_POINT ( 'NONE',  ( 1146.961270730402475, 355.4776372340334092, 19.72812348796181681 ) ) ;
#47 = CARTESIAN_POINT ( 'NONE',  ( 1264.387049025377110, 541.3617421959294234, 16.06716870400761010 ) ) ;
#48 = CARTESIAN_POINT ( 'NONE',  ( 903.7721084835214924, 107.8873653734822966, -49.76889512297748297 ) ) ;
#49 = CARTESIAN_POINT ( 'NONE',  ( 1243.813488814363382, 590.0514622644817564, 84.48458332083176003 ) ) ;
#50 = CARTESIAN_POINT ( 'NONE',  ( 1056.394652759390965, 245.1255441513822291, 2.270504309486721439 ) ) ;
#51 = CARTESIAN_POINT ( 'NONE',  ( 1308.481065115586716, 718.7193647758937232, 75.83215993813786326 ) ) ;
#52 = CARTESIAN_POINT ( 'NONE',  ( 1451.893013431488498, 930.1844291240086022, -50.23890785304555351 ) ) ;
#53 = CARTESIAN_POINT ( 'NONE',  ( 1268.808061668320079, 671.9838085453318399, 111.8246582030823362 ) ) ;
#54 = CARTESIAN_POINT ( 'NONE',  ( 675.9223393657420047, 35.50156133021977212, 30.35215739093893106 ) ) ;
#55 = CARTESIAN_POINT ( 'NONE',  ( 1366.637847721606477, 602.6702539410709960, -97.38753439482879060 ) ) ;
#56 = ORIENTED_EDGE ( 'NONE', *, *, #1490, .F. ) ;
#57 = CARTESIAN_POINT ( 'NONE',  ( 1216.996608262652899, 505.0265471735580149, 67.58892131414579296 ) ) ;
#58 = CARTESIAN_POINT ( 'NONE',  ( 1056.210479078919889, 245.7858437127556499, -24.66513268561913463 ) ) ;
#59 = CARTESIAN_POINT ( 'NONE',  ( 1440.993707354237131, 840.1613410590492776, -54.27231276715666297 ) ) ;
#60 = CARTESIAN_POINT ( 'NONE',  ( 1443.188896080552240, 907.4306692709541267, -35.02381306713358100 ) ) ;
#61 = CARTESIAN_POINT ( 'NONE',  ( 618.4269998453884227, 17.34477490217065920, 15.34867535870459498 ) ) ;
#62 = CARTESIAN_POINT ( 'NONE',  ( 733.5545140830857918, 46.71356222310650708, -14.20303771239407631 ) ) ;
#63 = CARTESIAN_POINT ( 'NONE',  ( 1430.313015581866466, 740.1122419713925638, -102.0995530493172794 ) ) ;
#64 = CARTESIAN_POINT ( 'NONE',  ( 579.4824659847653265, -3.689222155035072337, -26.07593200619211160 ) ) ;
#65 = CARTESIAN_POINT ( 'NONE',  ( 1001.841526449827711, 222.0290741225195177, 14.73938384496993770 ) ) ;
#66 = CARTESIAN_POINT ( 'NONE',  ( 1211.591292440391953, 519.0520269958088875, 84.76440606862145444 ) ) ;
#67 = CARTESIAN_POINT ( 'NONE',  ( 618.3886529103825751, 19.65412135683050110, 23.66570972555879138 ) ) ;
#68 = CARTESIAN_POINT ( 'NONE',  ( 1157.933986697040609, 320.5238647102683558, -41.76618522769023656 ) ) ;
#69 = CARTESIAN_POINT ( 'NONE',  ( 560.0000000000001137, 5.713105311342203230, 23.44768965177468800 ) ) ;
#70 = CARTESIAN_POINT ( 'NONE',  ( 846.6021007707515764, 91.77847203254098929, -35.95835427818116870 ) ) ;
#71 = CARTESIAN_POINT ( 'NONE',  ( 1242.213648777598564, 593.8476061436316513, 98.76358499954793047 ) ) ;
#72 = CARTESIAN_POINT ( 'NONE',  ( 1325.572422714897584, 807.0642032187190580, 104.9239389108686709 ) ) ;
#73 = CARTESIAN_POINT ( 'NONE',  ( 1386.699216115416448, 694.5613428302194734, -42.56705429354506975 ) ) ;
#74 = CARTESIAN_POINT ( 'NONE',  ( 732.7442400467568859, 58.81647365318816867, 21.98067937965949881 ) ) ;
#75 = CARTESIAN_POINT ( 'NONE',  ( 788.1007138585993061, 91.97565905838592926, 39.97186408703309723 ) ) ;
#76 = CARTESIAN_POINT ( 'NONE',  ( 1110.265282286995671, 272.2083077482296858, -67.22630795898241729 ) ) ;
#77 = CARTESIAN_POINT ( 'NONE',  ( 1430.039960958510846, 962.4570019853824761, 4.756425186391249227 ) ) ;
#78 = CARTESIAN_POINT ( 'NONE',  ( 789.2124396876639594, 80.32255797739531999, 31.09992741597307742 ) ) ;
#79 = CARTESIAN_POINT ( 'NONE',  ( 1445.812391247590540, 903.4453212278862111, -49.67457181219047158 ) ) ;
#80 = CARTESIAN_POINT ( 'NONE',  ( 1005.825487437326501, 203.5341697688912177, 6.531393621803355920 ) ) ;
#81 = CARTESIAN_POINT ( 'NONE',  ( 579.4112013267917973, 6.199662235951622691, 3.223946393409089950 ) ) ;
#82 = CARTESIAN_POINT ( 'NONE',  ( 734.6096459027161245, 31.18574709924843447, -35.65612531511052197 ) ) ;
#83 = CARTESIAN_POINT ( 'NONE',  ( 1043.613699543873508, 296.8761881718929203, 67.13175002409401770 ) ) ;
#84 = CARTESIAN_POINT ( 'NONE',  ( 579.4938954821905099, -5.429262980717773246, -4.212067038762987714 ) ) ;
#85 = CARTESIAN_POINT ( 'NONE',  ( 1334.180305549238483, 791.2185211999797048, 76.36887817058845940 ) ) ;
#86 = CARTESIAN_POINT ( 'NONE',  ( 1250.966487464328338, 416.8058638930248776, -94.09914265933139177 ) ) ;
#87 = CARTESIAN_POINT ( 'NONE',  ( 995.5576185669107190, 251.3764409689288470, 75.03982751077613500 ) ) ;
#88 = CARTESIAN_POINT ( 'NONE',  ( 847.2435276779548303, 86.57316342058634007, -49.32242168528114235 ) ) ;
#89 = FACE_OUTER_BOUND ( 'NONE', #5987, .T. ) ;
#90 = CARTESIAN_POINT ( 'NONE',  ( 1416.788595257979296, 982.0266097375252912, 29.28448991175177696 ) ) ;
#91 = CARTESIAN_POINT ( 'NONE',  ( 559.9999999999990905, 0.8022960958318016145, -3.334477499692701130 ) ) ;
#92 = CARTESIAN_POINT ( 'NONE',  ( 1112.028467620200445, 265.9724407552728280, -53.86629949319794974 ) ) ;
#93 = CARTESIAN_POINT ( 'NONE',  ( 1247.485242175352823, 425.8871289156976445, -53.50076732351568154 ) ) ;
#94 = CARTESIAN_POINT ( 'NONE',  ( 559.9999999999990905, 0.8022960958318016145, -3.334477499692701130 ) ) ;
#95 = CARTESIAN_POINT ( 'NONE',  ( 787.8946822984812570, 94.16782244097771581, 45.78910190160047478 ) ) ;
#96 = CARTESIAN_POINT ( 'NONE',  ( 676.6838137304090424, 17.15265203665948235, -36.69597268548276503 ) ) ;
#97 = CARTESIAN_POINT ( 'NONE',  ( 949.9635455599101306, 185.9199411037087373, 24.07386116457410807 ) ) ;
#98 = CARTESIAN_POINT ( 'NONE',  ( 896.6350387771984742, 154.6899606636450244, 49.83220373368780542 ) ) ;
#99 = CARTESIAN_POINT ( 'NONE',  ( 790.4666663894587373, 66.88196360640344551, -27.31101852092464810 ) ) ;
#100 = CARTESIAN_POINT ( 'NONE',  ( 732.5399349078832074, 61.86729435413480616, 30.23025492887255439 ) ) ;
#101 = CARTESIAN_POINT ( 'NONE',  ( 676.8680687754540486, 13.03634049962238706, -19.86789063831747271 ) ) ;
#102 = CARTESIAN_POINT ( 'NONE',  ( 1042.413973821676336, 301.7558684687220421, 81.84574186264795514 ) ) ;
#103 = CARTESIAN_POINT ( 'NONE',  ( 1058.314011307057172, 237.2528851895586399, -42.97214875647905075 ) ) ;
#104 = CARTESIAN_POINT ( 'NONE',  ( 1401.814973165512811, 666.7245581329075321, -97.54382084802873010 ) ) ;
#105 = CARTESIAN_POINT ( 'NONE',  ( 947.2822098218747442, 200.6222615288015447, 61.78041448195302365 ) ) ;
#106 = CARTESIAN_POINT ( 'NONE',  ( 1371.432733824488878, 949.4747718068181257, 89.78515191004727569 ) ) ;
#107 = CARTESIAN_POINT ( 'NONE',  ( 1109.792998330015735, 273.9728868777312414, -33.37172466083660538 ) ) ;
#108 = CARTESIAN_POINT ( 'NONE',  ( 732.7774848731195334, 58.31994218492695836, 20.60065328188364120 ) ) ;
#109 = CARTESIAN_POINT ( 'NONE',  ( 560.0000000000001137, 6.225886239596543525, 20.24920212307964107 ) ) ;
#110 = CARTESIAN_POINT ( 'NONE',  ( 847.0084865797731482, 88.47687223587043093, -44.94043452717892251 ) ) ;
#111 = CARTESIAN_POINT ( 'NONE',  ( 1403.866306967591754, 1001.110236196708115, 50.73119284728635137 ) ) ;
#112 = CARTESIAN_POINT ( 'NONE',  ( 1181.777553426619988, 434.5974101407226158, 53.00498616061648249 ) ) ;
#113 = CARTESIAN_POINT ( 'NONE',  ( 1362.055855254410744, 611.8149821002748467, -80.91862122331916396 ) ) ;
#114 = CARTESIAN_POINT ( 'NONE',  ( 1341.268229946910424, 653.3209009724527050, 3.070888292797949948 ) ) ;
#115 = CARTESIAN_POINT ( 'NONE',  ( 676.0401128959316566, 32.46289686504917427, 6.977890085733579717 ) ) ;
#116 = CARTESIAN_POINT ( 'NONE',  ( 560.0000000000000000, -8.385321891092976543, -22.20778784305737119 ) ) ;
#117 = CARTESIAN_POINT ( 'NONE',  ( 1427.294368423417836, 745.2708304321049582, -87.56971538413034750 ) ) ;
#118 = CARTESIAN_POINT ( 'NONE',  ( 1327.802206647224011, 802.9574691142873917, 90.94439357467565799 ) ) ;
#119 = CARTESIAN_POINT ( 'NONE',  ( 1358.597284433455798, 862.5131957872250723, 71.69603058013682073 ) ) ;
#120 = CARTESIAN_POINT ( 'NONE',  ( 791.1013823435317818, 60.18969420168487261, -45.64615785759188071 ) ) ;
#121 = CARTESIAN_POINT ( 'NONE',  ( 560.0000000000000000, -5.704336099937824756, 3.573236256289048285 ) ) ;
#122 = CARTESIAN_POINT ( 'NONE',  ( 1269.204970206206099, 671.1249295955751677, 112.1383486357954240 ) ) ;
#123 = CARTESIAN_POINT ( 'NONE',  ( 1276.304432100649819, 655.7377063113258373, 94.31129775900021173 ) ) ;
#124 = CARTESIAN_POINT ( 'NONE',  ( 1291.365639638353969, 477.5040783892442846, -90.84480929519632753 ) ) ;
#125 = CARTESIAN_POINT ( 'NONE',  ( 560.0000000000001137, -6.896501067611391811, 0.6199579403402791788 ) ) ;
#126 = CARTESIAN_POINT ( 'NONE',  ( 1288.459310494067495, 629.3916731288910569, 62.65395374635863845 ) ) ;
#127 = CARTESIAN_POINT ( 'NONE',  ( 952.4136551708600109, 172.5191591991890903, -3.954628669821136810 ) ) ;
#128 = CARTESIAN_POINT ( 'NONE',  ( 734.6317535245140107, 30.89229547916069407, -31.29558151503276875 ) ) ;
#129 = CARTESIAN_POINT ( 'NONE',  ( 903.5086204988787131, 109.6468039486625656, -37.02309823263853872 ) ) ;
#130 = CARTESIAN_POINT ( 'NONE',  ( 897.1564645369109030, 151.2044562851697265, 29.52699549813480928 ) ) ;
#131 = CARTESIAN_POINT ( 'NONE',  ( 1390.975289515493614, 986.7312127189284183, 63.34558482115673428 ) ) ;
#132 = CARTESIAN_POINT ( 'NONE',  ( 845.4790856950487523, 100.9221160339594974, -10.71937670391657349 ) ) ;
#133 = CARTESIAN_POINT ( 'NONE',  ( 1402.085740292102400, 1003.739775838391211, 50.08686084421464102 ) ) ;
#134 = CARTESIAN_POINT ( 'NONE',  ( 1010.939390997765940, 179.5839210455485215, -72.65687631801910129 ) ) ;
#135 = CARTESIAN_POINT ( 'NONE',  ( 1256.724897960886665, 559.4958201533413558, 42.42639206103147842 ) ) ;
#136 = CARTESIAN_POINT ( 'NONE',  ( 1248.137766035124969, 579.8336324610307884, 82.56689698940878941 ) ) ;
#137 = CARTESIAN_POINT ( 'NONE',  ( 1282.431747983336663, 498.6514488955731963, -51.84843055254339106 ) ) ;
#138 = CARTESIAN_POINT ( 'NONE',  ( 1045.098077341900989, 290.8568430062596235, 57.35103491577864787 ) ) ;
#139 = CARTESIAN_POINT ( 'NONE',  ( 903.0973078412430368, 112.3589712941576693, -26.60262112635437504 ) ) ;
#140 = CARTESIAN_POINT ( 'NONE',  ( 1042.571498402678117, 301.1198828280340649, 81.52620393884920702 ) ) ;
#141 = CC_DESIGN_APPROVAL ( #433, ( #6136 ) ) ;
#142 = CARTESIAN_POINT ( 'NONE',  ( 1282.431747983336663, 498.6514488955731963, -51.84843055254339106 ) ) ;
#143 = CARTESIAN_POINT ( 'NONE',  ( 848.1664068894311868, 79.12325239602425597, -52.87474906562861321 ) ) ;
#144 = CARTESIAN_POINT ( 'NONE',  ( 618.7165526148381787, 0.6065572367719872515, -30.90584140928285706 ) ) ;
#145 = CARTESIAN_POINT ( 'NONE',  ( 675.8606934352917506, 36.95487298060934478, 32.33642692277054209 ) ) ;
#146 = CARTESIAN_POINT ( 'NONE',  ( 1188.953896158295038, 414.0004660586000114, 4.052828441707654328 ) ) ;
#147 = CARTESIAN_POINT ( 'NONE',  ( 560.0000000000003411, 3.561674413216058266, 20.25027283838997505 ) ) ;
#148 = CARTESIAN_POINT ( 'NONE',  ( 791.6513846185101784, 54.55322546533643902, -23.62663318071408014 ) ) ;
#149 = CARTESIAN_POINT ( 'NONE',  ( 1094.016302876748568, 330.2956939244576802, 41.83802837398218344 ) ) ;
#150 = CARTESIAN_POINT ( 'NONE',  ( 996.5653207560487772, 246.6528959995592629, 59.87106312369899541 ) ) ;
#151 = CARTESIAN_POINT ( 'NONE',  ( 790.8225463271203353, 63.11900244856254005, -38.53923582540963366 ) ) ;
#152 = CARTESIAN_POINT ( 'NONE',  ( 1432.881502048395078, 958.2606160582801067, -7.871395406762734304 ) ) ;
#153 = CARTESIAN_POINT ( 'NONE',  ( 676.2410711574469815, 27.97322441789547653, 18.67587890628252012 ) ) ;
#154 = CARTESIAN_POINT ( 'NONE',  ( 846.7994091418297558, 90.17467834148862948, -40.45797069170187399 ) ) ;
#155 = CARTESIAN_POINT ( 'NONE',  ( 1431.755774058600764, 959.9230903793226162, 1.399935455775054072 ) ) ;
#156 = CARTESIAN_POINT ( 'NONE',  ( 1142.907328137488321, 368.3373295762537509, 19.07206222351996416 ) ) ;
#157 = CARTESIAN_POINT ( 'NONE',  ( 848.2216130374820295, 78.70741338433934686, -48.93410071352558077 ) ) ;
#158 = CARTESIAN_POINT ( 'NONE',  ( 842.4282034619959632, 125.7686716056029326, 47.22830189677691948 ) ) ;
#159 = CARTESIAN_POINT ( 'NONE',  ( 896.2283736321155629, 157.2961747859361594, 42.09284951912117378 ) ) ;
#160 = CARTESIAN_POINT ( 'NONE',  ( 618.6311394379000603, 5.356507127570418803, -28.76998714256050249 ) ) ;
#161 = CARTESIAN_POINT ( 'NONE',  ( 953.3448774710512907, 167.5399953077119903, 14.02059170869529225 ) ) ;
#162 = CARTESIAN_POINT ( 'NONE',  ( 946.3229966184654813, 205.8529697796274434, 68.72273159911537732 ) ) ;
#163 = CARTESIAN_POINT ( 'NONE',  ( 676.0136074477755983, 33.34673861444792919, 27.20431910284360555 ) ) ;
#164 = CARTESIAN_POINT ( 'NONE',  ( 1291.701856380420168, 476.7079934103815617, -92.53663203339644383 ) ) ;
#165 = CARTESIAN_POINT ( 'NONE',  ( 579.4170092845030240, 5.402588392242187787, -0.2480255208739511052 ) ) ;
#166 = CARTESIAN_POINT ( 'NONE',  ( 1220.605454942095548, 495.6619584955544724, 55.64527580167248999 ) ) ;
#167 = CARTESIAN_POINT ( 'NONE',  ( 1416.887503828149647, 878.0444888628494482, -8.790179638566595344 ) ) ;
#168 = CARTESIAN_POINT ( 'NONE',  ( 1062.644079255155930, 219.7658479996962058, -55.72228278571908788 ) ) ;
#169 = CARTESIAN_POINT ( 'NONE',  ( 1062.644079255155930, 219.7658479996962058, -55.72228278571908788 ) ) ;
#170 = CARTESIAN_POINT ( 'NONE',  ( 560.0000000000001137, 3.865098188793242073, 10.66587456604786155 ) ) ;
#171 = CARTESIAN_POINT ( 'NONE',  ( 995.3771716106085705, 252.2023142278034129, 71.28003926617186892 ) ) ;
#172 = CARTESIAN_POINT ( 'NONE',  ( 579.4258184525493789, 4.193700552521466562, -5.446094667632966235 ) ) ;
#173 = CARTESIAN_POINT ( 'NONE',  ( 1298.045787838602791, 739.5392132194024271, 102.5954624164102285 ) ) ;
#174 = CARTESIAN_POINT ( 'NONE',  ( 1295.227790036301485, 468.3673660408690580, -104.9548039671271624 ) ) ;
#175 = CARTESIAN_POINT ( 'NONE',  ( 1398.418389641890599, 907.0688845924073576, 29.89140219057541970 ) ) ;
#176 = CARTESIAN_POINT ( 'NONE',  ( 579.4138325849090734, 5.707713542682236074, 18.97553560394021233 ) ) ;
#177 = CARTESIAN_POINT ( 'NONE',  ( 1281.588730970611778, 500.6470624190152421, -48.34711109127641038 ) ) ;
#178 = CARTESIAN_POINT ( 'NONE',  ( 579.3795534929228097, 10.53713310273208492, 20.94907915523085506 ) ) ;
#179 = CARTESIAN_POINT ( 'NONE',  ( 1387.866274046389435, 692.4127029658462789, -46.20952712802927209 ) ) ;
#180 = CARTESIAN_POINT ( 'NONE',  ( 788.0153989128858711, 92.93110242978238489, 48.79990631165790660 ) ) ;
#181 = CARTESIAN_POINT ( 'NONE',  ( 1319.813579162396763, 561.3856346814260405, -53.01857784915886640 ) ) ;
#182 = CARTESIAN_POINT ( 'NONE',  ( 1453.309532959210856, 892.0598835011797973, -65.20516766406144882 ) ) ;
#183 = CARTESIAN_POINT ( 'NONE',  ( 1295.692877091105629, 467.2783540413909122, -100.3182576789996432 ) ) ;
#184 = CARTESIAN_POINT ( 'NONE',  ( 1242.213648777598564, 593.8476061436316513, 98.76358499954793047 ) ) ;
#185 = CARTESIAN_POINT ( 'NONE',  ( 1441.385058668405236, 945.7025694906694753, -18.77006108789635519 ) ) ;
#186 = CARTESIAN_POINT ( 'NONE',  ( 579.3915822163775147, 8.887230158144257430, 14.46542677872174210 ) ) ;
#187 = CARTESIAN_POINT ( 'NONE',  ( 1301.295581448234771, 733.0551635903527767, 93.64717812255352669 ) ) ;
#188 = CARTESIAN_POINT ( 'NONE',  ( 676.4682099097009313, 22.19965727855462845, -28.78798882713375917 ) ) ;
#189 = CARTESIAN_POINT ( 'NONE',  ( 733.3442376006501036, 50.06685926366157702, 21.94028218980963985 ) ) ;
#190 = CARTESIAN_POINT ( 'NONE',  ( 1394.055329205274802, 681.0033642383176584, -81.46926988032264205 ) ) ;
#191 = CARTESIAN_POINT ( 'NONE',  ( 1304.546207525760110, 594.5187584105013912, 16.62725879600741408 ) ) ;
#192 = CARTESIAN_POINT ( 'NONE',  ( 1143.998218823529896, 364.8617267042207004, 13.29847066014699664 ) ) ;
#193 = CARTESIAN_POINT ( 'NONE',  ( 1451.960239829717466, 930.0851492253445940, -46.27634769799259118 ) ) ;
#194 = CARTESIAN_POINT ( 'NONE',  ( 579.3743021650257106, 11.25264063895222577, 23.46807889570406047 ) ) ;
#195 = CARTESIAN_POINT ( 'NONE',  ( 1360.286198974182980, 859.6310962897713353, 68.17613647865202609 ) ) ;
#196 = CARTESIAN_POINT ( 'NONE',  ( 1449.767916530239745, 897.4378748537774300, -59.51150640908758760 ) ) ;
#197 = CARTESIAN_POINT ( 'NONE',  ( 1145.783928398430362, 359.2264778055499050, 25.31005784188884178 ) ) ;
#198 = CARTESIAN_POINT ( 'NONE',  ( 1346.019128208132315, 883.9805494002910109, 105.0475359432336262 ) ) ;
#199 = CARTESIAN_POINT ( 'NONE',  ( 1174.807359233341458, 454.5563685500215456, 78.29053045985243386 ) ) ;
#200 = CARTESIAN_POINT ( 'NONE',  ( 734.0929701806858247, 38.71631340274765876, -38.55294992335613813 ) ) ;
#201 = CARTESIAN_POINT ( 'NONE',  ( 1268.135093389413214, 532.4909138351332558, 2.730141738791107997 ) ) ;
#202 = CARTESIAN_POINT ( 'NONE',  ( 1049.430418206809691, 273.3423244696819552, 45.62712223559228875 ) ) ;
#203 = CARTESIAN_POINT ( 'NONE',  ( 1190.701370603759187, 408.9930599268683409, -4.149122863922587001 ) ) ;
#204 = CARTESIAN_POINT ( 'NONE',  ( 848.2118069965372342, 78.82598978224139330, -39.35833271750860973 ) ) ;
#205 = CARTESIAN_POINT ( 'NONE',  ( 1112.028467620200445, 265.9724407552728280, -53.86629949319794974 ) ) ;
#206 = CARTESIAN_POINT ( 'NONE',  ( 1180.642276984969158, 437.8165416973985202, 41.52585886760572720 ) ) ;
#207 = CARTESIAN_POINT ( 'NONE',  ( 1346.479695244167260, 883.1925781342430355, 100.0453861429091944 ) ) ;
#208 = CARTESIAN_POINT ( 'NONE',  ( 1054.278075846408683, 253.6239737435925861, -9.243028468085928040 ) ) ;
#209 = CARTESIAN_POINT ( 'NONE',  ( 1129.432892514438663, 411.2643720559764802, 85.99430416431381730 ) ) ;
#210 = CARTESIAN_POINT ( 'NONE',  ( 1162.314305309627571, 306.5204108839868127, -91.21136936394789529 ) ) ;
#211 = CARTESIAN_POINT ( 'NONE',  ( 579.4008334241126477, 7.619277647435848344, 9.281339151601970983 ) ) ;
#212 = CARTESIAN_POINT ( 'NONE',  ( 560.0000000000009095, 0.9427413418535425249, 16.25855457974424212 ) ) ;
#213 = CARTESIAN_POINT ( 'NONE',  ( 901.1641687575025799, 124.8947000969620973, -31.71459728875251116 ) ) ;
#214 = CARTESIAN_POINT ( 'NONE',  ( 1397.952171065084940, 976.1346397290977848, 49.50826900820518262 ) ) ;
#215 = CARTESIAN_POINT ( 'NONE',  ( 618.7689626344624685, -1.971160893920121948, -18.56959492327219508 ) ) ;
#216 = CARTESIAN_POINT ( 'NONE',  ( 1129.154673896287932, 412.1614543026072397, 94.14971067075629207 ) ) ;
#217 = CARTESIAN_POINT ( 'NONE',  ( 1242.908044613703396, 437.7304277613388308, -53.46385668111003753 ) ) ;
#218 = CARTESIAN_POINT ( 'NONE',  ( 1209.391065222046109, 355.4584340265373044, -94.56613915723877994 ) ) ;
#219 = CARTESIAN_POINT ( 'NONE',  ( 791.7189877185199975, 53.71817768363423085, -46.47982611890574844 ) ) ;
#220 = CARTESIAN_POINT ( 'NONE',  ( 1302.255276296397597, 731.1477329299711982, 101.0023928481859770 ) ) ;
#221 = CARTESIAN_POINT ( 'NONE',  ( 791.7118116010589119, 53.90519328640078811, -26.94674716468460574 ) ) ;
#222 = CARTESIAN_POINT ( 'NONE',  ( 896.5898766533840671, 154.9235348757548252, 37.28471277999728528 ) ) ;
#223 = CARTESIAN_POINT ( 'NONE',  ( 1343.687062153510169, 648.4948034923247633, -3.844406990533924429 ) ) ;
#224 = CARTESIAN_POINT ( 'NONE',  ( 1088.399995170301736, 350.3694956535661049, 73.27718769724027936 ) ) ;
#225 = CARTESIAN_POINT ( 'NONE',  ( 1060.174660478466421, 229.7066094202556883, -60.14561129509827708 ) ) ;
#226 = DATE_AND_TIME ( #6804, #3263 ) ;
#227 = CARTESIAN_POINT ( 'NONE',  ( 618.5633304872093277, 9.975695887063741552, 15.73179894205429719 ) ) ;
#228 = CARTESIAN_POINT ( 'NONE',  ( 1008.485636094161237, 191.0180088474379261, -51.72880111436392525 ) ) ;
#229 = CARTESIAN_POINT ( 'NONE',  ( 953.7838142696998602, 165.1433433937137067, 9.891511609101112157 ) ) ;
#230 = CARTESIAN_POINT ( 'NONE',  ( 1351.254529106409564, 759.7921385134214916, 35.78403602071729495 ) ) ;
#231 = CARTESIAN_POINT ( 'NONE',  ( 560.0000000000002274, -8.761640027015726417, -21.49654383611663633 ) ) ;
#232 = CARTESIAN_POINT ( 'NONE',  ( 1302.631899174315777, 730.3892596253242573, 90.77585749825162509 ) ) ;
#233 = CARTESIAN_POINT ( 'NONE',  ( 1408.423164391851287, 994.3806722868085899, 38.58640409146542538 ) ) ;
#234 = CARTESIAN_POINT ( 'NONE',  ( 734.0929701806858247, 38.71631340274765876, -38.55294992335613813 ) ) ;
#235 = CARTESIAN_POINT ( 'NONE',  ( 618.6417060441241347, 5.504457784089312966, 7.129799257345406538 ) ) ;
#236 = CARTESIAN_POINT ( 'NONE',  ( 995.4855440304618241, 251.7111572081873874, 75.29965404113663396 ) ) ;
#237 = CARTESIAN_POINT ( 'NONE',  ( 618.4742215895940944, 15.03750517782287233, 23.98725864898294802 ) ) ;
#238 = CARTESIAN_POINT ( 'NONE',  ( 1447.683579101431860, 900.6034812937975857, -54.20793909109285380 ) ) ;
#239 = CARTESIAN_POINT ( 'NONE',  ( 951.0952483163307534, 179.8194420145252934, 33.54103349175948523 ) ) ;
#240 = CARTESIAN_POINT ( 'NONE',  ( 1428.634073912575332, 929.5351387276963351, -10.59563017237015892 ) ) ;
#241 = CARTESIAN_POINT ( 'NONE',  ( 1160.618654068927299, 311.9600371568007517, -63.81247293751874139 ) ) ;
#242 = CARTESIAN_POINT ( 'NONE',  ( 903.6800448450640033, 108.5098638935586024, -43.38582024297654272 ) ) ;
#243 = CARTESIAN_POINT ( 'NONE',  ( 896.8744052366944288, 153.0559221834783159, 33.40823111748257901 ) ) ;
#244 = CARTESIAN_POINT ( 'NONE',  ( 560.0000000000001137, 5.960937749776763717, 23.66099803156614811 ) ) ;
#245 = CARTESIAN_POINT ( 'NONE',  ( 791.7997610147806427, 52.92066757798946952, -39.55498833468986675 ) ) ;
#246 = CARTESIAN_POINT ( 'NONE',  ( 1102.315541964386739, 300.6282485649022078, -9.639880974861529950 ) ) ;
#247 = CARTESIAN_POINT ( 'NONE',  ( 842.2121347756734622, 127.5421375652788214, 53.78009521149643746 ) ) ;
#248 = CARTESIAN_POINT ( 'NONE',  ( 1253.449376532576252, 410.3699199714881729, -101.5049169440050463 ) ) ;
#249 = CARTESIAN_POINT ( 'NONE',  ( 732.9082464490073789, 56.36666138344864407, 15.06494948960397906 ) ) ;
#250 = CARTESIAN_POINT ( 'NONE',  ( 618.4846147953470563, 14.44797090275621620, 23.09315336716611000 ) ) ;
#251 = CARTESIAN_POINT ( 'NONE',  ( 1385.824464244934234, 696.1567916232303332, -56.07141043496437760 ) ) ;
#252 = CARTESIAN_POINT ( 'NONE',  ( 675.7560761732906940, 39.31383293861607342, 28.65714613453886983 ) ) ;
#253 = CARTESIAN_POINT ( 'NONE',  ( 901.2792280446623181, 124.1394493239074279, -33.73137902463870574 ) ) ;
#254 = CARTESIAN_POINT ( 'NONE',  ( 791.6269262781712541, 54.66550337564586926, -47.77140121330651823 ) ) ;
#255 = CARTESIAN_POINT ( 'NONE',  ( 1011.644310715567940, 176.3331499740133665, -69.26560436634642315 ) ) ;
#256 = CARTESIAN_POINT ( 'NONE',  ( 1404.848784358979401, 999.6593142608631979, 49.36884464891559077 ) ) ;
#257 = CARTESIAN_POINT ( 'NONE',  ( 1436.363237675112941, 847.4400825886284565, -41.79545725393317923 ) ) ;
#258 = CARTESIAN_POINT ( 'NONE',  ( 579.3900039489599294, 9.103223590228770590, 15.32911145296355393 ) ) ;
#259 = CARTESIAN_POINT ( 'NONE',  ( 1438.454818290167168, 950.0299464658045281, -12.28649585596097182 ) ) ;
#260 = CARTESIAN_POINT ( 'NONE',  ( 732.3422279002887763, 64.81858535285535083, 37.60638150133627988 ) ) ;
#261 = CARTESIAN_POINT ( 'NONE',  ( 1247.701673736219618, 425.2828685824739523, -77.25204941930708458 ) ) ;
#262 = CARTESIAN_POINT ( 'NONE',  ( 1445.833431329114774, 939.1332158049624468, -35.96553981911262809 ) ) ;
#263 = CARTESIAN_POINT ( 'NONE',  ( 1181.020348300266278, 436.7657471515259999, 55.85437376118497355 ) ) ;
#264 = CARTESIAN_POINT ( 'NONE',  ( 733.8369496462664756, 42.50356334270912129, -28.26323095314313250 ) ) ;
#265 = CARTESIAN_POINT ( 'NONE',  ( 1238.266821365557689, 449.8243466640200268, -9.824246534970342282 ) ) ;
#266 = CARTESIAN_POINT ( 'NONE',  ( 1294.577987727322579, 616.1067150341278875, 30.21691542277873310 ) ) ;
#267 = CARTESIAN_POINT ( 'NONE',  ( 1113.794236326194778, 259.6358372953238813, -78.64912076220264225 ) ) ;
#268 = CARTESIAN_POINT ( 'NONE',  ( 1393.059673508533933, 983.5654018606519458, 57.92843851894073026 ) ) ;
#269 = CARTESIAN_POINT ( 'NONE',  ( 1211.574940798670923, 519.0796911574263959, 73.35140568532663963 ) ) ;
#270 = CARTESIAN_POINT ( 'NONE',  ( 956.8331035744716928, 148.3608952738017024, -61.25537026872697766 ) ) ;
#271 = CARTESIAN_POINT ( 'NONE',  ( 845.7896113629417414, 98.55660282087474400, 14.22500954225472469 ) ) ;
#272 = CARTESIAN_POINT ( 'NONE',  ( 1390.683330606423169, 987.1755153741711410, 68.07047386368294895 ) ) ;
#273 = CARTESIAN_POINT ( 'NONE',  ( 1359.642044992265710, 860.7368579467432710, 79.37283122388234347 ) ) ;
#274 = CARTESIAN_POINT ( 'NONE',  ( 1110.856638868819573, 270.0957488577171830, -71.48200070350995361 ) ) ;
#275 = CARTESIAN_POINT ( 'NONE',  ( 1348.785147430986399, 764.3460907581916217, 54.86169388483863685 ) ) ;
#276 = CARTESIAN_POINT ( 'NONE',  ( 560.0000000000000000, 5.837343491770187853, 19.20152766868872973 ) ) ;
#277 = CARTESIAN_POINT ( 'NONE',  ( 1206.196771117840854, 364.6347378451655459, -64.21220715932140877 ) ) ;
#278 = CARTESIAN_POINT ( 'NONE',  ( 903.5719523765463919, 109.2276327724884908, -39.12835710503229336 ) ) ;
#279 = CARTESIAN_POINT ( 'NONE',  ( 1217.090975310469503, 504.7600668245313500, 53.21526850444271162 ) ) ;
#280 = CARTESIAN_POINT ( 'NONE',  ( 995.3240764113855903, 252.4575514837315495, 74.72374069662237162 ) ) ;
#281 = CARTESIAN_POINT ( 'NONE',  ( 1424.599712775683429, 935.6624647413939329, -2.233959650118587881 ) ) ;
#282 = CARTESIAN_POINT ( 'NONE',  ( 1268.917654663463509, 671.7443651526907615, 109.0773446033910972 ) ) ;
#283 = CARTESIAN_POINT ( 'NONE',  ( 1043.818590558450069, 296.0705062380642403, 74.89982829613906290 ) ) ;
#284 = CARTESIAN_POINT ( 'NONE',  ( 560.0000000000004547, -5.560633198143920097, -23.22771258727883392 ) ) ;
#285 = CARTESIAN_POINT ( 'NONE',  ( 732.8562612204171955, 57.28076317377016835, 32.97431207609841408 ) ) ;
#286 = CARTESIAN_POINT ( 'NONE',  ( 1428.612036439118356, 859.6179633262935340, -34.96553913374341249 ) ) ;
#287 = CARTESIAN_POINT ( 'NONE',  ( 1244.317346619687896, 588.8590709341157208, 82.83727373874161515 ) ) ;
#288 = CARTESIAN_POINT ( 'NONE',  ( 995.6392599818291274, 250.9969227051035432, 74.65383969719809443 ) ) ;
#289 = CARTESIAN_POINT ( 'NONE',  ( 1440.638960490372256, 946.8044067668156458, -24.20660433714663640 ) ) ;
#290 = CARTESIAN_POINT ( 'NONE',  ( 903.7310026941540855, 108.1117367445691286, -59.33019346837455288 ) ) ;
#291 = CARTESIAN_POINT ( 'NONE',  ( 676.7647599948129482, 15.25239209918065697, -36.09056111397839572 ) ) ;
#292 = CARTESIAN_POINT ( 'NONE',  ( 951.9221501680941628, 175.2074754931758207, 1.824600808258843854 ) ) ;
#293 = CARTESIAN_POINT ( 'NONE',  ( 618.4312558247014522, 17.47076821269206093, 27.53638621525264440 ) ) ;
#294 = CARTESIAN_POINT ( 'NONE',  ( 843.2246303723704841, 119.2847762508843061, 33.52860617949432509 ) ) ;
#295 = CARTESIAN_POINT ( 'NONE',  ( 1315.329692745382317, 571.1391286486849594, -17.59456037859684230 ) ) ;
#296 = CARTESIAN_POINT ( 'NONE',  ( 732.3595890269704114, 64.55804387878959005, 36.90935571034206220 ) ) ;
#297 = CARTESIAN_POINT ( 'NONE',  ( 1325.984634940360365, 548.0022929895073958, -76.60767693520017474 ) ) ;
#298 = CARTESIAN_POINT ( 'NONE',  ( 1096.918586691832161, 319.9713023364202513, 43.34598405842285018 ) ) ;
#299 = CARTESIAN_POINT ( 'NONE',  ( 1203.144831668654888, 373.3333508104229281, -68.99201967870487806 ) ) ;
#300 = CARTESIAN_POINT ( 'NONE',  ( 1430.911095709672963, 926.0778670244309296, -6.609800061092952816 ) ) ;
#301 = CARTESIAN_POINT ( 'NONE',  ( 789.0463059960518422, 81.94714022833767331, 15.15017806072883388 ) ) ;
#302 = CARTESIAN_POINT ( 'NONE',  ( 618.7231482004585814, 0.2528113934021721798, -30.60532217887623574 ) ) ;
#303 = CARTESIAN_POINT ( 'NONE',  ( 1130.258005244763808, 408.6342890612875181, 80.70367784054319316 ) ) ;
#304 = CARTESIAN_POINT ( 'NONE',  ( 1397.952171065084940, 976.1346397290977848, 49.50826900820518262 ) ) ;
#305 = CARTESIAN_POINT ( 'NONE',  ( 1159.623586981400422, 315.0776478760561190, -80.56284507421071339 ) ) ;
#306 = CARTESIAN_POINT ( 'NONE',  ( 1448.788373265395649, 827.9067264146896150, -78.05751569338536910 ) ) ;
#307 = CARTESIAN_POINT ( 'NONE',  ( 1401.446290257725877, 1004.684115209330912, 55.26426020724979793 ) ) ;
#308 = CARTESIAN_POINT ( 'NONE',  ( 1400.256598209192816, 972.6357079761327213, 51.58434096998259832 ) ) ;
#309 = CARTESIAN_POINT ( 'NONE',  ( 1248.761458245532140, 422.5316004191784600, -82.42490895329524392 ) ) ;
#310 = CARTESIAN_POINT ( 'NONE',  ( 1395.549343579733659, 911.5806647558238183, 45.95256925672256187 ) ) ;
#311 = CARTESIAN_POINT ( 'NONE',  ( 1003.538220266541316, 214.1097090709116628, -0.9391678797028384373 ) ) ;
#312 = CARTESIAN_POINT ( 'NONE',  ( 848.2434612056554215, 78.55008457034394098, -44.13150475843359288 ) ) ;
#313 = CARTESIAN_POINT ( 'NONE',  ( 1363.340948203260723, 609.2714910464821969, -69.38537241192021554 ) ) ;
#314 = CARTESIAN_POINT ( 'NONE',  ( 618.4223012344604058, 17.62752327584824741, 16.38809170975029161 ) ) ;
#315 = CARTESIAN_POINT ( 'NONE',  ( 618.3732290328432555, 20.74141263648683875, 31.99389735035770954 ) ) ;
#316 = CARTESIAN_POINT ( 'NONE',  ( 958.1934566550264663, 141.0047039354499248, -53.41381645530063338 ) ) ;
#317 = CARTESIAN_POINT ( 'NONE',  ( 1053.179044683083021, 258.0818027118493774, -0.7317054575167286634 ) ) ;
#318 = CARTESIAN_POINT ( 'NONE',  ( 579.3779124326905503, 10.71868197498540454, 26.33862204854745315 ) ) ;
#319 = CARTESIAN_POINT ( 'NONE',  ( 1393.576042216507858, 982.7822278564615317, 62.83048957008973190 ) ) ;
#320 = CARTESIAN_POINT ( 'NONE',  ( 1369.126369660687715, 597.7044661800650829, -105.2669717007739223 ) ) ;
#321 = CARTESIAN_POINT ( 'NONE',  ( 897.5710592693330909, 148.5662544476851963, 41.43272417370913985 ) ) ;
#322 = CARTESIAN_POINT ( 'NONE',  ( 1240.053177646982704, 445.1435887993104075, -40.04380644758702346 ) ) ;
#323 = CARTESIAN_POINT ( 'NONE',  ( 1369.875897783108030, 951.9211630717018124, 92.70006442368536170 ) ) ;
#324 = CARTESIAN_POINT ( 'NONE',  ( 954.6960788987167916, 160.0356279680302123, -32.41450249301298925 ) ) ;
#325 = CARTESIAN_POINT ( 'NONE',  ( 1335.565598379976564, 527.2351698227723773, -108.4253877372524073 ) ) ;
#326 = CARTESIAN_POINT ( 'NONE',  ( 1371.503604133750969, 592.9687599240111240, -107.9379299223242441 ) ) ;
#327 = CARTESIAN_POINT ( 'NONE',  ( 1406.153679325834446, 894.9130319643542180, 13.98005257086933995 ) ) ;
#328 = CARTESIAN_POINT ( 'NONE',  ( 1172.425187822527960, 461.3769257593040152, 86.41662176401791839 ) ) ;
#329 = CARTESIAN_POINT ( 'NONE',  ( 1214.563191570531444, 511.3222849671448103, 62.56751420228588501 ) ) ;
#330 = CARTESIAN_POINT ( 'NONE',  ( 734.4077640271310656, 34.29657397249481221, -11.09323102293250329 ) ) ;
#331 = CARTESIAN_POINT ( 'NONE',  ( 996.1195564663088362, 248.7322196072970542, 62.95130364474250939 ) ) ;
#332 = CARTESIAN_POINT ( 'NONE',  ( 901.7390120088244885, 121.1228715785019432, -41.78909591612686114 ) ) ;
#333 = PERSON_AND_ORGANIZATION_ROLE ( 'classification_officer' ) ;
#334 = CARTESIAN_POINT ( 'NONE',  ( 676.3721575981770684, 24.87244693365344617, 13.18597326817740445 ) ) ;
#335 = CARTESIAN_POINT ( 'NONE',  ( 1157.039085279153142, 323.3101150725968296, -63.31451353557535100 ) ) ;
#336 = CARTESIAN_POINT ( 'NONE',  ( 1007.459134569281105, 195.9161539509433112, -7.307218275911594674 ) ) ;
#337 = CARTESIAN_POINT ( 'NONE',  ( 1349.438112324144868, 763.1354732768124904, 40.22673867884081744 ) ) ;
#338 = CARTESIAN_POINT ( 'NONE',  ( 1370.356244674505433, 595.2610341236971863, -101.4954020551122795 ) ) ;
#339 = CARTESIAN_POINT ( 'NONE',  ( 1241.221221600816307, 596.1855451550371754, 91.76914191136270915 ) ) ;
#340 = CARTESIAN_POINT ( 'NONE',  ( 1277.601154110851212, 652.9152018812377491, 80.01380512944319889 ) ) ;
#341 = CARTESIAN_POINT ( 'NONE',  ( 1448.125830370516951, 899.9318170980491232, -55.30557013617397644 ) ) ;
#342 = CARTESIAN_POINT ( 'NONE',  ( 788.1253229014274666, 91.77527689692912816, 47.10581626633452856 ) ) ;
#343 = CARTESIAN_POINT ( 'NONE',  ( 1136.442500072570738, 388.9659125057381175, 65.91226283015825516 ) ) ;
#344 = CARTESIAN_POINT ( 'NONE',  ( 1447.222688783194144, 901.3034420614908413, -53.08281032244836695 ) ) ;
#345 = CC_DESIGN_PERSON_AND_ORGANIZATION_ASSIGNMENT ( #4088, #6295, ( #6136 ) ) ;
#346 = CARTESIAN_POINT ( 'NONE',  ( 676.4219433984075067, 23.69375029434015900, 10.95668674768353767 ) ) ;
#347 = CARTESIAN_POINT ( 'NONE',  ( 676.1285285873683506, 30.33115457718088592, -0.2830692284538402492 ) ) ;
#348 = CARTESIAN_POINT ( 'NONE',  ( 618.7549104419264268, -1.365749319861889965, -26.59984152096690480 ) ) ;
#349 = CARTESIAN_POINT ( 'NONE',  ( 1207.493071661699105, 360.9142464568827791, -74.64667813238840210 ) ) ;
#350 = CARTESIAN_POINT ( 'NONE',  ( 1177.858195873280465, 445.7935914331191611, 53.49180568831412330 ) ) ;
#351 = CARTESIAN_POINT ( 'NONE',  ( 847.6207986379026806, 83.51896464380820362, -54.13961586451405594 ) ) ;
#352 = CARTESIAN_POINT ( 'NONE',  ( 1207.682628980359823, 360.3698693476889616, -76.34188653400802593 ) ) ;
#353 = CARTESIAN_POINT ( 'NONE',  ( 1335.374178409975002, 665.0604996426711750, 3.111069247217821854 ) ) ;
#354 = CARTESIAN_POINT ( 'NONE',  ( 1042.302989880535506, 302.1998004691943152, 80.17507181064317479 ) ) ;
#355 = CARTESIAN_POINT ( 'NONE',  ( 1405.737075400299545, 998.3474866620184685, 47.99455731386641588 ) ) ;
#356 = CARTESIAN_POINT ( 'NONE',  ( 791.2326953763420079, 58.81269704545920973, -47.78904254457496847 ) ) ;
#357 = CARTESIAN_POINT ( 'NONE',  ( 1336.783533461837806, 786.4331754628869930, 81.37752672732007397 ) ) ;
#358 = CARTESIAN_POINT ( 'NONE',  ( 1057.429110602648962, 240.8424499825425755, -35.09293048588567387 ) ) ;
#359 = CARTESIAN_POINT ( 'NONE',  ( 1129.629080148097728, 410.6534228493447927, 92.82309458331512531 ) ) ;
#360 = CARTESIAN_POINT ( 'NONE',  ( 1057.429110602648962, 240.8424499825425755, -35.09293048588567387 ) ) ;
#361 = CARTESIAN_POINT ( 'NONE',  ( 1335.531686519796722, 527.3095353801471674, -107.7068372574074289 ) ) ;
#362 = CARTESIAN_POINT ( 'NONE',  ( 1253.958361584580643, 409.0561191222095658, -99.59513292175779497 ) ) ;
#363 = CARTESIAN_POINT ( 'NONE',  ( 1051.619041037454281, 264.4093996625375098, 11.13560103725019523 ) ) ;
#364 = CARTESIAN_POINT ( 'NONE',  ( 947.8048599564598362, 197.7715626655399888, 58.35110961540359398 ) ) ;
#365 = CARTESIAN_POINT ( 'NONE',  ( 1249.840051639417652, 575.7894685980860459, 65.14586064911915742 ) ) ;
#366 = CARTESIAN_POINT ( 'NONE',  ( 618.7366025895257735, 0.02628951729794709938, -6.909324366701313558 ) ) ;
#367 = CARTESIAN_POINT ( 'NONE',  ( 1206.340238927377868, 532.6682068535801591, 91.25628127079581020 ) ) ;
#368 = CARTESIAN_POINT ( 'NONE',  ( 1446.907885242610746, 937.5464630045333934, -38.50334195023861383 ) ) ;
#369 = CARTESIAN_POINT ( 'NONE',  ( 1225.012697586869990, 484.2249886763074755, 40.48911887553315125 ) ) ;
#370 = CARTESIAN_POINT ( 'NONE',  ( 1417.824794509381036, 761.4285454955722798, -69.03630671256978246 ) ) ;
#371 = CARTESIAN_POINT ( 'NONE',  ( 1348.445826576818490, 638.9996459452901263, -17.81077771923105502 ) ) ;
#372 = CARTESIAN_POINT ( 'NONE',  ( 844.2504699690599637, 110.9296228783677236, 14.17441332576474089 ) ) ;
#373 = CARTESIAN_POINT ( 'NONE',  ( 958.3152801406288290, 140.3175132797338165, -62.11317243201075655 ) ) ;
#374 = CARTESIAN_POINT ( 'NONE',  ( 1350.551878535323567, 876.2421650695672497, 87.88779798061973736 ) ) ;
#375 = CARTESIAN_POINT ( 'NONE',  ( 732.5056554101628308, 62.37938568966600172, 31.62210849914095334 ) ) ;
#376 = CARTESIAN_POINT ( 'NONE',  ( 1290.998078644492580, 478.3740271195227933, -89.11054550902315441 ) ) ;
#377 = CARTESIAN_POINT ( 'NONE',  ( 1322.633708776393405, 812.4723651488578753, 111.3907386320835258 ) ) ;
#378 = CARTESIAN_POINT ( 'NONE',  ( 1214.245651189809223, 512.1647176493091820, 76.41092171578353032 ) ) ;
#379 = CARTESIAN_POINT ( 'NONE',  ( 734.0318404164687536, 39.61583136984128828, -36.54536028599527953 ) ) ;
#380 = B_SPLINE_CURVE_WITH_KNOTS ( 'NONE', 3,
 ( #6527, #1613, #3887, #6088, #1135, #3783, #3347, #1034, #7110, #4459, #2260, #5545, #592, #6668, #3244, #2735, #2803, #6121, #2157, #4359, #6564, #7145, #2191 ),
 .UNSPECIFIED., .F., .F.,
 ( 4, 1, 1, 1, 1, 1, 1, 1, 1, 1, 1, 1, 1, 1, 1, 1, 1, 1, 1, 1, 4 ),
 ( 0.000000000000000000, 0.04295669535256315535, 0.08645133212412393908, 0.1305121888156670629, 0.1751715408666862372, 0.2204646350818202927, 0.2664299428705811379, 0.3131043331785118844, 0.3605212655992899307, 0.4087117525502556026, 0.4577091803077939502, 0.5075450385227234795, 0.5582493444616600797, 0.6098531417488489703, 0.6623894686296771805, 0.7158939225753808699, 0.7704037567938756270, 0.8259667673672046462, 0.8826454886693977375, 0.9405525772452997257, 1.000000000000000000 ),
 .UNSPECIFIED. ) ;
#381 = CARTESIAN_POINT ( 'NONE',  ( 1225.012697586869990, 484.2249886763074755, 40.48911887553315125 ) ) ;
#382 = CARTESIAN_POINT ( 'NONE',  ( 1335.374178409975002, 665.0604996426711750, 3.111069247217821854 ) ) ;
#383 = CARTESIAN_POINT ( 'NONE',  ( 1398.146653029205936, 673.4823662698826183, -82.05426277721525707 ) ) ;
#384 = CARTESIAN_POINT ( 'NONE',  ( 1423.741737055303929, 751.3383191639287588, -74.65736104418704144 ) ) ;
#385 = CARTESIAN_POINT ( 'NONE',  ( 1136.166225579574302, 389.8135543524680884, 53.28338240050802455 ) ) ;
#386 = CARTESIAN_POINT ( 'NONE',  ( 560.0000000000004547, -5.560633198143920097, -23.22771258727883392 ) ) ;
#387 = CARTESIAN_POINT ( 'NONE',  ( 1331.995044182286165, 534.9897266305939638, -86.09367231629973105 ) ) ;
#388 = CARTESIAN_POINT ( 'NONE',  ( 1390.567874496057584, 987.3500810693395806, 65.03047930399776533 ) ) ;
#389 = CARTESIAN_POINT ( 'NONE',  ( 1274.529093690197215, 659.5854885015813807, 98.53031298636005886 ) ) ;
#390 = CARTESIAN_POINT ( 'NONE',  ( 734.2207518942328761, 36.84774110457502161, -41.86707935599705621 ) ) ;
#391 = CARTESIAN_POINT ( 'NONE',  ( 1403.558531211909667, 967.6206997819892877, 45.84470142744908117 ) ) ;
#392 = CARTESIAN_POINT ( 'NONE',  ( 1380.951158507909895, 705.1284051082457154, -41.80077920137363634 ) ) ;
#393 = CARTESIAN_POINT ( 'NONE',  ( 618.7681898399611100, -1.908020197693210074, -17.49272331063709984 ) ) ;
#394 = CARTESIAN_POINT ( 'NONE',  ( 1369.436288904354797, 952.6119786802983072, 93.35108109618357730 ) ) ;
#395 = CARTESIAN_POINT ( 'NONE',  ( 676.3150887961570561, 25.84483528713922240, -16.05303215596932631 ) ) ;
#396 = CARTESIAN_POINT ( 'NONE',  ( 579.4841033199128333, -3.918241217427259393, -26.03393748030524435 ) ) ;
#397 = CARTESIAN_POINT ( 'NONE',  ( 1063.575646095896445, 215.9511168103612420, -78.06477522286336068 ) ) ;
#398 = CARTESIAN_POINT ( 'NONE',  ( 1188.075406174317095, 416.5177738109738357, 8.144528670217376032 ) ) ;
#399 = CARTESIAN_POINT ( 'NONE',  ( 1405.298102457797995, 998.9957616015708481, 48.66852676862971805 ) ) ;
#400 = CARTESIAN_POINT ( 'NONE',  ( 1334.885365114666683, 789.9208498095289315, 74.76422985385676157 ) ) ;
#401 = CARTESIAN_POINT ( 'NONE',  ( 1346.081417932471140, 643.7174139104618007, -10.80281323851765585 ) ) ;
#402 = CARTESIAN_POINT ( 'NONE',  ( 560.0000000000003411, 6.345393042579337894, 23.11357888552600670 ) ) ;
#403 = CARTESIAN_POINT ( 'NONE',  ( 676.4515442937280341, 22.59261667683971098, -27.58179717511147544 ) ) ;
#404 = CARTESIAN_POINT ( 'NONE',  ( 845.0690052665722760, 104.4034839899708089, 24.11240800516962324 ) ) ;
#405 = CARTESIAN_POINT ( 'NONE',  ( 1155.731696709238122, 327.4758300867327421, -54.68497750131966484 ) ) ;
#406 = CARTESIAN_POINT ( 'NONE',  ( 1378.124645475999387, 710.3461406932937052, -17.65415486944753809 ) ) ;
#407 = CARTESIAN_POINT ( 'NONE',  ( 1410.175649526622237, 957.5696311155659259, 26.53436058229222283 ) ) ;
#408 = CARTESIAN_POINT ( 'NONE',  ( 848.2150222738744105, 78.74723898300662484, -51.10617362378754081 ) ) ;
#409 = CARTESIAN_POINT ( 'NONE',  ( 1172.882202755308072, 460.0504745413886099, 74.23495512970600885 ) ) ;
#410 = CARTESIAN_POINT ( 'NONE',  ( 1009.433240998156180, 186.5986180392498852, -61.79019745126574747 ) ) ;
#411 = CARTESIAN_POINT ( 'NONE',  ( 560.0000000000004547, 4.917761429975439746, 22.20325522322168155 ) ) ;
#412 = CARTESIAN_POINT ( 'NONE',  ( 618.5150763230801658, 12.71903078112383589, 20.36846964468455923 ) ) ;
#413 = CARTESIAN_POINT ( 'NONE',  ( 1448.472763237821255, 935.2354522575410556, -42.15910441253512886 ) ) ;
#414 = CARTESIAN_POINT ( 'NONE',  ( 676.3208603318632868, 26.08631952991309078, 15.39728790091407618 ) ) ;
#415 = CARTESIAN_POINT ( 'NONE',  ( 560.0000000000000000, 2.082939621532374108, 2.599755637866151048 ) ) ;
#416 = CARTESIAN_POINT ( 'NONE',  ( 903.7573500281807810, 107.9909753470682574, -47.69478906642871863 ) ) ;
#417 = CARTESIAN_POINT ( 'NONE',  ( 675.7476793976117051, 39.51609216398791347, 29.25656483386895701 ) ) ;
#418 = CARTESIAN_POINT ( 'NONE',  ( 1250.868147623509913, 417.0960685130083903, -74.26685445326634749 ) ) ;
#419 = CARTESIAN_POINT ( 'NONE',  ( 948.0029412390636026, 196.6420049417560563, 44.97562207226174991 ) ) ;
#420 = CARTESIAN_POINT ( 'NONE',  ( 957.4706428031606720, 144.8812823479557608, -66.12070547818100863 ) ) ;
#421 = CARTESIAN_POINT ( 'NONE',  ( 1368.566894986966417, 598.8356166194361094, -92.44937570192166731 ) ) ;
#422 = CARTESIAN_POINT ( 'NONE',  ( 732.3224515377467014, 65.15325992834596036, 43.16231766955169036 ) ) ;
#423 = CARTESIAN_POINT ( 'NONE',  ( 1302.918383292895896, 729.8250644824777282, 99.56752567100313911 ) ) ;
#424 = CARTESIAN_POINT ( 'NONE',  ( 560.0000000000003411, -5.232069353153972813, -23.01093104846467696 ) ) ;
#425 = CARTESIAN_POINT ( 'NONE',  ( 1047.320672866185532, 281.8875941209317375, 57.16492389757063108 ) ) ;
#426 = CARTESIAN_POINT ( 'NONE',  ( 1439.836677180907145, 947.9892182064179451, -22.44644242291007430 ) ) ;
#427 = CARTESIAN_POINT ( 'NONE',  ( 1360.407877251318496, 615.1267024249405040, -57.97771283963913902 ) ) ;
#428 = CARTESIAN_POINT ( 'NONE',  ( 1297.274164212665028, 741.0835679986454352, 112.9341207624878365 ) ) ;
#429 = CARTESIAN_POINT ( 'NONE',  ( 1436.487740690533201, 917.6071920229602483, -27.65407200134999144 ) ) ;
#430 = CARTESIAN_POINT ( 'NONE',  ( 618.6963069921395117, 1.728794762202598312, -31.44164228283755236 ) ) ;
#431 = CARTESIAN_POINT ( 'NONE',  ( 559.9999999999998863, -6.928114901698927852, -23.29579077443936441 ) ) ;
#432 = CARTESIAN_POINT ( 'NONE',  ( 788.5202795420528901, 87.61354963533817397, 41.50519541977723748 ) ) ;
#433 = APPROVAL ( #4016, 'UNSPECIFIED' ) ;
#434 = CARTESIAN_POINT ( 'NONE',  ( 579.3835501531626733, 9.987971352920265389, 18.76992508001905335 ) ) ;
#435 = CARTESIAN_POINT ( 'NONE',  ( 1408.758513877154428, 776.9182385128722217, -29.87532443521850212 ) ) ;
#436 = CARTESIAN_POINT ( 'NONE',  ( 618.3638146272229505, 21.20306837377964371, 30.32666030829054549 ) ) ;
#437 = CARTESIAN_POINT ( 'NONE',  ( 1440.915579965775805, 840.2792211678752210, -65.07826868707678614 ) ) ;
#438 = CARTESIAN_POINT ( 'NONE',  ( 1353.952929969761726, 754.8361189740498958, 42.94155627075783599 ) ) ;
#439 = CARTESIAN_POINT ( 'NONE',  ( 1008.085833948297818, 192.8835013997859278, -47.26633049234205686 ) ) ;
#440 = CARTESIAN_POINT ( 'NONE',  ( 1436.775066687990829, 917.1717872573685781, -19.44059652113050163 ) ) ;
#441 = CARTESIAN_POINT ( 'NONE',  ( 618.4316689473695305, 17.06386753002182388, 14.30892519744392644 ) ) ;
#442 = CARTESIAN_POINT ( 'NONE',  ( 579.3795534929228097, 10.53713310273208492, 20.94907915523085506 ) ) ;
#443 = CARTESIAN_POINT ( 'NONE',  ( 1290.606323526661527, 479.3012124320451335, -87.34282432601753499 ) ) ;
#444 = CARTESIAN_POINT ( 'NONE',  ( 675.8299618323532059, 37.67926468066607981, 33.26029690219035473 ) ) ;
#445 = CARTESIAN_POINT ( 'NONE',  ( 1385.001480868590761, 928.1546686188397643, 65.54239734487995861 ) ) ;
#446 = CARTESIAN_POINT ( 'NONE',  ( 1363.673631476520086, 608.5863790181559807, -86.54397348515588817 ) ) ;
#447 = CARTESIAN_POINT ( 'NONE',  ( 1053.428087094432840, 257.1471692966202909, 21.89867773410912122 ) ) ;
#448 = CARTESIAN_POINT ( 'NONE',  ( 579.4141076722496564, 5.800872454926532029, 1.488101889712999837 ) ) ;
#449 = CARTESIAN_POINT ( 'NONE',  ( 676.8688356147212062, 12.92675877694524189, -29.31536473773046581 ) ) ;
#450 = CARTESIAN_POINT ( 'NONE',  ( 1043.997349901600273, 295.3207849307533479, 64.85699398480036848 ) ) ;
#451 = CARTESIAN_POINT ( 'NONE',  ( 903.7427815855457993, 108.0897934114223915, -46.62900024977810176 ) ) ;
#452 = CARTESIAN_POINT ( 'NONE',  ( 788.4993579542259567, 87.74876253034588558, 29.81708157185381580 ) ) ;
#453 = CARTESIAN_POINT ( 'NONE',  ( 579.4721399132133683, -2.246033181473207740, -25.69046411936308516 ) ) ;
#454 = CARTESIAN_POINT ( 'NONE',  ( 1450.537569571932863, 896.2697905006633619, -55.81352185446671399 ) ) ;
#455 = CARTESIAN_POINT ( 'NONE',  ( 1238.227290194768102, 603.2748451436344794, 107.5037742581822471 ) ) ;
#456 = CARTESIAN_POINT ( 'NONE',  ( 1394.747319820795383, 981.0032009379586952, 60.82143282172508236 ) ) ;
#457 = CARTESIAN_POINT ( 'NONE',  ( 1206.697543181150650, 363.1529482633339967, -89.86911041319645221 ) ) ;
#458 = CARTESIAN_POINT ( 'NONE',  ( 733.0788284670413759, 53.99108701077650352, 28.13800091504455025 ) ) ;
#459 = CARTESIAN_POINT ( 'NONE',  ( 953.8551619077993564, 164.6351890239088220, -21.37708885442918216 ) ) ;
#460 = CARTESIAN_POINT ( 'NONE',  ( 957.5204766493789066, 144.7122425367049630, -35.83164041632761609 ) ) ;
#461 = CARTESIAN_POINT ( 'NONE',  ( 1402.149681650372258, 1003.645347284472905, 54.15919808828742532 ) ) ;
#462 = CARTESIAN_POINT ( 'NONE',  ( 676.2968204874448475, 26.28311996414031171, -14.42957206659252734 ) ) ;
#463 = CARTESIAN_POINT ( 'NONE',  ( 1011.481271474121741, 177.0725040934510446, -72.71798947499924282 ) ) ;
#464 = CARTESIAN_POINT ( 'NONE',  ( 903.6436330358300211, 108.6736003696163522, -60.05413733778401308 ) ) ;
#465 = CARTESIAN_POINT ( 'NONE',  ( 1426.440958691533979, 967.7720060578328685, 4.927631686539580613 ) ) ;
#466 = CARTESIAN_POINT ( 'NONE',  ( 1243.808893073351328, 590.0739633598965383, 94.56112076018553125 ) ) ;
#467 = CARTESIAN_POINT ( 'NONE',  ( 1134.525658893781838, 395.0398623110485232, 61.25847395450261956 ) ) ;
#468 = CARTESIAN_POINT ( 'NONE',  ( 1410.843004613421499, 773.3600971578375720, -35.49764621545091359 ) ) ;
#469 = CARTESIAN_POINT ( 'NONE',  ( 1204.713897986928714, 536.8945865751744577, 104.0641569315456110 ) ) ;
#470 = CARTESIAN_POINT ( 'NONE',  ( 1299.297156718019323, 737.0420701329886697, 98.16190498797276121 ) ) ;
#471 = CARTESIAN_POINT ( 'NONE',  ( 676.4128449215978662, 23.50964616789780237, -24.56626067359702503 ) ) ;
#472 = CARTESIAN_POINT ( 'NONE',  ( 1411.825028254805375, 886.0045974683152963, 13.74001023399929799 ) ) ;
#473 = CARTESIAN_POINT ( 'NONE',  ( 1387.022420526467613, 693.9514140313749522, -59.67294254340323789 ) ) ;
#474 = CARTESIAN_POINT ( 'NONE',  ( 1282.523339286316286, 498.4721375965556831, -30.82850490994471926 ) ) ;
#475 = CARTESIAN_POINT ( 'NONE',  ( 843.6986337063467545, 115.4244213041576330, 24.75899829927789852 ) ) ;
#476 = CARTESIAN_POINT ( 'NONE',  ( 1132.086303883157143, 402.8107765567419847, 73.01934711428108926 ) ) ;
#477 = CARTESIAN_POINT ( 'NONE',  ( 1447.683579101431860, 900.6034812937975857, -54.20793909109285380 ) ) ;
#478 = CARTESIAN_POINT ( 'NONE',  ( 1423.245926580821333, 937.7185777282168146, 0.5388191375888933266 ) ) ;
#479 = CARTESIAN_POINT ( 'NONE',  ( 579.3907323108277296, 8.930489699251708657, 23.66884927891426216 ) ) ;
#480 = CARTESIAN_POINT ( 'NONE',  ( 1383.549030190812800, 930.4369048168128984, 68.15738154112966640 ) ) ;
#481 = CARTESIAN_POINT ( 'NONE',  ( 956.2375942784581184, 151.6088242595092481, -53.51727901811626964 ) ) ;
#482 = CARTESIAN_POINT ( 'NONE',  ( 560.0000000000000000, -5.704336099937824756, 3.573236256289048285 ) ) ;
#483 = CARTESIAN_POINT ( 'NONE',  ( 1100.619829482529440, 306.6901595125036124, 1.310384534390469424 ) ) ;
#484 = CARTESIAN_POINT ( 'NONE',  ( 1447.878296312112980, 829.3377432378385947, -74.99510087658924817 ) ) ;
#485 = CARTESIAN_POINT ( 'NONE',  ( 842.5366360661631688, 124.8862395917340251, 45.69144115796412819 ) ) ;
#486 = CARTESIAN_POINT ( 'NONE',  ( 1292.658514809528015, 474.4718236569981968, -79.95628483875563575 ) ) ;
#487 = CARTESIAN_POINT ( 'NONE',  ( 1386.837987278976698, 925.2666836368516670, 52.93291692817407323 ) ) ;
#488 = CARTESIAN_POINT ( 'NONE',  ( 1402.864155488473898, 664.7882977277455439, -107.4010542664464083 ) ) ;
#489 = CARTESIAN_POINT ( 'NONE',  ( 1208.014225004771106, 359.4169505019892199, -79.57145125186764290 ) ) ;
#490 = CARTESIAN_POINT ( 'NONE',  ( 1042.307690075791243, 302.1825270681749203, 80.96583126640207695 ) ) ;
#491 = CARTESIAN_POINT ( 'NONE',  ( 732.6531299821814400, 60.28079201296236533, 37.14811500574619174 ) ) ;
#492 = CARTESIAN_POINT ( 'NONE',  ( 734.1141098421400102, 38.40804791602150914, -39.26607563990844341 ) ) ;
#493 = EDGE_LOOP ( 'NONE', ( #527, #4863 ) ) ;
#494 = CARTESIAN_POINT ( 'NONE',  ( 1179.492175915948792, 441.1417565300349111, 61.52623007351864004 ) ) ;
#495 = CARTESIAN_POINT ( 'NONE',  ( 1400.306900665971398, 791.3307701998676293, -22.73899819012984480 ) ) ;
#496 = CARTESIAN_POINT ( 'NONE',  ( 1010.651343237225888, 181.0075503070088132, -43.89751142642965220 ) ) ;
#497 = CARTESIAN_POINT ( 'NONE',  ( 790.0152512675025491, 71.66826011407127339, -12.87634987963634892 ) ) ;
#498 = CARTESIAN_POINT ( 'NONE',  ( 847.9387416095565868, 80.94354192809271353, -54.31363065360163489 ) ) ;
#499 = CARTESIAN_POINT ( 'NONE',  ( 791.5125237664614133, 55.86145799832137726, -48.29213701436941619 ) ) ;
#500 = CARTESIAN_POINT ( 'NONE',  ( 732.9511350964960457, 55.72592124052798113, 13.21639046755253588 ) ) ;
#501 = CARTESIAN_POINT ( 'NONE',  ( 896.4014599372878820, 156.2182195664604762, 51.86796367178361322 ) ) ;
#502 = CARTESIAN_POINT ( 'NONE',  ( 1361.488075473992922, 857.5801033260696613, 65.63350798109395612 ) ) ;
#503 = CARTESIAN_POINT ( 'NONE',  ( 1353.001860812176574, 629.9080942115627977, -32.10857680037236861 ) ) ;
#504 = CARTESIAN_POINT ( 'NONE',  ( 560.0000000000002274, 5.474302069085919875, 23.12532505101592051 ) ) ;
#505 = CARTESIAN_POINT ( 'NONE',  ( 618.3635713573011117, 21.19651752366691611, 29.60042482383045481 ) ) ;
#506 = CARTESIAN_POINT ( 'NONE',  ( 1436.082531211444802, 847.8761214931865879, -52.93325916694148248 ) ) ;
#507 = CARTESIAN_POINT ( 'NONE',  ( 676.6049322790950100, 19.35431665212864161, 1.851022791256228484 ) ) ;
#508 = CARTESIAN_POINT ( 'NONE',  ( 1107.877472835738217, 280.7439447107411183, -48.71698050461571938 ) ) ;
#509 = CARTESIAN_POINT ( 'NONE',  ( 1317.377103673836700, 566.6995782346142505, -24.62987532933681933 ) ) ;
#510 = CARTESIAN_POINT ( 'NONE',  ( 1254.774979758595009, 564.1105486207192143, 48.95221358027535530 ) ) ;
#511 = CARTESIAN_POINT ( 'NONE',  ( 996.7070674944599205, 245.9914762003858755, 58.73689652334829248 ) ) ;
#512 = CARTESIAN_POINT ( 'NONE',  ( 1289.361671917005651, 482.2470102046132752, -81.93682683868966876 ) ) ;
#513 = CARTESIAN_POINT ( 'NONE',  ( 1003.370357872290583, 214.8932195057931267, 0.6330922890502073130 ) ) ;
#514 = CARTESIAN_POINT ( 'NONE',  ( 1252.396561136763239, 569.7586264302693735, 70.34171193378121245 ) ) ;
#515 = CARTESIAN_POINT ( 'NONE',  ( 790.8225463271203353, 63.11900244856254005, -38.53923582540963366 ) ) ;
#516 = CARTESIAN_POINT ( 'NONE',  ( 733.9602227920170208, 40.94714923183818200, 5.198385023067391586 ) ) ;
#517 = CARTESIAN_POINT ( 'NONE',  ( 844.7847204397482983, 106.5776723349424486, 3.531382172789103269 ) ) ;
#518 = CARTESIAN_POINT ( 'NONE',  ( 848.2407932525355818, 78.56749756126086481, -45.05680891169843250 ) ) ;
#519 = CARTESIAN_POINT ( 'NONE',  ( 579.3776929689248618, 10.79258521620116618, 21.75083465302032693 ) ) ;
#520 = CARTESIAN_POINT ( 'NONE',  ( 1006.927209475161362, 198.3969549566250521, -2.660312394631527688 ) ) ;
#521 = CARTESIAN_POINT ( 'NONE',  ( 579.3884206389847122, 9.320709982759655787, 16.19337762546857107 ) ) ;
#522 = CARTESIAN_POINT ( 'NONE',  ( 1369.126369660687715, 597.7044661800650829, -105.2669717007739223 ) ) ;
#523 = CARTESIAN_POINT ( 'NONE',  ( 1450.194235116705613, 896.7912277298561321, -54.72162730395241681 ) ) ;
#524 = CARTESIAN_POINT ( 'NONE',  ( 1345.945544116585324, 884.1054674873269050, 104.0492659726334352 ) ) ;
#525 = CARTESIAN_POINT ( 'NONE',  ( 618.4528869364291950, 16.24762954758187661, 25.80294558641715597 ) ) ;
#526 = CARTESIAN_POINT ( 'NONE',  ( 676.5885731350006154, 19.38879389425336086, -35.22593007561334133 ) ) ;
#527 = ORIENTED_EDGE ( 'NONE', *, *, #6747, .T. ) ;
#528 = CARTESIAN_POINT ( 'NONE',  ( 1137.738010813193114, 384.8419575585683106, 60.62387701486299108 ) ) ;
#529 = CARTESIAN_POINT ( 'NONE',  ( 579.4258184525493789, 4.193700552521466562, -5.446094667632966235 ) ) ;
#530 = CARTESIAN_POINT ( 'NONE',  ( 676.8797975977778378, 12.71683148869179725, -24.90057329545519949 ) ) ;
#531 = CARTESIAN_POINT ( 'NONE',  ( 1325.891255712320799, 548.2339669207103725, -57.36212666966248008 ) ) ;
#532 = CARTESIAN_POINT ( 'NONE',  ( 1370.533685355524767, 950.8875084212886577, 91.53304794525131172 ) ) ;
#533 = CARTESIAN_POINT ( 'NONE',  ( 1426.914929504960810, 862.2852871161219355, -31.02121583441961761 ) ) ;
#534 = CARTESIAN_POINT ( 'NONE',  ( 1209.245288515737911, 355.8691288650794036, -96.80088085020557287 ) ) ;
#535 = CARTESIAN_POINT ( 'NONE',  ( 1011.552785481543424, 176.7431988754821361, -72.38498275679880578 ) ) ;
#536 = CARTESIAN_POINT ( 'NONE',  ( 1296.776605057123788, 611.3395315555641218, 23.44981829743975865 ) ) ;
#537 = CARTESIAN_POINT ( 'NONE',  ( 1378.364265101896081, 938.5836486124604789, 77.43779736104852418 ) ) ;
#538 = CARTESIAN_POINT ( 'NONE',  ( 997.8688120492078042, 240.5699669918914196, 49.11953517147048842 ) ) ;
#539 = CARTESIAN_POINT ( 'NONE',  ( 1157.054021780235189, 323.3289880069177684, -35.60527138644771838 ) ) ;
#540 = CARTESIAN_POINT ( 'NONE',  ( 787.9676606168850412, 93.43121591788224123, 49.36285882569446670 ) ) ;
#541 = CARTESIAN_POINT ( 'NONE',  ( 787.8790246683200849, 94.34377685212690778, 47.97468878432619732 ) ) ;
#542 = CARTESIAN_POINT ( 'NONE',  ( 790.6146927422075805, 65.31436358403745146, -32.12715721488999066 ) ) ;
#543 = CARTESIAN_POINT ( 'NONE',  ( 1406.204980105505683, 781.2767887584151367, -23.21226157851101490 ) ) ;
#544 = CARTESIAN_POINT ( 'NONE',  ( 579.3977934373455128, 8.035927167720053887, 11.01124276448507366 ) ) ;
#545 = CARTESIAN_POINT ( 'NONE',  ( 560.0000000000000000, 5.789319402887803889, 18.81736001527906765 ) ) ;
#546 = CARTESIAN_POINT ( 'NONE',  ( 1204.869922142359883, 368.3904112930839005, -78.74569070807304172 ) ) ;
#547 = CARTESIAN_POINT ( 'NONE',  ( 1443.308129427095309, 942.8625799169406037, -23.20715129146122280 ) ) ;
#548 = CARTESIAN_POINT ( 'NONE',  ( 579.4336888002578689, 2.939467034728483696, 14.41483748751633165 ) ) ;
#549 = CARTESIAN_POINT ( 'NONE',  ( 1446.752112804162152, 902.0181143206763181, -51.94433991124012095 ) ) ;
#550 = CARTESIAN_POINT ( 'NONE',  ( 790.5847861847637432, 65.85070818111611857, 6.328899310362028352 ) ) ;
#551 = CARTESIAN_POINT ( 'NONE',  ( 560.0000000000001137, -6.896501067611391811, 0.6199579403402791788 ) ) ;
#552 = CARTESIAN_POINT ( 'NONE',  ( 579.5017202080813377, -6.412983239942314562, -23.03374249915768601 ) ) ;
#553 = CARTESIAN_POINT ( 'NONE',  ( 947.0427444538597683, 201.8925688348363110, 54.87370841221118667 ) ) ;
#554 = CARTESIAN_POINT ( 'NONE',  ( 1395.524063313702072, 799.5059751479836905, 2.722570589082868864 ) ) ;
#555 = CARTESIAN_POINT ( 'NONE',  ( 1092.181250032270327, 336.8549073240409371, 52.47785754433427741 ) ) ;
#556 = CARTESIAN_POINT ( 'NONE',  ( 1448.670669507844195, 828.0886857750019772, -84.90374286957477068 ) ) ;
#557 = CARTESIAN_POINT ( 'NONE',  ( 734.5855290372842319, 31.52418545249607718, -37.85333227594148298 ) ) ;
#558 = CARTESIAN_POINT ( 'NONE',  ( 995.3782552356834685, 252.2082084978603973, 75.34501674313617059 ) ) ;
#559 = CARTESIAN_POINT ( 'NONE',  ( 1330.131385288581896, 798.6748198787598767, 95.43377055809280307 ) ) ;
#560 = CARTESIAN_POINT ( 'NONE',  ( 1400.372729813078649, 669.3725334630006500, -101.4754183577259283 ) ) ;
#561 = CARTESIAN_POINT ( 'NONE',  ( 1367.077855230245859, 848.0488389526635729, 64.57262900109896009 ) ) ;
#562 = CARTESIAN_POINT ( 'NONE',  ( 560.0000000000010232, 0.4544007154728858522, -4.888451335377595797 ) ) ;
#563 = CARTESIAN_POINT ( 'NONE',  ( 848.1180635747518863, 79.60411344940571610, -33.65014308664893861 ) ) ;
#564 = CARTESIAN_POINT ( 'NONE',  ( 560.0000000000002274, -10.02680980295800239, -15.68050477869921089 ) ) ;
#565 = CARTESIAN_POINT ( 'NONE',  ( 1437.944611997266065, 950.7834187682353786, -18.35670845952965635 ) ) ;
#566 = CARTESIAN_POINT ( 'NONE',  ( 1453.258188026517246, 892.1372385844340442, -66.36901964642513008 ) ) ;
#567 = CARTESIAN_POINT ( 'NONE',  ( 1113.957858975229328, 259.0382570592540219, -84.65677913709795632 ) ) ;
#568 = CARTESIAN_POINT ( 'NONE',  ( 1351.254529106409564, 759.7921385134214916, 35.78403602071729495 ) ) ;
#569 = CARTESIAN_POINT ( 'NONE',  ( 948.0714873563259744, 196.3173517504719428, 56.48955023278776366 ) ) ;
#570 = CARTESIAN_POINT ( 'NONE',  ( 618.3910114540287850, 19.51139076492158253, 23.13547031936490939 ) ) ;
#571 = CARTESIAN_POINT ( 'NONE',  ( 847.9788427232793993, 80.74827181023920275, -28.00978104267142754 ) ) ;
#572 = CARTESIAN_POINT ( 'NONE',  ( 946.2300578063569674, 206.3568215273879218, 68.88748079309736738 ) ) ;
#573 = CARTESIAN_POINT ( 'NONE',  ( 560.0000000000005684, 6.246290151222955167, 23.46120120716004465 ) ) ;
#574 = CARTESIAN_POINT ( 'NONE',  ( 1444.592979627849445, 940.9651140241949179, -33.11482263327119568 ) ) ;
#575 = CARTESIAN_POINT ( 'NONE',  ( 1108.687437595799793, 277.9263214716104926, -24.83284211598699542 ) ) ;
#576 = CARTESIAN_POINT ( 'NONE',  ( 1285.629509589826284, 635.5088366150091588, 57.00248892180231053 ) ) ;
#577 = CARTESIAN_POINT ( 'NONE',  ( 1131.790450277540003, 403.7532068816562969, 74.41740142219917686 ) ) ;
#578 = CARTESIAN_POINT ( 'NONE',  ( 1328.821834519734693, 541.8494312356336877, -87.67965700132245388 ) ) ;
#579 = CARTESIAN_POINT ( 'NONE',  ( 1364.205342913339337, 735.9539269138841746, 3.176005808356695770 ) ) ;
#580 = CARTESIAN_POINT ( 'NONE',  ( 1389.357778183397841, 921.3095564804315245, 57.56247241940567250 ) ) ;
#581 = CARTESIAN_POINT ( 'NONE',  ( 846.8396044964375733, 89.84829515766801933, -41.37370774174569732 ) ) ;
#582 = CARTESIAN_POINT ( 'NONE',  ( 1426.575171147844458, 967.5738011946633605, 11.41470494370438971 ) ) ;
#583 = CARTESIAN_POINT ( 'NONE',  ( 1422.567398799486682, 938.7491175560849115, 1.922500123458268373 ) ) ;
#584 = CARTESIAN_POINT ( 'NONE',  ( 579.5007000973171216, -6.265362042219027039, -23.45843866347362550 ) ) ;
#585 = CARTESIAN_POINT ( 'NONE',  ( 579.3767274097968993, 10.92582629772118175, 22.14072319466442096 ) ) ;
#586 = CARTESIAN_POINT ( 'NONE',  ( 1398.240396662472904, 794.8701785948348970, -3.686492340614430763 ) ) ;
#587 = CARTESIAN_POINT ( 'NONE',  ( 579.3843560501702541, 9.877694658407198958, 18.33677945741345283 ) ) ;
#588 = CARTESIAN_POINT ( 'NONE',  ( 1160.537332357008381, 312.1659183500833024, -86.52308105220423329 ) ) ;
#589 = CARTESIAN_POINT ( 'NONE',  ( 1321.915260006330300, 813.7942510451650833, 111.3863641988988178 ) ) ;
#590 = CARTESIAN_POINT ( 'NONE',  ( 843.3703500156869950, 118.1773606807228703, 44.46052316625367240 ) ) ;
#591 = CARTESIAN_POINT ( 'NONE',  ( 1111.370720717241511, 268.2595484935176273, -75.73615152593879429 ) ) ;
#592 = CARTESIAN_POINT ( 'NONE',  ( 1149.262498574286155, 348.1496105982669746, 8.442828830416134522 ) ) ;
#593 = CARTESIAN_POINT ( 'NONE',  ( 1414.970716611151602, 984.7112516728069522, 32.46729378649621367 ) ) ;
#594 = CARTESIAN_POINT ( 'NONE',  ( 560.0000000000009095, -0.2263422132266807996, -7.999724552598951099 ) ) ;
#595 = CARTESIAN_POINT ( 'NONE',  ( 903.5086204988787131, 109.6468039486625656, -37.02309823263853872 ) ) ;
#596 = CARTESIAN_POINT ( 'NONE',  ( 1440.993707354237131, 840.1613410590492776, -54.27231276715666297 ) ) ;
#597 = CARTESIAN_POINT ( 'NONE',  ( 788.7374485954372858, 85.22347947588026784, 23.54466931816592279 ) ) ;
#598 = CARTESIAN_POINT ( 'NONE',  ( 1350.675514318115120, 634.5271717201112551, -42.54973051078565760 ) ) ;
#599 = CARTESIAN_POINT ( 'NONE',  ( 791.4696597905830231, 56.31229747745696557, -48.37014712194380195 ) ) ;
#600 = CARTESIAN_POINT ( 'NONE',  ( 1430.621009804830237, 739.5877530995609277, -101.6989947025732022 ) ) ;
#601 = CARTESIAN_POINT ( 'NONE',  ( 1098.030491128868107, 315.9465396167688596, 17.63774554588131949 ) ) ;
#602 = CARTESIAN_POINT ( 'NONE',  ( 579.4050914160555976, 6.926799868096072288, 20.84222828089216151 ) ) ;
#603 = CARTESIAN_POINT ( 'NONE',  ( 947.6595205770207713, 198.5198510520517630, 48.46602761659374181 ) ) ;
#604 = CARTESIAN_POINT ( 'NONE',  ( 1287.364594884239750, 487.0107697413982919, -52.13662752446077775 ) ) ;
#605 = CARTESIAN_POINT ( 'NONE',  ( 1345.945544116585324, 884.1054674873269050, 104.0492659726334352 ) ) ;
#606 = CARTESIAN_POINT ( 'NONE',  ( 1438.522287631328481, 844.0411977431091373, -59.00669500200447715 ) ) ;
#607 = CARTESIAN_POINT ( 'NONE',  ( 1089.035450372148716, 348.1193542056432761, 79.48057716115712878 ) ) ;
#608 = CARTESIAN_POINT ( 'NONE',  ( 842.6269614344074625, 124.2043902969961664, 52.38792334868041678 ) ) ;
#609 = CARTESIAN_POINT ( 'NONE',  ( 1157.499532200170279, 321.9088902848273506, -38.67576614733551565 ) ) ;
#610 = CARTESIAN_POINT ( 'NONE',  ( 1093.102452618188408, 333.5621678273190014, 47.16194236963182362 ) ) ;
#611 = CARTESIAN_POINT ( 'NONE',  ( 842.4821656725418961, 125.3292659307455637, 46.45403506203341948 ) ) ;
#612 = CARTESIAN_POINT ( 'NONE',  ( 1443.355395478904256, 836.4441284244411463, -71.26126698718461228 ) ) ;
#613 = CARTESIAN_POINT ( 'NONE',  ( 1100.619829482529440, 306.6901595125036124, 1.310384534390469424 ) ) ;
#614 = CARTESIAN_POINT ( 'NONE',  ( 1412.221681652498773, 988.7710246089346811, 37.20691465360896899 ) ) ;
#615 = CARTESIAN_POINT ( 'NONE',  ( 618.5989044325939403, 7.157794909850958121, -24.30403140136183637 ) ) ;
#616 = CARTESIAN_POINT ( 'NONE',  ( 1411.825028254805375, 886.0045974683152963, 13.74001023399929799 ) ) ;
#617 = CARTESIAN_POINT ( 'NONE',  ( 1099.764304681815247, 309.7485207702912930, 6.769300054809857414 ) ) ;
#618 = CARTESIAN_POINT ( 'NONE',  ( 1252.782514104811298, 412.1161975488353733, -89.07916694498386789 ) ) ;
#619 = CARTESIAN_POINT ( 'NONE',  ( 1208.014225004771106, 359.4169505019892199, -79.57145125186764290 ) ) ;
#620 = CARTESIAN_POINT ( 'NONE',  ( 996.2710998639867057, 248.0252615180277473, 61.97044162911129206 ) ) ;
#621 = CARTESIAN_POINT ( 'NONE',  ( 847.0692839684465980, 88.16337767718439977, -6.267972225014695198 ) ) ;
#622 = CARTESIAN_POINT ( 'NONE',  ( 1045.465669018390827, 289.3660933356110263, 54.90421207433288231 ) ) ;
#623 = CARTESIAN_POINT ( 'NONE',  ( 1293.951247932669503, 471.3841033358198729, -101.5851714731854827 ) ) ;
#624 = CARTESIAN_POINT ( 'NONE',  ( 788.0153989128858711, 92.93110242978238489, 48.79990631165790660 ) ) ;
#625 = CARTESIAN_POINT ( 'NONE',  ( 1355.823833209690747, 867.2518421829597628, 86.85029727098745411 ) ) ;
#626 = CARTESIAN_POINT ( 'NONE',  ( 1366.188127369770427, 603.5681249051536952, -95.65296613139317117 ) ) ;
#627 = CARTESIAN_POINT ( 'NONE',  ( 560.0000000000000000, 1.476143001754631534, -0.2217537244846600197 ) ) ;
#628 = CARTESIAN_POINT ( 'NONE',  ( 1405.752219660670107, 964.2888636452460105, 41.95704888084525663 ) ) ;
#629 = CARTESIAN_POINT ( 'NONE',  ( 1192.000995957401983, 405.2689637632078075, -10.32139949855040761 ) ) ;
#630 = CARTESIAN_POINT ( 'NONE',  ( 1445.783349092408798, 903.4904038159297670, -41.90080119216959531 ) ) ;
#631 = CARTESIAN_POINT ( 'NONE',  ( 1204.783588671446523, 368.6885595710982670, -54.14729117329397923 ) ) ;
#632 = CARTESIAN_POINT ( 'NONE',  ( 1343.947370630889964, 773.2417407613569367, 53.48688196538544304 ) ) ;
#633 = CARTESIAN_POINT ( 'NONE',  ( 1431.551812488819905, 960.2243006852892222, -5.200594740557639817 ) ) ;
#634 = CARTESIAN_POINT ( 'NONE',  ( 1299.297156718019323, 737.0420701329886697, 98.16190498797276121 ) ) ;
#635 = CARTESIAN_POINT ( 'NONE',  ( 579.4792264912957762, -3.237376173501609777, -26.09094085896731841 ) ) ;
#636 = CARTESIAN_POINT ( 'NONE',  ( 1381.270462785229029, 823.8201941237748542, 22.08058507600168952 ) ) ;
#637 = CARTESIAN_POINT ( 'NONE',  ( 1396.882234168813966, 977.7606583663402944, 57.38621301042488909 ) ) ;
#638 = CARTESIAN_POINT ( 'NONE',  ( 1200.593081112404207, 380.6462867383046387, -54.45590524016542133 ) ) ;
#639 = CARTESIAN_POINT ( 'NONE',  ( 788.2550994153713191, 90.33927273343213926, 36.05523391474748252 ) ) ;
#640 = CARTESIAN_POINT ( 'NONE',  ( 1285.804881324617327, 490.7036888284773113, -44.95331225005678277 ) ) ;
#641 = CARTESIAN_POINT ( 'NONE',  ( 1390.310978890615615, 987.7408598107401758, 68.39736265401752746 ) ) ;
#642 = CARTESIAN_POINT ( 'NONE',  ( 1413.122147184797768, 769.4563593662464882, -55.98215494736314213 ) ) ;
#643 = CARTESIAN_POINT ( 'NONE',  ( 1253.343083184987336, 410.6576461779223450, -93.69044254910910752 ) ) ;
#644 = CC_DESIGN_PERSON_AND_ORGANIZATION_ASSIGNMENT ( #5641, #764, ( #4908 ) ) ;
#645 = CARTESIAN_POINT ( 'NONE',  ( 1044.274764181216369, 294.2227226352244998, 72.62516022398368420 ) ) ;
#646 = CARTESIAN_POINT ( 'NONE',  ( 1129.936771667401445, 409.6745254944862609, 91.60746925482550296 ) ) ;
#647 = CARTESIAN_POINT ( 'NONE',  ( 1432.342510769530236, 853.7598682041891607, -31.63303907773805435 ) ) ;
#648 = CARTESIAN_POINT ( 'NONE',  ( 675.9020022879383305, 35.79430586866720176, 17.83014828292314036 ) ) ;
#649 = CARTESIAN_POINT ( 'NONE',  ( 618.3700361729615906, 20.76571948380869514, 27.14975630126935613 ) ) ;
#650 = CARTESIAN_POINT ( 'NONE',  ( 1448.869270832488155, 934.6498901144569800, -43.08329542257513367 ) ) ;
#651 = CARTESIAN_POINT ( 'NONE',  ( 1427.458734778616872, 966.2689550324627135, 2.928390776293718467 ) ) ;
#652 = CARTESIAN_POINT ( 'NONE',  ( 1253.452529184522973, 567.2604217279824752, 67.24064197567912515 ) ) ;
#653 = CARTESIAN_POINT ( 'NONE',  ( 1288.145047481640859, 485.1268986495965123, -76.57342984924338225 ) ) ;
#654 = CARTESIAN_POINT ( 'NONE',  ( 1273.464518979553759, 519.9112242079387443, 3.067222121250508415 ) ) ;
#655 = CARTESIAN_POINT ( 'NONE',  ( 618.4766880700719867, 14.35433736981348218, 3.877239728894877668 ) ) ;
#656 = CARTESIAN_POINT ( 'NONE',  ( 618.7393007576399668, -0.5791734735493067054, -29.21243151607850663 ) ) ;
#657 = CARTESIAN_POINT ( 'NONE',  ( 675.7106370258582047, 40.40512750209698112, 31.46739896324189090 ) ) ;
#658 = CARTESIAN_POINT ( 'NONE',  ( 1430.042260592827915, 962.4536058870062334, 4.760172093970965079 ) ) ;
#659 = CARTESIAN_POINT ( 'NONE',  ( 997.6825315974056139, 241.4392732695057191, 50.63227850229316118 ) ) ;
#660 = CARTESIAN_POINT ( 'NONE',  ( 734.1875512912989734, 37.33613880335690283, -41.34438591118572504 ) ) ;
#661 = CARTESIAN_POINT ( 'NONE',  ( 1267.686320252767018, 533.5839729393287598, 22.77804928952376429 ) ) ;
#662 = CARTESIAN_POINT ( 'NONE',  ( 787.9906217646864661, 93.19093236592637197, 49.11611994464962550 ) ) ;
#663 = CARTESIAN_POINT ( 'NONE',  ( 618.4582818242026860, 15.94166374708272471, 25.34610058264106058 ) ) ;
#664 = CARTESIAN_POINT ( 'NONE',  ( 1009.845407376638946, 184.6793211868309186, -66.70225762987811891 ) ) ;
#665 = CARTESIAN_POINT ( 'NONE',  ( 560.0000000000000000, -8.083846356722492743, -23.01365503293981263 ) ) ;
#666 = CARTESIAN_POINT ( 'NONE',  ( 1255.546799903411056, 562.3057642990601153, 61.01849246685267047 ) ) ;
#667 = CARTESIAN_POINT ( 'NONE',  ( 1414.223600427862948, 882.2309578392694220, -3.066106376166059633 ) ) ;
#668 = CARTESIAN_POINT ( 'NONE',  ( 559.9999999999995453, -9.651619770498596651, -18.71141705954057244 ) ) ;
#669 = CARTESIAN_POINT ( 'NONE',  ( 1111.135122130029458, 269.1712167214649867, -44.97332182323438587 ) ) ;
#670 = CARTESIAN_POINT ( 'NONE',  ( 1345.325972579775907, 770.7042907223938073, 50.18302366702766193 ) ) ;
#671 = CARTESIAN_POINT ( 'NONE',  ( 733.3136141285446001, 50.31029118366652142, -3.027026425607854954 ) ) ;
#672 = CARTESIAN_POINT ( 'NONE',  ( 1270.026796472645856, 669.3371385568148071, 101.7493981070949616 ) ) ;
#673 = CARTESIAN_POINT ( 'NONE',  ( 1063.064637204870678, 218.0053734477032492, -79.07144443513604415 ) ) ;
#674 = CARTESIAN_POINT ( 'NONE',  ( 579.3977934373455128, 8.035927167720053887, 11.01124276448507366 ) ) ;
#675 = CARTESIAN_POINT ( 'NONE',  ( 559.9999999999997726, 1.364777887501890552, 16.92953761307940397 ) ) ;
#676 = CARTESIAN_POINT ( 'NONE',  ( 560.0000000000004547, -1.065768180665281673, -11.89108289059690726 ) ) ;
#677 = CARTESIAN_POINT ( 'NONE',  ( 1357.146652721723967, 864.9886642652172668, 74.72358402898115060 ) ) ;
#678 = CARTESIAN_POINT ( 'NONE',  ( 1245.548429503442776, 430.9179993308628696, -43.12065833376043855 ) ) ;
#679 = CARTESIAN_POINT ( 'NONE',  ( 675.7436696140814547, 39.71978204670487855, 36.33895147325039687 ) ) ;
#680 = CARTESIAN_POINT ( 'NONE',  ( 1411.881508032719694, 771.5740470092910073, -52.60994233158925937 ) ) ;
#681 = CARTESIAN_POINT ( 'NONE',  ( 1114.005227572909234, 258.8736729607487632, -83.37825521111629712 ) ) ;
#682 = CARTESIAN_POINT ( 'NONE',  ( 1334.015270238058292, 530.6031468770801212, -97.74315821524866976 ) ) ;
#683 = CARTESIAN_POINT ( 'NONE',  ( 1326.459129686586493, 805.4324184456006606, 102.8797055239099763 ) ) ;
#684 = CARTESIAN_POINT ( 'NONE',  ( 1271.124623130069267, 666.9649686815690757, 107.4645717817890898 ) ) ;
#685 = CARTESIAN_POINT ( 'NONE',  ( 1322.250328585314264, 556.1313068363359662, -42.60471715856878916 ) ) ;
#686 = CARTESIAN_POINT ( 'NONE',  ( 618.4269998453884227, 17.34477490217065920, 15.34867535870459498 ) ) ;
#687 = CARTESIAN_POINT ( 'NONE',  ( 579.3776929689248618, 10.79258521620116618, 21.75083465302032693 ) ) ;
#688 = CARTESIAN_POINT ( 'NONE',  ( 846.8396044964375733, 89.84829515766801933, -41.37370774174569732 ) ) ;
#689 = DIRECTION ( 'NONE',  ( 0.000000000000000000, 0.000000000000000000, 1.000000000000000000 ) ) ;
#690 = CARTESIAN_POINT ( 'NONE',  ( 1344.029433963151405, 773.0984743990870811, 65.55927003102462436 ) ) ;
#691 = CARTESIAN_POINT ( 'NONE',  ( 1446.907885242610746, 937.5464630045333934, -38.50334195023861383 ) ) ;
#692 = CARTESIAN_POINT ( 'NONE',  ( 1417.235471576255350, 877.5021552332976853, 2.429802665043270249 ) ) ;
#693 = CARTESIAN_POINT ( 'NONE',  ( 1420.528518557228608, 941.8457456807661856, 6.068265698104761796 ) ) ;
#694 = CARTESIAN_POINT ( 'NONE',  ( 1294.064002865796283, 471.1402907549002066, -88.96962504838984387 ) ) ;
#695 = CARTESIAN_POINT ( 'NONE',  ( 1374.048335272907252, 945.3639129333857909, 77.12718250172744661 ) ) ;
#696 = CARTESIAN_POINT ( 'NONE',  ( 1399.565362085603965, 973.6845221216302662, 46.54239174992414974 ) ) ;
#697 = CARTESIAN_POINT ( 'NONE',  ( 560.0000000000003411, -3.993538588443219073, -21.35696713475972430 ) ) ;
#698 = CARTESIAN_POINT ( 'NONE',  ( 952.4397150708332447, 172.4814612161685830, 22.18759948268283111 ) ) ;
#699 = CARTESIAN_POINT ( 'NONE',  ( 995.4249440873870753, 251.9922962217303564, 75.40924793921122671 ) ) ;
#700 = CARTESIAN_POINT ( 'NONE',  ( 618.4948766960886815, 13.86567555443321531, 22.19395807284715971 ) ) ;
#701 = CARTESIAN_POINT ( 'NONE',  ( 1061.350561735296878, 224.9417895761648651, -70.65721844379696392 ) ) ;
#702 = CARTESIAN_POINT ( 'NONE',  ( 618.4941846755466486, 13.30447803372257987, -0.3008611777742341564 ) ) ;
#703 = CARTESIAN_POINT ( 'NONE',  ( 789.4745713393610913, 77.56019191889393483, 26.85578630189775140 ) ) ;
#704 = CARTESIAN_POINT ( 'NONE',  ( 1271.837865207537561, 523.7271086209261739, -10.68987485653788738 ) ) ;
#705 = CARTESIAN_POINT ( 'NONE',  ( 848.1849727577761087, 79.04998426741090611, -37.43729736700056776 ) ) ;
#706 = CARTESIAN_POINT ( 'NONE',  ( 1160.618654068927299, 311.9600371568007517, -63.81247293751874139 ) ) ;
#707 = CARTESIAN_POINT ( 'NONE',  ( 1286.761128242703762, 633.0553017692152480, 53.68037359455863111 ) ) ;
#708 = CARTESIAN_POINT ( 'NONE',  ( 1269.540666292764399, 670.3918880932820912, 104.4299556447454336 ) ) ;
#709 = CARTESIAN_POINT ( 'NONE',  ( 1430.635205650371518, 926.4958567370283617, -14.80036632249035122 ) ) ;
#710 = CARTESIAN_POINT ( 'NONE',  ( 787.8828772369852231, 94.29757896255394201, 46.91994480287661418 ) ) ;
#711 = CARTESIAN_POINT ( 'NONE',  ( 1011.265807787755421, 178.0689446393930098, -72.95647409878171175 ) ) ;
#712 = CARTESIAN_POINT ( 'NONE',  ( 1376.162215530540834, 832.5379932310663662, 33.61385739485247370 ) ) ;
#713 = CARTESIAN_POINT ( 'NONE',  ( 1379.359390317816860, 937.0200236859811866, 75.67326399339728482 ) ) ;
#714 = CARTESIAN_POINT ( 'NONE',  ( 1241.493589553096399, 441.4033712484324496, -46.73423777565598414 ) ) ;
#715 = CARTESIAN_POINT ( 'NONE',  ( 560.0000000000003411, 5.507423198538171860, 17.65266950207724506 ) ) ;
#716 = CARTESIAN_POINT ( 'NONE',  ( 1441.404874700735036, 910.1401708687218388, -30.50685027481048550 ) ) ;
#717 = CARTESIAN_POINT ( 'NONE',  ( 895.1566448692269660, 164.3577479127536094, 62.35198240968190220 ) ) ;
#718 = CARTESIAN_POINT ( 'NONE',  ( 1154.796063639468230, 330.4572265188511437, -48.61700523558705811 ) ) ;
#719 = CARTESIAN_POINT ( 'NONE',  ( 1430.396819109776288, 739.9712052675831728, -100.2071780505664549 ) ) ;
#720 = CARTESIAN_POINT ( 'NONE',  ( 1063.567005181315835, 215.9961480260861322, -75.03610417772927121 ) ) ;
#721 = CARTESIAN_POINT ( 'NONE',  ( 1272.635082792506864, 663.6908056672301655, 103.2251321703323015 ) ) ;
#722 = CARTESIAN_POINT ( 'NONE',  ( 676.8456164651977360, 13.59246678587475188, -16.12451229140452824 ) ) ;
#723 = CARTESIAN_POINT ( 'NONE',  ( 1416.001007472385709, 983.1897188375806991, 24.82623599536897885 ) ) ;
#724 = CARTESIAN_POINT ( 'NONE',  ( 1272.921347067582474, 663.0611253059282717, 92.81739861153937454 ) ) ;
#725 = CARTESIAN_POINT ( 'NONE',  ( 790.7687510282863741, 63.68651469673056198, -36.93767152590215375 ) ) ;
#726 = APPLICATION_PROTOCOL_DEFINITION ( 'international standard', 'config_control_design', 1994, #3364 ) ;
#727 = CARTESIAN_POINT ( 'NONE',  ( 789.6730334236015096, 75.46835220773635911, 23.51651118938984908 ) ) ;
#728 = CARTESIAN_POINT ( 'NONE',  ( 1442.121877968920899, 838.3830449297608993, -68.14621592912804715 ) ) ;
#729 = CARTESIAN_POINT ( 'NONE',  ( 734.1253726943309630, 38.49748975382007643, -0.1349831746029342416 ) ) ;
#730 = CARTESIAN_POINT ( 'NONE',  ( 1408.856834730061109, 890.6649967736981353, 8.319978906709968314 ) ) ;
#731 = CARTESIAN_POINT ( 'NONE',  ( 1113.558982807047187, 260.4806965934176901, -74.87003424794333739 ) ) ;
#732 = CARTESIAN_POINT ( 'NONE',  ( 1131.184564605792957, 405.6829953769227473, 77.02041542619845416 ) ) ;
#733 = CARTESIAN_POINT ( 'NONE',  ( 1381.900746099345724, 933.0250110493690272, 62.47674502824339982 ) ) ;
#734 = CARTESIAN_POINT ( 'NONE',  ( 1450.659788481471196, 932.0056548819733280, -47.44166909629457507 ) ) ;
#735 = CARTESIAN_POINT ( 'NONE',  ( 900.0617442437373938, 132.2637194123159361, 16.19143265608686022 ) ) ;
#736 = CARTESIAN_POINT ( 'NONE',  ( 732.3867000950185684, 64.21714637824784688, 42.67836656565728504 ) ) ;
#737 = CARTESIAN_POINT ( 'NONE',  ( 843.6272587683439497, 116.0946654084958141, 41.58835190470863807 ) ) ;
#738 = CARTESIAN_POINT ( 'NONE',  ( 1159.803245543321964, 314.5048971397986293, -82.05415886779159962 ) ) ;
#739 = CARTESIAN_POINT ( 'NONE',  ( 560.0000000000000000, -7.021177497443837012, 0.2938754291642294847 ) ) ;
#740 = CARTESIAN_POINT ( 'NONE',  ( 1182.781198930415030, 431.7233129074584781, 49.19299495091826913 ) ) ;
#741 = CARTESIAN_POINT ( 'NONE',  ( 1424.599712775683429, 935.6624647413939329, -2.233959650118587881 ) ) ;
#742 = CARTESIAN_POINT ( 'NONE',  ( 1447.450847866024787, 900.9578453337259134, -46.54840289175677981 ) ) ;
#743 = CARTESIAN_POINT ( 'NONE',  ( 1420.651184943886619, 756.6156499724855848, -64.41474861041727706 ) ) ;
#744 = CARTESIAN_POINT ( 'NONE',  ( 1287.888677289898851, 630.6105866480735358, 50.34942292410944020 ) ) ;
#745 = CARTESIAN_POINT ( 'NONE',  ( 675.6897155789094995, 40.96820443440028470, 37.08168889249654399 ) ) ;
#746 = CARTESIAN_POINT ( 'NONE',  ( 1397.633038134044000, 795.8943988169361319, -16.26405404568400570 ) ) ;
#747 = CARTESIAN_POINT ( 'NONE',  ( 1169.237204363590308, 470.4935342235726807, 88.69312970603488111 ) ) ;
#748 = CARTESIAN_POINT ( 'NONE',  ( 1402.864155488473898, 664.7882977277455439, -107.4010542664464083 ) ) ;
#749 = CARTESIAN_POINT ( 'NONE',  ( 1182.017967095442600, 433.8747830522379445, 35.50519104420979488 ) ) ;
#750 = CARTESIAN_POINT ( 'NONE',  ( 1400.256598209192816, 972.6357079761327213, 51.58434096998259832 ) ) ;
#751 = CARTESIAN_POINT ( 'NONE',  ( 1383.405490297300730, 700.6101533785569018, -48.90992124906371430 ) ) ;
#752 = CARTESIAN_POINT ( 'NONE',  ( 1044.366829548349415, 293.8225057474315349, 62.37640547244885880 ) ) ;
#753 = CARTESIAN_POINT ( 'NONE',  ( 676.8730901163521594, 12.90784080430546510, -21.12338036048114631 ) ) ;
#754 = CARTESIAN_POINT ( 'NONE',  ( 1205.076745233214524, 535.9546551883046277, 104.7875645355495351 ) ) ;
#755 = CARTESIAN_POINT ( 'NONE',  ( 1058.021801261945257, 238.4382059576360859, -40.34064207421661763 ) ) ;
#756 = CARTESIAN_POINT ( 'NONE',  ( 1451.189711678731328, 824.1305128075936182, -86.37926856681457366 ) ) ;
#757 = CARTESIAN_POINT ( 'NONE',  ( 1402.427092818483970, 665.5968614366316842, -100.2407605788845899 ) ) ;
#758 = CARTESIAN_POINT ( 'NONE',  ( 1428.151076659788259, 965.2465050185481914, 1.561919453684835535 ) ) ;
#759 = CARTESIAN_POINT ( 'NONE',  ( 1089.312273669493834, 347.1308956290955052, 78.30369305522967238 ) ) ;
#760 = CARTESIAN_POINT ( 'NONE',  ( 1412.480663919373228, 770.5645801668725881, -40.03338067985258419 ) ) ;
#761 = CARTESIAN_POINT ( 'NONE',  ( 1216.251206702563650, 506.9401487409308515, 56.33499653395672624 ) ) ;
#762 = CARTESIAN_POINT ( 'NONE',  ( 1088.150247691259665, 351.2620459592209272, 74.42396895303419058 ) ) ;
#763 = CARTESIAN_POINT ( 'NONE',  ( 579.4517707655996901, 0.6083967918608033099, -20.13258528749436138 ) ) ;
#764 = PERSON_AND_ORGANIZATION_ROLE ( 'design_owner' ) ;
#765 = CARTESIAN_POINT ( 'NONE',  ( 1368.553379821692261, 845.5312439688201493, 61.57142869964042831 ) ) ;
#766 = CARTESIAN_POINT ( 'NONE',  ( 1202.775836519421091, 374.3908759372988015, -66.83608426467992558 ) ) ;
#767 = CARTESIAN_POINT ( 'NONE',  ( 1338.823272983186143, 658.1990184251418441, 9.940642796536939940 ) ) ;
#768 = CARTESIAN_POINT ( 'NONE',  ( 1301.130443047923791, 601.8991033832036237, 9.832684985008107503 ) ) ;
#769 = CARTESIAN_POINT ( 'NONE',  ( 579.4969176258871357, -5.720525550766887513, -24.69927657913070007 ) ) ;
#770 = CARTESIAN_POINT ( 'NONE',  ( 579.3757984762709157, 11.05235024903529784, 22.53982511901205754 ) ) ;
#771 = CARTESIAN_POINT ( 'NONE',  ( 788.2250333143225589, 90.65824253839794267, 36.85534299331003893 ) ) ;
#772 = CARTESIAN_POINT ( 'NONE',  ( 1446.748621917136916, 831.1099916649745865, -80.17937726972058954 ) ) ;
#773 = CARTESIAN_POINT ( 'NONE',  ( 1401.039715314459954, 1005.284544805903579, 55.48377710498239423 ) ) ;
#774 = CARTESIAN_POINT ( 'NONE',  ( 1356.843557669011489, 865.5119119966684593, 84.87231222641669603 ) ) ;
#775 = CARTESIAN_POINT ( 'NONE',  ( 734.0126642334498683, 39.89950330696677838, -35.88932255806688687 ) ) ;
#776 = DIRECTION ( 'NONE',  ( 0.5606896251994162306, -0.8280260528472145332, 0.000000000000000000 ) ) ;
#777 = CARTESIAN_POINT ( 'NONE',  ( 898.4978666726509573, 142.5012072063385631, 32.58154837842901941 ) ) ;
#778 = CARTESIAN_POINT ( 'NONE',  ( 1102.315541964386739, 300.6282485649022078, -9.639880974861529950 ) ) ;
#779 = CARTESIAN_POINT ( 'NONE',  ( 1160.910784514864190, 311.0273952859525934, -66.64475065409673959 ) ) ;
#780 = CARTESIAN_POINT ( 'NONE',  ( 1421.744438749110259, 754.7488718318816154, -67.95642212567054230 ) ) ;
#781 = CARTESIAN_POINT ( 'NONE',  ( 788.5592963100423276, 87.11317354222295251, 28.24975885342167459 ) ) ;
#782 = CARTESIAN_POINT ( 'NONE',  ( 1129.432892514438663, 411.2643720559764802, 85.99430416431381730 ) ) ;
#783 = CARTESIAN_POINT ( 'NONE',  ( 1271.837865207537561, 523.7271086209261739, -10.68987485653788738 ) ) ;
#784 = CARTESIAN_POINT ( 'NONE',  ( 732.3045005198206354, 65.40607414636887995, 42.12183872224583325 ) ) ;
#785 = CARTESIAN_POINT ( 'NONE',  ( 618.6753415682970854, 2.916117002857205431, -31.50310906059432270 ) ) ;
#786 = CARTESIAN_POINT ( 'NONE',  ( 1358.125370715603140, 863.3247591157050920, 82.34799357269923803 ) ) ;
#787 = CARTESIAN_POINT ( 'NONE',  ( 733.7514942065955665, 43.77513515119179743, -24.04660210177825164 ) ) ;
#788 = CARTESIAN_POINT ( 'NONE',  ( 1331.357373504632051, 796.4141896525734410, 82.89876256972642921 ) ) ;
#789 = CARTESIAN_POINT ( 'NONE',  ( 1322.354564288043321, 812.9860590399644025, 111.7713114517328989 ) ) ;
#790 = CARTESIAN_POINT ( 'NONE',  ( 1434.852576373317333, 849.8092597235734047, -49.90744055372200449 ) ) ;
#791 = CARTESIAN_POINT ( 'NONE',  ( 1453.097242271776850, 892.3824093712319154, -64.34503406852248020 ) ) ;
#792 = CARTESIAN_POINT ( 'NONE',  ( 1453.525166182944758, 927.7740670632693991, -51.23904663092397982 ) ) ;
#793 = CARTESIAN_POINT ( 'NONE',  ( 560.0000000000001137, 1.588024527040653000, 0.2971254888551027040 ) ) ;
#794 = CARTESIAN_POINT ( 'NONE',  ( 1374.806128434020138, 944.1743703363044915, 83.42986269490117479 ) ) ;
#795 = CARTESIAN_POINT ( 'NONE',  ( 734.6115189266495236, 31.22594490278369150, -25.42773780875189615 ) ) ;
#796 = CARTESIAN_POINT ( 'NONE',  ( 1215.408450630187644, 509.1279729666711091, 59.45043829427469007 ) ) ;
#797 = CARTESIAN_POINT ( 'NONE',  ( 1008.926985621172662, 189.0668738403914233, -21.55633488855832169 ) ) ;
#798 = CARTESIAN_POINT ( 'NONE',  ( 579.3743021650257106, 11.25264063895222577, 23.46807889570406047 ) ) ;
#799 = CARTESIAN_POINT ( 'NONE',  ( 1060.032888502867308, 230.2815167576173678, -58.82351103892331423 ) ) ;
#800 = PERSON_AND_ORGANIZATION ( #6408, #3151 ) ;
#801 = CARTESIAN_POINT ( 'NONE',  ( 1288.459310494067495, 629.3916731288910569, 62.65395374635863845 ) ) ;
#802 = CARTESIAN_POINT ( 'NONE',  ( 618.5827385150926148, 8.077529695619251271, -21.20547503840188597 ) ) ;
#803 = CARTESIAN_POINT ( 'NONE',  ( 791.1220887908951909, 60.17347637047042497, -5.932254596048049500 ) ) ;
#804 = CARTESIAN_POINT ( 'NONE',  ( 675.9643658311729268, 34.29012222776563590, 13.01430063981141672 ) ) ;
#805 = CARTESIAN_POINT ( 'NONE',  ( 903.7748003924723434, 107.8596660420050739, -52.92715426237630538 ) ) ;
#806 = CARTESIAN_POINT ( 'NONE',  ( 1373.318481711771710, 946.5107017504540181, 78.24037407104768249 ) ) ;
#807 = CARTESIAN_POINT ( 'NONE',  ( 1132.962525185950199, 400.0194064034914163, 68.69798573558524879 ) ) ;
#808 = CARTESIAN_POINT ( 'NONE',  ( 1291.701856380420168, 476.7079934103815617, -92.53663203339644383 ) ) ;
#809 = CARTESIAN_POINT ( 'NONE',  ( 1384.413296237675468, 818.4670589913864660, 27.94757860410975070 ) ) ;
#810 = CARTESIAN_POINT ( 'NONE',  ( 903.7787384806881619, 107.8304405692101113, -54.07246359168004801 ) ) ;
#811 = CARTESIAN_POINT ( 'NONE',  ( 675.7647300526169829, 39.22365520452976995, 35.56522394915496221 ) ) ;
#812 = CARTESIAN_POINT ( 'NONE',  ( 1175.603674751277140, 452.2762328319461744, 75.49085396478153598 ) ) ;
#813 = CARTESIAN_POINT ( 'NONE',  ( 1396.992239474378721, 675.5964620297362444, -90.70012066048424515 ) ) ;
#814 = B_SPLINE_CURVE_WITH_KNOTS ( 'NONE', 3,
 ( #4786, #4682, #1979, #415, #1904, #4104, #1430, #2013, #1394, #3568, #5768, #276, #4178, #6893, #1943, #6962, #3638, #3603, #854, #3062, #5262, #6382, #5977, #4960, #1058, #2216, #2654, #551 ),
 .UNSPECIFIED., .F., .F.,
 ( 4, 1, 1, 1, 1, 1, 1, 1, 1, 1, 1, 1, 1, 1, 1, 1, 1, 1, 1, 1, 1, 1, 1, 1, 1, 4 ),
 ( 0.7599999998936215473, 0.7675270796434512377, 0.7883180573078704123, 0.8091090318304983153, 0.8299000022548570499, 0.8506909688511152812, 0.8714819313998592998, 0.8922728904821173312, 0.9130638499417823573, 0.9338548116948941491, 0.9546457761809665765, 0.9754367448853162870, 1.000000000000000000, 1.020790513004243394, 1.041581042337266005, 1.062371588516170640, 1.083162166663527159, 1.103952713239440886, 1.124743230869314381, 1.145533721163912722, 1.166324183190236230, 1.187114634141617664, 1.207905138918758947, 1.228695566755496404, 1.249485807659787229, 1.259999963375144638 ),
 .UNSPECIFIED. ) ;
#815 = CARTESIAN_POINT ( 'NONE',  ( 1049.843397241869525, 271.6694904928720007, 43.29462247038223666 ) ) ;
#816 = CARTESIAN_POINT ( 'NONE',  ( 845.0175671572475267, 104.6809787150995277, -1.214332085704331154 ) ) ;
#817 = CARTESIAN_POINT ( 'NONE',  ( 1010.939220545074249, 179.6586745783627066, -48.98226192482641750 ) ) ;
#818 = CARTESIAN_POINT ( 'NONE',  ( 1250.407907929862859, 418.2928055812848243, -71.18039848321907925 ) ) ;
#819 = CARTESIAN_POINT ( 'NONE',  ( 1215.408450630187644, 509.1279729666711091, 59.45043829427469007 ) ) ;
#820 = CARTESIAN_POINT ( 'NONE',  ( 560.0000000000001137, 5.823707234003032696, 23.56235354742486621 ) ) ;
#821 = CARTESIAN_POINT ( 'NONE',  ( 903.7668217169950822, 107.9252811855645575, -48.73827172293108134 ) ) ;
#822 = CARTESIAN_POINT ( 'NONE',  ( 560.0000000000000000, 1.476143001754631534, -0.2217537244846600197 ) ) ;
#823 = CARTESIAN_POINT ( 'NONE',  ( 1128.976254054290848, 412.7237093089522091, 91.90341182826709598 ) ) ;
#824 = CARTESIAN_POINT ( 'NONE',  ( 1300.812361201295062, 734.0259780930290390, 104.3364176221513020 ) ) ;
#825 = CARTESIAN_POINT ( 'NONE',  ( 1453.032220510429397, 928.5020488933873821, -52.45055433597392636 ) ) ;
#826 = CARTESIAN_POINT ( 'NONE',  ( 1320.589989617204765, 694.5596492040518797, 44.12132231505852076 ) ) ;
#827 = CARTESIAN_POINT ( 'NONE',  ( 843.6272587683439497, 116.0946654084958141, 41.58835190470863807 ) ) ;
#828 = CARTESIAN_POINT ( 'NONE',  ( 1382.183827615917380, 702.8591570134293534, -45.35124344381376460 ) ) ;
#829 = CARTESIAN_POINT ( 'NONE',  ( 1090.077226906884789, 344.3752474481526633, 64.33546514056128274 ) ) ;
#830 = CARTESIAN_POINT ( 'NONE',  ( 1297.686090326543081, 740.2620802156342279, 112.1455908901738923 ) ) ;
#831 = CARTESIAN_POINT ( 'NONE',  ( 901.0485012257238395, 125.6538901056039066, -29.70312561287397557 ) ) ;
#832 = CARTESIAN_POINT ( 'NONE',  ( 579.4888763330974371, -4.584492119154427670, -25.78767115092344753 ) ) ;
#833 = CARTESIAN_POINT ( 'NONE',  ( 559.9999999999998863, -7.128848351599620159, -23.22739388680524897 ) ) ;
#834 = CARTESIAN_POINT ( 'NONE',  ( 1229.577553429864793, 472.3425889608466264, 4.560788751223656234 ) ) ;
#835 = CARTESIAN_POINT ( 'NONE',  ( 1044.052624416895696, 295.1224766102746457, 73.70447335952188439 ) ) ;
#836 = CARTESIAN_POINT ( 'NONE',  ( 1339.786349896742195, 780.9003834381363731, 63.34786886932985794 ) ) ;
#837 = CARTESIAN_POINT ( 'NONE',  ( 1108.687437595799793, 277.9263214716104926, -24.83284211598699542 ) ) ;
#838 = APPROVAL_PERSON_ORGANIZATION ( #1817, #433, #4593 ) ;
#839 = CARTESIAN_POINT ( 'NONE',  ( 1241.748679880206737, 594.9374608645022136, 90.42503038809564941 ) ) ;
#840 = CARTESIAN_POINT ( 'NONE',  ( 902.0872960319670710, 118.8401347301517035, -47.83734556220362322 ) ) ;
#841 = CARTESIAN_POINT ( 'NONE',  ( 1443.743649056804998, 942.2194048273393037, -31.15929196400487200 ) ) ;
#842 = CARTESIAN_POINT ( 'NONE',  ( 1257.963927849917582, 556.5872931235962824, 53.71261970909583283 ) ) ;
#843 = CARTESIAN_POINT ( 'NONE',  ( 1446.524777871754623, 938.1122357063057962, -37.60405555295519520 ) ) ;
#844 = CARTESIAN_POINT ( 'NONE',  ( 560.0000000000003411, -8.454616536314134123, -3.895519971304230111 ) ) ;
#845 = CARTESIAN_POINT ( 'NONE',  ( 1258.982140906926361, 554.1536508510073418, 34.78492145999576479 ) ) ;
#846 = CARTESIAN_POINT ( 'NONE',  ( 1334.015270238058292, 530.6031468770801212, -97.74315821524866976 ) ) ;
#847 = CARTESIAN_POINT ( 'NONE',  ( 1129.964676990626913, 409.5689324529332680, 82.17512589287979097 ) ) ;
#848 = CARTESIAN_POINT ( 'NONE',  ( 1173.597256493734676, 458.0017304257855244, 71.23153594648515252 ) ) ;
#849 = CARTESIAN_POINT ( 'NONE',  ( 1424.563889233727423, 749.9240599368769153, -88.38107931442779375 ) ) ;
#850 = CARTESIAN_POINT ( 'NONE',  ( 1129.414135562536330, 411.3369753252525243, 93.54987532550143214 ) ) ;
#851 = CARTESIAN_POINT ( 'NONE',  ( 1358.125370715603140, 863.3247591157050920, 82.34799357269923803 ) ) ;
#852 = CARTESIAN_POINT ( 'NONE',  ( 1009.311218402497047, 187.1672955690733033, -60.59931570188999927 ) ) ;
#853 = CARTESIAN_POINT ( 'NONE',  ( 1373.429437058900021, 837.2111175637475071, 51.50890745286424277 ) ) ;
#854 = CARTESIAN_POINT ( 'NONE',  ( 560.0000000000000000, 0.09624136925798278119, 14.88103996179606980 ) ) ;
#855 = CARTESIAN_POINT ( 'NONE',  ( 1112.930966888515968, 262.7382209302695628, -64.47469584348759497 ) ) ;
#856 = CARTESIAN_POINT ( 'NONE',  ( 579.5074504540474436, -7.246001483466177895, -19.13170680747495211 ) ) ;
#857 = CARTESIAN_POINT ( 'NONE',  ( 843.4155151813899920, 117.7301887642269378, 30.02399819005046666 ) ) ;
#858 = CARTESIAN_POINT ( 'NONE',  ( 1238.304003825545124, 603.0925058900807016, 106.2470343478352959 ) ) ;
#859 = CARTESIAN_POINT ( 'NONE',  ( 1399.557259951540800, 670.8842265932056534, -87.73019383041973640 ) ) ;
#860 = CARTESIAN_POINT ( 'NONE',  ( 579.4170092845030240, 5.402588392242187787, -0.2480255208739511052 ) ) ;
#861 = CARTESIAN_POINT ( 'NONE',  ( 842.2117143919064119, 127.5507098320300088, 54.84369759586176230 ) ) ;
#862 = CARTESIAN_POINT ( 'NONE',  ( 1301.557299053609540, 732.5399856703152182, 102.5743149751613004 ) ) ;
#863 = CARTESIAN_POINT ( 'NONE',  ( 1428.847566129093821, 742.6119535019056457, -99.47059009577446886 ) ) ;
#864 = CARTESIAN_POINT ( 'NONE',  ( 789.0330787168182951, 82.21233407401012983, 33.90160727381579875 ) ) ;
#865 = CARTESIAN_POINT ( 'NONE',  ( 954.1398374723760298, 163.0780980731518639, -25.04697234974780784 ) ) ;
#866 = CARTESIAN_POINT ( 'NONE',  ( 946.5427176589769260, 204.6573508030558628, 67.40225533616586517 ) ) ;
#867 = CARTESIAN_POINT ( 'NONE',  ( 1006.757961046638229, 199.0812388456112103, -32.70534706397106817 ) ) ;
#868 = CARTESIAN_POINT ( 'NONE',  ( 1296.163805450511745, 466.1602761948255420, -104.7103376590578705 ) ) ;
#869 = CARTESIAN_POINT ( 'NONE',  ( 734.4632355547530551, 33.26680039543303025, -41.84844629921696679 ) ) ;
#870 = CARTESIAN_POINT ( 'NONE',  ( 733.1913148329359728, 52.13729725768521206, 2.551871232085580310 ) ) ;
#871 = CARTESIAN_POINT ( 'NONE',  ( 997.0708371955653320, 244.3282101146123466, 65.89532800575976523 ) ) ;
#872 = CARTESIAN_POINT ( 'NONE',  ( 1412.454196173559922, 988.4276473241604890, 31.34388200665019752 ) ) ;
#873 = CARTESIAN_POINT ( 'NONE',  ( 618.7460257746870411, -0.5306933483528278872, -8.991600968254262582 ) ) ;
#874 = CARTESIAN_POINT ( 'NONE',  ( 1170.691449525811777, 466.3267448053871362, 82.76204845372117802 ) ) ;
#875 = CARTESIAN_POINT ( 'NONE',  ( 790.6654877947379418, 64.77751353952966440, -33.73293350306401805 ) ) ;
#876 = SECURITY_CLASSIFICATION_LEVEL ( 'unclassified' ) ;
#877 = CARTESIAN_POINT ( 'NONE',  ( 1412.262020755121057, 954.4006883778542942, 30.13013112763703205 ) ) ;
#878 = CARTESIAN_POINT ( 'NONE',  ( 1246.689026794861093, 427.9123254294325989, -72.13306150545675166 ) ) ;
#879 = CARTESIAN_POINT ( 'NONE',  ( 1313.225902859214102, 575.7006326340061833, -10.65659884800553314 ) ) ;
#880 = CARTESIAN_POINT ( 'NONE',  ( 843.9767898146884590, 113.1588645459247999, 19.47356829688612834 ) ) ;
#881 = CARTESIAN_POINT ( 'NONE',  ( 1452.671010556484134, 929.0354835049317899, -48.50650746726037710 ) ) ;
#882 = CARTESIAN_POINT ( 'NONE',  ( 787.9377076371337125, 93.70531640730715139, 43.68103373173517667 ) ) ;
#883 = CARTESIAN_POINT ( 'NONE',  ( 675.7560761732906940, 39.31383293861607342, 28.65714613453886983 ) ) ;
#884 = CARTESIAN_POINT ( 'NONE',  ( 1448.547561342645167, 899.2913244401470365, -56.37591391139993391 ) ) ;
#885 = CARTESIAN_POINT ( 'NONE',  ( 559.9999999999998863, 4.705051904611459612, 21.84658223781780251 ) ) ;
#886 = CARTESIAN_POINT ( 'NONE',  ( 1283.665327709790290, 639.7829794096284104, 75.42526367533409370 ) ) ;
#887 = CARTESIAN_POINT ( 'NONE',  ( 1395.846737183074083, 677.7053740116166409, -87.05164816595893740 ) ) ;
#888 = CARTESIAN_POINT ( 'NONE',  ( 1353.952929969761726, 754.8361189740498958, 42.94155627075783599 ) ) ;
#889 = CARTESIAN_POINT ( 'NONE',  ( 952.1684326339487825, 173.8604191634918266, -1.063639394565188967 ) ) ;
#890 = CARTESIAN_POINT ( 'NONE',  ( 1113.148526243900733, 261.9574245080268611, -67.50488504741377938 ) ) ;
#891 = CARTESIAN_POINT ( 'NONE',  ( 1161.280560741844056, 309.8462316855691370, -70.47471645623873826 ) ) ;
#892 = CARTESIAN_POINT ( 'NONE',  ( 1405.962989161765108, 963.9677966954383237, 34.59960694597806707 ) ) ;
#893 = CARTESIAN_POINT ( 'NONE',  ( 1251.949463632606694, 414.2844831625985194, -82.08580935892841524 ) ) ;
#894 = CARTESIAN_POINT ( 'NONE',  ( 618.4941846755466486, 13.30447803372257987, -0.3008611777742341564 ) ) ;
#895 = CARTESIAN_POINT ( 'NONE',  ( 787.8973419973942782, 94.16138503983317776, 49.34158040691052349 ) ) ;
#896 = CARTESIAN_POINT ( 'NONE',  ( 1329.430398741982117, 799.9647854533230884, 96.81177942301235362 ) ) ;
#897 = CARTESIAN_POINT ( 'NONE',  ( 1453.474755565673377, 927.8485134281834235, -53.21143345877689512 ) ) ;
#898 = CARTESIAN_POINT ( 'NONE',  ( 1177.166938093034560, 447.8000414072255921, 69.96529228809212952 ) ) ;
#899 = CARTESIAN_POINT ( 'NONE',  ( 846.1349771522966421, 95.58040871244865855, -25.09042262150546421 ) ) ;
#900 = CARTESIAN_POINT ( 'NONE',  ( 560.0000000000004547, 4.917761429975439746, 22.20325522322168155 ) ) ;
#901 = CARTESIAN_POINT ( 'NONE',  ( 1152.877394662745473, 336.5710679118237181, -36.56386190718854579 ) ) ;
#902 = CARTESIAN_POINT ( 'NONE',  ( 1162.671799153796201, 305.3920188331003942, -89.94132347388485016 ) ) ;
#903 = CARTESIAN_POINT ( 'NONE',  ( 958.2499796675760990, 140.6520776467644680, -65.82025336665235216 ) ) ;
#904 = CARTESIAN_POINT ( 'NONE',  ( 789.3642097019409221, 78.57428937057754581, 6.188551143105945229 ) ) ;
#905 = CARTESIAN_POINT ( 'NONE',  ( 896.3025227937373529, 156.8650243944845215, 52.70286971182935787 ) ) ;
#906 = CARTESIAN_POINT ( 'NONE',  ( 896.4461396088289575, 155.8671793272612831, 39.22350275679217901 ) ) ;
#907 = CARTESIAN_POINT ( 'NONE',  ( 1432.902736262765302, 923.0529997363304346, -10.83022106774011384 ) ) ;
#908 = CARTESIAN_POINT ( 'NONE',  ( 579.3736524956678977, 11.33341252993093740, 24.61301683850192035 ) ) ;
#909 = CARTESIAN_POINT ( 'NONE',  ( 1444.893048092156505, 904.8415784365984109, -47.43882623989455993 ) ) ;
#910 = CARTESIAN_POINT ( 'NONE',  ( 1287.218722357523802, 487.3197402099443707, -72.43901867797438854 ) ) ;
#911 = CARTESIAN_POINT ( 'NONE',  ( 1236.685391156733431, 453.9294531241489494, -3.384834653907400348 ) ) ;
#912 = CARTESIAN_POINT ( 'NONE',  ( 579.4028412600237061, 7.344120911094866422, 8.127477945031245099 ) ) ;
#913 = CARTESIAN_POINT ( 'NONE',  ( 734.5325990918933030, 32.26482892406302483, -40.80562937051929850 ) ) ;
#914 = CARTESIAN_POINT ( 'NONE',  ( 1403.427038239162584, 1001.758947952715630, 47.03495749926112524 ) ) ;
#915 = CARTESIAN_POINT ( 'NONE',  ( 1133.255303303099936, 399.0866929173831181, 67.28397966676097042 ) ) ;
#916 = CARTESIAN_POINT ( 'NONE',  ( 847.1512832041523779, 87.31848119413704978, -47.52540742228514148 ) ) ;
#917 = CARTESIAN_POINT ( 'NONE',  ( 1087.756148347402586, 352.6878390039195779, 85.62558697465551916 ) ) ;
#918 = CARTESIAN_POINT ( 'NONE',  ( 732.9685102952656734, 55.62141627815557854, 30.57680734517323629 ) ) ;
#919 = CARTESIAN_POINT ( 'NONE',  ( 1060.938465920250337, 226.6107937364155589, -66.69549806471088971 ) ) ;
#920 = CARTESIAN_POINT ( 'NONE',  ( 1293.166927031323894, 619.1871608328345928, 49.72772205800202983 ) ) ;
#921 = CARTESIAN_POINT ( 'NONE',  ( 1053.179044683083021, 258.0818027118493774, -0.7317054575167286634 ) ) ;
#922 = CARTESIAN_POINT ( 'NONE',  ( 1449.101693554603571, 898.4505856715144319, -51.37134560716923204 ) ) ;
#923 = CARTESIAN_POINT ( 'NONE',  ( 734.6220408374733779, 31.01374302776111236, -34.22358872312778999 ) ) ;
#924 = CARTESIAN_POINT ( 'NONE',  ( 896.7322704112605152, 153.9889178533593963, 35.34812143332752754 ) ) ;
#925 = CARTESIAN_POINT ( 'NONE',  ( 1062.186060823606113, 221.5559131595957467, -77.01596910788693151 ) ) ;
#926 = CARTESIAN_POINT ( 'NONE',  ( 579.5026827094739019, -6.550465268475663905, -22.60941165291521315 ) ) ;
#927 = CARTESIAN_POINT ( 'NONE',  ( 1231.679675914047039, 466.8848269439905039, -4.036520215758750751 ) ) ;
#928 = CARTESIAN_POINT ( 'NONE',  ( 1269.540666292764399, 670.3918880932820912, 104.4299556447454336 ) ) ;
#929 = CARTESIAN_POINT ( 'NONE',  ( 732.6818446096815478, 59.85699393724874540, 36.59845937821508954 ) ) ;
#930 = CARTESIAN_POINT ( 'NONE',  ( 902.9153559770390984, 113.4265580145605981, -59.56498829508024784 ) ) ;
#931 = CARTESIAN_POINT ( 'NONE',  ( 579.4239442185721600, 4.297717683682308554, 16.71378531176444682 ) ) ;
#932 = CARTESIAN_POINT ( 'NONE',  ( 1106.365677994256657, 286.1489602033122992, -37.40319603371327872 ) ) ;
#933 = CARTESIAN_POINT ( 'NONE',  ( 1359.396430863751903, 617.1456449848877810, -54.22022280238921610 ) ) ;
#934 = CARTESIAN_POINT ( 'NONE',  ( 618.3981775364758278, 19.35236190304214787, 30.23895520915218782 ) ) ;
#935 = CARTESIAN_POINT ( 'NONE',  ( 790.3194444979690161, 68.44230107441156008, -22.48794205966111548 ) ) ;
#936 = CARTESIAN_POINT ( 'NONE',  ( 903.6929496672988762, 108.3559769458800162, -59.72862777179700089 ) ) ;
#937 = CARTESIAN_POINT ( 'NONE',  ( 1011.602911489235112, 176.5134063240566320, -71.93341488110016257 ) ) ;
#938 = CARTESIAN_POINT ( 'NONE',  ( 560.0000000000001137, 2.481604436369917455, 4.443260763712506112 ) ) ;
#939 = CARTESIAN_POINT ( 'NONE',  ( 1328.731035911940580, 801.2517278277448440, 98.17457057850486990 ) ) ;
#940 = CARTESIAN_POINT ( 'NONE',  ( 1247.338477579578921, 581.7095051128949308, 73.15698083305113641 ) ) ;
#941 = CARTESIAN_POINT ( 'NONE',  ( 791.4502808028846630, 56.69545568254945067, -15.45263014197424134 ) ) ;
#942 = CARTESIAN_POINT ( 'NONE',  ( 946.3983399165718993, 205.4166811500786878, 60.89858155137782347 ) ) ;
#943 = CARTESIAN_POINT ( 'NONE',  ( 1443.831506170220109, 906.4537961610622006, -44.85637484707036293 ) ) ;
#944 = CARTESIAN_POINT ( 'NONE',  ( 1321.465818243660806, 692.8273422414122251, 55.69197713611387712 ) ) ;
#945 = CARTESIAN_POINT ( 'NONE',  ( 1437.305785698559703, 845.9533262229637103, -55.96605713677580951 ) ) ;
#946 = CARTESIAN_POINT ( 'NONE',  ( 734.2768039252945300, 36.24791871478571181, -5.556475419130324056 ) ) ;
#947 = CARTESIAN_POINT ( 'NONE',  ( 618.4362964963808054, 16.78529892234007903, 13.26783108385779641 ) ) ;
#948 = CARTESIAN_POINT ( 'NONE',  ( 734.5671958958029109, 31.77739335147926880, -39.39216592202284062 ) ) ;
#949 = CARTESIAN_POINT ( 'NONE',  ( 788.1330429596034719, 91.63341917790187097, 39.22410049639546514 ) ) ;
#950 = CARTESIAN_POINT ( 'NONE',  ( 579.4583453408916967, -0.3123283584720862316, -22.63029569079660064 ) ) ;
#951 = CARTESIAN_POINT ( 'NONE',  ( 1369.436288904354797, 952.6119786802983072, 93.35108109618357730 ) ) ;
#952 = CARTESIAN_POINT ( 'NONE',  ( 1281.244855740534149, 645.0294181820851236, 81.70841853903441176 ) ) ;
#953 = CARTESIAN_POINT ( 'NONE',  ( 1203.984829861003618, 370.9261715762352765, -73.85126011501628795 ) ) ;
#954 = CARTESIAN_POINT ( 'NONE',  ( 579.4605354999299607, -0.7990264526717577587, 7.338110640148967967 ) ) ;
#955 = CARTESIAN_POINT ( 'NONE',  ( 1365.086113938802328, 734.3326799471750519, 0.9058630248716799116 ) ) ;
#956 = CARTESIAN_POINT ( 'NONE',  ( 1161.424205537543230, 309.3872257203950085, -72.07755837579853164 ) ) ;
#957 = CARTESIAN_POINT ( 'NONE',  ( 618.3838568969875951, 19.94232729377436897, 24.72412423067906317 ) ) ;
#958 = CARTESIAN_POINT ( 'NONE',  ( 903.7573500281807810, 107.9909753470682574, -47.69478906642871863 ) ) ;
#959 = CARTESIAN_POINT ( 'NONE',  ( 1384.023129130725692, 929.6899406989134604, 58.41678870717026228 ) ) ;
#960 = CARTESIAN_POINT ( 'NONE',  ( 1252.587216667607663, 412.6030696919044090, -99.59034350719932149 ) ) ;
#961 = CARTESIAN_POINT ( 'NONE',  ( 1168.421578612655821, 472.8334134898102548, 95.53137701181222496 ) ) ;
#962 = CARTESIAN_POINT ( 'NONE',  ( 579.4014957479491841, 7.428219875939396033, 21.59853863323893464 ) ) ;
#963 = CARTESIAN_POINT ( 'NONE',  ( 791.1797040910396390, 59.37000303189296346, -47.19068531916060749 ) ) ;
#964 = CARTESIAN_POINT ( 'NONE',  ( 733.1331571595234209, 53.18802776343584071, 26.90783570074785658 ) ) ;
#965 = CARTESIAN_POINT ( 'NONE',  ( 1240.775891954059716, 443.2668982964069642, -43.38103194658044970 ) ) ;
#966 = CARTESIAN_POINT ( 'NONE',  ( 1061.351381958099410, 225.0215720704205467, -39.20678058941740574 ) ) ;
#967 = CARTESIAN_POINT ( 'NONE',  ( 1269.443863660747866, 670.6074104189239051, 111.7418808969396764 ) ) ;
#968 = CARTESIAN_POINT ( 'NONE',  ( 1429.876641552951241, 857.6303642518803372, -37.93439696834422392 ) ) ;
#969 = CARTESIAN_POINT ( 'NONE',  ( 559.9999999999998863, -6.928114901698927852, -23.29579077443936441 ) ) ;
#970 = CARTESIAN_POINT ( 'NONE',  ( 1454.097156246393070, 926.9293525309909683, -53.40489641338718485 ) ) ;
#971 = CARTESIAN_POINT ( 'NONE',  ( 1418.478483988181324, 944.9593178629975228, 10.19555581929054178 ) ) ;
#972 = CARTESIAN_POINT ( 'NONE',  ( 732.6531299821814400, 60.28079201296236533, 37.14811500574619174 ) ) ;
#973 = CARTESIAN_POINT ( 'NONE',  ( 788.3878802421855880, 88.93102636550329976, 32.67135882029241145 ) ) ;
#974 = CARTESIAN_POINT ( 'NONE',  ( 1156.445420107907466, 325.2687434279442869, -31.53543664345417952 ) ) ;
#975 = CARTESIAN_POINT ( 'NONE',  ( 1298.660084682807110, 738.3132899131902604, 100.1505217851967871 ) ) ;
#976 = B_SPLINE_CURVE_WITH_KNOTS ( 'NONE', 3,
 ( #822, #5567, #2721, #4515, #4921, #7131, #6184, #2247, #2177, #513, #6074, #613, #3908, #5026, #1634, #6108, #6041, #3873, #579, #2212, #3839, #6621, #3442 ),
 .UNSPECIFIED., .F., .F.,
 ( 4, 1, 1, 1, 1, 1, 1, 1, 1, 1, 1, 1, 1, 1, 1, 1, 1, 1, 1, 1, 4 ),
 ( 0.000000000000000000, 0.04295669535256315535, 0.08645133212412393908, 0.1305121888156670629, 0.1751715408666862372, 0.2204646350818202927, 0.2664299428705811379, 0.3131043331785118844, 0.3605212655992899307, 0.4087117525502556026, 0.4577091803077939502, 0.5075450385227234795, 0.5582493444616600797, 0.6098531417488489703, 0.6623894686296771805, 0.7158939225753808699, 0.7704037567938756270, 0.8259667673672046462, 0.8826454886693977375, 0.9405525772452997257, 1.000000000000000000 ),
 .UNSPECIFIED. ) ;
#977 = CARTESIAN_POINT ( 'NONE',  ( 560.0000000000007958, -2.191365320448180665, -16.53294145749405075 ) ) ;
#978 = CARTESIAN_POINT ( 'NONE',  ( 1051.865986084960014, 263.4760384835722107, 31.49975484026760952 ) ) ;
#979 = CARTESIAN_POINT ( 'NONE',  ( 1436.082531211444802, 847.8761214931865879, -52.93325916694148248 ) ) ;
#980 = CARTESIAN_POINT ( 'NONE',  ( 1242.785917560001053, 438.0919332621769513, -29.54990866304888542 ) ) ;
#981 = CARTESIAN_POINT ( 'NONE',  ( 1346.700934051239301, 768.1735649874154888, 46.87064722930801963 ) ) ;
#982 = B_SPLINE_SURFACE_WITH_KNOTS ( 'NONE', 3, 3, ( 
 ( #3456, #165, #702, #2295, #3493, #2370, #1206, #4493, #4029, #6703, #6817, #1752, #3953, #3418, #6780, #201, #2406, #3476, #3079, #3513, #5710, #2894, #758 ),
 ( #793, #2966, #1224, #6288, #3003, #4662, #5096, #4698, #292, #5243, #6873, #1921, #4121, #146, #834, #2499, #3043, #1960, #2351, #4549, #7081, #2096, #5959 ),
 ( #4227, #1006, #6363, #5417, #870, #1513, #2063, #4294, #1479, #6398, #1411, #3077, #5349, #398, #2602, #5823, #1994, #3654, #5925, #4261, #4802, #6978, #465 ),
 ( #1547, #2636, #2671, #5858, #4871, #904, #6501, #4767, #6434, #2533, #363, #3688, #3112, #5278, #2029, #4159, #2568, #5893, #3721, #6468, #327, #971, #4732 ),
 ( #938, #3146, #7014, #5384, #4836, #6943, #7047, #1075, #5995, #65, #6130, #601, #6644, #4907, #4330, #6608, #536, #7118, #3791, #636, #3391, #1179, #2744 ),
 ( #2846, #4944, #7155, #5588, #1692, #6063, #6677, #3252, #33, #5520, #2165, #2236, #2200, #5048, #6535, #1726, #1042, #3897, #4435, #4468, #1658, #4367, #1584 ),
 ( #2708, #3356, #1144, #2812, #500, #6572, #1621, #5486, #5555, #3825, #6029, #4980, #3287, #5014, #4402, #3862, #1110, #3323, #568, #712, #175, #3035, #4539 ),
 ( #6790, #211, #6752, #2995, #249, #4502, #2921, #6169, #97, #5700, #1840, #3577, #6865, #749, #2884, #2379, #4578, #1913, #3503, #5161, #2416, #5086, #1253 ),
 ( #2304, #4113, #6712, #1762, #5778, #4039, #3963, #1215, #5664, #4616, #2957, #6827, #3427, #1875, #5125, #135, #5626, #826, #1365, #6318, #6243, #1290, #5196 ),
 ( #4074, #674, #6280, #1327, #4654, #1801, #3540, #5740, #4001, #2454, #6207, #3466, #2808, #206, #4464, #5120, #5659, #5695, #5082, #2842, #5010, #6673, #1796 ),
 ( #170, #6238, #1722, #5155, #2411, #3958, #4034, #2300, #1321, #3461, #4611, #1285, #6822, #5044, #1870, #4498, #744, #1211, #670, #3535, #6708, #6164, #3498 ),
 ( #4069, #6275, #61, #3423, #3925, #597, #6202, #130, #2265, #6126, #1248, #3387, #2879, #2337, #1175, #3996, #707, #4573, #632, #1758, #5622, #4534, #6746 ),
 ( #6785, #1835, #314, #5191, #5735, #4145, #5845, #1982, #3100, #6859, #4181, #4107, #1946, #5808, #279, #1907, #1397, #6455, #6896, #3065, #5299, #892, #2990 ),
 ( #2016, #6421, #4789, #7001, #6311, #6349, #857, #243, #4719, #3133, #3606, #2448, #5265, #350, #2554, #4754, #4648, #1500, #3570, #6965, #4248, #4214, #4685 ),
 ( #2520, #1467, #3675, #5880, #1358, #781, #5771, #924, #6930, #6385, #5336, #1432, #385, #2050, #819, #3028, #3641, #5229, #2486, #3274, #487, #1095, #4823 ),
 ( #3308, #521, #5946, #4894, #4317, #452, #1643, #3743, #2083, #4929, #3777, #555, #7139, #993, #7104, #4281, #2185, #5472, #4388, #7034, #5505, #2763, #7067 ),
 ( #4964, #1570, #3708, #2729, #2658, #6593, #5439, #2150, #2220, #1062, #6488, #5981, #3847, #6049, #18, #3238, #3813, #3202, #4421, #6629, #959, #6521, #2623 ),
 ( #5913, #3170, #1534, #1028, #5404, #4857, #5371, #2116, #419, #4353, #2694, #6558, #1607, #6016, #6735, #3881, #5685, #6082, #1129, #195, #3413, #3342, #1678 ),
 ( #5539, #587, #2798, #5000, #1237, #5611, #4454, #159, #1164, #659, #622, #4600, #1785, #2832, #6663, #4562, #4524, #51, #5109, #2364, #733, #2942, #2255 ),
 ( #2868, #6227, #1712, #3985, #5071, #3916, #6191, #1747, #5145, #6116, #1274, #3377, #3450, #5648, #6774, #6154, #5575, #5034, #85, #119, #2326, #696, #2290 ),
 ( #3488, #2400, #4488, #1824, #6698, #3948, #2907, #1201, #4023, #1457, #4095, #6412, #6301, #6955, #269, #6887, #2581, #1348, #3018, #2545, #4744, #2006, #233 ),
 ( #5799, #4205, #1936, #3666, #375, #5871, #4637, #4135, #1896, #2979, #6265, #5761, #915, #848, #3124, #2438, #340, #1424, #4709, #1860, #5325, #4059, #1311 ),
 ( #6811, #3524, #3056, #6921, #5723, #771, #5181, #6848, #6375, #3597, #3561, #5290, #807, #1387, #5217, #2475, #1973, #4675, #6339, #5256, #2511, #304, #3091 ),
 ( #4172, #3632, #5835, #883, #6006, #3297, #1596, #3732, #1491, #2719, #6583, #3264, #2139, #409, #6990, #2106, #3192, #2613, #6446, #5495, #6039, #3837, #5394 ),
 ( #545, #442, #2648, #1085, #4780, #4342, #1560, #2175, #5904, #2683, #1018, #4813, #4883, #4847, #1632, #2041, #4378, #3699, #6547, #7093, #4919, #4307, #7024 ),
 ( #3227, #5361, #1052, #3802, #5462, #949, #4239, #3159, #983, #511, #4271, #2073, #476, #6478, #7129, #1524, #5936, #7057, #6511, #3767, #5971, #5428, #5676 ),
 ( #5639, #687, #2898, #3332, #4411, #75, #1736, #5100, #2822, #150, #3479, #2355, #577, #5024, #4990, #6072, #2210, #1701, #4553, #3938, #6765, #5529, #3440 ),
 ( #1153, #4444, #5565, #1815, #6619, #2245, #4014, #6218, #6142, #2858, #2753, #1668, #3871, #1119, #2316, #6687, #2788, #1228, #6653, #4478, #3906, #4954, #5060 ),
 ( #109, #8, #649, #41, #6106, #3367, #611, #2279, #1190, #3402, #3976, #1264, #6725, #5600, #4513, #1776, #6182, #6367, #5247, #3516, #2933, #5208, #6293 ),
 ( #1339, #6912, #6878, #3047, #296, #4197, #1448, #3552, #5752, #331, #4591, #224, #2537, #874, #1926, #839, #724, #187, #6802, #4051, #2503, #4667, #5714 ),
 ( #1853, #798, #3658, #1887, #260, #4702, #1964, #5137, #5790, #1302, #2429, #762, #2970, #3008, #4126, #5173, #4163, #6402, #1416, #6839, #6255, #5827, #4736 ),
 ( #4628, #2391, #2466, #6330, #4086, #1377, #3589, #1998, #6947, #3624, #3082, #5282, #3116, #3257, #4913, #6505, #7086, #5897, #4372, #1627, #3796, #5456, #2676 ),
 ( #2713, #908, #505, #2572, #3221, #3760, #6000, #3186, #942, #5315, #4771, #7051, #2100, #4299, #367, #3692, #3152, #470, #5964, #1552, #1517, #7123, #3725 ),
 ( #4807, #4876, #436, #1011, #6577, #5422, #6438, #5929, #2133, #1047, #4335, #5388, #6540, #5353, #1589, #2170, #6982, #975, #2033, #5862, #4231, #2640, #1483 ),
 ( #402, #2606, #7018, #2067, #4265, #6472, #4840, #6614, #4612, #5696, #1836, #6035, #782, #1663, #6203, #6068, #3, #3292, #2782, #1871, #5121, #6276, #3867 ),
 ( #573, #2338, #5525, #6748, #3536, #541, #3328, #5736, #4070, #171, #4035, #3830, #5491, #2749, #2205, #3499, #708, #1115, #2412, #4985, #5660, #131, #6860 ),
 ( #1286, #6239, #1080, #745, #4407, #4535, #1797, #3997, #1249, #2917, #3462, #5156, #2449, #2953, #2375, #4949, #1322, #2991, #6823, #207, #4574, #6786, #5192 ),
 ( #244, #4649, #315, #1398, #3066, #5266, #3642, #5846, #6897, #4686, #1433, #2521, #6350, #4182, #1359, #858, #3607, #5772, #4720, #1947, #6386, #1908, #4108 ),
 ( #820, #6931, #5809, #6312, #3571, #4146, #1983, #3029, #5230, #280, #2487, #2675, #6100, #3360, #4912, #4984, #1046, #2272, #4406, #1148, #37, #5559, #5999 ),
 ( #69, #6067, #2132, #1626, #3327, #3901, #5524, #1079, #1662, #3795, #4439, #1696, #5963, #4371, #469, #1551, #2, #3291, #5018, #605, #1114, #5490, #2816 ),
 ( #4948, #4334, #6613, #3829, #4472, #3759, #1010, #5421, #572, #3866, #6648, #6034, #3256, #3220, #4875, #2748, #2204, #2781, #7085, #6539, #5455, #2240, #1588 ),
 ( #504, #6576, #2712, #7122, #2169, #540, #3471, #717, #5200, #4044, #102, #6757, #1295, #1879, #3508, #5669, #6795, #1767, #2421, #6831, #3932, #2346, #5593 ),
 ( #2458, #4078, #4507, #1807, #3968, #2851, #6135, #5631, #4620, #2926, #6284, #2309, #216, #5705, #4584, #1730, #3544, #1184, #3396, #6681, #5130, #641, #5053 ),
 ( #6717, #6174, #3432, #679, #6248, #180, #2889, #5166, #5091, #2384, #140, #4544, #1846, #4006, #754, #1331, #2962, #5744, #789, #2999, #3717, #5921, #5239 ),
 ( #5889, #3179, #3684, #3616, #1369, #2598, #6464, #3142, #2025, #288, #6869, #1990, #3073, #2494, #6322, #5380, #967, #428, #5274, #4728, #394, #1917, #2059 ),
 ( #900, #4694, #934, #4223, #5345, #5782, #4257, #1509, #866, #4798, #4155, #4658, #359, #4117, #7010, #3581, #1956, #830, #6359, #3039, #323, #6939, #6905 ),
 ( #6430, #4190, #4763, #1407, #5818, #2529, #6394, #1441, #3650, #5854, #3108, #5308, #2564, #6974, #1071, #5413, #4903, #7114, #4431, #6025, #532, #2740, #461 ),
 ( #1038, #6531, #5448, #2232, #6497, #2125, #6640, #2774, #3821, #4940, #2632, #2092, #1543, #5955, #2196, #6568, #2667, #1106, #1580, #4363, #3787, #5550, #7150 ),
 ( #4398, #7043, #6604, #3212, #5991, #4867, #7077, #2704, #1617, #3248, #3858, #1140, #1654, #2161, #3752, #4975, #3892, #3319, #6059, #3283, #4832, #5482, #5516 ),
 ( #29, #6093, #3352, #4290, #1002, #4186, #1437, #3436, #1223, #6935, #283, #4548, #5270, #1732, #5776, #4010, #3398, #824, #683, #4724, #2818, #319, #4474 ),
 ( #1951, #2893, #1986, #4150, #2525, #6390, #3972, #6354, #105, #3646, #3575, #607, #1402, #5020, #5056, #71, #2312, #862, #5635, #5095, #2275, #6721, #6178 ),
 ( #3069, #1186, #6683, #145, #6761, #3934, #2350, #3611, #6138, #5596, #645, #1811, #2854, #1771, #6316, #1363, #5813, #3033, #5234, #4689, #6900, #456, #3747 ),
 ( #1504, #5443, #2560, #5340, #491, #5985, #7038, #5950, #5850, #5304, #4759, #2021, #5408, #2627, #1472, #4321, #389, #423, #4793, #1611, #997, #7005, #3680 ),
 ( #3206, #6426, #2593, #5885, #929, #3712, #4827, #3137, #7071, #4357, #2662, #2054, #6970, #3781, #2698, #6525, #4861, #4252, #896, #3174, #6459, #5916, #355 ),
 ( #4898, #962, #5375, #1574, #3104, #3242, #7108, #6492, #2120, #2087, #6562, #4219, #1032, #2155, #4285, #1538, #5003, #4425, #559, #1750, #3851, #2189, #5037 ),
 ( #6053, #1066, #525, #54, #2258, #4457, #3278, #1647, #2330, #5075, #2872, #2225, #3885, #6701, #5476, #1204, #123, #6666, #2293, #1099, #6739, #6020, #3951 ),
 ( #1715, #6086, #663, #2733, #3416, #4933, #1167, #3919, #6157, #1133, #3312, #7143, #4392, #6119, #3380, #5578, #6597, #5509, #2767, #625, #2835, #4491, #6633 ),
 ( #5615, #4968, #22, #1682, #3345, #5543, #590, #2801, #2404, #1864, #4712, #6231, #5149, #4679, #6890, #1940, #2368, #3454, #6269, #774, #4139, #4063, #6343 ),
 ( #5259, #1391, #237, #4566, #1315, #3528, #3600, #5185, #6852, #1900, #6778, #2946, #5689, #199, #3491, #4604, #5802, #5652, #1278, #851, #3059, #2983, #4100 ),
 ( #6305, #2911, #2442, #163, #6815, #5728, #737, #5113, #4642, #2514, #1352, #3565, #5765, #812, #6195, #3022, #1828, #5223, #4027, #273, #2480, #308, #1789 ),
 ( #3989, #1241, #700, #6379, #918, #4274, #7027, #6481, #1427, #2687, #5293, #2076, #5907, #5329, #378, #5939, #952, #1527, #3735, #3231, #480, #2584, #4783 ),
 ( #6959, #5432, #6924, #4850, #6514, #986, #2010, #3162, #6994, #3669, #7060, #4208, #343, #3195, #2044, #3770, #5397, #6415, #5364, #2548, #445, #2651, #2109 ),
 ( #4310, #1563, #412, #4242, #5974, #6449, #1976, #1021, #5874, #4175, #1494, #2616, #3635, #5839, #4748, #3702, #886, #3094, #1461, #4816, #3127, #7132, #614 ),
 ( #3874, #5027, #4957, #2825, #5603, #78, #2722, #11, #2178, #1055, #4346, #3840, #2282, #6075, #4481, #514, #5568, #6656, #2791, #7097, #1739, #2143, #6551 ),
 ( #6690, #3941, #1122, #4993, #4887, #1600, #3806, #3267, #4447, #1671, #4922, #3370, #4381, #6622, #6042, #652, #44, #1088, #6586, #6145, #580, #6009, #1156 ),
 ( #1635, #548, #3335, #3300, #6109, #3405, #1704, #5498, #5465, #1193, #2756, #2213, #2248, #4414, #5532, #3909, #1268, #5642, #690, #765, #2936, #6881, #5063 ),
 ( #2901, #1231, #4089, #5139, #1930, #1342, #5103, #6258, #3443, #3555, #2432, #5755, #3979, #263, #4669, #6221, #801, #2358, #3591, #5717, #2469, #3011, #4129 ),
 ( #4053, #1380, #227, #153, #189, #4631, #5211, #1890, #2394, #2973, #4556, #6333, #5793, #112, #5679, #1779, #2319, #1305, #4594, #4516, #6728, #3518, #6768 ),
 ( #1818, #6185, #5175, #4017, #3482, #727, #6805, #5899, #3050, #4843, #5250, #298, #6507, #2575, #2505, #842, #6404, #944, #4233, #5356, #1967, #6440, #6369 ),
 ( #2539, #4166, #3660, #1556, #2000, #5319, #404, #3154, #6915, #2608, #1418, #4738, #3626, #3084, #5864, #4774, #5829, #2069, #3763, #4809, #6949, #877, #5932 ),
 ( #4267, #6474, #5284, #334, #4199, #1520, #6984, #1451, #3728, #2035, #978, #3188, #4303, #3118, #369, #3694, #2102, #5390, #438, #2644, #1014, #7089, #4879 ),
 ( #2135, #4338, #2679, #1592, #5967, #6543, #5219, #2440, #698, #6813, #6229, #2366, #3563, #5650, #3987, #6850, #5687, #2477, #1898, #2909, #1862, #6193, #4097 ),
 ( #3452, #5111, #235, #5725, #6267, #1276, #271, #735, #5613, #4639, #4564, #6303, #197, #4061, #4137, #2981, #1239, #2944, #1350, #809, #5763, #5147, #5183 ),
 ( #121, #2402, #4602, #3020, #1313, #4677, #6341, #1938, #161, #3526, #6776, #1787, #5073, #1826, #1389, #661, #2870, #4025, #2328, #4526, #6737, #6880, #1928 ),
 ( #5317, #4128, #2242, #2785, #3833, #4951, #2642, #4301, #1554, #5966, #2207, #6579, #5424, #4987, #4337, #4374, #1591, #5561, #5, #3798, #472, #4441, #6616 ),
 ( #6002, #2678, #4878, #507, #1082, #7088, #6650, #3362, #1665, #3259, #3762, #1698, #3903, #6102, #4842, #2715, #7053, #7125, #4915, #3294, #1013, #3223, #658 ),
 ( #6628, #2289, #3812, #2219, #5471, #6557, #4999, #6081, #2867, #6152, #50, #2184, #1677, #3880, #1200, #2797, #4453, #6662, #4387, #554, #3307, #4963, #1094 ),
 ( #1606, #5070, #1128, #6015, #1061, #17, #1711, #2254, #3915, #520, #6115, #4928, #2762, #3341, #5504, #2728, #4420, #223, #5538, #586, #1163, #3376, #3273 ),
 ( #2831, #84, #5610, #2428, #7138, #5574, #621, #6592, #5033, #3947, #4487, #1642, #6697, #1746, #3412, #3846, #6048, #401, #3007, #4735, #3623, #3046, #3657 ),
 ( #5246, #4701, #366, #1886, #2032, #3691, #5281, #5861, #4666, #3150, #4627, #2571, #4230, #1447, #6877, #5826, #295, #1376, #4770, #1925, #5207, #907, #6911 ),
 ( #4085, #1338, #873, #3081, #330, #6292, #2465, #4125, #6401, #6946, #2536, #2502, #6437, #1963, #6838, #3115, #3588, #5314, #6366, #1997, #5352, #4196, #259 ),
 ( #6981, #1482, #4162, #5896, #6329, #941, #3551, #5751, #1414, #797, #5789, #837, #5387, #4874, #7084, #4405, #5998, #503, #2711, #435, #3758, #6504, #1009 ),
 ( #7017, #4806, #1113, #4333, #2066, #2605, #3219, #4911, #1045, #7121, #3724, #3255, #974, #5962, #2674, #4298, #5928, #5420, #3326, #468, #2131, #2168, #4370 ),
 ( #3185, #1550, #2639, #4839, #6538, #1587, #7050, #3828, #5523, #6575, #3794, #6471, #539, #6612, #1078, #1625, #2099, #4264, #5454, #6033, #3290, #1516, #5489 ),
 ( #2747, #4947, #6066, #1, #2203, #1661, #3865, #139, #4506, #5129, #1695, #5630, #3967, #3359, #678, #640, #4583, #2780, #179, #4438, #5090, #2888, #5668 ),
 ( #1806, #2815, #6173, #1147, #4005, #2345, #6211, #3900, #2383, #6794, #3931, #1257, #68, #1294, #3431, #1845, #3470, #4043, #5017, #6247, #2271, #716, #1183 ),
 ( #4543, #2925, #6756, #101, #3507, #4471, #571, #4983, #36, #3395, #6647, #2239, #1219, #6099, #5558, #604, #2308, #6680, #1729, #6134, #5592, #2850, #5052 ),
 ( #6716, #1766, #215, #753, #2961, #5165, #5704, #2420, #4430, #3422, #6672, #669, #1105, #6163, #93, #3386, #531, #2336, #2739, #4939, #3995, #60, #7149 ),
 ( #5584, #5481, #2195, #4397, #1653, #5043, #2264, #3318, #3957, #4974, #4463, #6639, #1247, #631, #1688, #5515, #1210, #1173, #6603, #1756, #5621, #4533, #6745 ),
 ( #564, #6707, #6201, #2299, #3891, #3857, #2878, #129, #5081, #2841, #2773, #6058, #2807, #6092, #28, #2231, #1139, #1795, #3351, #5549, #596, #5009, #1721 ),
 ( #6125, #3924, #4497, #1981, #6384, #1396, #3064, #278, #5694, #4647, #4068, #205, #3605, #3497, #1834, #4684, #3534, #313, #6895, #743, #6858, #4033, #1945 ),
 ( #4572, #856, #5264, #6821, #4144, #2952, #4180, #6310, #2519, #6348, #4718, #5154, #6929, #2410, #5807, #6274, #5734, #3460, #1284, #780, #4610, #6784, #2916 ),
 ( #1906, #1357, #5770, #1869, #1320, #2989, #5190, #242, #2447, #5658, #169, #4106, #706, #5119, #818, #3027, #2374, #6237, #5228, #2485, #992, #5370, #4213 ),
 ( #2553, #4247, #2149, #2589, #5912, #5945, #3742, #5844, #6487, #2015, #3132, #6420, #3674, #6454, #418, #1466, #2657, #7103, #5403, #384, #5298, #6520, #3237 ),
 ( #3201, #3099, #4352, #6964, #1533, #2622, #7000, #451, #4822, #4856, #7066, #4893, #3640, #1499, #2049, #486, #2115, #7033, #5980, #4753, #4316, #2082, #5879 ),
 ( #4280, #3707, #5335, #1569, #923, #4788, #3776, #958, #5438, #1027, #3169, #2693, #891, #349, #6967, #5882, #1360, #4791, #2052, #3608, #3677, #1948, #3172 ),
 ( #6423, #6351, #2018, #4183, #1434, #245, #4756, #821, #316, #4216, #2591, #1469, #6932, #352, #4147, #3135, #387, #4650, #5267, #6313, #2450, #5847, #6387 ),
 ( #3030, #926, #5338, #5301, #6861, #4250, #1909, #4109, #3572, #3643, #5773, #5231, #5810, #2557, #893, #7003, #1399, #3101, #859, #2522, #4721, #6457, #1502 ),
 ( #3710, #5474, #4319, #3204, #1097, #1064, #2085, #1645, #6051, #4423, #6631, #5948, #3779, #489, #2625, #4355, #2765, #5983, #4825, #6523, #2731, #523, #4931 ),
 ( #2696, #1030, #995, #7036, #3883, #1680, #6084, #3240, #5441, #3310, #4283, #4966, #1131, #6018, #6595, #5406, #5373, #421, #5507, #20, #2187, #454, #6560 ),
 ( #2223, #6490, #7141, #3276, #557, #4896, #2660, #1536, #3745, #1609, #3815, #4390, #4859, #7069, #2118, #3849, #1572, #7106, #2153, #5327, #306, #5726, #4746 ),
 ( #5837, #6957, #6992, #2008, #4098, #1459, #4640, #810, #5221, #2478, #1743, #1160, #2323, #6732, #618, #2286, #6149, #1639, #1197, #3409, #5607, #2864, #5067 ),
 ( #116, #4521, #3896, #3962, #6168, #2883, #2498, #3620, #6694, #3015, #3166, #5333, #6998, #3739, #3448, #3147, #682, #1222, #104, #4120, #6872, #4661, #4009 ),
 ( #6325, #1260, #6214, #1920, #5169, #2387, #3002, #6720, #3511, #1849, #3435, #5708, #5672, #2461, #643, #5203, #2311, #2965, #757, #3547, #2929, #2892, #2853 ),
 ( #6798, #4047, #5055, #5634, #5094, #219, #2424, #6251, #3474, #255, #720, #5595, #4623, #4547, #6834, #183, #1298, #1372, #1882, #6177, #5133, #4081, #792 ),
 ( #1334, #5747, #144, #4509, #4587, #6287, #1770, #3971, #2349, #6760, #1810, #1410, #5857, #5822, #6908, #3042, #2532, #1512, #4766, #5924, #6362, #4260, #5348 ),
 ( #5277, #6397, #3182, #291, #3076, #5383, #3720, #6977, #3687, #3584, #5242, #2497, #1959, #3145, #362, #3619, #2062, #326, #5311, #4731, #6500, #5892, #6942 ),
 ( #833, #1478, #4158, #1993, #869, #4193, #1444, #2567, #903, #937, #397, #4697, #2601, #3653, #3111, #2028, #4226, #6433, #4801, #7013, #6467, #2095, #970 ),
 ( #431, #2635, #4835, #7046, #4293, #5785, #4943, #464, #1109, #535, #7117, #567, #2743, #3861, #6062, #5013, #2268, #4366, #2164, #600, #3322, #5485, #6096 ),
 ( #6643, #1143, #5519, #3790, #7154, #6571, #5451, #1691, #1583, #7080, #2777, #1620, #5554, #4979, #5994, #2199, #2128, #32, #2235, #4434, #2670, #3355, #2811 ),
 ( #3824, #64, #6028, #1546, #3895, #499, #4467, #3286, #4401, #3755, #5958, #4329, #1074, #1005, #3215, #5416, #6607, #1657, #1041, #4870, #6534, #3251, #2707 ),
 ( #4906, #6826, #4501, #1800, #1761, #2845, #6129, #5625, #4615, #711, #1874, #2303, #210, #1289, #4577, #1725, #3539, #3928, #1178, #5195, #1252, #3390, #6676 ),
 ( #5587, #635, #5047, #96, #6242, #3465, #6711, #5159, #6167, #5663, #673, #2453, #2956, #1214, #248, #2378, #4073, #2415, #1325, #3961, #6279, #3426, #5739 ),
 ( #6751, #3502, #785, #5699, #6206, #6789, #2882, #2994, #5085, #134, #2341, #4538, #4000, #5124, #2920, #174, #1839, #4038, #748, #6936, #1987, #6460, #897 ),
 ( #284, #5341, #6427, #2561, #6864, #1505, #1912, #4112, #3175, #6391, #6317, #4653, #3070, #4760, #3105, #2022, #5777, #5305, #3034, #863, #4725, #6355, #825 ),
 ( #424, #6971, #3612, #2490, #390, #356, #1364, #930, #2594, #3713, #5917, #5235, #5271, #4187, #3576, #3647, #2055, #320, #4690, #5814, #4220, #1473, #3681 ),
 ( #2526, #6901, #1952, #4151, #5376, #963, #1403, #1438, #5851, #4794, #5886, #4253, #3138, #7006, #3852, #2663, #1134, #5544, #560, #2226, #6598, #4862, #3817 ),
 ( #4426, #6493, #7144, #526, #2768, #7109, #7072, #7039, #1539, #6021, #1067, #3279, #2088, #457, #2121, #4393, #2734, #5477, #3748, #2190, #4934, #4969, #2156 ),
 ( #4322, #1648, #3207, #6054, #1100, #3313, #5951, #23, #6634, #5986, #5510, #6526, #3346, #1683, #3886, #6087, #2628, #1575, #4828, #3782, #4286, #3243, #2699 ),
 ( #1033, #998, #5409, #5444, #492, #4899, #4358, #1612, #6563, #664, #3492, #1316, #738, #5579, #2873, #2836, #3920, #55, #6702, #5690, #1790, #2947, #3381 ),
 ( #4492, #6158, #2294, #3417, #200, #4458, #88, #2405, #5150, #3990, #701, #591, #2259, #6667, #6120, #164, #4528, #626, #6232, #1751, #2331, #3952, #3529 ),
 ( #5038, #4605, #3455, #1716, #4028, #1279, #6816, #1865, #1168, #1205, #5076, #5004, #6740, #4064, #5616, #124, #6196, #5114, #2912, #2369, #1242, #5653, #4567 ),
 ( #6779, #6270, #2802, #1829, #4140, #5803, #1462, #2984, #3128, #4784, #6380, #6960, #5766, #4243, #1495, #3670, #5330, #2549, #813, #6925, #6344, #2481, #6995 ),
 ( #3023, #6450, #5729, #5875, #379, #4749, #5224, #1977, #1392, #4680, #919, #274, #4101, #2011, #4209, #6891, #5186, #2443, #4176, #1428, #3636, #238, #3566 ),
 ( #2585, #1941, #6416, #3601, #775, #5840, #2045, #4643, #6853, #852, #1901, #3060, #6306, #5260, #309, #1353, #2515, #4713, #887, #3095, #5294, #344, #5365 ),
 ( #6515, #2617, #3703, #2144, #3232, #12, #3301, #4347, #6482, #5975, #1022, #5499, #7098, #1601, #3807, #1528, #4851, #446, #2110, #5398, #1564, #549, #413 ),
 ( #3841, #4888, #6010, #5908, #3163, #4817, #7028, #3268, #481, #3736, #2179, #3196, #5433, #2652, #6623, #1056, #7061, #5940, #6587, #6552, #2077, #7133, #4382 ),
 ( #3771, #2688, #987, #4923, #2214, #515, #4311, #4275, #1636, #2757, #6043, #5466, #4958, #953, #2723, #1089, #4415, #3336, #190, #2937, #728, #79, #1740 ),
 ( #4482, #2283, #3444, #6729, #3875, #5680, #6076, #1123, #2395, #3406, #5533, #1672, #6691, #1780, #5064, #6186, #2792, #113, #45, #5028, #3942, #3371, #4994 ),
 ( #4595, #3980, #615, #6657, #4557, #4517, #581, #5104, #2359, #5140, #2249, #4448, #6146, #1194, #1705, #653, #6222, #5604, #3910, #2826, #1232, #5643, #691 ),
 ( #2861, #6110, #1157, #5569, #2320, #2902, #154, #6769, #1819, #4018, #1269, #3483, #5865, #299, #878, #6842, #5320, #2576, #4739, #6405, #3627, #1891, #843 ),
 ( #6950, #4054, #3592, #2001, #4200, #3661, #3085, #4090, #3051, #228, #5285, #6370, #335, #766, #1452, #910, #3012, #2540, #6296, #370, #2506, #3119, #6806 ),
 ( #1381, #5251, #1855, #4167, #2433, #6882, #1419, #6259, #5830, #6334, #6916, #1343, #1306, #3519, #5718, #2470, #2974, #5176, #4704, #5794, #4632, #3556, #1968 ),
 ( #1931, #5756, #802, #5212, #264, #4670, #4130, #3189, #6475, #439, #4375, #1486, #4268, #6580, #4916, #5968, #4880, #4775, #4234, #3695, #945, #4339, #1557 ),
 ( #1521, #5900, #2645, #5590, #5933, #2103, #2136, #7090, #2036, #2680, #5357, #3729, #405, #7021, #4844, #3764, #2609, #6003, #3393, #1593, #979, #3155, #2716 ),
 ( #6544, #3799, #5391, #1015, #4810, #1049, #3224, #7054, #3260, #5425, #5458, #508, #1181, #638, #4304, #6508, #3834, #7126, #473, #2172, #2070, #1629, #6132 ),
 ( #6985, #6441, #3468, #6754, #787, #99, #6792, #5198, #2997, #6867, #4076, #5088, #6245, #3429, #6282, #2418, #1329, #3965, #251, #4656, #6209, #3542, #2343 ),
 ( #2848, #1877, #1803, #4618, #4580, #4041, #1367, #213, #5628, #2923, #6829, #2456, #5742, #2381, #2959, #137, #1915, #4115, #2306, #5666, #1764, #5050, #1292 ),
 ( #676, #5127, #4541, #6171, #4504, #4003, #6320, #3505, #3579, #2886, #5780, #6714, #1217, #1255, #714, #177, #1842, #5702, #751, #5163, #1541, #3683, #5378 ),
 ( #2596, #2563, #2024, #6495, #5343, #1405, #899, #4796, #3177, #7008, #358, #932, #3072, #3715, #965, #5237, #3649, #6903, #828, #6429, #4762, #4288, #426 ),
 ( #3107, #5307, #2630, #4222, #5888, #3140, #5816, #1989, #4727, #6393, #2528, #5853, #4830, #4692, #322, #7041, #2090, #1475, #392, #3037, #286, #1954, #4153 ),
 ( #3614, #6462, #6938, #6973, #4189, #3750, #2057, #1440, #865, #5919, #4255, #6357, #1507, #2492, #5273, #5007, #6529, #4361, #1069, #3210, #4937, #3349, #6566 ),
 ( #594, #4428, #3316, #5547, #5953, #1615, #1036, #1578, #459, #4461, #58, #2262, #3819, #6023, #1686, #5411, #2805, #6670, #6601, #26, #5989, #1719, #1000 ),
 ( #3785, #3855, #3281, #2665, #4865, #7075, #2123, #3889, #5479, #4901, #2771, #3246, #4325, #5446, #7147, #2193, #4395, #2159, #2229, #495, #2702, #1651, #7112 ),
 ( #562, #529, #6056, #2737, #5513, #1103, #4972, #6637, #1137, #6090, #3458, #4031, #6161, #6819, #4066, #1171, #6743, #2839, #3922, #2372, #5656, #240, #3532 ),
 ( #91, #3384, #2876, #1867, #5117, #6272, #6705, #4608, #5692, #1832, #6123, #778, #5582, #629, #2445, #704, #5041, #2297, #2334, #6235, #167, #1282, #4495 ),
 ( #2914, #1754, #2408, #3420, #4570, #5079, #6856, #3495, #127, #3955, #1318, #6782, #1208, #203, #5732, #2987, #5188, #5619, #4531, #6199, #667, #741, #4645 ),
 ( #1793, #2950, #5152, #3993, #1245, #5296, #816, #1464, #889, #311, #921, #3097, #4211, #6418, #5367, #2619, #4716, #2517, #955, #3672, #5842, #6452, #3025 ),
 ( #1497, #5877, #4142, #347, #6927, #5805, #6997, #6308, #2551, #4245, #2047, #5910, #3130, #6346, #4751, #2483, #5332, #382, #2587, #5226, #3705, #3165, #1355 ) ),
 .UNSPECIFIED., .T., .F., .F.,
 ( 4, 1, 1, 1, 1, 1, 1, 1, 1, 1, 1, 1, 1, 1, 1, 1, 1, 1, 1, 1, 1, 1, 1, 1, 1, 1, 1, 1, 1, 1, 1, 1, 1, 1, 1, 1, 1, 1, 1, 1, 1, 1, 1, 1, 1, 1, 1, 1, 1, 1, 1, 1, 1, 1, 1, 1, 1, 1, 1, 1, 1, 1, 1, 1, 1, 1, 1, 1, 1, 1, 1, 1, 1, 1, 1, 1, 1, 1, 1, 1, 1, 1, 1, 1, 1, 1, 1, 1, 1, 1, 1, 1, 1, 1, 1, 1, 1, 1, 1, 1, 1, 1, 1, 1, 1, 1, 1, 1, 1, 1, 1, 1, 1, 1, 1, 1, 1, 1, 1, 1, 1, 1, 1, 1, 1, 1, 1, 1, 1, 1, 1, 1, 1, 1, 1, 1, 1, 1, 1, 1, 1, 1, 1, 1, 1, 1, 4 ),
 ( 4, 1, 1, 1, 1, 1, 1, 1, 1, 1, 1, 1, 1, 1, 1, 1, 1, 1, 1, 1, 4 ),
 ( 0.000000000000000000, 0.01562500000000000000, 0.03125000000000000000, 0.04687500000000000000, 0.06250000000000000000, 0.07812500000000000000, 0.08593750000000000000, 0.09375000000000000000, 0.1015625000000000000, 0.1093750000000000000, 0.1171875000000000000, 0.1250000000000000000, 0.1328125000000000000, 0.1406250000000000000, 0.1484375000000000000, 0.1562500000000000000, 0.1640625000000000000, 0.1679687500000000000, 0.1718750000000000000, 0.1757812500000000000, 0.1796875000000000000, 0.1835937500000000000, 0.1875000000000000000, 0.1914062500000000000, 0.1953125000000000000, 0.1992187500000000000, 0.2031250000000000000, 0.2070312500000000000, 0.2109375000000000000, 0.2148437500000000000, 0.2187500000000000000, 0.2226562500000000000, 0.2265625000000000000, 0.2304687500000000000, 0.2343750000000000000, 0.2382812500000000000, 0.2421875000000000000, 0.2441406250000000000, 0.2460937500000000000, 0.2480468750000000000, 0.2500000000000000000, 0.2519531250000000000, 0.2539062500000000000, 0.2558593750000000000, 0.2578125000000000000, 0.2617187500000000000, 0.2656250000000000000, 0.2695312500000000000, 0.2734375000000000000, 0.2773437500000000000, 0.2812500000000000000, 0.2851562500000000000, 0.2890625000000000000, 0.2929687500000000000, 0.2968750000000000000, 0.3007812500000000000, 0.3046875000000000000, 0.3125000000000000000, 0.3203125000000000000, 0.3281250000000000000, 0.3359375000000000000, 0.3437500000000000000, 0.3515625000000000000, 0.3593750000000000000, 0.3671875000000000000, 0.3750000000000000000, 0.3828125000000000000, 0.3906250000000000000, 0.4062500000000000000, 0.4218750000000000000, 0.4375000000000000000, 0.4531250000000000000, 0.4687500000000000000, 0.4843750000000000000, 0.5000000000000000000, 0.5156250000000000000, 0.5312500000000000000, 0.5468750000000000000, 0.5625000000000000000, 0.5781250000000000000, 0.5937500000000000000, 0.6093750000000000000, 0.6171875000000000000, 0.6250000000000000000, 0.6328125000000000000, 0.6406250000000000000, 0.6484375000000000000, 0.6562500000000000000, 0.6640625000000000000, 0.6718750000000000000, 0.6796875000000000000, 0.6875000000000000000, 0.6953125000000000000, 0.6992187500000000000, 0.7031250000000000000, 0.7070312500000000000, 0.7109375000000000000, 0.7148437500000000000, 0.7187500000000000000, 0.7226562500000000000, 0.7265625000000000000, 0.7304687500000000000, 0.7343750000000000000, 0.7382812500000000000, 0.7421875000000000000, 0.7441406250000000000, 0.7460937500000000000, 0.7480468750000000000, 0.7500000000000000000, 0.7519531250000000000, 0.7539062500000000000, 0.7558593750000000000, 0.7578125000000000000, 0.7617187500000000000, 0.7656250000000000000, 0.7695312500000000000, 0.7734375000000000000, 0.7773437500000000000, 0.7812500000000000000, 0.7851562500000000000, 0.7890625000000000000, 0.7929687500000000000, 0.7968750000000000000, 0.8007812500000000000, 0.8046875000000000000, 0.8085937500000000000, 0.8125000000000000000, 0.8164062500000000000, 0.8203125000000000000, 0.8242187500000000000, 0.8281250000000000000, 0.8359375000000000000, 0.8437500000000000000, 0.8515625000000000000, 0.8593750000000000000, 0.8671875000000000000, 0.8750000000000000000, 0.8828125000000000000, 0.8906250000000000000, 0.8984375000000000000, 0.9062500000000000000, 0.9218750000000000000, 0.9375000000000000000, 0.9531250000000000000, 0.9687500000000000000, 0.9843750000000000000, 1.000000000000000000 ),
 ( 0.000000000000000000, 0.04295669535256315535, 0.08645133212412393908, 0.1305121888156670629, 0.1751715408666862372, 0.2204646350818202927, 0.2664299428705811379, 0.3131043331785118844, 0.3605212655992899307, 0.4087117525502556026, 0.4577091803077939502, 0.5075450385227234795, 0.5582493444616600797, 0.6098531417488489703, 0.6623894686296771805, 0.7158939225753808699, 0.7704037567938756270, 0.8259667673672046462, 0.8826454886693977375, 0.9405525772452997257, 1.000000000000000000 ),
 .UNSPECIFIED. ) ;
#983 = CARTESIAN_POINT ( 'NONE',  ( 947.1476472509707492, 201.3191417135874701, 53.84007407336599016 ) ) ;
#984 = CARTESIAN_POINT ( 'NONE',  ( 1158.989407489376617, 317.0972606872805954, -76.03320656194982519 ) ) ;
#985 = CARTESIAN_POINT ( 'NONE',  ( 1392.906572012972902, 983.7990873771019551, 64.08393705156416331 ) ) ;
#986 = CARTESIAN_POINT ( 'NONE',  ( 789.0330787168182951, 82.21233407401012983, 33.90160727381579875 ) ) ;
#987 = CARTESIAN_POINT ( 'NONE',  ( 618.6049854003478004, 6.815383902393729265, -25.33166623781616167 ) ) ;
#988 = CARTESIAN_POINT ( 'NONE',  ( 1416.494743924001114, 947.9735413501877019, 22.18365412174482287 ) ) ;
#989 = CARTESIAN_POINT ( 'NONE',  ( 1003.202495478039850, 215.6767299406745906, 2.205352457803253063 ) ) ;
#990 = CARTESIAN_POINT ( 'NONE',  ( 1367.019866954339250, 601.9256806786862626, -85.08417749330969571 ) ) ;
#991 = CARTESIAN_POINT ( 'NONE',  ( 1305.885820805547155, 723.8972364247622409, 82.40529046619421649 ) ) ;
#992 = CARTESIAN_POINT ( 'NONE',  ( 1444.287839019375497, 834.9826991469684572, -63.78172713919239101 ) ) ;
#993 = CARTESIAN_POINT ( 'NONE',  ( 1176.450177365661375, 449.8278193046655247, 59.44818296150462800 ) ) ;
#994 = CARTESIAN_POINT ( 'NONE',  ( 676.6658069790253194, 17.57861346400472158, -36.67202889858194226 ) ) ;
#995 = CARTESIAN_POINT ( 'NONE',  ( 618.7463051637564604, -0.9294772410903038296, -28.16193588279451987 ) ) ;
#996 = CARTESIAN_POINT ( 'NONE',  ( 1128.966330410408546, 412.7578952827081480, 93.50525250629966934 ) ) ;
#997 = CARTESIAN_POINT ( 'NONE',  ( 1375.517580710868970, 943.0565240808359704, 82.24365330896895898 ) ) ;
#998 = CARTESIAN_POINT ( 'NONE',  ( 579.4640698672891403, -1.113614528179016627, -24.21369001216411831 ) ) ;
#999 = CARTESIAN_POINT ( 'NONE',  ( 1386.456700057110538, 925.8680733512088636, 62.89646244330908331 ) ) ;
#1000 = CARTESIAN_POINT ( 'NONE',  ( 1436.579865693711554, 952.7988751706459425, -15.46138340766067643 ) ) ;
#1001 = CARTESIAN_POINT ( 'NONE',  ( 579.5079646649559209, -7.347015229339675102, -14.68675232743720649 ) ) ;
#1002 = CARTESIAN_POINT ( 'NONE',  ( 732.5668349194125994, 61.55534385955099452, 38.75928590417674968 ) ) ;
#1003 = CARTESIAN_POINT ( 'NONE',  ( 845.8155698680485557, 98.18165670910128995, -17.87877240947287305 ) ) ;
#1004 = CARTESIAN_POINT ( 'NONE',  ( 1209.404413107716209, 355.4170755718234886, -96.07689548028781701 ) ) ;
#1005 = CARTESIAN_POINT ( 'NONE',  ( 1209.245288515737911, 355.8691288650794036, -96.80088085020557287 ) ) ;
#1006 = CARTESIAN_POINT ( 'NONE',  ( 579.4141076722496564, 5.800872454926532029, 1.488101889712999837 ) ) ;
#1007 = CARTESIAN_POINT ( 'NONE',  ( 732.6818446096815478, 59.85699393724874540, 36.59845937821508954 ) ) ;
#1008 = CARTESIAN_POINT ( 'NONE',  ( 579.3843560501702541, 9.877694658407198958, 18.33677945741345283 ) ) ;
#1009 = CARTESIAN_POINT ( 'NONE',  ( 1440.066045593251147, 947.6504870928295077, -15.80285972243882675 ) ) ;
#1010 = CARTESIAN_POINT ( 'NONE',  ( 842.2854406156012601, 126.9655890012761859, 55.93649527306989455 ) ) ;
#1011 = CARTESIAN_POINT ( 'NONE',  ( 675.6807965133358493, 41.14847646311425677, 35.05120420032111639 ) ) ;
#1012 = CARTESIAN_POINT ( 'NONE',  ( 955.8029844278878500, 153.9835347501920921, -47.59308426496823330 ) ) ;
#1013 = CARTESIAN_POINT ( 'NONE',  ( 1414.540066138584052, 881.7380051653258306, 8.107176064687097394 ) ) ;
#1014 = CARTESIAN_POINT ( 'NONE',  ( 1400.781849358791305, 903.3577127655665890, 35.87630614339644808 ) ) ;
#1015 = CARTESIAN_POINT ( 'NONE',  ( 676.3840259444159528, 24.19575069100109843, -22.13958532912115729 ) ) ;
#1016 = CARTESIAN_POINT ( 'NONE',  ( 1432.902736262765302, 923.0529997363304346, -10.83022106774011384 ) ) ;
#1017 = CARTESIAN_POINT ( 'NONE',  ( 1094.921908348746456, 327.0585870807827291, 36.49075322336845772 ) ) ;
#1018 = CARTESIAN_POINT ( 'NONE',  ( 1044.366829548349415, 293.8225057474315349, 62.37640547244885880 ) ) ;
#1019 = CARTESIAN_POINT ( 'NONE',  ( 1061.088196806002770, 226.0042841237820426, -68.00550506971022457 ) ) ;
#1020 = CARTESIAN_POINT ( 'NONE',  ( 618.4092923502972781, 18.71562936112033881, 29.21356095424764376 ) ) ;
#1021 = CARTESIAN_POINT ( 'NONE',  ( 897.5710592693330909, 148.5662544476851963, 41.43272417370913985 ) ) ;
#1022 = CARTESIAN_POINT ( 'NONE',  ( 1060.623934575580279, 227.8851699971446578, -64.08658977845259130 ) ) ;
#1023 = CARTESIAN_POINT ( 'NONE',  ( 1230.139689560474153, 470.9191669398583713, 21.94060435803556075 ) ) ;
#1024 = CARTESIAN_POINT ( 'NONE',  ( 1003.370357872290583, 214.8932195057931267, 0.6330922890502073130 ) ) ;
#1025 = CARTESIAN_POINT ( 'NONE',  ( 1113.318936067268396, 261.3445918523555633, -70.36118773007729033 ) ) ;
#1026 = CARTESIAN_POINT ( 'NONE',  ( 842.6402411888910819, 124.0435780103473746, 44.04896268111387769 ) ) ;
#1027 = CARTESIAN_POINT ( 'NONE',  ( 1011.304144034188766, 177.9449860192872563, -56.81821571105750479 ) ) ;
#1028 = CARTESIAN_POINT ( 'NONE',  ( 675.8077984520757582, 38.06583040276731111, 24.82250587728517388 ) ) ;
#1029 = CARTESIAN_POINT ( 'NONE',  ( 1334.567214131524452, 529.3941085186419286, -107.8249366247847689 ) ) ;
#1030 = CARTESIAN_POINT ( 'NONE',  ( 579.5007000973171216, -6.265362042219027039, -23.45843866347362550 ) ) ;
#1031 = CARTESIAN_POINT ( 'NONE',  ( 787.9468941931564814, 93.64801605316397115, 49.52862330178589900 ) ) ;
#1032 = CARTESIAN_POINT ( 'NONE',  ( 1132.800805807922188, 400.5575915130800126, 80.25690138668076656 ) ) ;
#1033 = CARTESIAN_POINT ( 'NONE',  ( 560.0000000000007958, -4.197236852251769790, -21.70692102585196537 ) ) ;
#1034 = CARTESIAN_POINT ( 'NONE',  ( 901.0203324479573439, 125.9852384081910941, 4.933085005304428172 ) ) ;
#1035 = CARTESIAN_POINT ( 'NONE',  ( 1218.810033330959641, 500.3209419899278032, 61.63794267439871533 ) ) ;
#1036 = CARTESIAN_POINT ( 'NONE',  ( 845.8155698680485557, 98.18165670910128995, -17.87877240947287305 ) ) ;
#1037 = CARTESIAN_POINT ( 'NONE',  ( 1324.101523379088576, 552.1161655202040492, -49.94032925447990579 ) ) ;
#1038 = CARTESIAN_POINT ( 'NONE',  ( 560.0000000000001137, 4.463688198990630518, 21.47754262215709176 ) ) ;
#1039 = CARTESIAN_POINT ( 'NONE',  ( 733.4959131719883771, 47.58848801741406476, -11.40163833806020399 ) ) ;
#1040 = CARTESIAN_POINT ( 'NONE',  ( 1063.064637204870678, 218.0053734477032492, -79.07144443513604415 ) ) ;
#1041 = CARTESIAN_POINT ( 'NONE',  ( 1403.815720219959303, 663.0378568017608814, -108.8023568283716713 ) ) ;
#1042 = CARTESIAN_POINT ( 'NONE',  ( 1294.577987727322579, 616.1067150341278875, 30.21691542277873310 ) ) ;
#1043 = CARTESIAN_POINT ( 'NONE',  ( 675.9378492953175055, 35.13557505883231613, 29.82261317679308377 ) ) ;
#1044 = CARTESIAN_POINT ( 'NONE',  ( 732.5803700595262171, 61.26333070716970752, 28.63496442974838274 ) ) ;
#1045 = CARTESIAN_POINT ( 'NONE',  ( 956.7850703775118291, 148.7416154695194166, -23.72154235730160821 ) ) ;
#1046 = CARTESIAN_POINT ( 'NONE',  ( 1268.817847763648388, 671.9614681596075343, 110.3950248098907707 ) ) ;
#1047 = CARTESIAN_POINT ( 'NONE',  ( 995.5666454563421439, 251.3141742443870612, 67.82438342255386488 ) ) ;
#1048 = CARTESIAN_POINT ( 'NONE',  ( 733.8080243673165342, 42.93367011211944373, -26.86009488918291765 ) ) ;
#1049 = CARTESIAN_POINT ( 'NONE',  ( 790.5156700896054645, 66.36297986734511767, -28.91845117469780035 ) ) ;
#1050 = CARTESIAN_POINT ( 'NONE',  ( 1199.202996356921403, 384.6854608733883651, -21.67955264920083636 ) ) ;
#1051 = CARTESIAN_POINT ( 'NONE',  ( 732.8758764133164050, 56.85023155912954707, 16.45055953046054142 ) ) ;
#1052 = CARTESIAN_POINT ( 'NONE',  ( 618.3786579191969395, 20.25132455172006729, 25.73573848887598103 ) ) ;
#1053 = CARTESIAN_POINT ( 'NONE',  ( 579.4548592337894206, 0.1763461648915809199, -21.40120832982738719 ) ) ;
#1054 = CARTESIAN_POINT ( 'NONE',  ( 952.1684326339487825, 173.8604191634918266, -1.063639394565188967 ) ) ;
#1055 = CARTESIAN_POINT ( 'NONE',  ( 999.9718940194800325, 230.8142269506459741, 48.34177784139425427 ) ) ;
#1056 = CARTESIAN_POINT ( 'NONE',  ( 1289.361671917005651, 482.2470102046132752, -81.93682683868966876 ) ) ;
#1057 = CARTESIAN_POINT ( 'NONE',  ( 1409.082829816786898, 890.3139159596837544, 19.34971573214857443 ) ) ;
#1058 = CARTESIAN_POINT ( 'NONE',  ( 560.0000000000000000, -5.705670373423246566, 3.579830033897660080 ) ) ;
#1059 = CARTESIAN_POINT ( 'NONE',  ( 848.2358030409970979, 78.60441062004976231, -45.98166466472127922 ) ) ;
#1060 = CARTESIAN_POINT ( 'NONE',  ( 732.4179328411538563, 63.68791600957175802, 35.05081147157636678 ) ) ;
#1061 = CARTESIAN_POINT ( 'NONE',  ( 734.2029187229585432, 37.34607891575659266, -2.834318679591388612 ) ) ;
#1062 = CARTESIAN_POINT ( 'NONE',  ( 998.1001108910887751, 239.4906393646524236, 47.21648021537102125 ) ) ;
#1063 = CARTESIAN_POINT ( 'NONE',  ( 1208.559520982812046, 357.8263645420830699, -95.97517640685749996 ) ) ;
#1064 = CARTESIAN_POINT ( 'NONE',  ( 791.7859224659148367, 53.05728188144559709, -41.20054571926581843 ) ) ;
#1065 = CARTESIAN_POINT ( 'NONE',  ( 995.3447924311286670, 252.3626167546036356, 75.10957168799495776 ) ) ;
#1066 = CARTESIAN_POINT ( 'NONE',  ( 579.4033005955398039, 7.176649630306615180, 21.22101351610535502 ) ) ;
#1067 = CARTESIAN_POINT ( 'NONE',  ( 1061.730404850695095, 223.4018479948414040, -74.61944777443750354 ) ) ;
#1068 = CARTESIAN_POINT ( 'NONE',  ( 950.2730774811864194, 184.3059101397138306, 40.10069888118788839 ) ) ;
#1069 = CARTESIAN_POINT ( 'NONE',  ( 1379.295122413486069, 708.1770191853433971, -37.08391295549145639 ) ) ;
#1070 = CARTESIAN_POINT ( 'NONE',  ( 1362.384594383916692, 611.1806423338339300, -65.57566537231883785 ) ) ;
#1071 = CARTESIAN_POINT ( 'NONE',  ( 1205.984773544046220, 533.5991056432111463, 102.2993447306113666 ) ) ;
#1072 = CARTESIAN_POINT ( 'NONE',  ( 900.2080629062120352, 131.1711073950572199, -15.69233887799333083 ) ) ;
#1073 = CARTESIAN_POINT ( 'NONE',  ( 1295.852253952984711, 466.8928538188251878, -106.0367544344065749 ) ) ;
#1074 = CARTESIAN_POINT ( 'NONE',  ( 1162.469957886776683, 306.0276017430163620, -91.21996492319088645 ) ) ;
#1075 = CARTESIAN_POINT ( 'NONE',  ( 898.3881523407848135, 143.1187272751492117, 11.94561747637825455 ) ) ;
#1076 = CARTESIAN_POINT ( 'NONE',  ( 997.9886809265882448, 240.0533629442887218, 60.60469325953807385 ) ) ;
#1077 = CARTESIAN_POINT ( 'NONE',  ( 579.3854427382340191, 9.728986786409963727, 17.76356434630523751 ) ) ;
#1078 = CARTESIAN_POINT ( 'NONE',  ( 1244.875831275335031, 432.6648175367587896, -39.70109239844690308 ) ) ;
#1079 = CARTESIAN_POINT ( 'NONE',  ( 895.0941072198650090, 164.7630875367546821, 62.33695395332157574 ) ) ;
#1080 = CARTESIAN_POINT ( 'NONE',  ( 618.3698730126479859, 20.91712900844363787, 31.89393698060449722 ) ) ;
#1081 = CARTESIAN_POINT ( 'NONE',  ( 1201.740785074175392, 377.3571088740550863, -60.90704982044513827 ) ) ;
#1082 = CARTESIAN_POINT ( 'NONE',  ( 734.0443829043820188, 39.69914242204703925, 2.542515273357181194 ) ) ;
#1083 = CARTESIAN_POINT ( 'NONE',  ( 791.4502808028846630, 56.69545568254945067, -15.45263014197424134 ) ) ;
#1084 = CARTESIAN_POINT ( 'NONE',  ( 1417.761802031118350, 980.5893786443338058, 21.54394495894505113 ) ) ;
#1085 = CARTESIAN_POINT ( 'NONE',  ( 675.7476793976117051, 39.51609216398791347, 29.25656483386895701 ) ) ;
#1086 = CARTESIAN_POINT ( 'NONE',  ( 1060.782064508018493, 227.2444082836890118, -65.39065743988777513 ) ) ;
#1087 = CARTESIAN_POINT ( 'NONE',  ( 1415.986875910094113, 983.2105883190527038, 30.70399463125387030 ) ) ;
#1088 = CARTESIAN_POINT ( 'NONE',  ( 1315.743239619075439, 704.2429164011141438, 69.76357321473912521 ) ) ;
#1089 = CARTESIAN_POINT ( 'NONE',  ( 1288.948792216892343, 483.2242377895224763, -80.13834074770369398 ) ) ;
#1090 = CARTESIAN_POINT ( 'NONE',  ( 1300.061594369171871, 604.2409404850139936, 30.00116708624634043 ) ) ;
#1091 = CARTESIAN_POINT ( 'NONE',  ( 844.9594605382317241, 105.1542929596536453, -0.02756284639779415374 ) ) ;
#1092 = CARTESIAN_POINT ( 'NONE',  ( 1161.667674898358200, 308.6081929264310020, -75.12332990517681708 ) ) ;
#1093 = CARTESIAN_POINT ( 'NONE',  ( 732.4365819379253253, 63.41025609536033159, 34.40073166569885643 ) ) ;
#1094 = CARTESIAN_POINT ( 'NONE',  ( 1431.755774058600764, 959.9230903793226162, 1.399935455775054072 ) ) ;
#1095 = CARTESIAN_POINT ( 'NONE',  ( 1403.841068679183763, 967.1905690685451873, 38.60292299217812229 ) ) ;
#1096 = CARTESIAN_POINT ( 'NONE',  ( 1368.326016575632593, 599.3010625363062900, -103.0398389413020510 ) ) ;
#1097 = CARTESIAN_POINT ( 'NONE',  ( 734.6020276660386799, 31.29280962120947862, -36.37636595920730542 ) ) ;
#1098 = CARTESIAN_POINT ( 'NONE',  ( 1042.326403257684660, 302.1080438344824870, 81.42288632274397742 ) ) ;
#1099 = CARTESIAN_POINT ( 'NONE',  ( 1355.071767458803379, 868.5350399788075038, 88.28674670809425606 ) ) ;
#1100 = CARTESIAN_POINT ( 'NONE',  ( 734.1357642725490678, 38.09300566479201677, -40.00141436752029733 ) ) ;
#1101 = EDGE_LOOP ( 'NONE', ( #3314, #7073 ) ) ;
#1102 = CARTESIAN_POINT ( 'NONE',  ( 1094.154179465333755, 329.8430754481706231, 56.70587215099661194 ) ) ;
#1103 = CARTESIAN_POINT ( 'NONE',  ( 789.9084913453209538, 72.80053692453235215, -9.691870098652334065 ) ) ;
#1104 = CARTESIAN_POINT ( 'NONE',  ( 676.8790130648297918, 12.74674039631464240, -23.64042698065001602 ) ) ;
#1105 = CARTESIAN_POINT ( 'NONE',  ( 1158.768073156946457, 317.8643336288997148, -47.99455684602024519 ) ) ;
#1106 = CARTESIAN_POINT ( 'NONE',  ( 1299.129515495119676, 737.3829690688233995, 108.6444308314265754 ) ) ;
#1107 = CARTESIAN_POINT ( 'NONE',  ( 1005.357754885216650, 205.6171496071439719, -18.29891165257535945 ) ) ;
#1108 = CARTESIAN_POINT ( 'NONE',  ( 734.3890777721150016, 34.35624444786002130, -42.29049226160783803 ) ) ;
#1109 = CARTESIAN_POINT ( 'NONE',  ( 958.1972198594353358, 140.9356771759255196, -66.20117811752892578 ) ) ;
#1110 = CARTESIAN_POINT ( 'NONE',  ( 1292.732447906900006, 620.1082882342089988, 35.83474705925331705 ) ) ;
#1111 = CARTESIAN_POINT ( 'NONE',  ( 1407.099771384622500, 996.3350581696430481, 45.81845081793681373 ) ) ;
#1112 = CARTESIAN_POINT ( 'NONE',  ( 1278.180418364656816, 651.6593100858178786, 78.37970679467731827 ) ) ;
#1113 = CARTESIAN_POINT ( 'NONE',  ( 618.7594468710445881, -1.340019034188785207, -12.85877260408509848 ) ) ;
#1114 = CARTESIAN_POINT ( 'NONE',  ( 1368.753094679225569, 953.6855197669804056, 92.74100822157257085 ) ) ;
#1115 = CARTESIAN_POINT ( 'NONE',  ( 1297.485497031227396, 740.6577024513276228, 105.3322756741198134 ) ) ;
#1116 = CARTESIAN_POINT ( 'NONE',  ( 1108.248685032798676, 279.4168208075923303, -51.55837222052119984 ) ) ;
#1117 = CARTESIAN_POINT ( 'NONE',  ( 618.7540708834065981, -1.011860298015801796, -11.09285173713837835 ) ) ;
#1118 = CARTESIAN_POINT ( 'NONE',  ( 1367.217220541777124, 847.8032104634100961, 53.31708030103069973 ) ) ;
#1119 = CARTESIAN_POINT ( 'NONE',  ( 1171.441395473371358, 464.1784463474456857, 80.18233446386106777 ) ) ;
#1120 = CARTESIAN_POINT ( 'NONE',  ( 1328.339491013590532, 542.8953605460206973, -85.81583875357006264 ) ) ;
#1121 = CARTESIAN_POINT ( 'NONE',  ( 1447.283975450271555, 936.9910532445354647, -33.05847587727776471 ) ) ;
#1122 = CARTESIAN_POINT ( 'NONE',  ( 618.5347907536514640, 11.59889968405888006, 18.52397567764965913 ) ) ;
#1123 = CARTESIAN_POINT ( 'NONE',  ( 902.0274661824569193, 119.2323061481630617, -46.83459779301183801 ) ) ;
#1124 = CARTESIAN_POINT ( 'NONE',  ( 1101.678522448226659, 302.9706808762715582, 18.44695401186552530 ) ) ;
#1125 = CARTESIAN_POINT ( 'NONE',  ( 1428.151076659788259, 965.2465050185481914, 1.561919453684835535 ) ) ;
#1126 = CARTESIAN_POINT ( 'NONE',  ( 1447.426703908424543, 830.0478500961626196, -73.51413652506288088 ) ) ;
#1127 = CARTESIAN_POINT ( 'NONE',  ( 618.3728346064598327, 20.59656716623735306, 26.67631588347893512 ) ) ;
#1128 = CARTESIAN_POINT ( 'NONE',  ( 618.7137557470881575, 1.360311796551721741, -2.811093343828095836 ) ) ;
#1129 = CARTESIAN_POINT ( 'NONE',  ( 1335.824069651344871, 788.1931450417549740, 72.61674947474300268 ) ) ;
#1130 = CARTESIAN_POINT ( 'NONE',  ( 1450.809540886456716, 895.8560217583092253, -61.89452187452620535 ) ) ;
#1131 = CARTESIAN_POINT ( 'NONE',  ( 1161.777269140702174, 308.2573317017233876, -76.63324302483802342 ) ) ;
#1132 = CARTESIAN_POINT ( 'NONE',  ( 1238.233958254183335, 603.2602775643421182, 108.8584326524380259 ) ) ;
#1133 = CARTESIAN_POINT ( 'NONE',  ( 997.7541022771500820, 241.1460448874462941, 62.01499864731364653 ) ) ;
#1134 = CARTESIAN_POINT ( 'NONE',  ( 1332.442277810486075, 533.9974765016743277, -102.1051387535753037 ) ) ;
#1135 = CARTESIAN_POINT ( 'NONE',  ( 734.0438545173126386, 39.70686811230773827, 2.538910490315530399 ) ) ;
#1136 = CARTESIAN_POINT ( 'NONE',  ( 1387.906988290891604, 923.5892019602963501, 60.23873118624145206 ) ) ;
#1137 = CARTESIAN_POINT ( 'NONE',  ( 953.1439517974245064, 168.5249810667671966, -12.64162919444808608 ) ) ;
#1138 = CARTESIAN_POINT ( 'NONE',  ( 1062.049254097018093, 222.1860187168329901, -47.42151353690975668 ) ) ;
#1139 = CARTESIAN_POINT ( 'NONE',  ( 1327.619283995778233, 544.4852239292525837, -64.88548102295781916 ) ) ;
#1140 = CARTESIAN_POINT ( 'NONE',  ( 1088.426461292361182, 350.2942829616565632, 82.30016249513747084 ) ) ;
#1141 = CARTESIAN_POINT ( 'NONE',  ( 579.4316438462386714, 3.392829722697865868, -8.912721726392840438 ) ) ;
#1142 = CARTESIAN_POINT ( 'NONE',  ( 734.3361500245551952, 35.13821430633716147, -42.38956880624301959 ) ) ;
#1143 = CARTESIAN_POINT ( 'NONE',  ( 579.4841033199128333, -3.918241217427259393, -26.03393748030524435 ) ) ;
#1144 = CARTESIAN_POINT ( 'NONE',  ( 618.4515031776791147, 15.87000140288051497, 9.794618527035947153 ) ) ;
#1145 = CARTESIAN_POINT ( 'NONE',  ( 559.9999999999996589, 2.153890774416705955, 18.15252477765342221 ) ) ;
#1146 = CARTESIAN_POINT ( 'NONE',  ( 1334.180305549238483, 791.2185211999797048, 76.36887817058845940 ) ) ;
#1147 = CARTESIAN_POINT ( 'NONE',  ( 676.8617745142142894, 13.19417800339371638, -18.61578373780471196 ) ) ;
#1148 = CARTESIAN_POINT ( 'NONE',  ( 1346.005059567436547, 884.0035574636419824, 103.2498052644082094 ) ) ;
#1149 = CARTESIAN_POINT ( 'NONE',  ( 1202.309484884135145, 375.7273119562762531, -64.14173882016238792 ) ) ;
#1150 = CARTESIAN_POINT ( 'NONE',  ( 1370.533685355524767, 950.8875084212886577, 91.53304794525131172 ) ) ;
#1151 = CARTESIAN_POINT ( 'NONE',  ( 734.5528892206037881, 32.12021159757763655, -19.62322733350805137 ) ) ;
#1152 = CARTESIAN_POINT ( 'NONE',  ( 1217.927496195008416, 502.5884057127623237, 50.08827437978303010 ) ) ;
#1153 = CARTESIAN_POINT ( 'NONE',  ( 560.0000000000000000, 6.120543844398417477, 19.88703816067348029 ) ) ;
#1154 = CARTESIAN_POINT ( 'NONE',  ( 1009.188497488640451, 187.7393926796797246, -59.40983032793705121 ) ) ;
#1155 = CARTESIAN_POINT ( 'NONE',  ( 1423.772625865802183, 971.7125981395691952, 10.12012110979775237 ) ) ;
#1156 = CARTESIAN_POINT ( 'NONE',  ( 1414.057032848303379, 986.0605792253404616, 34.05192278177694476 ) ) ;
#1157 = CARTESIAN_POINT ( 'NONE',  ( 618.5960143064936574, 7.321075396359233878, -23.78852098987168162 ) ) ;
#1158 = CARTESIAN_POINT ( 'NONE',  ( 1306.754060645645950, 589.7321892130288461, 9.875332081162429887 ) ) ;
#1159 = CARTESIAN_POINT ( 'NONE',  ( 1262.492345607513471, 545.8460266099009459, 22.69813628290252439 ) ) ;
#1160 = CARTESIAN_POINT ( 'NONE',  ( 1113.558982807047187, 260.4806965934176901, -74.87003424794333739 ) ) ;
#1161 = CARTESIAN_POINT ( 'NONE',  ( 1399.557259951540800, 670.8842265932056534, -87.73019383041973640 ) ) ;
#1162 = CARTESIAN_POINT ( 'NONE',  ( 946.8234811137850784, 203.0908008829883329, 56.79465941721869626 ) ) ;
#1163 = CARTESIAN_POINT ( 'NONE',  ( 1419.906437433992096, 873.3046778085555388, -3.280990233966866398 ) ) ;
#1164 = CARTESIAN_POINT ( 'NONE',  ( 947.8657842134599605, 197.3919872572493261, 46.36981461957918071 ) ) ;
#1165 = CARTESIAN_POINT ( 'NONE',  ( 1401.237701133557721, 667.7807996566768907, -103.7053198793522313 ) ) ;
#1166 = CARTESIAN_POINT ( 'NONE',  ( 1390.310978890615615, 987.7408598107401758, 68.39736265401752746 ) ) ;
#1167 = CARTESIAN_POINT ( 'NONE',  ( 843.2755555156443279, 118.9457575756795791, 45.51125518846296814 ) ) ;
#1168 = CARTESIAN_POINT ( 'NONE',  ( 956.6879350614924533, 149.1511284531779609, -58.94896697000191921 ) ) ;
#1169 = CARTESIAN_POINT ( 'NONE',  ( 560.0000000000000000, -1.063525455367326567, -11.89499542790203357 ) ) ;
#1170 = CARTESIAN_POINT ( 'NONE',  ( 1315.743239619075439, 704.2429164011141438, 69.76357321473912521 ) ) ;
#1171 = CARTESIAN_POINT ( 'NONE',  ( 1273.671086975107301, 519.3881467384321695, -17.43401251842367827 ) ) ;
#1172 = CARTESIAN_POINT ( 'NONE',  ( 1394.527272623730596, 680.1479923505371517, -68.51360319796680187 ) ) ;
#1173 = CARTESIAN_POINT ( 'NONE',  ( 1361.407450660678251, 613.1314692329210629, -61.77493686093890091 ) ) ;
#1174 = CC_DESIGN_SECURITY_CLASSIFICATION ( #6610, ( #6136 ) ) ;
#1175 = CARTESIAN_POINT ( 'NONE',  ( 1217.927496195008416, 502.5884057127623237, 50.08827437978303010 ) ) ;
#1176 = CARTESIAN_POINT ( 'NONE',  ( 1192.000995957401983, 405.2689637632078075, -10.32139949855040761 ) ) ;
#1177 = CARTESIAN_POINT ( 'NONE',  ( 1452.086989241222682, 822.7199435744402081, -91.16127827622291591 ) ) ;
#1178 = CARTESIAN_POINT ( 'NONE',  ( 1403.612832345808101, 663.4110399229075483, -108.6542807803208035 ) ) ;
#1179 = CARTESIAN_POINT ( 'NONE',  ( 1416.418501198318154, 948.0880035289287662, 14.30698379846438328 ) ) ;
#1180 = CARTESIAN_POINT ( 'NONE',  ( 1045.132761828799630, 290.7485320818425976, 68.53524596236063360 ) ) ;
#1181 = CARTESIAN_POINT ( 'NONE',  ( 1155.265062771132307, 328.9627493915950254, -51.64783596041990421 ) ) ;
#1182 = CARTESIAN_POINT ( 'NONE',  ( 1333.474470281318418, 792.5176250405403380, 77.97677542560649044 ) ) ;
#1183 = CARTESIAN_POINT ( 'NONE',  ( 1443.958780164101199, 941.9016993560527453, -24.78846259809769847 ) ) ;
#1184 = CARTESIAN_POINT ( 'NONE',  ( 1296.810280612786528, 742.0084366840499115, 113.4669768627055930 ) ) ;
#1185 = CARTESIAN_POINT ( 'NONE',  ( 1059.469377018396244, 232.5667067706463058, -53.52772262466253750 ) ) ;
#1186 = CARTESIAN_POINT ( 'NONE',  ( 579.3961201980426949, 8.178765923106769975, 22.66888131838176434 ) ) ;
#1187 = CARTESIAN_POINT ( 'NONE',  ( 675.7976736743269157, 38.44365349053254022, 34.32384887030407583 ) ) ;
#1188 = CARTESIAN_POINT ( 'NONE',  ( 1435.171110380275877, 849.3139103231446825, -38.72559790713282268 ) ) ;
#1189 = CARTESIAN_POINT ( 'NONE',  ( 618.4223012344604058, 17.62752327584824741, 16.38809170975029161 ) ) ;
#1190 = CARTESIAN_POINT ( 'NONE',  ( 946.8234811137850784, 203.0908008829883329, 56.79465941721869626 ) ) ;
#1191 = CARTESIAN_POINT ( 'NONE',  ( 1363.673631476520086, 608.5863790181559807, -86.54397348515588817 ) ) ;
#1192 = CARTESIAN_POINT ( 'NONE',  ( 1416.790248029003578, 982.0241689264133811, 23.36587091046061815 ) ) ;
#1193 = CARTESIAN_POINT ( 'NONE',  ( 1000.631333636293789, 227.7419306468696902, 44.08401399733032378 ) ) ;
#1194 = CARTESIAN_POINT ( 'NONE',  ( 1203.421778397906792, 372.5396504985308184, -70.60970789046461960 ) ) ;
#1195 = CARTESIAN_POINT ( 'NONE',  ( 560.0000000000000000, -7.455350836910199064, -0.8712880353843179826 ) ) ;
#1196 = CARTESIAN_POINT ( 'NONE',  ( 951.3010138700308289, 178.6048179966343525, 9.030734906030557951 ) ) ;
#1197 = CARTESIAN_POINT ( 'NONE',  ( 1401.287851860086221, 667.6958628981834636, -95.21326734714210716 ) ) ;
#1198 = CARTESIAN_POINT ( 'NONE',  ( 848.2250760049428209, 78.68346091404464460, -47.90694900935944389 ) ) ;
#1199 = CARTESIAN_POINT ( 'NONE',  ( 1375.498393912969959, 943.0854662176715237, 74.78100374647101489 ) ) ;
#1200 = CARTESIAN_POINT ( 'NONE',  ( 1235.082444925675418, 458.0902343983834726, 3.012735418605673843 ) ) ;
#1201 = CARTESIAN_POINT ( 'NONE',  ( 896.0824723145693724, 158.2538917228498292, 44.01202447681777841 ) ) ;
#1202 = CARTESIAN_POINT ( 'NONE',  ( 560.0000000000002274, -4.420414480003984181, -22.06143448496046489 ) ) ;
#1203 = CARTESIAN_POINT ( 'NONE',  ( 1322.135702698927162, 813.3887711718077753, 111.9197116854599159 ) ) ;
#1204 = CARTESIAN_POINT ( 'NONE',  ( 1244.858876235692833, 587.5902575706687685, 91.78484687549516252 ) ) ;
#1205 = CARTESIAN_POINT ( 'NONE',  ( 1009.661029944706911, 185.5376184563163520, -64.20396989481069738 ) ) ;
#1206 = CARTESIAN_POINT ( 'NONE',  ( 844.9594605382317241, 105.1542929596536453, -0.02756284639779415374 ) ) ;
#1207 = CARTESIAN_POINT ( 'NONE',  ( 898.7384839421604283, 140.9264422283212070, 30.19179579883872933 ) ) ;
#1208 = CARTESIAN_POINT ( 'NONE',  ( 1147.219823999117807, 354.5973793145162745, -4.125672861666368263 ) ) ;
#1209 = CARTESIAN_POINT ( 'NONE',  ( 958.0253515993488236, 141.9361569138258687, -47.47347800496987702 ) ) ;
#1210 = CARTESIAN_POINT ( 'NONE',  ( 1326.764466910662350, 546.3396182192888091, -61.11638318297976724 ) ) ;
#1211 = CARTESIAN_POINT ( 'NONE',  ( 1318.070837063643694, 699.5859640225673957, 50.85697474669422746 ) ) ;
#1212 = CARTESIAN_POINT ( 'NONE',  ( 1150.372689512597390, 344.5519648548700502, -21.68851675956562985 ) ) ;
#1213 = CARTESIAN_POINT ( 'NONE',  ( 895.0878715174173976, 164.7872708886237945, 58.19534503303713535 ) ) ;
#1214 = CARTESIAN_POINT ( 'NONE',  ( 1208.880694635321788, 356.9092160337847872, -96.55128050426385755 ) ) ;
#1215 = CARTESIAN_POINT ( 'NONE',  ( 897.5735200759550025, 148.4667261338037463, 23.68656189108158827 ) ) ;
#1216 = CARTESIAN_POINT ( 'NONE',  ( 998.2805398098812475, 238.6937819355086106, 58.82614494014509887 ) ) ;
#1217 = CARTESIAN_POINT ( 'NONE',  ( 1153.845729258790470, 333.4854856209163358, -42.57498385682956155 ) ) ;
#1218 = CARTESIAN_POINT ( 'NONE',  ( 997.2631968174725898, 243.3961229700416879, 54.05373484258536365 ) ) ;
#1219 = CARTESIAN_POINT ( 'NONE',  ( 1158.356969280059275, 319.1752491722241984, -44.87343700419203429 ) ) ;
#1220 = CARTESIAN_POINT ( 'NONE',  ( 733.7514942065955665, 43.77513515119179743, -24.04660210177825164 ) ) ;
#1221 = CARTESIAN_POINT ( 'NONE',  ( 903.7682412425025404, 107.8741380137968093, -58.71386361936442455 ) ) ;
#1222 = CARTESIAN_POINT ( 'NONE',  ( 1369.817191340718637, 596.3377953345092237, -98.77900174213793605 ) ) ;
#1223 = CARTESIAN_POINT ( 'NONE',  ( 947.1427874187471616, 201.3831537096838531, 62.75136638986023030 ) ) ;
#1224 = CARTESIAN_POINT ( 'NONE',  ( 618.4912694803725799, 13.47921908631614052, 0.3958976631664123391 ) ) ;
#1225 = CARTESIAN_POINT ( 'NONE',  ( 1130.755040128769679, 407.0698943571223367, 88.04588015359070141 ) ) ;
#1226 = CARTESIAN_POINT ( 'NONE',  ( 560.0000000000003411, -9.957004501793990769, -11.70295231626768562 ) ) ;
#1227 = CARTESIAN_POINT ( 'NONE',  ( 1179.255949385346867, 441.7887331892250131, 47.52288473757294440 ) ) ;
#1228 = CARTESIAN_POINT ( 'NONE',  ( 1302.631899174315777, 730.3892596253242573, 90.77585749825162509 ) ) ;
#1229 = CARTESIAN_POINT ( 'NONE',  ( 1393.469683608397645, 682.0815726112440416, -79.63089435262375559 ) ) ;
#1230 = CARTESIAN_POINT ( 'NONE',  ( 1439.105419393291641, 949.0691392042014058, -13.68063576281534033 ) ) ;
#1231 = CARTESIAN_POINT ( 'NONE',  ( 579.4368446421071894, 2.499661670205370889, 13.64291624714092244 ) ) ;
#1232 = CARTESIAN_POINT ( 'NONE',  ( 1440.915579965775805, 840.2792211678752210, -65.07826868707678614 ) ) ;
#1233 = CARTESIAN_POINT ( 'NONE',  ( 1233.456965056147737, 462.3093362490548657, 9.366560736342510296 ) ) ;
#1234 = CARTESIAN_POINT ( 'NONE',  ( 1050.940704592509064, 267.1607848791671245, 16.19939940068946171 ) ) ;
#1235 = CARTESIAN_POINT ( 'NONE',  ( 1294.324895747351775, 470.5215689740406901, -90.79940073236684839 ) ) ;
#1236 = CARTESIAN_POINT ( 'NONE',  ( 1171.441395473371358, 464.1784463474456857, 80.18233446386106777 ) ) ;
#1237 = CARTESIAN_POINT ( 'NONE',  ( 732.5572402931775287, 61.60875944105077195, 29.54460206347127027 ) ) ;
#1238 = CARTESIAN_POINT ( 'NONE',  ( 902.5944929219082269, 115.5235432548086152, -55.81037164062036737 ) ) ;
#1239 = CARTESIAN_POINT ( 'NONE',  ( 1300.061594369171871, 604.2409404850139936, 30.00116708624634043 ) ) ;
#1240 = CARTESIAN_POINT ( 'NONE',  ( 1269.014476113292176, 671.5374002150118713, 112.3061946457244318 ) ) ;
#1241 = CARTESIAN_POINT ( 'NONE',  ( 579.4172389991215368, 5.232479458223541435, 18.22879803851030189 ) ) ;
#1242 = CARTESIAN_POINT ( 'NONE',  ( 1445.708843317405808, 832.7446905149627128, -77.34274622662691456 ) ) ;
#1243 = CARTESIAN_POINT ( 'NONE',  ( 560.0000000000000000, -1.531602161035681586, -13.96121102591073715 ) ) ;
#1244 = CARTESIAN_POINT ( 'NONE',  ( 579.4368446421071894, 2.499661670205370889, 13.64291624714092244 ) ) ;
#1245 = CARTESIAN_POINT ( 'NONE',  ( 733.2729807948311418, 50.91726054601863183, -1.166720226507461655 ) ) ;
#1246 = CARTESIAN_POINT ( 'NONE',  ( 1365.972523696458893, 604.0171293875636138, -80.42349165512962372 ) ) ;
#1247 = CARTESIAN_POINT ( 'NONE',  ( 1159.166854238032784, 316.5924080950771327, -51.13486193597649532 ) ) ;
#1248 = CARTESIAN_POINT ( 'NONE',  ( 1047.809910842893260, 279.8589333339446057, 38.79775908198263323 ) ) ;
#1249 = CARTESIAN_POINT ( 'NONE',  ( 946.1589247993791787, 206.7355452750596498, 66.91150737981740804 ) ) ;
#1250 = CARTESIAN_POINT ( 'NONE',  ( 1275.488944001821437, 515.0855012314308397, -24.20269552195746954 ) ) ;
#1251 = CARTESIAN_POINT ( 'NONE',  ( 732.3031924797435295, 65.41847743964645190, 41.24951901369257001 ) ) ;
#1252 = CARTESIAN_POINT ( 'NONE',  ( 1451.893863366974756, 823.0234660604531882, -91.02002868276505865 ) ) ;
#1253 = CARTESIAN_POINT ( 'NONE',  ( 1418.638936016668595, 979.2940277777727260, 19.89802361988369839 ) ) ;
#1254 = CARTESIAN_POINT ( 'NONE',  ( 1380.610480172247435, 935.0542001371244396, 73.42125666463772404 ) ) ;
#1255 = CARTESIAN_POINT ( 'NONE',  ( 1198.844582008794760, 385.6573098660436472, -44.83782313772810824 ) ) ;
#1256 = CARTESIAN_POINT ( 'NONE',  ( 579.3827611722975917, 10.09610222227020770, 19.20794523271091592 ) ) ;
#1257 = CARTESIAN_POINT ( 'NONE',  ( 1110.484667358759907, 271.4987358082505580, -39.14210625450301961 ) ) ;
#1258 = CARTESIAN_POINT ( 'NONE',  ( 618.5640990128721342, 9.155953960418012016, -17.03271888175958892 ) ) ;
#1259 = CARTESIAN_POINT ( 'NONE',  ( 1063.598453459197344, 215.8615350642208455, -77.43320291954262302 ) ) ;
#1260 = CARTESIAN_POINT ( 'NONE',  ( 579.4951621774720252, -5.469561951575064640, -25.06795246363893526 ) ) ;
#1261 = CARTESIAN_POINT ( 'NONE',  ( 1208.680108686341100, 526.6052955163793285, 93.40997250795169293 ) ) ;
#1262 = CARTESIAN_POINT ( 'NONE',  ( 618.7629492257146921, -1.559018843120900000, -14.27917065524981233 ) ) ;
#1263 = CARTESIAN_POINT ( 'NONE',  ( 1047.809910842893260, 279.8589333339446057, 38.79775908198263323 ) ) ;
#1264 = CARTESIAN_POINT ( 'NONE',  ( 1088.651113294808283, 349.4721783265723616, 72.16084997774198939 ) ) ;
#1265 = ADVANCED_FACE ( 'NONE', ( #4323 ), #5511, .T. ) ;
#1266 = CARTESIAN_POINT ( 'NONE',  ( 1008.954527696440209, 188.8306411330736125, -57.00837938530761306 ) ) ;
#1267 = CARTESIAN_POINT ( 'NONE',  ( 1435.124687651160912, 954.9478811029980534, -12.42355384262624618 ) ) ;
#1268 = CARTESIAN_POINT ( 'NONE',  ( 1287.266886037530185, 631.9762339327220388, 65.86657858706811908 ) ) ;
#1269 = CARTESIAN_POINT ( 'NONE',  ( 1059.892693550629474, 230.8500461605223677, -57.49893802200705295 ) ) ;
#1270 = CARTESIAN_POINT ( 'NONE',  ( 560.0000000000003411, -6.901469079049043387, 0.6218703676066009711 ) ) ;
#1271 = CARTESIAN_POINT ( 'NONE',  ( 618.4589901290762555, 15.41915087322466960, 8.055174753729517079 ) ) ;
#1272 = CARTESIAN_POINT ( 'NONE',  ( 1400.388779365349592, 669.3524082641905579, -91.26725390783829539 ) ) ;
#1273 = CARTESIAN_POINT ( 'NONE',  ( 895.4887583837540888, 162.1496366286748980, 51.59817162219723485 ) ) ;
#1274 = CARTESIAN_POINT ( 'NONE',  ( 1045.281848725504233, 290.1115449730731370, 56.12565307873312292 ) ) ;
#1275 = CARTESIAN_POINT ( 'NONE',  ( 734.0720876785079554, 39.02255514371076117, -37.87010435968495159 ) ) ;
#1276 = CARTESIAN_POINT ( 'NONE',  ( 790.2879969943809328, 68.98302298867223215, 12.31427583815386306 ) ) ;
#1277 = CARTESIAN_POINT ( 'NONE',  ( 1321.989073701080542, 813.6585385518155817, 111.7896867090208133 ) ) ;
#1278 = CARTESIAN_POINT ( 'NONE',  ( 1333.840687232488563, 791.8487774656999818, 87.65315780887296171 ) ) ;
#1279 = CARTESIAN_POINT ( 'NONE',  ( 791.0068437247482507, 61.17667887184574482, -43.15675319231791462 ) ) ;
#1280 = CARTESIAN_POINT ( 'NONE',  ( 560.0000000000000000, -4.231452803012129671, -21.90585614985719332 ) ) ;
#1281 = CARTESIAN_POINT ( 'NONE',  ( 559.9999999999996589, -2.370505799344366338, 10.50792722061310158 ) ) ;
#1282 = CARTESIAN_POINT ( 'NONE',  ( 1426.621123461766047, 932.5923743685035561, -6.407547436238389515 ) ) ;
#1283 = CARTESIAN_POINT ( 'NONE',  ( 1364.274251824063413, 607.4080469312593777, -73.20068569917992818 ) ) ;
#1284 = CARTESIAN_POINT ( 'NONE',  ( 1395.569637511359815, 678.2284221113245621, -72.28523380742362292 ) ) ;
#1285 = CARTESIAN_POINT ( 'NONE',  ( 1094.470293952473185, 328.6728661166238226, 39.16572680101513271 ) ) ;
#1286 = CARTESIAN_POINT ( 'NONE',  ( 559.9999999999998863, 6.109752180037860469, 23.66320296420139968 ) ) ;
#1287 = CARTESIAN_POINT ( 'NONE',  ( 1149.330691419535015, 347.8719320137673208, -15.81725454219687776 ) ) ;
#1288 = CARTESIAN_POINT ( 'NONE',  ( 560.0000000000005684, 6.246290151222955167, 23.46120120716004465 ) ) ;
#1289 = CARTESIAN_POINT ( 'NONE',  ( 1209.085046056942929, 356.3260423012515048, -96.78794545209417777 ) ) ;
#1290 = CARTESIAN_POINT ( 'NONE',  ( 1410.175649526622237, 957.5696311155659259, 26.53436058229222283 ) ) ;
#1291 = CARTESIAN_POINT ( 'NONE',  ( 1280.029261807276725, 647.6642249907614541, 84.82474265060113794 ) ) ;
#1292 = CARTESIAN_POINT ( 'NONE',  ( 1441.437089725736769, 945.6257300609880758, -25.97422881678624407 ) ) ;
#1293 = CARTESIAN_POINT ( 'NONE',  ( 842.6897118906654214, 123.6408810428475533, 43.17834698045359687 ) ) ;
#1294 = CARTESIAN_POINT ( 'NONE',  ( 1203.234991088201014, 373.1291374907815452, -44.20209222242316116 ) ) ;
#1295 = CARTESIAN_POINT ( 'NONE',  ( 1129.063211990564696, 412.4516291919503033, 94.15450519225737480 ) ) ;
#1296 = CARTESIAN_POINT ( 'NONE',  ( 618.5685607980509531, 8.895985985151741104, -18.07830752621213222 ) ) ;
#1297 = CARTESIAN_POINT ( 'NONE',  ( 1429.659871020360015, 741.2302763597700732, -96.87256738655237598 ) ) ;
#1298 = CARTESIAN_POINT ( 'NONE',  ( 1334.937096356816937, 528.6018578202263143, -103.1944863941305641 ) ) ;
#1299 = CARTESIAN_POINT ( 'NONE',  ( 1374.055631907644056, 945.3535406481850032, 84.73274943501101575 ) ) ;
#1300 = CARTESIAN_POINT ( 'NONE',  ( 956.9845611254254436, 147.6493740517204856, -26.71671131888707151 ) ) ;
#1301 = CARTESIAN_POINT ( 'NONE',  ( 1092.642651273092724, 335.2056612679155592, 49.81882552940906095 ) ) ;
#1302 = CARTESIAN_POINT ( 'NONE',  ( 995.9698778760968025, 249.4306770537400837, 63.96840154429938963 ) ) ;
#1303 = CARTESIAN_POINT ( 'NONE',  ( 902.0274661824569193, 119.2323061481630617, -46.83459779301183801 ) ) ;
#1304 = APPROVAL_DATE_TIME ( #226, #433 ) ;
#1305 = CARTESIAN_POINT ( 'NONE',  ( 1319.716217146553390, 696.3175188606080610, 60.03959765892148681 ) ) ;
#1306 = CARTESIAN_POINT ( 'NONE',  ( 1156.659733511681679, 324.5188142252842454, -60.77479732524598433 ) ) ;
#1307 = CARTESIAN_POINT ( 'NONE',  ( 1056.394652759390965, 245.1255441513822291, 2.270504309486721439 ) ) ;
#1308 = CARTESIAN_POINT ( 'NONE',  ( 560.0000000000001137, 2.481604436369917455, 4.443260763712506112 ) ) ;
#1309 = CARTESIAN_POINT ( 'NONE',  ( 676.8208766885578598, 13.98132578369575896, -34.30154909656855011 ) ) ;
#1310 = CARTESIAN_POINT ( 'NONE',  ( 788.0322974904039484, 92.70004315905316616, 41.36153427512437020 ) ) ;
#1311 = CARTESIAN_POINT ( 'NONE',  ( 1407.972952750793866, 995.0455445286612530, 39.38792772750419857 ) ) ;
#1312 = CARTESIAN_POINT ( 'NONE',  ( 1330.954821398249351, 537.2234355363024179, -96.56265020678760891 ) ) ;
#1313 = CARTESIAN_POINT ( 'NONE',  ( 733.8730328812143853, 42.23943131260438832, 7.833041266454230822 ) ) ;
#1314 = CARTESIAN_POINT ( 'NONE',  ( 579.3806620216286092, 10.33373202813173997, 25.88538772413002675 ) ) ;
#1315 = CARTESIAN_POINT ( 'NONE',  ( 732.8562612204171955, 57.28076317377016835, 32.97431207609841408 ) ) ;
#1316 = CARTESIAN_POINT ( 'NONE',  ( 1111.512487245611283, 267.7526207851524873, -77.15347119712309620 ) ) ;
#1317 = CARTESIAN_POINT ( 'NONE',  ( 1393.656538439060341, 914.5548340854742264, 49.53456717258384856 ) ) ;
#1318 = CARTESIAN_POINT ( 'NONE',  ( 1053.620219992393231, 256.2923126836317920, -4.132743586801611357 ) ) ;
#1319 = CARTESIAN_POINT ( 'NONE',  ( 1365.199612814398506, 605.5604463315737576, -77.08765848855215097 ) ) ;
#1320 = CARTESIAN_POINT ( 'NONE',  ( 734.6317535245140107, 30.89229547916069407, -31.29558151503276875 ) ) ;
#1321 = CARTESIAN_POINT ( 'NONE',  ( 949.3757928088267590, 189.1343736988486057, 30.48377623736460151 ) ) ;
#1322 = CARTESIAN_POINT ( 'NONE',  ( 1269.143564112799368, 671.2537141392316471, 107.0942718690871516 ) ) ;
#1323 = CARTESIAN_POINT ( 'NONE',  ( 1374.657340511533448, 716.7144697933709949, -24.26132312674068459 ) ) ;
#1324 = CARTESIAN_POINT ( 'NONE',  ( 560.0000000000000000, 6.405798179645212365, 22.65573164946607321 ) ) ;
#1325 = CARTESIAN_POINT ( 'NONE',  ( 1403.331153117463145, 663.9291992189342864, -108.2485196199904891 ) ) ;
#1326 = DESIGN_CONTEXT ( 'detailed design', #4976, 'design' ) ;
#1327 = CARTESIAN_POINT ( 'NONE',  ( 675.9334036502706340, 35.03698218603260983, 15.42422857753400400 ) ) ;
#1328 = CARTESIAN_POINT ( 'NONE',  ( 788.9422834757708642, 83.16905900840771437, 35.28693443864916190 ) ) ;
#1329 = CARTESIAN_POINT ( 'NONE',  ( 1320.781308586904288, 559.2868721770233833, -56.61984775024502881 ) ) ;
#1330 = CARTESIAN_POINT ( 'NONE',  ( 895.9378132151659884, 159.2034124732181510, 45.96690892712935295 ) ) ;
#1331 = CARTESIAN_POINT ( 'NONE',  ( 1238.600995644766954, 602.3933441886576929, 109.1142636471928427 ) ) ;
#1332 = CARTESIAN_POINT ( 'NONE',  ( 846.4458585753758371, 93.04958001879755614, -32.32534113970906731 ) ) ;
#1333 = CARTESIAN_POINT ( 'NONE',  ( 1403.038730963642593, 664.4701530718407412, -103.0154333717956234 ) ) ;
#1334 = CARTESIAN_POINT ( 'NONE',  ( 559.9999999999998863, -7.571976549505006204, -23.01053881929274425 ) ) ;
#1335 = CARTESIAN_POINT ( 'NONE',  ( 1352.173712770246311, 873.4797961616638986, 93.57214025223603926 ) ) ;
#1336 = CARTESIAN_POINT ( 'NONE',  ( 1445.460515930105430, 939.6839370097253550, -28.45679815816045632 ) ) ;
#1337 = CARTESIAN_POINT ( 'NONE',  ( 675.8216232988635284, 37.73244717698599260, 23.83286894002729284 ) ) ;
#1338 = CARTESIAN_POINT ( 'NONE',  ( 579.5006073547621099, -6.353833859326219802, -7.648026302597165760 ) ) ;
#1339 = CARTESIAN_POINT ( 'NONE',  ( 560.0000000000003411, 6.316364982620063628, 20.64552351428018895 ) ) ;
#1340 = CARTESIAN_POINT ( 'NONE',  ( 1447.293032907391989, 936.9776771980895091, -39.40723584450935135 ) ) ;
#1341 =( LENGTH_UNIT ( ) NAMED_UNIT ( * ) SI_UNIT ( .MILLI., .METRE. ) );
#1342 = CARTESIAN_POINT ( 'NONE',  ( 789.4745713393610913, 77.56019191889393483, 26.85578630189775140 ) ) ;
#1343 = CARTESIAN_POINT ( 'NONE',  ( 1108.988165395013084, 276.7732902612452790, -57.25141071705372298 ) ) ;
#1344 = CARTESIAN_POINT ( 'NONE',  ( 618.7366025895257735, 0.02628951729794709938, -6.909324366701313558 ) ) ;
#1345 = CARTESIAN_POINT ( 'NONE',  ( 897.7110347248935796, 147.5639878180010953, 21.73519772778963244 ) ) ;
#1346 = CARTESIAN_POINT ( 'NONE',  ( 1161.777269140702174, 308.2573317017233876, -76.63324302483802342 ) ) ;
#1347 = CARTESIAN_POINT ( 'NONE',  ( 1326.343590900503841, 805.6418448678670075, 93.63270899458338192 ) ) ;
#1348 = CARTESIAN_POINT ( 'NONE',  ( 1307.183857542276883, 721.3074673893819408, 79.09719114427608133 ) ) ;
#1349 = CARTESIAN_POINT ( 'NONE',  ( 618.6359557578007298, 5.092245943531361618, -29.25861994486654183 ) ) ;
#1350 = CARTESIAN_POINT ( 'NONE',  ( 1359.495092092783807, 744.6355712279864747, 29.78130335378829940 ) ) ;
#1351 = CARTESIAN_POINT ( 'NONE',  ( 560.0000000000000000, 5.090550137755199600, 22.49834047842578144 ) ) ;
#1352 = CARTESIAN_POINT ( 'NONE',  ( 1046.460130042043829, 285.3728058554306699, 61.68051592088067281 ) ) ;
#1353 = CARTESIAN_POINT ( 'NONE',  ( 1290.197103972362811, 480.2696742535083558, -85.54858803993039373 ) ) ;
#1354 = CARTESIAN_POINT ( 'NONE',  ( 1096.236393576168211, 322.4075080237304292, 46.70685981275855880 ) ) ;
#1355 = CARTESIAN_POINT ( 'NONE',  ( 1428.151076659788259, 965.2465050185481914, 1.561919453684835535 ) ) ;
#1356 = CARTESIAN_POINT ( 'NONE',  ( 1290.982896108024079, 478.4415615699334126, -70.42530184558385997 ) ) ;
#1357 = CARTESIAN_POINT ( 'NONE',  ( 579.5067324322469631, -7.139342390906190161, -20.01653189949566780 ) ) ;
#1358 = CARTESIAN_POINT ( 'NONE',  ( 732.6771311847419383, 59.81872500745084409, 24.74272079892136489 ) ) ;
#1359 = CARTESIAN_POINT ( 'NONE',  ( 1204.777054161890874, 536.7293933991616086, 102.1564309544226603 ) ) ;
#1360 = CARTESIAN_POINT ( 'NONE',  ( 1331.635678649322244, 535.7697936770470051, -84.19115290680674946 ) ) ;
#1361 = CARTESIAN_POINT ( 'NONE',  ( 1336.180333104623287, 663.4519150860971877, 0.8057370757139005191 ) ) ;
#1362 = CARTESIAN_POINT ( 'NONE',  ( 995.4601606451731186, 251.8127774642725569, 69.52510362966413027 ) ) ;
#1363 = CARTESIAN_POINT ( 'NONE',  ( 1242.766439076367305, 592.5398970447413376, 97.26265832698736347 ) ) ;
#1364 = CARTESIAN_POINT ( 'NONE',  ( 847.5169141092432028, 84.36341167532953023, -53.65871265650744704 ) ) ;
#1365 = CARTESIAN_POINT ( 'NONE',  ( 1348.071099215597997, 765.6515944321433835, 43.55316957881143480 ) ) ;
#1366 = CARTESIAN_POINT ( 'NONE',  ( 1246.132351451157774, 584.5777522016878720, 88.25103160217972231 ) ) ;
#1367 = CARTESIAN_POINT ( 'NONE',  ( 846.2914345558633613, 94.30659721184612465, -28.71049086500806524 ) ) ;
#1368 = CARTESIAN_POINT ( 'NONE',  ( 996.9857187935969023, 244.6911757836360835, 56.39424715879258798 ) ) ;
#1369 = CARTESIAN_POINT ( 'NONE',  ( 732.4190023969433696, 63.74188054052645924, 42.01908885483537404 ) ) ;
#1370 = CARTESIAN_POINT ( 'NONE',  ( 579.4373258205652064, 2.610532121994539878, -12.38362141328229882 ) ) ;
#1371 = CARTESIAN_POINT ( 'NONE',  ( 1209.161027035360121, 356.1211847208188033, -91.39334294516420698 ) ) ;
#1372 = CARTESIAN_POINT ( 'NONE',  ( 1370.897400851584962, 594.1801136602985025, -104.3049459250210873 ) ) ;
#1373 = CARTESIAN_POINT ( 'NONE',  ( 996.5441423106699403, 246.7820734804122651, 68.88603231998763476 ) ) ;
#1374 = CARTESIAN_POINT ( 'NONE',  ( 903.3612995651878919, 110.6198539424167819, -32.82640265248722500 ) ) ;
#1375 = CARTESIAN_POINT ( 'NONE',  ( 948.5776188062552592, 193.4993402176095287, 38.98688850419038232 ) ) ;
#1376 = CARTESIAN_POINT ( 'NONE',  ( 1348.445826576818490, 638.9996459452901263, -17.81077771923105502 ) ) ;
#1377 = CARTESIAN_POINT ( 'NONE',  ( 787.9377076371337125, 93.70531640730715139, 43.68103373173517667 ) ) ;
#1378 = CARTESIAN_POINT ( 'NONE',  ( 790.7953030520250195, 63.40634624379942608, -37.74081740683072184 ) ) ;
#1379 = CARTESIAN_POINT ( 'NONE',  ( 1439.500551063915509, 948.4856090247980092, -21.69687085393588077 ) ) ;
#1380 = CARTESIAN_POINT ( 'NONE',  ( 579.4399620767248962, 2.065378234200341279, 12.86623832820139235 ) ) ;
#1381 = CARTESIAN_POINT ( 'NONE',  ( 560.0000000000007958, -2.191365320448180665, -16.53294145749405075 ) ) ;
#1382 = CARTESIAN_POINT ( 'NONE',  ( 902.1809855002998120, 118.3776146354853296, -10.48664705946750075 ) ) ;
#1383 = CARTESIAN_POINT ( 'NONE',  ( 560.0000000000002274, 3.338701232196776392, 8.335786174493300393 ) ) ;
#1384 = CARTESIAN_POINT ( 'NONE',  ( 1011.644310715567940, 176.3331499740133665, -69.26560436634642315 ) ) ;
#1385 = CARTESIAN_POINT ( 'NONE',  ( 787.9133519339310396, 93.96617718785569195, 44.66523830826480435 ) ) ;
#1386 = B_SPLINE_SURFACE_WITH_KNOTS ( 'NONE', 3, 3, ( 
 ( #1566, #4853, #2112, #2690, #3809, #7063, #1091, #5535, #3843, #1024, #3738, #483, #2794, #4417, #14, #6625, #7030, #4890, #4313, #6517, #1530, #583, #1125 ),
 ( #2181, #3338, #2079, #7100, #2146, #6078, #6589, #6012, #1674, #989, #4925, #3270, #3773, #4384, #4349, #3877, #4277, #6484, #5942, #2759, #6554, #3198, #5400 ),
 ( #3234, #448, #5435, #5468, #1638, #1603, #517, #2725, #6045, #3303, #5501, #617, #3485, #4484, #6731, #3944, #768, #5106, #6148, #2828, #730, #693, #1707 ),
 ( #5030, #81, #655, #1782, #2285, #6224, #3521, #1821, #1196, #3912, #5606, #4996, #192, #2939, #4597, #47, #2863, #6693, #1742, #6659, #5720, #6261, #4056 ),
 ( #1308, #2251, #5066, #115, #4450, #4559, #3982, #2397, #6112, #2904, #1234, #3408, #156, #2322, #1857, #1159, #6808, #3373, #5142, #4519, #6188, #4020, #3446 ),
 ( #5645, #5571, #1271, #6771, #5682, #2361, #372, #4777, #6336, #6407, #2472, #3697, #5832, #2578, #1454, #6987, #266, #2038, #4672, #3121, #3594, #3053, #5902 ),
 ( #5867, #912, #5322, #3558, #4634, #301, #1970, #4236, #5253, #6443, #2976, #1488, #3663, #6952, #5178, #845, #2435, #1933, #230, #4169, #6844, #5758, #1893 ),
 ( #1383, #6884, #4092, #804, #6298, #4741, #880, #1345, #3014, #5214, #4132, #5796, #4706, #2508, #6918, #6372, #3087, #1421, #337, #3629, #5287, #2542, #2003 ),
 ( #4202, #2682, #7056, #3870, #1051, #2105, #5935, #3836, #3801, #4812, #4377, #1631, #7, #2209, #1523, #6510, #3226, #5359, #7092, #5494, #1559, #407, #1084 ),
 ( #6038, #544, #947, #3766, #3191, #3731, #2611, #6618, #4410, #1667, #5970, #1017, #3296, #7023, #2752, #3157, #1595, #2174, #981, #2072, #4270, #4953, #6477 ),
 ( #5427, #5393, #441, #2647, #4846, #4306, #475, #4882, #4918, #2138, #4341, #6546, #6005, #3262, #5460, #510, #2718, #7128, #6582, #6181, #6724, #1735, #723 ),
 ( #5099, #5023, #686, #648, #108, #4590, #3439, #6652, #6141, #2897, #1263, #149, #5599, #1227, #1152, #1814, #6217, #3331, #3937, #4989, #6071, #4512, #2857 ),
 ( #2354, #1852, #1189, #5528, #74, #4013, #2315, #3401, #4552, #3478, #6764, #5059, #5638, #3366, #5675, #2932, #576, #1775, #40, #1118, #3975, #5136, #2390 ),
 ( #2787, #186, #6801, #2244, #4443, #1700, #3905, #6105, #2278, #2821, #4477, #610, #5564, #6686, #761, #3550, #3656, #4195, #5245, #4161, #4050, #3515, #2969 ),
 ( #2427, #258, #4124, #5750, #5172, #6876, #4769, #5206, #1375, #1413, #6365, #1301, #1962, #4626, #796, #6837, #6291, #1924, #836, #1885, #5280, #2570, #872 ),
 ( #5712, #6400, #5313, #3006, #4084, #2464, #294, #222, #3622, #3045, #4665, #3080, #2501, #5825, #329, #365, #6980, #6328, #3587, #3114, #2535, #4700, #1446 ),
 ( #1996, #5860, #4734, #1337, #6910, #5788, #6945, #906, #6254, #5961, #4369, #2167, #6032, #3254, #4263, #5419, #2604, #5453, #1586, #502, #3149, #6574, #3827 ),
 ( #4838, #1077, #7049, #2031, #1044, #973, #3793, #3757, #3218, #538, #6537, #4805, #467, #2746, #5997, #7016, #2098, #2710, #1624, #4910, #1549, #2130, #6470 ),
 ( #6503, #1008, #3289, #4297, #7120, #4946, #5488, #4229, #6436, #1481, #2673, #3690, #3184, #5895, #4873, #940, #2065, #5351, #400, #7083, #1515, #3723, #5927 ),
 ( #5386, #434, #2638, #4332, #100, #7157, #6611, #3864, #3325, #6715, #3930, #2779, #5629, #6646, #1728, #6098, #2924, #2307, #1146, #4982, #2887, #2849, #6065 ),
 ( #6210, #1256, #570, #5557, #2270, #4404, #6133, #4542, #603, #1660, #138, #3469, #3899, #35, #3358, #3394, #1112, #1765, #1182, #2814, #6172, #5591, #4505 ),
 ( #715, #5016, #67, #5667, #3966, #639, #6755, #5522, #5051, #1218, #2238, #3430, #4470, #4004, #2202, #1804, #4437, #5089, #6679, #677, #2344, #1694, #2382 ),
 ( #5703, #6358, #4693, #3615, #6246, #2621, #7032, #1330, #1406, #4619, #5944, #829, #4821, #5817, #2081, #2419, #3741, #991, #3168, #4279, #1955, #214, #6321 ),
 ( #6486, #1844, #957, #252, #4077, #4154, #6830, #4581, #4042, #1368, #3580, #5781, #6793, #2960, #1878, #6904, #5238, #3038, #788, #1532, #2998, #5128, #5369 ),
 ( #6283, #178, #3543, #417, #5743, #5199, #1293, #2457, #4657, #3506, #752, #5164, #6868, #1916, #4116, #287, #2493, #3272, #6080, #3914, #3340, #1676, #16 ),
 ( #2218, #5470, #4998, #6591, #1093, #3306, #1026, #4351, #7102, #1605, #4892, #6014, #2796, #7065, #2692, #49, #5537, #4386, #5503, #3200, #2656, #2114, #6519 ),
 ( #6556, #519, #2148, #4315, #1060, #6114, #3811, #2727, #553, #2761, #450, #4962, #3775, #4927, #5979, #5437, #7137, #2183, #3236, #4419, #1710, #6627, #1641 ),
 ( #5402, #585, #1127, #2253, #4855, #3845, #485, #6047, #1568, #3879, #4452, #6661, #6734, #1236, #4058, #5573, #5722, #232, #1823, #2399, #1199, #2941, #6226 ),
 ( #3984, #770, #5032, #657, #2978, #1310, #2363, #1273, #1162, #620, #83, #4486, #732, #5108, #3946, #6810, #2866, #2906, #118, #4094, #3487, #2325, #6151 ),
 ( #5684, #1745, #5069, #3411, #5609, #6190, #158, #4523, #4599, #6847, #5144, #1784, #2288, #3449, #3375, #3523, #6264, #5180, #2830, #5647, #695, #4561, #6696 ),
 ( #6773, #194, #1859, #4636, #1895, #4022, #2437, #4779, #2544, #6374, #3123, #3017, #5289, #3631, #4674, #339, #2510, #2580, #1347, #374, #806, #3665, #4708 ),
 ( #4134, #3560, #5216, #1423, #5834, #882, #5760, #6886, #6338, #6954, #4743, #3089, #303, #6989, #6920, #6300, #5324, #1972, #5869, #2005, #4204, #268, #914 ),
 ( #2474, #4171, #6410, #6445, #1935, #1385, #1456, #3055, #2040, #4238, #3596, #5798, #847, #5255, #3574, #3999, #2340, #634, #6825, #2919, #2452, #4037, #5698 ),
 ( #1324, #6278, #4614, #2844, #5662, #95, #6750, #5738, #1838, #2993, #3425, #3538, #2414, #747, #5046, #4652, #2302, #4500, #6315, #2377, #6710, #1760, #6205 ),
 ( #5158, #3960, #6241, #6166, #1251, #710, #4537, #1213, #3464, #1362, #1799, #5123, #209, #2955, #5624, #1873, #672, #173, #2881, #5084, #4576, #6788, #133 ),
 ( #1288, #5194, #3501, #4072, #784, #1911, #247, #6863, #4111, #2020, #4688, #5339, #4758, #4185, #4792, #6969, #928, #3136, #2086, #6491, #1436, #6389, #4826 ),
 ( #5812, #4284, #1537, #3711, #5374, #2592, #861, #4218, #3645, #2524, #5915, #3032, #2559, #961, #3173, #2626, #7004, #3068, #6425, #6353, #2053, #388, #4251 ),
 ( #6458, #5884, #1471, #5849, #422, #895, #5775, #1503, #4723, #7037, #354, #3679, #823, #5233, #1401, #3103, #282, #2489, #6899, #5303, #1950, #5269, #4149 ),
 ( #3610, #318, #6934, #1985, #6561, #1681, #1646, #3850, #1573, #4897, #490, #2154, #5442, #1610, #3344, #455, #3241, #5542, #3884, #4932, #6052, #3746, #3205 ),
 ( #7142, #2119, #7107, #3816, #2697, #4860, #6019, #4456, #4356, #1065, #1098, #3311, #996, #5508, #4320, #3277, #6524, #5984, #5475, #524, #3780, #4967, #2257 ),
 ( #2732, #5407, #6085, #5002, #2188, #1031, #4391, #6596, #2661, #558, #2766, #21, #2224, #4424, #6632, #1132, #53, #6665, #589, #2800, #5949, #7070, #5651 ),
 ( #6814, #1314, #5688, #3950, #2910, #2329, #5614, #1863, #6118, #699, #4062, #6268, #5727, #2945, #6156, #5112, #2292, #5148, #1277, #198, #2834, #3527, #773 ),
 ( #4527, #2982, #6738, #1714, #736, #662, #3490, #3453, #162, #236, #6230, #4490, #1788, #2403, #5184, #4603, #1240, #1827, #1203, #2441, #4641, #1166, #3988 ),
 ( #2367, #6194, #3918, #3379, #5577, #624, #4565, #5036, #2871, #87, #6777, #6700, #1749, #4026, #3415, #5074, #122, #1899, #5363, #1426, #6304, #6851, #5258 ),
 ( #1351, #3564, #3021, #6414, #3634, #2479, #5328, #6342, #5838, #5801, #2615, #6958, #850, #4678, #2583, #2547, #5764, #3126, #377, #5906, #951, #272, #307 ),
 ( #411, #3668, #3058, #811, #2513, #4099, #2043, #4782, #6448, #5222, #4711, #1939, #6889, #4138, #1390, #3161, #3599, #6923, #1975, #6993, #4174, #4241, #6378 ),
 ( #885, #1493, #3093, #4747, #5292, #342, #2009, #4207, #3701, #1460, #5873, #917, #646, #7096, #3769, #1733, #7059, #2075, #1526, #6103, #1150, #3363, #4273 ),
 ( #2313, #6722, #1020, #1187, #4309, #5636, #608, #4510, #3399, #1772, #2108, #3973, #6513, #5057, #5431, #4886, #684, #1562, #3230, #2855, #106, #6179, #5396 ),
 ( #6480, #479, #3734, #5973, #3805, #3437, #4815, #2686, #2142, #7026, #3935, #4345, #1225, #5562, #2819, #5021, #6550, #1599, #72, #2276, #5938, #985, #4475 ),
 ( #6684, #6139, #3194, #444, #2650, #4849, #5597, #6835, #5673, #1373, #2388, #4624, #1850, #5824, #3004, #4048, #721, #5786, #5748, #6762, #6326, #3585, #1961 ),
 ( #1883, #2930, #4122, #1412, #6874, #6252, #1812, #3512, #2895, #5244, #835, #2500, #5097, #5709, #5134, #184, #4550, #3621, #4160, #6364, #1299, #2967, #3044 ),
 ( #147, #3548, #293, #4588, #2352, #4011, #4699, #6909, #1922, #6799, #4082, #759, #5170, #6215, #1261, #6289, #3475, #220, #2425, #1335, #794, #5204, #256 ),
 ( #2462, #4663, #5312, #2637, #972, #1514, #3689, #2672, #5894, #871, #7048, #6979, #4837, #2603, #2064, #6536, #5385, #1445, #939, #2097, #3216, #4295, #399 ),
 ( #3655, #2534, #5350, #7015, #1007, #5418, #6469, #3148, #5960, #6502, #1548, #3792, #4803, #328, #2030, #466, #4262, #4872, #5859, #3756, #7082, #3722, #2129 ),
 ( #3113, #5279, #4733, #5926, #3183, #432, #6944, #905, #364, #4331, #1585, #3078, #1995, #4194, #6399, #2569, #4768, #4228, #6435, #1480, #34, #4503, #3357 ),
 ( #1763, #3288, #2201, #1727, #3929, #6131, #6573, #501, #3324, #4981, #1180, #3392, #4436, #1659, #5589, #4469, #2813, #5996, #3863, #5452, #4945, #637, #2237 ),
 ( #6678, #602, #3898, #1043, #2847, #3253, #2709, #6713, #569, #4909, #7119, #4403, #6097, #6645, #5556, #2166, #1693, #4368, #6609, #6064, #537, #1622, #1111 ),
 ( #1145, #7156, #3826, #5049, #5015, #6030, #2269, #98, #2305, #1076, #5487, #5521, #2778, #2745, #66, #1366, #4579, #3428, #4114, #5236, #713, #1802, #2922 ),
 ( #6208, #6753, #5627, #2491, #285, #3036, #2380, #4040, #6866, #1216, #3578, #4691, #4617, #5197, #4002, #6902, #3964, #1914, #5779, #786, #1254, #5162, #6791 ),
 ( #675, #176, #250, #3467, #6170, #6828, #827, #2455, #2885, #5665, #5087, #5126, #6319, #1841, #6244, #136, #1291, #3504, #2342, #4540, #5701, #750, #2958 ),
 ( #212, #2417, #1876, #4075, #6281, #1328, #3541, #5741, #2996, #4655, #4221, #3749, #5342, #7007, #2056, #6937, #3106, #5852, #357, #3648, #4761, #1540, #5815 ),
 ( #2089, #3139, #4254, #1953, #1404, #864, #5272, #1506, #5887, #4726, #425, #1439, #3682, #898, #4864, #6461, #5306, #1988, #4829, #4795, #3071, #5377, #2629 ),
 ( #6972, #931, #4188, #3176, #458, #5918, #2562, #321, #2023, #4152, #4287, #7040, #5952, #6356, #6428, #6392, #1474, #3613, #2664, #3209, #999, #391, #2595 ),
 ( #6494, #5410, #3714, #2527, #964, #5581, #2838, #5006, #6669, #3888, #2158, #1102, #528, #3818, #57, #4324, #3854, #2261, #4460, #3921, #1136, #4360, #3315 ),
 ( #5512, #6528, #4900, #6565, #1685, #25, #7146, #7074, #1614, #3280, #2804, #1718, #6122, #494, #1577, #4394, #6055, #1170, #3383, #561, #2736, #628, #5546 ),
 ( #2122, #6089, #2192, #3784, #2770, #4971, #2228, #7111, #1068, #6022, #5478, #4936, #6600, #5988, #1035, #1650, #3245, #5445, #4427, #6636, #2701, #3348, #593 ),
 ( #3419, #1244, #5116, #6742, #6160, #703, #5767, #6198, #2371, #2407, #202, #2296, #2949, #5618, #1792, #666, #126, #2913, #1831, #2875, #6271, #3567, #1866 ),
 ( #4494, #5187, #6307, #3992, #5078, #3457, #5731, #777, #2333, #6704, #815, #1354, #4103, #5655, #166, #2986, #1753, #2444, #5040, #5691, #1317, #4530, #90 ),
 ( #1281, #4569, #5151, #6781, #1903, #3954, #4644, #1207, #239, #4030, #6234, #4065, #3494, #740, #4607, #6818, #3531, #6855, #275, #853, #310, #4785, #3129 ),
 ( #2516, #3737, #5876, #414, #6451, #4818, #4715, #2618, #6926, #3164, #3637, #2078, #2586, #6961, #7029, #4141, #920, #6417, #5804, #5331, #3096, #4276, #5225 ),
 ( #5909, #5295, #1978, #6996, #5261, #2482, #6892, #4210, #1463, #3671, #4681, #3061, #4177, #2046, #381, #4244, #5841, #6483, #888, #3024, #1496, #6381, #3704 ),
 ( #1529, #954, #3602, #346, #5366, #5941, #1942, #2550, #6345, #1429, #1393, #4750, #2012, #3808, #7062, #3233, #7134, #6658, #3911, #4348, #2689, #988, #13 ),
 ( #6077, #2180, #3337, #3772, #1673, #2758, #6044, #3197, #4995, #5399, #447, #1706, #2724, #2653, #4852, #6553, #1090, #4383, #5500, #2111, #6588, #6516, #1602 ),
 ( #482, #4924, #7099, #4312, #3302, #2145, #5976, #3876, #3842, #1565, #4416, #1124, #46, #2250, #1023, #6011, #3269, #5434, #1637, #5534, #1057, #4889, #582 ),
 ( #2793, #5467, #2215, #4449, #516, #550, #4959, #6624, #229, #5177, #4518, #6187, #1856, #3372, #3520, #5570, #191, #6807, #4055, #1741, #616, #4633, #2434 ),
 ( #1270, #6843, #1892, #1781, #6730, #6111, #5681, #2903, #5719, #80, #4019, #2360, #3943, #6223, #1233, #2975, #1158, #767, #2827, #6260, #3445, #5065, #2938 ),
 ( #1195, #4558, #6692, #2396, #729, #4596, #2284, #5029, #4483, #2321, #1307, #5605, #6147, #1820, #3407, #654, #2862, #114, #3981, #5644, #692, #5105, #155 ),
 ( #6770, #3484, #5141, #4235, #4671, #5757, #1420, #3086, #6442, #1487, #2541, #6917, #2037, #2577, #911, #7022, #1969, #3557, #3052, #3696, #5286, #5901, #6883 ),
 ( #844, #2507, #5795, #4168, #946, #803, #3593, #3156, #5358, #336, #4201, #4091, #3013, #5213, #265, #3662, #879, #1932, #4776, #5252, #5831, #300, #6297 ),
 ( #1453, #6406, #1344, #2002, #4131, #4705, #6335, #1382, #6371, #4740, #3628, #5321, #2610, #3120, #6951, #2471, #5866, #371, #406, #4811, #6986, #1016, #3835 ),
 ( #6509, #2208, #2681, #2137, #4988, #1558, #5426, #4952, #6, #4409, #2646, #3730, #6545, #1050, #6617, #1666, #509, #4881, #3869, #543, #6037, #2071, #7091 ),
 ( #6070, #3261, #1117, #4845, #2751, #1083, #7127, #4269, #3330, #6476, #1522, #575, #3800, #5934, #980, #474, #2173, #5459, #6581, #3190, #2717, #440, #4340 ),
 ( #3765, #6004, #3225, #5392, #4376, #1594, #7055, #5527, #4917, #2104, #5493, #2786, #4305, #5969, #1630, #3295, #2314, #4442, #6180, #4589, #647, #6651, #185 ),
 ( #5135, #1699, #1262, #722, #2931, #2820, #3904, #5711, #1300, #6253, #5598, #107, #2389, #6104, #6800, #3514, #685, #3477, #73, #760, #2968, #1851, #4049 ),
 ( #1226, #2856, #3936, #39, #1151, #3974, #2243, #3365, #5563, #5674, #2277, #3438, #609, #5022, #6763, #4476, #6685, #1734, #6140, #3400, #1188, #5058, #4511 ),
 ( #6723, #1774, #5637, #2896, #5098, #148, #2353, #4551, #1813, #4012, #6216, #4326, #5920, #6496, #5205, #3786, #1037, #3211, #4866, #2091, #257, #6463, #5787 ),
 ( #1884, #1001, #393, #4123, #4289, #2463, #2426, #4083, #1508, #3716, #966, #4625, #3005, #4664, #7042, #5379, #3178, #933, #7076, #3141, #5171, #1542, #6327 ),
 ( #2124, #6875, #5412, #5344, #2597, #221, #1923, #1374, #460, #2666, #6530, #5749, #6836, #4797, #4256, #1579, #5990, #427, #7009, #6290, #3751, #5954, #1336 ),
 ( #2058, #3549, #2631, #4831, #795, #3586, #4396, #7148, #1652, #4938, #6057, #2840, #7113, #2738, #5042, #3385, #4429, #3350, #3247, #2703, #2160, #6567, #2806 ),
 ( #3317, #2194, #4362, #1104, #3956, #6602, #563, #595, #5548, #496, #1138, #3820, #3856, #6024, #5480, #5514, #27, #1070, #4462, #1755, #59, #2772, #1616 ),
 ( #4496, #4973, #3282, #530, #2230, #6638, #5008, #1687, #3890, #2263, #6091, #92, #5447, #2298, #6671, #6124, #1720, #3923, #1172, #5583, #4902, #630, #6706 ),
 ( #6162, #2335, #5769, #3026, #4571, #4646, #705, #1944, #4067, #817, #6857, #5227, #5657, #277, #2915, #1356, #1833, #1283, #4143, #5118, #6783, #4105, #6309 ),
 ( #3569, #2484, #5620, #4032, #128, #3459, #204, #6894, #1209, #6236, #168, #3421, #241, #3496, #4683, #4609, #6273, #1319, #6200, #2373, #5693, #742, #2951 ),
 ( #668, #2877, #5153, #5080, #4532, #2409, #3533, #6820, #5733, #6744, #1868, #1794, #779, #2988, #5189, #3994, #2446, #1246, #1905, #3673, #3706, #1498, #3604 ),
 ( #2620, #7031, #5401, #449, #6928, #4752, #1465, #5806, #5334, #3740, #6963, #855, #6485, #2655, #3098, #4179, #1980, #2552, #383, #2014, #2588, #4212, #5368 ),
 ( #6419, #5878, #2080, #3063, #5943, #4854, #6999, #416, #6383, #7064, #2113, #2048, #4820, #1431, #6347, #1395, #4278, #990, #3167, #3639, #4787, #922, #5297 ),
 ( #1531, #3131, #348, #3199, #5843, #5263, #312, #4246, #6453, #5911, #2518, #890, #956, #4717, #4418, #4961, #7136, #6113, #2182, #4314, #3339, #3271, #6079 ),
 ( #1604, #4451, #4926, #4385, #82, #3810, #518, #48, #2252, #6660, #4891, #5978, #1640, #3305, #1709, #3913, #2760, #6590, #1161, #2795, #1126, #6518, #3844 ),
 ( #3374, #552, #2217, #6626, #2147, #5469, #1059, #2726, #6013, #6046, #5572, #1025, #1092, #619, #2829, #5502, #1675, #1567, #3774, #3235, #484, #3878, #15 ),
 ( #5536, #584, #4997, #5436, #5031, #2691, #4350, #7101, #6555, #6150, #5721, #2977, #1346, #3559, #2865, #694, #4560, #6695, #1272, #6846, #2905, #1744, #2436 ),
 ( #231, #3945, #3522, #5179, #4635, #5068, #1198, #805, #5759, #3016, #5107, #2362, #1894, #3410, #4093, #1235, #6299, #3486, #5215, #117, #2287, #4057, #193 ),
 ( #5608, #4485, #656, #4021, #2324, #4522, #157, #2398, #5683, #6809, #6733, #731, #1783, #5646, #6772, #3983, #6189, #1822, #3447, #6225, #2940, #1858, #4598 ),
 ( #5143, #769, #6263, #1309, #948, #3595, #4170, #5833, #2473, #2543, #1489, #6373, #6885, #4237, #3158, #4707, #846, #5797, #1422, #4742, #3630, #6953, #881 ),
 ( #5360, #3088, #5288, #6988, #4673, #6444, #408, #2004, #373, #3054, #2612, #267, #3698, #1934, #2039, #1971, #1455, #338, #4203, #5903, #6337, #6409, #4133 ),
 ( #3664, #5254, #302, #5868, #913, #3122, #2509, #5323, #2579, #1384, #6919, #4778, #2386, #1371, #4586, #6719, #5746, #5671, #1333, #1297, #756, #5241, #4080 ),
 ( #2496, #4008, #2928, #2460, #4660, #6871, #143, #1221, #4046, #5707, #1919, #4119, #5168, #6797, #6324, #5202, #3546, #1769, #1848, #6176, #3583, #791, #6250 ),
 ( #5784, #832, #3970, #3510, #5633, #1809, #2964, #290, #3434, #5132, #1259, #681, #3001, #218, #3041, #2423, #4622, #6833, #4546, #719, #3473, #182, #1881 ),
 ( #2891, #5093, #6286, #2348, #6759, #254, #6213, #936, #2061, #5821, #3144, #3075, #902, #4765, #6396, #868, #361, #5415, #5856, #2027, #4259, #7012, #1958 ),
 ( #969, #5382, #3754, #5957, #5276, #3110, #6976, #4157, #3686, #2094, #5310, #6361, #4834, #1004, #1443, #2531, #325, #2566, #5891, #4225, #5347, #6432, #3719 ),
 ( #1477, #396, #430, #1409, #4292, #3214, #2600, #5923, #4730, #463, #4696, #2634, #6499, #1511, #6941, #4800, #6466, #3652, #7045, #3618, #3181, #1545, #6907 ),
 ( #1992, #4192, #3860, #6061, #1108, #7079, #498, #7116, #4433, #2776, #3321, #5484, #4466, #534, #2669, #1690, #1619, #6642, #4400, #5518, #1177, #31, #3250 ),
 ( #3823, #6533, #3285, #5586, #5012, #599, #2127, #3894, #3354, #5553, #5450, #4328, #3389, #3927, #1724, #1073, #2742, #2810, #1582, #63, #6128, #566, #6095 ),
 ( #3789, #4978, #2234, #2706, #1142, #4942, #6675, #4869, #2267, #5993, #1040, #7153, #6027, #4905, #2163, #4365, #6570, #2198, #6606, #1656, #7002, #6422, #2695 ),
 ( #1571, #4790, #6017, #994, #4895, #3778, #7105, #2590, #2151, #2051, #5440, #5914, #5372, #1063, #4249, #1501, #1029, #3239, #488, #5881, #6966, #2624, #4282 ),
 ( #386, #6489, #3814, #5300, #3709, #6456, #351, #4318, #420, #4354, #1535, #3203, #5405, #3134, #960, #3171, #4824, #7035, #2084, #6559, #2017, #3744, #1608 ),
 ( #5947, #453, #2659, #4858, #1468, #7068, #3676, #2117, #6522, #5982, #925, #2555, #4755, #4215, #5337, #623, #5576, #522, #1165, #3848, #4965, #6050, #5506 ),
 ( #1679, #5540, #2730, #2256, #660, #6630, #3343, #19, #4389, #6083, #3986, #4422, #588, #2833, #5035, #4930, #3378, #1096, #2222, #3309, #556, #1130, #52 ),
 ( #7140, #4455, #2869, #3882, #2186, #3414, #4525, #2799, #2764, #5001, #6664, #1713, #3917, #6117, #86, #2291, #4489, #6699, #1748, #6736, #6192, #3949, #6155 ),
 ( #1202, #5612, #1786, #3275, #5072, #120, #2327, #5473, #6594, #1644, #5146, #6340, #5649, #5182, #3598, #1388, #5257, #2476, #3489, #4638, #6849, #196, #2908 ),
 ( #5686, #3019, #1349, #1897, #4060, #3057, #6266, #1238, #270, #2401, #5218, #2980, #2439, #6922, #5762, #1825, #1312, #4676, #5800, #6888, #772, #3562, #734 ),
 ( #697, #3525, #160, #2943, #234, #1974, #4173, #4601, #6812, #3451, #1937, #5724, #305, #4096, #6302, #808, #6228, #1861, #4136, #849, #2512, #4710, #5110 ),
 ( #2365, #4563, #6775, #4024, #1275, #5836, #3092, #2546, #5937, #5972, #3667, #6512, #6991, #6447, #2140, #5872, #2582, #2107, #4308, #1561, #6956, #884, #3700 ),
 ( #5291, #1458, #5362, #4884, #6376, #4781, #916, #1425, #5395, #1492, #1019, #2614, #4272, #6479, #4206, #376, #3125, #2042, #5326, #4240, #3228, #341, #5905 ),
 ( #3633, #950, #1525, #4814, #3733, #4745, #7025, #2007, #3160, #410, #2074, #6413, #984, #7094, #3193, #443, #2649, #4848, #7058, #3768, #5429, #477, #2684 ),
 ( #4920, #2754, #6620, #1597, #3333, #1737, #4955, #3803, #4479, #5601, #1086, #2176, #7130, #546, #5530, #9, #578, #2211, #3368, #2789, #6654, #1702, #650 ),
 ( #3939, #3403, #4991, #5566, #4379, #2859, #110, #2280, #6143, #1154, #6584, #42, #4412, #3298, #6688, #6007, #1120, #1191, #5061, #4343, #612, #1633, #2246 ),
 ( #2823, #1053, #4445, #3838, #6107, #3907, #5025, #1669, #6548, #3872, #3265, #76, #5496, #5463, #6073, #512, #2720, #6040, #3480, #6803, #6840, #4629, #6726 ),
 ( #4015, #5101, #4554, #5138, #6256, #151, #3553, #840, #6294, #1266, #6183, #2934, #5248, #4668, #261, #1777, #5753, #3009, #5209, #2356, #3977, #3048, #3590 ),
 ( #1888, #5791, #2317, #188, #2392, #1378, #4087, #1303, #6879, #3441, #225, #5715, #6766, #2430, #4592, #6331, #4514, #1927, #1229, #2467, #1854, #5677, #1340 ),
 ( #1816, #763, #2971, #6219, #5640, #725, #688, #4127, #2899, #4052, #799, #3517, #5174, #3153, #4841, #3726, #2101, #4737, #7052, #6948, #437, #909, #368 ),
 ( #2641, #2068, #6983, #403, #2538, #3187, #4300, #4703, #3117, #6368, #1999, #6439, #5965, #3222, #3659, #4198, #297, #6473, #2573, #6506, #3693, #5354, #2607 ),
 ( #6403, #5863, #1449, #5316, #1553, #4164, #4772, #3761, #1012, #1484, #4808, #2504, #6913, #1417, #3625, #7019, #4232, #3083, #5930, #4266, #1518, #943, #2034 ),
 ( #977, #1965, #5389, #5828, #5898, #875, #5283, #332, #6036, #5492, #1185, #2714, #1628, #1149, #3361, #5560, #6001, #7087, #2750, #4408, #606, #2817, #3868 ),
 ( #5423, #3831, #7124, #471, #4440, #542, #70, #1664, #3329, #5526, #3258, #6578, #2171, #1081, #4373, #3293, #5019, #2134, #4914, #2274, #4473, #6615, #574 ),
 ( #4336, #1590, #4986, #2206, #1048, #3902, #4950, #4, #6069, #2677, #2784, #1116, #5457, #6682, #38, #6541, #1697, #6101, #1731, #3933, #506, #2241, #6649 ),
 ( #6137, #4877, #3797, #4007, #6323, #5745, #1332, #2852, #4621, #4079, #6285, #6175, #5054, #1918, #4659, #2459, #1808, #3472, #3545, #642, #790, #6870, #4045 ),
 ( #3000, #4508, #1296, #6796, #1220, #3509, #5670, #253, #5594, #5201, #103, #4118, #718, #2347, #217, #5632, #2310, #6718, #4585, #680, #6832, #1768, #6249 ),
 ( #6212, #3397, #1258, #3969, #2422, #4545, #5167, #5131, #1847, #3433, #755, #2890, #2927, #1880, #5092, #142, #181, #5706, #6758, #2385, #2963, #5783, #4191 ),
 ( #6975, #6395, #6465, #7011, #5346, #4291, #1442, #831, #324, #1510, #2565, #3718, #4156, #2060, #3143, #6431, #3582, #5381, #3040, #5240, #7044, #3109, #289 ),
 ( #1476, #1370, #2495, #4695, #6906, #935, #5309, #6360, #4258, #867, #360, #2530, #1957, #3685, #4729, #1408, #5922, #4224, #3617, #4799, #968, #429, #2633 ),
 ( #5820, #2599, #2093, #395, #6940, #3074, #1991, #5275, #3180, #4833, #3651, #5855, #901, #4764, #2026, #5890, #5011, #598, #5552, #4904, #6569, #2233, #3753 ),
 ( #6060, #3284, #3893, #462, #4399, #2741, #2126, #6605, #1618, #3353, #1544, #6094, #3213, #4432, #3822, #5449, #3320, #1581, #5956, #5414, #533, #3788, #565 ),
 ( #2668, #1141, #2809, #2705, #62, #7115, #1003, #6641, #2266, #3249, #4327, #7078, #2162, #4941, #4364, #5483, #6026, #5517, #7152, #1655, #3859, #6498, #4868 ),
 ( #6532, #2197, #2775, #5992, #1039, #497, #1689, #1072, #4977, #1107, #30, #5083, #1212, #2413, #1723, #1250, #6824, #4613, #1323, #5697, #6709, #709, #2918 ),
 ( #3926, #172, #1759, #6240, #4575, #5122, #132, #6277, #2339, #4465, #3500, #3424, #1287, #6204, #5661, #2992, #1837, #5045, #4536, #746, #1872, #2954, #3998 ),
 ( #94, #6127, #1798, #3463, #4071, #3537, #2376, #6749, #5737, #5157, #208, #246, #6787, #1176, #5623, #783, #4036, #5193, #2301, #6674, #3388, #5585, #633 ),
 ( #2843, #4499, #3959, #6165, #671, #2880, #2558, #2451, #1910, #6314, #5774, #2019, #6388, #5232, #927, #1949, #4184, #1400, #5464, #4757, #3609, #281, #5430 ),
 ( #3031, #4148, #2488, #4687, #5268, #1435, #6898, #3678, #1054, #6424, #317, #3644, #6352, #5883, #3266, #1470, #5811, #1361, #3067, #4651, #4885, #478, #4110 ),
 ( #5848, #860, #894, #2523, #3229, #3102, #6968, #4217, #6008, #6862, #4722, #6933, #1598, #2685, #5302, #7095, #3573, #353, #2141, #1984, #4344, #6549, #3804 ) ),
 .UNSPECIFIED., .T., .F., .F.,
 ( 4, 1, 1, 1, 1, 1, 1, 1, 1, 1, 1, 1, 1, 1, 1, 1, 1, 1, 1, 1, 1, 1, 1, 1, 1, 1, 1, 1, 1, 1, 1, 1, 1, 1, 1, 1, 1, 1, 1, 1, 1, 1, 1, 1, 1, 1, 1, 1, 1, 1, 1, 1, 1, 1, 1, 1, 1, 1, 1, 1, 1, 1, 1, 1, 1, 1, 1, 1, 1, 1, 1, 1, 1, 1, 1, 1, 1, 1, 1, 1, 1, 1, 1, 1, 1, 1, 1, 1, 1, 1, 1, 1, 1, 1, 1, 1, 1, 1, 1, 1, 1, 1, 1, 1, 1, 1, 1, 1, 1, 1, 1, 1, 1, 1, 1, 1, 1, 1, 1, 1, 1, 1, 1, 1, 1, 1, 1, 1, 1, 1, 1, 1, 1, 1, 1, 1, 1, 1, 1, 1, 1, 1, 1, 1, 1, 1, 4 ),
 ( 4, 1, 1, 1, 1, 1, 1, 1, 1, 1, 1, 1, 1, 1, 1, 1, 1, 1, 1, 1, 4 ),
 ( 0.000000000000000000, 0.01562500000000000000, 0.03125000000000000000, 0.04687500000000000000, 0.06250000000000000000, 0.07812500000000000000, 0.08593750000000000000, 0.09375000000000000000, 0.1015625000000000000, 0.1093750000000000000, 0.1171875000000000000, 0.1250000000000000000, 0.1328125000000000000, 0.1406250000000000000, 0.1484375000000000000, 0.1562500000000000000, 0.1640625000000000000, 0.1679687500000000000, 0.1718750000000000000, 0.1757812500000000000, 0.1796875000000000000, 0.1835937500000000000, 0.1875000000000000000, 0.1914062500000000000, 0.1953125000000000000, 0.1992187500000000000, 0.2031250000000000000, 0.2070312500000000000, 0.2109375000000000000, 0.2148437500000000000, 0.2187500000000000000, 0.2226562500000000000, 0.2265625000000000000, 0.2304687500000000000, 0.2343750000000000000, 0.2382812500000000000, 0.2421875000000000000, 0.2441406250000000000, 0.2460937500000000000, 0.2480468750000000000, 0.2500000000000000000, 0.2519531250000000000, 0.2539062500000000000, 0.2558593750000000000, 0.2578125000000000000, 0.2617187500000000000, 0.2656250000000000000, 0.2695312500000000000, 0.2734375000000000000, 0.2773437500000000000, 0.2812500000000000000, 0.2851562500000000000, 0.2890625000000000000, 0.2929687500000000000, 0.2968750000000000000, 0.3007812500000000000, 0.3046875000000000000, 0.3125000000000000000, 0.3203125000000000000, 0.3281250000000000000, 0.3359375000000000000, 0.3437500000000000000, 0.3515625000000000000, 0.3593750000000000000, 0.3671875000000000000, 0.3750000000000000000, 0.3828125000000000000, 0.3906250000000000000, 0.4062500000000000000, 0.4218750000000000000, 0.4375000000000000000, 0.4531250000000000000, 0.4687500000000000000, 0.4843750000000000000, 0.5000000000000000000, 0.5156250000000000000, 0.5312500000000000000, 0.5468750000000000000, 0.5625000000000000000, 0.5781250000000000000, 0.5937500000000000000, 0.6093750000000000000, 0.6171875000000000000, 0.6250000000000000000, 0.6328125000000000000, 0.6406250000000000000, 0.6484375000000000000, 0.6562500000000000000, 0.6640625000000000000, 0.6718750000000000000, 0.6796875000000000000, 0.6875000000000000000, 0.6953125000000000000, 0.6992187500000000000, 0.7031250000000000000, 0.7070312500000000000, 0.7109375000000000000, 0.7148437500000000000, 0.7187500000000000000, 0.7226562500000000000, 0.7265625000000000000, 0.7304687500000000000, 0.7343750000000000000, 0.7382812500000000000, 0.7421875000000000000, 0.7441406250000000000, 0.7460937500000000000, 0.7480468750000000000, 0.7500000000000000000, 0.7519531250000000000, 0.7539062500000000000, 0.7558593750000000000, 0.7578125000000000000, 0.7617187500000000000, 0.7656250000000000000, 0.7695312500000000000, 0.7734375000000000000, 0.7773437500000000000, 0.7812500000000000000, 0.7851562500000000000, 0.7890625000000000000, 0.7929687500000000000, 0.7968750000000000000, 0.8007812500000000000, 0.8046875000000000000, 0.8085937500000000000, 0.8125000000000000000, 0.8164062500000000000, 0.8203125000000000000, 0.8242187500000000000, 0.8281250000000000000, 0.8359375000000000000, 0.8437500000000000000, 0.8515625000000000000, 0.8593750000000000000, 0.8671875000000000000, 0.8750000000000000000, 0.8828125000000000000, 0.8906250000000000000, 0.8984375000000000000, 0.9062500000000000000, 0.9218750000000000000, 0.9375000000000000000, 0.9531250000000000000, 0.9687500000000000000, 0.9843750000000000000, 1.000000000000000000 ),
 ( 0.000000000000000000, 0.04295669535256315535, 0.08645133212412393908, 0.1305121888156670629, 0.1751715408666862372, 0.2204646350818202927, 0.2664299428705811379, 0.3131043331785118844, 0.3605212655992899307, 0.4087117525502556026, 0.4577091803077939502, 0.5075450385227234795, 0.5582493444616600797, 0.6098531417488489703, 0.6623894686296771805, 0.7158939225753808699, 0.7704037567938756270, 0.8259667673672046462, 0.8826454886693977375, 0.9405525772452997257, 1.000000000000000000 ),
 .UNSPECIFIED. ) ;
#1387 = CARTESIAN_POINT ( 'NONE',  ( 1173.239152594394000, 459.0277477938377615, 72.72067715531365195 ) ) ;
#1388 = CARTESIAN_POINT ( 'NONE',  ( 1292.393154480713292, 475.0709390579021374, -95.91856992795186443 ) ) ;
#1389 = CARTESIAN_POINT ( 'NONE',  ( 1230.139689560474153, 470.9191669398583713, 21.94060435803556075 ) ) ;
#1390 = CARTESIAN_POINT ( 'NONE',  ( 1205.558331114997372, 534.7054838122622868, 103.6259058144471510 ) ) ;
#1391 = CARTESIAN_POINT ( 'NONE',  ( 579.4103825843034201, 6.188945432493149212, 19.71734934956705843 ) ) ;
#1392 = CARTESIAN_POINT ( 'NONE',  ( 956.5122766741574196, 150.1089584069914906, -56.75567410879499164 ) ) ;
#1393 = CARTESIAN_POINT ( 'NONE',  ( 1052.653684560081956, 260.2847706311282536, 26.71683414012891333 ) ) ;
#1394 = CARTESIAN_POINT ( 'NONE',  ( 560.0000000000000000, 4.390115494661552376, 12.93846843342156205 ) ) ;
#1395 = CARTESIAN_POINT ( 'NONE',  ( 1292.975591644613814, 473.7204550152281399, -81.86513145044260398 ) ) ;
#1396 = CARTESIAN_POINT ( 'NONE',  ( 791.7761312575677266, 53.20788246694093004, -31.96530511483769388 ) ) ;
#1397 = CARTESIAN_POINT ( 'NONE',  ( 1285.629509589826284, 635.5088366150091588, 57.00248892180231053 ) ) ;
#1398 = CARTESIAN_POINT ( 'NONE',  ( 675.6971707558784601, 40.79976281824404793, 37.30250131332886099 ) ) ;
#1399 = CARTESIAN_POINT ( 'NONE',  ( 1332.332784640316049, 534.2564960720026193, -87.93377646908639633 ) ) ;
#1400 = CARTESIAN_POINT ( 'NONE',  ( 1337.787702508230495, 660.2445876570304790, -3.813802186234131142 ) ) ;
#1401 = CARTESIAN_POINT ( 'NONE',  ( 1204.777054161890874, 536.7293933991616086, 102.1564309544226603 ) ) ;
#1402 = CARTESIAN_POINT ( 'NONE',  ( 1131.501146148840462, 404.6943167901675906, 84.99533228039381072 ) ) ;
#1403 = CARTESIAN_POINT ( 'NONE',  ( 847.4382756088797350, 85.00160114014309443, -52.98053153127992232 ) ) ;
#1404 = CARTESIAN_POINT ( 'NONE',  ( 733.0240046482463185, 54.80157489211730848, 29.36151894764169157 ) ) ;
#1405 = CARTESIAN_POINT ( 'NONE',  ( 790.3194444979690161, 68.44230107441156008, -22.48794205966111548 ) ) ;
#1406 = CARTESIAN_POINT ( 'NONE',  ( 947.4548897136509140, 199.6390581844055703, 50.60232685113922457 ) ) ;
#1407 = CARTESIAN_POINT ( 'NONE',  ( 675.7799441331053458, 38.86404077012648628, 34.97689113887250301 ) ) ;
#1408 = CARTESIAN_POINT ( 'NONE',  ( 1280.741044594668665, 502.6535767834370176, -44.86713375147051863 ) ) ;
#1409 = CARTESIAN_POINT ( 'NONE',  ( 676.7258361454495343, 16.16173432759994455, -36.53170470203500031 ) ) ;
#1410 = CARTESIAN_POINT ( 'NONE',  ( 1113.987750515279004, 258.9387528578179172, -82.28767079161369224 ) ) ;
#1411 = CARTESIAN_POINT ( 'NONE',  ( 1052.291298076777593, 261.6826432527410020, 6.058152864796116255 ) ) ;
#1412 = CARTESIAN_POINT ( 'NONE',  ( 675.8454161705425349, 37.31472443487941604, 32.79271624246636918 ) ) ;
#1413 = CARTESIAN_POINT ( 'NONE',  ( 998.6497732702524672, 236.9254049661246881, 42.60828702072217311 ) ) ;
#1414 = CARTESIAN_POINT ( 'NONE',  ( 956.5205525217385230, 150.1892292641661868, -20.00232309728611213 ) ) ;
#1415 = LOCAL_TIME ( 17, 42, 19.00000000000000000, #6914 ) ;
#1416 = CARTESIAN_POINT ( 'NONE',  ( 1326.343590900503841, 805.6418448678670075, 93.63270899458338192 ) ) ;
#1417 = CARTESIAN_POINT ( 'NONE',  ( 1202.775836519421091, 374.3908759372988015, -66.83608426467992558 ) ) ;
#1418 = CARTESIAN_POINT ( 'NONE',  ( 1051.066675788377552, 266.7141519946887911, 36.24441312877790011 ) ) ;
#1419 = CARTESIAN_POINT ( 'NONE',  ( 846.6803626618673206, 91.14195108309536408, -37.74167036923649476 ) ) ;
#1420 = CARTESIAN_POINT ( 'NONE',  ( 846.8726713649816702, 89.76151380406078317, -2.784654372473006845 ) ) ;
#1421 = CARTESIAN_POINT ( 'NONE',  ( 1321.843753733079211, 692.0580634100374482, 40.74277775663218648 ) ) ;
#1422 = CARTESIAN_POINT ( 'NONE',  ( 1401.814973165512811, 666.7245581329075321, -97.54382084802873010 ) ) ;
#1423 = CARTESIAN_POINT ( 'NONE',  ( 675.6874939331499945, 40.97157039746509355, 33.37755847170000578 ) ) ;
#1424 = CARTESIAN_POINT ( 'NONE',  ( 1306.534754915546273, 722.6025190401117015, 80.74234466993087267 ) ) ;
#1425 = CARTESIAN_POINT ( 'NONE',  ( 902.4164286905050858, 116.6847864172101481, -52.71707484901293128 ) ) ;
#1426 = CARTESIAN_POINT ( 'NONE',  ( 1346.386621747986283, 883.3539743086028011, 105.0393822976675438 ) ) ;
#1427 = CARTESIAN_POINT ( 'NONE',  ( 948.9983896794524298, 191.2607694998638692, 49.77240946384385722 ) ) ;
#1428 = CARTESIAN_POINT ( 'NONE',  ( 1422.907941438490980, 752.7510671166764951, -83.44040749151618286 ) ) ;
#1429 = CARTESIAN_POINT ( 'NONE',  ( 1003.478264967928794, 214.4755840778884703, 24.50553843271758936 ) ) ;
#1430 = CARTESIAN_POINT ( 'NONE',  ( 560.0000000000000000, 3.443493875584769714, 8.809035255945623533 ) ) ;
#1431 = CARTESIAN_POINT ( 'NONE',  ( 1207.493071661699105, 360.9142464568827791, -74.64667813238840210 ) ) ;
#1432 = CARTESIAN_POINT ( 'NONE',  ( 1092.642651273092724, 335.2056612679155592, 49.81882552940906095 ) ) ;
#1433 = CARTESIAN_POINT ( 'NONE',  ( 1042.302989880535506, 302.1998004691943152, 80.17507181064317479 ) ) ;
#1434 = CARTESIAN_POINT ( 'NONE',  ( 734.6163529490988822, 31.09208954654550894, -34.94042137366508172 ) ) ;
#1435 = CARTESIAN_POINT ( 'NONE',  ( 789.6196769543470282, 75.86388936579844255, -1.216558413960902696 ) ) ;
#1436 = CARTESIAN_POINT ( 'NONE',  ( 1369.842714282563520, 951.9726965592744818, 86.80852309802065747 ) ) ;
#1437 = CARTESIAN_POINT ( 'NONE',  ( 842.7839345931164416, 122.9299920501621557, 50.58864455602270027 ) ) ;
#1438 = CARTESIAN_POINT ( 'NONE',  ( 902.8023878137493057, 114.1659784427281608, -58.79802768176286065 ) ) ;
#1439 = CARTESIAN_POINT ( 'NONE',  ( 1093.092916754740372, 333.6325423693155585, 61.64967770534870084 ) ) ;
#1440 = CARTESIAN_POINT ( 'NONE',  ( 900.6563180341526049, 128.2284204694311143, -23.01065609981971605 ) ) ;
#1441 = CARTESIAN_POINT ( 'NONE',  ( 895.4651648817309706, 162.3443981414596635, 59.94030072486758343 ) ) ;
#1442 = CARTESIAN_POINT ( 'NONE',  ( 846.2134808562045691, 94.94122696098166614, -26.90002130830963623 ) ) ;
#1443 = CARTESIAN_POINT ( 'NONE',  ( 1254.002026494028769, 408.9406960769695729, -101.1569801399781454 ) ) ;
#1444 = CARTESIAN_POINT ( 'NONE',  ( 848.0935723343670816, 79.70113761189406887, -53.71006733952512491 ) ) ;
#1445 = CARTESIAN_POINT ( 'NONE',  ( 1302.918383292895896, 729.8250644824777282, 99.56752567100313911 ) ) ;
#1446 = CARTESIAN_POINT ( 'NONE',  ( 1411.562551362761496, 989.7444277674616160, 32.96930224728866676 ) ) ;
#1447 = CARTESIAN_POINT ( 'NONE',  ( 1197.948482128087562, 388.2800240051853393, -15.41948690159704149 ) ) ;
#1448 = CARTESIAN_POINT ( 'NONE',  ( 842.4282034619959632, 125.7686716056029326, 47.22830189677691948 ) ) ;
#1449 = CARTESIAN_POINT ( 'NONE',  ( 618.5922804206539922, 7.532608723348836577, -23.10071917132689734 ) ) ;
#1450 = CALENDAR_DATE ( 2026, 14, 9 ) ;
#1451 = CARTESIAN_POINT ( 'NONE',  ( 899.3844539951660408, 136.6981042217900040, 23.55006653523188831 ) ) ;
#1452 = CARTESIAN_POINT ( 'NONE',  ( 1246.242562954666255, 429.0716907137586418, -69.86610528066910319 ) ) ;
#1453 = CARTESIAN_POINT ( 'NONE',  ( 559.9999999999997726, -8.880051693419392933, -5.430462667951262645 ) ) ;
#1454 = CARTESIAN_POINT ( 'NONE',  ( 1223.697140155438092, 487.6096180016946846, 28.01074739326911711 ) ) ;
#1455 = CARTESIAN_POINT ( 'NONE',  ( 1334.475857540682682, 529.6032325208847169, -100.4228206522769824 ) ) ;
#1456 = CARTESIAN_POINT ( 'NONE',  ( 842.2860734057189802, 126.9293128504075412, 50.03071821557117005 ) ) ;
#1457 = CARTESIAN_POINT ( 'NONE',  ( 997.4028121971219889, 242.7445855547613007, 52.90568668430270804 ) ) ;
#1458 = CARTESIAN_POINT ( 'NONE',  ( 579.4596266420837765, -0.4918206672980013905, -23.02915128509955878 ) ) ;
#1459 = CARTESIAN_POINT ( 'NONE',  ( 791.7622533064383106, 53.29136482581051126, -43.80821565621128855 ) ) ;
#1460 = CARTESIAN_POINT ( 'NONE',  ( 995.9251579255297884, 249.6664922189662263, 72.95927253309740479 ) ) ;
#1461 = CARTESIAN_POINT ( 'NONE',  ( 1339.692589614799772, 781.0796843085655610, 75.10461835326772473 ) ) ;
#1462 = CARTESIAN_POINT ( 'NONE',  ( 847.1512832041523779, 87.31848119413704978, -47.52540742228514148 ) ) ;
#1463 = CARTESIAN_POINT ( 'NONE',  ( 951.9731586376295809, 175.0281052890159685, 26.22389584150374731 ) ) ;
#1464 = CARTESIAN_POINT ( 'NONE',  ( 899.2655171231556324, 137.3586269593595262, -1.184068521595051937 ) ) ;
#1465 = CARTESIAN_POINT ( 'NONE',  ( 848.2390083323210774, 78.59422812906481681, -42.24924662870398606 ) ) ;
#1466 = CARTESIAN_POINT ( 'NONE',  ( 1292.220055892941218, 475.5107357995994448, -77.37703745349773499 ) ) ;
#1467 = CARTESIAN_POINT ( 'NONE',  ( 579.3900039489599294, 9.103223590228770590, 15.32911145296355393 ) ) ;
#1468 = CARTESIAN_POINT ( 'NONE',  ( 734.2207518942328761, 36.84774110457502161, -41.86707935599705621 ) ) ;
#1469 = CARTESIAN_POINT ( 'NONE',  ( 1113.148526243900733, 261.9574245080268611, -67.50488504741377938 ) ) ;
#1470 = CARTESIAN_POINT ( 'NONE',  ( 1268.755933693516226, 531.0215042741283469, 0.5001795079084019324 ) ) ;
#1471 = CARTESIAN_POINT ( 'NONE',  ( 618.3732290328432555, 20.74141263648683875, 31.99389735035770954 ) ) ;
#1472 = CARTESIAN_POINT ( 'NONE',  ( 1209.135438265055654, 525.4239326526919740, 92.09398283566349619 ) ) ;
#1473 = CARTESIAN_POINT ( 'NONE',  ( 1451.466677809061594, 894.8575827467341242, -63.25942080693847203 ) ) ;
#1474 = CARTESIAN_POINT ( 'NONE',  ( 1283.665327709790290, 639.7829794096284104, 75.42526367533409370 ) ) ;
#1475 = CARTESIAN_POINT ( 'NONE',  ( 1350.675514318115120, 634.5271717201112551, -42.54973051078565760 ) ) ;
#1476 = CARTESIAN_POINT ( 'NONE',  ( 560.0000000000003411, -0.8953181154003753139, -11.11355639736156498 ) ) ;
#1477 = CARTESIAN_POINT ( 'NONE',  ( 560.0000000000001137, -6.724189931712394319, -23.34690973820580595 ) ) ;
#1478 = CARTESIAN_POINT ( 'NONE',  ( 579.4873364028225069, -4.369124908426218035, -25.88832526445368742 ) ) ;
#1479 = CARTESIAN_POINT ( 'NONE',  ( 951.6749137180099751, 176.5597556013264011, 4.710391513707034683 ) ) ;
#1480 = CARTESIAN_POINT ( 'NONE',  ( 1354.333438305823620, 869.7948351004860115, 89.66594924767267116 ) ) ;
#1481 = CARTESIAN_POINT ( 'NONE',  ( 997.6825315974056139, 241.4392732695057191, 50.63227850229316118 ) ) ;
#1482 = CARTESIAN_POINT ( 'NONE',  ( 579.5032779099894924, -6.718878302172051065, -9.389761538825757370 ) ) ;
#1483 = CARTESIAN_POINT ( 'NONE',  ( 1402.525792770118642, 1003.089906641509515, 48.85182919390071987 ) ) ;
#1484 = CARTESIAN_POINT ( 'NONE',  ( 1008.485636094161237, 191.0180088474379261, -51.72880111436392525 ) ) ;
#1485 = DATE_AND_TIME ( #6542, #4296 ) ;
#1486 = CARTESIAN_POINT ( 'NONE',  ( 1108.619463215874248, 278.0913186854710943, -54.40311419699872886 ) ) ;
#1487 = CARTESIAN_POINT ( 'NONE',  ( 1006.927209475161362, 198.3969549566250521, -2.660312394631527688 ) ) ;
#1488 = CARTESIAN_POINT ( 'NONE',  ( 1096.413987257060853, 321.7250367077604096, 27.54067819631443470 ) ) ;
#1489 = CARTESIAN_POINT ( 'NONE',  ( 1063.397562088124459, 216.6891420618064785, -71.35104881085236173 ) ) ;
#1490 = EDGE_CURVE ( 'NONE', #1684, #6599, #380, .T. ) ;
#1491 = CARTESIAN_POINT ( 'NONE',  ( 947.3529332878774767, 200.1965608618290844, 51.68498048782596754 ) ) ;
#1492 = CARTESIAN_POINT ( 'NONE',  ( 1009.550790171504218, 186.0510313099617576, -62.98995128697367107 ) ) ;
#1493 = CARTESIAN_POINT ( 'NONE',  ( 579.3868833218621148, 9.467844751515526625, 24.46603092055007167 ) ) ;
#1494 = CARTESIAN_POINT ( 'NONE',  ( 1047.747739445943125, 280.1578956310917192, 54.88003366366542934 ) ) ;
#1495 = CARTESIAN_POINT ( 'NONE',  ( 1249.443276156850288, 420.7616536689421878, -85.84009124754034303 ) ) ;
#1496 = CARTESIAN_POINT ( 'NONE',  ( 1400.781849358791305, 903.3577127655665890, 35.87630614339644808 ) ) ;
#1497 = CARTESIAN_POINT ( 'NONE',  ( 560.0000000000001137, 1.476228234468187850, -0.2217720767516633829 ) ) ;
#1498 = CARTESIAN_POINT ( 'NONE',  ( 1448.149374637619530, 899.8969167250855890, -48.56174106086509568 ) ) ;
#1499 = CARTESIAN_POINT ( 'NONE',  ( 1207.289368304514483, 361.4991913338636209, -72.90045226403130130 ) ) ;
#1500 = CARTESIAN_POINT ( 'NONE',  ( 1314.261958029675498, 707.1854882037308698, 60.89933094100695143 ) ) ;
#1501 = CARTESIAN_POINT ( 'NONE',  ( 1295.227790036301485, 468.3673660408690580, -104.9548039671271624 ) ) ;
#1502 = CARTESIAN_POINT ( 'NONE',  ( 1451.075127830447855, 931.3922820170744217, -43.57424102088497619 ) ) ;
#1503 = CARTESIAN_POINT ( 'NONE',  ( 895.0542710233854677, 165.0189299801118921, 61.67234027513168826 ) ) ;
#1504 = CARTESIAN_POINT ( 'NONE',  ( 560.0000000000002274, 3.339578867441818311, 19.93979410487839843 ) ) ;
#1505 = CARTESIAN_POINT ( 'NONE',  ( 791.2998989210718719, 58.10273522530015100, -48.20392008837873732 ) ) ;
#1506 = CARTESIAN_POINT ( 'NONE',  ( 897.3798372451115029, 149.8172020696335949, 43.19067329697554669 ) ) ;
#1507 = CARTESIAN_POINT ( 'NONE',  ( 1152.221989435958221, 338.6594908170608846, -32.57166347900524528 ) ) ;
#1508 = CARTESIAN_POINT ( 'NONE',  ( 957.3959620778937278, 145.3950452905798727, -33.53039059189405435 ) ) ;
#1509 = CARTESIAN_POINT ( 'NONE',  ( 895.3677821652149760, 162.9810197928538287, 60.85371724368685165 ) ) ;
#1510 = CARTESIAN_POINT ( 'NONE',  ( 1006.983246220700948, 198.0296542955154564, -35.12358060534704407 ) ) ;
#1511 = CARTESIAN_POINT ( 'NONE',  ( 1209.349254226506673, 355.5732901604255289, -96.55224882013023091 ) ) ;
#1512 = CARTESIAN_POINT ( 'NONE',  ( 1371.280658442821050, 593.4144141245160426, -106.4718096480658573 ) ) ;
#1513 = CARTESIAN_POINT ( 'NONE',  ( 789.4742687838360098, 77.40654103219840465, 3.017211004902227600 ) ) ;
#1514 = CARTESIAN_POINT ( 'NONE',  ( 788.4263783286231728, 88.60193039257526948, 42.78534349574335494 ) ) ;
#1515 = CARTESIAN_POINT ( 'NONE',  ( 1381.900746099345724, 933.0250110493690272, 62.47674502824339982 ) ) ;
#1516 = CARTESIAN_POINT ( 'NONE',  ( 1439.580208568928128, 912.9114153151861046, -26.04346039358779663 ) ) ;
#1517 = CARTESIAN_POINT ( 'NONE',  ( 1371.874375005599177, 948.7798443933206727, 80.81751961341497292 ) ) ;
#1518 = CARTESIAN_POINT ( 'NONE',  ( 1439.522573903838747, 842.4688576973978797, -61.53454961992685668 ) ) ;
#1519 = PERSON_AND_ORGANIZATION ( #6408, #3151 ) ;
#1520 = CARTESIAN_POINT ( 'NONE',  ( 789.9744911495914721, 72.28992095028284837, 18.20402157295463397 ) ) ;
#1521 = CARTESIAN_POINT ( 'NONE',  ( 560.0000000000000000, -1.788060241317807719, -14.99315064907687400 ) ) ;
#1522 = CARTESIAN_POINT ( 'NONE',  ( 1059.717160358163255, 231.6544680798861009, -23.19564697579528456 ) ) ;
#1523 = CARTESIAN_POINT ( 'NONE',  ( 1220.418296163202513, 496.1220114473362059, 40.66138101908545366 ) ) ;
#1524 = CARTESIAN_POINT ( 'NONE',  ( 1243.813488814363382, 590.0514622644817564, 84.48458332083176003 ) ) ;
#1525 = CARTESIAN_POINT ( 'NONE',  ( 618.6187104910687822, 6.046897842344155727, -27.32677004625495698 ) ) ;
#1526 = CARTESIAN_POINT ( 'NONE',  ( 1323.739922188137371, 810.4365792065966616, 109.2147380662199083 ) ) ;
#1527 = CARTESIAN_POINT ( 'NONE',  ( 1310.374013347993014, 714.9533367279470895, 82.55689912994326107 ) ) ;
#1528 = CARTESIAN_POINT ( 'NONE',  ( 1289.779258920289521, 481.2585929731283159, -83.74189049243355498 ) ) ;
#1529 = CARTESIAN_POINT ( 'NONE',  ( 559.9999999999998863, -4.397034950895958971, 6.477519151061035707 ) ) ;
#1530 = CARTESIAN_POINT ( 'NONE',  ( 1411.544721005243446, 886.4409128753507048, 2.634318505747628159 ) ) ;
#1531 = CARTESIAN_POINT ( 'NONE',  ( 560.0000000000003411, -9.316293716530781310, -19.98966869031064775 ) ) ;
#1532 = CARTESIAN_POINT ( 'NONE',  ( 1355.696459656622437, 867.4633966251140009, 77.82359174586103734 ) ) ;
#1533 = CARTESIAN_POINT ( 'NONE',  ( 734.6262312556073084, 30.95748971757548063, -33.49955535211670821 ) ) ;
#1534 = CARTESIAN_POINT ( 'NONE',  ( 618.3990897327571474, 19.02376707444935278, 21.40007145266617528 ) ) ;
#1535 = CARTESIAN_POINT ( 'NONE',  ( 1062.533044749684905, 220.1519617688396977, -78.09012408721743270 ) ) ;
#1536 = CARTESIAN_POINT ( 'NONE',  ( 903.7748003924723434, 107.8596660420050739, -52.92715426237630538 ) ) ;
#1537 = CARTESIAN_POINT ( 'NONE',  ( 618.3698730126479859, 20.91712900844363787, 31.89393698060449722 ) ) ;
#1538 = CARTESIAN_POINT ( 'NONE',  ( 1244.326319085324485, 588.8500225647692332, 93.21589004220741970 ) ) ;
#1539 = CARTESIAN_POINT ( 'NONE',  ( 956.9920089789814028, 147.4944535141663948, -63.51995070658528419 ) ) ;
#1540 = CARTESIAN_POINT ( 'NONE',  ( 1401.359208764125697, 970.9610511946395945, 49.68120815480935448 ) ) ;
#1541 = CARTESIAN_POINT ( 'NONE',  ( 1431.131232185787439, 855.6584506095609868, -40.90936082673097474 ) ) ;
#1542 = CARTESIAN_POINT ( 'NONE',  ( 1442.302371678641066, 908.7770836211784626, -32.75904128768996770 ) ) ;
#1543 = CARTESIAN_POINT ( 'NONE',  ( 1130.342017681263542, 408.3847359139259652, 89.86225490848421771 ) ) ;
#1544 = CARTESIAN_POINT ( 'NONE',  ( 1056.723814560773690, 243.7035168624807682, -28.99827254284913280 ) ) ;
#1545 = CARTESIAN_POINT ( 'NONE',  ( 1453.482238618579231, 891.7972336087508438, -66.40711120420573366 ) ) ;
#1546 = CARTESIAN_POINT ( 'NONE',  ( 676.7118223780970538, 16.49149906841156366, -36.62052247117748038 ) ) ;
#1547 = CARTESIAN_POINT ( 'NONE',  ( 560.0000000000002274, 2.147695807933138301, 2.899332277017795167 ) ) ;
#1548 = CARTESIAN_POINT ( 'NONE',  ( 1044.700636794450020, 292.4981614149958773, 70.63213158979709760 ) ) ;
#1549 = CARTESIAN_POINT ( 'NONE',  ( 1382.845604984211150, 931.5402797072376870, 60.68251986758608041 ) ) ;
#1550 = CARTESIAN_POINT ( 'NONE',  ( 579.5062250551800389, -7.118754757820014767, -12.02845441228865653 ) ) ;
#1551 = CARTESIAN_POINT ( 'NONE',  ( 1238.209070540565335, 603.3185695924346419, 108.2802601804304174 ) ) ;
#1552 = CARTESIAN_POINT ( 'NONE',  ( 1349.075658294756522, 878.7612207460971376, 90.78607194925179158 ) ) ;
#1553 = CARTESIAN_POINT ( 'NONE',  ( 733.8916084070392571, 41.69127972163265383, -30.82153196136900419 ) ) ;
#1554 = CARTESIAN_POINT ( 'NONE',  ( 953.7838142696998602, 165.1433433937137067, 9.891511609101112157 ) ) ;
#1555 = PERSON_AND_ORGANIZATION ( #6408, #3151 ) ;
#1556 = CARTESIAN_POINT ( 'NONE',  ( 676.3208603318632868, 26.08631952991309078, 15.39728790091407618 ) ) ;
#1557 = CARTESIAN_POINT ( 'NONE',  ( 1444.592979627849445, 940.9651140241949179, -33.11482263327119568 ) ) ;
#1558 = CARTESIAN_POINT ( 'NONE',  ( 791.3507737633403849, 57.75146396709050123, -12.24234365947088854 ) ) ;
#1559 = CARTESIAN_POINT ( 'NONE',  ( 1395.199908295280011, 912.1265976414392753, 36.38588584068880749 ) ) ;
#1560 = CARTESIAN_POINT ( 'NONE',  ( 842.6897118906654214, 123.6408810428475533, 43.17834698045359687 ) ) ;
#1561 = CARTESIAN_POINT ( 'NONE',  ( 1424.046071940381353, 750.8080768148010975, -86.78730162598685638 ) ) ;
#1562 = CARTESIAN_POINT ( 'NONE',  ( 1299.129515495119676, 737.3829690688233995, 108.6444308314265754 ) ) ;
#1563 = CARTESIAN_POINT ( 'NONE',  ( 579.4239442185721600, 4.297717683682308554, 16.71378531176444682 ) ) ;
#1564 = CARTESIAN_POINT ( 'NONE',  ( 1443.355395478904256, 836.4441284244411463, -71.26126698718461228 ) ) ;
#1565 = CARTESIAN_POINT ( 'NONE',  ( 1004.674049740258397, 208.9020074578697290, 15.58415183967165163 ) ) ;
#1566 = CARTESIAN_POINT ( 'NONE',  ( 560.0000000000001137, 1.476228234468187850, -0.2217720767516633829 ) ) ;
#1567 = CARTESIAN_POINT ( 'NONE',  ( 1368.204134549237097, 599.5603225982856657, -90.65327070001146126 ) ) ;
#1568 = CARTESIAN_POINT ( 'NONE',  ( 946.9350825299044345, 202.4809864916280446, 55.86253199161670580 ) ) ;
#1569 = CARTESIAN_POINT ( 'NONE',  ( 676.8648799223004744, 13.01224744866707006, -29.93475467430796755 ) ) ;
#1570 = CARTESIAN_POINT ( 'NONE',  ( 579.3868044032943772, 9.542195461497161801, 17.05103057768189245 ) ) ;
#1571 = CARTESIAN_POINT ( 'NONE',  ( 560.0000000000003411, -5.861255185593160277, -23.34127554986376296 ) ) ;
#1572 = CARTESIAN_POINT ( 'NONE',  ( 1333.273878791038442, 532.2129839563941687, -93.36593649074951884 ) ) ;
#1573 = CARTESIAN_POINT ( 'NONE',  ( 946.1767828814050745, 206.6437861627156849, 68.43768334519495511 ) ) ;
#1574 = CARTESIAN_POINT ( 'NONE',  ( 675.9067800869449911, 35.86850687308856322, 30.87569923361122548 ) ) ;
#1575 = CARTESIAN_POINT ( 'NONE',  ( 1367.119626968208422, 601.7085277914122798, -99.15913300365878058 ) ) ;
#1576 = ORIENTED_EDGE ( 'NONE', *, *, #5870, .T. ) ;
#1577 = CARTESIAN_POINT ( 'NONE',  ( 1217.906822600236637, 502.6647007011508776, 64.61385998244674056 ) ) ;
#1578 = CARTESIAN_POINT ( 'NONE',  ( 900.4556552399851626, 129.5457500365912722, -19.67491316616694164 ) ) ;
#1579 = CARTESIAN_POINT ( 'NONE',  ( 1288.121624957011591, 485.2181790902646412, -55.75795783823028984 ) ) ;
#1580 = CARTESIAN_POINT ( 'NONE',  ( 1324.639404413717102, 808.7812206396426973, 107.1390435811018023 ) ) ;
#1581 = CARTESIAN_POINT ( 'NONE',  ( 1349.166309526141276, 637.5389589126687042, -37.76279110203720535 ) ) ;
#1582 = CARTESIAN_POINT ( 'NONE',  ( 1403.612832345808101, 663.4110399229075483, -108.6542807803208035 ) ) ;
#1583 = CARTESIAN_POINT ( 'NONE',  ( 958.1276454574916670, 141.3104965423378019, -66.47999362503870202 ) ) ;
#1584 = CARTESIAN_POINT ( 'NONE',  ( 1421.259217959930766, 975.4243972062186003, 14.94031529212436027 ) ) ;
#1585 = CARTESIAN_POINT ( 'NONE',  ( 1044.914264753459065, 291.6331664630747014, 69.61368857988081515 ) ) ;
#1586 = CARTESIAN_POINT ( 'NONE',  ( 1336.993372655374969, 786.0410008064832255, 69.90695189566832823 ) ) ;
#1587 = CARTESIAN_POINT ( 'NONE',  ( 791.5787998156478125, 55.32805049561090982, -20.33602388533797267 ) ) ;
#1588 = CARTESIAN_POINT ( 'NONE',  ( 1400.995859692423437, 1005.349310758358911, 55.28525478435594209 ) ) ;
#1589 = CARTESIAN_POINT ( 'NONE',  ( 1205.926818403191874, 533.7416717181927197, 93.13565335995963324 ) ) ;
#1590 = CARTESIAN_POINT ( 'NONE',  ( 579.4447816965785023, 1.580036641311551193, -16.71018450883461526 ) ) ;
#1591 = CARTESIAN_POINT ( 'NONE',  ( 1304.546207525760110, 594.5187584105013912, 16.62725879600741408 ) ) ;
#1592 = CARTESIAN_POINT ( 'NONE',  ( 676.4219433984075067, 23.69375029434015900, 10.95668674768353767 ) ) ;
#1593 = CARTESIAN_POINT ( 'NONE',  ( 1414.361266047880235, 767.3410358465858963, -59.37871626638207800 ) ) ;
#1594 = CARTESIAN_POINT ( 'NONE',  ( 791.5246802082725708, 55.90444812768669891, -18.15813475599794202 ) ) ;
#1595 = CARTESIAN_POINT ( 'NONE',  ( 1289.012753257810118, 628.1733667845035143, 47.01010941539431087 ) ) ;
#1596 = CARTESIAN_POINT ( 'NONE',  ( 842.7383549695932743, 123.2449161623207488, 42.28595476876864012 ) ) ;
#1597 = CARTESIAN_POINT ( 'NONE',  ( 676.5049482270192129, 21.33472281426313089, -31.14536826043929452 ) ) ;
#1598 = CARTESIAN_POINT ( 'NONE',  ( 1146.152653385217036, 357.9975160718597067, 1.696307416778281230 ) ) ;
#1599 = CARTESIAN_POINT ( 'NONE',  ( 1299.991752567101230, 735.6629237385042188, 106.4060339279651259 ) ) ;
#1600 = CARTESIAN_POINT ( 'NONE',  ( 789.3007869036692910, 79.39168511896616565, 29.68971139054610120 ) ) ;
#1601 = CARTESIAN_POINT ( 'NONE',  ( 1204.572402266285962, 369.2427004522793368, -77.11310616453357625 ) ) ;
#1602 = CARTESIAN_POINT ( 'NONE',  ( 1424.823098560487779, 970.1612607865818063, 14.71155113831906469 ) ) ;
#1603 = CARTESIAN_POINT ( 'NONE',  ( 789.4742687838360098, 77.40654103219840465, 3.017211004902227600 ) ) ;
#1604 = CARTESIAN_POINT ( 'NONE',  ( 559.9999999999997726, -9.192962782178062398, -20.36802695151126485 ) ) ;
#1605 = CARTESIAN_POINT ( 'NONE',  ( 996.7070674944599205, 245.9914762003858755, 58.73689652334829248 ) ) ;
#1606 = CARTESIAN_POINT ( 'NONE',  ( 560.0000000000001137, -7.975262459795097847, -2.376605750567117870 ) ) ;
#1607 = CARTESIAN_POINT ( 'NONE',  ( 1134.525658893781838, 395.0398623110485232, 61.25847395450261956 ) ) ;
#1608 = CARTESIAN_POINT ( 'NONE',  ( 1453.032220510429397, 928.5020488933873821, -52.45055433597392636 ) ) ;
#1609 = CARTESIAN_POINT ( 'NONE',  ( 1011.466472733514138, 177.1753230134717683, -63.08219166244288800 ) ) ;
#1610 = CARTESIAN_POINT ( 'NONE',  ( 1168.270841523250510, 473.2676629379127462, 98.33513314587389686 ) ) ;
#1611 = CARTESIAN_POINT ( 'NONE',  ( 1352.903631777807277, 872.2343836894690412, 92.24200639887332898 ) ) ;
#1612 = CARTESIAN_POINT ( 'NONE',  ( 902.5944929219082269, 115.5235432548086152, -55.81037164062036737 ) ) ;
#1613 = CARTESIAN_POINT ( 'NONE',  ( 579.4809920119572553, -3.641677317840327444, 0.8159794923562487812 ) ) ;
#1614 = CARTESIAN_POINT ( 'NONE',  ( 950.0219779197681191, 185.6760095262488051, 42.05320341976715781 ) ) ;
#1615 = CARTESIAN_POINT ( 'NONE',  ( 790.1191939218954303, 70.56584127702478781, -16.07071936263593415 ) ) ;
#1616 = CARTESIAN_POINT ( 'NONE',  ( 1446.929814912664369, 937.5140772828796116, -32.17687664826036098 ) ) ;
#1617 = CARTESIAN_POINT ( 'NONE',  ( 946.9949434917647295, 202.1903965257334335, 63.84660990902049349 ) ) ;
#1618 = CARTESIAN_POINT ( 'NONE',  ( 954.1398374723760298, 163.0780980731518639, -25.04697234974780784 ) ) ;
#1619 = CARTESIAN_POINT ( 'NONE',  ( 1335.428245696563863, 527.5309997435859941, -109.1079401528144643 ) ) ;
#1620 = CARTESIAN_POINT ( 'NONE',  ( 1113.888619716854009, 259.2830515299688727, -85.06731034643850364 ) ) ;
#1621 = CARTESIAN_POINT ( 'NONE',  ( 844.0989744483854338, 112.1636419016885782, 17.12101893849941447 ) ) ;
#1622 = CARTESIAN_POINT ( 'NONE',  ( 1397.437819444462320, 976.9168743336605303, 56.45005771126881200 ) ) ;
#1623 = ADVANCED_FACE ( 'NONE', ( #6741 ), #3530, .F. ) ;
#1624 = CARTESIAN_POINT ( 'NONE',  ( 1335.824069651344871, 788.1931450417549740, 72.61674947474300268 ) ) ;
#1625 = CARTESIAN_POINT ( 'NONE',  ( 1285.003835848946665, 492.6001540631719422, -41.39411034965988279 ) ) ;
#1626 = CARTESIAN_POINT ( 'NONE',  ( 675.7115595607618843, 40.46978644844102746, 37.23413768548972058 ) ) ;
#1627 = CARTESIAN_POINT ( 'NONE',  ( 1349.809081131701987, 877.5096348926903147, 89.23358669305373780 ) ) ;
#1628 = CARTESIAN_POINT ( 'NONE',  ( 1156.659733511681679, 324.5188142252842454, -60.77479732524598433 ) ) ;
#1629 = CARTESIAN_POINT ( 'NONE',  ( 1440.276198391202797, 911.8534785604069839, -36.38571504692213665 ) ) ;
#1630 = CARTESIAN_POINT ( 'NONE',  ( 1243.961574123833543, 435.0390993923916767, -35.16838909300683724 ) ) ;
#1631 = CARTESIAN_POINT ( 'NONE',  ( 1095.371957719176180, 325.4498563760365641, 33.80896972742298345 ) ) ;
#1632 = CARTESIAN_POINT ( 'NONE',  ( 1209.861203642230294, 523.5285385738178547, 79.63443104522004035 ) ) ;
#1633 = CARTESIAN_POINT ( 'NONE',  ( 1446.752112804162152, 902.0181143206763181, -51.94433991124012095 ) ) ;
#1634 = CARTESIAN_POINT ( 'NONE',  ( 1230.104011437403869, 470.9757429201572450, 2.413279366554165861 ) ) ;
#1635 = CARTESIAN_POINT ( 'NONE',  ( 560.0000000000001137, -1.090950633301262851, 12.83323286743875435 ) ) ;
#1636 = CARTESIAN_POINT ( 'NONE',  ( 956.1522139969134741, 152.0752928819264582, -52.41870765855192360 ) ) ;
#1637 = CARTESIAN_POINT ( 'NONE',  ( 1362.231108488784230, 739.5998132680048229, 23.13566168643043142 ) ) ;
#1638 = CARTESIAN_POINT ( 'NONE',  ( 733.1913148329359728, 52.13729725768521206, 2.551871232085580310 ) ) ;
#1639 = CARTESIAN_POINT ( 'NONE',  ( 1369.355137960987577, 597.2608394361019464, -96.43325879033731951 ) ) ;
#1640 = CARTESIAN_POINT ( 'NONE',  ( 1161.553476509950769, 308.9737131941751045, -73.62942121773981796 ) ) ;
#1641 = CARTESIAN_POINT ( 'NONE',  ( 1405.718700404195943, 998.3746228436251613, 43.50902483901838025 ) ) ;
#1642 = CARTESIAN_POINT ( 'NONE',  ( 1106.226203186610974, 286.7233707241804836, -8.238885907661225971 ) ) ;
#1643 = CARTESIAN_POINT ( 'NONE',  ( 843.2246303723704841, 119.2847762508843061, 33.52860617949432509 ) ) ;
#1644 = CARTESIAN_POINT ( 'NONE',  ( 1009.939135804419379, 184.2425513970635507, -67.94551615557783464 ) ) ;
#1645 = CARTESIAN_POINT ( 'NONE',  ( 903.7730693055301572, 107.8775973234066328, -50.79405431330540210 ) ) ;
#1646 = CARTESIAN_POINT ( 'NONE',  ( 842.2430625103878583, 127.3042717304337401, 55.81374047425596530 ) ) ;
#1647 = CARTESIAN_POINT ( 'NONE',  ( 896.4014599372878820, 156.2182195664604762, 51.86796367178361322 ) ) ;
#1648 = CARTESIAN_POINT ( 'NONE',  ( 579.4658086232461756, -1.357223703674393489, -24.61666515017123658 ) ) ;
#1649 = VERTEX_POINT ( 'NONE', #627 ) ;
#1650 = CARTESIAN_POINT ( 'NONE',  ( 1254.501023945922270, 564.7799707287825868, 64.13829627271967126 ) ) ;
#1651 = CARTESIAN_POINT ( 'NONE',  ( 1430.635205650371518, 926.4958567370283617, -14.80036632249035122 ) ) ;
#1652 = CARTESIAN_POINT ( 'NONE',  ( 957.6375630799184364, 144.0694192371202860, -38.13906918661238166 ) ) ;
#1653 = CARTESIAN_POINT ( 'NONE',  ( 734.6115189266495236, 31.22594490278369150, -25.42773780875189615 ) ) ;
#1654 = CARTESIAN_POINT ( 'NONE',  ( 1130.755040128769679, 407.0698943571223367, 88.04588015359070141 ) ) ;
#1655 = CARTESIAN_POINT ( 'NONE',  ( 1402.943387546596568, 786.8307900679556042, -29.28270237420566247 ) ) ;
#1656 = CARTESIAN_POINT ( 'NONE',  ( 1430.030013024342679, 740.5948350529863546, -101.7051592987535429 ) ) ;
#1657 = CARTESIAN_POINT ( 'NONE',  ( 1371.553782716954174, 592.8660462491592398, -110.2776994463453377 ) ) ;
#1658 = CARTESIAN_POINT ( 'NONE',  ( 1400.706491358026142, 903.4732210318702528, 25.23212814517462377 ) ) ;
#1659 = CARTESIAN_POINT ( 'NONE',  ( 1173.198670254735589, 459.1624538433816269, 83.88329455493536102 ) ) ;
#1660 = CARTESIAN_POINT ( 'NONE',  ( 997.4028121971219889, 242.7445855547613007, 52.90568668430270804 ) ) ;
#1661 = CARTESIAN_POINT ( 'NONE',  ( 791.6165514778413126, 54.92536570147770192, -21.97811388276909028 ) ) ;
#1662 = CARTESIAN_POINT ( 'NONE',  ( 946.1987555575273063, 206.5257960962284756, 68.73470056628083569 ) ) ;
#1663 = CARTESIAN_POINT ( 'NONE',  ( 1168.916565009012174, 471.4128955553119340, 90.86966574139913178 ) ) ;
#1664 = CARTESIAN_POINT ( 'NONE',  ( 901.6230754718059188, 121.8835344297722401, -39.77319394016638654 ) ) ;
#1665 = CARTESIAN_POINT ( 'NONE',  ( 954.2130179924627100, 162.7995149501651611, 5.731154522053599543 ) ) ;
#1666 = CARTESIAN_POINT ( 'NONE',  ( 1280.800454137462793, 502.5501698378699302, -23.89786054002987115 ) ) ;
#1667 = CARTESIAN_POINT ( 'NONE',  ( 1000.002122175863747, 230.6141139618447369, 31.05642694143250182 ) ) ;
#1668 = CARTESIAN_POINT ( 'NONE',  ( 1088.897632077495473, 348.5913012105347661, 70.97769033886373791 ) ) ;
#1669 = CARTESIAN_POINT ( 'NONE',  ( 902.1490030644810076, 118.4358173976849429, -48.83011909908482551 ) ) ;
#1670 = CARTESIAN_POINT ( 'NONE',  ( 1404.868806764040983, 999.6297451868395001, 45.23745434021731171 ) ) ;
#1671 = CARTESIAN_POINT ( 'NONE',  ( 1000.302537646704764, 229.2739326571025913, 46.21875709038721425 ) ) ;
#1672 = CARTESIAN_POINT ( 'NONE',  ( 1109.890693812452810, 273.5470977889176538, -64.37971887766823897 ) ) ;
#1673 = CARTESIAN_POINT ( 'NONE',  ( 733.7830187385305862, 43.57297569600289933, 10.44674828496869701 ) ) ;
#1674 = CARTESIAN_POINT ( 'NONE',  ( 951.9221501680941628, 175.2074754931758207, 1.824600808258843854 ) ) ;
#1675 = CARTESIAN_POINT ( 'NONE',  ( 1332.647097331039959, 533.5740943434960855, -89.70571435591202203 ) ) ;
#1676 = CARTESIAN_POINT ( 'NONE',  ( 1396.877147003502614, 977.7673944064989655, 51.55791572102883435 ) ) ;
#1677 = CARTESIAN_POINT ( 'NONE',  ( 1150.390222033677901, 344.5582428143495690, 2.748746618699047239 ) ) ;
#1678 = CARTESIAN_POINT ( 'NONE',  ( 1409.922022280880583, 992.1671599872161096, 35.93368385898806139 ) ) ;
#1679 = CARTESIAN_POINT ( 'NONE',  ( 559.9999999999998863, -4.934861558785605951, -22.73049341254681011 ) ) ;
#1680 = CARTESIAN_POINT ( 'NONE',  ( 791.7777737156761759, 53.13842287817290355, -42.04163111167172673 ) ) ;
#1681 = CARTESIAN_POINT ( 'NONE',  ( 787.9135958563829263, 93.99380701260069770, 49.54523957298037828 ) ) ;
#1682 = CARTESIAN_POINT ( 'NONE',  ( 675.9583978663333710, 34.65045747353166661, 29.11526200535751840 ) ) ;
#1683 = CARTESIAN_POINT ( 'NONE',  ( 1206.402512543421153, 363.9984807368928159, -88.27608811022636814 ) ) ;
#1684 = VERTEX_POINT ( 'NONE', #2985 ) ;
#1685 = CARTESIAN_POINT ( 'NONE',  ( 733.1868875877225946, 52.39371856965582452, 25.67276757202549220 ) ) ;
#1686 = CARTESIAN_POINT ( 'NONE',  ( 1237.846930327258178, 450.8722938464628101, -30.08777610694425775 ) ) ;
#1687 = CARTESIAN_POINT ( 'NONE',  ( 903.5719523765463919, 109.2276327724884908, -39.12835710503229336 ) ) ;
#1688 = CARTESIAN_POINT ( 'NONE',  ( 1248.104270230498287, 424.2789899204015001, -57.01073083794566543 ) ) ;
#1689 = CARTESIAN_POINT ( 'NONE',  ( 845.6495730501690105, 99.53361125167199930, -14.29269871863630748 ) ) ;
#1690 = CARTESIAN_POINT ( 'NONE',  ( 1296.033119497634289, 466.4661567656241914, -106.1225645983411709 ) ) ;
#1691 = CARTESIAN_POINT ( 'NONE',  ( 903.5806812495241047, 109.0808274564789002, -60.28995180475998694 ) ) ;
#1692 = CARTESIAN_POINT ( 'NONE',  ( 733.0042440243380497, 54.93243460452070792, 10.90219190035487351 ) ) ;
#1693 = CARTESIAN_POINT ( 'NONE',  ( 1276.918428161796783, 654.4069190398357705, 92.78157165307366938 ) ) ;
#1694 = CARTESIAN_POINT ( 'NONE',  ( 1398.490231519131157, 975.3174431260265465, 48.50915891945419389 ) ) ;
#1695 = CARTESIAN_POINT ( 'NONE',  ( 1060.839650235403042, 227.0993179451483286, -33.80976033034990280 ) ) ;
#1696 = CARTESIAN_POINT ( 'NONE',  ( 1086.928448077751909, 355.6381980752732943, 87.57038007506976385 ) ) ;
#1697 = CARTESIAN_POINT ( 'NONE',  ( 1322.698335054825975, 555.1294058702399070, -63.86077373167388060 ) ) ;
#1698 = CARTESIAN_POINT ( 'NONE',  ( 1103.547245937211301, 296.2950773941336706, 7.889431368235189090 ) ) ;
#1699 = CARTESIAN_POINT ( 'NONE',  ( 579.5062250551800389, -7.118754757820014767, -12.02845441228865653 ) ) ;
#1700 = CARTESIAN_POINT ( 'NONE',  ( 788.6189959644129885, 86.47995588789432020, 26.68147922255071336 ) ) ;
#1701 = CARTESIAN_POINT ( 'NONE',  ( 1303.289079951201529, 729.0781351215762243, 89.17980567634009503 ) ) ;
#1702 = CARTESIAN_POINT ( 'NONE',  ( 1447.222688783194144, 901.3034420614908413, -53.08281032244836695 ) ) ;
#1703 = CARTESIAN_POINT ( 'NONE',  ( 1400.004238953765253, 1006.813735583162952, 58.56377843642943049 ) ) ;
#1704 = CARTESIAN_POINT ( 'NONE',  ( 844.4316601324193243, 109.5727060274906393, 32.16601399187291577 ) ) ;
#1705 = CARTESIAN_POINT ( 'NONE',  ( 1247.023765828640535, 427.0430964914086189, -73.83492696254081977 ) ) ;
#1706 = CARTESIAN_POINT ( 'NONE',  ( 1100.721794309084544, 306.3880832367740368, 23.67117909665915221 ) ) ;
#1707 = CARTESIAN_POINT ( 'NONE',  ( 1426.440958691533979, 967.7720060578328685, 4.927631686539580613 ) ) ;
#1708 = APPROVAL ( #7020, 'UNSPECIFIED' ) ;
#1709 = CARTESIAN_POINT ( 'NONE',  ( 1251.949463632606694, 414.2844831625985194, -82.08580935892841524 ) ) ;
#1710 = CARTESIAN_POINT ( 'NONE',  ( 1376.215486690285388, 941.9586718880161698, 73.46852113659225836 ) ) ;
#1711 = CARTESIAN_POINT ( 'NONE',  ( 846.8726713649816702, 89.76151380406078317, -2.784654372473006845 ) ) ;
#1712 = CARTESIAN_POINT ( 'NONE',  ( 618.3933882769343882, 19.36745135121401162, 22.60905234462282465 ) ) ;
#1713 = CARTESIAN_POINT ( 'NONE',  ( 1111.858116135467526, 266.5170486925013620, -79.94930530189368767 ) ) ;
#1714 = CARTESIAN_POINT ( 'NONE',  ( 675.7349864958981698, 39.92344420506965008, 36.63026187410240198 ) ) ;
#1715 = CARTESIAN_POINT ( 'NONE',  ( 559.9999999999998863, 2.447415319822640267, 18.60430475074580059 ) ) ;
#1716 = CARTESIAN_POINT ( 'NONE',  ( 676.5368855950566740, 20.58415074128974354, -32.84346950206681726 ) ) ;
#1717 = ORIENTED_EDGE ( 'NONE', *, *, #1490, .T. ) ;
#1718 = CARTESIAN_POINT ( 'NONE',  ( 1094.680749092114411, 327.9625731900435426, 54.21394351613590601 ) ) ;
#1719 = CARTESIAN_POINT ( 'NONE',  ( 1432.611456097228483, 923.4943764143846465, -19.04811436425008964 ) ) ;
#1720 = CARTESIAN_POINT ( 'NONE',  ( 1328.451195579523983, 542.6802106618016523, -68.65297117836715302 ) ) ;
#1721 = CARTESIAN_POINT ( 'NONE',  ( 1446.929814912664369, 937.5140772828796116, -32.17687664826036098 ) ) ;
#1722 = CARTESIAN_POINT ( 'NONE',  ( 618.4316689473695305, 17.06386753002182388, 14.30892519744392644 ) ) ;
#1723 = CARTESIAN_POINT ( 'NONE',  ( 1236.337041174256683, 454.7926756145207605, -23.51349924812889469 ) ) ;
#1724 = CARTESIAN_POINT ( 'NONE',  ( 1253.672438632557487, 409.7924411225718018, -101.8013568906600312 ) ) ;
#1725 = CARTESIAN_POINT ( 'NONE',  ( 1295.852253952984711, 466.8928538188251878, -106.0367544344065749 ) ) ;
#1726 = CARTESIAN_POINT ( 'NONE',  ( 1260.584429755206429, 550.3615311308034279, 29.30154465467394687 ) ) ;
#1727 = CARTESIAN_POINT ( 'NONE',  ( 675.9223393657420047, 35.50156133021977212, 30.35215739093893106 ) ) ;
#1728 = CARTESIAN_POINT ( 'NONE',  ( 1212.004428053784522, 517.9647759500285247, 71.82086905106864094 ) ) ;
#1729 = CARTESIAN_POINT ( 'NONE',  ( 1390.154643673808778, 688.1994732980552953, -53.56141407608465954 ) ) ;
#1730 = CARTESIAN_POINT ( 'NONE',  ( 1238.428238689836689, 602.8017136888724963, 109.2923549394189990 ) ) ;
#1731 = CARTESIAN_POINT ( 'NONE',  ( 1388.213115495632337, 691.7592866494143209, -63.28433388411297500 ) ) ;
#1732 = CARTESIAN_POINT ( 'NONE',  ( 1170.821218901008478, 465.9696002151196126, 91.75206086190179633 ) ) ;
#1733 = CARTESIAN_POINT ( 'NONE',  ( 1239.639962789906804, 599.9363424563539411, 106.5623257295338675 ) ) ;
#1734 = CARTESIAN_POINT ( 'NONE',  ( 1357.323244592727178, 621.2836724728849731, -46.76524821696530410 ) ) ;
#1735 = CARTESIAN_POINT ( 'NONE',  ( 1408.074526616531557, 960.7608003749400041, 30.57645919107747190 ) ) ;
#1736 = CARTESIAN_POINT ( 'NONE',  ( 842.5894389588545437, 124.4569163565249710, 44.89327740637497755 ) ) ;
#1737 = CARTESIAN_POINT ( 'NONE',  ( 790.9105660465555729, 62.18997304840104334, -40.86620438945091394 ) ) ;
#1738 = CARTESIAN_POINT ( 'NONE',  ( 1432.433290536210507, 958.9225345111913157, 0.06384462903495836950 ) ) ;
#1739 = CARTESIAN_POINT ( 'NONE',  ( 1387.906988290891604, 923.5892019602963501, 60.23873118624145206 ) ) ;
#1740 = CARTESIAN_POINT ( 'NONE',  ( 1447.681867764270010, 936.4034461488938632, -40.31752516486985627 ) ) ;
#1741 = CARTESIAN_POINT ( 'NONE',  ( 1390.015918786288466, 808.9061113013481190, 15.41485532858324525 ) ) ;
#1742 = CARTESIAN_POINT ( 'NONE',  ( 1358.892926083664861, 745.7324852598648022, 16.74906021726281224 ) ) ;
#1743 = CARTESIAN_POINT ( 'NONE',  ( 1063.326720614469878, 216.9785312013855787, -69.70811467765354053 ) ) ;
#1744 = CARTESIAN_POINT ( 'NONE',  ( 1450.537569571932863, 896.2697905006633619, -55.81352185446671399 ) ) ;
#1745 = CARTESIAN_POINT ( 'NONE',  ( 579.3749669054856213, 11.16403643188244033, 22.97369398720601907 ) ) ;
#1746 = CARTESIAN_POINT ( 'NONE',  ( 1196.649001778712091, 392.0030155767080373, -9.246453788310649458 ) ) ;
#1747 = CARTESIAN_POINT ( 'NONE',  ( 896.1553358379072733, 157.7756135839410376, 43.05050133316029815 ) ) ;
#1748 = CARTESIAN_POINT ( 'NONE',  ( 1399.660915009962991, 670.6828312101583833, -99.47588087306743887 ) ) ;
#1749 = CARTESIAN_POINT ( 'NONE',  ( 1129.272545645794935, 411.7870332207315869, 93.94173352328728299 ) ) ;
#1750 = CARTESIAN_POINT ( 'NONE',  ( 1354.333438305823620, 869.7948351004860115, 89.66594924767267116 ) ) ;
#1751 = CARTESIAN_POINT ( 'NONE',  ( 1424.563889233727423, 749.9240599368769153, -88.38107931442779375 ) ) ;
#1752 = CARTESIAN_POINT ( 'NONE',  ( 1100.619829482529440, 306.6901595125036124, 1.310384534390469424 ) ) ;
#1753 = CARTESIAN_POINT ( 'NONE',  ( 1289.642093107652499, 626.8277109093169202, 59.44134954094855061 ) ) ;
#1754 = CARTESIAN_POINT ( 'NONE',  ( 579.4199137880084436, 5.004225761628275926, -1.981778825368430308 ) ) ;
#1755 = CARTESIAN_POINT ( 'NONE',  ( 1419.540280063470618, 758.5124162417298521, -60.89422448697775536 ) ) ;
#1756 = CARTESIAN_POINT ( 'NONE',  ( 1418.399801212984357, 760.4595272744536487, -57.35470762450560045 ) ) ;
#1757 = LOCAL_TIME ( 17, 42, 19.00000000000000000, #5931 ) ;
#1758 = CARTESIAN_POINT ( 'NONE',  ( 1368.639813016931839, 845.3754989436374672, 50.22592266550228146 ) ) ;
#1759 = CARTESIAN_POINT ( 'NONE',  ( 618.5207224958135157, 11.71912701913351107, -6.568364631091307970 ) ) ;
#1760 = CARTESIAN_POINT ( 'NONE',  ( 1391.983516484186566, 985.1998760040112302, 60.15211525464239628 ) ) ;
#1761 = CARTESIAN_POINT ( 'NONE',  ( 734.3626489952386009, 34.74630528059542200, -42.36086407098157025 ) ) ;
#1762 = CARTESIAN_POINT ( 'NONE',  ( 675.9489359817285958, 34.66232133416181682, 14.21956518946690018 ) ) ;
#1763 = CARTESIAN_POINT ( 'NONE',  ( 560.0000000000001137, 2.669381653265472831, 18.94430296423173488 ) ) ;
#1764 = CARTESIAN_POINT ( 'NONE',  ( 1432.378800568085580, 853.6975116147013978, -43.89712828961129532 ) ) ;
#1765 = CARTESIAN_POINT ( 'NONE',  ( 1307.183857542276883, 721.3074673893819408, 79.09719114427608133 ) ) ;
#1766 = CARTESIAN_POINT ( 'NONE',  ( 579.5082211923024715, -7.378037216720860769, -15.57678460697820100 ) ) ;
#1767 = CARTESIAN_POINT ( 'NONE',  ( 1296.671911868790403, 742.2841037701928144, 113.3351423222668330 ) ) ;
#1768 = CARTESIAN_POINT ( 'NONE',  ( 1439.337279060539004, 913.2794391937892442, -34.19152651848050795 ) ) ;
#1769 = CARTESIAN_POINT ( 'NONE',  ( 1371.280658442821050, 593.4144141245160426, -106.4718096480658573 ) ) ;
#1770 = CARTESIAN_POINT ( 'NONE',  ( 848.1664068894311868, 79.12325239602425597, -52.87474906562861321 ) ) ;
#1771 = CARTESIAN_POINT ( 'NONE',  ( 1171.657387834403835, 463.5752328729304281, 88.87519225936108569 ) ) ;
#1772 = CARTESIAN_POINT ( 'NONE',  ( 996.1366574156962770, 248.6813507358842799, 71.54717013424880179 ) ) ;
#1773 = CLOSED_SHELL ( 'NONE', ( #3832, #1623, #1265, #5551 ) ) ;
#1774 = CARTESIAN_POINT ( 'NONE',  ( 579.5075393322655373, -7.292658423054486860, -13.79885144406141073 ) ) ;
#1775 = CARTESIAN_POINT ( 'NONE',  ( 1315.535628671877248, 704.6442585602095505, 57.56108982239837957 ) ) ;
#1776 = CARTESIAN_POINT ( 'NONE',  ( 1242.275351287031071, 593.6912638688121433, 89.08629761491854993 ) ) ;
#1777 = CARTESIAN_POINT ( 'NONE',  ( 1288.948792216892343, 483.2242377895224763, -80.13834074770369398 ) ) ;
#1778 = CARTESIAN_POINT ( 'NONE',  ( 1427.808395397210461, 965.7525764714230263, 9.073172179530828885 ) ) ;
#1779 = CARTESIAN_POINT ( 'NONE',  ( 1256.585841250209342, 559.8476328791699643, 57.89296512472000700 ) ) ;
#1780 = CARTESIAN_POINT ( 'NONE',  ( 1203.701168285635504, 371.7390289652636284, -72.22864263493221415 ) ) ;
#1781 = CARTESIAN_POINT ( 'NONE',  ( 676.6049322790950100, 19.35431665212864161, 1.851022791256228484 ) ) ;
#1782 = CARTESIAN_POINT ( 'NONE',  ( 676.0698133678142767, 31.74676959515426589, 4.560036721035172214 ) ) ;
#1783 = CARTESIAN_POINT ( 'NONE',  ( 1162.016319640295706, 307.4923341937187615, -79.92802101612922172 ) ) ;
#1784 = CARTESIAN_POINT ( 'NONE',  ( 1088.399995170301736, 350.3694956535661049, 73.27718769724027936 ) ) ;
#1785 = CARTESIAN_POINT ( 'NONE',  ( 1134.135348571686563, 396.2832215611127822, 63.10919897253216959 ) ) ;
#1786 = CARTESIAN_POINT ( 'NONE',  ( 618.6411937999002930, 4.807517810787131474, -29.75912532032259605 ) ) ;
#1787 = CARTESIAN_POINT ( 'NONE',  ( 1101.678522448226659, 302.9706808762715582, 18.44695401186552530 ) ) ;
#1788 = CARTESIAN_POINT ( 'NONE',  ( 1129.154673896287932, 412.1614543026072397, 94.14971067075629207 ) ) ;
#1789 = CARTESIAN_POINT ( 'NONE',  ( 1409.458596222466213, 992.8515472715346277, 41.86688568622135165 ) ) ;
#1790 = CARTESIAN_POINT ( 'NONE',  ( 1446.748621917136916, 831.1099916649745865, -80.17937726972058954 ) ) ;
#1791 = CARTESIAN_POINT ( 'NONE',  ( 560.0000000000000000, 1.476143001754631534, -0.2217537244846600197 ) ) ;
#1792 = CARTESIAN_POINT ( 'NONE',  ( 1219.711057786511446, 497.9828992666656404, 58.64378503086238936 ) ) ;
#1793 = CARTESIAN_POINT ( 'NONE',  ( 560.0000000000001137, 1.364431941895722700, -0.7406696423584294697 ) ) ;
#1794 = CARTESIAN_POINT ( 'NONE',  ( 1112.768342361276609, 263.3212921561897133, -62.40126369254478789 ) ) ;
#1795 = CARTESIAN_POINT ( 'NONE',  ( 1362.384594383916692, 611.1806423338339300, -65.57566537231883785 ) ) ;
#1796 = CARTESIAN_POINT ( 'NONE',  ( 1416.882220921241924, 981.8883434224161419, 23.18717115719359256 ) ) ;
#1797 = CARTESIAN_POINT ( 'NONE',  ( 842.2117143919064119, 127.5507098320300088, 54.84369759586176230 ) ) ;
#1798 = CARTESIAN_POINT ( 'NONE',  ( 618.5117145312284492, 12.25548259950736174, -4.481227813191829057 ) ) ;
#1799 = CARTESIAN_POINT ( 'NONE',  ( 1042.533862345765101, 301.2575340368792354, 75.18061662281597535 ) ) ;
#1800 = CARTESIAN_POINT ( 'NONE',  ( 676.6977111371755882, 16.82428295224552173, -36.67621250064389926 ) ) ;
#1801 = CARTESIAN_POINT ( 'NONE',  ( 788.8544277320152105, 83.98267987805505186, 20.40207230656242032 ) ) ;
#1802 = CARTESIAN_POINT ( 'NONE',  ( 1398.190554405810644, 975.7736212424190398, 55.16229903911900578 ) ) ;
#1803 = CARTESIAN_POINT ( 'NONE',  ( 618.5640990128721342, 9.155953960418012016, -17.03271888175958892 ) ) ;
#1804 = CARTESIAN_POINT ( 'NONE',  ( 1245.826340259213111, 585.2879742045906823, 77.92188906704954832 ) ) ;
#1805 = CC_DESIGN_PERSON_AND_ORGANIZATION_ASSIGNMENT ( #1966, #5102, ( #4714 ) ) ;
#1806 = CARTESIAN_POINT ( 'NONE',  ( 560.0000000000003411, -10.01340043303194705, -12.49700119777514296 ) ) ;
#1807 = CARTESIAN_POINT ( 'NONE',  ( 675.7349864958981698, 39.92344420506965008, 36.63026187410240198 ) ) ;
#1808 = CARTESIAN_POINT ( 'NONE',  ( 1321.742539298284328, 557.2022736438444781, -60.23460059917000109 ) ) ;
#1809 = CARTESIAN_POINT ( 'NONE',  ( 791.6564082317476050, 54.36045308543863541, -47.50371887210071264 ) ) ;
#1810 = CARTESIAN_POINT ( 'NONE',  ( 1063.602406191126192, 215.8489741643971342, -76.45687197941983015 ) ) ;
#1811 = CARTESIAN_POINT ( 'NONE',  ( 1089.312273669493834, 347.1308956290955052, 78.30369305522967238 ) ) ;
#1812 = CARTESIAN_POINT ( 'NONE',  ( 842.8561992078936100, 122.3438372266992502, 49.83747564780616557 ) ) ;
#1813 = CARTESIAN_POINT ( 'NONE',  ( 957.2654596240657838, 146.1105429855336126, -31.24980878139850660 ) ) ;
#1814 = CARTESIAN_POINT ( 'NONE',  ( 1253.794708490550420, 566.4304595225586354, 52.20520007155307951 ) ) ;
#1815 = CARTESIAN_POINT ( 'NONE',  ( 675.7201316182379287, 40.17654288391707951, 30.92794914953440255 ) ) ;
#1816 = CARTESIAN_POINT ( 'NONE',  ( 560.0000000000003411, -2.645925527813973055, -18.05984059414756970 ) ) ;
#1817 = PERSON_AND_ORGANIZATION ( #6408, #3151 ) ;
#1818 = CARTESIAN_POINT ( 'NONE',  ( 559.9999999999996589, -2.370505799344366338, 10.50792722061310158 ) ) ;
#1819 = CARTESIAN_POINT ( 'NONE',  ( 955.9091651206008464, 153.4032527385249978, -49.08202479454672584 ) ) ;
#1820 = CARTESIAN_POINT ( 'NONE',  ( 1193.981663566953785, 399.6441681755810009, 2.965647627590965563 ) ) ;
#1821 = CARTESIAN_POINT ( 'NONE',  ( 898.6541491577561374, 141.3723947713611153, 8.014725124152525026 ) ) ;
#1822 = CARTESIAN_POINT ( 'NONE',  ( 1369.355137960987577, 597.2608394361019464, -96.43325879033731951 ) ) ;
#1823 = CARTESIAN_POINT ( 'NONE',  ( 1328.522992095197424, 801.6309162333459426, 89.47363822110941101 ) ) ;
#1824 = CARTESIAN_POINT ( 'NONE',  ( 675.7803129485441787, 38.72897644899227743, 26.82049731641464518 ) ) ;
#1825 = CARTESIAN_POINT ( 'NONE',  ( 1292.033869019818212, 475.9217442638628199, -94.21504977452887886 ) ) ;
#1826 = CARTESIAN_POINT ( 'NONE',  ( 1189.827338724976471, 411.5436546512647737, 20.96666115183079526 ) ) ;
#1827 = CARTESIAN_POINT ( 'NONE',  ( 1296.810280612786528, 742.0084366840499115, 113.4669768627055930 ) ) ;
#1828 = CARTESIAN_POINT ( 'NONE',  ( 1280.029261807276725, 647.6642249907614541, 84.82474265060113794 ) ) ;
#1829 = CARTESIAN_POINT ( 'NONE',  ( 676.5257086420365340, 20.84601366391885335, -32.27692379538775924 ) ) ;
#1830 = CARTESIAN_POINT ( 'NONE',  ( 560.0000000000000000, -3.332151592988228384, -20.06947797775336184 ) ) ;
#1831 = CARTESIAN_POINT ( 'NONE',  ( 1345.463069887337497, 770.4602048570818624, 62.36034640122994688 ) ) ;
#1832 = CARTESIAN_POINT ( 'NONE',  ( 1004.371240767017525, 210.2215658112033339, -8.815686195516287071 ) ) ;
#1833 = CARTESIAN_POINT ( 'NONE',  ( 1329.262580437517499, 540.9197380587231692, -72.43183391438820706 ) ) ;
#1834 = CARTESIAN_POINT ( 'NONE',  ( 1249.289948139864237, 421.1980541011878927, -64.05913886479110886 ) ) ;
#1835 = CARTESIAN_POINT ( 'NONE',  ( 579.3931477425275034, 8.672581198818692272, 13.60193691793017301 ) ) ;
#1836 = CARTESIAN_POINT ( 'NONE',  ( 1042.533862345765101, 301.2575340368792354, 75.18061662281597535 ) ) ;
#1837 = CARTESIAN_POINT ( 'NONE',  ( 1309.673981336122779, 583.3736468646284266, -17.69576310704258049 ) ) ;
#1838 = CARTESIAN_POINT ( 'NONE',  ( 946.3114877202560820, 205.8929645916996094, 62.31123642764780612 ) ) ;
#1839 = CARTESIAN_POINT ( 'NONE',  ( 1334.567214131524452, 529.3941085186419286, -107.8249366247847689 ) ) ;
#1840 = CARTESIAN_POINT ( 'NONE',  ( 1049.217042812472982, 274.1518879982241401, 28.79170754792403031 ) ) ;
#1841 = CARTESIAN_POINT ( 'NONE',  ( 1175.603674751277140, 452.2762328319461744, 75.49085396478153598 ) ) ;
#1842 = CARTESIAN_POINT ( 'NONE',  ( 1318.836247458557409, 563.5050799833579731, -49.42387638867857902 ) ) ;
#1843 = ADVANCED_BREP_SHAPE_REPRESENTATION ( 'openfan_blade_v03_CFD_SINGLELOFT', ( #2273, #6262 ), #6031 ) ;
#1844 = CARTESIAN_POINT ( 'NONE',  ( 579.3803862336388875, 10.42160969145347593, 20.52555162799021460 ) ) ;
#1845 = CARTESIAN_POINT ( 'NONE',  ( 1286.592073972960634, 488.8399170208319902, -48.53461471058808030 ) ) ;
#1846 = CARTESIAN_POINT ( 'NONE',  ( 1129.272545645794935, 411.7870332207315869, 93.94173352328728299 ) ) ;
#1847 = CARTESIAN_POINT ( 'NONE',  ( 954.8599087130737644, 159.1395735628878469, -34.63156273066901036 ) ) ;
#1848 = CARTESIAN_POINT ( 'NONE',  ( 1403.473045133536743, 663.6700958107844599, -105.1447306634216545 ) ) ;
#1849 = CARTESIAN_POINT ( 'NONE',  ( 1011.600339881795662, 176.5427541073116799, -67.62334846768429486 ) ) ;
#1850 = CARTESIAN_POINT ( 'NONE',  ( 1131.143836655747691, 405.8318741045325169, 86.40489941478166713 ) ) ;
#1851 = CARTESIAN_POINT ( 'NONE',  ( 1439.580208568928128, 912.9114153151861046, -26.04346039358779663 ) ) ;
#1852 = CARTESIAN_POINT ( 'NONE',  ( 579.3931477425275034, 8.672581198818692272, 13.60193691793017301 ) ) ;
#1853 = CARTESIAN_POINT ( 'NONE',  ( 560.0000000000002274, 6.384901307639585077, 21.09953870572227075 ) ) ;
#1854 = CARTESIAN_POINT ( 'NONE',  ( 1441.515768813838804, 839.3357834496528085, -66.60675928401006729 ) ) ;
#1855 = CARTESIAN_POINT ( 'NONE',  ( 618.5878245650828831, 7.786406793624253808, -22.24093662867894139 ) ) ;
#1856 = CARTESIAN_POINT ( 'NONE',  ( 1148.122003746524115, 351.7815134024313011, 14.10857817752851240 ) ) ;
#1857 = CARTESIAN_POINT ( 'NONE',  ( 1225.316978001786310, 483.4041834673487301, 21.64783737089042503 ) ) ;
#1858 = CARTESIAN_POINT ( 'NONE',  ( 1451.286084757829940, 895.1330219013237866, -58.24081025092672803 ) ) ;
#1859 = CARTESIAN_POINT ( 'NONE',  ( 618.3655285011037677, 21.04907740325887033, 28.23482021350966065 ) ) ;
#1860 = CARTESIAN_POINT ( 'NONE',  ( 1357.146652721723967, 864.9886642652172668, 74.72358402898115060 ) ) ;
#1861 = CARTESIAN_POINT ( 'NONE',  ( 1366.188127369770427, 603.5681249051536952, -95.65296613139317117 ) ) ;
#1862 = CARTESIAN_POINT ( 'NONE',  ( 1403.535935178601449, 899.0306342634802377, 30.46845274933566472 ) ) ;
#1863 = CARTESIAN_POINT ( 'NONE',  ( 895.1566448692269660, 164.3577479127536094, 62.35198240968190220 ) ) ;
#1864 = CARTESIAN_POINT ( 'NONE',  ( 997.9886809265882448, 240.0533629442887218, 60.60469325953807385 ) ) ;
#1865 = CARTESIAN_POINT ( 'NONE',  ( 902.4808805228585697, 116.2637375093904382, -53.71341805874423869 ) ) ;
#1866 = CARTESIAN_POINT ( 'NONE',  ( 1415.882002720806895, 983.3654649728603090, 30.87703681551506918 ) ) ;
#1867 = CARTESIAN_POINT ( 'NONE',  ( 676.1868856254551474, 28.92549675398628750, -5.128398925804857456 ) ) ;
#1868 = CARTESIAN_POINT ( 'NONE',  ( 1062.798621210832152, 219.1372634852838530, -58.12053669008044210 ) ) ;
#1869 = CARTESIAN_POINT ( 'NONE',  ( 676.8768045865432441, 12.76157213013092573, -27.43105660398169121 ) ) ;
#1870 = CARTESIAN_POINT ( 'NONE',  ( 1218.760923483001079, 500.4247505641278053, 46.95223843912000206 ) ) ;
#1871 = CARTESIAN_POINT ( 'NONE',  ( 1347.660793755962914, 881.1760625489499716, 94.92024361951615674 ) ) ;
#1872 = CARTESIAN_POINT ( 'NONE',  ( 1419.539787167115264, 873.8762530272771301, -14.53434693409593059 ) ) ;
#1873 = CARTESIAN_POINT ( 'NONE',  ( 1239.235836536095121, 600.8846964101816184, 99.17209115499022687 ) ) ;
#1874 = CARTESIAN_POINT ( 'NONE',  ( 1063.221129692279419, 217.3744119377710149, -79.18601201974439618 ) ) ;
#1875 = CARTESIAN_POINT ( 'NONE',  ( 1181.331694605175016, 435.8411745855849517, 38.51735763338709972 ) ) ;
#1876 = CARTESIAN_POINT ( 'NONE',  ( 618.4948766960886815, 13.86567555443321531, 22.19395807284715971 ) ) ;
#1877 = CARTESIAN_POINT ( 'NONE',  ( 579.4402171870407301, 2.211411368555812107, -14.11688080602256790 ) ) ;
#1878 = CARTESIAN_POINT ( 'NONE',  ( 1210.288668529152346, 522.4188317079035642, 78.03421466527963446 ) ) ;
#1879 = CARTESIAN_POINT ( 'NONE',  ( 1168.362797976242064, 473.0068176005156033, 99.80284030197053369 ) ) ;
#1880 = CARTESIAN_POINT ( 'NONE',  ( 1199.432689939902048, 383.9718879379181544, -48.03597216978928230 ) ) ;
#1881 = CARTESIAN_POINT ( 'NONE',  ( 1454.002450276453374, 927.0692142422560664, -52.97352363000668163 ) ) ;
#1882 = CARTESIAN_POINT ( 'NONE',  ( 1403.038730963642593, 664.4701530718407412, -103.0154333717956234 ) ) ;
#1883 = CARTESIAN_POINT ( 'NONE',  ( 560.0000000000001137, 3.783240306697120747, 20.54659275902568893 ) ) ;
#1884 = CARTESIAN_POINT ( 'NONE',  ( 560.0000000000003411, -10.04959073463191643, -13.29249688068029478 ) ) ;
#1885 = CARTESIAN_POINT ( 'NONE',  ( 1364.359877812204786, 852.6793410398321384, 59.47845343621990821 ) ) ;
#1886 = CARTESIAN_POINT ( 'NONE',  ( 676.7568105008690509, 15.73552038946191090, -7.563900053275411928 ) ) ;
#1887 = CARTESIAN_POINT ( 'NONE',  ( 675.6938481831308536, 40.81339351755179479, 32.66434167232316099 ) ) ;
#1888 = CARTESIAN_POINT ( 'NONE',  ( 560.0000000000003411, -2.769633756285023729, -18.44000464279924500 ) ) ;
#1889 = DATE_TIME_ROLE ( 'creation_date' ) ;
#1890 = CARTESIAN_POINT ( 'NONE',  ( 898.4978666726509573, 142.5012072063385631, 32.58154837842901941 ) ) ;
#1891 = CARTESIAN_POINT ( 'NONE',  ( 1444.437948957760000, 905.5327617205970228, -46.33051080834554369 ) ) ;
#1892 = CARTESIAN_POINT ( 'NONE',  ( 618.6870518235760983, 2.902175605220098209, 1.213160363997113134 ) ) ;
#1893 = CARTESIAN_POINT ( 'NONE',  ( 1419.805575026701717, 977.5711360901799480, 17.69901480736734811 ) ) ;
#1894 = CARTESIAN_POINT ( 'NONE',  ( 1161.890219846686932, 307.8957676604121616, -78.21232189942780622 ) ) ;
#1895 = CARTESIAN_POINT ( 'NONE',  ( 732.3422279002887763, 64.81858535285535083, 37.60638150133627988 ) ) ;
#1896 = CARTESIAN_POINT ( 'NONE',  ( 947.5567663231050801, 199.0818058774343058, 49.52602839615261843 ) ) ;
#1897 = CARTESIAN_POINT ( 'NONE',  ( 676.5610972410080421, 20.02177393778606529, -34.01443947512691324 ) ) ;
#1898 = CARTESIAN_POINT ( 'NONE',  ( 1356.734598556981155, 749.7158430402095064, 36.38558776141786666 ) ) ;
#1899 = CARTESIAN_POINT ( 'NONE',  ( 1297.014686558576159, 741.6009455745817149, 113.3174652507588149 ) ) ;
#1900 = CARTESIAN_POINT ( 'NONE',  ( 998.2805398098812475, 238.6937819355086106, 58.82614494014509887 ) ) ;
#1901 = CARTESIAN_POINT ( 'NONE',  ( 1060.782064508018493, 227.2444082836890118, -65.39065743988777513 ) ) ;
#1902 = CARTESIAN_POINT ( 'NONE',  ( 560.0000000000000000, -9.132617935572124424, -6.433378813499675886 ) ) ;
#1903 = CARTESIAN_POINT ( 'NONE',  ( 733.4126087688381403, 49.05556864349734525, 20.26501925468717857 ) ) ;
#1904 = CARTESIAN_POINT ( 'NONE',  ( 560.0000000000000000, 2.530642377237044993, 4.670810770147070912 ) ) ;
#1905 = CARTESIAN_POINT ( 'NONE',  ( 1397.467227237866609, 674.7337002904810106, -79.41169859576301349 ) ) ;
#1906 = CARTESIAN_POINT ( 'NONE',  ( 560.0000000000007958, -9.776123147903108546, -18.05882641181646164 ) ) ;
#1907 = CARTESIAN_POINT ( 'NONE',  ( 1252.811170239954436, 568.7581053593651177, 55.44813968048649144 ) ) ;
#1908 = CARTESIAN_POINT ( 'NONE',  ( 1390.323014044707179, 987.7220751681905995, 66.29441223642193393 ) ) ;
#1909 = CARTESIAN_POINT ( 'NONE',  ( 848.2407932525355818, 78.56749756126086481, -45.05680891169843250 ) ) ;
#1910 = CARTESIAN_POINT ( 'NONE',  ( 952.4136551708600109, 172.5191591991890903, -3.954628669821136810 ) ) ;
#1911 = CARTESIAN_POINT ( 'NONE',  ( 787.8790246683200849, 94.34377685212690778, 47.97468878432619732 ) ) ;
#1912 = CARTESIAN_POINT ( 'NONE',  ( 847.6207986379026806, 83.51896464380820362, -54.13961586451405594 ) ) ;
#1913 = CARTESIAN_POINT ( 'NONE',  ( 1321.843753733079211, 692.0580634100374482, 40.74277775663218648 ) ) ;
#1914 = CARTESIAN_POINT ( 'NONE',  ( 1307.650707681156291, 720.3856258490030768, 88.91354849397782800 ) ) ;
#1915 = CARTESIAN_POINT ( 'NONE',  ( 1319.813579162396763, 561.3856346814260405, -53.01857784915886640 ) ) ;
#1916 = CARTESIAN_POINT ( 'NONE',  ( 1172.525611237739440, 461.0721706455117896, 75.76355847544017763 ) ) ;
#1917 = CARTESIAN_POINT ( 'NONE',  ( 1390.683330606423169, 987.1755153741711410, 68.07047386368294895 ) ) ;
#1918 = CARTESIAN_POINT ( 'NONE',  ( 1200.593081112404207, 380.6462867383046387, -54.45590524016542133 ) ) ;
#1919 = CARTESIAN_POINT ( 'NONE',  ( 1063.602406191126192, 215.8489741643971342, -76.45687197941983015 ) ) ;
#1920 = CARTESIAN_POINT ( 'NONE',  ( 676.8098294640686845, 14.22623922859493639, -34.89369970227961915 ) ) ;
#1921 = CARTESIAN_POINT ( 'NONE',  ( 1100.335383723827363, 307.7070088387423539, 3.131548700380558437 ) ) ;
#1922 = CARTESIAN_POINT ( 'NONE',  ( 947.4152055823127512, 199.8965597149650080, 60.89889423423068138 ) ) ;
#1923 = CARTESIAN_POINT ( 'NONE',  ( 848.0299907469267282, 80.32878447591002669, -29.88280642739410808 ) ) ;
#1924 = CARTESIAN_POINT ( 'NONE',  ( 1312.984390475648070, 709.7344805264845036, 64.23233984369755944 ) ) ;
#1925 = CARTESIAN_POINT ( 'NONE',  ( 1403.597211645467723, 785.7277210061300821, -16.62785887058219458 ) ) ;
#1926 = CARTESIAN_POINT ( 'NONE',  ( 1207.669038477226877, 529.2189359068524936, 86.95048420956720747 ) ) ;
#1927 = CARTESIAN_POINT ( 'NONE',  ( 1362.055855254410744, 611.8149821002748467, -80.91862122331916396 ) ) ;
#1928 = CARTESIAN_POINT ( 'NONE',  ( 1426.575171147844458, 967.5738011946633605, 11.41470494370438971 ) ) ;
#1929 = DIRECTION ( 'NONE',  ( 1.000000000000000000, 0.000000000000000000, 0.000000000000000000 ) ) ;
#1930 = CARTESIAN_POINT ( 'NONE',  ( 733.2923607270685125, 50.83408657579652612, 23.19085472349966182 ) ) ;
#1931 = CARTESIAN_POINT ( 'NONE',  ( 559.9999999999998863, -1.985025962255812404, -15.76494136237309007 ) ) ;
#1932 = CARTESIAN_POINT ( 'NONE',  ( 1346.081417932471140, 643.7174139104618007, -10.80281323851765585 ) ) ;
#1933 = CARTESIAN_POINT ( 'NONE',  ( 1323.509622372325566, 688.7342069930009529, 36.22993917646134321 ) ) ;
#1934 = CARTESIAN_POINT ( 'NONE',  ( 1208.924069593779222, 356.8019983969707027, -88.97908675344402241 ) ) ;
#1935 = CARTESIAN_POINT ( 'NONE',  ( 732.3150047553425566, 65.23113986825552502, 39.30529702513350543 ) ) ;
#1936 = CARTESIAN_POINT ( 'NONE',  ( 618.3886529103825751, 19.65412135683050110, 23.66570972555879138 ) ) ;
#1937 = CARTESIAN_POINT ( 'NONE',  ( 1061.350561735296878, 224.9417895761648651, -70.65721844379696392 ) ) ;
#1938 = CARTESIAN_POINT ( 'NONE',  ( 900.3893206372524673, 130.1185501613288977, 12.46861440949389532 ) ) ;
#1939 = CARTESIAN_POINT ( 'NONE',  ( 1087.500845471674893, 353.5989557946308537, 86.78246944876099178 ) ) ;
#1940 = CARTESIAN_POINT ( 'NONE',  ( 1246.132351451157774, 584.5777522016878720, 88.25103160217972231 ) ) ;
#1941 = CARTESIAN_POINT ( 'NONE',  ( 579.4571300830265272, -0.1420229985193327826, -22.22661743922504485 ) ) ;
#1942 = CARTESIAN_POINT ( 'NONE',  ( 845.5550069206241233, 100.4604627452685293, 17.54776700131134248 ) ) ;
#1943 = CARTESIAN_POINT ( 'NONE',  ( 560.0000000000000000, 4.706215718776033619, 21.68698599317583842 ) ) ;
#1944 = CARTESIAN_POINT ( 'NONE',  ( 903.6284024785729798, 108.8530061571261456, -41.24177523356603814 ) ) ;
#1945 = CARTESIAN_POINT ( 'NONE',  ( 1447.647750651808565, 936.4538302771135250, -34.04596523764525529 ) ) ;
#1946 = CARTESIAN_POINT ( 'NONE',  ( 1137.313311862685396, 386.1592340430420336, 47.63475557743843325 ) ) ;
#1947 = CARTESIAN_POINT ( 'NONE',  ( 1346.159619988271743, 883.7393344403703850, 101.9716224051093292 ) ) ;
#1948 = CARTESIAN_POINT ( 'NONE',  ( 1449.101693554603571, 898.4505856715144319, -51.37134560716923204 ) ) ;
#1949 = CARTESIAN_POINT ( 'NONE',  ( 1269.993407192379436, 528.0926291640084855, -3.967683957428568498 ) ) ;
#1950 = CARTESIAN_POINT ( 'NONE',  ( 1368.979742711278959, 953.3291651441027170, 90.84701411022876982 ) ) ;
#1951 = CARTESIAN_POINT ( 'NONE',  ( 560.0000000000001137, 3.783240306697120747, 20.54659275902568893 ) ) ;
#1952 = CARTESIAN_POINT ( 'NONE',  ( 618.6532396612944922, 4.151272918548566615, -30.70152476576140899 ) ) ;
#1953 = CARTESIAN_POINT ( 'NONE',  ( 676.0724783043146999, 31.95696074591274893, 25.10810030941701143 ) ) ;
#1954 = CARTESIAN_POINT ( 'NONE',  ( 1435.526144585746351, 919.0676354382526370, -25.49006473071368717 ) ) ;
#1955 = CARTESIAN_POINT ( 'NONE',  ( 1379.060187695026571, 937.4885757851483277, 67.88305537983168847 ) ) ;
#1956 = CARTESIAN_POINT ( 'NONE',  ( 1269.820201079326353, 669.7920159483609268, 110.9443049036622426 ) ) ;
#1957 = CARTESIAN_POINT ( 'NONE',  ( 1153.363658367855351, 335.0215812956558921, -39.56457382685179169 ) ) ;
#1958 = CARTESIAN_POINT ( 'NONE',  ( 1454.097156246393070, 926.9293525309909683, -53.40489641338718485 ) ) ;
#1959 = CARTESIAN_POINT ( 'NONE',  ( 1162.667469892399595, 305.4077454082562326, -89.17071625223532294 ) ) ;
#1960 = CARTESIAN_POINT ( 'NONE',  ( 1334.568023715326945, 666.6690841992452761, 5.416401418721743077 ) ) ;
#1961 = CARTESIAN_POINT ( 'NONE',  ( 1403.870737317832891, 1001.103693458514272, 50.99499066208164777 ) ) ;
#1962 = CARTESIAN_POINT ( 'NONE',  ( 1136.166225579574302, 389.8135543524680884, 53.28338240050802455 ) ) ;
#1963 = CARTESIAN_POINT ( 'NONE',  ( 1199.202996356921403, 384.6854608733883651, -21.67955264920083636 ) ) ;
#1964 = CARTESIAN_POINT ( 'NONE',  ( 842.3763147872007266, 126.1915448118506333, 48.05438954973902810 ) ) ;
#1965 = CARTESIAN_POINT ( 'NONE',  ( 579.4480928292115323, 1.120733050564577837, -18.42769724987844526 ) ) ;
#1966 = PERSON_AND_ORGANIZATION ( #6408, #3151 ) ;
#1967 = CARTESIAN_POINT ( 'NONE',  ( 1395.549343579733659, 911.5806647558238183, 45.95256925672256187 ) ) ;
#1968 = CARTESIAN_POINT ( 'NONE',  ( 1445.372050981606435, 939.8145819848260771, -34.91163314277213914 ) ) ;
#1969 = CARTESIAN_POINT ( 'NONE',  ( 1311.093048925600215, 580.3249923474936622, -3.768621794467317265 ) ) ;
#1970 = CARTESIAN_POINT ( 'NONE',  ( 844.0989744483854338, 112.1636419016885782, 17.12101893849941447 ) ) ;
#1971 = CARTESIAN_POINT ( 'NONE',  ( 1295.312016842146704, 468.1812167600154453, -97.63167448204902144 ) ) ;
#1972 = CARTESIAN_POINT ( 'NONE',  ( 1299.953829010345316, 735.7319215033905948, 96.48109944636890134 ) ) ;
#1973 = CARTESIAN_POINT ( 'NONE',  ( 1277.022155675321983, 654.1705241378174378, 81.66541225651123170 ) ) ;
#1974 = CARTESIAN_POINT ( 'NONE',  ( 791.0389625024416773, 60.84029827564323512, -43.95468563700055853 ) ) ;
#1975 = CARTESIAN_POINT ( 'NONE',  ( 1323.078125382228563, 811.6545176271825994, 110.6084644137670949 ) ) ;
#1976 = CARTESIAN_POINT ( 'NONE',  ( 844.0344332487576366, 112.7934276149685502, 36.92141285707916154 ) ) ;
#1977 = CARTESIAN_POINT ( 'NONE',  ( 902.3491928736667660, 117.1245129287712956, -51.74146667558085966 ) ) ;
#1978 = CARTESIAN_POINT ( 'NONE',  ( 618.6083183681887476, 7.412105169228310864, 10.99371531190741358 ) ) ;
#1979 = CARTESIAN_POINT ( 'NONE',  ( 560.0000000000000000, 1.732524166312766845, 0.9686625739494911791 ) ) ;
#1980 = CARTESIAN_POINT ( 'NONE',  ( 1331.256235175353595, 536.5933375298052397, -82.23002193948812533 ) ) ;
#1981 = CARTESIAN_POINT ( 'NONE',  ( 676.8797975977778378, 12.71683148869179725, -24.90057329545519949 ) ) ;
#1982 = CARTESIAN_POINT ( 'NONE',  ( 897.0159137201114845, 152.1270036122691920, 31.46724947982968601 ) ) ;
#1983 = CARTESIAN_POINT ( 'NONE',  ( 842.2430625103878583, 127.3042717304337401, 55.81374047425596530 ) ) ;
#1984 = CARTESIAN_POINT ( 'NONE',  ( 1389.514076193381470, 809.7511427247610527, 3.012523464473348511 ) ) ;
#1985 = CARTESIAN_POINT ( 'NONE',  ( 675.7049592835542171, 40.62188651641470472, 37.30673320230681611 ) ) ;
#1986 = CARTESIAN_POINT ( 'NONE',  ( 618.4258894074357613, 17.77413785227772181, 27.93056105632778596 ) ) ;
#1987 = CARTESIAN_POINT ( 'NONE',  ( 1451.166229437983020, 824.1670471291633930, -89.94048308695680305 ) ) ;
#1988 = CARTESIAN_POINT ( 'NONE',  ( 1311.719532654855129, 712.2693524469760860, 79.39631877963603301 ) ) ;
#1989 = CARTESIAN_POINT ( 'NONE',  ( 900.8144572684300329, 127.1902217226951990, -25.68391367410319504 ) ) ;
#1990 = CARTESIAN_POINT ( 'NONE',  ( 1087.321539516663051, 354.2387021207910038, 87.48049625635655957 ) ) ;
#1991 = CARTESIAN_POINT ( 'NONE',  ( 846.0560983864451146, 96.22273238426751618, -23.28498582762367874 ) ) ;
#1992 = CARTESIAN_POINT ( 'NONE',  ( 560.0000000000001137, -6.519782963949646515, -23.37953276654151935 ) ) ;
#1993 = CARTESIAN_POINT ( 'NONE',  ( 676.7524657007074893, 15.53790807822945119, -36.26487676945095018 ) ) ;
#1994 = CARTESIAN_POINT ( 'NONE',  ( 1301.130443047923791, 601.8991033832036237, 9.832684985008107503 ) ) ;
#1995 = CARTESIAN_POINT ( 'NONE',  ( 1132.800805807922188, 400.5575915130800126, 80.25690138668076656 ) ) ;
#1996 = CARTESIAN_POINT ( 'NONE',  ( 559.9999999999989768, 4.953426425525782051, 15.31617010644945687 ) ) ;
#1997 = CARTESIAN_POINT ( 'NONE',  ( 1406.204980105505683, 781.2767887584151367, -23.21226157851101490 ) ) ;
#1998 = CARTESIAN_POINT ( 'NONE',  ( 895.2574147312408286, 163.6686230943053886, 54.31454207096285813 ) ) ;
#1999 = CARTESIAN_POINT ( 'NONE',  ( 1059.892693550629474, 230.8500461605223677, -57.49893802200705295 ) ) ;
#2000 = CARTESIAN_POINT ( 'NONE',  ( 733.4964569811580759, 47.81506519089990093, 18.15914832530237888 ) ) ;
#2001 = CARTESIAN_POINT ( 'NONE',  ( 676.4408387444379969, 22.84573876400107650, -26.77757230892346740 ) ) ;
#2002 = CARTESIAN_POINT ( 'NONE',  ( 676.7568105008690509, 15.73552038946191090, -7.563900053275411928 ) ) ;
#2003 = CARTESIAN_POINT ( 'NONE',  ( 1418.638936016668595, 979.2940277777727260, 19.89802361988369839 ) ) ;
#2004 = CARTESIAN_POINT ( 'NONE',  ( 903.7974325236485811, 107.6979555192473725, -56.58557850422545243 ) ) ;
#2005 = CARTESIAN_POINT ( 'NONE',  ( 1349.809081131701987, 877.5096348926903147, 89.23358669305373780 ) ) ;
#2006 = CARTESIAN_POINT ( 'NONE',  ( 1399.028042315785115, 974.5006047133614402, 47.52180434924093078 ) ) ;
#2007 = CARTESIAN_POINT ( 'NONE',  ( 902.3491928736667660, 117.1245129287712956, -51.74146667558085966 ) ) ;
#2008 = CARTESIAN_POINT ( 'NONE',  ( 676.8294127834568599, 13.79440899073909677, -33.67588659023952147 ) ) ;
#2009 = CARTESIAN_POINT ( 'NONE',  ( 842.5415466373955269, 124.8969514426637915, 53.44945132486727601 ) ) ;
#2010 = CARTESIAN_POINT ( 'NONE',  ( 843.8994046783699332, 113.8885476844743891, 38.49459277995043038 ) ) ;
#2011 = CARTESIAN_POINT ( 'NONE',  ( 1205.161044486347919, 367.5564808129627181, -80.37204267241237687 ) ) ;
#2012 = CARTESIAN_POINT ( 'NONE',  ( 1144.590279897650134, 363.0270702405305769, 30.85154184119763698 ) ) ;
#2013 = CARTESIAN_POINT ( 'NONE',  ( 560.0000000000001137, 3.911628151696094235, 10.87605448695931543 ) ) ;
#2014 = CARTESIAN_POINT ( 'NONE',  ( 1424.458153663153553, 750.1149058374887773, -77.14103358388760512 ) ) ;
#2015 = CARTESIAN_POINT ( 'NONE',  ( 1011.176078855297078, 178.5474152345708205, -53.76485361441469024 ) ) ;
#2016 = CARTESIAN_POINT ( 'NONE',  ( 559.9999999999998863, 4.403114541097365553, 12.99326552414534675 ) ) ;
#2017 = CARTESIAN_POINT ( 'NONE',  ( 1450.472763323310346, 825.2567909403561544, -88.66743438638228270 ) ) ;
#2018 = CARTESIAN_POINT ( 'NONE',  ( 618.7549104419264268, -1.365749319861889965, -26.59984152096690480 ) ) ;
#2019 = CARTESIAN_POINT ( 'NONE',  ( 1101.470908072830525, 303.6476727162808515, -4.158035377877193461 ) ) ;
#2020 = CARTESIAN_POINT ( 'NONE',  ( 995.3771716106085705, 252.2023142278034129, 71.28003926617186892 ) ) ;
#2021 = CARTESIAN_POINT ( 'NONE',  ( 1089.578324670490929, 346.1810230295169504, 77.21290397794378180 ) ) ;
#2022 = CARTESIAN_POINT ( 'NONE',  ( 1294.667131165765568, 469.6919979253502220, -103.6025996405679876 ) ) ;
#2023 = CARTESIAN_POINT ( 'NONE',  ( 949.5137252306581104, 188.4492641144586855, 45.93703403027284082 ) ) ;
#2024 = CARTESIAN_POINT ( 'NONE',  ( 618.5553887052179789, 9.666135928640294139, -14.93965631330033084 ) ) ;
#2025 = CARTESIAN_POINT ( 'NONE',  ( 946.4479271933046221, 205.1735372783589639, 68.04474604996595133 ) ) ;
#2026 = CARTESIAN_POINT ( 'NONE',  ( 1240.053177646982704, 445.1435887993104075, -40.04380644758702346 ) ) ;
#2027 = CARTESIAN_POINT ( 'NONE',  ( 1430.543801901337019, 739.7199189174514231, -101.0497641395700583 ) ) ;
#2028 = CARTESIAN_POINT ( 'NONE',  ( 1296.163805450511745, 466.1602761948255420, -104.7103376590578705 ) ) ;
#2029 = CARTESIAN_POINT ( 'NONE',  ( 1226.924950726818452, 479.2294960476322103, 15.25935791507160744 ) ) ;
#2030 = CARTESIAN_POINT ( 'NONE',  ( 1209.581949094612582, 524.2654661300480257, 90.82121882447601990 ) ) ;
#2031 = CARTESIAN_POINT ( 'NONE',  ( 675.8077984520757582, 38.06583040276731111, 24.82250587728517388 ) ) ;
#2032 = CARTESIAN_POINT ( 'NONE',  ( 734.3455074160780214, 35.22511553477650637, -8.307691500206022539 ) ) ;
#2033 = CARTESIAN_POINT ( 'NONE',  ( 1324.210035935490623, 809.5686769343711831, 98.68978159999183219 ) ) ;
#2034 = CARTESIAN_POINT ( 'NONE',  ( 1446.014250703485914, 938.8661818772565084, -36.40783294393320091 ) ) ;
#2035 = CARTESIAN_POINT ( 'NONE',  ( 1002.863584224525880, 217.3402561938966073, 28.91614185063613363 ) ) ;
#2036 = CARTESIAN_POINT ( 'NONE',  ( 955.3450296795875829, 156.4866879592183011, -41.29920509679832463 ) ) ;
#2037 = CARTESIAN_POINT ( 'NONE',  ( 1151.495884121504560, 341.0368813103881962, -2.992926132699894382 ) ) ;
#2038 = CARTESIAN_POINT ( 'NONE',  ( 1325.583183266855940, 684.5968622133258350, 30.56761474455921501 ) ) ;
#2039 = CARTESIAN_POINT ( 'NONE',  ( 1253.343083184987336, 410.6576461779223450, -93.69044254910910752 ) ) ;
#2040 = CARTESIAN_POINT ( 'NONE',  ( 946.3983399165718993, 205.4166811500786878, 60.89858155137782347 ) ) ;
#2041 = CARTESIAN_POINT ( 'NONE',  ( 1244.317346619687896, 588.8590709341157208, 82.83727373874161515 ) ) ;
#2042 = CARTESIAN_POINT ( 'NONE',  ( 1365.259814451082548, 605.4209544581589171, -92.13131122584412935 ) ) ;
#2043 = CARTESIAN_POINT ( 'NONE',  ( 842.4715224592675895, 125.4641274044763719, 54.29394914645500592 ) ) ;
#2044 = CARTESIAN_POINT ( 'NONE',  ( 1215.164361395054129, 509.7808822280720733, 73.49766843401033611 ) ) ;
#2045 = CARTESIAN_POINT ( 'NONE',  ( 847.0553572688157828, 88.09628557562285778, -45.80169173406142136 ) ) ;
#2046 = CARTESIAN_POINT ( 'NONE',  ( 1185.503885389817242, 423.9261150097642599, 38.60071113979027757 ) ) ;
#2047 = CARTESIAN_POINT ( 'NONE',  ( 1052.957540931070980, 258.9802578133797510, 0.9667263781091388619 ) ) ;
#2048 = CARTESIAN_POINT ( 'NONE',  ( 1113.044203982039107, 262.3320037249681604, -66.00216814900720408 ) ) ;
#2049 = CARTESIAN_POINT ( 'NONE',  ( 1251.225160669381012, 416.1679770390446151, -76.74036045864706068 ) ) ;
#2050 = CARTESIAN_POINT ( 'NONE',  ( 1177.155286873125988, 447.8075539364477322, 56.46911439819215417 ) ) ;
#2051 = CARTESIAN_POINT ( 'NONE',  ( 1010.939390997765940, 179.5839210455485215, -72.65687631801910129 ) ) ;
#2052 = CARTESIAN_POINT ( 'NONE',  ( 1398.641127558960306, 672.5716460548134137, -84.00770599067608657 ) ) ;
#2053 = CARTESIAN_POINT ( 'NONE',  ( 1369.304457902761442, 952.8187419820980040, 89.11328327916221781 ) ) ;
#2054 = CARTESIAN_POINT ( 'NONE',  ( 1089.840257939765024, 345.2459016599995607, 76.14987350487632511 ) ) ;
#2055 = CARTESIAN_POINT ( 'NONE',  ( 1333.160721775056572, 532.4402749934217809, -104.2551557979593326 ) ) ;
#2056 = CARTESIAN_POINT ( 'NONE',  ( 1214.245651189809223, 512.1647176493091820, 76.41092171578353032 ) ) ;
#2057 = CARTESIAN_POINT ( 'NONE',  ( 845.9501256862755554, 97.08577951167322340, -20.88113608932405185 ) ) ;
#2058 = CARTESIAN_POINT ( 'NONE',  ( 559.9999999999998863, -10.05744176919433919, -14.88641580652834584 ) ) ;
#2059 = CARTESIAN_POINT ( 'NONE',  ( 1401.446290257725877, 1004.684115209330912, 55.26426020724979793 ) ) ;
#2060 = CARTESIAN_POINT ( 'NONE',  ( 1198.844582008794760, 385.6573098660436472, -44.83782313772810824 ) ) ;
#2061 = CARTESIAN_POINT ( 'NONE',  ( 958.2499796675760990, 140.6520776467644680, -65.82025336665235216 ) ) ;
#2062 = CARTESIAN_POINT ( 'NONE',  ( 1335.441341158109026, 527.5062959224717360, -106.7813127859707549 ) ) ;
#2063 = CARTESIAN_POINT ( 'NONE',  ( 844.7847204397482983, 106.5776723349424486, 3.531382172789103269 ) ) ;
#2064 = CARTESIAN_POINT ( 'NONE',  ( 1209.135438265055654, 525.4239326526919740, 92.09398283566349619 ) ) ;
#2065 = CARTESIAN_POINT ( 'NONE',  ( 1279.338180980144671, 649.1491966063288146, 75.13723851464348513 ) ) ;
#2066 = CARTESIAN_POINT ( 'NONE',  ( 734.5041595099875167, 32.85399587289339252, -16.27856619905103486 ) ) ;
#2067 = CARTESIAN_POINT ( 'NONE',  ( 675.6809885954177162, 41.15415729308245574, 35.86352511918193642 ) ) ;
#2068 = CARTESIAN_POINT ( 'NONE',  ( 579.4508113949262906, 0.7422169965727672958, -19.70702161211120540 ) ) ;
#2069 = CARTESIAN_POINT ( 'NONE',  ( 1323.642502942626834, 688.4846097171480324, 50.22092872696791943 ) ) ;
#2070 = CARTESIAN_POINT ( 'NONE',  ( 1434.852576373317333, 849.8092597235734047, -49.90744055372200449 ) ) ;
#2071 = CARTESIAN_POINT ( 'NONE',  ( 1434.856991106757050, 920.0849114957375150, -15.11002832488702197 ) ) ;
#2072 = CARTESIAN_POINT ( 'NONE',  ( 1371.473123076348656, 840.5402997966615430, 44.01844435826581048 ) ) ;
#2073 = CARTESIAN_POINT ( 'NONE',  ( 1089.375862686025130, 346.8821793381733301, 68.40174939652352748 ) ) ;
#2074 = CARTESIAN_POINT ( 'NONE',  ( 1060.938465920250337, 226.6107937364155589, -66.69549806471088971 ) ) ;
#2075 = CARTESIAN_POINT ( 'NONE',  ( 1298.298414435332916, 739.0407747705943393, 110.7395477602980947 ) ) ;
#2076 = CARTESIAN_POINT ( 'NONE',  ( 1092.559577714696616, 335.5368568215523055, 64.08698549491077756 ) ) ;
#2077 = CARTESIAN_POINT ( 'NONE',  ( 1442.736856187503008, 837.4163875568123103, -69.70007131183685090 ) ) ;
#2078 = CARTESIAN_POINT ( 'NONE',  ( 1097.764285258002019, 316.9510794744758755, 39.11407365406881809 ) ) ;
#2079 = CARTESIAN_POINT ( 'NONE',  ( 618.4912694803725799, 13.47921908631614052, 0.3958976631664123391 ) ) ;
#2080 = CARTESIAN_POINT ( 'NONE',  ( 618.7573010692349271, -1.485815328554918491, -26.07762775214967021 ) ) ;
#2081 = CARTESIAN_POINT ( 'NONE',  ( 1210.716535668690085, 521.3080825760796415, 76.45004685481957551 ) ) ;
#2082 = CARTESIAN_POINT ( 'NONE',  ( 1448.700120739934164, 899.0604737171897796, -50.17782178808206339 ) ) ;
#2083 = CARTESIAN_POINT ( 'NONE',  ( 948.3765939491150903, 194.5987675362655693, 41.10394978176409353 ) ) ;
#2084 = CARTESIAN_POINT ( 'NONE',  ( 1402.162322703337395, 666.0795070027801330, -105.9051524758594098 ) ) ;
#2085 = CARTESIAN_POINT ( 'NONE',  ( 848.2358030409970979, 78.60441062004976231, -45.98166466472127922 ) ) ;
#2086 = CARTESIAN_POINT ( 'NONE',  ( 1322.917727137885549, 811.9477936673926024, 103.8288568378700063 ) ) ;
#2087 = CARTESIAN_POINT ( 'NONE',  ( 997.4070620438247943, 242.7624623401662518, 64.04329392717133373 ) ) ;
#2088 = CARTESIAN_POINT ( 'NONE',  ( 1160.236858629768449, 313.1227935277011625, -85.03137540694288532 ) ) ;
#2089 = CARTESIAN_POINT ( 'NONE',  ( 559.9999999999994316, 0.5245618460586267684, 15.57883485510402366 ) ) ;
#2090 = CARTESIAN_POINT ( 'NONE',  ( 1316.859610855342225, 567.7916694611227513, -42.27905739610167757 ) ) ;
#2091 = CARTESIAN_POINT ( 'NONE',  ( 1414.893981533611168, 766.4448102853152704, -46.89930676494687134 ) ) ;
#2092 = CARTESIAN_POINT ( 'NONE',  ( 1088.088581877331762, 351.5008775918623201, 83.99246439989723001 ) ) ;
#2093 = CARTESIAN_POINT ( 'NONE',  ( 618.5510945571919592, 9.918781187328077564, -13.89226866389016912 ) ) ;
#2094 = CARTESIAN_POINT ( 'NONE',  ( 1011.552785481543424, 176.7431988754821361, -72.38498275679880578 ) ) ;
#2095 = CARTESIAN_POINT ( 'NONE',  ( 1453.423698223170504, 891.8863987071724750, -65.74316005360384452 ) ) ;
#2096 = CARTESIAN_POINT ( 'NONE',  ( 1421.888871018151804, 939.7796573839531220, 3.306181109327643419 ) ) ;
#2097 = CARTESIAN_POINT ( 'NONE',  ( 1352.903631777807277, 872.2343836894690412, 92.24200639887332898 ) ) ;
#2098 = CARTESIAN_POINT ( 'NONE',  ( 1280.108314253155640, 647.4794875125165845, 72.97072603362829568 ) ) ;
#2099 = CARTESIAN_POINT ( 'NONE',  ( 1322.250328585314264, 556.1313068363359662, -42.60471715856878916 ) ) ;
#2100 = CARTESIAN_POINT ( 'NONE',  ( 1129.964676990626913, 409.5689324529332680, 82.17512589287979097 ) ) ;
#2101 = CARTESIAN_POINT ( 'NONE',  ( 1326.445949268059394, 547.0017934990988806, -78.43096317159277930 ) ) ;
#2102 = CARTESIAN_POINT ( 'NONE',  ( 1295.486116322948874, 614.1597318262640783, 43.19996739712050982 ) ) ;
#2103 = CARTESIAN_POINT ( 'NONE',  ( 790.5649018155148724, 65.84137800067829005, -30.52841014266478226 ) ) ;
#2104 = CARTESIAN_POINT ( 'NONE',  ( 1009.290989531884861, 187.3671973420083248, -25.61594302216459695 ) ) ;
#2105 = CARTESIAN_POINT ( 'NONE',  ( 788.9123702544859498, 83.36799939156597361, 18.82739123262930647 ) ) ;
#2106 = CARTESIAN_POINT ( 'NONE',  ( 1244.819657245927147, 587.6703253561333895, 81.17697437889344769 ) ) ;
#2107 = CARTESIAN_POINT ( 'NONE',  ( 1365.743152119861861, 604.4562416822337809, -93.92521712359447861 ) ) ;
#2108 = CARTESIAN_POINT ( 'NONE',  ( 1043.296114227025555, 298.1872952797450580, 77.83480439504305082 ) ) ;
#2109 = CARTESIAN_POINT ( 'NONE',  ( 1411.301620161354322, 990.1297707862329389, 38.77157040427003665 ) ) ;
#2110 = CARTESIAN_POINT ( 'NONE',  ( 1395.248403806383749, 678.8068959157392328, -85.18519324697277284 ) ) ;
#2111 = CARTESIAN_POINT ( 'NONE',  ( 1384.413296237675468, 818.4670589913864660, 27.94757860410975070 ) ) ;
#2112 = CARTESIAN_POINT ( 'NONE',  ( 618.4941846755466486, 13.30447803372257987, -0.3008611777742341564 ) ) ;
#2113 = CARTESIAN_POINT ( 'NONE',  ( 1062.991894741979422, 218.3491879657605352, -61.44613890278998269 ) ) ;
#2114 = CARTESIAN_POINT ( 'NONE',  ( 1396.338800144429797, 978.5850390219770816, 52.58259339213509520 ) ) ;
#2115 = CARTESIAN_POINT ( 'NONE',  ( 1331.256235175353595, 536.5933375298052397, -82.23002193948812533 ) ) ;
#2116 = CARTESIAN_POINT ( 'NONE',  ( 896.3256054622974034, 156.6579927627824134, 40.81819454558657156 ) ) ;
#2117 = CARTESIAN_POINT ( 'NONE',  ( 902.9153559770390984, 113.4265580145605981, -59.56498829508024784 ) ) ;
#2118 = CARTESIAN_POINT ( 'NONE',  ( 1252.557142541931171, 412.7027894245023845, -87.16165614165717557 ) ) ;
#2119 = CARTESIAN_POINT ( 'NONE',  ( 579.3787749465570869, 10.59769919453218989, 26.22418434408420751 ) ) ;
#2120 = CARTESIAN_POINT ( 'NONE',  ( 947.8048599564598362, 197.7715626655399888, 58.35110961540359398 ) ) ;
#2121 = CARTESIAN_POINT ( 'NONE',  ( 1250.966487464328338, 416.8058638930248776, -94.09914265933139177 ) ) ;
#2122 = CARTESIAN_POINT ( 'NONE',  ( 560.0000000000001137, -1.090950633301262851, 12.83323286743875435 ) ) ;
#2123 = CARTESIAN_POINT ( 'NONE',  ( 845.6495730501690105, 99.53361125167199930, -14.29269871863630748 ) ) ;
#2124 = CARTESIAN_POINT ( 'NONE',  ( 559.9999999999998863, -10.06465329655251395, -14.08969079539336633 ) ) ;
#2125 = CARTESIAN_POINT ( 'NONE',  ( 788.1820129909190200, 91.17717668684954901, 46.17340674713413051 ) ) ;
#2126 = CARTESIAN_POINT ( 'NONE',  ( 845.9501256862755554, 97.08577951167322340, -20.88113608932405185 ) ) ;
#2127 = CARTESIAN_POINT ( 'NONE',  ( 847.8763910688703618, 81.44710914341698071, -54.39021083475360996 ) ) ;
#2128 = CARTESIAN_POINT ( 'NONE',  ( 1335.534399884198137, 527.3018320292678709, -108.9068378331973292 ) ) ;
#2129 = CARTESIAN_POINT ( 'NONE',  ( 1405.737075400299545, 998.3474866620184685, 47.99455731386641588 ) ) ;
#2130 = CARTESIAN_POINT ( 'NONE',  ( 1400.817918108914000, 971.7821353496260599, 44.25516814874720950 ) ) ;
#2131 = CARTESIAN_POINT ( 'NONE',  ( 1432.342510769530236, 853.7598682041891607, -31.63303907773805435 ) ) ;
#2132 = CARTESIAN_POINT ( 'NONE',  ( 618.3790028577917610, 20.42805613007622512, 31.81194343066382046 ) ) ;
#2133 = CARTESIAN_POINT ( 'NONE',  ( 946.3114877202560820, 205.8929645916996094, 62.31123642764780612 ) ) ;
#2134 = CARTESIAN_POINT ( 'NONE',  ( 1358.360834070438614, 619.1895345671872519, -68.02267640748156907 ) ) ;
#2135 = CARTESIAN_POINT ( 'NONE',  ( 559.9999999999998863, -4.397034950895958971, 6.477519151061035707 ) ) ;
#2136 = CARTESIAN_POINT ( 'NONE',  ( 846.5238492437321156, 92.41510686466790503, -34.14435328743035569 ) ) ;
#2137 = CARTESIAN_POINT ( 'NONE',  ( 676.7871432903646109, 15.00782537869568323, -9.979925332373870361 ) ) ;
#2138 = CARTESIAN_POINT ( 'NONE',  ( 999.7342672635161307, 231.8642318710764130, 33.37506529145569090 ) ) ;
#2139 = CARTESIAN_POINT ( 'NONE',  ( 1132.670771316065839, 400.9488636820383363, 70.13645920578926507 ) ) ;
#2140 = CARTESIAN_POINT ( 'NONE',  ( 1249.754579099002967, 419.9533314756432674, -87.51120283206918771 ) ) ;
#2141 = CARTESIAN_POINT ( 'NONE',  ( 1364.205342913339337, 735.9539269138841746, 3.176005808356695770 ) ) ;
#2142 = CARTESIAN_POINT ( 'NONE',  ( 946.9949434917647295, 202.1903965257334335, 63.84660990902049349 ) ) ;
#2143 = CARTESIAN_POINT ( 'NONE',  ( 1404.657873201728535, 965.9510986035518272, 43.90277332521123554 ) ) ;
#2144 = CARTESIAN_POINT ( 'NONE',  ( 676.4952296980119399, 21.56369252261742275, -30.56988018334683233 ) ) ;
#2145 = CARTESIAN_POINT ( 'NONE',  ( 790.4384961933839122, 67.39489195750682882, 9.333282634447696680 ) ) ;
#2146 = CARTESIAN_POINT ( 'NONE',  ( 733.2322051339758673, 51.52640746773501235, 0.6928937880290612084 ) ) ;
#2147 = CARTESIAN_POINT ( 'NONE',  ( 734.6020276660386799, 31.29280962120947862, -36.37636595920730542 ) ) ;
#2148 = CARTESIAN_POINT ( 'NONE',  ( 618.3757433754216208, 20.42284660211770486, 26.20925587096801124 ) ) ;
#2149 = CARTESIAN_POINT ( 'NONE',  ( 618.7619800359285591, -1.715686154830803334, -24.84859940862311589 ) ) ;
#2150 = CARTESIAN_POINT ( 'NONE',  ( 896.4461396088289575, 155.8671793272612831, 39.22350275679217901 ) ) ;
#2151 = CARTESIAN_POINT ( 'NONE',  ( 957.6680078569006582, 143.8059843983079134, -66.51016597827664611 ) ) ;
#2152 = PRODUCT_RELATED_PRODUCT_CATEGORY ( 'detail', '', ( #4908 ) ) ;
#2153 = CARTESIAN_POINT ( 'NONE',  ( 1400.818954388136717, 668.5597512985303865, -93.14691422295139489 ) ) ;
#2154 = CARTESIAN_POINT ( 'NONE',  ( 1086.914100203746557, 355.6883644404442748, 87.03572784102486537 ) ) ;
#2155 = CARTESIAN_POINT ( 'NONE',  ( 1172.806681005177097, 460.2847309047906492, 85.18872770443914533 ) ) ;
#2156 = CARTESIAN_POINT ( 'NONE',  ( 1451.414670551398558, 930.8908455603167340, -49.21475938777339110 ) ) ;
#2157 = CARTESIAN_POINT ( 'NONE',  ( 1367.628617145282760, 729.6655304997723306, 9.709818991657375165 ) ) ;
#2158 = CARTESIAN_POINT ( 'NONE',  ( 1048.173835837817023, 278.4321590679711562, 52.57318120748324475 ) ) ;
#2159 = CARTESIAN_POINT ( 'NONE',  ( 1344.934065539484436, 645.9845503486897087, -24.74729925621384652 ) ) ;
#2160 = CARTESIAN_POINT ( 'NONE',  ( 1439.854463005655361, 841.9522213668494715, -51.11480696107872745 ) ) ;
#2161 = CARTESIAN_POINT ( 'NONE',  ( 1170.350486734675542, 467.3177430619595043, 93.52657733486114466 ) ) ;
#2162 = CARTESIAN_POINT ( 'NONE',  ( 1151.391965485176115, 341.3042774793010494, -27.60781494082325693 ) ) ;
#2163 = CARTESIAN_POINT ( 'NONE',  ( 1253.449376532576252, 410.3699199714881729, -101.5049169440050463 ) ) ;
#2164 = CARTESIAN_POINT ( 'NONE',  ( 1403.931288548502835, 662.8255810568044808, -108.1844755291598403 ) ) ;
#2165 = CARTESIAN_POINT ( 'NONE',  ( 1050.256215946395741, 269.9370760847881456, 21.24777046179605478 ) ) ;
#2166 = CARTESIAN_POINT ( 'NONE',  ( 1245.399785348913383, 586.3107103106063960, 90.29781477436404202 ) ) ;
#2167 = CARTESIAN_POINT ( 'NONE',  ( 1091.717779293088142, 338.5114953085133038, 55.13128863995322604 ) ) ;
#2168 = CARTESIAN_POINT ( 'NONE',  ( 1438.344615867226821, 914.7879945972216547, -23.09507537239840858 ) ) ;
#2169 = CARTESIAN_POINT ( 'NONE',  ( 732.3717957499853810, 64.43582585309705735, 42.93422338110826786 ) ) ;
#2170 = CARTESIAN_POINT ( 'NONE',  ( 1239.701821031030704, 599.7813945080310987, 96.79747765495164913 ) ) ;
#2171 = CARTESIAN_POINT ( 'NONE',  ( 1156.197219069563062, 325.9924992388931742, -57.72761602791147340 ) ) ;
#2172 = CARTESIAN_POINT ( 'NONE',  ( 1413.122147184797768, 769.4563593662464882, -55.98215494736314213 ) ) ;
#2173 = CARTESIAN_POINT ( 'NONE',  ( 1319.370162412340505, 562.3776039236017823, -31.75024462185754714 ) ) ;
#2174 = CARTESIAN_POINT ( 'NONE',  ( 1319.332369037908393, 697.0689067287338503, 47.49263580925845218 ) ) ;
#2175 = CARTESIAN_POINT ( 'NONE',  ( 895.7938352297213669, 160.1485873544988294, 47.94842623054583441 ) ) ;
#2176 = CARTESIAN_POINT ( 'NONE',  ( 1110.660860258849652, 270.7950664197223318, -70.06453464922095975 ) ) ;
#2177 = CARTESIAN_POINT ( 'NONE',  ( 952.0452914010214727, 174.5339473283338236, 0.3804807068468273878 ) ) ;
#2178 = CARTESIAN_POINT ( 'NONE',  ( 949.7693798974756874, 187.0542878849223314, 43.99450178313875170 ) ) ;
#2179 = CARTESIAN_POINT ( 'NONE',  ( 1060.468573893493613, 228.5149343764183527, -62.77900582162487808 ) ) ;
#2180 = CARTESIAN_POINT ( 'NONE',  ( 579.4659786615313806, -1.556115120928993623, 5.728018722406797991 ) ) ;
#2181 = CARTESIAN_POINT ( 'NONE',  ( 560.0000000000001137, 1.588024527040653000, 0.2971254888551027040 ) ) ;
#2182 = CARTESIAN_POINT ( 'NONE',  ( 1399.111790094758817, 671.7047579512079665, -85.90067286325097484 ) ) ;
#2183 = CARTESIAN_POINT ( 'NONE',  ( 1303.289079951201529, 729.0781351215762243, 89.17980567634009503 ) ) ;
#2184 = CARTESIAN_POINT ( 'NONE',  ( 1104.456952686349268, 293.0450182678757187, 2.551574857779436378 ) ) ;
#2185 = CARTESIAN_POINT ( 'NONE',  ( 1282.212985600476031, 642.9163320648121953, 66.93366210431754837 ) ) ;
#2186 = CARTESIAN_POINT ( 'NONE',  ( 734.1597580983722082, 37.74319407392828651, -40.70760886993727468 ) ) ;
#2187 = CARTESIAN_POINT ( 'NONE',  ( 1448.325618644482574, 828.6343076455252685, -76.48935405459901915 ) ) ;
#2188 = CARTESIAN_POINT ( 'NONE',  ( 732.3579221396723824, 64.63879805184295435, 43.12522004929185471 ) ) ;
#2189 = CARTESIAN_POINT ( 'NONE',  ( 1396.338539817096489, 978.5864604440673702, 58.28262793980226775 ) ) ;
#2190 = CARTESIAN_POINT ( 'NONE',  ( 1426.278318306514393, 746.9967690955769513, -93.37461797076791470 ) ) ;
#2191 = CARTESIAN_POINT ( 'NONE',  ( 1430.039960958510846, 962.4570019853824761, 4.756425186391249227 ) ) ;
#2192 = CARTESIAN_POINT ( 'NONE',  ( 618.5444320983383477, 11.05077479613862934, 17.59785296804063393 ) ) ;
#2193 = CARTESIAN_POINT ( 'NONE',  ( 1275.488944001821437, 515.0855012314308397, -24.20269552195746954 ) ) ;
#2194 = CARTESIAN_POINT ( 'NONE',  ( 579.5082168481211511, -7.366297720107460201, -17.35474024276445704 ) ) ;
#2195 = CARTESIAN_POINT ( 'NONE',  ( 618.7692212550814475, -2.006085157672690134, -19.64618815656553963 ) ) ;
#2196 = CARTESIAN_POINT ( 'NONE',  ( 1206.554517973357179, 532.1207279822773444, 100.3623823408150884 ) ) ;
#2197 = CARTESIAN_POINT ( 'NONE',  ( 579.4287713770418122, 3.787823017727566910, -7.178073749303760742 ) ) ;
#2198 = CARTESIAN_POINT ( 'NONE',  ( 1371.092490163955517, 593.7849472952019596, -109.7704641015459970 ) ) ;
#2199 = CARTESIAN_POINT ( 'NONE',  ( 1296.139734077530875, 466.2150611180870214, -105.9049899928136540 ) ) ;
#2200 = CARTESIAN_POINT ( 'NONE',  ( 1141.807595128886533, 371.8410668563108743, 24.82439157053062218 ) ) ;
#2201 = CARTESIAN_POINT ( 'NONE',  ( 618.4528869364291950, 16.24762954758187661, 25.80294558641715597 ) ) ;
#2202 = CARTESIAN_POINT ( 'NONE',  ( 1211.145542527507814, 520.1943936853832611, 74.89272825299285330 ) ) ;
#2203 = CARTESIAN_POINT ( 'NONE',  ( 734.5528892206037881, 32.12021159757763655, -19.62322733350805137 ) ) ;
#2204 = CARTESIAN_POINT ( 'NONE',  ( 1268.808061668320079, 671.9838085453318399, 111.8246582030823362 ) ) ;
#2205 = CARTESIAN_POINT ( 'NONE',  ( 1205.193594199244671, 535.6463168420085594, 97.91115794450563214 ) ) ;
#2206 = CARTESIAN_POINT ( 'NONE',  ( 676.3982698714538628, 23.85642737524917223, -23.35489061868629790 ) ) ;
#2207 = CARTESIAN_POINT ( 'NONE',  ( 1054.938638408897532, 251.0263313040179582, 12.15612153912091919 ) ) ;
#2208 = CARTESIAN_POINT ( 'NONE',  ( 579.5006073547621099, -6.353833859326219802, -7.648026302597165760 ) ) ;
#2209 = CARTESIAN_POINT ( 'NONE',  ( 1181.331694605175016, 435.8411745855849517, 38.51735763338709972 ) ) ;
#2210 = CARTESIAN_POINT ( 'NONE',  ( 1274.705369325571155, 659.1935407586263409, 88.38496459327356547 ) ) ;
#2211 = CARTESIAN_POINT ( 'NONE',  ( 1364.217862214810339, 607.5002878518921534, -88.43165357863236409 ) ) ;
#2212 = CARTESIAN_POINT ( 'NONE',  ( 1389.514076193381470, 809.7511427247610527, 3.012523464473348511 ) ) ;
#2213 = CARTESIAN_POINT ( 'NONE',  ( 1095.202041605341492, 326.1011854401408527, 51.72404879183037707 ) ) ;
#2214 = CARTESIAN_POINT ( 'NONE',  ( 733.9599082726799679, 40.68025800351804122, -33.85497796224144196 ) ) ;
#2215 = CARTESIAN_POINT ( 'NONE',  ( 618.6725906628730627, 3.733798307387152793, 3.201014611103194962 ) ) ;
#2216 = CARTESIAN_POINT ( 'NONE',  ( 560.0000000000000000, -6.382088647872323328, 1.944257924264396475 ) ) ;
#2217 = CARTESIAN_POINT ( 'NONE',  ( 618.7493782707716719, -1.085556491084843644, -27.63948988741459445 ) ) ;
#2218 = CARTESIAN_POINT ( 'NONE',  ( 560.0000000000003411, 5.894382410505285996, 19.18284525733803392 ) ) ;
#2219 = CARTESIAN_POINT ( 'NONE',  ( 676.6463129149892666, 18.37090844819553226, -0.4717207741739469773 ) ) ;
#2220 = CARTESIAN_POINT ( 'NONE',  ( 948.1733988198069483, 195.7097872107295871, 43.22626260949449772 ) ) ;
#2221 = CC_DESIGN_APPROVAL ( #1708, ( #6610 ) ) ;
#2222 = CARTESIAN_POINT ( 'NONE',  ( 1400.372729813078649, 669.3725334630006500, -101.4754183577259283 ) ) ;
#2223 = CARTESIAN_POINT ( 'NONE',  ( 560.0000000000002274, -8.761640027015726417, -21.49654383611663633 ) ) ;
#2224 = CARTESIAN_POINT ( 'NONE',  ( 1129.000951650553361, 412.6487583178585510, 93.93137970836801287 ) ) ;
#2225 = CARTESIAN_POINT ( 'NONE',  ( 1090.374539430420782, 343.3385354295280081, 73.90188385769486956 ) ) ;
#2226 = CARTESIAN_POINT ( 'NONE',  ( 1427.016327268561781, 745.7371100106685162, -95.26928318990273681 ) ) ;
#2227 = DIRECTION ( 'NONE',  ( 0.000000000000000000, 0.000000000000000000, 1.000000000000000000 ) ) ;
#2228 = CARTESIAN_POINT ( 'NONE',  ( 844.4316601324193243, 109.5727060274906393, 32.16601399187291577 ) ) ;
#2229 = CARTESIAN_POINT ( 'NONE',  ( 1374.657340511533448, 716.7144697933709949, -24.26132312674068459 ) ) ;
#2230 = CARTESIAN_POINT ( 'NONE',  ( 734.6266452402397817, 30.98611764999622054, -28.35050511699209608 ) ) ;
#2231 = CARTESIAN_POINT ( 'NONE',  ( 1289.592055731419123, 481.7359356123404268, -63.07939252808576924 ) ) ;
#2232 = CARTESIAN_POINT ( 'NONE',  ( 675.7976736743269157, 38.44365349053254022, 34.32384887030407583 ) ) ;
#2233 = CARTESIAN_POINT ( 'NONE',  ( 1435.526144585746351, 919.0676354382526370, -25.49006473071368717 ) ) ;
#2234 = CARTESIAN_POINT ( 'NONE',  ( 618.6816154343622429, 2.560462980206993144, -31.53983220802801668 ) ) ;
#2235 = CARTESIAN_POINT ( 'NONE',  ( 1403.918746845843771, 662.8484278402715972, -108.6339477185185842 ) ) ;
#2236 = CARTESIAN_POINT ( 'NONE',  ( 1097.152420874518157, 319.0853661508093637, 23.04566898379022888 ) ) ;
#2237 = CARTESIAN_POINT ( 'NONE',  ( 1406.634071397542812, 997.0228035902480315, 46.58037466708396579 ) ) ;
#2238 = CARTESIAN_POINT ( 'NONE',  ( 1044.914544236044094, 291.6011789541031476, 58.58565008753542003 ) ) ;
#2239 = CARTESIAN_POINT ( 'NONE',  ( 1110.815329323561400, 270.3156386169443408, -42.05238802699231826 ) ) ;
#2240 = CARTESIAN_POINT ( 'NONE',  ( 1390.153392976008263, 987.9799801296120449, 68.06600449415473975 ) ) ;
#2241 = CARTESIAN_POINT ( 'NONE',  ( 1441.210028836542733, 910.4351454512511737, -38.58536935952793101 ) ) ;
#2242 = CARTESIAN_POINT ( 'NONE',  ( 618.6725906628730627, 3.733798307387152793, 3.201014611103194962 ) ) ;
#2243 = CARTESIAN_POINT ( 'NONE',  ( 847.8640383548641921, 81.68795616902355050, -24.29206996632964888 ) ) ;
#2244 = CARTESIAN_POINT ( 'NONE',  ( 675.8701522528451733, 36.56248147618837407, 20.23234845552533656 ) ) ;
#2245 = CARTESIAN_POINT ( 'NONE',  ( 788.0668669608298842, 92.33379231130172116, 40.67576365867804356 ) ) ;
#2246 = CARTESIAN_POINT ( 'NONE',  ( 1448.472763237821255, 935.2354522575410556, -42.15910441253512886 ) ) ;
#2247 = CARTESIAN_POINT ( 'NONE',  ( 899.1787237085538891, 137.9284444871101414, 0.1316432339880979629 ) ) ;
#2248 = CARTESIAN_POINT ( 'NONE',  ( 1139.017919284072605, 380.7675901526439475, 55.29746796897542538 ) ) ;
#2249 = CARTESIAN_POINT ( 'NONE',  ( 1060.032888502867308, 230.2815167576173678, -58.82351103892331423 ) ) ;
#2250 = CARTESIAN_POINT ( 'NONE',  ( 1189.827338724976471, 411.5436546512647737, 20.96666115183079526 ) ) ;
#2251 = CARTESIAN_POINT ( 'NONE',  ( 579.4082767940317353, 6.598837256894936942, 4.949912905933834040 ) ) ;
#2252 = CARTESIAN_POINT ( 'NONE',  ( 958.2104669718086143, 140.9088432442442240, -54.54765079686132623 ) ) ;
#2253 = CARTESIAN_POINT ( 'NONE',  ( 675.7201316182379287, 40.17654288391707951, 30.92794914953440255 ) ) ;
#2254 = CARTESIAN_POINT ( 'NONE',  ( 901.6205331836272308, 122.0523512294785320, -2.711330518020033331 ) ) ;
#2255 = CARTESIAN_POINT ( 'NONE',  ( 1409.322884478956666, 993.0519662810064574, 36.99615767426713120 ) ) ;
#2256 = CARTESIAN_POINT ( 'NONE',  ( 676.6047123749411867, 19.01494280536465098, -35.76835366268318239 ) ) ;
#2257 = CARTESIAN_POINT ( 'NONE',  ( 1400.995630449209102, 1005.349649304573745, 54.96420041803266798 ) ) ;
#2258 = CARTESIAN_POINT ( 'NONE',  ( 732.7401772274949963, 58.99570632139201365, 35.41689782478230342 ) ) ;
#2259 = CARTESIAN_POINT ( 'NONE',  ( 1159.623586981400422, 315.0776478760561190, -80.56284507421071339 ) ) ;
#2260 = CARTESIAN_POINT ( 'NONE',  ( 1055.671599476666870, 248.0559464830261049, 7.226043185204390262 ) ) ;
#2261 = CARTESIAN_POINT ( 'NONE',  ( 1314.407278555966059, 706.9078870305871760, 72.98703678506714709 ) ) ;
#2262 = CARTESIAN_POINT ( 'NONE',  ( 1104.797386073295002, 291.7559156675032455, -26.19597707590404312 ) ) ;
#2263 = CARTESIAN_POINT ( 'NONE',  ( 1010.800859583150327, 180.3075385539804074, -46.44095479532314386 ) ) ;
#2264 = CARTESIAN_POINT ( 'NONE',  ( 848.0765901223850278, 79.94577889456813580, -31.76435539462623581 ) ) ;
#2265 = CARTESIAN_POINT ( 'NONE',  ( 949.1781017331800285, 190.2155434160918048, 32.61054694669218179 ) ) ;
#2266 = CARTESIAN_POINT ( 'NONE',  ( 953.8551619077993564, 164.6351890239088220, -21.37708885442918216 ) ) ;
#2267 = CARTESIAN_POINT ( 'NONE',  ( 957.8246270922592203, 142.9537664966895250, -66.66977706194342090 ) ) ;
#2268 = CARTESIAN_POINT ( 'NONE',  ( 1335.565598379976564, 527.2351698227723773, -108.4253877372524073 ) ) ;
#2269 = CARTESIAN_POINT ( 'NONE',  ( 843.3703500156869950, 118.1773606807228703, 44.46052316625367240 ) ) ;
#2270 = CARTESIAN_POINT ( 'NONE',  ( 732.5227232529438197, 62.12440333454369323, 30.92293113192183540 ) ) ;
#2271 = CARTESIAN_POINT ( 'NONE',  ( 1436.363237675112941, 847.4400825886284565, -41.79545725393317923 ) ) ;
#2272 = CARTESIAN_POINT ( 'NONE',  ( 1296.631412067577912, 742.3636612921113738, 111.4392051006040276 ) ) ;
#2273 = MANIFOLD_SOLID_BREP ( 'Loft1', #1773 ) ;
#2274 = CARTESIAN_POINT ( 'NONE',  ( 1415.593682836146854, 765.2372688218603116, -62.78397473936241369 ) ) ;
#2275 = CARTESIAN_POINT ( 'NONE',  ( 1374.055631907644056, 945.3535406481850032, 84.73274943501101575 ) ) ;
#2276 = CARTESIAN_POINT ( 'NONE',  ( 1349.674532776218712, 877.7442647633786237, 98.59653416550048632 ) ) ;
#2277 = CARTESIAN_POINT ( 'NONE',  ( 1060.839650235403042, 227.0993179451483286, -33.80976033034990280 ) ) ;
#2278 = CARTESIAN_POINT ( 'NONE',  ( 948.7788316960212569, 192.3990230167649713, 36.86210625725814793 ) ) ;
#2279 = CARTESIAN_POINT ( 'NONE',  ( 895.4887583837540888, 162.1496366286748980, 51.59817162219723485 ) ) ;
#2280 = CARTESIAN_POINT ( 'NONE',  ( 902.2136438736013133, 118.0121481351170587, -49.80914353109155712 ) ) ;
#2281 = CARTESIAN_POINT ( 'NONE',  ( 1411.094190142778416, 990.4361032949929040, 39.13753804707115336 ) ) ;
#2282 = CARTESIAN_POINT ( 'NONE',  ( 1137.738010813193114, 384.8419575585683106, 60.62387701486299108 ) ) ;
#2283 = CARTESIAN_POINT ( 'NONE',  ( 579.4527616544874036, 0.4698881805805174561, -20.55745473374991761 ) ) ;
#2284 = CARTESIAN_POINT ( 'NONE',  ( 846.6690957112145952, 91.41560057941596540, 0.6710740496837536151 ) ) ;
#2285 = CARTESIAN_POINT ( 'NONE',  ( 733.1295616569849471, 53.05996617056020881, 5.338248603951257110 ) ) ;
#2286 = CARTESIAN_POINT ( 'NONE',  ( 1294.609601477158094, 469.8464609483107211, -92.79785773422740647 ) ) ;
#2287 = CARTESIAN_POINT ( 'NONE',  ( 1448.788373265395649, 827.9067264146896150, -78.05751569338536910 ) ) ;
#2288 = CARTESIAN_POINT ( 'NONE',  ( 1130.873386386340826, 406.6740543163111852, 78.20378179933598517 ) ) ;
#2289 = CARTESIAN_POINT ( 'NONE',  ( 579.4855969799901914, -4.280407585632460155, -0.8444861869046272895 ) ) ;
#2290 = CARTESIAN_POINT ( 'NONE',  ( 1408.873051435720754, 993.7162794098591121, 37.79078954968399984 ) ) ;
#2291 = CARTESIAN_POINT ( 'NONE',  ( 1292.812832649928623, 474.0774545600403371, -97.69281198355325557 ) ) ;
#2292 = CARTESIAN_POINT ( 'NONE',  ( 1268.881621972711400, 671.8248938819838258, 112.2024941586109605 ) ) ;
#2293 = CARTESIAN_POINT ( 'NONE',  ( 1330.854264318361402, 797.3445689198475748, 93.96652059100027543 ) ) ;
#2294 = CARTESIAN_POINT ( 'NONE',  ( 618.6311394379000603, 5.356507127570418803, -28.76998714256050249 ) ) ;
#2295 = CARTESIAN_POINT ( 'NONE',  ( 676.1285285873683506, 30.33115457718088592, -0.2830692284538402492 ) ) ;
#2296 = CARTESIAN_POINT ( 'NONE',  ( 1095.721278075352757, 324.2470095681178464, 49.21840588132170069 ) ) ;
#2297 = CARTESIAN_POINT ( 'NONE',  ( 1340.184598614470815, 655.4618085324877939, -10.76626875617399826 ) ) ;
#2298 = CARTESIAN_POINT ( 'NONE',  ( 1205.741897359277118, 365.9400041518248372, -60.84188160740747975 ) ) ;
#2299 = CARTESIAN_POINT ( 'NONE',  ( 676.8790130648297918, 12.74674039631464240, -23.64042698065001602 ) ) ;
#2300 = CARTESIAN_POINT ( 'NONE',  ( 897.2961620514105334, 150.2874564303972136, 27.58471973575692360 ) ) ;
#2301 = CARTESIAN_POINT ( 'NONE',  ( 1369.462613100928820, 726.2767275549523447, -10.49060076571062972 ) ) ;
#2302 = CARTESIAN_POINT ( 'NONE',  ( 1270.570094386680466, 668.1588570634675079, 99.31001751536236100 ) ) ;
#2303 = CARTESIAN_POINT ( 'NONE',  ( 1113.638168568647188, 260.1720361975546894, -85.30585700796996207 ) ) ;
#2304 = CARTESIAN_POINT ( 'NONE',  ( 560.0000000000003411, 3.513133628729501190, 9.113458353275570190 ) ) ;
#2305 = CARTESIAN_POINT ( 'NONE',  ( 948.2515780517358053, 195.3349947408258629, 55.19885840366596597 ) ) ;
#2306 = CARTESIAN_POINT ( 'NONE',  ( 1384.621594396916407, 698.3714346545236822, -52.49035051321916256 ) ) ;
#2307 = CARTESIAN_POINT ( 'NONE',  ( 1307.832855694796081, 720.0126310821037805, 77.46291905662025101 ) ) ;
#2308 = CARTESIAN_POINT ( 'NONE',  ( 1325.004431565194182, 550.1576653439159372, -53.64078852449991786 ) ) ;
#2309 = CARTESIAN_POINT ( 'NONE',  ( 1087.100759447369683, 355.0257590933022698, 88.08813562725782731 ) ) ;
#2310 = CARTESIAN_POINT ( 'NONE',  ( 1320.781308586904288, 559.2868721770233833, -56.61984775024502881 ) ) ;
#2311 = CARTESIAN_POINT ( 'NONE',  ( 1334.475857540682682, 529.6032325208847169, -100.4228206522769824 ) ) ;
#2312 = CARTESIAN_POINT ( 'NONE',  ( 1273.303779642256586, 662.2413211660164052, 101.4944116711876347 ) ) ;
#2313 = CARTESIAN_POINT ( 'NONE',  ( 560.0000000000001137, 4.463688198990630518, 21.47754262215709176 ) ) ;
#2314 = CARTESIAN_POINT ( 'NONE',  ( 1320.986763755208358, 558.8717231206913993, -37.75764516358515976 ) ) ;
#2315 = CARTESIAN_POINT ( 'NONE',  ( 843.5106166292885064, 116.9556940739291946, 28.26785080196935240 ) ) ;
#2316 = CARTESIAN_POINT ( 'NONE',  ( 1208.563341034394170, 526.8976732170330024, 84.25911602015509061 ) ) ;
#2317 = CARTESIAN_POINT ( 'NONE',  ( 618.6018895080368338, 6.989500189576395961, -24.81887148302762824 ) ) ;
#2318 = CARTESIAN_POINT ( 'NONE',  ( 1420.793880483321573, 976.1116072716097278, 22.13468044523821376 ) ) ;
#2319 = CARTESIAN_POINT ( 'NONE',  ( 1289.642093107652499, 626.8277109093169202, 59.44134954094855061 ) ) ;
#2320 = CARTESIAN_POINT ( 'NONE',  ( 733.9121360759274921, 41.38731701635419569, -31.75638563822652571 ) ) ;
#2321 = CARTESIAN_POINT ( 'NONE',  ( 1006.382749416210345, 200.9358816798382747, 1.952637481730669311 ) ) ;
#2322 = CARTESIAN_POINT ( 'NONE',  ( 1185.410382784933063, 424.1542675925833237, 20.36069071278968678 ) ) ;
#2323 = CARTESIAN_POINT ( 'NONE',  ( 1162.016319640295706, 307.4923341937187615, -79.92802101612922172 ) ) ;
#2324 = CARTESIAN_POINT ( 'NONE',  ( 734.5773670289114534, 31.63731952016122406, -38.62426265294676142 ) ) ;
#2325 = CARTESIAN_POINT ( 'NONE',  ( 1394.709578863114302, 981.0595056407887569, 55.43075479680864248 ) ) ;
#2326 = CARTESIAN_POINT ( 'NONE',  ( 1381.191153672781638, 934.1400477151689756, 63.81883456237226682 ) ) ;
#2327 = CARTESIAN_POINT ( 'NONE',  ( 847.3276565862812504, 85.89590487338089986, -51.24300329757902261 ) ) ;
#2328 = CARTESIAN_POINT ( 'NONE',  ( 1362.231108488784230, 739.5998132680048229, 23.13566168643043142 ) ) ;
#2329 = CARTESIAN_POINT ( 'NONE',  ( 787.9676606168850412, 93.43121591788224123, 49.36285882569446670 ) ) ;
#2330 = CARTESIAN_POINT ( 'NONE',  ( 947.9369119589089223, 197.0512087452199808, 57.43969132132986033 ) ) ;
#2331 = CARTESIAN_POINT ( 'NONE',  ( 1446.225099377518518, 831.9329990554214191, -78.75697941919737843 ) ) ;
#2332 = CARTESIAN_POINT ( 'NONE',  ( 560.0000000000000000, -9.626126790697311364, -19.05802416791938469 ) ) ;
#2333 = CARTESIAN_POINT ( 'NONE',  ( 950.7690095312519816, 181.5997213552178664, 36.17333123792437988 ) ) ;
#2334 = CARTESIAN_POINT ( 'NONE',  ( 1369.462613100928820, 726.2767275549523447, -10.49060076571062972 ) ) ;
#2335 = CARTESIAN_POINT ( 'NONE',  ( 579.5074504540474436, -7.246001483466177895, -19.13170680747495211 ) ) ;
#2336 = CARTESIAN_POINT ( 'NONE',  ( 1360.407877251318496, 615.1267024249405040, -57.97771283963913902 ) ) ;
#2337 = CARTESIAN_POINT ( 'NONE',  ( 1179.255949385346867, 441.7887331892250131, 47.52288473757294440 ) ) ;
#2338 = CARTESIAN_POINT ( 'NONE',  ( 579.3747574139676999, 11.16619916955446712, 26.14076646945625271 ) ) ;
#2339 = CARTESIAN_POINT ( 'NONE',  ( 953.1439517974245064, 168.5249810667671966, -12.64162919444808608 ) ) ;
#2340 = CARTESIAN_POINT ( 'NONE',  ( 1271.134448266403069, 666.9350650579934836, 97.33179381802909802 ) ) ;
#2341 = CARTESIAN_POINT ( 'NONE',  ( 1062.836338729088766, 218.9268855160640612, -78.75198150111178563 ) ) ;
#2342 = CARTESIAN_POINT ( 'NONE',  ( 1335.323832050282135, 789.1194160652688652, 84.48925055032464115 ) ) ;
#2343 = CARTESIAN_POINT ( 'NONE',  ( 1442.232730534500206, 944.4507282618570798, -27.75291647704534270 ) ) ;
#2344 = CARTESIAN_POINT ( 'NONE',  ( 1379.770494570769188, 936.3724125039259434, 66.51528230821126897 ) ) ;
#2345 = CARTESIAN_POINT ( 'NONE',  ( 791.6513846185101784, 54.55322546533643902, -23.62663318071408014 ) ) ;
#2346 = CARTESIAN_POINT ( 'NONE',  ( 1390.203819516152635, 987.9034995031377093, 68.31772102765825139 ) ) ;
#2347 = CARTESIAN_POINT ( 'NONE',  ( 1200.015252523565323, 382.3022907585969392, -51.24218159332320255 ) ) ;
#2348 = CARTESIAN_POINT ( 'NONE',  ( 676.7524657007074893, 15.53790807822945119, -36.26487676945095018 ) ) ;
#2349 = CARTESIAN_POINT ( 'NONE',  ( 958.3187872550624888, 140.2862884171108533, -64.61330440540442055 ) ) ;
#2350 = CARTESIAN_POINT ( 'NONE',  ( 842.9260767150773290, 121.7773844538718606, 49.14144102918730539 ) ) ;
#2351 = CARTESIAN_POINT ( 'NONE',  ( 1363.324571887876345, 737.5751738805932973, 5.446148591841711628 ) ) ;
#2352 = CARTESIAN_POINT ( 'NONE',  ( 732.6245228452717129, 60.70286276891167176, 37.68293554092498709 ) ) ;
#2353 = CARTESIAN_POINT ( 'NONE',  ( 847.9234631150169434, 81.20181450788484767, -26.14524062965351447 ) ) ;
#2354 = CARTESIAN_POINT ( 'NONE',  ( 560.0000000000003411, 4.222971120508912435, 12.21752791396638393 ) ) ;
#2355 = CARTESIAN_POINT ( 'NONE',  ( 1089.138619001232655, 347.7300741905581276, 69.71568344572089870 ) ) ;
#2356 = CARTESIAN_POINT ( 'NONE',  ( 1420.438205760397068, 756.9670895068420577, -76.45879191109449380 ) ) ;
#2357 = COORDINATED_UNIVERSAL_TIME_OFFSET ( 5, 30, .AHEAD. ) ;
#2358 = CARTESIAN_POINT ( 'NONE',  ( 1318.395884513538931, 698.9513712350137666, 63.29556777895038522 ) ) ;
#2359 = CARTESIAN_POINT ( 'NONE',  ( 955.9888411864626505, 152.9678407614659363, -50.19902913092072794 ) ) ;
#2360 = CARTESIAN_POINT ( 'NONE',  ( 1103.547245937211301, 296.2950773941336706, 7.889431368235189090 ) ) ;
#2361 = CARTESIAN_POINT ( 'NONE',  ( 789.1408889436942218, 80.94368031820958720, 12.51847439966247322 ) ) ;
#2362 = CARTESIAN_POINT ( 'NONE',  ( 1113.471200295732160, 260.7964516442735317, -73.26543750993369031 ) ) ;
#2363 = CARTESIAN_POINT ( 'NONE',  ( 842.4821656725418961, 125.3292659307455637, 46.45403506203341948 ) ) ;
#2364 = CARTESIAN_POINT ( 'NONE',  ( 1359.321640316604544, 861.2770974505262984, 70.19114393258118412 ) ) ;
#2365 = CARTESIAN_POINT ( 'NONE',  ( 559.9999999999998863, -3.806619363912679077, -21.00741801618270799 ) ) ;
#2366 = CARTESIAN_POINT ( 'NONE',  ( 1099.750557586763080, 309.8571190357518503, 28.85692314181117624 ) ) ;
#2367 = CARTESIAN_POINT ( 'NONE',  ( 559.9999999999997726, 5.220164372393146124, 22.71789956373646291 ) ) ;
#2368 = CARTESIAN_POINT ( 'NONE',  ( 1277.750177874911742, 652.6041494716348552, 90.67602512430208606 ) ) ;
#2369 = CARTESIAN_POINT ( 'NONE',  ( 1424.046071940381353, 750.8080768148010975, -86.78730162598685638 ) ) ;
#2370 = CARTESIAN_POINT ( 'NONE',  ( 789.5833850467083721, 76.24890631026534038, -0.1578904482749911853 ) ) ;
#2371 = CARTESIAN_POINT ( 'NONE',  ( 950.5222120385813014, 182.9464445267213364, 38.13992660980701288 ) ) ;
#2372 = CARTESIAN_POINT ( 'NONE',  ( 1397.633038134044000, 795.8943988169361319, -16.26405404568400570 ) ) ;
#2373 = CARTESIAN_POINT ( 'NONE',  ( 1422.830767471941044, 752.8939400225543750, -71.56073145217524711 ) ) ;
#2374 = CARTESIAN_POINT ( 'NONE',  ( 1330.064339254422521, 539.1799688504797814, -76.27794784551490181 ) ) ;
#2375 = CARTESIAN_POINT ( 'NONE',  ( 1204.922408937777845, 536.3512052308514058, 100.3546778447094141 ) ) ;
#2376 = CARTESIAN_POINT ( 'NONE',  ( 845.3063065209984188, 102.3291268881335156, -7.154143727680942533 ) ) ;
#2377 = CARTESIAN_POINT ( 'NONE',  ( 1348.359033203368426, 879.9842008947059639, 92.63417237498819645 ) ) ;
#2378 = CARTESIAN_POINT ( 'NONE',  ( 1295.612997108837817, 467.4576616488325840, -105.6999392798682464 ) ) ;
#2379 = CARTESIAN_POINT ( 'NONE',  ( 1257.694262666278291, 557.2016430009808801, 39.15521246984813786 ) ) ;
#2380 = CARTESIAN_POINT ( 'NONE',  ( 843.4890900491720913, 117.2147802444227978, 43.13256780230067733 ) ) ;
#2381 = CARTESIAN_POINT ( 'NONE',  ( 1199.432689939902048, 383.9718879379181544, -48.03597216978928230 ) ) ;
#2382 = CARTESIAN_POINT ( 'NONE',  ( 1407.972952750793866, 995.0455445286612530, 39.38792772750419857 ) ) ;
#2383 = CARTESIAN_POINT ( 'NONE',  ( 957.2654596240657838, 146.1105429855336126, -31.24980878139850660 ) ) ;
#2384 = CARTESIAN_POINT ( 'NONE',  ( 995.5576185669107190, 251.3764409689288470, 75.03982751077613500 ) ) ;
#2385 = CARTESIAN_POINT ( 'NONE',  ( 1410.625208601793702, 773.7186868764330256, -49.22829374144002657 ) ) ;
#2386 = CARTESIAN_POINT ( 'NONE',  ( 1162.518197994577804, 305.8879372971142629, -86.24519318312033533 ) ) ;
#2387 = CARTESIAN_POINT ( 'NONE',  ( 791.7414776142844630, 53.49244768291672614, -45.64034036047817722 ) ) ;
#2388 = CARTESIAN_POINT ( 'NONE',  ( 1043.818590558450069, 296.0705062380642403, 74.89982829613906290 ) ) ;
#2389 = CARTESIAN_POINT ( 'NONE',  ( 1157.054021780235189, 323.3289880069177684, -35.60527138644771838 ) ) ;
#2390 = CARTESIAN_POINT ( 'NONE',  ( 1414.231805866824061, 985.8024745517982410, 28.09307702844644439 ) ) ;
#2391 = CARTESIAN_POINT ( 'NONE',  ( 579.3738444077662280, 11.31143286420162752, 24.01635293491064971 ) ) ;
#2392 = CARTESIAN_POINT ( 'NONE',  ( 733.9436233310544822, 40.92130826438954472, -33.15857687857855751 ) ) ;
#2393 = CARTESIAN_POINT ( 'NONE',  ( 0.000000000000000000, 0.000000000000000000, 0.000000000000000000 ) ) ;
#2394 = CARTESIAN_POINT ( 'NONE',  ( 950.7690095312519816, 181.5997213552178664, 36.17333123792437988 ) ) ;
#2395 = CARTESIAN_POINT ( 'NONE',  ( 956.0695654182640055, 152.5267951036325940, -51.31184149791696569 ) ) ;
#2396 = CARTESIAN_POINT ( 'NONE',  ( 676.6463129149892666, 18.37090844819553226, -0.4717207741739469773 ) ) ;
#2397 = CARTESIAN_POINT ( 'NONE',  ( 898.3881523407848135, 143.1187272751492117, 11.94561747637825455 ) ) ;
#2398 = CARTESIAN_POINT ( 'NONE',  ( 903.7787384806881619, 107.8304405692101113, -54.07246359168004801 ) ) ;
#2399 = CARTESIAN_POINT ( 'NONE',  ( 1352.784424757359375, 872.4326936853464076, 83.99632994116578288 ) ) ;
#2400 = CARTESIAN_POINT ( 'NONE',  ( 579.3827611722975917, 10.09610222227020770, 19.20794523271091592 ) ) ;
#2401 = CARTESIAN_POINT ( 'NONE',  ( 1009.845407376638946, 184.6793211868309186, -66.70225762987811891 ) ) ;
#2402 = CARTESIAN_POINT ( 'NONE',  ( 579.4712096227208349, -2.283244197667399167, 4.104374390024569941 ) ) ;
#2403 = CARTESIAN_POINT ( 'NONE',  ( 1168.462334611101596, 472.7224405538498218, 99.85124843857251165 ) ) ;
#2404 = CARTESIAN_POINT ( 'NONE',  ( 948.2515780517358053, 195.3349947408258629, 55.19885840366596597 ) ) ;
#2405 = CARTESIAN_POINT ( 'NONE',  ( 902.5409398380949142, 115.8721639072722525, -54.74073645483651518 ) ) ;
#2406 = CARTESIAN_POINT ( 'NONE',  ( 1303.284097172354222, 597.2292585789952000, 2.982128303472260988 ) ) ;
#2407 = CARTESIAN_POINT ( 'NONE',  ( 1000.957895922658622, 226.2203493788251194, 41.93976683753712109 ) ) ;
#2408 = CARTESIAN_POINT ( 'NONE',  ( 618.5029345588026217, 12.78040423197814235, -2.391165892471112109 ) ) ;
#2409 = CARTESIAN_POINT ( 'NONE',  ( 791.8055300102397496, 52.87574900237542863, -36.76857081999740728 ) ) ;
#2410 = CARTESIAN_POINT ( 'NONE',  ( 1206.196771117840854, 364.6347378451655459, -64.21220715932140877 ) ) ;
#2411 = CARTESIAN_POINT ( 'NONE',  ( 732.8105064299730884, 57.82670413425594091, 19.21976789785991002 ) ) ;
#2412 = CARTESIAN_POINT ( 'NONE',  ( 1322.917727137885549, 811.9477936673926024, 103.8288568378700063 ) ) ;
#2413 = CARTESIAN_POINT ( 'NONE',  ( 1194.571410184441447, 397.9033186012455303, -22.72157284257840004 ) ) ;
#2414 = CARTESIAN_POINT ( 'NONE',  ( 1129.687590567786856, 410.4520652725001355, 83.91338904507378516 ) ) ;
#2415 = CARTESIAN_POINT ( 'NONE',  ( 1371.092490163955517, 593.7849472952019596, -109.7704641015459970 ) ) ;
#2416 = CARTESIAN_POINT ( 'NONE',  ( 1396.581654400710477, 909.9552363153810575, 33.60516628270902828 ) ) ;
#2417 = CARTESIAN_POINT ( 'NONE',  ( 579.4172389991215368, 5.232479458223541435, 18.22879803851030189 ) ) ;
#2418 = CARTESIAN_POINT ( 'NONE',  ( 1283.265724280385029, 496.6773150799378982, -55.35367791602493526 ) ) ;
#2419 = CARTESIAN_POINT ( 'NONE',  ( 1245.322441040754029, 586.4804625170551162, 79.53544547272463205 ) ) ;
#2420 = CARTESIAN_POINT ( 'NONE',  ( 903.3612995651878919, 110.6198539424167819, -32.82640265248722500 ) ) ;
#2421 = CARTESIAN_POINT ( 'NONE',  ( 1321.989073701080542, 813.6585385518155817, 111.7896867090208133 ) ) ;
#2422 = CARTESIAN_POINT ( 'NONE',  ( 733.7235434022042000, 44.19166750563267243, -22.64023587409383609 ) ) ;
#2423 = CARTESIAN_POINT ( 'NONE',  ( 1296.097863230372013, 466.3173078815948998, -103.8085622234812320 ) ) ;
#2424 = CARTESIAN_POINT ( 'NONE',  ( 848.1975533167834556, 78.87954684710969389, -52.12815910639319839 ) ) ;
#2425 = CARTESIAN_POINT ( 'NONE',  ( 1328.016074531971526, 802.5673699698689916, 99.58984002885122777 ) ) ;
#2426 = CARTESIAN_POINT ( 'NONE',  ( 847.9788427232793993, 80.74827181023920275, -28.00978104267142754 ) ) ;
#2427 = CARTESIAN_POINT ( 'NONE',  ( 559.9999999999997726, 4.584353042239486697, 13.76928084174272904 ) ) ;
#2428 = CARTESIAN_POINT ( 'NONE',  ( 676.7227945663518085, 16.54905921531268476, -5.175953636232299537 ) ) ;
#2429 = CARTESIAN_POINT ( 'NONE',  ( 1043.219935228528357, 298.4726683066908208, 69.26331911061366498 ) ) ;
#2430 = CARTESIAN_POINT ( 'NONE',  ( 1203.701168285635504, 371.7390289652636284, -72.22864263493221415 ) ) ;
#2431 = COORDINATED_UNIVERSAL_TIME_OFFSET ( 5, 30, .AHEAD. ) ;
#2432 = CARTESIAN_POINT ( 'NONE',  ( 1049.430418206809691, 273.3423244696819552, 45.62712223559228875 ) ) ;
#2433 = CARTESIAN_POINT ( 'NONE',  ( 733.8664237785754949, 42.06522545979294847, -29.65853527385090871 ) ) ;
#2434 = CARTESIAN_POINT ( 'NONE',  ( 1428.314939808518147, 965.0045120332098350, 8.097911742794732248 ) ) ;
#2435 = CARTESIAN_POINT ( 'NONE',  ( 1292.732447906900006, 620.1082882342089988, 35.83474705925331705 ) ) ;
#2436 = CARTESIAN_POINT ( 'NONE',  ( 1451.658061493426885, 930.5314059845428574, -45.33991565330492080 ) ) ;
#2437 = CARTESIAN_POINT ( 'NONE',  ( 842.3763147872007266, 126.1915448118506333, 48.05438954973902810 ) ) ;
#2438 = CARTESIAN_POINT ( 'NONE',  ( 1245.826340259213111, 585.2879742045906823, 77.92188906704954832 ) ) ;
#2439 = CARTESIAN_POINT ( 'NONE',  ( 1159.803245543321964, 314.5048971397986293, -82.05415886779159962 ) ) ;
#2440 = CARTESIAN_POINT ( 'NONE',  ( 899.7268461688939851, 134.4565003590330434, 19.88543656187813724 ) ) ;
#2441 = CARTESIAN_POINT ( 'NONE',  ( 1346.165494942791611, 883.7310806459000787, 105.1753882799871747 ) ) ;
#2442 = CARTESIAN_POINT ( 'NONE',  ( 618.4846147953470563, 14.44797090275621620, 23.09315336716611000 ) ) ;
#2443 = CARTESIAN_POINT ( 'NONE',  ( 1364.750273234833003, 606.4377945086106365, -90.30088214052777573 ) ) ;
#2444 = CARTESIAN_POINT ( 'NONE',  ( 1319.716217146553390, 696.3175188606080610, 60.03959765892148681 ) ) ;
#2445 = CARTESIAN_POINT ( 'NONE',  ( 1233.243273060945967, 462.8252181187235124, -10.50807284403638597 ) ) ;
#2446 = CARTESIAN_POINT ( 'NONE',  ( 1330.733021115706151, 537.7288306651364564, -79.57934429929640885 ) ) ;
#2447 = CARTESIAN_POINT ( 'NONE',  ( 958.0253515993488236, 141.9361569138258687, -47.47347800496987702 ) ) ;
#2448 = CARTESIAN_POINT ( 'NONE',  ( 1093.102452618188408, 333.5621678273190014, 47.16194236963182362 ) ) ;
#2449 = CARTESIAN_POINT ( 'NONE',  ( 1129.053615395093630, 412.4756078464092752, 90.34997231811628637 ) ) ;
#2450 = CARTESIAN_POINT ( 'NONE',  ( 1446.950061089367409, 830.7972529688900067, -71.98143230722014607 ) ) ;
#2451 = CARTESIAN_POINT ( 'NONE',  ( 899.4383655152920483, 136.2238459137627160, -3.817603673802449027 ) ) ;
#2452 = CARTESIAN_POINT ( 'NONE',  ( 1371.874375005599177, 948.7798443933206727, 80.81751961341497292 ) ) ;
#2453 = CARTESIAN_POINT ( 'NONE',  ( 1113.465211331101955, 260.7869339476964115, -85.15101029541382616 ) ) ;
#2454 = CARTESIAN_POINT ( 'NONE',  ( 1000.002122175863747, 230.6141139618447369, 31.05642694143250182 ) ) ;
#2455 = CARTESIAN_POINT ( 'NONE',  ( 896.9957609835000767, 152.3302590137066090, 46.63966273056818324 ) ) ;
#2456 = CARTESIAN_POINT ( 'NONE',  ( 1107.128503729656813, 283.4216669645182947, -43.04834102466530510 ) ) ;
#2457 = CARTESIAN_POINT ( 'NONE',  ( 895.7938352297213669, 160.1485873544988294, 47.94842623054583441 ) ) ;
#2458 = CARTESIAN_POINT ( 'NONE',  ( 559.9999999999998863, 5.348513470893053956, 22.92907550342185630 ) ) ;
#2459 = CARTESIAN_POINT ( 'NONE',  ( 1284.093952902969704, 494.7167026939204106, -58.87200330016548122 ) ) ;
#2460 = CARTESIAN_POINT ( 'NONE',  ( 676.7798126390111975, 14.90538869287835766, -35.82482040462326722 ) ) ;
#2461 = CARTESIAN_POINT ( 'NONE',  ( 1208.924069593779222, 356.8019983969707027, -88.97908675344402241 ) ) ;
#2462 = CARTESIAN_POINT ( 'NONE',  ( 560.0000000000002274, 3.339578867441818311, 19.93979410487839843 ) ) ;
#2463 = CARTESIAN_POINT ( 'NONE',  ( 791.6831703531362336, 54.21282250105851830, -25.28312192020080573 ) ) ;
#2464 = CARTESIAN_POINT ( 'NONE',  ( 788.4993579542259567, 87.74876253034588558, 29.81708157185381580 ) ) ;
#2465 = CARTESIAN_POINT ( 'NONE',  ( 847.4294502815678243, 85.23285617038659723, -13.35159151710800529 ) ) ;
#2466 = CARTESIAN_POINT ( 'NONE',  ( 618.3641494968877623, 21.14429300811680079, 28.87973601285905190 ) ) ;
#2467 = CARTESIAN_POINT ( 'NONE',  ( 1419.828915156094126, 758.0072312667823553, -74.73109096553422148 ) ) ;
#2468 = CARTESIAN_POINT ( 'NONE',  ( 1441.639399888703338, 945.3269585514705113, -26.40815699345560219 ) ) ;
#2469 = CARTESIAN_POINT ( 'NONE',  ( 1392.238300289719746, 916.7831360165117758, 52.20004267680996435 ) ) ;
#2470 = CARTESIAN_POINT ( 'NONE',  ( 1286.551319676086450, 488.8996519302277761, -69.48674799188395923 ) ) ;
#2471 = CARTESIAN_POINT ( 'NONE',  ( 1279.025997178727721, 506.7499317918634461, -17.04995903941363267 ) ) ;
#2472 = CARTESIAN_POINT ( 'NONE',  ( 1050.256215946395741, 269.9370760847881456, 21.24777046179605478 ) ) ;
#2473 = CARTESIAN_POINT ( 'NONE',  ( 958.2861355550580811, 140.4811655613144410, -60.64680419847064741 ) ) ;
#2474 = CARTESIAN_POINT ( 'NONE',  ( 559.9999999999998863, 6.432546504663145370, 22.13482986138170006 ) ) ;
#2475 = CARTESIAN_POINT ( 'NONE',  ( 1245.322441040754029, 586.4804625170551162, 79.53544547272463205 ) ) ;
#2476 = CARTESIAN_POINT ( 'NONE',  ( 1367.119626968208422, 601.7085277914122798, -99.15913300365878058 ) ) ;
#2477 = CARTESIAN_POINT ( 'NONE',  ( 1328.796587606969524, 678.2029598861038266, 36.96976054711283410 ) ) ;
#2478 = CARTESIAN_POINT ( 'NONE',  ( 1011.499738310255566, 177.0176116139347755, -64.46005991575438543 ) ) ;
#2479 = CARTESIAN_POINT ( 'NONE',  ( 788.0416481152798269, 92.65547448574777434, 48.42574307459815230 ) ) ;
#2480 = CARTESIAN_POINT ( 'NONE',  ( 1382.091033916038441, 932.7278392794650017, 70.76746386007650358 ) ) ;
#2481 = CARTESIAN_POINT ( 'NONE',  ( 1448.125830370516951, 899.9318170980491232, -55.30557013617397644 ) ) ;
#2482 = CARTESIAN_POINT ( 'NONE',  ( 789.9744911495914721, 72.28992095028284837, 18.20402157295463397 ) ) ;
#2483 = CARTESIAN_POINT ( 'NONE',  ( 1268.135093389413214, 532.4909138351332558, 2.730141738791107997 ) ) ;
#2484 = CARTESIAN_POINT ( 'NONE',  ( 579.5067324322469631, -7.139342390906190161, -20.01653189949566780 ) ) ;
#2485 = CARTESIAN_POINT ( 'NONE',  ( 1422.830767471941044, 752.8939400225543750, -71.56073145217524711 ) ) ;
#2486 = CARTESIAN_POINT ( 'NONE',  ( 1339.786349896742195, 780.9003834381363731, 63.34786886932985794 ) ) ;
#2487 = CARTESIAN_POINT ( 'NONE',  ( 1042.307690075791243, 302.1825270681749203, 80.96583126640207695 ) ) ;
#2488 = CARTESIAN_POINT ( 'NONE',  ( 618.4970998707206036, 13.12973698112901921, -0.9976200187148805965 ) ) ;
#2489 = CARTESIAN_POINT ( 'NONE',  ( 1296.755957320023072, 742.1146278305478745, 110.0869095208669250 ) ) ;
#2490 = CARTESIAN_POINT ( 'NONE',  ( 676.6233268705402679, 18.58094136012937270, -36.21860016382059655 ) ) ;
#2491 = CARTESIAN_POINT ( 'NONE',  ( 675.9837117273137892, 34.05241580647973620, 28.24125476590614525 ) ) ;
#2492 = CARTESIAN_POINT ( 'NONE',  ( 1196.845268313325278, 391.3870800576949023, -34.24053005610325329 ) ) ;
#2493 = CARTESIAN_POINT ( 'NONE',  ( 1275.866727077531550, 656.6756296847530621, 85.04681283262267755 ) ) ;
#2494 = CARTESIAN_POINT ( 'NONE',  ( 1168.757713404468632, 471.8776671426709868, 99.29098744721680703 ) ) ;
#2495 = CARTESIAN_POINT ( 'NONE',  ( 618.5553887052179789, 9.666135928640294139, -14.93965631330033084 ) ) ;
#2496 = CARTESIAN_POINT ( 'NONE',  ( 559.9999999999998863, -7.571976549505006204, -23.01053881929274425 ) ) ;
#2497 = CARTESIAN_POINT ( 'NONE',  ( 1114.005227572909234, 258.8736729607487632, -83.37825521111629712 ) ) ;
#2498 = CARTESIAN_POINT ( 'NONE',  ( 848.2209976683202513, 78.70685866428480892, -50.02263756181129395 ) ) ;
#2499 = CARTESIAN_POINT ( 'NONE',  ( 1267.514253085309747, 533.9603233961380511, 4.960103969673814284 ) ) ;
#2500 = CARTESIAN_POINT ( 'NONE',  ( 1089.035450372148716, 348.1193542056432761, 79.48057716115712878 ) ) ;
#2501 = CARTESIAN_POINT ( 'NONE',  ( 1135.589737878228789, 391.6500692357414550, 56.10775329423334767 ) ) ;
#2502 = CARTESIAN_POINT ( 'NONE',  ( 1107.902422596612496, 280.7326813799625711, -19.23179622123084087 ) ) ;
#2503 = CARTESIAN_POINT ( 'NONE',  ( 1374.048335272907252, 945.3639129333857909, 77.12718250172744661 ) ) ;
#2504 = CARTESIAN_POINT ( 'NONE',  ( 1109.290841332881882, 275.6913441060851824, -59.62668242951624364 ) ) ;
#2505 = CARTESIAN_POINT ( 'NONE',  ( 1221.791469709246940, 492.5842697721633954, 51.63399387268673024 ) ) ;
#2506 = CARTESIAN_POINT ( 'NONE',  ( 1439.522573903838747, 842.4688576973978797, -61.53454961992685668 ) ) ;
#2507 = CARTESIAN_POINT ( 'NONE',  ( 579.4938954821905099, -5.429262980717773246, -4.212067038762987714 ) ) ;
#2508 = CARTESIAN_POINT ( 'NONE',  ( 1182.017967095442600, 433.8747830522379445, 35.50519104420979488 ) ) ;
#2509 = CARTESIAN_POINT ( 'NONE',  ( 848.1975533167834556, 78.87954684710969389, -52.12815910639319839 ) ) ;
#2510 = CARTESIAN_POINT ( 'NONE',  ( 1272.317635419780800, 664.3698760451079579, 94.18565289799401796 ) ) ;
#2511 = CARTESIAN_POINT ( 'NONE',  ( 1379.060187695026571, 937.4885757851483277, 67.88305537983168847 ) ) ;
#2512 = CARTESIAN_POINT ( 'NONE',  ( 1446.225099377518518, 831.9329990554214191, -78.75697941919737843 ) ) ;
#2513 = CARTESIAN_POINT ( 'NONE',  ( 732.4416801564586876, 63.40746772095234718, 41.51193907590795362 ) ) ;
#2514 = CARTESIAN_POINT ( 'NONE',  ( 998.6249541107881669, 237.0892945169042321, 56.73153237585385966 ) ) ;
#2515 = CARTESIAN_POINT ( 'NONE',  ( 1328.821834519734693, 541.8494312356336877, -87.67965700132245388 ) ) ;
#2516 = CARTESIAN_POINT ( 'NONE',  ( 560.0000000000001137, -2.987213099668383887, 9.333589709671096912 ) ) ;
#2517 = CARTESIAN_POINT ( 'NONE',  ( 1336.180333104623287, 663.4519150860971877, 0.8057370757139005191 ) ) ;
#2518 = CARTESIAN_POINT ( 'NONE',  ( 1063.062954225923022, 218.0590249771217373, -62.83686246245452622 ) ) ;
#2519 = CARTESIAN_POINT ( 'NONE',  ( 957.9396479037770860, 142.4085876888307780, -45.11018767348564751 ) ) ;
#2520 = CARTESIAN_POINT ( 'NONE',  ( 559.9999999999997726, 4.584353042239486697, 13.76928084174272904 ) ) ;
#2521 = CARTESIAN_POINT ( 'NONE',  ( 1086.920302705417043, 355.6647598283075808, 86.13502496429863697 ) ) ;
#2522 = CARTESIAN_POINT ( 'NONE',  ( 1425.949241811511911, 747.5683982667275131, -82.47169062479233048 ) ) ;
#2523 = CARTESIAN_POINT ( 'NONE',  ( 676.1285285873683506, 30.33115457718088592, -0.2830692284538402492 ) ) ;
#2524 = CARTESIAN_POINT ( 'NONE',  ( 995.3246463274348343, 252.4501045583944006, 72.91185886934336224 ) ) ;
#2525 = CARTESIAN_POINT ( 'NONE',  ( 732.5959726449196978, 61.12453621824641914, 38.20909976937909391 ) ) ;
#2526 = CARTESIAN_POINT ( 'NONE',  ( 559.9999999999998863, -4.934861558785605951, -22.73049341254681011 ) ) ;
#2527 = CARTESIAN_POINT ( 'NONE',  ( 676.1300249632038231, 30.59758027698354610, 22.98278502873013807 ) ) ;
#2528 = CARTESIAN_POINT ( 'NONE',  ( 1057.128651061158052, 242.0612742501630805, -32.47766366264790605 ) ) ;
#2529 = CARTESIAN_POINT ( 'NONE',  ( 788.1253229014274666, 91.77527689692912816, 47.10581626633452856 ) ) ;
#2530 = CARTESIAN_POINT ( 'NONE',  ( 1106.365677994256657, 286.1489602033122992, -37.40319603371327872 ) ) ;
#2531 = CARTESIAN_POINT ( 'NONE',  ( 1296.180994822654611, 466.1185418912054956, -105.4270462073276775 ) ) ;
#2532 = CARTESIAN_POINT ( 'NONE',  ( 1335.259237654718618, 527.9021711051681223, -105.3325024192446051 ) ) ;
#2533 = CARTESIAN_POINT ( 'NONE',  ( 1002.355831545743968, 219.6285654969544794, 10.04863337546832547 ) ) ;
#2534 = CARTESIAN_POINT ( 'NONE',  ( 579.3996916956041332, 7.679820608093800516, 21.96877465372998373 ) ) ;
#2535 = CARTESIAN_POINT ( 'NONE',  ( 1385.432379518695598, 927.4754534295466328, 55.67686130284062074 ) ) ;
#2536 = CARTESIAN_POINT ( 'NONE',  ( 1059.106113617548317, 234.1329938031450695, -17.98673451938092427 ) ) ;
#2537 = CARTESIAN_POINT ( 'NONE',  ( 1130.873386386340826, 406.6740543163111852, 78.20378179933598517 ) ) ;
#2538 = CARTESIAN_POINT ( 'NONE',  ( 733.9121360759274921, 41.38731701635419569, -31.75638563822652571 ) ) ;
#2539 = CARTESIAN_POINT ( 'NONE',  ( 560.0000000000001137, -2.987213099668383887, 9.333589709671096912 ) ) ;
#2540 = CARTESIAN_POINT ( 'NONE',  ( 1360.308984080690834, 615.3014508472592752, -74.77277472901967315 ) ) ;
#2541 = CARTESIAN_POINT ( 'NONE',  ( 1057.100362551979060, 242.2651126618831654, -2.727848226289239619 ) ) ;
#2542 = CARTESIAN_POINT ( 'NONE',  ( 1411.222452979719947, 955.9797327691217106, 24.50687763978835321 ) ) ;
#2543 = CARTESIAN_POINT ( 'NONE',  ( 1011.543945599896915, 176.8090720037123162, -65.96830515527290117 ) ) ;
#2544 = CARTESIAN_POINT ( 'NONE',  ( 946.6009812697426469, 204.3072983310573818, 58.65760795582668408 ) ) ;
#2545 = CARTESIAN_POINT ( 'NONE',  ( 1357.872009011436148, 863.7508519831552576, 73.20489596799747289 ) ) ;
#2546 = CARTESIAN_POINT ( 'NONE',  ( 902.4808805228585697, 116.2637375093904382, -53.71341805874423869 ) ) ;
#2547 = CARTESIAN_POINT ( 'NONE',  ( 1238.814589182301916, 601.8883973989866263, 108.7192666862870993 ) ) ;
#2548 = CARTESIAN_POINT ( 'NONE',  ( 1362.623212494044765, 855.6500737132603263, 73.51294446559862195 ) ) ;
#2549 = CARTESIAN_POINT ( 'NONE',  ( 1365.259814451082548, 605.4209544581589171, -92.13131122584412935 ) ) ;
#2550 = CARTESIAN_POINT ( 'NONE',  ( 899.7268461688939851, 134.4565003590330434, 19.88543656187813724 ) ) ;
#2551 = CARTESIAN_POINT ( 'NONE',  ( 952.0452914010214727, 174.5339473283338236, 0.3804807068468273878 ) ) ;
#2552 = CARTESIAN_POINT ( 'NONE',  ( 1366.578964586992470, 602.8061455622486164, -83.10233815160270865 ) ) ;
#2553 = CARTESIAN_POINT ( 'NONE',  ( 559.9999999999995453, -9.651619770498596651, -18.71141705954057244 ) ) ;
#2554 = CARTESIAN_POINT ( 'NONE',  ( 1216.251206702563650, 506.9401487409308515, 56.33499653395672624 ) ) ;
#2555 = CARTESIAN_POINT ( 'NONE',  ( 1112.431446362064662, 264.4697399538162017, -82.65093949030195120 ) ) ;
#2556 = EDGE_CURVE ( 'NONE', #1684, #1649, #5541, .T. ) ;
#2557 = CARTESIAN_POINT ( 'NONE',  ( 1207.857664639527457, 359.8669232742409463, -77.99215749880524129 ) ) ;
#2558 = CARTESIAN_POINT ( 'NONE',  ( 845.1332973416097047, 103.7382930969539387, -3.589422263524844947 ) ) ;
#2559 = CARTESIAN_POINT ( 'NONE',  ( 1129.053615395093630, 412.4756078464092752, 90.34997231811628637 ) ) ;
#2560 = CARTESIAN_POINT ( 'NONE',  ( 618.4366262248596513, 17.16761896470081439, 27.12738368852482296 ) ) ;
#2561 = CARTESIAN_POINT ( 'NONE',  ( 676.6447260532471546, 18.07761077470136968, -36.54333450302030428 ) ) ;
#2562 = CARTESIAN_POINT ( 'NONE',  ( 844.0344332487576366, 112.7934276149685502, 36.92141285707916154 ) ) ;
#2563 = CARTESIAN_POINT ( 'NONE',  ( 579.4373258205652064, 2.610532121994539878, -12.38362141328229882 ) ) ;
#2564 = CARTESIAN_POINT ( 'NONE',  ( 1129.936771667401445, 409.6745254944862609, 91.60746925482550296 ) ) ;
#2565 = CARTESIAN_POINT ( 'NONE',  ( 1057.726836187450544, 239.6347228163591012, -37.71424582936177217 ) ) ;
#2566 = CARTESIAN_POINT ( 'NONE',  ( 1371.673543514907124, 592.6284086496865484, -109.5981187969300663 ) ) ;
#2567 = CARTESIAN_POINT ( 'NONE',  ( 903.6929496672988762, 108.3559769458800162, -59.72862777179700089 ) ) ;
#2568 = CARTESIAN_POINT ( 'NONE',  ( 1298.960812843513168, 606.6035395053421553, 16.65387450260057989 ) ) ;
#2569 = CARTESIAN_POINT ( 'NONE',  ( 1244.326319085324485, 588.8500225647692332, 93.21589004220741970 ) ) ;
#2570 = CARTESIAN_POINT ( 'NONE',  ( 1403.841068679183763, 967.1905690685451873, 38.60292299217812229 ) ) ;
#2571 = CARTESIAN_POINT ( 'NONE',  ( 1107.082248396608293, 283.6641750585521891, -13.69668194702727426 ) ) ;
#2572 = CARTESIAN_POINT ( 'NONE',  ( 675.6830528472346487, 41.08545271210223149, 34.19627015890495159 ) ) ;
#2573 = CARTESIAN_POINT ( 'NONE',  ( 1392.313254040871016, 684.2106735810485816, -75.98665704575019220 ) ) ;
#2574 = PERSON_AND_ORGANIZATION_ROLE ( 'design_supplier' ) ;
#2575 = CARTESIAN_POINT ( 'NONE',  ( 1182.781198930415030, 431.7233129074584781, 49.19299495091826913 ) ) ;
#2576 = CARTESIAN_POINT ( 'NONE',  ( 1361.006544729102188, 613.9092427123746347, -77.22490941754816163 ) ) ;
#2577 = CARTESIAN_POINT ( 'NONE',  ( 1195.325302938568939, 395.7951291900959632, -3.120049516863687700 ) ) ;
#2578 = CARTESIAN_POINT ( 'NONE',  ( 1184.062188104145889, 428.0173794149422406, 26.43571187279529511 ) ) ;
#2579 = CARTESIAN_POINT ( 'NONE',  ( 958.3306573954771466, 140.2275111655785906, -63.54292811424852516 ) ) ;
#2580 = CARTESIAN_POINT ( 'NONE',  ( 1300.621905762656979, 734.3990953271869557, 95.01596932892746850 ) ) ;
#2581 = CARTESIAN_POINT ( 'NONE',  ( 1278.180418364656816, 651.6593100858178786, 78.37970679467731827 ) ) ;
#2582 = CARTESIAN_POINT ( 'NONE',  ( 1330.170959304703501, 538.9238375233164788, -93.11570121547184442 ) ) ;
#2583 = CARTESIAN_POINT ( 'NONE',  ( 1205.266009323684330, 535.4638120410985493, 104.3915600802497465 ) ) ;
#2584 = CARTESIAN_POINT ( 'NONE',  ( 1401.359208764125697, 970.9610511946395945, 49.68120815480935448 ) ) ;
#2585 = CARTESIAN_POINT ( 'NONE',  ( 560.0000000000002274, -3.318891302211695926, -19.93467314110243294 ) ) ;
#2586 = CARTESIAN_POINT ( 'NONE',  ( 1142.153665813845464, 370.7847889452626760, 41.81467465522986515 ) ) ;
#2587 = CARTESIAN_POINT ( 'NONE',  ( 1364.205342913339337, 735.9539269138841746, 3.176005808356695770 ) ) ;
#2588 = CARTESIAN_POINT ( 'NONE',  ( 1445.923735057572230, 832.4108290450377581, -68.76078579755171916 ) ) ;
#2589 = CARTESIAN_POINT ( 'NONE',  ( 676.8731532236974999, 12.83539454548710168, -28.48334844038643610 ) ) ;
#2590 = CARTESIAN_POINT ( 'NONE',  ( 903.2170531446129189, 111.4511913154025535, -60.42141821219822617 ) ) ;
#2591 = CARTESIAN_POINT ( 'NONE',  ( 1063.062954225923022, 218.0590249771217373, -62.83686246245452622 ) ) ;
#2592 = CARTESIAN_POINT ( 'NONE',  ( 787.8844013044334815, 94.29292792908525200, 48.84268138916776536 ) ) ;
#2593 = CARTESIAN_POINT ( 'NONE',  ( 618.4420150428119314, 16.86314207248866026, 26.70190483352944355 ) ) ;
#2594 = CARTESIAN_POINT ( 'NONE',  ( 957.2605357549009568, 146.0282061758665009, -65.41139074303941925 ) ) ;
#2595 = CARTESIAN_POINT ( 'NONE',  ( 1412.221681652498773, 988.7710246089346811, 37.20691465360896899 ) ) ;
#2596 = CARTESIAN_POINT ( 'NONE',  ( 560.0000000000003411, -0.8953181154003753139, -11.11355639736156498 ) ) ;
#2597 = CARTESIAN_POINT ( 'NONE',  ( 734.6001801069861585, 31.40112331248490207, -23.96974544458065992 ) ) ;
#2598 = CARTESIAN_POINT ( 'NONE',  ( 788.0416481152798269, 92.65547448574777434, 48.42574307459815230 ) ) ;
#2599 = CARTESIAN_POINT ( 'NONE',  ( 579.4359003880614409, 2.806894471252819656, -11.51602678380817402 ) ) ;
#2600 = CARTESIAN_POINT ( 'NONE',  ( 847.9969353109601116, 80.47467500112703931, -54.17536859170664343 ) ) ;
#2601 = CARTESIAN_POINT ( 'NONE',  ( 1162.671799153796201, 305.3920188331003942, -89.94132347388485016 ) ) ;
#2602 = CARTESIAN_POINT ( 'NONE',  ( 1228.520919416039078, 475.0859254888508758, 8.848922891661558765 ) ) ;
#2603 = CARTESIAN_POINT ( 'NONE',  ( 1172.044962314704208, 462.4655370538955026, 87.62571446545501885 ) ) ;
#2604 = CARTESIAN_POINT ( 'NONE',  ( 1281.066989722390190, 645.4009860789523145, 70.23807125639524429 ) ) ;
#2605 = CARTESIAN_POINT ( 'NONE',  ( 791.5246802082725708, 55.90444812768669891, -18.15813475599794202 ) ) ;
#2606 = CARTESIAN_POINT ( 'NONE',  ( 579.3740941308610672, 11.26348031583714793, 25.72832443461978968 ) ) ;
#2607 = CARTESIAN_POINT ( 'NONE',  ( 1446.524777871754623, 938.1122357063057962, -37.60405555295519520 ) ) ;
#2608 = CARTESIAN_POINT ( 'NONE',  ( 1002.239002972110711, 220.2508679067876187, 33.29075688530489430 ) ) ;
#2609 = CARTESIAN_POINT ( 'NONE',  ( 1322.698335054825975, 555.1294058702399070, -63.86077373167388060 ) ) ;
#2610 = CARTESIAN_POINT ( 'NONE',  ( 1153.648348978390459, 334.1808597829123073, -14.60018352636526906 ) ) ;
#2611 = CARTESIAN_POINT ( 'NONE',  ( 843.7918831024212523, 114.6649336721579573, 22.99910075727076020 ) ) ;
#2612 = CARTESIAN_POINT ( 'NONE',  ( 1063.487109179691288, 216.3235865127616364, -73.18543738591407077 ) ) ;
#2613 = CARTESIAN_POINT ( 'NONE',  ( 1305.237826512794300, 725.1900933501657391, 84.09727688192580786 ) ) ;
#2614 = CARTESIAN_POINT ( 'NONE',  ( 1111.043575965903301, 269.4281326552214750, -72.89927622957654307 ) ) ;
#2615 = CARTESIAN_POINT ( 'NONE',  ( 1042.671324740586897, 300.7162949728943317, 81.13902431393636050 ) ) ;
#2616 = CARTESIAN_POINT ( 'NONE',  ( 1093.625080237836528, 331.7322758793388857, 59.18442267771415999 ) ) ;
#2617 = CARTESIAN_POINT ( 'NONE',  ( 579.4559721752052610, 0.02041112613639863363, -21.81717171057113447 ) ) ;
#2618 = CARTESIAN_POINT ( 'NONE',  ( 899.0352206471330874, 138.9841678851990991, 27.18492853830174028 ) ) ;
#2619 = CARTESIAN_POINT ( 'NONE',  ( 1268.755933693516226, 531.0215042741283469, 0.5001795079084019324 ) ) ;
#2620 = CARTESIAN_POINT ( 'NONE',  ( 560.0000000000003411, -9.530794340837383416, -19.22632610178090218 ) ) ;
#2621 = CARTESIAN_POINT ( 'NONE',  ( 788.2250333143225589, 90.65824253839794267, 36.85534299331003893 ) ) ;
#2622 = CARTESIAN_POINT ( 'NONE',  ( 791.8058712728312685, 52.86589992607751043, -37.89369770846498398 ) ) ;
#2623 = CARTESIAN_POINT ( 'NONE',  ( 1410.668681075903805, 991.0644947922850179, 34.59201749376568102 ) ) ;
#2624 = CARTESIAN_POINT ( 'NONE',  ( 1452.698542741062056, 892.9869266995490307, -65.56111363575571716 ) ) ;
#2625 = CARTESIAN_POINT ( 'NONE',  ( 1252.152987108805064, 413.7547722642073040, -83.73631839787742592 ) ) ;
#2626 = CARTESIAN_POINT ( 'NONE',  ( 1238.488705289266363, 602.6544730527011779, 104.3415479851763763 ) ) ;
#2627 = CARTESIAN_POINT ( 'NONE',  ( 1172.044962314704208, 462.4655370538955026, 87.62571446545501885 ) ) ;
#2628 = CARTESIAN_POINT ( 'NONE',  ( 1331.376507633546453, 536.3086673409669629, -98.31605529838091684 ) ) ;
#2629 = CARTESIAN_POINT ( 'NONE',  ( 1411.301620161354322, 990.1297707862329389, 38.77157040427003665 ) ) ;
#2630 = CARTESIAN_POINT ( 'NONE',  ( 618.5510945571919592, 9.918781187328077564, -13.89226866389016912 ) ) ;
#2631 = CARTESIAN_POINT ( 'NONE',  ( 618.7692212550814475, -2.006085157672690134, -19.64618815656553963 ) ) ;
#2632 = CARTESIAN_POINT ( 'NONE',  ( 1043.296114227025555, 298.1872952797450580, 77.83480439504305082 ) ) ;
#2633 = CARTESIAN_POINT ( 'NONE',  ( 1439.836677180907145, 947.9892182064179451, -22.44644242291007430 ) ) ;
#2634 = CARTESIAN_POINT ( 'NONE',  ( 1113.888619716854009, 259.2830515299688727, -85.06731034643850364 ) ) ;
#2635 = CARTESIAN_POINT ( 'NONE',  ( 579.4857358060869501, -4.145956475691502163, -25.97090644225911760 ) ) ;
#2636 = CARTESIAN_POINT ( 'NONE',  ( 579.4112013267917973, 6.199662235951622691, 3.223946393409089950 ) ) ;
#2637 = CARTESIAN_POINT ( 'NONE',  ( 675.8759383823837652, 36.59545931640916905, 31.86963390899776627 ) ) ;
#2638 = CARTESIAN_POINT ( 'NONE',  ( 618.3933882769343882, 19.36745135121401162, 22.60905234462282465 ) ) ;
#2639 = CARTESIAN_POINT ( 'NONE',  ( 618.7629492257146921, -1.559018843120900000, -14.27917065524981233 ) ) ;
#2640 = CARTESIAN_POINT ( 'NONE',  ( 1391.983516484186566, 985.1998760040112302, 60.15211525464239628 ) ) ;
#2641 = CARTESIAN_POINT ( 'NONE',  ( 559.9999999999998863, -2.526743806038372675, -17.67897044107310833 ) ) ;
#2642 = CARTESIAN_POINT ( 'NONE',  ( 846.2416691314908803, 94.88694995568555157, 7.501145623200122792 ) ) ;
#2643 = DATE_TIME_ROLE ( 'classification_date' ) ;
#2644 = CARTESIAN_POINT ( 'NONE',  ( 1378.713964081502127, 828.1919849088203591, 40.33405194634466540 ) ) ;
#2645 = CARTESIAN_POINT ( 'NONE',  ( 618.5778497022783995, 8.358408670086413750, -20.16575443245131538 ) ) ;
#2646 = CARTESIAN_POINT ( 'NONE',  ( 1059.106113617548317, 234.1329938031450695, -17.98673451938092427 ) ) ;
#2647 = CARTESIAN_POINT ( 'NONE',  ( 675.9177615320005543, 35.41425893765047306, 16.62788985975647549 ) ) ;
#2648 = CARTESIAN_POINT ( 'NONE',  ( 618.3813482465294555, 20.09221679015108109, 25.23921269205859730 ) ) ;
#2649 = CARTESIAN_POINT ( 'NONE',  ( 1329.294013921759188, 540.8255525146432774, -89.52781067489137001 ) ) ;
#2650 = CARTESIAN_POINT ( 'NONE',  ( 732.5668349194125994, 61.55534385955099452, 38.75928590417674968 ) ) ;
#2651 = CARTESIAN_POINT ( 'NONE',  ( 1402.458529687637792, 969.2914235256582742, 47.77292366923781941 ) ) ;
#2652 = CARTESIAN_POINT ( 'NONE',  ( 1204.274548058044047, 370.0959065408928836, -75.48121784866947337 ) ) ;
#2653 = CARTESIAN_POINT ( 'NONE',  ( 1188.404615609381153, 415.6185153241418107, 26.88597803946115050 ) ) ;
#2654 = CARTESIAN_POINT ( 'NONE',  ( 560.0000000000000000, -6.768873655815426993, 0.9535711219966951369 ) ) ;
#2655 = CARTESIAN_POINT ( 'NONE',  ( 1207.289368304514483, 361.4991913338636209, -72.90045226403130130 ) ) ;
#2656 = CARTESIAN_POINT ( 'NONE',  ( 1376.929016825818508, 940.8374540509124699, 72.09654903849654772 ) ) ;
#2657 = CARTESIAN_POINT ( 'NONE',  ( 1330.733021115706151, 537.7288306651364564, -79.57934429929640885 ) ) ;
#2658 = CARTESIAN_POINT ( 'NONE',  ( 732.6092576453339689, 60.83242641607506584, 27.49748220195856163 ) ) ;
#2659 = CARTESIAN_POINT ( 'NONE',  ( 618.6602669557682930, 3.763432926054506300, -31.08308572464654418 ) ) ;
#2660 = CARTESIAN_POINT ( 'NONE',  ( 848.2250760049428209, 78.68346091404464460, -47.90694900935944389 ) ) ;
#2661 = CARTESIAN_POINT ( 'NONE',  ( 946.2300578063569674, 206.3568215273879218, 68.88748079309736738 ) ) ;
#2662 = CARTESIAN_POINT ( 'NONE',  ( 1044.700636794450020, 292.4981614149958773, 70.63213158979709760 ) ) ;
#2663 = CARTESIAN_POINT ( 'NONE',  ( 1293.316665024038002, 472.8851706097822216, -99.55392190307931344 ) ) ;
#2664 = CARTESIAN_POINT ( 'NONE',  ( 1339.692589614799772, 781.0796843085655610, 75.10461835326772473 ) ) ;
#2665 = CARTESIAN_POINT ( 'NONE',  ( 676.2455146325504529, 27.51598270740064578, -9.972471530600909517 ) ) ;
#2666 = CARTESIAN_POINT ( 'NONE',  ( 1010.322455632523429, 182.5468359924299477, -38.83728345715342556 ) ) ;
#2667 = CARTESIAN_POINT ( 'NONE',  ( 1271.124623130069267, 666.9649686815690757, 107.4645717817890898 ) ) ;
#2668 = CARTESIAN_POINT ( 'NONE',  ( 560.0000000000009095, -0.2263422132266807996, -7.999724552598951099 ) ) ;
#2669 = CARTESIAN_POINT ( 'NONE',  ( 1253.844558382389323, 409.3470647336833395, -101.8582194933917009 ) ) ;
#2670 = CARTESIAN_POINT ( 'NONE',  ( 1452.179208844153209, 822.5749229037822943, -91.03890218167069293 ) ) ;
#2671 = CARTESIAN_POINT ( 'NONE',  ( 618.4766880700719867, 14.35433736981348218, 3.877239728894877668 ) ) ;
#2672 = CARTESIAN_POINT ( 'NONE',  ( 896.1085526820302221, 158.1333590131700362, 54.26406135524684515 ) ) ;
#2673 = CARTESIAN_POINT ( 'NONE',  ( 1045.465669018390827, 289.3660933356110263, 54.90421207433288231 ) ) ;
#2674 = CARTESIAN_POINT ( 'NONE',  ( 1243.961574123833543, 435.0390993923916767, -35.16838909300683724 ) ) ;
#2675 = CARTESIAN_POINT ( 'NONE',  ( 1086.914100203746557, 355.6883644404442748, 87.03572784102486537 ) ) ;
#2676 = CARTESIAN_POINT ( 'NONE',  ( 1403.427038239162584, 1001.758947952715630, 47.03495749926112524 ) ) ;
#2677 = CARTESIAN_POINT ( 'NONE',  ( 1007.866362882855697, 193.9077202385457213, -44.83568741516182854 ) ) ;
#2678 = CARTESIAN_POINT ( 'NONE',  ( 579.4810310881190389, -3.647171905538754366, 0.8181477140373794033 ) ) ;
#2679 = CARTESIAN_POINT ( 'NONE',  ( 618.6253083952767611, 6.442047962211995049, 9.070070699825571126 ) ) ;
#2680 = CARTESIAN_POINT ( 'NONE',  ( 1007.866362882855697, 193.9077202385457213, -44.83568741516182854 ) ) ;
#2681 = CARTESIAN_POINT ( 'NONE',  ( 618.7460257746870411, -0.5306933483528278872, -8.991600968254262582 ) ) ;
#2682 = CARTESIAN_POINT ( 'NONE',  ( 579.3993180370837308, 7.827009536246624322, 10.14667987250405901 ) ) ;
#2683 = CARTESIAN_POINT ( 'NONE',  ( 996.8470504350550527, 245.3382816817557170, 57.57333563416120370 ) ) ;
#2684 = CARTESIAN_POINT ( 'NONE',  ( 1449.257682574288538, 934.0762839213182360, -43.99660875713134800 ) ) ;
#2685 = CARTESIAN_POINT ( 'NONE',  ( 1189.391557198816145, 412.7463466885993171, 2.003932260673462196 ) ) ;
#2686 = CARTESIAN_POINT ( 'NONE',  ( 895.7026569624977128, 160.7897619959772157, 57.63173828359202844 ) ) ;
#2687 = CARTESIAN_POINT ( 'NONE',  ( 998.9643130489615714, 235.5082921217944829, 54.65792053438575238 ) ) ;
#2688 = CARTESIAN_POINT ( 'NONE',  ( 579.4537893287780435, 0.3260765618989390213, -20.98065481007665767 ) ) ;
#2689 = CARTESIAN_POINT ( 'NONE',  ( 1403.535935178601449, 899.0306342634802377, 30.46845274933566472 ) ) ;
#2690 = CARTESIAN_POINT ( 'NONE',  ( 676.1285285873683506, 30.33115457718088592, -0.2830692284538402492 ) ) ;
#2691 = CARTESIAN_POINT ( 'NONE',  ( 791.7777737156761759, 53.13842287817290355, -42.04163111167172673 ) ) ;
#2692 = CARTESIAN_POINT ( 'NONE',  ( 1209.432247093452361, 524.6421045102690641, 81.22161150148697573 ) ) ;
#2693 = CARTESIAN_POINT ( 'NONE',  ( 1113.044203982039107, 262.3320037249681604, -66.00216814900720408 ) ) ;
#2694 = CARTESIAN_POINT ( 'NONE',  ( 1045.710279092314977, 288.3741310122566119, 53.27459781151411988 ) ) ;
#2695 = CARTESIAN_POINT ( 'NONE',  ( 1453.769515813922453, 927.4132116963060071, -53.65506707117094720 ) ) ;
#2696 = CARTESIAN_POINT ( 'NONE',  ( 560.0000000000004547, -8.916703232767295262, -21.12132375526255501 ) ) ;
#2697 = CARTESIAN_POINT ( 'NONE',  ( 732.3453994471541364, 64.82134905142123671, 43.23954173424831282 ) ) ;
#2698 = CARTESIAN_POINT ( 'NONE',  ( 1209.581949094612582, 524.2654661300480257, 90.82121882447601990 ) ) ;
#2699 = CARTESIAN_POINT ( 'NONE',  ( 1451.013648666491690, 931.4830744041217940, -48.29776145251520347 ) ) ;
#2700 = EDGE_LOOP ( 'NONE', ( #56, #24, #1576, #3208 ) ) ;
#2701 = CARTESIAN_POINT ( 'NONE',  ( 1390.792206565970901, 919.0556724572952589, 54.90157300182053746 ) ) ;
#2702 = CARTESIAN_POINT ( 'NONE',  ( 1422.175683255977674, 869.7337042702492909, -20.30168467891862605 ) ) ;
#2703 = CARTESIAN_POINT ( 'NONE',  ( 1418.399801212984357, 760.4595272744536487, -57.35470762450560045 ) ) ;
#2704 = CARTESIAN_POINT ( 'NONE',  ( 895.7026569624977128, 160.7897619959772157, 57.63173828359202844 ) ) ;
#2705 = CARTESIAN_POINT ( 'NONE',  ( 676.2737887763968274, 26.83624568356308160, -12.40157788312937193 ) ) ;
#2706 = CARTESIAN_POINT ( 'NONE',  ( 676.6838137304090424, 17.15265203665948235, -36.69597268548276503 ) ) ;
#2707 = CARTESIAN_POINT ( 'NONE',  ( 1454.076162338433505, 926.9603563198245411, -53.97883111896504005 ) ) ;
#2708 = CARTESIAN_POINT ( 'NONE',  ( 559.9999999999998863, 3.107706712500944324, 7.299094525927315225 ) ) ;
#2709 = CARTESIAN_POINT ( 'NONE',  ( 843.2755555156443279, 118.9457575756795791, 45.51125518846296814 ) ) ;
#2710 = CARTESIAN_POINT ( 'NONE',  ( 1309.344017529945859, 716.9976541827104484, 73.64958823734527016 ) ) ;
#2711 = CARTESIAN_POINT ( 'NONE',  ( 1383.113427933087678, 701.1627013442641783, -31.75491657290256597 ) ) ;
#2712 = CARTESIAN_POINT ( 'NONE',  ( 618.3846877146153247, 20.11344599065658656, 31.44007699616096474 ) ) ;
#2713 = CARTESIAN_POINT ( 'NONE',  ( 559.9999999999998863, 6.432546504663145370, 22.13482986138170006 ) ) ;
#2714 = CARTESIAN_POINT ( 'NONE',  ( 1108.988165395013084, 276.7732902612452790, -57.25141071705372298 ) ) ;
#2715 = CARTESIAN_POINT ( 'NONE',  ( 1271.562075456374032, 524.4130556720967888, 9.683095607526531978 ) ) ;
#2716 = CARTESIAN_POINT ( 'NONE',  ( 1443.807428080396448, 942.1252160091665928, -31.31726299234860278 ) ) ;
#2717 = CARTESIAN_POINT ( 'NONE',  ( 1430.278380989440848, 857.0041170802819579, -26.62181320938562479 ) ) ;
#2718 = CARTESIAN_POINT ( 'NONE',  ( 1287.888677289898851, 630.6105866480735358, 50.34942292410944020 ) ) ;
#2719 = CARTESIAN_POINT ( 'NONE',  ( 996.9857187935969023, 244.6911757836360835, 56.39424715879258798 ) ) ;
#2720 = CARTESIAN_POINT ( 'NONE',  ( 1327.857106925557673, 543.9413941142649946, -83.95434122132139976 ) ) ;
#2721 = CARTESIAN_POINT ( 'NONE',  ( 618.4941846755466486, 13.30447803372257987, -0.3008611777742341564 ) ) ;
#2722 = CARTESIAN_POINT ( 'NONE',  ( 844.1681763620691754, 111.7091793003440472, 35.34165411597589923 ) ) ;
#2723 = CARTESIAN_POINT ( 'NONE',  ( 1247.701673736219618, 425.2828685824739523, -77.25204941930708458 ) ) ;
#2724 = CARTESIAN_POINT ( 'NONE',  ( 1145.783928398430362, 359.2264778055499050, 25.31005784188884178 ) ) ;
#2725 = CARTESIAN_POINT ( 'NONE',  ( 898.9176893205808483, 139.6422007216462191, 4.076918085864506658 ) ) ;
#2726 = CARTESIAN_POINT ( 'NONE',  ( 903.7730693055301572, 107.8775973234066328, -50.79405431330540210 ) ) ;
#2727 = CARTESIAN_POINT ( 'NONE',  ( 895.6457063778750580, 161.1203945898133156, 49.85897624443595078 ) ) ;
#2728 = CARTESIAN_POINT ( 'NONE',  ( 1275.342857910430894, 515.4662824931898513, -3.593547020464614938 ) ) ;
#2729 = CARTESIAN_POINT ( 'NONE',  ( 675.8216232988635284, 37.73244717698599260, 23.83286894002729284 ) ) ;
#2730 = CARTESIAN_POINT ( 'NONE',  ( 618.6532396612944922, 4.151272918548566615, -30.70152476576140899 ) ) ;
#2731 = CARTESIAN_POINT ( 'NONE',  ( 1447.878296312112980, 829.3377432378385947, -74.99510087658924817 ) ) ;
#2732 = CARTESIAN_POINT ( 'NONE',  ( 560.0000000000002274, 5.596234802802733554, 23.30010496005261800 ) ) ;
#2733 = CARTESIAN_POINT ( 'NONE',  ( 675.9378492953175055, 35.13557505883231613, 29.82261317679308377 ) ) ;
#2734 = CARTESIAN_POINT ( 'NONE',  ( 1331.863300325257114, 535.2528859574122180, -100.1538103252423753 ) ) ;
#2735 = CARTESIAN_POINT ( 'NONE',  ( 1271.557994430790359, 524.4226864016600302, 9.675307093885855636 ) ) ;
#2736 = CARTESIAN_POINT ( 'NONE',  ( 1389.357778183397841, 921.3095564804315245, 57.56247241940567250 ) ) ;
#2737 = CARTESIAN_POINT ( 'NONE',  ( 676.2164491969630262, 28.21469761460686243, -7.548648487453452738 ) ) ;
#2738 = CARTESIAN_POINT ( 'NONE',  ( 1204.783588671446523, 368.6885595710982670, -54.14729117329397923 ) ) ;
#2739 = CARTESIAN_POINT ( 'NONE',  ( 1391.273952487662200, 686.1385456027279588, -57.26838804619820422 ) ) ;
#2740 = CARTESIAN_POINT ( 'NONE',  ( 1391.519201235808396, 985.9061886788274478, 66.72568421816015416 ) ) ;
#2741 = CARTESIAN_POINT ( 'NONE',  ( 790.2034243114835590, 69.67249189700807221, -18.74218448803838299 ) ) ;
#2742 = CARTESIAN_POINT ( 'NONE',  ( 1335.238893945089103, 527.9404405559666884, -108.9977366184015750 ) ) ;
#2743 = CARTESIAN_POINT ( 'NONE',  ( 1162.643738797956530, 305.4792121332455963, -90.55770663256060971 ) ) ;
#2744 = CARTESIAN_POINT ( 'NONE',  ( 1422.994532929550815, 972.8616852526465664, 11.61645731021254591 ) ) ;
#2745 = CARTESIAN_POINT ( 'NONE',  ( 1174.133836069462632, 456.4849000183995145, 80.66430827640066070 ) ) ;
#2746 = CARTESIAN_POINT ( 'NONE',  ( 1175.149376717360610, 453.5547834789779245, 64.88202862149397276 ) ) ;
#2747 = CARTESIAN_POINT ( 'NONE',  ( 560.0000000000003411, -9.957004501793990769, -11.70295231626768562 ) ) ;
#2748 = CARTESIAN_POINT ( 'NONE',  ( 1238.233958254183335, 603.2602775643421182, 108.8584326524380259 ) ) ;
#2749 = CARTESIAN_POINT ( 'NONE',  ( 1168.638238321313565, 472.2113362317572296, 93.22466512476668754 ) ) ;
#2750 = CARTESIAN_POINT ( 'NONE',  ( 1390.576937464922366, 687.4073889623565492, -70.54528982354287336 ) ) ;
#2751 = CARTESIAN_POINT ( 'NONE',  ( 734.4634516556650397, 33.46429455737749237, -13.90823237151070124 ) ) ;
#2752 = CARTESIAN_POINT ( 'NONE',  ( 1219.590884687966536, 498.2700985170462218, 43.81085775996552911 ) ) ;
#2753 = CARTESIAN_POINT ( 'NONE',  ( 1043.808156988683322, 296.0878636125535195, 66.03407915492999791 ) ) ;
#2754 = CARTESIAN_POINT ( 'NONE',  ( 579.4571300830265272, -0.1420229985193327826, -22.22661743922504485 ) ) ;
#2755 = CARTESIAN_POINT ( 'NONE',  ( 1445.322474521801951, 939.8877964665617810, -28.08030520578884648 ) ) ;
#2756 = CARTESIAN_POINT ( 'NONE',  ( 1049.013771974136944, 275.0299591154285963, 47.95441972696332300 ) ) ;
#2757 = CARTESIAN_POINT ( 'NONE',  ( 1008.954527696440209, 188.8306411330736125, -57.00837938530761306 ) ) ;
#2758 = CARTESIAN_POINT ( 'NONE',  ( 790.2879969943809328, 68.98302298867223215, 12.31427583815386306 ) ) ;
#2759 = CARTESIAN_POINT ( 'NONE',  ( 1388.605220079092078, 811.3022762339794554, 5.143074328825087527 ) ) ;
#2760 = CARTESIAN_POINT ( 'NONE',  ( 1332.332784640316049, 534.2564960720026193, -87.93377646908639633 ) ) ;
#2761 = CARTESIAN_POINT ( 'NONE',  ( 996.5653207560487772, 246.6528959995592629, 59.87106312369899541 ) ) ;
#2762 = CARTESIAN_POINT ( 'NONE',  ( 1151.495884121504560, 341.0368813103881962, -2.992926132699894382 ) ) ;
#2763 = CARTESIAN_POINT ( 'NONE',  ( 1402.776610302197469, 968.8072696921339002, 40.60443288025688702 ) ) ;
#2764 = CARTESIAN_POINT ( 'NONE',  ( 956.9920089789814028, 147.4944535141663948, -63.51995070658528419 ) ) ;
#2765 = CARTESIAN_POINT ( 'NONE',  ( 1332.647097331039959, 533.5740943434960855, -89.70571435591202203 ) ) ;
#2766 = CARTESIAN_POINT ( 'NONE',  ( 1042.361483378112780, 301.9672774194149270, 81.72213971719651227 ) ) ;
#2767 = CARTESIAN_POINT ( 'NONE',  ( 1331.589884406748070, 795.9908362931846568, 92.43957367939245273 ) ) ;
#2768 = CARTESIAN_POINT ( 'NONE',  ( 734.1597580983722082, 37.74319407392828651, -40.70760886993727468 ) ) ;
#2769 = ORIENTED_EDGE ( 'NONE', *, *, #6747, .F. ) ;
#2770 = CARTESIAN_POINT ( 'NONE',  ( 733.2399331574999906, 51.60938865346294335, 24.43439482674940066 ) ) ;
#2771 = CARTESIAN_POINT ( 'NONE',  ( 1055.578951976775897, 248.3475150932340512, -19.49669592426888087 ) ) ;
#2772 = CARTESIAN_POINT ( 'NONE',  ( 1444.933873536972669, 904.7804463044277554, -39.60618865610165074 ) ) ;
#2773 = CARTESIAN_POINT ( 'NONE',  ( 1062.049254097018093, 222.1860187168329901, -47.42151353690975668 ) ) ;
#2774 = CARTESIAN_POINT ( 'NONE',  ( 895.5857313684498422, 161.5555833350395005, 58.75604489861530055 ) ) ;
#2775 = CARTESIAN_POINT ( 'NONE',  ( 618.5296182484050860, 11.19056916998081874, -8.657402087081960573 ) ) ;
#2776 = CARTESIAN_POINT ( 'NONE',  ( 1011.383903362461410, 177.5223025756006905, -72.90288984165461272 ) ) ;
#2777 = CARTESIAN_POINT ( 'NONE',  ( 1063.457447146565755, 216.4237974397481992, -78.94729684888925192 ) ) ;
#2778 = CARTESIAN_POINT ( 'NONE',  ( 1133.911643741974331, 397.0220097715945258, 75.98386997025748713 ) ) ;
#2779 = CARTESIAN_POINT ( 'NONE',  ( 1090.781549299561675, 341.8577980534071230, 60.37416264763186291 ) ) ;
#2780 = CARTESIAN_POINT ( 'NONE',  ( 1357.323244592727178, 621.2836724728849731, -46.76524821696530410 ) ) ;
#2781 = CARTESIAN_POINT ( 'NONE',  ( 1296.599813811281820, 742.4275466313798688, 112.9299432574260607 ) ) ;
#2782 = CARTESIAN_POINT ( 'NONE',  ( 1323.535184042093078, 810.8109923386283526, 101.1166325929755629 ) ) ;
#2783 = B_SPLINE_CURVE_WITH_KNOTS ( 'NONE', 3,
 ( #77, #4956, #6689, #1738, #3940, #2790, #1230, #4992, #547, #2755, #1121, #4413, #4446, #43, #4165, #3010, #6220, #5716, #262, #841, #2468, #1379, #5792, #1267, #152, #2972, #4630, #3049, #5249 ),
 .UNSPECIFIED., .F., .F.,
 ( 4, 1, 1, 1, 1, 1, 1, 1, 1, 1, 1, 1, 1, 1, 1, 1, 1, 1, 1, 1, 1, 1, 1, 1, 1, 1, 4 ),
 ( 0.2492000084741439470, 0.2501742526055077964, 0.2710220969320583095, 0.2918699190119978248, 0.3127176225534127885, 0.3335652144828317733, 0.3544127260423553527, 0.3752601959796254549, 0.3961076469285657042, 0.4169550604901990365, 0.4378024109190525870, 0.4586495171450769570, 0.4794957394472500467, 0.5003060813181210431, 0.5180330503492210914, 0.5388807351557743930, 0.5597286586792979968, 0.5805765416082105945, 0.6014243861242881684, 0.6222722082147570388, 0.6431200163314513274, 0.6639678078853861187, 0.6848155682557623969, 0.7056633579516820021, 0.7265112574653830313, 0.7473591577052816071, 0.7491999999999908733 ),
 .UNSPECIFIED. ) ;
#2784 = CARTESIAN_POINT ( 'NONE',  ( 1058.892737174731110, 234.9053852023238562, -48.24630974120194082 ) ) ;
#2785 = CARTESIAN_POINT ( 'NONE',  ( 676.5617238349688023, 20.38017202695594676, 4.155138466198633473 ) ) ;
#2786 = CARTESIAN_POINT ( 'NONE',  ( 1109.312413735972314, 275.6916298319584939, -29.56052376634231393 ) ) ;
#2787 = CARTESIAN_POINT ( 'NONE',  ( 559.9999999999998863, 4.403114541097365553, 12.99326552414534675 ) ) ;
#2788 = CARTESIAN_POINT ( 'NONE',  ( 1274.118097667241955, 660.4667412014144929, 89.96709859370946560 ) ) ;
#2789 = CARTESIAN_POINT ( 'NONE',  ( 1422.300148157362628, 753.7885911574724105, -81.70738871696092076 ) ) ;
#2790 = CARTESIAN_POINT ( 'NONE',  ( 1436.925994225509385, 952.2877127929548351, -9.030434812024786595 ) ) ;
#2791 = CARTESIAN_POINT ( 'NONE',  ( 1341.144661783241190, 778.4074009071039200, 71.93040169167827003 ) ) ;
#2792 = CARTESIAN_POINT ( 'NONE',  ( 1326.909669587022790, 545.9960902243204828, -80.26084910047609355 ) ) ;
#2793 = CARTESIAN_POINT ( 'NONE',  ( 559.9999999999998863, -6.317460961208395176, 2.103432413513753652 ) ) ;
#2794 = CARTESIAN_POINT ( 'NONE',  ( 1146.152653385217036, 357.9975160718597067, 1.696307416778281230 ) ) ;
#2795 = CARTESIAN_POINT ( 'NONE',  ( 1425.949241811511911, 747.5683982667275131, -82.47169062479233048 ) ) ;
#2796 = CARTESIAN_POINT ( 'NONE',  ( 1132.086303883157143, 402.8107765567419847, 73.01934711428108926 ) ) ;
#2797 = CARTESIAN_POINT ( 'NONE',  ( 1273.464518979553759, 519.9112242079387443, 3.067222121250508415 ) ) ;
#2798 = CARTESIAN_POINT ( 'NONE',  ( 618.3958160601055170, 19.22091527367567210, 22.08878395171234743 ) ) ;
#2799 = CARTESIAN_POINT ( 'NONE',  ( 902.7164885588106245, 114.7277644348104104, -57.88616782747666889 ) ) ;
#2800 = CARTESIAN_POINT ( 'NONE',  ( 1345.948088503346298, 884.1014540342748660, 104.6617768834813234 ) ) ;
#2801 = CARTESIAN_POINT ( 'NONE',  ( 896.6350387771984742, 154.6899606636450244, 49.83220373368780542 ) ) ;
#2802 = CARTESIAN_POINT ( 'NONE',  ( 618.6225704402227166, 5.831442062501385415, -27.80895834518072363 ) ) ;
#2803 = CARTESIAN_POINT ( 'NONE',  ( 1306.749778476288611, 589.7414521442362911, 9.867453340903477255 ) ) ;
#2804 = CARTESIAN_POINT ( 'NONE',  ( 1048.594202713700497, 276.7292916281817270, 50.27326303145068209 ) ) ;
#2805 = CARTESIAN_POINT ( 'NONE',  ( 1313.836555795445520, 574.3473499679503220, -31.65103467121362257 ) ) ;
#2806 = CARTESIAN_POINT ( 'NONE',  ( 1446.198855083071521, 938.5935582564619608, -30.30923131306455787 ) ) ;
#2807 = CARTESIAN_POINT ( 'NONE',  ( 1159.555186611639101, 315.3537976647947403, -54.31402051023952282 ) ) ;
#2808 = CARTESIAN_POINT ( 'NONE',  ( 1139.015829456968731, 380.7353563940521326, 39.11994751578706797 ) ) ;
#2809 = CARTESIAN_POINT ( 'NONE',  ( 618.5382716275711346, 10.67649604011286080, -10.75014942543329433 ) ) ;
#2810 = CARTESIAN_POINT ( 'NONE',  ( 1371.360141581077414, 593.2516961912236866, -110.1572975940551942 ) ) ;
#2811 = CARTESIAN_POINT ( 'NONE',  ( 1454.142304950789139, 926.8626769553875420, -53.92956368736876271 ) ) ;
#2812 = CARTESIAN_POINT ( 'NONE',  ( 675.9848050662626520, 33.79709074000295743, 11.40645865733657693 ) ) ;
#2813 = CARTESIAN_POINT ( 'NONE',  ( 1276.304432100649819, 655.7377063113258373, 94.31129775900021173 ) ) ;
#2814 = CARTESIAN_POINT ( 'NONE',  ( 1357.872009011436148, 863.7508519831552576, 73.20489596799747289 ) ) ;
#2815 = CARTESIAN_POINT ( 'NONE',  ( 579.5075393322655373, -7.292658423054486860, -13.79885144406141073 ) ) ;
#2816 = CARTESIAN_POINT ( 'NONE',  ( 1400.995630449209102, 1005.349649304573745, 54.96420041803266798 ) ) ;
#2817 = CARTESIAN_POINT ( 'NONE',  ( 1443.068904357332713, 907.6119882116225881, -43.01329411190693719 ) ) ;
#2818 = CARTESIAN_POINT ( 'NONE',  ( 1373.253396474593728, 946.6140216844061115, 86.19481936508232423 ) ) ;
#2819 = CARTESIAN_POINT ( 'NONE',  ( 1207.140507985495560, 530.6001555263095497, 98.31752751887356112 ) ) ;
#2820 = CARTESIAN_POINT ( 'NONE',  ( 791.5787998156478125, 55.32805049561090982, -20.33602388533797267 ) ) ;
#2821 = CARTESIAN_POINT ( 'NONE',  ( 998.9228058540568327, 235.6512363378972736, 40.30380393721382148 ) ) ;
#2822 = CARTESIAN_POINT ( 'NONE',  ( 947.0427444538597683, 201.8925688348363110, 54.87370841221118667 ) ) ;
#2823 = CARTESIAN_POINT ( 'NONE',  ( 560.0000000000001137, -3.032705070572347061, -19.19510859994011653 ) ) ;
#2824 = CARTESIAN_POINT ( 'NONE',  ( 1413.554688691382125, 986.8024407307671027, 34.92834659024156707 ) ) ;
#2825 = CARTESIAN_POINT ( 'NONE',  ( 676.1300249632038231, 30.59758027698354610, 22.98278502873013807 ) ) ;
#2826 = CARTESIAN_POINT ( 'NONE',  ( 1419.225660557667652, 759.0370699852043117, -73.01543661227428572 ) ) ;
#2827 = CARTESIAN_POINT ( 'NONE',  ( 1367.633007731145199, 729.6574552113661412, 9.717541352150711020 ) ) ;
#2828 = CARTESIAN_POINT ( 'NONE',  ( 1386.782510213444311, 814.4130558312467656, 9.395992734555919768 ) ) ;
#2829 = CARTESIAN_POINT ( 'NONE',  ( 1252.152987108805064, 413.7547722642073040, -83.73631839787742592 ) ) ;
#2830 = CARTESIAN_POINT ( 'NONE',  ( 1327.073722797832488, 804.2981437260066286, 92.29089686556373806 ) ) ;
#2831 = CARTESIAN_POINT ( 'NONE',  ( 560.0000000000003411, -8.454616536314134123, -3.895519971304230111 ) ) ;
#2832 = CARTESIAN_POINT ( 'NONE',  ( 1174.672630779663223, 454.9206925039676435, 66.83354112683917947 ) ) ;
#2833 = CARTESIAN_POINT ( 'NONE',  ( 1207.064001305468082, 362.1033392038920624, -91.49367385803994068 ) ) ;
#2834 = CARTESIAN_POINT ( 'NONE',  ( 1368.812795358774110, 953.5917668257126252, 93.65307027744373158 ) ) ;
#2835 = CARTESIAN_POINT ( 'NONE',  ( 1378.364265101896081, 938.5836486124604789, 77.43779736104852418 ) ) ;
#2836 = CARTESIAN_POINT ( 'NONE',  ( 1292.033869019818212, 475.9217442638628199, -94.21504977452887886 ) ) ;
#2837 = CARTESIAN_POINT ( 'NONE',  ( 560.0000000000000000, 0.7416000149678380060, -3.613824862752035294 ) ) ;
#2838 = CARTESIAN_POINT ( 'NONE',  ( 844.1681763620691754, 111.7091793003440472, 35.34165411597589923 ) ) ;
#2839 = CARTESIAN_POINT ( 'NONE',  ( 1342.568493045276909, 650.7049297434210757, -17.74314648199724687 ) ) ;
#2840 = CARTESIAN_POINT ( 'NONE',  ( 1111.444540124433161, 268.0636890641281980, -47.91679023470766197 ) ) ;
#2841 = CARTESIAN_POINT ( 'NONE',  ( 1010.651343237225888, 181.0075503070088132, -43.89751142642965220 ) ) ;
#2842 = CARTESIAN_POINT ( 'NONE',  ( 1371.473123076348656, 840.5402997966615430, 44.01844435826581048 ) ) ;
#2843 = CARTESIAN_POINT ( 'NONE',  ( 560.0000000000006821, 1.140330071988955751, -1.778358992605645117 ) ) ;
#2844 = CARTESIAN_POINT ( 'NONE',  ( 675.6807965133358493, 41.14847646311425677, 35.05120420032111639 ) ) ;
#2845 = CARTESIAN_POINT ( 'NONE',  ( 791.4696597905830231, 56.31229747745696557, -48.37014712194380195 ) ) ;
#2846 = CARTESIAN_POINT ( 'NONE',  ( 560.0000000000000000, 2.822654479037117969, 6.006900034232574903 ) ) ;
#2847 = CARTESIAN_POINT ( 'NONE',  ( 732.7694115345464070, 58.56374310442281228, 34.80726573228400866 ) ) ;
#2848 = CARTESIAN_POINT ( 'NONE',  ( 560.0000000000004547, -1.239253799370273024, -12.66803363572098462 ) ) ;
#2849 = CARTESIAN_POINT ( 'NONE',  ( 1399.565362085603965, 973.6845221216302662, 46.54239174992414974 ) ) ;
#2850 = CARTESIAN_POINT ( 'NONE',  ( 1442.302371678641066, 908.7770836211784626, -32.75904128768996770 ) ) ;
#2851 = CARTESIAN_POINT ( 'NONE',  ( 787.9906217646864661, 93.19093236592637197, 49.11611994464962550 ) ) ;
#2852 = CARTESIAN_POINT ( 'NONE',  ( 901.3936633706857720, 123.3884606854686012, -35.74864334720866310 ) ) ;
#2853 = CARTESIAN_POINT ( 'NONE',  ( 1453.099690794521166, 928.4024088242449579, -49.85767116222594098 ) ) ;
#2854 = CARTESIAN_POINT ( 'NONE',  ( 1131.838805038291412, 403.6194157406752652, 83.72748806961938328 ) ) ;
#2855 = CARTESIAN_POINT ( 'NONE',  ( 1348.720132513155022, 879.3727798198515302, 100.6807107550371967 ) ) ;
#2856 = CARTESIAN_POINT ( 'NONE',  ( 579.5069565494284234, -7.216185943920110368, -12.91281160321441135 ) ) ;
#2857 = CARTESIAN_POINT ( 'NONE',  ( 1415.117405440103767, 984.4946217111075839, 26.46215562447692804 ) ) ;
#2858 = CARTESIAN_POINT ( 'NONE',  ( 996.4203327626372584, 247.3292514755006835, 60.95396651121564702 ) ) ;
#2859 = CARTESIAN_POINT ( 'NONE',  ( 790.8798906142261558, 62.51380466790307366, -40.10386863952373915 ) ) ;
#2860 = CARTESIAN_POINT ( 'NONE',  ( 1426.002878329418991, 968.4189628352877435, 5.787037001260955549 ) ) ;
#2861 = CARTESIAN_POINT ( 'NONE',  ( 559.9999999999998863, -2.526743806038372675, -17.67897044107310833 ) ) ;
#2862 = CARTESIAN_POINT ( 'NONE',  ( 1308.936220749388440, 585.0011976028010849, 3.076132924763731680 ) ) ;
#2863 = CARTESIAN_POINT ( 'NONE',  ( 1298.960812843513168, 606.6035395053421553, 16.65387450260057989 ) ) ;
#2864 = CARTESIAN_POINT ( 'NONE',  ( 1451.286084757829940, 895.1330219013237866, -58.24081025092672803 ) ) ;
#2865 = CARTESIAN_POINT ( 'NONE',  ( 1252.352321620505109, 413.2359958143651966, -85.41007634348125066 ) ) ;
#2866 = CARTESIAN_POINT ( 'NONE',  ( 1273.523629058453935, 661.7554856974396671, 91.45116279254774838 ) ) ;
#2867 = CARTESIAN_POINT ( 'NONE',  ( 954.6317117414855602, 160.5127617095434118, 1.537758871907925817 ) ) ;
#2868 = CARTESIAN_POINT ( 'NONE',  ( 559.9999999999998863, 5.327413152687130449, 16.86230588811901043 ) ) ;
#2869 = CARTESIAN_POINT ( 'NONE',  ( 618.6469230032685118, 4.496174413006050585, -30.24845966319205814 ) ) ;
#2870 = CARTESIAN_POINT ( 'NONE',  ( 1302.315253872271114, 599.3552753688423991, 23.33524722270665208 ) ) ;
#2871 = CARTESIAN_POINT ( 'NONE',  ( 946.3822736751285447, 205.5307727896978065, 68.43738702935799267 ) ) ;
#2872 = CARTESIAN_POINT ( 'NONE',  ( 1045.132761828799630, 290.7485320818425976, 68.53524596236063360 ) ) ;
#2873 = CARTESIAN_POINT ( 'NONE',  ( 1250.312757659604358, 418.5034406554774478, -90.77254313345201808 ) ) ;
#2874 = DIRECTION ( 'NONE',  ( -0.8280260528472145332, -0.5606896251994162306, -3.445695900212201522E-15 ) ) ;
#2875 = CARTESIAN_POINT ( 'NONE',  ( 1370.017974503582082, 843.0317975211385146, 58.57189333308654966 ) ) ;
#2876 = CARTESIAN_POINT ( 'NONE',  ( 618.5117145312284492, 12.25548259950736174, -4.481227813191829057 ) ) ;
#2877 = CARTESIAN_POINT ( 'NONE',  ( 579.5059033348723005, -7.017304965508468051, -20.74864054276042680 ) ) ;
#2878 = CARTESIAN_POINT ( 'NONE',  ( 848.1180635747518863, 79.60411344940571610, -33.65014308664893861 ) ) ;
#2879 = CARTESIAN_POINT ( 'NONE',  ( 1137.883289038555176, 384.3434066032278338, 44.80293552669425594 ) ) ;
#2880 = CARTESIAN_POINT ( 'NONE',  ( 789.6919719230892269, 75.09693918966968340, -3.335001466853441787 ) ) ;
#2881 = CARTESIAN_POINT ( 'NONE',  ( 1323.535184042093078, 810.8109923386283526, 101.1166325929755629 ) ) ;
#2882 = CARTESIAN_POINT ( 'NONE',  ( 847.7257039416791713, 82.66699221784020324, -54.35260563764612840 ) ) ;
#2883 = CARTESIAN_POINT ( 'NONE',  ( 791.7545572246267511, 53.36419262974061439, -44.73718055231262980 ) ) ;
#2884 = CARTESIAN_POINT ( 'NONE',  ( 1221.242156101931187, 493.9831734974100073, 37.50773639249531044 ) ) ;
#2885 = CARTESIAN_POINT ( 'NONE',  ( 948.7386783301471951, 192.6773804353195487, 51.66529359595291027 ) ) ;
#2886 = CARTESIAN_POINT ( 'NONE',  ( 1006.983246220700948, 198.0296542955154564, -35.12358060534704407 ) ) ;
#2887 = CARTESIAN_POINT ( 'NONE',  ( 1381.191153672781638, 934.1400477151689756, 63.81883456237226682 ) ) ;
#2888 = CARTESIAN_POINT ( 'NONE',  ( 1440.497216534807421, 911.5186938285653468, -28.26805248937260373 ) ) ;
#2889 = CARTESIAN_POINT ( 'NONE',  ( 842.3805639595000230, 126.1994677942881964, 55.27350024994753142 ) ) ;
#2890 = CARTESIAN_POINT ( 'NONE',  ( 1107.128503729656813, 283.4216669645182947, -43.04834102466530510 ) ) ;
#2891 = CARTESIAN_POINT ( 'NONE',  ( 559.9999999999998863, -7.128848351599620159, -23.22739388680524897 ) ) ;
#2892 = CARTESIAN_POINT ( 'NONE',  ( 1452.236588668512923, 893.6896218582371603, -61.35566800215817551 ) ) ;
#2893 = CARTESIAN_POINT ( 'NONE',  ( 579.3943388282455089, 8.427486380865129689, 22.99768395348295158 ) ) ;
#2894 = CARTESIAN_POINT ( 'NONE',  ( 1422.567398799486682, 938.7491175560849115, 1.922500123458268373 ) ) ;
#2895 = CARTESIAN_POINT ( 'NONE',  ( 947.2822098218747442, 200.6222615288015447, 61.78041448195302365 ) ) ;
#2896 = CARTESIAN_POINT ( 'NONE',  ( 676.8617745142142894, 13.19417800339371638, -18.61578373780471196 ) ) ;
#2897 = CARTESIAN_POINT ( 'NONE',  ( 999.4652505417997190, 233.1197177442527959, 35.68875739887715071 ) ) ;
#2898 = CARTESIAN_POINT ( 'NONE',  ( 618.3757433754216208, 20.42284660211770486, 26.20925587096801124 ) ) ;
#2899 = CARTESIAN_POINT ( 'NONE',  ( 955.9888411864626505, 152.9678407614659363, -50.19902913092072794 ) ) ;
#2900 = APPROVAL_DATE_TIME ( #6257, #4582 ) ;
#2901 = CARTESIAN_POINT ( 'NONE',  ( 560.0000000000007958, -1.480617623325533927, 12.13987768504485487 ) ) ;
#2902 = CARTESIAN_POINT ( 'NONE',  ( 790.7427263235294959, 63.96145966508262859, -36.13600539072859874 ) ) ;
#2903 = CARTESIAN_POINT ( 'NONE',  ( 901.0217489726735494, 125.9760221098710531, 4.938154205973167343 ) ) ;
#2904 = CARTESIAN_POINT ( 'NONE',  ( 1001.841526449827711, 222.0290741225195177, 14.73938384496993770 ) ) ;
#2905 = CARTESIAN_POINT ( 'NONE',  ( 1448.325618644482574, 828.6343076455252685, -76.48935405459901915 ) ) ;
#2906 = CARTESIAN_POINT ( 'NONE',  ( 1301.967816542691935, 731.7141012978283925, 92.27325392767518508 ) ) ;
#2907 = CARTESIAN_POINT ( 'NONE',  ( 842.8834602401459506, 122.0629417801380470, 39.61450431659800131 ) ) ;
#2908 = CARTESIAN_POINT ( 'NONE',  ( 1451.013648666491690, 931.4830744041217940, -48.29776145251520347 ) ) ;
#2909 = CARTESIAN_POINT ( 'NONE',  ( 1381.584274447024427, 823.2953394758847026, 34.14314472820603186 ) ) ;
#2910 = CARTESIAN_POINT ( 'NONE',  ( 732.3717957499853810, 64.43582585309705735, 42.93422338110826786 ) ) ;
#2911 = CARTESIAN_POINT ( 'NONE',  ( 579.4138325849090734, 5.707713542682236074, 18.97553560394021233 ) ) ;
#2912 = CARTESIAN_POINT ( 'NONE',  ( 1397.524850336835698, 674.6158766938417557, -92.46360127447215405 ) ) ;
#2913 = CARTESIAN_POINT ( 'NONE',  ( 1318.395884513538931, 698.9513712350137666, 63.29556777895038522 ) ) ;
#2914 = CARTESIAN_POINT ( 'NONE',  ( 560.0000000000006821, 1.140330071988955751, -1.778358992605645117 ) ) ;
#2915 = CARTESIAN_POINT ( 'NONE',  ( 1249.854099358861504, 419.7320535983197942, -67.58950588412106697 ) ) ;
#2916 = CARTESIAN_POINT ( 'NONE',  ( 1448.347017533428925, 935.4211534272989184, -35.90272815511660554 ) ) ;
#2917 = CARTESIAN_POINT ( 'NONE',  ( 995.3246463274348343, 252.4501045583944006, 72.91185886934336224 ) ) ;
#2918 = CARTESIAN_POINT ( 'NONE',  ( 1434.920484489509590, 955.2494481916708082, -12.01360342488452737 ) ) ;
#2919 = CARTESIAN_POINT ( 'NONE',  ( 1349.075658294756522, 878.7612207460971376, 90.78607194925179158 ) ) ;
#2920 = CARTESIAN_POINT ( 'NONE',  ( 1253.095112422948887, 411.2873461006267917, -100.8310569650674466 ) ) ;
#2921 = CARTESIAN_POINT ( 'NONE',  ( 843.9767898146884590, 113.1588645459247999, 19.47356829688612834 ) ) ;
#2922 = CARTESIAN_POINT ( 'NONE',  ( 1407.729720474582109, 995.4047497868770051, 44.77220844167418079 ) ) ;
#2923 = CARTESIAN_POINT ( 'NONE',  ( 1007.206527110432489, 196.9874503336272085, -37.54653971868346218 ) ) ;
#2924 = CARTESIAN_POINT ( 'NONE',  ( 1278.759646824804804, 650.4035010238059158, 76.75664794872963625 ) ) ;
#2925 = CARTESIAN_POINT ( 'NONE',  ( 579.5079646649559209, -7.347015229339675102, -14.68675232743720649 ) ) ;
#2926 = CARTESIAN_POINT ( 'NONE',  ( 995.4855440304618241, 251.7111572081873874, 75.29965404113663396 ) ) ;
#2927 = CARTESIAN_POINT ( 'NONE',  ( 1154.323138567934620, 331.9642025469018449, -45.59233215284733376 ) ) ;
#2928 = CARTESIAN_POINT ( 'NONE',  ( 618.7165526148381787, 0.6065572367719872515, -30.90584140928285706 ) ) ;
#2929 = CARTESIAN_POINT ( 'NONE',  ( 1450.532748139646174, 825.1634862824600987, -84.05373863171074333 ) ) ;
#2930 = CARTESIAN_POINT ( 'NONE',  ( 579.3943388282455089, 8.427486380865129689, 22.99768395348295158 ) ) ;
#2931 = CARTESIAN_POINT ( 'NONE',  ( 734.5330807833967128, 32.41895665993872200, -18.18643403533016922 ) ) ;
#2932 = CARTESIAN_POINT ( 'NONE',  ( 1252.811170239954436, 568.7581053593651177, 55.44813968048649144 ) ) ;
#2933 = CARTESIAN_POINT ( 'NONE',  ( 1374.776142805251084, 944.2203449994583480, 76.00884816504937191 ) ) ;
#2934 = CARTESIAN_POINT ( 'NONE',  ( 1110.075529112740469, 272.8864693456068267, -65.80405651323059146 ) ) ;
#2935 =( NAMED_UNIT ( * ) PLANE_ANGLE_UNIT ( ) SI_UNIT ( $, .RADIAN. ) );
#2936 = CARTESIAN_POINT ( 'NONE',  ( 1390.792206565970901, 919.0556724572952589, 54.90157300182053746 ) ) ;
#2937 = CARTESIAN_POINT ( 'NONE',  ( 1420.438205760397068, 756.9670895068420577, -76.45879191109449380 ) ) ;
#2938 = CARTESIAN_POINT ( 'NONE',  ( 1430.042260592827915, 962.4536058870062334, 4.760172093970965079 ) ) ;
#2939 = CARTESIAN_POINT ( 'NONE',  ( 1186.748135995381290, 420.3210274860954883, 14.26260218375761113 ) ) ;
#2940 = CARTESIAN_POINT ( 'NONE',  ( 1449.300512370639353, 827.1013122120228900, -79.81092662569793106 ) ) ;
#2941 = CARTESIAN_POINT ( 'NONE',  ( 1395.255943507162783, 980.2296835344105830, 54.53828740994024571 ) ) ;
#2942 = CARTESIAN_POINT ( 'NONE',  ( 1400.102535948695959, 972.8686588822822614, 45.56368413435135523 ) ) ;
#2943 = CARTESIAN_POINT ( 'NONE',  ( 676.5486631087339902, 20.30965863865951349, -33.42247474706985599 ) ) ;
#2944 = CARTESIAN_POINT ( 'NONE',  ( 1331.337723128156540, 673.1332587709140398, 30.27916886617170178 ) ) ;
#2945 = CARTESIAN_POINT ( 'NONE',  ( 1168.362797976242064, 473.0068176005156033, 99.80284030197053369 ) ) ;
#2946 = CARTESIAN_POINT ( 'NONE',  ( 1091.478472596821575, 339.3970740679250753, 68.97324100423706739 ) ) ;
#2947 = CARTESIAN_POINT ( 'NONE',  ( 1449.344708002194238, 898.0807593404859972, -58.44931099724053780 ) ) ;
#2948 = CARTESIAN_POINT ( 'NONE',  ( 560.0000000000000000, -5.687883395332717917, -23.75190849988878838 ) ) ;
#2949 = CARTESIAN_POINT ( 'NONE',  ( 1139.652899971548777, 378.7461499249671988, 52.61751644351743806 ) ) ;
#2950 = CARTESIAN_POINT ( 'NONE',  ( 579.4179769767970356, 5.269897732195082618, -0.8259637253693076220 ) ) ;
#2951 = CARTESIAN_POINT ( 'NONE',  ( 1449.053110292510837, 934.3783961263444553, -37.81864294993355458 ) ) ;
#2952 = CARTESIAN_POINT ( 'NONE',  ( 791.7899476837098973, 53.05508530747467688, -33.64884293004459437 ) ) ;
#2953 = CARTESIAN_POINT ( 'NONE',  ( 1168.421578612655821, 472.8334134898102548, 95.53137701181222496 ) ) ;
#2954 = CARTESIAN_POINT ( 'NONE',  ( 1428.634073912575332, 929.5351387276963351, -10.59563017237015892 ) ) ;
#2955 = CARTESIAN_POINT ( 'NONE',  ( 1168.916565009012174, 471.4128955553119340, 90.86966574139913178 ) ) ;
#2956 = CARTESIAN_POINT ( 'NONE',  ( 1162.122824354205250, 307.1275597672211006, -91.00480416341912360 ) ) ;
#2957 = CARTESIAN_POINT ( 'NONE',  ( 1048.867710721561025, 275.5687239266241590, 31.29884609723044520 ) ) ;
#2958 = CARTESIAN_POINT ( 'NONE',  ( 1409.458596222466213, 992.8515472715346277, 41.86688568622135165 ) ) ;
#2959 = CARTESIAN_POINT ( 'NONE',  ( 1242.203779284933262, 439.5591762263213127, -50.09340232397745751 ) ) ;
#2960 = CARTESIAN_POINT ( 'NONE',  ( 1172.882202755308072, 460.0504745413886099, 74.23495512970600885 ) ) ;
#2961 = CARTESIAN_POINT ( 'NONE',  ( 734.6001801069861585, 31.40112331248490207, -23.96974544458065992 ) ) ;
#2962 = CARTESIAN_POINT ( 'NONE',  ( 1269.204970206206099, 671.1249295955751677, 112.1383486357954240 ) ) ;
#2963 = CARTESIAN_POINT ( 'NONE',  ( 1432.378800568085580, 853.6975116147013978, -43.89712828961129532 ) ) ;
#2964 = CARTESIAN_POINT ( 'NONE',  ( 848.1291644395003004, 79.41805965491631980, -53.38305702103943418 ) ) ;
#2965 = CARTESIAN_POINT ( 'NONE',  ( 1370.356244674505433, 595.2610341236971863, -101.4954020551122795 ) ) ;
#2966 = CARTESIAN_POINT ( 'NONE',  ( 579.4160415922087850, 5.535279052289294732, 0.3299126836214054115 ) ) ;
#2967 = CARTESIAN_POINT ( 'NONE',  ( 1394.181261607895749, 981.8629735537795113, 61.76808644696243533 ) ) ;
#2968 = CARTESIAN_POINT ( 'NONE',  ( 1433.966375459416668, 851.2075191123823288, -35.67550057545629727 ) ) ;
#2969 = CARTESIAN_POINT ( 'NONE',  ( 1413.344025418711681, 987.1135481069528623, 29.71974055813735305 ) ) ;
#2970 = CARTESIAN_POINT ( 'NONE',  ( 1130.562276632871999, 407.6649926792961764, 79.40497805213804838 ) ) ;
#2971 = CARTESIAN_POINT ( 'NONE',  ( 618.5989044325939403, 7.157794909850958121, -24.30403140136183637 ) ) ;
#2972 = CARTESIAN_POINT ( 'NONE',  ( 1430.624378385469981, 961.5939347312186101, -3.341294484570489498 ) ) ;
#2973 = CARTESIAN_POINT ( 'NONE',  ( 1001.281477297686365, 224.7126403460474080, 39.79012138851211944 ) ) ;
#2974 = CARTESIAN_POINT ( 'NONE',  ( 1324.594532646201969, 551.0171013779807936, -71.14625803372804569 ) ) ;
#2975 = CARTESIAN_POINT ( 'NONE',  ( 1271.562075456374032, 524.4130556720967888, 9.683095607526531978 ) ) ;
#2976 = CARTESIAN_POINT ( 'NONE',  ( 1049.680603097824815, 272.2717435004902313, 25.44414799784157566 ) ) ;
#2977 = CARTESIAN_POINT ( 'NONE',  ( 1113.393757556307264, 261.0752016388514676, -71.78115814602568889 ) ) ;
#2978 = CARTESIAN_POINT ( 'NONE',  ( 732.3786519108926996, 64.27304122424902744, 36.27365040977086608 ) ) ;
#2979 = CARTESIAN_POINT ( 'NONE',  ( 997.2631968174725898, 243.3961229700416879, 54.05373484258536365 ) ) ;
#2980 = CARTESIAN_POINT ( 'NONE',  ( 1111.512487245611283, 267.7526207851524873, -77.15347119712309620 ) ) ;
#2981 = CARTESIAN_POINT ( 'NONE',  ( 1265.715924748530369, 538.2461766336587061, 29.26244337368002491 ) ) ;
#2982 = CARTESIAN_POINT ( 'NONE',  ( 579.3816669055875082, 10.19347511145369367, 25.67313004009848143 ) ) ;
#2983 = CARTESIAN_POINT ( 'NONE',  ( 1399.137059985219821, 974.3360741789084614, 53.51918451588765180 ) ) ;
#2984 = CARTESIAN_POINT ( 'NONE',  ( 902.4164286905050858, 116.6847864172101481, -52.71707484901293128 ) ) ;
#2985 = CARTESIAN_POINT ( 'NONE',  ( 560.0000000000001137, -6.896501067611391811, 0.6199579403402791788 ) ) ;
#2986 = CARTESIAN_POINT ( 'NONE',  ( 1256.585841250209342, 559.8476328791699643, 57.89296512472000700 ) ) ;
#2987 = CARTESIAN_POINT ( 'NONE',  ( 1269.993407192379436, 528.0926291640084855, -3.967683957428568498 ) ) ;
#2988 = CARTESIAN_POINT ( 'NONE',  ( 1207.005517484421262, 362.3141399739754434, -70.54569520671563509 ) ) ;
#2989 = CARTESIAN_POINT ( 'NONE',  ( 791.8005139496624452, 52.93594716850427062, -35.34768371822329414 ) ) ;
#2990 = CARTESIAN_POINT ( 'NONE',  ( 1414.231805866824061, 985.8024745517982410, 28.09307702844644439 ) ) ;
#2991 = CARTESIAN_POINT ( 'NONE',  ( 1297.024792041950604, 741.5775845734336826, 108.0453331817864608 ) ) ;
#2992 = CARTESIAN_POINT ( 'NONE',  ( 1273.671086975107301, 519.3881467384321695, -17.43401251842367827 ) ) ;
#2993 = CARTESIAN_POINT ( 'NONE',  ( 995.5666454563421439, 251.3141742443870612, 67.82438342255386488 ) ) ;
#2994 = CARTESIAN_POINT ( 'NONE',  ( 903.2170531446129189, 111.4511913154025535, -60.42141821219822617 ) ) ;
#2995 = CARTESIAN_POINT ( 'NONE',  ( 675.9643658311729268, 34.29012222776563590, 13.01430063981141672 ) ) ;
#2996 = CARTESIAN_POINT ( 'NONE',  ( 948.9983896794524298, 191.2607694998638692, 49.77240946384385722 ) ) ;
#2997 = CARTESIAN_POINT ( 'NONE',  ( 955.0223628854892013, 158.2511895955487660, -36.85215874010587100 ) ) ;
#2998 = CARTESIAN_POINT ( 'NONE',  ( 1378.349976920604604, 938.6045808748642685, 69.27735374310871919 ) ) ;
#2999 = CARTESIAN_POINT ( 'NONE',  ( 1346.386621747986283, 883.3539743086028011, 105.0393822976675438 ) ) ;
#3000 = CARTESIAN_POINT ( 'NONE',  ( 560.0000000000004547, -1.416756463786561726, -13.44456388985191531 ) ) ;
#3001 = CARTESIAN_POINT ( 'NONE',  ( 1162.667469892399595, 305.4077454082562326, -89.17071625223532294 ) ) ;
#3002 = CARTESIAN_POINT ( 'NONE',  ( 848.2150222738744105, 78.74723898300662484, -51.10617362378754081 ) ) ;
#3003 = CARTESIAN_POINT ( 'NONE',  ( 733.2322051339758673, 51.52640746773501235, 0.6928937880290612084 ) ) ;
#3004 = CARTESIAN_POINT ( 'NONE',  ( 1207.695995398661580, 529.1587428389545948, 96.44378738326268774 ) ) ;
#3005 = CARTESIAN_POINT ( 'NONE',  ( 1158.356969280059275, 319.1752491722241984, -44.87343700419203429 ) ) ;
#3006 = CARTESIAN_POINT ( 'NONE',  ( 675.8379639122329081, 37.33868765716056970, 22.63692898334381454 ) ) ;
#3007 = CARTESIAN_POINT ( 'NONE',  ( 1375.543174777606737, 715.0978479575368283, -10.74255392735525305 ) ) ;
#3008 = CARTESIAN_POINT ( 'NONE',  ( 1170.313306477710967, 467.4099726830608006, 84.01778243761044962 ) ) ;
#3009 = CARTESIAN_POINT ( 'NONE',  ( 1362.587764805366078, 610.7533991907490645, -82.78087862293419619 ) ) ;
#3010 = CARTESIAN_POINT ( 'NONE',  ( 1451.490033271994889, 930.7795499463766191, -49.68873859056192543 ) ) ;
#3011 = CARTESIAN_POINT ( 'NONE',  ( 1407.932105672570970, 960.9779957523545590, 38.04662888132224907 ) ) ;
#3012 = CARTESIAN_POINT ( 'NONE',  ( 1325.369525108910466, 549.3363424170343023, -74.18078515049731436 ) ) ;
#3013 = CARTESIAN_POINT ( 'NONE',  ( 1152.583325354373983, 337.5733259647293494, -8.773825500340464600 ) ) ;
#3014 = CARTESIAN_POINT ( 'NONE',  ( 949.9635455599101306, 185.9199411037087373, 24.07386116457410807 ) ) ;
#3015 = CARTESIAN_POINT ( 'NONE',  ( 1011.543945599896915, 176.8090720037123162, -65.96830515527290117 ) ) ;
#3016 = CARTESIAN_POINT ( 'NONE',  ( 1011.466472733514138, 177.1753230134717683, -63.08219166244288800 ) ) ;
#3017 = CARTESIAN_POINT ( 'NONE',  ( 1088.150247691259665, 351.2620459592209272, 74.42396895303419058 ) ) ;
#3018 = CARTESIAN_POINT ( 'NONE',  ( 1333.474470281318418, 792.5176250405403380, 77.97677542560649044 ) ) ;
#3019 = CARTESIAN_POINT ( 'NONE',  ( 579.4640698672891403, -1.113614528179016627, -24.21369001216411831 ) ) ;
#3020 = CARTESIAN_POINT ( 'NONE',  ( 676.5167708042173444, 21.44664628796246575, 6.440807941838967210 ) ) ;
#3021 = CARTESIAN_POINT ( 'NONE',  ( 618.3939631449344461, 19.59158551799072256, 30.63596481349540568 ) ) ;
#3022 = CARTESIAN_POINT ( 'NONE',  ( 1248.137766035124969, 579.8336324610307884, 82.56689698940878941 ) ) ;
#3023 = CARTESIAN_POINT ( 'NONE',  ( 560.0000000000003411, -3.472156389742797167, -20.29667036471265007 ) ) ;
#3024 = CARTESIAN_POINT ( 'NONE',  ( 1378.713964081502127, 828.1919849088203591, 40.33405194634466540 ) ) ;
#3025 = CARTESIAN_POINT ( 'NONE',  ( 1428.720225516244454, 964.4059863787995255, 0.4385935192094709834 ) ) ;
#3026 = CARTESIAN_POINT ( 'NONE',  ( 676.8790874232284978, 12.72148196978765178, -26.16414941079726120 ) ) ;
#3027 = CARTESIAN_POINT ( 'NONE',  ( 1291.658422976562861, 476.8411913221296459, -74.16866304566309509 ) ) ;
#3028 = CARTESIAN_POINT ( 'NONE',  ( 1250.833422776864154, 573.4385945211540729, 61.91379189714260889 ) ) ;
#3029 = CARTESIAN_POINT ( 'NONE',  ( 895.0732658417258563, 164.8973798895190157, 62.11987894972517665 ) ) ;
#3030 = CARTESIAN_POINT ( 'NONE',  ( 559.9999999999997726, -9.192962782178062398, -20.36802695151126485 ) ) ;
#3031 = CARTESIAN_POINT ( 'NONE',  ( 560.0000000000001137, 1.364431941895722700, -0.7406696423584294697 ) ) ;
#3032 = CARTESIAN_POINT ( 'NONE',  ( 1086.971905337962198, 355.4786667689866704, 84.71569886555039375 ) ) ;
#3033 = CARTESIAN_POINT ( 'NONE',  ( 1302.255276296397597, 731.1477329299711982, 101.0023928481859770 ) ) ;
#3034 = CARTESIAN_POINT ( 'NONE',  ( 1402.162322703337395, 666.0795070027801330, -105.9051524758594098 ) ) ;
#3035 = CARTESIAN_POINT ( 'NONE',  ( 1412.614403404729501, 953.8656423034199179, 21.79855144936439260 ) ) ;
#3036 = CARTESIAN_POINT ( 'NONE',  ( 788.7577995702584985, 85.11158571759442282, 38.03406417447670407 ) ) ;
#3037 = CARTESIAN_POINT ( 'NONE',  ( 1406.822967243286712, 780.2088289938665184, -39.20506687158005832 ) ) ;
#3038 = CARTESIAN_POINT ( 'NONE',  ( 1305.237826512794300, 725.1900933501657391, 84.09727688192580786 ) ) ;
#3039 = CARTESIAN_POINT ( 'NONE',  ( 1347.123077426160535, 882.0976994993327480, 103.9492368886988487 ) ) ;
#3040 = CARTESIAN_POINT ( 'NONE',  ( 1383.405490297300730, 700.6101533785569018, -48.90992124906371430 ) ) ;
#3041 = CARTESIAN_POINT ( 'NONE',  ( 1253.958361584580643, 409.0561191222095658, -99.59513292175779497 ) ) ;
#3042 = CARTESIAN_POINT ( 'NONE',  ( 1295.954811104353894, 466.6570683068892436, -102.3951508297232493 ) ) ;
#3043 = CARTESIAN_POINT ( 'NONE',  ( 1302.567771048313261, 598.7824982819032584, 5.268371594232750255 ) ) ;
#3044 = CARTESIAN_POINT ( 'NONE',  ( 1404.376155723427019, 1000.357291904771159, 50.13504385157526855 ) ) ;
#3045 = CARTESIAN_POINT ( 'NONE',  ( 998.3755527640154241, 238.2052567295266670, 44.91623571586872998 ) ) ;
#3046 = CARTESIAN_POINT ( 'NONE',  ( 1430.911095709672963, 926.0778670244309296, -6.609800061092952816 ) ) ;
#3047 = CARTESIAN_POINT ( 'NONE',  ( 675.7017583063648090, 40.62033341472082526, 32.03833677760546550 ) ) ;
#3048 = CARTESIAN_POINT ( 'NONE',  ( 1445.812391247590540, 903.4453212278862111, -49.67457181219047158 ) ) ;
#3049 = CARTESIAN_POINT ( 'NONE',  ( 1428.218130310152674, 965.1474802338091195, 1.429576036665695327 ) ) ;
#3050 = CARTESIAN_POINT ( 'NONE',  ( 951.0952483163307534, 179.8194420145252934, 33.54103349175948523 ) ) ;
#3051 = CARTESIAN_POINT ( 'NONE',  ( 955.8029844278878500, 153.9835347501920921, -47.59308426496823330 ) ) ;
#3052 = CARTESIAN_POINT ( 'NONE',  ( 1372.931525106647996, 719.9049914146009996, -3.879747623254871769 ) ) ;
#3053 = CARTESIAN_POINT ( 'NONE',  ( 1414.348622590110608, 951.2317207524039304, 18.40080769427392582 ) ) ;
#3054 = CARTESIAN_POINT ( 'NONE',  ( 1011.600339881795662, 176.5427541073116799, -67.62334846768429486 ) ) ;
#3055 = CARTESIAN_POINT ( 'NONE',  ( 895.1908029747753517, 164.1069720151157867, 55.43405434673702814 ) ) ;
#3056 = CARTESIAN_POINT ( 'NONE',  ( 618.3862799620997066, 19.79703097994881844, 24.19744243618537283 ) ) ;
#3057 = CARTESIAN_POINT ( 'NONE',  ( 791.0699684216964442, 60.51715864012265911, -44.79226035111008741 ) ) ;
#3058 = CARTESIAN_POINT ( 'NONE',  ( 618.3981775364758278, 19.35236190304214787, 30.23895520915218782 ) ) ;
#3059 = CARTESIAN_POINT ( 'NONE',  ( 1380.610480172247435, 935.0542001371244396, 73.42125666463772404 ) ) ;
#3060 = CARTESIAN_POINT ( 'NONE',  ( 1110.660860258849652, 270.7950664197223318, -70.06453464922095975 ) ) ;
#3061 = CARTESIAN_POINT ( 'NONE',  ( 1098.763986259669537, 313.3807435419670924, 34.00629207003817811 ) ) ;
#3062 = CARTESIAN_POINT ( 'NONE',  ( 560.0000000000000000, -0.9731285463206217345, 13.05362368940318163 ) ) ;
#3063 = CARTESIAN_POINT ( 'NONE',  ( 676.8648799223004744, 13.01224744866707006, -29.93475467430796755 ) ) ;
#3064 = CARTESIAN_POINT ( 'NONE',  ( 848.1541017216957243, 79.30617303324682155, -35.53926663350416248 ) ) ;
#3065 = CARTESIAN_POINT ( 'NONE',  ( 1367.217220541777124, 847.8032104634100961, 53.31708030103069973 ) ) ;
#3066 = CARTESIAN_POINT ( 'NONE',  ( 732.3224515377467014, 65.15325992834596036, 43.16231766955169036 ) ) ;
#3067 = CARTESIAN_POINT ( 'NONE',  ( 1365.086113938802328, 734.3326799471750519, 0.9058630248716799116 ) ) ;
#3068 = CARTESIAN_POINT ( 'NONE',  ( 1297.024792041950604, 741.5775845734336826, 108.0453331817864608 ) ) ;
#3069 = CARTESIAN_POINT ( 'NONE',  ( 560.0000000000003411, 3.561674413216058266, 20.25027283838997505 ) ) ;
#3070 = CARTESIAN_POINT ( 'NONE',  ( 1161.422190650765060, 309.3514803027011340, -89.52917750299657484 ) ) ;
#3071 = CARTESIAN_POINT ( 'NONE',  ( 1385.001480868590761, 928.1546686188397643, 65.54239734487995861 ) ) ;
#3072 = CARTESIAN_POINT ( 'NONE',  ( 1153.363658367855351, 335.0215812956558921, -39.56457382685179169 ) ) ;
#3073 = CARTESIAN_POINT ( 'NONE',  ( 1129.414135562536330, 411.3369753252525243, 93.54987532550143214 ) ) ;
#3074 = CARTESIAN_POINT ( 'NONE',  ( 790.2699291944389870, 68.96731155297332805, -20.88183140105494218 ) ) ;
#3075 = CARTESIAN_POINT ( 'NONE',  ( 1113.995326465728112, 258.9068439126518228, -84.08725799284998459 ) ) ;
#3076 = CARTESIAN_POINT ( 'NONE',  ( 734.4842389246379071, 32.96137523255463719, -41.63009840496604141 ) ) ;
#3077 = CARTESIAN_POINT ( 'NONE',  ( 1099.764304681815247, 309.7485207702912930, 6.769300054809857414 ) ) ;
#3078 = CARTESIAN_POINT ( 'NONE',  ( 1090.104089894952040, 344.3040883138948516, 75.05955777678698837 ) ) ;
#3079 = CARTESIAN_POINT ( 'NONE',  ( 1364.205342913339337, 735.9539269138841746, 3.176005808356695770 ) ) ;
#3080 = CARTESIAN_POINT ( 'NONE',  ( 1092.181250032270327, 336.8549073240409371, 52.47785754433427741 ) ) ;
#3081 = CARTESIAN_POINT ( 'NONE',  ( 676.7871432903646109, 15.00782537869568323, -9.979925332373870361 ) ) ;
#3082 = CARTESIAN_POINT ( 'NONE',  ( 1043.029504612019082, 299.2450699996200001, 70.44085631877710796 ) ) ;
#3083 = CARTESIAN_POINT ( 'NONE',  ( 1360.308984080690834, 615.3014508472592752, -74.77277472901967315 ) ) ;
#3084 = CARTESIAN_POINT ( 'NONE',  ( 1184.027756731847376, 428.1534783484618174, 44.39216887703537395 ) ) ;
#3085 = CARTESIAN_POINT ( 'NONE',  ( 846.7460960280869813, 90.60765826806728285, -39.23708328244105559 ) ) ;
#3086 = CARTESIAN_POINT ( 'NONE',  ( 901.6205331836272308, 122.0523512294785320, -2.711330518020033331 ) ) ;
#3087 = CARTESIAN_POINT ( 'NONE',  ( 1291.249227174072075, 623.3242438753549095, 40.31271981363664025 ) ) ;
#3088 = CARTESIAN_POINT ( 'NONE',  ( 579.4951621774720252, -5.469561951575064640, -25.06795246363893526 ) ) ;
#3089 = CARTESIAN_POINT ( 'NONE',  ( 1087.906023080811565, 352.1349431587539698, 75.65300854521085228 ) ) ;
#3090 = CC_DESIGN_DATE_AND_TIME_ASSIGNMENT ( #1485, #2643, ( #6610 ) ) ;
#3091 = CARTESIAN_POINT ( 'NONE',  ( 1407.522145915994543, 995.7112957522228953, 40.20028688569310305 ) ) ;
#3092 = CARTESIAN_POINT ( 'NONE',  ( 847.1982524344778085, 86.93850389233965359, -48.41015325574071682 ) ) ;
#3093 = CARTESIAN_POINT ( 'NONE',  ( 618.4034295238951700, 19.05307431507264937, 29.73773132008914999 ) ) ;
#3094 = CARTESIAN_POINT ( 'NONE',  ( 1313.064476054892339, 709.5865017290462902, 76.20329504452369918 ) ) ;
#3095 = CARTESIAN_POINT ( 'NONE',  ( 1422.300148157362628, 753.7885911574724105, -81.70738871696092076 ) ) ;
#3096 = CARTESIAN_POINT ( 'NONE',  ( 1397.983806096326362, 907.7542406006642750, 41.29582913099137187 ) ) ;
#3097 = CARTESIAN_POINT ( 'NONE',  ( 1100.904275241231062, 305.6733101862648709, -0.5107796315996194769 ) ) ;
#3098 = CARTESIAN_POINT ( 'NONE',  ( 1251.225160669381012, 416.1679770390446151, -76.74036045864706068 ) ) ;
#3099 = CARTESIAN_POINT ( 'NONE',  ( 579.5050638068792068, -6.895666274398283058, -21.32643244577124975 ) ) ;
#3100 = CARTESIAN_POINT ( 'NONE',  ( 948.9793380113529793, 191.3025972834230402, 34.73454688249275080 ) ) ;
#3101 = CARTESIAN_POINT ( 'NONE',  ( 1367.834179094000319, 600.2993564548162340, -88.86412596135551212 ) ) ;
#3102 = CARTESIAN_POINT ( 'NONE',  ( 789.5833850467083721, 76.24890631026534038, -0.1578904482749911853 ) ) ;
#3103 = CARTESIAN_POINT ( 'NONE',  ( 1238.304003825545124, 603.0925058900807016, 106.2470343478352959 ) ) ;
#3104 = CARTESIAN_POINT ( 'NONE',  ( 732.7109213990823946, 59.42773416983186507, 36.01771574567776213 ) ) ;
#3105 = CARTESIAN_POINT ( 'NONE',  ( 1252.587216667607663, 412.6030696919044090, -99.59034350719932149 ) ) ;
#3106 = CARTESIAN_POINT ( 'NONE',  ( 1281.244855740534149, 645.0294181820851236, 81.70841853903441176 ) ) ;
#3107 = CARTESIAN_POINT ( 'NONE',  ( 559.9999999999998863, -0.7269221113043411453, -10.33529889889683417 ) ) ;
#3108 = CARTESIAN_POINT ( 'NONE',  ( 1043.027959024014308, 299.2731715235374281, 79.35852257355463735 ) ) ;
#3109 = CARTESIAN_POINT ( 'NONE',  ( 1437.442106638723772, 916.1577273846351090, -29.82269576364690522 ) ) ;
#3110 = CARTESIAN_POINT ( 'NONE',  ( 791.5923446497395162, 55.02565587013926773, -47.99232301480569873 ) ) ;
#3111 = CARTESIAN_POINT ( 'NONE',  ( 1254.001918859934449, 408.9420680812440878, -100.4688050462586659 ) ) ;
#3112 = CARTESIAN_POINT ( 'NONE',  ( 1143.998218823529896, 364.8617267042207004, 13.29847066014699664 ) ) ;
#3113 = CARTESIAN_POINT ( 'NONE',  ( 560.0000000000001137, 2.892909656856245793, 19.28347580720778609 ) ) ;
#3114 = CARTESIAN_POINT ( 'NONE',  ( 1362.925957204082351, 855.1263488304591647, 62.55831675241914525 ) ) ;
#3115 = CARTESIAN_POINT ( 'NONE',  ( 1280.800454137462793, 502.5501698378699302, -23.89786054002987115 ) ) ;
#3116 = CARTESIAN_POINT ( 'NONE',  ( 1130.258005244763808, 408.6342890612875181, 80.70367784054319316 ) ) ;
#3117 = CARTESIAN_POINT ( 'NONE',  ( 955.9091651206008464, 153.4032527385249978, -49.08202479454672584 ) ) ;
#3118 = CARTESIAN_POINT ( 'NONE',  ( 1185.503885389817242, 423.9261150097642599, 38.60071113979027757 ) ) ;
#3119 = CARTESIAN_POINT ( 'NONE',  ( 1443.831506170220109, 906.4537961610622006, -44.85637484707036293 ) ) ;
#3120 = CARTESIAN_POINT ( 'NONE',  ( 1197.948482128087562, 388.2800240051853393, -15.41948690159704149 ) ) ;
#3121 = CARTESIAN_POINT ( 'NONE',  ( 1378.491978438244132, 828.5620150163889548, 28.38270853197270682 ) ) ;
#3122 = CARTESIAN_POINT ( 'NONE',  ( 791.7189877185199975, 53.71817768363423085, -46.47982611890574844 ) ) ;
#3123 = CARTESIAN_POINT ( 'NONE',  ( 1043.219935228528357, 298.4726683066908208, 69.26331911061366498 ) ) ;
#3124 = CARTESIAN_POINT ( 'NONE',  ( 1211.145542527507814, 520.1943936853832611, 74.89272825299285330 ) ) ;
#3125 = CARTESIAN_POINT ( 'NONE',  ( 1329.745893409037535, 539.8457089439140191, -91.34230310371330575 ) ) ;
#3126 = CARTESIAN_POINT ( 'NONE',  ( 1297.274164212665028, 741.0835679986454352, 112.9341207624878365 ) ) ;
#3127 = CARTESIAN_POINT ( 'NONE',  ( 1386.456700057110538, 925.8680733512088636, 62.89646244330908331 ) ) ;
#3128 = CARTESIAN_POINT ( 'NONE',  ( 956.6026066466821476, 149.6162697756336968, -57.84288902877862881 ) ) ;
#3129 = CARTESIAN_POINT ( 'NONE',  ( 1417.993172888782283, 980.2476903208736303, 27.15466579439802786 ) ) ;
#3130 = CARTESIAN_POINT ( 'NONE',  ( 1146.152653385217036, 357.9975160718597067, 1.696307416778281230 ) ) ;
#3131 = CARTESIAN_POINT ( 'NONE',  ( 579.5035565994983244, -6.677128896587442242, -22.18390026968809536 ) ) ;
#3132 = CARTESIAN_POINT ( 'NONE',  ( 1062.798621210832152, 219.1372634852838530, -58.12053669008044210 ) ) ;
#3133 = CARTESIAN_POINT ( 'NONE',  ( 998.9228058540568327, 235.6512363378972736, 40.30380393721382148 ) ) ;
#3134 = CARTESIAN_POINT ( 'NONE',  ( 1208.103847687733605, 359.1284088220729132, -94.87777386047827122 ) ) ;
#3135 = CARTESIAN_POINT ( 'NONE',  ( 1293.274592020409727, 473.0118695028975253, -83.71680504500071152 ) ) ;
#3136 = CARTESIAN_POINT ( 'NONE',  ( 1297.485497031227396, 740.6577024513276228, 105.3322756741198134 ) ) ;
#3137 = CARTESIAN_POINT ( 'NONE',  ( 896.2045680855667342, 157.5056797318405017, 53.50685626077598300 ) ) ;
#3138 = CARTESIAN_POINT ( 'NONE',  ( 1160.537332357008381, 312.1659183500833024, -86.52308105220423329 ) ) ;
#3139 = CARTESIAN_POINT ( 'NONE',  ( 579.4206186641847580, 4.761309809134983695, 17.47212886608639693 ) ) ;
#3140 = CARTESIAN_POINT ( 'NONE',  ( 790.2699291944389870, 68.96731155297332805, -20.88183140105494218 ) ) ;
#3141 = CARTESIAN_POINT ( 'NONE',  ( 1416.078304218765879, 764.4229630769242476, -50.36321951621037840 ) ) ;
#3142 = CARTESIAN_POINT ( 'NONE',  ( 895.2953263452449164, 163.4540849714804835, 61.47138339996125467 ) ) ;
#3143 = CARTESIAN_POINT ( 'NONE',  ( 1241.493589553096399, 441.4033712484324496, -46.73423777565598414 ) ) ;
#3144 = CARTESIAN_POINT ( 'NONE',  ( 1063.575646095896445, 215.9511168103612420, -78.06477522286336068 ) ) ;
#3145 = CARTESIAN_POINT ( 'NONE',  ( 1209.391065222046109, 355.4584340265373044, -94.56613915723877994 ) ) ;
#3146 = CARTESIAN_POINT ( 'NONE',  ( 579.4082767940317353, 6.598837256894936942, 4.949912905933834040 ) ) ;
#3147 = CARTESIAN_POINT ( 'NONE',  ( 1294.931869553541901, 469.0823510832979082, -95.04096682488355441 ) ) ;
#3148 = CARTESIAN_POINT ( 'NONE',  ( 896.2045680855667342, 157.5056797318405017, 53.50685626077598300 ) ) ;
#3149 = CARTESIAN_POINT ( 'NONE',  ( 1384.023129130725692, 929.6899406989134604, 58.41678870717026228 ) ) ;
#3150 = CARTESIAN_POINT ( 'NONE',  ( 1007.974766522396862, 193.5107893301492084, -11.99442744930465388 ) ) ;
#3151 = ORGANIZATION ( 'UNSPECIFIED', 'UNSPECIFIED', '' ) ;
#3152 = CARTESIAN_POINT ( 'NONE',  ( 1271.134448266403069, 666.9350650579934836, 97.33179381802909802 ) ) ;
#3153 = CARTESIAN_POINT ( 'NONE',  ( 1203.421778397906792, 372.5396504985308184, -70.60970789046461960 ) ) ;
#3154 = CARTESIAN_POINT ( 'NONE',  ( 899.0352206471330874, 138.9841678851990991, 27.18492853830174028 ) ) ;
#3155 = CARTESIAN_POINT ( 'NONE',  ( 1441.210028836542733, 910.4351454512511737, -38.58536935952793101 ) ) ;
#3156 = CARTESIAN_POINT ( 'NONE',  ( 901.9067631357448818, 120.1760466333278004, -6.580653023271255897 ) ) ;
#3157 = CARTESIAN_POINT ( 'NONE',  ( 1255.751103592618847, 561.8004024206342137, 45.69429808333052989 ) ) ;
#3158 = CARTESIAN_POINT ( 'NONE',  ( 1253.038285034969249, 411.4505560982796055, -91.22031167255020989 ) ) ;
#3159 = CARTESIAN_POINT ( 'NONE',  ( 895.7205536504031897, 160.6294152105057265, 48.91705904301942809 ) ) ;
#3160 = CARTESIAN_POINT ( 'NONE',  ( 956.5122766741574196, 150.1089584069914906, -56.75567410879499164 ) ) ;
#3161 = CARTESIAN_POINT ( 'NONE',  ( 1239.149165376720021, 601.0971793705496111, 107.9335242633152916 ) ) ;
#3162 = CARTESIAN_POINT ( 'NONE',  ( 897.3798372451115029, 149.8172020696335949, 43.19067329697554669 ) ) ;
#3163 = CARTESIAN_POINT ( 'NONE',  ( 733.9767764730994486, 40.43073331118046809, -34.54421953610003015 ) ) ;
#3164 = CARTESIAN_POINT ( 'NONE',  ( 1002.239002972110711, 220.2508679067876187, 33.29075688530489430 ) ) ;
#3165 = CARTESIAN_POINT ( 'NONE',  ( 1422.567398799486682, 938.7491175560849115, 1.922500123458268373 ) ) ;
#3166 = CARTESIAN_POINT ( 'NONE',  ( 1063.397562088124459, 216.6891420618064785, -71.35104881085236173 ) ) ;
#3167 = CARTESIAN_POINT ( 'NONE',  ( 1398.641127558960306, 672.5716460548134137, -84.00770599067608657 ) ) ;
#3168 = CARTESIAN_POINT ( 'NONE',  ( 1332.062497865101705, 795.1163874701934446, 81.23264993714286675 ) ) ;
#3169 = CARTESIAN_POINT ( 'NONE',  ( 1062.991894741979422, 218.3491879657605352, -61.44613890278998269 ) ) ;
#3170 = CARTESIAN_POINT ( 'NONE',  ( 579.3854427382340191, 9.728986786409963727, 17.76356434630523751 ) ) ;
#3171 = CARTESIAN_POINT ( 'NONE',  ( 1294.667131165765568, 469.6919979253502220, -103.6025996405679876 ) ) ;
#3172 = CARTESIAN_POINT ( 'NONE',  ( 1450.445501993949847, 932.3221130193593353, -41.73366496023670891 ) ) ;
#3173 = CARTESIAN_POINT ( 'NONE',  ( 1204.922408937777845, 536.3512052308514058, 100.3546778447094141 ) ) ;
#3174 = CARTESIAN_POINT ( 'NONE',  ( 1353.617537659648860, 871.0162929809414436, 90.96132972352582158 ) ) ;
#3175 = CARTESIAN_POINT ( 'NONE',  ( 957.4706428031606720, 144.8812823479557608, -66.12070547818100863 ) ) ;
#3176 = CARTESIAN_POINT ( 'NONE',  ( 676.1013766933230045, 31.27432588968635940, 24.04911980054709630 ) ) ;
#3177 = CARTESIAN_POINT ( 'NONE',  ( 954.5308876770909592, 160.9391714386754870, -30.19909260904868020 ) ) ;
#3178 = CARTESIAN_POINT ( 'NONE',  ( 1325.004431565194182, 550.1576653439159372, -53.64078852449991786 ) ) ;
#3179 = CARTESIAN_POINT ( 'NONE',  ( 579.3837409792653261, 9.904135286000629534, 25.19960605113660179 ) ) ;
#3180 = CARTESIAN_POINT ( 'NONE',  ( 954.3641756370273015, 161.8510173056966153, -27.98887657005215601 ) ) ;
#3181 = CARTESIAN_POINT ( 'NONE',  ( 1452.179208844153209, 822.5749229037822943, -91.03890218167069293 ) ) ;
#3182 = CARTESIAN_POINT ( 'NONE',  ( 618.7106858035522237, 0.9281876835960664041, -31.11025895883609138 ) ) ;
#3183 = CARTESIAN_POINT ( 'NONE',  ( 732.7109213990823946, 59.42773416983186507, 36.01771574567776213 ) ) ;
#3184 = CARTESIAN_POINT ( 'NONE',  ( 1134.135348571686563, 396.2832215611127822, 63.10919897253216959 ) ) ;
#3185 = CARTESIAN_POINT ( 'NONE',  ( 560.0000000000001137, -9.881325050959429035, -10.91009880574770285 ) ) ;
#3186 = CARTESIAN_POINT ( 'NONE',  ( 895.1908029747753517, 164.1069720151157867, 55.43405434673702814 ) ) ;
#3187 = CARTESIAN_POINT ( 'NONE',  ( 790.7427263235294959, 63.96145966508262859, -36.13600539072859874 ) ) ;
#3188 = CARTESIAN_POINT ( 'NONE',  ( 1098.763986259669537, 313.3807435419670924, 34.00629207003817811 ) ) ;
#3189 = CARTESIAN_POINT ( 'NONE',  ( 901.6230754718059188, 121.8835344297722401, -39.77319394016638654 ) ) ;
#3190 = CARTESIAN_POINT ( 'NONE',  ( 1408.758513877154428, 776.9182385128722217, -29.87532443521850212 ) ) ;
#3191 = CARTESIAN_POINT ( 'NONE',  ( 732.8433000302951541, 57.33685645426915301, 17.83595103518069891 ) ) ;
#3192 = CARTESIAN_POINT ( 'NONE',  ( 1276.444209881148709, 655.4235772082882931, 83.34590420372910557 ) ) ;
#3193 = CARTESIAN_POINT ( 'NONE',  ( 1249.110166871574393, 421.6263498375633958, -84.14262488152947128 ) ) ;
#3194 = CARTESIAN_POINT ( 'NONE',  ( 618.4204909713503184, 18.07985959813334276, 28.32861721292270119 ) ) ;
#3195 = CARTESIAN_POINT ( 'NONE',  ( 1177.166938093034560, 447.8000414072255921, 69.96529228809212952 ) ) ;
#3196 = CARTESIAN_POINT ( 'NONE',  ( 1110.265282286995671, 272.2083077482296858, -67.22630795898241729 ) ) ;
#3197 = CARTESIAN_POINT ( 'NONE',  ( 900.0617442437373938, 132.2637194123159361, 16.19143265608686022 ) ) ;
#3198 = CARTESIAN_POINT ( 'NONE',  ( 1421.888871018151804, 939.7796573839531220, 3.306181109327643419 ) ) ;
#3199 = CARTESIAN_POINT ( 'NONE',  ( 676.8601881043857702, 13.11551125127200024, -30.54981653477330639 ) ) ;
#3200 = CARTESIAN_POINT ( 'NONE',  ( 1354.246154696264057, 869.9383327940613526, 80.98505816480039243 ) ) ;
#3201 = CARTESIAN_POINT ( 'NONE',  ( 560.0000000000003411, -9.530794340837383416, -19.22632610178090218 ) ) ;
#3202 = CARTESIAN_POINT ( 'NONE',  ( 1310.418588844151827, 714.8537143029153640, 70.89626279258044406 ) ) ;
#3203 = CARTESIAN_POINT ( 'NONE',  ( 1112.847826186623479, 262.9853477788514624, -83.92440083466540557 ) ) ;
#3204 = CARTESIAN_POINT ( 'NONE',  ( 676.8491236831823699, 13.36036723077717880, -31.78085592439166263 ) ) ;
#3205 = CARTESIAN_POINT ( 'NONE',  ( 1401.034867716326517, 1005.291703735486067, 54.53917703085398472 ) ) ;
#3206 = CARTESIAN_POINT ( 'NONE',  ( 560.0000000000000000, 3.116731378835011501, 19.61693546048598691 ) ) ;
#3207 = CARTESIAN_POINT ( 'NONE',  ( 618.6411937999002930, 4.807517810787131474, -29.75912532032259605 ) ) ;
#3208 = ORIENTED_EDGE ( 'NONE', *, *, #7151, .F. ) ;
#3209 = CARTESIAN_POINT ( 'NONE',  ( 1364.111415482869461, 853.1106712251560111, 70.54914743002146338 ) ) ;
#3210 = CARTESIAN_POINT ( 'NONE',  ( 1405.106614093865346, 783.1384704286620035, -34.77584413697001509 ) ) ;
#3211 = CARTESIAN_POINT ( 'NONE',  ( 1358.367807112158061, 619.1987937720879245, -50.48201447011442866 ) ) ;
#3212 = CARTESIAN_POINT ( 'NONE',  ( 675.8141849448288667, 38.05275672024251321, 33.76124253512327300 ) ) ;
#3213 = CARTESIAN_POINT ( 'NONE',  ( 1152.221989435958221, 338.6594908170608846, -32.57166347900524528 ) ) ;
#3214 = CARTESIAN_POINT ( 'NONE',  ( 791.5537459089788399, 55.42896773379689535, -48.16563659423489696 ) ) ;
#3215 = CARTESIAN_POINT ( 'NONE',  ( 1253.844558382389323, 409.3470647336833395, -101.8582194933917009 ) ) ;
#3216 = CARTESIAN_POINT ( 'NONE',  ( 1375.517580710868970, 943.0565240808359704, 82.24365330896895898 ) ) ;
#3217 = CC_DESIGN_PERSON_AND_ORGANIZATION_ASSIGNMENT ( #800, #2574, ( #6136 ) ) ;
#3218 = CARTESIAN_POINT ( 'NONE',  ( 948.0029412390636026, 196.6420049417560563, 44.97562207226174991 ) ) ;
#3219 = CARTESIAN_POINT ( 'NONE',  ( 847.7107737570127028, 82.93972753066451276, -19.99703596845818510 ) ) ;
#3220 = CARTESIAN_POINT ( 'NONE',  ( 1168.300120580252269, 473.1854702697656876, 99.51154547608548739 ) ) ;
#3221 = CARTESIAN_POINT ( 'NONE',  ( 732.3150047553425566, 65.23113986825552502, 39.30529702513350543 ) ) ;
#3222 = CARTESIAN_POINT ( 'NONE',  ( 1203.144831668654888, 373.3333508104229281, -68.99201967870487806 ) ) ;
#3223 = CARTESIAN_POINT ( 'NONE',  ( 1424.829843024464026, 935.3140021048087647, 5.885560009200577980 ) ) ;
#3224 = CARTESIAN_POINT ( 'NONE',  ( 846.4458585753758371, 93.04958001879755614, -32.32534113970906731 ) ) ;
#3225 = CARTESIAN_POINT ( 'NONE',  ( 618.7594468710445881, -1.340019034188785207, -12.85877260408509848 ) ) ;
#3226 = CARTESIAN_POINT ( 'NONE',  ( 1290.132533237015195, 625.7454837994479249, 43.66580363587569025 ) ) ;
#3227 = CARTESIAN_POINT ( 'NONE',  ( 560.0000000000003411, 5.894382410505285996, 19.18284525733803392 ) ) ;
#3228 = CARTESIAN_POINT ( 'NONE',  ( 1445.156225513668232, 833.6133799315277884, -75.87259376536287903 ) ) ;
#3229 = CARTESIAN_POINT ( 'NONE',  ( 733.2525929644035614, 51.22183400687682564, -0.2369132192392001957 ) ) ;
#3230 = CARTESIAN_POINT ( 'NONE',  ( 1324.639404413717102, 808.7812206396426973, 107.1390435811018023 ) ) ;
#3231 = CARTESIAN_POINT ( 'NONE',  ( 1361.135057228551432, 858.1893127608891518, 76.44692553005407376 ) ) ;
#3232 = CARTESIAN_POINT ( 'NONE',  ( 733.9943151124945189, 40.17114571694813918, -35.22313731643126289 ) ) ;
#3233 = CARTESIAN_POINT ( 'NONE',  ( 1263.724599036240988, 542.9578034799211537, 35.70177101039513445 ) ) ;
#3234 = CARTESIAN_POINT ( 'NONE',  ( 560.0000000000001137, 1.812011523671260838, 1.338911852347765219 ) ) ;
#3235 = CARTESIAN_POINT ( 'NONE',  ( 1426.393821519545327, 746.8090138838110761, -84.12600822564773750 ) ) ;
#3236 = CARTESIAN_POINT ( 'NONE',  ( 1329.237089366183454, 800.3166373743180202, 87.90384065756833820 ) ) ;
#3237 = CARTESIAN_POINT ( 'NONE',  ( 1449.641668525017394, 933.5092137333891742, -39.45164731023079696 ) ) ;
#3238 = CARTESIAN_POINT ( 'NONE',  ( 1248.843134111138397, 578.1487192054506750, 68.37242314420637967 ) ) ;
#3239 = CARTESIAN_POINT ( 'NONE',  ( 1370.650968372372290, 594.6648475772807387, -108.9430514822977045 ) ) ;
#3240 = CARTESIAN_POINT ( 'NONE',  ( 903.7736710943712524, 107.8704846589203186, -51.83969540796504560 ) ) ;
#3241 = CARTESIAN_POINT ( 'NONE',  ( 1268.817847763648388, 671.9614681596075343, 110.3950248098907707 ) ) ;
#3242 = CARTESIAN_POINT ( 'NONE',  ( 788.5202795420528901, 87.61354963533817397, 41.50519541977723748 ) ) ;
#3243 = CARTESIAN_POINT ( 'NONE',  ( 1449.767916530239745, 897.4378748537774300, -59.51150640908758760 ) ) ;
#3244 = CARTESIAN_POINT ( 'NONE',  ( 1233.453141146568896, 462.3192320758220717, 9.358941876940360061 ) ) ;
#3245 = CARTESIAN_POINT ( 'NONE',  ( 1287.266886037530185, 631.9762339327220388, 65.86657858706811908 ) ) ;
#3246 = CARTESIAN_POINT ( 'NONE',  ( 1103.985559424839266, 294.6582198925301554, -20.64408172561580557 ) ) ;
#3247 = CARTESIAN_POINT ( 'NONE',  ( 1392.376880053414880, 684.1078330573063795, -60.99871879150818899 ) ) ;
#3248 = CARTESIAN_POINT ( 'NONE',  ( 996.3480206402066415, 247.6962989468634362, 70.12544193212485766 ) ) ;
#3249 = CARTESIAN_POINT ( 'NONE',  ( 1005.836040900346802, 203.3846644729894138, -23.07531672100733289 ) ) ;
#3250 = CARTESIAN_POINT ( 'NONE',  ( 1454.076162338433505, 926.9603563198245411, -53.97883111896504005 ) ) ;
#3251 = CARTESIAN_POINT ( 'NONE',  ( 1453.407327946694977, 891.9108308909370635, -66.48096050260259915 ) ) ;
#3252 = CARTESIAN_POINT ( 'NONE',  ( 898.1195763104931302, 144.8819680946677408, 15.86794415558336446 ) ) ;
#3253 = CARTESIAN_POINT ( 'NONE',  ( 788.6158070822147010, 86.60791674406752350, 40.13008012741290287 ) ) ;
#3254 = CARTESIAN_POINT ( 'NONE',  ( 1175.742253298265723, 451.8561252133019934, 62.42193168957835780 ) ) ;
#3255 = CARTESIAN_POINT ( 'NONE',  ( 1109.312413735972314, 275.6916298319584939, -29.56052376634231393 ) ) ;
#3256 = CARTESIAN_POINT ( 'NONE',  ( 1129.000951650553361, 412.6487583178585510, 93.93137970836801287 ) ) ;
#3257 = CARTESIAN_POINT ( 'NONE',  ( 1169.940865423230434, 468.4770299903807995, 85.36289026297242799 ) ) ;
#3258 = CARTESIAN_POINT ( 'NONE',  ( 1059.181620502958367, 233.7336988224841718, -50.88593553697372585 ) ) ;
#3259 = CARTESIAN_POINT ( 'NONE',  ( 1005.825487437326501, 203.5341697688912177, 6.531393621803355920 ) ) ;
#3260 = CARTESIAN_POINT ( 'NONE',  ( 955.1838346540710063, 157.3681981527506366, -39.07498082000811479 ) ) ;
#3261 = CARTESIAN_POINT ( 'NONE',  ( 579.5032779099894924, -6.718878302172051065, -9.389761538825757370 ) ) ;
#3262 = CARTESIAN_POINT ( 'NONE',  ( 1179.950649950838624, 439.7982374360076960, 44.52669832577132780 ) ) ;
#3263 = LOCAL_TIME ( 17, 42, 19.00000000000000000, #2431 ) ;
#3264 = CARTESIAN_POINT ( 'NONE',  ( 1089.843818384536689, 345.2095487839391126, 65.69117088288855655 ) ) ;
#3265 = CARTESIAN_POINT ( 'NONE',  ( 1060.468573893493613, 228.5149343764183527, -62.77900582162487808 ) ) ;
#3266 = CARTESIAN_POINT ( 'NONE',  ( 1230.630469444942719, 469.6088968794678635, 0.2657699818846757100 ) ) ;
#3267 = CARTESIAN_POINT ( 'NONE',  ( 897.9464401001699798, 146.1099117464961239, 37.91510512940623556 ) ) ;
#3268 = CARTESIAN_POINT ( 'NONE',  ( 902.1490030644810076, 118.4358173976849429, -48.83011909908482551 ) ) ;
#3269 = CARTESIAN_POINT ( 'NONE',  ( 1302.315253872271114, 599.3552753688423991, 23.33524722270665208 ) ) ;
#3270 = CARTESIAN_POINT ( 'NONE',  ( 1100.335383723827363, 307.7070088387423539, 3.131548700380558437 ) ) ;
#3271 = CARTESIAN_POINT ( 'NONE',  ( 1449.484330485210876, 897.8694361681474447, -52.52509073712941756 ) ) ;
#3272 = CARTESIAN_POINT ( 'NONE',  ( 1304.590333838671768, 726.4819514420357791, 85.81202462068819159 ) ) ;
#3273 = CARTESIAN_POINT ( 'NONE',  ( 1433.455682176739174, 957.4126672396697586, -1.982090188710881717 ) ) ;
#3274 = CARTESIAN_POINT ( 'NONE',  ( 1364.359877812204786, 852.6793410398321384, 59.47845343621990821 ) ) ;
#3275 = CARTESIAN_POINT ( 'NONE',  ( 676.5741994066554525, 19.72015199075350722, -34.62983895029270087 ) ) ;
#3276 = CARTESIAN_POINT ( 'NONE',  ( 676.8363913545157402, 13.64265993847834224, -33.03540554489152470 ) ) ;
#3277 = CARTESIAN_POINT ( 'NONE',  ( 1238.209070540565335, 603.3185695924346419, 108.2802601804304174 ) ) ;
#3278 = CARTESIAN_POINT ( 'NONE',  ( 843.2045933443034755, 119.5208208781119339, 46.28760524605517901 ) ) ;
#3279 = CARTESIAN_POINT ( 'NONE',  ( 1111.858116135467526, 266.5170486925013620, -79.94930530189368767 ) ) ;
#3280 = CARTESIAN_POINT ( 'NONE',  ( 1000.302537646704764, 229.2739326571025913, 46.21875709038721425 ) ) ;
#3281 = CARTESIAN_POINT ( 'NONE',  ( 618.5296182484050860, 11.19056916998081874, -8.657402087081960573 ) ) ;
#3282 = CARTESIAN_POINT ( 'NONE',  ( 618.7680986192200407, -1.986396602408349032, -21.80120327557635562 ) ) ;
#3283 = CARTESIAN_POINT ( 'NONE',  ( 1349.674532776218712, 877.7442647633786237, 98.59653416550048632 ) ) ;
#3284 = CARTESIAN_POINT ( 'NONE',  ( 579.4340076787949556, 3.067444409803649297, -10.35886637948601674 ) ) ;
#3285 = CARTESIAN_POINT ( 'NONE',  ( 618.6864648094040149, 2.285640602576326952, -31.53572086224026094 ) ) ;
#3286 = CARTESIAN_POINT ( 'NONE',  ( 903.5062509330047078, 109.5642174506967734, -60.44320787811366102 ) ) ;
#3287 = CARTESIAN_POINT ( 'NONE',  ( 1140.882973773224876, 374.7868472272280655, 29.60470691179751768 ) ) ;
#3288 = CARTESIAN_POINT ( 'NONE',  ( 579.4033005955398039, 7.176649630306615180, 21.22101351610535502 ) ) ;
#3289 = CARTESIAN_POINT ( 'NONE',  ( 618.3958160601055170, 19.22091527367567210, 22.08878395171234743 ) ) ;
#3290 = CARTESIAN_POINT ( 'NONE',  ( 1433.966375459416668, 851.2075191123823288, -35.67550057545629727 ) ) ;
#3291 = CARTESIAN_POINT ( 'NONE',  ( 1296.588123349470607, 742.4504450320430351, 112.2838797961327515 ) ) ;
#3292 = CARTESIAN_POINT ( 'NONE',  ( 1298.045787838602791, 739.5392132194024271, 102.5954624164102285 ) ) ;
#3293 = CARTESIAN_POINT ( 'NONE',  ( 1285.737457782227011, 490.8261938038491508, -65.94053073474206883 ) ) ;
#3294 = CARTESIAN_POINT ( 'NONE',  ( 1392.783116030636393, 804.1837420205058606, 9.089283592361125486 ) ) ;
#3295 = CARTESIAN_POINT ( 'NONE',  ( 1283.917109846668609, 495.1728279481150139, -36.67638305561885659 ) ) ;
#3296 = CARTESIAN_POINT ( 'NONE',  ( 1139.015829456968731, 380.7353563940521326, 39.11994751578706797 ) ) ;
#3297 = CARTESIAN_POINT ( 'NONE',  ( 788.1948957237966624, 90.97789380771942547, 37.65689187847752351 ) ) ;
#3298 = CARTESIAN_POINT ( 'NONE',  ( 1204.572402266285962, 369.2427004522793368, -77.11310616453357625 ) ) ;
#3299 = CARTESIAN_POINT ( 'NONE',  ( 1406.063664637572629, 997.8651799010422110, 47.59106734048668130 ) ) ;
#3300 = CARTESIAN_POINT ( 'NONE',  ( 676.1862634069480009, 29.26876311818312359, 20.83812400900519179 ) ) ;
#3301 = CARTESIAN_POINT ( 'NONE',  ( 847.0084865797731482, 88.47687223587043093, -44.94043452717892251 ) ) ;
#3302 = CARTESIAN_POINT ( 'NONE',  ( 733.8730328812143853, 42.23943131260438832, 7.833041266454230822 ) ) ;
#3303 = CARTESIAN_POINT ( 'NONE',  ( 1002.865453216972696, 217.2499012454913441, 5.346718255943918585 ) ) ;
#3304 = CC_DESIGN_PERSON_AND_ORGANIZATION_ASSIGNMENT ( #1519, #333, ( #6610 ) ) ;
#3305 = CARTESIAN_POINT ( 'NONE',  ( 1207.857664639527457, 359.8669232742409463, -77.99215749880524129 ) ) ;
#3306 = CARTESIAN_POINT ( 'NONE',  ( 788.1330429596034719, 91.63341917790187097, 39.22410049639546514 ) ) ;
#3307 = CARTESIAN_POINT ( 'NONE',  ( 1417.235471576255350, 877.5021552332976853, 2.429802665043270249 ) ) ;
#3308 = CARTESIAN_POINT ( 'NONE',  ( 560.0000000000011369, 4.767159400444454853, 14.54591271017381615 ) ) ;
#3309 = CARTESIAN_POINT ( 'NONE',  ( 1427.016327268561781, 745.7371100106685162, -95.26928318990273681 ) ) ;
#3310 = CARTESIAN_POINT ( 'NONE',  ( 1011.438924407677405, 177.3062266658774604, -61.79209920275109624 ) ) ;
#3311 = CARTESIAN_POINT ( 'NONE',  ( 1086.928448077751909, 355.6381980752732943, 87.57038007506976385 ) ) ;
#3312 = CARTESIAN_POINT ( 'NONE',  ( 1045.353493550744815, 289.8546329163442579, 67.42074478958410566 ) ) ;
#3313 = CARTESIAN_POINT ( 'NONE',  ( 791.1013823435317818, 60.18969420168487261, -45.64615785759188071 ) ) ;
#3314 = ORIENTED_EDGE ( 'NONE', *, *, #5461, .F. ) ;
#3315 = CARTESIAN_POINT ( 'NONE',  ( 1413.143247351551963, 987.4100570184367598, 35.62758575843899678 ) ) ;
#3316 = CARTESIAN_POINT ( 'NONE',  ( 618.5382716275711346, 10.67649604011286080, -10.75014942543329433 ) ) ;
#3317 = CARTESIAN_POINT ( 'NONE',  ( 560.0000000000002274, -10.02680980295800239, -15.68050477869921089 ) ) ;
#3318 = CARTESIAN_POINT ( 'NONE',  ( 903.4382770022530167, 110.1118915205572506, -34.92205548032332985 ) ) ;
#3319 = CARTESIAN_POINT ( 'NONE',  ( 1299.991752567101230, 735.6629237385042188, 106.4060339279651259 ) ) ;
#3320 = CARTESIAN_POINT ( 'NONE',  ( 1315.524076386055413, 570.6878852446493511, -37.53724643549823270 ) ) ;
#3321 = CARTESIAN_POINT ( 'NONE',  ( 1063.353514587111249, 216.8411661634275447, -79.15149712547787431 ) ) ;
#3322 = CARTESIAN_POINT ( 'NONE',  ( 1452.177785289842177, 822.5771408821169643, -90.67589361680843751 ) ) ;
#3323 = CARTESIAN_POINT ( 'NONE',  ( 1323.509622372325566, 688.7342069930009529, 36.22993917646134321 ) ) ;
#3324 = CARTESIAN_POINT ( 'NONE',  ( 947.9369119589089223, 197.0512087452199808, 57.43969132132986033 ) ) ;
#3325 = CARTESIAN_POINT ( 'NONE',  ( 947.7626854135791064, 197.9557229887947187, 47.41602908725494103 ) ) ;
#3326 = CARTESIAN_POINT ( 'NONE',  ( 1385.122821921562490, 697.4635217744769307, -37.73910417027597219 ) ) ;
#3327 = CARTESIAN_POINT ( 'NONE',  ( 732.3453994471541364, 64.82134905142123671, 43.23954173424831282 ) ) ;
#3328 = CARTESIAN_POINT ( 'NONE',  ( 842.2121347756734622, 127.5421375652788214, 53.78009521149643746 ) ) ;
#3329 = CARTESIAN_POINT ( 'NONE',  ( 955.5068651162597462, 155.6018468524744662, -43.52067714243911922 ) ) ;
#3330 = CARTESIAN_POINT ( 'NONE',  ( 956.5205525217385230, 150.1892292641661868, -20.00232309728611213 ) ) ;
#3331 = CARTESIAN_POINT ( 'NONE',  ( 1316.805277659090734, 702.1110374516568982, 54.21382432837015841 ) ) ;
#3332 = CARTESIAN_POINT ( 'NONE',  ( 675.7297820389088656, 39.94486566832082985, 30.39400458929497262 ) ) ;
#3333 = CARTESIAN_POINT ( 'NONE',  ( 734.0126642334498683, 39.89950330696677838, -35.88932255806688687 ) ) ;
#3334 = CARTESIAN_POINT ( 'NONE',  ( 1421.460280739192513, 975.1274678320955900, 14.56075923380721093 ) ) ;
#3335 = CARTESIAN_POINT ( 'NONE',  ( 618.5444320983383477, 11.05077479613862934, 17.59785296804063393 ) ) ;
#3336 = CARTESIAN_POINT ( 'NONE',  ( 1362.587764805366078, 610.7533991907490645, -82.78087862293419619 ) ) ;
#3337 = CARTESIAN_POINT ( 'NONE',  ( 618.6417060441241347, 5.504457784089312966, 7.129799257345406538 ) ) ;
#3338 = CARTESIAN_POINT ( 'NONE',  ( 579.4160415922087850, 5.535279052289294732, 0.3299126836214054115 ) ) ;
#3339 = CARTESIAN_POINT ( 'NONE',  ( 1446.950061089367409, 830.7972529688900067, -71.98143230722014607 ) ) ;
#3340 = CARTESIAN_POINT ( 'NONE',  ( 1377.640146207522776, 939.7200015935283091, 70.69132217215221203 ) ) ;
#3341 = CARTESIAN_POINT ( 'NONE',  ( 1195.325302938568939, 395.7951291900959632, -3.120049516863687700 ) ) ;
#3342 = CARTESIAN_POINT ( 'NONE',  ( 1400.817918108914000, 971.7821353496260599, 44.25516814874720950 ) ) ;
#3343 = CARTESIAN_POINT ( 'NONE',  ( 847.4382756088797350, 85.00160114014309443, -52.98053153127992232 ) ) ;
#3344 = CARTESIAN_POINT ( 'NONE',  ( 1204.721705991189083, 536.8737799663987289, 103.3384656662582728 ) ) ;
#3345 = CARTESIAN_POINT ( 'NONE',  ( 732.8082377040518622, 57.98997903713462421, 33.99008792197195561 ) ) ;
#3346 = CARTESIAN_POINT ( 'NONE',  ( 1159.999204709149126, 313.8801551095181139, -83.53964175230703404 ) ) ;
#3347 = CARTESIAN_POINT ( 'NONE',  ( 846.4575645070055998, 93.13369371861804780, 4.095284038633414170 ) ) ;
#3348 = CARTESIAN_POINT ( 'NONE',  ( 1406.840997240880597, 962.6353903762551454, 40.01053751632393585 ) ) ;
#3349 = CARTESIAN_POINT ( 'NONE',  ( 1434.236020225561560, 921.0270370151599764, -22.61498950034598820 ) ) ;
#3350 = CARTESIAN_POINT ( 'NONE',  ( 1361.407450660678251, 613.1314692329210629, -61.77493686093890091 ) ) ;
#3351 = CARTESIAN_POINT ( 'NONE',  ( 1393.468338185058656, 682.0978776321560417, -64.77111831813019194 ) ) ;
#3352 = CARTESIAN_POINT ( 'NONE',  ( 618.4204909713503184, 18.07985959813334276, 28.32861721292270119 ) ) ;
#3353 = CARTESIAN_POINT ( 'NONE',  ( 1006.224420677779676, 201.5717510158933976, -27.07851932049235799 ) ) ;
#3354 = CARTESIAN_POINT ( 'NONE',  ( 957.9369289761772279, 142.3435681230955083, -66.70445082658407898 ) ) ;
#3355 = CARTESIAN_POINT ( 'NONE',  ( 1453.482238618579231, 891.7972336087508438, -66.40711120420573366 ) ) ;
#3356 = CARTESIAN_POINT ( 'NONE',  ( 579.4028412600237061, 7.344120911094866422, 8.127477945031245099 ) ) ;
#3357 = CARTESIAN_POINT ( 'NONE',  ( 1406.179983802366678, 997.6933998384785127, 47.30753030823563421 ) ) ;
#3358 = CARTESIAN_POINT ( 'NONE',  ( 1211.574940798670923, 519.0796911574263959, 73.35140568532663963 ) ) ;
#3359 = CARTESIAN_POINT ( 'NONE',  ( 1202.693474198601962, 374.6815835137073236, -40.92795560996243864 ) ) ;
#3360 = CARTESIAN_POINT ( 'NONE',  ( 1168.270841523250510, 473.2676629379127462, 98.33513314587389686 ) ) ;
#3361 = CARTESIAN_POINT ( 'NONE',  ( 1245.679851766269167, 430.5328716992569866, -67.03166469368068192 ) ) ;
#3362 = CARTESIAN_POINT ( 'NONE',  ( 901.0217489726735494, 125.9760221098710531, 4.938154205973167343 ) ) ;
#3363 = CARTESIAN_POINT ( 'NONE',  ( 1391.519201235808396, 985.9061886788274478, 66.72568421816015416 ) ) ;
#3364 = APPLICATION_CONTEXT ( 'configuration controlled 3d designs of mechanical parts and assemblies' ) ;
#3365 = CARTESIAN_POINT ( 'NONE',  ( 903.0973078412430368, 112.3589712941576693, -26.60262112635437504 ) ) ;
#3366 = CARTESIAN_POINT ( 'NONE',  ( 1178.558513084007245, 443.7870408931124757, 50.51065994070199139 ) ) ;
#3367 = CARTESIAN_POINT ( 'NONE',  ( 788.0322974904039484, 92.70004315905316616, 41.36153427512437020 ) ) ;
#3368 = CARTESIAN_POINT ( 'NONE',  ( 1395.846737183074083, 677.7053740116166409, -87.05164816595893740 ) ) ;
#3369 = CARTESIAN_POINT ( 'NONE',  ( 1430.039960958510846, 962.4570019853824761, 4.756425186391249227 ) ) ;
#3370 = CARTESIAN_POINT ( 'NONE',  ( 1094.680749092114411, 327.9625731900435426, 54.21394351613590601 ) ) ;
#3371 = CARTESIAN_POINT ( 'NONE',  ( 1445.350500645446800, 904.1468206451723972, -48.55273290595124536 ) ) ;
#3372 = CARTESIAN_POINT ( 'NONE',  ( 1191.231677211468195, 407.5212964301528018, 15.00822523015270171 ) ) ;
#3373 = CARTESIAN_POINT ( 'NONE',  ( 1328.054292521923571, 679.6662411014075360, 23.74642100634188324 ) ) ;
#3374 = CARTESIAN_POINT ( 'NONE',  ( 560.0000000000000000, -9.060121719372485671, -20.74519838344466649 ) ) ;
#3375 = CARTESIAN_POINT ( 'NONE',  ( 1207.669038477226877, 529.2189359068524936, 86.95048420956720747 ) ) ;
#3376 = CARTESIAN_POINT ( 'NONE',  ( 1428.899919343057036, 929.1324154956649863, -2.418828963690441203 ) ) ;
#3377 = CARTESIAN_POINT ( 'NONE',  ( 1090.781549299561675, 341.8577980534071230, 60.37416264763186291 ) ) ;
#3378 = CARTESIAN_POINT ( 'NONE',  ( 1332.442277810486075, 533.9974765016743277, -102.1051387535753037 ) ) ;
#3379 = CARTESIAN_POINT ( 'NONE',  ( 675.7436696140814547, 39.71978204670487855, 36.33895147325039687 ) ) ;
#3380 = CARTESIAN_POINT ( 'NONE',  ( 1210.958529015718796, 520.6938439906277836, 86.72729984085437138 ) ) ;
#3381 = CARTESIAN_POINT ( 'NONE',  ( 1450.659788481471196, 932.0056548819733280, -47.44166909629457507 ) ) ;
#3382 = CARTESIAN_POINT ( 'NONE',  ( 560.0000000000000000, -8.986312210263456279, -21.05841630738512649 ) ) ;
#3383 = CARTESIAN_POINT ( 'NONE',  ( 1342.590861467917648, 775.7459852739762027, 68.74680283784181256 ) ) ;
#3384 = CARTESIAN_POINT ( 'NONE',  ( 579.4228282795428413, 4.604154860297642315, -3.715138613403848211 ) ) ;
#3385 = CARTESIAN_POINT ( 'NONE',  ( 1288.866001654927913, 483.4554436329049167, -59.41340170034087720 ) ) ;
#3386 = CARTESIAN_POINT ( 'NONE',  ( 1288.121624957011591, 485.2181790902646412, -55.75795783823028984 ) ) ;
#3387 = CARTESIAN_POINT ( 'NONE',  ( 1094.016302876748568, 330.2956939244576802, 41.83802837398218344 ) ) ;
#3388 = CARTESIAN_POINT ( 'NONE',  ( 1416.887503828149647, 878.0444888628494482, -8.790179638566595344 ) ) ;
#3389 = CARTESIAN_POINT ( 'NONE',  ( 1162.314305309627571, 306.5204108839868127, -91.21136936394789529 ) ) ;
#3390 = CARTESIAN_POINT ( 'NONE',  ( 1453.258188026517246, 892.1372385844340442, -66.36901964642513008 ) ) ;
#3391 = CARTESIAN_POINT ( 'NONE',  ( 1403.436828409950067, 899.1825476180266605, 19.61832290484930041 ) ) ;
#3392 = CARTESIAN_POINT ( 'NONE',  ( 1090.374539430420782, 343.3385354295280081, 73.90188385769486956 ) ) ;
#3393 = CARTESIAN_POINT ( 'NONE',  ( 1388.213115495632337, 691.7592866494143209, -63.28433388411297500 ) ) ;
#3394 = CARTESIAN_POINT ( 'NONE',  ( 1246.330555386994092, 584.0947479403646412, 76.32507425462316064 ) ) ;
#3395 = CARTESIAN_POINT ( 'NONE',  ( 1010.145908136939511, 183.3723931578983866, -36.33590479742062485 ) ) ;
#3396 = CARTESIAN_POINT ( 'NONE',  ( 1322.135702698927162, 813.3887711718077753, 111.9197116854599159 ) ) ;
#3397 = CARTESIAN_POINT ( 'NONE',  ( 579.4402171870407301, 2.211411368555812107, -14.11688080602256790 ) ) ;
#3398 = CARTESIAN_POINT ( 'NONE',  ( 1272.635082792506864, 663.6908056672301655, 103.2251321703323015 ) ) ;
#3399 = CARTESIAN_POINT ( 'NONE',  ( 946.8349182893101670, 203.0640370675030510, 65.11963651425378430 ) ) ;
#3400 = CARTESIAN_POINT ( 'NONE',  ( 1413.694373902279494, 768.4926933365243258, -43.45549725517525985 ) ) ;
#3401 = CARTESIAN_POINT ( 'NONE',  ( 897.0159137201114845, 152.1270036122691920, 31.46724947982968601 ) ) ;
#3402 = CARTESIAN_POINT ( 'NONE',  ( 996.2710998639867057, 248.0252615180277473, 61.97044162911129206 ) ) ;
#3403 = CARTESIAN_POINT ( 'NONE',  ( 579.4559721752052610, 0.02041112613639863363, -21.81717171057113447 ) ) ;
#3404 = CARTESIAN_POINT ( 'NONE',  ( 1408.642969476466078, 994.0560642890324061, 43.22470182886944912 ) ) ;
#3405 = CARTESIAN_POINT ( 'NONE',  ( 789.3881410086725054, 78.47111626536413098, 28.27561105986359991 ) ) ;
#3406 = CARTESIAN_POINT ( 'NONE',  ( 1008.843599412752724, 189.3481115765999618, -55.79539691750358088 ) ) ;
#3407 = CARTESIAN_POINT ( 'NONE',  ( 1235.082444925675418, 458.0902343983834726, 3.012735418605673843 ) ) ;
#3408 = CARTESIAN_POINT ( 'NONE',  ( 1098.030491128868107, 315.9465396167688596, 17.63774554588131949 ) ) ;
#3409 = CARTESIAN_POINT ( 'NONE',  ( 1427.794284459895152, 744.4167731158817105, -89.51476570231920959 ) ) ;
#3410 = CARTESIAN_POINT ( 'NONE',  ( 1208.320542310916835, 358.5361616625572765, -82.82903662359045427 ) ) ;
#3411 = CARTESIAN_POINT ( 'NONE',  ( 675.7017583063648090, 40.62033341472082526, 32.03833677760546550 ) ) ;
#3412 = CARTESIAN_POINT ( 'NONE',  ( 1238.266821365557689, 449.8243466640200268, -9.824246534970342282 ) ) ;
#3413 = CARTESIAN_POINT ( 'NONE',  ( 1382.845604984211150, 931.5402797072376870, 60.68251986758608041 ) ) ;
#3414 = CARTESIAN_POINT ( 'NONE',  ( 791.1368911065264911, 59.81892226529620871, -46.46077918632825998 ) ) ;
#3415 = CARTESIAN_POINT ( 'NONE',  ( 1205.076745233214524, 535.9546551883046277, 104.7875645355495351 ) ) ;
#3416 = CARTESIAN_POINT ( 'NONE',  ( 732.7694115345464070, 58.56374310442281228, 34.80726573228400866 ) ) ;
#3417 = CARTESIAN_POINT ( 'NONE',  ( 676.5486631087339902, 20.30965863865951349, -33.42247474706985599 ) ) ;
#3418 = CARTESIAN_POINT ( 'NONE',  ( 1189.391557198816145, 412.7463466885993171, 2.003932260673462196 ) ) ;
#3419 = CARTESIAN_POINT ( 'NONE',  ( 560.0000000000007958, -1.480617623325533927, 12.13987768504485487 ) ) ;
#3420 = CARTESIAN_POINT ( 'NONE',  ( 676.1577210897834220, 29.62782134947307711, -2.705592088473199208 ) ) ;
#3421 = CARTESIAN_POINT ( 'NONE',  ( 1112.558761155293496, 264.0733845029764666, -59.85498155376807716 ) ) ;
#3422 = CARTESIAN_POINT ( 'NONE',  ( 1010.322455632523429, 182.5468359924299477, -38.83728345715342556 ) ) ;
#3423 = CARTESIAN_POINT ( 'NONE',  ( 675.9020022879383305, 35.79430586866720176, 17.83014828292314036 ) ) ;
#3424 = CARTESIAN_POINT ( 'NONE',  ( 1103.154740296350610, 297.6282829851876386, -15.13392576669521539 ) ) ;
#3425 = CARTESIAN_POINT ( 'NONE',  ( 1042.681981743384767, 300.6555866851074370, 73.34510086087996683 ) ) ;
#3426 = CARTESIAN_POINT ( 'NONE',  ( 1453.047416487640248, 892.4571930540076892, -66.09969366761116305 ) ) ;
#3427 = CARTESIAN_POINT ( 'NONE',  ( 1139.578907420518590, 378.9414745974905259, 36.26899257519283992 ) ) ;
#3428 = CARTESIAN_POINT ( 'NONE',  ( 1306.490910417909163, 722.6990966986867306, 91.63020534049623222 ) ) ;
#3429 = CARTESIAN_POINT ( 'NONE',  ( 1200.015252523565323, 382.3022907585969392, -51.24218159332320255 ) ) ;
#3430 = CARTESIAN_POINT ( 'NONE',  ( 1090.311536130303466, 343.5377465737842044, 63.00282764079933884 ) ) ;
#3431 = CARTESIAN_POINT ( 'NONE',  ( 1246.207972503943438, 429.2049749276346802, -46.56134137700296094 ) ) ;
#3432 = CARTESIAN_POINT ( 'NONE',  ( 618.3908190992744949, 19.76939000025157966, 30.92425666631992698 ) ) ;
#3433 = CARTESIAN_POINT ( 'NONE',  ( 1007.206527110432489, 196.9874503336272085, -37.54653971868346218 ) ) ;
#3434 = CARTESIAN_POINT ( 'NONE',  ( 958.2871069984510086, 140.4537371272557778, -65.34695872307818831 ) ) ;
#3435 = CARTESIAN_POINT ( 'NONE',  ( 1063.487109179691288, 216.3235865127616364, -73.18543738591407077 ) ) ;
#3436 = CARTESIAN_POINT ( 'NONE',  ( 895.8108689594179168, 160.0812107691337189, 56.66944424637938482 ) ) ;
#3437 = CARTESIAN_POINT ( 'NONE',  ( 788.2351341214598506, 90.61663266638915104, 45.35838768436794766 ) ) ;
#3438 = CARTESIAN_POINT ( 'NONE',  ( 1110.143710193909328, 272.7184474111768395, -36.24714845164030663 ) ) ;
#3439 = CARTESIAN_POINT ( 'NONE',  ( 843.6049297802488809, 116.1875766651677964, 26.51407186726685339 ) ) ;
#3440 = CARTESIAN_POINT ( 'NONE',  ( 1405.718700404195943, 998.3746228436251613, 43.50902483901838025 ) ) ;
#3441 = CARTESIAN_POINT ( 'NONE',  ( 1008.843599412752724, 189.3481115765999618, -55.79539691750358088 ) ) ;
#3442 = CARTESIAN_POINT ( 'NONE',  ( 1428.151076632083914, 965.2465050594589684, 1.561919409036799822 ) ) ;
#3443 = CARTESIAN_POINT ( 'NONE',  ( 950.5222120385813014, 182.9464445267213364, 38.13992660980701288 ) ) ;
#3444 = CARTESIAN_POINT ( 'NONE',  ( 618.6018895080368338, 6.989500189576395961, -24.81887148302762824 ) ) ;
#3445 = CARTESIAN_POINT ( 'NONE',  ( 1414.540066138584052, 881.7380051653258306, 8.107176064687097394 ) ) ;
#3446 = CARTESIAN_POINT ( 'NONE',  ( 1422.994532929550815, 972.8616852526465664, 11.61645731021254591 ) ) ;
#3447 = CARTESIAN_POINT ( 'NONE',  ( 1401.287851860086221, 667.6958628981834636, -95.21326734714210716 ) ) ;
#3448 = CARTESIAN_POINT ( 'NONE',  ( 1253.038285034969249, 411.4505560982796055, -91.22031167255020989 ) ) ;
#3449 = CARTESIAN_POINT ( 'NONE',  ( 1170.691449525811777, 466.3267448053871362, 82.76204845372117802 ) ) ;
#3450 = CARTESIAN_POINT ( 'NONE',  ( 1133.842015207824943, 397.2176500203102592, 64.49523689242919033 ) ) ;
#3451 = CARTESIAN_POINT ( 'NONE',  ( 1009.758716690698520, 185.0830545296157936, -65.44299993740476395 ) ) ;
#3452 = CARTESIAN_POINT ( 'NONE',  ( 560.0000000000003411, -5.064434447460211430, 5.031489728451505883 ) ) ;
#3453 = CARTESIAN_POINT ( 'NONE',  ( 895.1979666783236098, 164.0889556604170991, 62.16085990186444832 ) ) ;
#3454 = CARTESIAN_POINT ( 'NONE',  ( 1306.490910417909163, 722.6990966986867306, 91.63020534049623222 ) ) ;
#3455 = CARTESIAN_POINT ( 'NONE',  ( 618.6266917239616987, 5.602280372626754712, -28.28899283558762434 ) ) ;
#3456 = CARTESIAN_POINT ( 'NONE',  ( 560.0000000000001137, 1.476228234468187850, -0.2217720767516633829 ) ) ;
#3457 = CARTESIAN_POINT ( 'NONE',  ( 789.5601455327622489, 76.65825880851089380, 25.42840587785027040 ) ) ;
#3458 = CARTESIAN_POINT ( 'NONE',  ( 1054.931900971390633, 250.9720436791543250, -14.36248263500673339 ) ) ;
#3459 = CARTESIAN_POINT ( 'NONE',  ( 791.8005139496624452, 52.93594716850427062, -35.34768371822329414 ) ) ;
#3460 = CARTESIAN_POINT ( 'NONE',  ( 1364.274251824063413, 607.4080469312593777, -73.20068569917992818 ) ) ;
#3461 = CARTESIAN_POINT ( 'NONE',  ( 999.7342672635161307, 231.8642318710764130, 33.37506529145569090 ) ) ;
#3462 = CARTESIAN_POINT ( 'NONE',  ( 1042.332137210467181, 302.0794629702133420, 78.90108430449463128 ) ) ;
#3463 = CARTESIAN_POINT ( 'NONE',  ( 676.1868856254551474, 28.92549675398628750, -5.128398925804857456 ) ) ;
#3464 = CARTESIAN_POINT ( 'NONE',  ( 946.2394822902333544, 206.2888426000530160, 63.89369632235554519 ) ) ;
#3465 = CARTESIAN_POINT ( 'NONE',  ( 791.4261345044643576, 56.77066327971655824, -48.39795870834006308 ) ) ;
#3466 = CARTESIAN_POINT ( 'NONE',  ( 1094.921908348746456, 327.0585870807827291, 36.49075322336845772 ) ) ;
#3467 = CARTESIAN_POINT ( 'NONE',  ( 676.0136074477755983, 33.34673861444792919, 27.20431910284360555 ) ) ;
#3468 = CARTESIAN_POINT ( 'NONE',  ( 618.5685607980509531, 8.895985985151741104, -18.07830752621213222 ) ) ;
#3469 = CARTESIAN_POINT ( 'NONE',  ( 1090.546518120451537, 342.6978361740550554, 61.68325091135369576 ) ) ;
#3470 = CARTESIAN_POINT ( 'NONE',  ( 1324.101523379088576, 552.1161655202040492, -49.94032925447990579 ) ) ;
#3471 = CARTESIAN_POINT ( 'NONE',  ( 842.3135318857949869, 126.7399953151610532, 55.81604018557410996 ) ) ;
#3472 = CARTESIAN_POINT ( 'NONE',  ( 1356.200155635041710, 623.5017007389798209, -60.68085612747415070 ) ) ;
#3473 = CARTESIAN_POINT ( 'NONE',  ( 1451.941652412177291, 822.9483440811533228, -89.35152324804478496 ) ) ;
#3474 = CARTESIAN_POINT ( 'NONE',  ( 958.3306573954771466, 140.2275111655785906, -63.54292811424852516 ) ) ;
#3475 = CARTESIAN_POINT ( 'NONE',  ( 1273.931769583414507, 660.8801469936881858, 99.94584958972112076 ) ) ;
#3476 = CARTESIAN_POINT ( 'NONE',  ( 1335.374178409975002, 665.0604996426711750, 3.111069247217821854 ) ) ;
#3477 = CARTESIAN_POINT ( 'NONE',  ( 1356.263981887091404, 623.3978048494794848, -43.07208421611006344 ) ) ;
#3478 = CARTESIAN_POINT ( 'NONE',  ( 999.1945009611947626, 234.3833667686283775, 37.99999171999876779 ) ) ;
#3479 = CARTESIAN_POINT ( 'NONE',  ( 1043.997349901600273, 295.3207849307533479, 64.85699398480036848 ) ) ;
#3480 = CARTESIAN_POINT ( 'NONE',  ( 1394.649754666559829, 679.9090078907172483, -83.32255056061183041 ) ) ;
#3481 = MECHANICAL_CONTEXT ( 'NONE', #3364, 'mechanical' ) ;
#3482 = CARTESIAN_POINT ( 'NONE',  ( 733.4126087688381403, 49.05556864349734525, 20.26501925468717857 ) ) ;
#3483 = CARTESIAN_POINT ( 'NONE',  ( 1109.529909682586094, 274.8367484529421176, -61.52869460168643201 ) ) ;
#3484 = CARTESIAN_POINT ( 'NONE',  ( 579.4898953937525903, -4.876340182014715197, -2.520832902020628818 ) ) ;
#3485 = CARTESIAN_POINT ( 'NONE',  ( 1145.080098222306333, 361.4147826970680057, 7.507310897066772348 ) ) ;
#3486 = CARTESIAN_POINT ( 'NONE',  ( 1368.944373140205016, 598.0814933435309513, -94.34983791861404256 ) ) ;
#3487 = CARTESIAN_POINT ( 'NONE',  ( 1374.776142805251084, 944.2203449994583480, 76.00884816504937191 ) ) ;
#3488 = CARTESIAN_POINT ( 'NONE',  ( 560.0000000000000000, 5.417751158778692400, 17.25640215648958531 ) ) ;
#3489 = CARTESIAN_POINT ( 'NONE',  ( 1399.052286213093794, 671.8032779820285896, -97.61878447273289794 ) ) ;
#3490 = CARTESIAN_POINT ( 'NONE',  ( 842.3454055056483867, 126.4831695762403143, 55.58924648074912511 ) ) ;
#3491 = CARTESIAN_POINT ( 'NONE',  ( 1212.384632328513590, 516.9935491687240301, 82.26363563409682911 ) ) ;
#3492 = CARTESIAN_POINT ( 'NONE',  ( 1061.461224821465976, 224.4932204455331259, -71.99914277452303679 ) ) ;
#3493 = CARTESIAN_POINT ( 'NONE',  ( 733.2525929644035614, 51.22183400687682564, -0.2369132192392001957 ) ) ;
#3494 = CARTESIAN_POINT ( 'NONE',  ( 1141.117822944038835, 374.0825423645746355, 46.33893089964656298 ) ) ;
#3495 = CARTESIAN_POINT ( 'NONE',  ( 899.4383655152920483, 136.2238459137627160, -3.817603673802449027 ) ) ;
#3496 = CARTESIAN_POINT ( 'NONE',  ( 1206.641284820114606, 363.3587250915804248, -67.63978084410308611 ) ) ;
#3497 = CARTESIAN_POINT ( 'NONE',  ( 1205.741897359277118, 365.9400041518248372, -60.84188160740747975 ) ) ;
#3498 = CARTESIAN_POINT ( 'NONE',  ( 1416.001007472385709, 983.1897188375806991, 24.82623599536897885 ) ) ;
#3499 = CARTESIAN_POINT ( 'NONE',  ( 1238.821757774113848, 601.8653169979515951, 101.7730738446849301 ) ) ;
#3500 = CARTESIAN_POINT ( 'NONE',  ( 1054.931900971390633, 250.9720436791543250, -14.36248263500673339 ) ) ;
#3501 = CARTESIAN_POINT ( 'NONE',  ( 618.3668999489557336, 21.06762862248073986, 31.53345286066423014 ) ) ;
#3502 = CARTESIAN_POINT ( 'NONE',  ( 579.4771438959691068, -2.947626792924490591, -26.05057730243050784 ) ) ;
#3503 = CARTESIAN_POINT ( 'NONE',  ( 1349.438112324144868, 763.1354732768124904, 40.22673867884081744 ) ) ;
#3504 = CARTESIAN_POINT ( 'NONE',  ( 1309.023372948526458, 717.6475097007682962, 85.70875735537786966 ) ) ;
#3505 = CARTESIAN_POINT ( 'NONE',  ( 901.0485012257238395, 125.6538901056039066, -29.70312561287397557 ) ) ;
#3506 = CARTESIAN_POINT ( 'NONE',  ( 996.8470504350550527, 245.3382816817557170, 57.57333563416120370 ) ) ;
#3507 = CARTESIAN_POINT ( 'NONE',  ( 734.5865327833327001, 31.60994579007331140, -22.51520313193085698 ) ) ;
#3508 = CARTESIAN_POINT ( 'NONE',  ( 1204.811364615163484, 536.6425979837504201, 104.9130033578484529 ) ) ;
#3509 = CARTESIAN_POINT ( 'NONE',  ( 790.4666663894587373, 66.88196360640344551, -27.31101852092464810 ) ) ;
#3510 = CARTESIAN_POINT ( 'NONE',  ( 676.7647599948129482, 15.25239209918065697, -36.09056111397839572 ) ) ;
#3511 = CARTESIAN_POINT ( 'NONE',  ( 958.3152801406288290, 140.3175132797338165, -62.11317243201075655 ) ) ;
#3512 = CARTESIAN_POINT ( 'NONE',  ( 895.9135814885726177, 159.4088889241570541, 55.80801162821550321 ) ) ;
#3513 = CARTESIAN_POINT ( 'NONE',  ( 1389.514076193381470, 809.7511427247610527, 3.012523464473348511 ) ) ;
#3514 = CARTESIAN_POINT ( 'NONE',  ( 1285.003835848946665, 492.6001540631719422, -41.39411034965988279 ) ) ;
#3515 = CARTESIAN_POINT ( 'NONE',  ( 1404.903307177884017, 965.5772393948450372, 36.60281323663720343 ) ) ;
#3516 = CARTESIAN_POINT ( 'NONE',  ( 1352.045418185586868, 873.6937151484485184, 85.37470290432243303 ) ) ;
#3517 = CARTESIAN_POINT ( 'NONE',  ( 1109.709374463688846, 274.1952208193758338, -62.95492046319030521 ) ) ;
#3518 = CARTESIAN_POINT ( 'NONE',  ( 1409.010732600455412, 959.3400752719998081, 36.09332325380795936 ) ) ;
#3519 = CARTESIAN_POINT ( 'NONE',  ( 1202.309484884135145, 375.7273119562762531, -64.14173882016238792 ) ) ;
#3520 = CARTESIAN_POINT ( 'NONE',  ( 1231.808541729146555, 466.5878130603296086, 15.67467289766643823 ) ) ;
#3521 = CARTESIAN_POINT ( 'NONE',  ( 844.6083124608995831, 108.0146828422377610, 7.084688699143477209 ) ) ;
#3522 = CARTESIAN_POINT ( 'NONE',  ( 618.7430531277076398, -0.7662042190000838415, -28.69164353017168523 ) ) ;
#3523 = CARTESIAN_POINT ( 'NONE',  ( 1241.748679880206737, 594.9374608645022136, 90.42503038809564941 ) ) ;
#3524 = CARTESIAN_POINT ( 'NONE',  ( 579.3811905644975013, 10.31112512598311071, 20.08998664971258918 ) ) ;
#3525 = CARTESIAN_POINT ( 'NONE',  ( 579.4624711010396823, -0.8898125431042394062, -23.81770197730974203 ) ) ;
#3526 = CARTESIAN_POINT ( 'NONE',  ( 1004.674049740258397, 208.9020074578697290, 15.58415183967165163 ) ) ;
#3527 = CARTESIAN_POINT ( 'NONE',  ( 1390.203819516152635, 987.9034995031377093, 68.31772102765825139 ) ) ;
#3528 = CARTESIAN_POINT ( 'NONE',  ( 788.7577995702584985, 85.11158571759442282, 38.03406417447670407 ) ) ;
#3529 = CARTESIAN_POINT ( 'NONE',  ( 1450.322930701040377, 932.5031262204205404, -46.60023736813511164 ) ) ;
#3530 = PLANE ( 'NONE',  #5819 ) ;
#3531 = CARTESIAN_POINT ( 'NONE',  ( 1291.212312312878112, 623.4239829383992628, 55.14251128909645416 ) ) ;
#3532 = CARTESIAN_POINT ( 'NONE',  ( 1433.240900720339368, 957.7298563467503527, -8.600423019355680765 ) ) ;
#3533 = CARTESIAN_POINT ( 'NONE',  ( 848.2295658103787446, 78.67610560813621134, -40.96950394702452769 ) ) ;
#3534 = CARTESIAN_POINT ( 'NONE',  ( 1328.451195579523983, 542.6802106618016523, -68.65297117836715302 ) ) ;
#3535 = CARTESIAN_POINT ( 'NONE',  ( 1370.058977957768320, 842.9536234370710872, 47.12452601908801597 ) ) ;
#3536 = CARTESIAN_POINT ( 'NONE',  ( 732.3045005198206354, 65.40607414636887995, 42.12183872224583325 ) ) ;
#3537 = CARTESIAN_POINT ( 'NONE',  ( 789.8001231887276390, 73.94967259231141554, -6.513871406319031720 ) ) ;
#3538 = CARTESIAN_POINT ( 'NONE',  ( 1087.453858244454977, 353.7519414409167098, 78.71217924693311829 ) ) ;
#3539 = CARTESIAN_POINT ( 'NONE',  ( 1335.238893945089103, 527.9404405559666884, -108.9977366184015750 ) ) ;
#3540 = CARTESIAN_POINT ( 'NONE',  ( 843.7918831024212523, 114.6649336721579573, 22.99910075727076020 ) ) ;
#3541 = CARTESIAN_POINT ( 'NONE',  ( 843.7631490780418062, 114.9928982065274994, 40.05748224610437802 ) ) ;
#3542 = CARTESIAN_POINT ( 'NONE',  ( 1439.337279060539004, 913.2794391937892442, -34.19152651848050795 ) ) ;
#3543 = CARTESIAN_POINT ( 'NONE',  ( 618.3813482465294555, 20.09221679015108109, 25.23921269205859730 ) ) ;
#3544 = CARTESIAN_POINT ( 'NONE',  ( 1269.014476113292176, 671.5374002150118713, 112.3061946457244318 ) ) ;
#3545 = CARTESIAN_POINT ( 'NONE',  ( 1387.022420526467613, 693.9514140313749522, -59.67294254340323789 ) ) ;
#3546 = CARTESIAN_POINT ( 'NONE',  ( 1335.259237654718618, 527.9021711051681223, -105.3325024192446051 ) ) ;
#3547 = CARTESIAN_POINT ( 'NONE',  ( 1429.010103308908583, 742.3400711306330777, -94.26276014434934325 ) ) ;
#3548 = CARTESIAN_POINT ( 'NONE',  ( 579.3961201980426949, 8.178765923106769975, 22.66888131838176434 ) ) ;
#3549 = CARTESIAN_POINT ( 'NONE',  ( 579.5083070408186359, -7.384812567746329215, -16.46641122702060045 ) ) ;
#3550 = CARTESIAN_POINT ( 'NONE',  ( 1251.823942910713413, 571.0944579733760520, 58.68340095419378599 ) ) ;
#3551 = CARTESIAN_POINT ( 'NONE',  ( 847.5892341874498470, 83.93107152722271280, -16.95615626382270236 ) ) ;
#3552 = CARTESIAN_POINT ( 'NONE',  ( 895.4087129971978811, 162.6747806548181359, 52.44293766463882633 ) ) ;
#3553 = CARTESIAN_POINT ( 'NONE',  ( 846.9210298783268627, 89.18711325901827536, -43.17299222040880124 ) ) ;
#3554 = CALENDAR_DATE ( 2026, 14, 9 ) ;
#3555 = CARTESIAN_POINT ( 'NONE',  ( 1000.957895922658622, 226.2203493788251194, 41.93976683753712109 ) ) ;
#3556 = CARTESIAN_POINT ( 'NONE',  ( 1443.068904357332713, 907.6119882116225881, -43.01329411190693719 ) ) ;
#3557 = CARTESIAN_POINT ( 'NONE',  ( 1343.687062153510169, 648.4948034923247633, -3.844406990533924429 ) ) ;
#3558 = CARTESIAN_POINT ( 'NONE',  ( 675.9848050662626520, 33.79709074000295743, 11.40645865733657693 ) ) ;
#3559 = CARTESIAN_POINT ( 'NONE',  ( 1208.165343763303326, 358.9823947638420236, -81.16384482895151109 ) ) ;
#3560 = CARTESIAN_POINT ( 'NONE',  ( 579.3738444077662280, 11.31143286420162752, 24.01635293491064971 ) ) ;
#3561 = CARTESIAN_POINT ( 'NONE',  ( 1044.731299054928968, 292.3442748465134287, 59.83592022157304058 ) ) ;
#3562 = CARTESIAN_POINT ( 'NONE',  ( 1449.344708002194238, 898.0807593404859972, -58.44931099724053780 ) ) ;
#3563 = CARTESIAN_POINT ( 'NONE',  ( 1144.590279897650134, 363.0270702405305769, 30.85154184119763698 ) ) ;
#3564 = CARTESIAN_POINT ( 'NONE',  ( 579.3837409792653261, 9.904135286000629534, 25.19960605113660179 ) ) ;
#3565 = CARTESIAN_POINT ( 'NONE',  ( 1092.023254292417050, 337.4518651598306747, 66.51431880947802711 ) ) ;
#3566 = CARTESIAN_POINT ( 'NONE',  ( 1449.257682574288538, 934.0762839213182360, -43.99660875713134800 ) ) ;
#3567 = CARTESIAN_POINT ( 'NONE',  ( 1407.932105672570970, 960.9779957523545590, 38.04662888132224907 ) ) ;
#3568 = CARTESIAN_POINT ( 'NONE',  ( 560.0000000000000000, 4.873212000188070547, 15.00812451325456820 ) ) ;
#3569 = CARTESIAN_POINT ( 'NONE',  ( 560.0000000000007958, -9.776123147903108546, -18.05882641181646164 ) ) ;
#3570 = CARTESIAN_POINT ( 'NONE',  ( 1341.177372733558514, 778.3401224562602465, 60.06735680040592484 ) ) ;
#3571 = CARTESIAN_POINT ( 'NONE',  ( 732.3345496072481637, 64.97873411436233937, 43.26491572924853557 ) ) ;
#3572 = CARTESIAN_POINT ( 'NONE',  ( 958.2104669718086143, 140.9088432442442240, -54.54765079686132623 ) ) ;
#3573 = CARTESIAN_POINT ( 'NONE',  ( 1303.284097172354222, 597.2292585789952000, 2.982128303472260988 ) ) ;
#3574 = CARTESIAN_POINT ( 'NONE',  ( 1206.340238927377868, 532.6682068535801591, 91.25628127079581020 ) ) ;
#3575 = CARTESIAN_POINT ( 'NONE',  ( 1044.052624416895696, 295.1224766102746457, 73.70447335952188439 ) ) ;
#3576 = CARTESIAN_POINT ( 'NONE',  ( 1251.948693366554380, 414.2579243324888694, -97.72526870689027589 ) ) ;
#3577 = CARTESIAN_POINT ( 'NONE',  ( 1095.819704216879472, 323.8493571138811831, 31.12489863598214512 ) ) ;
#3578 = CARTESIAN_POINT ( 'NONE',  ( 1046.022156062434533, 287.1466462402657953, 63.95817705692603994 ) ) ;
#3579 = CARTESIAN_POINT ( 'NONE',  ( 954.6960788987167916, 160.0356279680302123, -32.41450249301298925 ) ) ;
#3580 = CARTESIAN_POINT ( 'NONE',  ( 1044.549194862252307, 293.0829121212997848, 61.10391209865702677 ) ) ;
#3581 = CARTESIAN_POINT ( 'NONE',  ( 1239.149165376720021, 601.0971793705496111, 107.9335242633152916 ) ) ;
#3582 = CARTESIAN_POINT ( 'NONE',  ( 1318.836247458557409, 563.5050799833579731, -49.42387638867857902 ) ) ;
#3583 = CARTESIAN_POINT ( 'NONE',  ( 1451.660393176751086, 823.3905193233873661, -88.16037657290500817 ) ) ;
#3584 = CARTESIAN_POINT ( 'NONE',  ( 1011.634056269445068, 176.3717462204122057, -71.37678796634794764 ) ) ;
#3585 = CARTESIAN_POINT ( 'NONE',  ( 1393.576042216507858, 982.7822278564615317, 62.83048957008973190 ) ) ;
#3586 = CARTESIAN_POINT ( 'NONE',  ( 791.7370618955696955, 53.63294125208633290, -28.61661682736231427 ) ) ;
#3587 = CARTESIAN_POINT ( 'NONE',  ( 1338.391933347639451, 783.4668848164263864, 66.62993190446400149 ) ) ;
#3588 = CARTESIAN_POINT ( 'NONE',  ( 1317.377103673836700, 566.6995782346142505, -24.62987532933681933 ) ) ;
#3589 = CARTESIAN_POINT ( 'NONE',  ( 842.3283645829571924, 126.5831215283426445, 48.97386509807902399 ) ) ;
#3590 = CARTESIAN_POINT ( 'NONE',  ( 1447.681867764270010, 936.4034461488938632, -40.31752516486985627 ) ) ;
#3591 = CARTESIAN_POINT ( 'NONE',  ( 1345.463069887337497, 770.4602048570818624, 62.36034640122994688 ) ) ;
#3592 = CARTESIAN_POINT ( 'NONE',  ( 618.5922804206539922, 7.532608723348836577, -23.10071917132689734 ) ) ;
#3593 = CARTESIAN_POINT ( 'NONE',  ( 847.0692839684465980, 88.16337767718439977, -6.267972225014695198 ) ) ;
#3594 = CARTESIAN_POINT ( 'NONE',  ( 1400.706491358026142, 903.4732210318702528, 25.23212814517462377 ) ) ;
#3595 = CARTESIAN_POINT ( 'NONE',  ( 791.7545572246267511, 53.36419262974061439, -44.73718055231262980 ) ) ;
#3596 = CARTESIAN_POINT ( 'NONE',  ( 1042.848573973299153, 299.9791833092215825, 71.77267439554609041 ) ) ;
#3597 = CARTESIAN_POINT ( 'NONE',  ( 997.1237867241171671, 244.0468473529931828, 55.21501878574472499 ) ) ;
#3598 = CARTESIAN_POINT ( 'NONE',  ( 1250.612680760183821, 417.7244472717844701, -92.41100509883550274 ) ) ;
#3599 = CARTESIAN_POINT ( 'NONE',  ( 1269.820201079326353, 669.7920159483609268, 110.9443049036622426 ) ) ;
#3600 = CARTESIAN_POINT ( 'NONE',  ( 843.4890900491720913, 117.2147802444227978, 43.13256780230067733 ) ) ;
#3601 = CARTESIAN_POINT ( 'NONE',  ( 676.5049482270192129, 21.33472281426313089, -31.14536826043929452 ) ) ;
#3602 = CARTESIAN_POINT ( 'NONE',  ( 618.6253083952767611, 6.442047962211995049, 9.070070699825571126 ) ) ;
#3603 = CARTESIAN_POINT ( 'NONE',  ( 560.0000000000001137, 1.205682175877899276, 16.69381309010153558 ) ) ;
#3604 = CARTESIAN_POINT ( 'NONE',  ( 1449.641668525017394, 933.5092137333891742, -39.45164731023079696 ) ) ;
#3605 = CARTESIAN_POINT ( 'NONE',  ( 1159.927368291697121, 314.1667079087031311, -57.48991128955496777 ) ) ;
#3606 = CARTESIAN_POINT ( 'NONE',  ( 1047.096067667310081, 282.7540353281864896, 43.77406750278149872 ) ) ;
#3607 = CARTESIAN_POINT ( 'NONE',  ( 1268.917654663463509, 671.7443651526907615, 109.0773446033910972 ) ) ;
#3608 = CARTESIAN_POINT ( 'NONE',  ( 1424.980121722360991, 749.2235249766725929, -78.97652578802606627 ) ) ;
#3609 = CARTESIAN_POINT ( 'NONE',  ( 1414.223600427862948, 882.2309578392694220, -3.066106376166059633 ) ) ;
#3610 = CARTESIAN_POINT ( 'NONE',  ( 560.0000000000001137, 5.823707234003032696, 23.56235354742486621 ) ) ;
#3611 = CARTESIAN_POINT ( 'NONE',  ( 896.0120574028309193, 158.7645996499651915, 55.02064142027376192 ) ) ;
#3612 = CARTESIAN_POINT ( 'NONE',  ( 618.6602669557682930, 3.763432926054506300, -31.08308572464654418 ) ) ;
#3613 = CARTESIAN_POINT ( 'NONE',  ( 1313.064476054892339, 709.5865017290462902, 76.20329504452369918 ) ) ;
#3614 = CARTESIAN_POINT ( 'NONE',  ( 559.9999999999997726, -0.5040179836983992301, -9.297184006947665225 ) ) ;
#3615 = CARTESIAN_POINT ( 'NONE',  ( 675.7641981050323920, 39.11806047258995278, 28.04593588828040041 ) ) ;
#3616 = CARTESIAN_POINT ( 'NONE',  ( 675.7526132865946238, 39.50936803315219947, 36.01826500859408497 ) ) ;
#3617 = CARTESIAN_POINT ( 'NONE',  ( 1382.183827615917380, 702.8591570134293534, -45.35124344381376460 ) ) ;
#3618 = CARTESIAN_POINT ( 'NONE',  ( 1430.615246789328467, 739.5971737267484514, -102.1104905862153771 ) ) ;
#3619 = CARTESIAN_POINT ( 'NONE',  ( 1296.097863230372013, 466.3173078815948998, -103.8085622234812320 ) ) ;
#3620 = CARTESIAN_POINT ( 'NONE',  ( 903.7887582885390430, 107.7609353903905287, -55.31063369603376856 ) ) ;
#3621 = CARTESIAN_POINT ( 'NONE',  ( 1301.557299053609540, 732.5399856703152182, 102.5743149751613004 ) ) ;
#3622 = CARTESIAN_POINT ( 'NONE',  ( 948.3765939491150903, 194.5987675362655693, 41.10394978176409353 ) ) ;
#3623 = CARTESIAN_POINT ( 'NONE',  ( 1422.557138509770766, 869.1389785266543413, -9.028466377972806711 ) ) ;
#3624 = CARTESIAN_POINT ( 'NONE',  ( 995.8254936788096074, 250.1046386386561267, 65.07748296652404463 ) ) ;
#3625 = CARTESIAN_POINT ( 'NONE',  ( 1246.242562954666255, 429.0716907137586418, -69.86610528066910319 ) ) ;
#3626 = CARTESIAN_POINT ( 'NONE',  ( 1142.153665813845464, 370.7847889452626760, 41.81467465522986515 ) ) ;
#3627 = CARTESIAN_POINT ( 'NONE',  ( 1440.318362673204092, 841.2179761195911851, -63.55731131020127123 ) ) ;
#3628 = CARTESIAN_POINT ( 'NONE',  ( 1058.464437548357637, 236.7351298992124669, -12.83842786988815732 ) ) ;
#3629 = CARTESIAN_POINT ( 'NONE',  ( 1374.291804931872548, 835.7300127512213521, 37.78241541454394792 ) ) ;
#3630 = CARTESIAN_POINT ( 'NONE',  ( 1449.870227880270477, 826.2052741056425020, -81.77191217577042437 ) ) ;
#3631 = CARTESIAN_POINT ( 'NONE',  ( 1170.313306477710967, 467.4099726830608006, 84.01778243761044962 ) ) ;
#3632 = CARTESIAN_POINT ( 'NONE',  ( 579.3803862336388875, 10.42160969145347593, 20.52555162799021460 ) ) ;
#3633 = CARTESIAN_POINT ( 'NONE',  ( 560.0000000000003411, -3.472156389742797167, -20.29667036471265007 ) ) ;
#3634 = CARTESIAN_POINT ( 'NONE',  ( 732.4190023969433696, 63.74188054052645924, 42.01908885483537404 ) ) ;
#3635 = CARTESIAN_POINT ( 'NONE',  ( 1137.091650612760759, 386.8995600473716081, 63.27672594445076015 ) ) ;
#3636 = CARTESIAN_POINT ( 'NONE',  ( 1444.576158539179687, 834.5251853275052554, -74.36601535155881493 ) ) ;
#3637 = CARTESIAN_POINT ( 'NONE',  ( 1051.066675788377552, 266.7141519946887911, 36.24441312877790011 ) ) ;
#3638 = CARTESIAN_POINT ( 'NONE',  ( 559.9999999999998863, 2.347566012072618058, 18.45110382564232765 ) ) ;
#3639 = CARTESIAN_POINT ( 'NONE',  ( 1424.980121722360991, 749.2235249766725929, -78.97652578802606627 ) ) ;
#3640 = CARTESIAN_POINT ( 'NONE',  ( 1161.126960292919875, 310.3370545058476750, -68.84606879216619291 ) ) ;
#3641 = CARTESIAN_POINT ( 'NONE',  ( 1283.355109850930376, 640.4400592122664193, 63.62391666434781712 ) ) ;
#3642 = CARTESIAN_POINT ( 'NONE',  ( 842.2243743106351985, 127.4523032728178151, 55.49003516559216820 ) ) ;
#3643 = CARTESIAN_POINT ( 'NONE',  ( 1011.384763845317025, 177.5638366481918808, -59.33794655487924530 ) ) ;
#3644 = CARTESIAN_POINT ( 'NONE',  ( 1100.904275241231062, 305.6733101862648709, -0.5107796315996194769 ) ) ;
#3645 = CARTESIAN_POINT ( 'NONE',  ( 946.1589247993791787, 206.7355452750596498, 66.91150737981740804 ) ) ;
#3646 = CARTESIAN_POINT ( 'NONE',  ( 996.7274175235629627, 245.9280526821341937, 67.80073757051648897 ) ) ;
#3647 = CARTESIAN_POINT ( 'NONE',  ( 1293.951247932669503, 471.3841033358198729, -101.5851714731854827 ) ) ;
#3648 = CARTESIAN_POINT ( 'NONE',  ( 1361.135057228551432, 858.1893127608891518, 76.44692553005407376 ) ) ;
#3649 = CARTESIAN_POINT ( 'NONE',  ( 1317.852689147038973, 565.6381047769772294, -45.84722444718759959 ) ) ;
#3650 = CARTESIAN_POINT ( 'NONE',  ( 946.6724622397546227, 203.9501898757348783, 66.42124434942149946 ) ) ;
#3651 = CARTESIAN_POINT ( 'NONE',  ( 1057.128651061158052, 242.0612742501630805, -32.47766366264790605 ) ) ;
#3652 = CARTESIAN_POINT ( 'NONE',  ( 1371.655292963227566, 592.6641908511026031, -110.0808515357826280 ) ) ;
#3653 = CARTESIAN_POINT ( 'NONE',  ( 1209.416192903101773, 355.3849519225231575, -95.40442812047545829 ) ) ;
#3654 = CARTESIAN_POINT ( 'NONE',  ( 1332.950703893187438, 669.8962362638002332, 10.01852902872288098 ) ) ;
#3655 = CARTESIAN_POINT ( 'NONE',  ( 560.0000000000000000, 3.116731378835011501, 19.61693546048598691 ) ) ;
#3656 = CARTESIAN_POINT ( 'NONE',  ( 1284.494168920841275, 637.9704214963689992, 60.31562414580983500 ) ) ;
#3657 = CARTESIAN_POINT ( 'NONE',  ( 1435.142899154690895, 954.9209863671078438, -5.384593825628733121 ) ) ;
#3658 = CARTESIAN_POINT ( 'NONE',  ( 618.3655285011037677, 21.04907740325887033, 28.23482021350966065 ) ) ;
#3659 = CARTESIAN_POINT ( 'NONE',  ( 1246.689026794861093, 427.9123254294325989, -72.13306150545675166 ) ) ;
#3660 = CARTESIAN_POINT ( 'NONE',  ( 618.5907596373402839, 8.413607614339930763, 12.90221538272090918 ) ) ;
#3661 = CARTESIAN_POINT ( 'NONE',  ( 790.7083888349137624, 64.32439598341051123, -35.06804165431582732 ) ) ;
#3662 = CARTESIAN_POINT ( 'NONE',  ( 1277.198325717617081, 511.0753127460076826, -10.29710038794485172 ) ) ;
#3663 = CARTESIAN_POINT ( 'NONE',  ( 1140.882973773224876, 374.7868472272280655, 29.60470691179751768 ) ) ;
#3664 = CARTESIAN_POINT ( 'NONE',  ( 560.0000000000000000, -7.854046069968386945, -22.81098126187921693 ) ) ;
#3665 = CARTESIAN_POINT ( 'NONE',  ( 1393.607786382201084, 982.7329264788698993, 57.05569944921250425 ) ) ;
#3666 = CARTESIAN_POINT ( 'NONE',  ( 675.7722193193787916, 38.92452373234600316, 27.43102507535722978 ) ) ;
#3667 = CARTESIAN_POINT ( 'NONE',  ( 1061.227970937802638, 225.4382238612017773, -69.32391415029169934 ) ) ;
#3668 = CARTESIAN_POINT ( 'NONE',  ( 579.3851399367883914, 9.709293664474534680, 24.87068724402424280 ) ) ;
#3669 = CARTESIAN_POINT ( 'NONE',  ( 999.3017007310620556, 233.9366177535395934, 52.57255364503262740 ) ) ;
#3670 = CARTESIAN_POINT ( 'NONE',  ( 1290.998078644492580, 478.3740271195227933, -89.11054550902315441 ) ) ;
#3671 = CARTESIAN_POINT ( 'NONE',  ( 1002.863584224525880, 217.3402561938966073, 28.91614185063613363 ) ) ;
#3672 = CARTESIAN_POINT ( 'NONE',  ( 1390.422932307670635, 808.2000092155425364, 0.8819726001216094957 ) ) ;
#3673 = CARTESIAN_POINT ( 'NONE',  ( 1423.741737055303929, 751.3383191639287588, -74.65736104418704144 ) ) ;
#3674 = CARTESIAN_POINT ( 'NONE',  ( 1160.910784514864190, 311.0273952859525934, -66.64475065409673959 ) ) ;
#3675 = CARTESIAN_POINT ( 'NONE',  ( 618.4128304844189188, 18.19755394697100925, 18.46830624253621522 ) ) ;
#3676 = CARTESIAN_POINT ( 'NONE',  ( 847.5169141092432028, 84.36341167532953023, -53.65871265650744704 ) ) ;
#3677 = CARTESIAN_POINT ( 'NONE',  ( 1446.448895915719277, 831.5851715671965394, -70.39698625349554106 ) ) ;
#3678 = CARTESIAN_POINT ( 'NONE',  ( 899.2655171231556324, 137.3586269593595262, -1.184068521595051937 ) ) ;
#3679 = CARTESIAN_POINT ( 'NONE',  ( 1086.920302705417043, 355.6647598283075808, 86.13502496429863697 ) ) ;
#3680 = CARTESIAN_POINT ( 'NONE',  ( 1405.298102457797995, 998.9957616015708481, 48.66852676862971805 ) ) ;
#3681 = CARTESIAN_POINT ( 'NONE',  ( 1452.436316890064518, 929.3820789500733781, -51.33068133891721629 ) ) ;
#3682 = CARTESIAN_POINT ( 'NONE',  ( 1136.442500072570738, 388.9659125057381175, 65.91226283015825516 ) ) ;
#3683 = CARTESIAN_POINT ( 'NONE',  ( 1437.442106638723772, 916.1577273846351090, -29.82269576364690522 ) ) ;
#3684 = CARTESIAN_POINT ( 'NONE',  ( 618.3939631449344461, 19.59158551799072256, 30.63596481349540568 ) ) ;
#3685 = CARTESIAN_POINT ( 'NONE',  ( 1198.250998085342644, 387.3585143549992722, -41.64832428913282314 ) ) ;
#3686 = CARTESIAN_POINT ( 'NONE',  ( 958.1972198594353358, 140.9356771759255196, -66.20117811752892578 ) ) ;
#3687 = CARTESIAN_POINT ( 'NONE',  ( 958.2871069984510086, 140.4537371272557778, -65.34695872307818831 ) ) ;
#3688 = CARTESIAN_POINT ( 'NONE',  ( 1098.901153713393114, 312.8341266828430776, 12.21119984311914308 ) ) ;
#3689 = CARTESIAN_POINT ( 'NONE',  ( 842.9946882102166228, 121.2212767101374169, 48.46659996314565433 ) ) ;
#3690 = CARTESIAN_POINT ( 'NONE',  ( 1091.016540802046393, 341.0178837579185256, 59.06866939695192542 ) ) ;
#3691 = CARTESIAN_POINT ( 'NONE',  ( 791.2412757784708219, 58.91182757346158638, -9.067043863861750097 ) ) ;
#3692 = CARTESIAN_POINT ( 'NONE',  ( 1240.190688300985357, 598.6243028563973212, 94.85847742988170239 ) ) ;
#3693 = CARTESIAN_POINT ( 'NONE',  ( 1440.318362673204092, 841.2179761195911851, -63.55731131020127123 ) ) ;
#3694 = CARTESIAN_POINT ( 'NONE',  ( 1261.710456645574595, 547.7232344684558711, 42.10006641292279284 ) ) ;
#3695 = CARTESIAN_POINT ( 'NONE',  ( 1415.593682836146854, 765.2372688218603116, -62.78397473936241369 ) ) ;
#3696 = CARTESIAN_POINT ( 'NONE',  ( 1398.240396662472904, 794.8701785948348970, -3.686492340614430763 ) ) ;
#3697 = CARTESIAN_POINT ( 'NONE',  ( 1097.152420874518157, 319.0853661508093637, 23.04566898379022888 ) ) ;
#3698 = CARTESIAN_POINT ( 'NONE',  ( 1162.342753804569611, 306.4490746015139280, -84.00555096257636478 ) ) ;
#3699 = CARTESIAN_POINT ( 'NONE',  ( 1304.590333838671768, 726.4819514420357791, 85.81202462068819159 ) ) ;
#3700 = CARTESIAN_POINT ( 'NONE',  ( 1449.985550122235963, 933.0013696271453227, -45.75489789473502356 ) ) ;
#3701 = CARTESIAN_POINT ( 'NONE',  ( 946.6724622397546227, 203.9501898757348783, 66.42124434942149946 ) ) ;
#3702 = CARTESIAN_POINT ( 'NONE',  ( 1251.335857191952755, 572.2679521795785149, 73.43150116278195583 ) ) ;
#3703 = CARTESIAN_POINT ( 'NONE',  ( 618.6115612751474373, 6.446824677857372343, -26.34439323198809646 ) ) ;
#3704 = CARTESIAN_POINT ( 'NONE',  ( 1421.282146327962209, 975.3905366080780368, 21.24222361053777064 ) ) ;
#3705 = CARTESIAN_POINT ( 'NONE',  ( 1411.544721005243446, 886.4409128753507048, 2.634318505747628159 ) ) ;
#3706 = CARTESIAN_POINT ( 'NONE',  ( 1445.203453489114054, 833.5432464173741209, -66.54587814773536536 ) ) ;
#3707 = CARTESIAN_POINT ( 'NONE',  ( 579.5043501627034175, -6.792416382161707844, -21.75648464981399499 ) ) ;
#3708 = CARTESIAN_POINT ( 'NONE',  ( 618.4031917799064786, 18.77719812438209601, 20.54247696471361806 ) ) ;
#3709 = CARTESIAN_POINT ( 'NONE',  ( 734.2609223183445692, 36.25320659139348578, -42.23214860595030729 ) ) ;
#3710 = CARTESIAN_POINT ( 'NONE',  ( 560.0000000000000000, -9.060121719372485671, -20.74519838344466649 ) ) ;
#3711 = CARTESIAN_POINT ( 'NONE',  ( 675.6897155789094995, 40.96820443440028470, 37.08168889249654399 ) ) ;
#3712 = CARTESIAN_POINT ( 'NONE',  ( 788.4730066289820343, 88.11110269124503702, 42.16079171268924597 ) ) ;
#3713 = CARTESIAN_POINT ( 'NONE',  ( 1010.412807081179267, 182.0347156694672606, -71.27121136342346119 ) ) ;
#3714 = CARTESIAN_POINT ( 'NONE',  ( 618.5249965423638514, 12.15551319130208974, 19.44824876538184455 ) ) ;
#3715 = CARTESIAN_POINT ( 'NONE',  ( 1198.250998085342644, 387.3585143549992722, -41.64832428913282314 ) ) ;
#3716 = CARTESIAN_POINT ( 'NONE',  ( 1010.145908136939511, 183.3723931578983866, -36.33590479742062485 ) ) ;
#3717 = CARTESIAN_POINT ( 'NONE',  ( 1369.162777288117013, 953.0418023229301525, 93.66252231033557507 ) ) ;
#3718 = CARTESIAN_POINT ( 'NONE',  ( 1106.748914604295578, 284.7787817371166170, -40.22270208864595986 ) ) ;
#3719 = CARTESIAN_POINT ( 'NONE',  ( 1454.146538695640402, 926.8564245639057617, -53.73091427567534595 ) ) ;
#3720 = CARTESIAN_POINT ( 'NONE',  ( 848.1291644395003004, 79.41805965491631980, -53.38305702103943418 ) ) ;
#3721 = CARTESIAN_POINT ( 'NONE',  ( 1358.892926083664861, 745.7324852598648022, 16.74906021726281224 ) ) ;
#3722 = CARTESIAN_POINT ( 'NONE',  ( 1395.810133785433436, 979.3889635552696973, 59.12649089908969557 ) ) ;
#3723 = CARTESIAN_POINT ( 'NONE',  ( 1400.102535948695959, 972.8686588822822614, 45.56368413435135523 ) ) ;
#3724 = CARTESIAN_POINT ( 'NONE',  ( 1060.200803148077512, 229.6921800288357076, -27.59263430380597981 ) ) ;
#3725 = CARTESIAN_POINT ( 'NONE',  ( 1402.971985266759475, 1002.430969869382125, 47.86264097327746470 ) ) ;
#3726 = CARTESIAN_POINT ( 'NONE',  ( 1288.145047481640859, 485.1268986495965123, -76.57342984924338225 ) ) ;
#3727 = APPROVAL_ROLE ( '' ) ;
#3728 = CARTESIAN_POINT ( 'NONE',  ( 951.9731586376295809, 175.0281052890159685, 26.22389584150374731 ) ) ;
#3729 = CARTESIAN_POINT ( 'NONE',  ( 1108.248685032798676, 279.4168208075923303, -51.55837222052119984 ) ) ;
#3730 = CARTESIAN_POINT ( 'NONE',  ( 1107.902422596612496, 280.7326813799625711, -19.23179622123084087 ) ) ;
#3731 = CARTESIAN_POINT ( 'NONE',  ( 788.8544277320152105, 83.98267987805505186, 20.40207230656242032 ) ) ;
#3732 = CARTESIAN_POINT ( 'NONE',  ( 895.8659307182700786, 159.6753626163188073, 46.95838630257932778 ) ) ;
#3733 = CARTESIAN_POINT ( 'NONE',  ( 734.0318404164687536, 39.61583136984128828, -36.54536028599527953 ) ) ;
#3734 = CARTESIAN_POINT ( 'NONE',  ( 618.4150246912066677, 18.39006222395269319, 28.74919541134633150 ) ) ;
#3735 = CARTESIAN_POINT ( 'NONE',  ( 1336.783533461837806, 786.4331754628869930, 81.37752672732007397 ) ) ;
#3736 = CARTESIAN_POINT ( 'NONE',  ( 1009.068885694042137, 188.2972433136332597, -58.21433936050549107 ) ) ;
#3737 = CARTESIAN_POINT ( 'NONE',  ( 579.4490671196570020, 0.7972629620587284860, 10.51818674629738481 ) ) ;
#3738 = CARTESIAN_POINT ( 'NONE',  ( 1052.957540931070980, 258.9802578133797510, 0.9667263781091388619 ) ) ;
#3739 = CARTESIAN_POINT ( 'NONE',  ( 1208.687445505716141, 357.4816416558500123, -86.65911066627575110 ) ) ;
#3740 = CARTESIAN_POINT ( 'NONE',  ( 1011.252692432959861, 178.1872310607465408, -55.52114396934048557 ) ) ;
#3741 = CARTESIAN_POINT ( 'NONE',  ( 1277.022155675321983, 654.1705241378174378, 81.66541225651123170 ) ) ;
#3742 = CARTESIAN_POINT ( 'NONE',  ( 848.2295658103787446, 78.67610560813621134, -40.96950394702452769 ) ) ;
#3743 = CARTESIAN_POINT ( 'NONE',  ( 896.5898766533840671, 154.9235348757548252, 37.28471277999728528 ) ) ;
#3744 = CARTESIAN_POINT ( 'NONE',  ( 1452.171635278642270, 893.7871317251699566, -64.62802394540776163 ) ) ;
#3745 = CARTESIAN_POINT ( 'NONE',  ( 958.2453161637930634, 140.7098378077634209, -58.00368432244751205 ) ) ;
#3746 = CARTESIAN_POINT ( 'NONE',  ( 1390.202525410647468, 987.9051829130066835, 67.13861949469492174 ) ) ;
#3747 = CARTESIAN_POINT ( 'NONE',  ( 1404.848784358979401, 999.6593142608631979, 49.36884464891559077 ) ) ;
#3748 = CARTESIAN_POINT ( 'NONE',  ( 1399.660915009962991, 670.6828312101583833, -99.47588087306743887 ) ) ;
#3749 = CARTESIAN_POINT ( 'NONE',  ( 1092.559577714696616, 335.5368568215523055, 64.08698549491077756 ) ) ;
#3750 = CARTESIAN_POINT ( 'NONE',  ( 790.2034243114835590, 69.67249189700807221, -18.74218448803838299 ) ) ;
#3751 = CARTESIAN_POINT ( 'NONE',  ( 1438.704516017967990, 843.7598438776146850, -47.98768584465256737 ) ) ;
#3752 = CARTESIAN_POINT ( 'NONE',  ( 1207.140507985495560, 530.6001555263095497, 98.31752751887356112 ) ) ;
#3753 = CARTESIAN_POINT ( 'NONE',  ( 1439.028574149842143, 949.1826242068723332, -20.69014245886011949 ) ) ;
#3754 = CARTESIAN_POINT ( 'NONE',  ( 618.7012248940865220, 1.453201004525292550, -31.35463792278916273 ) ) ;
#3755 = CARTESIAN_POINT ( 'NONE',  ( 1011.383903362461410, 177.5223025756006905, -72.90288984165461272 ) ) ;
#3756 = CARTESIAN_POINT ( 'NONE',  ( 1353.617537659648860, 871.0162929809414436, 90.96132972352582158 ) ) ;
#3757 = CARTESIAN_POINT ( 'NONE',  ( 896.3256054622974034, 156.6579927627824134, 40.81819454558657156 ) ) ;
#3758 = CARTESIAN_POINT ( 'NONE',  ( 1430.278380989440848, 857.0041170802819579, -26.62181320938562479 ) ) ;
#3759 = CARTESIAN_POINT ( 'NONE',  ( 787.9468941931564814, 93.64801605316397115, 49.52862330178589900 ) ) ;
#3760 = CARTESIAN_POINT ( 'NONE',  ( 787.9133519339310396, 93.96617718785569195, 44.66523830826480435 ) ) ;
#3761 = CARTESIAN_POINT ( 'NONE',  ( 901.8354679099845725, 120.4903330172795393, -43.47062084914774971 ) ) ;
#3762 = CARTESIAN_POINT ( 'NONE',  ( 1055.674076422928010, 248.0459508606891177, 7.232408315654675235 ) ) ;
#3763 = CARTESIAN_POINT ( 'NONE',  ( 1351.149957450336387, 759.9950541884884387, 49.45062278368504849 ) ) ;
#3764 = CARTESIAN_POINT ( 'NONE',  ( 1284.917323301605393, 492.7676228333167501, -62.40011385214108230 ) ) ;
#3765 = CARTESIAN_POINT ( 'NONE',  ( 559.9999999999998863, -9.755775101995254772, -9.855455010500676849 ) ) ;
#3766 = CARTESIAN_POINT ( 'NONE',  ( 675.9334036502706340, 35.03698218603260983, 15.42422857753400400 ) ) ;
#3767 = CARTESIAN_POINT ( 'NONE',  ( 1354.246154696264057, 869.9383327940613526, 80.98505816480039243 ) ) ;
#3768 = CARTESIAN_POINT ( 'NONE',  ( 1422.907941438490980, 752.7510671166764951, -83.44040749151618286 ) ) ;
#3769 = CARTESIAN_POINT ( 'NONE',  ( 1205.984773544046220, 533.5991056432111463, 102.2993447306113666 ) ) ;
#3770 = CARTESIAN_POINT ( 'NONE',  ( 1250.271925451599373, 574.7849150524222068, 76.50137856791077695 ) ) ;
#3771 = CARTESIAN_POINT ( 'NONE',  ( 560.0000000000003411, -2.898387325766242917, -18.81868613030460580 ) ) ;
#3772 = CARTESIAN_POINT ( 'NONE',  ( 676.4701799319909696, 22.55111884405416944, 8.708122767076924120 ) ) ;
#3773 = CARTESIAN_POINT ( 'NONE',  ( 1145.796025007419303, 359.1337727142164340, 3.635078608823051560 ) ) ;
#3774 = CARTESIAN_POINT ( 'NONE',  ( 1399.976137011355149, 670.1126247230282615, -89.49315125243990110 ) ) ;
#3775 = CARTESIAN_POINT ( 'NONE',  ( 1131.790450277540003, 403.7532068816562969, 74.41740142219917686 ) ) ;
#3776 = CARTESIAN_POINT ( 'NONE',  ( 848.2430750799358066, 78.55720418229168445, -43.19867529782037963 ) ) ;
#3777 = CARTESIAN_POINT ( 'NONE',  ( 1046.376404098488820, 285.6726570867156170, 48.74316181581253460 ) ) ;
#3778 = CARTESIAN_POINT ( 'NONE',  ( 791.3685476931972289, 57.37778614758933315, -48.36787714115476433 ) ) ;
#3779 = CARTESIAN_POINT ( 'NONE',  ( 1161.667674898358200, 308.6081929264310020, -75.12332990517681708 ) ) ;
#3780 = CARTESIAN_POINT ( 'NONE',  ( 1368.753094679225569, 953.6855197669804056, 92.74100822157257085 ) ) ;
#3781 = CARTESIAN_POINT ( 'NONE',  ( 1172.425187822527960, 461.3769257593040152, 86.41662176401791839 ) ) ;
#3782 = CARTESIAN_POINT ( 'NONE',  ( 1425.644993860505338, 748.0780525699854024, -91.62405872565486220 ) ) ;
#3783 = CARTESIAN_POINT ( 'NONE',  ( 790.7257481342477377, 64.36216239105726800, 3.296474871805243456 ) ) ;
#3784 = CARTESIAN_POINT ( 'NONE',  ( 676.1862634069480009, 29.26876311818312359, 20.83812400900519179 ) ) ;
#3785 = CARTESIAN_POINT ( 'NONE',  ( 559.9999999999993179, 0.1094816501459548591, -6.443012123635422306 ) ) ;
#3786 = CARTESIAN_POINT ( 'NONE',  ( 1286.592073972960634, 488.8399170208319902, -48.53461471058808030 ) ) ;
#3787 = CARTESIAN_POINT ( 'NONE',  ( 1371.432733824488878, 949.4747718068181257, 89.78515191004727569 ) ) ;
#3788 = CARTESIAN_POINT ( 'NONE',  ( 1434.236020225561560, 921.0270370151599764, -22.61498950034598820 ) ) ;
#3789 = CARTESIAN_POINT ( 'NONE',  ( 560.0000000000003411, -6.118257290190900477, -23.38344798477131192 ) ) ;
#3790 = CARTESIAN_POINT ( 'NONE',  ( 676.7258361454495343, 16.16173432759994455, -36.53170470203500031 ) ) ;
#3791 = CARTESIAN_POINT ( 'NONE',  ( 1356.212211142053320, 750.6668000848435440, 23.49428846570939555 ) ) ;
#3792 = CARTESIAN_POINT ( 'NONE',  ( 1089.840257939765024, 345.2459016599995607, 76.14987350487632511 ) ) ;
#3793 = CARTESIAN_POINT ( 'NONE',  ( 843.0465854801719843, 120.7345146894391803, 36.72636039011898390 ) ) ;
#3794 = CARTESIAN_POINT ( 'NONE',  ( 1060.570719829690916, 228.1909282625676951, -31.13630157968900747 ) ) ;
#3795 = CARTESIAN_POINT ( 'NONE',  ( 995.3447924311286670, 252.3626167546036356, 75.10957168799495776 ) ) ;
#3796 = CARTESIAN_POINT ( 'NONE',  ( 1372.593571441007953, 947.6497202033490339, 79.43314103613457178 ) ) ;
#3797 = CARTESIAN_POINT ( 'NONE',  ( 618.5731354240349447, 8.630639460870309421, -19.12266881445843936 ) ) ;
#3798 = CARTESIAN_POINT ( 'NONE',  ( 1390.015918786288466, 808.9061113013481190, 15.41485532858324525 ) ) ;
#3799 = CARTESIAN_POINT ( 'NONE',  ( 579.4432168028217802, 1.796479351232601385, -15.84734311461018841 ) ) ;
#3800 = CARTESIAN_POINT ( 'NONE',  ( 1155.657603443838525, 327.7793532417861115, -26.48891523984693919 ) ) ;
#3801 = CARTESIAN_POINT ( 'NONE',  ( 949.7687007971655930, 186.9855675737327090, 26.21214600459605037 ) ) ;
#3802 = CARTESIAN_POINT ( 'NONE',  ( 675.7389925894913176, 39.72457900548677401, 29.84026063631415582 ) ) ;
#3803 = CARTESIAN_POINT ( 'NONE',  ( 902.2810514192420897, 117.5705883747690734, -50.77547452819523244 ) ) ;
#3804 = CARTESIAN_POINT ( 'NONE',  ( 1428.151076659788259, 965.2465050185481914, 1.561919453684835535 ) ) ;
#3805 = CARTESIAN_POINT ( 'NONE',  ( 732.5364679613226144, 62.00477129060044490, 39.36510657152092563 ) ) ;
#3806 = CARTESIAN_POINT ( 'NONE',  ( 844.3005373969489256, 110.6359896896556734, 33.75675028460379679 ) ) ;
#3807 = CARTESIAN_POINT ( 'NONE',  ( 1248.405856046919553, 423.4547117806230290, -80.69784631491002358 ) ) ;
#3808 = CARTESIAN_POINT ( 'NONE',  ( 1186.963872587476772, 419.7448344100787381, 32.76293656121251985 ) ) ;
#3809 = CARTESIAN_POINT ( 'NONE',  ( 733.2525929644035614, 51.22183400687682564, -0.2369132192392001957 ) ) ;
#3810 = CARTESIAN_POINT ( 'NONE',  ( 791.7934305344688255, 52.98279869323705782, -40.37413228176698254 ) ) ;
#3811 = CARTESIAN_POINT ( 'NONE',  ( 842.5894389588545437, 124.4569163565249710, 44.89327740637497755 ) ) ;
#3812 = CARTESIAN_POINT ( 'NONE',  ( 618.7008066772935990, 2.109238341241198800, -0.7905468536891370190 ) ) ;
#3813 = CARTESIAN_POINT ( 'NONE',  ( 1281.066989722390190, 645.4009860789523145, 70.23807125639524429 ) ) ;
#3814 = CARTESIAN_POINT ( 'NONE',  ( 618.6680682741322244, 3.328955563796791584, -31.37171727208060190 ) ) ;
#3815 = CARTESIAN_POINT ( 'NONE',  ( 1063.269689477496286, 217.2120038309174106, -68.21474261837687436 ) ) ;
#3816 = CARTESIAN_POINT ( 'NONE',  ( 675.7115595607618843, 40.46978644844102746, 37.23413768548972058 ) ) ;
#3817 = CARTESIAN_POINT ( 'NONE',  ( 1451.893013431488498, 930.1844291240086022, -50.23890785304555351 ) ) ;
#3818 = CARTESIAN_POINT ( 'NONE',  ( 1178.720742132801888, 443.3508177596027622, 64.35264929178958937 ) ) ;
#3819 = CARTESIAN_POINT ( 'NONE',  ( 1151.391965485176115, 341.3042774793010494, -27.60781494082325693 ) ) ;
#3820 = CARTESIAN_POINT ( 'NONE',  ( 1111.743061577936487, 266.9949958958410434, -50.88608356946866706 ) ) ;
#3821 = CARTESIAN_POINT ( 'NONE',  ( 946.8349182893101670, 203.0640370675030510, 65.11963651425378430 ) ) ;
#3822 = CARTESIAN_POINT ( 'NONE',  ( 1239.079007283097098, 447.6731304396946030, -35.60302965282016174 ) ) ;
#3823 = CARTESIAN_POINT ( 'NONE',  ( 560.0000000000003411, -6.317077562184532979, -23.39219910140914749 ) ) ;
#3824 = CARTESIAN_POINT ( 'NONE',  ( 560.0000000000001137, -6.519782963949646515, -23.37953276654151935 ) ) ;
#3825 = CARTESIAN_POINT ( 'NONE',  ( 1000.885728648603958, 226.4901515301320671, 23.30651497017858631 ) ) ;
#3826 = CARTESIAN_POINT ( 'NONE',  ( 618.4654164734787400, 15.53684972723554303, 24.73803403290409619 ) ) ;
#3827 = CARTESIAN_POINT ( 'NONE',  ( 1410.668681075903805, 991.0644947922850179, 34.59201749376568102 ) ) ;
#3828 = CARTESIAN_POINT ( 'NONE',  ( 902.9989358202303720, 113.0060993904218094, -24.55133083917413472 ) ) ;
#3829 = CARTESIAN_POINT ( 'NONE',  ( 675.7188286850530403, 40.30094822974116653, 37.08874079750592756 ) ) ;
#3830 = CARTESIAN_POINT ( 'NONE',  ( 1087.091506883737111, 355.0494417225460779, 82.73439640990953592 ) ) ;
#3831 = CARTESIAN_POINT ( 'NONE',  ( 579.4464045266824996, 1.355216109986735473, -17.57091393017714154 ) ) ;
#3832 = ADVANCED_FACE ( 'NONE', ( #89 ), #982, .T. ) ;
#3833 = CARTESIAN_POINT ( 'NONE',  ( 733.9602227920170208, 40.94714923183818200, 5.198385023067391586 ) ) ;
#3834 = CARTESIAN_POINT ( 'NONE',  ( 1321.742539298284328, 557.2022736438444781, -60.23460059917000109 ) ) ;
#3835 = CARTESIAN_POINT ( 'NONE',  ( 1436.814190809506727, 952.4528240008114608, -8.811534461825546671 ) ) ;
#3836 = CARTESIAN_POINT ( 'NONE',  ( 897.5735200759550025, 148.4667261338037463, 23.68656189108158827 ) ) ;
#3837 = CARTESIAN_POINT ( 'NONE',  ( 1397.414711875002240, 976.9509429156704527, 50.52566325830303384 ) ) ;
#3838 = CARTESIAN_POINT ( 'NONE',  ( 676.4858980514688938, 21.78335686455659115, -29.98306767878182910 ) ) ;
#3839 = CARTESIAN_POINT ( 'NONE',  ( 1411.544721005243446, 886.4409128753507048, 2.634318505747628159 ) ) ;
#3840 = CARTESIAN_POINT ( 'NONE',  ( 1094.154179465333755, 329.8430754481706231, 56.70587215099661194 ) ) ;
#3841 = CARTESIAN_POINT ( 'NONE',  ( 560.0000000000001137, -3.032705070572347061, -19.19510859994011653 ) ) ;
#3842 = CARTESIAN_POINT ( 'NONE',  ( 953.3448774710512907, 167.5399953077119903, 14.02059170869529225 ) ) ;
#3843 = CARTESIAN_POINT ( 'NONE',  ( 952.0452914010214727, 174.5339473283338236, 0.3804807068468273878 ) ) ;
#3844 = CARTESIAN_POINT ( 'NONE',  ( 1451.075127830447855, 931.3922820170744217, -43.57424102088497619 ) ) ;
#3845 = CARTESIAN_POINT ( 'NONE',  ( 788.0668669608298842, 92.33379231130172116, 40.67576365867804356 ) ) ;
#3846 = CARTESIAN_POINT ( 'NONE',  ( 1277.198325717617081, 511.0753127460076826, -10.29710038794485172 ) ) ;
#3847 = CARTESIAN_POINT ( 'NONE',  ( 1135.010724232376788, 393.4946253142305750, 58.92702966095523465 ) ) ;
#3848 = CARTESIAN_POINT ( 'NONE',  ( 1427.905138398919917, 744.2198874257634316, -97.38503937146910516 ) ) ;
#3849 = CARTESIAN_POINT ( 'NONE',  ( 1294.324895747351775, 470.5215689740406901, -90.79940073236684839 ) ) ;
#3850 = CARTESIAN_POINT ( 'NONE',  ( 895.0732658417258563, 164.8973798895190157, 62.11987894972517665 ) ) ;
#3851 = CARTESIAN_POINT ( 'NONE',  ( 1376.910652178560440, 940.8676589931294529, 79.94844892371226308 ) ) ;
#3852 = CARTESIAN_POINT ( 'NONE',  ( 1251.397882881273972, 415.6864795833754442, -95.84805291366046731 ) ) ;
#3853 = VERTEX_POINT ( 'NONE', #4819 ) ;
#3854 = CARTESIAN_POINT ( 'NONE',  ( 1284.871838081526676, 637.1677620720788582, 72.24712173513334790 ) ) ;
#3855 = CARTESIAN_POINT ( 'NONE',  ( 579.4287713770418122, 3.787823017727566910, -7.178073749303760742 ) ) ;
#3856 = CARTESIAN_POINT ( 'NONE',  ( 1159.555186611639101, 315.3537976647947403, -54.31402051023952282 ) ) ;
#3857 = CARTESIAN_POINT ( 'NONE',  ( 791.7585327070695485, 53.40013184091233711, -30.28935641052344252 ) ) ;
#3858 = CARTESIAN_POINT ( 'NONE',  ( 1043.566550194978390, 297.0917634915861640, 76.27577205359541779 ) ) ;
#3859 = CARTESIAN_POINT ( 'NONE',  ( 1424.777461831798519, 865.6446838293959445, -26.12864097381810069 ) ) ;
#3860 = CARTESIAN_POINT ( 'NONE',  ( 618.6913744825499180, 2.007346228091299700, -31.50249716193933480 ) ) ;
#3861 = CARTESIAN_POINT ( 'NONE',  ( 1209.404413107716209, 355.4170755718234886, -96.07689548028781701 ) ) ;
#3862 = CARTESIAN_POINT ( 'NONE',  ( 1258.982140906926361, 554.1536508510073418, 34.78492145999576479 ) ) ;
#3863 = CARTESIAN_POINT ( 'NONE',  ( 1330.854264318361402, 797.3445689198475748, 93.96652059100027543 ) ) ;
#3864 = CARTESIAN_POINT ( 'NONE',  ( 896.1553358379072733, 157.7756135839410376, 43.05050133316029815 ) ) ;
#3865 = CARTESIAN_POINT ( 'NONE',  ( 847.8640383548641921, 81.68795616902355050, -24.29206996632964888 ) ) ;
#3866 = CARTESIAN_POINT ( 'NONE',  ( 995.3782552356834685, 252.2082084978603973, 75.34501674313617059 ) ) ;
#3867 = CARTESIAN_POINT ( 'NONE',  ( 1402.085740292102400, 1003.739775838391211, 50.08686084421464102 ) ) ;
#3868 = CARTESIAN_POINT ( 'NONE',  ( 1445.372050981606435, 939.8145819848260771, -34.91163314277213914 ) ) ;
#3869 = CARTESIAN_POINT ( 'NONE',  ( 1380.647372631279268, 705.7023695797432765, -24.66255885035699436 ) ) ;
#3870 = CARTESIAN_POINT ( 'NONE',  ( 675.9489359817285958, 34.66232133416181682, 14.21956518946690018 ) ) ;
#3871 = CARTESIAN_POINT ( 'NONE',  ( 1131.490673928326032, 404.7080606459851424, 75.76204254204991173 ) ) ;
#3872 = CARTESIAN_POINT ( 'NONE',  ( 1009.068885694042137, 188.2972433136332597, -58.21433936050549107 ) ) ;
#3873 = CARTESIAN_POINT ( 'NONE',  ( 1335.374178409975002, 665.0604996426711750, 3.111069247217821854 ) ) ;
#3874 = CARTESIAN_POINT ( 'NONE',  ( 560.0000000000003411, -0.2937933668658344599, 14.21228943292648061 ) ) ;
#3875 = CARTESIAN_POINT ( 'NONE',  ( 733.9436233310544822, 40.92130826438954472, -33.15857687857855751 ) ) ;
#3876 = CARTESIAN_POINT ( 'NONE',  ( 900.3893206372524673, 130.1185501613288977, 12.46861440949389532 ) ) ;
#3877 = CARTESIAN_POINT ( 'NONE',  ( 1267.514253085309747, 533.9603233961380511, 4.960103969673814284 ) ) ;
#3878 = CARTESIAN_POINT ( 'NONE',  ( 1450.194235116705613, 896.7912277298561321, -54.72162730395241681 ) ) ;
#3879 = CARTESIAN_POINT ( 'NONE',  ( 996.4203327626372584, 247.3292514755006835, 60.95396651121564702 ) ) ;
#3880 = CARTESIAN_POINT ( 'NONE',  ( 1193.981663566953785, 399.6441681755810009, 2.965647627590965563 ) ) ;
#3881 = CARTESIAN_POINT ( 'NONE',  ( 1248.008881850269972, 580.1229966284423654, 71.04093666693383113 ) ) ;
#3882 = CARTESIAN_POINT ( 'NONE',  ( 676.5885731350006154, 19.38879389425336086, -35.22593007561334133 ) ) ;
#3883 = CARTESIAN_POINT ( 'NONE',  ( 734.5939505888327403, 31.40610136200895752, -37.10729705782758714 ) ) ;
#3884 = CARTESIAN_POINT ( 'NONE',  ( 1321.960214024940569, 813.7111553850686505, 109.9030276439467002 ) ) ;
#3885 = CARTESIAN_POINT ( 'NONE',  ( 1133.129409179710592, 399.5117731249808912, 79.02164560201420329 ) ) ;
#3886 = CARTESIAN_POINT ( 'NONE',  ( 1250.612680760183821, 417.7244472717844701, -92.41100509883550274 ) ) ;
#3887 = CARTESIAN_POINT ( 'NONE',  ( 618.6869341057453084, 2.908623178251457553, 1.210518202233751728 ) ) ;
#3888 = CARTESIAN_POINT ( 'NONE',  ( 999.9718940194800325, 230.8142269506459741, 48.34177784139425427 ) ) ;
#3889 = CARTESIAN_POINT ( 'NONE',  ( 900.2080629062120352, 131.1711073950572199, -15.69233887799333083 ) ) ;
#3890 = CARTESIAN_POINT ( 'NONE',  ( 957.8473619370222423, 142.9164063796886239, -42.77787102250625395 ) ) ;
#3891 = CARTESIAN_POINT ( 'NONE',  ( 734.6203572760070983, 31.08737336292806219, -26.88806737673629144 ) ) ;
#3892 = CARTESIAN_POINT ( 'NONE',  ( 1271.898567416438482, 665.2873479338165907, 105.2610242026822931 ) ) ;
#3893 = CARTESIAN_POINT ( 'NONE',  ( 618.5453927272269539, 10.25509418163464659, -12.49552644249443034 ) ) ;
#3894 = CARTESIAN_POINT ( 'NONE',  ( 903.4237558627614817, 110.1014301825605202, -60.51773911654728266 ) ) ;
#3895 = CARTESIAN_POINT ( 'NONE',  ( 734.3890777721150016, 34.35624444786002130, -42.29049226160783803 ) ) ;
#3896 = CARTESIAN_POINT ( 'NONE',  ( 618.7349103820423579, -0.3575619528947169279, -29.71345465865880442 ) ) ;
#3897 = CARTESIAN_POINT ( 'NONE',  ( 1325.583183266855940, 684.5968622133258350, 30.56761474455921501 ) ) ;
#3898 = CARTESIAN_POINT ( 'NONE',  ( 618.4582818242026860, 15.94166374708272471, 25.34610058264106058 ) ) ;
#3899 = CARTESIAN_POINT ( 'NONE',  ( 1133.548726197573842, 398.1519704878911625, 65.88371482274180835 ) ) ;
#3900 = CARTESIAN_POINT ( 'NONE',  ( 903.1907074526963015, 111.7441179831728846, -28.66897325768371019 ) ) ;
#3901 = CARTESIAN_POINT ( 'NONE',  ( 787.9287367470182062, 93.83696364935831014, 49.59497978914727412 ) ) ;
#3902 = CARTESIAN_POINT ( 'NONE',  ( 790.5649018155148724, 65.84137800067829005, -30.52841014266478226 ) ) ;
#3903 = CARTESIAN_POINT ( 'NONE',  ( 1149.265691416378331, 348.1394768432052729, 8.449912046567312984 ) ) ;
#3904 = CARTESIAN_POINT ( 'NONE',  ( 847.8005315381481068, 82.20690089841846770, -22.44469454230437577 ) ) ;
#3905 = CARTESIAN_POINT ( 'NONE',  ( 843.4155151813899920, 117.7301887642269378, 30.02399819005046666 ) ) ;
#3906 = CARTESIAN_POINT ( 'NONE',  ( 1375.498393912969959, 943.0854662176715237, 74.78100374647101489 ) ) ;
#3907 = CARTESIAN_POINT ( 'NONE',  ( 790.8506128695038342, 62.82274110485493424, -39.32708613871542980 ) ) ;
#3908 = CARTESIAN_POINT ( 'NONE',  ( 1146.152653385217036, 357.9975160718597067, 1.696307416778281230 ) ) ;
#3909 = CARTESIAN_POINT ( 'NONE',  ( 1254.501023945922270, 564.7799707287825868, 64.13829627271967126 ) ) ;
#3910 = CARTESIAN_POINT ( 'NONE',  ( 1392.889948366880617, 683.1489151031694291, -77.80437403481143122 ) ) ;
#3911 = CARTESIAN_POINT ( 'NONE',  ( 1356.734598556981155, 749.7158430402095064, 36.38558776141786666 ) ) ;
#3912 = CARTESIAN_POINT ( 'NONE',  ( 1002.355831545743968, 219.6285654969544794, 10.04863337546832547 ) ) ;
#3913 = CARTESIAN_POINT ( 'NONE',  ( 1293.553939280752274, 472.3497513641322598, -85.50730926969893630 ) ) ;
#3914 = CARTESIAN_POINT ( 'NONE',  ( 1354.971998054073310, 868.6996873916309596, 79.40977215520764787 ) ) ;
#3915 = CARTESIAN_POINT ( 'NONE',  ( 955.0396022159567337, 158.2846442828456475, -2.687506870888209942 ) ) ;
#3916 = CARTESIAN_POINT ( 'NONE',  ( 788.3160859268380136, 89.69219293276333360, 34.48179903496751564 ) ) ;
#3917 = CARTESIAN_POINT ( 'NONE',  ( 1160.236858629768449, 313.1227935277011625, -85.03137540694288532 ) ) ;
#3918 = CARTESIAN_POINT ( 'NONE',  ( 618.3908190992744949, 19.76939000025157966, 30.92425666631992698 ) ) ;
#3919 = CARTESIAN_POINT ( 'NONE',  ( 896.5013897212520533, 155.5643772950397192, 51.00433487538015953 ) ) ;
#3920 = CARTESIAN_POINT ( 'NONE',  ( 1330.954821398249351, 537.2234355363024179, -96.56265020678760891 ) ) ;
#3921 = CARTESIAN_POINT ( 'NONE',  ( 1365.598550818939884, 850.5731872891459489, 67.56313757937277842 ) ) ;
#3922 = CARTESIAN_POINT ( 'NONE',  ( 1372.069350145579392, 721.4783671356348123, -17.36225764810561145 ) ) ;
#3923 = CARTESIAN_POINT ( 'NONE',  ( 1363.340948203260723, 609.2714910464821969, -69.38537241192021554 ) ) ;
#3924 = CARTESIAN_POINT ( 'NONE',  ( 579.5079343844420237, -7.320538285345644880, -18.24248161260210210 ) ) ;
#3925 = CARTESIAN_POINT ( 'NONE',  ( 732.7774848731195334, 58.31994218492695836, 20.60065328188364120 ) ) ;
#3926 = CARTESIAN_POINT ( 'NONE',  ( 560.0000000000010232, 0.4544007154728858522, -4.888451335377595797 ) ) ;
#3927 = CARTESIAN_POINT ( 'NONE',  ( 1209.085046056942929, 356.3260423012515048, -96.78794545209417777 ) ) ;
#3928 = CARTESIAN_POINT ( 'NONE',  ( 1371.360141581077414, 593.2516961912236866, -110.1572975940551942 ) ) ;
#3929 = CARTESIAN_POINT ( 'NONE',  ( 732.7401772274949963, 58.99570632139201365, 35.41689782478230342 ) ) ;
#3930 = CARTESIAN_POINT ( 'NONE',  ( 1045.281848725504233, 290.1115449730731370, 56.12565307873312292 ) ) ;
#3931 = CARTESIAN_POINT ( 'NONE',  ( 1061.100064094697473, 226.0420842418933773, -36.50154034133439751 ) ) ;
#3932 = CARTESIAN_POINT ( 'NONE',  ( 1368.812795358774110, 953.5917668257126252, 93.65307027744373158 ) ) ;
#3933 = CARTESIAN_POINT ( 'NONE',  ( 1414.361266047880235, 767.3410358465858963, -59.37871626638207800 ) ) ;
#3934 = CARTESIAN_POINT ( 'NONE',  ( 788.3801728325572640, 89.08812746121093085, 43.38225790438372087 ) ) ;
#3935 = CARTESIAN_POINT ( 'NONE',  ( 1043.566550194978390, 297.0917634915861640, 76.27577205359541779 ) ) ;
#3936 = CARTESIAN_POINT ( 'NONE',  ( 618.7651528688717235, -1.700225894060756193, -15.34768109633630573 ) ) ;
#3937 = CARTESIAN_POINT ( 'NONE',  ( 1343.947370630889964, 773.2417407613569367, 53.48688196538544304 ) ) ;
#3938 = CARTESIAN_POINT ( 'NONE',  ( 1353.517440000103988, 871.1818578758554850, 82.52351496092013861 ) ) ;
#3939 = CARTESIAN_POINT ( 'NONE',  ( 560.0000000000000000, -3.172801544716458366, -19.56764621558099648 ) ) ;
#3940 = CARTESIAN_POINT ( 'NONE',  ( 1434.691709420919096, 955.5873030556122103, -4.464224580409564602 ) ) ;
#3941 = CARTESIAN_POINT ( 'NONE',  ( 579.4304883781927629, 3.385564735449617668, 15.18348808373776571 ) ) ;
#3942 = CARTESIAN_POINT ( 'NONE',  ( 1441.515768813838804, 839.3357834496528085, -66.60675928401006729 ) ) ;
#3943 = CARTESIAN_POINT ( 'NONE',  ( 1149.265691416378331, 348.1394768432052729, 8.449912046567312984 ) ) ;
#3944 = CARTESIAN_POINT ( 'NONE',  ( 1266.268341449984973, 536.9091443486354365, 9.412437289108721572 ) ) ;
#3945 = CARTESIAN_POINT ( 'NONE',  ( 579.4996205914736720, -6.107573606926165688, -23.88494053464852840 ) ) ;
#3946 = CARTESIAN_POINT ( 'NONE',  ( 1208.119702661992278, 528.0492218346834079, 85.65487683114541539 ) ) ;
#3947 = CARTESIAN_POINT ( 'NONE',  ( 1007.459134569281105, 195.9161539509433112, -7.307218275911594674 ) ) ;
#3948 = CARTESIAN_POINT ( 'NONE',  ( 788.2854753910361296, 90.01694266057788241, 35.26478307370405219 ) ) ;
#3949 = CARTESIAN_POINT ( 'NONE',  ( 1450.246646531986698, 896.7107026922913064, -60.64638460212964333 ) ) ;
#3950 = CARTESIAN_POINT ( 'NONE',  ( 675.7266700261799315, 40.11796656242521664, 36.88319235214400749 ) ) ;
#3951 = CARTESIAN_POINT ( 'NONE',  ( 1406.634071397542812, 997.0228035902480315, 46.58037466708396579 ) ) ;
#3952 = CARTESIAN_POINT ( 'NONE',  ( 1448.945086548332483, 898.6876880748902749, -57.41253673020560200 ) ) ;
#3953 = CARTESIAN_POINT ( 'NONE',  ( 1146.152653385217036, 357.9975160718597067, 1.696307416778281230 ) ) ;
#3954 = CARTESIAN_POINT ( 'NONE',  ( 789.6730334236015096, 75.46835220773635911, 23.51651118938984908 ) ) ;
#3955 = CARTESIAN_POINT ( 'NONE',  ( 1003.872519911265044, 212.5493332876633303, -4.087141012015196750 ) ) ;
#3956 = CARTESIAN_POINT ( 'NONE',  ( 734.6203572760070983, 31.08737336292806219, -26.88806737673629144 ) ) ;
#3957 = CARTESIAN_POINT ( 'NONE',  ( 957.6375630799184364, 144.0694192371202860, -38.13906918661238166 ) ) ;
#3958 = CARTESIAN_POINT ( 'NONE',  ( 788.7961252218615300, 84.60113894314940808, 21.97491037121358204 ) ) ;
#3959 = CARTESIAN_POINT ( 'NONE',  ( 618.5029345588026217, 12.78040423197814235, -2.391165892471112109 ) ) ;
#3960 = CARTESIAN_POINT ( 'NONE',  ( 579.3740941308610672, 11.26348031583714793, 25.72832443461978968 ) ) ;
#3961 = CARTESIAN_POINT ( 'NONE',  ( 1430.030013024342679, 740.5948350529863546, -101.7051592987535429 ) ) ;
#3962 = CARTESIAN_POINT ( 'NONE',  ( 676.8208766885578598, 13.98132578369575896, -34.30154909656855011 ) ) ;
#3963 = CARTESIAN_POINT ( 'NONE',  ( 843.8846203710708096, 113.9095912489572981, 21.23656553217528398 ) ) ;
#3964 = CARTESIAN_POINT ( 'NONE',  ( 1278.794272478661924, 650.3410768391815964, 87.99086416171898861 ) ) ;
#3965 = CARTESIAN_POINT ( 'NONE',  ( 1355.111900910945451, 625.6736229023139231, -57.03028920352328868 ) ) ;
#3966 = CARTESIAN_POINT ( 'NONE',  ( 732.5056554101628308, 62.37938568966600172, 31.62210849914095334 ) ) ;
#3967 = CARTESIAN_POINT ( 'NONE',  ( 1157.499532200170279, 321.9088902848273506, -38.67576614733551565 ) ) ;
#3968 = CARTESIAN_POINT ( 'NONE',  ( 732.3867000950185684, 64.21714637824784688, 42.67836656565728504 ) ) ;
#3969 = CARTESIAN_POINT ( 'NONE',  ( 676.3561683440713068, 24.86087073740971576, -19.70620880828721866 ) ) ;
#3970 = CARTESIAN_POINT ( 'NONE',  ( 618.7106858035522237, 0.9281876835960664041, -31.11025895883609138 ) ) ;
#3971 = CARTESIAN_POINT ( 'NONE',  ( 903.7682412425025404, 107.8741380137968093, -58.71386361936442455 ) ) ;
#3972 = CARTESIAN_POINT ( 'NONE',  ( 842.8561992078936100, 122.3438372266992502, 49.83747564780616557 ) ) ;
#3973 = CARTESIAN_POINT ( 'NONE',  ( 1088.088581877331762, 351.5008775918623201, 83.99246439989723001 ) ) ;
#3974 = CARTESIAN_POINT ( 'NONE',  ( 791.6165514778413126, 54.92536570147770192, -21.97811388276909028 ) ) ;
#3975 = CARTESIAN_POINT ( 'NONE',  ( 1389.639607949620313, 920.8641963851682704, 47.44407695909558242 ) ) ;
#3976 = CARTESIAN_POINT ( 'NONE',  ( 1043.613699543873508, 296.8761881718929203, 67.13175002409401770 ) ) ;
#3977 = CARTESIAN_POINT ( 'NONE',  ( 1442.121877968920899, 838.3830449297608993, -68.14621592912804715 ) ) ;
#3978 = CARTESIAN_POINT ( 'NONE',  ( 1429.310564447618844, 963.5341742509846199, 6.176292372087925919 ) ) ;
#3979 = CARTESIAN_POINT ( 'NONE',  ( 1139.652899971548777, 378.7461499249671988, 52.61751644351743806 ) ) ;
#3980 = CARTESIAN_POINT ( 'NONE',  ( 579.4517707655996901, 0.6083967918608033099, -20.13258528749436138 ) ) ;
#3981 = CARTESIAN_POINT ( 'NONE',  ( 1370.295448448225216, 724.7570222733273795, 2.941055810852605035 ) ) ;
#3982 = CARTESIAN_POINT ( 'NONE',  ( 844.4302779917697990, 109.4649501261365856, 10.63282173759576210 ) ) ;
#3983 = CARTESIAN_POINT ( 'NONE',  ( 1294.609601477158094, 469.8464609483107211, -92.79785773422740647 ) ) ;
#3984 = CARTESIAN_POINT ( 'NONE',  ( 560.0000000000001137, 6.225886239596543525, 20.24920212307964107 ) ) ;
#3985 = CARTESIAN_POINT ( 'NONE',  ( 675.7884841594473073, 38.53157244115980262, 26.21527919504860549 ) ) ;
#3986 = CARTESIAN_POINT ( 'NONE',  ( 1061.925865730419901, 222.6098717971374299, -75.85599155565469687 ) ) ;
#3987 = CARTESIAN_POINT ( 'NONE',  ( 1226.742273681770257, 479.7364332604404353, 34.34776510736769950 ) ) ;
#3988 = CARTESIAN_POINT ( 'NONE',  ( 1401.131357183809087, 1005.149208156270788, 55.54120435507066134 ) ) ;
#3989 = CARTESIAN_POINT ( 'NONE',  ( 560.0000000000009095, 0.9427413418535425249, 16.25855457974424212 ) ) ;
#3990 = CARTESIAN_POINT ( 'NONE',  ( 1009.758716690698520, 185.0830545296157936, -65.44299993740476395 ) ) ;
#3991 = CARTESIAN_POINT ( 'NONE',  ( 560.0000000000000000, -2.621962747555749207, -18.05235730928569282 ) ) ;
#3992 = CARTESIAN_POINT ( 'NONE',  ( 676.2410711574469815, 27.97322441789547653, 18.67587890628252012 ) ) ;
#3993 = CARTESIAN_POINT ( 'NONE',  ( 676.1382739497155399, 30.09631112127731356, -1.090465406616774269 ) ) ;
#3994 = CARTESIAN_POINT ( 'NONE',  ( 1292.220055892941218, 475.5107357995994448, -77.37703745349773499 ) ) ;
#3995 = CARTESIAN_POINT ( 'NONE',  ( 1438.704516017967990, 843.7598438776146850, -47.98768584465256737 ) ) ;
#3996 = CARTESIAN_POINT ( 'NONE',  ( 1253.794708490550420, 566.4304595225586354, 52.20520007155307951 ) ) ;
#3997 = CARTESIAN_POINT ( 'NONE',  ( 895.0460216236928090, 165.0692291600748263, 60.86179390285422386 ) ) ;
#3998 = CARTESIAN_POINT ( 'NONE',  ( 1433.240900720339368, 957.7298563467503527, -8.600423019355680765 ) ) ;
#3999 = CARTESIAN_POINT ( 'NONE',  ( 1240.190688300985357, 598.6243028563973212, 94.85847742988170239 ) ) ;
#4000 = CARTESIAN_POINT ( 'NONE',  ( 1161.828894994482425, 308.0601221544476402, -90.49833096014810963 ) ) ;
#4001 = CARTESIAN_POINT ( 'NONE',  ( 949.5727258044688597, 188.0573631636863468, 28.34985434376818247 ) ) ;
#4002 = CARTESIAN_POINT ( 'NONE',  ( 1212.384632328513590, 516.9935491687240301, 82.26363563409682911 ) ) ;
#4003 = CARTESIAN_POINT ( 'NONE',  ( 790.3686752952901315, 67.92027854047545077, -24.09555516372278205 ) ) ;
#4004 = CARTESIAN_POINT ( 'NONE',  ( 1173.597256493734676, 458.0017304257855244, 71.23153594648515252 ) ) ;
#4005 = CARTESIAN_POINT ( 'NONE',  ( 734.5707400105752640, 31.85006081968579750, -21.06710045893385441 ) ) ;
#4006 = CARTESIAN_POINT ( 'NONE',  ( 1168.595268038583299, 472.3423923404221796, 99.66946683944330232 ) ) ;
#4007 = CARTESIAN_POINT ( 'NONE',  ( 676.3840259444159528, 24.19575069100109843, -22.13958532912115729 ) ) ;
#4008 = CARTESIAN_POINT ( 'NONE',  ( 579.4908238075319105, -4.857131179104499985, -25.63136624930366736 ) ) ;
#4009 = CARTESIAN_POINT ( 'NONE',  ( 1452.671010556484134, 929.0354835049317899, -48.50650746726037710 ) ) ;
#4010 = CARTESIAN_POINT ( 'NONE',  ( 1241.625701525892055, 595.2385313609080413, 100.4395293393870361 ) ) ;
#4011 = CARTESIAN_POINT ( 'NONE',  ( 788.3801728325572640, 89.08812746121093085, 43.38225790438372087 ) ) ;
#4012 = CARTESIAN_POINT ( 'NONE',  ( 1009.960697091729003, 184.2382925773535476, -33.83758507588909481 ) ) ;
#4013 = CARTESIAN_POINT ( 'NONE',  ( 788.6784019971494217, 85.84974713974736460, 25.11299025713802990 ) ) ;
#4014 = CARTESIAN_POINT ( 'NONE',  ( 842.5366360661631688, 124.8862395917340251, 45.69144115796412819 ) ) ;
#4015 = CARTESIAN_POINT ( 'NONE',  ( 560.0000000000003411, -2.898387325766242917, -18.81868613030460580 ) ) ;
#4016 = APPROVAL_STATUS ( 'not_yet_approved' ) ;
#4017 = CARTESIAN_POINT ( 'NONE',  ( 676.2769482043794369, 27.12496162733144445, 17.22310143587262488 ) ) ;
#4018 = CARTESIAN_POINT ( 'NONE',  ( 1008.628167232665760, 190.3531124848050240, -53.35678967080288260 ) ) ;
#4019 = CARTESIAN_POINT ( 'NONE',  ( 1055.674076422928010, 248.0459508606891177, 7.232408315654675235 ) ) ;
#4020 = CARTESIAN_POINT ( 'NONE',  ( 1416.418501198318154, 948.0880035289287662, 14.30698379846438328 ) ) ;
#4021 = CARTESIAN_POINT ( 'NONE',  ( 676.8294127834568599, 13.79440899073909677, -33.67588659023952147 ) ) ;
#4022 = CARTESIAN_POINT ( 'NONE',  ( 787.9664554043180260, 93.39907412487319505, 42.82978139666313666 ) ) ;
#4023 = CARTESIAN_POINT ( 'NONE',  ( 947.6595205770207713, 198.5198510520517630, 48.46602761659374181 ) ) ;
#4024 = CARTESIAN_POINT ( 'NONE',  ( 676.5368855950566740, 20.58415074128974354, -32.84346950206681726 ) ) ;
#4025 = CARTESIAN_POINT ( 'NONE',  ( 1333.856639886117819, 668.1079729619440286, 23.54200323748414903 ) ) ;
#4026 = CARTESIAN_POINT ( 'NONE',  ( 1168.595268038583299, 472.3423923404221796, 99.66946683944330232 ) ) ;
#4027 = CARTESIAN_POINT ( 'NONE',  ( 1335.323832050282135, 789.1194160652688652, 84.48925055032464115 ) ) ;
#4028 = CARTESIAN_POINT ( 'NONE',  ( 734.0720876785079554, 39.02255514371076117, -37.87010435968495159 ) ) ;
#4029 = CARTESIAN_POINT ( 'NONE',  ( 952.0452914010214727, 174.5339473283338236, 0.3804807068468273878 ) ) ;
#4030 = CARTESIAN_POINT ( 'NONE',  ( 1001.709473917677542, 222.7183676961429910, 36.91327370287240228 ) ) ;
#4031 = CARTESIAN_POINT ( 'NONE',  ( 1103.154740296350610, 297.6282829851876386, -15.13392576669521539 ) ) ;
#4032 = CARTESIAN_POINT ( 'NONE',  ( 676.8768045865432441, 12.76157213013092573, -27.43105660398169121 ) ) ;
#4033 = CARTESIAN_POINT ( 'NONE',  ( 1445.783349092408798, 903.4904038159297670, -41.90080119216959531 ) ) ;
#4034 = CARTESIAN_POINT ( 'NONE',  ( 843.6986337063467545, 115.4244213041576330, 24.75899829927789852 ) ) ;
#4035 = CARTESIAN_POINT ( 'NONE',  ( 1042.413986153955193, 301.7453833232701754, 77.09303732584058366 ) ) ;
#4036 = CARTESIAN_POINT ( 'NONE',  ( 1307.557349969680445, 587.9633222689386685, -10.77868144155188368 ) ) ;
#4037 = CARTESIAN_POINT ( 'NONE',  ( 1392.515805624719178, 984.3914548949470600, 58.94330370745822734 ) ) ;
#4038 = CARTESIAN_POINT ( 'NONE',  ( 1370.650968372372290, 594.6648475772807387, -108.9430514822977045 ) ) ;
#4039 = CARTESIAN_POINT ( 'NONE',  ( 788.9123702544859498, 83.36799939156597361, 18.82739123262930647 ) ) ;
#4040 = CARTESIAN_POINT ( 'NONE',  ( 896.8005767190617235, 153.6074572829722911, 48.36608461256098934 ) ) ;
#4041 = CARTESIAN_POINT ( 'NONE',  ( 790.4177144619734463, 67.40045362280687868, -25.70345867625012914 ) ) ;
#4042 = CARTESIAN_POINT ( 'NONE',  ( 947.3529332878774767, 200.1965608618290844, 51.68498048782596754 ) ) ;
#4043 = CARTESIAN_POINT ( 'NONE',  ( 1358.367807112158061, 619.1987937720879245, -50.48201447011442866 ) ) ;
#4044 = CARTESIAN_POINT ( 'NONE',  ( 995.4249440873870753, 251.9922962217303564, 75.40924793921122671 ) ) ;
#4045 = CARTESIAN_POINT ( 'NONE',  ( 1443.023603218705603, 943.2827680257929615, -29.53611273115558333 ) ) ;
#4046 = CARTESIAN_POINT ( 'NONE',  ( 958.3187872550624888, 140.2862884171108533, -64.61330440540442055 ) ) ;
#4047 = CARTESIAN_POINT ( 'NONE',  ( 579.4930131969206286, -5.162993489142995607, -25.39829469810153384 ) ) ;
#4048 = CARTESIAN_POINT ( 'NONE',  ( 1241.625701525892055, 595.2385313609080413, 100.4395293393870361 ) ) ;
#4049 = CARTESIAN_POINT ( 'NONE',  ( 1442.423967248092595, 944.1683100147569121, -21.16422773189052009 ) ) ;
#4050 = CARTESIAN_POINT ( 'NONE',  ( 1388.240577011784353, 923.0626463702965339, 50.19061222283467316 ) ) ;
#4051 = CARTESIAN_POINT ( 'NONE',  ( 1351.299377415945628, 874.9666895833875060, 86.63417571740775713 ) ) ;
#4052 = CARTESIAN_POINT ( 'NONE',  ( 1008.735254466989431, 189.8535430310389245, -54.57727107739213324 ) ) ;
#4053 = CARTESIAN_POINT ( 'NONE',  ( 560.0000000000003411, -1.865169707711999747, 11.44237346366873354 ) ) ;
#4054 = CARTESIAN_POINT ( 'NONE',  ( 579.4495719401594442, 0.9148664350618680441, -19.13887530047211172 ) ) ;
#4055 = CARTESIAN_POINT ( 'NONE',  ( 1364.944223498889187, 734.6063398798421531, 16.44769273048879299 ) ) ;
#4056 = CARTESIAN_POINT ( 'NONE',  ( 1424.721770801993216, 970.3109015506323658, 8.278470777104972811 ) ) ;
#4057 = CARTESIAN_POINT ( 'NONE',  ( 1450.893739660778692, 895.7289419323698212, -56.96236501581628175 ) ) ;
#4058 = CARTESIAN_POINT ( 'NONE',  ( 1208.563341034394170, 526.8976732170330024, 84.25911602015509061 ) ) ;
#4059 = CARTESIAN_POINT ( 'NONE',  ( 1398.490231519131157, 975.3174431260265465, 48.50915891945419389 ) ) ;
#4060 = CARTESIAN_POINT ( 'NONE',  ( 734.1141098421400102, 38.40804791602150914, -39.26607563990844341 ) ) ;
#4061 = CARTESIAN_POINT ( 'NONE',  ( 1188.404615609381153, 415.6185153241418107, 26.88597803946115050 ) ) ;
#4062 = CARTESIAN_POINT ( 'NONE',  ( 1042.413973821676336, 301.7558684687220421, 81.84574186264795514 ) ) ;
#4063 = CARTESIAN_POINT ( 'NONE',  ( 1398.190554405810644, 975.7736212424190398, 55.16229903911900578 ) ) ;
#4064 = CARTESIAN_POINT ( 'NONE',  ( 1205.699209328969800, 366.0148678280743866, -83.58074099472790408 ) ) ;
#4065 = CARTESIAN_POINT ( 'NONE',  ( 1096.918586691832161, 319.9713023364202513, 43.34598405842285018 ) ) ;
#4066 = CARTESIAN_POINT ( 'NONE',  ( 1234.796990342344770, 458.7912312783719813, -16.99982504620778911 ) ) ;
#4067 = CARTESIAN_POINT ( 'NONE',  ( 957.9396479037770860, 142.4085876888307780, -45.11018767348564751 ) ) ;
#4068 = CARTESIAN_POINT ( 'NONE',  ( 1062.256880412455985, 221.3415775061637305, -50.15370314034512944 ) ) ;
#4069 = CARTESIAN_POINT ( 'NONE',  ( 560.0000000000003411, 4.043450003964951911, 11.44172916779055349 ) ) ;
#4070 = CARTESIAN_POINT ( 'NONE',  ( 946.1870639553596902, 206.5782833608396629, 65.46693945978088891 ) ) ;
#4071 = CARTESIAN_POINT ( 'NONE',  ( 733.3744481030371389, 49.40168765644608584, -5.818143187684436057 ) ) ;
#4072 = CARTESIAN_POINT ( 'NONE',  ( 675.6838752481764914, 41.09608866227610235, 36.56382897300494506 ) ) ;
#4073 = CARTESIAN_POINT ( 'NONE',  ( 1334.983291676549470, 528.4935042571033819, -108.6259775856742067 ) ) ;
#4074 = CARTESIAN_POINT ( 'NONE',  ( 560.0000000000002274, 3.688462672321541014, 9.889969389168312475 ) ) ;
#4075 = CARTESIAN_POINT ( 'NONE',  ( 676.0431535906786848, 32.64946766824292723, 26.16318077288049082 ) ) ;
#4076 = CARTESIAN_POINT ( 'NONE',  ( 1058.314011307057172, 237.2528851895586399, -42.97214875647905075 ) ) ;
#4077 = CARTESIAN_POINT ( 'NONE',  ( 732.4718000056394658, 62.88513444646838479, 33.03118748833296792 ) ) ;
#4078 = CARTESIAN_POINT ( 'NONE',  ( 579.3816669055875082, 10.19347511145369367, 25.67313004009848143 ) ) ;
#4079 = CARTESIAN_POINT ( 'NONE',  ( 1007.647429230412058, 194.9294994222073854, -42.40405749515566924 ) ) ;
#4080 = CARTESIAN_POINT ( 'NONE',  ( 1453.525166182944758, 927.7740670632693991, -51.23904663092397982 ) ) ;
#4081 = CARTESIAN_POINT ( 'NONE',  ( 1452.739899031006644, 892.9252277815442085, -63.05450351449513846 ) ) ;
#4082 = CARTESIAN_POINT ( 'NONE',  ( 1044.274764181216369, 294.2227226352244998, 72.62516022398368420 ) ) ;
#4083 = CARTESIAN_POINT ( 'NONE',  ( 903.2786497213879784, 111.1648888798597596, -30.74070070323503145 ) ) ;
#4084 = CARTESIAN_POINT ( 'NONE',  ( 732.6433987521944573, 60.32247314950028283, 26.12265052216098127 ) ) ;
#4085 = CARTESIAN_POINT ( 'NONE',  ( 560.0000000000007958, -9.247286936092070420, -6.980419150943471429 ) ) ;
#4086 = CARTESIAN_POINT ( 'NONE',  ( 732.3269470770037515, 65.04905981583065966, 38.38169869395633782 ) ) ;
#4087 = CARTESIAN_POINT ( 'NONE',  ( 846.8798863895738123, 89.52123261392401332, -42.27718840985890836 ) ) ;
#4088 = PERSON_AND_ORGANIZATION ( #6408, #3151 ) ;
#4089 = CARTESIAN_POINT ( 'NONE',  ( 618.5539391441045609, 10.51006480591310144, 16.66781573860935239 ) ) ;
#4090 = CARTESIAN_POINT ( 'NONE',  ( 901.8354679099845725, 120.4903330172795393, -43.47062084914774971 ) ) ;
#4091 = CARTESIAN_POINT ( 'NONE',  ( 1106.226203186610974, 286.7233707241804836, -8.238885907661225971 ) ) ;
#4092 = CARTESIAN_POINT ( 'NONE',  ( 618.4454545260626901, 16.23403561052585431, 11.18428614959767131 ) ) ;
#4093 = CARTESIAN_POINT ( 'NONE',  ( 1252.557142541931171, 412.7027894245023845, -87.16165614165717557 ) ) ;
#4094 = CARTESIAN_POINT ( 'NONE',  ( 1352.045418185586868, 873.6937151484485184, 85.37470290432243303 ) ) ;
#4095 = CARTESIAN_POINT ( 'NONE',  ( 1045.098077341900989, 290.8568430062596235, 57.35103491577864787 ) ) ;
#4096 = CARTESIAN_POINT ( 'NONE',  ( 1205.931655034160258, 365.3485920860737792, -85.15228779765439526 ) ) ;
#4097 = CARTESIAN_POINT ( 'NONE',  ( 1423.059193582991156, 972.7661944441198330, 17.98688383257807288 ) ) ;
#4098 = CARTESIAN_POINT ( 'NONE',  ( 734.5773670289114534, 31.63731952016122406, -38.62426265294676142 ) ) ;
#4099 = CARTESIAN_POINT ( 'NONE',  ( 788.0780816072035577, 92.27250242373268918, 47.86980689729904270 ) ) ;
#4100 = CARTESIAN_POINT ( 'NONE',  ( 1408.521935009221352, 994.2348079070075073, 43.43753632608542858 ) ) ;
#4101 = CARTESIAN_POINT ( 'NONE',  ( 1158.989407489376617, 317.0972606872805954, -76.03320656194982519 ) ) ;
#4102 = CARTESIAN_POINT ( 'NONE',  ( 560.0000000000000000, -2.040950968080625039, -16.01952560236497192 ) ) ;
#4103 = CARTESIAN_POINT ( 'NONE',  ( 1140.282995396794377, 376.7402441304503213, 49.93203850715668324 ) ) ;
#4104 = CARTESIAN_POINT ( 'NONE',  ( 560.0000000000000000, 2.983460399898324233, 6.740798617308277230 ) ) ;
#4105 = CARTESIAN_POINT ( 'NONE',  ( 1446.616259851514087, 902.2252748765636170, -44.19692760166602596 ) ) ;
#4106 = CARTESIAN_POINT ( 'NONE',  ( 1112.558761155293496, 264.0733845029764666, -59.85498155376807716 ) ) ;
#4107 = CARTESIAN_POINT ( 'NONE',  ( 1093.560466091184480, 331.9250436197171439, 44.50227230928607014 ) ) ;
#4108 = CARTESIAN_POINT ( 'NONE',  ( 1401.134720041695118, 1005.144241890068884, 53.85697896887419489 ) ) ;
#4109 = CARTESIAN_POINT ( 'NONE',  ( 903.7721084835214924, 107.8873653734822966, -49.76889512297748297 ) ) ;
#4110 = CARTESIAN_POINT ( 'NONE',  ( 1428.720225516244454, 964.4059863787995255, 0.4385935192094709834 ) ) ;
#4111 = CARTESIAN_POINT ( 'NONE',  ( 946.1870639553596902, 206.5782833608396629, 65.46693945978088891 ) ) ;
#4112 = CARTESIAN_POINT ( 'NONE',  ( 903.0668987994741883, 112.4328949524246610, -60.13647229823030926 ) ) ;
#4113 = CARTESIAN_POINT ( 'NONE',  ( 579.3993180370837308, 7.827009536246624322, 10.14667987250405901 ) ) ;
#4114 = CARTESIAN_POINT ( 'NONE',  ( 1332.587513784637395, 794.1549530362785845, 90.33623785851199273 ) ) ;
#4115 = CARTESIAN_POINT ( 'NONE',  ( 1354.016048385255090, 627.8605181491245730, -53.39233652515072492 ) ) ;
#4116 = CARTESIAN_POINT ( 'NONE',  ( 1209.861203642230294, 523.5285385738178547, 79.63443104522004035 ) ) ;
#4117 = CARTESIAN_POINT ( 'NONE',  ( 1169.007707418568316, 471.1623069369976520, 98.56132297007955856 ) ) ;
#4118 = CARTESIAN_POINT ( 'NONE',  ( 1107.504506113295975, 282.0773676538752852, -45.88011760687019347 ) ) ;
#4119 = CARTESIAN_POINT ( 'NONE',  ( 1113.987750515279004, 258.9387528578179172, -82.28767079161369224 ) ) ;
#4120 = CARTESIAN_POINT ( 'NONE',  ( 1428.358596282900180, 743.4529560150426732, -91.71907627610561065 ) ) ;
#4121 = CARTESIAN_POINT ( 'NONE',  ( 1145.796025007419303, 359.1337727142164340, 3.635078608823051560 ) ) ;
#4122 = CARTESIAN_POINT ( 'NONE',  ( 618.4258894074357613, 17.77413785227772181, 27.93056105632778596 ) ) ;
#4123 = CARTESIAN_POINT ( 'NONE',  ( 676.8680687754540486, 13.03634049962238706, -19.86789063831747271 ) ) ;
#4124 = CARTESIAN_POINT ( 'NONE',  ( 618.4128304844189188, 18.19755394697100925, 18.46830624253621522 ) ) ;
#4125 = CARTESIAN_POINT ( 'NONE',  ( 902.4376614170253106, 116.6934214191578860, -14.44673959852401524 ) ) ;
#4126 = CARTESIAN_POINT ( 'NONE',  ( 1207.217945370831558, 530.3898077912192548, 88.25587677195368030 ) ) ;
#4127 = CARTESIAN_POINT ( 'NONE',  ( 901.9692090623808554, 119.6141412618567728, -45.82466623377585080 ) ) ;
#4128 = CARTESIAN_POINT ( 'NONE',  ( 579.4762307392771845, -2.980968699254484378, 2.467772284892600698 ) ) ;
#4129 = CARTESIAN_POINT ( 'NONE',  ( 1415.882002720806895, 983.3654649728603090, 30.87703681551506918 ) ) ;
#4130 = CARTESIAN_POINT ( 'NONE',  ( 846.6021007707515764, 91.77847203254098929, -35.95835427818116870 ) ) ;
#4131 = CARTESIAN_POINT ( 'NONE',  ( 734.3455074160780214, 35.22511553477650637, -8.307691500206022539 ) ) ;
#4132 = CARTESIAN_POINT ( 'NONE',  ( 1049.217042812472982, 274.1518879982241401, 28.79170754792403031 ) ) ;
#4133 = CARTESIAN_POINT ( 'NONE',  ( 1453.099690794521166, 928.4024088242449579, -49.85767116222594098 ) ) ;
#4134 = CARTESIAN_POINT ( 'NONE',  ( 560.0000000000000000, 6.425595164904236434, 21.59979254041854801 ) ) ;
#4135 = CARTESIAN_POINT ( 'NONE',  ( 896.0099187202325766, 158.7301231902261804, 44.98248004873726558 ) ) ;
#4136 = CARTESIAN_POINT ( 'NONE',  ( 1398.019444448877721, 673.7050429340563369, -94.16484562730585139 ) ) ;
#4137 = CARTESIAN_POINT ( 'NONE',  ( 1228.450772208493845, 475.3024642947448228, 28.16611422182823077 ) ) ;
#4138 = CARTESIAN_POINT ( 'NONE',  ( 1169.007707418568316, 471.1623069369976520, 98.56132297007955856 ) ) ;
#4139 = CARTESIAN_POINT ( 'NONE',  ( 1379.359390317816860, 937.0200236859811866, 75.67326399339728482 ) ) ;
#4140 = CARTESIAN_POINT ( 'NONE',  ( 734.0516867312377371, 39.32280865826225380, -37.20298721290788535 ) ) ;
#4141 = CARTESIAN_POINT ( 'NONE',  ( 1259.677729944256271, 552.5325442829887379, 48.44855496519110716 ) ) ;
#4142 = CARTESIAN_POINT ( 'NONE',  ( 618.4941846755466486, 13.30447803372257987, -0.3008611777742341564 ) ) ;
#4143 = CARTESIAN_POINT ( 'NONE',  ( 1395.569637511359815, 678.2284221113245621, -72.28523380742362292 ) ) ;
#4144 = CARTESIAN_POINT ( 'NONE',  ( 734.6303917113918942, 30.92198024052499861, -29.81853817571959198 ) ) ;
#4145 = CARTESIAN_POINT ( 'NONE',  ( 788.6784019971494217, 85.84974713974736460, 25.11299025713802990 ) ) ;
#4146 = CARTESIAN_POINT ( 'NONE',  ( 787.9135958563829263, 93.99380701260069770, 49.54523957298037828 ) ) ;
#4147 = CARTESIAN_POINT ( 'NONE',  ( 1251.724375007704566, 414.8699051382390053, -80.35508160269080236 ) ) ;
#4148 = CARTESIAN_POINT ( 'NONE',  ( 579.4179769767970356, 5.269897732195082618, -0.8259637253693076220 ) ) ;
#4149 = CARTESIAN_POINT ( 'NONE',  ( 1401.134720041695118, 1005.144241890068884, 53.85697896887419489 ) ) ;
#4150 = CARTESIAN_POINT ( 'NONE',  ( 675.8454161705425349, 37.31472443487941604, 32.79271624246636918 ) ) ;
#4151 = CARTESIAN_POINT ( 'NONE',  ( 676.6047123749411867, 19.01494280536465098, -35.76835366268318239 ) ) ;
#4152 = CARTESIAN_POINT ( 'NONE',  ( 999.6376755920285859, 232.3713534801796641, 50.46456771838150956 ) ) ;
#4153 = CARTESIAN_POINT ( 'NONE',  ( 1439.028574149842143, 949.1826242068723332, -20.69014245886011949 ) ) ;
#4154 = CARTESIAN_POINT ( 'NONE',  ( 788.1948957237966624, 90.97789380771942547, 37.65689187847752351 ) ) ;
#4155 = CARTESIAN_POINT ( 'NONE',  ( 1042.819429848201935, 300.1171919402036679, 80.46031597497692189 ) ) ;
#4156 = CARTESIAN_POINT ( 'NONE',  ( 1153.845729258790470, 333.4854856209163358, -42.57498385682956155 ) ) ;
#4157 = CARTESIAN_POINT ( 'NONE',  ( 903.6436330358300211, 108.6736003696163522, -60.05413733778401308 ) ) ;
#4158 = CARTESIAN_POINT ( 'NONE',  ( 618.7060467283693015, 1.184881655588464922, -31.24351053651771082 ) ) ;
#4159 = CARTESIAN_POINT ( 'NONE',  ( 1264.387049025377110, 541.3617421959294234, 16.06716870400761010 ) ) ;
#4160 = CARTESIAN_POINT ( 'NONE',  ( 1327.263184241923909, 803.9528179582981693, 101.1406543603300463 ) ) ;
#4161 = CARTESIAN_POINT ( 'NONE',  ( 1365.790405458437590, 850.2381139708468254, 56.40035412936243375 ) ) ;
#4162 = CARTESIAN_POINT ( 'NONE',  ( 618.7540708834065981, -1.011860298015801796, -11.09285173713837835 ) ) ;
#4163 = CARTESIAN_POINT ( 'NONE',  ( 1272.317635419780800, 664.3698760451079579, 94.18565289799401796 ) ) ;
#4164 = CARTESIAN_POINT ( 'NONE',  ( 790.7083888349137624, 64.32439598341051123, -35.06804165431582732 ) ) ;
#4165 = CARTESIAN_POINT ( 'NONE',  ( 1455.184939296118273, 925.3229152713400936, -56.43940716242953926 ) ) ;
#4166 = CARTESIAN_POINT ( 'NONE',  ( 579.4490671196570020, 0.7972629620587284860, 10.51818674629738481 ) ) ;
#4167 = CARTESIAN_POINT ( 'NONE',  ( 676.4278590260363444, 23.15323073207941107, -25.77383429233856305 ) ) ;
#4168 = CARTESIAN_POINT ( 'NONE',  ( 676.7227945663518085, 16.54905921531268476, -5.175953636232299537 ) ) ;
#4169 = CARTESIAN_POINT ( 'NONE',  ( 1376.162215530540834, 832.5379932310663662, 33.61385739485247370 ) ) ;
#4170 = CARTESIAN_POINT ( 'NONE',  ( 848.2209976683202513, 78.70685866428480892, -50.02263756181129395 ) ) ;
#4171 = CARTESIAN_POINT ( 'NONE',  ( 579.3736524956678977, 11.33341252993093740, 24.61301683850192035 ) ) ;
#4172 = CARTESIAN_POINT ( 'NONE',  ( 559.9999999999998863, 5.690872113072537708, 18.43932808720806804 ) ) ;
#4173 = CARTESIAN_POINT ( 'NONE',  ( 847.2435276779548303, 86.57316342058634007, -49.32242168528114235 ) ) ;
#4174 = CARTESIAN_POINT ( 'NONE',  ( 1369.875897783108030, 951.9211630717018124, 92.70006442368536170 ) ) ;
#4175 = CARTESIAN_POINT ( 'NONE',  ( 999.6376755920285859, 232.3713534801796641, 50.46456771838150956 ) ) ;
#4176 = CARTESIAN_POINT ( 'NONE',  ( 1396.432200737066978, 676.6275318550510747, -88.89794702359263567 ) ) ;
#4177 = CARTESIAN_POINT ( 'NONE',  ( 1143.379328177073148, 366.8825887690275636, 36.35506503098519460 ) ) ;
#4178 = CARTESIAN_POINT ( 'NONE',  ( 560.0000000000000000, 6.573631178306217571, 20.97517104854286529 ) ) ;
#4179 = CARTESIAN_POINT ( 'NONE',  ( 1292.658514809528015, 474.4718236569981968, -79.95628483875563575 ) ) ;
#4180 = CARTESIAN_POINT ( 'NONE',  ( 848.1849727577761087, 79.04998426741090611, -37.43729736700056776 ) ) ;
#4181 = CARTESIAN_POINT ( 'NONE',  ( 1047.453675188559146, 281.3036456416767237, 41.28908130007679489 ) ) ;
#4182 = CARTESIAN_POINT ( 'NONE',  ( 1168.309388542605575, 473.1561301575190441, 97.22685473663855760 ) ) ;
#4183 = CARTESIAN_POINT ( 'NONE',  ( 676.8601881043857702, 13.11551125127200024, -30.54981653477330639 ) ) ;
#4184 = CARTESIAN_POINT ( 'NONE',  ( 1305.428445634648824, 592.5795646460755961, -3.885125037865647002 ) ) ;
#4185 = CARTESIAN_POINT ( 'NONE',  ( 1168.638238321313565, 472.2113362317572296, 93.22466512476668754 ) ) ;
#4186 = CARTESIAN_POINT ( 'NONE',  ( 788.2852936172959062, 90.08789641626162847, 44.64265902998006652 ) ) ;
#4187 = CARTESIAN_POINT ( 'NONE',  ( 1207.539584192547863, 360.7418574189306923, -93.20026801734222488 ) ) ;
#4188 = CARTESIAN_POINT ( 'NONE',  ( 618.5150763230801658, 12.71903078112383589, 20.36846964468455923 ) ) ;
#4189 = CARTESIAN_POINT ( 'NONE',  ( 733.6020606041049632, 46.00385502974101826, -16.54441660134517278 ) ) ;
#4190 = CARTESIAN_POINT ( 'NONE',  ( 579.3868833218621148, 9.467844751515526625, 24.46603092055007167 ) ) ;
#4191 = CARTESIAN_POINT ( 'NONE',  ( 1441.437089725736769, 945.6257300609880758, -25.97422881678624407 ) ) ;
#4192 = CARTESIAN_POINT ( 'NONE',  ( 579.4824659847653265, -3.689222155035072337, -26.07593200619211160 ) ) ;
#4193 = CARTESIAN_POINT ( 'NONE',  ( 791.6269262781712541, 54.66550337564586926, -47.77140121330651823 ) ) ;
#4194 = CARTESIAN_POINT ( 'NONE',  ( 1172.806681005177097, 460.2847309047906492, 85.18872770443914533 ) ) ;
#4195 = CARTESIAN_POINT ( 'NONE',  ( 1314.261958029675498, 707.1854882037308698, 60.89933094100695143 ) ) ;
#4196 = CARTESIAN_POINT ( 'NONE',  ( 1434.856991106757050, 920.0849114957375150, -15.11002832488702197 ) ) ;
#4197 = CARTESIAN_POINT ( 'NONE',  ( 787.9984528914129669, 93.05889487755162293, 42.06696411403863323 ) ) ;
#4198 = CARTESIAN_POINT ( 'NONE',  ( 1287.748065186657641, 486.0666592145754521, -74.80019459764352519 ) ) ;
#4199 = CARTESIAN_POINT ( 'NONE',  ( 733.5946374650418420, 46.36213495289615594, 15.60957032937106526 ) ) ;
#4200 = CARTESIAN_POINT ( 'NONE',  ( 733.8916084070392571, 41.69127972163265383, -30.82153196136900419 ) ) ;
#4201 = CARTESIAN_POINT ( 'NONE',  ( 1057.791596204302778, 239.4630651104530159, -7.762070076541774277 ) ) ;
#4202 = CARTESIAN_POINT ( 'NONE',  ( 560.0000000000003411, 3.513133628729501190, 9.113458353275570190 ) ) ;
#4203 = CARTESIAN_POINT ( 'NONE',  ( 1402.427092818483970, 665.5968614366316842, -100.2407605788845899 ) ) ;
#4204 = CARTESIAN_POINT ( 'NONE',  ( 1372.593571441007953, 947.6497202033490339, 79.43314103613457178 ) ) ;
#4205 = CARTESIAN_POINT ( 'NONE',  ( 579.3819782591906460, 10.20338692567176686, 19.64868429389020221 ) ) ;
#4206 = CARTESIAN_POINT ( 'NONE',  ( 1249.443276156850288, 420.7616536689421878, -85.84009124754034303 ) ) ;
#4207 = CARTESIAN_POINT ( 'NONE',  ( 895.4651648817309706, 162.3443981414596635, 59.94030072486758343 ) ) ;
#4208 = CARTESIAN_POINT ( 'NONE',  ( 1093.092916754740372, 333.6325423693155585, 61.64967770534870084 ) ) ;
#4209 = CARTESIAN_POINT ( 'NONE',  ( 1249.110166871574393, 421.6263498375633958, -84.14262488152947128 ) ) ;
#4210 = CARTESIAN_POINT ( 'NONE',  ( 899.3844539951660408, 136.6981042217900040, 23.55006653523188831 ) ) ;
#4211 = CARTESIAN_POINT ( 'NONE',  ( 1146.509281763014997, 356.8612594295030362, -0.2424637752664889068 ) ) ;
#4212 = CARTESIAN_POINT ( 'NONE',  ( 1448.700120739934164, 899.0604737171897796, -50.17782178808206339 ) ) ;
#4213 = CARTESIAN_POINT ( 'NONE',  ( 1449.053110292510837, 934.3783961263444553, -37.81864294993355458 ) ) ;
#4214 = CARTESIAN_POINT ( 'NONE',  ( 1404.903307177884017, 965.5772393948450372, 36.60281323663720343 ) ) ;
#4215 = CARTESIAN_POINT ( 'NONE',  ( 1207.539584192547863, 360.7418574189306923, -93.20026801734222488 ) ) ;
#4216 = CARTESIAN_POINT ( 'NONE',  ( 1011.349042442859513, 177.7331456823107487, -58.09877781210863645 ) ) ;
#4217 = CARTESIAN_POINT ( 'NONE',  ( 899.1787237085538891, 137.9284444871101414, 0.1316432339880979629 ) ) ;
#4218 = CARTESIAN_POINT ( 'NONE',  ( 895.0460216236928090, 165.0692291600748263, 60.86179390285422386 ) ) ;
#4219 = CARTESIAN_POINT ( 'NONE',  ( 1090.104089894952040, 344.3040883138948516, 75.05955777678698837 ) ) ;
#4220 = CARTESIAN_POINT ( 'NONE',  ( 1449.552523834924386, 826.7031499196564255, -86.80781577834230234 ) ) ;
#4221 = CARTESIAN_POINT ( 'NONE',  ( 1046.891436922523098, 283.6260336499106529, 59.42934130175987661 ) ) ;
#4222 = CARTESIAN_POINT ( 'NONE',  ( 676.3150887961570561, 25.84483528713922240, -16.05303215596932631 ) ) ;
#4223 = CARTESIAN_POINT ( 'NONE',  ( 675.7647300526169829, 39.22365520452976995, 35.56522394915496221 ) ) ;
#4224 = CARTESIAN_POINT ( 'NONE',  ( 1351.798321880956564, 632.2864386213645957, -46.15252070027126763 ) ) ;
#4225 = CARTESIAN_POINT ( 'NONE',  ( 1430.621009804830237, 739.5877530995609277, -101.6989947025732022 ) ) ;
#4226 = CARTESIAN_POINT ( 'NONE',  ( 1335.531686519796722, 527.3095353801471674, -107.7068372574074289 ) ) ;
#4227 = CARTESIAN_POINT ( 'NONE',  ( 560.0000000000001137, 1.812011523671260838, 1.338911852347765219 ) ) ;
#4228 = CARTESIAN_POINT ( 'NONE',  ( 1304.216742765535628, 727.2353372383372516, 96.79045578348615209 ) ) ;
#4229 = CARTESIAN_POINT ( 'NONE',  ( 896.2283736321155629, 157.2961747859361594, 42.09284951912117378 ) ) ;
#4230 = CARTESIAN_POINT ( 'NONE',  ( 1153.648348978390459, 334.1808597829123073, -14.60018352636526906 ) ) ;
#4231 = CARTESIAN_POINT ( 'NONE',  ( 1371.172123415847636, 949.8833609077007623, 82.45988718323289390 ) ) ;
#4232 = CARTESIAN_POINT ( 'NONE',  ( 1325.369525108910466, 549.3363424170343023, -74.18078515049731436 ) ) ;
#4233 = CARTESIAN_POINT ( 'NONE',  ( 1348.785147430986399, 764.3460907581916217, 54.86169388483863685 ) ) ;
#4234 = CARTESIAN_POINT ( 'NONE',  ( 1389.399548318676125, 689.5750320627985275, -66.91207799820081448 ) ) ;
#4235 = CARTESIAN_POINT ( 'NONE',  ( 676.6856542303571587, 17.43458480628346408, -2.813769847583252659 ) ) ;
#4236 = CARTESIAN_POINT ( 'NONE',  ( 897.8933864678107284, 146.3668918993489854, 19.13086708466408581 ) ) ;
#4237 = CARTESIAN_POINT ( 'NONE',  ( 1208.687445505716141, 357.4816416558500123, -86.65911066627575110 ) ) ;
#4238 = CARTESIAN_POINT ( 'NONE',  ( 995.6896670896068144, 250.7391174298521150, 66.33876022546922968 ) ) ;
#4239 = CARTESIAN_POINT ( 'NONE',  ( 842.6402411888910819, 124.0435780103473746, 44.04896268111387769 ) ) ;
#4240 = CARTESIAN_POINT ( 'NONE',  ( 1423.491129673444448, 751.7554722489165897, -85.13379748138731884 ) ) ;
#4241 = CARTESIAN_POINT ( 'NONE',  ( 1391.018342635835552, 986.6667818530037266, 67.58698902659568830 ) ) ;
#4242 = CARTESIAN_POINT ( 'NONE',  ( 676.1013766933230045, 31.27432588968635940, 24.04911980054709630 ) ) ;
#4243 = CARTESIAN_POINT ( 'NONE',  ( 1205.440294833131929, 366.7565192019866345, -81.98577850625632379 ) ) ;
#4244 = CARTESIAN_POINT ( 'NONE',  ( 1261.710456645574595, 547.7232344684558711, 42.10006641292279284 ) ) ;
#4245 = CARTESIAN_POINT ( 'NONE',  ( 1003.370357872290583, 214.8932195057931267, 0.6330922890502073130 ) ) ;
#4246 = CARTESIAN_POINT ( 'NONE',  ( 903.7668217169950822, 107.9252811855645575, -48.73827172293108134 ) ) ;
#4247 = CARTESIAN_POINT ( 'NONE',  ( 579.5059033348723005, -7.017304965508468051, -20.74864054276042680 ) ) ;
#4248 = CARTESIAN_POINT ( 'NONE',  ( 1388.240577011784353, 923.0626463702965339, 50.19061222283467316 ) ) ;
#4249 = CARTESIAN_POINT ( 'NONE',  ( 1253.095112422948887, 411.2873461006267917, -100.8310569650674466 ) ) ;
#4250 = CARTESIAN_POINT ( 'NONE',  ( 791.7934305344688255, 52.98279869323705782, -40.37413228176698254 ) ) ;
#4251 = CARTESIAN_POINT ( 'NONE',  ( 1401.339129057120090, 1004.842370796678438, 52.83102814700720273 ) ) ;
#4252 = CARTESIAN_POINT ( 'NONE',  ( 1303.566973721860450, 728.5313714121742805, 98.18618583351653228 ) ) ;
#4253 = CARTESIAN_POINT ( 'NONE',  ( 1112.103999299216639, 265.6389424791580609, -81.31228599083456743 ) ) ;
#4254 = CARTESIAN_POINT ( 'NONE',  ( 618.5050580144119294, 13.28786200957711650, 21.28242637637393742 ) ) ;
#4255 = CARTESIAN_POINT ( 'NONE',  ( 1056.723814560773690, 243.7035168624807682, -28.99827254284913280 ) ) ;
#4256 = CARTESIAN_POINT ( 'NONE',  ( 1247.485242175352823, 425.8871289156976445, -53.50076732351568154 ) ) ;
#4257 = CARTESIAN_POINT ( 'NONE',  ( 842.4715224592675895, 125.4641274044763719, 54.29394914645500592 ) ) ;
#4258 = CARTESIAN_POINT ( 'NONE',  ( 954.5308876770909592, 160.9391714386754870, -30.19909260904868020 ) ) ;
#4259 = CARTESIAN_POINT ( 'NONE',  ( 1452.094232057024101, 822.7084843248385368, -90.09999224362974246 ) ) ;
#4260 = CARTESIAN_POINT ( 'NONE',  ( 1453.097242271776850, 892.3824093712319154, -64.34503406852248020 ) ) ;
#4261 = CARTESIAN_POINT ( 'NONE',  ( 1386.782510213444311, 814.4130558312467656, 9.395992734555919768 ) ) ;
#4262 = CARTESIAN_POINT ( 'NONE',  ( 1275.114023671241284, 658.3177303452123397, 97.16472101751044477 ) ) ;
#4263 = CARTESIAN_POINT ( 'NONE',  ( 1213.714702187269950, 513.5249709099056190, 65.67917509794008879 ) ) ;
#4264 = CARTESIAN_POINT ( 'NONE',  ( 1356.263981887091404, 623.3978048494794848, -43.07208421611006344 ) ) ;
#4265 = CARTESIAN_POINT ( 'NONE',  ( 732.3031924797435295, 65.41847743964645190, 41.24951901369257001 ) ) ;
#4266 = CARTESIAN_POINT ( 'NONE',  ( 1417.824794509381036, 761.4285454955722798, -69.03630671256978246 ) ) ;
#4267 = CARTESIAN_POINT ( 'NONE',  ( 560.0000000000003411, -3.704129351085759581, 7.911164466626808611 ) ) ;
#4268 = CARTESIAN_POINT ( 'NONE',  ( 1156.197219069563062, 325.9924992388931742, -57.72761602791147340 ) ) ;
#4269 = CARTESIAN_POINT ( 'NONE',  ( 902.6767961616510547, 115.1233575653002674, -18.45103764608665387 ) ) ;
#4270 = CARTESIAN_POINT ( 'NONE',  ( 1393.815620204743482, 914.3018871115411912, 39.15882754573192415 ) ) ;
#4271 = CARTESIAN_POINT ( 'NONE',  ( 1044.183426380185665, 294.5662369250902657, 63.63440125923462887 ) ) ;
#4272 = CARTESIAN_POINT ( 'NONE',  ( 1159.219130032416842, 316.3656972406894852, -77.55211253105115077 ) ) ;
#4273 = CARTESIAN_POINT ( 'NONE',  ( 1402.149681650372258, 1003.645347284472905, 54.15919808828742532 ) ) ;
#4274 = CARTESIAN_POINT ( 'NONE',  ( 788.9422834757708642, 83.16905900840771437, 35.28693443864916190 ) ) ;
#4275 = CARTESIAN_POINT ( 'NONE',  ( 902.0872960319670710, 118.8401347301517035, -47.83734556220362322 ) ) ;
#4276 = CARTESIAN_POINT ( 'NONE',  ( 1412.262020755121057, 954.4006883778542942, 30.13013112763703205 ) ) ;
#4277 = CARTESIAN_POINT ( 'NONE',  ( 1302.567771048313261, 598.7824982819032584, 5.268371594232750255 ) ) ;
#4278 = CARTESIAN_POINT ( 'NONE',  ( 1331.635678649322244, 535.7697936770470051, -84.19115290680674946 ) ) ;
#4279 = CARTESIAN_POINT ( 'NONE',  ( 1356.421179514577943, 866.2266608302302302, 76.25983447358855472 ) ) ;
#4280 = CARTESIAN_POINT ( 'NONE',  ( 560.0000000000010232, -9.429206807670576396, -19.60935720526109804 ) ) ;
#4281 = CARTESIAN_POINT ( 'NONE',  ( 1249.840051639417652, 575.7894685980860459, 65.14586064911915742 ) ) ;
#4282 = CARTESIAN_POINT ( 'NONE',  ( 1453.474755565673377, 927.8485134281834235, -53.21143345877689512 ) ) ;
#4283 = CARTESIAN_POINT ( 'NONE',  ( 1063.220510259292723, 217.4136027236793325, -66.82605176633509814 ) ) ;
#4284 = CARTESIAN_POINT ( 'NONE',  ( 579.3757443155820965, 11.02502666332305736, 26.39537608023395521 ) ) ;
#4285 = CARTESIAN_POINT ( 'NONE',  ( 1210.030042510989233, 523.1028889254720298, 89.52881641830161641 ) ) ;
#4286 = CARTESIAN_POINT ( 'NONE',  ( 1447.308730255640512, 830.2296163415509227, -81.64843848425493888 ) ) ;
#4287 = CARTESIAN_POINT ( 'NONE',  ( 1047.747739445943125, 280.1578956310917192, 54.88003366366542934 ) ) ;
#4288 = CARTESIAN_POINT ( 'NONE',  ( 1436.487740690533201, 917.6071920229602483, -27.65407200134999144 ) ) ;
#4289 = CARTESIAN_POINT ( 'NONE',  ( 734.5865327833327001, 31.60994579007331140, -22.51520313193085698 ) ) ;
#4290 = CARTESIAN_POINT ( 'NONE',  ( 675.8299618323532059, 37.67926468066607981, 33.26029690219035473 ) ) ;
#4291 = CARTESIAN_POINT ( 'NONE',  ( 790.3686752952901315, 67.92027854047545077, -24.09555516372278205 ) ) ;
#4292 = CARTESIAN_POINT ( 'NONE',  ( 734.4149833142975012, 33.97464429325216884, -42.18035555571142226 ) ) ;
#4293 = CARTESIAN_POINT ( 'NONE',  ( 734.4399128551907552, 33.60811565008387447, -42.03236428011159376 ) ) ;
#4294 = CARTESIAN_POINT ( 'NONE',  ( 898.9176893205808483, 139.6422007216462191, 4.076918085864506658 ) ) ;
#4295 = CARTESIAN_POINT ( 'NONE',  ( 1395.284777234267949, 980.1868977807358760, 59.95774004456088591 ) ) ;
#4296 = LOCAL_TIME ( 17, 42, 19.00000000000000000, #5318 ) ;
#4297 = CARTESIAN_POINT ( 'NONE',  ( 675.7967381308019412, 38.33246548269197262, 25.61629719953042894 ) ) ;
#4298 = CARTESIAN_POINT ( 'NONE',  ( 1283.917109846668609, 495.1728279481150139, -36.67638305561885659 ) ) ;
#4299 = CARTESIAN_POINT ( 'NONE',  ( 1169.579825678641782, 469.5115953140244187, 86.89826024870787080 ) ) ;
#4300 = CARTESIAN_POINT ( 'NONE',  ( 846.7994091418297558, 90.17467834148862948, -40.45797069170187399 ) ) ;
#4301 = CARTESIAN_POINT ( 'NONE',  ( 900.7094828294377749, 128.0216082316511006, 8.717813636878473105 ) ) ;
#4302 = DATE_AND_TIME ( #1450, #1757 ) ;
#4303 = CARTESIAN_POINT ( 'NONE',  ( 1143.379328177073148, 366.8825887690275636, 36.35506503098519460 ) ) ;
#4304 = CARTESIAN_POINT ( 'NONE',  ( 1243.606284858361732, 435.9172805333244582, -56.84196553288796139 ) ) ;
#4305 = CARTESIAN_POINT ( 'NONE',  ( 1156.445420107907466, 325.2687434279442869, -31.53543664345417952 ) ) ;
#4306 = CARTESIAN_POINT ( 'NONE',  ( 788.7961252218615300, 84.60113894314940808, 21.97491037121358204 ) ) ;
#4307 = CARTESIAN_POINT ( 'NONE',  ( 1396.877147003502614, 977.7673944064989655, 51.55791572102883435 ) ) ;
#4308 = CARTESIAN_POINT ( 'NONE',  ( 1397.524850336835698, 674.6158766938417557, -92.46360127447215405 ) ) ;
#4309 = CARTESIAN_POINT ( 'NONE',  ( 732.5045431548250008, 62.47765328404222629, 40.04756428500858334 ) ) ;
#4310 = CARTESIAN_POINT ( 'NONE',  ( 560.0000000000007958, 0.1132618481614079547, 14.89781373976333612 ) ) ;
#4311 = CARTESIAN_POINT ( 'NONE',  ( 846.9210298783268627, 89.18711325901827536, -43.17299222040880124 ) ) ;
#4312 = CARTESIAN_POINT ( 'NONE',  ( 676.5167708042173444, 21.44664628796246575, 6.440807941838967210 ) ) ;
#4313 = CARTESIAN_POINT ( 'NONE',  ( 1364.205342913339337, 735.9539269138841746, 3.176005808356695770 ) ) ;
#4314 = CARTESIAN_POINT ( 'NONE',  ( 1425.477580716705006, 748.3739600023624234, -80.75431076471467406 ) ) ;
#4315 = CARTESIAN_POINT ( 'NONE',  ( 675.7297820389088656, 39.94486566832082985, 30.39400458929497262 ) ) ;
#4316 = CARTESIAN_POINT ( 'NONE',  ( 1445.923735057572230, 832.4108290450377581, -68.76078579755171916 ) ) ;
#4317 = CARTESIAN_POINT ( 'NONE',  ( 732.6433987521944573, 60.32247314950028283, 26.12265052216098127 ) ) ;
#4318 = CARTESIAN_POINT ( 'NONE',  ( 903.0668987994741883, 112.4328949524246610, -60.13647229823030926 ) ) ;
#4319 = CARTESIAN_POINT ( 'NONE',  ( 618.7493782707716719, -1.085556491084843644, -27.63948988741459445 ) ) ;
#4320 = CARTESIAN_POINT ( 'NONE',  ( 1204.713897986928714, 536.8945865751744577, 104.0641569315456110 ) ) ;
#4321 = CARTESIAN_POINT ( 'NONE',  ( 1243.292966282705038, 591.2943798038298837, 95.88837553535192626 ) ) ;
#4322 = CARTESIAN_POINT ( 'NONE',  ( 560.0000000000002274, -4.420414480003984181, -22.06143448496046489 ) ) ;
#4323 = FACE_OUTER_BOUND ( 'NONE', #1101, .T. ) ;
#4324 = CARTESIAN_POINT ( 'NONE',  ( 1252.396561136763239, 569.7586264302693735, 70.34171193378121245 ) ) ;
#4325 = CARTESIAN_POINT ( 'NONE',  ( 1150.372689512597390, 344.5519648548700502, -21.68851675956562985 ) ) ;
#4326 = CARTESIAN_POINT ( 'NONE',  ( 1110.484667358759907, 271.4987358082505580, -39.14210625450301961 ) ) ;
#4327 = CARTESIAN_POINT ( 'NONE',  ( 1056.210479078919889, 245.7858437127556499, -24.66513268561913463 ) ) ;
#4328 = CARTESIAN_POINT ( 'NONE',  ( 1113.638168568647188, 260.1720361975546894, -85.30585700796996207 ) ) ;
#4329 = CARTESIAN_POINT ( 'NONE',  ( 1113.783317196909138, 259.6562975596924048, -85.28954745774798596 ) ) ;
#4330 = CARTESIAN_POINT ( 'NONE',  ( 1225.316978001786310, 483.4041834673487301, 21.64783737089042503 ) ) ;
#4331 = CARTESIAN_POINT ( 'NONE',  ( 997.4070620438247943, 242.7624623401662518, 64.04329392717133373 ) ) ;
#4332 = CARTESIAN_POINT ( 'NONE',  ( 675.7884841594473073, 38.53157244115980262, 26.21527919504860549 ) ) ;
#4333 = CARTESIAN_POINT ( 'NONE',  ( 676.8326343108210494, 13.90929159438125851, -14.47268617858007822 ) ) ;
#4334 = CARTESIAN_POINT ( 'NONE',  ( 579.3796947619537150, 10.46892785813887450, 26.07108774097994086 ) ) ;
#4335 = CARTESIAN_POINT ( 'NONE',  ( 1042.681981743384767, 300.6555866851074370, 73.34510086087996683 ) ) ;
#4336 = CARTESIAN_POINT ( 'NONE',  ( 560.0000000000000000, -1.788060241317807719, -14.99315064907687400 ) ) ;
#4337 = CARTESIAN_POINT ( 'NONE',  ( 1231.808541729146555, 466.5878130603296086, 15.67467289766643823 ) ) ;
#4338 = CARTESIAN_POINT ( 'NONE',  ( 579.4605354999299607, -0.7990264526717577587, 7.338110640148967967 ) ) ;
#4339 = CARTESIAN_POINT ( 'NONE',  ( 1442.142752482704282, 909.0185974585190252, -40.79826232540270325 ) ) ;
#4340 = CARTESIAN_POINT ( 'NONE',  ( 1440.066045593251147, 947.6504870928295077, -15.80285972243882675 ) ) ;
#4341 = CARTESIAN_POINT ( 'NONE',  ( 1048.163812274534394, 278.4235650527831467, 36.30462387735325080 ) ) ;
#4342 = CARTESIAN_POINT ( 'NONE',  ( 788.1642907866749965, 91.30233772201226827, 38.45155486782704912 ) ) ;
#4343 = CARTESIAN_POINT ( 'NONE',  ( 1421.679263537986117, 754.8484528800797762, -79.95478436295687175 ) ) ;
#4344 = CARTESIAN_POINT ( 'NONE',  ( 1411.544721005243446, 886.4409128753507048, 2.634318505747628159 ) ) ;
#4345 = CARTESIAN_POINT ( 'NONE',  ( 1088.426461292361182, 350.2942829616565632, 82.30016249513747084 ) ) ;
#4346 = CARTESIAN_POINT ( 'NONE',  ( 1048.173835837817023, 278.4321590679711562, 52.57318120748324475 ) ) ;
#4347 = CARTESIAN_POINT ( 'NONE',  ( 902.2136438736013133, 118.0121481351170587, -49.80914353109155712 ) ) ;
#4348 = CARTESIAN_POINT ( 'NONE',  ( 1381.584274447024427, 823.2953394758847026, 34.14314472820603186 ) ) ;
#4349 = CARTESIAN_POINT ( 'NONE',  ( 1229.577553429864793, 472.3425889608466264, 4.560788751223656234 ) ) ;
#4350 = CARTESIAN_POINT ( 'NONE',  ( 848.2302985153869486, 78.64511879748194190, -46.92885971218977659 ) ) ;
#4351 = CARTESIAN_POINT ( 'NONE',  ( 895.7205536504031897, 160.6294152105057265, 48.91705904301942809 ) ) ;
#4352 = CARTESIAN_POINT ( 'NONE',  ( 618.7594509386417485, -1.592410756449452292, -25.55294450751567226 ) ) ;
#4353 = CARTESIAN_POINT ( 'NONE',  ( 997.8688120492078042, 240.5699669918914196, 49.11953517147048842 ) ) ;
#4354 = CARTESIAN_POINT ( 'NONE',  ( 1010.687234522746394, 180.7563962337817429, -72.13973825473740931 ) ) ;
#4355 = CARTESIAN_POINT ( 'NONE',  ( 1293.812984467067508, 471.7354882342505107, -87.23971666416257165 ) ) ;
#4356 = CARTESIAN_POINT ( 'NONE',  ( 946.1987555575273063, 206.5257960962284756, 68.73470056628083569 ) ) ;
#4357 = CARTESIAN_POINT ( 'NONE',  ( 997.2380102643425062, 243.5495900890540497, 64.98683605030498711 ) ) ;
#4358 = CARTESIAN_POINT ( 'NONE',  ( 847.2851076645243893, 86.23863938263274065, -50.28033489737240558 ) ) ;
#4359 = CARTESIAN_POINT ( 'NONE',  ( 1392.778741037089276, 804.1911757552259132, 9.082426714518437194 ) ) ;
#4360 = CARTESIAN_POINT ( 'NONE',  ( 1404.657873201728535, 965.9510986035518272, 43.90277332521123554 ) ) ;
#4361 = CARTESIAN_POINT ( 'NONE',  ( 1349.166309526141276, 637.5389589126687042, -37.76279110203720535 ) ) ;
#4362 = CARTESIAN_POINT ( 'NONE',  ( 618.7689495475157173, -2.011956288416465011, -20.72417741594436436 ) ) ;
#4363 = CARTESIAN_POINT ( 'NONE',  ( 1348.720132513155022, 879.3727798198515302, 100.6807107550371967 ) ) ;
#4364 = CARTESIAN_POINT ( 'NONE',  ( 1237.846930327258178, 450.8722938464628101, -30.08777610694425775 ) ) ;
#4365 = CARTESIAN_POINT ( 'NONE',  ( 1295.612997108837817, 467.4576616488325840, -105.6999392798682464 ) ) ;
#4366 = CARTESIAN_POINT ( 'NONE',  ( 1371.673543514907124, 592.6284086496865484, -109.5981187969300663 ) ) ;
#4367 = CARTESIAN_POINT ( 'NONE',  ( 1414.348622590110608, 951.2317207524039304, 18.40080769427392582 ) ) ;
#4368 = CARTESIAN_POINT ( 'NONE',  ( 1305.567445932374767, 724.5411419575730179, 93.75938718372231051 ) ) ;
#4369 = CARTESIAN_POINT ( 'NONE',  ( 1046.014125612580528, 287.1419033803626348, 51.22374917631654512 ) ) ;
#4370 = CARTESIAN_POINT ( 'NONE',  ( 1441.385058668405236, 945.7025694906694753, -18.77006108789635519 ) ) ;
#4371 = CARTESIAN_POINT ( 'NONE',  ( 1168.270106784294512, 473.2706095020138832, 99.01382772360413753 ) ) ;
#4372 = CARTESIAN_POINT ( 'NONE',  ( 1325.619082483381590, 806.9752273332549066, 95.07053162989954842 ) ) ;
#4373 = CARTESIAN_POINT ( 'NONE',  ( 1244.992801602732698, 432.3169188390469913, -63.62811166594575951 ) ) ;
#4374 = CARTESIAN_POINT ( 'NONE',  ( 1269.635145779692721, 528.9726715136339408, 16.25223801195849305 ) ) ;
#4375 = CARTESIAN_POINT ( 'NONE',  ( 1059.181620502958367, 233.7336988224841718, -50.88593553697372585 ) ) ;
#4376 = CARTESIAN_POINT ( 'NONE',  ( 734.5041595099875167, 32.85399587289339252, -16.27856619905103486 ) ) ;
#4377 = CARTESIAN_POINT ( 'NONE',  ( 1048.867710721561025, 275.5687239266241590, 31.29884609723044520 ) ) ;
#4378 = CARTESIAN_POINT ( 'NONE',  ( 1275.866727077531550, 656.6756296847530621, 85.04681283262267755 ) ) ;
#4379 = CARTESIAN_POINT ( 'NONE',  ( 733.9943151124945189, 40.17114571694813918, -35.22313731643126289 ) ) ;
#4380 = CARTESIAN_POINT ( 'NONE',  ( 1412.060377378169733, 989.0092386503188209, 32.06409597428260838 ) ) ;
#4381 = CARTESIAN_POINT ( 'NONE',  ( 1138.380474886827869, 382.7968806198989000, 57.96229020988528902 ) ) ;
#4382 = CARTESIAN_POINT ( 'NONE',  ( 1448.076036711413963, 935.8213377188654931, -41.23599784042257710 ) ) ;
#4383 = CARTESIAN_POINT ( 'NONE',  ( 1331.337723128156540, 673.1332587709140398, 30.27916886617170178 ) ) ;
#4384 = CARTESIAN_POINT ( 'NONE',  ( 1188.953896158295038, 414.0004660586000114, 4.052828441707654328 ) ) ;
#4385 = CARTESIAN_POINT ( 'NONE',  ( 676.8548678519902069, 13.23311964650261174, -31.16399871688106771 ) ) ;
#4386 = CARTESIAN_POINT ( 'NONE',  ( 1303.941317057801143, 727.7768428136445209, 87.51527291116484264 ) ) ;
#4387 = CARTESIAN_POINT ( 'NONE',  ( 1370.295448448225216, 724.7570222733273795, 2.941055810852605035 ) ) ;
#4388 = CARTESIAN_POINT ( 'NONE',  ( 1338.391933347639451, 783.4668848164263864, 66.62993190446400149 ) ) ;
#4389 = CARTESIAN_POINT ( 'NONE',  ( 957.1076526680150209, 146.8632863026062410, -64.53469026617928250 ) ) ;
#4390 = CARTESIAN_POINT ( 'NONE',  ( 1113.471200295732160, 260.7964516442735317, -73.26543750993369031 ) ) ;
#4391 = CARTESIAN_POINT ( 'NONE',  ( 842.2854406156012601, 126.9655890012761859, 55.93649527306989455 ) ) ;
#4392 = CARTESIAN_POINT ( 'NONE',  ( 1133.462075969403941, 398.4529576981732930, 77.74221648654105365 ) ) ;
#4393 = CARTESIAN_POINT ( 'NONE',  ( 1292.812832649928623, 474.0774545600403371, -97.69281198355325557 ) ) ;
#4394 = CARTESIAN_POINT ( 'NONE',  ( 1253.452529184522973, 567.2604217279824752, 67.24064197567912515 ) ) ;
#4395 = CARTESIAN_POINT ( 'NONE',  ( 1311.773591034662331, 578.8208411890093430, -24.63893579815673363 ) ) ;
#4396 = CARTESIAN_POINT ( 'NONE',  ( 848.0765901223850278, 79.94577889456813580, -31.76435539462623581 ) ) ;
#4397 = CARTESIAN_POINT ( 'NONE',  ( 676.8767583868757356, 12.81076942025048915, -22.38159502541324741 ) ) ;
#4398 = CARTESIAN_POINT ( 'NONE',  ( 560.0000000000004547, 4.230134422763542013, 21.14448238098002264 ) ) ;
#4399 = CARTESIAN_POINT ( 'NONE',  ( 733.6020606041049632, 46.00385502974101826, -16.54441660134517278 ) ) ;
#4400 = CARTESIAN_POINT ( 'NONE',  ( 1403.815720219959303, 663.0378568017608814, -108.8023568283716713 ) ) ;
#4401 = CARTESIAN_POINT ( 'NONE',  ( 958.0394181481378837, 141.7877441781730852, -66.64475816065213110 ) ) ;
#4402 = CARTESIAN_POINT ( 'NONE',  ( 1222.336331444904999, 491.1425320973892781, 33.29530478828573337 ) ) ;
#4403 = CARTESIAN_POINT ( 'NONE',  ( 1090.648082563642447, 342.3619481687904909, 72.70423947936657783 ) ) ;
#4404 = CARTESIAN_POINT ( 'NONE',  ( 788.2854753910361296, 90.01694266057788241, 35.26478307370405219 ) ) ;
#4405 = CARTESIAN_POINT ( 'NONE',  ( 1282.523339286316286, 498.4721375965556831, -30.82850490994471926 ) ) ;
#4406 = CARTESIAN_POINT ( 'NONE',  ( 1321.960214024940569, 813.7111553850686505, 109.9030276439467002 ) ) ;
#4407 = CARTESIAN_POINT ( 'NONE',  ( 732.3114232006976181, 65.31061793436622054, 42.81626944595235074 ) ) ;
#4408 = CARTESIAN_POINT ( 'NONE',  ( 1416.818425101518187, 763.1465142057539879, -66.19784197736093745 ) ) ;
#4409 = CARTESIAN_POINT ( 'NONE',  ( 1008.463955771474275, 191.2281392725216449, -16.74800529556480200 ) ) ;
#4410 = CARTESIAN_POINT ( 'NONE',  ( 949.5727258044688597, 188.0573631636863468, 28.34985434376818247 ) ) ;
#4411 = CARTESIAN_POINT ( 'NONE',  ( 732.4179328411538563, 63.68791600957175802, 35.05081147157636678 ) ) ;
#4412 = CARTESIAN_POINT ( 'NONE',  ( 1158.502785758384107, 318.6467936076920751, -72.97970854963361376 ) ) ;
#4413 = CARTESIAN_POINT ( 'NONE',  ( 1449.144088613914391, 934.2440394038690101, -38.02428697594251616 ) ) ;
#4414 = CARTESIAN_POINT ( 'NONE',  ( 1180.257448149732454, 438.9504017411621248, 58.69876798958777897 ) ) ;
#4415 = CARTESIAN_POINT ( 'NONE',  ( 1327.378990351468929, 544.9782643587037683, -82.10082139124264700 ) ) ;
#4416 = CARTESIAN_POINT ( 'NONE',  ( 1054.189789643698077, 254.0608143048561089, 17.04446725655242645 ) ) ;
#4417 = CARTESIAN_POINT ( 'NONE',  ( 1189.391557198816145, 412.7463466885993171, 2.003932260673462196 ) ) ;
#4418 = CARTESIAN_POINT ( 'NONE',  ( 1251.724375007704566, 414.8699051382390053, -80.35508160269080236 ) ) ;
#4419 = CARTESIAN_POINT ( 'NONE',  ( 1353.517440000103988, 871.1818578758554850, 82.52351496092013861 ) ) ;
#4420 = CARTESIAN_POINT ( 'NONE',  ( 1311.093048925600215, 580.3249923474936622, -3.768621794467317265 ) ) ;
#4421 = CARTESIAN_POINT ( 'NONE',  ( 1336.993372655374969, 786.0410008064832255, 69.90695189566832823 ) ) ;
#4422 = CARTESIAN_POINT ( 'NONE',  ( 1112.103999299216639, 265.6389424791580609, -81.31228599083456743 ) ) ;
#4423 = CARTESIAN_POINT ( 'NONE',  ( 1011.413094847404295, 177.4292387414492396, -60.55638833436506019 ) ) ;
#4424 = CARTESIAN_POINT ( 'NONE',  ( 1168.300120580252269, 473.1854702697656876, 99.51154547608548739 ) ) ;
#4425 = CARTESIAN_POINT ( 'NONE',  ( 1304.216742765535628, 727.2353372383372516, 96.79045578348615209 ) ) ;
#4426 = CARTESIAN_POINT ( 'NONE',  ( 559.9999999999997726, -4.665484904561412627, -22.40709583841536556 ) ) ;
#4427 = CARTESIAN_POINT ( 'NONE',  ( 1344.029433963151405, 773.0984743990870811, 65.55927003102462436 ) ) ;
#4428 = CARTESIAN_POINT ( 'NONE',  ( 579.4316438462386714, 3.392829722697865868, -8.912721726392840438 ) ) ;
#4429 = CARTESIAN_POINT ( 'NONE',  ( 1326.764466910662350, 546.3396182192888091, -61.11638318297976724 ) ) ;
#4430 = CARTESIAN_POINT ( 'NONE',  ( 957.5204766493789066, 144.7122425367049630, -35.83164041632761609 ) ) ;
#4431 = CARTESIAN_POINT ( 'NONE',  ( 1323.739922188137371, 810.4365792065966616, 109.2147380662199083 ) ) ;
#4432 = CARTESIAN_POINT ( 'NONE',  ( 1196.845268313325278, 391.3870800576949023, -34.24053005610325329 ) ) ;
#4433 = CARTESIAN_POINT ( 'NONE',  ( 958.0394181481378837, 141.7877441781730852, -66.64475816065213110 ) ) ;
#4434 = CARTESIAN_POINT ( 'NONE',  ( 1430.615246789328467, 739.5971737267484514, -102.1104905862153771 ) ) ;
#4435 = CARTESIAN_POINT ( 'NONE',  ( 1353.515986302720876, 755.6296157142626271, 30.20997602039791374 ) ) ;
#4436 = CARTESIAN_POINT ( 'NONE',  ( 1133.129409179710592, 399.5117731249808912, 79.02164560201420329 ) ) ;
#4437 = CARTESIAN_POINT ( 'NONE',  ( 1277.601154110851212, 652.9152018812377491, 80.01380512944319889 ) ) ;
#4438 = CARTESIAN_POINT ( 'NONE',  ( 1413.694373902279494, 768.4926933365243258, -43.45549725517525985 ) ) ;
#4439 = CARTESIAN_POINT ( 'NONE',  ( 1042.326403257684660, 302.1080438344824870, 81.42288632274397742 ) ) ;
#4440 = CARTESIAN_POINT ( 'NONE',  ( 733.8369496462664756, 42.50356334270912129, -28.26323095314313250 ) ) ;
#4441 = CARTESIAN_POINT ( 'NONE',  ( 1422.770414810006514, 938.4417861047782026, 9.994996273942838627 ) ) ;
#4442 = CARTESIAN_POINT ( 'NONE',  ( 1354.831451042267645, 626.2568190890167443, -38.17703058174262765 ) ) ;
#4443 = CARTESIAN_POINT ( 'NONE',  ( 732.7107749603189859, 59.31620990705457785, 23.36192758769793798 ) ) ;
#4444 = CARTESIAN_POINT ( 'NONE',  ( 579.3767274097968993, 10.92582629772118175, 22.14072319466442096 ) ) ;
#4445 = CARTESIAN_POINT ( 'NONE',  ( 618.6082085136708884, 6.634635190233673541, -25.84103450551675607 ) ) ;
#4446 = CARTESIAN_POINT ( 'NONE',  ( 1451.053092954042995, 931.4248231073975148, -43.43418263312199912 ) ) ;
#4447 = CARTESIAN_POINT ( 'NONE',  ( 950.0219779197681191, 185.6760095262488051, 42.05320341976715781 ) ) ;
#4448 = CARTESIAN_POINT ( 'NONE',  ( 1109.709374463688846, 274.1952208193758338, -62.95492046319030521 ) ) ;
#4449 = CARTESIAN_POINT ( 'NONE',  ( 676.5617238349688023, 20.38017202695594676, 4.155138466198633473 ) ) ;
#4450 = CARTESIAN_POINT ( 'NONE',  ( 733.0672319018948428, 53.99133483306430037, 8.122208927669774425 ) ) ;
#4451 = CARTESIAN_POINT ( 'NONE',  ( 579.5026827094739019, -6.550465268475663905, -22.60941165291521315 ) ) ;
#4452 = CARTESIAN_POINT ( 'NONE',  ( 1043.808156988683322, 296.0878636125535195, 66.03407915492999791 ) ) ;
#4453 = CARTESIAN_POINT ( 'NONE',  ( 1308.936220749388440, 585.0011976028010849, 3.076132924763731680 ) ) ;
#4454 = CARTESIAN_POINT ( 'NONE',  ( 842.9813609677258910, 121.2656637790628622, 37.87700420070142115 ) ) ;
#4455 = CARTESIAN_POINT ( 'NONE',  ( 579.4677104190501495, -1.624293288379672129, -25.01001842009387843 ) ) ;
#4456 = CARTESIAN_POINT ( 'NONE',  ( 895.0941072198650090, 164.7630875367546821, 62.33695395332157574 ) ) ;
#4457 = CARTESIAN_POINT ( 'NONE',  ( 788.5679424239723403, 87.11181606936364119, 40.82609207017260644 ) ) ;
#4458 = CARTESIAN_POINT ( 'NONE',  ( 791.0389625024416773, 60.84029827564323512, -43.95468563700055853 ) ) ;
#4459 = CARTESIAN_POINT ( 'NONE',  ( 1005.823373002996163, 203.5439819148321590, 6.525443509639296202 ) ) ;
#4460 = CARTESIAN_POINT ( 'NONE',  ( 1341.144661783241190, 778.4074009071039200, 71.93040169167827003 ) ) ;
#4461 = CARTESIAN_POINT ( 'NONE',  ( 1005.836040900346802, 203.3846644729894138, -23.07531672100733289 ) ) ;
#4462 = CARTESIAN_POINT ( 'NONE',  ( 1393.468338185058656, 682.0978776321560417, -64.77111831813019194 ) ) ;
#4463 = CARTESIAN_POINT ( 'NONE',  ( 1061.825226821881188, 223.0966652917584554, -44.65246589740188909 ) ) ;
#4464 = CARTESIAN_POINT ( 'NONE',  ( 1219.590884687966536, 498.2700985170462218, 43.81085775996552911 ) ) ;
#4465 = CARTESIAN_POINT ( 'NONE',  ( 1004.867242379282175, 207.9065578530611731, -13.55072479715338218 ) ) ;
#4466 = CARTESIAN_POINT ( 'NONE',  ( 1162.469957886776683, 306.0276017430163620, -91.21996492319088645 ) ) ;
#4467 = CARTESIAN_POINT ( 'NONE',  ( 847.9387416095565868, 80.94354192809271353, -54.31363065360163489 ) ) ;
#4468 = CARTESIAN_POINT ( 'NONE',  ( 1378.491978438244132, 828.5620150163889548, 28.38270853197270682 ) ) ;
#4469 = CARTESIAN_POINT ( 'NONE',  ( 1244.858876235692833, 587.5902575706687685, 91.78484687549516252 ) ) ;
#4470 = CARTESIAN_POINT ( 'NONE',  ( 1133.255303303099936, 399.0866929173831181, 67.28397966676097042 ) ) ;
#4471 = CARTESIAN_POINT ( 'NONE',  ( 791.6831703531362336, 54.21282250105851830, -25.28312192020080573 ) ) ;
#4472 = CARTESIAN_POINT ( 'NONE',  ( 732.3579221396723824, 64.63879805184295435, 43.12522004929185471 ) ) ;
#4473 = CARTESIAN_POINT ( 'NONE',  ( 1437.305785698559703, 845.9533262229637103, -55.96605713677580951 ) ) ;
#4474 = CARTESIAN_POINT ( 'NONE',  ( 1403.870737317832891, 1001.103693458514272, 50.99499066208164777 ) ) ;
#4475 = CARTESIAN_POINT ( 'NONE',  ( 1403.311972514946547, 1001.928876935104881, 52.00895764798565324 ) ) ;
#4476 = CARTESIAN_POINT ( 'NONE',  ( 1285.804881324617327, 490.7036888284773113, -44.95331225005678277 ) ) ;
#4477 = CARTESIAN_POINT ( 'NONE',  ( 1047.096067667310081, 282.7540353281864896, 43.77406750278149872 ) ) ;
#4478 = CARTESIAN_POINT ( 'NONE',  ( 1352.784424757359375, 872.4326936853464076, 83.99632994116578288 ) ) ;
#4479 = CARTESIAN_POINT ( 'NONE',  ( 956.4195556021968514, 150.6150224927889099, -55.67870572214936686 ) ) ;
#4480 = CARTESIAN_POINT ( 'NONE',  ( 1414.432951648071139, 985.5054226004062912, 27.73256962076423449 ) ) ;
#4481 = CARTESIAN_POINT ( 'NONE',  ( 1216.996608262652899, 505.0265471735580149, 67.58892131414579296 ) ) ;
#4482 = CARTESIAN_POINT ( 'NONE',  ( 560.0000000000003411, -2.769633756285023729, -18.44000464279924500 ) ) ;
#4483 = CARTESIAN_POINT ( 'NONE',  ( 954.6317117414855602, 160.5127617095434118, 1.537758871907925817 ) ) ;
#4484 = CARTESIAN_POINT ( 'NONE',  ( 1188.075406174317095, 416.5177738109738357, 8.144528670217376032 ) ) ;
#4485 = CARTESIAN_POINT ( 'NONE',  ( 579.4983750009101868, -5.928899146276973120, -24.30178407893527393 ) ) ;
#4486 = CARTESIAN_POINT ( 'NONE',  ( 1088.651113294808283, 349.4721783265723616, 72.16084997774198939 ) ) ;
#4487 = CARTESIAN_POINT ( 'NONE',  ( 1057.791596204302778, 239.4630651104530159, -7.762070076541774277 ) ) ;
#4488 = CARTESIAN_POINT ( 'NONE',  ( 618.3910114540287850, 19.51139076492158253, 23.13547031936490939 ) ) ;
#4489 = CARTESIAN_POINT ( 'NONE',  ( 1331.863300325257114, 535.2528859574122180, -100.1538103252423753 ) ) ;
#4490 = CARTESIAN_POINT ( 'NONE',  ( 1087.100759447369683, 355.0257590933022698, 88.08813562725782731 ) ) ;
#4491 = CARTESIAN_POINT ( 'NONE',  ( 1397.437819444462320, 976.9168743336605303, 56.45005771126881200 ) ) ;
#4492 = CARTESIAN_POINT ( 'NONE',  ( 560.0000000000003411, -3.993538588443219073, -21.35696713475972430 ) ) ;
#4493 = CARTESIAN_POINT ( 'NONE',  ( 899.1787237085538891, 137.9284444871101414, 0.1316432339880979629 ) ) ;
#4494 = CARTESIAN_POINT ( 'NONE',  ( 560.0000000000003411, -1.865169707711999747, 11.44237346366873354 ) ) ;
#4495 = CARTESIAN_POINT ( 'NONE',  ( 1431.551812488819905, 960.2243006852892222, -5.200594740557639817 ) ) ;
#4496 = CARTESIAN_POINT ( 'NONE',  ( 560.0000000000004547, -9.971013340054559748, -16.47419281282438064 ) ) ;
#4497 = CARTESIAN_POINT ( 'NONE',  ( 618.7680986192200407, -1.986396602408349032, -21.80120327557635562 ) ) ;
#4498 = CARTESIAN_POINT ( 'NONE',  ( 1254.774979758595009, 564.1105486207192143, 48.95221358027535530 ) ) ;
#4499 = CARTESIAN_POINT ( 'NONE',  ( 579.4199137880084436, 5.004225761628275926, -1.981778825368430308 ) ) ;
#4500 = CARTESIAN_POINT ( 'NONE',  ( 1298.660084682807110, 738.3132899131902604, 100.1505217851967871 ) ) ;
#4501 = CARTESIAN_POINT ( 'NONE',  ( 618.6864648094040149, 2.285640602576326952, -31.53572086224026094 ) ) ;
#4502 = CARTESIAN_POINT ( 'NONE',  ( 788.9699664196334652, 82.75699642214124196, 17.25210604244470503 ) ) ;
#4503 = CARTESIAN_POINT ( 'NONE',  ( 1396.338539817096489, 978.5864604440673702, 58.28262793980226775 ) ) ;
#4504 = CARTESIAN_POINT ( 'NONE',  ( 733.6956248665120484, 44.60785829113032719, -21.23273860673394609 ) ) ;
#4505 = CARTESIAN_POINT ( 'NONE',  ( 1408.423164391851287, 994.3806722868085899, 38.58640409146542538 ) ) ;
#4506 = CARTESIAN_POINT ( 'NONE',  ( 957.1280830216337563, 146.8632773171489418, -28.97583601720488389 ) ) ;
#4507 = CARTESIAN_POINT ( 'NONE',  ( 618.3877149505310626, 19.94407125203311182, 31.19560257132834025 ) ) ;
#4508 = CARTESIAN_POINT ( 'NONE',  ( 579.4416982663093449, 2.006534534975440653, -14.98272437038982652 ) ) ;
#4509 = CARTESIAN_POINT ( 'NONE',  ( 676.7798126390111975, 14.90538869287835766, -35.82482040462326722 ) ) ;
#4510 = CARTESIAN_POINT ( 'NONE',  ( 895.5857313684498422, 161.5555833350395005, 58.75604489861530055 ) ) ;
#4511 = CARTESIAN_POINT ( 'NONE',  ( 1443.195223459423232, 943.0293193723405238, -22.97064963389364323 ) ) ;
#4512 = CARTESIAN_POINT ( 'NONE',  ( 1407.020074901135786, 962.3622903865815488, 32.59093921031180940 ) ) ;
#4513 = CARTESIAN_POINT ( 'NONE',  ( 1208.119702661992278, 528.0492218346834079, 85.65487683114541539 ) ) ;
#4514 = CARTESIAN_POINT ( 'NONE',  ( 1326.909669587022790, 545.9960902243204828, -80.26084910047609355 ) ) ;
#4515 = CARTESIAN_POINT ( 'NONE',  ( 676.1285285873683506, 30.33115457718088592, -0.2830692284538402492 ) ) ;
#4516 = CARTESIAN_POINT ( 'NONE',  ( 1371.485713326686664, 840.5276711620549577, 55.54543507177044859 ) ) ;
#4517 = CARTESIAN_POINT ( 'NONE',  ( 790.7687510282863741, 63.68651469673056198, -36.93767152590215375 ) ) ;
#4518 = CARTESIAN_POINT ( 'NONE',  ( 1054.938638408897532, 251.0263313040179582, 12.15612153912091919 ) ) ;
#4519 = CARTESIAN_POINT ( 'NONE',  ( 1381.270462785229029, 823.8201941237748542, 22.08058507600168952 ) ) ;
#4520 = CC_DESIGN_APPROVAL ( #4582, ( #4714 ) ) ;
#4521 = CARTESIAN_POINT ( 'NONE',  ( 579.4969176258871357, -5.720525550766887513, -24.69927657913070007 ) ) ;
#4522 = CARTESIAN_POINT ( 'NONE',  ( 791.7622533064383106, 53.29136482581051126, -43.80821565621128855 ) ) ;
#4523 = CARTESIAN_POINT ( 'NONE',  ( 895.4087129971978811, 162.6747806548181359, 52.44293766463882633 ) ) ;
#4524 = CARTESIAN_POINT ( 'NONE',  ( 1279.338180980144671, 649.1491966063288146, 75.13723851464348513 ) ) ;
#4525 = CARTESIAN_POINT ( 'NONE',  ( 847.3766366229050391, 85.50051530579084158, -52.15959588436124506 ) ) ;
#4526 = CARTESIAN_POINT ( 'NONE',  ( 1387.227573242397739, 813.6646916791274862, 21.69713327372404876 ) ) ;
#4527 = CARTESIAN_POINT ( 'NONE',  ( 559.9999999999998863, 5.348513470893053956, 22.92907550342185630 ) ) ;
#4528 = CARTESIAN_POINT ( 'NONE',  ( 1330.564950890069895, 538.0693302768186186, -94.84885214749253635 ) ) ;
#4529 = CARTESIAN_POINT ( 'NONE',  ( 560.0000000000000000, 1.137294124148697572, -1.793121982694990901 ) ) ;
#4530 = CARTESIAN_POINT ( 'NONE',  ( 1409.010732600455412, 959.3400752719998081, 36.09332325380795936 ) ) ;
#4531 = CARTESIAN_POINT ( 'NONE',  ( 1366.842576537609602, 731.0995212642316119, -3.643350921535865261 ) ) ;
#4532 = CARTESIAN_POINT ( 'NONE',  ( 734.6300206376768074, 30.90894742820448471, -32.52587754384830987 ) ) ;
#4533 = CARTESIAN_POINT ( 'NONE',  ( 1444.065633181970952, 906.0991263410036254, -37.30484398891714193 ) ) ;
#4534 = CARTESIAN_POINT ( 'NONE',  ( 1407.020074901135786, 962.3622903865815488, 32.59093921031180940 ) ) ;
#4535 = CARTESIAN_POINT ( 'NONE',  ( 787.8844013044334815, 94.29292792908525200, 48.84268138916776536 ) ) ;
#4536 = CARTESIAN_POINT ( 'NONE',  ( 1372.069350145579392, 721.4783671356348123, -17.36225764810561145 ) ) ;
#4537 = CARTESIAN_POINT ( 'NONE',  ( 842.2259351541111982, 127.4253529908615832, 52.54974099674188182 ) ) ;
#4538 = CARTESIAN_POINT ( 'NONE',  ( 1113.203704554772912, 261.7176635015001125, -84.73978763322941177 ) ) ;
#4539 = CARTESIAN_POINT ( 'NONE',  ( 1419.805575026701717, 977.5711360901799480, 17.69901480736734811 ) ) ;
#4540 = CARTESIAN_POINT ( 'NONE',  ( 1359.642044992265710, 860.7368579467432710, 79.37283122388234347 ) ) ;
#4541 = CARTESIAN_POINT ( 'NONE',  ( 618.5597158872498085, 9.412265600134880117, -15.98648581212182940 ) ) ;
#4542 = CARTESIAN_POINT ( 'NONE',  ( 896.0824723145693724, 158.2538917228498292, 44.01202447681777841 ) ) ;
#4543 = CARTESIAN_POINT ( 'NONE',  ( 560.0000000000003411, -10.04959073463191643, -13.29249688068029478 ) ) ;
#4544 = CARTESIAN_POINT ( 'NONE',  ( 1087.202227387752373, 354.6642143590137266, 87.86571257598278351 ) ) ;
#4545 = CARTESIAN_POINT ( 'NONE',  ( 790.4177144619734463, 67.40045362280687868, -25.70345867625012914 ) ) ;
#4546 = CARTESIAN_POINT ( 'NONE',  ( 1403.728509865594106, 663.1994222290992411, -106.5769304297618447 ) ) ;
#4547 = CARTESIAN_POINT ( 'NONE',  ( 1209.161027035360121, 356.1211847208188033, -91.39334294516420698 ) ) ;
#4548 = CARTESIAN_POINT ( 'NONE',  ( 1088.743199583831029, 349.1629873930257872, 80.78605863261491038 ) ) ;
#4549 = CARTESIAN_POINT ( 'NONE',  ( 1388.605220079092078, 811.3022762339794554, 5.143074328825087527 ) ) ;
#4550 = CARTESIAN_POINT ( 'NONE',  ( 1273.303779642256586, 662.2413211660164052, 101.4944116711876347 ) ) ;
#4551 = CARTESIAN_POINT ( 'NONE',  ( 903.1907074526963015, 111.7441179831728846, -28.66897325768371019 ) ) ;
#4552 = CARTESIAN_POINT ( 'NONE',  ( 948.9793380113529793, 191.3025972834230402, 34.73454688249275080 ) ) ;
#4553 = CARTESIAN_POINT ( 'NONE',  ( 1329.237089366183454, 800.3166373743180202, 87.90384065756833820 ) ) ;
#4554 = CARTESIAN_POINT ( 'NONE',  ( 618.6049854003478004, 6.815383902393729265, -25.33166623781616167 ) ) ;
#4555 = CALENDAR_DATE ( 2026, 14, 9 ) ;
#4556 = CARTESIAN_POINT ( 'NONE',  ( 1049.843397241869525, 271.6694904928720007, 43.29462247038223666 ) ) ;
#4557 = CARTESIAN_POINT ( 'NONE',  ( 733.9277527673615396, 41.15623072860751108, -32.45806269678461575 ) ) ;
#4558 = CARTESIAN_POINT ( 'NONE',  ( 579.4855969799901914, -4.280407585632460155, -0.8444861869046272895 ) ) ;
#4559 = CARTESIAN_POINT ( 'NONE',  ( 789.2531229433014914, 79.75290674764278265, 9.355880930335757739 ) ) ;
#4560 = CARTESIAN_POINT ( 'NONE',  ( 1332.954430241928094, 532.9066874321425757, -91.48513145746392183 ) ) ;
#4561 = CARTESIAN_POINT ( 'NONE',  ( 1394.159325437749885, 981.8952332433281072, 56.24393776846991244 ) ) ;
#4562 = CARTESIAN_POINT ( 'NONE',  ( 1247.338477579578921, 581.7095051128949308, 73.15698083305113641 ) ) ;
#4563 = CARTESIAN_POINT ( 'NONE',  ( 579.4609946926866542, -0.6833568626111390376, -23.42451993252574027 ) ) ;
#4564 = CARTESIAN_POINT ( 'NONE',  ( 1053.428087094432840, 257.1471692966202909, 21.89867773410912122 ) ) ;
#4565 = CARTESIAN_POINT ( 'NONE',  ( 842.3805639595000230, 126.1994677942881964, 55.27350024994753142 ) ) ;
#4566 = CARTESIAN_POINT ( 'NONE',  ( 675.9837117273137892, 34.05241580647973620, 28.24125476590614525 ) ) ;
#4567 = CARTESIAN_POINT ( 'NONE',  ( 1449.985550122235963, 933.0013696271453227, -45.75489789473502356 ) ) ;
#4568 = CARTESIAN_POINT ( 'NONE',  ( 560.0000000000000000, -10.08216127876434243, -14.83984967306075120 ) ) ;
#4569 = CARTESIAN_POINT ( 'NONE',  ( 579.4440614430508276, 1.494423629050198210, 11.82568284936011338 ) ) ;
#4570 = CARTESIAN_POINT ( 'NONE',  ( 733.3136141285446001, 50.31029118366652142, -3.027026425607854954 ) ) ;
#4571 = CARTESIAN_POINT ( 'NONE',  ( 734.6303917113918942, 30.92198024052499861, -29.81853817571959198 ) ) ;
#4572 = CARTESIAN_POINT ( 'NONE',  ( 559.9999999999997726, -9.888308322695072761, -17.26971500982228491 ) ) ;
#4573 = CARTESIAN_POINT ( 'NONE',  ( 1316.805277659090734, 702.1110374516568982, 54.21382432837015841 ) ) ;
#4574 = CARTESIAN_POINT ( 'NONE',  ( 1369.304457902761442, 952.8187419820980040, 89.11328327916221781 ) ) ;
#4575 = CARTESIAN_POINT ( 'NONE',  ( 733.4356910042271238, 48.48755949758086814, -8.607270598601862943 ) ) ;
#4576 = CARTESIAN_POINT ( 'NONE',  ( 1370.479599401607175, 950.9717899056865917, 84.51551694176860963 ) ) ;
#4577 = CARTESIAN_POINT ( 'NONE',  ( 1253.672438632557487, 409.7924411225718018, -101.8013568906600312 ) ) ;
#4578 = CARTESIAN_POINT ( 'NONE',  ( 1291.249227174072075, 623.3242438753549095, 40.31271981363664025 ) ) ;
#4579 = CARTESIAN_POINT ( 'NONE',  ( 1277.750177874911742, 652.6041494716348552, 90.67602512430208606 ) ) ;
#4580 = CARTESIAN_POINT ( 'NONE',  ( 733.7235434022042000, 44.19166750563267243, -22.64023587409383609 ) ) ;
#4581 = CARTESIAN_POINT ( 'NONE',  ( 895.8659307182700786, 159.6753626163188073, 46.95838630257932778 ) ) ;
#4582 = APPROVAL ( #5678, 'UNSPECIFIED' ) ;
#4583 = CARTESIAN_POINT ( 'NONE',  ( 1323.183249564644484, 554.1079014444468385, -46.26141613200551461 ) ) ;
#4584 = CARTESIAN_POINT ( 'NONE',  ( 1204.924273922432576, 536.3500463159549554, 104.9706935247719883 ) ) ;
#4585 = CARTESIAN_POINT ( 'NONE',  ( 1385.824464244934234, 696.1567916232303332, -56.07141043496437760 ) ) ;
#4586 = CARTESIAN_POINT ( 'NONE',  ( 1253.647683178485977, 409.8652995177830007, -96.25285671069489979 ) ) ;
#4587 = CARTESIAN_POINT ( 'NONE',  ( 734.5088353542527102, 32.60571748682281168, -41.29638413215980819 ) ) ;
#4588 = CARTESIAN_POINT ( 'NONE',  ( 675.8606934352917506, 36.95487298060934478, 32.33642692277054209 ) ) ;
#4589 = CARTESIAN_POINT ( 'NONE',  ( 1410.843004613421499, 773.3600971578375720, -35.49764621545091359 ) ) ;
#4590 = CARTESIAN_POINT ( 'NONE',  ( 788.7374485954372858, 85.22347947588026784, 23.54466931816592279 ) ) ;
#4591 = CARTESIAN_POINT ( 'NONE',  ( 1043.416166449747152, 297.6770227330117677, 68.18449039900502839 ) ) ;
#4592 = CARTESIAN_POINT ( 'NONE',  ( 1247.360139905383221, 426.1696668731418072, -75.54038635964164428 ) ) ;
#4593 = APPROVAL_ROLE ( '' ) ;
#4594 = CARTESIAN_POINT ( 'NONE',  ( 1346.890951768003333, 767.8322098269137541, 59.15064625789714370 ) ) ;
#4595 = CARTESIAN_POINT ( 'NONE',  ( 560.0000000000003411, -2.645925527813973055, -18.05984059414756970 ) ) ;
#4596 = CARTESIAN_POINT ( 'NONE',  ( 790.8635395077708381, 62.90674207177892896, 0.2476812223230774601 ) ) ;
#4597 = CARTESIAN_POINT ( 'NONE',  ( 1226.924950726818452, 479.2294960476322103, 15.25935791507160744 ) ) ;
#4598 = CARTESIAN_POINT ( 'NONE',  ( 1452.291901745800942, 929.5953511357884054, -47.31419300835015207 ) ) ;
#4599 = CARTESIAN_POINT ( 'NONE',  ( 946.7112658558131670, 203.7042156831786031, 57.70428141135408140 ) ) ;
#4600 = CARTESIAN_POINT ( 'NONE',  ( 1091.016540802046393, 341.0178837579185256, 59.06866939695192542 ) ) ;
#4601 = CARTESIAN_POINT ( 'NONE',  ( 902.5409398380949142, 115.8721639072722525, -54.74073645483651518 ) ) ;
#4602 = CARTESIAN_POINT ( 'NONE',  ( 618.6574644343776299, 4.601781520510528800, 5.173302035098111595 ) ) ;
#4603 = CARTESIAN_POINT ( 'NONE',  ( 1238.428238689836689, 602.8017136888724963, 109.2923549394189990 ) ) ;
#4604 = CARTESIAN_POINT ( 'NONE',  ( 1247.051024592689828, 582.4044977317078065, 85.64301803514388212 ) ) ;
#4605 = CARTESIAN_POINT ( 'NONE',  ( 579.4609946926866542, -0.6833568626111390376, -23.42451993252574027 ) ) ;
#4606 = CARTESIAN_POINT ( 'NONE',  ( 560.0000000000000000, -0.6162311969020698443, -9.823742158373974576 ) ) ;
#4607 = CARTESIAN_POINT ( 'NONE',  ( 1221.791469709246940, 492.5842697721633954, 51.63399387268673024 ) ) ;
#4608 = CARTESIAN_POINT ( 'NONE',  ( 899.6965487814585458, 134.5289073842293703, -7.771185717143998417 ) ) ;
#4609 = CARTESIAN_POINT ( 'NONE',  ( 1291.658422976562861, 476.8411913221296459, -74.16866304566309509 ) ) ;
#4610 = CARTESIAN_POINT ( 'NONE',  ( 1443.199589917294816, 836.6936517213181332, -60.57041660798967087 ) ) ;
#4611 = CARTESIAN_POINT ( 'NONE',  ( 1048.163812274534394, 278.4235650527831467, 36.30462387735325080 ) ) ;
#4612 = CARTESIAN_POINT ( 'NONE',  ( 946.2394822902333544, 206.2888426000530160, 63.89369632235554519 ) ) ;
#4613 = CARTESIAN_POINT ( 'NONE',  ( 1344.934065539484436, 645.9845503486897087, -24.74729925621384652 ) ) ;
#4614 = CARTESIAN_POINT ( 'NONE',  ( 618.3638146272229505, 21.20306837377964371, 30.32666030829054549 ) ) ;
#4615 = CARTESIAN_POINT ( 'NONE',  ( 957.9369289761772279, 142.3435681230955083, -66.70445082658407898 ) ) ;
#4616 = CARTESIAN_POINT ( 'NONE',  ( 1000.268733576035629, 229.3698122064111260, 28.73404025901168168 ) ) ;
#4617 = CARTESIAN_POINT ( 'NONE',  ( 1134.473790714665938, 395.2326327164298050, 73.74995360521825205 ) ) ;
#4618 = CARTESIAN_POINT ( 'NONE',  ( 676.3561683440713068, 24.86087073740971576, -19.70620880828721866 ) ) ;
#4619 = CARTESIAN_POINT ( 'NONE',  ( 997.1237867241171671, 244.0468473529931828, 55.21501878574472499 ) ) ;
#4620 = CARTESIAN_POINT ( 'NONE',  ( 946.3229966184654813, 205.8529697796274434, 68.72273159911537732 ) ) ;
#4621 = CARTESIAN_POINT ( 'NONE',  ( 955.1838346540710063, 157.3681981527506366, -39.07498082000811479 ) ) ;
#4622 = CARTESIAN_POINT ( 'NONE',  ( 1335.441341158109026, 527.5062959224717360, -106.7813127859707549 ) ) ;
#4623 = CARTESIAN_POINT ( 'NONE',  ( 1162.518197994577804, 305.8879372971142629, -86.24519318312033533 ) ) ;
#4624 = CARTESIAN_POINT ( 'NONE',  ( 1088.743199583831029, 349.1629873930257872, 80.78605863261491038 ) ) ;
#4625 = CARTESIAN_POINT ( 'NONE',  ( 1110.815329323561400, 270.3156386169443408, -42.05238802699231826 ) ) ;
#4626 = CARTESIAN_POINT ( 'NONE',  ( 1177.155286873125988, 447.8075539364477322, 56.46911439819215417 ) ) ;
#4627 = CARTESIAN_POINT ( 'NONE',  ( 1058.464437548357637, 236.7351298992124669, -12.83842786988815732 ) ) ;
#4628 = CARTESIAN_POINT ( 'NONE',  ( 560.0000000000000000, 6.425595164904236434, 21.59979254041854801 ) ) ;
#4629 = CARTESIAN_POINT ( 'NONE',  ( 1446.280804530212663, 902.7339130608503410, -50.80668391764394443 ) ) ;
#4630 = CARTESIAN_POINT ( 'NONE',  ( 1429.044352597582474, 963.9273157280158557, -0.2019486241656887338 ) ) ;
#4631 = CARTESIAN_POINT ( 'NONE',  ( 789.5601455327622489, 76.65825880851089380, 25.42840587785027040 ) ) ;
#4632 = CARTESIAN_POINT ( 'NONE',  ( 1438.522287631328481, 844.0411977431091373, -59.00669500200447715 ) ) ;
#4633 = CARTESIAN_POINT ( 'NONE',  ( 1422.770414810006514, 938.4417861047782026, 9.994996273942838627 ) ) ;
#4634 = CARTESIAN_POINT ( 'NONE',  ( 732.9511350964960457, 55.72592124052798113, 13.21639046755253588 ) ) ;
#4635 = CARTESIAN_POINT ( 'NONE',  ( 734.5855290372842319, 31.52418545249607718, -37.85333227594148298 ) ) ;
#4636 = CARTESIAN_POINT ( 'NONE',  ( 675.6938481831308536, 40.81339351755179479, 32.66434167232316099 ) ) ;
#4637 = CARTESIAN_POINT ( 'NONE',  ( 842.8346984584262600, 122.4600935490364009, 40.49734168478686058 ) ) ;
#4638 = CARTESIAN_POINT ( 'NONE',  ( 1425.644993860505338, 748.0780525699854024, -91.62405872565486220 ) ) ;
#4639 = CARTESIAN_POINT ( 'NONE',  ( 1004.081574904609738, 211.6636546122828690, 20.06176982236992856 ) ) ;
#4640 = CARTESIAN_POINT ( 'NONE',  ( 848.2216130374820295, 78.70741338433934686, -48.93410071352558077 ) ) ;
#4641 = CARTESIAN_POINT ( 'NONE',  ( 1368.950587671475887, 953.3752284932562588, 93.77656506262805181 ) ) ;
#4642 = CARTESIAN_POINT ( 'NONE',  ( 948.7386783301471951, 192.6773804353195487, 51.66529359595291027 ) ) ;
#4643 = CARTESIAN_POINT ( 'NONE',  ( 902.2810514192420897, 117.5705883747690734, -50.77547452819523244 ) ) ;
#4644 = CARTESIAN_POINT ( 'NONE',  ( 844.8599642584091498, 106.0991249448566265, 26.81500976096744182 ) ) ;
#4645 = CARTESIAN_POINT ( 'NONE',  ( 1429.855864672166490, 962.7288752544341150, -1.812425124889101902 ) ) ;
#4646 = CARTESIAN_POINT ( 'NONE',  ( 791.7899476837098973, 53.05508530747467688, -33.64884293004459437 ) ) ;
#4647 = CARTESIAN_POINT ( 'NONE',  ( 1010.800859583150327, 180.3075385539804074, -46.44095479532314386 ) ) ;
#4648 = CARTESIAN_POINT ( 'NONE',  ( 1284.494168920841275, 637.9704214963689992, 60.31562414580983500 ) ) ;
#4649 = CARTESIAN_POINT ( 'NONE',  ( 579.3768583387223998, 10.86728219575015153, 26.42708468338066652 ) ) ;
#4650 = CARTESIAN_POINT ( 'NONE',  ( 1367.438859250830774, 601.0889176621174101, -87.00635696122277807 ) ) ;
#4651 = CARTESIAN_POINT ( 'NONE',  ( 1390.422932307670635, 808.2000092155425364, 0.8819726001216094957 ) ) ;
#4652 = CARTESIAN_POINT ( 'NONE',  ( 1239.701821031030704, 599.7813945080310987, 96.79747765495164913 ) ) ;
#4653 = CARTESIAN_POINT ( 'NONE',  ( 1112.847826186623479, 262.9853477788514624, -83.92440083466540557 ) ) ;
#4654 = CARTESIAN_POINT ( 'NONE',  ( 732.8433000302951541, 57.33685645426915301, 17.83595103518069891 ) ) ;
#4655 = CARTESIAN_POINT ( 'NONE',  ( 998.9643130489615714, 235.5082921217944829, 54.65792053438575238 ) ) ;
#4656 = CARTESIAN_POINT ( 'NONE',  ( 1411.881508032719694, 771.5740470092910073, -52.60994233158925937 ) ) ;
#4657 = CARTESIAN_POINT ( 'NONE',  ( 947.2507452381723851, 200.7554062310197480, 52.77000993150242181 ) ) ;
#4658 = CARTESIAN_POINT ( 'NONE',  ( 1087.500845471674893, 353.5989557946308537, 86.78246944876099178 ) ) ;
#4659 = CARTESIAN_POINT ( 'NONE',  ( 1243.606284858361732, 435.9172805333244582, -56.84196553288796139 ) ) ;
#4660 = CARTESIAN_POINT ( 'NONE',  ( 734.5088353542527102, 32.60571748682281168, -41.29638413215980819 ) ) ;
#4661 = CARTESIAN_POINT ( 'NONE',  ( 1451.729282669522263, 894.4601211835868071, -59.69158067951877911 ) ) ;
#4662 = CARTESIAN_POINT ( 'NONE',  ( 789.5470931390697160, 76.63392325473226663, 0.9007775174109202698 ) ) ;
#4663 = CARTESIAN_POINT ( 'NONE',  ( 579.3979028899512969, 7.929764788388594887, 22.32569783963378995 ) ) ;
#4664 = CARTESIAN_POINT ( 'NONE',  ( 1203.763800566496457, 371.6129751031680826, -47.49480531084242330 ) ) ;
#4665 = CARTESIAN_POINT ( 'NONE',  ( 1046.376404098488820, 285.6726570867156170, 48.74316181581253460 ) ) ;
#4666 = CARTESIAN_POINT ( 'NONE',  ( 955.8199866899811923, 154.0202827172878699, -11.24048466264702206 ) ) ;
#4667 = CARTESIAN_POINT ( 'NONE',  ( 1394.159325437749885, 981.8952332433281072, 56.24393776846991244 ) ) ;
#4668 = CARTESIAN_POINT ( 'NONE',  ( 1203.984829861003618, 370.9261715762352765, -73.85126011501628795 ) ) ;
#4669 = CARTESIAN_POINT ( 'NONE',  ( 1219.711057786511446, 497.9828992666656404, 58.64378503086238936 ) ) ;
#4670 = CARTESIAN_POINT ( 'NONE',  ( 790.6146927422075805, 65.31436358403745146, -32.12715721488999066 ) ) ;
#4671 = CARTESIAN_POINT ( 'NONE',  ( 734.2029187229585432, 37.34607891575659266, -2.834318679591388612 ) ) ;
#4672 = CARTESIAN_POINT ( 'NONE',  ( 1353.515986302720876, 755.6296157142626271, 30.20997602039791374 ) ) ;
#4673 = CARTESIAN_POINT ( 'NONE',  ( 734.5530666322050592, 31.97456667146825993, -40.12933155269465146 ) ) ;
#4674 = CARTESIAN_POINT ( 'NONE',  ( 1207.217945370831558, 530.3898077912192548, 88.25587677195368030 ) ) ;
#4675 = CARTESIAN_POINT ( 'NONE',  ( 1305.885820805547155, 723.8972364247622409, 82.40529046619421649 ) ) ;
#4676 = CARTESIAN_POINT ( 'NONE',  ( 1366.637847721606477, 602.6702539410709960, -97.38753439482879060 ) ) ;
#4677 = CARTESIAN_POINT ( 'NONE',  ( 790.4384961933839122, 67.39489195750682882, 9.333282634447696680 ) ) ;
#4678 = CARTESIAN_POINT ( 'NONE',  ( 1168.757713404468632, 471.8776671426709868, 99.29098744721680703 ) ) ;
#4679 = CARTESIAN_POINT ( 'NONE',  ( 1174.133836069462632, 456.4849000183995145, 80.66430827640066070 ) ) ;
#4680 = CARTESIAN_POINT ( 'NONE',  ( 1009.433240998156180, 186.5986180392498852, -61.79019745126574747 ) ) ;
#4681 = CARTESIAN_POINT ( 'NONE',  ( 1051.865986084960014, 263.4760384835722107, 31.49975484026760952 ) ) ;
#4682 = CARTESIAN_POINT ( 'NONE',  ( 560.0000000000000000, 1.530084207221505288, 0.02819804758188076618 ) ) ;
#4683 = CARTESIAN_POINT ( 'NONE',  ( 1250.407907929862859, 418.2928055812848243, -71.18039848321907925 ) ) ;
#4684 = CARTESIAN_POINT ( 'NONE',  ( 1290.297375534927369, 480.0654497320304017, -66.74720701516243082 ) ) ;
#4685 = CARTESIAN_POINT ( 'NONE',  ( 1413.344025418711681, 987.1135481069528623, 29.71974055813735305 ) ) ;
#4686 = CARTESIAN_POINT ( 'NONE',  ( 995.3122190520346066, 252.5106442192491727, 74.03759216857959302 ) ) ;
#4687 = CARTESIAN_POINT ( 'NONE',  ( 676.1382739497155399, 30.09631112127731356, -1.090465406616774269 ) ) ;
#4688 = CARTESIAN_POINT ( 'NONE',  ( 1042.413986153955193, 301.7453833232701754, 77.09303732584058366 ) ) ;
#4689 = CARTESIAN_POINT ( 'NONE',  ( 1352.173712770246311, 873.4797961616638986, 93.57214025223603926 ) ) ;
#4690 = CARTESIAN_POINT ( 'NONE',  ( 1401.237701133557721, 667.7807996566768907, -103.7053198793522313 ) ) ;
#4691 = CARTESIAN_POINT ( 'NONE',  ( 1091.478472596821575, 339.3970740679250753, 68.97324100423706739 ) ) ;
#4692 = CARTESIAN_POINT ( 'NONE',  ( 1197.652183887240426, 389.0745889480180040, -38.46960263289506088 ) ) ;
#4693 = CARTESIAN_POINT ( 'NONE',  ( 618.3862799620997066, 19.79703097994881844, 24.19744243618537283 ) ) ;
#4694 = CARTESIAN_POINT ( 'NONE',  ( 579.3851399367883914, 9.709293664474534680, 24.87068724402424280 ) ) ;
#4695 = CARTESIAN_POINT ( 'NONE',  ( 676.3287555114192173, 25.51718789450180580, -17.27089004904465952 ) ) ;
#4696 = CARTESIAN_POINT ( 'NONE',  ( 1063.457447146565755, 216.4237974397481992, -78.94729684888925192 ) ) ;
#4697 = CARTESIAN_POINT ( 'NONE',  ( 1113.995326465728112, 258.9068439126518228, -84.08725799284998459 ) ) ;
#4698 = CARTESIAN_POINT ( 'NONE',  ( 899.0919302939521458, 138.4982620148607566, 1.447354989571247863 ) ) ;
#4699 = CARTESIAN_POINT ( 'NONE',  ( 842.9260767150773290, 121.7773844538718606, 49.14144102918730539 ) ) ;
#4700 = CARTESIAN_POINT ( 'NONE',  ( 1402.776610302197469, 968.8072696921339002, 40.60443288025688702 ) ) ;
#4701 = CARTESIAN_POINT ( 'NONE',  ( 579.4974793502462944, -5.923612332161944494, -5.921367387700773754 ) ) ;
#4702 = CARTESIAN_POINT ( 'NONE',  ( 787.9664554043180260, 93.39907412487319505, 42.82978139666313666 ) ) ;
#4703 = CARTESIAN_POINT ( 'NONE',  ( 901.9117557343338376, 119.9905007656872158, -44.81567599379371813 ) ) ;
#4704 = CARTESIAN_POINT ( 'NONE',  ( 1390.576937464922366, 687.4073889623565492, -70.54528982354287336 ) ) ;
#4705 = CARTESIAN_POINT ( 'NONE',  ( 791.2412757784708219, 58.91182757346158638, -9.067043863861750097 ) ) ;
#4706 = CARTESIAN_POINT ( 'NONE',  ( 1140.139181768536673, 377.1565055019499368, 33.41550686992542296 ) ) ;
#4707 = CARTESIAN_POINT ( 'NONE',  ( 1294.931869553541901, 469.0823510832979082, -95.04096682488355441 ) ) ;
#4708 = CARTESIAN_POINT ( 'NONE',  ( 1403.885592139017035, 1001.081755868817595, 46.32433263692872316 ) ) ;
#4709 = CARTESIAN_POINT ( 'NONE',  ( 1332.768416270027728, 793.8171243605983136, 79.59584802659595937 ) ) ;
#4710 = CARTESIAN_POINT ( 'NONE',  ( 1448.945086548332483, 898.6876880748902749, -57.41253673020560200 ) ) ;
#4711 = CARTESIAN_POINT ( 'NONE',  ( 1042.819429848201935, 300.1171919402036679, 80.46031597497692189 ) ) ;
#4712 = CARTESIAN_POINT ( 'NONE',  ( 1045.651183373095819, 288.6490958339529698, 65.89200009373026035 ) ) ;
#4713 = CARTESIAN_POINT ( 'NONE',  ( 1364.217862214810339, 607.5002878518921534, -88.43165357863236409 ) ) ;
#4714 = PRODUCT_DEFINITION ( 'UNKNOWN', '', #6136, #1326 ) ;
#4715 = CARTESIAN_POINT ( 'NONE',  ( 845.0690052665722760, 104.4034839899708089, 24.11240800516962324 ) ) ;
#4716 = CARTESIAN_POINT ( 'NONE',  ( 1304.000423296395184, 595.6760188760872552, 0.6958850127117709450 ) ) ;
#4717 = CARTESIAN_POINT ( 'NONE',  ( 1207.682628980359823, 360.3698693476889616, -76.34188653400802593 ) ) ;
#4718 = CARTESIAN_POINT ( 'NONE',  ( 1062.456155710310895, 220.5312572124990709, -52.93175188753487248 ) ) ;
#4719 = CARTESIAN_POINT ( 'NONE',  ( 948.7788316960212569, 192.3990230167649713, 36.86210625725814793 ) ) ;
#4720 = CARTESIAN_POINT ( 'NONE',  ( 1322.103466514548472, 813.4472273846547523, 108.5552824661533577 ) ) ;
#4721 = CARTESIAN_POINT ( 'NONE',  ( 1447.426703908424543, 830.0478500961626196, -73.51413652506288088 ) ) ;
#4722 = CARTESIAN_POINT ( 'NONE',  ( 1052.957540931070980, 258.9802578133797510, 0.9667263781091388619 ) ) ;
#4723 = CARTESIAN_POINT ( 'NONE',  ( 946.1593838609671820, 206.7361526561251139, 67.87564051376340046 ) ) ;
#4724 = CARTESIAN_POINT ( 'NONE',  ( 1350.582939249798528, 876.1941431502484647, 96.66683807606655421 ) ) ;
#4725 = CARTESIAN_POINT ( 'NONE',  ( 1450.472763323310346, 825.2567909403561544, -88.66743438638228270 ) ) ;
#4726 = CARTESIAN_POINT ( 'NONE',  ( 999.3017007310620556, 233.9366177535395934, 52.57255364503262740 ) ) ;
#4727 = CARTESIAN_POINT ( 'NONE',  ( 954.3641756370273015, 161.8510173056966153, -27.98887657005215601 ) ) ;
#4728 = CARTESIAN_POINT ( 'NONE',  ( 1346.670305545875635, 882.8701104934851855, 104.6836291779905963 ) ) ;
#4729 = CARTESIAN_POINT ( 'NONE',  ( 1240.775891954059716, 443.2668982964069642, -43.38103194658044970 ) ) ;
#4730 = CARTESIAN_POINT ( 'NONE',  ( 958.1276454574916670, 141.3104965423378019, -66.47999362503870202 ) ) ;
#4731 = CARTESIAN_POINT ( 'NONE',  ( 1430.396819109776288, 739.9712052675831728, -100.2071780505664549 ) ) ;
#4732 = CARTESIAN_POINT ( 'NONE',  ( 1424.721770801993216, 970.3109015506323658, 8.278470777104972811 ) ) ;
#4733 = CARTESIAN_POINT ( 'NONE',  ( 618.4474497917727831, 16.55563544685098876, 26.25765553268378838 ) ) ;
#4734 = CARTESIAN_POINT ( 'NONE',  ( 618.4031917799064786, 18.77719812438209601, 20.54247696471361806 ) ) ;
#4735 = CARTESIAN_POINT ( 'NONE',  ( 1400.933166123638330, 790.2744835391471270, -10.13429152546375178 ) ) ;
#4736 = CARTESIAN_POINT ( 'NONE',  ( 1403.885592139017035, 1001.081755868817595, 46.32433263692872316 ) ) ;
#4737 = CARTESIAN_POINT ( 'NONE',  ( 1361.529812944464311, 612.8648849320757108, -79.06782704523156724 ) ) ;
#4738 = CARTESIAN_POINT ( 'NONE',  ( 1097.764285258002019, 316.9510794744758755, 39.11407365406881809 ) ) ;
#4739 = CARTESIAN_POINT ( 'NONE',  ( 1392.313254040871016, 684.2106735810485816, -75.98665704575019220 ) ) ;
#4740 = CARTESIAN_POINT ( 'NONE',  ( 1007.974766522396862, 193.5107893301492084, -11.99442744930465388 ) ) ;
#4741 = CARTESIAN_POINT ( 'NONE',  ( 788.9699664196334652, 82.75699642214124196, 17.25210604244470503 ) ) ;
#4742 = CARTESIAN_POINT ( 'NONE',  ( 1428.358596282900180, 743.4529560150426732, -91.71907627610561065 ) ) ;
#4743 = CARTESIAN_POINT ( 'NONE',  ( 1043.029504612019082, 299.2450699996200001, 70.44085631877710796 ) ) ;
#4744 = CARTESIAN_POINT ( 'NONE',  ( 1380.481233908672266, 935.2555793246571056, 65.16108091000103286 ) ) ;
#4745 = CARTESIAN_POINT ( 'NONE',  ( 790.9422484005458500, 61.85593038189644233, -41.62181852806751436 ) ) ;
#4746 = CARTESIAN_POINT ( 'NONE',  ( 1451.960239829717466, 930.0851492253445940, -46.27634769799259118 ) ) ;
#4747 = CARTESIAN_POINT ( 'NONE',  ( 675.7799441331053458, 38.86404077012648628, 34.97689113887250301 ) ) ;
#4748 = CARTESIAN_POINT ( 'NONE',  ( 1216.082118085525508, 507.3995036671866501, 70.55269493591575269 ) ) ;
#4749 = CARTESIAN_POINT ( 'NONE',  ( 790.9422484005458500, 61.85593038189644233, -41.62181852806751436 ) ) ;
#4750 = CARTESIAN_POINT ( 'NONE',  ( 1099.750557586763080, 309.8571190357518503, 28.85692314181117624 ) ) ;
#4751 = CARTESIAN_POINT ( 'NONE',  ( 1230.104011437403869, 470.9757429201572450, 2.413279366554165861 ) ) ;
#4752 = CARTESIAN_POINT ( 'NONE',  ( 791.8058712728312685, 52.86589992607751043, -37.89369770846498398 ) ) ;
#4753 = CARTESIAN_POINT ( 'NONE',  ( 1424.458153663153553, 750.1149058374887773, -77.14103358388760512 ) ) ;
#4754 = CARTESIAN_POINT ( 'NONE',  ( 1251.823942910713413, 571.0944579733760520, 58.68340095419378599 ) ) ;
#4755 = CARTESIAN_POINT ( 'NONE',  ( 1160.932596629276304, 310.9078600557168102, -88.04197680146712912 ) ) ;
#4756 = CARTESIAN_POINT ( 'NONE',  ( 848.2434612056554215, 78.55008457034394098, -44.13150475843359288 ) ) ;
#4757 = CARTESIAN_POINT ( 'NONE',  ( 1392.235737018540931, 805.1061017192300824, -3.387631437138602486 ) ) ;
#4758 = CARTESIAN_POINT ( 'NONE',  ( 1129.216257644715142, 411.9558167768512931, 88.20772632261143542 ) ) ;
#4759 = CARTESIAN_POINT ( 'NONE',  ( 1044.489151635533290, 293.3545115702946191, 71.61794694400086314 ) ) ;
#4760 = CARTESIAN_POINT ( 'NONE',  ( 1208.103847687733605, 359.1284088220729132, -94.87777386047827122 ) ) ;
#4761 = CARTESIAN_POINT ( 'NONE',  ( 1383.549030190812800, 930.4369048168128984, 68.15738154112966640 ) ) ;
#4762 = CARTESIAN_POINT ( 'NONE',  ( 1429.876641552951241, 857.6303642518803372, -37.93439696834422392 ) ) ;
#4763 = CARTESIAN_POINT ( 'NONE',  ( 618.4034295238951700, 19.05307431507264937, 29.73773132008914999 ) ) ;
#4764 = CARTESIAN_POINT ( 'NONE',  ( 1197.652183887240426, 389.0745889480180040, -38.46960263289506088 ) ) ;
#4765 = CARTESIAN_POINT ( 'NONE',  ( 1209.416192903101773, 355.3849519225231575, -95.40442812047545829 ) ) ;
#4766 = CARTESIAN_POINT ( 'NONE',  ( 1403.473045133536743, 663.6700958107844599, -105.1447306634216545 ) ) ;
#4767 = CARTESIAN_POINT ( 'NONE',  ( 898.6541491577561374, 141.3723947713611153, 8.014725124152525026 ) ) ;
#4768 = CARTESIAN_POINT ( 'NONE',  ( 1275.700463479983682, 657.0467210451458868, 95.78221956894601874 ) ) ;
#4769 = CARTESIAN_POINT ( 'NONE',  ( 843.3200476904910374, 118.5076862432197089, 31.77876859401196441 ) ) ;
#4770 = CARTESIAN_POINT ( 'NONE',  ( 1378.124645475999387, 710.3461406932937052, -17.65415486944753809 ) ) ;
#4771 = CARTESIAN_POINT ( 'NONE',  ( 1042.848573973299153, 299.9791833092215825, 71.77267439554609041 ) ) ;
#4772 = CARTESIAN_POINT ( 'NONE',  ( 846.7460960280869813, 90.60765826806728285, -39.23708328244105559 ) ) ;
#4773 = APPROVAL_DATE_TIME ( #4302, #1708 ) ;
#4774 = CARTESIAN_POINT ( 'NONE',  ( 1259.677729944256271, 552.5325442829887379, 48.44855496519110716 ) ) ;
#4775 = CARTESIAN_POINT ( 'NONE',  ( 1358.360834070438614, 619.1895345671872519, -68.02267640748156907 ) ) ;
#4776 = CARTESIAN_POINT ( 'NONE',  ( 1375.543174777606737, 715.0978479575368283, -10.74255392735525305 ) ) ;
#4777 = CARTESIAN_POINT ( 'NONE',  ( 898.1195763104931302, 144.8819680946677408, 15.86794415558336446 ) ) ;
#4778 = CARTESIAN_POINT ( 'NONE',  ( 1113.918415101978326, 259.1893682548070501, -80.70064166001719741 ) ) ;
#4779 = CARTESIAN_POINT ( 'NONE',  ( 895.3308464648783911, 163.1860229332792471, 53.32988585655244407 ) ) ;
#4780 = CARTESIAN_POINT ( 'NONE',  ( 732.4544137160088439, 63.14441359689507038, 33.72668963717278245 ) ) ;
#4781 = CARTESIAN_POINT ( 'NONE',  ( 790.9745262528933836, 61.51609789551626761, -42.38164978811643380 ) ) ;
#4782 = CARTESIAN_POINT ( 'NONE',  ( 895.3677821652149760, 162.9810197928538287, 60.85371724368685165 ) ) ;
#4783 = CARTESIAN_POINT ( 'NONE',  ( 1410.381181613569652, 991.4890738005146886, 40.32186714838220354 ) ) ;
#4784 = CARTESIAN_POINT ( 'NONE',  ( 1009.550790171504218, 186.0510313099617576, -62.98995128697367107 ) ) ;
#4785 = CARTESIAN_POINT ( 'NONE',  ( 1410.446718060264175, 957.1592681314205038, 33.47522399308656560 ) ) ;
#4786 = CARTESIAN_POINT ( 'NONE',  ( 560.0000000000000000, 1.476143001754631534, -0.2217537244846600197 ) ) ;
#4787 = CARTESIAN_POINT ( 'NONE',  ( 1446.448895915719277, 831.5851715671965394, -70.39698625349554106 ) ) ;
#4788 = CARTESIAN_POINT ( 'NONE',  ( 791.8040105962734287, 52.88069701363509267, -38.72946627252263596 ) ) ;
#4789 = CARTESIAN_POINT ( 'NONE',  ( 618.4175850511203407, 17.91161542127089845, 17.42818498242180425 ) ) ;
#4790 = CARTESIAN_POINT ( 'NONE',  ( 579.4771438959691068, -2.947626792924490591, -26.05057730243050784 ) ) ;
#4791 = CARTESIAN_POINT ( 'NONE',  ( 1367.019866954339250, 601.9256806786862626, -85.08417749330969571 ) ) ;
#4792 = CARTESIAN_POINT ( 'NONE',  ( 1205.193594199244671, 535.6463168420085594, 97.91115794450563214 ) ) ;
#4793 = CARTESIAN_POINT ( 'NONE',  ( 1328.731035911940580, 801.2517278277448440, 98.17457057850486990 ) ) ;
#4794 = CARTESIAN_POINT ( 'NONE',  ( 1010.207162124465299, 182.9932028736250800, -70.26178143628233386 ) ) ;
#4795 = CARTESIAN_POINT ( 'NONE',  ( 1362.623212494044765, 855.6500737132603263, 73.51294446559862195 ) ) ;
#4796 = CARTESIAN_POINT ( 'NONE',  ( 900.9319625113915890, 126.4188161859726733, -27.69181152250733646 ) ) ;
#4797 = CARTESIAN_POINT ( 'NONE',  ( 1204.279091998666445, 370.1354262920600036, -50.80398387377186253 ) ) ;
#4798 = CARTESIAN_POINT ( 'NONE',  ( 995.7589309861002675, 250.4402500247051648, 73.99718599686889320 ) ) ;
#4799 = CARTESIAN_POINT ( 'NONE',  ( 1408.100896153812528, 778.0275002616447182, -42.53831004682162842 ) ) ;
#4800 = CARTESIAN_POINT ( 'NONE',  ( 1296.139734077530875, 466.2150611180870214, -105.9049899928136540 ) ) ;
#4801 = CARTESIAN_POINT ( 'NONE',  ( 1403.863295287514347, 662.9510405237829218, -107.4807832612178373 ) ) ;
#4802 = CARTESIAN_POINT ( 'NONE',  ( 1408.856834730061109, 890.6649967736981353, 8.319978906709968314 ) ) ;
#4803 = CARTESIAN_POINT ( 'NONE',  ( 1132.480696702487421, 401.5763473041575367, 81.41926268355159380 ) ) ;
#4804 = CC_DESIGN_DATE_AND_TIME_ASSIGNMENT ( #6767, #1889, ( #4714 ) ) ;
#4805 = CARTESIAN_POINT ( 'NONE',  ( 1091.329236289396022, 339.9002382337887980, 57.32594306582402055 ) ) ;
#4806 = CARTESIAN_POINT ( 'NONE',  ( 579.5050624566495117, -6.962184344023351734, -10.85239933791375755 ) ) ;
#4807 = CARTESIAN_POINT ( 'NONE',  ( 560.0000000000000000, 6.405798179645212365, 22.65573164946607321 ) ) ;
#4808 = CARTESIAN_POINT ( 'NONE',  ( 1059.705955615107541, 231.6073445953297210, -55.73228295179171710 ) ) ;
#4809 = CARTESIAN_POINT ( 'NONE',  ( 1375.832306475889254, 833.1087745598844094, 46.46431039248381722 ) ) ;
#4810 = CARTESIAN_POINT ( 'NONE',  ( 733.7796164854884182, 43.35633332079775215, -25.45503847117560881 ) ) ;
#4811 = CARTESIAN_POINT ( 'NONE',  ( 1403.597211645467723, 785.7277210061300821, -16.62785887058219458 ) ) ;
#4812 = CARTESIAN_POINT ( 'NONE',  ( 1000.268733576035629, 229.3698122064111260, 28.73404025901168168 ) ) ;
#4813 = CARTESIAN_POINT ( 'NONE',  ( 1089.610515407386174, 346.0434503203371719, 67.05325529882003366 ) ) ;
#4814 = CARTESIAN_POINT ( 'NONE',  ( 676.5150829747360604, 21.09590776880763485, -31.71376825602600391 ) ) ;
#4815 = CARTESIAN_POINT ( 'NONE',  ( 842.7081875912707574, 123.5446864905583197, 51.42043057454621646 ) ) ;
#4816 = CARTESIAN_POINT ( 'NONE',  ( 1364.111415482869461, 853.1106712251560111, 70.54914743002146338 ) ) ;
#4817 = CARTESIAN_POINT ( 'NONE',  ( 790.8506128695038342, 62.82274110485493424, -39.32708613871542980 ) ) ;
#4818 = CARTESIAN_POINT ( 'NONE',  ( 789.8117422566034520, 74.00600666031083108, 21.11282902614005863 ) ) ;
#4819 = CARTESIAN_POINT ( 'NONE',  ( 1428.151076632083914, 965.2465050594589684, 1.561919409036799822 ) ) ;
#4820 = CARTESIAN_POINT ( 'NONE',  ( 1161.280560741844056, 309.8462316855691370, -70.47471645623873826 ) ) ;
#4821 = CARTESIAN_POINT ( 'NONE',  ( 1132.962525185950199, 400.0194064034914163, 68.69798573558524879 ) ) ;
#4822 = CARTESIAN_POINT ( 'NONE',  ( 958.1388784971187533, 141.3087130941688940, -51.07047888101440236 ) ) ;
#4823 = CARTESIAN_POINT ( 'NONE',  ( 1412.454196173559922, 988.4276473241604890, 31.34388200665019752 ) ) ;
#4824 = CARTESIAN_POINT ( 'NONE',  ( 1333.954066988084833, 530.7217661153505333, -106.3876231738687324 ) ) ;
#4825 = CARTESIAN_POINT ( 'NONE',  ( 1399.976137011355149, 670.1126247230282615, -89.49315125243990110 ) ) ;
#4826 = CARTESIAN_POINT ( 'NONE',  ( 1401.680264718606395, 1004.338581886424549, 51.46013453043196506 ) ) ;
#4827 = CARTESIAN_POINT ( 'NONE',  ( 843.0638213393588103, 120.6613698998833257, 47.77480279386377759 ) ) ;
#4828 = CARTESIAN_POINT ( 'NONE',  ( 1399.052286213093794, 671.8032779820285896, -97.61878447273289794 ) ) ;
#4829 = CARTESIAN_POINT ( 'NONE',  ( 1338.237961491468923, 783.7566143996270966, 78.25749379541804274 ) ) ;
#4830 = CARTESIAN_POINT ( 'NONE',  ( 1152.877394662745473, 336.5710679118237181, -36.56386190718854579 ) ) ;
#4831 = CARTESIAN_POINT ( 'NONE',  ( 676.8767583868757356, 12.81076942025048915, -22.38159502541324741 ) ) ;
#4832 = CARTESIAN_POINT ( 'NONE',  ( 1372.365383942515791, 948.0092668009381214, 87.92102269077300036 ) ) ;
#4833 = CARTESIAN_POINT ( 'NONE',  ( 1006.530664350438997, 200.1422161387242795, -30.29075393715310582 ) ) ;
#4834 = CARTESIAN_POINT ( 'NONE',  ( 1162.643738797956530, 305.4792121332455963, -90.55770663256060971 ) ) ;
#4835 = CARTESIAN_POINT ( 'NONE',  ( 618.7012248940865220, 1.453201004525292550, -31.35463792278916273 ) ) ;
#4836 = CARTESIAN_POINT ( 'NONE',  ( 733.0672319018948428, 53.99133483306430037, 8.122208927669774425 ) ) ;
#4837 = CARTESIAN_POINT ( 'NONE',  ( 1132.162493119319379, 402.5891150831982941, 82.55674306372756632 ) ) ;
#4838 = CARTESIAN_POINT ( 'NONE',  ( 560.0000000000007958, 5.110514920307837272, 15.95662483389733488 ) ) ;
#4839 = CARTESIAN_POINT ( 'NONE',  ( 676.8456164651977360, 13.59246678587475188, -16.12451229140452824 ) ) ;
#4840 = CARTESIAN_POINT ( 'NONE',  ( 842.2259351541111982, 127.4253529908615832, 52.54974099674188182 ) ) ;
#4841 = CARTESIAN_POINT ( 'NONE',  ( 1247.023765828640535, 427.0430964914086189, -73.83492696254081977 ) ) ;
#4842 = CARTESIAN_POINT ( 'NONE',  ( 1233.456965056147737, 462.3093362490548657, 9.366560736342510296 ) ) ;
#4843 = CARTESIAN_POINT ( 'NONE',  ( 1001.709473917677542, 222.7183676961429910, 36.91327370287240228 ) ) ;
#4844 = CARTESIAN_POINT ( 'NONE',  ( 1244.300981847702815, 434.1133544105430815, -60.23032725400610587 ) ) ;
#4845 = CARTESIAN_POINT ( 'NONE',  ( 676.8137896488032084, 14.36633267605814623, -12.41994556736484512 ) ) ;
#4846 = CARTESIAN_POINT ( 'NONE',  ( 732.8105064299730884, 57.82670413425594091, 19.21976789785991002 ) ) ;
#4847 = CARTESIAN_POINT ( 'NONE',  ( 1172.525611237739440, 461.0721706455117896, 75.76355847544017763 ) ) ;
#4848 = CARTESIAN_POINT ( 'NONE',  ( 1364.750273234833003, 606.4377945086106365, -90.30088214052777573 ) ) ;
#4849 = CARTESIAN_POINT ( 'NONE',  ( 788.2852936172959062, 90.08789641626162847, 44.64265902998006652 ) ) ;
#4850 = CARTESIAN_POINT ( 'NONE',  ( 676.0724783043146999, 31.95696074591274893, 25.10810030941701143 ) ) ;
#4851 = CARTESIAN_POINT ( 'NONE',  ( 1328.339491013590532, 542.8953605460206973, -85.81583875357006264 ) ) ;
#4852 = CARTESIAN_POINT ( 'NONE',  ( 1228.450772208493845, 475.3024642947448228, 28.16611422182823077 ) ) ;
#4853 = CARTESIAN_POINT ( 'NONE',  ( 579.4170092845030240, 5.402588392242187787, -0.2480255208739511052 ) ) ;
#4854 = CARTESIAN_POINT ( 'NONE',  ( 791.8040105962734287, 52.88069701363509267, -38.72946627252263596 ) ) ;
#4855 = CARTESIAN_POINT ( 'NONE',  ( 732.3983264040697350, 63.97959577125004671, 35.66311975827164815 ) ) ;
#4856 = CARTESIAN_POINT ( 'NONE',  ( 1011.252692432959861, 178.1872310607465408, -55.52114396934048557 ) ) ;
#4857 = CARTESIAN_POINT ( 'NONE',  ( 788.3878802421855880, 88.93102636550329976, 32.67135882029241145 ) ) ;
#4858 = CARTESIAN_POINT ( 'NONE',  ( 676.6233268705402679, 18.58094136012937270, -36.21860016382059655 ) ) ;
#4859 = CARTESIAN_POINT ( 'NONE',  ( 1161.890219846686932, 307.8957676604121616, -78.21232189942780622 ) ) ;
#4860 = CARTESIAN_POINT ( 'NONE',  ( 787.9287367470182062, 93.83696364935831014, 49.59497978914727412 ) ) ;
#4861 = CARTESIAN_POINT ( 'NONE',  ( 1275.114023671241284, 658.3177303452123397, 97.16472101751044477 ) ) ;
#4862 = CARTESIAN_POINT ( 'NONE',  ( 1450.809540886456716, 895.8560217583092253, -61.89452187452620535 ) ) ;
#4863 = ORIENTED_EDGE ( 'NONE', *, *, #7151, .T. ) ;
#4864 = CARTESIAN_POINT ( 'NONE',  ( 1215.164361395054129, 509.7808822280720733, 73.49766843401033611 ) ) ;
#4865 = CARTESIAN_POINT ( 'NONE',  ( 733.4959131719883771, 47.58848801741406476, -11.40163833806020399 ) ) ;
#4866 = CARTESIAN_POINT ( 'NONE',  ( 1389.018417046955165, 690.2914694336224102, -49.87472042202549005 ) ) ;
#4867 = CARTESIAN_POINT ( 'NONE',  ( 788.2351341214598506, 90.61663266638915104, 45.35838768436794766 ) ) ;
#4868 = CARTESIAN_POINT ( 'NONE',  ( 1436.579865693711554, 952.7988751706459425, -15.46138340766067643 ) ) ;
#4869 = CARTESIAN_POINT ( 'NONE',  ( 903.3365946032661213, 110.6702170908841509, -60.51692712649488470 ) ) ;
#4870 = CARTESIAN_POINT ( 'NONE',  ( 1430.515050424767651, 739.7677963937032928, -102.2524199641281797 ) ) ;
#4871 = CARTESIAN_POINT ( 'NONE',  ( 733.1295616569849471, 53.05996617056020881, 5.338248603951257110 ) ) ;
#4872 = CARTESIAN_POINT ( 'NONE',  ( 1303.566973721860450, 728.5313714121742805, 98.18618583351653228 ) ) ;
#4873 = CARTESIAN_POINT ( 'NONE',  ( 1212.433426164532875, 516.8511180632900732, 70.29399302215513501 ) ) ;
#4874 = CARTESIAN_POINT ( 'NONE',  ( 1200.413422130816343, 381.2168178800424130, -28.01543020752288982 ) ) ;
#4875 = CARTESIAN_POINT ( 'NONE',  ( 1204.743028404609731, 536.8195085428410493, 104.5978626170165455 ) ) ;
#4876 = CARTESIAN_POINT ( 'NONE',  ( 579.3737332485557090, 11.31771778906439607, 25.20207867208591779 ) ) ;
#4877 = CARTESIAN_POINT ( 'NONE',  ( 579.4432168028217802, 1.796479351232601385, -15.84734311461018841 ) ) ;
#4878 = CARTESIAN_POINT ( 'NONE',  ( 618.6870518235760983, 2.902175605220098209, 1.213160363997113134 ) ) ;
#4879 = CARTESIAN_POINT ( 'NONE',  ( 1421.282146327962209, 975.3905366080780368, 21.24222361053777064 ) ) ;
#4880 = CARTESIAN_POINT ( 'NONE',  ( 1323.650131341311635, 553.0652404609878658, -67.50045969641442412 ) ) ;
#4881 = CARTESIAN_POINT ( 'NONE',  ( 1350.752093487937600, 634.3976264701764194, -24.91716077046946154 ) ) ;
#4882 = CARTESIAN_POINT ( 'NONE',  ( 897.2961620514105334, 150.2874564303972136, 27.58471973575692360 ) ) ;
#4883 = CARTESIAN_POINT ( 'NONE',  ( 1132.379225796591300, 401.8776498882168653, 71.58459199474681611 ) ) ;
#4884 = CARTESIAN_POINT ( 'NONE',  ( 676.5257086420365340, 20.84601366391885335, -32.27692379538775924 ) ) ;
#4885 = CARTESIAN_POINT ( 'NONE',  ( 1412.439172533716828, 885.0352542847018640, 0.7366734418243880977 ) ) ;
#4886 = CARTESIAN_POINT ( 'NONE',  ( 1240.299622745026682, 598.3758312434731579, 104.5441395504966806 ) ) ;
#4887 = CARTESIAN_POINT ( 'NONE',  ( 733.1868875877225946, 52.39371856965582452, 25.67276757202549220 ) ) ;
#4888 = CARTESIAN_POINT ( 'NONE',  ( 579.4548592337894206, 0.1763461648915809199, -21.40120832982738719 ) ) ;
#4889 = CARTESIAN_POINT ( 'NONE',  ( 1420.693591766618738, 941.5961382052556701, 14.08275234569807033 ) ) ;
#4890 = CARTESIAN_POINT ( 'NONE',  ( 1335.374178409975002, 665.0604996426711750, 3.111069247217821854 ) ) ;
#4891 = CARTESIAN_POINT ( 'NONE',  ( 1063.123126255485431, 217.8128748726278161, -64.18376507580154566 ) ) ;
#4892 = CARTESIAN_POINT ( 'NONE',  ( 1044.183426380185665, 294.5662369250902657, 63.63440125923462887 ) ) ;
#4893 = CARTESIAN_POINT ( 'NONE',  ( 1112.930966888515968, 262.7382209302695628, -64.47469584348759497 ) ) ;
#4894 = CARTESIAN_POINT ( 'NONE',  ( 675.8379639122329081, 37.33868765716056970, 22.63692898334381454 ) ) ;
#4895 = CARTESIAN_POINT ( 'NONE',  ( 734.3015005944855602, 35.65140639499654185, -42.36989198087866271 ) ) ;
#4896 = CARTESIAN_POINT ( 'NONE',  ( 791.7694783090487363, 53.22063904825242986, -42.90597288665701825 ) ) ;
#4897 = CARTESIAN_POINT ( 'NONE',  ( 995.3240764113855903, 252.4575514837315495, 74.72374069662237162 ) ) ;
#4898 = CARTESIAN_POINT ( 'NONE',  ( 560.0000000000001137, 2.892909656856245793, 19.28347580720778609 ) ) ;
#4899 = CARTESIAN_POINT ( 'NONE',  ( 791.0699684216964442, 60.51715864012265911, -44.79226035111008741 ) ) ;
#4900 = CARTESIAN_POINT ( 'NONE',  ( 618.5347907536514640, 11.59889968405888006, 18.52397567764965913 ) ) ;
#4901 = CARTESIAN_POINT ( 'NONE',  ( 1005.357754885216650, 205.6171496071439719, -18.29891165257535945 ) ) ;
#4902 = CARTESIAN_POINT ( 'NONE',  ( 1442.102854231761057, 838.4176618049468743, -57.40694750281624437 ) ) ;
#4903 = CARTESIAN_POINT ( 'NONE',  ( 1270.375012842737306, 668.5896810813105731, 109.5413900092567872 ) ) ;
#4904 = CARTESIAN_POINT ( 'NONE',  ( 1406.822967243286712, 780.2088289938665184, -39.20506687158005832 ) ) ;
#4905 = CARTESIAN_POINT ( 'NONE',  ( 1208.880694635321788, 356.9092160337847872, -96.55128050426385755 ) ) ;
#4906 = CARTESIAN_POINT ( 'NONE',  ( 560.0000000000003411, -6.317077562184532979, -23.39219910140914749 ) ) ;
#4907 = CARTESIAN_POINT ( 'NONE',  ( 1185.410382784933063, 424.1542675925833237, 20.36069071278968678 ) ) ;
#4908 = PRODUCT ( 'openfan_blade_v03_CFD_SINGLELOFT', 'openfan_blade_v03_CFD_SINGLELOFT', '', ( #3481 ) ) ;
#4909 = CARTESIAN_POINT ( 'NONE',  ( 997.7541022771500820, 241.1460448874462941, 62.01499864731364653 ) ) ;
#4910 = CARTESIAN_POINT ( 'NONE',  ( 1360.286198974182980, 859.6310962897713353, 68.17613647865202609 ) ) ;
#4911 = CARTESIAN_POINT ( 'NONE',  ( 902.8611749764542083, 113.9118770797504965, -21.83034155141222499 ) ) ;
#4912 = CARTESIAN_POINT ( 'NONE',  ( 1204.721705991189083, 536.8737799663987289, 103.3384656662582728 ) ) ;
#4913 = CARTESIAN_POINT ( 'NONE',  ( 1206.773250019379702, 531.5441027632471105, 89.65592878608391914 ) ) ;
#4914 = CARTESIAN_POINT ( 'NONE',  ( 1389.399548318676125, 689.5750320627985275, -66.91207799820081448 ) ) ;
#4915 = CARTESIAN_POINT ( 'NONE',  ( 1367.633007731145199, 729.6574552113661412, 9.717541352150711020 ) ) ;
#4916 = CARTESIAN_POINT ( 'NONE',  ( 1244.992801602732698, 432.3169188390469913, -63.62811166594575951 ) ) ;
#4917 = CARTESIAN_POINT ( 'NONE',  ( 956.7850703775118291, 148.7416154695194166, -23.72154235730160821 ) ) ;
#4918 = CARTESIAN_POINT ( 'NONE',  ( 949.3757928088267590, 189.1343736988486057, 30.48377623736460151 ) ) ;
#4919 = CARTESIAN_POINT ( 'NONE',  ( 1377.640146207522776, 939.7200015935283091, 70.69132217215221203 ) ) ;
#4920 = CARTESIAN_POINT ( 'NONE',  ( 560.0000000000002274, -3.318891302211695926, -19.93467314110243294 ) ) ;
#4921 = CARTESIAN_POINT ( 'NONE',  ( 733.2525929644035614, 51.22183400687682564, -0.2369132192392001957 ) ) ;
#4922 = CARTESIAN_POINT ( 'NONE',  ( 1048.594202713700497, 276.7292916281817270, 50.27326303145068209 ) ) ;
#4923 = CARTESIAN_POINT ( 'NONE',  ( 676.4769103686077187, 21.99491142721944570, -29.38810999085431774 ) ) ;
#4924 = CARTESIAN_POINT ( 'NONE',  ( 579.4712096227208349, -2.283244197667399167, 4.104374390024569941 ) ) ;
#4925 = CARTESIAN_POINT ( 'NONE',  ( 1052.736037179058940, 259.8787129149100679, 2.665158213735006054 ) ) ;
#4926 = CARTESIAN_POINT ( 'NONE',  ( 618.7522778282369700, -1.232378569317440498, -27.12024964100175950 ) ) ;
#4927 = CARTESIAN_POINT ( 'NONE',  ( 1171.806695606964240, 463.1319032554929436, 78.75964224788265255 ) ) ;
#4928 = CARTESIAN_POINT ( 'NONE',  ( 1105.349770838112136, 289.8550481980809650, -2.824843465931226927 ) ) ;
#4929 = CARTESIAN_POINT ( 'NONE',  ( 998.3755527640154241, 238.2052567295266670, 44.91623571586872998 ) ) ;
#4930 = CARTESIAN_POINT ( 'NONE',  ( 1293.316665024038002, 472.8851706097822216, -99.55392190307931344 ) ) ;
#4931 = CARTESIAN_POINT ( 'NONE',  ( 1451.367403422121470, 930.9606496243252423, -44.45184099140435308 ) ) ;
#4932 = CARTESIAN_POINT ( 'NONE',  ( 1346.005059567436547, 884.0035574636419824, 103.2498052644082094 ) ) ;
#4933 = CARTESIAN_POINT ( 'NONE',  ( 788.6158070822147010, 86.60791674406752350, 40.13008012741290287 ) ) ;
#4934 = CARTESIAN_POINT ( 'NONE',  ( 1447.940863006499740, 829.2360540428652484, -83.21343172679742395 ) ) ;
#4935 = DIRECTION ( 'NONE',  ( -1.000000000000000000, 0.000000000000000000, 0.000000000000000000 ) ) ;
#4936 = CARTESIAN_POINT ( 'NONE',  ( 1095.202041605341492, 326.1011854401408527, 51.72404879183037707 ) ) ;
#4937 = CARTESIAN_POINT ( 'NONE',  ( 1426.914929504960810, 862.2852871161219355, -31.02121583441961761 ) ) ;
#4938 = CARTESIAN_POINT ( 'NONE',  ( 1010.492260668182098, 181.7525042011912717, -41.37113997920352659 ) ) ;
#4939 = CARTESIAN_POINT ( 'NONE',  ( 1417.246159362035087, 762.4291837807888896, -53.84564580075293350 ) ) ;
#4940 = CARTESIAN_POINT ( 'NONE',  ( 996.1366574156962770, 248.6813507358842799, 71.54717013424880179 ) ) ;
#4941 = CARTESIAN_POINT ( 'NONE',  ( 1195.824107065648377, 394.3134951154389114, -28.98643348249338914 ) ) ;
#4942 = CARTESIAN_POINT ( 'NONE',  ( 791.4261345044643576, 56.77066327971655824, -48.39795870834006308 ) ) ;
#4943 = CARTESIAN_POINT ( 'NONE',  ( 848.0488230151391917, 80.05823674883507124, -53.97313201400484672 ) ) ;
#4944 = CARTESIAN_POINT ( 'NONE',  ( 579.4053265362200591, 7.004032316762487831, 6.686820088957448505 ) ) ;
#4945 = CARTESIAN_POINT ( 'NONE',  ( 1377.631238254738719, 939.7354667737905629, 78.71790107254517466 ) ) ;
#4946 = CARTESIAN_POINT ( 'NONE',  ( 788.3468558802284178, 89.36596351010707906, 33.70408897390304759 ) ) ;
#4947 = CARTESIAN_POINT ( 'NONE',  ( 579.5069565494284234, -7.216185943920110368, -12.91281160321441135 ) ) ;
#4948 = CARTESIAN_POINT ( 'NONE',  ( 560.0000000000002274, 5.596234802802733554, 23.30010496005261800 ) ) ;
#4949 = CARTESIAN_POINT ( 'NONE',  ( 1238.488705289266363, 602.6544730527011779, 104.3415479851763763 ) ) ;
#4950 = CARTESIAN_POINT ( 'NONE',  ( 846.5238492437321156, 92.41510686466790503, -34.14435328743035569 ) ) ;
#4951 = CARTESIAN_POINT ( 'NONE',  ( 790.5847861847637432, 65.85070818111611857, 6.328899310362028352 ) ) ;
#4952 = CARTESIAN_POINT ( 'NONE',  ( 902.4376614170253106, 116.6934214191578860, -14.44673959852401524 ) ) ;
#4953 = CARTESIAN_POINT ( 'NONE',  ( 1409.126367053455851, 959.1632490302578162, 28.55743938607026067 ) ) ;
#4954 = CARTESIAN_POINT ( 'NONE',  ( 1395.255943507162783, 980.2296835344105830, 54.53828740994024571 ) ) ;
#4955 = CARTESIAN_POINT ( 'NONE',  ( 847.0553572688157828, 88.09628557562285778, -45.80169173406142136 ) ) ;
#4956 = CARTESIAN_POINT ( 'NONE',  ( 1430.075718830852793, 962.4041947841046749, 4.686822710872678321 ) ) ;
#4957 = CARTESIAN_POINT ( 'NONE',  ( 618.5249965423638514, 12.15551319130208974, 19.44824876538184455 ) ) ;
#4958 = CARTESIAN_POINT ( 'NONE',  ( 1158.022091832731576, 320.1780304393257666, -69.92331546230654737 ) ) ;
#4959 = CARTESIAN_POINT ( 'NONE',  ( 846.2416691314908803, 94.88694995568555157, 7.501145623200122792 ) ) ;
#4960 = CARTESIAN_POINT ( 'NONE',  ( 560.0000000000000000, -4.847991597938948516, 5.517563484794099082 ) ) ;
#4961 = CARTESIAN_POINT ( 'NONE',  ( 1293.274592020409727, 473.0118695028975253, -83.71680504500071152 ) ) ;
#4962 = CARTESIAN_POINT ( 'NONE',  ( 1089.138619001232655, 347.7300741905581276, 69.71568344572089870 ) ) ;
#4963 = CARTESIAN_POINT ( 'NONE',  ( 1426.873505294631059, 932.2100893829675670, 1.746215329280467410 ) ) ;
#4964 = CARTESIAN_POINT ( 'NONE',  ( 559.9999999999989768, 4.953426425525782051, 15.31617010644945687 ) ) ;
#4965 = CARTESIAN_POINT ( 'NONE',  ( 1449.552523834924386, 826.7031499196564255, -86.80781577834230234 ) ) ;
#4966 = CARTESIAN_POINT ( 'NONE',  ( 1113.393757556307264, 261.0752016388514676, -71.78115814602568889 ) ) ;
#4967 = CARTESIAN_POINT ( 'NONE',  ( 1390.154484030092590, 987.9782366796807764, 67.66617608045153531 ) ) ;
#4968 = CARTESIAN_POINT ( 'NONE',  ( 579.4074597463775262, 6.596333039102819207, 20.33856934023089735 ) ) ;
#4969 = CARTESIAN_POINT ( 'NONE',  ( 1450.246646531986698, 896.7107026922913064, -60.64638460212964333 ) ) ;
#4970 = CARTESIAN_POINT ( 'NONE',  ( 560.0000000000000000, -7.704047781489126834, -22.91401141827948607 ) ) ;
#4971 = CARTESIAN_POINT ( 'NONE',  ( 789.3881410086725054, 78.47111626536413098, 28.27561105986359991 ) ) ;
#4972 = CARTESIAN_POINT ( 'NONE',  ( 845.4790856950487523, 100.9221160339594974, -10.71937670391657349 ) ) ;
#4973 = CARTESIAN_POINT ( 'NONE',  ( 579.5079343844420237, -7.320538285345644880, -18.24248161260210210 ) ) ;
#4974 = CARTESIAN_POINT ( 'NONE',  ( 1010.492260668182098, 181.7525042011912717, -41.37113997920352659 ) ) ;
#4975 = CARTESIAN_POINT ( 'NONE',  ( 1240.979771546026768, 596.7667655774923787, 102.4066008295015564 ) ) ;
#4976 = APPLICATION_CONTEXT ( 'configuration controlled 3d designs of mechanical parts and assemblies' ) ;
#4977 = CARTESIAN_POINT ( 'NONE',  ( 953.5042951810694376, 166.5542128468611338, -16.99808816043585580 ) ) ;
#4978 = CARTESIAN_POINT ( 'NONE',  ( 579.4792264912957762, -3.237376173501609777, -26.09094085896731841 ) ) ;
#4979 = CARTESIAN_POINT ( 'NONE',  ( 1209.349254226506673, 355.5732901604255289, -96.55224882013023091 ) ) ;
#4980 = CARTESIAN_POINT ( 'NONE',  ( 1096.413987257060853, 321.7250367077604096, 27.54067819631443470 ) ) ;
#4981 = CARTESIAN_POINT ( 'NONE',  ( 997.5800809500416335, 241.9564808266483169, 63.04267506875007854 ) ) ;
#4982 = CARTESIAN_POINT ( 'NONE',  ( 1358.597284433455798, 862.5131957872250723, 71.69603058013682073 ) ) ;
#4983 = CARTESIAN_POINT ( 'NONE',  ( 903.2786497213879784, 111.1648888798597596, -30.74070070323503145 ) ) ;
#4984 = CARTESIAN_POINT ( 'NONE',  ( 1238.227290194768102, 603.2748451436344794, 107.5037742581822471 ) ) ;
#4985 = CARTESIAN_POINT ( 'NONE',  ( 1347.016345709661437, 882.2761969386690453, 97.49080485178683375 ) ) ;
#4986 = CARTESIAN_POINT ( 'NONE',  ( 618.5778497022783995, 8.358408670086413750, -20.16575443245131538 ) ) ;
#4987 = CARTESIAN_POINT ( 'NONE',  ( 1191.231677211468195, 407.5212964301528018, 15.00822523015270171 ) ) ;
#4988 = CARTESIAN_POINT ( 'NONE',  ( 734.4077640271310656, 34.29657397249481221, -11.09323102293250329 ) ) ;
#4989 = CARTESIAN_POINT ( 'NONE',  ( 1368.639813016931839, 845.3754989436374672, 50.22592266550228146 ) ) ;
#4990 = CARTESIAN_POINT ( 'NONE',  ( 1209.000115933104098, 525.7638849912585783, 82.77103033532215193 ) ) ;
#4991 = CARTESIAN_POINT ( 'NONE',  ( 618.6115612751474373, 6.446824677857372343, -26.34439323198809646 ) ) ;
#4992 = CARTESIAN_POINT ( 'NONE',  ( 1441.233927057560095, 945.9257605496154611, -18.40438095900023541 ) ) ;
#4993 = CARTESIAN_POINT ( 'NONE',  ( 676.1583472606506575, 29.92846946565229871, 21.91160428118102743 ) ) ;
#4994 = CARTESIAN_POINT ( 'NONE',  ( 1447.293032907391989, 936.9776771980895091, -39.40723584450935135 ) ) ;
#4995 = CARTESIAN_POINT ( 'NONE',  ( 952.8967929978240363, 169.9863141764520833, 18.11974945521190250 ) ) ;
#4996 = CARTESIAN_POINT ( 'NONE',  ( 1098.901153713393114, 312.8341266828430776, 12.21119984311914308 ) ) ;
#4997 = CARTESIAN_POINT ( 'NONE',  ( 618.7463051637564604, -0.9294772410903038296, -28.16193588279451987 ) ) ;
#4998 = CARTESIAN_POINT ( 'NONE',  ( 618.3786579191969395, 20.25132455172006729, 25.73573848887598103 ) ) ;
#4999 = CARTESIAN_POINT ( 'NONE',  ( 846.6690957112145952, 91.41560057941596540, 0.6710740496837536151 ) ) ;
#5000 = CARTESIAN_POINT ( 'NONE',  ( 675.7967381308019412, 38.33246548269197262, 25.61629719953042894 ) ) ;
#5001 = CARTESIAN_POINT ( 'NONE',  ( 1010.054324839113633, 183.7055026722306366, -69.14212381326734658 ) ) ;
#5002 = CARTESIAN_POINT ( 'NONE',  ( 675.7188286850530403, 40.30094822974116653, 37.08874079750592756 ) ) ;
#5003 = CARTESIAN_POINT ( 'NONE',  ( 1275.700463479983682, 657.0467210451458868, 95.78221956894601874 ) ) ;
#5004 = CARTESIAN_POINT ( 'NONE',  ( 1111.217773355749387, 268.8058760230300663, -74.31683357112076749 ) ) ;
#5005 = ORIENTED_EDGE ( 'NONE', *, *, #5870, .F. ) ;
#5006 = CARTESIAN_POINT ( 'NONE',  ( 897.7595615332085117, 147.3326933401685039, 39.67735488579008063 ) ) ;
#5007 = CARTESIAN_POINT ( 'NONE',  ( 1278.730520228060868, 507.4127113613778874, -36.77026499557212702 ) ) ;
#5008 = CARTESIAN_POINT ( 'NONE',  ( 848.1541017216957243, 79.30617303324682155, -35.53926663350416248 ) ) ;
#5009 = CARTESIAN_POINT ( 'NONE',  ( 1444.933873536972669, 904.7804463044277554, -39.60618865610165074 ) ) ;
#5010 = CARTESIAN_POINT ( 'NONE',  ( 1393.815620204743482, 914.3018871115411912, 39.15882754573192415 ) ) ;
#5011 = CARTESIAN_POINT ( 'NONE',  ( 1316.859610855342225, 567.7916694611227513, -42.27905739610167757 ) ) ;
#5012 = CARTESIAN_POINT ( 'NONE',  ( 734.3626489952386009, 34.74630528059542200, -42.36086407098157025 ) ) ;
#5013 = CARTESIAN_POINT ( 'NONE',  ( 1296.180994822654611, 466.1185418912054956, -105.4270462073276775 ) ) ;
#5014 = CARTESIAN_POINT ( 'NONE',  ( 1182.929269212329928, 431.2635956648830984, 31.48189980353119921 ) ) ;
#5015 = CARTESIAN_POINT ( 'NONE',  ( 732.8082377040518622, 57.98997903713462421, 33.99008792197195561 ) ) ;
#5016 = CARTESIAN_POINT ( 'NONE',  ( 579.3819782591906460, 10.20338692567176686, 19.64868429389020221 ) ) ;
#5017 = CARTESIAN_POINT ( 'NONE',  ( 1389.018417046955165, 690.2914694336224102, -49.87472042202549005 ) ) ;
#5018 = CARTESIAN_POINT ( 'NONE',  ( 1321.907564714830187, 813.8082453451354468, 110.7448940489158815 ) ) ;
#5019 = CARTESIAN_POINT ( 'NONE',  ( 1323.650131341311635, 553.0652404609878658, -67.50045969641442412 ) ) ;
#5020 = CARTESIAN_POINT ( 'NONE',  ( 1171.251578518624910, 464.7372326345053466, 90.23600308413467985 ) ) ;
#5021 = CARTESIAN_POINT ( 'NONE',  ( 1240.979771546026768, 596.7667655774923787, 102.4066008295015564 ) ) ;
#5022 = CARTESIAN_POINT ( 'NONE',  ( 1202.693474198601962, 374.6815835137073236, -40.92795560996243864 ) ) ;
#5023 = CARTESIAN_POINT ( 'NONE',  ( 579.3947074355553468, 8.458794033071802332, 12.73863091766218503 ) ) ;
#5024 = CARTESIAN_POINT ( 'NONE',  ( 1171.806695606964240, 463.1319032554929436, 78.75964224788265255 ) ) ;
#5025 = CARTESIAN_POINT ( 'NONE',  ( 846.9639317206647320, 88.83876021745700768, -44.06430094477484261 ) ) ;
#5026 = CARTESIAN_POINT ( 'NONE',  ( 1189.391557198816145, 412.7463466885993171, 2.003932260673462196 ) ) ;
#5027 = CARTESIAN_POINT ( 'NONE',  ( 579.4272372124138428, 3.838725145296999486, 15.95035402063696850 ) ) ;
#5028 = CARTESIAN_POINT ( 'NONE',  ( 1419.828915156094126, 758.0072312667823553, -74.73109096553422148 ) ) ;
#5029 = CARTESIAN_POINT ( 'NONE',  ( 901.3255159676114090, 123.9857337780113369, 1.128079571055425001 ) ) ;
#5030 = CARTESIAN_POINT ( 'NONE',  ( 560.0000000000002274, 2.147695807933138301, 2.899332277017795167 ) ) ;
#5031 = CARTESIAN_POINT ( 'NONE',  ( 734.5939505888327403, 31.40610136200895752, -37.10729705782758714 ) ) ;
#5032 = CARTESIAN_POINT ( 'NONE',  ( 618.3700361729615906, 20.76571948380869514, 27.14975630126935613 ) ) ;
#5033 = CARTESIAN_POINT ( 'NONE',  ( 955.4369099039926141, 156.1139229404937225, -6.944686251612504968 ) ) ;
#5034 = CARTESIAN_POINT ( 'NONE',  ( 1307.832855694796081, 720.0126310821037805, 77.46291905662025101 ) ) ;
#5035 = CARTESIAN_POINT ( 'NONE',  ( 1251.397882881273972, 415.6864795833754442, -95.84805291366046731 ) ) ;
#5036 = CARTESIAN_POINT ( 'NONE',  ( 895.2444968162847090, 163.7856730047683698, 61.86124386428332400 ) ) ;
#5037 = CARTESIAN_POINT ( 'NONE',  ( 1406.179983802366678, 997.6933998384785127, 47.30753030823563421 ) ) ;
#5038 = CARTESIAN_POINT ( 'NONE',  ( 559.9999999999998863, -3.806619363912679077, -21.00741801618270799 ) ) ;
#5039 = CARTESIAN_POINT ( 'NONE',  ( 560.0000000000000000, 1.381325552155101777, -0.6622586947550024306 ) ) ;
#5040 = CARTESIAN_POINT ( 'NONE',  ( 1346.890951768003333, 767.8322098269137541, 59.15064625789714370 ) ) ;
#5041 = CARTESIAN_POINT ( 'NONE',  ( 1307.557349969680445, 587.9633222689386685, -10.77868144155188368 ) ) ;
#5042 = CARTESIAN_POINT ( 'NONE',  ( 1248.104270230498287, 424.2789899204015001, -57.01073083794566543 ) ) ;
#5043 = CARTESIAN_POINT ( 'NONE',  ( 791.7370618955696955, 53.63294125208633290, -28.61661682736231427 ) ) ;
#5044 = CARTESIAN_POINT ( 'NONE',  ( 1179.950649950838624, 439.7982374360076960, 44.52669832577132780 ) ) ;
#5045 = CARTESIAN_POINT ( 'NONE',  ( 1342.568493045276909, 650.7049297434210757, -17.74314648199724687 ) ) ;
#5046 = CARTESIAN_POINT ( 'NONE',  ( 1205.926818403191874, 533.7416717181927197, 93.13565335995963324 ) ) ;
#5047 = CARTESIAN_POINT ( 'NONE',  ( 618.6816154343622429, 2.560462980206993144, -31.53983220802801668 ) ) ;
#5048 = CARTESIAN_POINT ( 'NONE',  ( 1184.062188104145889, 428.0173794149422406, 26.43571187279529511 ) ) ;
#5049 = CARTESIAN_POINT ( 'NONE',  ( 675.9583978663333710, 34.65045747353166661, 29.11526200535751840 ) ) ;
#5050 = CARTESIAN_POINT ( 'NONE',  ( 1438.391354124623831, 914.7160248400815590, -32.00057794844767756 ) ) ;
#5051 = CARTESIAN_POINT ( 'NONE',  ( 947.5567663231050801, 199.0818058774343058, 49.52602839615261843 ) ) ;
#5052 = CARTESIAN_POINT ( 'NONE',  ( 1444.714067581278186, 940.7862914178590472, -26.61730073576564592 ) ) ;
#5053 = CARTESIAN_POINT ( 'NONE',  ( 1401.131357183809087, 1005.149208156270788, 55.54120435507066134 ) ) ;
#5054 = CARTESIAN_POINT ( 'NONE',  ( 1155.265062771132307, 328.9627493915950254, -51.64783596041990421 ) ) ;
#5055 = CARTESIAN_POINT ( 'NONE',  ( 618.7231482004585814, 0.2528113934021721798, -30.60532217887623574 ) ) ;
#5056 = CARTESIAN_POINT ( 'NONE',  ( 1208.202848161018210, 527.8435982660088257, 94.84426237496165868 ) ) ;
#5057 = CARTESIAN_POINT ( 'NONE',  ( 1169.853985585251394, 468.7395255087433270, 95.46432820366891292 ) ) ;
#5058 = CARTESIAN_POINT ( 'NONE',  ( 1440.497216534807421, 911.5186938285653468, -28.26805248937260373 ) ) ;
#5059 = CARTESIAN_POINT ( 'NONE',  ( 1093.560466091184480, 331.9250436197171439, 44.50227230928607014 ) ) ;
#5060 = CARTESIAN_POINT ( 'NONE',  ( 1405.264381955806130, 999.0455600157167737, 44.28408156717414101 ) ) ;
#5061 = CARTESIAN_POINT ( 'NONE',  ( 1395.248403806383749, 678.8068959157392328, -85.18519324697277284 ) ) ;
#5062 = CARTESIAN_POINT ( 'NONE',  ( 1402.275135280866152, 1003.460077449242590, 48.12935754708282587 ) ) ;
#5063 = CARTESIAN_POINT ( 'NONE',  ( 1414.970716611151602, 984.7112516728069522, 32.46729378649621367 ) ) ;
#5064 = CARTESIAN_POINT ( 'NONE',  ( 1247.360139905383221, 426.1696668731418072, -75.54038635964164428 ) ) ;
#5065 = CARTESIAN_POINT ( 'NONE',  ( 1424.829843024464026, 935.3140021048087647, 5.885560009200577980 ) ) ;
#5066 = CARTESIAN_POINT ( 'NONE',  ( 618.4678778482277721, 14.88486249878574341, 5.969561932915173230 ) ) ;
#5067 = CARTESIAN_POINT ( 'NONE',  ( 1452.291901745800942, 929.5953511357884054, -47.31419300835015207 ) ) ;
#5068 = CARTESIAN_POINT ( 'NONE',  ( 791.7694783090487363, 53.22063904825242986, -42.90597288665701825 ) ) ;
#5069 = CARTESIAN_POINT ( 'NONE',  ( 618.3675310469463966, 20.92008612446682392, 27.65919032589212634 ) ) ;
#5070 = CARTESIAN_POINT ( 'NONE',  ( 579.4898953937525903, -4.876340182014715197, -2.520832902020628818 ) ) ;
#5071 = CARTESIAN_POINT ( 'NONE',  ( 732.5399349078832074, 61.86729435413480616, 30.23025492887255439 ) ) ;
#5072 = CARTESIAN_POINT ( 'NONE',  ( 734.1357642725490678, 38.09300566479201677, -40.00141436752029733 ) ) ;
#5073 = CARTESIAN_POINT ( 'NONE',  ( 1146.961270730402475, 355.4776372340334092, 19.72812348796181681 ) ) ;
#5074 = CARTESIAN_POINT ( 'NONE',  ( 1238.600995644766954, 602.3933441886576929, 109.1142636471928427 ) ) ;
#5075 = CARTESIAN_POINT ( 'NONE',  ( 997.5800809500416335, 241.9564808266483169, 63.04267506875007854 ) ) ;
#5076 = CARTESIAN_POINT ( 'NONE',  ( 1061.227970937802638, 225.4382238612017773, -69.32391415029169934 ) ) ;
#5077 = CARTESIAN_POINT ( 'NONE',  ( 560.0000000000000000, 0.2758949297884308871, -5.680925010430555311 ) ) ;
#5078 = CARTESIAN_POINT ( 'NONE',  ( 733.3442376006501036, 50.06685926366157702, 21.94028218980963985 ) ) ;
#5079 = CARTESIAN_POINT ( 'NONE',  ( 789.6919719230892269, 75.09693918966968340, -3.335001466853441787 ) ) ;
#5080 = CARTESIAN_POINT ( 'NONE',  ( 676.8731532236974999, 12.83539454548710168, -28.48334844038643610 ) ) ;
#5081 = CARTESIAN_POINT ( 'NONE',  ( 957.7471804427872257, 143.4674853909208139, -40.45945330271580076 ) ) ;
#5082 = CARTESIAN_POINT ( 'NONE',  ( 1346.700934051239301, 768.1735649874154888, 46.87064722930801963 ) ) ;
#5083 = CARTESIAN_POINT ( 'NONE',  ( 1103.985559424839266, 294.6582198925301554, -20.64408172561580557 ) ) ;
#5084 = CARTESIAN_POINT ( 'NONE',  ( 1347.660793755962914, 881.1760625489499716, 94.92024361951615674 ) ) ;
#5085 = CARTESIAN_POINT ( 'NONE',  ( 957.6680078569006582, 143.8059843983079134, -66.51016597827664611 ) ) ;
#5086 = CARTESIAN_POINT ( 'NONE',  ( 1411.222452979719947, 955.9797327691217106, 24.50687763978835321 ) ) ;
#5087 = CARTESIAN_POINT ( 'NONE',  ( 1046.460130042043829, 285.3728058554306699, 61.68051592088067281 ) ) ;
#5088 = CARTESIAN_POINT ( 'NONE',  ( 1107.504506113295975, 282.0773676538752852, -45.88011760687019347 ) ) ;
#5089 = CARTESIAN_POINT ( 'NONE',  ( 1306.534754915546273, 722.6025190401117015, 80.74234466993087267 ) ) ;
#5090 = CARTESIAN_POINT ( 'NONE',  ( 1435.171110380275877, 849.3139103231446825, -38.72559790713282268 ) ) ;
#5091 = CARTESIAN_POINT ( 'NONE',  ( 946.3822736751285447, 205.5307727896978065, 68.43738702935799267 ) ) ;
#5092 = CARTESIAN_POINT ( 'NONE',  ( 1242.203779284933262, 439.5591762263213127, -50.09340232397745751 ) ) ;
#5093 = CARTESIAN_POINT ( 'NONE',  ( 579.4873364028225069, -4.369124908426218035, -25.88832526445368742 ) ) ;
#5094 = CARTESIAN_POINT ( 'NONE',  ( 734.5325990918933030, 32.26482892406302483, -40.80562937051929850 ) ) ;
#5095 = CARTESIAN_POINT ( 'NONE',  ( 1351.404538022665520, 874.7922345111259119, 95.03124838288353260 ) ) ;
#5096 = CARTESIAN_POINT ( 'NONE',  ( 844.9013539192158078, 105.6276072042077487, 1.159206392908743055 ) ) ;
#5097 = CARTESIAN_POINT ( 'NONE',  ( 1131.501146148840462, 404.6943167901675906, 84.99533228039381072 ) ) ;
#5098 = CARTESIAN_POINT ( 'NONE',  ( 734.5707400105752640, 31.85006081968579750, -21.06710045893385441 ) ) ;
#5099 = CARTESIAN_POINT ( 'NONE',  ( 560.0000000000003411, 4.043450003964951911, 11.44172916779055349 ) ) ;
#5100 = CARTESIAN_POINT ( 'NONE',  ( 895.6457063778750580, 161.1203945898133156, 49.85897624443595078 ) ) ;
#5101 = CARTESIAN_POINT ( 'NONE',  ( 579.4537893287780435, 0.3260765618989390213, -20.98065481007665767 ) ) ;
#5102 = PERSON_AND_ORGANIZATION_ROLE ( 'creator' ) ;
#5103 = CARTESIAN_POINT ( 'NONE',  ( 844.5615348385111929, 108.5194501562497464, 30.56868126560810950 ) ) ;
#5104 = CARTESIAN_POINT ( 'NONE',  ( 901.9692090623808554, 119.6141412618567728, -45.82466623377585080 ) ) ;
#5105 = CARTESIAN_POINT ( 'NONE',  ( 1426.873505294631059, 932.2100893829675670, 1.746215329280467410 ) ) ;
#5106 = CARTESIAN_POINT ( 'NONE',  ( 1332.950703893187438, 669.8962362638002332, 10.01852902872288098 ) ) ;
#5107 = CARTESIAN_POINT ( 'NONE',  ( 1063.269689477496286, 217.2120038309174106, -68.21474261837687436 ) ) ;
#5108 = CARTESIAN_POINT ( 'NONE',  ( 1171.069725211149034, 465.2431351585552761, 81.51814612560312412 ) ) ;
#5109 = CARTESIAN_POINT ( 'NONE',  ( 1334.885365114666683, 789.9208498095289315, 74.76422985385676157 ) ) ;
#5110 = CARTESIAN_POINT ( 'NONE',  ( 1450.322930701040377, 932.5031262204205404, -46.60023736813511164 ) ) ;
#5111 = CARTESIAN_POINT ( 'NONE',  ( 579.4659786615313806, -1.556115120928993623, 5.728018722406797991 ) ) ;
#5112 = CARTESIAN_POINT ( 'NONE',  ( 1238.305558997796879, 603.0914230513651546, 109.2077485070702210 ) ) ;
#5113 = CARTESIAN_POINT ( 'NONE',  ( 896.9957609835000767, 152.3302590137066090, 46.63966273056818324 ) ) ;
#5114 = CARTESIAN_POINT ( 'NONE',  ( 1365.743152119861861, 604.4562416822337809, -93.92521712359447861 ) ) ;
#5115 = CARTESIAN_POINT ( 'NONE',  ( 560.0000000000000000, -9.866091138758694257, -10.60722053643372753 ) ) ;
#5116 = CARTESIAN_POINT ( 'NONE',  ( 618.5539391441045609, 10.51006480591310144, 16.66781573860935239 ) ) ;
#5117 = CARTESIAN_POINT ( 'NONE',  ( 733.3744481030371389, 49.40168765644608584, -5.818143187684436057 ) ) ;
#5118 = CARTESIAN_POINT ( 'NONE',  ( 1421.744438749110259, 754.7488718318816154, -67.95642212567054230 ) ) ;
#5119 = CARTESIAN_POINT ( 'NONE',  ( 1206.641284820114606, 363.3587250915804248, -67.63978084410308611 ) ) ;
#5120 = CARTESIAN_POINT ( 'NONE',  ( 1255.751103592618847, 561.8004024206342137, 45.69429808333052989 ) ) ;
#5121 = CARTESIAN_POINT ( 'NONE',  ( 1370.479599401607175, 950.9717899056865917, 84.51551694176860963 ) ) ;
#5122 = CARTESIAN_POINT ( 'NONE',  ( 789.9084913453209538, 72.80053692453235215, -9.691870098652334065 ) ) ;
#5123 = CARTESIAN_POINT ( 'NONE',  ( 1087.256219606892728, 354.4593411427970864, 80.66711528031270007 ) ) ;
#5124 = CARTESIAN_POINT ( 'NONE',  ( 1208.559520982812046, 357.8263645420830699, -95.97517640685749996 ) ) ;
#5125 = CARTESIAN_POINT ( 'NONE',  ( 1220.418296163202513, 496.1220114473362059, 40.66138101908545366 ) ) ;
#5126 = CARTESIAN_POINT ( 'NONE',  ( 1092.023254292417050, 337.4518651598306747, 66.51431880947802711 ) ) ;
#5127 = CARTESIAN_POINT ( 'NONE',  ( 579.4387622186303588, 2.412390893328672181, -13.25054241622514795 ) ) ;
#5128 = CARTESIAN_POINT ( 'NONE',  ( 1397.414711875002240, 976.9509429156704527, 50.52566325830303384 ) ) ;
#5129 = CARTESIAN_POINT ( 'NONE',  ( 1009.767758267855243, 185.1399839621979595, -31.35280155585099138 ) ) ;
#5130 = CARTESIAN_POINT ( 'NONE',  ( 1368.950587671475887, 953.3752284932562588, 93.77656506262805181 ) ) ;
#5131 = CARTESIAN_POINT ( 'NONE',  ( 901.1641687575025799, 124.8947000969620973, -31.71459728875251116 ) ) ;
#5132 = CARTESIAN_POINT ( 'NONE',  ( 1011.634056269445068, 176.3717462204122057, -71.37678796634794764 ) ) ;
#5133 = CARTESIAN_POINT ( 'NONE',  ( 1451.189711678731328, 824.1305128075936182, -86.37926856681457366 ) ) ;
#5134 = CARTESIAN_POINT ( 'NONE',  ( 1208.202848161018210, 527.8435982660088257, 94.84426237496165868 ) ) ;
#5135 = CARTESIAN_POINT ( 'NONE',  ( 560.0000000000001137, -9.881325050959429035, -10.91009880574770285 ) ) ;
#5136 = CARTESIAN_POINT ( 'NONE',  ( 1405.962989161765108, 963.9677966954383237, 34.59960694597806707 ) ) ;
#5137 = CARTESIAN_POINT ( 'NONE',  ( 895.3308464648783911, 163.1860229332792471, 53.32988585655244407 ) ) ;
#5138 = CARTESIAN_POINT ( 'NONE',  ( 676.4769103686077187, 21.99491142721944570, -29.38810999085431774 ) ) ;
#5139 = CARTESIAN_POINT ( 'NONE',  ( 676.2138219090867324, 28.61737627854358834, 19.76024756371612412 ) ) ;
#5140 = CARTESIAN_POINT ( 'NONE',  ( 1008.735254466989431, 189.8535430310389245, -54.57727107739213324 ) ) ;
#5141 = CARTESIAN_POINT ( 'NONE',  ( 618.7137557470881575, 1.360311796551721741, -2.811093343828095836 ) ) ;
#5142 = CARTESIAN_POINT ( 'NONE',  ( 1356.212211142053320, 750.6668000848435440, 23.49428846570939555 ) ) ;
#5143 = CARTESIAN_POINT ( 'NONE',  ( 560.0000000000000000, -8.385321891092976543, -22.20778784305737119 ) ) ;
#5144 = CARTESIAN_POINT ( 'NONE',  ( 1043.416166449747152, 297.6770227330117677, 68.18449039900502839 ) ) ;
#5145 = CARTESIAN_POINT ( 'NONE',  ( 947.7626854135791064, 197.9557229887947187, 47.41602908725494103 ) ) ;
#5146 = CARTESIAN_POINT ( 'NONE',  ( 1061.581951456147635, 224.0037007830019320, -73.32552498304873723 ) ) ;
#5147 = CARTESIAN_POINT ( 'NONE',  ( 1418.605863626930841, 944.7667734350530964, 18.13797782022161442 ) ) ;
#5148 = CARTESIAN_POINT ( 'NONE',  ( 1296.671911868790403, 742.2841037701928144, 113.3351423222668330 ) ) ;
#5149 = CARTESIAN_POINT ( 'NONE',  ( 1133.911643741974331, 397.0220097715945258, 75.98386997025748713 ) ) ;
#5150 = CARTESIAN_POINT ( 'NONE',  ( 956.7652979065509271, 148.7299991934041543, -60.08548194953917942 ) ) ;
#5151 = CARTESIAN_POINT ( 'NONE',  ( 618.5756799220498579, 9.272682522293999696, 14.47769619871670166 ) ) ;
#5152 = CARTESIAN_POINT ( 'NONE',  ( 618.4970998707206036, 13.12973698112901921, -0.9976200187148805965 ) ) ;
#5153 = CARTESIAN_POINT ( 'NONE',  ( 618.7619800359285591, -1.715686154830803334, -24.84859940862311589 ) ) ;
#5154 = CARTESIAN_POINT ( 'NONE',  ( 1112.294264782652363, 265.0208142575107786, -56.80012434918528186 ) ) ;
#5155 = CARTESIAN_POINT ( 'NONE',  ( 675.9177615320005543, 35.41425893765047306, 16.62788985975647549 ) ) ;
#5156 = CARTESIAN_POINT ( 'NONE',  ( 1086.971905337962198, 355.4786667689866704, 84.71569886555039375 ) ) ;
#5157 = CARTESIAN_POINT ( 'NONE',  ( 1004.371240767017525, 210.2215658112033339, -8.815686195516287071 ) ) ;
#5158 = CARTESIAN_POINT ( 'NONE',  ( 560.0000000000003411, 6.345393042579337894, 23.11357888552600670 ) ) ;
#5159 = CARTESIAN_POINT ( 'NONE',  ( 903.3365946032661213, 110.6702170908841509, -60.51692712649488470 ) ) ;
#5160 = UNCERTAINTY_MEASURE_WITH_UNIT (LENGTH_MEASURE( 1.000000000000000082E-05 ), #1341, 'distance_accuracy_value', 'NONE');
#5161 = CARTESIAN_POINT ( 'NONE',  ( 1374.291804931872548, 835.7300127512213521, 37.78241541454394792 ) ) ;
#5162 = CARTESIAN_POINT ( 'NONE',  ( 1399.137059985219821, 974.3360741789084614, 53.51918451588765180 ) ) ;
#5163 = CARTESIAN_POINT ( 'NONE',  ( 1409.367259167531984, 775.8658895099571282, -45.87682385756225756 ) ) ;
#5164 = CARTESIAN_POINT ( 'NONE',  ( 1089.610515407386174, 346.0434503203371719, 67.05325529882003366 ) ) ;
#5165 = CARTESIAN_POINT ( 'NONE',  ( 791.7118116010589119, 53.90519328640078811, -26.94674716468460574 ) ) ;
#5166 = CARTESIAN_POINT ( 'NONE',  ( 895.2444968162847090, 163.7856730047683698, 61.86124386428332400 ) ) ;
#5167 = CARTESIAN_POINT ( 'NONE',  ( 846.2914345558633613, 94.30659721184612465, -28.71049086500806524 ) ) ;
#5168 = CARTESIAN_POINT ( 'NONE',  ( 1162.625604249840762, 305.5434305308742182, -87.98012876215064182 ) ) ;
#5169 = CARTESIAN_POINT ( 'NONE',  ( 734.5530666322050592, 31.97456667146825993, -40.12933155269465146 ) ) ;
#5170 = CARTESIAN_POINT ( 'NONE',  ( 1131.838805038291412, 403.6194157406752652, 83.72748806961938328 ) ) ;
#5171 = CARTESIAN_POINT ( 'NONE',  ( 1437.541469001668474, 845.5880543076721096, -44.88338457780229618 ) ) ;
#5172 = CARTESIAN_POINT ( 'NONE',  ( 732.6771311847419383, 59.81872500745084409, 24.74272079892136489 ) ) ;
#5173 = CARTESIAN_POINT ( 'NONE',  ( 1241.221221600816307, 596.1855451550371754, 91.76914191136270915 ) ) ;
#5174 = CARTESIAN_POINT ( 'NONE',  ( 1157.564013510331279, 321.6375404338902513, -66.87180489037449149 ) ) ;
#5175 = CARTESIAN_POINT ( 'NONE',  ( 618.5756799220498579, 9.272682522293999696, 14.47769619871670166 ) ) ;
#5176 = CARTESIAN_POINT ( 'NONE',  ( 1359.430586669555851, 617.0545653000956463, -71.70699808847669487 ) ) ;
#5177 = CARTESIAN_POINT ( 'NONE',  ( 1005.255538852460859, 206.1913307335898651, 11.07444908889168822 ) ) ;
#5178 = CARTESIAN_POINT ( 'NONE',  ( 1222.336331444904999, 491.1425320973892781, 33.29530478828573337 ) ) ;
#5179 = CARTESIAN_POINT ( 'NONE',  ( 676.8363913545157402, 13.64265993847834224, -33.03540554489152470 ) ) ;
#5180 = CARTESIAN_POINT ( 'NONE',  ( 1301.295581448234771, 733.0551635903527767, 93.64717812255352669 ) ) ;
#5181 = CARTESIAN_POINT ( 'NONE',  ( 842.7865161407914911, 122.8526585347055402, 41.39012392585406275 ) ) ;
#5182 = CARTESIAN_POINT ( 'NONE',  ( 1206.402512543421153, 363.9984807368928159, -88.27608811022636814 ) ) ;
#5183 = CARTESIAN_POINT ( 'NONE',  ( 1424.823098560487779, 970.1612607865818063, 14.71155113831906469 ) ) ;
#5184 = CARTESIAN_POINT ( 'NONE',  ( 1204.924273922432576, 536.3500463159549554, 104.9706935247719883 ) ) ;
#5185 = CARTESIAN_POINT ( 'NONE',  ( 896.8005767190617235, 153.6074572829722911, 48.36608461256098934 ) ) ;
#5186 = CARTESIAN_POINT ( 'NONE',  ( 1329.294013921759188, 540.8255525146432774, -89.52781067489137001 ) ) ;
#5187 = CARTESIAN_POINT ( 'NONE',  ( 579.4399620767248962, 2.065378234200341279, 12.86623832820139235 ) ) ;
#5188 = CARTESIAN_POINT ( 'NONE',  ( 1305.428445634648824, 592.5795646460755961, -3.885125037865647002 ) ) ;
#5189 = CARTESIAN_POINT ( 'NONE',  ( 1250.868147623509913, 417.0960685130083903, -74.26685445326634749 ) ) ;
#5190 = CARTESIAN_POINT ( 'NONE',  ( 848.2118069965372342, 78.82598978224139330, -39.35833271750860973 ) ) ;
#5191 = CARTESIAN_POINT ( 'NONE',  ( 675.8861307660336024, 36.17706632479678319, 19.03147742449924706 ) ) ;
#5192 = CARTESIAN_POINT ( 'NONE',  ( 1401.339129057120090, 1004.842370796678438, 52.83102814700720273 ) ) ;
#5193 = CARTESIAN_POINT ( 'NONE',  ( 1340.184598614470815, 655.4618085324877939, -10.76626875617399826 ) ) ;
#5194 = CARTESIAN_POINT ( 'NONE',  ( 579.3747574139676999, 11.16619916955446712, 26.14076646945625271 ) ) ;
#5195 = CARTESIAN_POINT ( 'NONE',  ( 1430.313015581866466, 740.1122419713925638, -102.0995530493172794 ) ) ;
#5196 = CARTESIAN_POINT ( 'NONE',  ( 1417.761802031118350, 980.5893786443338058, 21.54394495894505113 ) ) ;
#5197 = CARTESIAN_POINT ( 'NONE',  ( 1174.807359233341458, 454.5563685500215456, 78.29053045985243386 ) ) ;
#5198 = CARTESIAN_POINT ( 'NONE',  ( 901.2792280446623181, 124.1394493239074279, -33.73137902463870574 ) ) ;
#5199 = CARTESIAN_POINT ( 'NONE',  ( 788.1642907866749965, 91.30233772201226827, 38.45155486782704912 ) ) ;
#5200 = CARTESIAN_POINT ( 'NONE',  ( 946.2722008139508034, 206.1286497775906241, 68.88012138888009872 ) ) ;
#5201 = CARTESIAN_POINT ( 'NONE',  ( 1007.427796349117443, 195.9546288442985542, -39.97359168112122063 ) ) ;
#5202 = CARTESIAN_POINT ( 'NONE',  ( 1295.954811104353894, 466.6570683068892436, -102.3951508297232493 ) ) ;
#5203 = CARTESIAN_POINT ( 'NONE',  ( 1295.312016842146704, 468.1812167600154453, -97.63167448204902144 ) ) ;
#5204 = CARTESIAN_POINT ( 'NONE',  ( 1394.747319820795383, 981.0032009379586952, 60.82143282172508236 ) ) ;
#5205 = CARTESIAN_POINT ( 'NONE',  ( 1246.207972503943438, 429.2049749276346802, -46.56134137700296094 ) ) ;
#5206 = CARTESIAN_POINT ( 'NONE',  ( 896.7322704112605152, 153.9889178533593963, 35.34812143332752754 ) ) ;
#5207 = CARTESIAN_POINT ( 'NONE',  ( 1425.181176342181516, 865.0151261013299973, -14.81528836231858293 ) ) ;
#5208 = CARTESIAN_POINT ( 'NONE',  ( 1394.709578863114302, 981.0595056407887569, 55.43075479680864248 ) ) ;
#5209 = CARTESIAN_POINT ( 'NONE',  ( 1394.055329205274802, 681.0033642383176584, -81.46926988032264205 ) ) ;
#5210 =( NAMED_UNIT ( * ) SI_UNIT ( $, .STERADIAN. ) SOLID_ANGLE_UNIT ( ) );
#5211 = CARTESIAN_POINT ( 'NONE',  ( 844.6901582662444525, 107.4763201754367543, 28.96395426091172354 ) ) ;
#5212 = CARTESIAN_POINT ( 'NONE',  ( 676.4128449215978662, 23.50964616789780237, -24.56626067359702503 ) ) ;
#5213 = CARTESIAN_POINT ( 'NONE',  ( 1196.649001778712091, 392.0030155767080373, -9.246453788310649458 ) ) ;
#5214 = CARTESIAN_POINT ( 'NONE',  ( 1000.533913898397714, 228.1321630984294870, 26.40969482708403859 ) ) ;
#5215 = CARTESIAN_POINT ( 'NONE',  ( 1400.818954388136717, 668.5597512985303865, -93.14691422295139489 ) ) ;
#5216 = CARTESIAN_POINT ( 'NONE',  ( 618.3641494968877623, 21.14429300811680079, 28.87973601285905190 ) ) ;
#5217 = CARTESIAN_POINT ( 'NONE',  ( 1210.716535668690085, 521.3080825760796415, 76.45004685481957551 ) ) ;
#5218 = CARTESIAN_POINT ( 'NONE',  ( 1061.461224821465976, 224.4932204455331259, -71.99914277452303679 ) ) ;
#5219 = CARTESIAN_POINT ( 'NONE',  ( 845.5550069206241233, 100.4604627452685293, 17.54776700131134248 ) ) ;
#5220 = LOCAL_TIME ( 17, 42, 19.00000000000000000, #2357 ) ;
#5221 = CARTESIAN_POINT ( 'NONE',  ( 958.2611710245693075, 140.6203125142391741, -59.26776475945355571 ) ) ;
#5222 = CARTESIAN_POINT ( 'NONE',  ( 995.7589309861002675, 250.4402500247051648, 73.99718599686889320 ) ) ;
#5223 = CARTESIAN_POINT ( 'NONE',  ( 1309.023372948526458, 717.6475097007682962, 85.70875735537786966 ) ) ;
#5224 = CARTESIAN_POINT ( 'NONE',  ( 847.1032353370075043, 87.70782324817808728, -46.65998763385988468 ) ) ;
#5225 = CARTESIAN_POINT ( 'NONE',  ( 1419.494832288139378, 978.0300407527598736, 24.47400455840110212 ) ) ;
#5226 = CARTESIAN_POINT ( 'NONE',  ( 1389.514076193381470, 809.7511427247610527, 3.012523464473348511 ) ) ;
#5227 = CARTESIAN_POINT ( 'NONE',  ( 1112.294264782652363, 265.0208142575107786, -56.80012434918528186 ) ) ;
#5228 = CARTESIAN_POINT ( 'NONE',  ( 1396.601999106175526, 676.3271954107965485, -76.11727000938734022 ) ) ;
#5229 = CARTESIAN_POINT ( 'NONE',  ( 1312.984390475648070, 709.7344805264845036, 64.23233984369755944 ) ) ;
#5230 = CARTESIAN_POINT ( 'NONE',  ( 946.1767828814050745, 206.6437861627156849, 68.43768334519495511 ) ) ;
#5231 = CARTESIAN_POINT ( 'NONE',  ( 1113.239891787307897, 261.6290035691721414, -68.95498164499718996 ) ) ;
#5232 = CARTESIAN_POINT ( 'NONE',  ( 1190.701370603759187, 408.9930599268683409, -4.149122863922587001 ) ) ;
#5233 = CARTESIAN_POINT ( 'NONE',  ( 1168.309388542605575, 473.1561301575190441, 97.22685473663855760 ) ) ;
#5234 = CARTESIAN_POINT ( 'NONE',  ( 1328.016074531971526, 802.5673699698689916, 99.58984002885122777 ) ) ;
#5235 = CARTESIAN_POINT ( 'NONE',  ( 1112.431446362064662, 264.4697399538162017, -82.65093949030195120 ) ) ;
#5236 = CARTESIAN_POINT ( 'NONE',  ( 1356.843557669011489, 865.5119119966684593, 84.87231222641669603 ) ) ;
#5237 = CARTESIAN_POINT ( 'NONE',  ( 1280.741044594668665, 502.6535767834370176, -44.86713375147051863 ) ) ;
#5238 = CARTESIAN_POINT ( 'NONE',  ( 1276.444209881148709, 655.4235772082882931, 83.34590420372910557 ) ) ;
#5239 = CARTESIAN_POINT ( 'NONE',  ( 1401.268679830792507, 1004.946410165665384, 55.46216170325956085 ) ) ;
#5240 = CARTESIAN_POINT ( 'NONE',  ( 1409.367259167531984, 775.8658895099571282, -45.87682385756225756 ) ) ;
#5241 = CARTESIAN_POINT ( 'NONE',  ( 1452.739899031006644, 892.9252277815442085, -63.05450351449513846 ) ) ;
#5242 = CARTESIAN_POINT ( 'NONE',  ( 1063.598453459197344, 215.8615350642208455, -77.43320291954262302 ) ) ;
#5243 = CARTESIAN_POINT ( 'NONE',  ( 1003.202495478039850, 215.6767299406745906, 2.205352457803253063 ) ) ;
#5244 = CARTESIAN_POINT ( 'NONE',  ( 996.7274175235629627, 245.9280526821341937, 67.80073757051648897 ) ) ;
#5245 = CARTESIAN_POINT ( 'NONE',  ( 1341.177372733558514, 778.3401224562602465, 60.06735680040592484 ) ) ;
#5246 = CARTESIAN_POINT ( 'NONE',  ( 559.9999999999997726, -8.880051693419392933, -5.430462667951262645 ) ) ;
#5247 = CARTESIAN_POINT ( 'NONE',  ( 1327.802206647224011, 802.9574691142873917, 90.94439357467565799 ) ) ;
#5248 = CARTESIAN_POINT ( 'NONE',  ( 1158.022091832731576, 320.1780304393257666, -69.92331546230654737 ) ) ;
#5249 = CARTESIAN_POINT ( 'NONE',  ( 1428.151076632083914, 965.2465050594589684, 1.561919409036799822 ) ) ;
#5250 = CARTESIAN_POINT ( 'NONE',  ( 1050.389898547903613, 269.4557386634560885, 40.17366929630041739 ) ) ;
#5251 = CARTESIAN_POINT ( 'NONE',  ( 579.4480928292115323, 1.120733050564577837, -18.42769724987844526 ) ) ;
#5252 = CARTESIAN_POINT ( 'NONE',  ( 1400.933166123638330, 790.2744835391471270, -10.13429152546375178 ) ) ;
#5253 = CARTESIAN_POINT ( 'NONE',  ( 950.2219650239736666, 184.5065980614683099, 21.21988744875012145 ) ) ;
#5254 = CARTESIAN_POINT ( 'NONE',  ( 579.4930131969206286, -5.162993489142995607, -25.39829469810153384 ) ) ;
#5255 = CARTESIAN_POINT ( 'NONE',  ( 1169.579825678641782, 469.5115953140244187, 86.89826024870787080 ) ) ;
#5256 = CARTESIAN_POINT ( 'NONE',  ( 1356.421179514577943, 866.2266608302302302, 76.25983447358855472 ) ) ;
#5257 = CARTESIAN_POINT ( 'NONE',  ( 1331.376507633546453, 536.3086673409669629, -98.31605529838091684 ) ) ;
#5258 = CARTESIAN_POINT ( 'NONE',  ( 1401.268679830792507, 1004.946410165665384, 55.46216170325956085 ) ) ;
#5259 = CARTESIAN_POINT ( 'NONE',  ( 560.0000000000007958, 1.792195539231343560, 17.59567940589592183 ) ) ;
#5260 = CARTESIAN_POINT ( 'NONE',  ( 1204.869922142359883, 368.3904112930839005, -78.74569070807304172 ) ) ;
#5261 = CARTESIAN_POINT ( 'NONE',  ( 733.5946374650418420, 46.36213495289615594, 15.60957032937106526 ) ) ;
#5262 = CARTESIAN_POINT ( 'NONE',  ( 560.0000000000000000, -2.003665785574360925, 11.20155443160717290 ) ) ;
#5263 = CARTESIAN_POINT ( 'NONE',  ( 791.7997610147806427, 52.92066757798946952, -39.55498833468986675 ) ) ;
#5264 = CARTESIAN_POINT ( 'NONE',  ( 618.7666407678367477, -1.928298521047972391, -22.87900789733079421 ) ) ;
#5265 = CARTESIAN_POINT ( 'NONE',  ( 1136.740887847394788, 387.9828298812188336, 50.46053629624979919 ) ) ;
#5266 = CARTESIAN_POINT ( 'NONE',  ( 787.8973419973942782, 94.16138503983317776, 49.34158040691052349 ) ) ;
#5267 = CARTESIAN_POINT ( 'NONE',  ( 1399.111790094758817, 671.7047579512079665, -85.90067286325097484 ) ) ;
#5268 = CARTESIAN_POINT ( 'NONE',  ( 733.2729807948311418, 50.91726054601863183, -1.166720226507461655 ) ) ;
#5269 = CARTESIAN_POINT ( 'NONE',  ( 1390.323014044707179, 987.7220751681905995, 66.29441223642193393 ) ) ;
#5270 = CARTESIAN_POINT ( 'NONE',  ( 1131.143836655747691, 405.8318741045325169, 86.40489941478166713 ) ) ;
#5271 = CARTESIAN_POINT ( 'NONE',  ( 1160.932596629276304, 310.9078600557168102, -88.04197680146712912 ) ) ;
#5272 = CARTESIAN_POINT ( 'NONE',  ( 843.8994046783699332, 113.8885476844743891, 38.49459277995043038 ) ) ;
#5273 = CARTESIAN_POINT ( 'NONE',  ( 1239.079007283097098, 447.6731304396946030, -35.60302965282016174 ) ) ;
#5274 = CARTESIAN_POINT ( 'NONE',  ( 1322.633708776393405, 812.4723651488578753, 111.3907386320835258 ) ) ;
#5275 = CARTESIAN_POINT ( 'NONE',  ( 900.8144572684300329, 127.1902217226951990, -25.68391367410319504 ) ) ;
#5276 = CARTESIAN_POINT ( 'NONE',  ( 734.4399128551907552, 33.60811565008387447, -42.03236428011159376 ) ) ;
#5277 = CARTESIAN_POINT ( 'NONE',  ( 559.9999999999997726, -7.323680759104843396, -23.14293708686651030 ) ) ;
#5278 = CARTESIAN_POINT ( 'NONE',  ( 1186.748135995381290, 420.3210274860954883, 14.26260218375761113 ) ) ;
#5279 = CARTESIAN_POINT ( 'NONE',  ( 579.4014957479491841, 7.428219875939396033, 21.59853863323893464 ) ) ;
#5280 = CARTESIAN_POINT ( 'NONE',  ( 1386.837987278976698, 925.2666836368516670, 52.93291692817407323 ) ) ;
#5281 = CARTESIAN_POINT ( 'NONE',  ( 847.2560844278466448, 86.64396938324530595, -9.785962001118150511 ) ) ;
#5282 = CARTESIAN_POINT ( 'NONE',  ( 1087.906023080811565, 352.1349431587539698, 75.65300854521085228 ) ) ;
#5283 = CARTESIAN_POINT ( 'NONE',  ( 846.6803626618673206, 91.14195108309536408, -37.74167036923649476 ) ) ;
#5284 = CARTESIAN_POINT ( 'NONE',  ( 618.6083183681887476, 7.412105169228310864, 10.99371531190741358 ) ) ;
#5285 = CARTESIAN_POINT ( 'NONE',  ( 1059.705955615107541, 231.6073445953297210, -55.73228295179171710 ) ) ;
#5286 = CARTESIAN_POINT ( 'NONE',  ( 1419.906437433992096, 873.3046778085555388, -3.280990233966866398 ) ) ;
#5287 = CARTESIAN_POINT ( 'NONE',  ( 1396.581654400710477, 909.9552363153810575, 33.60516628270902828 ) ) ;
#5288 = CARTESIAN_POINT ( 'NONE',  ( 618.7296220535317843, -0.08561104342568834347, -30.18203065735907131 ) ) ;
#5289 = CARTESIAN_POINT ( 'NONE',  ( 1130.562276632871999, 407.6649926792961764, 79.40497805213804838 ) ) ;
#5290 = CARTESIAN_POINT ( 'NONE',  ( 1090.077226906884789, 344.3752474481526633, 64.33546514056128274 ) ) ;
#5291 = CARTESIAN_POINT ( 'NONE',  ( 560.0000000000000000, -3.633778853994498181, -20.65411887461987916 ) ) ;
#5292 = CARTESIAN_POINT ( 'NONE',  ( 732.4706788259634322, 62.97894347270782589, 40.83116099945875987 ) ) ;
#5293 = CARTESIAN_POINT ( 'NONE',  ( 1046.891436922523098, 283.6260336499106529, 59.42934130175987661 ) ) ;
#5294 = CARTESIAN_POINT ( 'NONE',  ( 1443.972189050715542, 835.4745812879133382, -72.82274403597369883 ) ) ;
#5295 = CARTESIAN_POINT ( 'NONE',  ( 579.4548956997425648, -0.01412101800300426258, 8.934410088644808567 ) ) ;
#5296 = CARTESIAN_POINT ( 'NONE',  ( 789.6196769543470282, 75.86388936579844255, -1.216558413960902696 ) ) ;
#5297 = CARTESIAN_POINT ( 'NONE',  ( 1450.445501993949847, 932.3221130193593353, -41.73366496023670891 ) ) ;
#5298 = CARTESIAN_POINT ( 'NONE',  ( 1445.203453489114054, 833.5432464173741209, -66.54587814773536536 ) ) ;
#5299 = CARTESIAN_POINT ( 'NONE',  ( 1389.639607949620313, 920.8641963851682704, 47.44407695909558242 ) ) ;
#5300 = CARTESIAN_POINT ( 'NONE',  ( 676.6447260532471546, 18.07761077470136968, -36.54333450302030428 ) ) ;
#5301 = CARTESIAN_POINT ( 'NONE',  ( 676.8548678519902069, 13.23311964650261174, -31.16399871688106771 ) ) ;
#5302 = CARTESIAN_POINT ( 'NONE',  ( 1230.104011437403869, 470.9757429201572450, 2.413279366554165861 ) ) ;
#5303 = CARTESIAN_POINT ( 'NONE',  ( 1346.159619988271743, 883.7393344403703850, 101.9716224051093292 ) ) ;
#5304 = CARTESIAN_POINT ( 'NONE',  ( 997.0708371955653320, 244.3282101146123466, 65.89532800575976523 ) ) ;
#5305 = CARTESIAN_POINT ( 'NONE',  ( 1369.991234683928496, 595.9799924390952128, -107.4621024315076170 ) ) ;
#5306 = CARTESIAN_POINT ( 'NONE',  ( 1282.455182139029148, 642.4060034759145310, 78.58390663814721222 ) ) ;
#5307 = CARTESIAN_POINT ( 'NONE',  ( 579.4359003880614409, 2.806894471252819656, -11.51602678380817402 ) ) ;
#5308 = CARTESIAN_POINT ( 'NONE',  ( 1087.756148347402586, 352.6878390039195779, 85.62558697465551916 ) ) ;
#5309 = CARTESIAN_POINT ( 'NONE',  ( 846.1349771522966421, 95.58040871244865855, -25.09042262150546421 ) ) ;
#5310 = CARTESIAN_POINT ( 'NONE',  ( 1063.529432079399839, 216.1353515869927833, -78.57804567055714529 ) ) ;
#5311 = CARTESIAN_POINT ( 'NONE',  ( 1403.728509865594106, 663.1994222290992411, -106.5769304297618447 ) ) ;
#5312 = CARTESIAN_POINT ( 'NONE',  ( 618.4366262248596513, 17.16761896470081439, 27.12738368852482296 ) ) ;
#5313 = CARTESIAN_POINT ( 'NONE',  ( 618.4080607268938365, 18.48483470196341827, 19.50893845681380512 ) ) ;
#5314 = CARTESIAN_POINT ( 'NONE',  ( 1350.752093487937600, 634.3976264701764194, -24.91716077046946154 ) ) ;
#5315 = CARTESIAN_POINT ( 'NONE',  ( 995.6896670896068144, 250.7391174298521150, 66.33876022546922968 ) ) ;
#5316 = CARTESIAN_POINT ( 'NONE',  ( 676.4408387444379969, 22.84573876400107650, -26.77757230892346740 ) ) ;
#5317 = CARTESIAN_POINT ( 'NONE',  ( 559.9999999999998863, -6.317460961208395176, 2.103432413513753652 ) ) ;
#5318 = COORDINATED_UNIVERSAL_TIME_OFFSET ( 5, 30, .AHEAD. ) ;
#5319 = CARTESIAN_POINT ( 'NONE',  ( 789.8117422566034520, 74.00600666031083108, 21.11282902614005863 ) ) ;
#5320 = CARTESIAN_POINT ( 'NONE',  ( 1325.984634940360365, 548.0022929895073958, -76.60767693520017474 ) ) ;
#5321 = CARTESIAN_POINT ( 'NONE',  ( 1107.082248396608293, 283.6641750585521891, -13.69668194702727426 ) ) ;
#5322 = CARTESIAN_POINT ( 'NONE',  ( 618.4515031776791147, 15.87000140288051497, 9.794618527035947153 ) ) ;
#5323 = CARTESIAN_POINT ( 'NONE',  ( 903.7923214949415751, 107.7239105513765196, -57.80656753019994909 ) ) ;
#5324 = CARTESIAN_POINT ( 'NONE',  ( 1271.720578663653896, 665.6642715389984915, 95.64942389303033110 ) ) ;
#5325 = CARTESIAN_POINT ( 'NONE',  ( 1379.770494570769188, 936.3724125039259434, 66.51528230821126897 ) ) ;
#5326 = CARTESIAN_POINT ( 'NONE',  ( 1396.992239474378721, 675.5964620297362444, -90.70012066048424515 ) ) ;
#5327 = CARTESIAN_POINT ( 'NONE',  ( 1427.294368423417836, 745.2708304321049582, -87.56971538413034750 ) ) ;
#5328 = CARTESIAN_POINT ( 'NONE',  ( 842.4183771213987484, 125.8939653456874197, 54.88609036979537592 ) ) ;
#5329 = CARTESIAN_POINT ( 'NONE',  ( 1176.387303283969914, 450.0324195369879590, 72.73244132156210640 ) ) ;
#5330 = CARTESIAN_POINT ( 'NONE',  ( 1329.745893409037535, 539.8457089439140191, -91.34230310371330575 ) ) ;
#5331 = CARTESIAN_POINT ( 'NONE',  ( 1375.832306475889254, 833.1087745598844094, 46.46431039248381722 ) ) ;
#5332 = CARTESIAN_POINT ( 'NONE',  ( 1303.284097172354222, 597.2292585789952000, 2.982128303472260988 ) ) ;
#5333 = CARTESIAN_POINT ( 'NONE',  ( 1113.663541215411215, 260.1050603238393819, -76.64204988291440657 ) ) ;
#5334 = CARTESIAN_POINT ( 'NONE',  ( 958.1388784971187533, 141.3087130941688940, -51.07047888101440236 ) ) ;
#5335 = CARTESIAN_POINT ( 'NONE',  ( 618.7573010692349271, -1.485815328554918491, -26.07762775214967021 ) ) ;
#5336 = CARTESIAN_POINT ( 'NONE',  ( 1046.736768018382008, 284.2112273979219594, 46.25845563914202074 ) ) ;
#5337 = CARTESIAN_POINT ( 'NONE',  ( 1251.948693366554380, 414.2579243324888694, -97.72526870689027589 ) ) ;
#5338 = CARTESIAN_POINT ( 'NONE',  ( 618.7522778282369700, -1.232378569317440498, -27.12024964100175950 ) ) ;
#5339 = CARTESIAN_POINT ( 'NONE',  ( 1087.091506883737111, 355.0494417225460779, 82.73439640990953592 ) ) ;
#5340 = CARTESIAN_POINT ( 'NONE',  ( 675.8759383823837652, 36.59545931640916905, 31.86963390899776627 ) ) ;
#5341 = CARTESIAN_POINT ( 'NONE',  ( 579.4747295427971494, -2.609754773503303316, -25.93109610232314211 ) ) ;
#5342 = CARTESIAN_POINT ( 'NONE',  ( 1135.791957808962934, 391.0367087635510188, 68.51961221283012549 ) ) ;
#5343 = CARTESIAN_POINT ( 'NONE',  ( 733.6676798992843942, 45.02462196570677833, -19.82524116281513926 ) ) ;
#5344 = CARTESIAN_POINT ( 'NONE',  ( 676.8730901163521594, 12.90784080430546510, -21.12338036048114631 ) ) ;
#5345 = CARTESIAN_POINT ( 'NONE',  ( 732.4416801564586876, 63.40746772095234718, 41.51193907590795362 ) ) ;
#5346 = CARTESIAN_POINT ( 'NONE',  ( 733.6956248665120484, 44.60785829113032719, -21.23273860673394609 ) ) ;
#5347 = CARTESIAN_POINT ( 'NONE',  ( 1452.177785289842177, 822.5771408821169643, -90.67589361680843751 ) ) ;
#5348 = CARTESIAN_POINT ( 'NONE',  ( 1453.825096485630638, 927.3311301985540922, -52.28106892688732898 ) ) ;
#5349 = CARTESIAN_POINT ( 'NONE',  ( 1145.080098222306333, 361.4147826970680057, 7.507310897066772348 ) ) ;
#5350 = CARTESIAN_POINT ( 'NONE',  ( 618.4420150428119314, 16.86314207248866026, 26.70190483352944355 ) ) ;
#5351 = CARTESIAN_POINT ( 'NONE',  ( 1308.481065115586716, 718.7193647758937232, 75.83215993813786326 ) ) ;
#5352 = CARTESIAN_POINT ( 'NONE',  ( 1427.754559556389268, 860.9707433308585678, -20.68393309253663404 ) ) ;
#5353 = CARTESIAN_POINT ( 'NONE',  ( 1169.237204363590308, 470.4935342235726807, 88.69312970603488111 ) ) ;
#5354 = CARTESIAN_POINT ( 'NONE',  ( 1444.437948957760000, 905.5327617205970228, -46.33051080834554369 ) ) ;
#5355 = SHAPE_DEFINITION_REPRESENTATION ( #6411, #1843 ) ;
#5356 = CARTESIAN_POINT ( 'NONE',  ( 1373.429437058900021, 837.2111175637475071, 51.50890745286424277 ) ) ;
#5357 = CARTESIAN_POINT ( 'NONE',  ( 1058.892737174731110, 234.9053852023238562, -48.24630974120194082 ) ) ;
#5358 = CARTESIAN_POINT ( 'NONE',  ( 955.4369099039926141, 156.1139229404937225, -6.944686251612504968 ) ) ;
#5359 = CARTESIAN_POINT ( 'NONE',  ( 1320.589989617204765, 694.5596492040518797, 44.12132231505852076 ) ) ;
#5360 = CARTESIAN_POINT ( 'NONE',  ( 560.0000000000002274, -8.144786650512832793, -22.52682448354710232 ) ) ;
#5361 = CARTESIAN_POINT ( 'NONE',  ( 579.3786604449886681, 10.66013614139839305, 21.35806300629691989 ) ) ;
#5362 = CARTESIAN_POINT ( 'NONE',  ( 618.6225704402227166, 5.831442062501385415, -27.80895834518072363 ) ) ;
#5363 = CARTESIAN_POINT ( 'NONE',  ( 1322.354564288043321, 812.9860590399644025, 111.7713114517328989 ) ) ;
#5364 = CARTESIAN_POINT ( 'NONE',  ( 1338.237961491468923, 783.7566143996270966, 78.25749379541804274 ) ) ;
#5365 = CARTESIAN_POINT ( 'NONE',  ( 1448.869270832488155, 934.6498901144569800, -43.08329542257513367 ) ) ;
#5366 = CARTESIAN_POINT ( 'NONE',  ( 733.6901841975690104, 44.94770795206733283, 13.03913998662495644 ) ) ;
#5367 = CARTESIAN_POINT ( 'NONE',  ( 1230.630469444942719, 469.6088968794678635, 0.2657699818846757100 ) ) ;
#5368 = CARTESIAN_POINT ( 'NONE',  ( 1450.106534277156925, 932.8227003103720563, -40.76438463103729504 ) ) ;
#5369 = CARTESIAN_POINT ( 'NONE',  ( 1407.072196241730808, 996.3757811216997879, 41.02675555568244903 ) ) ;
#5370 = CARTESIAN_POINT ( 'NONE',  ( 1447.450847866024787, 900.9578453337259134, -46.54840289175677981 ) ) ;
#5371 = CARTESIAN_POINT ( 'NONE',  ( 843.0465854801719843, 120.7345146894391803, 36.72636039011898390 ) ) ;
#5372 = CARTESIAN_POINT ( 'NONE',  ( 1161.828894994482425, 308.0601221544476402, -90.49833096014810963 ) ) ;
#5373 = CARTESIAN_POINT ( 'NONE',  ( 1332.954430241928094, 532.9066874321425757, -91.48513145746392183 ) ) ;
#5374 = CARTESIAN_POINT ( 'NONE',  ( 732.3114232006976181, 65.31061793436622054, 42.81626944595235074 ) ) ;
#5375 = CARTESIAN_POINT ( 'NONE',  ( 618.4474497917727831, 16.55563544685098876, 26.25765553268378838 ) ) ;
#5376 = CARTESIAN_POINT ( 'NONE',  ( 734.1875512912989734, 37.33613880335690283, -41.34438591118572504 ) ) ;
#5377 = CARTESIAN_POINT ( 'NONE',  ( 1402.458529687637792, 969.2914235256582742, 47.77292366923781941 ) ) ;
#5378 = CARTESIAN_POINT ( 'NONE',  ( 1440.638960490372256, 946.8044067668156458, -24.20660433714663640 ) ) ;
#5379 = CARTESIAN_POINT ( 'NONE',  ( 1287.364594884239750, 487.0107697413982919, -52.13662752446077775 ) ) ;
#5380 = CARTESIAN_POINT ( 'NONE',  ( 1238.814589182301916, 601.8883973989866263, 108.7192666862870993 ) ) ;
#5381 = CARTESIAN_POINT ( 'NONE',  ( 1352.910387728262776, 630.0671433144938192, -49.76260819169025496 ) ) ;
#5382 = CARTESIAN_POINT ( 'NONE',  ( 579.4857358060869501, -4.145956475691502163, -25.97090644225911760 ) ) ;
#5383 = CARTESIAN_POINT ( 'NONE',  ( 791.6564082317476050, 54.36045308543863541, -47.50371887210071264 ) ) ;
#5384 = CARTESIAN_POINT ( 'NONE',  ( 676.0401128959316566, 32.46289686504917427, 6.977890085733579717 ) ) ;
#5385 = CARTESIAN_POINT ( 'NONE',  ( 1274.529093690197215, 659.5854885015813807, 98.53031298636005886 ) ) ;
#5386 = CARTESIAN_POINT ( 'NONE',  ( 559.9999999999998863, 5.327413152687130449, 16.86230588811901043 ) ) ;
#5387 = CARTESIAN_POINT ( 'NONE',  ( 1155.657603443838525, 327.7793532417861115, -26.48891523984693919 ) ) ;
#5388 = CARTESIAN_POINT ( 'NONE',  ( 1087.453858244454977, 353.7519414409167098, 78.71217924693311829 ) ) ;
#5389 = CARTESIAN_POINT ( 'NONE',  ( 618.5878245650828831, 7.786406793624253808, -22.24093662867894139 ) ) ;
#5390 = CARTESIAN_POINT ( 'NONE',  ( 1326.229218063083636, 683.3244414772125310, 43.62127391097374840 ) ) ;
#5391 = CARTESIAN_POINT ( 'NONE',  ( 618.5731354240349447, 8.630639460870309421, -19.12266881445843936 ) ) ;
#5392 = CARTESIAN_POINT ( 'NONE',  ( 676.8326343108210494, 13.90929159438125851, -14.47268617858007822 ) ) ;
#5393 = CARTESIAN_POINT ( 'NONE',  ( 579.3962573331563135, 8.246399138010229279, 11.87517679542490789 ) ) ;
#5394 = CARTESIAN_POINT ( 'NONE',  ( 1407.072196241730808, 996.3757811216997879, 41.02675555568244903 ) ) ;
#5395 = CARTESIAN_POINT ( 'NONE',  ( 956.6026066466821476, 149.6162697756336968, -57.84288902877862881 ) ) ;
#5396 = CARTESIAN_POINT ( 'NONE',  ( 1402.720915065009649, 1002.801750170623222, 53.11572822288079010 ) ) ;
#5397 = CARTESIAN_POINT ( 'NONE',  ( 1282.455182139029148, 642.4060034759145310, 78.58390663814721222 ) ) ;
#5398 = CARTESIAN_POINT ( 'NONE',  ( 1421.679263537986117, 754.8484528800797762, -79.95478436295687175 ) ) ;
#5399 = CARTESIAN_POINT ( 'NONE',  ( 1004.081574904609738, 211.6636546122828690, 20.06176982236992856 ) ) ;
#5400 = CARTESIAN_POINT ( 'NONE',  ( 1427.581927803331837, 966.0870236582966299, 2.685245388160200086 ) ) ;
#5401 = CARTESIAN_POINT ( 'NONE',  ( 618.7594509386417485, -1.592410756449452292, -25.55294450751567226 ) ) ;
#5402 = CARTESIAN_POINT ( 'NONE',  ( 560.0000000000000000, 6.120543844398417477, 19.88703816067348029 ) ) ;
#5403 = CARTESIAN_POINT ( 'NONE',  ( 1397.467227237866609, 674.7337002904810106, -79.41169859576301349 ) ) ;
#5404 = CARTESIAN_POINT ( 'NONE',  ( 732.5803700595262171, 61.26333070716970752, 28.63496442974838274 ) ) ;
#5405 = CARTESIAN_POINT ( 'NONE',  ( 1161.422190650765060, 309.3514803027011340, -89.52917750299657484 ) ) ;
#5406 = CARTESIAN_POINT ( 'NONE',  ( 1294.064002865796283, 471.1402907549002066, -88.96962504838984387 ) ) ;
#5407 = CARTESIAN_POINT ( 'NONE',  ( 579.3796947619537150, 10.46892785813887450, 26.07108774097994086 ) ) ;
#5408 = CARTESIAN_POINT ( 'NONE',  ( 1132.162493119319379, 402.5891150831982941, 82.55674306372756632 ) ) ;
#5409 = CARTESIAN_POINT ( 'NONE',  ( 618.6359557578007298, 5.092245943531361618, -29.25861994486654183 ) ) ;
#5410 = CARTESIAN_POINT ( 'NONE',  ( 579.4272372124138428, 3.838725145296999486, 15.95035402063696850 ) ) ;
#5411 = CARTESIAN_POINT ( 'NONE',  ( 1277.272978075469609, 510.8627765219808907, -31.03623688666929681 ) ) ;
#5412 = CARTESIAN_POINT ( 'NONE',  ( 618.7689626344624685, -1.971160893920121948, -18.56959492327219508 ) ) ;
#5413 = CARTESIAN_POINT ( 'NONE',  ( 1239.639962789906804, 599.9363424563539411, 106.5623257295338675 ) ) ;
#5414 = CARTESIAN_POINT ( 'NONE',  ( 1405.106614093865346, 783.1384704286620035, -34.77584413697001509 ) ) ;
#5415 = CARTESIAN_POINT ( 'NONE',  ( 1371.619998071763575, 592.7359298920838455, -108.8737141707910894 ) ) ;
#5416 = CARTESIAN_POINT ( 'NONE',  ( 1296.033119497634289, 466.4661567656241914, -106.1225645983411709 ) ) ;
#5417 = CARTESIAN_POINT ( 'NONE',  ( 676.0992586483520199, 31.03668783314127211, 2.139145296784818573 ) ) ;
#5418 = CARTESIAN_POINT ( 'NONE',  ( 788.4730066289820343, 88.11110269124503702, 42.16079171268924597 ) ) ;
#5419 = CARTESIAN_POINT ( 'NONE',  ( 1248.843134111138397, 578.1487192054506750, 68.37242314420637967 ) ) ;
#5420 = CARTESIAN_POINT ( 'NONE',  ( 1354.831451042267645, 626.2568190890167443, -38.17703058174262765 ) ) ;
#5421 = CARTESIAN_POINT ( 'NONE',  ( 895.1219464475703944, 164.5831191999743055, 62.41673331464569685 ) ) ;
#5422 = CARTESIAN_POINT ( 'NONE',  ( 787.8946822984812570, 94.16782244097771581, 45.78910190160047478 ) ) ;
#5423 = CARTESIAN_POINT ( 'NONE',  ( 559.9999999999998863, -1.985025962255812404, -15.76494136237309007 ) ) ;
#5424 = CARTESIAN_POINT ( 'NONE',  ( 1148.122003746524115, 351.7815134024313011, 14.10857817752851240 ) ) ;
#5425 = CARTESIAN_POINT ( 'NONE',  ( 1007.647429230412058, 194.9294994222073854, -42.40405749515566924 ) ) ;
#5426 = CARTESIAN_POINT ( 'NONE',  ( 847.4294502815678243, 85.23285617038659723, -13.35159151710800529 ) ) ;
#5427 = CARTESIAN_POINT ( 'NONE',  ( 560.0000000000001137, 3.865098188793242073, 10.66587456604786155 ) ) ;
#5428 = CARTESIAN_POINT ( 'NONE',  ( 1396.338800144429797, 978.5850390219770816, 52.58259339213509520 ) ) ;
#5429 = CARTESIAN_POINT ( 'NONE',  ( 1444.576158539179687, 834.5251853275052554, -74.36601535155881493 ) ) ;
#5430 = CARTESIAN_POINT ( 'NONE',  ( 1429.855864672166490, 962.7288752544341150, -1.812425124889101902 ) ) ;
#5431 = CARTESIAN_POINT ( 'NONE',  ( 1206.554517973357179, 532.1207279822773444, 100.3623823408150884 ) ) ;
#5432 = CARTESIAN_POINT ( 'NONE',  ( 579.4206186641847580, 4.761309809134983695, 17.47212886608639693 ) ) ;
#5433 = CARTESIAN_POINT ( 'NONE',  ( 1158.258762314694422, 319.4241019507154533, -71.44999293484256953 ) ) ;
#5434 = CARTESIAN_POINT ( 'NONE',  ( 1333.856639886117819, 668.1079729619440286, 23.54200323748414903 ) ) ;
#5435 = CARTESIAN_POINT ( 'NONE',  ( 618.4854435022530197, 13.82854633287802670, 1.788350252954534758 ) ) ;
#5436 = CARTESIAN_POINT ( 'NONE',  ( 676.8428617747130147, 13.49914766210045691, -32.40326657189126536 ) ) ;
#5437 = CARTESIAN_POINT ( 'NONE',  ( 1243.306371811595909, 591.2515365051536946, 86.09348813984924220 ) ) ;
#5438 = CARTESIAN_POINT ( 'NONE',  ( 958.1690931061282299, 141.1409150680103153, -52.25532802507752450 ) ) ;
#5439 = CARTESIAN_POINT ( 'NONE',  ( 843.1284637056111251, 120.0679269479030182, 35.27130340168646683 ) ) ;
#5440 = CARTESIAN_POINT ( 'NONE',  ( 1062.836338729088766, 218.9268855160640612, -78.75198150111178563 ) ) ;
#5441 = CARTESIAN_POINT ( 'NONE',  ( 958.2332079651225740, 140.7788282415365018, -56.81210145930047872 ) ) ;
#5442 = CARTESIAN_POINT ( 'NONE',  ( 1128.957186711115128, 412.7858964256085983, 92.90356613884097214 ) ) ;
#5443 = CARTESIAN_POINT ( 'NONE',  ( 579.3979028899512969, 7.929764788388594887, 22.32569783963378995 ) ) ;
#5444 = CARTESIAN_POINT ( 'NONE',  ( 676.5610972410080421, 20.02177393778606529, -34.01443947512691324 ) ) ;
#5445 = CARTESIAN_POINT ( 'NONE',  ( 1317.073661312598233, 701.5889336426400860, 66.53142365784168533 ) ) ;
#5446 = CARTESIAN_POINT ( 'NONE',  ( 1194.571410184441447, 397.9033186012455303, -22.72157284257840004 ) ) ;
#5447 = CARTESIAN_POINT ( 'NONE',  ( 1159.927368291697121, 314.1667079087031311, -57.48991128955496777 ) ) ;
#5448 = CARTESIAN_POINT ( 'NONE',  ( 618.4092923502972781, 18.71562936112033881, 29.21356095424764376 ) ) ;
#5449 = CARTESIAN_POINT ( 'NONE',  ( 1278.730520228060868, 507.4127113613778874, -36.77026499557212702 ) ) ;
#5450 = CARTESIAN_POINT ( 'NONE',  ( 1063.221129692279419, 217.3744119377710149, -79.18601201974439618 ) ) ;
#5451 = CARTESIAN_POINT ( 'NONE',  ( 847.9969353109601116, 80.47467500112703931, -54.17536859170664343 ) ) ;
#5452 = CARTESIAN_POINT ( 'NONE',  ( 1355.071767458803379, 868.5350399788075038, 88.28674670809425606 ) ) ;
#5453 = CARTESIAN_POINT ( 'NONE',  ( 1310.418588844151827, 714.8537143029153640, 70.89626279258044406 ) ) ;
#5454 = CARTESIAN_POINT ( 'NONE',  ( 1386.699216115416448, 694.5613428302194734, -42.56705429354506975 ) ) ;
#5455 = CARTESIAN_POINT ( 'NONE',  ( 1368.749397240589815, 953.6913732628818252, 93.29634362628449651 ) ) ;
#5456 = CARTESIAN_POINT ( 'NONE',  ( 1393.059673508533933, 983.5654018606519458, 57.92843851894073026 ) ) ;
#5457 = CARTESIAN_POINT ( 'NONE',  ( 1155.731696709238122, 327.4758300867327421, -54.68497750131966484 ) ) ;
#5458 = CARTESIAN_POINT ( 'NONE',  ( 1058.603959690738520, 236.0767455610793775, -45.60775508129967193 ) ) ;
#5459 = CARTESIAN_POINT ( 'NONE',  ( 1353.001860812176574, 629.9080942115627977, -32.10857680037236861 ) ) ;
#5460 = CARTESIAN_POINT ( 'NONE',  ( 1218.760923483001079, 500.4247505641278053, 46.95223843912000206 ) ) ;
#5461 = EDGE_CURVE ( 'NONE', #1649, #1684, #814, .T. ) ;
#5462 = CARTESIAN_POINT ( 'NONE',  ( 732.4365819379253253, 63.41025609536033159, 34.40073166569885643 ) ) ;
#5463 = CARTESIAN_POINT ( 'NONE',  ( 1204.274548058044047, 370.0959065408928836, -75.48121784866947337 ) ) ;
#5464 = CARTESIAN_POINT ( 'NONE',  ( 1366.842576537609602, 731.0995212642316119, -3.643350921535865261 ) ) ;
#5465 = CARTESIAN_POINT ( 'NONE',  ( 950.2730774811864194, 184.3059101397138306, 40.10069888118788839 ) ) ;
#5466 = CARTESIAN_POINT ( 'NONE',  ( 1110.075529112740469, 272.8864693456068267, -65.80405651323059146 ) ) ;
#5467 = CARTESIAN_POINT ( 'NONE',  ( 579.4762307392771845, -2.980968699254484378, 2.467772284892600698 ) ) ;
#5468 = CARTESIAN_POINT ( 'NONE',  ( 676.0992586483520199, 31.03668783314127211, 2.139145296784818573 ) ) ;
#5469 = CARTESIAN_POINT ( 'NONE',  ( 791.7859224659148367, 53.05728188144559709, -41.20054571926581843 ) ) ;
#5470 = CARTESIAN_POINT ( 'NONE',  ( 579.3786604449886681, 10.66013614139839305, 21.35806300629691989 ) ) ;
#5471 = CARTESIAN_POINT ( 'NONE',  ( 734.1253726943309630, 38.49748975382007643, -0.1349831746029342416 ) ) ;
#5472 = CARTESIAN_POINT ( 'NONE',  ( 1311.703520680775000, 712.2900526778167887, 67.56683321080672044 ) ) ;
#5473 = CARTESIAN_POINT ( 'NONE',  ( 902.6502454983603911, 115.1601485593273395, -56.87412409962069404 ) ) ;
#5474 = CARTESIAN_POINT ( 'NONE',  ( 579.5017202080813377, -6.412983239942314562, -23.03374249915768601 ) ) ;
#5475 = CARTESIAN_POINT ( 'NONE',  ( 1321.907564714830187, 813.8082453451354468, 110.7448940489158815 ) ) ;
#5476 = CARTESIAN_POINT ( 'NONE',  ( 1210.490802316787722, 521.9074172495070343, 88.15459836199464405 ) ) ;
#5477 = CARTESIAN_POINT ( 'NONE',  ( 1367.673444291658825, 600.6031786634140417, -101.0335561247224376 ) ) ;
#5478 = CARTESIAN_POINT ( 'NONE',  ( 1049.013771974136944, 275.0299591154285963, 47.95441972696332300 ) ) ;
#5479 = CARTESIAN_POINT ( 'NONE',  ( 953.5042951810694376, 166.5542128468611338, -16.99808816043585580 ) ) ;
#5480 = CARTESIAN_POINT ( 'NONE',  ( 1248.706831274238539, 422.7133551221784273, -60.53451861040979765 ) ) ;
#5481 = CARTESIAN_POINT ( 'NONE',  ( 579.5083070408186359, -7.384812567746329215, -16.46641122702060045 ) ) ;
#5482 = CARTESIAN_POINT ( 'NONE',  ( 1392.906572012972902, 983.7990873771019551, 64.08393705156416331 ) ) ;
#5483 = CARTESIAN_POINT ( 'NONE',  ( 1277.272978075469609, 510.8627765219808907, -31.03623688666929681 ) ) ;
#5484 = CARTESIAN_POINT ( 'NONE',  ( 1113.783317196909138, 259.6562975596924048, -85.28954745774798596 ) ) ;
#5485 = CARTESIAN_POINT ( 'NONE',  ( 1453.484570167865286, 891.7938292723990799, -66.15319809807037643 ) ) ;
#5486 = CARTESIAN_POINT ( 'NONE',  ( 897.8933864678107284, 146.3668918993489854, 19.13086708466408581 ) ) ;
#5487 = CARTESIAN_POINT ( 'NONE',  ( 1045.651183373095819, 288.6490958339529698, 65.89200009373026035 ) ) ;
#5488 = CARTESIAN_POINT ( 'NONE',  ( 842.9813609677258910, 121.2656637790628622, 37.87700420070142115 ) ) ;
#5489 = CARTESIAN_POINT ( 'NONE',  ( 1442.423967248092595, 944.1683100147569121, -21.16422773189052009 ) ) ;
#5490 = CARTESIAN_POINT ( 'NONE',  ( 1390.154484030092590, 987.9782366796807764, 67.66617608045153531 ) ) ;
#5491 = CARTESIAN_POINT ( 'NONE',  ( 1129.216257644715142, 411.9558167768512931, 88.20772632261143542 ) ) ;
#5492 = CARTESIAN_POINT ( 'NONE',  ( 1008.304985093444202, 191.8608561198882683, -49.69836298201062874 ) ) ;
#5493 = CARTESIAN_POINT ( 'NONE',  ( 1060.200803148077512, 229.6921800288357076, -27.59263430380597981 ) ) ;
#5494 = CARTESIAN_POINT ( 'NONE',  ( 1372.885238879877988, 838.1304282601519162, 40.90187177141861952 ) ) ;
#5495 = CARTESIAN_POINT ( 'NONE',  ( 1355.696459656622437, 867.4633966251140009, 77.82359174586103734 ) ) ;
#5496 = CARTESIAN_POINT ( 'NONE',  ( 1158.258762314694422, 319.4241019507154533, -71.44999293484256953 ) ) ;
#5497 = CARTESIAN_POINT ( 'NONE',  ( 1423.166084378803362, 972.6083381903844156, 17.79540996239503059 ) ) ;
#5498 = CARTESIAN_POINT ( 'NONE',  ( 898.1318735210570594, 144.8964157850066670, 36.14460999191130242 ) ) ;
#5499 = CARTESIAN_POINT ( 'NONE',  ( 1110.462077823699019, 271.5051634678893606, -68.64623312467483629 ) ) ;
#5500 = CARTESIAN_POINT ( 'NONE',  ( 1359.495092092783807, 744.6355712279864747, 29.78130335378829940 ) ) ;
#5501 = CARTESIAN_POINT ( 'NONE',  ( 1052.291298076777593, 261.6826432527410020, 6.058152864796116255 ) ) ;
#5502 = CARTESIAN_POINT ( 'NONE',  ( 1293.812984467067508, 471.7354882342505107, -87.23971666416257165 ) ) ;
#5503 = CARTESIAN_POINT ( 'NONE',  ( 1329.946449707913871, 799.0110499098278751, 86.26521560461289084 ) ) ;
#5504 = CARTESIAN_POINT ( 'NONE',  ( 1236.685391156733431, 453.9294531241489494, -3.384834653907400348 ) ) ;
#5505 = CARTESIAN_POINT ( 'NONE',  ( 1385.432379518695598, 927.4754534295466328, 55.67686130284062074 ) ) ;
#5506 = CARTESIAN_POINT ( 'NONE',  ( 1452.436316890064518, 929.3820789500733781, -51.33068133891721629 ) ) ;
#5507 = CARTESIAN_POINT ( 'NONE',  ( 1400.388779365349592, 669.3524082641905579, -91.26725390783829539 ) ) ;
#5508 = CARTESIAN_POINT ( 'NONE',  ( 1168.270106784294512, 473.2706095020138832, 99.01382772360413753 ) ) ;
#5509 = CARTESIAN_POINT ( 'NONE',  ( 1305.567445932374767, 724.5411419575730179, 93.75938718372231051 ) ) ;
#5510 = CARTESIAN_POINT ( 'NONE',  ( 1061.581951456147635, 224.0037007830019320, -73.32552498304873723 ) ) ;
#5511 = PLANE ( 'NONE',  #6153 ) ;
#5512 = CARTESIAN_POINT ( 'NONE',  ( 559.9999999999997726, -0.6955490952708186514, 13.52363734026208242 ) ) ;
#5513 = CARTESIAN_POINT ( 'NONE',  ( 733.4356910042271238, 48.48755949758086814, -8.607270598601862943 ) ) ;
#5514 = CARTESIAN_POINT ( 'NONE',  ( 1289.592055731419123, 481.7359356123404268, -63.07939252808576924 ) ) ;
#5515 = CARTESIAN_POINT ( 'NONE',  ( 1288.866001654927913, 483.4554436329049167, -59.41340170034087720 ) ) ;
#5516 = CARTESIAN_POINT ( 'NONE',  ( 1403.311972514946547, 1001.928876935104881, 52.00895764798565324 ) ) ;
#5517 = CARTESIAN_POINT ( 'NONE',  ( 1347.260912937769490, 641.3413078070321944, -31.82291411532971992 ) ) ;
#5518 = CARTESIAN_POINT ( 'NONE',  ( 1430.515050424767651, 739.7677963937032928, -102.2524199641281797 ) ) ;
#5519 = CARTESIAN_POINT ( 'NONE',  ( 618.6963069921395117, 1.728794762202598312, -31.44164228283755236 ) ) ;
#5520 = CARTESIAN_POINT ( 'NONE',  ( 1001.322478053516761, 224.4517085506537910, 19.41724098571205204 ) ) ;
#5521 = CARTESIAN_POINT ( 'NONE',  ( 1091.017319067173958, 341.0436505242568614, 71.05961238922030532 ) ) ;
#5522 = CARTESIAN_POINT ( 'NONE',  ( 896.0099187202325766, 158.7301231902261804, 44.98248004873726558 ) ) ;
#5523 = CARTESIAN_POINT ( 'NONE',  ( 956.9845611254254436, 147.6493740517204856, -26.71671131888707151 ) ) ;
#5524 = CARTESIAN_POINT ( 'NONE',  ( 842.2617396779128285, 127.1553604553854484, 55.94111280667914343 ) ) ;
#5525 = CARTESIAN_POINT ( 'NONE',  ( 618.3668999489557336, 21.06762862248073986, 31.53345286066423014 ) ) ;
#5526 = CARTESIAN_POINT ( 'NONE',  ( 1008.085833948297818, 192.8835013997859278, -47.26633049234205686 ) ) ;
#5527 = CARTESIAN_POINT ( 'NONE',  ( 902.8611749764542083, 113.9118770797504965, -21.83034155141222499 ) ) ;
#5528 = CARTESIAN_POINT ( 'NONE',  ( 675.8861307660336024, 36.17706632479678319, 19.03147742449924706 ) ) ;
#5529 = CARTESIAN_POINT ( 'NONE',  ( 1395.798616512880017, 979.4054701365715800, 53.58252800024769869 ) ) ;
#5530 = CARTESIAN_POINT ( 'NONE',  ( 1248.761458245532140, 422.5316004191784600, -82.42490895329524392 ) ) ;
#5531 = CARTESIAN_POINT ( 'NONE',  ( 1409.674359885970034, 992.5329076416763883, 36.40477551489350816 ) ) ;
#5532 = CARTESIAN_POINT ( 'NONE',  ( 1218.810033330959641, 500.3209419899278032, 61.63794267439871533 ) ) ;
#5533 = CARTESIAN_POINT ( 'NONE',  ( 1060.174660478466421, 229.7066094202556883, -60.14561129509827708 ) ) ;
#5534 = CARTESIAN_POINT ( 'NONE',  ( 1387.227573242397739, 813.6646916791274862, 21.69713327372404876 ) ) ;
#5535 = CARTESIAN_POINT ( 'NONE',  ( 899.1787237085538891, 137.9284444871101414, 0.1316432339880979629 ) ) ;
#5536 = CARTESIAN_POINT ( 'NONE',  ( 560.0000000000004547, -8.916703232767295262, -21.12132375526255501 ) ) ;
#5537 = CARTESIAN_POINT ( 'NONE',  ( 1275.287716364884318, 657.9309816450886501, 86.73552109766620788 ) ) ;
#5538 = CARTESIAN_POINT ( 'NONE',  ( 1372.931525106647996, 719.9049914146009996, -3.879747623254871769 ) ) ;
#5539 = CARTESIAN_POINT ( 'NONE',  ( 560.0000000000003411, 5.235153338099665099, 16.47245059095205377 ) ) ;
#5540 = CARTESIAN_POINT ( 'NONE',  ( 579.4698072190692528, -1.918740238602596238, -25.37645883032164207 ) ) ;
#5541 = B_SPLINE_CURVE_WITH_KNOTS ( 'NONE', 3,
 ( #125, #739, #6233, #6854, #5654, #1902, #6197, #5115, #6159, #4568, #5617, #2332, #3382, #665, #2948, #1280, #1830, #3991, #4102, #1243, #1169, #4606, #5580, #5077, #2837, #4529, #5039, #1791 ),
 .UNSPECIFIED., .F., .F.,
 ( 4, 1, 1, 1, 1, 1, 1, 1, 1, 1, 1, 1, 1, 1, 1, 1, 1, 1, 1, 1, 1, 1, 1, 1, 1, 4 ),
 ( 0.2599999633751446382, 0.2702760459425869177, 0.2910662295506090680, 0.3118550415072448567, 0.3326434147795221397, 0.3534318449294781006, 0.3742201675632326752, 0.3950076933346278740, 0.4157935952912851230, 0.4365774012314543873, 0.4573565843599973757, 0.4781192635245508082, 0.4987738095781769632, 0.5184052409794653871, 0.5388669941603475566, 0.5596267864016435389, 0.5804112418623718073, 0.6012002357046540846, 0.6219905565956505011, 0.6427813126785675291, 0.6635722533073858953, 0.6843632302402606893, 0.7051541765795813488, 0.7259451413986073298, 0.7467361040943354400, 0.7599999998936215473 ),
 .UNSPECIFIED. ) ;
#5542 = CARTESIAN_POINT ( 'NONE',  ( 1296.631412067577912, 742.3636612921113738, 111.4392051006040276 ) ) ;
#5543 = CARTESIAN_POINT ( 'NONE',  ( 788.6794503914393317, 85.93767795756539840, 39.19363641884083904 ) ) ;
#5544 = CARTESIAN_POINT ( 'NONE',  ( 1368.326016575632593, 599.3010625363062900, -103.0398389413020510 ) ) ;
#5545 = CARTESIAN_POINT ( 'NONE',  ( 1103.544406740561499, 296.3051824696424319, 7.882694255520739546 ) ) ;
#5546 = CARTESIAN_POINT ( 'NONE',  ( 1414.057032848303379, 986.0605792253404616, 34.05192278177694476 ) ) ;
#5547 = CARTESIAN_POINT ( 'NONE',  ( 676.2737887763968274, 26.83624568356308160, -12.40157788312937193 ) ) ;
#5548 = CARTESIAN_POINT ( 'NONE',  ( 957.7471804427872257, 143.4674853909208139, -40.45945330271580076 ) ) ;
#5549 = CARTESIAN_POINT ( 'NONE',  ( 1419.540280063470618, 758.5124162417298521, -60.89422448697775536 ) ) ;
#5550 = CARTESIAN_POINT ( 'NONE',  ( 1392.200658332221565, 984.8712255786560945, 65.44535992843925953 ) ) ;
#5551 = ADVANCED_FACE ( 'NONE', ( #7135 ), #1386, .T. ) ;
#5552 = CARTESIAN_POINT ( 'NONE',  ( 1380.951158507909895, 705.1284051082457154, -41.80077920137363634 ) ) ;
#5553 = CARTESIAN_POINT ( 'NONE',  ( 1011.265807787755421, 178.0689446393930098, -72.95647409878171175 ) ) ;
#5554 = CARTESIAN_POINT ( 'NONE',  ( 1162.578246376753668, 305.6853810214290661, -90.99385637936237003 ) ) ;
#5555 = CARTESIAN_POINT ( 'NONE',  ( 950.2219650239736666, 184.5065980614683099, 21.21988744875012145 ) ) ;
#5556 = CARTESIAN_POINT ( 'NONE',  ( 1210.958529015718796, 520.6938439906277836, 86.72729984085437138 ) ) ;
#5557 = CARTESIAN_POINT ( 'NONE',  ( 675.7803129485441787, 38.72897644899227743, 26.82049731641464518 ) ) ;
#5558 = CARTESIAN_POINT ( 'NONE',  ( 1246.853797441076722, 427.5274505807213927, -50.02181625909167906 ) ) ;
#5559 = CARTESIAN_POINT ( 'NONE',  ( 1390.202525410647468, 987.9051829130066835, 67.13861949469492174 ) ) ;
#5560 = CARTESIAN_POINT ( 'NONE',  ( 1286.551319676086450, 488.8996519302277761, -69.48674799188395923 ) ) ;
#5561 = CARTESIAN_POINT ( 'NONE',  ( 1336.351791102402103, 663.1299136290733713, 16.76339348440265553 ) ) ;
#5562 = CARTESIAN_POINT ( 'NONE',  ( 1170.350486734675542, 467.3177430619595043, 93.52657733486114466 ) ) ;
#5563 = CARTESIAN_POINT ( 'NONE',  ( 957.1280830216337563, 146.8632773171489418, -28.97583601720488389 ) ) ;
#5564 = CARTESIAN_POINT ( 'NONE',  ( 1136.740887847394788, 387.9828298812188336, 50.46053629624979919 ) ) ;
#5565 = CARTESIAN_POINT ( 'NONE',  ( 618.3728346064598327, 20.59656716623735306, 26.67631588347893512 ) ) ;
#5566 = CARTESIAN_POINT ( 'NONE',  ( 676.4952296980119399, 21.56369252261742275, -30.56988018334683233 ) ) ;
#5567 = CARTESIAN_POINT ( 'NONE',  ( 579.4170092845030240, 5.402588392242187787, -0.2480255208739511052 ) ) ;
#5568 = CARTESIAN_POINT ( 'NONE',  ( 1284.871838081526676, 637.1677620720788582, 72.24712173513334790 ) ) ;
#5569 = CARTESIAN_POINT ( 'NONE',  ( 676.4515442937280341, 22.59261667683971098, -27.58179717511147544 ) ) ;
#5570 = CARTESIAN_POINT ( 'NONE',  ( 1269.635145779692721, 528.9726715136339408, 16.25223801195849305 ) ) ;
#5571 = CARTESIAN_POINT ( 'NONE',  ( 579.4053265362200591, 7.004032316762487831, 6.686820088957448505 ) ) ;
#5572 = CARTESIAN_POINT ( 'NONE',  ( 1063.173478089768423, 217.6064867742576610, -65.49644128027678391 ) ) ;
#5573 = CARTESIAN_POINT ( 'NONE',  ( 1242.794390023154392, 592.4630826156947023, 87.63764302311996346 ) ) ;
#5574 = CARTESIAN_POINT ( 'NONE',  ( 791.1220887908951909, 60.17347637047042497, -5.932254596048049500 ) ) ;
#5575 = CARTESIAN_POINT ( 'NONE',  ( 1278.759646824804804, 650.4035010238059158, 76.75664794872963625 ) ) ;
#5576 = CARTESIAN_POINT ( 'NONE',  ( 1333.160721775056572, 532.4402749934217809, -104.2551557979593326 ) ) ;
#5577 = CARTESIAN_POINT ( 'NONE',  ( 732.4024878081839915, 63.98505098605754426, 42.36940536593574791 ) ) ;
#5578 = CARTESIAN_POINT ( 'NONE',  ( 1245.399785348913383, 586.3107103106063960, 90.29781477436404202 ) ) ;
#5579 = CARTESIAN_POINT ( 'NONE',  ( 1206.156331925722725, 364.7043702133263992, -86.71198157920440508 ) ) ;
#5580 = CARTESIAN_POINT ( 'NONE',  ( 560.0000000000000000, -0.1738350966252008856, -7.751571006375208128 ) ) ;
#5581 = CARTESIAN_POINT ( 'NONE',  ( 789.2124396876639594, 80.32255797739531999, 31.09992741597307742 ) ) ;
#5582 = CARTESIAN_POINT ( 'NONE',  ( 1148.278769569372344, 351.2234620704850272, -9.963950042088452363 ) ) ;
#5583 = CARTESIAN_POINT ( 'NONE',  ( 1420.651184943886619, 756.6156499724855848, -64.41474861041727706 ) ) ;
#5584 = CARTESIAN_POINT ( 'NONE',  ( 559.9999999999998863, -10.05744176919433919, -14.88641580652834584 ) ) ;
#5585 = CARTESIAN_POINT ( 'NONE',  ( 1426.621123461766047, 932.5923743685035561, -6.407547436238389515 ) ) ;
#5586 = CARTESIAN_POINT ( 'NONE',  ( 676.6977111371755882, 16.82428295224552173, -36.67621250064389926 ) ) ;
#5587 = CARTESIAN_POINT ( 'NONE',  ( 560.0000000000003411, -6.118257290190900477, -23.38344798477131192 ) ) ;
#5588 = CARTESIAN_POINT ( 'NONE',  ( 676.0101081993859680, 33.18677446978770718, 9.395074397619767481 ) ) ;
#5589 = CARTESIAN_POINT ( 'NONE',  ( 1210.490802316787722, 521.9074172495070343, 88.15459836199464405 ) ) ;
#5590 = CARTESIAN_POINT ( 'NONE',  ( 676.3982698714538628, 23.85642737524917223, -23.35489061868629790 ) ) ;
#5591 = CARTESIAN_POINT ( 'NONE',  ( 1399.028042315785115, 974.5006047133614402, 47.52180434924093078 ) ) ;
#5592 = CARTESIAN_POINT ( 'NONE',  ( 1437.541469001668474, 845.5880543076721096, -44.88338457780229618 ) ) ;
#5593 = CARTESIAN_POINT ( 'NONE',  ( 1401.039715314459954, 1005.284544805903579, 55.48377710498239423 ) ) ;
#5594 = CARTESIAN_POINT ( 'NONE',  ( 955.0223628854892013, 158.2511895955487660, -36.85215874010587100 ) ) ;
#5595 = CARTESIAN_POINT ( 'NONE',  ( 1113.918415101978326, 259.1893682548070501, -80.70064166001719741 ) ) ;
#5596 = CARTESIAN_POINT ( 'NONE',  ( 996.9018438936533357, 245.1153614163807504, 66.81849302917225941 ) ) ;
#5597 = CARTESIAN_POINT ( 'NONE',  ( 842.7839345931164416, 122.9299920501621557, 50.58864455602270027 ) ) ;
#5598 = CARTESIAN_POINT ( 'NONE',  ( 1060.570719829690916, 228.1909282625676951, -31.13630157968900747 ) ) ;
#5599 = CARTESIAN_POINT ( 'NONE',  ( 1137.883289038555176, 384.3434066032278338, 44.80293552669425594 ) ) ;
#5600 = CARTESIAN_POINT ( 'NONE',  ( 1171.069725211149034, 465.2431351585552761, 81.51814612560312412 ) ) ;
#5601 = CARTESIAN_POINT ( 'NONE',  ( 1009.311218402497047, 187.1672955690733033, -60.59931570188999927 ) ) ;
#5602 = CARTESIAN_POINT ( 'NONE',  ( 1419.132609566810515, 978.5649710184776495, 18.97602291654946782 ) ) ;
#5603 = CARTESIAN_POINT ( 'NONE',  ( 733.1331571595234209, 53.18802776343584071, 26.90783570074785658 ) ) ;
#5604 = CARTESIAN_POINT ( 'NONE',  ( 1361.529812944464311, 612.8648849320757108, -79.06782704523156724 ) ) ;
#5605 = CARTESIAN_POINT ( 'NONE',  ( 1104.456952686349268, 293.0450182678757187, 2.551574857779436378 ) ) ;
#5606 = CARTESIAN_POINT ( 'NONE',  ( 1051.619041037454281, 264.4093996625375098, 11.13560103725019523 ) ) ;
#5607 = CARTESIAN_POINT ( 'NONE',  ( 1449.300512370639353, 827.1013122120228900, -79.81092662569793106 ) ) ;
#5608 = CARTESIAN_POINT ( 'NONE',  ( 559.9999999999998863, -8.587117710372661250, -21.86173855553790801 ) ) ;
#5609 = CARTESIAN_POINT ( 'NONE',  ( 732.3595890269704114, 64.55804387878959005, 36.90935571034206220 ) ) ;
#5610 = CARTESIAN_POINT ( 'NONE',  ( 618.7258061050174547, 0.6593302614100629011, -4.849125253720891315 ) ) ;
#5611 = CARTESIAN_POINT ( 'NONE',  ( 788.3468558802284178, 89.36596351010707906, 33.70408897390304759 ) ) ;
#5612 = CARTESIAN_POINT ( 'NONE',  ( 579.4658086232461756, -1.357223703674393489, -24.61666515017123658 ) ) ;
#5613 = CARTESIAN_POINT ( 'NONE',  ( 952.8967929978240363, 169.9863141764520833, 18.11974945521190250 ) ) ;
#5614 = CARTESIAN_POINT ( 'NONE',  ( 842.3135318857949869, 126.7399953151610532, 55.81604018557410996 ) ) ;
#5615 = CARTESIAN_POINT ( 'NONE',  ( 559.9999999999996589, 2.153890774416705955, 18.15252477765342221 ) ) ;
#5616 = CARTESIAN_POINT ( 'NONE',  ( 1249.754579099002967, 419.9533314756432674, -87.51120283206918771 ) ) ;
#5617 = CARTESIAN_POINT ( 'NONE',  ( 560.0000000000000000, -9.952756209604849857, -16.95438735239260808 ) ) ;
#5618 = CARTESIAN_POINT ( 'NONE',  ( 1181.020348300266278, 436.7657471515259999, 55.85437376118497355 ) ) ;
#5619 = CARTESIAN_POINT ( 'NONE',  ( 1337.787702508230495, 660.2445876570304790, -3.813802186234131142 ) ) ;
#5620 = CARTESIAN_POINT ( 'NONE',  ( 618.7644777107344680, -1.832760795400886211, -23.95645898018707243 ) ) ;
#5621 = CARTESIAN_POINT ( 'NONE',  ( 1439.854463005655361, 841.9522213668494715, -51.11480696107872745 ) ) ;
#5622 = CARTESIAN_POINT ( 'NONE',  ( 1391.035222666177788, 918.6710955989763079, 44.68970429445166559 ) ) ;
#5623 = CARTESIAN_POINT ( 'NONE',  ( 1233.243273060945967, 462.8252181187235124, -10.50807284403638597 ) ) ;
#5624 = CARTESIAN_POINT ( 'NONE',  ( 1205.536350705327550, 534.7557810588244820, 95.42457676633871699 ) ) ;
#5625 = CARTESIAN_POINT ( 'NONE',  ( 903.4237558627614817, 110.1014301825605202, -60.51773911654728266 ) ) ;
#5626 = CARTESIAN_POINT ( 'NONE',  ( 1290.132533237015195, 625.7454837994479249, 43.66580363587569025 ) ) ;
#5627 = CARTESIAN_POINT ( 'NONE',  ( 618.4742215895940944, 15.03750517782287233, 23.98725864898294802 ) ) ;
#5628 = CARTESIAN_POINT ( 'NONE',  ( 954.8599087130737644, 159.1395735628878469, -34.63156273066901036 ) ) ;
#5629 = CARTESIAN_POINT ( 'NONE',  ( 1133.842015207824943, 397.2176500203102592, 64.49523689242919033 ) ) ;
#5630 = CARTESIAN_POINT ( 'NONE',  ( 1110.143710193909328, 272.7184474111768395, -36.24714845164030663 ) ) ;
#5631 = CARTESIAN_POINT ( 'NONE',  ( 895.1979666783236098, 164.0889556604170991, 62.16085990186444832 ) ) ;
#5632 = CARTESIAN_POINT ( 'NONE',  ( 1283.265724280385029, 496.6773150799378982, -55.35367791602493526 ) ) ;
#5633 = CARTESIAN_POINT ( 'NONE',  ( 734.4842389246379071, 32.96137523255463719, -41.63009840496604141 ) ) ;
#5634 = CARTESIAN_POINT ( 'NONE',  ( 676.7954302264762418, 14.55045404906906015, -35.43427766484490604 ) ) ;
#5635 = CARTESIAN_POINT ( 'NONE',  ( 1327.263184241923909, 803.9528179582981693, 101.1406543603300463 ) ) ;
#5636 = CARTESIAN_POINT ( 'NONE',  ( 788.1820129909190200, 91.17717668684954901, 46.17340674713413051 ) ) ;
#5637 = CARTESIAN_POINT ( 'NONE',  ( 618.7669085155009725, -1.817102885131029577, -16.41885484734580203 ) ) ;
#5638 = CARTESIAN_POINT ( 'NONE',  ( 1137.313311862685396, 386.1592340430420336, 47.63475557743843325 ) ) ;
#5639 = CARTESIAN_POINT ( 'NONE',  ( 560.0000000000002274, 6.007416562855077302, 19.53549525561455624 ) ) ;
#5640 = CARTESIAN_POINT ( 'NONE',  ( 733.9277527673615396, 41.15623072860751108, -32.45806269678461575 ) ) ;
#5641 = PERSON_AND_ORGANIZATION ( #6408, #3151 ) ;
#5642 = CARTESIAN_POINT ( 'NONE',  ( 1317.073661312598233, 701.5889336426400860, 66.53142365784168533 ) ) ;
#5643 = CARTESIAN_POINT ( 'NONE',  ( 1444.893048092156505, 904.8415784365984109, -47.43882623989455993 ) ) ;
#5644 = CARTESIAN_POINT ( 'NONE',  ( 1395.524063313702072, 799.5059751479836905, 2.722570589082868864 ) ) ;
#5645 = CARTESIAN_POINT ( 'NONE',  ( 560.0000000000000000, 2.822654479037117969, 6.006900034232574903 ) ) ;
#5646 = CARTESIAN_POINT ( 'NONE',  ( 1208.491723566208748, 358.0440571461300578, -84.64249051763638931 ) ) ;
#5647 = CARTESIAN_POINT ( 'NONE',  ( 1351.299377415945628, 874.9666895833875060, 86.63417571740775713 ) ) ;
#5648 = CARTESIAN_POINT ( 'NONE',  ( 1174.314428473826638, 455.9469596278524364, 68.29359723294552964 ) ) ;
#5649 = CARTESIAN_POINT ( 'NONE',  ( 1159.999204709149126, 313.8801551095181139, -83.53964175230703404 ) ) ;
#5650 = CARTESIAN_POINT ( 'NONE',  ( 1186.963872587476772, 419.7448344100787381, 32.76293656121251985 ) ) ;
#5651 = CARTESIAN_POINT ( 'NONE',  ( 1400.995859692423437, 1005.349310758358911, 55.28525478435594209 ) ) ;
#5652 = CARTESIAN_POINT ( 'NONE',  ( 1307.650707681156291, 720.3856258490030768, 88.91354849397782800 ) ) ;
#5653 = CARTESIAN_POINT ( 'NONE',  ( 1448.547561342645167, 899.2913244401470365, -56.37591391139993391 ) ) ;
#5654 = CARTESIAN_POINT ( 'NONE',  ( 560.0000000000000000, -8.603839330285026676, -4.380834296755294233 ) ) ;
#5655 = CARTESIAN_POINT ( 'NONE',  ( 1181.777553426619988, 434.5974101407226158, 53.00498616061648249 ) ) ;
#5656 = CARTESIAN_POINT ( 'NONE',  ( 1419.539787167115264, 873.8762530272771301, -14.53434693409593059 ) ) ;
#5657 = CARTESIAN_POINT ( 'NONE',  ( 1160.277986376563149, 313.0471398828706810, -60.62773537725891515 ) ) ;
#5658 = CARTESIAN_POINT ( 'NONE',  ( 1011.071193238703358, 179.0400719401027345, -51.57128510553850731 ) ) ;
#5659 = CARTESIAN_POINT ( 'NONE',  ( 1289.012753257810118, 628.1733667845035143, 47.01010941539431087 ) ) ;
#5660 = CARTESIAN_POINT ( 'NONE',  ( 1369.842714282563520, 951.9726965592744818, 86.80852309802065747 ) ) ;
#5661 = CARTESIAN_POINT ( 'NONE',  ( 1234.796990342344770, 458.7912312783719813, -16.99982504620778911 ) ) ;
#5662 = CARTESIAN_POINT ( 'NONE',  ( 732.3069075740939979, 65.35699183741566287, 40.28107787664607997 ) ) ;
#5663 = CARTESIAN_POINT ( 'NONE',  ( 1011.131889291824450, 178.6901181101881946, -72.88893386955744802 ) ) ;
#5664 = CARTESIAN_POINT ( 'NONE',  ( 949.7687007971655930, 186.9855675737327090, 26.21214600459605037 ) ) ;
#5665 = CARTESIAN_POINT ( 'NONE',  ( 998.6249541107881669, 237.0892945169042321, 56.73153237585385966 ) ) ;
#5666 = CARTESIAN_POINT ( 'NONE',  ( 1410.625208601793702, 773.7186868764330256, -49.22829374144002657 ) ) ;
#5667 = CARTESIAN_POINT ( 'NONE',  ( 675.7722193193787916, 38.92452373234600316, 27.43102507535722978 ) ) ;
#5668 = CARTESIAN_POINT ( 'NONE',  ( 1443.195223459423232, 943.0293193723405238, -22.97064963389364323 ) ) ;
#5669 = CARTESIAN_POINT ( 'NONE',  ( 1238.305558997796879, 603.0914230513651546, 109.2077485070702210 ) ) ;
#5670 = CARTESIAN_POINT ( 'NONE',  ( 846.3686193976951699, 93.67820556518553587, -30.51633644154069813 ) ) ;
#5671 = CARTESIAN_POINT ( 'NONE',  ( 1370.897400851584962, 594.1801136602985025, -104.3049459250210873 ) ) ;
#5672 = CARTESIAN_POINT ( 'NONE',  ( 1162.342753804569611, 306.4490746015139280, -84.00555096257636478 ) ) ;
#5673 = CARTESIAN_POINT ( 'NONE',  ( 947.1427874187471616, 201.3831537096838531, 62.75136638986023030 ) ) ;
#5674 = CARTESIAN_POINT ( 'NONE',  ( 1009.767758267855243, 185.1399839621979595, -31.35280155585099138 ) ) ;
#5675 = CARTESIAN_POINT ( 'NONE',  ( 1217.090975310469503, 504.7600668245313500, 53.21526850444271162 ) ) ;
#5676 = CARTESIAN_POINT ( 'NONE',  ( 1406.171073155801878, 997.7065590751963100, 42.69755056103587521 ) ) ;
#5677 = CARTESIAN_POINT ( 'NONE',  ( 1445.350500645446800, 904.1468206451723972, -48.55273290595124536 ) ) ;
#5678 = APPROVAL_STATUS ( 'not_yet_approved' ) ;
#5679 = CARTESIAN_POINT ( 'NONE',  ( 1220.605454942095548, 495.6619584955544724, 55.64527580167248999 ) ) ;
#5680 = CARTESIAN_POINT ( 'NONE',  ( 790.7953030520250195, 63.40634624379942608, -37.74081740683072184 ) ) ;
#5681 = CARTESIAN_POINT ( 'NONE',  ( 846.4586555498318603, 93.12490294415168535, 4.099871139729152070 ) ) ;
#5682 = CARTESIAN_POINT ( 'NONE',  ( 733.0042440243380497, 54.93243460452070792, 10.90219190035487351 ) ) ;
#5683 = CARTESIAN_POINT ( 'NONE',  ( 958.2611710245693075, 140.6203125142391741, -59.26776475945355571 ) ) ;
#5684 = CARTESIAN_POINT ( 'NONE',  ( 560.0000000000003411, 6.316364982620063628, 20.64552351428018895 ) ) ;
#5685 = CARTESIAN_POINT ( 'NONE',  ( 1280.108314253155640, 647.4794875125165845, 72.97072603362829568 ) ) ;
#5686 = CARTESIAN_POINT ( 'NONE',  ( 560.0000000000007958, -4.197236852251769790, -21.70692102585196537 ) ) ;
#5687 = CARTESIAN_POINT ( 'NONE',  ( 1297.785779218212156, 609.1744546887738352, 36.62160884858266030 ) ) ;
#5688 = CARTESIAN_POINT ( 'NONE',  ( 618.3846877146153247, 20.11344599065658656, 31.44007699616096474 ) ) ;
#5689 = CARTESIAN_POINT ( 'NONE',  ( 1134.473790714665938, 395.2326327164298050, 73.74995360521825205 ) ) ;
#5690 = CARTESIAN_POINT ( 'NONE',  ( 1425.086748125735994, 749.0312853994163333, -89.97989513237946824 ) ) ;
#5691 = CARTESIAN_POINT ( 'NONE',  ( 1371.485713326686664, 840.5276711620549577, 55.54543507177044859 ) ) ;
#5692 = CARTESIAN_POINT ( 'NONE',  ( 952.7797031013975584, 170.5171054594167686, -8.295934433635281380 ) ) ;
#5693 = CARTESIAN_POINT ( 'NONE',  ( 1444.287839019375497, 834.9826991469684572, -63.78172713919239101 ) ) ;
#5694 = CARTESIAN_POINT ( 'NONE',  ( 957.8473619370222423, 142.9164063796886239, -42.77787102250625395 ) ) ;
#5695 = CARTESIAN_POINT ( 'NONE',  ( 1319.332369037908393, 697.0689067287338503, 47.49263580925845218 ) ) ;
#5696 = CARTESIAN_POINT ( 'NONE',  ( 995.4601606451731186, 251.8127774642725569, 69.52510362966413027 ) ) ;
#5697 = CARTESIAN_POINT ( 'NONE',  ( 1400.306900665971398, 791.3307701998676293, -22.73899819012984480 ) ) ;
#5698 = CARTESIAN_POINT ( 'NONE',  ( 1402.971985266759475, 1002.430969869382125, 47.86264097327746470 ) ) ;
#5699 = CARTESIAN_POINT ( 'NONE',  ( 676.6658069790253194, 17.57861346400472158, -36.67202889858194226 ) ) ;
#5700 = CARTESIAN_POINT ( 'NONE',  ( 1000.533913898397714, 228.1321630984294870, 26.40969482708403859 ) ) ;
#5701 = CARTESIAN_POINT ( 'NONE',  ( 1382.091033916038441, 932.7278392794650017, 70.76746386007650358 ) ) ;
#5702 = CARTESIAN_POINT ( 'NONE',  ( 1352.910387728262776, 630.0671433144938192, -49.76260819169025496 ) ) ;
#5703 = CARTESIAN_POINT ( 'NONE',  ( 560.0000000000001137, 5.597685114129390627, 18.04903803089543146 ) ) ;
#5704 = CARTESIAN_POINT ( 'NONE',  ( 848.0299907469267282, 80.32878447591002669, -29.88280642739410808 ) ) ;
#5705 = CARTESIAN_POINT ( 'NONE',  ( 1168.462334611101596, 472.7224405538498218, 99.85124843857251165 ) ) ;
#5706 = CARTESIAN_POINT ( 'NONE',  ( 1354.016048385255090, 627.8605181491245730, -53.39233652515072492 ) ) ;
#5707 = CARTESIAN_POINT ( 'NONE',  ( 1011.653825974763208, 176.2839287255796705, -70.51761050838692313 ) ) ;
#5708 = CARTESIAN_POINT ( 'NONE',  ( 1113.794236326194778, 259.6358372953238813, -78.64912076220264225 ) ) ;
#5709 = CARTESIAN_POINT ( 'NONE',  ( 1171.251578518624910, 464.7372326345053466, 90.23600308413467985 ) ) ;
#5710 = CARTESIAN_POINT ( 'NONE',  ( 1411.544721005243446, 886.4409128753507048, 2.634318505747628159 ) ) ;
#5711 = CARTESIAN_POINT ( 'NONE',  ( 902.9989358202303720, 113.0060993904218094, -24.55133083917413472 ) ) ;
#5712 = CARTESIAN_POINT ( 'NONE',  ( 560.0000000000011369, 4.767159400444454853, 14.54591271017381615 ) ) ;
#5713 = B_SPLINE_CURVE_WITH_KNOTS ( 'NONE', 3,
 ( #6655, #651, #2860, #1155, #3334, #5602, #1192, #4480, #4380, #5531, #6585, #1670, #5062, #1703, #111, #3299, #3404, #2281, #2824, #1087, #6727, #2318, #5497, #10, #1778, #3978, #3369 ),
 .UNSPECIFIED., .F., .F.,
 ( 4, 1, 1, 1, 1, 1, 1, 1, 1, 1, 1, 1, 1, 1, 1, 1, 1, 1, 1, 1, 1, 1, 1, 1, 4 ),
 ( 0.7491999999999905402, 0.7682070519699383260, 0.7890549424293806791, 0.8099028377410987245, 0.8307507311410464723, 0.8515986187266243457, 0.8724465054721475266, 0.8932943942102997692, 0.9141422844599966790, 0.9349901784595527898, 0.9558380728659422454, 0.9766859678813745171, 1.000000000000000000, 1.020847858669527985, 1.041695716516789050, 1.062543576587340777, 1.083391437262388290, 1.104239293827574908, 1.125087149511426077, 1.145935000585399210, 1.166782853679790177, 1.187630714053318659, 1.208478565342923750, 1.229326402445080069, 1.249200008474143919 ),
 .UNSPECIFIED. ) ;
#5714 = CARTESIAN_POINT ( 'NONE',  ( 1404.346803710119275, 1000.400638937827466, 45.66526410631733057 ) ) ;
#5715 = CARTESIAN_POINT ( 'NONE',  ( 1109.890693812452810, 273.5470977889176538, -64.37971887766823897 ) ) ;
#5716 = CARTESIAN_POINT ( 'NONE',  ( 1447.853285710976706, 936.1502962431017068, -40.73819873081403387 ) ) ;
#5717 = CARTESIAN_POINT ( 'NONE',  ( 1370.017974503582082, 843.0317975211385146, 58.57189333308654966 ) ) ;
#5718 = CARTESIAN_POINT ( 'NONE',  ( 1245.679851766269167, 430.5328716992569866, -67.03166469368068192 ) ) ;
#5719 = CARTESIAN_POINT ( 'NONE',  ( 954.2130179924627100, 162.7995149501651611, 5.731154522053599543 ) ) ;
#5720 = CARTESIAN_POINT ( 'NONE',  ( 1406.153679325834446, 894.9130319643542180, 13.98005257086933995 ) ) ;
#5721 = CARTESIAN_POINT ( 'NONE',  ( 1063.220510259292723, 217.4136027236793325, -66.82605176633509814 ) ) ;
#5722 = CARTESIAN_POINT ( 'NONE',  ( 1274.118097667241955, 660.4667412014144929, 89.96709859370946560 ) ) ;
#5723 = CARTESIAN_POINT ( 'NONE',  ( 732.4887814162281074, 62.63154089819391857, 32.32726522164986704 ) ) ;
#5724 = CARTESIAN_POINT ( 'NONE',  ( 1111.370720717241511, 268.2595484935176273, -75.73615152593879429 ) ) ;
#5725 = CARTESIAN_POINT ( 'NONE',  ( 676.4701799319909696, 22.55111884405416944, 8.708122767076924120 ) ) ;
#5726 = CARTESIAN_POINT ( 'NONE',  ( 1450.893739660778692, 895.7289419323698212, -56.96236501581628175 ) ) ;
#5727 = CARTESIAN_POINT ( 'NONE',  ( 1129.063211990564696, 412.4516291919503033, 94.15450519225737480 ) ) ;
#5728 = CARTESIAN_POINT ( 'NONE',  ( 788.8504745556795115, 84.13552347153269295, 36.66123263478186800 ) ) ;
#5729 = CARTESIAN_POINT ( 'NONE',  ( 618.6187104910687822, 6.046897842344155727, -27.32677004625495698 ) ) ;
#5730 = CARTESIAN_POINT ( 'NONE',  ( 1454.112645351354104, 926.9064782314345621, -53.94314904730262583 ) ) ;
#5731 = CARTESIAN_POINT ( 'NONE',  ( 844.6901582662444525, 107.4763201754367543, 28.96395426091172354 ) ) ;
#5732 = CARTESIAN_POINT ( 'NONE',  ( 1231.679675914047039, 466.8848269439905039, -4.036520215758750751 ) ) ;
#5733 = CARTESIAN_POINT ( 'NONE',  ( 958.0925385807790917, 141.5653630991363059, -49.47529155119233479 ) ) ;
#5734 = CARTESIAN_POINT ( 'NONE',  ( 1329.262580437517499, 540.9197380587231692, -72.43183391438820706 ) ) ;
#5735 = CARTESIAN_POINT ( 'NONE',  ( 732.7442400467568859, 58.81647365318816867, 21.98067937965949881 ) ) ;
#5736 = CARTESIAN_POINT ( 'NONE',  ( 895.0577347037705067, 164.9884490764128202, 59.60313253080406071 ) ) ;
#5737 = CARTESIAN_POINT ( 'NONE',  ( 952.7797031013975584, 170.5171054594167686, -8.295934433635281380 ) ) ;
#5738 = CARTESIAN_POINT ( 'NONE',  ( 895.1332824918537199, 164.4865106477991503, 56.75870558632279028 ) ) ;
#5739 = CARTESIAN_POINT ( 'NONE',  ( 1453.769515813922453, 927.4132116963060071, -53.65506707117094720 ) ) ;
#5740 = CARTESIAN_POINT ( 'NONE',  ( 897.4352036661507555, 149.3747187915529082, 25.63716230104089533 ) ) ;
#5741 = CARTESIAN_POINT ( 'NONE',  ( 897.1889598627301439, 151.0659662700339254, 44.91559933778913205 ) ) ;
#5742 = CARTESIAN_POINT ( 'NONE',  ( 1154.323138567934620, 331.9642025469018449, -45.59233215284733376 ) ) ;
#5743 = CARTESIAN_POINT ( 'NONE',  ( 732.4544137160088439, 63.14441359689507038, 33.72668963717278245 ) ) ;
#5744 = CARTESIAN_POINT ( 'NONE',  ( 1297.014686558576159, 741.6009455745817149, 113.3174652507588149 ) ) ;
#5745 = CARTESIAN_POINT ( 'NONE',  ( 790.5156700896054645, 66.36297986734511767, -28.91845117469780035 ) ) ;
#5746 = CARTESIAN_POINT ( 'NONE',  ( 1334.937096356816937, 528.6018578202263143, -103.1944863941305641 ) ) ;
#5747 = CARTESIAN_POINT ( 'NONE',  ( 579.4908238075319105, -4.857131179104499985, -25.63136624930366736 ) ) ;
#5748 = CARTESIAN_POINT ( 'NONE',  ( 1326.459129686586493, 805.4324184456006606, 102.8797055239099763 ) ) ;
#5749 = CARTESIAN_POINT ( 'NONE',  ( 1111.135122130029458, 269.1712167214649867, -44.97332182323438587 ) ) ;
#5750 = CARTESIAN_POINT ( 'NONE',  ( 675.8541340528976207, 36.94887723750506581, 21.43496927025078946 ) ) ;
#5751 = CARTESIAN_POINT ( 'NONE',  ( 902.6767961616510547, 115.1233575653002674, -18.45103764608665387 ) ) ;
#5752 = CARTESIAN_POINT ( 'NONE',  ( 946.7112658558131670, 203.7042156831786031, 57.70428141135408140 ) ) ;
#5753 = CARTESIAN_POINT ( 'NONE',  ( 1327.378990351468929, 544.9782643587037683, -82.10082139124264700 ) ) ;
#5754 = PERSON_AND_ORGANIZATION ( #6408, #3151 ) ;
#5755 = CARTESIAN_POINT ( 'NONE',  ( 1095.721278075352757, 324.2470095681178464, 49.21840588132170069 ) ) ;
#5756 = CARTESIAN_POINT ( 'NONE',  ( 579.4464045266824996, 1.355216109986735473, -17.57091393017714154 ) ) ;
#5757 = CARTESIAN_POINT ( 'NONE',  ( 790.9954542944406057, 61.51263487836569510, -2.829665761996617235 ) ) ;
#5758 = CARTESIAN_POINT ( 'NONE',  ( 1412.614403404729501, 953.8656423034199179, 21.79855144936439260 ) ) ;
#5759 = CARTESIAN_POINT ( 'NONE',  ( 958.2453161637930634, 140.7098378077634209, -58.00368432244751205 ) ) ;
#5760 = CARTESIAN_POINT ( 'NONE',  ( 842.3283645829571924, 126.5831215283426445, 48.97386509807902399 ) ) ;
#5761 = CARTESIAN_POINT ( 'NONE',  ( 1090.311536130303466, 343.5377465737842044, 63.00282764079933884 ) ) ;
#5762 = CARTESIAN_POINT ( 'NONE',  ( 1250.312757659604358, 418.5034406554774478, -90.77254313345201808 ) ) ;
#5763 = CARTESIAN_POINT ( 'NONE',  ( 1406.332487698325622, 894.6357918796890090, 24.90204950292576669 ) ) ;
#5764 = CARTESIAN_POINT ( 'NONE',  ( 1269.443863660747866, 670.6074104189239051, 111.7418808969396764 ) ) ;
#5765 = CARTESIAN_POINT ( 'NONE',  ( 1135.138061707643601, 393.1181454840726133, 71.11684106158048735 ) ) ;
#5766 = CARTESIAN_POINT ( 'NONE',  ( 1159.219130032416842, 316.3656972406894852, -77.55211253105115077 ) ) ;
#5767 = CARTESIAN_POINT ( 'NONE',  ( 844.5615348385111929, 108.5194501562497464, 30.56868126560810950 ) ) ;
#5768 = CARTESIAN_POINT ( 'NONE',  ( 560.0000000000000000, 5.382205770866480776, 17.04063977559494347 ) ) ;
#5769 = CARTESIAN_POINT ( 'NONE',  ( 618.7666407678367477, -1.928298521047972391, -22.87900789733079421 ) ) ;
#5770 = CARTESIAN_POINT ( 'NONE',  ( 618.7644777107344680, -1.832760795400886211, -23.95645898018707243 ) ) ;
#5771 = CARTESIAN_POINT ( 'NONE',  ( 843.3200476904910374, 118.5076862432197089, 31.77876859401196441 ) ) ;
#5772 = CARTESIAN_POINT ( 'NONE',  ( 1296.755957320023072, 742.1146278305478745, 110.0869095208669250 ) ) ;
#5773 = CARTESIAN_POINT ( 'NONE',  ( 1063.123126255485431, 217.8128748726278161, -64.18376507580154566 ) ) ;
#5774 = CARTESIAN_POINT ( 'NONE',  ( 1053.620219992393231, 256.2923126836317920, -4.132743586801611357 ) ) ;
#5775 = CARTESIAN_POINT ( 'NONE',  ( 842.2243743106351985, 127.4523032728178151, 55.49003516559216820 ) ) ;
#5776 = CARTESIAN_POINT ( 'NONE',  ( 1207.695995398661580, 529.1587428389545948, 96.44378738326268774 ) ) ;
#5777 = CARTESIAN_POINT ( 'NONE',  ( 1333.954066988084833, 530.7217661153505333, -106.3876231738687324 ) ) ;
#5778 = CARTESIAN_POINT ( 'NONE',  ( 732.8758764133164050, 56.85023155912954707, 16.45055953046054142 ) ) ;
#5779 = CARTESIAN_POINT ( 'NONE',  ( 1333.840687232488563, 791.8487774656999818, 87.65315780887296171 ) ) ;
#5780 = CARTESIAN_POINT ( 'NONE',  ( 1057.726836187450544, 239.6347228163591012, -37.71424582936177217 ) ) ;
#5781 = CARTESIAN_POINT ( 'NONE',  ( 1089.843818384536689, 345.2095487839391126, 65.69117088288855655 ) ) ;
#5782 = CARTESIAN_POINT ( 'NONE',  ( 788.0780816072035577, 92.27250242373268918, 47.86980689729904270 ) ) ;
#5783 = CARTESIAN_POINT ( 'NONE',  ( 1438.391354124623831, 914.7160248400815590, -32.00057794844767756 ) ) ;
#5784 = CARTESIAN_POINT ( 'NONE',  ( 559.9999999999997726, -7.323680759104843396, -23.14293708686651030 ) ) ;
#5785 = CARTESIAN_POINT ( 'NONE',  ( 791.5923446497395162, 55.02565587013926773, -47.99232301480569873 ) ) ;
#5786 = CARTESIAN_POINT ( 'NONE',  ( 1300.812361201295062, 734.0259780930290390, 104.3364176221513020 ) ) ;
#5787 = CARTESIAN_POINT ( 'NONE',  ( 1443.958780164101199, 941.9016993560527453, -24.78846259809769847 ) ) ;
#5788 = CARTESIAN_POINT ( 'NONE',  ( 788.4387537165730464, 88.39118706450291540, 31.38307357367187933 ) ) ;
#5789 = CARTESIAN_POINT ( 'NONE',  ( 1059.717160358163255, 231.6544680798861009, -23.19564697579528456 ) ) ;
#5790 = CARTESIAN_POINT ( 'NONE',  ( 946.6009812697426469, 204.3072983310573818, 58.65760795582668408 ) ) ;
#5791 = CARTESIAN_POINT ( 'NONE',  ( 579.4527616544874036, 0.4698881805805174561, -20.55745473374991761 ) ) ;
#5792 = CARTESIAN_POINT ( 'NONE',  ( 1437.329786388888579, 951.6913928038089807, -17.03484200658783720 ) ) ;
#5793 = CARTESIAN_POINT ( 'NONE',  ( 1140.282995396794377, 376.7402441304503213, 49.93203850715668324 ) ) ;
#5794 = CARTESIAN_POINT ( 'NONE',  ( 1416.818425101518187, 763.1465142057539879, -66.19784197736093745 ) ) ;
#5795 = CARTESIAN_POINT ( 'NONE',  ( 618.7258061050174547, 0.6593302614100629011, -4.849125253720891315 ) ) ;
#5796 = CARTESIAN_POINT ( 'NONE',  ( 1095.819704216879472, 323.8493571138811831, 31.12489863598214512 ) ) ;
#5797 = CARTESIAN_POINT ( 'NONE',  ( 1369.817191340718637, 596.3377953345092237, -98.77900174213793605 ) ) ;
#5798 = CARTESIAN_POINT ( 'NONE',  ( 1087.672171985085242, 352.9710107076619465, 77.06507978091529765 ) ) ;
#5799 = CARTESIAN_POINT ( 'NONE',  ( 560.0000000000003411, 5.507423198538171860, 17.65266950207724506 ) ) ;
#5800 = CARTESIAN_POINT ( 'NONE',  ( 1398.518318029570992, 672.7864545851806497, -95.86907809435840022 ) ) ;
#5801 = CARTESIAN_POINT ( 'NONE',  ( 995.6392599818291274, 250.9969227051035432, 74.65383969719809443 ) ) ;
#5802 = CARTESIAN_POINT ( 'NONE',  ( 1278.794272478661924, 650.3410768391815964, 87.99086416171898861 ) ) ;
#5803 = CARTESIAN_POINT ( 'NONE',  ( 790.9745262528933836, 61.51609789551626761, -42.38164978811643380 ) ) ;
#5804 = CARTESIAN_POINT ( 'NONE',  ( 1351.149957450336387, 759.9950541884884387, 49.45062278368504849 ) ) ;
#5805 = CARTESIAN_POINT ( 'NONE',  ( 789.5833850467083721, 76.24890631026534038, -0.1578904482749911853 ) ) ;
#5806 = CARTESIAN_POINT ( 'NONE',  ( 903.7427815855457993, 108.0897934114223915, -46.62900024977810176 ) ) ;
#5807 = CARTESIAN_POINT ( 'NONE',  ( 1249.854099358861504, 419.7320535983197942, -67.58950588412106697 ) ) ;
#5808 = CARTESIAN_POINT ( 'NONE',  ( 1178.558513084007245, 443.7870408931124757, 50.51065994070199139 ) ) ;
#5809 = CARTESIAN_POINT ( 'NONE',  ( 618.3764045150368247, 20.56993062432113462, 31.92592592018875308 ) ) ;
#5810 = CARTESIAN_POINT ( 'NONE',  ( 1161.553476509950769, 308.9737131941751045, -73.62942121773981796 ) ) ;
#5811 = CARTESIAN_POINT ( 'NONE',  ( 1304.000423296395184, 595.6760188760872552, 0.6958850127117709450 ) ) ;
#5812 = CARTESIAN_POINT ( 'NONE',  ( 559.9999999999998863, 6.109752180037860469, 23.66320296420139968 ) ) ;
#5813 = CARTESIAN_POINT ( 'NONE',  ( 1273.931769583414507, 660.8801469936881858, 99.94584958972112076 ) ) ;
#5814 = CARTESIAN_POINT ( 'NONE',  ( 1427.905138398919917, 744.2198874257634316, -97.38503937146910516 ) ) ;
#5815 = CARTESIAN_POINT ( 'NONE',  ( 1410.381181613569652, 991.4890738005146886, 40.32186714838220354 ) ) ;
#5816 = CARTESIAN_POINT ( 'NONE',  ( 846.0560983864451146, 96.22273238426751618, -23.28498582762367874 ) ) ;
#5817 = CARTESIAN_POINT ( 'NONE',  ( 1173.239152594394000, 459.0277477938377615, 72.72067715531365195 ) ) ;
#5818 = CARTESIAN_POINT ( 'NONE',  ( 732.4706788259634322, 62.97894347270782589, 40.83116099945875987 ) ) ;
#5819 = AXIS2_PLACEMENT_3D ( 'NONE', #5730, #2874, #776 ) ;
#5820 = CARTESIAN_POINT ( 'NONE',  ( 559.9999999999998863, -0.7269221113043411453, -10.33529889889683417 ) ) ;
#5821 = CARTESIAN_POINT ( 'NONE',  ( 1011.602911489235112, 176.5134063240566320, -71.93341488110016257 ) ) ;
#5822 = CARTESIAN_POINT ( 'NONE',  ( 1209.316429625892169, 355.6740342397088170, -93.27253894094863540 ) ) ;
#5823 = CARTESIAN_POINT ( 'NONE',  ( 1266.268341449984973, 536.9091443486354365, 9.412437289108721572 ) ) ;
#5824 = CARTESIAN_POINT ( 'NONE',  ( 1170.821218901008478, 465.9696002151196126, 91.75206086190179633 ) ) ;
#5825 = CARTESIAN_POINT ( 'NONE',  ( 1176.450177365661375, 449.8278193046655247, 59.44818296150462800 ) ) ;
#5826 = CARTESIAN_POINT ( 'NONE',  ( 1279.025997178727721, 506.7499317918634461, -17.04995903941363267 ) ) ;
#5827 = CARTESIAN_POINT ( 'NONE',  ( 1393.607786382201084, 982.7329264788698993, 57.05569944921250425 ) ) ;
#5828 = CARTESIAN_POINT ( 'NONE',  ( 676.4278590260363444, 23.15323073207941107, -25.77383429233856305 ) ) ;
#5829 = CARTESIAN_POINT ( 'NONE',  ( 1293.166927031323894, 619.1871608328345928, 49.72772205800202983 ) ) ;
#5830 = CARTESIAN_POINT ( 'NONE',  ( 955.6688872547515530, 154.7162937747779381, -45.73947949665087265 ) ) ;
#5831 = CARTESIAN_POINT ( 'NONE',  ( 1422.557138509770766, 869.1389785266543413, -9.028466377972806711 ) ) ;
#5832 = CARTESIAN_POINT ( 'NONE',  ( 1141.807595128886533, 371.8410668563108743, 24.82439157053062218 ) ) ;
#5833 = CARTESIAN_POINT ( 'NONE',  ( 903.7887582885390430, 107.7609353903905287, -55.31063369603376856 ) ) ;
#5834 = CARTESIAN_POINT ( 'NONE',  ( 732.3269470770037515, 65.04905981583065966, 38.38169869395633782 ) ) ;
#5835 = CARTESIAN_POINT ( 'NONE',  ( 618.3838568969875951, 19.94232729377436897, 24.72412423067906317 ) ) ;
#5836 = CARTESIAN_POINT ( 'NONE',  ( 791.0068437247482507, 61.17667887184574482, -43.15675319231791462 ) ) ;
#5837 = CARTESIAN_POINT ( 'NONE',  ( 559.9999999999998863, -8.587117710372661250, -21.86173855553790801 ) ) ;
#5838 = CARTESIAN_POINT ( 'NONE',  ( 946.4479271933046221, 205.1735372783589639, 68.04474604996595133 ) ) ;
#5839 = CARTESIAN_POINT ( 'NONE',  ( 1177.945379965073926, 445.5710177349552055, 67.16795351365509248 ) ) ;
#5840 = CARTESIAN_POINT ( 'NONE',  ( 790.9105660465555729, 62.18997304840104334, -40.86620438945091394 ) ) ;
#5841 = CARTESIAN_POINT ( 'NONE',  ( 1295.486116322948874, 614.1597318262640783, 43.19996739712050982 ) ) ;
#5842 = CARTESIAN_POINT ( 'NONE',  ( 1412.439172533716828, 885.0352542847018640, 0.7366734418243880977 ) ) ;
#5843 = CARTESIAN_POINT ( 'NONE',  ( 734.6163529490988822, 31.09208954654550894, -34.94042137366508172 ) ) ;
#5844 = CARTESIAN_POINT ( 'NONE',  ( 903.7180096056106322, 108.2561952038584678, -45.19031947418984885 ) ) ;
#5845 = CARTESIAN_POINT ( 'NONE',  ( 843.5106166292885064, 116.9556940739291946, 28.26785080196935240 ) ) ;
#5846 = CARTESIAN_POINT ( 'NONE',  ( 895.0542710233854677, 165.0189299801118921, 61.67234027513168826 ) ) ;
#5847 = CARTESIAN_POINT ( 'NONE',  ( 1449.484330485210876, 897.8694361681474447, -52.52509073712941756 ) ) ;
#5848 = CARTESIAN_POINT ( 'NONE',  ( 560.0000000000001137, 1.476228234468187850, -0.2217720767516633829 ) ) ;
#5849 = CARTESIAN_POINT ( 'NONE',  ( 675.6971707558784601, 40.79976281824404793, 37.30250131332886099 ) ) ;
#5850 = CARTESIAN_POINT ( 'NONE',  ( 947.5450583377198654, 199.1882736061032517, 60.05951293092865484 ) ) ;
#5851 = CARTESIAN_POINT ( 'NONE',  ( 957.1076526680150209, 146.8632863026062410, -64.53469026617928250 ) ) ;
#5852 = CARTESIAN_POINT ( 'NONE',  ( 1310.374013347993014, 714.9533367279470895, 82.55689912994326107 ) ) ;
#5853 = CARTESIAN_POINT ( 'NONE',  ( 1105.979000562290594, 287.5314112774980799, -34.59149436893540042 ) ) ;
#5854 = CARTESIAN_POINT ( 'NONE',  ( 995.9251579255297884, 249.6664922189662263, 72.95927253309740479 ) ) ;
#5855 = CARTESIAN_POINT ( 'NONE',  ( 1105.979000562290594, 287.5314112774980799, -34.59149436893540042 ) ) ;
#5856 = CARTESIAN_POINT ( 'NONE',  ( 1403.863295287514347, 662.9510405237829218, -107.4807832612178373 ) ) ;
#5857 = CARTESIAN_POINT ( 'NONE',  ( 1162.625604249840762, 305.5434305308742182, -87.98012876215064182 ) ) ;
#5858 = CARTESIAN_POINT ( 'NONE',  ( 676.0698133678142767, 31.74676959515426589, 4.560036721035172214 ) ) ;
#5859 = CARTESIAN_POINT ( 'NONE',  ( 1329.430398741982117, 799.9647854533230884, 96.81177942301235362 ) ) ;
#5860 = CARTESIAN_POINT ( 'NONE',  ( 579.3868044032943772, 9.542195461497161801, 17.05103057768189245 ) ) ;
#5861 = CARTESIAN_POINT ( 'NONE',  ( 902.1809855002998120, 118.3776146354853296, -10.48664705946750075 ) ) ;
#5862 = CARTESIAN_POINT ( 'NONE',  ( 1348.359033203368426, 879.9842008947059639, 92.63417237498819645 ) ) ;
#5863 = CARTESIAN_POINT ( 'NONE',  ( 579.4495719401594442, 0.9148664350618680441, -19.13887530047211172 ) ) ;
#5864 = CARTESIAN_POINT ( 'NONE',  ( 1223.265672420262035, 488.7586930245658436, 46.58212636762840475 ) ) ;
#5865 = CARTESIAN_POINT ( 'NONE',  ( 1157.338965123837625, 322.3546115007351887, -65.34712724876237644 ) ) ;
#5866 = CARTESIAN_POINT ( 'NONE',  ( 1315.329692745382317, 571.1391286486849594, -17.59456037859684230 ) ) ;
#5867 = CARTESIAN_POINT ( 'NONE',  ( 559.9999999999998863, 3.107706712500944324, 7.299094525927315225 ) ) ;
#5868 = CARTESIAN_POINT ( 'NONE',  ( 676.7954302264762418, 14.55045404906906015, -35.43427766484490604 ) ) ;
#5869 = CARTESIAN_POINT ( 'NONE',  ( 1325.619082483381590, 806.9752273332549066, 95.07053162989954842 ) ) ;
#5870 = EDGE_CURVE ( 'NONE', #1649, #3853, #976, .T. ) ;
#5871 = CARTESIAN_POINT ( 'NONE',  ( 788.2550994153713191, 90.33927273343213926, 36.05523391474748252 ) ) ;
#5872 = CARTESIAN_POINT ( 'NONE',  ( 1291.365639638353969, 477.5040783892442846, -90.84480929519632753 ) ) ;
#5873 = CARTESIAN_POINT ( 'NONE',  ( 1043.027959024014308, 299.2731715235374281, 79.35852257355463735 ) ) ;
#5874 = CARTESIAN_POINT ( 'NONE',  ( 949.5137252306581104, 188.4492641144586855, 45.93703403027284082 ) ) ;
#5875 = CARTESIAN_POINT ( 'NONE',  ( 676.5150829747360604, 21.09590776880763485, -31.71376825602600391 ) ) ;
#5876 = CARTESIAN_POINT ( 'NONE',  ( 618.5907596373402839, 8.413607614339930763, 12.90221538272090918 ) ) ;
#5877 = CARTESIAN_POINT ( 'NONE',  ( 579.4170092845030240, 5.402588392242187787, -0.2480255208739511052 ) ) ;
#5878 = CARTESIAN_POINT ( 'NONE',  ( 579.5043501627034175, -6.792416382161707844, -21.75648464981399499 ) ) ;
#5879 = CARTESIAN_POINT ( 'NONE',  ( 1450.106534277156925, 932.8227003103720563, -40.76438463103729504 ) ) ;
#5880 = CARTESIAN_POINT ( 'NONE',  ( 675.8541340528976207, 36.94887723750506581, 21.43496927025078946 ) ) ;
#5881 = CARTESIAN_POINT ( 'NONE',  ( 1429.559018547634878, 741.3981858415854731, -100.8936467984834451 ) ) ;
#5882 = CARTESIAN_POINT ( 'NONE',  ( 1292.975591644613814, 473.7204550152281399, -81.86513145044260398 ) ) ;
#5883 = CARTESIAN_POINT ( 'NONE',  ( 1189.829218239337251, 411.4922273185985659, -0.04496392036072976994 ) ) ;
#5884 = CARTESIAN_POINT ( 'NONE',  ( 579.3768583387223998, 10.86728219575015153, 26.42708468338066652 ) ) ;
#5885 = CARTESIAN_POINT ( 'NONE',  ( 675.8912765443379840, 36.23396666531107257, 31.38446933633298030 ) ) ;
#5886 = CARTESIAN_POINT ( 'NONE',  ( 1061.925865730419901, 222.6098717971374299, -75.85599155565469687 ) ) ;
#5887 = CARTESIAN_POINT ( 'NONE',  ( 949.2569603885920060, 189.8499263656117080, 47.86231798913496505 ) ) ;
#5888 = CARTESIAN_POINT ( 'NONE',  ( 733.6396467784115885, 45.44289198235094318, -18.41872274289331912 ) ) ;
#5889 = CARTESIAN_POINT ( 'NONE',  ( 560.0000000000000000, 5.090550137755199600, 22.49834047842578144 ) ) ;
#5890 = CARTESIAN_POINT ( 'NONE',  ( 1279.883622054162061, 504.6832371703957847, -41.39017791856031181 ) ) ;
#5891 = CARTESIAN_POINT ( 'NONE',  ( 1403.931288548502835, 662.8255810568044808, -108.1844755291598403 ) ) ;
#5892 = CARTESIAN_POINT ( 'NONE',  ( 1453.309532959210856, 892.0598835011797973, -65.20516766406144882 ) ) ;
#5893 = CARTESIAN_POINT ( 'NONE',  ( 1330.510215944187166, 674.7658656562408623, 16.89548471489443671 ) ) ;
#5894 = CARTESIAN_POINT ( 'NONE',  ( 947.5450583377198654, 199.1882736061032517, 60.05951293092865484 ) ) ;
#5895 = CARTESIAN_POINT ( 'NONE',  ( 1174.672630779663223, 454.9206925039676435, 66.83354112683917947 ) ) ;
#5896 = CARTESIAN_POINT ( 'NONE',  ( 676.8137896488032084, 14.36633267605814623, -12.41994556736484512 ) ) ;
#5897 = CARTESIAN_POINT ( 'NONE',  ( 1299.953829010345316, 735.7319215033905948, 96.48109944636890134 ) ) ;
#5898 = CARTESIAN_POINT ( 'NONE',  ( 733.8664237785754949, 42.06522545979294847, -29.65853527385090871 ) ) ;
#5899 = CARTESIAN_POINT ( 'NONE',  ( 898.7384839421604283, 140.9264422283212070, 30.19179579883872933 ) ) ;
#5900 = CARTESIAN_POINT ( 'NONE',  ( 579.4447816965785023, 1.580036641311551193, -16.71018450883461526 ) ) ;
#5901 = CARTESIAN_POINT ( 'NONE',  ( 1428.899919343057036, 929.1324154956649863, -2.418828963690441203 ) ) ;
#5902 = CARTESIAN_POINT ( 'NONE',  ( 1421.259217959930766, 975.4243972062186003, 14.94031529212436027 ) ) ;
#5903 = CARTESIAN_POINT ( 'NONE',  ( 1429.010103308908583, 742.3400711306330777, -94.26276014434934325 ) ) ;
#5904 = CARTESIAN_POINT ( 'NONE',  ( 947.2507452381723851, 200.7554062310197480, 52.77000993150242181 ) ) ;
#5905 = CARTESIAN_POINT ( 'NONE',  ( 1449.630121542095139, 933.5262663098294524, -44.88708230279254963 ) ) ;
#5906 = CARTESIAN_POINT ( 'NONE',  ( 1346.670305545875635, 882.8701104934851855, 104.6836291779905963 ) ) ;
#5907 = CARTESIAN_POINT ( 'NONE',  ( 1135.791957808962934, 391.0367087635510188, 68.51961221283012549 ) ) ;
#5908 = CARTESIAN_POINT ( 'NONE',  ( 676.4858980514688938, 21.78335686455659115, -29.98306767878182910 ) ) ;
#5909 = CARTESIAN_POINT ( 'NONE',  ( 560.0000000000003411, -3.704129351085759581, 7.911164466626808611 ) ) ;
#5910 = CARTESIAN_POINT ( 'NONE',  ( 1100.619829482529440, 306.6901595125036124, 1.310384534390469424 ) ) ;
#5911 = CARTESIAN_POINT ( 'NONE',  ( 1011.349042442859513, 177.7331456823107487, -58.09877781210863645 ) ) ;
#5912 = CARTESIAN_POINT ( 'NONE',  ( 734.6300206376768074, 30.90894742820448471, -32.52587754384830987 ) ) ;
#5913 = CARTESIAN_POINT ( 'NONE',  ( 560.0000000000007958, 5.110514920307837272, 15.95662483389733488 ) ) ;
#5914 = CARTESIAN_POINT ( 'NONE',  ( 1113.203704554772912, 261.7176635015001125, -84.73978763322941177 ) ) ;
#5915 = CARTESIAN_POINT ( 'NONE',  ( 1042.332137210467181, 302.0794629702133420, 78.90108430449463128 ) ) ;
#5916 = CARTESIAN_POINT ( 'NONE',  ( 1395.810133785433436, 979.3889635552696973, 59.12649089908969557 ) ) ;
#5917 = CARTESIAN_POINT ( 'NONE',  ( 1062.186060823606113, 221.5559131595957467, -77.01596910788693151 ) ) ;
#5918 = CARTESIAN_POINT ( 'NONE',  ( 789.1231933206411213, 81.26292659652750672, 32.50434525058463464 ) ) ;
#5919 = CARTESIAN_POINT ( 'NONE',  ( 1006.224420677779676, 201.5717510158933976, -27.07851932049235799 ) ) ;
#5920 = CARTESIAN_POINT ( 'NONE',  ( 1157.933986697040609, 320.5238647102683558, -41.76618522769023656 ) ) ;
#5921 = CARTESIAN_POINT ( 'NONE',  ( 1390.473474612874725, 987.4941397405278849, 68.30655165939650431 ) ) ;
#5922 = CARTESIAN_POINT ( 'NONE',  ( 1317.852689147038973, 565.6381047769772294, -45.84722444718759959 ) ) ;
#5923 = CARTESIAN_POINT ( 'NONE',  ( 903.5806812495241047, 109.0808274564789002, -60.28995180475998694 ) ) ;
#5924 = CARTESIAN_POINT ( 'NONE',  ( 1430.122532300415514, 740.4399014198439772, -98.86924172908292974 ) ) ;
#5925 = CARTESIAN_POINT ( 'NONE',  ( 1361.557864667319564, 740.8271612174820575, 9.977829834988654056 ) ) ;
#5926 = CARTESIAN_POINT ( 'NONE',  ( 675.9067800869449911, 35.86850687308856322, 30.87569923361122548 ) ) ;
#5927 = CARTESIAN_POINT ( 'NONE',  ( 1409.322884478956666, 993.0519662810064574, 36.99615767426713120 ) ) ;
#5928 = CARTESIAN_POINT ( 'NONE',  ( 1320.986763755208358, 558.8717231206913993, -37.75764516358515976 ) ) ;
#5929 = CARTESIAN_POINT ( 'NONE',  ( 895.1332824918537199, 164.4865106477991503, 56.75870558632279028 ) ) ;
#5930 = CARTESIAN_POINT ( 'NONE',  ( 1391.544556387565990, 685.6259315393318730, -73.56866640663571388 ) ) ;
#5931 = COORDINATED_UNIVERSAL_TIME_OFFSET ( 5, 30, .AHEAD. ) ;
#5932 = CARTESIAN_POINT ( 'NONE',  ( 1419.494832288139378, 978.0300407527598736, 24.47400455840110212 ) ) ;
#5933 = CARTESIAN_POINT ( 'NONE',  ( 733.8080243673165342, 42.93367011211944373, -26.86009488918291765 ) ) ;
#5934 = CARTESIAN_POINT ( 'NONE',  ( 1200.413422130816343, 381.2168178800424130, -28.01543020752288982 ) ) ;
#5935 = CARTESIAN_POINT ( 'NONE',  ( 843.8846203710708096, 113.9095912489572981, 21.23656553217528398 ) ) ;
#5936 = CARTESIAN_POINT ( 'NONE',  ( 1275.287716364884318, 657.9309816450886501, 86.73552109766620788 ) ) ;
#5937 = CARTESIAN_POINT ( 'NONE',  ( 956.6879350614924533, 149.1511284531779609, -58.94896697000191921 ) ) ;
#5938 = CARTESIAN_POINT ( 'NONE',  ( 1372.365383942515791, 948.0092668009381214, 87.92102269077300036 ) ) ;
#5939 = CARTESIAN_POINT ( 'NONE',  ( 1249.207203666126361, 577.3037013940371480, 79.53861411991658770 ) ) ;
#5940 = CARTESIAN_POINT ( 'NONE',  ( 1363.128634492915353, 609.6740019991672170, -84.65819294237626025 ) ) ;
#5941 = CARTESIAN_POINT ( 'NONE',  ( 790.1332991971083857, 70.61497622978077970, 15.27144278943148770 ) ) ;
#5942 = CARTESIAN_POINT ( 'NONE',  ( 1363.324571887876345, 737.5751738805932973, 5.446148591841711628 ) ) ;
#5943 = CARTESIAN_POINT ( 'NONE',  ( 734.6220408374733779, 31.01374302776111236, -34.22358872312778999 ) ) ;
#5944 = CARTESIAN_POINT ( 'NONE',  ( 1044.731299054928968, 292.3442748465134287, 59.83592022157304058 ) ) ;
#5945 = CARTESIAN_POINT ( 'NONE',  ( 791.8055300102397496, 52.87574900237542863, -36.76857081999740728 ) ) ;
#5946 = CARTESIAN_POINT ( 'NONE',  ( 618.4080607268938365, 18.48483470196341827, 19.50893845681380512 ) ) ;
#5947 = CARTESIAN_POINT ( 'NONE',  ( 560.0000000000003411, -5.232069353153972813, -23.01093104846467696 ) ) ;
#5948 = CARTESIAN_POINT ( 'NONE',  ( 1113.318936067268396, 261.3445918523555633, -70.36118773007729033 ) ) ;
#5949 = CARTESIAN_POINT ( 'NONE',  ( 1368.749397240589815, 953.6913732628818252, 93.29634362628449651 ) ) ;
#5950 = CARTESIAN_POINT ( 'NONE',  ( 896.1085526820302221, 158.1333590131700362, 54.26406135524684515 ) ) ;
#5951 = CARTESIAN_POINT ( 'NONE',  ( 847.3276565862812504, 85.89590487338089986, -51.24300329757902261 ) ) ;
#5952 = CARTESIAN_POINT ( 'NONE',  ( 1137.091650612760759, 386.8995600473716081, 63.27672594445076015 ) ) ;
#5953 = CARTESIAN_POINT ( 'NONE',  ( 733.5545140830857918, 46.71356222310650708, -14.20303771239407631 ) ) ;
#5954 = CARTESIAN_POINT ( 'NONE',  ( 1443.188896080552240, 907.4306692709541267, -35.02381306713358100 ) ) ;
#5955 = CARTESIAN_POINT ( 'NONE',  ( 1169.853985585251394, 468.7395255087433270, 95.46432820366891292 ) ) ;
#5956 = CARTESIAN_POINT ( 'NONE',  ( 1379.295122413486069, 708.1770191853433971, -37.08391295549145639 ) ) ;
#5957 = CARTESIAN_POINT ( 'NONE',  ( 676.7394410597956949, 15.84242310412062693, -36.41255916754122524 ) ) ;
#5958 = CARTESIAN_POINT ( 'NONE',  ( 1063.353514587111249, 216.8411661634275447, -79.15149712547787431 ) ) ;
#5959 = CARTESIAN_POINT ( 'NONE',  ( 1427.581927803331837, 966.0870236582966299, 2.685245388160200086 ) ) ;
#5960 = CARTESIAN_POINT ( 'NONE',  ( 947.6735327205601607, 198.4875456173955399, 59.22896145636499199 ) ) ;
#5961 = CARTESIAN_POINT ( 'NONE',  ( 998.1001108910887751, 239.4906393646524236, 47.21648021537102125 ) ) ;
#5962 = CARTESIAN_POINT ( 'NONE',  ( 1201.386147139563718, 378.4289636860724499, -33.36199933787686689 ) ) ;
#5963 = CARTESIAN_POINT ( 'NONE',  ( 1128.966330410408546, 412.7578952827081480, 93.50525250629966934 ) ) ;
#5964 = CARTESIAN_POINT ( 'NONE',  ( 1324.904793081550679, 808.2898704890285444, 96.72681853612304792 ) ) ;
#5965 = CARTESIAN_POINT ( 'NONE',  ( 1157.338965123837625, 322.3546115007351887, -65.34712724876237644 ) ) ;
#5966 = CARTESIAN_POINT ( 'NONE',  ( 1005.255538852460859, 206.1913307335898651, 11.07444908889168822 ) ) ;
#5967 = CARTESIAN_POINT ( 'NONE',  ( 733.6901841975690104, 44.94770795206733283, 13.03913998662495644 ) ) ;
#5968 = CARTESIAN_POINT ( 'NONE',  ( 1285.737457782227011, 490.8261938038491508, -65.94053073474206883 ) ) ;
#5969 = CARTESIAN_POINT ( 'NONE',  ( 1201.386147139563718, 378.4289636860724499, -33.36199933787686689 ) ) ;
#5970 = CARTESIAN_POINT ( 'NONE',  ( 1048.516590536150488, 276.9928082434523731, 33.80369172159928581 ) ) ;
#5971 = CARTESIAN_POINT ( 'NONE',  ( 1376.929016825818508, 940.8374540509124699, 72.09654903849654772 ) ) ;
#5972 = CARTESIAN_POINT ( 'NONE',  ( 1009.661029944706911, 185.5376184563163520, -64.20396989481069738 ) ) ;
#5973 = CARTESIAN_POINT ( 'NONE',  ( 675.8141849448288667, 38.05275672024251321, 33.76124253512327300 ) ) ;
#5974 = CARTESIAN_POINT ( 'NONE',  ( 733.0788284670413759, 53.99108701077650352, 28.13800091504455025 ) ) ;
#5975 = CARTESIAN_POINT ( 'NONE',  ( 1009.188497488640451, 187.7393926796797246, -59.40983032793705121 ) ) ;
#5976 = CARTESIAN_POINT ( 'NONE',  ( 846.0185153916867193, 96.69862487137460505, 10.87595795222310713 ) ) ;
#5977 = CARTESIAN_POINT ( 'NONE',  ( 560.0000000000000000, -3.942236878571150793, 7.433272219265196767 ) ) ;
#5978 = CARTESIAN_POINT ( 'NONE',  ( 1113.239891787307897, 261.6290035691721414, -68.95498164499718996 ) ) ;
#5979 = CARTESIAN_POINT ( 'NONE',  ( 1209.000115933104098, 525.7638849912585783, 82.77103033532215193 ) ) ;
#5980 = CARTESIAN_POINT ( 'NONE',  ( 1398.146653029205936, 673.4823662698826183, -82.05426277721525707 ) ) ;
#5981 = CARTESIAN_POINT ( 'NONE',  ( 1091.717779293088142, 338.5114953085133038, 55.13128863995322604 ) ) ;
#5982 = CARTESIAN_POINT ( 'NONE',  ( 1010.412807081179267, 182.0347156694672606, -71.27121136342346119 ) ) ;
#5983 = CARTESIAN_POINT ( 'NONE',  ( 1368.204134549237097, 599.5603225982856657, -90.65327070001146126 ) ) ;
#5984 = CARTESIAN_POINT ( 'NONE',  ( 1296.588123349470607, 742.4504450320430351, 112.2838797961327515 ) ) ;
#5985 = CARTESIAN_POINT ( 'NONE',  ( 788.4263783286231728, 88.60193039257526948, 42.78534349574335494 ) ) ;
#5986 = CARTESIAN_POINT ( 'NONE',  ( 1009.939135804419379, 184.2425513970635507, -67.94551615557783464 ) ) ;
#5987 = EDGE_LOOP ( 'NONE', ( #6635, #1717, #2769, #5005 ) ) ;
#5988 = CARTESIAN_POINT ( 'NONE',  ( 1180.257448149732454, 438.9504017411621248, 58.69876798958777897 ) ) ;
#5989 = CARTESIAN_POINT ( 'NONE',  ( 1424.777461831798519, 865.6446838293959445, -26.12864097381810069 ) ) ;
#5990 = CARTESIAN_POINT ( 'NONE',  ( 1325.891255712320799, 548.2339669207103725, -57.36212666966248008 ) ) ;
#5991 = CARTESIAN_POINT ( 'NONE',  ( 732.5364679613226144, 62.00477129060044490, 39.36510657152092563 ) ) ;
#5992 = CARTESIAN_POINT ( 'NONE',  ( 676.2455146325504529, 27.51598270740064578, -9.972471530600909517 ) ) ;
#5993 = CARTESIAN_POINT ( 'NONE',  ( 1011.131889291824450, 178.6901181101881946, -72.88893386955744802 ) ) ;
#5994 = CARTESIAN_POINT ( 'NONE',  ( 1253.951992379735884, 409.0694262413416595, -101.6330051845226592 ) ) ;
#5995 = CARTESIAN_POINT ( 'NONE',  ( 950.9236223904604230, 180.6689665834777543, 13.34227891403427790 ) ) ;
#5996 = CARTESIAN_POINT ( 'NONE',  ( 1304.886258931997645, 725.8998836206551459, 95.30524718647696147 ) ) ;
#5997 = CARTESIAN_POINT ( 'NONE',  ( 1213.004427700678889, 515.3688254576028385, 68.25269987326294086 ) ) ;
#5998 = CARTESIAN_POINT ( 'NONE',  ( 1319.370162412340505, 562.3776039236017823, -31.75024462185754714 ) ) ;
#5999 = CARTESIAN_POINT ( 'NONE',  ( 1401.034867716326517, 1005.291703735486067, 54.53917703085398472 ) ) ;
#6000 = CARTESIAN_POINT ( 'NONE',  ( 842.2860734057189802, 126.9293128504075412, 50.03071821557117005 ) ) ;
#6001 = CARTESIAN_POINT ( 'NONE',  ( 1324.594532646201969, 551.0171013779807936, -71.14625803372804569 ) ) ;
#6002 = CARTESIAN_POINT ( 'NONE',  ( 560.0000000000003411, -6.901469079049043387, 0.6218703676066009711 ) ) ;
#6003 = CARTESIAN_POINT ( 'NONE',  ( 1357.282826469388056, 621.3409847077622317, -64.34471551872839257 ) ) ;
#6004 = CARTESIAN_POINT ( 'NONE',  ( 579.5050624566495117, -6.962184344023351734, -10.85239933791375755 ) ) ;
#6005 = CARTESIAN_POINT ( 'NONE',  ( 1138.450838996186349, 382.5353296672685133, 41.96380794244166168 ) ) ;
#6006 = CARTESIAN_POINT ( 'NONE',  ( 732.4718000056394658, 62.88513444646838479, 33.03118748833296792 ) ) ;
#6007 = CARTESIAN_POINT ( 'NONE',  ( 1289.779258920289521, 481.2585929731283159, -83.74189049243355498 ) ) ;
#6008 = CARTESIAN_POINT ( 'NONE',  ( 952.0452914010214727, 174.5339473283338236, 0.3804807068468273878 ) ) ;
#6009 = CARTESIAN_POINT ( 'NONE',  ( 1405.752219660670107, 964.2888636452460105, 41.95704888084525663 ) ) ;
#6010 = CARTESIAN_POINT ( 'NONE',  ( 618.6082085136708884, 6.634635190233673541, -25.84103450551675607 ) ) ;
#6011 = CARTESIAN_POINT ( 'NONE',  ( 1267.686320252767018, 533.5839729393287598, 22.77804928952376429 ) ) ;
#6012 = CARTESIAN_POINT ( 'NONE',  ( 899.0919302939521458, 138.4982620148607566, 1.447354989571247863 ) ) ;
#6013 = CARTESIAN_POINT ( 'NONE',  ( 958.2228221005583464, 140.8383440460462452, -55.66902887140444989 ) ) ;
#6014 = CARTESIAN_POINT ( 'NONE',  ( 1089.375862686025130, 346.8821793381733301, 68.40174939652352748 ) ) ;
#6015 = CARTESIAN_POINT ( 'NONE',  ( 676.6856542303571587, 17.43458480628346408, -2.813769847583252659 ) ) ;
#6016 = CARTESIAN_POINT ( 'NONE',  ( 1175.149376717360610, 453.5547834789779245, 64.88202862149397276 ) ) ;
#6017 = CARTESIAN_POINT ( 'NONE',  ( 618.6753415682970854, 2.916117002857205431, -31.50310906059432270 ) ) ;
#6018 = CARTESIAN_POINT ( 'NONE',  ( 1208.165343763303326, 358.9823947638420236, -81.16384482895151109 ) ) ;
#6019 = CARTESIAN_POINT ( 'NONE',  ( 842.2617396779128285, 127.1553604553854484, 55.94111280667914343 ) ) ;
#6020 = CARTESIAN_POINT ( 'NONE',  ( 1396.882234168813966, 977.7606583663402944, 57.38621301042488909 ) ) ;
#6021 = CARTESIAN_POINT ( 'NONE',  ( 1010.054324839113633, 183.7055026722306366, -69.14212381326734658 ) ) ;
#6022 = CARTESIAN_POINT ( 'NONE',  ( 1000.631333636293789, 227.7419306468696902, 44.08401399733032378 ) ) ;
#6023 = CARTESIAN_POINT ( 'NONE',  ( 1195.824107065648377, 394.3134951154389114, -28.98643348249338914 ) ) ;
#6024 = CARTESIAN_POINT ( 'NONE',  ( 1205.271566013604343, 367.2891207837504908, -57.49251722450856761 ) ) ;
#6025 = CARTESIAN_POINT ( 'NONE',  ( 1347.799654651541232, 880.9433880053534267, 102.6369699316384185 ) ) ;
#6026 = CARTESIAN_POINT ( 'NONE',  ( 1313.836555795445520, 574.3473499679503220, -31.65103467121362257 ) ) ;
#6027 = CARTESIAN_POINT ( 'NONE',  ( 1162.122824354205250, 307.1275597672211006, -91.00480416341912360 ) ) ;
#6028 = CARTESIAN_POINT ( 'NONE',  ( 618.6913744825499180, 2.007346228091299700, -31.50249716193933480 ) ) ;
#6029 = CARTESIAN_POINT ( 'NONE',  ( 1049.680603097824815, 272.2717435004902313, 25.44414799784157566 ) ) ;
#6030 = CARTESIAN_POINT ( 'NONE',  ( 788.6794503914393317, 85.93767795756539840, 39.19363641884083904 ) ) ;
#6031 =( GEOMETRIC_REPRESENTATION_CONTEXT ( 3 ) GLOBAL_UNCERTAINTY_ASSIGNED_CONTEXT ( ( #5160 ) ) GLOBAL_UNIT_ASSIGNED_CONTEXT ( ( #1341, #2935, #5210 ) ) REPRESENTATION_CONTEXT ( 'NONE', 'WORKASPACE' ) );
#6032 = CARTESIAN_POINT ( 'NONE',  ( 1135.010724232376788, 393.4946253142305750, 58.92702966095523465 ) ) ;
#6033 = CARTESIAN_POINT ( 'NONE',  ( 1412.480663919373228, 770.5645801668725881, -40.03338067985258419 ) ) ;
#6034 = CARTESIAN_POINT ( 'NONE',  ( 1086.963255678331734, 355.5149265713079672, 87.94065812869426679 ) ) ;
#6035 = CARTESIAN_POINT ( 'NONE',  ( 1087.256219606892728, 354.4593411427970864, 80.66711528031270007 ) ) ;
#6036 = CARTESIAN_POINT ( 'NONE',  ( 955.6688872547515530, 154.7162937747779381, -45.73947949665087265 ) ) ;
#6037 = CARTESIAN_POINT ( 'NONE',  ( 1427.754559556389268, 860.9707433308585678, -20.68393309253663404 ) ) ;
#6038 = CARTESIAN_POINT ( 'NONE',  ( 560.0000000000002274, 3.688462672321541014, 9.889969389168312475 ) ) ;
#6039 = CARTESIAN_POINT ( 'NONE',  ( 1378.349976920604604, 938.6045808748642685, 69.27735374310871919 ) ) ;
#6040 = CARTESIAN_POINT ( 'NONE',  ( 1363.128634492915353, 609.6740019991672170, -84.65819294237626025 ) ) ;
#6041 = CARTESIAN_POINT ( 'NONE',  ( 1303.284097172354222, 597.2292585789952000, 2.982128303472260988 ) ) ;
#6042 = CARTESIAN_POINT ( 'NONE',  ( 1217.906822600236637, 502.6647007011508776, 64.61385998244674056 ) ) ;
#6043 = CARTESIAN_POINT ( 'NONE',  ( 1060.319508212156506, 229.1192955426182607, -61.46486226045715284 ) ) ;
#6044 = CARTESIAN_POINT ( 'NONE',  ( 845.7896113629417414, 98.55660282087474400, 14.22500954225472469 ) ) ;
#6045 = CARTESIAN_POINT ( 'NONE',  ( 951.6749137180099751, 176.5597556013264011, 4.710391513707034683 ) ) ;
#6046 = CARTESIAN_POINT ( 'NONE',  ( 1011.413094847404295, 177.4292387414492396, -60.55638833436506019 ) ) ;
#6047 = CARTESIAN_POINT ( 'NONE',  ( 895.5685464789828529, 161.6263394841505487, 50.75622994537420851 ) ) ;
#6048 = CARTESIAN_POINT ( 'NONE',  ( 1313.225902859214102, 575.7006326340061833, -10.65659884800553314 ) ) ;
#6049 = CARTESIAN_POINT ( 'NONE',  ( 1175.742253298265723, 451.8561252133019934, 62.42193168957835780 ) ) ;
#6050 = CARTESIAN_POINT ( 'NONE',  ( 1451.466677809061594, 894.8575827467341242, -63.25942080693847203 ) ) ;
#6051 = CARTESIAN_POINT ( 'NONE',  ( 958.2228221005583464, 140.8383440460462452, -55.66902887140444989 ) ) ;
#6052 = CARTESIAN_POINT ( 'NONE',  ( 1368.818516164455104, 953.5826410716103965, 92.01104196258370393 ) ) ;
#6053 = CARTESIAN_POINT ( 'NONE',  ( 560.0000000000001137, 2.669381653265472831, 18.94430296423173488 ) ) ;
#6054 = CARTESIAN_POINT ( 'NONE',  ( 676.5741994066554525, 19.72015199075350722, -34.62983895029270087 ) ) ;
#6055 = CARTESIAN_POINT ( 'NONE',  ( 1286.074079844008338, 634.5618560957693717, 69.05581441462553016 ) ) ;
#6056 = CARTESIAN_POINT ( 'NONE',  ( 618.5207224958135157, 11.71912701913351107, -6.568364631091307970 ) ) ;
#6057 = CARTESIAN_POINT ( 'NONE',  ( 1061.825226821881188, 223.0966652917584554, -44.65246589740188909 ) ) ;
#6058 = CARTESIAN_POINT ( 'NONE',  ( 1111.743061577936487, 266.9949958958410434, -50.88608356946866706 ) ) ;
#6059 = CARTESIAN_POINT ( 'NONE',  ( 1325.572422714897584, 807.0642032187190580, 104.9239389108686709 ) ) ;
#6060 = CARTESIAN_POINT ( 'NONE',  ( 559.9999999999997726, -0.5040179836983992301, -9.297184006947665225 ) ) ;
#6061 = CARTESIAN_POINT ( 'NONE',  ( 676.7118223780970538, 16.49149906841156366, -36.62052247117748038 ) ) ;
#6062 = CARTESIAN_POINT ( 'NONE',  ( 1254.002026494028769, 408.9406960769695729, -101.1569801399781454 ) ) ;
#6063 = CARTESIAN_POINT ( 'NONE',  ( 789.1408889436942218, 80.94368031820958720, 12.51847439966247322 ) ) ;
#6064 = CARTESIAN_POINT ( 'NONE',  ( 1355.823833209690747, 867.2518421829597628, 86.85029727098745411 ) ) ;
#6065 = CARTESIAN_POINT ( 'NONE',  ( 1408.873051435720754, 993.7162794098591121, 37.79078954968399984 ) ) ;
#6066 = CARTESIAN_POINT ( 'NONE',  ( 618.7651528688717235, -1.700225894060756193, -15.34768109633630573 ) ) ;
#6067 = CARTESIAN_POINT ( 'NONE',  ( 579.3787749465570869, 10.59769919453218989, 26.22418434408420751 ) ) ;
#6068 = CARTESIAN_POINT ( 'NONE',  ( 1239.235836536095121, 600.8846964101816184, 99.17209115499022687 ) ) ;
#6069 = CARTESIAN_POINT ( 'NONE',  ( 955.3450296795875829, 156.4866879592183011, -41.29920509679832463 ) ) ;
#6070 = CARTESIAN_POINT ( 'NONE',  ( 559.9999999999995453, -9.554631410338712882, -8.543515159396779524 ) ) ;
#6071 = CARTESIAN_POINT ( 'NONE',  ( 1391.035222666177788, 918.6710955989763079, 44.68970429445166559 ) ) ;
#6072 = CARTESIAN_POINT ( 'NONE',  ( 1243.306371811595909, 591.2515365051536946, 86.09348813984924220 ) ) ;
#6073 = CARTESIAN_POINT ( 'NONE',  ( 1248.051904029277466, 424.3734943178764070, -78.97218976888991904 ) ) ;
#6074 = CARTESIAN_POINT ( 'NONE',  ( 1052.957540931070980, 258.9802578133797510, 0.9667263781091388619 ) ) ;
#6075 = CARTESIAN_POINT ( 'NONE',  ( 1178.720742132801888, 443.3508177596027622, 64.35264929178958937 ) ) ;
#6076 = CARTESIAN_POINT ( 'NONE',  ( 846.8798863895738123, 89.52123261392401332, -42.27718840985890836 ) ) ;
#6077 = CARTESIAN_POINT ( 'NONE',  ( 560.0000000000003411, -5.064434447460211430, 5.031489728451505883 ) ) ;
#6078 = CARTESIAN_POINT ( 'NONE',  ( 789.5470931390697160, 76.63392325473226663, 0.9007775174109202698 ) ) ;
#6079 = CARTESIAN_POINT ( 'NONE',  ( 1450.768096933051993, 931.8457050351729549, -42.66923305034084990 ) ) ;
#6080 = CARTESIAN_POINT ( 'NONE',  ( 1330.652668238003344, 797.7112312848481679, 84.58769443726903603 ) ) ;
#6081 = CARTESIAN_POINT ( 'NONE',  ( 901.3255159676114090, 123.9857337780113369, 1.128079571055425001 ) ) ;
#6082 = CARTESIAN_POINT ( 'NONE',  ( 1309.344017529945859, 716.9976541827104484, 73.64958823734527016 ) ) ;
#6083 = CARTESIAN_POINT ( 'NONE',  ( 1010.207162124465299, 182.9932028736250800, -70.26178143628233386 ) ) ;
#6084 = CARTESIAN_POINT ( 'NONE',  ( 848.2302985153869486, 78.64511879748194190, -46.92885971218977659 ) ) ;
#6085 = CARTESIAN_POINT ( 'NONE',  ( 618.3817738227165819, 20.27533410536993586, 31.64775397980601568 ) ) ;
#6086 = CARTESIAN_POINT ( 'NONE',  ( 579.4050914160555976, 6.926799868096072288, 20.84222828089216151 ) ) ;
#6087 = CARTESIAN_POINT ( 'NONE',  ( 1292.393154480713292, 475.0709390579021374, -95.91856992795186443 ) ) ;
#6088 = CARTESIAN_POINT ( 'NONE',  ( 676.6046276443897796, 19.36139118061101172, 1.847918142841600275 ) ) ;
#6089 = CARTESIAN_POINT ( 'NONE',  ( 579.4336888002578689, 2.939467034728483696, 14.41483748751633165 ) ) ;
#6090 = CARTESIAN_POINT ( 'NONE',  ( 1004.867242379282175, 207.9065578530611731, -13.55072479715338218 ) ) ;
#6091 = CARTESIAN_POINT ( 'NONE',  ( 1062.256880412455985, 221.3415775061637305, -50.15370314034512944 ) ) ;
#6092 = CARTESIAN_POINT ( 'NONE',  ( 1205.271566013604343, 367.2891207837504908, -57.49251722450856761 ) ) ;
#6093 = CARTESIAN_POINT ( 'NONE',  ( 579.3925468298756414, 8.677527514164021127, 23.32628705740042463 ) ) ;
#6094 = CARTESIAN_POINT ( 'NONE',  ( 1105.457769052315825, 289.3949433121442780, -30.85027216429349650 ) ) ;
#6095 = CARTESIAN_POINT ( 'NONE',  ( 1453.949304063650516, 927.1477005327673169, -53.88173697703620491 ) ) ;
#6096 = CARTESIAN_POINT ( 'NONE',  ( 1454.146538695640402, 926.8564245639057617, -53.73091427567534595 ) ) ;
#6097 = CARTESIAN_POINT ( 'NONE',  ( 1133.462075969403941, 398.4529576981732930, 77.74221648654105365 ) ) ;
#6098 = CARTESIAN_POINT ( 'NONE',  ( 1246.834825921124548, 582.9013918188538810, 74.73917485004359662 ) ) ;
#6099 = CARTESIAN_POINT ( 'NONE',  ( 1203.763800566496457, 371.6129751031680826, -47.49480531084242330 ) ) ;
#6100 = CARTESIAN_POINT ( 'NONE',  ( 1128.957186711115128, 412.7858964256085983, 92.90356613884097214 ) ) ;
#6101 = CARTESIAN_POINT ( 'NONE',  ( 1357.282826469388056, 621.3409847077622317, -64.34471551872839257 ) ) ;
#6102 = CARTESIAN_POINT ( 'NONE',  ( 1192.617266776059751, 403.5524754436037256, 9.009147874233862652 ) ) ;
#6103 = CARTESIAN_POINT ( 'NONE',  ( 1347.799654651541232, 880.9433880053534267, 102.6369699316384185 ) ) ;
#6104 = CARTESIAN_POINT ( 'NONE',  ( 1202.140058002382375, 376.2679964145772260, -37.67447154439248180 ) ) ;
#6105 = CARTESIAN_POINT ( 'NONE',  ( 896.8744052366944288, 153.0559221834783159, 33.40823111748257901 ) ) ;
#6106 = CARTESIAN_POINT ( 'NONE',  ( 732.3786519108926996, 64.27304122424902744, 36.27365040977086608 ) ) ;
#6107 = CARTESIAN_POINT ( 'NONE',  ( 733.9767764730994486, 40.43073331118046809, -34.54421953610003015 ) ) ;
#6108 = CARTESIAN_POINT ( 'NONE',  ( 1268.135093389413214, 532.4909138351332558, 2.730141738791107997 ) ) ;
#6109 = CARTESIAN_POINT ( 'NONE',  ( 733.2399331574999906, 51.60938865346294335, 24.43439482674940066 ) ) ;
#6110 = CARTESIAN_POINT ( 'NONE',  ( 579.4508113949262906, 0.7422169965727672958, -19.70702161211120540 ) ) ;
#6111 = CARTESIAN_POINT ( 'NONE',  ( 790.7265407782381317, 64.35388102336213478, 3.300567174536588322 ) ) ;
#6112 = CARTESIAN_POINT ( 'NONE',  ( 950.9236223904604230, 180.6689665834777543, 13.34227891403427790 ) ) ;
#6113 = CARTESIAN_POINT ( 'NONE',  ( 1367.438859250830774, 601.0889176621174101, -87.00635696122277807 ) ) ;
#6114 = CARTESIAN_POINT ( 'NONE',  ( 788.1007138585993061, 91.97565905838592926, 39.97186408703309723 ) ) ;
#6115 = CARTESIAN_POINT ( 'NONE',  ( 1057.100362551979060, 242.2651126618831654, -2.727848226289239619 ) ) ;
#6116 = CARTESIAN_POINT ( 'NONE',  ( 997.5425919256249472, 242.0923201948504584, 51.76669331175290978 ) ) ;
#6117 = CARTESIAN_POINT ( 'NONE',  ( 1206.697543181150650, 363.1529482633339967, -89.86911041319645221 ) ) ;
#6118 = CARTESIAN_POINT ( 'NONE',  ( 946.2722008139508034, 206.1286497775906241, 68.88012138888009872 ) ) ;
#6119 = CARTESIAN_POINT ( 'NONE',  ( 1173.596165191162754, 458.0243589062392289, 82.52820670645840551 ) ) ;
#6120 = CARTESIAN_POINT ( 'NONE',  ( 1250.037372523666818, 419.2189086443967199, -89.14996216908670590 ) ) ;
#6121 = CARTESIAN_POINT ( 'NONE',  ( 1338.818852163676411, 658.2078147170155944, 9.932808827224727466 ) ) ;
#6122 = CARTESIAN_POINT ( 'NONE',  ( 1138.380474886827869, 382.7968806198989000, 57.96229020988528902 ) ) ;
#6123 = CARTESIAN_POINT ( 'NONE',  ( 1054.278075846408683, 253.6239737435925861, -9.243028468085928040 ) ) ;
#6124 = CARTESIAN_POINT ( 'NONE',  ( 1290.297375534927369, 480.0654497320304017, -66.74720701516243082 ) ) ;
#6125 = CARTESIAN_POINT ( 'NONE',  ( 560.0000000000004547, -9.971013340054559748, -16.47419281282438064 ) ) ;
#6126 = CARTESIAN_POINT ( 'NONE',  ( 999.4652505417997190, 233.1197177442527959, 35.68875739887715071 ) ) ;
#6127 = CARTESIAN_POINT ( 'NONE',  ( 579.4228282795428413, 4.604154860297642315, -3.715138613403848211 ) ) ;
#6128 = CARTESIAN_POINT ( 'NONE',  ( 1451.893863366974756, 823.0234660604531882, -91.02002868276505865 ) ) ;
#6129 = CARTESIAN_POINT ( 'NONE',  ( 847.8763910688703618, 81.44710914341698071, -54.39021083475360996 ) ) ;
#6130 = CARTESIAN_POINT ( 'NONE',  ( 1050.940704592509064, 267.1607848791671245, 16.19939940068946171 ) ) ;
#6131 = CARTESIAN_POINT ( 'NONE',  ( 788.5679424239723403, 87.11181606936364119, 40.82609207017260644 ) ) ;
#6132 = CARTESIAN_POINT ( 'NONE',  ( 1443.023603218705603, 943.2827680257929615, -29.53611273115558333 ) ) ;
#6133 = CARTESIAN_POINT ( 'NONE',  ( 842.8834602401459506, 122.0629417801380470, 39.61450431659800131 ) ) ;
#6134 = CARTESIAN_POINT ( 'NONE',  ( 1416.078304218765879, 764.4229630769242476, -50.36321951621037840 ) ) ;
#6135 = CARTESIAN_POINT ( 'NONE',  ( 842.3454055056483867, 126.4831695762403143, 55.58924648074912511 ) ) ;
#6136 = PRODUCT_DEFINITION_FORMATION_WITH_SPECIFIED_SOURCE ( 'ANY', '', #4908, .NOT_KNOWN. ) ;
#6137 = CARTESIAN_POINT ( 'NONE',  ( 560.0000000000003411, -1.599338001805342246, -14.21987058397533588 ) ) ;
#6138 = CARTESIAN_POINT ( 'NONE',  ( 947.4152055823127512, 199.8965597149650080, 60.89889423423068138 ) ) ;
#6139 = CARTESIAN_POINT ( 'NONE',  ( 579.3925468298756414, 8.677527514164021127, 23.32628705740042463 ) ) ;
#6140 = CARTESIAN_POINT ( 'NONE',  ( 1387.866274046389435, 692.4127029658462789, -46.20952712802927209 ) ) ;
#6141 = CARTESIAN_POINT ( 'NONE',  ( 949.1781017331800285, 190.2155434160918048, 32.61054694669218179 ) ) ;
#6142 = CARTESIAN_POINT ( 'NONE',  ( 946.9350825299044345, 202.4809864916280446, 55.86253199161670580 ) ) ;
#6143 = CARTESIAN_POINT ( 'NONE',  ( 956.3269725213554011, 151.1205649027552909, -54.60275707561716985 ) ) ;
#6144 = CARTESIAN_POINT ( 'NONE',  ( 1430.039960958510846, 962.4570019853824761, 4.756425186391249227 ) ) ;
#6145 = CARTESIAN_POINT ( 'NONE',  ( 1367.077855230245859, 848.0488389526635729, 64.57262900109896009 ) ) ;
#6146 = CARTESIAN_POINT ( 'NONE',  ( 1157.564013510331279, 321.6375404338902513, -66.87180489037449149 ) ) ;
#6147 = CARTESIAN_POINT ( 'NONE',  ( 1150.390222033677901, 344.5582428143495690, 2.748746618699047239 ) ) ;
#6148 = CARTESIAN_POINT ( 'NONE',  ( 1361.557864667319564, 740.8271612174820575, 9.977829834988654056 ) ) ;
#6149 = CARTESIAN_POINT ( 'NONE',  ( 1333.622278655706623, 531.4564425665113276, -95.42646567274073277 ) ) ;
#6150 = CARTESIAN_POINT ( 'NONE',  ( 1011.438924407677405, 177.3062266658774604, -61.79209920275109624 ) ) ;
#6151 = CARTESIAN_POINT ( 'NONE',  ( 1404.807114840639088, 999.7208517768908678, 45.00665944608735458 ) ) ;
#6152 = CARTESIAN_POINT ( 'NONE',  ( 1006.382749416210345, 200.9358816798382747, 1.952637481730669311 ) ) ;
#6153 = AXIS2_PLACEMENT_3D ( 'NONE', #4970, #4935, #2227 ) ;
#6154 = CARTESIAN_POINT ( 'NONE',  ( 1246.834825921124548, 582.9013918188538810, 74.73917485004359662 ) ) ;
#6155 = CARTESIAN_POINT ( 'NONE',  ( 1451.414670551398558, 930.8908455603167340, -49.21475938777339110 ) ) ;
#6156 = CARTESIAN_POINT ( 'NONE',  ( 1204.811364615163484, 536.6425979837504201, 104.9130033578484529 ) ) ;
#6157 = CARTESIAN_POINT ( 'NONE',  ( 948.0714873563259744, 196.3173517504719428, 56.48955023278776366 ) ) ;
#6158 = CARTESIAN_POINT ( 'NONE',  ( 579.4624711010396823, -0.8898125431042394062, -23.81770197730974203 ) ) ;
#6159 = CARTESIAN_POINT ( 'NONE',  ( 560.0000000000000000, -10.04627459938607892, -12.71937456104660846 ) ) ;
#6160 = CARTESIAN_POINT ( 'NONE',  ( 733.2923607270685125, 50.83408657579652612, 23.19085472349966182 ) ) ;
#6161 = CARTESIAN_POINT ( 'NONE',  ( 1149.330691419535015, 347.8719320137673208, -15.81725454219687776 ) ) ;
#6162 = CARTESIAN_POINT ( 'NONE',  ( 559.9999999999997726, -9.888308322695072761, -17.26971500982228491 ) ) ;
#6163 = CARTESIAN_POINT ( 'NONE',  ( 1204.279091998666445, 370.1354262920600036, -50.80398387377186253 ) ) ;
#6164 = CARTESIAN_POINT ( 'NONE',  ( 1408.074526616531557, 960.7608003749400041, 30.57645919107747190 ) ) ;
#6165 = CARTESIAN_POINT ( 'NONE',  ( 676.1577210897834220, 29.62782134947307711, -2.705592088473199208 ) ) ;
#6166 = CARTESIAN_POINT ( 'NONE',  ( 675.6809885954177162, 41.15415729308245574, 35.86352511918193642 ) ) ;
#6167 = CARTESIAN_POINT ( 'NONE',  ( 957.8246270922592203, 142.9537664966895250, -66.66977706194342090 ) ) ;
#6168 = CARTESIAN_POINT ( 'NONE',  ( 734.5671958958029109, 31.77739335147926880, -39.39216592202284062 ) ) ;
#6169 = CARTESIAN_POINT ( 'NONE',  ( 897.7110347248935796, 147.5639878180010953, 21.73519772778963244 ) ) ;
#6170 = CARTESIAN_POINT ( 'NONE',  ( 732.9127392990899352, 56.44605472656876088, 31.77728384546158580 ) ) ;
#6171 = CARTESIAN_POINT ( 'NONE',  ( 676.3424318954997716, 25.18956395717980712, -18.48874046164261742 ) ) ;
#6172 = CARTESIAN_POINT ( 'NONE',  ( 1380.481233908672266, 935.2555793246571056, 65.16108091000103286 ) ) ;
#6173 = CARTESIAN_POINT ( 'NONE',  ( 618.7669085155009725, -1.817102885131029577, -16.41885484734580203 ) ) ;
#6174 = CARTESIAN_POINT ( 'NONE',  ( 579.3826973205816557, 10.04974616185524816, 25.44198081961935287 ) ) ;
#6175 = CARTESIAN_POINT ( 'NONE',  ( 1107.877472835738217, 280.7439447107411183, -48.71698050461571938 ) ) ;
#6176 = CARTESIAN_POINT ( 'NONE',  ( 1430.122532300415514, 740.4399014198439772, -98.86924172908292974 ) ) ;
#6177 = CARTESIAN_POINT ( 'NONE',  ( 1429.659871020360015, 741.2302763597700732, -96.87256738655237598 ) ) ;
#6178 = CARTESIAN_POINT ( 'NONE',  ( 1404.376155723427019, 1000.357291904771159, 50.13504385157526855 ) ) ;
#6179 = CARTESIAN_POINT ( 'NONE',  ( 1392.200658332221565, 984.8712255786560945, 65.44535992843925953 ) ) ;
#6180 = CARTESIAN_POINT ( 'NONE',  ( 1385.122821921562490, 697.4635217744769307, -37.73910417027597219 ) ) ;
#6181 = CARTESIAN_POINT ( 'NONE',  ( 1370.058977957768320, 842.9536234370710872, 47.12452601908801597 ) ) ;
#6182 = CARTESIAN_POINT ( 'NONE',  ( 1273.523629058453935, 661.7554856974396671, 91.45116279254774838 ) ) ;
#6183 = CARTESIAN_POINT ( 'NONE',  ( 1060.319508212156506, 229.1192955426182607, -61.46486226045715284 ) ) ;
#6184 = CARTESIAN_POINT ( 'NONE',  ( 844.9594605382317241, 105.1542929596536453, -0.02756284639779415374 ) ) ;
#6185 = CARTESIAN_POINT ( 'NONE',  ( 579.4440614430508276, 1.494423629050198210, 11.82568284936011338 ) ) ;
#6186 = CARTESIAN_POINT ( 'NONE',  ( 1288.544269731218264, 484.1818145267378100, -78.35169224822017497 ) ) ;
#6187 = CARTESIAN_POINT ( 'NONE',  ( 1102.620504008173839, 299.6057669734443607, 13.18686520240423832 ) ) ;
#6188 = CARTESIAN_POINT ( 'NONE',  ( 1403.436828409950067, 899.1825476180266605, 19.61832290484930041 ) ) ;
#6189 = CARTESIAN_POINT ( 'NONE',  ( 1333.622278655706623, 531.4564425665113276, -95.42646567274073277 ) ) ;
#6190 = CARTESIAN_POINT ( 'NONE',  ( 787.9984528914129669, 93.05889487755162293, 42.06696411403863323 ) ) ;
#6191 = CARTESIAN_POINT ( 'NONE',  ( 842.9324613428200337, 121.6638990773043076, 38.74119549724408529 ) ) ;
#6192 = CARTESIAN_POINT ( 'NONE',  ( 1447.940863006499740, 829.2360540428652484, -83.21343172679742395 ) ) ;
#6193 = CARTESIAN_POINT ( 'NONE',  ( 1416.494743924001114, 947.9735413501877019, 22.18365412174482287 ) ) ;
#6194 = CARTESIAN_POINT ( 'NONE',  ( 579.3826973205816557, 10.04974616185524816, 25.44198081961935287 ) ) ;
#6195 = CARTESIAN_POINT ( 'NONE',  ( 1213.322492822956292, 514.5600584821617076, 79.31538185612872383 ) ) ;
#6196 = CARTESIAN_POINT ( 'NONE',  ( 1330.170959304703501, 538.9238375233164788, -93.11570121547184442 ) ) ;
#6197 = CARTESIAN_POINT ( 'NONE',  ( 560.0000000000000000, -9.557350824640069575, -8.509976067930299592 ) ) ;
#6198 = CARTESIAN_POINT ( 'NONE',  ( 898.3157334167192403, 143.6931644133427426, 34.36650335483930263 ) ) ;
#6199 = CARTESIAN_POINT ( 'NONE',  ( 1392.235737018540931, 805.1061017192300824, -3.387631437138602486 ) ) ;
#6200 = CARTESIAN_POINT ( 'NONE',  ( 1396.601999106175526, 676.3271954107965485, -76.11727000938734022 ) ) ;
#6201 = CARTESIAN_POINT ( 'NONE',  ( 618.7689495475157173, -2.011956288416465011, -20.72417741594436436 ) ) ;
#6202 = CARTESIAN_POINT ( 'NONE',  ( 843.6049297802488809, 116.1875766651677964, 26.51407186726685339 ) ) ;
#6203 = CARTESIAN_POINT ( 'NONE',  ( 1205.536350705327550, 534.7557810588244820, 95.42457676633871699 ) ) ;
#6204 = CARTESIAN_POINT ( 'NONE',  ( 1193.292100047304757, 401.5692598261550756, -16.51152102793983900 ) ) ;
#6205 = CARTESIAN_POINT ( 'NONE',  ( 1402.525792770118642, 1003.089906641509515, 48.85182919390071987 ) ) ;
#6206 = CARTESIAN_POINT ( 'NONE',  ( 734.3015005944855602, 35.65140639499654185, -42.36989198087866271 ) ) ;
#6207 = CARTESIAN_POINT ( 'NONE',  ( 1048.516590536150488, 276.9928082434523731, 33.80369172159928581 ) ) ;
#6208 = CARTESIAN_POINT ( 'NONE',  ( 560.0000000000007958, 1.792195539231343560, 17.59567940589592183 ) ) ;
#6209 = CARTESIAN_POINT ( 'NONE',  ( 1433.621399766490185, 851.7445361379830047, -46.90191664218338730 ) ) ;
#6210 = CARTESIAN_POINT ( 'NONE',  ( 560.0000000000000000, 5.417751158778692400, 17.25640215648958531 ) ) ;
#6211 = CARTESIAN_POINT ( 'NONE',  ( 847.9234631150169434, 81.20181450788484767, -26.14524062965351447 ) ) ;
#6212 = CARTESIAN_POINT ( 'NONE',  ( 560.0000000000004547, -1.239253799370273024, -12.66803363572098462 ) ) ;
#6213 = CARTESIAN_POINT ( 'NONE',  ( 848.0935723343670816, 79.70113761189406887, -53.71006733952512491 ) ) ;
#6214 = CARTESIAN_POINT ( 'NONE',  ( 618.7296220535317843, -0.08561104342568834347, -30.18203065735907131 ) ) ;
#6215 = CARTESIAN_POINT ( 'NONE',  ( 1171.657387834403835, 463.5752328729304281, 88.87519225936108569 ) ) ;
#6216 = CARTESIAN_POINT ( 'NONE',  ( 1061.100064094697473, 226.0420842418933773, -36.50154034133439751 ) ) ;
#6217 = CARTESIAN_POINT ( 'NONE',  ( 1286.761128242703762, 633.0553017692152480, 53.68037359455863111 ) ) ;
#6218 = CARTESIAN_POINT ( 'NONE',  ( 895.5685464789828529, 161.6263394841505487, 50.75622994537420851 ) ) ;
#6219 = CARTESIAN_POINT ( 'NONE',  ( 676.4597656296685955, 22.39856428004985744, -28.18508317604938185 ) ) ;
#6220 = CARTESIAN_POINT ( 'NONE',  ( 1450.037756888423928, 932.9242707107463275, -45.76761574976407587 ) ) ;
#6221 = CARTESIAN_POINT ( 'NONE',  ( 1255.546799903411056, 562.3057642990601153, 61.01849246685267047 ) ) ;
#6222 = CARTESIAN_POINT ( 'NONE',  ( 1326.445949268059394, 547.0017934990988806, -78.43096317159277930 ) ) ;
#6223 = CARTESIAN_POINT ( 'NONE',  ( 1192.617266776059751, 403.5524754436037256, 9.009147874233862652 ) ) ;
#6224 = CARTESIAN_POINT ( 'NONE',  ( 789.3642097019409221, 78.57428937057754581, 6.188551143105945229 ) ) ;
#6225 = CARTESIAN_POINT ( 'NONE',  ( 1427.794284459895152, 744.4167731158817105, -89.51476570231920959 ) ) ;
#6226 = CARTESIAN_POINT ( 'NONE',  ( 1405.264381955806130, 999.0455600157167737, 44.28408156717414101 ) ) ;
#6227 = CARTESIAN_POINT ( 'NONE',  ( 579.3835501531626733, 9.987971352920265389, 18.76992508001905335 ) ) ;
#6228 = CARTESIAN_POINT ( 'NONE',  ( 1330.564950890069895, 538.0693302768186186, -94.84885214749253635 ) ) ;
#6229 = CARTESIAN_POINT ( 'NONE',  ( 1052.653684560081956, 260.2847706311282536, 26.71683414012891333 ) ) ;
#6230 = CARTESIAN_POINT ( 'NONE',  ( 1042.484823764392559, 301.4700343960066675, 81.77102397227423580 ) ) ;
#6231 = CARTESIAN_POINT ( 'NONE',  ( 1091.017319067173958, 341.0436505242568614, 71.05961238922030532 ) ) ;
#6232 = CARTESIAN_POINT ( 'NONE',  ( 1398.019444448877721, 673.7050429340563369, -94.16484562730585139 ) ) ;
#6233 = CARTESIAN_POINT ( 'NONE',  ( 560.0000000000000000, -7.391510456961125186, -0.6944439712505160456 ) ) ;
#6234 = CARTESIAN_POINT ( 'NONE',  ( 1050.389898547903613, 269.4557386634560885, 40.17366929630041739 ) ) ;
#6235 = CARTESIAN_POINT ( 'NONE',  ( 1394.940696612972715, 800.4895047161363664, -9.814118520006966051 ) ) ;
#6236 = CARTESIAN_POINT ( 'NONE',  ( 1011.071193238703358, 179.0400719401027345, -51.57128510553850731 ) ) ;
#6237 = CARTESIAN_POINT ( 'NONE',  ( 1365.199612814398506, 605.5604463315737576, -77.08765848855215097 ) ) ;
#6238 = CARTESIAN_POINT ( 'NONE',  ( 579.3962573331563135, 8.246399138010229279, 11.87517679542490789 ) ) ;
#6239 = CARTESIAN_POINT ( 'NONE',  ( 579.3757443155820965, 11.02502666332305736, 26.39537608023395521 ) ) ;
#6240 = CARTESIAN_POINT ( 'NONE',  ( 676.2164491969630262, 28.21469761460686243, -7.548648487453452738 ) ) ;
#6241 = CARTESIAN_POINT ( 'NONE',  ( 618.3649017934228596, 21.16124346512624399, 30.99055967011707935 ) ) ;
#6242 = CARTESIAN_POINT ( 'NONE',  ( 734.3361500245551952, 35.13821430633716147, -42.38956880624301959 ) ) ;
#6243 = CARTESIAN_POINT ( 'NONE',  ( 1395.199908295280011, 912.1265976414392753, 36.38588584068880749 ) ) ;
#6244 = CARTESIAN_POINT ( 'NONE',  ( 1213.322492822956292, 514.5600584821617076, 79.31538185612872383 ) ) ;
#6245 = CARTESIAN_POINT ( 'NONE',  ( 1154.796063639468230, 330.4572265188511437, -48.61700523558705811 ) ) ;
#6246 = CARTESIAN_POINT ( 'NONE',  ( 732.4887814162281074, 62.63154089819391857, 32.32726522164986704 ) ) ;
#6247 = CARTESIAN_POINT ( 'NONE',  ( 1414.893981533611168, 766.4448102853152704, -46.89930676494687134 ) ) ;
#6248 = CARTESIAN_POINT ( 'NONE',  ( 732.4024878081839915, 63.98505098605754426, 42.36940536593574791 ) ) ;
#6249 = CARTESIAN_POINT ( 'NONE',  ( 1442.232730534500206, 944.4507282618570798, -27.75291647704534270 ) ) ;
#6250 = CARTESIAN_POINT ( 'NONE',  ( 1453.825096485630638, 927.3311301985540922, -52.28106892688732898 ) ) ;
#6251 = CARTESIAN_POINT ( 'NONE',  ( 903.7923214949415751, 107.7239105513765196, -57.80656753019994909 ) ) ;
#6252 = CARTESIAN_POINT ( 'NONE',  ( 788.3333904755347703, 89.58095122853983128, 43.99333288846606393 ) ) ;
#6253 = CARTESIAN_POINT ( 'NONE',  ( 1009.567584130291152, 186.0752269632429261, -28.88591132092165381 ) ) ;
#6254 = CARTESIAN_POINT ( 'NONE',  ( 948.1733988198069483, 195.7097872107295871, 43.22626260949449772 ) ) ;
#6255 = CARTESIAN_POINT ( 'NONE',  ( 1373.318481711771710, 946.5107017504540181, 78.24037407104768249 ) ) ;
#6256 = CARTESIAN_POINT ( 'NONE',  ( 733.9599082726799679, 40.68025800351804122, -33.85497796224144196 ) ) ;
#6257 = DATE_AND_TIME ( #3554, #1415 ) ;
#6258 = CARTESIAN_POINT ( 'NONE',  ( 898.3157334167192403, 143.6931644133427426, 34.36650335483930263 ) ) ;
#6259 = CARTESIAN_POINT ( 'NONE',  ( 901.7390120088244885, 121.1228715785019432, -41.78909591612686114 ) ) ;
#6260 = CARTESIAN_POINT ( 'NONE',  ( 1392.783116030636393, 804.1837420205058606, 9.089283592361125486 ) ) ;
#6261 = CARTESIAN_POINT ( 'NONE',  ( 1418.478483988181324, 944.9593178629975228, 10.19555581929054178 ) ) ;
#6262 = AXIS2_PLACEMENT_3D ( 'NONE', #2393, #689, #1929 ) ;
#6263 = CARTESIAN_POINT ( 'NONE',  ( 618.7349103820423579, -0.3575619528947169279, -29.71345465865880442 ) ) ;
#6264 = CARTESIAN_POINT ( 'NONE',  ( 1272.921347067582474, 663.0611253059282717, 92.81739861153937454 ) ) ;
#6265 = CARTESIAN_POINT ( 'NONE',  ( 1044.914544236044094, 291.6011789541031476, 58.58565008753542003 ) ) ;
#6266 = CARTESIAN_POINT ( 'NONE',  ( 847.2851076645243893, 86.23863938263274065, -50.28033489737240558 ) ) ;
#6267 = CARTESIAN_POINT ( 'NONE',  ( 733.7830187385305862, 43.57297569600289933, 10.44674828496869701 ) ) ;
#6268 = CARTESIAN_POINT ( 'NONE',  ( 1087.020107818759698, 355.3128694526629374, 88.12141785769860292 ) ) ;
#6269 = CARTESIAN_POINT ( 'NONE',  ( 1332.587513784637395, 794.1549530362785845, 90.33623785851199273 ) ) ;
#6270 = CARTESIAN_POINT ( 'NONE',  ( 579.4596266420837765, -0.4918206672980013905, -23.02915128509955878 ) ) ;
#6271 = CARTESIAN_POINT ( 'NONE',  ( 1392.238300289719746, 916.7831360165117758, 52.20004267680996435 ) ) ;
#6272 = CARTESIAN_POINT ( 'NONE',  ( 789.8001231887276390, 73.94967259231141554, -6.513871406319031720 ) ) ;
#6273 = CARTESIAN_POINT ( 'NONE',  ( 1330.064339254422521, 539.1799688504797814, -76.27794784551490181 ) ) ;
#6274 = CARTESIAN_POINT ( 'NONE',  ( 1290.982896108024079, 478.4415615699334126, -70.42530184558385997 ) ) ;
#6275 = CARTESIAN_POINT ( 'NONE',  ( 579.3947074355553468, 8.458794033071802332, 12.73863091766218503 ) ) ;
#6276 = CARTESIAN_POINT ( 'NONE',  ( 1391.458573633080732, 985.9972054084654474, 61.66306267988008472 ) ) ;
#6277 = CARTESIAN_POINT ( 'NONE',  ( 899.9538237846617221, 132.8401255806041945, -11.72716732724072841 ) ) ;
#6278 = CARTESIAN_POINT ( 'NONE',  ( 579.3737332485557090, 11.31771778906439607, 25.20207867208591779 ) ) ;
#6279 = CARTESIAN_POINT ( 'NONE',  ( 1451.621928053639749, 823.4508964689134700, -90.66649581382512224 ) ) ;
#6280 = CARTESIAN_POINT ( 'NONE',  ( 618.4362964963808054, 16.78529892234007903, 13.26783108385779641 ) ) ;
#6281 = CARTESIAN_POINT ( 'NONE',  ( 732.9685102952656734, 55.62141627815557854, 30.57680734517323629 ) ) ;
#6282 = CARTESIAN_POINT ( 'NONE',  ( 1242.908044613703396, 437.7304277613388308, -53.46385668111003753 ) ) ;
#6283 = CARTESIAN_POINT ( 'NONE',  ( 560.0000000000000000, 5.789319402887803889, 18.81736001527906765 ) ) ;
#6284 = CARTESIAN_POINT ( 'NONE',  ( 1042.484823764392559, 301.4700343960066675, 81.77102397227423580 ) ) ;
#6285 = CARTESIAN_POINT ( 'NONE',  ( 1058.603959690738520, 236.0767455610793775, -45.60775508129967193 ) ) ;
#6286 = CARTESIAN_POINT ( 'NONE',  ( 618.7060467283693015, 1.184881655588464922, -31.24351053651771082 ) ) ;
#6287 = CARTESIAN_POINT ( 'NONE',  ( 791.6892816492456859, 54.02215759558881558, -47.09051939516326968 ) ) ;
#6288 = CARTESIAN_POINT ( 'NONE',  ( 676.1187832250212750, 30.56599803308445829, 0.5243269497090936593 ) ) ;
#6289 = CARTESIAN_POINT ( 'NONE',  ( 1242.766439076367305, 592.5398970447413376, 97.26265832698736347 ) ) ;
#6290 = CARTESIAN_POINT ( 'NONE',  ( 1417.246159362035087, 762.4291837807888896, -53.84564580075293350 ) ) ;
#6291 = CARTESIAN_POINT ( 'NONE',  ( 1283.355109850930376, 640.4400592122664193, 63.62391666434781712 ) ) ;
#6292 = CARTESIAN_POINT ( 'NONE',  ( 791.3507737633403849, 57.75146396709050123, -12.24234365947088854 ) ) ;
#6293 = CARTESIAN_POINT ( 'NONE',  ( 1404.807114840639088, 999.7208517768908678, 45.00665944608735458 ) ) ;
#6294 = CARTESIAN_POINT ( 'NONE',  ( 956.1522139969134741, 152.0752928819264582, -52.41870765855192360 ) ) ;
#6295 = PERSON_AND_ORGANIZATION_ROLE ( 'creator' ) ;
#6296 = CARTESIAN_POINT ( 'NONE',  ( 1391.544556387565990, 685.6259315393318730, -73.56866640663571388 ) ) ;
#6297 = CARTESIAN_POINT ( 'NONE',  ( 1435.142899154690895, 954.9209863671078438, -5.384593825628733121 ) ) ;
#6298 = CARTESIAN_POINT ( 'NONE',  ( 732.9082464490073789, 56.36666138344864407, 15.06494948960397906 ) ) ;
#6299 = CARTESIAN_POINT ( 'NONE',  ( 1333.273878791038442, 532.2129839563941687, -93.36593649074951884 ) ) ;
#6300 = CARTESIAN_POINT ( 'NONE',  ( 1240.700100150012304, 597.4186970247957333, 93.20884146128382497 ) ) ;
#6301 = CARTESIAN_POINT ( 'NONE',  ( 1133.548726197573842, 398.1519704878911625, 65.88371482274180835 ) ) ;
#6302 = CARTESIAN_POINT ( 'NONE',  ( 1250.037372523666818, 419.2189086443967199, -89.14996216908670590 ) ) ;
#6303 = CARTESIAN_POINT ( 'NONE',  ( 1100.721794309084544, 306.3880832367740368, 23.67117909665915221 ) ) ;
#6304 = CARTESIAN_POINT ( 'NONE',  ( 1369.162777288117013, 953.0418023229301525, 93.66252231033557507 ) ) ;
#6305 = CARTESIAN_POINT ( 'NONE',  ( 559.9999999999997726, 1.364777887501890552, 16.92953761307940397 ) ) ;
#6306 = CARTESIAN_POINT ( 'NONE',  ( 1158.748123375768500, 317.8655127933491258, -74.50792877717874774 ) ) ;
#6307 = CARTESIAN_POINT ( 'NONE',  ( 618.5633304872093277, 9.975695887063741552, 15.73179894205429719 ) ) ;
#6308 = CARTESIAN_POINT ( 'NONE',  ( 899.1787237085538891, 137.9284444871101414, 0.1316432339880979629 ) ) ;
#6309 = CARTESIAN_POINT ( 'NONE',  ( 1448.347017533428925, 935.4211534272989184, -35.90272815511660554 ) ) ;
#6310 = CARTESIAN_POINT ( 'NONE',  ( 903.6284024785729798, 108.8530061571261456, -41.24177523356603814 ) ) ;
#6311 = CARTESIAN_POINT ( 'NONE',  ( 732.7107749603189859, 59.31620990705457785, 23.36192758769793798 ) ) ;
#6312 = CARTESIAN_POINT ( 'NONE',  ( 675.7049592835542171, 40.62188651641470472, 37.30673320230681611 ) ) ;
#6313 = CARTESIAN_POINT ( 'NONE',  ( 1425.477580716705006, 748.3739600023624234, -80.75431076471467406 ) ) ;
#6314 = CARTESIAN_POINT ( 'NONE',  ( 1003.872519911265044, 212.5493332876633303, -4.087141012015196750 ) ) ;
#6315 = CARTESIAN_POINT ( 'NONE',  ( 1324.210035935490623, 809.5686769343711831, 98.68978159999183219 ) ) ;
#6316 = CARTESIAN_POINT ( 'NONE',  ( 1208.680108686341100, 526.6052955163793285, 93.40997250795169293 ) ) ;
#6317 = CARTESIAN_POINT ( 'NONE',  ( 1062.533044749684905, 220.1519617688396977, -78.09012408721743270 ) ) ;
#6318 = CARTESIAN_POINT ( 'NONE',  ( 1372.885238879877988, 838.1304282601519162, 40.90187177141861952 ) ) ;
#6319 = CARTESIAN_POINT ( 'NONE',  ( 1135.138061707643601, 393.1181454840726133, 71.11684106158048735 ) ) ;
#6320 = CARTESIAN_POINT ( 'NONE',  ( 846.2134808562045691, 94.94122696098166614, -26.90002130830963623 ) ) ;
#6321 = CARTESIAN_POINT ( 'NONE',  ( 1407.522145915994543, 995.7112957522228953, 40.20028688569310305 ) ) ;
#6322 = CARTESIAN_POINT ( 'NONE',  ( 1205.266009323684330, 535.4638120410985493, 104.3915600802497465 ) ) ;
#6323 = CARTESIAN_POINT ( 'NONE',  ( 733.7796164854884182, 43.35633332079775215, -25.45503847117560881 ) ) ;
#6324 = CARTESIAN_POINT ( 'NONE',  ( 1253.852605064585077, 409.3318989352515018, -98.23865965912312959 ) ) ;
#6325 = CARTESIAN_POINT ( 'NONE',  ( 560.0000000000002274, -8.144786650512832793, -22.52682448354710232 ) ) ;
#6326 = CARTESIAN_POINT ( 'NONE',  ( 1373.253396474593728, 946.6140216844061115, 86.19481936508232423 ) ) ;
#6327 = CARTESIAN_POINT ( 'NONE',  ( 1444.714067581278186, 940.7862914178590472, -26.61730073576564592 ) ) ;
#6328 = CARTESIAN_POINT ( 'NONE',  ( 1311.703520680775000, 712.2900526778167887, 67.56683321080672044 ) ) ;
#6329 = CARTESIAN_POINT ( 'NONE',  ( 734.4634516556650397, 33.46429455737749237, -13.90823237151070124 ) ) ;
#6330 = CARTESIAN_POINT ( 'NONE',  ( 675.6874939331499945, 40.97157039746509355, 33.37755847170000578 ) ) ;
#6331 = CARTESIAN_POINT ( 'NONE',  ( 1288.544269731218264, 484.1818145267378100, -78.35169224822017497 ) ) ;
#6332 = APPROVAL_ROLE ( '' ) ;
#6333 = CARTESIAN_POINT ( 'NONE',  ( 1096.236393576168211, 322.4075080237304292, 46.70685981275855880 ) ) ;
#6334 = CARTESIAN_POINT ( 'NONE',  ( 1008.304985093444202, 191.8608561198882683, -49.69836298201062874 ) ) ;
#6335 = CARTESIAN_POINT ( 'NONE',  ( 847.2560844278466448, 86.64396938324530595, -9.785962001118150511 ) ) ;
#6336 = CARTESIAN_POINT ( 'NONE',  ( 950.5426642176427094, 182.7525921544472283, 17.64288399048080791 ) ) ;
#6337 = CARTESIAN_POINT ( 'NONE',  ( 1450.532748139646174, 825.1634862824600987, -84.05373863171074333 ) ) ;
#6338 = CARTESIAN_POINT ( 'NONE',  ( 946.4955727665166023, 204.8840782727880878, 59.70811923077024375 ) ) ;
#6339 = CARTESIAN_POINT ( 'NONE',  ( 1332.062497865101705, 795.1163874701934446, 81.23264993714286675 ) ) ;
#6340 = CARTESIAN_POINT ( 'NONE',  ( 1111.667818837141340, 267.1972480549455895, -78.55939272772971549 ) ) ;
#6341 = CARTESIAN_POINT ( 'NONE',  ( 846.0185153916867193, 96.69862487137460505, 10.87595795222310713 ) ) ;
#6342 = CARTESIAN_POINT ( 'NONE',  ( 895.2953263452449164, 163.4540849714804835, 61.47138339996125467 ) ) ;
#6343 = CARTESIAN_POINT ( 'NONE',  ( 1407.729720474582109, 995.4047497868770051, 44.77220844167418079 ) ) ;
#6344 = CARTESIAN_POINT ( 'NONE',  ( 1445.156225513668232, 833.6133799315277884, -75.87259376536287903 ) ) ;
#6345 = CARTESIAN_POINT ( 'NONE',  ( 952.4397150708332447, 172.4814612161685830, 22.18759948268283111 ) ) ;
#6346 = CARTESIAN_POINT ( 'NONE',  ( 1189.391557198816145, 412.7463466885993171, 2.003932260673462196 ) ) ;
#6347 = CARTESIAN_POINT ( 'NONE',  ( 1251.482478167057934, 415.4989765642611133, -78.57240126891154830 ) ) ;
#6348 = CARTESIAN_POINT ( 'NONE',  ( 1010.939220545074249, 179.6586745783627066, -48.98226192482641750 ) ) ;
#6349 = CARTESIAN_POINT ( 'NONE',  ( 788.6189959644129885, 86.47995588789432020, 26.68147922255071336 ) ) ;
#6350 = CARTESIAN_POINT ( 'NONE',  ( 1128.976254054290848, 412.7237093089522091, 91.90341182826709598 ) ) ;
#6351 = CARTESIAN_POINT ( 'NONE',  ( 579.5035565994983244, -6.677128896587442242, -22.18390026968809536 ) ) ;
#6352 = CARTESIAN_POINT ( 'NONE',  ( 1146.509281763014997, 356.8612594295030362, -0.2424637752664889068 ) ) ;
#6353 = CARTESIAN_POINT ( 'NONE',  ( 1346.479695244167260, 883.1925781342430355, 100.0453861429091944 ) ) ;
#6354 = CARTESIAN_POINT ( 'NONE',  ( 895.9135814885726177, 159.4088889241570541, 55.80801162821550321 ) ) ;
#6355 = CARTESIAN_POINT ( 'NONE',  ( 1452.171635278642270, 893.7871317251699566, -64.62802394540776163 ) ) ;
#6356 = CARTESIAN_POINT ( 'NONE',  ( 1177.945379965073926, 445.5710177349552055, 67.16795351365509248 ) ) ;
#6357 = CARTESIAN_POINT ( 'NONE',  ( 1105.457769052315825, 289.3949433121442780, -30.85027216429349650 ) ) ;
#6358 = CARTESIAN_POINT ( 'NONE',  ( 579.3811905644975013, 10.31112512598311071, 20.08998664971258918 ) ) ;
#6359 = CARTESIAN_POINT ( 'NONE',  ( 1323.078125382228563, 811.6545176271825994, 110.6084644137670949 ) ) ;
#6360 = CARTESIAN_POINT ( 'NONE',  ( 900.9319625113915890, 126.4188161859726733, -27.69181152250733646 ) ) ;
#6361 = CARTESIAN_POINT ( 'NONE',  ( 1113.957858975229328, 259.0382570592540219, -84.65677913709795632 ) ) ;
#6362 = CARTESIAN_POINT ( 'NONE',  ( 1451.660393176751086, 823.3905193233873661, -88.16037657290500817 ) ) ;
#6363 = CARTESIAN_POINT ( 'NONE',  ( 618.4854435022530197, 13.82854633287802670, 1.788350252954534758 ) ) ;
#6364 = CARTESIAN_POINT ( 'NONE',  ( 1351.404538022665520, 874.7922345111259119, 95.03124838288353260 ) ) ;
#6365 = CARTESIAN_POINT ( 'NONE',  ( 1046.736768018382008, 284.2112273979219594, 46.25845563914202074 ) ) ;
#6366 = CARTESIAN_POINT ( 'NONE',  ( 1380.647372631279268, 705.7023695797432765, -24.66255885035699436 ) ) ;
#6367 = CARTESIAN_POINT ( 'NONE',  ( 1301.967816542691935, 731.7141012978283925, 92.27325392767518508 ) ) ;
#6368 = CARTESIAN_POINT ( 'NONE',  ( 1008.628167232665760, 190.3531124848050240, -53.35678967080288260 ) ) ;
#6369 = CARTESIAN_POINT ( 'NONE',  ( 1417.993172888782283, 980.2476903208736303, 27.15466579439802786 ) ) ;
#6370 = CARTESIAN_POINT ( 'NONE',  ( 1109.290841332881882, 275.6913441060851824, -59.62668242951624364 ) ) ;
#6371 = CARTESIAN_POINT ( 'NONE',  ( 955.8199866899811923, 154.0202827172878699, -11.24048466264702206 ) ) ;
#6372 = CARTESIAN_POINT ( 'NONE',  ( 1257.694262666278291, 557.2016430009808801, 39.15521246984813786 ) ) ;
#6373 = CARTESIAN_POINT ( 'NONE',  ( 1113.663541215411215, 260.1050603238393819, -76.64204988291440657 ) ) ;
#6374 = CARTESIAN_POINT ( 'NONE',  ( 995.9698778760968025, 249.4306770537400837, 63.96840154429938963 ) ) ;
#6375 = CARTESIAN_POINT ( 'NONE',  ( 947.4548897136509140, 199.6390581844055703, 50.60232685113922457 ) ) ;
#6376 = CARTESIAN_POINT ( 'NONE',  ( 734.0516867312377371, 39.32280865826225380, -37.20298721290788535 ) ) ;
#6377 = APPROVAL_PERSON_ORGANIZATION ( #5754, #4582, #6332 ) ;
#6378 = CARTESIAN_POINT ( 'NONE',  ( 1401.728317420591111, 1004.267617689189137, 54.86564075566516152 ) ) ;
#6379 = CARTESIAN_POINT ( 'NONE',  ( 676.0431535906786848, 32.64946766824292723, 26.16318077288049082 ) ) ;
#6380 = CARTESIAN_POINT ( 'NONE',  ( 1061.088196806002770, 226.0042841237820426, -68.00550506971022457 ) ) ;
#6381 = CARTESIAN_POINT ( 'NONE',  ( 1414.389179761571313, 951.1704071545474335, 26.16274948294305247 ) ) ;
#6382 = CARTESIAN_POINT ( 'NONE',  ( 560.0000000000000000, -2.993777523098498872, 9.328215609722988688 ) ) ;
#6383 = CARTESIAN_POINT ( 'NONE',  ( 958.1690931061282299, 141.1409150680103153, -52.25532802507752450 ) ) ;
#6384 = CARTESIAN_POINT ( 'NONE',  ( 734.6266452402397817, 30.98611764999622054, -28.35050511699209608 ) ) ;
#6385 = CARTESIAN_POINT ( 'NONE',  ( 998.6497732702524672, 236.9254049661246881, 42.60828702072217311 ) ) ;
#6386 = CARTESIAN_POINT ( 'NONE',  ( 1368.979742711278959, 953.3291651441027170, 90.84701411022876982 ) ) ;
#6387 = CARTESIAN_POINT ( 'NONE',  ( 1450.768096933051993, 931.8457050351729549, -42.66923305034084990 ) ) ;
#6388 = CARTESIAN_POINT ( 'NONE',  ( 1147.219823999117807, 354.5973793145162745, -4.125672861666368263 ) ) ;
#6389 = CARTESIAN_POINT ( 'NONE',  ( 1390.975289515493614, 986.7312127189284183, 63.34558482115673428 ) ) ;
#6390 = CARTESIAN_POINT ( 'NONE',  ( 788.3333904755347703, 89.58095122853983128, 43.99333288846606393 ) ) ;
#6391 = CARTESIAN_POINT ( 'NONE',  ( 1010.687234522746394, 180.7563962337817429, -72.13973825473740931 ) ) ;
#6392 = CARTESIAN_POINT ( 'NONE',  ( 1251.335857191952755, 572.2679521795785149, 73.43150116278195583 ) ) ;
#6393 = CARTESIAN_POINT ( 'NONE',  ( 1006.530664350438997, 200.1422161387242795, -30.29075393715310582 ) ) ;
#6394 = CARTESIAN_POINT ( 'NONE',  ( 842.5415466373955269, 124.8969514426637915, 53.44945132486727601 ) ) ;
#6395 = CARTESIAN_POINT ( 'NONE',  ( 579.4387622186303588, 2.412390893328672181, -13.25054241622514795 ) ) ;
#6396 = CARTESIAN_POINT ( 'NONE',  ( 1254.001918859934449, 408.9420680812440878, -100.4688050462586659 ) ) ;
#6397 = CARTESIAN_POINT ( 'NONE',  ( 579.4888763330974371, -4.584492119154427670, -25.78767115092344753 ) ) ;
#6398 = CARTESIAN_POINT ( 'NONE',  ( 1002.865453216972696, 217.2499012454913441, 5.346718255943918585 ) ) ;
#6399 = CARTESIAN_POINT ( 'NONE',  ( 1210.030042510989233, 523.1028889254720298, 89.52881641830161641 ) ) ;
#6400 = CARTESIAN_POINT ( 'NONE',  ( 579.3884206389847122, 9.320709982759655787, 16.19337762546857107 ) ) ;
#6401 = CARTESIAN_POINT ( 'NONE',  ( 956.1811207567719748, 152.0458294060199194, -15.59674137212421030 ) ) ;
#6402 = CARTESIAN_POINT ( 'NONE',  ( 1300.621905762656979, 734.3990953271869557, 95.01596932892746850 ) ) ;
#6403 = CARTESIAN_POINT ( 'NONE',  ( 559.9999999999996589, -2.373415334750111239, -17.17027960607171977 ) ) ;
#6404 = CARTESIAN_POINT ( 'NONE',  ( 1291.212312312878112, 623.4239829383992628, 55.14251128909645416 ) ) ;
#6405 = CARTESIAN_POINT ( 'NONE',  ( 1418.625172771239704, 760.0621904365319779, -71.30773096079822437 ) ) ;
#6406 = CARTESIAN_POINT ( 'NONE',  ( 579.4974793502462944, -5.923612332161944494, -5.921367387700773754 ) ) ;
#6407 = CARTESIAN_POINT ( 'NONE',  ( 1001.322478053516761, 224.4517085506537910, 19.41724098571205204 ) ) ;
#6408 = PERSON ( 'UNSPECIFIED', 'UNSPECIFIED', 'UNSPECIFIED', ('UNSPECIFIED'), ('UNSPECIFIED'), ('UNSPECIFIED') ) ;
#6409 = CARTESIAN_POINT ( 'NONE',  ( 1452.236588668512923, 893.6896218582371603, -61.35566800215817551 ) ) ;
#6410 = CARTESIAN_POINT ( 'NONE',  ( 618.3635713573011117, 21.19651752366691611, 29.60042482383045481 ) ) ;
#6411 = PRODUCT_DEFINITION_SHAPE ( 'NONE', 'NONE',  #4714 ) ;
#6412 = CARTESIAN_POINT ( 'NONE',  ( 1090.546518120451537, 342.6978361740550554, 61.68325091135369576 ) ) ;
#6413 = CARTESIAN_POINT ( 'NONE',  ( 1110.856638868819573, 270.0957488577171830, -71.48200070350995361 ) ) ;
#6414 = CARTESIAN_POINT ( 'NONE',  ( 675.7526132865946238, 39.50936803315219947, 36.01826500859408497 ) ) ;
#6415 = CARTESIAN_POINT ( 'NONE',  ( 1311.719532654855129, 712.2693524469760860, 79.39631877963603301 ) ) ;
#6416 = CARTESIAN_POINT ( 'NONE',  ( 618.6150494989486788, 6.251497140378482698, -26.83920777236777155 ) ) ;
#6417 = CARTESIAN_POINT ( 'NONE',  ( 1323.642502942626834, 688.4846097171480324, 50.22092872696791943 ) ) ;
#6418 = CARTESIAN_POINT ( 'NONE',  ( 1189.829218239337251, 411.4922273185985659, -0.04496392036072976994 ) ) ;
#6419 = CARTESIAN_POINT ( 'NONE',  ( 560.0000000000010232, -9.429206807670576396, -19.60935720526109804 ) ) ;
#6420 = CARTESIAN_POINT ( 'NONE',  ( 1112.768342361276609, 263.3212921561897133, -62.40126369254478789 ) ) ;
#6421 = CARTESIAN_POINT ( 'NONE',  ( 579.3915822163775147, 8.887230158144257430, 14.46542677872174210 ) ) ;
#6422 = CARTESIAN_POINT ( 'NONE',  ( 1453.047416487640248, 892.4571930540076892, -66.09969366761116305 ) ) ;
#6423 = CARTESIAN_POINT ( 'NONE',  ( 560.0000000000003411, -9.316293716530781310, -19.98966869031064775 ) ) ;
#6424 = CARTESIAN_POINT ( 'NONE',  ( 1003.538220266541316, 214.1097090709116628, -0.9391678797028384373 ) ) ;
#6425 = CARTESIAN_POINT ( 'NONE',  ( 1322.405620908002447, 812.8907478331318543, 106.5268792404982747 ) ) ;
#6426 = CARTESIAN_POINT ( 'NONE',  ( 579.3996916956041332, 7.679820608093800516, 21.96877465372998373 ) ) ;
#6427 = CARTESIAN_POINT ( 'NONE',  ( 618.6680682741322244, 3.328955563796791584, -31.37171727208060190 ) ) ;
#6428 = CARTESIAN_POINT ( 'NONE',  ( 1216.082118085525508, 507.3995036671866501, 70.55269493591575269 ) ) ;
#6429 = CARTESIAN_POINT ( 'NONE',  ( 1408.100896153812528, 778.0275002616447182, -42.53831004682162842 ) ) ;
#6430 = CARTESIAN_POINT ( 'NONE',  ( 559.9999999999998863, 4.705051904611459612, 21.84658223781780251 ) ) ;
#6431 = CARTESIAN_POINT ( 'NONE',  ( 1281.588730970611778, 500.6470624190152421, -48.34711109127641038 ) ) ;
#6432 = CARTESIAN_POINT ( 'NONE',  ( 1453.484570167865286, 891.7938292723990799, -66.15319809807037643 ) ) ;
#6433 = CARTESIAN_POINT ( 'NONE',  ( 1371.619998071763575, 592.7359298920838455, -108.8737141707910894 ) ) ;
#6434 = CARTESIAN_POINT ( 'NONE',  ( 951.3010138700308289, 178.6048179966343525, 9.030734906030557951 ) ) ;
#6435 = CARTESIAN_POINT ( 'NONE',  ( 1330.131385288581896, 798.6748198787598767, 95.43377055809280307 ) ) ;
#6436 = CARTESIAN_POINT ( 'NONE',  ( 947.8657842134599605, 197.3919872572493261, 46.36981461957918071 ) ) ;
#6437 = CARTESIAN_POINT ( 'NONE',  ( 1154.672739698370833, 330.9173690245409034, -20.50895622662411455 ) ) ;
#6438 = CARTESIAN_POINT ( 'NONE',  ( 842.2512709360167946, 127.2154204236366155, 51.26201469771017827 ) ) ;
#6439 = CARTESIAN_POINT ( 'NONE',  ( 1109.529909682586094, 274.8367484529421176, -61.52869460168643201 ) ) ;
#6440 = CARTESIAN_POINT ( 'NONE',  ( 1410.446718060264175, 957.1592681314205038, 33.47522399308656560 ) ) ;
#6441 = CARTESIAN_POINT ( 'NONE',  ( 579.4416982663093449, 2.006534534975440653, -14.98272437038982652 ) ) ;
#6442 = CARTESIAN_POINT ( 'NONE',  ( 955.0396022159567337, 158.2846442828456475, -2.687506870888209942 ) ) ;
#6443 = CARTESIAN_POINT ( 'NONE',  ( 1000.885728648603958, 226.4901515301320671, 23.30651497017858631 ) ) ;
#6444 = CARTESIAN_POINT ( 'NONE',  ( 791.7414776142844630, 53.49244768291672614, -45.64034036047817722 ) ) ;
#6445 = CARTESIAN_POINT ( 'NONE',  ( 675.6830528472346487, 41.08545271210223149, 34.19627015890495159 ) ) ;
#6446 = CARTESIAN_POINT ( 'NONE',  ( 1331.357373504632051, 796.4141896525734410, 82.89876256972642921 ) ) ;
#6447 = CARTESIAN_POINT ( 'NONE',  ( 1205.699209328969800, 366.0148678280743866, -83.58074099472790408 ) ) ;
#6448 = CARTESIAN_POINT ( 'NONE',  ( 946.5427176589769260, 204.6573508030558628, 67.40225533616586517 ) ) ;
#6449 = CARTESIAN_POINT ( 'NONE',  ( 789.1231933206411213, 81.26292659652750672, 32.50434525058463464 ) ) ;
#6450 = CARTESIAN_POINT ( 'NONE',  ( 579.4583453408916967, -0.3123283584720862316, -22.63029569079660064 ) ) ;
#6451 = CARTESIAN_POINT ( 'NONE',  ( 733.4964569811580759, 47.81506519089990093, 18.15914832530237888 ) ) ;
#6452 = CARTESIAN_POINT ( 'NONE',  ( 1423.245926580821333, 937.7185777282168146, 0.5388191375888933266 ) ) ;
#6453 = CARTESIAN_POINT ( 'NONE',  ( 958.1934566550264663, 141.0047039354499248, -53.41381645530063338 ) ) ;
#6454 = CARTESIAN_POINT ( 'NONE',  ( 1207.005517484421262, 362.3141399739754434, -70.54569520671563509 ) ) ;
#6455 = CARTESIAN_POINT ( 'NONE',  ( 1315.535628671877248, 704.6442585602095505, 57.56108982239837957 ) ) ;
#6456 = CARTESIAN_POINT ( 'NONE',  ( 791.2998989210718719, 58.10273522530015100, -48.20392008837873732 ) ) ;
#6457 = CARTESIAN_POINT ( 'NONE',  ( 1449.848391254273110, 897.3164936530704381, -53.64115366229125925 ) ) ;
#6458 = CARTESIAN_POINT ( 'NONE',  ( 560.0000000000001137, 5.960937749776763717, 23.66099803156614811 ) ) ;
#6459 = CARTESIAN_POINT ( 'NONE',  ( 1376.213466205291070, 941.9631490851797935, 81.10192003500300473 ) ) ;
#6460 = CARTESIAN_POINT ( 'NONE',  ( 1452.698542741062056, 892.9869266995490307, -65.56111363575571716 ) ) ;
#6461 = CARTESIAN_POINT ( 'NONE',  ( 1250.271925451599373, 574.7849150524222068, 76.50137856791077695 ) ) ;
#6462 = CARTESIAN_POINT ( 'NONE',  ( 579.4340076787949556, 3.067444409803649297, -10.35886637948601674 ) ) ;
#6463 = CARTESIAN_POINT ( 'NONE',  ( 1441.404874700735036, 910.1401708687218388, -30.50685027481048550 ) ) ;
#6464 = CARTESIAN_POINT ( 'NONE',  ( 842.4183771213987484, 125.8939653456874197, 54.88609036979537592 ) ) ;
#6465 = CARTESIAN_POINT ( 'NONE',  ( 618.5597158872498085, 9.412265600134880117, -15.98648581212182940 ) ) ;
#6466 = CARTESIAN_POINT ( 'NONE',  ( 1335.534399884198137, 527.3018320292678709, -108.9068378331973292 ) ) ;
#6467 = CARTESIAN_POINT ( 'NONE',  ( 1452.094232057024101, 822.7084843248385368, -90.09999224362974246 ) ) ;
#6468 = CARTESIAN_POINT ( 'NONE',  ( 1384.034067301797904, 819.1037142105650446, 15.75058659725232424 ) ) ;
#6469 = CARTESIAN_POINT ( 'NONE',  ( 843.0638213393588103, 120.6613698998833257, 47.77480279386377759 ) ) ;
#6470 = CARTESIAN_POINT ( 'NONE',  ( 1409.922022280880583, 992.1671599872161096, 35.93368385898806139 ) ) ;
#6471 = CARTESIAN_POINT ( 'NONE',  ( 1109.792998330015735, 273.9728868777312414, -33.37172466083660538 ) ) ;
#6472 = CARTESIAN_POINT ( 'NONE',  ( 787.8828772369852231, 94.29757896255394201, 46.91994480287661418 ) ) ;
#6473 = CARTESIAN_POINT ( 'NONE',  ( 1361.006544729102188, 613.9092427123746347, -77.22490941754816163 ) ) ;
#6474 = CARTESIAN_POINT ( 'NONE',  ( 579.4548956997425648, -0.01412101800300426258, 8.934410088644808567 ) ) ;
#6475 = CARTESIAN_POINT ( 'NONE',  ( 955.5068651162597462, 155.6018468524744662, -43.52067714243911922 ) ) ;
#6476 = CARTESIAN_POINT ( 'NONE',  ( 1008.926985621172662, 189.0668738403914233, -21.55633488855832169 ) ) ;
#6477 = CARTESIAN_POINT ( 'NONE',  ( 1416.882220921241924, 981.8883434224161419, 23.18717115719359256 ) ) ;
#6478 = CARTESIAN_POINT ( 'NONE',  ( 1172.167630515864175, 462.0978303670120795, 77.27947507629994561 ) ) ;
#6479 = CARTESIAN_POINT ( 'NONE',  ( 1205.440294833131929, 366.7565192019866345, -81.98577850625632379 ) ) ;
#6480 = CARTESIAN_POINT ( 'NONE',  ( 560.0000000000004547, 4.230134422763542013, 21.14448238098002264 ) ) ;
#6481 = CARTESIAN_POINT ( 'NONE',  ( 897.1889598627301439, 151.0659662700339254, 44.91559933778913205 ) ) ;
#6482 = CARTESIAN_POINT ( 'NONE',  ( 956.3269725213554011, 151.1205649027552909, -54.60275707561716985 ) ) ;
#6483 = CARTESIAN_POINT ( 'NONE',  ( 1326.229218063083636, 683.3244414772125310, 43.62127391097374840 ) ) ;
#6484 = CARTESIAN_POINT ( 'NONE',  ( 1334.568023715326945, 666.6690841992452761, 5.416401418721743077 ) ) ;
#6485 = CARTESIAN_POINT ( 'NONE',  ( 1161.126960292919875, 310.3370545058476750, -68.84606879216619291 ) ) ;
#6486 = CARTESIAN_POINT ( 'NONE',  ( 559.9999999999998863, 5.690872113072537708, 18.43932808720806804 ) ) ;
#6487 = CARTESIAN_POINT ( 'NONE',  ( 958.0925385807790917, 141.5653630991363059, -49.47529155119233479 ) ) ;
#6488 = CARTESIAN_POINT ( 'NONE',  ( 1046.014125612580528, 287.1419033803626348, 51.22374917631654512 ) ) ;
#6489 = CARTESIAN_POINT ( 'NONE',  ( 579.4747295427971494, -2.609754773503303316, -25.93109610232314211 ) ) ;
#6490 = CARTESIAN_POINT ( 'NONE',  ( 579.4996205914736720, -6.107573606926165688, -23.88494053464852840 ) ) ;
#6491 = CARTESIAN_POINT ( 'NONE',  ( 1347.016345709661437, 882.2761969386690453, 97.49080485178683375 ) ) ;
#6492 = CARTESIAN_POINT ( 'NONE',  ( 896.3025227937373529, 156.8650243944845215, 52.70286971182935787 ) ) ;
#6493 = CARTESIAN_POINT ( 'NONE',  ( 579.4677104190501495, -1.624293288379672129, -25.01001842009387843 ) ) ;
#6494 = CARTESIAN_POINT ( 'NONE',  ( 560.0000000000003411, -0.2937933668658344599, 14.21228943292648061 ) ) ;
#6495 = CARTESIAN_POINT ( 'NONE',  ( 676.3287555114192173, 25.51718789450180580, -17.27089004904465952 ) ) ;
#6496 = CARTESIAN_POINT ( 'NONE',  ( 1203.234991088201014, 373.1291374907815452, -44.20209222242316116 ) ) ;
#6497 = CARTESIAN_POINT ( 'NONE',  ( 732.5045431548250008, 62.47765328404222629, 40.04756428500858334 ) ) ;
#6498 = CARTESIAN_POINT ( 'NONE',  ( 1432.611456097228483, 923.4943764143846465, -19.04811436425008964 ) ) ;
#6499 = CARTESIAN_POINT ( 'NONE',  ( 1162.578246376753668, 305.6853810214290661, -90.99385637936237003 ) ) ;
#6500 = CARTESIAN_POINT ( 'NONE',  ( 1451.941652412177291, 822.9483440811533228, -89.35152324804478496 ) ) ;
#6501 = CARTESIAN_POINT ( 'NONE',  ( 844.6083124608995831, 108.0146828422377610, 7.084688699143477209 ) ) ;
#6502 = CARTESIAN_POINT ( 'NONE',  ( 997.2380102643425062, 243.5495900890540497, 64.98683605030498711 ) ) ;
#6503 = CARTESIAN_POINT ( 'NONE',  ( 560.0000000000003411, 5.235153338099665099, 16.47245059095205377 ) ) ;
#6504 = CARTESIAN_POINT ( 'NONE',  ( 1436.775066687990829, 917.1717872573685781, -19.44059652113050163 ) ) ;
#6505 = CARTESIAN_POINT ( 'NONE',  ( 1240.700100150012304, 597.4186970247957333, 93.20884146128382497 ) ) ;
#6506 = CARTESIAN_POINT ( 'NONE',  ( 1418.625172771239704, 760.0621904365319779, -71.30773096079822437 ) ) ;
#6507 = CARTESIAN_POINT ( 'NONE',  ( 1141.117822944038835, 374.0825423645746355, 46.33893089964656298 ) ) ;
#6508 = CARTESIAN_POINT ( 'NONE',  ( 1284.093952902969704, 494.7167026939204106, -58.87200330016548122 ) ) ;
#6509 = CARTESIAN_POINT ( 'NONE',  ( 560.0000000000007958, -9.247286936092070420, -6.980419150943471429 ) ) ;
#6510 = CARTESIAN_POINT ( 'NONE',  ( 1256.724897960886665, 559.4958201533413558, 42.42639206103147842 ) ) ;
#6511 = CARTESIAN_POINT ( 'NONE',  ( 1329.946449707913871, 799.0110499098278751, 86.26521560461289084 ) ) ;
#6512 = CARTESIAN_POINT ( 'NONE',  ( 1111.217773355749387, 268.8058760230300663, -74.31683357112076749 ) ) ;
#6513 = CARTESIAN_POINT ( 'NONE',  ( 1130.342017681263542, 408.3847359139259652, 89.86225490848421771 ) ) ;
#6514 = CARTESIAN_POINT ( 'NONE',  ( 733.0240046482463185, 54.80157489211730848, 29.36151894764169157 ) ) ;
#6515 = CARTESIAN_POINT ( 'NONE',  ( 560.0000000000000000, -3.172801544716458366, -19.56764621558099648 ) ) ;
#6516 = CARTESIAN_POINT ( 'NONE',  ( 1418.605863626930841, 944.7667734350530964, 18.13797782022161442 ) ) ;
#6517 = CARTESIAN_POINT ( 'NONE',  ( 1389.514076193381470, 809.7511427247610527, 3.012523464473348511 ) ) ;
#6518 = CARTESIAN_POINT ( 'NONE',  ( 1449.848391254273110, 897.3164936530704381, -53.64115366229125925 ) ) ;
#6519 = CARTESIAN_POINT ( 'NONE',  ( 1406.171073155801878, 997.7065590751963100, 42.69755056103587521 ) ) ;
#6520 = CARTESIAN_POINT ( 'NONE',  ( 1448.149374637619530, 899.8969167250855890, -48.56174106086509568 ) ) ;
#6521 = CARTESIAN_POINT ( 'NONE',  ( 1401.709449949771852, 970.4280742551117100, 42.60279663871516931 ) ) ;
#6522 = CARTESIAN_POINT ( 'NONE',  ( 957.2605357549009568, 146.0282061758665009, -65.41139074303941925 ) ) ;
#6523 = CARTESIAN_POINT ( 'NONE',  ( 1426.393821519545327, 746.8090138838110761, -84.12600822564773750 ) ) ;
#6524 = CARTESIAN_POINT ( 'NONE',  ( 1268.788088734853773, 672.0265396579901562, 111.2129659866922822 ) ) ;
#6525 = CARTESIAN_POINT ( 'NONE',  ( 1243.808893073351328, 590.0739633598965383, 94.56112076018553125 ) ) ;
#6526 = CARTESIAN_POINT ( 'NONE',  ( 1111.667818837141340, 267.1972480549455895, -78.55939272772971549 ) ) ;
#6527 = CARTESIAN_POINT ( 'NONE',  ( 560.0000000000001137, -6.896501067611391811, 0.6199579403402791788 ) ) ;
#6528 = CARTESIAN_POINT ( 'NONE',  ( 579.4304883781927629, 3.385564735449617668, 15.18348808373776571 ) ) ;
#6529 = CARTESIAN_POINT ( 'NONE',  ( 1315.524076386055413, 570.6878852446493511, -37.53724643549823270 ) ) ;
#6530 = CARTESIAN_POINT ( 'NONE',  ( 1061.593146127496084, 224.0394919371728975, -41.92230092246667539 ) ) ;
#6531 = CARTESIAN_POINT ( 'NONE',  ( 579.3888294735235149, 9.194587097782298102, 24.04549601124127989 ) ) ;
#6532 = CARTESIAN_POINT ( 'NONE',  ( 559.9999999999993179, 0.1094816501459548591, -6.443012123635422306 ) ) ;
#6533 = CARTESIAN_POINT ( 'NONE',  ( 579.4808362301225770, -3.461425168640655414, -26.09542231095858256 ) ) ;
#6534 = CARTESIAN_POINT ( 'NONE',  ( 1452.086989241222682, 822.7199435744402081, -91.16127827622291591 ) ) ;
#6535 = CARTESIAN_POINT ( 'NONE',  ( 1223.697140155438092, 487.6096180016946846, 28.01074739326911711 ) ) ;
#6536 = CARTESIAN_POINT ( 'NONE',  ( 1243.292966282705038, 591.2943798038298837, 95.88837553535192626 ) ) ;
#6537 = CARTESIAN_POINT ( 'NONE',  ( 1045.710279092314977, 288.3741310122566119, 53.27459781151411988 ) ) ;
#6538 = CARTESIAN_POINT ( 'NONE',  ( 734.5330807833967128, 32.41895665993872200, -18.18643403533016922 ) ) ;
#6539 = CARTESIAN_POINT ( 'NONE',  ( 1345.948088503346298, 884.1014540342748660, 104.6617768834813234 ) ) ;
#6540 = CARTESIAN_POINT ( 'NONE',  ( 1129.687590567786856, 410.4520652725001355, 83.91338904507378516 ) ) ;
#6541 = CARTESIAN_POINT ( 'NONE',  ( 1284.917323301605393, 492.7676228333167501, -62.40011385214108230 ) ) ;
#6542 = CALENDAR_DATE ( 2026, 14, 9 ) ;
#6543 = CARTESIAN_POINT ( 'NONE',  ( 790.1332991971083857, 70.61497622978077970, 15.27144278943148770 ) ) ;
#6544 = CARTESIAN_POINT ( 'NONE',  ( 560.0000000000003411, -1.599338001805342246, -14.21987058397533588 ) ) ;
#6545 = CARTESIAN_POINT ( 'NONE',  ( 1154.672739698370833, 330.9173690245409034, -20.50895622662411455 ) ) ;
#6546 = CARTESIAN_POINT ( 'NONE',  ( 1094.470293952473185, 328.6728661166238226, 39.16572680101513271 ) ) ;
#6547 = CARTESIAN_POINT ( 'NONE',  ( 1330.652668238003344, 797.7112312848481679, 84.58769443726903603 ) ) ;
#6548 = CARTESIAN_POINT ( 'NONE',  ( 956.2375942784581184, 151.6088242595092481, -53.51727901811626964 ) ) ;
#6549 = CARTESIAN_POINT ( 'NONE',  ( 1422.567398799486682, 938.7491175560849115, 1.922500123458268373 ) ) ;
#6550 = CARTESIAN_POINT ( 'NONE',  ( 1271.898567416438482, 665.2873479338165907, 105.2610242026822931 ) ) ;
#6551 = CARTESIAN_POINT ( 'NONE',  ( 1413.143247351551963, 987.4100570184367598, 35.62758575843899678 ) ) ;
#6552 = CARTESIAN_POINT ( 'NONE',  ( 1421.056801545416192, 755.9110599933455887, -78.20263787287883872 ) ) ;
#6553 = CARTESIAN_POINT ( 'NONE',  ( 1265.715924748530369, 538.2461766336587061, 29.26244337368002491 ) ) ;
#6554 = CARTESIAN_POINT ( 'NONE',  ( 1410.650269476770063, 887.8465714659995456, 4.531963569670868885 ) ) ;
#6555 = CARTESIAN_POINT ( 'NONE',  ( 958.2332079651225740, 140.7788282415365018, -56.81210145930047872 ) ) ;
#6556 = CARTESIAN_POINT ( 'NONE',  ( 560.0000000000002274, 6.007416562855077302, 19.53549525561455624 ) ) ;
#6557 = CARTESIAN_POINT ( 'NONE',  ( 790.8635395077708381, 62.90674207177892896, 0.2476812223230774601 ) ) ;
#6558 = CARTESIAN_POINT ( 'NONE',  ( 1091.329236289396022, 339.9002382337887980, 57.32594306582402055 ) ) ;
#6559 = CARTESIAN_POINT ( 'NONE',  ( 1428.847566129093821, 742.6119535019056457, -99.47059009577446886 ) ) ;
#6560 = CARTESIAN_POINT ( 'NONE',  ( 1451.658061493426885, 930.5314059845428574, -45.33991565330492080 ) ) ;
#6561 = CARTESIAN_POINT ( 'NONE',  ( 732.3345496072481637, 64.97873411436233937, 43.26491572924853557 ) ) ;
#6562 = CARTESIAN_POINT ( 'NONE',  ( 1044.914264753459065, 291.6331664630747014, 69.61368857988081515 ) ) ;
#6563 = CARTESIAN_POINT ( 'NONE',  ( 956.8331035744716928, 148.3608952738017024, -61.25537026872697766 ) ) ;
#6564 = CARTESIAN_POINT ( 'NONE',  ( 1414.536794064233163, 881.7431288938194029, 8.099752859631825785 ) ) ;
#6565 = CARTESIAN_POINT ( 'NONE',  ( 676.1583472606506575, 29.92846946565229871, 21.91160428118102743 ) ) ;
#6566 = CARTESIAN_POINT ( 'NONE',  ( 1437.944611997266065, 950.7834187682353786, -18.35670845952965635 ) ) ;
#6567 = CARTESIAN_POINT ( 'NONE',  ( 1444.065633181970952, 906.0991263410036254, -37.30484398891714193 ) ) ;
#6568 = CARTESIAN_POINT ( 'NONE',  ( 1240.299622745026682, 598.3758312434731579, 104.5441395504966806 ) ) ;
#6569 = CARTESIAN_POINT ( 'NONE',  ( 1428.612036439118356, 859.6179633262935340, -34.96553913374341249 ) ) ;
#6570 = CARTESIAN_POINT ( 'NONE',  ( 1334.983291676549470, 528.4935042571033819, -108.6259775856742067 ) ) ;
#6571 = CARTESIAN_POINT ( 'NONE',  ( 791.5537459089788399, 55.42896773379689535, -48.16563659423489696 ) ) ;
#6572 = CARTESIAN_POINT ( 'NONE',  ( 789.0463059960518422, 81.94714022833767331, 15.15017806072883388 ) ) ;
#6573 = CARTESIAN_POINT ( 'NONE',  ( 843.2045933443034755, 119.5208208781119339, 46.28760524605517901 ) ) ;
#6574 = CARTESIAN_POINT ( 'NONE',  ( 1401.709449949771852, 970.4280742551117100, 42.60279663871516931 ) ) ;
#6575 = CARTESIAN_POINT ( 'NONE',  ( 1009.567584130291152, 186.0752269632429261, -28.88591132092165381 ) ) ;
#6576 = CARTESIAN_POINT ( 'NONE',  ( 579.3806620216286092, 10.33373202813173997, 25.88538772413002675 ) ) ;
#6577 = CARTESIAN_POINT ( 'NONE',  ( 732.3069075740939979, 65.35699183741566287, 40.28107787664607997 ) ) ;
#6578 = CARTESIAN_POINT ( 'NONE',  ( 1108.619463215874248, 278.0913186854710943, -54.40311419699872886 ) ) ;
#6579 = CARTESIAN_POINT ( 'NONE',  ( 1102.620504008173839, 299.6057669734443607, 13.18686520240423832 ) ) ;
#6580 = CARTESIAN_POINT ( 'NONE',  ( 1201.740785074175392, 377.3571088740550863, -60.90704982044513827 ) ) ;
#6581 = CARTESIAN_POINT ( 'NONE',  ( 1383.113427933087678, 701.1627013442641783, -31.75491657290256597 ) ) ;
#6582 = CARTESIAN_POINT ( 'NONE',  ( 1345.325972579775907, 770.7042907223938073, 50.18302366702766193 ) ) ;
#6583 = CARTESIAN_POINT ( 'NONE',  ( 1044.549194862252307, 293.0829121212997848, 61.10391209865702677 ) ) ;
#6584 = CARTESIAN_POINT ( 'NONE',  ( 1060.623934575580279, 227.8851699971446578, -64.08658977845259130 ) ) ;
#6585 = CARTESIAN_POINT ( 'NONE',  ( 1407.267950668248659, 996.0866911192582620, 40.58750631604563353 ) ) ;
#6586 = CARTESIAN_POINT ( 'NONE',  ( 1342.590861467917648, 775.7459852739762027, 68.74680283784181256 ) ) ;
#6587 = CARTESIAN_POINT ( 'NONE',  ( 1394.649754666559829, 679.9090078907172483, -83.32255056061183041 ) ) ;
#6588 = CARTESIAN_POINT ( 'NONE',  ( 1406.332487698325622, 894.6357918796890090, 24.90204950292576669 ) ) ;
#6589 = CARTESIAN_POINT ( 'NONE',  ( 844.9013539192158078, 105.6276072042077487, 1.159206392908743055 ) ) ;
#6590 = CARTESIAN_POINT ( 'NONE',  ( 1367.834179094000319, 600.2993564548162340, -88.86412596135551212 ) ) ;
#6591 = CARTESIAN_POINT ( 'NONE',  ( 675.7389925894913176, 39.72457900548677401, 29.84026063631415582 ) ) ;
#6592 = CARTESIAN_POINT ( 'NONE',  ( 901.9067631357448818, 120.1760466333278004, -6.580653023271255897 ) ) ;
#6593 = CARTESIAN_POINT ( 'NONE',  ( 788.4387537165730464, 88.39118706450291540, 31.38307357367187933 ) ) ;
#6594 = CARTESIAN_POINT ( 'NONE',  ( 956.9051625121949201, 147.9681969449054577, -62.41393446433136916 ) ) ;
#6595 = CARTESIAN_POINT ( 'NONE',  ( 1252.352321620505109, 413.2359958143651966, -85.41007634348125066 ) ) ;
#6596 = CARTESIAN_POINT ( 'NONE',  ( 895.1219464475703944, 164.5831191999743055, 62.41673331464569685 ) ) ;
#6597 = CARTESIAN_POINT ( 'NONE',  ( 1276.918428161796783, 654.4069190398357705, 92.78157165307366938 ) ) ;
#6598 = CARTESIAN_POINT ( 'NONE',  ( 1448.670669507844195, 828.0886857750019772, -84.90374286957477068 ) ) ;
#6599 = VERTEX_POINT ( 'NONE', #6144 ) ;
#6600 = CARTESIAN_POINT ( 'NONE',  ( 1139.017919284072605, 380.7675901526439475, 55.29746796897542538 ) ) ;
#6601 = CARTESIAN_POINT ( 'NONE',  ( 1377.205876573601245, 712.0230523274732377, -31.23161388364454183 ) ) ;
#6602 = CARTESIAN_POINT ( 'NONE',  ( 791.7585327070695485, 53.40013184091233711, -30.28935641052344252 ) ) ;
#6603 = CARTESIAN_POINT ( 'NONE',  ( 1392.376880053414880, 684.1078330573063795, -60.99871879150818899 ) ) ;
#6604 = CARTESIAN_POINT ( 'NONE',  ( 618.4150246912066677, 18.39006222395269319, 28.74919541134633150 ) ) ;
#6605 = CARTESIAN_POINT ( 'NONE',  ( 900.6563180341526049, 128.2284204694311143, -23.01065609981971605 ) ) ;
#6606 = CARTESIAN_POINT ( 'NONE',  ( 1403.331153117463145, 663.9291992189342864, -108.2485196199904891 ) ) ;
#6607 = CARTESIAN_POINT ( 'NONE',  ( 1335.428245696563863, 527.5309997435859941, -109.1079401528144643 ) ) ;
#6608 = CARTESIAN_POINT ( 'NONE',  ( 1262.492345607513471, 545.8460266099009459, 22.69813628290252439 ) ) ;
#6609 = CARTESIAN_POINT ( 'NONE',  ( 1331.589884406748070, 795.9908362931846568, 92.43957367939245273 ) ) ;
#6610 = SECURITY_CLASSIFICATION ( '', '', #876 ) ;
#6611 = CARTESIAN_POINT ( 'NONE',  ( 842.9324613428200337, 121.6638990773043076, 38.74119549724408529 ) ) ;
#6612 = CARTESIAN_POINT ( 'NONE',  ( 1202.140058002382375, 376.2679964145772260, -37.67447154439248180 ) ) ;
#6613 = CARTESIAN_POINT ( 'NONE',  ( 618.3817738227165819, 20.27533410536993586, 31.64775397980601568 ) ) ;
#6614 = CARTESIAN_POINT ( 'NONE',  ( 895.0878715174173976, 164.7872708886237945, 58.19534503303713535 ) ) ;
#6615 = CARTESIAN_POINT ( 'NONE',  ( 1442.142752482704282, 909.0185974585190252, -40.79826232540270325 ) ) ;
#6616 = CARTESIAN_POINT ( 'NONE',  ( 1428.314939808518147, 965.0045120332098350, 8.097911742794732248 ) ) ;
#6617 = CARTESIAN_POINT ( 'NONE',  ( 1241.327985460975242, 441.8773651279883552, -22.89103580858958153 ) ) ;
#6618 = CARTESIAN_POINT ( 'NONE',  ( 897.4352036661507555, 149.3747187915529082, 25.63716230104089533 ) ) ;
#6619 = CARTESIAN_POINT ( 'NONE',  ( 732.3983264040697350, 63.97959577125004671, 35.66311975827164815 ) ) ;
#6620 = CARTESIAN_POINT ( 'NONE',  ( 618.6150494989486788, 6.251497140378482698, -26.83920777236777155 ) ) ;
#6621 = CARTESIAN_POINT ( 'NONE',  ( 1422.567398799486682, 938.7491175560849115, 1.922500123458268373 ) ) ;
#6622 = CARTESIAN_POINT ( 'NONE',  ( 1179.492175915948792, 441.1417565300349111, 61.52623007351864004 ) ) ;
#6623 = CARTESIAN_POINT ( 'NONE',  ( 1248.051904029277466, 424.3734943178764070, -78.97218976888991904 ) ) ;
#6624 = CARTESIAN_POINT ( 'NONE',  ( 900.7094828294377749, 128.0216082316511006, 8.717813636878473105 ) ) ;
#6625 = CARTESIAN_POINT ( 'NONE',  ( 1268.135093389413214, 532.4909138351332558, 2.730141738791107997 ) ) ;
#6626 = CARTESIAN_POINT ( 'NONE',  ( 676.8491236831823699, 13.36036723077717880, -31.78085592439166263 ) ) ;
#6627 = CARTESIAN_POINT ( 'NONE',  ( 1395.798616512880017, 979.4054701365715800, 53.58252800024769869 ) ) ;
#6628 = CARTESIAN_POINT ( 'NONE',  ( 560.0000000000000000, -7.455350836910199064, -0.8712880353843179826 ) ) ;
#6629 = CARTESIAN_POINT ( 'NONE',  ( 1361.488075473992922, 857.5801033260696613, 65.63350798109395612 ) ) ;
#6630 = CARTESIAN_POINT ( 'NONE',  ( 791.1797040910396390, 59.37000303189296346, -47.19068531916060749 ) ) ;
#6631 = CARTESIAN_POINT ( 'NONE',  ( 1063.173478089768423, 217.6064867742576610, -65.49644128027678391 ) ) ;
#6632 = CARTESIAN_POINT ( 'NONE',  ( 1204.743028404609731, 536.8195085428410493, 104.5978626170165455 ) ) ;
#6633 = CARTESIAN_POINT ( 'NONE',  ( 1407.099771384622500, 996.3350581696430481, 45.81845081793681373 ) ) ;
#6634 = CARTESIAN_POINT ( 'NONE',  ( 956.9051625121949201, 147.9681969449054577, -62.41393446433136916 ) ) ;
#6635 = ORIENTED_EDGE ( 'NONE', *, *, #5461, .T. ) ;
#6636 = CARTESIAN_POINT ( 'NONE',  ( 1368.553379821692261, 845.5312439688201493, 61.57142869964042831 ) ) ;
#6637 = CARTESIAN_POINT ( 'NONE',  ( 899.9538237846617221, 132.8401255806041945, -11.72716732724072841 ) ) ;
#6638 = CARTESIAN_POINT ( 'NONE',  ( 791.7761312575677266, 53.20788246694093004, -31.96530511483769388 ) ) ;
#6639 = CARTESIAN_POINT ( 'NONE',  ( 1111.444540124433161, 268.0636890641281980, -47.91679023470766197 ) ) ;
#6640 = CARTESIAN_POINT ( 'NONE',  ( 842.6269614344074625, 124.2043902969961664, 52.38792334868041678 ) ) ;
#6641 = CARTESIAN_POINT ( 'NONE',  ( 900.4556552399851626, 129.5457500365912722, -19.67491316616694164 ) ) ;
#6642 = CARTESIAN_POINT ( 'NONE',  ( 1371.553782716954174, 592.8660462491592398, -110.2776994463453377 ) ) ;
#6643 = CARTESIAN_POINT ( 'NONE',  ( 560.0000000000001137, -6.724189931712394319, -23.34690973820580595 ) ) ;
#6644 = CARTESIAN_POINT ( 'NONE',  ( 1142.907328137488321, 368.3373295762537509, 19.07206222351996416 ) ) ;
#6645 = CARTESIAN_POINT ( 'NONE',  ( 1173.596165191162754, 458.0243589062392289, 82.52820670645840551 ) ) ;
#6646 = CARTESIAN_POINT ( 'NONE',  ( 1174.314428473826638, 455.9469596278524364, 68.29359723294552964 ) ) ;
#6647 = CARTESIAN_POINT ( 'NONE',  ( 1061.351381958099410, 225.0215720704205467, -39.20678058941740574 ) ) ;
#6648 = CARTESIAN_POINT ( 'NONE',  ( 1042.361483378112780, 301.9672774194149270, 81.72213971719651227 ) ) ;
#6649 = CARTESIAN_POINT ( 'NONE',  ( 1443.807428080396448, 942.1252160091665928, -31.31726299234860278 ) ) ;
#6650 = CARTESIAN_POINT ( 'NONE',  ( 846.4586555498318603, 93.12490294415168535, 4.099871139729152070 ) ) ;
#6651 = CARTESIAN_POINT ( 'NONE',  ( 1438.344615867226821, 914.7879945972216547, -23.09507537239840858 ) ) ;
#6652 = CARTESIAN_POINT ( 'NONE',  ( 897.1564645369109030, 151.2044562851697265, 29.52699549813480928 ) ) ;
#6653 = CARTESIAN_POINT ( 'NONE',  ( 1328.522992095197424, 801.6309162333459426, 89.47363822110941101 ) ) ;
#6654 = CARTESIAN_POINT ( 'NONE',  ( 1443.972189050715542, 835.4745812879133382, -72.82274403597369883 ) ) ;
#6655 = CARTESIAN_POINT ( 'NONE',  ( 1428.151076632083914, 965.2465050594589684, 1.561919409036799822 ) ) ;
#6656 = CARTESIAN_POINT ( 'NONE',  ( 1314.407278555966059, 706.9078870305871760, 72.98703678506714709 ) ) ;
#6657 = CARTESIAN_POINT ( 'NONE',  ( 676.4597656296685955, 22.39856428004985744, -28.18508317604938185 ) ) ;
#6658 = CARTESIAN_POINT ( 'NONE',  ( 1328.796587606969524, 678.2029598861038266, 36.96976054711283410 ) ) ;
#6659 = CARTESIAN_POINT ( 'NONE',  ( 1384.034067301797904, 819.1037142105650446, 15.75058659725232424 ) ) ;
#6660 = CARTESIAN_POINT ( 'NONE',  ( 1011.384763845317025, 177.5638366481918808, -59.33794655487924530 ) ) ;
#6661 = CARTESIAN_POINT ( 'NONE',  ( 1088.897632077495473, 348.5913012105347661, 70.97769033886373791 ) ) ;
#6662 = CARTESIAN_POINT ( 'NONE',  ( 1341.268229946910424, 653.3209009724527050, 3.070888292797949948 ) ) ;
#6663 = CARTESIAN_POINT ( 'NONE',  ( 1212.433426164532875, 516.8511180632900732, 70.29399302215513501 ) ) ;
#6664 = CARTESIAN_POINT ( 'NONE',  ( 1061.730404850695095, 223.4018479948414040, -74.61944777443750354 ) ) ;
#6665 = CARTESIAN_POINT ( 'NONE',  ( 1296.599813811281820, 742.4275466313798688, 112.9299432574260607 ) ) ;
#6666 = CARTESIAN_POINT ( 'NONE',  ( 1304.886258931997645, 725.8998836206551459, 95.30524718647696147 ) ) ;
#6667 = CARTESIAN_POINT ( 'NONE',  ( 1205.931655034160258, 365.3485920860737792, -85.15228779765439526 ) ) ;
#6668 = CARTESIAN_POINT ( 'NONE',  ( 1192.613734647110277, 403.5625610633581459, 9.001744059113187646 ) ) ;
#6669 = CARTESIAN_POINT ( 'NONE',  ( 949.7693798974756874, 187.0542878849223314, 43.99450178313875170 ) ) ;
#6670 = CARTESIAN_POINT ( 'NONE',  ( 1347.260912937769490, 641.3413078070321944, -31.82291411532971992 ) ) ;
#6671 = CARTESIAN_POINT ( 'NONE',  ( 1249.289948139864237, 421.1980541011878927, -64.05913886479110886 ) ) ;
#6672 = CARTESIAN_POINT ( 'NONE',  ( 1061.593146127496084, 224.0394919371728975, -41.92230092246667539 ) ) ;
#6673 = CARTESIAN_POINT ( 'NONE',  ( 1409.126367053455851, 959.1632490302578162, 28.55743938607026067 ) ) ;
#6674 = CARTESIAN_POINT ( 'NONE',  ( 1394.940696612972715, 800.4895047161363664, -9.814118520006966051 ) ) ;
#6675 = CARTESIAN_POINT ( 'NONE',  ( 847.8120368325924119, 81.96762425814574726, -54.40752018766998788 ) ) ;
#6676 = CARTESIAN_POINT ( 'NONE',  ( 1453.949304063650516, 927.1477005327673169, -53.88173697703620491 ) ) ;
#6677 = CARTESIAN_POINT ( 'NONE',  ( 844.2504699690599637, 110.9296228783677236, 14.17441332576474089 ) ) ;
#6678 = CARTESIAN_POINT ( 'NONE',  ( 559.9999999999998863, 2.447415319822640267, 18.60430475074580059 ) ) ;
#6679 = CARTESIAN_POINT ( 'NONE',  ( 1332.768416270027728, 793.8171243605983136, 79.59584802659595937 ) ) ;
#6680 = CARTESIAN_POINT ( 'NONE',  ( 1359.396430863751903, 617.1456449848877810, -54.22022280238921610 ) ) ;
#6681 = CARTESIAN_POINT ( 'NONE',  ( 1346.165494942791611, 883.7310806459000787, 105.1753882799871747 ) ) ;
#6682 = CARTESIAN_POINT ( 'NONE',  ( 1201.167831720360255, 378.9990936479497918, -57.67766826843097761 ) ) ;
#6683 = CARTESIAN_POINT ( 'NONE',  ( 618.4312558247014522, 17.47076821269206093, 27.53638621525264440 ) ) ;
#6684 = CARTESIAN_POINT ( 'NONE',  ( 560.0000000000000000, 4.005614369380963602, 20.84068542161316273 ) ) ;
#6685 = CARTESIAN_POINT ( 'NONE',  ( 1323.183249564644484, 554.1079014444468385, -46.26141613200551461 ) ) ;
#6686 = CARTESIAN_POINT ( 'NONE',  ( 1177.858195873280465, 445.7935914331191611, 53.49180568831412330 ) ) ;
#6687 = CARTESIAN_POINT ( 'NONE',  ( 1242.794390023154392, 592.4630826156947023, 87.63764302311996346 ) ) ;
#6688 = CARTESIAN_POINT ( 'NONE',  ( 1248.405856046919553, 423.4547117806230290, -80.69784631491002358 ) ) ;
#6689 = CARTESIAN_POINT ( 'NONE',  ( 1430.876429439855428, 961.2217059074652070, 3.127421659585579938 ) ) ;
#6690 = CARTESIAN_POINT ( 'NONE',  ( 559.9999999999997726, -0.6955490952708186514, 13.52363734026208242 ) ) ;
#6691 = CARTESIAN_POINT ( 'NONE',  ( 1157.791142071178456, 320.9138417869993418, -68.39648684084988872 ) ) ;
#6692 = CARTESIAN_POINT ( 'NONE',  ( 618.7008066772935990, 2.109238341241198800, -0.7905468536891370190 ) ) ;
#6693 = CARTESIAN_POINT ( 'NONE',  ( 1330.510215944187166, 674.7658656562408623, 16.89548471489443671 ) ) ;
#6694 = CARTESIAN_POINT ( 'NONE',  ( 958.2861355550580811, 140.4811655613144410, -60.64680419847064741 ) ) ;
#6695 = CARTESIAN_POINT ( 'NONE',  ( 1368.566894986966417, 598.8356166194361094, -92.44937570192166731 ) ) ;
#6696 = CARTESIAN_POINT ( 'NONE',  ( 1404.346803710119275, 1000.400638937827466, 45.66526410631733057 ) ) ;
#6697 = CARTESIAN_POINT ( 'NONE',  ( 1152.583325354373983, 337.5733259647293494, -8.773825500340464600 ) ) ;
#6698 = CARTESIAN_POINT ( 'NONE',  ( 732.5227232529438197, 62.12440333454369323, 30.92293113192183540 ) ) ;
#6699 = CARTESIAN_POINT ( 'NONE',  ( 1367.673444291658825, 600.6031786634140417, -101.0335561247224376 ) ) ;
#6700 = CARTESIAN_POINT ( 'NONE',  ( 1087.202227387752373, 354.6642143590137266, 87.86571257598278351 ) ) ;
#6701 = CARTESIAN_POINT ( 'NONE',  ( 1173.198670254735589, 459.1624538433816269, 83.88329455493536102 ) ) ;
#6702 = CARTESIAN_POINT ( 'NONE',  ( 1398.518318029570992, 672.7864545851806497, -95.86907809435840022 ) ) ;
#6703 = CARTESIAN_POINT ( 'NONE',  ( 1003.370357872290583, 214.8932195057931267, 0.6330922890502073130 ) ) ;
#6704 = CARTESIAN_POINT ( 'NONE',  ( 1001.281477297686365, 224.7126403460474080, 39.79012138851211944 ) ) ;
#6705 = CARTESIAN_POINT ( 'NONE',  ( 845.3063065209984188, 102.3291268881335156, -7.154143727680942533 ) ) ;
#6706 = CARTESIAN_POINT ( 'NONE',  ( 1447.647750651808565, 936.4538302771135250, -34.04596523764525529 ) ) ;
#6707 = CARTESIAN_POINT ( 'NONE',  ( 579.5082168481211511, -7.366297720107460201, -17.35474024276445704 ) ) ;
#6708 = CARTESIAN_POINT ( 'NONE',  ( 1392.426946884631207, 916.4841161405677212, 41.92791232233891208 ) ) ;
#6709 = CARTESIAN_POINT ( 'NONE',  ( 1422.175683255977674, 869.7337042702492909, -20.30168467891862605 ) ) ;
#6710 = CARTESIAN_POINT ( 'NONE',  ( 1371.172123415847636, 949.8833609077007623, 82.45988718323289390 ) ) ;
#6711 = CARTESIAN_POINT ( 'NONE',  ( 847.8120368325924119, 81.96762425814574726, -54.40752018766998788 ) ) ;
#6712 = CARTESIAN_POINT ( 'NONE',  ( 618.4408893879705147, 16.50878348934394069, 12.22606181712294493 ) ) ;
#6713 = CARTESIAN_POINT ( 'NONE',  ( 896.5013897212520533, 155.5643772950397192, 51.00433487538015953 ) ) ;
#6714 = CARTESIAN_POINT ( 'NONE',  ( 1106.748914604295578, 284.7787817371166170, -40.22270208864595986 ) ) ;
#6715 = CARTESIAN_POINT ( 'NONE',  ( 997.5425919256249472, 242.0923201948504584, 51.76669331175290978 ) ) ;
#6716 = CARTESIAN_POINT ( 'NONE',  ( 559.9999999999998863, -10.06465329655251395, -14.08969079539336633 ) ) ;
#6717 = CARTESIAN_POINT ( 'NONE',  ( 559.9999999999997726, 5.220164372393146124, 22.71789956373646291 ) ) ;
#6718 = CARTESIAN_POINT ( 'NONE',  ( 1355.111900910945451, 625.6736229023139231, -57.03028920352328868 ) ) ;
#6719 = CARTESIAN_POINT ( 'NONE',  ( 1295.692877091105629, 467.2783540413909122, -100.3182576789996432 ) ) ;
#6720 = CARTESIAN_POINT ( 'NONE',  ( 903.7974325236485811, 107.6979555192473725, -56.58557850422545243 ) ) ;
#6721 = CARTESIAN_POINT ( 'NONE',  ( 1394.181261607895749, 981.8629735537795113, 61.76808644696243533 ) ) ;
#6722 = CARTESIAN_POINT ( 'NONE',  ( 579.3888294735235149, 9.194587097782298102, 24.04549601124127989 ) ) ;
#6723 = CARTESIAN_POINT ( 'NONE',  ( 560.0000000000003411, -10.01340043303194705, -12.49700119777514296 ) ) ;
#6724 = CARTESIAN_POINT ( 'NONE',  ( 1392.426946884631207, 916.4841161405677212, 41.92791232233891208 ) ) ;
#6725 = CARTESIAN_POINT ( 'NONE',  ( 1131.184564605792957, 405.6829953769227473, 77.02041542619845416 ) ) ;
#6726 = CARTESIAN_POINT ( 'NONE',  ( 1448.076036711413963, 935.8213377188654931, -41.23599784042257710 ) ) ;
#6727 = CARTESIAN_POINT ( 'NONE',  ( 1418.400964815528141, 979.6454634839388973, 26.43691460316435027 ) ) ;
#6728 = CARTESIAN_POINT ( 'NONE',  ( 1393.656538439060341, 914.5548340854742264, 49.53456717258384856 ) ) ;
#6729 = CARTESIAN_POINT ( 'NONE',  ( 676.4682099097009313, 22.19965727855462845, -28.78798882713375917 ) ) ;
#6730 = CARTESIAN_POINT ( 'NONE',  ( 734.0443829043820188, 39.69914242204703925, 2.542515273357181194 ) ) ;
#6731 = CARTESIAN_POINT ( 'NONE',  ( 1228.520919416039078, 475.0859254888508758, 8.848922891661558765 ) ) ;
#6732 = CARTESIAN_POINT ( 'NONE',  ( 1208.491723566208748, 358.0440571461300578, -84.64249051763638931 ) ) ;
#6733 = CARTESIAN_POINT ( 'NONE',  ( 1063.326720614469878, 216.9785312013855787, -69.70811467765354053 ) ) ;
#6734 = CARTESIAN_POINT ( 'NONE',  ( 1131.490673928326032, 404.7080606459851424, 75.76204254204991173 ) ) ;
#6735 = CARTESIAN_POINT ( 'NONE',  ( 1213.004427700678889, 515.3688254576028385, 68.25269987326294086 ) ) ;
#6736 = CARTESIAN_POINT ( 'NONE',  ( 1426.278318306514393, 746.9967690955769513, -93.37461797076791470 ) ) ;
#6737 = CARTESIAN_POINT ( 'NONE',  ( 1409.082829816786898, 890.3139159596837544, 19.34971573214857443 ) ) ;
#6738 = CARTESIAN_POINT ( 'NONE',  ( 618.3877149505310626, 19.94407125203311182, 31.19560257132834025 ) ) ;
#6739 = CARTESIAN_POINT ( 'NONE',  ( 1377.631238254738719, 939.7354667737905629, 78.71790107254517466 ) ) ;
#6740 = CARTESIAN_POINT ( 'NONE',  ( 1159.434368153725700, 315.6803919495019386, -79.06415697500221995 ) ) ;
#6741 = FACE_OUTER_BOUND ( 'NONE', #493, .T. ) ;
#6742 = CARTESIAN_POINT ( 'NONE',  ( 676.2138219090867324, 28.61737627854358834, 19.76024756371612412 ) ) ;
#6743 = CARTESIAN_POINT ( 'NONE',  ( 1309.673981336122779, 583.3736468646284266, -17.69576310704258049 ) ) ;
#6744 = CARTESIAN_POINT ( 'NONE',  ( 1011.176078855297078, 178.5474152345708205, -53.76485361441469024 ) ) ;
#6745 = CARTESIAN_POINT ( 'NONE',  ( 1446.198855083071521, 938.5935582564619608, -30.30923131306455787 ) ) ;
#6746 = CARTESIAN_POINT ( 'NONE',  ( 1415.117405440103767, 984.4946217111075839, 26.46215562447692804 ) ) ;
#6747 = EDGE_CURVE ( 'NONE', #3853, #6599, #5713, .T. ) ;
#6748 = CARTESIAN_POINT ( 'NONE',  ( 675.6838752481764914, 41.09608866227610235, 36.56382897300494506 ) ) ;
#6749 = CARTESIAN_POINT ( 'NONE',  ( 899.6965487814585458, 134.5289073842293703, -7.771185717143998417 ) ) ;
#6750 = CARTESIAN_POINT ( 'NONE',  ( 842.2512709360167946, 127.2154204236366155, 51.26201469771017827 ) ) ;
#6751 = CARTESIAN_POINT ( 'NONE',  ( 560.0000000000003411, -5.861255185593160277, -23.34127554986376296 ) ) ;
#6752 = CARTESIAN_POINT ( 'NONE',  ( 618.4454545260626901, 16.23403561052585431, 11.18428614959767131 ) ) ;
#6753 = CARTESIAN_POINT ( 'NONE',  ( 579.4103825843034201, 6.188945432493149212, 19.71734934956705843 ) ) ;
#6754 = CARTESIAN_POINT ( 'NONE',  ( 676.3700160428790014, 24.53001053116915031, -20.92296015587676905 ) ) ;
#6755 = CARTESIAN_POINT ( 'NONE',  ( 842.8346984584262600, 122.4600935490364009, 40.49734168478686058 ) ) ;
#6756 = CARTESIAN_POINT ( 'NONE',  ( 618.7681898399611100, -1.908020197693210074, -17.49272331063709984 ) ) ;
#6757 = CARTESIAN_POINT ( 'NONE',  ( 1087.020107818759698, 355.3128694526629374, 88.12141785769860292 ) ) ;
#6758 = CARTESIAN_POINT ( 'NONE',  ( 1384.621594396916407, 698.3714346545236822, -52.49035051321916256 ) ) ;
#6759 = CARTESIAN_POINT ( 'NONE',  ( 734.4632355547530551, 33.26680039543303025, -41.84844629921696679 ) ) ;
#6760 = CARTESIAN_POINT ( 'NONE',  ( 1011.653825974763208, 176.2839287255796705, -70.51761050838692313 ) ) ;
#6761 = CARTESIAN_POINT ( 'NONE',  ( 732.6245228452717129, 60.70286276891167176, 37.68293554092498709 ) ) ;
#6762 = CARTESIAN_POINT ( 'NONE',  ( 1350.582939249798528, 876.1941431502484647, 96.66683807606655421 ) ) ;
#6763 = CARTESIAN_POINT ( 'NONE',  ( 1245.548429503442776, 430.9179993308628696, -43.12065833376043855 ) ) ;
#6764 = CARTESIAN_POINT ( 'NONE',  ( 1047.453675188559146, 281.3036456416767237, 41.28908130007679489 ) ) ;
#6765 = CARTESIAN_POINT ( 'NONE',  ( 1376.215486690285388, 941.9586718880161698, 73.46852113659225836 ) ) ;
#6766 = CARTESIAN_POINT ( 'NONE',  ( 1157.791142071178456, 320.9138417869993418, -68.39648684084988872 ) ) ;
#6767 = DATE_AND_TIME ( #4555, #5220 ) ;
#6768 = CARTESIAN_POINT ( 'NONE',  ( 1416.788595257979296, 982.0266097375252912, 29.28448991175177696 ) ) ;
#6769 = CARTESIAN_POINT ( 'NONE',  ( 901.9117557343338376, 119.9905007656872158, -44.81567599379371813 ) ) ;
#6770 = CARTESIAN_POINT ( 'NONE',  ( 560.0000000000001137, -7.975262459795097847, -2.376605750567117870 ) ) ;
#6771 = CARTESIAN_POINT ( 'NONE',  ( 676.0101081993859680, 33.18677446978770718, 9.395074397619767481 ) ) ;
#6772 = CARTESIAN_POINT ( 'NONE',  ( 1252.782514104811298, 412.1161975488353733, -89.07916694498386789 ) ) ;
#6773 = CARTESIAN_POINT ( 'NONE',  ( 560.0000000000002274, 6.384901307639585077, 21.09953870572227075 ) ) ;
#6774 = CARTESIAN_POINT ( 'NONE',  ( 1212.004428053784522, 517.9647759500285247, 71.82086905106864094 ) ) ;
#6775 = CARTESIAN_POINT ( 'NONE',  ( 618.6266917239616987, 5.602280372626754712, -28.28899283558762434 ) ) ;
#6776 = CARTESIAN_POINT ( 'NONE',  ( 1054.189789643698077, 254.0608143048561089, 17.04446725655242645 ) ) ;
#6777 = CARTESIAN_POINT ( 'NONE',  ( 1042.571498402678117, 301.1198828280340649, 81.52620393884920702 ) ) ;
#6778 = CARTESIAN_POINT ( 'NONE',  ( 1046.022156062434533, 287.1466462402657953, 63.95817705692603994 ) ) ;
#6779 = CARTESIAN_POINT ( 'NONE',  ( 560.0000000000000000, -3.633778853994498181, -20.65411887461987916 ) ) ;
#6780 = CARTESIAN_POINT ( 'NONE',  ( 1230.104011437403869, 470.9757429201572450, 2.413279366554165861 ) ) ;
#6781 = CARTESIAN_POINT ( 'NONE',  ( 676.2769482043794369, 27.12496162733144445, 17.22310143587262488 ) ) ;
#6782 = CARTESIAN_POINT ( 'NONE',  ( 1101.470908072830525, 303.6476727162808515, -4.158035377877193461 ) ) ;
#6783 = CARTESIAN_POINT ( 'NONE',  ( 1443.199589917294816, 836.6936517213181332, -60.57041660798967087 ) ) ;
#6784 = CARTESIAN_POINT ( 'NONE',  ( 1446.616259851514087, 902.2252748765636170, -44.19692760166602596 ) ) ;
#6785 = CARTESIAN_POINT ( 'NONE',  ( 560.0000000000003411, 4.222971120508912435, 12.21752791396638393 ) ) ;
#6786 = CARTESIAN_POINT ( 'NONE',  ( 1390.567874496057584, 987.3500810693395806, 65.03047930399776533 ) ) ;
#6787 = CARTESIAN_POINT ( 'NONE',  ( 1148.278769569372344, 351.2234620704850272, -9.963950042088452363 ) ) ;
#6788 = CARTESIAN_POINT ( 'NONE',  ( 1391.458573633080732, 985.9972054084654474, 61.66306267988008472 ) ) ;
#6789 = CARTESIAN_POINT ( 'NONE',  ( 791.3685476931972289, 57.37778614758933315, -48.36787714115476433 ) ) ;
#6790 = CARTESIAN_POINT ( 'NONE',  ( 560.0000000000002274, 3.338701232196776392, 8.335786174493300393 ) ) ;
#6791 = CARTESIAN_POINT ( 'NONE',  ( 1408.521935009221352, 994.2348079070075073, 43.43753632608542858 ) ) ;
#6792 = CARTESIAN_POINT ( 'NONE',  ( 846.3686193976951699, 93.67820556518553587, -30.51633644154069813 ) ) ;
#6793 = CARTESIAN_POINT ( 'NONE',  ( 1132.670771316065839, 400.9488636820383363, 70.13645920578926507 ) ) ;
#6794 = CARTESIAN_POINT ( 'NONE',  ( 1009.960697091729003, 184.2382925773535476, -33.83758507588909481 ) ) ;
#6795 = CARTESIAN_POINT ( 'NONE',  ( 1268.881621972711400, 671.8248938819838258, 112.2024941586109605 ) ) ;
#6796 = CARTESIAN_POINT ( 'NONE',  ( 676.3700160428790014, 24.53001053116915031, -20.92296015587676905 ) ) ;
#6797 = CARTESIAN_POINT ( 'NONE',  ( 1209.316429625892169, 355.6740342397088170, -93.27253894094863540 ) ) ;
#6798 = CARTESIAN_POINT ( 'NONE',  ( 560.0000000000000000, -7.854046069968386945, -22.81098126187921693 ) ) ;
#6799 = CARTESIAN_POINT ( 'NONE',  ( 996.9018438936533357, 245.1153614163807504, 66.81849302917225941 ) ) ;
#6800 = CARTESIAN_POINT ( 'NONE',  ( 1244.875831275335031, 432.6648175367587896, -39.70109239844690308 ) ) ;
#6801 = CARTESIAN_POINT ( 'NONE',  ( 618.4175850511203407, 17.91161542127089845, 17.42818498242180425 ) ) ;
#6802 = CARTESIAN_POINT ( 'NONE',  ( 1327.073722797832488, 804.2981437260066286, 92.29089686556373806 ) ) ;
#6803 = CARTESIAN_POINT ( 'NONE',  ( 1421.056801545416192, 755.9110599933455887, -78.20263787287883872 ) ) ;
#6804 = CALENDAR_DATE ( 2026, 14, 9 ) ;
#6805 = CARTESIAN_POINT ( 'NONE',  ( 844.8599642584091498, 106.0991249448566265, 26.81500976096744182 ) ) ;
#6806 = CARTESIAN_POINT ( 'NONE',  ( 1446.014250703485914, 938.8661818772565084, -36.40783294393320091 ) ) ;
#6807 = CARTESIAN_POINT ( 'NONE',  ( 1336.351791102402103, 663.1299136290733713, 16.76339348440265553 ) ) ;
#6808 = CARTESIAN_POINT ( 'NONE',  ( 1296.776605057123788, 611.3395315555641218, 23.44981829743975865 ) ) ;
#6809 = CARTESIAN_POINT ( 'NONE',  ( 1011.499738310255566, 177.0176116139347755, -64.46005991575438543 ) ) ;
#6810 = CARTESIAN_POINT ( 'NONE',  ( 1242.275351287031071, 593.6912638688121433, 89.08629761491854993 ) ) ;
#6811 = CARTESIAN_POINT ( 'NONE',  ( 560.0000000000001137, 5.597685114129390627, 18.04903803089543146 ) ) ;
#6812 = CARTESIAN_POINT ( 'NONE',  ( 956.7652979065509271, 148.7299991934041543, -60.08548194953917942 ) ) ;
#6813 = CARTESIAN_POINT ( 'NONE',  ( 1003.478264967928794, 214.4755840778884703, 24.50553843271758936 ) ) ;
#6814 = CARTESIAN_POINT ( 'NONE',  ( 560.0000000000002274, 5.474302069085919875, 23.12532505101592051 ) ) ;
#6815 = CARTESIAN_POINT ( 'NONE',  ( 732.9127392990899352, 56.44605472656876088, 31.77728384546158580 ) ) ;
#6816 = CARTESIAN_POINT ( 'NONE',  ( 847.1982524344778085, 86.93850389233965359, -48.41015325574071682 ) ) ;
#6817 = CARTESIAN_POINT ( 'NONE',  ( 1052.957540931070980, 258.9802578133797510, 0.9667263781091388619 ) ) ;
#6818 = CARTESIAN_POINT ( 'NONE',  ( 1257.963927849917582, 556.5872931235962824, 53.71261970909583283 ) ) ;
#6819 = CARTESIAN_POINT ( 'NONE',  ( 1193.292100047304757, 401.5692598261550756, -16.51152102793983900 ) ) ;
#6820 = CARTESIAN_POINT ( 'NONE',  ( 903.7180096056106322, 108.2561952038584678, -45.19031947418984885 ) ) ;
#6821 = CARTESIAN_POINT ( 'NONE',  ( 676.8790874232284978, 12.72148196978765178, -26.16414941079726120 ) ) ;
#6822 = CARTESIAN_POINT ( 'NONE',  ( 1138.450838996186349, 382.5353296672685133, 41.96380794244166168 ) ) ;
#6823 = CARTESIAN_POINT ( 'NONE',  ( 1322.405620908002447, 812.8907478331318543, 106.5268792404982747 ) ) ;
#6824 = CARTESIAN_POINT ( 'NONE',  ( 1311.773591034662331, 578.8208411890093430, -24.63893579815673363 ) ) ;
#6825 = CARTESIAN_POINT ( 'NONE',  ( 1324.904793081550679, 808.2898704890285444, 96.72681853612304792 ) ) ;
#6826 = CARTESIAN_POINT ( 'NONE',  ( 579.4808362301225770, -3.461425168640655414, -26.09542231095858256 ) ) ;
#6827 = CARTESIAN_POINT ( 'NONE',  ( 1095.371957719176180, 325.4498563760365641, 33.80896972742298345 ) ) ;
#6828 = CARTESIAN_POINT ( 'NONE',  ( 788.8504745556795115, 84.13552347153269295, 36.66123263478186800 ) ) ;
#6829 = CARTESIAN_POINT ( 'NONE',  ( 1058.021801261945257, 238.4382059576360859, -40.34064207421661763 ) ) ;
#6830 = CARTESIAN_POINT ( 'NONE',  ( 842.7383549695932743, 123.2449161623207488, 42.28595476876864012 ) ) ;
#6831 = CARTESIAN_POINT ( 'NONE',  ( 1346.019128208132315, 883.9805494002910109, 105.0475359432336262 ) ) ;
#6832 = CARTESIAN_POINT ( 'NONE',  ( 1433.621399766490185, 851.7445361379830047, -46.90191664218338730 ) ) ;
#6833 = CARTESIAN_POINT ( 'NONE',  ( 1371.503604133750969, 592.9687599240111240, -107.9379299223242441 ) ) ;
#6834 = CARTESIAN_POINT ( 'NONE',  ( 1253.647683178485977, 409.8652995177830007, -96.25285671069489979 ) ) ;
#6835 = CARTESIAN_POINT ( 'NONE',  ( 895.8108689594179168, 160.0812107691337189, 56.66944424637938482 ) ) ;
#6836 = CARTESIAN_POINT ( 'NONE',  ( 1158.768073156946457, 317.8643336288997148, -47.99455684602024519 ) ) ;
#6837 = CARTESIAN_POINT ( 'NONE',  ( 1250.833422776864154, 573.4385945211540729, 61.91379189714260889 ) ) ;
#6838 = CARTESIAN_POINT ( 'NONE',  ( 1241.327985460975242, 441.8773651279883552, -22.89103580858958153 ) ) ;
#6839 = CARTESIAN_POINT ( 'NONE',  ( 1350.551878535323567, 876.2421650695672497, 87.88779798061973736 ) ) ;
#6840 = CARTESIAN_POINT ( 'NONE',  ( 1442.736856187503008, 837.4163875568123103, -69.70007131183685090 ) ) ;
#6841 = APPLICATION_PROTOCOL_DEFINITION ( 'international standard', 'config_control_design', 1994, #4976 ) ;
#6842 = CARTESIAN_POINT ( 'NONE',  ( 1287.748065186657641, 486.0666592145754521, -74.80019459764352519 ) ) ;
#6843 = CARTESIAN_POINT ( 'NONE',  ( 579.4810310881190389, -3.647171905538754366, 0.8181477140373794033 ) ) ;
#6844 = CARTESIAN_POINT ( 'NONE',  ( 1398.418389641890599, 907.0688845924073576, 29.89140219057541970 ) ) ;
#6845 = APPROVAL_PERSON_ORGANIZATION ( #1555, #1708, #3727 ) ;
#6846 = CARTESIAN_POINT ( 'NONE',  ( 1426.833441490633504, 746.0580580412015479, -85.79408983930086663 ) ) ;
#6847 = CARTESIAN_POINT ( 'NONE',  ( 996.1195564663088362, 248.7322196072970542, 62.95130364474250939 ) ) ;
#6848 = CARTESIAN_POINT ( 'NONE',  ( 895.9378132151659884, 159.2034124732181510, 45.96690892712935295 ) ) ;
#6849 = CARTESIAN_POINT ( 'NONE',  ( 1447.308730255640512, 830.2296163415509227, -81.64843848425493888 ) ) ;
#6850 = CARTESIAN_POINT ( 'NONE',  ( 1263.724599036240988, 542.9578034799211537, 35.70177101039513445 ) ) ;
#6851 = CARTESIAN_POINT ( 'NONE',  ( 1390.473474612874725, 987.4941397405278849, 68.30655165939650431 ) ) ;
#6852 = CARTESIAN_POINT ( 'NONE',  ( 948.4750493411406751, 194.1156533169969975, 53.57539548323467216 ) ) ;
#6853 = CARTESIAN_POINT ( 'NONE',  ( 956.4195556021968514, 150.6150224927889099, -55.67870572214936686 ) ) ;
#6854 = CARTESIAN_POINT ( 'NONE',  ( 560.0000000000000000, -7.974655489323903446, -2.356999258015729293 ) ) ;
#6855 = CARTESIAN_POINT ( 'NONE',  ( 1321.465818243660806, 692.8273422414122251, 55.69197713611387712 ) ) ;
#6856 = CARTESIAN_POINT ( 'NONE',  ( 845.1332973416097047, 103.7382930969539387, -3.589422263524844947 ) ) ;
#6857 = CARTESIAN_POINT ( 'NONE',  ( 1062.456155710310895, 220.5312572124990709, -52.93175188753487248 ) ) ;
#6858 = CARTESIAN_POINT ( 'NONE',  ( 1442.102854231761057, 838.4176618049468743, -57.40694750281624437 ) ) ;
#6859 = CARTESIAN_POINT ( 'NONE',  ( 999.1945009611947626, 234.3833667686283775, 37.99999171999876779 ) ) ;
#6860 = CARTESIAN_POINT ( 'NONE',  ( 1401.680264718606395, 1004.338581886424549, 51.46013453043196506 ) ) ;
#6861 = CARTESIAN_POINT ( 'NONE',  ( 734.6096459027161245, 31.18574709924843447, -35.65612531511052197 ) ) ;
#6862 = CARTESIAN_POINT ( 'NONE',  ( 1003.370357872290583, 214.8932195057931267, 0.6330922890502073130 ) ) ;
#6863 = CARTESIAN_POINT ( 'NONE',  ( 895.0577347037705067, 164.9884490764128202, 59.60313253080406071 ) ) ;
#6864 = CARTESIAN_POINT ( 'NONE',  ( 734.2609223183445692, 36.25320659139348578, -42.23214860595030729 ) ) ;
#6865 = CARTESIAN_POINT ( 'NONE',  ( 1140.139181768536673, 377.1565055019499368, 33.41550686992542296 ) ) ;
#6866 = CARTESIAN_POINT ( 'NONE',  ( 948.4750493411406751, 194.1156533169969975, 53.57539548323467216 ) ) ;
#6867 = CARTESIAN_POINT ( 'NONE',  ( 1007.427796349117443, 195.9546288442985542, -39.97359168112122063 ) ) ;
#6868 = CARTESIAN_POINT ( 'NONE',  ( 1132.379225796591300, 401.8776498882168653, 71.58459199474681611 ) ) ;
#6869 = CARTESIAN_POINT ( 'NONE',  ( 1042.671324740586897, 300.7162949728943317, 81.13902431393636050 ) ) ;
#6870 = CARTESIAN_POINT ( 'NONE',  ( 1440.276198391202797, 911.8534785604069839, -36.38571504692213665 ) ) ;
#6871 = CARTESIAN_POINT ( 'NONE',  ( 791.6892816492456859, 54.02215759558881558, -47.09051939516326968 ) ) ;
#6872 = CARTESIAN_POINT ( 'NONE',  ( 1449.870227880270477, 826.2052741056425020, -81.77191217577042437 ) ) ;
#6873 = CARTESIAN_POINT ( 'NONE',  ( 1052.736037179058940, 259.8787129149100679, 2.665158213735006054 ) ) ;
#6874 = CARTESIAN_POINT ( 'NONE',  ( 732.5959726449196978, 61.12453621824641914, 38.20909976937909391 ) ) ;
#6875 = CARTESIAN_POINT ( 'NONE',  ( 579.5082211923024715, -7.378037216720860769, -15.57678460697820100 ) ) ;
#6876 = CARTESIAN_POINT ( 'NONE',  ( 788.5592963100423276, 87.11317354222295251, 28.24975885342167459 ) ) ;
#6877 = CARTESIAN_POINT ( 'NONE',  ( 1239.822105085885823, 445.7869033897324016, -16.31195810537435165 ) ) ;
#6878 = CARTESIAN_POINT ( 'NONE',  ( 618.3675310469463966, 20.92008612446682392, 27.65919032589212634 ) ) ;
#6879 = CARTESIAN_POINT ( 'NONE',  ( 956.0695654182640055, 152.5267951036325940, -51.31184149791696569 ) ) ;
#6880 = CARTESIAN_POINT ( 'NONE',  ( 1420.693591766618738, 941.5961382052556701, 14.08275234569807033 ) ) ;
#6881 = CARTESIAN_POINT ( 'NONE',  ( 1406.840997240880597, 962.6353903762551454, 40.01053751632393585 ) ) ;
#6882 = CARTESIAN_POINT ( 'NONE',  ( 790.6654877947379418, 64.77751353952966440, -33.73293350306401805 ) ) ;
#6883 = CARTESIAN_POINT ( 'NONE',  ( 1433.455682176739174, 957.4126672396697586, -1.982090188710881717 ) ) ;
#6884 = CARTESIAN_POINT ( 'NONE',  ( 579.4008334241126477, 7.619277647435848344, 9.281339151601970983 ) ) ;
#6885 = CARTESIAN_POINT ( 'NONE',  ( 1162.163048297280284, 307.0232408481680295, -81.83148006004269348 ) ) ;
#6886 = CARTESIAN_POINT ( 'NONE',  ( 895.2574147312408286, 163.6686230943053886, 54.31454207096285813 ) ) ;
#6887 = CARTESIAN_POINT ( 'NONE',  ( 1246.330555386994092, 584.0947479403646412, 76.32507425462316064 ) ) ;
#6888 = CARTESIAN_POINT ( 'NONE',  ( 1425.086748125735994, 749.0312853994163333, -89.97989513237946824 ) ) ;
#6889 = CARTESIAN_POINT ( 'NONE',  ( 1129.629080148097728, 410.6534228493447927, 92.82309458331512531 ) ) ;
#6890 = CARTESIAN_POINT ( 'NONE',  ( 1211.591292440391953, 519.0520269958088875, 84.76440606862145444 ) ) ;
#6891 = CARTESIAN_POINT ( 'NONE',  ( 1290.606323526661527, 479.3012124320451335, -87.34282432601753499 ) ) ;
#6892 = CARTESIAN_POINT ( 'NONE',  ( 845.3146841120874342, 102.4104219682449752, 20.84340048734499717 ) ) ;
#6893 = CARTESIAN_POINT ( 'NONE',  ( 560.0000000000000000, 6.316211006405304751, 24.84751890900486515 ) ) ;
#6894 = CARTESIAN_POINT ( 'NONE',  ( 903.6800448450640033, 108.5098638935586024, -43.38582024297654272 ) ) ;
#6895 = CARTESIAN_POINT ( 'NONE',  ( 1394.527272623730596, 680.1479923505371517, -68.51360319796680187 ) ) ;
#6896 = CARTESIAN_POINT ( 'NONE',  ( 1342.564358854004240, 775.7872754750918602, 56.78175232322892896 ) ) ;
#6897 = CARTESIAN_POINT ( 'NONE',  ( 946.1593838609671820, 206.7361526561251139, 67.87564051376340046 ) ) ;
#6898 = CARTESIAN_POINT ( 'NONE',  ( 845.0175671572475267, 104.6809787150995277, -1.214332085704331154 ) ) ;
#6899 = CARTESIAN_POINT ( 'NONE',  ( 1322.103466514548472, 813.4472273846547523, 108.5552824661533577 ) ) ;
#6900 = CARTESIAN_POINT ( 'NONE',  ( 1374.806128434020138, 944.1743703363044915, 83.42986269490117479 ) ) ;
#6901 = CARTESIAN_POINT ( 'NONE',  ( 579.4698072190692528, -1.918740238602596238, -25.37645883032164207 ) ) ;
#6902 = CARTESIAN_POINT ( 'NONE',  ( 1247.051024592689828, 582.4044977317078065, 85.64301803514388212 ) ) ;
#6903 = CARTESIAN_POINT ( 'NONE',  ( 1351.798321880956564, 632.2864386213645957, -46.15252070027126763 ) ) ;
#6904 = CARTESIAN_POINT ( 'NONE',  ( 1244.819657245927147, 587.6703253561333895, 81.17697437889344769 ) ) ;
#6905 = CARTESIAN_POINT ( 'NONE',  ( 1401.728317420591111, 1004.267617689189137, 54.86564075566516152 ) ) ;
#6906 = CARTESIAN_POINT ( 'NONE',  ( 733.6676798992843942, 45.02462196570677833, -19.82524116281513926 ) ) ;
#6907 = CARTESIAN_POINT ( 'NONE',  ( 1454.142304950789139, 926.8626769553875420, -53.92956368736876271 ) ) ;
#6908 = CARTESIAN_POINT ( 'NONE',  ( 1253.852605064585077, 409.3318989352515018, -98.23865965912312959 ) ) ;
#6909 = CARTESIAN_POINT ( 'NONE',  ( 896.0120574028309193, 158.7645996499651915, 55.02064142027376192 ) ) ;
#6910 = CARTESIAN_POINT ( 'NONE',  ( 732.6092576453339689, 60.83242641607506584, 27.49748220195856163 ) ) ;
#6911 = CARTESIAN_POINT ( 'NONE',  ( 1436.814190809506727, 952.4528240008114608, -8.811534461825546671 ) ) ;
#6912 = CARTESIAN_POINT ( 'NONE',  ( 579.3749669054856213, 11.16403643188244033, 22.97369398720601907 ) ) ;
#6913 = CARTESIAN_POINT ( 'NONE',  ( 1157.039085279153142, 323.3101150725968296, -63.31451353557535100 ) ) ;
#6914 = COORDINATED_UNIVERSAL_TIME_OFFSET ( 5, 30, .AHEAD. ) ;
#6915 = CARTESIAN_POINT ( 'NONE',  ( 951.4982972959545577, 177.6198053567095769, 30.22707972677222799 ) ) ;
#6916 = CARTESIAN_POINT ( 'NONE',  ( 1059.469377018396244, 232.5667067706463058, -53.52772262466253750 ) ) ;
#6917 = CARTESIAN_POINT ( 'NONE',  ( 1105.349770838112136, 289.8550481980809650, -2.824843465931226927 ) ) ;
#6918 = CARTESIAN_POINT ( 'NONE',  ( 1221.242156101931187, 493.9831734974100073, 37.50773639249531044 ) ) ;
#6919 = CARTESIAN_POINT ( 'NONE',  ( 1063.567005181315835, 215.9961480260861322, -75.03610417772927121 ) ) ;
#6920 = CARTESIAN_POINT ( 'NONE',  ( 1206.773250019379702, 531.5441027632471105, 89.65592878608391914 ) ) ;
#6921 = CARTESIAN_POINT ( 'NONE',  ( 675.7641981050323920, 39.11806047258995278, 28.04593588828040041 ) ) ;
#6922 = CARTESIAN_POINT ( 'NONE',  ( 1206.156331925722725, 364.7043702133263992, -86.71198157920440508 ) ) ;
#6923 = CARTESIAN_POINT ( 'NONE',  ( 1297.686090326543081, 740.2620802156342279, 112.1455908901738923 ) ) ;
#6924 = CARTESIAN_POINT ( 'NONE',  ( 618.5050580144119294, 13.28786200957711650, 21.28242637637393742 ) ) ;
#6925 = CARTESIAN_POINT ( 'NONE',  ( 1423.491129673444448, 751.7554722489165897, -85.13379748138731884 ) ) ;
#6926 = CARTESIAN_POINT ( 'NONE',  ( 951.4982972959545577, 177.6198053567095769, 30.22707972677222799 ) ) ;
#6927 = CARTESIAN_POINT ( 'NONE',  ( 733.2525929644035614, 51.22183400687682564, -0.2369132192392001957 ) ) ;
#6928 = CARTESIAN_POINT ( 'NONE',  ( 734.6262312556073084, 30.95748971757548063, -33.49955535211670821 ) ) ;
#6929 = CARTESIAN_POINT ( 'NONE',  ( 1160.277986376563149, 313.0471398828706810, -60.62773537725891515 ) ) ;
#6930 = CARTESIAN_POINT ( 'NONE',  ( 948.5776188062552592, 193.4993402176095287, 38.98688850419038232 ) ) ;
#6931 = CARTESIAN_POINT ( 'NONE',  ( 579.3779124326905503, 10.71868197498540454, 26.33862204854745315 ) ) ;
#6932 = CARTESIAN_POINT ( 'NONE',  ( 1161.424205537543230, 309.3872257203950085, -72.07755837579853164 ) ) ;
#6933 = CARTESIAN_POINT ( 'NONE',  ( 1100.619829482529440, 306.6901595125036124, 1.310384534390469424 ) ) ;
#6934 = CARTESIAN_POINT ( 'NONE',  ( 618.3764045150368247, 20.56993062432113462, 31.92592592018875308 ) ) ;
#6935 = CARTESIAN_POINT ( 'NONE',  ( 996.5441423106699403, 246.7820734804122651, 68.88603231998763476 ) ) ;
#6936 = CARTESIAN_POINT ( 'NONE',  ( 1429.559018547634878, 741.3981858415854731, -100.8936467984834451 ) ) ;
#6937 = CARTESIAN_POINT ( 'NONE',  ( 1249.207203666126361, 577.3037013940371480, 79.53861411991658770 ) ) ;
#6938 = CARTESIAN_POINT ( 'NONE',  ( 618.5453927272269539, 10.25509418163464659, -12.49552644249443034 ) ) ;
#6939 = CARTESIAN_POINT ( 'NONE',  ( 1391.018342635835552, 986.6667818530037266, 67.58698902659568830 ) ) ;
#6940 = CARTESIAN_POINT ( 'NONE',  ( 733.6396467784115885, 45.44289198235094318, -18.41872274289331912 ) ) ;
#6941 = CARTESIAN_POINT ( 'NONE',  ( 1253.951992379735884, 409.0694262413416595, -101.6330051845226592 ) ) ;
#6942 = CARTESIAN_POINT ( 'NONE',  ( 1454.002450276453374, 927.0692142422560664, -52.97352363000668163 ) ) ;
#6943 = CARTESIAN_POINT ( 'NONE',  ( 789.2531229433014914, 79.75290674764278265, 9.355880930335757739 ) ) ;
#6944 = CARTESIAN_POINT ( 'NONE',  ( 843.1338602704324785, 120.0939583552427621, 47.04589291297640585 ) ) ;
#6945 = CARTESIAN_POINT ( 'NONE',  ( 843.1284637056111251, 120.0679269479030182, 35.27130340168646683 ) ) ;
#6946 = CARTESIAN_POINT ( 'NONE',  ( 1008.463955771474275, 191.2281392725216449, -16.74800529556480200 ) ) ;
#6947 = CARTESIAN_POINT ( 'NONE',  ( 946.4955727665166023, 204.8840782727880878, 59.70811923077024375 ) ) ;
#6948 = CARTESIAN_POINT ( 'NONE',  ( 1419.225660557667652, 759.0370699852043117, -73.01543661227428572 ) ) ;
#6949 = CARTESIAN_POINT ( 'NONE',  ( 1397.983806096326362, 907.7542406006642750, 41.29582913099137187 ) ) ;
#6950 = CARTESIAN_POINT ( 'NONE',  ( 559.9999999999996589, -2.373415334750111239, -17.17027960607171977 ) ) ;
#6951 = CARTESIAN_POINT ( 'NONE',  ( 1239.822105085885823, 445.7869033897324016, -16.31195810537435165 ) ) ;
#6952 = CARTESIAN_POINT ( 'NONE',  ( 1182.929269212329928, 431.2635956648830984, 31.48189980353119921 ) ) ;
#6953 = CARTESIAN_POINT ( 'NONE',  ( 1451.729282669522263, 894.4601211835868071, -59.69158067951877911 ) ) ;
#6954 = CARTESIAN_POINT ( 'NONE',  ( 995.8254936788096074, 250.1046386386561267, 65.07748296652404463 ) ) ;
#6955 = CARTESIAN_POINT ( 'NONE',  ( 1173.955716239569256, 456.9747133388204929, 69.75770412794268793 ) ) ;
#6956 = CARTESIAN_POINT ( 'NONE',  ( 1445.708843317405808, 832.7446905149627128, -77.34274622662691456 ) ) ;
#6957 = CARTESIAN_POINT ( 'NONE',  ( 579.4983750009101868, -5.928899146276973120, -24.30178407893527393 ) ) ;
#6958 = CARTESIAN_POINT ( 'NONE',  ( 1087.321539516663051, 354.2387021207910038, 87.48049625635655957 ) ) ;
#6959 = CARTESIAN_POINT ( 'NONE',  ( 559.9999999999994316, 0.5245618460586267684, 15.57883485510402366 ) ) ;
#6960 = CARTESIAN_POINT ( 'NONE',  ( 1111.043575965903301, 269.4281326552214750, -72.89927622957654307 ) ) ;
#6961 = CARTESIAN_POINT ( 'NONE',  ( 1184.027756731847376, 428.1534783484618174, 44.39216887703537395 ) ) ;
#6962 = CARTESIAN_POINT ( 'NONE',  ( 560.0000000000000000, 3.551197434111999840, 20.29941444740903123 ) ) ;
#6963 = CARTESIAN_POINT ( 'NONE',  ( 1062.912879187835188, 218.6714942941022173, -60.03171094662068441 ) ) ;
#6964 = CARTESIAN_POINT ( 'NONE',  ( 676.8688356147212062, 12.92675877694524189, -29.31536473773046581 ) ) ;
#6965 = CARTESIAN_POINT ( 'NONE',  ( 1365.790405458437590, 850.2381139708468254, 56.40035412936243375 ) ) ;
#6966 = CARTESIAN_POINT ( 'NONE',  ( 1451.166229437983020, 824.1670471291633930, -89.94048308695680305 ) ) ;
#6967 = CARTESIAN_POINT ( 'NONE',  ( 1251.482478167057934, 415.4989765642611133, -78.57240126891154830 ) ) ;
#6968 = CARTESIAN_POINT ( 'NONE',  ( 844.9594605382317241, 105.1542929596536453, -0.02756284639779415374 ) ) ;
#6969 = CARTESIAN_POINT ( 'NONE',  ( 1238.821757774113848, 601.8653169979515951, 101.7730738446849301 ) ) ;
#6970 = CARTESIAN_POINT ( 'NONE',  ( 1132.480696702487421, 401.5763473041575367, 81.41926268355159380 ) ) ;
#6971 = CARTESIAN_POINT ( 'NONE',  ( 579.4721399132133683, -2.246033181473207740, -25.69046411936308516 ) ) ;
#6972 = CARTESIAN_POINT ( 'NONE',  ( 560.0000000000007958, 0.1132618481614079547, 14.89781373976333612 ) ) ;
#6973 = CARTESIAN_POINT ( 'NONE',  ( 676.2968204874448475, 26.28311996414031171, -14.42957206659252734 ) ) ;
#6974 = CARTESIAN_POINT ( 'NONE',  ( 1169.370852592289566, 470.1228028868972046, 97.29988190042881513 ) ) ;
#6975 = CARTESIAN_POINT ( 'NONE',  ( 560.0000000000004547, -1.065768180665281673, -11.89108289059690726 ) ) ;
#6976 = CARTESIAN_POINT ( 'NONE',  ( 848.0488230151391917, 80.05823674883507124, -53.97313201400484672 ) ) ;
#6977 = CARTESIAN_POINT ( 'NONE',  ( 903.7310026941540855, 108.1117367445691286, -59.33019346837455288 ) ) ;
#6978 = CARTESIAN_POINT ( 'NONE',  ( 1420.528518557228608, 941.8457456807661856, 6.068265698104761796 ) ) ;
#6979 = CARTESIAN_POINT ( 'NONE',  ( 1089.578324670490929, 346.1810230295169504, 77.21290397794378180 ) ) ;
#6980 = CARTESIAN_POINT ( 'NONE',  ( 1282.212985600476031, 642.9163320648121953, 66.93366210431754837 ) ) ;
#6981 = CARTESIAN_POINT ( 'NONE',  ( 559.9999999999995453, -9.554631410338712882, -8.543515159396779524 ) ) ;
#6982 = CARTESIAN_POINT ( 'NONE',  ( 1270.570094386680466, 668.1588570634675079, 99.31001751536236100 ) ) ;
#6983 = CARTESIAN_POINT ( 'NONE',  ( 618.5960143064936574, 7.321075396359233878, -23.78852098987168162 ) ) ;
#6984 = CARTESIAN_POINT ( 'NONE',  ( 845.3146841120874342, 102.4104219682449752, 20.84340048734499717 ) ) ;
#6985 = CARTESIAN_POINT ( 'NONE',  ( 560.0000000000004547, -1.416756463786561726, -13.44456388985191531 ) ) ;
#6986 = CARTESIAN_POINT ( 'NONE',  ( 1425.181176342181516, 865.0151261013299973, -14.81528836231858293 ) ) ;
#6987 = CARTESIAN_POINT ( 'NONE',  ( 1260.584429755206429, 550.3615311308034279, 29.30154465467394687 ) ) ;
#6988 = CARTESIAN_POINT ( 'NONE',  ( 676.8098294640686845, 14.22623922859493639, -34.89369970227961915 ) ) ;
#6989 = CARTESIAN_POINT ( 'NONE',  ( 1169.940865423230434, 468.4770299903807995, 85.36289026297242799 ) ) ;
#6990 = CARTESIAN_POINT ( 'NONE',  ( 1210.288668529152346, 522.4188317079035642, 78.03421466527963446 ) ) ;
#6991 = CARTESIAN_POINT ( 'NONE',  ( 1159.434368153725700, 315.6803919495019386, -79.06415697500221995 ) ) ;
#6992 = CARTESIAN_POINT ( 'NONE',  ( 618.7393007576399668, -0.5791734735493067054, -29.21243151607850663 ) ) ;
#6993 = CARTESIAN_POINT ( 'NONE',  ( 1347.123077426160535, 882.0976994993327480, 103.9492368886988487 ) ) ;
#6994 = CARTESIAN_POINT ( 'NONE',  ( 949.2569603885920060, 189.8499263656117080, 47.86231798913496505 ) ) ;
#6995 = CARTESIAN_POINT ( 'NONE',  ( 1449.630121542095139, 933.5262663098294524, -44.88708230279254963 ) ) ;
#6996 = CARTESIAN_POINT ( 'NONE',  ( 676.3721575981770684, 24.87244693365344617, 13.18597326817740445 ) ) ;
#6997 = CARTESIAN_POINT ( 'NONE',  ( 844.9594605382317241, 105.1542929596536453, -0.02756284639779415374 ) ) ;
#6998 = CARTESIAN_POINT ( 'NONE',  ( 1162.163048297280284, 307.0232408481680295, -81.83148006004269348 ) ) ;
#6999 = CARTESIAN_POINT ( 'NONE',  ( 848.2430750799358066, 78.55720418229168445, -43.19867529782037963 ) ) ;
#7000 = CARTESIAN_POINT ( 'NONE',  ( 848.2390083323210774, 78.59422812906481681, -42.24924662870398606 ) ) ;
#7001 = CARTESIAN_POINT ( 'NONE',  ( 675.8701522528451733, 36.56248147618837407, 20.23234845552533656 ) ) ;
#7002 = CARTESIAN_POINT ( 'NONE',  ( 1451.621928053639749, 823.4508964689134700, -90.66649581382512224 ) ) ;
#7003 = CARTESIAN_POINT ( 'NONE',  ( 1293.553939280752274, 472.3497513641322598, -85.50730926969893630 ) ) ;
#7004 = CARTESIAN_POINT ( 'NONE',  ( 1269.143564112799368, 671.2537141392316471, 107.0942718690871516 ) ) ;
#7005 = CARTESIAN_POINT ( 'NONE',  ( 1395.284777234267949, 980.1868977807358760, 59.95774004456088591 ) ) ;
#7006 = CARTESIAN_POINT ( 'NONE',  ( 1207.064001305468082, 362.1033392038920624, -91.49367385803994068 ) ) ;
#7007 = CARTESIAN_POINT ( 'NONE',  ( 1176.387303283969914, 450.0324195369879590, 72.73244132156210640 ) ) ;
#7008 = CARTESIAN_POINT ( 'NONE',  ( 1006.757961046638229, 199.0812388456112103, -32.70534706397106817 ) ) ;
#7009 = CARTESIAN_POINT ( 'NONE',  ( 1391.273952487662200, 686.1385456027279588, -57.26838804619820422 ) ) ;
#7010 = CARTESIAN_POINT ( 'NONE',  ( 1205.558331114997372, 534.7054838122622868, 103.6259058144471510 ) ) ;
#7011 = CARTESIAN_POINT ( 'NONE',  ( 676.3424318954997716, 25.18956395717980712, -18.48874046164261742 ) ) ;
#7012 = CARTESIAN_POINT ( 'NONE',  ( 1453.423698223170504, 891.8863987071724750, -65.74316005360384452 ) ) ;
#7013 = CARTESIAN_POINT ( 'NONE',  ( 1430.543801901337019, 739.7199189174514231, -101.0497641395700583 ) ) ;
#7014 = CARTESIAN_POINT ( 'NONE',  ( 618.4678778482277721, 14.88486249878574341, 5.969561932915173230 ) ) ;
#7015 = CARTESIAN_POINT ( 'NONE',  ( 675.8912765443379840, 36.23396666531107257, 31.38446933633298030 ) ) ;
#7016 = CARTESIAN_POINT ( 'NONE',  ( 1248.008881850269972, 580.1229966284423654, 71.04093666693383113 ) ) ;
#7017 = CARTESIAN_POINT ( 'NONE',  ( 559.9999999999998863, -9.755775101995254772, -9.855455010500676849 ) ) ;
#7018 = CARTESIAN_POINT ( 'NONE',  ( 618.3649017934228596, 21.16124346512624399, 30.99055967011707935 ) ) ;
#7019 = CARTESIAN_POINT ( 'NONE',  ( 1287.218722357523802, 487.3197402099443707, -72.43901867797438854 ) ) ;
#7020 = APPROVAL_STATUS ( 'not_yet_approved' ) ;
#7021 = CARTESIAN_POINT ( 'NONE',  ( 1201.167831720360255, 378.9990936479497918, -57.67766826843097761 ) ) ;
#7022 = CARTESIAN_POINT ( 'NONE',  ( 1275.342857910430894, 515.4662824931898513, -3.593547020464614938 ) ) ;
#7023 = CARTESIAN_POINT ( 'NONE',  ( 1180.642276984969158, 437.8165416973985202, 41.52585886760572720 ) ) ;
#7024 = CARTESIAN_POINT ( 'NONE',  ( 1406.621894826869038, 997.0407859414438008, 41.86564493279169596 ) ) ;
#7025 = CARTESIAN_POINT ( 'NONE',  ( 847.1032353370075043, 87.70782324817808728, -46.65998763385988468 ) ) ;
#7026 = CARTESIAN_POINT ( 'NONE',  ( 996.3480206402066415, 247.6962989468634362, 70.12544193212485766 ) ) ;
#7027 = CARTESIAN_POINT ( 'NONE',  ( 843.7631490780418062, 114.9928982065274994, 40.05748224610437802 ) ) ;
#7028 = CARTESIAN_POINT ( 'NONE',  ( 846.9639317206647320, 88.83876021745700768, -44.06430094477484261 ) ) ;
#7029 = CARTESIAN_POINT ( 'NONE',  ( 1223.265672420262035, 488.7586930245658436, 46.58212636762840475 ) ) ;
#7030 = CARTESIAN_POINT ( 'NONE',  ( 1303.284097172354222, 597.2292585789952000, 2.982128303472260988 ) ) ;
#7031 = CARTESIAN_POINT ( 'NONE',  ( 579.5050638068792068, -6.895666274398283058, -21.32643244577124975 ) ) ;
#7032 = CARTESIAN_POINT ( 'NONE',  ( 842.7865161407914911, 122.8526585347055402, 41.39012392585406275 ) ) ;
#7033 = CARTESIAN_POINT ( 'NONE',  ( 1366.578964586992470, 602.8061455622486164, -83.10233815160270865 ) ) ;
#7034 = CARTESIAN_POINT ( 'NONE',  ( 1362.925957204082351, 855.1263488304591647, 62.55831675241914525 ) ) ;
#7035 = CARTESIAN_POINT ( 'NONE',  ( 1369.991234683928496, 595.9799924390952128, -107.4621024315076170 ) ) ;
#7036 = CARTESIAN_POINT ( 'NONE',  ( 676.8428617747130147, 13.49914766210045691, -32.40326657189126536 ) ) ;
#7037 = CARTESIAN_POINT ( 'NONE',  ( 995.3122190520346066, 252.5106442192491727, 74.03759216857959302 ) ) ;
#7038 = CARTESIAN_POINT ( 'NONE',  ( 842.9946882102166228, 121.2212767101374169, 48.46659996314565433 ) ) ;
#7039 = CARTESIAN_POINT ( 'NONE',  ( 902.7164885588106245, 114.7277644348104104, -57.88616782747666889 ) ) ;
#7040 = CARTESIAN_POINT ( 'NONE',  ( 1093.625080237836528, 331.7322758793388857, 59.18442267771415999 ) ) ;
#7041 = CARTESIAN_POINT ( 'NONE',  ( 1279.883622054162061, 504.6832371703957847, -41.39017791856031181 ) ) ;
#7042 = CARTESIAN_POINT ( 'NONE',  ( 1246.853797441076722, 427.5274505807213927, -50.02181625909167906 ) ) ;
#7043 = CARTESIAN_POINT ( 'NONE',  ( 579.3907323108277296, 8.930489699251708657, 23.66884927891426216 ) ) ;
#7044 = CARTESIAN_POINT ( 'NONE',  ( 1431.131232185787439, 855.6584506095609868, -40.90936082673097474 ) ) ;
#7045 = CARTESIAN_POINT ( 'NONE',  ( 1403.918746845843771, 662.8484278402715972, -108.6339477185185842 ) ) ;
#7046 = CARTESIAN_POINT ( 'NONE',  ( 676.7394410597956949, 15.84242310412062693, -36.41255916754122524 ) ) ;
#7047 = CARTESIAN_POINT ( 'NONE',  ( 844.4302779917697990, 109.4649501261365856, 10.63282173759576210 ) ) ;
#7048 = CARTESIAN_POINT ( 'NONE',  ( 1044.489151635533290, 293.3545115702946191, 71.61794694400086314 ) ) ;
#7049 = CARTESIAN_POINT ( 'NONE',  ( 618.3990897327571474, 19.02376707444935278, 21.40007145266617528 ) ) ;
#7050 = CARTESIAN_POINT ( 'NONE',  ( 847.8005315381481068, 82.20690089841846770, -22.44469454230437577 ) ) ;
#7051 = CARTESIAN_POINT ( 'NONE',  ( 1087.672171985085242, 352.9710107076619465, 77.06507978091529765 ) ) ;
#7052 = CARTESIAN_POINT ( 'NONE',  ( 1392.889948366880617, 683.1489151031694291, -77.80437403481143122 ) ) ;
#7053 = CARTESIAN_POINT ( 'NONE',  ( 1306.754060645645950, 589.7321892130288461, 9.875332081162429887 ) ) ;
#7054 = CARTESIAN_POINT ( 'NONE',  ( 901.3936633706857720, 123.3884606854686012, -35.74864334720866310 ) ) ;
#7055 = CARTESIAN_POINT ( 'NONE',  ( 847.7107737570127028, 82.93972753066451276, -19.99703596845818510 ) ) ;
#7056 = CARTESIAN_POINT ( 'NONE',  ( 618.4408893879705147, 16.50878348934394069, 12.22606181712294493 ) ) ;
#7057 = CARTESIAN_POINT ( 'NONE',  ( 1303.941317057801143, 727.7768428136445209, 87.51527291116484264 ) ) ;
#7058 = CARTESIAN_POINT ( 'NONE',  ( 1396.432200737066978, 676.6275318550510747, -88.89794702359263567 ) ) ;
#7059 = CARTESIAN_POINT ( 'NONE',  ( 1270.375012842737306, 668.5896810813105731, 109.5413900092567872 ) ) ;
#7060 = CARTESIAN_POINT ( 'NONE',  ( 1047.320672866185532, 281.8875941209317375, 57.16492389757063108 ) ) ;
#7061 = CARTESIAN_POINT ( 'NONE',  ( 1327.857106925557673, 543.9413941142649946, -83.95434122132139976 ) ) ;
#7062 = CARTESIAN_POINT ( 'NONE',  ( 1226.742273681770257, 479.7364332604404353, 34.34776510736769950 ) ) ;
#7063 = CARTESIAN_POINT ( 'NONE',  ( 789.5833850467083721, 76.24890631026534038, -0.1578904482749911853 ) ) ;
#7064 = CARTESIAN_POINT ( 'NONE',  ( 1011.304144034188766, 177.9449860192872563, -56.81821571105750479 ) ) ;
#7065 = CARTESIAN_POINT ( 'NONE',  ( 1172.167630515864175, 462.0978303670120795, 77.27947507629994561 ) ) ;
#7066 = CARTESIAN_POINT ( 'NONE',  ( 1062.912879187835188, 218.6714942941022173, -60.03171094662068441 ) ) ;
#7067 = CARTESIAN_POINT ( 'NONE',  ( 1411.562551362761496, 989.7444277674616160, 32.96930224728866676 ) ) ;
#7068 = CARTESIAN_POINT ( 'NONE',  ( 791.2326953763420079, 58.81269704545920973, -47.78904254457496847 ) ) ;
#7069 = CARTESIAN_POINT ( 'NONE',  ( 1208.320542310916835, 358.5361616625572765, -82.82903662359045427 ) ) ;
#7070 = CARTESIAN_POINT ( 'NONE',  ( 1390.153392976008263, 987.9799801296120449, 68.06600449415473975 ) ) ;
#7071 = CARTESIAN_POINT ( 'NONE',  ( 947.6735327205601607, 198.4875456173955399, 59.22896145636499199 ) ) ;
#7072 = CARTESIAN_POINT ( 'NONE',  ( 847.3766366229050391, 85.50051530579084158, -52.15959588436124506 ) ) ;
#7073 = ORIENTED_EDGE ( 'NONE', *, *, #2556, .F. ) ;
#7074 = CARTESIAN_POINT ( 'NONE',  ( 897.9464401001699798, 146.1099117464961239, 37.91510512940623556 ) ) ;
#7075 = CARTESIAN_POINT ( 'NONE',  ( 790.0152512675025491, 71.66826011407127339, -12.87634987963634892 ) ) ;
#7076 = CARTESIAN_POINT ( 'NONE',  ( 1390.154643673808778, 688.1994732980552953, -53.56141407608465954 ) ) ;
#7077 = CARTESIAN_POINT ( 'NONE',  ( 842.7081875912707574, 123.5446864905583197, 51.42043057454621646 ) ) ;
#7078 = CARTESIAN_POINT ( 'NONE',  ( 1104.797386073295002, 291.7559156675032455, -26.19597707590404312 ) ) ;
#7079 = CARTESIAN_POINT ( 'NONE',  ( 791.5125237664614133, 55.86145799832137726, -48.29213701436941619 ) ) ;
#7080 = CARTESIAN_POINT ( 'NONE',  ( 1011.481271474121741, 177.0725040934510446, -72.71798947499924282 ) ) ;
#7081 = CARTESIAN_POINT ( 'NONE',  ( 1410.650269476770063, 887.8465714659995456, 4.531963569670868885 ) ) ;
#7082 = CARTESIAN_POINT ( 'NONE',  ( 1376.213466205291070, 941.9631490851797935, 81.10192003500300473 ) ) ;
#7083 = CARTESIAN_POINT ( 'NONE',  ( 1359.321640316604544, 861.2770974505262984, 70.19114393258118412 ) ) ;
#7084 = CARTESIAN_POINT ( 'NONE',  ( 1242.785917560001053, 438.0919332621769513, -29.54990866304888542 ) ) ;
#7085 = CARTESIAN_POINT ( 'NONE',  ( 1321.915260006330300, 813.7942510451650833, 111.3863641988988178 ) ) ;
#7086 = CARTESIAN_POINT ( 'NONE',  ( 1271.720578663653896, 665.6642715389984915, 95.64942389303033110 ) ) ;
#7087 = CARTESIAN_POINT ( 'NONE',  ( 1359.430586669555851, 617.0545653000956463, -71.70699808847669487 ) ) ;
#7088 = CARTESIAN_POINT ( 'NONE',  ( 790.7265407782381317, 64.35388102336213478, 3.300567174536588322 ) ) ;
#7089 = CARTESIAN_POINT ( 'NONE',  ( 1414.389179761571313, 951.1704071545474335, 26.16274948294305247 ) ) ;
#7090 = CARTESIAN_POINT ( 'NONE',  ( 901.5079356829116932, 122.6388551971182892, -37.76283955113076019 ) ) ;
#7091 = CARTESIAN_POINT ( 'NONE',  ( 1438.454818290167168, 950.0299464658045281, -12.28649585596097182 ) ) ;
#7092 = CARTESIAN_POINT ( 'NONE',  ( 1348.071099215597997, 765.6515944321433835, 43.55316957881143480 ) ) ;
#7093 = CARTESIAN_POINT ( 'NONE',  ( 1354.971998054073310, 868.6996873916309596, 79.40977215520764787 ) ) ;
#7094 = CARTESIAN_POINT ( 'NONE',  ( 1205.161044486347919, 367.5564808129627181, -80.37204267241237687 ) ) ;
#7095 = CARTESIAN_POINT ( 'NONE',  ( 1268.135093389413214, 532.4909138351332558, 2.730141738791107997 ) ) ;
#7096 = CARTESIAN_POINT ( 'NONE',  ( 1169.370852592289566, 470.1228028868972046, 97.29988190042881513 ) ) ;
#7097 = CARTESIAN_POINT ( 'NONE',  ( 1365.598550818939884, 850.5731872891459489, 67.56313757937277842 ) ) ;
#7098 = CARTESIAN_POINT ( 'NONE',  ( 1158.502785758384107, 318.6467936076920751, -72.97970854963361376 ) ) ;
#7099 = CARTESIAN_POINT ( 'NONE',  ( 618.6574644343776299, 4.601781520510528800, 5.173302035098111595 ) ) ;
#7100 = CARTESIAN_POINT ( 'NONE',  ( 676.1187832250212750, 30.56599803308445829, 0.5243269497090936593 ) ) ;
#7101 = CARTESIAN_POINT ( 'NONE',  ( 903.7736710943712524, 107.8704846589203186, -51.83969540796504560 ) ) ;
#7102 = CARTESIAN_POINT ( 'NONE',  ( 947.1476472509707492, 201.3191417135874701, 53.84007407336599016 ) ) ;
#7103 = CARTESIAN_POINT ( 'NONE',  ( 1365.972523696458893, 604.0171293875636138, -80.42349165512962372 ) ) ;
#7104 = CARTESIAN_POINT ( 'NONE',  ( 1214.563191570531444, 511.3222849671448103, 62.56751420228588501 ) ) ;
#7105 = CARTESIAN_POINT ( 'NONE',  ( 847.7257039416791713, 82.66699221784020324, -54.35260563764612840 ) ) ;
#7106 = CARTESIAN_POINT ( 'NONE',  ( 1368.944373140205016, 598.0814933435309513, -94.34983791861404256 ) ) ;
#7107 = CARTESIAN_POINT ( 'NONE',  ( 618.3790028577917610, 20.42805613007622512, 31.81194343066382046 ) ) ;
#7108 = CARTESIAN_POINT ( 'NONE',  ( 843.1338602704324785, 120.0939583552427621, 47.04589291297640585 ) ) ;
#7109 = CARTESIAN_POINT ( 'NONE',  ( 791.1368911065264911, 59.81892226529620871, -46.46077918632825998 ) ) ;
#7110 = CARTESIAN_POINT ( 'NONE',  ( 954.2112663301727480, 162.8090274839862843, 5.725648094870573246 ) ) ;
#7111 = CARTESIAN_POINT ( 'NONE',  ( 898.1318735210570594, 144.8964157850066670, 36.14460999191130242 ) ) ;
#7112 = CARTESIAN_POINT ( 'NONE',  ( 1434.920484489509590, 955.2494481916708082, -12.01360342488452737 ) ) ;
#7113 = CARTESIAN_POINT ( 'NONE',  ( 1159.166854238032784, 316.5924080950771327, -51.13486193597649532 ) ) ;
#7114 = CARTESIAN_POINT ( 'NONE',  ( 1298.298414435332916, 739.0407747705943393, 110.7395477602980947 ) ) ;
#7115 = CARTESIAN_POINT ( 'NONE',  ( 790.1191939218954303, 70.56584127702478781, -16.07071936263593415 ) ) ;
#7116 = CARTESIAN_POINT ( 'NONE',  ( 903.5062509330047078, 109.5642174506967734, -60.44320787811366102 ) ) ;
#7117 = CARTESIAN_POINT ( 'NONE',  ( 1063.529432079399839, 216.1353515869927833, -78.57804567055714529 ) ) ;
#7118 = CARTESIAN_POINT ( 'NONE',  ( 1328.054292521923571, 679.6662411014075360, 23.74642100634188324 ) ) ;
#7119 = CARTESIAN_POINT ( 'NONE',  ( 1045.353493550744815, 289.8546329163442579, 67.42074478958410566 ) ) ;
#7120 = CARTESIAN_POINT ( 'NONE',  ( 732.5572402931775287, 61.60875944105077195, 29.54460206347127027 ) ) ;
#7121 = CARTESIAN_POINT ( 'NONE',  ( 1009.290989531884861, 187.3671973420083248, -25.61594302216459695 ) ) ;
#7122 = CARTESIAN_POINT ( 'NONE',  ( 675.7266700261799315, 40.11796656242521664, 36.88319235214400749 ) ) ;
#7123 = CARTESIAN_POINT ( 'NONE',  ( 1392.515805624719178, 984.3914548949470600, 58.94330370745822734 ) ) ;
#7124 = CARTESIAN_POINT ( 'NONE',  ( 618.5827385150926148, 8.077529695619251271, -21.20547503840188597 ) ) ;
#7125 = CARTESIAN_POINT ( 'NONE',  ( 1338.823272983186143, 658.1990184251418441, 9.940642796536939940 ) ) ;
#7126 = CARTESIAN_POINT ( 'NONE',  ( 1356.200155635041710, 623.5017007389798209, -60.68085612747415070 ) ) ;
#7127 = CARTESIAN_POINT ( 'NONE',  ( 847.5892341874498470, 83.93107152722271280, -16.95615626382270236 ) ) ;
#7128 = CARTESIAN_POINT ( 'NONE',  ( 1318.070837063643694, 699.5859640225673957, 50.85697474669422746 ) ) ;
#7129 = CARTESIAN_POINT ( 'NONE',  ( 1209.432247093452361, 524.6421045102690641, 81.22161150148697573 ) ) ;
#7130 = CARTESIAN_POINT ( 'NONE',  ( 1158.748123375768500, 317.8655127933491258, -74.50792877717874774 ) ) ;
#7131 = CARTESIAN_POINT ( 'NONE',  ( 789.5833850467083721, 76.24890631026534038, -0.1578904482749911853 ) ) ;
#7132 = CARTESIAN_POINT ( 'NONE',  ( 1403.558531211909667, 967.6206997819892877, 45.84470142744908117 ) ) ;
#7133 = CARTESIAN_POINT ( 'NONE',  ( 1446.280804530212663, 902.7339130608503410, -50.80668391764394443 ) ) ;
#7134 = CARTESIAN_POINT ( 'NONE',  ( 1297.785779218212156, 609.1744546887738352, 36.62160884858266030 ) ) ;
#7135 = FACE_OUTER_BOUND ( 'NONE', #2700, .T. ) ;
#7136 = CARTESIAN_POINT ( 'NONE',  ( 1331.995044182286165, 534.9897266305939638, -86.09367231629973105 ) ) ;
#7137 = CARTESIAN_POINT ( 'NONE',  ( 1274.705369325571155, 659.1935407586263409, 88.38496459327356547 ) ) ;
#7138 = CARTESIAN_POINT ( 'NONE',  ( 734.2768039252945300, 36.24791871478571181, -5.556475419130324056 ) ) ;
#7139 = CARTESIAN_POINT ( 'NONE',  ( 1135.589737878228789, 391.6500692357414550, 56.10775329423334767 ) ) ;
#7140 = CARTESIAN_POINT ( 'NONE',  ( 559.9999999999997726, -4.665484904561412627, -22.40709583841536556 ) ) ;
#7141 = CARTESIAN_POINT ( 'NONE',  ( 618.7430531277076398, -0.7662042190000838415, -28.69164353017168523 ) ) ;
#7142 = CARTESIAN_POINT ( 'NONE',  ( 560.0000000000001137, 5.713105311342203230, 23.44768965177468800 ) ) ;
#7143 = CARTESIAN_POINT ( 'NONE',  ( 1090.648082563642447, 342.3619481687904909, 72.70423947936657783 ) ) ;
#7144 = CARTESIAN_POINT ( 'NONE',  ( 618.6469230032685118, 4.496174413006050585, -30.24845966319205814 ) ) ;
#7145 = CARTESIAN_POINT ( 'NONE',  ( 1424.827215367082317, 935.3179806511635661, 5.880575273337603548 ) ) ;
#7146 = CARTESIAN_POINT ( 'NONE',  ( 844.3005373969489256, 110.6359896896556734, 33.75675028460379679 ) ) ;
#7147 = CARTESIAN_POINT ( 'NONE',  ( 1236.337041174256683, 454.7926756145207605, -23.51349924812889469 ) ) ;
#7148 = CARTESIAN_POINT ( 'NONE',  ( 903.4382770022530167, 110.1118915205572506, -34.92205548032332985 ) ) ;
#7149 = CARTESIAN_POINT ( 'NONE',  ( 1445.460515930105430, 939.6839370097253550, -28.45679815816045632 ) ) ;
#7150 = CARTESIAN_POINT ( 'NONE',  ( 1402.720915065009649, 1002.801750170623222, 53.11572822288079010 ) ) ;
#7151 = EDGE_CURVE ( 'NONE', #6599, #3853, #2783, .T. ) ;
#7152 = CARTESIAN_POINT ( 'NONE',  ( 1377.205876573601245, 712.0230523274732377, -31.23161388364454183 ) ) ;
#7153 = CARTESIAN_POINT ( 'NONE',  ( 1113.465211331101955, 260.7869339476964115, -85.15101029541382616 ) ) ;
#7154 = CARTESIAN_POINT ( 'NONE',  ( 734.4149833142975012, 33.97464429325216884, -42.18035555571142226 ) ) ;
#7155 = CARTESIAN_POINT ( 'NONE',  ( 618.4589901290762555, 15.41915087322466960, 8.055174753729517079 ) ) ;
#7156 = CARTESIAN_POINT ( 'NONE',  ( 579.4074597463775262, 6.596333039102819207, 20.33856934023089735 ) ) ;
#7157 = CARTESIAN_POINT ( 'NONE',  ( 788.3160859268380136, 89.69219293276333360, 34.48179903496751564 ) ) ;
ENDSEC;
END-ISO-10303-21;
