ISO-10303-21;
HEADER;
FILE_DESCRIPTION (( 'STEP AP203' ),
    '1' );
FILE_NAME ('openfan_blade_v08_CFD_SINGLELOFT.step',
    '2026-09-19T16:10:34',
    ( '' ),
    ( '' ),
    'SwSTEP 2.0',
    'SolidWorks 2026',
    '' );
FILE_SCHEMA (( 'CONFIG_CONTROL_DESIGN' ));
ENDSEC;

DATA;
#1 = CARTESIAN_POINT ( 'NONE',  ( 1178.499833048663049, 443.8906482922774330, 48.51598607696904253 ) ) ;
#2 = CARTESIAN_POINT ( 'NONE',  ( 990.6292007318827473, 274.2734389830207533, 103.2800250746248736 ) ) ;
#3 = CARTESIAN_POINT ( 'NONE',  ( 560.0000000000000000, -10.89347261190050808, -34.55599828290209530 ) ) ;
#4 = CARTESIAN_POINT ( 'NONE',  ( 1015.824846456147725, 156.7304864907408444, -115.5038631406397229 ) ) ;
#5 = CARTESIAN_POINT ( 'NONE',  ( 901.0610575264556701, 125.4565495884215665, -51.11349046104811578 ) ) ;
#6 = CARTESIAN_POINT ( 'NONE',  ( 1330.103826245083610, 798.4805891068358505, 85.93231388376216273 ) ) ;
#7 = CARTESIAN_POINT ( 'NONE',  ( 1129.018221388582106, 412.5282589407777323, 91.38117993010149576 ) ) ;
#8 = CARTESIAN_POINT ( 'NONE',  ( 1082.952737327315845, 369.7427576774967974, 88.84178450847991826 ) ) ;
#9 = CARTESIAN_POINT ( 'NONE',  ( 1014.675500118328500, 162.1151302627951338, -100.8580809159204392 ) ) ;
#10 = CARTESIAN_POINT ( 'NONE',  ( 1199.230657303861790, 551.0460108082722854, 124.0942246097895918 ) ) ;
#11 = CARTESIAN_POINT ( 'NONE',  ( 1159.109061116440671, 499.4235134165709837, 123.4178900318760839 ) ) ;
#12 =( NAMED_UNIT ( * ) SI_UNIT ( $, .STERADIAN. ) SOLID_ANGLE_UNIT ( ) );
#13 = CARTESIAN_POINT ( 'NONE',  ( 1335.705627520774442, 901.2726819575159425, 126.1578332989933529 ) ) ;
#14 = CARTESIAN_POINT ( 'NONE',  ( 944.4383355954994386, 216.0842642243326281, 87.36674722906793988 ) ) ;
#15 = CARTESIAN_POINT ( 'NONE',  ( 1371.850190647465297, 1015.656130085668110, 98.72566452945731896 ) ) ;
#16 = CARTESIAN_POINT ( 'NONE',  ( 1206.965125012239469, 362.2933733228002779, -105.3733677359796843 ) ) ;
#17 = CARTESIAN_POINT ( 'NONE',  ( 1329.003293731090253, 912.7156557279455456, 143.5638167254345490 ) ) ;
#18 = CARTESIAN_POINT ( 'NONE',  ( 1388.797663237839288, 989.9128511770637715, 57.57004667399692011 ) ) ;
#19 = CARTESIAN_POINT ( 'NONE',  ( 560.0000000000002274, -7.073024766124230922, -16.83169099601950691 ) ) ;
#20 = CARTESIAN_POINT ( 'NONE',  ( 1171.718104859598952, 276.4840730965628381, -144.4418114015613241 ) ) ;
#21 = CARTESIAN_POINT ( 'NONE',  ( 1309.999468092022653, 582.5091985575585340, -50.82939432016288350 ) ) ;
#22 = CARTESIAN_POINT ( 'NONE',  ( 1455.703342092810999, 924.5573383224798363, -63.07833366333088776 ) ) ;
#23 = CARTESIAN_POINT ( 'NONE',  ( 1427.387943776817110, 966.3734991350762584, 0.1514664958884084089 ) ) ;
#24 = CARTESIAN_POINT ( 'NONE',  ( 1194.003422456782801, 564.5954268309421877, 129.5071350686574192 ) ) ;
#25 = CARTESIAN_POINT ( 'NONE',  ( 1458.900342685957185, 919.8360100392309278, -63.14535566847545311 ) ) ;
#26 = CARTESIAN_POINT ( 'NONE',  ( 792.1156955475753421, 49.35733119609937347, -72.87271164385713007 ) ) ;
#27 = CARTESIAN_POINT ( 'NONE',  ( 840.2399317981811464, 143.4970635880336829, 85.96765358251350619 ) ) ;
#28 = CARTESIAN_POINT ( 'NONE',  ( 1409.164446440053098, 889.2439877852261816, -16.07621281522369117 ) ) ;
#29 = CARTESIAN_POINT ( 'NONE',  ( 1322.517104687620986, 690.5434915706033507, 32.68099333697235664 ) ) ;
#30 = CARTESIAN_POINT ( 'NONE',  ( 1215.696665057411110, 508.3004934955400813, 55.88337606291563020 ) ) ;
#31 = CARTESIAN_POINT ( 'NONE',  ( 1347.990203525853758, 985.4378084361094352, 126.4290145084868442 ) ) ;
#32 = CARTESIAN_POINT ( 'NONE',  ( 1469.887358704651206, 793.7771585750203940, -128.8567720054579695 ) ) ;
#33 = CARTESIAN_POINT ( 'NONE',  ( 1220.752028343104712, 322.8160806399466765, -151.4704009407846002 ) ) ;
#34 = CARTESIAN_POINT ( 'NONE',  ( 1006.561609829518261, 199.8969915553019518, -55.70078660704417928 ) ) ;
#35 = CARTESIAN_POINT ( 'NONE',  ( 1395.128045052717198, 980.2966633132217567, 55.76004825109078666 ) ) ;
#36 = CARTESIAN_POINT ( 'NONE',  ( 904.1155917986216082, 105.5269399366179215, -65.60866589023375184 ) ) ;
#37 = CARTESIAN_POINT ( 'NONE',  ( 1087.691598506475884, 352.8534076513424793, 81.44591587617486539 ) ) ;
#38 = CARTESIAN_POINT ( 'NONE',  ( 1313.661860426950398, 828.7364583854524653, 111.5501855872932282 ) ) ;
#39 = CARTESIAN_POINT ( 'NONE',  ( 792.3890797598030531, 46.53800860764650338, -66.63224784295904612 ) ) ;
#40 = CARTESIAN_POINT ( 'NONE',  ( 1040.009102967171202, 311.4452338854674167, 97.45274931356090065 ) ) ;
#41 = CARTESIAN_POINT ( 'NONE',  ( 1037.166533483773719, 322.9350570715503750, 101.5817883970198494 ) ) ;
#42 = CARTESIAN_POINT ( 'NONE',  ( 560.0000000000000000, -7.499183770201354626, -18.53619917838886266 ) ) ;
#43 = CARTESIAN_POINT ( 'NONE',  ( 1394.739513939247217, 1014.588677926869309, 66.55215401463384239 ) ) ;
#44 = CARTESIAN_POINT ( 'NONE',  ( 1392.821144688998857, 1017.421724319901728, 70.53444171526426487 ) ) ;
#45 = CARTESIAN_POINT ( 'NONE',  ( 1343.303433471331346, 992.8086502292118212, 138.5251059390752175 ) ) ;
#46 = CARTESIAN_POINT ( 'NONE',  ( 559.9999999999998863, -2.248623558748006790, -24.26963153957197505 ) ) ;
#47 = CARTESIAN_POINT ( 'NONE',  ( 1159.904321395087436, 497.1652101529608672, 137.0848756823465635 ) ) ;
#48 = CARTESIAN_POINT ( 'NONE',  ( 1084.062396241957003, 365.7728008808161917, 79.94549244000759813 ) ) ;
#49 = CARTESIAN_POINT ( 'NONE',  ( 1157.060651463989871, 323.1964377686383614, -61.36445705731465949 ) ) ;
#50 = CARTESIAN_POINT ( 'NONE',  ( 1475.052647863964921, 785.6541910004779083, -142.3114795424000647 ) ) ;
#51 = CARTESIAN_POINT ( 'NONE',  ( 1335.738970262833618, 664.1345114914806800, -29.97630397844482530 ) ) ;
#52 = CARTESIAN_POINT ( 'NONE',  ( 1061.562732664676105, 223.9910086431693514, -86.75454625086700844 ) ) ;
#53 = CARTESIAN_POINT ( 'NONE',  ( 1301.717286741134330, 600.4968634110877019, 0.05827713657353397747 ) ) ;
#54 = CARTESIAN_POINT ( 'NONE',  ( 1352.354534489324124, 978.5741111538119412, 114.7066596174575182 ) ) ;
#55 = CARTESIAN_POINT ( 'NONE',  ( 1065.516137638149303, 208.0179869124418701, -93.95740790415649712 ) ) ;
#56 = CARTESIAN_POINT ( 'NONE',  ( 1352.782773389361864, 756.7127202089947104, 2.234831188761609688 ) ) ;
#57 = CARTESIAN_POINT ( 'NONE',  ( 959.5179000500814936, 133.6095614148571826, -95.77569296491854800 ) ) ;
#58 = CARTESIAN_POINT ( 'NONE',  ( 1188.876772850837824, 577.9180542690182847, 159.1661427760740253 ) ) ;
#59 = CARTESIAN_POINT ( 'NONE',  ( 1369.869788194439025, 842.9321103627755747, 22.13767800780981432 ) ) ;
#60 = CARTESIAN_POINT ( 'NONE',  ( 1096.409006046655577, 321.7005139926827724, 26.26857448387266558 ) ) ;
#61 = CARTESIAN_POINT ( 'NONE',  ( 1001.148456337621838, 225.2385473349919494, 22.82774987204834360 ) ) ;
#62 = CARTESIAN_POINT ( 'NONE',  ( 1372.781341185660722, 1014.241721289461452, 96.44320998550186630 ) ) ;
#63 = CARTESIAN_POINT ( 'NONE',  ( 1448.440099050580329, 935.2836906656650626, -42.32826963946073562 ) ) ;
#64 = CARTESIAN_POINT ( 'NONE',  ( 1121.262253008734206, 232.8515419624973504, -133.9052984183886394 ) ) ;
#65 = CARTESIAN_POINT ( 'NONE',  ( 849.4773416039446374, 68.33684463918000063, -86.31520940199206393 ) ) ;
#66 = CARTESIAN_POINT ( 'NONE',  ( 1058.351333223251686, 237.0055919419336874, -66.72405743857201799 ) ) ;
#67 = CARTESIAN_POINT ( 'NONE',  ( 1332.120404664138960, 794.7682419216065455, 80.56171784519408163 ) ) ;
#68 = CARTESIAN_POINT ( 'NONE',  ( 788.3071755372874350, 89.76573376474145505, 41.89479243759235061 ) ) ;
#69 = CARTESIAN_POINT ( 'NONE',  ( 1124.338473344635304, 427.3989697450688823, 94.74559972862292057 ) ) ;
#70 = CARTESIAN_POINT ( 'NONE',  ( 559.9999999999996589, -10.94171995652366114, -33.86880809272251014 ) ) ;
#71 = CARTESIAN_POINT ( 'NONE',  ( 1397.633751141237326, 1010.314470412020341, 60.75059109829265935 ) ) ;
#72 = CARTESIAN_POINT ( 'NONE',  ( 618.2048874940057885, 28.23480838611694566, 41.79136243522678740 ) ) ;
#73 = DIRECTION ( 'NONE',  ( 0.000000000000000000, 0.000000000000000000, 1.000000000000000000 ) ) ;
#74 = CARTESIAN_POINT ( 'NONE',  ( 560.0000000000004547, 6.691107974914546119, 28.19944389599229950 ) ) ;
#75 = CARTESIAN_POINT ( 'NONE',  ( 1228.931553695046432, 625.1692706323090079, 139.5477304204887332 ) ) ;
#76 = CARTESIAN_POINT ( 'NONE',  ( 1248.009424841885675, 716.9488995371400506, 166.7106417808668652 ) ) ;
#77 = CARTESIAN_POINT ( 'NONE',  ( 676.5069905079905084, 20.94668949609794240, -41.62901268272522515 ) ) ;
#78 = CARTESIAN_POINT ( 'NONE',  ( 841.0638072355141048, 136.8160506828521363, 77.61326613969949051 ) ) ;
#79 = CARTESIAN_POINT ( 'NONE',  ( 1162.943005896497425, 488.4301832204059224, 100.4076769675754690 ) ) ;
#80 = CARTESIAN_POINT ( 'NONE',  ( 1059.223019909998129, 233.5413008164235578, -46.59351119310559142 ) ) ;
#81 = CARTESIAN_POINT ( 'NONE',  ( 1120.480283606729245, 235.6333060667784878, -133.4716333326583992 ) ) ;
#82 = CARTESIAN_POINT ( 'NONE',  ( 618.4024487246731496, 16.35885962223676060, -11.54021581734215829 ) ) ;
#83 = CARTESIAN_POINT ( 'NONE',  ( 559.9999999999998863, -2.248623558748006790, -24.26963153957197505 ) ) ;
#84 = CARTESIAN_POINT ( 'NONE',  ( 1267.764443512183789, 533.2622625542726382, -3.352906764058872557 ) ) ;
#85 = CARTESIAN_POINT ( 'NONE',  ( 731.6113663923255217, 75.52152234809946663, 55.28047084861388072 ) ) ;
#86 = CARTESIAN_POINT ( 'NONE',  ( 959.3825569363993964, 134.4012265664293864, -79.12051512151560928 ) ) ;
#87 = CARTESIAN_POINT ( 'NONE',  ( 675.7005978831289212, 40.14651741032498933, 4.614823296850383727 ) ) ;
#88 = CARTESIAN_POINT ( 'NONE',  ( 618.6558035068153458, 1.799625795193618316, -43.50828615529353272 ) ) ;
#89 = CARTESIAN_POINT ( 'NONE',  ( 892.1745951520779272, 183.8206044960444387, 95.76208003472964947 ) ) ;
#90 = CARTESIAN_POINT ( 'NONE',  ( 1255.972213140528083, 561.1362880814418759, 12.77891146712946835 ) ) ;
#91 = CARTESIAN_POINT ( 'NONE',  ( 1405.824862432430336, 894.5034018673186438, 9.119652607059137495 ) ) ;
#92 = CARTESIAN_POINT ( 'NONE',  ( 950.5552084905376660, 182.6649738619694006, 21.07878934911606095 ) ) ;
#93 = CARTESIAN_POINT ( 'NONE',  ( 579.3273314523643194, 17.09514396103217848, 39.14039180314976107 ) ) ;
#94 = CARTESIAN_POINT ( 'NONE',  ( 1437.929780978068948, 950.8053211865185403, -21.19006905268949481 ) ) ;
#95 = CARTESIAN_POINT ( 'NONE',  ( 1392.189021550358575, 551.5090270872373139, -169.6020777328583051 ) ) ;
#96 = CARTESIAN_POINT ( 'NONE',  ( 1354.226672310065624, 486.6288674584702107, -171.4961461588437714 ) ) ;
#97 = CARTESIAN_POINT ( 'NONE',  ( 1056.217523860836536, 245.6543484115045715, -52.76629949596431857 ) ) ;
#98 = CARTESIAN_POINT ( 'NONE',  ( 896.7525287781357974, 153.8322602100672043, 40.40261707140306413 ) ) ;
#99 = CARTESIAN_POINT ( 'NONE',  ( 848.7003950794942284, 74.70986755935413726, -64.33172337415288666 ) ) ;
#100 = CARTESIAN_POINT ( 'NONE',  ( 1302.205586027218033, 731.0760395757241668, 92.64765426001974902 ) ) ;
#101 = CARTESIAN_POINT ( 'NONE',  ( 1015.263565205015084, 159.3675626140444308, -106.6632341280154037 ) ) ;
#102 = CARTESIAN_POINT ( 'NONE',  ( 675.7079038547969958, 40.31200970211876466, 38.90618793913349549 ) ) ;
#103 = CARTESIAN_POINT ( 'NONE',  ( 1329.234281486514192, 912.3125248024945222, 128.6205561137187203 ) ) ;
#104 = COORDINATED_UNIVERSAL_TIME_OFFSET ( 5, 30, .AHEAD. ) ;
#105 = CC_DESIGN_PERSON_AND_ORGANIZATION_ASSIGNMENT ( #4617, #3193, ( #4112 ) ) ;
#106 = CARTESIAN_POINT ( 'NONE',  ( 1040.289064266785999, 310.3104477913269079, 95.46359808385771828 ) ) ;
#107 = CARTESIAN_POINT ( 'NONE',  ( 904.3419047609404515, 103.9711796923001970, -85.60382881849218961 ) ) ;
#108 = CARTESIAN_POINT ( 'NONE',  ( 1399.274392043524813, 973.9985970851203092, 34.05827325266012195 ) ) ;
#109 = CARTESIAN_POINT ( 'NONE',  ( 942.1351516072224968, 228.6556251411823553, 105.3298207426610134 ) ) ;
#110 = CARTESIAN_POINT ( 'NONE',  ( 790.7839297931446936, 63.40152616482169634, -50.61623225849505303 ) ) ;
#111 = CARTESIAN_POINT ( 'NONE',  ( 1228.326880586044581, 626.6004490425981430, 142.0673721283559985 ) ) ;
#112 = CARTESIAN_POINT ( 'NONE',  ( 579.3331480903334523, 16.35447318454973242, 24.54803195893914847 ) ) ;
#113 = CARTESIAN_POINT ( 'NONE',  ( 1007.522571408711087, 195.4973680451926157, -35.56494990759292563 ) ) ;
#114 = CARTESIAN_POINT ( 'NONE',  ( 1471.212126897119333, 864.7232510360983042, -103.8980402926003279 ) ) ;
#115 = CARTESIAN_POINT ( 'NONE',  ( 844.5691912519462221, 108.1769978183592542, -20.31281477005509117 ) ) ;
#116 = CARTESIAN_POINT ( 'NONE',  ( 1202.561899906402232, 374.9460654434414550, -65.24978711952941524 ) ) ;
#117 = CARTESIAN_POINT ( 'NONE',  ( 1423.731965072732237, 750.9840265197308327, -100.7415670238801937 ) ) ;
#118 = CARTESIAN_POINT ( 'NONE',  ( 1327.592352496192916, 915.1163999411852501, 133.5723841392376983 ) ) ;
#119 = CARTESIAN_POINT ( 'NONE',  ( 1293.085454008456509, 619.1842122189967768, 2.327245828097531444 ) ) ;
#120 = CARTESIAN_POINT ( 'NONE',  ( 1416.876609617410168, 638.7324437835443405, -151.5978750033015388 ) ) ;
#121 = CARTESIAN_POINT ( 'NONE',  ( 1343.003038413743525, 993.2821297137833199, 141.4869332902820531 ) ) ;
#122 = CARTESIAN_POINT ( 'NONE',  ( 1405.389646424387138, 964.7094333806519444, 20.81808755652586029 ) ) ;
#123 = CARTESIAN_POINT ( 'NONE',  ( 676.2459937046261302, 27.49793872413358642, 4.602918341538649649 ) ) ;
#124 = CARTESIAN_POINT ( 'NONE',  ( 1055.044507754046208, 250.4867258819428741, -14.96394714361841416 ) ) ;
#125 = CARTESIAN_POINT ( 'NONE',  ( 1182.553788388956718, 432.2754019333005999, 29.26506156617563192 ) ) ;
#126 = CARTESIAN_POINT ( 'NONE',  ( 1036.068764191827768, 327.3970521280798494, 114.4994869523397654 ) ) ;
#127 = CARTESIAN_POINT ( 'NONE',  ( 1462.683928862446010, 914.2484125688081349, -70.65573768178595060 ) ) ;
#128 = CARTESIAN_POINT ( 'NONE',  ( 961.2961563330363788, 123.9190725712080621, -103.8595589782583914 ) ) ;
#129 = CARTESIAN_POINT ( 'NONE',  ( 1267.603537350344368, 373.5267198251756895, -160.6544210591979436 ) ) ;
#130 = CARTESIAN_POINT ( 'NONE',  ( 952.9405711599432607, 169.5238116907533765, -38.07423442284958526 ) ) ;
#131 = CARTESIAN_POINT ( 'NONE',  ( 1356.560394864827913, 865.6691043417026776, 75.64505615983895837 ) ) ;
#132 = CARTESIAN_POINT ( 'NONE',  ( 559.9999999999992042, -9.354296995384272506, -26.21848300335611270 ) ) ;
#133 = CARTESIAN_POINT ( 'NONE',  ( 896.3157806704132327, 156.6953889737432348, 46.40986770003522821 ) ) ;
#134 = CARTESIAN_POINT ( 'NONE',  ( 677.0139242967121618, 9.054258983415964579, -53.14758897841279861 ) ) ;
#135 = CARTESIAN_POINT ( 'NONE',  ( 1126.091693350338346, 421.8492419472256643, 107.1825387365700806 ) ) ;
#136 = CARTESIAN_POINT ( 'NONE',  ( 1266.810390234801844, 535.5203282761134460, 0.1496568036213788144 ) ) ;
#137 = CARTESIAN_POINT ( 'NONE',  ( 945.2358239942279852, 211.7285913106484543, 79.05439217595647960 ) ) ;
#138 = CARTESIAN_POINT ( 'NONE',  ( 1066.294284245446761, 204.8215889310102114, -113.5061264069223341 ) ) ;
#139 = CARTESIAN_POINT ( 'NONE',  ( 560.0000000000009095, 10.37791468070394174, 17.22023560997909541 ) ) ;
#140 = CARTESIAN_POINT ( 'NONE',  ( 1319.627469695660466, 928.7192113379171587, 158.5619114873937576 ) ) ;
#141 = CARTESIAN_POINT ( 'NONE',  ( 618.5799564143701446, 6.125463704963797440, -35.69476448826261361 ) ) ;
#142 = CARTESIAN_POINT ( 'NONE',  ( 944.2953998733046319, 216.8651522540854444, 88.97010993569222137 ) ) ;
#143 = CARTESIAN_POINT ( 'NONE',  ( 1039.819670309502953, 312.1598285032674198, 74.36502059320757496 ) ) ;
#144 = CARTESIAN_POINT ( 'NONE',  ( 1066.834378489939127, 202.6704501399846095, -103.9583094046692082 ) ) ;
#145 = CARTESIAN_POINT ( 'NONE',  ( 559.9999999999996589, -6.173520365846154156, -13.32078956968565464 ) ) ;
#146 = CARTESIAN_POINT ( 'NONE',  ( 1120.872219728418486, 234.2350343274395641, -134.7464642241736499 ) ) ;
#147 = CARTESIAN_POINT ( 'NONE',  ( 733.3752309727336751, 49.17942969062758607, -28.09467342365835307 ) ) ;
#148 = CARTESIAN_POINT ( 'NONE',  ( 1109.520447895779171, 274.8368344818405831, -57.36946754022713435 ) ) ;
#149 = CARTESIAN_POINT ( 'NONE',  ( 733.7712571031905782, 43.30438081696151897, -40.25218009761069027 ) ) ;
#150 = CARTESIAN_POINT ( 'NONE',  ( 1080.533449467388891, 378.4291835734113079, 126.0657295645505371 ) ) ;
#151 = CARTESIAN_POINT ( 'NONE',  ( 990.7721140549965639, 273.6044570513690815, 101.1480326736778039 ) ) ;
#152 = CARTESIAN_POINT ( 'NONE',  ( 1296.417177545131608, 611.9596993904538067, -8.396471269927738845 ) ) ;
#153 = CARTESIAN_POINT ( 'NONE',  ( 676.7283757792670258, 15.70548531048682506, -50.71252158331729731 ) ) ;
#154 = CARTESIAN_POINT ( 'NONE',  ( 1370.852078719944984, 1017.172179291161910, 102.8915673868740726 ) ) ;
#155 = CARTESIAN_POINT ( 'NONE',  ( 1313.328762012274865, 708.8552821141115601, 35.01345621646289885 ) ) ;
#156 = CARTESIAN_POINT ( 'NONE',  ( 1182.553788388956718, 432.2754019333005999, 29.26506156617563192 ) ) ;
#157 = CARTESIAN_POINT ( 'NONE',  ( 1415.652519735616579, 983.7043653102372218, 24.04378559134011084 ) ) ;
#158 = CARTESIAN_POINT ( 'NONE',  ( 942.4898977170423677, 226.7056378034883437, 96.65635076840054296 ) ) ;
#159 = CARTESIAN_POINT ( 'NONE',  ( 1438.756322318895172, 949.5846855012789547, -32.18690639630590766 ) ) ;
#160 = CARTESIAN_POINT ( 'NONE',  ( 734.9867121801687517, 25.34393550559812169, -65.38826483663110878 ) ) ;
#161 = CARTESIAN_POINT ( 'NONE',  ( 1069.161465007814058, 193.2122840376662225, -125.8039478746442938 ) ) ;
#162 = CARTESIAN_POINT ( 'NONE',  ( 1053.944037804889376, 254.8702035182606096, -37.39919642832868618 ) ) ;
#163 = CARTESIAN_POINT ( 'NONE',  ( 1091.734711433319944, 338.4056194469625893, 56.01941897983694929 ) ) ;
#164 = CARTESIAN_POINT ( 'NONE',  ( 1212.151861610567039, 347.4669980237009668, -109.8389025982673246 ) ) ;
#165 = CARTESIAN_POINT ( 'NONE',  ( 732.6903272736923327, 59.59296347391987325, 32.54888721350705794 ) ) ;
#166 = CARTESIAN_POINT ( 'NONE',  ( 792.5032566730233157, 45.32309814587015495, -70.40605149268135676 ) ) ;
#167 = CARTESIAN_POINT ( 'NONE',  ( 1085.107975523714686, 362.0850116645503931, 97.62960186814754593 ) ) ;
#168 = CARTESIAN_POINT ( 'NONE',  ( 618.5496471400545033, 8.556814962606532404, -0.1729074715793060824 ) ) ;
#169 = CARTESIAN_POINT ( 'NONE',  ( 787.6515250311960017, 96.69102857466479861, 57.29412952985593677 ) ) ;
#170 = CARTESIAN_POINT ( 'NONE',  ( 579.4826640339651931, -4.358077378389823231, -37.06890160583177618 ) ) ;
#171 = CARTESIAN_POINT ( 'NONE',  ( 895.0183060271299382, 165.0885017806069186, 31.91997009215469205 ) ) ;
#172 = CARTESIAN_POINT ( 'NONE',  ( 675.3084148958771493, 49.76057971294470406, 57.57229270176744507 ) ) ;
#173 = CARTESIAN_POINT ( 'NONE',  ( 733.8404804934391450, 42.27802995161944466, -42.25408069338635642 ) ) ;
#174 = CARTESIAN_POINT ( 'NONE',  ( 1380.353617245529676, 1002.739157717306398, 86.89379298298793231 ) ) ;
#175 = CARTESIAN_POINT ( 'NONE',  ( 618.2205827178256641, 27.14302071634408975, 29.64475807783752970 ) ) ;
#176 = CARTESIAN_POINT ( 'NONE',  ( 905.1421770591845188, 98.78626095240980476, -80.83244401892979170 ) ) ;
#177 = CARTESIAN_POINT ( 'NONE',  ( 1363.411694664137940, 608.9364833404304136, -86.79913186678643910 ) ) ;
#178 = CARTESIAN_POINT ( 'NONE',  ( 1119.287351188631419, 239.8925154071252166, -128.7915034718618585 ) ) ;
#179 = CARTESIAN_POINT ( 'NONE',  ( 1430.386122222223776, 855.8773027224435737, -59.90605796516904746 ) ) ;
#180 = CARTESIAN_POINT ( 'NONE',  ( 902.3834768665524280, 116.8953826444892741, -40.31240574740235871 ) ) ;
#181 = CARTESIAN_POINT ( 'NONE',  ( 846.5610207906157711, 91.99320234615954917, -51.88426631182058202 ) ) ;
#182 = CARTESIAN_POINT ( 'NONE',  ( 787.0131347256697154, 103.4269110422073226, 71.61969467301463510 ) ) ;
#183 = CARTESIAN_POINT ( 'NONE',  ( 1388.702548709734174, 1023.504064037293460, 73.03143281758383409 ) ) ;
#184 = CARTESIAN_POINT ( 'NONE',  ( 618.3476664286781670, 19.54943036450958260, -2.230649834359320849 ) ) ;
#185 = CARTESIAN_POINT ( 'NONE',  ( 848.2256577382290743, 78.48173343882669428, -74.24093481812094808 ) ) ;
#186 = CARTESIAN_POINT ( 'NONE',  ( 1274.655435317404908, 786.0514517750805226, 169.8838520116550797 ) ) ;
#187 = CARTESIAN_POINT ( 'NONE',  ( 579.3594056653969346, 12.75825497604782122, 5.986817440410160174 ) ) ;
#188 = CARTESIAN_POINT ( 'NONE',  ( 844.7434959406513144, 106.9153498362726964, 11.95936212444348534 ) ) ;
#189 = CARTESIAN_POINT ( 'NONE',  ( 1228.980812904772847, 625.0325605776420161, 120.6018433329120114 ) ) ;
#190 = CARTESIAN_POINT ( 'NONE',  ( 847.8642439556218733, 81.51897101385841893, -47.95934910290400666 ) ) ;
#191 = FACE_OUTER_BOUND ( 'NONE', #2428, .T. ) ;
#192 = CARTESIAN_POINT ( 'NONE',  ( 1467.975019551093965, 906.4345334687778859, -81.26061739067442602 ) ) ;
#193 = CARTESIAN_POINT ( 'NONE',  ( 1427.139210216361334, 619.8460313531744532, -170.6537582456011535 ) ) ;
#194 = CARTESIAN_POINT ( 'NONE',  ( 1403.878644037157073, 784.8741037342106210, -57.30546685984295863 ) ) ;
#195 = CARTESIAN_POINT ( 'NONE',  ( 579.3963576119355139, 7.474597031564983673, 20.06118934432952372 ) ) ;
#196 = CARTESIAN_POINT ( 'NONE',  ( 1213.189610262008955, 344.4931659320167228, -114.6381710142411521 ) ) ;
#197 = CARTESIAN_POINT ( 'NONE',  ( 1379.157817393152754, 936.4338671378443451, 67.61165695498480943 ) ) ;
#198 = CARTESIAN_POINT ( 'NONE',  ( 792.4705252122055299, 45.67381309803027278, -69.02645078810800783 ) ) ;
#199 = CARTESIAN_POINT ( 'NONE',  ( 1370.707087869935549, 1017.392477795475656, 101.9726260809676575 ) ) ;
#200 = CARTESIAN_POINT ( 'NONE',  ( 1040.926691158279937, 307.7261682719025089, 90.85825788125389124 ) ) ;
#201 = APPROVAL_ROLE ( '' ) ;
#202 = CARTESIAN_POINT ( 'NONE',  ( 1302.816004807672016, 598.1143930906943069, -3.536968088432670854 ) ) ;
#203 = CARTESIAN_POINT ( 'NONE',  ( 1040.564793101818850, 309.1929547409227439, 93.48280848054719172 ) ) ;
#204 = CARTESIAN_POINT ( 'NONE',  ( 904.2068163629393212, 104.8551491648450877, -84.38721304882895424 ) ) ;
#205 = CARTESIAN_POINT ( 'NONE',  ( 1306.104969242977177, 723.2718561873524550, 57.08574722598871176 ) ) ;
#206 = CARTESIAN_POINT ( 'NONE',  ( 1100.847166437179567, 305.8381036883944830, -2.096364817964720295 ) ) ;
#207 = CARTESIAN_POINT ( 'NONE',  ( 848.8360963569681417, 73.60358895839874549, -67.13921451218836012 ) ) ;
#208 = CARTESIAN_POINT ( 'NONE',  ( 1189.133820580556630, 577.2524291545028063, 159.5257058185329981 ) ) ;
#209 = CARTESIAN_POINT ( 'NONE',  ( 579.4322066593880436, 2.669326752438744510, -23.38444706743031531 ) ) ;
#210 = CARTESIAN_POINT ( 'NONE',  ( 1122.865961732693677, 432.1233686850797540, 125.1059215380697935 ) ) ;
#211 = CARTESIAN_POINT ( 'NONE',  ( 618.2093692164015692, 27.88332041508890669, 36.15823612689747790 ) ) ;
#212 = CARTESIAN_POINT ( 'NONE',  ( 1343.358634575876977, 510.2012782191921474, -134.1737563634844150 ) ) ;
#213 = CARTESIAN_POINT ( 'NONE',  ( 1419.166347922249315, 758.7893500864802263, -75.23023871624072001 ) ) ;
#214 = CARTESIAN_POINT ( 'NONE',  ( 1014.862468900854765, 161.2051978947849307, -112.4983520286620546 ) ) ;
#215 = CARTESIAN_POINT ( 'NONE',  ( 1108.402960292251009, 278.8312416579218507, -50.28754694587157559 ) ) ;
#216 = CARTESIAN_POINT ( 'NONE',  ( 1111.030227669314854, 269.3845652882399122, -89.28388005183840903 ) ) ;
#217 = CARTESIAN_POINT ( 'NONE',  ( 1302.862138935953908, 848.6304492009834348, 158.8084438011142367 ) ) ;
#218 = CARTESIAN_POINT ( 'NONE',  ( 990.6292007318827473, 274.2734389830207533, 103.2800250746248736 ) ) ;
#219 = CARTESIAN_POINT ( 'NONE',  ( 1212.885124747405143, 345.3381490328666246, -127.8971716620803392 ) ) ;
#220 = CARTESIAN_POINT ( 'NONE',  ( 840.3329033601889932, 142.7454196342333432, 85.75443530687023497 ) ) ;
#221 = CARTESIAN_POINT ( 'NONE',  ( 1408.749147984122828, 993.8992599780816590, 27.61126910779130839 ) ) ;
#222 = CARTESIAN_POINT ( 'NONE',  ( 1379.425160621379973, 826.6343006386656498, 20.17481227363812124 ) ) ;
#223 = CARTESIAN_POINT ( 'NONE',  ( 1082.414302718267436, 371.6693584897690812, 93.29999020595268178 ) ) ;
#224 = CARTESIAN_POINT ( 'NONE',  ( 1334.920136940959992, 528.4993783352722403, -107.3712409609830019 ) ) ;
#225 = CARTESIAN_POINT ( 'NONE',  ( 1463.871646812199515, 875.8736378778210110, -87.50738140945152566 ) ) ;
#226 = CARTESIAN_POINT ( 'NONE',  ( 1219.747532044249283, 325.6874655678282693, -150.8959583793291017 ) ) ;
#227 = CARTESIAN_POINT ( 'NONE',  ( 1426.097219903864016, 862.6205999705094882, -51.22364003825282452 ) ) ;
#228 = CARTESIAN_POINT ( 'NONE',  ( 676.0304629212376994, 32.64220370767256441, 19.13964990799600940 ) ) ;
#229 = CARTESIAN_POINT ( 'NONE',  ( 676.8700951161923740, 12.53111977750820571, -41.19252399048156832 ) ) ;
#230 = CARTESIAN_POINT ( 'NONE',  ( 579.4027045817475710, 6.593602995776065789, 17.50660501669347013 ) ) ;
#231 = CARTESIAN_POINT ( 'NONE',  ( 1467.766644737014985, 797.1114038463048246, -124.3475682987787110 ) ) ;
#232 = CARTESIAN_POINT ( 'NONE',  ( 1266.902987390908265, 375.3537331016029839, -154.9202741581765110 ) ) ;
#233 = CARTESIAN_POINT ( 'NONE',  ( 1154.982357583378871, 511.2602261773077998, 150.7622541835376353 ) ) ;
#234 = CARTESIAN_POINT ( 'NONE',  ( 1296.657194309344277, 742.1480115485372835, 109.0143387267264359 ) ) ;
#235 = APPROVAL_DATE_TIME ( #6261, #4408 ) ;
#236 = CARTESIAN_POINT ( 'NONE',  ( 618.5605471175847470, 7.917782057133086582, -2.264445150697402820 ) ) ;
#237 = CARTESIAN_POINT ( 'NONE',  ( 579.3762752450605831, 10.26545613894888298, 27.67560681420547652 ) ) ;
#238 = CARTESIAN_POINT ( 'NONE',  ( 734.4279601475515165, 33.57717516329263674, -57.59575285714798554 ) ) ;
#239 = CARTESIAN_POINT ( 'NONE',  ( 1043.482766300472122, 297.2936378439915757, 41.62210179999254933 ) ) ;
#240 = CARTESIAN_POINT ( 'NONE',  ( 559.9999999999998863, -3.685603436635633834, -3.982548435885945981 ) ) ;
#241 = CARTESIAN_POINT ( 'NONE',  ( 1300.003742835420326, 456.9576109142527685, -120.1075867337811047 ) ) ;
#242 = CARTESIAN_POINT ( 'NONE',  ( 559.9999999999998863, 11.15907534827359804, 36.56665680674142749 ) ) ;
#243 = CARTESIAN_POINT ( 'NONE',  ( 579.4361113204132607, 2.126460348277956935, -24.62251613419289242 ) ) ;
#244 = CARTESIAN_POINT ( 'NONE',  ( 1356.518095560055826, 972.0324662308635197, 117.2027028911991948 ) ) ;
#245 = CARTESIAN_POINT ( 'NONE',  ( 1382.988338068913663, 998.7372829047445748, 71.20553433767460660 ) ) ;
#246 = CARTESIAN_POINT ( 'NONE',  ( 1167.865349779993039, 288.7726489441719764, -119.4683135467848132 ) ) ;
#247 = CARTESIAN_POINT ( 'NONE',  ( 559.9999999999998863, -7.658161100707277846, -19.17611739178495256 ) ) ;
#248 = CARTESIAN_POINT ( 'NONE',  ( 734.7742314073196894, 28.45603964020091325, -64.91339956878206863 ) ) ;
#249 = CARTESIAN_POINT ( 'NONE',  ( 1003.917175513927759, 212.2293759212265911, -34.47250728560013755 ) ) ;
#250 = B_SPLINE_SURFACE_WITH_KNOTS ( 'NONE', 3, 3, ( 
 ( #3966, #2373, #6409, #1874, #3899, #1381, #4923, #4464, #3403, #5416, #384, #5980, #2408, #6296, #6262, #136, #3691, #4678, #1170, #2724, #6197, #3753, #6164 ),
 ( #2163, #3161, #168, #4278, #1202, #1732, #1701, #4775, #4212, #4180, #5698, #637, #5760, #1233, #668, #3194, #202, #3659, #1637, #1766, #5178, #2693, #6230 ),
 ( #5729, #2227, #236, #3258, #3225, #4243, #5272, #1138, #731, #2661, #2757, #2261, #4149, #3787, #4809, #5794, #765, #270, #1335, #6218, #3082, #5621, #2555 ),
 ( #3113, #3646, #1092, #5130, #1125, #5096, #2587, #4604, #3148, #4666, #124, #2151, #4168, #6185, #1657, #2452, #2484, #2016, #3973, #5460, #6018, #2515, #2882 ),
 ( #4033, #1985, #4899, #6046, #5025, #991, #2383, #4931, #4534, #855, #360, #6549, #3380, #5391, #4400, #5491, #4472, #6486, #6419, #1953, #889, #1423, #5954 ),
 ( #3448, #5987, #3481, #4435, #6518, #393, #1884, #429, #4003, #3907, #2949, #492, #5919, #1457, #460, #1390, #3413, #2418, #5425, #4505, #2914, #1488, #6452 ),
 ( #1918, #3940, #961, #2981, #3511, #5522, #926, #3011, #4965, #113, #3070, #6140, #1051, #3102, #1112, #2140, #5674, #4189, #3601, #5054, #521, #1147, #1549 ),
 ( #145, #4654, #4125, #5152, #3668, #3633, #4063, #5578, #2047, #5084, #80, #3570, #3135, #3540, #550, #1081, #6076, #2545, #2077, #1646, #5118, #5641, #5610 ),
 ( #2575, #581, #4157, #4563, #5187, #3170, #4093, #1518, #6173, #4592, #646, #613, #49, #2670, #4688, #5549, #2172, #1020, #3040, #6108, #1612, #1581, #2607 ),
 ( #19, #4624, #2109, #2637, #5219, #5840, #6239, #742, #1678, #2768, #2305, #4753, #4786, #1314, #811, #2338, #4254, #3339, #282, #213, #6206, #3235, #3700 ),
 ( #2203, #677, #2238, #6342, #3269, #3799, #3764, #4323, #6273, #4221, #5707, #2702, #5350, #2836, #1743, #1179, #1811, #177, #4821, #5806, #1710, #3833, #4855 ),
 ( #247, #316, #1279, #3730, #5771, #5738, #3203, #2272, #1211, #1244, #5249, #707, #2735, #5283, #4289, #6307, #1777, #3303, #5317, #777, #2802, #5483, #1810 ),
 ( #6408, #843, #348, #2870, #3832, #953, #2973, #810, #6341, #4988, #453, #4956, #1347, #4388, #5415, #4425, #5380, #916, #5875, #5839, #1380, #420, #3338 ),
 ( #2337, #4322, #1909, #2941, #1313, #1449, #3931, #5349, #1873, #4854, #2835, #6443, #1414, #4887, #315, #878, #3402, #5944, #2443, #3898, #6374, #4354, #4922 ),
 ( #3473, #1843, #3866, #3370, #2372, #383, #5451, #5908, #2407, #2904, #3438, #4463, #6477, #1945, #3965, #5979, #1336, #832, #2859, #799, #2824, #4842, #2361 ),
 ( #4377, #6397, #538, #3588, #3026, #2996, #508, #6500, #5597, #476, #4050, #1537, #2064, #1037, #5566, #2500, #2095, #3056, #1568, #3462, #2466, #5071, #4487 ),
 ( #1968, #2562, #4579, #6533, #2001, #2034, #2532, #36, #5105, #4019, #6033, #1504, #3526, #1007, #5041, #1133, #3189, #1197, #2221, #5755, #4272, #3687, #5138 ),
 ( #132, #1166, #600, #229, #4737, #4208, #5237, #3747, #3718, #4144, #5661, #2128, #5172, #164, #3654, #3221, #3620, #3156, #5206, #6159, #4641, #2159, #1727 ),
 ( #1632, #5725, #2191, #2255, #2752, #5629, #99, #5267, #3252, #4176, #1599, #4238, #632, #196, #694, #2656, #1228, #4770, #1100, #4674, #4707, #6256, #2720 ),
 ( #6226, #3122, #6193, #725, #1666, #5694, #2689, #1697, #1760, #6290, #3781, #5788, #1262, #3286, #5282, #4820, #212, #1709, #2271, #5316, #5673, #776, #6205 ),
 ( #1146, #281, #1278, #3798, #5186, #1178, #2801, #3667, #3169, #2304, #6172, #1645, #645, #1742, #5248, #706, #2669, #4752, #3699, #4220, #2202, #3268, #6306 ),
 ( #3233, #4686, #1776, #5706, #2237, #4253, #4785, #3763, #6272, #4188, #144, #5770, #246, #2171, #3302, #1243, #1677, #3729, #3202, #5218, #741, #2767, #676 ),
 ( #4288, #2734, #5805, #6238, #2701, #4718, #5737, #176, #1210, #6286, #1791, #1224, #4766, #6322, #3318, #2748, #720, #5820, #4268, #5784, #755, #225, #2318 ),
 ( #3813, #790, #1294, #2251, #1756, #3777, #1258, #261, #3282, #5330, #3248, #5297, #2781, #4799, #2285, #4303, #2815, #4833, #296, #5263, #864, #3852, #1895 ),
 ( #3288, #3917, #5930, #2820, #1400, #1264, #902, #4373, #2357, #1299, #266, #3356, #6292, #4274, #369, #5790, #4805, #6327, #2890, #3324, #231, #3424, #1860 ),
 ( #301, #2290, #1762, #828, #3783, #4838, #5302, #2257, #5335, #2927, #5401, #761, #2786, #5437, #4411, #4308, #1796, #3818, #5825, #795, #2323, #4340, #6360 ),
 ( #1829, #5861, #1331, #5366, #2855, #4873, #334, #4908, #6393, #3884, #5894, #1366, #3388, #2393, #6429, #405, #1998, #5562, #3952, #4518, #32, #6092, #5533 ),
 ( #1065, #2060, #2529, #5593, #2497, #5471, #4942, #505, #2030, #6000, #5966, #6030, #4016, #4548, #1033, #2429, #3052, #5067, #3554, #6497, #3023, #4484, #6530 ),
 ( #3, #534, #1436, #6463, #4046, #4976, #3494, #1501, #1931, #3584, #1532, #1004, #6060, #2558, #4575, #939, #2463, #2961, #1965, #3523, #441, #4077, #4448 ),
 ( #3459, #3985, #1470, #2993, #1564, #5504, #973, #5007, #5038, #473, #5233, #2621, #3683, #1162, #1693, #661, #3185, #1096, #6252, #2685, #3714, #5751, #192 ),
 ( #628, #3616, #3086, #5202, #160, #4140, #2091, #4172, #128, #4703, #5721, #565, #1193, #3217, #2716, #4637, #2187, #95, #4670, #4204, #4733, #2217, #5100 ),
 ( #4108, #4234, #3118, #6189, #2591, #1662, #1723, #1628, #5689, #3743, #4608, #64, #1129, #6124, #1595, #3650, #5625, #2124, #5134, #6155, #596, #5657, #3152 ),
 ( #2155, #6222, #2652, #5168, #4924, #4958, #4889, #6479, #3932, #1910, #1382, #5382, #918, #4390, #5452, #5946, #6410, #422, #845, #2872, #3900, #1415, #2445 ),
 ( #3440, #2942, #350, #4465, #4426, #2374, #1875, #3404, #5910, #6444, #5417, #879, #2906, #385, #2409, #2950, #4401, #1954, #4004, #1391, #430, #6487, #927 ),
 ( #6519, #3482, #5492, #5426, #2982, #1919, #2453, #4473, #1489, #4535, #3974, #2419, #1458, #890, #522, #1519, #3512, #5055, #5988, #4932, #6420, #992, #3012 ),
 ( #3541, #5026, #962, #6550, #4996, #3941, #3041, #461, #4506, #6047, #5955, #493, #1885, #2915, #2516, #2017, #394, #5920, #4034, #4436, #4966, #2485, #3414 ),
 ( #5550, #1021, #3908, #6453, #1424, #3449, #5461, #6207, #3171, #3103, #2546, #6109, #20, #4094, #4564, #5220, #2048, #582, #4689, #1148, #3071, #114, #3136 ),
 ( #4064, #6141, #1679, #1613, #2638, #6077, #5188, #5085, #647, #2141, #551, #146, #5708, #1550, #2576, #5642, #2671, #4158, #4593, #2608, #50, #3571, #5153 ),
 ( #3701, #5579, #1180, #2078, #1582, #614, #3669, #3602, #4655, #1082, #1052, #81, #6174, #5611, #5119, #4625, #2110, #4126, #3634, #1113, #3204, #1647, #5675 ),
 ( #2173, #4190, #4324, #812, #248, #5250, #4290, #3731, #2837, #214, #1280, #5318, #5841, #4822, #778, #708, #3868, #283, #1315, #1744, #678, #5877, #2306 ),
 ( #743, #2736, #4719, #3304, #4222, #5284, #6240, #2703, #3765, #1349, #3340, #178, #3372, #2339, #4856, #1711, #2239, #1845, #2204, #5739, #1212, #3236, #4754 ),
 ( #6308, #1778, #4255, #5807, #6274, #2769, #3270, #6343, #317, #2273, #5772, #3800, #1245, #4356, #4787, #2803, #1812, #5351, #3834, #6376, #3844, #1290, #5427 ),
 ( #3314, #2349, #5853, #2916, #4365, #1425, #5392, #2384, #5921, #891, #4437, #1920, #607, #4182, #4036, #3513, #2695, #3543, #4151, #5700, #5523, #1140, #3975 ),
 ( #1671, #170, #6049, #963, #2983, #3693, #4005, #5146, #5989, #2631, #138, #2518, #4648, #1172, #5212, #1459, #2019, #3196, #4680, #4537, #3483, #994, #5494 ),
 ( #4997, #462, #1521, #6199, #2663, #4507, #1639, #107, #4712, #670, #2486, #1023, #6520, #3129, #6166, #1986, #2165, #6019, #1490, #3661, #3013, #5028, #495 ),
 ( #2134, #6552, #5552, #5667, #3163, #5180, #639, #204, #5796, #5242, #4345, #1734, #2792, #272, #801, #6332, #2295, #2229, #5371, #1801, #2826, #4878, #5866 ),
 ( #5830, #6264, #306, #1338, #238, #3361, #767, #834, #3329, #5307, #2328, #2263, #3755, #2861, #1768, #4313, #3857, #5762, #1304, #2196, #699, #3823, #4844 ),
 ( #5731, #1204, #1834, #4245, #3293, #4214, #4811, #6365, #733, #5340, #6232, #1703, #3723, #4280, #3227, #2726, #2759, #4744, #1235, #3260, #5274, #4777, #6298 ),
 ( #3789, #1269, #4489, #4452, #977, #3956, #2003, #1371, #1009, #3393, #5934, #339, #1506, #3464, #6399, #4379, #478, #5406, #4913, #6434, #2998, #1404, #2363 ),
 ( #6502, #2895, #409, #2398, #3889, #944, #869, #4946, #374, #4416, #3428, #3028, #5508, #1899, #3921, #4021, #4522, #5441, #906, #3528, #2931, #2433, #5537 ),
 ( #6467, #1936, #5970, #1440, #5475, #2965, #4980, #445, #2468, #2502, #1970, #3989, #6004, #5011, #1474, #6535, #6035, #3621, #2222, #935, #3073, #584, #22 ),
 ( #862, #5892, #2924, #2609, #553, #5399, #4906, #3604, #6111, #367, #3421, #5121, #2391, #4409, #1892, #5434, #898, #4939, #6079, #5057, #524, #402, #2050 ),
 ( #4444, #2578, #1927, #3949, #1552, #5581, #5963, #5087, #1433, #4595, #52, #4096, #5645, #6210, #1747, #1249, #681, #3734, #6143, #746, #5678, #2772, #5742 ),
 ( #83, #2207, #1215, #1151, #1116, #1183, #3704, #6243, #711, #4128, #4757, #216, #5253, #1650, #4722, #6177, #1682, #1714, #2739, #4258, #2112, #2176, #3636 ),
 ( #5191, #5711, #3139, #5287, #3239, #2706, #2242, #6277, #4225, #2641, #4161, #617, #3768, #3672, #1615, #3174, #5156, #650, #4658, #117, #2144, #4692, #5775 ),
 ( #4193, #3273, #3207, #2674, #149, #5223, #181, #3837, #3803, #5845, #4790, #5948, #5384, #4294, #2276, #2412, #5811, #2806, #4327, #882, #1317, #252, #1417 ),
 ( #781, #4859, #287, #6313, #848, #1782, #2840, #1283, #3308, #320, #5454, #3407, #5321, #920, #6446, #4429, #2309, #6346, #3442, #1815, #2342, #6379, #2875 ),
 ( #4892, #353, #2376, #4393, #6412, #5913, #1912, #3934, #4391, #284, #5842, #2838, #1846, #3341, #4890, #3305, #1246, #813, #1876, #4291, #4857, #3405, #2907 ),
 ( #351, #4427, #5418, #1350, #2410, #318, #6310, #1779, #3869, #846, #2340, #5808, #4357, #6377, #2873, #5911, #1383, #880, #386, #1780, #4720, #1247, #2704 ),
 ( #3801, #779, #5843, #5251, #147, #2174, #2804, #3205, #4256, #5189, #6275, #5809, #1712, #1745, #4823, #4325, #3172, #285, #3766, #5319, #179, #648, #2205 ),
 ( #2737, #5709, #4191, #3732, #3306, #2240, #744, #709, #1281, #5773, #2307, #6208, #3835, #6344, #1813, #2672, #4223, #3271, #6241, #4755, #2770, #4690, #1680 ),
 ( #3702, #1181, #5221, #679, #5285, #5740, #4788, #1213, #3237, #249, #2274, #4292, #6311, #6080, #4659, #615, #21, #5027, #2049, #2517, #4065, #494, #1149 ),
 ( #5154, #2079, #82, #2577, #5643, #4095, #115, #6048, #5676, #4035, #6078, #4536, #6175, #1583, #6551, #2018, #2639, #1520, #3042, #4565, #1114, #1551, #3542 ),
 ( #2111, #1022, #5086, #523, #5551, #5612, #5056, #3072, #2547, #3572, #5580, #1053, #3635, #552, #4594, #2142, #4656, #51, #6110, #1648, #3603, #1083, #3670 ),
 ( #3104, #5120, #583, #4127, #6142, #1614, #3137, #4159, #4261, #3806, #1087, #4132, #5160, #4163, #5125, #653, #5616, #6084, #1120, #4695, #3077, #3641, #5714 ),
 ( #1652, #2677, #184, #1186, #3675, #4725, #1619, #4599, #4069, #6179, #1154, #588, #5091, #620, #3143, #5681, #152, #1556, #2179, #3576, #4196, #6213, #1685 ),
 ( #3608, #5649, #3177, #3707, #3210, #5585, #6147, #1057, #557, #5226, #4100, #2643, #2582, #4661, #684, #2613, #119, #2709, #56, #2083, #6115, #2146, #1587 ),
 ( #5194, #3108, #4629, #87, #2116, #5940, #415, #450, #1941, #3469, #6473, #2970, #3961, #2474, #1410, #1975, #3434, #4952, #1905, #6507, #5975, #5447, #3927 ),
 ( #4459, #912, #2937, #2439, #4985, #1445, #949, #4494, #5465, #1958, #2954, #5959, #1463, #1429, #4477, #3453, #3945, #3979, #931, #4970, #5993, #434, #3487 ),
 ( #5498, #967, #2987, #2490, #5001, #466, #4511, #6524, #1990, #4009, #6418, #4399, #1323, #1821, #1883, #3843, #359, #326, #3876, #1357, #5390, #2348, #2382 ),
 ( #3379, #854, #5852, #3348, #5358, #4364, #820, #2846, #4865, #6385, #5885, #2881, #700, #3694, #2760, #1769, #2696, #3790, #3228, #5797, #5763, #1205, #4778 ),
 ( #6299, #1270, #5243, #1735, #4152, #5308, #3261, #171, #2727, #5701, #239, #3294, #4713, #768, #4745, #4649, #1236, #205, #2264, #2197, #4183, #108, #4215 ),
 ( #2230, #6200, #6233, #4246, #5275, #4281, #2135, #1704, #1640, #3662, #6167, #4681, #5732, #5668, #6265, #734, #3197, #3756, #1141, #3164, #5181, #640, #2664 ),
 ( #139, #1672, #2166, #1173, #5213, #671, #3724, #835, #4947, #1405, #3330, #375, #3394, #3465, #3957, #4812, #6400, #6469, #1865, #2896, #2793, #3429, #5341 ),
 ( #1802, #802, #2329, #5442, #3858, #273, #5971, #4417, #2296, #3890, #1900, #1441, #5407, #4879, #907, #1937, #4314, #5476, #2827, #4845, #870, #3922, #6366 ),
 ( #3824, #4346, #6333, #5831, #1305, #307, #1835, #5867, #1339, #4914, #5899, #1372, #3362, #2399, #5372, #2862, #340, #6435, #2932, #2364, #4380, #5935, #410 ),
 ( #2434, #4453, #1570, #6129, #4082, #3559, #4581, #3091, #3059, #3498, #5012, #4613, #3590, #5568, #945, #4523, #4981, #2503, #2966, #3623, #446, #5538, #5107 ),
 ( #5043, #5599, #4552, #2596, #1971, #1601, #6503, #6536, #2470, #2097, #4052, #4490, #3990, #1070, #6005, #5509, #479, #570, #2004, #1475, #4114, #2564, #978 ),
 ( #2999, #4022, #1539, #6036, #1010, #1507, #3529, #3029, #510, #6097, #2535, #8, #69, #2036, #6065, #1039, #5073, #540, #38, #2066, #1854, #4367, #328 ),
 ( #2351, #6387, #2215, #1102, #5631, #3124, #6354, #2746, #5782, #259, #5818, #223, #2316, #718, #5140, #2779, #1823, #4730, #5295, #822, #602, #6320, #2813 ),
 ( #4334, #1256, #1789, #4764, #3846, #2849, #3775, #4867, #4301, #2626, #294, #2283, #5855, #3280, #5261, #189, #753, #1292, #4232, #2249, #4831, #6250, #1721 ),
 ( #3741, #5749, #1325, #1222, #4266, #4797, #3246, #3811, #3350, #6284, #1754, #5360, #3316, #5328, #788, #1988, #996, #1922, #3015, #2455, #5030, #4999, #432 ),
 ( #1359, #4007, #6021, #2488, #5429, #1956, #3416, #5463, #3485, #4509, #1492, #6554, #5957, #857, #2884, #3515, #3910, #4968, #5887, #4475, #6522, #2421, #6489 ),
 ( #6422, #1393, #965, #3382, #2952, #3878, #5496, #5394, #893, #3451, #1887, #4901, #4439, #5525, #929, #1461, #1427, #497, #3977, #2520, #362, #4539, #2386 ),
 ( #5991, #4403, #5923, #2918, #4934, #2985, #396, #6455, #3943, #464, #4567, #5123, #2642, #1617, #24, #2081, #4067, #6051, #2611, #5554, #54, #1025, #2021 ),
 ( #2052, #4627, #3141, #5583, #85, #555, #4038, #6113, #6145, #3044, #4597, #4098, #5089, #1585, #2580, #1523, #5193, #3176, #5059, #3545, #652, #2676, #4660 ),
 ( #3606, #6082, #5614, #526, #4162, #1554, #2114, #4130, #618, #3638, #5647, #3574, #2549, #1055, #1651, #3075, #3106, #1085, #586, #118, #1118, #5158, #3674 ),
 ( #2145, #6178, #5680, #1153, #4694, #3736, #4195, #1716, #2178, #2842, #6212, #4759, #2311, #5323, #683, #4296, #748, #816, #1319, #1684, #3770, #3839, #5777 ),
 ( #3275, #3706, #5713, #289, #1185, #4724, #6245, #783, #1217, #151, #3344, #1784, #3209, #1251, #5813, #5354, #2774, #2244, #2808, #5848, #5225, #2708, #183 ),
 ( #2210, #4227, #1817, #4329, #5744, #3241, #5255, #713, #2741, #218, #4260, #6279, #1749, #2278, #5289, #4792, #254, #6315, #3805, #1285, #3310, #4826, #6348 ),
 ( #4961, #5915, #1453, #6414, #322, #1914, #5487, #3872, #4431, #6514, #6014, #5456, #1949, #4360, #5518, #3477, #389, #922, #3903, #2977, #1981, #2910, #3999 ),
 ( #5983, #1419, #4992, #4927, #4395, #3507, #6448, #425, #1484, #1879, #3969, #4861, #1353, #2448, #957, #5881, #6381, #3936, #4468, #2344, #456, #5386, #2480 ),
 ( #2877, #1386, #4501, #3409, #1849, #987, #6482, #3375, #5950, #850, #4894, #2945, #2414, #355, #2378, #5421, #884, #3444, #3036, #5606, #4121, #15, #1077 ),
 ( #4559, #4153, #488, #6544, #6168, #5669, #1641, #3663, #5114, #2073, #4089, #4029, #1576, #516, #1046, #5574, #76, #3131, #2571, #1016, #45, #6042, #5148 ),
 ( #3098, #1608, #577, #2603, #5049, #3007, #4620, #3629, #5021, #2012, #3066, #1514, #2541, #3536, #2511, #2104, #6136, #4059, #5545, #6104, #3597, #5637, #1108 ),
 ( #4530, #4588, #609, #4650, #2043, #2633, #6072, #1545, #109, #2136, #3566, #5080, #546, #1174, #6234, #702, #4682, #6336, #4284, #3759, #4781, #3297, #3264 ),
 ( #242, #2665, #3695, #5766, #1142, #4714, #5182, #2697, #3165, #3827, #641, #5733, #5311, #6302, #1673, #5278, #1738, #1805, #2299, #140, #4748, #4815, #2167 ),
 ( #2730, #1239, #2796, #172, #2267, #4184, #6201, #737, #3793, #5702, #3198, #1772, #5214, #1705, #208, #672, #2198, #5800, #2763, #1273, #771, #276, #4216 ),
 ( #3725, #1206, #4317, #3229, #5244, #2233, #4249, #6268, #1974, #5344, #3893, #1444, #4456, #6369, #2935, #2899, #948, #310, #6506, #4848, #4882, #5834, #449 ),
 ( #1838, #6472, #5445, #3861, #3468, #2473, #1308, #5870, #2402, #1940, #910, #1342, #5902, #3365, #3333, #6438, #2830, #1375, #2332, #805, #343, #4349, #3960 ),
 ( #2865, #3925, #4383, #5375, #3397, #3432, #838, #1868, #5410, #2367, #873, #6403, #4917, #4493, #378, #4420, #1903, #5938, #1408, #5974, #4950, #413, #2437 ),
 ( #5479, #2969, #4984, #5014, #2505, #481, #4525, #1477, #6538, #3992, #6007, #3500, #5511, #980, #3001, #1184, #4194, #6347, #5776, #747, #4723, #2675, #4758 ),
 ( #3804, #1250, #651, #6244, #5743, #182, #1715, #2208, #3175, #288, #4825, #150, #5679, #2310, #4328, #4295, #682, #3735, #217, #3769, #4226, #253, #5224 ),
 ( #1748, #2277, #3274, #5288, #1683, #3673, #2773, #6314, #1152, #4693, #1216, #2177, #3208, #6211, #5192, #4791, #1783, #3240, #3705, #2243, #712, #5812, #1284 ),
 ( #5712, #5254, #3309, #5322, #2707, #782, #2740, #4259, #2807, #6278, #2841, #3343, #921, #1848, #354, #1385, #5353, #455, #4960, #4430, #5455, #3968, #3935 ),
 ( #2944, #815, #4359, #6447, #1816, #5385, #5846, #3374, #3838, #4500, #1318, #6413, #4860, #5420, #849, #3902, #2413, #2479, #2976, #321, #883, #5486, #2909 ),
 ( #4926, #2343, #6380, #1948, #3871, #5880, #1352, #2447, #2876, #4893, #4991, #3443, #2377, #388, #424, #4394, #1913, #5914, #4467, #956, #1878, #3408, #5949 ),
 ( #1418, #6481, #3476, #5982, #1452, #1513, #1107, #5605, #5147, #545, #2042, #2602, #5636, #6013, #3130, #6543, #2011, #2570, #1076, #3535, #4587, #5048, #6513 ),
 ( #3998, #3506, #608, #2632, #1980, #1483, #2072, #5573, #1045, #986, #5079, #4028, #4558, #2540, #3596, #75, #6071, #4529, #3565, #3006, #2103, #6041, #44 ),
 ( #4088, #6103, #5544, #5517, #1575, #5113, #5020, #487, #14, #2510, #1015, #3035, #515, #3097, #576, #4058, #1544, #3065, #4619, #4120, #6135, #1607, #3628 ),
 ( #486, #4027, #1482, #3534, #1543, #2569, #6102, #4618, #6040, #5485, #955, #1574, #1979, #3034, #3967, #5047, #4586, #2509, #514, #3595, #3096, #1947, #5572 ),
 ( #4557, #5981, #5516, #1451, #3505, #3475, #2975, #4990, #6542, #454, #5543, #985, #1512, #2539, #2601, #5112, #2478, #1014, #5604, #13, #2041, #4499, #43 ),
 ( #2071, #6512, #3997, #3005, #4087, #5019, #6012, #575, #3564, #4528, #4057, #6070, #2010, #1075, #1044, #544, #3064, #5078, #2228, #3259, #2758, #2630, #3195 ),
 ( #74, #5699, #5730, #5273, #669, #2164, #2725, #5761, #6134, #1234, #106, #2133, #2694, #1203, #3660, #4711, #5179, #2102, #4181, #4213, #3627, #2662, #6198 ),
 ( #732, #2195, #1171, #5211, #1106, #169, #4150, #4679, #137, #3722, #203, #1670, #4647, #3692, #3128, #4244, #6165, #6231, #1702, #5241, #3226, #698, #1638 ),
 ( #4743, #1606, #4119, #6263, #1733, #3754, #5666, #5635, #5145, #606, #1139, #3162, #638, #5898, #1337, #4912, #4843, #4312, #3427, #2894, #338, #6297, #6331 ),
 ( #1268, #2362, #868, #5795, #1767, #3888, #4810, #3328, #4344, #3788, #5440, #1370, #833, #1864, #373, #4378, #766, #2294, #3392, #2262, #3856, #905, #6398 ),
 ( #1800, #237, #4776, #4279, #2825, #3292, #1833, #3822, #305, #5370, #5306, #5933, #2791, #5865, #1898, #3360, #5405, #5829, #2860, #5339, #271, #2327, #2397 ),
 ( #1403, #1303, #800, #6364, #4415, #4877, #6433, #3920, #1505, #444, #976, #5507, #7, #3058, #2501, #943, #6534, #5969, #5072, #2467, #3527, #1008, #1538 ),
 ( #4580, #4081, #5536, #2035, #2432, #3589, #3558, #5010, #3027, #1969, #1038, #37, #2997, #2065, #5042, #6096, #4051, #6034, #539, #477, #4488, #1569, #2563 ),
 ( #4521, #6501, #2002, #2534, #5567, #5598, #2930, #4020, #6466, #1935, #4945, #2964, #509, #408, #4551, #3988, #4979, #4451, #6064, #5474, #6003, #3955, #1439 ),
 ( #3463, #1473, #3497, #633, #3622, #68, #1633, #1198, #3222, #1167, #1728, #4708, #4675, #2721, #2096, #3749, #4113, #100, #1069, #2223, #4177, #569, #5106 ),
 ( #5630, #5238, #4239, #3090, #1101, #6194, #1698, #665, #3123, #1134, #5139, #2595, #1667, #4612, #5662, #6128, #1600, #2129, #601, #6227, #3655, #4145, #2625 ),
 ( #4643, #6160, #3157, #5173, #165, #695, #2657, #133, #2160, #3688, #4738, #5695, #3190, #5207, #3719, #2690, #2192, #4209, #6257, #5726, #197, #1893, #2753 ),
 ( #1828, #4804, #3883, #2889, #3817, #4907, #4339, #368, #333, #2322, #5893, #5824, #5301, #4410, #1364, #1330, #726, #760, #2854, #5756, #2256, #3355, #1859 ),
 ( #4771, #230, #5400, #5789, #300, #4872, #1263, #6359, #2785, #3851, #863, #2392, #1229, #2356, #4273, #1761, #5860, #3253, #265, #5268, #2289, #6291, #3782 ),
 ( #3387, #6427, #5365, #3287, #4372, #2819, #4307, #6326, #1795, #1298, #3323, #5334, #794, #827, #4837, #6392, #4044, #2925, #1928, #3457, #4545, #4974, #3915 ),
 ( #3521, #6460, #3983, #5964, #1398, #4515, #899, #1962, #4940, #5928, #439, #4573, #2526, #3422, #30, #5560, #1529, #403, #5469, #5065, #5435, #2426, #532 ),
 ( #4445, #6494, #5997, #2460, #1467, #4481, #3950, #2556, #1031, #1434, #2991, #4014, #936, #1, #2958, #3491, #5005, #6027, #5502, #503, #971, #470, #2494 ),
 ( #1498, #1995, #6528, #5531, #1002, #2027, #3021, #5036, #6057, #3551, #3050, #2588, #4729, #4169, #5686, #3115, #1062, #3149, #5654, #1659, #2682, #6089, #157 ),
 ( #593, #4137, #1592, #3647, #3680, #4700, #6219, #2058, #6152, #5590, #3083, #1690, #2088, #5165, #1159, #4105, #2649, #3613, #625, #3711, #3214, #4074, #3182 ),
 ( #4667, #1561, #5622, #3581, #1093, #5097, #562, #4605, #92, #61, #1126, #5131, #1625, #125, #2713, #5230, #6121, #2152, #5718, #6186, #5199, #2618, #2184 ),
 ( #4201, #4634, #2121, #658, #1190, #688, #188, #3381, #1822, #2214, #5817, #5854, #5393, #787, #2282, #2848, #5886, #6249, #1358, #222, #2248, #2812, #1324 ),
 ( #4366, #5748, #1753, #856, #4231, #1720, #3774, #3740, #5781, #1221, #2883, #3245, #4796, #5260, #3810, #1255, #4300, #4830, #717, #2745, #4763, #1291, #3877 ),
 ( #4265, #3315, #6283, #3279, #327, #5294, #752, #2778, #821, #258, #6319, #1788, #3845, #5327, #293, #3349, #2315, #4333, #6353, #4866, #5359, #2350, #6386 ),
 ( #1853, #4402, #5553, #6553, #2519, #3909, #6454, #6050, #2385, #1886, #1522, #1024, #3544, #4900, #463, #3976, #3014, #4037, #5922, #4438, #2951, #928, #1987 ) ),
 .UNSPECIFIED., .T., .F., .F.,
 ( 4, 1, 1, 1, 1, 1, 1, 1, 1, 1, 1, 1, 1, 1, 1, 1, 1, 1, 1, 1, 1, 1, 1, 1, 1, 1, 1, 1, 1, 1, 1, 1, 1, 1, 1, 1, 1, 1, 1, 1, 1, 1, 1, 1, 1, 1, 1, 1, 1, 1, 1, 1, 1, 1, 1, 1, 1, 1, 1, 1, 1, 1, 1, 1, 1, 1, 1, 1, 1, 1, 1, 1, 1, 1, 1, 1, 1, 1, 1, 1, 1, 1, 1, 1, 1, 1, 1, 1, 1, 1, 1, 1, 1, 1, 1, 1, 1, 1, 1, 1, 1, 1, 1, 1, 1, 1, 1, 1, 1, 1, 1, 1, 1, 1, 1, 1, 1, 1, 1, 1, 1, 1, 1, 1, 1, 1, 1, 1, 1, 1, 1, 1, 1, 4 ),
 ( 4, 1, 1, 1, 1, 1, 1, 1, 1, 1, 1, 1, 1, 1, 1, 1, 1, 1, 1, 1, 4 ),
 ( 0.000000000000000000, 0.01562500000000000000, 0.03125000000000000000, 0.04687500000000000000, 0.06250000000000000000, 0.07812500000000000000, 0.09375000000000000000, 0.1093750000000000000, 0.1171875000000000000, 0.1250000000000000000, 0.1328125000000000000, 0.1406250000000000000, 0.1484375000000000000, 0.1562500000000000000, 0.1640625000000000000, 0.1718750000000000000, 0.1796875000000000000, 0.1875000000000000000, 0.1953125000000000000, 0.2031250000000000000, 0.2070312500000000000, 0.2109375000000000000, 0.2148437500000000000, 0.2187500000000000000, 0.2226562500000000000, 0.2265625000000000000, 0.2304687500000000000, 0.2343750000000000000, 0.2382812500000000000, 0.2421875000000000000, 0.2441406250000000000, 0.2460937500000000000, 0.2480468750000000000, 0.2490234375000000000, 0.2500000000000000000, 0.2519531250000000000, 0.2539062500000000000, 0.2578125000000000000, 0.2617187500000000000, 0.2656250000000000000, 0.2695312500000000000, 0.2734375000000000000, 0.2773437500000000000, 0.2812500000000000000, 0.2851562500000000000, 0.2890625000000000000, 0.2968750000000000000, 0.3046875000000000000, 0.3125000000000000000, 0.3203125000000000000, 0.3281250000000000000, 0.3359375000000000000, 0.3437500000000000000, 0.3515625000000000000, 0.3593750000000000000, 0.3671875000000000000, 0.3750000000000000000, 0.3906250000000000000, 0.4062500000000000000, 0.4218750000000000000, 0.4375000000000000000, 0.4531250000000000000, 0.4687500000000000000, 0.4843750000000000000, 0.5000000000000000000, 0.5156250000000000000, 0.5312500000000000000, 0.5468750000000000000, 0.5625000000000000000, 0.5781250000000000000, 0.5937500000000000000, 0.6093750000000000000, 0.6250000000000000000, 0.6406250000000000000, 0.6484375000000000000, 0.6562500000000000000, 0.6640625000000000000, 0.6718750000000000000, 0.6796875000000000000, 0.6875000000000000000, 0.6953125000000000000, 0.6992187500000000000, 0.7031250000000000000, 0.7070312500000000000, 0.7109375000000000000, 0.7148437500000000000, 0.7187500000000000000, 0.7226562500000000000, 0.7265625000000000000, 0.7304687500000000000, 0.7343750000000000000, 0.7382812500000000000, 0.7421875000000000000, 0.7460937500000000000, 0.7480468750000000000, 0.7500000000000000000, 0.7519531250000000000, 0.7539062500000000000, 0.7578125000000000000, 0.7617187500000000000, 0.7656250000000000000, 0.7695312500000000000, 0.7734375000000000000, 0.7773437500000000000, 0.7812500000000000000, 0.7851562500000000000, 0.7890625000000000000, 0.7929687500000000000, 0.7968750000000000000, 0.8007812500000000000, 0.8046875000000000000, 0.8085937500000000000, 0.8125000000000000000, 0.8164062500000000000, 0.8203125000000000000, 0.8281250000000000000, 0.8359375000000000000, 0.8437500000000000000, 0.8515625000000000000, 0.8593750000000000000, 0.8671875000000000000, 0.8750000000000000000, 0.8828125000000000000, 0.8906250000000000000, 0.8984375000000000000, 0.9062500000000000000, 0.9140625000000000000, 0.9218750000000000000, 0.9296875000000000000, 0.9375000000000000000, 0.9531250000000000000, 0.9687500000000000000, 0.9843750000000000000, 1.000000000000000000 ),
 ( 0.000000000000000000, 0.04333944127454115308, 0.08717461230219966661, 0.1315585129897958450, 0.1765320071111689537, 0.2221303424621243472, 0.2683894036323611898, 0.3153437468974106261, 0.3630251385383851392, 0.4114618325034681834, 0.4606831087142752579, 0.5107156349947722385, 0.5615833427664811417, 0.6133086510746166287, 0.6659111343384820358, 0.7194045554545727139, 0.7738001652171312417, 0.8290989277107692068, 0.8852886795289168775, 0.9423184708641618723, 1.000000000000000000 ),
 .UNSPECIFIED. ) ;
#251 = CARTESIAN_POINT ( 'NONE',  ( 1059.223019909998129, 233.5413008164235578, -46.59351119310559142 ) ) ;
#252 = CARTESIAN_POINT ( 'NONE',  ( 1446.944780149136250, 901.5862901368890334, -62.36965529613472370 ) ) ;
#253 = CARTESIAN_POINT ( 'NONE',  ( 1375.649373148784889, 1009.884835743251983, 96.84102792951493655 ) ) ;
#254 = CARTESIAN_POINT ( 'NONE',  ( 1251.568540715769586, 709.2273124794272690, 152.1532108131278846 ) ) ;
#255 = CARTESIAN_POINT ( 'NONE',  ( 1166.045227227201849, 294.5412997146692646, -124.1157123071653388 ) ) ;
#256 = CARTESIAN_POINT ( 'NONE',  ( 1221.124783037922953, 643.6429066256781653, 164.0850922337767770 ) ) ;
#257 = CARTESIAN_POINT ( 'NONE',  ( 1376.431254092511836, 940.7129728656807401, 56.05245493130396284 ) ) ;
#258 = CARTESIAN_POINT ( 'NONE',  ( 1003.277407908234522, 215.3057951141117314, 3.374429905203084612 ) ) ;
#259 = CARTESIAN_POINT ( 'NONE',  ( 992.2700446840344739, 266.5968406683416561, 80.13437026087601112 ) ) ;
#260 = CARTESIAN_POINT ( 'NONE',  ( 791.6965778649853291, 53.88248724607701234, -47.36428366603934847 ) ) ;
#261 = CARTESIAN_POINT ( 'NONE',  ( 905.2453172259288294, 98.11019939490631714, -82.21137753391431602 ) ) ;
#262 = CARTESIAN_POINT ( 'NONE',  ( 1453.814203466502249, 699.6384523941185307, -159.4308549022502177 ) ) ;
#263 = CARTESIAN_POINT ( 'NONE',  ( 1339.560128937105674, 656.5095691010998280, -40.65963474283951484 ) ) ;
#264 = CARTESIAN_POINT ( 'NONE',  ( 843.5759957170953385, 116.4091794767956856, 33.63367511094965323 ) ) ;
#265 = CARTESIAN_POINT ( 'NONE',  ( 1336.153419110239156, 787.3438118602327904, 69.81524647074081713 ) ) ;
#266 = CARTESIAN_POINT ( 'NONE',  ( 1067.586491279054826, 199.6210115494999400, -109.3510171123780310 ) ) ;
#267 = CARTESIAN_POINT ( 'NONE',  ( 677.0122709184205405, 9.057813532387255506, -55.53349009010750592 ) ) ;
#268 = CARTESIAN_POINT ( 'NONE',  ( 1321.152707473211194, 926.1132973493449754, 152.2237487466302639 ) ) ;
#269 = CARTESIAN_POINT ( 'NONE',  ( 1322.032630672397318, 813.3389554299669726, 107.4336571292829632 ) ) ;
#270 = CARTESIAN_POINT ( 'NONE',  ( 1337.320514167654892, 661.0024713893834587, -10.88371238167415456 ) ) ;
#271 = CARTESIAN_POINT ( 'NONE',  ( 1366.843738057331393, 955.7963975174037614, 94.61105251925741300 ) ) ;
#272 = CARTESIAN_POINT ( 'NONE',  ( 1214.566694703693429, 340.5226490404443211, -133.9905885691640037 ) ) ;
#273 = CARTESIAN_POINT ( 'NONE',  ( 787.2486497225651192, 100.8222860686792615, 39.68527649886990361 ) ) ;
#274 = CARTESIAN_POINT ( 'NONE',  ( 790.4520184276022974, 67.07089051815268022, -13.42964036523132165 ) ) ;
#275 = CARTESIAN_POINT ( 'NONE',  ( 905.0401625555030023, 99.45574440312475417, -79.39264107324292752 ) ) ;
#276 = CARTESIAN_POINT ( 'NONE',  ( 1370.852078719944984, 1017.172179291161910, 102.8915673868740726 ) ) ;
#277 = CARTESIAN_POINT ( 'NONE',  ( 618.5425981144969683, 8.269450889684568651, -31.25878592367414655 ) ) ;
#278 = CARTESIAN_POINT ( 'NONE',  ( 618.3014216762912838, 22.90208130791074836, 40.30782507527377589 ) ) ;
#279 = CARTESIAN_POINT ( 'NONE',  ( 840.6841382649087109, 139.8345206588722078, 65.14910302823307120 ) ) ;
#280 = CARTESIAN_POINT ( 'NONE',  ( 1003.277407908234522, 215.3057951141117314, 3.374429905203084612 ) ) ;
#281 = CARTESIAN_POINT ( 'NONE',  ( 579.5056178907705089, -7.614607875336798060, -33.01941318372680456 ) ) ;
#282 = CARTESIAN_POINT ( 'NONE',  ( 1392.855464455987885, 682.9606218672778368, -80.20583405029613289 ) ) ;
#283 = CARTESIAN_POINT ( 'NONE',  ( 1389.931549422521584, 556.0077518403518297, -168.0462839997901483 ) ) ;
#284 = CARTESIAN_POINT ( 'NONE',  ( 1007.316779342838572, 196.3757051152716997, -61.52979880995618345 ) ) ;
#285 = CARTESIAN_POINT ( 'NONE',  ( 1351.178188696380403, 633.3269630579001159, -72.42137561864406337 ) ) ;
#286 = CARTESIAN_POINT ( 'NONE',  ( 1159.012615910006616, 316.9776536540970255, -71.91963467246796426 ) ) ;
#287 = CARTESIAN_POINT ( 'NONE',  ( 618.5188914871282577, 9.631339603168514785, -28.27688864514025013 ) ) ;
#288 = CARTESIAN_POINT ( 'NONE',  ( 991.4979978673853793, 270.2446465994291884, 108.1339497142025152 ) ) ;
#289 = CARTESIAN_POINT ( 'NONE',  ( 675.3036994307497025, 49.80857107598541234, 50.50728813785146798 ) ) ;
#290 = CARTESIAN_POINT ( 'NONE',  ( 958.9011997241539120, 136.9743576672234155, -91.22185261469628870 ) ) ;
#291 = CARTESIAN_POINT ( 'NONE',  ( 1277.588954019757239, 780.1988134331438687, 164.3917097236645475 ) ) ;
#292 = CARTESIAN_POINT ( 'NONE',  ( 895.0183060271299382, 165.0885017806069186, 31.91997009215469205 ) ) ;
#293 = CARTESIAN_POINT ( 'NONE',  ( 1228.251306949833861, 475.7067117151798925, 3.649236532865716143 ) ) ;
#294 = CARTESIAN_POINT ( 'NONE',  ( 1038.153439442272202, 318.9258839479271046, 91.00741683898415602 ) ) ;
#295 = CARTESIAN_POINT ( 'NONE',  ( 1160.689389662234817, 311.6353721462261888, -80.96301086966259675 ) ) ;
#296 = CARTESIAN_POINT ( 'NONE',  ( 1418.429183796738926, 635.8829681374303391, -146.1552505607258468 ) ) ;
#297 = CARTESIAN_POINT ( 'NONE',  ( 1470.840976686623890, 865.2870214436788956, -103.5141652690401912 ) ) ;
#298 = CARTESIAN_POINT ( 'NONE',  ( 1146.707061176316074, 356.1246247408737986, -34.03705007180276709 ) ) ;
#299 = CARTESIAN_POINT ( 'NONE',  ( 999.5440261129416513, 232.7233747653928901, 37.39877046547185557 ) ) ;
#300 = CARTESIAN_POINT ( 'NONE',  ( 732.8041041613879543, 57.90326152331685705, 28.37780381552271791 ) ) ;
#301 = CARTESIAN_POINT ( 'NONE',  ( 559.9999999999998863, -10.80420424896699494, -32.64159063165952546 ) ) ;
#302 = CARTESIAN_POINT ( 'NONE',  ( 1468.565935471713146, 905.5618692424906158, -82.56837189855302483 ) ) ;
#303 = CARTESIAN_POINT ( 'NONE',  ( 560.0000000000000000, 11.35448529708162013, 36.21306113099141299 ) ) ;
#304 = CARTESIAN_POINT ( 'NONE',  ( 675.7690674221578320, 38.86032352361765874, 35.33533237246950165 ) ) ;
#305 = CARTESIAN_POINT ( 'NONE',  ( 946.0102866951743863, 207.4987098787094340, 70.83994044450028582 ) ) ;
#306 = CARTESIAN_POINT ( 'NONE',  ( 618.6462550603625914, 2.342908351596319161, -42.65236911852266388 ) ) ;
#307 = CARTESIAN_POINT ( 'NONE',  ( 787.1639818354346971, 101.7242085244412664, 43.02757699632820731 ) ) ;
#308 = CARTESIAN_POINT ( 'NONE',  ( 618.5928430825458690, 6.021022166244092588, -8.545270079775445282 ) ) ;
#309 = CARTESIAN_POINT ( 'NONE',  ( 1014.293803782384543, 163.8956200813250064, -97.58020385856207213 ) ) ;
#310 = CARTESIAN_POINT ( 'NONE',  ( 1273.736115874226471, 787.8853160393596227, 171.1998397615002432 ) ) ;
#311 = CARTESIAN_POINT ( 'NONE',  ( 1059.142500214313031, 233.7990675888024157, -71.76362411079387016 ) ) ;
#312 = CARTESIAN_POINT ( 'NONE',  ( 1123.945724469471770, 428.6840380435530165, 118.6031801986009668 ) ) ;
#313 = CARTESIAN_POINT ( 'NONE',  ( 991.7156313336678295, 269.1891876849981600, 87.33691759239104613 ) ) ;
#314 = CARTESIAN_POINT ( 'NONE',  ( 1188.638659403377687, 414.8407403124543293, 0.3932386202667129682 ) ) ;
#315 = CARTESIAN_POINT ( 'NONE',  ( 1252.328562688012880, 413.1964378184555926, -95.41429953783224960 ) ) ;
#316 = CARTESIAN_POINT ( 'NONE',  ( 579.4850294691285626, -4.785797010735943324, -21.40003759204157063 ) ) ;
#317 = CARTESIAN_POINT ( 'NONE',  ( 959.9780577496231899, 131.0988885905165944, -99.00888322101849326 ) ) ;
#318 = CARTESIAN_POINT ( 'NONE',  ( 790.0978655308089174, 70.64606859434786656, -36.80841739759579667 ) ) ;
#319 = CARTESIAN_POINT ( 'NONE',  ( 1248.630149146382337, 422.7985842090110395, -80.35274817858190488 ) ) ;
#320 = CARTESIAN_POINT ( 'NONE',  ( 1007.928905821313492, 193.5216817066270210, -66.17770535745633254 ) ) ;
#321 = CARTESIAN_POINT ( 'NONE',  ( 1330.012523477874083, 910.9926132351577053, 141.0298558904945310 ) ) ;
#322 = CARTESIAN_POINT ( 'NONE',  ( 731.5705392027127800, 76.15512490118170774, 60.98020850442616592 ) ) ;
#323 = CARTESIAN_POINT ( 'NONE',  ( 1166.654251491836703, 292.6024398785574476, -126.5938737086157744 ) ) ;
#324 = CARTESIAN_POINT ( 'NONE',  ( 1158.592676644922221, 500.9214923745026908, 142.3979352231747271 ) ) ;
#325 = CARTESIAN_POINT ( 'NONE',  ( 1280.011479995631362, 647.5351729826152223, 45.66288435464764461 ) ) ;
#326 = CARTESIAN_POINT ( 'NONE',  ( 1313.328762012274865, 708.8552821141115601, 35.01345621646289885 ) ) ;
#327 = CARTESIAN_POINT ( 'NONE',  ( 733.4725795651369253, 47.96193454798029876, 2.460149243304075473 ) ) ;
#328 = CARTESIAN_POINT ( 'NONE',  ( 1396.273563396448935, 1012.323194740623762, 54.98844110789918460 ) ) ;
#329 = CARTESIAN_POINT ( 'NONE',  ( 618.6854227241002491, 0.5489155743761143791, -27.45145945187016778 ) ) ;
#330 = CARTESIAN_POINT ( 'NONE',  ( 618.7091309075811978, -1.232022255860355964, -48.06483149078458439 ) ) ;
#331 = CARTESIAN_POINT ( 'NONE',  ( 1417.588330559404994, 875.9990220890197179, -33.72013907894559992 ) ) ;
#332 = CARTESIAN_POINT ( 'NONE',  ( 732.9157370602907804, 56.24447638473244382, 24.19216416317717488 ) ) ;
#333 = CARTESIAN_POINT ( 'NONE',  ( 948.1581929148368317, 195.7644365644302411, 47.68842237558235553 ) ) ;
#334 = CARTESIAN_POINT ( 'NONE',  ( 849.3800954201941522, 69.17316383605248120, -77.76779527667792991 ) ) ;
#335 = CARTESIAN_POINT ( 'NONE',  ( 1453.639547678106055, 699.9389764693821689, -156.7954080818290379 ) ) ;
#336 = CARTESIAN_POINT ( 'NONE',  ( 892.1461058685766830, 184.0007727493149616, 93.77771982463607969 ) ) ;
#337 = CARTESIAN_POINT ( 'NONE',  ( 560.0000000000011369, 4.956524812469123908, 23.68618293017571474 ) ) ;
#338 = CARTESIAN_POINT ( 'NONE',  ( 1363.124349598699837, 961.6447771279902099, 102.8342136472249848 ) ) ;
#339 = CARTESIAN_POINT ( 'NONE',  ( 1114.964438889516032, 255.3314367296158309, -109.1975241098903808 ) ) ;
#340 = CARTESIAN_POINT ( 'NONE',  ( 1265.941074690281766, 678.0504004651037349, 95.46219615624752919 ) ) ;
#341 = CARTESIAN_POINT ( 'NONE',  ( 1432.605546585524735, 958.6681468857393611, -10.44252898503755311 ) ) ;
#342 = CARTESIAN_POINT ( 'NONE',  ( 1118.155253952409112, 243.9699803514017447, -111.8865850924356664 ) ) ;
#343 = CARTESIAN_POINT ( 'NONE',  ( 1344.520167072360437, 990.8972776373529996, 140.1306090465474483 ) ) ;
#344 = CARTESIAN_POINT ( 'NONE',  ( 1242.116369071860618, 439.6703576078805895, -77.00278215297278450 ) ) ;
#345 = CARTESIAN_POINT ( 'NONE',  ( 944.4383355954994386, 216.0842642243326281, 87.36674722906793988 ) ) ;
#346 = CARTESIAN_POINT ( 'NONE',  ( 675.3260522347771939, 49.22584147180757697, 43.70908702455809447 ) ) ;
#347 = CARTESIAN_POINT ( 'NONE',  ( 676.2983314199137794, 26.24669999059971914, 0.9564315642052485522 ) ) ;
#348 = CARTESIAN_POINT ( 'NONE',  ( 618.6854227241002491, 0.5489155743761143791, -27.45145945187016778 ) ) ;
#349 = CARTESIAN_POINT ( 'NONE',  ( 1409.936163429315002, 888.0389823368055886, 0.1346629626864689622 ) ) ;
#350 = CARTESIAN_POINT ( 'NONE',  ( 618.7446069250905794, -3.215746195755018633, -49.36686370041888239 ) ) ;
#351 = CARTESIAN_POINT ( 'NONE',  ( 559.9999999999995453, 0.5879648212373798088, -17.60150639951520901 ) ) ;
#352 = CARTESIAN_POINT ( 'NONE',  ( 1444.982122447455595, 904.5673837354277111, -48.73624880358308786 ) ) ;
#353 = CARTESIAN_POINT ( 'NONE',  ( 579.4270918772701862, 3.380338528135651721, -21.72748066418725799 ) ) ;
#354 = CARTESIAN_POINT ( 'NONE',  ( 1194.689185244086957, 562.8355129402788180, 143.9826533720533348 ) ) ;
#355 = CARTESIAN_POINT ( 'NONE',  ( 1155.585121993173743, 509.5309236321956519, 146.0250150222286720 ) ) ;
#356 = CARTESIAN_POINT ( 'NONE',  ( 676.5832934339904341, 19.13523926742343306, -44.96905350036524140 ) ) ;
#357 = CARTESIAN_POINT ( 'NONE',  ( 1347.706127355624403, 985.8884055317336106, 135.7425469414516215 ) ) ;
#358 = CARTESIAN_POINT ( 'NONE',  ( 559.9999999999997726, 9.997436195546100635, 14.83505621823814202 ) ) ;
#359 = CARTESIAN_POINT ( 'NONE',  ( 1283.227936578561184, 640.5599773596447903, 34.73631322899019125 ) ) ;
#360 = CARTESIAN_POINT ( 'NONE',  ( 1056.089074347790074, 246.2507567576531358, -22.87362698767804758 ) ) ;
#361 = CARTESIAN_POINT ( 'NONE',  ( 1417.023819586429681, 981.6792306310793492, 21.26126747149204377 ) ) ;
#362 = CARTESIAN_POINT ( 'NONE',  ( 1353.241099570819642, 977.1799501889756812, 112.3855367411384520 ) ) ;
#363 = CARTESIAN_POINT ( 'NONE',  ( 734.6278411596596243, 30.74239646392749492, -45.56403084571930862 ) ) ;
#364 = CARTESIAN_POINT ( 'NONE',  ( 1389.931549422521584, 556.0077518403518297, -168.0462839997901483 ) ) ;
#365 = CARTESIAN_POINT ( 'NONE',  ( 951.6555877894967352, 176.5448331689751456, -25.01828261762186401 ) ) ;
#366 = CARTESIAN_POINT ( 'NONE',  ( 1219.752722801418940, 497.7705604247997258, 39.04406343282974490 ) ) ;
#367 = CARTESIAN_POINT ( 'NONE',  ( 1010.282763738660606, 182.5480081326938375, -83.40778413685667658 ) ) ;
#368 = CARTESIAN_POINT ( 'NONE',  ( 896.5348557686052118, 155.2593082217764504, 43.41131887517018129 ) ) ;
#369 = CARTESIAN_POINT ( 'NONE',  ( 1263.385155527412735, 384.4907311510081627, -139.8978451241254675 ) ) ;
#370 = CARTESIAN_POINT ( 'NONE',  ( 849.5327255172065861, 67.89762526455551495, -85.39718841098063251 ) ) ;
#371 = CARTESIAN_POINT ( 'NONE',  ( 1342.681629733302543, 993.7870228996080186, 141.0973925384337804 ) ) ;
#372 = CARTESIAN_POINT ( 'NONE',  ( 560.0000000000001137, 4.129339631248313047, 21.41316991911267209 ) ) ;
#373 = CARTESIAN_POINT ( 'NONE',  ( 1202.312929720712418, 543.0447952859299221, 111.4235272033612461 ) ) ;
#374 = CARTESIAN_POINT ( 'NONE',  ( 957.8100242294812006, 142.9304911266045792, -82.53638894017078087 ) ) ;
#375 = CARTESIAN_POINT ( 'NONE',  ( 1086.385812469945904, 357.4623792117713492, 62.23081684109255463 ) ) ;
#376 = CARTESIAN_POINT ( 'NONE',  ( 900.3614400424978612, 130.1628208270376206, -10.99359363777492682 ) ) ;
#377 = CARTESIAN_POINT ( 'NONE',  ( 1216.286373651147414, 335.6196774979956672, -128.9092138922361812 ) ) ;
#378 = CARTESIAN_POINT ( 'NONE',  ( 1191.080933591789062, 572.2007602414324765, 155.4789218934050439 ) ) ;
#379 = CARTESIAN_POINT ( 'NONE',  ( 733.3752309727336751, 49.17942969062758607, -28.09467342365835307 ) ) ;
#380 = CARTESIAN_POINT ( 'NONE',  ( 1082.916849526587839, 369.9136925739050525, 111.1343221569392483 ) ) ;
#381 = CARTESIAN_POINT ( 'NONE',  ( 1121.587113959711360, 436.1720500524919544, 114.1353591223934671 ) ) ;
#382 = CARTESIAN_POINT ( 'NONE',  ( 560.0000000000000000, 4.134995226434117654, -7.814472003786640641 ) ) ;
#383 = CARTESIAN_POINT ( 'NONE',  ( 791.6965778649853291, 53.88248724607701234, -47.36428366603934847 ) ) ;
#384 = CARTESIAN_POINT ( 'NONE',  ( 1052.961807729825978, 258.9324788841761347, 0.8682011967653636697 ) ) ;
#385 = CARTESIAN_POINT ( 'NONE',  ( 1220.860542351632148, 322.5033583884839459, -152.8289836784222473 ) ) ;
#386 = CARTESIAN_POINT ( 'NONE',  ( 1386.218110440020155, 695.1640472444823899, -81.73498445812640512 ) ) ;
#387 = CARTESIAN_POINT ( 'NONE',  ( 847.7240187283609885, 82.66081880332519916, -45.23035064426407814 ) ) ;
#388 = CARTESIAN_POINT ( 'NONE',  ( 1160.835340374345151, 494.4983813157890040, 132.3797585838903217 ) ) ;
#389 = CARTESIAN_POINT ( 'NONE',  ( 1250.675395604482901, 711.1648989344089387, 155.7307843287340745 ) ) ;
#390 = CARTESIAN_POINT ( 'NONE',  ( 1456.694589833865848, 814.5146366230567310, -111.0161199325584107 ) ) ;
#391 = CARTESIAN_POINT ( 'NONE',  ( 731.8027517924876975, 72.75011160032298108, 62.65205584803617000 ) ) ;
#392 = CARTESIAN_POINT ( 'NONE',  ( 675.4168215799140853, 46.98627989330150712, 30.04601846414813693 ) ) ;
#393 = CARTESIAN_POINT ( 'NONE',  ( 790.6332737331214275, 65.15124426751684439, -18.26232624152957840 ) ) ;
#394 = CARTESIAN_POINT ( 'NONE',  ( 1354.402658009359584, 486.2479562818443810, -171.6236415860894340 ) ) ;
#395 = CARTESIAN_POINT ( 'NONE',  ( 1390.573838367821736, 1020.740544753672566, 68.19579097817749869 ) ) ;
#396 = CARTESIAN_POINT ( 'NONE',  ( 840.5503186569635545, 140.9321464394187160, 69.93179146651389999 ) ) ;
#397 = CARTESIAN_POINT ( 'NONE',  ( 1336.605465850651399, 524.8451852633186263, -112.7382072042412204 ) ) ;
#398 = CARTESIAN_POINT ( 'NONE',  ( 618.6791726031659664, 0.4763521784356790079, -45.50851450733336634 ) ) ;
#399 = CARTESIAN_POINT ( 'NONE',  ( 618.3476664286781670, 19.54943036450958260, -2.230649834359320849 ) ) ;
#400 = CARTESIAN_POINT ( 'NONE',  ( 1178.499833048663049, 443.8906482922774330, 48.51598607696904253 ) ) ;
#401 = CC_DESIGN_PERSON_AND_ORGANIZATION_ASSIGNMENT ( #2009, #4026, ( #2790 ) ) ;
#402 = CARTESIAN_POINT ( 'NONE',  ( 1453.610432748750554, 891.4608920800872056, -74.68411264062940802 ) ) ;
#403 = CARTESIAN_POINT ( 'NONE',  ( 1313.284133692123987, 708.9683570347466457, 59.93901242086560188 ) ) ;
#404 = CARTESIAN_POINT ( 'NONE',  ( 990.8984951675386128, 273.0127537826770094, 99.19609739557185435 ) ) ;
#405 = CARTESIAN_POINT ( 'NONE',  ( 1308.665670944238173, 436.4560407509549123, -150.7813124415671098 ) ) ;
#406 = CARTESIAN_POINT ( 'NONE',  ( 1312.553528635251723, 427.2481971024362792, -166.8851662072561339 ) ) ;
#407 = CARTESIAN_POINT ( 'NONE',  ( 1350.324694821163575, 876.3147446272259913, 90.76510599200550189 ) ) ;
#408 = CARTESIAN_POINT ( 'NONE',  ( 1170.362660931900109, 467.2039210607073301, 86.96010996437338747 ) ) ;
#409 = CARTESIAN_POINT ( 'NONE',  ( 618.6061669664535430, 4.631600334332428126, -38.58160112310302026 ) ) ;
#410 = CARTESIAN_POINT ( 'NONE',  ( 1399.951636435171167, 1006.891418999692064, 46.69328362241402886 ) ) ;
#411 = CARTESIAN_POINT ( 'NONE',  ( 1378.596773826675189, 709.2093317707863207, -42.83867282875329607 ) ) ;
#412 = CARTESIAN_POINT ( 'NONE',  ( 1463.128503331955471, 877.0024613491251557, -86.00447983024646703 ) ) ;
#413 = CARTESIAN_POINT ( 'NONE',  ( 1373.143505987847902, 1013.691428860583414, 100.4957733633140293 ) ) ;
#414 = CARTESIAN_POINT ( 'NONE',  ( 676.2792509535338468, 26.35008782547262030, -30.66869189528347306 ) ) ;
#415 = CARTESIAN_POINT ( 'NONE',  ( 843.0894194174242102, 120.2132792802838424, 6.703439204353378145 ) ) ;
#416 = CARTESIAN_POINT ( 'NONE',  ( 787.5984481013659888, 97.25134104840120131, 58.48881126214880766 ) ) ;
#417 = CARTESIAN_POINT ( 'NONE',  ( 731.6400189748190996, 75.08245473215225729, 52.05181811733388031 ) ) ;
#418 = LOCAL_TIME ( 21, 40, 34.00000000000000000, #6010 ) ;
#419 = CARTESIAN_POINT ( 'NONE',  ( 899.5235140921829498, 135.6599107276570919, 1.133441576290972641 ) ) ;
#420 = CARTESIAN_POINT ( 'NONE',  ( 1449.696265824479951, 897.4064551898014770, -58.47667962118163132 ) ) ;
#421 = CARTESIAN_POINT ( 'NONE',  ( 1301.717286741134330, 600.4968634110877019, 0.05827713657353397747 ) ) ;
#422 = CARTESIAN_POINT ( 'NONE',  ( 1392.898758331824638, 550.0916575011724490, -172.3005312886139677 ) ) ;
#423 = CARTESIAN_POINT ( 'NONE',  ( 1448.123569755148765, 899.7954266250507089, -55.23145176395389910 ) ) ;
#424 = CARTESIAN_POINT ( 'NONE',  ( 1195.801715470845011, 559.9473427181980014, 139.0247846176123971 ) ) ;
#425 = CARTESIAN_POINT ( 'NONE',  ( 892.2823559591288358, 183.1000754740798868, 89.80453918254416124 ) ) ;
#426 = CARTESIAN_POINT ( 'NONE',  ( 902.9549953553978412, 113.0504998820317724, -72.06630386629026930 ) ) ;
#427 = CARTESIAN_POINT ( 'NONE',  ( 618.2549985895645932, 25.53783783153469500, 46.46357046560832771 ) ) ;
#428 = CARTESIAN_POINT ( 'NONE',  ( 1041.603531180172013, 304.9190285279943282, 57.88648046803962188 ) ) ;
#429 = CARTESIAN_POINT ( 'NONE',  ( 901.2020683300362407, 124.6476976296501391, -23.11190367633216525 ) ) ;
#430 = CARTESIAN_POINT ( 'NONE',  ( 1475.775790208239414, 784.5180911263126973, -142.6217318798495626 ) ) ;
#431 = CARTESIAN_POINT ( 'NONE',  ( 1390.040916073293602, 1021.527564032720875, 77.59439357707302065 ) ) ;
#432 = CARTESIAN_POINT ( 'NONE',  ( 1392.819304248439948, 1017.424442281259076, 62.98012308995053132 ) ) ;
#433 = CARTESIAN_POINT ( 'NONE',  ( 559.9999999999995453, -8.794555493239036181, -23.87421001622128003 ) ) ;
#434 = CARTESIAN_POINT ( 'NONE',  ( 1408.487604156759062, 960.0035835095375205, 14.26040241952949295 ) ) ;
#435 = ADVANCED_BREP_SHAPE_REPRESENTATION ( 'openfan_blade_v08_CFD_SINGLELOFT', ( #5104, #1577 ), #2533 ) ;
#436 = CARTESIAN_POINT ( 'NONE',  ( 1422.306252009596164, 628.7391636833148141, -162.4692575933279386 ) ) ;
#437 = CARTESIAN_POINT ( 'NONE',  ( 1095.282251641450102, 325.6562251435274220, 1.804949140971962906 ) ) ;
#438 = CARTESIAN_POINT ( 'NONE',  ( 950.0632857896653150, 185.3537686635291379, 26.64195471312201136 ) ) ;
#439 = CARTESIAN_POINT ( 'NONE',  ( 1047.208220726349282, 282.2619972113354834, 44.34706702201414430 ) ) ;
#440 = CARTESIAN_POINT ( 'NONE',  ( 618.2049083687247730, 28.27956049725179710, 44.22817264717073726 ) ) ;
#441 = CARTESIAN_POINT ( 'NONE',  ( 1472.546951894958966, 789.5955334362499798, -134.6540703335638227 ) ) ;
#442 = CARTESIAN_POINT ( 'NONE',  ( 676.9734953374018005, 9.923557538109227139, -57.67945911907422385 ) ) ;
#443 = CARTESIAN_POINT ( 'NONE',  ( 732.6326054131959609, 60.44989852494429527, 34.62849093467259820 ) ) ;
#444 = CARTESIAN_POINT ( 'NONE',  ( 995.4682194107858777, 251.7334259810302228, 73.67342113100902168 ) ) ;
#445 = CARTESIAN_POINT ( 'NONE',  ( 902.9549953553978412, 113.0504998820317724, -72.06630386629026930 ) ) ;
#446 = CARTESIAN_POINT ( 'NONE',  ( 1364.668129261347758, 959.2102158284377538, 83.89240075020475729 ) ) ;
#447 = CARTESIAN_POINT ( 'NONE',  ( 790.8112141961706811, 63.26602125305778657, -23.11044384689625275 ) ) ;
#448 = CARTESIAN_POINT ( 'NONE',  ( 1067.839101513489823, 198.5962279139623377, -111.2291655533485653 ) ) ;
#449 = CARTESIAN_POINT ( 'NONE',  ( 1385.190217453377272, 1028.691072427701783, 83.29804381207475217 ) ) ;
#450 = CARTESIAN_POINT ( 'NONE',  ( 896.5915501092346176, 154.7608742697821356, 7.371390368219353562 ) ) ;
#451 = CARTESIAN_POINT ( 'NONE',  ( 675.5965243789534043, 42.95208712506037330, 45.14311262543975545 ) ) ;
#452 = CARTESIAN_POINT ( 'NONE',  ( 892.7196291669332595, 180.2121434675945579, 77.81565873259056332 ) ) ;
#453 = CARTESIAN_POINT ( 'NONE',  ( 1062.365803305481904, 220.7953330795335773, -70.29728183544780507 ) ) ;
#454 = CARTESIAN_POINT ( 'NONE',  ( 993.3793203443907487, 261.4738325523354092, 91.77740260576693743 ) ) ;
#455 = CARTESIAN_POINT ( 'NONE',  ( 1281.435340514368818, 772.5240122735160639, 155.1465415158051258 ) ) ;
#456 = CARTESIAN_POINT ( 'NONE',  ( 1345.525783870533132, 989.3134862843556903, 132.6357192278995853 ) ) ;
#457 = CARTESIAN_POINT ( 'NONE',  ( 1377.349483241260259, 581.1089212626150129, -139.5686122630170303 ) ) ;
#458 = CARTESIAN_POINT ( 'NONE',  ( 1038.273957193260230, 318.4781351280760191, 110.8737034248699018 ) ) ;
#459 = CARTESIAN_POINT ( 'NONE',  ( 787.2486497225651192, 100.8222860686792615, 39.68527649886990361 ) ) ;
#460 = CARTESIAN_POINT ( 'NONE',  ( 1238.820395759959410, 448.2671156737657725, -40.08541258927699147 ) ) ;
#461 = CARTESIAN_POINT ( 'NONE',  ( 905.7554021804562581, 94.72433851913230285, -96.25115275717713814 ) ) ;
#462 = CARTESIAN_POINT ( 'NONE',  ( 579.4800901892223237, -3.999903439062518995, -36.52172081473683107 ) ) ;
#463 = CARTESIAN_POINT ( 'NONE',  ( 1229.062384238258346, 473.6009920897500365, 0.2813472292576507661 ) ) ;
#464 = CARTESIAN_POINT ( 'NONE',  ( 991.2490224534825529, 271.3718689735466683, 93.77301839144547557 ) ) ;
#465 = CARTESIAN_POINT ( 'NONE',  ( 1254.804488310124043, 406.7680998036005917, -105.4547081955988261 ) ) ;
#466 = CARTESIAN_POINT ( 'NONE',  ( 787.9662122734653167, 93.19997176317455967, 15.72603451196686386 ) ) ;
#467 = CARTESIAN_POINT ( 'NONE',  ( 1119.287351188631419, 239.8925154071252166, -128.7915034718618585 ) ) ;
#468 = CARTESIAN_POINT ( 'NONE',  ( 1139.870311071315655, 377.9030482737007901, 1.893001589574880850 ) ) ;
#469 = CARTESIAN_POINT ( 'NONE',  ( 1095.303992825946580, 325.6499017471288084, 33.36811236011629944 ) ) ;
#470 = CARTESIAN_POINT ( 'NONE',  ( 1406.004082235814394, 963.7758179198940525, 32.85850592465465070 ) ) ;
#471 = CARTESIAN_POINT ( 'NONE',  ( 618.2050380734112878, 28.25592769493044543, 43.35832426490352276 ) ) ;
#472 = ORIENTED_EDGE ( 'NONE', *, *, #6309, .T. ) ;
#473 = CARTESIAN_POINT ( 'NONE',  ( 1015.662934989436621, 157.4960105842859832, -111.7444081170987147 ) ) ;
#474 = CARTESIAN_POINT ( 'NONE',  ( 1426.842235914414232, 620.3940417938147220, -168.7824178799700974 ) ) ;
#475 = CARTESIAN_POINT ( 'NONE',  ( 1172.400703900429789, 461.3650397095230460, 77.36047914898659883 ) ) ;
#476 = CARTESIAN_POINT ( 'NONE',  ( 1011.906879925450085, 175.0367527199247490, -75.71142430791024935 ) ) ;
#477 = CARTESIAN_POINT ( 'NONE',  ( 1348.242468687111113, 879.8695492499964530, 95.81127130451896790 ) ) ;
#478 = CARTESIAN_POINT ( 'NONE',  ( 1340.374441970350063, 516.6545639415045343, -138.2987058245132062 ) ) ;
#479 = CARTESIAN_POINT ( 'NONE',  ( 1262.920270597491481, 684.6024131385419196, 106.7164572925255754 ) ) ;
#480 = CARTESIAN_POINT ( 'NONE',  ( 1217.744855644589961, 331.4405467362887521, -135.4851585105305674 ) ) ;
#481 = CARTESIAN_POINT ( 'NONE',  ( 786.9213723831206835, 104.3938748182552274, 73.07802108520648687 ) ) ;
#482 = CARTESIAN_POINT ( 'NONE',  ( 559.9999999999998863, 6.462923214213036616, 27.62913168712134038 ) ) ;
#483 = CARTESIAN_POINT ( 'NONE',  ( 991.5201313766170870, 270.1035003879130727, 89.96526031301775106 ) ) ;
#484 = CARTESIAN_POINT ( 'NONE',  ( 1424.355687097330019, 970.8515337196325845, -4.302099539077683943 ) ) ;
#485 = PRODUCT_RELATED_PRODUCT_CATEGORY ( 'detail', '', ( #2790 ) ) ;
#486 = CARTESIAN_POINT ( 'NONE',  ( 559.9999999999998863, 7.376238145396575518, 29.90881144938115455 ) ) ;
#487 = CARTESIAN_POINT ( 'NONE',  ( 893.8415837946005240, 172.9082658902715366, 79.32271328717095571 ) ) ;
#488 = CARTESIAN_POINT ( 'NONE',  ( 618.2034189077138535, 28.43521929225943978, 48.29373413773426904 ) ) ;
#489 = CARTESIAN_POINT ( 'NONE',  ( 1340.374441970350063, 516.6545639415045343, -138.2987058245132062 ) ) ;
#490 = CARTESIAN_POINT ( 'NONE',  ( 1160.399490478230518, 495.7469967538482365, 134.6837528396334847 ) ) ;
#491 = CARTESIAN_POINT ( 'NONE',  ( 893.8055908975250077, 173.0594849120001015, 53.82965161616471761 ) ) ;
#492 = CARTESIAN_POINT ( 'NONE',  ( 1105.735645116236128, 288.3653675449698994, -33.28189569900593625 ) ) ;
#493 = CARTESIAN_POINT ( 'NONE',  ( 1121.209579443740722, 233.0332666290512975, -135.4025638092741133 ) ) ;
#494 = CARTESIAN_POINT ( 'NONE',  ( 1430.618909185364146, 926.3856614164710663, -30.94351017207291932 ) ) ;
#495 = CARTESIAN_POINT ( 'NONE',  ( 1462.723336838201249, 914.1902148972443456, -75.00709186276264973 ) ) ;
#496 = DIRECTION ( 'NONE',  ( 1.000000000000000000, -0.000000000000000000, 0.000000000000000000 ) ) ;
#497 = CARTESIAN_POINT ( 'NONE',  ( 1282.027621480292510, 771.3291759330080595, 136.4732382668157697 ) ) ;
#498 = CARTESIAN_POINT ( 'NONE',  ( 1454.425502309537933, 890.2226819836562299, -68.20512311007065875 ) ) ;
#499 = CARTESIAN_POINT ( 'NONE',  ( 1014.102852105566171, 164.7451713885920128, -108.2126237673372202 ) ) ;
#500 = CARTESIAN_POINT ( 'NONE',  ( 1342.754288567648700, 993.6730057715661815, 141.4527672140917218 ) ) ;
#501 = CARTESIAN_POINT ( 'NONE',  ( 1184.133111063921888, 427.7007711698905723, -7.465025774686075088 ) ) ;
#502 = CARTESIAN_POINT ( 'NONE',  ( 1342.199634086464357, 776.2132095830603475, 53.69368107585465566 ) ) ;
#503 = CARTESIAN_POINT ( 'NONE',  ( 1366.953858542253329, 847.9253362201189930, 50.43039166689552388 ) ) ;
#504 = CARTESIAN_POINT ( 'NONE',  ( 579.3279680196727668, 17.02654942794523762, 35.20137407000515850 ) ) ;
#505 = CARTESIAN_POINT ( 'NONE',  ( 905.6374559230106343, 95.53325064602236694, -88.34326383287469753 ) ) ;
#506 = CARTESIAN_POINT ( 'NONE',  ( 1454.187580131999766, 699.0031275795302008, -158.3710491119287269 ) ) ;
#507 = CARTESIAN_POINT ( 'NONE',  ( 1304.051909543591137, 727.3916445157399266, 87.19987199287589874 ) ) ;
#508 = CARTESIAN_POINT ( 'NONE',  ( 848.2830890371520809, 78.10834450463296719, -56.16259249146545329 ) ) ;
#509 = CARTESIAN_POINT ( 'NONE',  ( 1130.698588442846585, 407.1760696364150931, 82.31777828354523763 ) ) ;
#510 = CARTESIAN_POINT ( 'NONE',  ( 943.9618169990092156, 218.6290330459647464, 69.81746845813191271 ) ) ;
#511 = CARTESIAN_POINT ( 'NONE',  ( 1464.591243920402349, 874.7805758456282774, -88.95625069703679344 ) ) ;
#512 = CARTESIAN_POINT ( 'NONE',  ( 1231.770015747789557, 618.4515490919698095, 129.0003989367960457 ) ) ;
#513 = CARTESIAN_POINT ( 'NONE',  ( 991.2490224534825529, 271.3718689735466683, 93.77301839144547557 ) ) ;
#514 = CARTESIAN_POINT ( 'NONE',  ( 1310.868426877329739, 833.8912721787108921, 137.1107653001132007 ) ) ;
#515 = CARTESIAN_POINT ( 'NONE',  ( 1123.945724469471770, 428.6840380435530165, 118.6031801986009668 ) ) ;
#516 = CARTESIAN_POINT ( 'NONE',  ( 1155.166868243288945, 510.7306158026394769, 148.9617483397112778 ) ) ;
#517 = LOCAL_TIME ( 21, 40, 34.00000000000000000, #3995 ) ;
#518 = CARTESIAN_POINT ( 'NONE',  ( 579.4524843211080452, -0.1527601306185923102, -29.52791467133764414 ) ) ;
#519 = CARTESIAN_POINT ( 'NONE',  ( 943.7485805564003840, 219.8507033816085254, 95.29002895832445574 ) ) ;
#520 = CARTESIAN_POINT ( 'NONE',  ( 1343.596319095749095, 887.7891257571823189, 88.85656379778778557 ) ) ;
#521 = CARTESIAN_POINT ( 'NONE',  ( 1430.540635599583993, 855.6417113684216247, -44.71516536775678929 ) ) ;
#522 = CARTESIAN_POINT ( 'NONE',  ( 1267.818282737394611, 372.9711848293388812, -160.6923083082034509 ) ) ;
#523 = CARTESIAN_POINT ( 'NONE',  ( 675.9149568136339212, 35.02291134692747221, -9.927936406448342410 ) ) ;
#524 = CARTESIAN_POINT ( 'NONE',  ( 1452.228800631093463, 821.5356549297551965, -102.6498682135210743 ) ) ;
#525 = CARTESIAN_POINT ( 'NONE',  ( 560.0000000000002274, -3.047487078016775097, -1.652259121651748153 ) ) ;
#526 = CARTESIAN_POINT ( 'NONE',  ( 675.3075937282975474, 49.70109189374623782, 48.66755800531109344 ) ) ;
#527 = CARTESIAN_POINT ( 'NONE',  ( 1411.337414331247373, 648.9387141528237635, -128.0346351774019524 ) ) ;
#528 = CARTESIAN_POINT ( 'NONE',  ( 1466.151171088318051, 909.1279916276972699, -80.37715223936454834 ) ) ;
#529 = CARTESIAN_POINT ( 'NONE',  ( 1035.458670820796215, 329.8833300934577437, 125.0768814542208816 ) ) ;
#530 = CARTESIAN_POINT ( 'NONE',  ( 1049.577358067063642, 272.5745310454584001, -6.210543488867815931 ) ) ;
#531 = CARTESIAN_POINT ( 'NONE',  ( 1224.195226330680271, 486.2370108864792542, 20.48709941531299350 ) ) ;
#532 = CARTESIAN_POINT ( 'NONE',  ( 1413.043837284694519, 987.5568657645627582, 29.35055519530387613 ) ) ;
#533 = CARTESIAN_POINT ( 'NONE',  ( 1036.678989578832898, 324.9168242893805427, 107.4553307579693353 ) ) ;
#534 = CARTESIAN_POINT ( 'NONE',  ( 579.5131988046479137, -8.648941367048456286, -38.55945649268841890 ) ) ;
#535 = CARTESIAN_POINT ( 'NONE',  ( 1469.096454134509031, 904.7783996451355506, -83.89923877316688561 ) ) ;
#536 = CARTESIAN_POINT ( 'NONE',  ( 954.8366267152927094, 159.1665283506173409, -56.32715996337324782 ) ) ;
#537 = CARTESIAN_POINT ( 'NONE',  ( 1300.358967704690485, 734.7610203496948316, 98.09737024585534471 ) ) ;
#538 = CARTESIAN_POINT ( 'NONE',  ( 618.7072485784246965, -0.7520653134136254803, -32.20113465160574862 ) ) ;
#539 = CARTESIAN_POINT ( 'NONE',  ( 1324.053693737822641, 809.6183534670014978, 102.0508487798480246 ) ) ;
#540 = CARTESIAN_POINT ( 'NONE',  ( 1288.708350677399267, 757.9935374610483905, 113.2929318083068466 ) ) ;
#541 = CARTESIAN_POINT ( 'NONE',  ( 579.5109245229291446, -8.342294332316958716, -35.78182399368736100 ) ) ;
#542 = CARTESIAN_POINT ( 'NONE',  ( 1084.303546956279206, 364.9591201081290706, 102.5888161542718251 ) ) ;
#543 = CARTESIAN_POINT ( 'NONE',  ( 579.3279246637230244, 17.03931979060894619, 33.95587852915744520 ) ) ;
#544 = CARTESIAN_POINT ( 'NONE',  ( 1231.770015747789557, 618.4515490919698095, 129.0003989367960457 ) ) ;
#545 = CARTESIAN_POINT ( 'NONE',  ( 992.6006093042340126, 265.1050100119605872, 98.86412677928879589 ) ) ;
#546 = CARTESIAN_POINT ( 'NONE',  ( 1118.002870308951287, 447.6065263305529243, 143.1798659533025386 ) ) ;
#547 = CARTESIAN_POINT ( 'NONE',  ( 579.4482751836488887, 0.4344012082188208890, -28.31194879434050549 ) ) ;
#548 = CARTESIAN_POINT ( 'NONE',  ( 1195.280924957567322, 561.2993212599200206, 141.4520819671893435 ) ) ;
#549 = CARTESIAN_POINT ( 'NONE',  ( 579.3310327606887995, 16.63838083750957608, 27.23384858009949738 ) ) ;
#550 = CARTESIAN_POINT ( 'NONE',  ( 1243.713016721242866, 435.5646732946803468, -60.24069484709291089 ) ) ;
#551 = CARTESIAN_POINT ( 'NONE',  ( 1068.826688139716680, 194.5643671032271129, -125.2560983924904150 ) ) ;
#552 = CARTESIAN_POINT ( 'NONE',  ( 1188.309015921928676, 415.7363940465309611, -26.47610301477763883 ) ) ;
#553 = CARTESIAN_POINT ( 'NONE',  ( 734.0543704573449304, 39.10915629873174026, -48.20125374883088654 ) ) ;
#554 = CARTESIAN_POINT ( 'NONE',  ( 899.9431963830039649, 132.9067533462732911, -4.928085670212352554 ) ) ;
#555 = CARTESIAN_POINT ( 'NONE',  ( 786.7473544028795231, 106.1805329278858920, 63.28808534758806559 ) ) ;
#556 = CARTESIAN_POINT ( 'NONE',  ( 1257.270689524440513, 400.3653835304048698, -115.4047295266148012 ) ) ;
#557 = CARTESIAN_POINT ( 'NONE',  ( 949.2028099650824515, 189.9506266628493165, 1.434647586978608835 ) ) ;
#558 = CARTESIAN_POINT ( 'NONE',  ( 1465.541358971859609, 800.6063595753309983, -127.0393101549486516 ) ) ;
#559 = CARTESIAN_POINT ( 'NONE',  ( 840.2739440503771675, 143.2224236930198344, 85.97731815161655788 ) ) ;
#560 = CARTESIAN_POINT ( 'NONE',  ( 618.2996557851728312, 22.36898591241950740, 7.198232007504782537 ) ) ;
#561 = CARTESIAN_POINT ( 'NONE',  ( 1001.148456337621838, 225.2385473349919494, 22.82774987204834360 ) ) ;
#562 = CARTESIAN_POINT ( 'NONE',  ( 844.4557711400492508, 109.2556606998638671, 17.39339998325299774 ) ) ;
#563 = CARTESIAN_POINT ( 'NONE',  ( 1298.866835316057632, 855.9798138527597757, 158.5559858604935073 ) ) ;
#564 = CARTESIAN_POINT ( 'NONE',  ( 560.0000000000000000, 9.868276472897816731, 14.05903211813738984 ) ) ;
#565 = CARTESIAN_POINT ( 'NONE',  ( 1121.144865506319093, 233.2737352121503989, -132.5232452725734618 ) ) ;
#566 = CARTESIAN_POINT ( 'NONE',  ( 1069.021750294877165, 193.7758103817223798, -125.7692090442411370 ) ) ;
#567 = CARTESIAN_POINT ( 'NONE',  ( 579.4270918772701862, 3.380338528135651721, -21.72748066418725799 ) ) ;
#568 = CARTESIAN_POINT ( 'NONE',  ( 1174.437720451046289, 455.5289895653024814, 67.75391415197547929 ) ) ;
#569 = CARTESIAN_POINT ( 'NONE',  ( 1395.128045052717198, 980.2966633132217567, 55.76004825109078666 ) ) ;
#570 = CARTESIAN_POINT ( 'NONE',  ( 1290.384941598416844, 754.6469955977977406, 107.6219363347383791 ) ) ;
#571 = CARTESIAN_POINT ( 'NONE',  ( 1348.225108216648550, 499.6495851962051233, -149.4101461154329797 ) ) ;
#572 = CARTESIAN_POINT ( 'NONE',  ( 1340.315696636698931, 893.4023049985794387, 115.1227007771195048 ) ) ;
#573 = CARTESIAN_POINT ( 'NONE',  ( 1351.526317045999576, 979.8766600312881110, 116.9300214864267815 ) ) ;
#574 = PERSON_AND_ORGANIZATION_ROLE ( 'design_supplier' ) ;
#575 = CARTESIAN_POINT ( 'NONE',  ( 894.1856234789530617, 170.6542669895699191, 74.82489516462302959 ) ) ;
#576 = CARTESIAN_POINT ( 'NONE',  ( 1197.376311288606075, 555.8596503891087650, 131.7364602793590223 ) ) ;
#577 = CARTESIAN_POINT ( 'NONE',  ( 618.2049574438162836, 28.35933067615228254, 48.89603469038553385 ) ) ;
#578 = CARTESIAN_POINT ( 'NONE',  ( 1250.128999799733492, 418.8729401816409563, -105.8999198777323443 ) ) ;
#579 = CARTESIAN_POINT ( 'NONE',  ( 1282.329774501320117, 770.7391204184391427, 152.4089721485986786 ) ) ;
#580 = CARTESIAN_POINT ( 'NONE',  ( 992.5711666457639240, 265.1889837129156717, 76.30823523212860948 ) ) ;
#581 = CARTESIAN_POINT ( 'NONE',  ( 579.4766941981780519, -3.637487440917370751, -17.04432753700442049 ) ) ;
#582 = CARTESIAN_POINT ( 'NONE',  ( 1392.716210198278077, 550.4540651553428461, -173.0676028336824572 ) ) ;
#583 = CARTESIAN_POINT ( 'NONE',  ( 618.3652848617344944, 18.52124794452309686, -5.345926578121454220 ) ) ;
#584 = CARTESIAN_POINT ( 'NONE',  ( 1455.280055895943178, 888.9246782239204094, -77.71212140593021900 ) ) ;
#585 = CARTESIAN_POINT ( 'NONE',  ( 1409.936163429315002, 888.0389823368055886, 0.1346629626864689622 ) ) ;
#586 = CARTESIAN_POINT ( 'NONE',  ( 1303.866452068568606, 846.7731950266108925, 142.4267164628570868 ) ) ;
#587 = CARTESIAN_POINT ( 'NONE',  ( 1461.770697372639688, 806.5392129028547288, -111.7080677370294666 ) ) ;
#588 = CARTESIAN_POINT ( 'NONE',  ( 1096.627809243171896, 320.8469243697397815, -6.674171418800431965 ) ) ;
#589 = CARTESIAN_POINT ( 'NONE',  ( 1306.554976337065000, 441.4355258622841802, -153.1908163824157327 ) ) ;
#590 = CARTESIAN_POINT ( 'NONE',  ( 1296.254331981164569, 860.7920660901221481, 169.0443719676352998 ) ) ;
#591 = CARTESIAN_POINT ( 'NONE',  ( 1178.034482215853586, 445.1755807991282836, 21.37973023425379182 ) ) ;
#592 = CARTESIAN_POINT ( 'NONE',  ( 1263.947694239257544, 542.2957784918694415, 10.65664057649932239 ) ) ;
#593 = CARTESIAN_POINT ( 'NONE',  ( 560.0000000000006821, 0.1954448808100108792, 9.565955593817450975 ) ) ;
#594 = CARTESIAN_POINT ( 'NONE',  ( 675.2918697658384417, 50.11591355887809840, 53.94932630021853726 ) ) ;
#595 = CARTESIAN_POINT ( 'NONE',  ( 1427.387943984604590, 966.3734988282160430, 0.1514668213138629649 ) ) ;
#596 = CARTESIAN_POINT ( 'NONE',  ( 1475.378108907695378, 785.1436850292109284, -141.3302283641164081 ) ) ;
#597 = CARTESIAN_POINT ( 'NONE',  ( 1392.902582103656414, 550.0827070491103541, -173.1916355123851474 ) ) ;
#598 = CARTESIAN_POINT ( 'NONE',  ( 1440.469370810036253, 947.0548566644764605, -35.40466795807034828 ) ) ;
#599 = CARTESIAN_POINT ( 'NONE',  ( 618.4300478004414572, 15.51884831173315860, 21.13313326989797503 ) ) ;
#600 = CARTESIAN_POINT ( 'NONE',  ( 618.7217234019014995, -1.616280017673748848, -35.35569403315187031 ) ) ;
#601 = CARTESIAN_POINT ( 'NONE',  ( 1330.103826245083610, 798.4805891068358505, 85.93231388376216273 ) ) ;
#602 = CARTESIAN_POINT ( 'NONE',  ( 1358.960148821084886, 968.1862352030797183, 97.94451766251071945 ) ) ;
#603 = CARTESIAN_POINT ( 'NONE',  ( 677.0074970311218294, 9.216299352779230958, -52.13262294355028104 ) ) ;
#604 = CARTESIAN_POINT ( 'NONE',  ( 559.9999999999992042, 5.376732809906441091, 24.81553438243027898 ) ) ;
#605 = CARTESIAN_POINT ( 'NONE',  ( 942.8703771117011456, 224.6152635658683039, 89.07184216931580067 ) ) ;
#606 = CARTESIAN_POINT ( 'NONE',  ( 994.3053647829236752, 257.1559486190702160, 83.87099901203090724 ) ) ;
#607 = CARTESIAN_POINT ( 'NONE',  ( 1168.165280848050998, 287.7917033218240590, -132.4948461811956690 ) ) ;
#608 = CARTESIAN_POINT ( 'NONE',  ( 618.2913291334215273, 23.47983190281570032, 41.78428992122326946 ) ) ;
#609 = CARTESIAN_POINT ( 'NONE',  ( 618.2072111170165272, 28.23837829355171891, 49.21348028086995186 ) ) ;
#610 = CARTESIAN_POINT ( 'NONE',  ( 1401.418117622843283, 667.1853486046616126, -117.4535423983830498 ) ) ;
#611 = CARTESIAN_POINT ( 'NONE',  ( 1330.909455377811582, 909.4611985829941432, 138.5824641348363002 ) ) ;
#612 = CARTESIAN_POINT ( 'NONE',  ( 1200.839633174049823, 546.8376126305652178, 94.81009081677231620 ) ) ;
#613 = CARTESIAN_POINT ( 'NONE',  ( 1109.520447895779171, 274.8368344818405831, -57.36946754022713435 ) ) ;
#614 = CARTESIAN_POINT ( 'NONE',  ( 792.3144072895701129, 47.26146766742520811, -75.50584105956635028 ) ) ;
#615 = CARTESIAN_POINT ( 'NONE',  ( 1273.551018363576986, 519.5321073577216566, -49.52012891762314695 ) ) ;
#616 = CARTESIAN_POINT ( 'NONE',  ( 1412.856028921894904, 769.5619767733190884, -60.21930925291095349 ) ) ;
#617 = CARTESIAN_POINT ( 'NONE',  ( 1110.264864988333557, 272.1187003116504002, -85.25345190439396958 ) ) ;
#618 = CARTESIAN_POINT ( 'NONE',  ( 942.8703771117011456, 224.6152635658683039, 89.07184216931580067 ) ) ;
#619 = CARTESIAN_POINT ( 'NONE',  ( 1117.144807596794863, 247.5823454688569711, -105.5231351352621374 ) ) ;
#620 = CARTESIAN_POINT ( 'NONE',  ( 1184.133111063921888, 427.7007711698905723, -7.465025774686075088 ) ) ;
#621 = CARTESIAN_POINT ( 'NONE',  ( 1065.973204296012909, 206.1216431207885762, -111.8518290254812939 ) ) ;
#622 = CARTESIAN_POINT ( 'NONE',  ( 1156.056358755062320, 508.1858554972146180, 150.3085977716436048 ) ) ;
#623 = CARTESIAN_POINT ( 'NONE',  ( 1283.227936578561184, 640.5599773596447903, 34.73631322899019125 ) ) ;
#624 = CARTESIAN_POINT ( 'NONE',  ( 1415.323385683306924, 949.6196326585179577, 13.21832648966812229 ) ) ;
#625 = CARTESIAN_POINT ( 'NONE',  ( 1346.909844965765842, 767.5421312910181086, 41.16533212368354100 ) ) ;
#626 = CARTESIAN_POINT ( 'NONE',  ( 1078.743174436760000, 384.8100635559734428, 126.1940774489605843 ) ) ;
#627 = CARTESIAN_POINT ( 'NONE',  ( 1424.355687097330019, 970.8515337196325845, -4.302099539077683943 ) ) ;
#628 = CARTESIAN_POINT ( 'NONE',  ( 560.0000000000000000, -10.54640245561465939, -35.85439834331982922 ) ) ;
#629 = CARTESIAN_POINT ( 'NONE',  ( 579.5052618885458742, -7.514419835523282742, -40.89938807614876737 ) ) ;
#630 = CARTESIAN_POINT ( 'NONE',  ( 579.3935398328892461, 8.037068891412801008, -9.524622023795810577 ) ) ;
#631 = CARTESIAN_POINT ( 'NONE',  ( 1133.209079269506901, 399.1796212545694971, 68.73810524701370639 ) ) ;
#632 = CARTESIAN_POINT ( 'NONE',  ( 1165.739458448798587, 295.5460919669157533, -108.0455142685573122 ) ) ;
#633 = CARTESIAN_POINT ( 'NONE',  ( 675.8292710495344409, 37.43011592651666319, 31.75274326727661744 ) ) ;
#634 = CARTESIAN_POINT ( 'NONE',  ( 1015.473570589531960, 158.3840679591583864, -109.1755087055997393 ) ) ;
#635 = CARTESIAN_POINT ( 'NONE',  ( 1363.124349598699837, 961.6447771279902099, 102.8342136472249848 ) ) ;
#636 = CARTESIAN_POINT ( 'NONE',  ( 1390.323373992425104, 1021.110430371470216, 68.97339057643871740 ) ) ;
#637 = CARTESIAN_POINT ( 'NONE',  ( 1100.847166437179567, 305.8381036883944830, -2.096364817964720295 ) ) ;
#638 = CARTESIAN_POINT ( 'NONE',  ( 1126.657351920011934, 420.0476832673120384, 104.1561909161806199 ) ) ;
#639 = CARTESIAN_POINT ( 'NONE',  ( 848.3513688415600882, 77.46267258343704043, -75.70632756690794452 ) ) ;
#640 = CARTESIAN_POINT ( 'NONE',  ( 1396.241989944356192, 978.6048766013657314, 40.73025214109411252 ) ) ;
#641 = CARTESIAN_POINT ( 'NONE',  ( 1035.365244479411103, 330.2611274983472640, 125.0770592325385024 ) ) ;
#642 = CARTESIAN_POINT ( 'NONE',  ( 1455.703342092810999, 924.5573383224798363, -63.07833366333088776 ) ) ;
#643 = CARTESIAN_POINT ( 'NONE',  ( 1392.260717221413188, 1018.249363219657198, 71.81987848254885876 ) ) ;
#644 = CARTESIAN_POINT ( 'NONE',  ( 992.8795221020081954, 263.7478078509064403, 72.49308033274161289 ) ) ;
#645 = CARTESIAN_POINT ( 'NONE',  ( 1167.312728800230389, 290.5330522837219291, -116.5378725877970965 ) ) ;
#646 = CARTESIAN_POINT ( 'NONE',  ( 1060.097211589484914, 229.9960638705162239, -53.18612930047056864 ) ) ;
#647 = CARTESIAN_POINT ( 'NONE',  ( 961.0374294784162430, 125.3183314467158027, -105.6431019643676876 ) ) ;
#648 = CARTESIAN_POINT ( 'NONE',  ( 1437.095581244355571, 916.5474386002489382, -43.60267410963323442 ) ) ;
#649 = CARTESIAN_POINT ( 'NONE',  ( 1284.047246164227772, 494.7237547438064098, -62.77552430830667163 ) ) ;
#650 = CARTESIAN_POINT ( 'NONE',  ( 1365.056975709029530, 605.6346682692635568, -108.8894772996601574 ) ) ;
#651 = CARTESIAN_POINT ( 'NONE',  ( 618.2549985895645932, 25.53783783153469500, 46.46357046560832771 ) ) ;
#652 = CARTESIAN_POINT ( 'NONE',  ( 1351.526317045999576, 979.8766600312881110, 116.9300214864267815 ) ) ;
#653 = CARTESIAN_POINT ( 'NONE',  ( 1264.657882396074683, 540.5790428086189650, -18.56383167713060800 ) ) ;
#654 = CARTESIAN_POINT ( 'NONE',  ( 1304.843767025234683, 445.4845593456453798, -148.5023881327938113 ) ) ;
#655 = CARTESIAN_POINT ( 'NONE',  ( 840.5637080517743698, 140.8743760435078798, 83.83154146741630086 ) ) ;
#656 = CARTESIAN_POINT ( 'NONE',  ( 1046.454956520952237, 285.2370646273043349, 17.54220098673793515 ) ) ;
#657 = CARTESIAN_POINT ( 'NONE',  ( 1379.425160621379973, 826.6343006386656498, 20.17481227363812124 ) ) ;
#658 = CARTESIAN_POINT ( 'NONE',  ( 676.1927329302044427, 28.77006613889563980, 8.241907200914385001 ) ) ;
#659 = CARTESIAN_POINT ( 'NONE',  ( 560.0000000000000000, 11.45545605573589754, 35.06055792197393828 ) ) ;
#660 = CARTESIAN_POINT ( 'NONE',  ( 1465.523571160151278, 910.0548307711619600, -76.12106683399467499 ) ) ;
#661 = CARTESIAN_POINT ( 'NONE',  ( 1311.385175476343420, 430.0168210219792968, -161.1397800727855554 ) ) ;
#662 = CARTESIAN_POINT ( 'NONE',  ( 1312.298338435245341, 427.8502241625660645, -167.0773778097964168 ) ) ;
#663 = CARTESIAN_POINT ( 'NONE',  ( 579.4067162396800086, 6.209677236762130015, -14.61235253256381839 ) ) ;
#664 = CARTESIAN_POINT ( 'NONE',  ( 1379.157817393152754, 936.4338671378443451, 67.61165695498480943 ) ) ;
#665 = CARTESIAN_POINT ( 'NONE',  ( 896.0956723887303497, 158.1381218184677095, 49.41003070639808925 ) ) ;
#666 = CARTESIAN_POINT ( 'NONE',  ( 1466.077938198599441, 872.5221291732369764, -91.96959635760293850 ) ) ;
#667 = CARTESIAN_POINT ( 'NONE',  ( 1386.087129253641706, 994.0299067680165308, 74.83149819932822311 ) ) ;
#668 = CARTESIAN_POINT ( 'NONE',  ( 1229.873461526683059, 471.4952724643202373, -3.086542074350414389 ) ) ;
#669 = CARTESIAN_POINT ( 'NONE',  ( 732.1542873672262886, 67.54472231801896953, 51.18624555100829809 ) ) ;
#670 = CARTESIAN_POINT ( 'NONE',  ( 1013.244359747604449, 168.7453113186949452, -103.1260934228215120 ) ) ;
#671 = CARTESIAN_POINT ( 'NONE',  ( 787.3597415182597388, 99.63989197473368620, 35.50468977506009338 ) ) ;
#672 = CARTESIAN_POINT ( 'NONE',  ( 1219.981339323260045, 646.3477243353274844, 165.8380637613429940 ) ) ;
#673 = CARTESIAN_POINT ( 'NONE',  ( 1399.221286001637736, 671.2289714605923336, -112.3975408290668838 ) ) ;
#674 = CARTESIAN_POINT ( 'NONE',  ( 1196.811072283058820, 557.3269757066896091, 134.2181237500452937 ) ) ;
#675 = CARTESIAN_POINT ( 'NONE',  ( 675.3821289412594524, 47.83480746458259603, 34.45941089080525188 ) ) ;
#676 = CARTESIAN_POINT ( 'NONE',  ( 1462.250611666198893, 914.8883351070330718, -69.77352336923101461 ) ) ;
#677 = CARTESIAN_POINT ( 'NONE',  ( 579.4825380049295518, -4.442560694765187002, -20.09228431926594993 ) ) ;
#678 = CARTESIAN_POINT ( 'NONE',  ( 1472.611346893590053, 789.4920158873741229, -138.7506307928123306 ) ) ;
#679 = CARTESIAN_POINT ( 'NONE',  ( 676.0319846435488671, 32.23219952859575699, -17.11512271575403688 ) ) ;
#680 = CARTESIAN_POINT ( 'NONE',  ( 618.6629522949147031, 1.882608364556404901, -22.71545572622766684 ) ) ;
#681 = CARTESIAN_POINT ( 'NONE',  ( 1332.977227426195896, 532.6910937681908536, -118.0969377016350279 ) ) ;
#682 = CARTESIAN_POINT ( 'NONE',  ( 1253.178465445192842, 705.7465982887335940, 159.6534286873458086 ) ) ;
#683 = CARTESIAN_POINT ( 'NONE',  ( 1192.677510485108087, 568.0405590987181768, 137.0093171688884581 ) ) ;
#684 = CARTESIAN_POINT ( 'NONE',  ( 1221.801313789983169, 492.4072297936260725, 2.191968961651333370 ) ) ;
#685 = CARTESIAN_POINT ( 'NONE',  ( 959.1406179414998405, 135.6681435674196337, -93.02497747349714530 ) ) ;
#686 = CARTESIAN_POINT ( 'NONE',  ( 1078.821257366383179, 384.5442263344127127, 133.0603244479037244 ) ) ;
#687 = CARTESIAN_POINT ( 'NONE',  ( 675.5606989615042721, 43.50472585571147732, 15.68226078067247187 ) ) ;
#688 = CARTESIAN_POINT ( 'NONE',  ( 789.5424397210186953, 76.70137128872590893, 10.72275646543840821 ) ) ;
#689 = CARTESIAN_POINT ( 'NONE',  ( 1300.114705414863238, 853.6819495740589900, 154.6855470882139798 ) ) ;
#690 = CARTESIAN_POINT ( 'NONE',  ( 1461.238070633249436, 916.3836550100260183, -72.54113853051802607 ) ) ;
#691 = CARTESIAN_POINT ( 'NONE',  ( 905.7866411843145897, 94.52159510788278851, -96.19316294439190074 ) ) ;
#692 = CARTESIAN_POINT ( 'NONE',  ( 1234.328287600100793, 459.8865378576215335, -47.63770891381078343 ) ) ;
#693 = CARTESIAN_POINT ( 'NONE',  ( 1334.137594732907246, 791.0547730889726381, 75.18952120623170288 ) ) ;
#694 = CARTESIAN_POINT ( 'NONE',  ( 1258.518194837316969, 397.1266998974392095, -120.4407608812656179 ) ) ;
#695 = CARTESIAN_POINT ( 'NONE',  ( 788.5041866887585229, 87.68374069837247475, 37.12837562658290835 ) ) ;
#696 = CARTESIAN_POINT ( 'NONE',  ( 579.5134474341280111, -8.686737965951067508, -37.77942241937998347 ) ) ;
#697 = CARTESIAN_POINT ( 'NONE',  ( 1127.350216191071695, 417.8409631019887911, 100.4080612820249740 ) ) ;
#698 = CARTESIAN_POINT ( 'NONE',  ( 1385.043904205624131, 995.6145779533388804, 77.02023760209910108 ) ) ;
#699 = CARTESIAN_POINT ( 'NONE',  ( 1463.115623406835766, 804.4197862606907847, -122.7094913656844000 ) ) ;
#700 = CARTESIAN_POINT ( 'NONE',  ( 1133.343993391293907, 398.6964008323220696, 38.46000646515258836 ) ) ;
#701 = CARTESIAN_POINT ( 'NONE',  ( 1421.548691285301402, 940.1632779841182810, 0.1458441426865051960 ) ) ;
#702 = CARTESIAN_POINT ( 'NONE',  ( 1219.695527548050222, 647.0231838934497546, 165.4597518746346623 ) ) ;
#703 = CARTESIAN_POINT ( 'NONE',  ( 1290.444756338441721, 479.5542418388488954, -105.1277067921851511 ) ) ;
#704 = CARTESIAN_POINT ( 'NONE',  ( 1227.744772408097560, 627.9781950464382589, 144.5644166624963702 ) ) ;
#705 = CARTESIAN_POINT ( 'NONE',  ( 786.8833008907437261, 104.7219390663512399, 55.67745260466160317 ) ) ;
#706 = CARTESIAN_POINT ( 'NONE',  ( 1304.209842981875454, 447.0020970434235323, -135.1065397527200673 ) ) ;
#707 = CARTESIAN_POINT ( 'NONE',  ( 1111.753879316927168, 266.8534251270176014, -71.51739286677863561 ) ) ;
#708 = CARTESIAN_POINT ( 'NONE',  ( 1310.035615425896822, 433.2014720368557050, -162.1832354934295211 ) ) ;
#709 = CARTESIAN_POINT ( 'NONE',  ( 899.6888417754906868, 134.4491399606799860, -34.55214365204205507 ) ) ;
#710 = CARTESIAN_POINT ( 'NONE',  ( 1416.363150191453769, 763.5748025551685032, -68.56693829263096518 ) ) ;
#711 = CARTESIAN_POINT ( 'NONE',  ( 956.3533438380188727, 150.8837693823857933, -70.08749208560867316 ) ) ;
#712 = CARTESIAN_POINT ( 'NONE',  ( 1350.779082897813169, 981.0569176713901243, 130.5755536149837326 ) ) ;
#713 = CARTESIAN_POINT ( 'NONE',  ( 892.4460999610666931, 182.0194697129618930, 85.66110070248494424 ) ) ;
#714 = CARTESIAN_POINT ( 'NONE',  ( 1065.668075957599513, 207.3578297397482686, -110.2428590698720825 ) ) ;
#715 = CARTESIAN_POINT ( 'NONE',  ( 1078.451018612633789, 385.8659545096488159, 134.1289172131165230 ) ) ;
#716 = CARTESIAN_POINT ( 'NONE',  ( 1309.703762002539861, 716.0896794479549499, 46.03531708085358787 ) ) ;
#717 = CARTESIAN_POINT ( 'NONE',  ( 1358.336023400945578, 746.5074576953900305, 10.72389694215340228 ) ) ;
#718 = CARTESIAN_POINT ( 'NONE',  ( 1162.082876269761073, 490.8963074248416660, 105.4432890415199466 ) ) ;
#719 = CARTESIAN_POINT ( 'NONE',  ( 1209.066753266781461, 356.3067317907234610, -95.57754521987830287 ) ) ;
#720 = CARTESIAN_POINT ( 'NONE',  ( 1346.673331512842879, 503.0141235325478419, -144.6011795609267381 ) ) ;
#721 = CARTESIAN_POINT ( 'NONE',  ( 676.8827188100450485, 12.05456035912522061, -56.03411338623260463 ) ) ;
#722 = CARTESIAN_POINT ( 'NONE',  ( 1103.612889243831432, 295.8848997481551351, -48.49210087172817651 ) ) ;
#723 = CC_DESIGN_APPROVAL ( #5175, ( #759 ) ) ;
#724 = CARTESIAN_POINT ( 'NONE',  ( 618.4577274477029505, 13.91577048915836201, 16.48107757912341853 ) ) ;
#725 = CARTESIAN_POINT ( 'NONE',  ( 676.9151944351735892, 11.44191273988534974, -44.91739156343549411 ) ) ;
#726 = CARTESIAN_POINT ( 'NONE',  ( 1278.695216914636603, 650.4177987603419524, 75.64780215314587508 ) ) ;
#727 = CARTESIAN_POINT ( 'NONE',  ( 1387.773786316410224, 560.3216277282109559, -156.2162261742986118 ) ) ;
#728 = CARTESIAN_POINT ( 'NONE',  ( 942.1184924610028020, 228.7456163413247054, 104.7000726529384593 ) ) ;
#729 = CARTESIAN_POINT ( 'NONE',  ( 1320.020264935101295, 817.0435518843586351, 112.8082116392159548 ) ) ;
#730 = PERSON_AND_ORGANIZATION ( #6180, #1047 ) ;
#731 = CARTESIAN_POINT ( 'NONE',  ( 952.9190798412266759, 169.7433479284993041, -5.623188281655983722 ) ) ;
#732 = CARTESIAN_POINT ( 'NONE',  ( 559.9999999999998863, 6.462923214213036616, 27.62913168712134038 ) ) ;
#733 = CARTESIAN_POINT ( 'NONE',  ( 958.5904440934551758, 138.6703146487836307, -88.81664309437783800 ) ) ;
#734 = CARTESIAN_POINT ( 'NONE',  ( 1242.014238527795214, 594.1754509368408890, 65.94519257205948293 ) ) ;
#735 = CARTESIAN_POINT ( 'NONE',  ( 1337.320514167654892, 661.0024713893834587, -10.88371238167415456 ) ) ;
#736 = CARTESIAN_POINT ( 'NONE',  ( 560.0000000000010232, -9.623573865514334358, -27.39520239912035393 ) ) ;
#737 = CARTESIAN_POINT ( 'NONE',  ( 892.2197504645108665, 183.5260044905301413, 95.78132393877906736 ) ) ;
#738 = CARTESIAN_POINT ( 'NONE',  ( 1448.603938031750886, 899.0658815377514657, -65.46606493698665474 ) ) ;
#739 = CARTESIAN_POINT ( 'NONE',  ( 944.1662128494331228, 217.5709334884328143, 90.52166145019006649 ) ) ;
#740 = CARTESIAN_POINT ( 'NONE',  ( 1161.215615988875925, 493.3829902821559585, 110.5739625235042922 ) ) ;
#741 = CARTESIAN_POINT ( 'NONE',  ( 1464.874367453767945, 801.6587825132912712, -118.2830008064689906 ) ) ;
#742 = CARTESIAN_POINT ( 'NONE',  ( 902.6606961987631621, 115.0760300434590562, -44.35729177884227425 ) ) ;
#743 = CARTESIAN_POINT ( 'NONE',  ( 560.0000000000002274, -8.131382970931223753, -34.99513877724101718 ) ) ;
#744 = CARTESIAN_POINT ( 'NONE',  ( 845.2047993233545640, 103.0105470828826810, -30.95450930553311508 ) ) ;
#745 = CARTESIAN_POINT ( 'NONE',  ( 1355.925074292230647, 623.8762574628220818, -65.16121411242373540 ) ) ;
#746 = CARTESIAN_POINT ( 'NONE',  ( 1428.233807560791547, 743.2995701115211205, -110.2520306784481363 ) ) ;
#747 = CARTESIAN_POINT ( 'NONE',  ( 1324.700920616804069, 920.0602880616313541, 152.0438855937456992 ) ) ;
#748 = CARTESIAN_POINT ( 'NONE',  ( 1253.012932737532537, 706.0937144525337317, 146.1039540257753799 ) ) ;
#749 = CARTESIAN_POINT ( 'NONE',  ( 1165.254368058871250, 297.0590546255145341, -120.8506621017832003 ) ) ;
#750 = CARTESIAN_POINT ( 'NONE',  ( 942.7781172435828694, 225.1467784370256595, 102.9293215026552133 ) ) ;
#751 = CARTESIAN_POINT ( 'NONE',  ( 1247.508219625150787, 581.1703271709241108, 44.52209273962274949 ) ) ;
#752 = CARTESIAN_POINT ( 'NONE',  ( 845.2239902412875381, 103.0069030404771269, 2.907033150475408778 ) ) ;
#753 = CARTESIAN_POINT ( 'NONE',  ( 1258.503261955689823, 694.1833484547398712, 123.7142222084622887 ) ) ;
#754 = CARTESIAN_POINT ( 'NONE',  ( 1398.996850067263267, 671.6550965184824236, -96.18451537543752750 ) ) ;
#755 = CARTESIAN_POINT ( 'NONE',  ( 1465.858342027009485, 800.1119546872669162, -120.3505636564888590 ) ) ;
#756 = CARTESIAN_POINT ( 'NONE',  ( 1452.838884300824702, 701.3026913449944004, -157.9684913723148156 ) ) ;
#757 = CARTESIAN_POINT ( 'NONE',  ( 1143.251416796577132, 367.1321044711042987, -16.15081755744595782 ) ) ;
#758 = CARTESIAN_POINT ( 'NONE',  ( 896.9692058879716114, 152.4117226459537164, 37.39094675939259105 ) ) ;
#759 = PRODUCT_DEFINITION ( 'UNKNOWN', '', #5692, #2108 ) ;
#760 = CARTESIAN_POINT ( 'NONE',  ( 1307.747375877404238, 720.0172136380036818, 76.30025662298756117 ) ) ;
#761 = CARTESIAN_POINT ( 'NONE',  ( 1119.436986977930928, 239.3892352337820739, -119.6935178426113850 ) ) ;
#762 = CARTESIAN_POINT ( 'NONE',  ( 1171.361289766561868, 277.6290273207221162, -139.1372039076327098 ) ) ;
#763 = CARTESIAN_POINT ( 'NONE',  ( 1297.689734900702433, 858.1474445310968804, 162.3089930456939385 ) ) ;
#764 = CARTESIAN_POINT ( 'NONE',  ( 1128.180553761427745, 415.1963041910739776, 95.90385930604193732 ) ) ;
#765 = CARTESIAN_POINT ( 'NONE',  ( 1305.012922891142807, 593.3505657713058099, -10.72849137877331138 ) ) ;
#766 = CARTESIAN_POINT ( 'NONE',  ( 1265.551609023911396, 678.9176606301523407, 118.8288582524599235 ) ) ;
#767 = CARTESIAN_POINT ( 'NONE',  ( 848.2256577382290743, 78.48173343882669428, -74.24093481812094808 ) ) ;
#768 = CARTESIAN_POINT ( 'NONE',  ( 1172.144924373040340, 462.0534390734168824, 50.61394359657922593 ) ) ;
#769 = CARTESIAN_POINT ( 'NONE',  ( 579.4567635614149594, -0.8877095744222419649, -7.054418182604331733 ) ) ;
#770 = CARTESIAN_POINT ( 'NONE',  ( 1215.795283544605354, 337.0265940241200155, -126.6918023052998592 ) ) ;
#771 = CARTESIAN_POINT ( 'NONE',  ( 1343.003038413743525, 993.2821297137833199, 141.4869332902820531 ) ) ;
#772 = CARTESIAN_POINT ( 'NONE',  ( 901.9046788038888280, 119.9296721264328056, -60.72423698131792946 ) ) ;
#773 = CARTESIAN_POINT ( 'NONE',  ( 1083.595665558505289, 367.4883218279147172, 106.8885256990169523 ) ) ;
#774 = CARTESIAN_POINT ( 'NONE',  ( 1197.644319179503555, 555.1372149003847198, 110.6387720411011770 ) ) ;
#775 = CARTESIAN_POINT ( 'NONE',  ( 899.3832341940849346, 136.5801224889466710, 3.152757058301790316 ) ) ;
#776 = CARTESIAN_POINT ( 'NONE',  ( 1460.781222308564566, 880.5682760570024357, -81.22044614764944015 ) ) ;
#777 = CARTESIAN_POINT ( 'NONE',  ( 1423.381657337427214, 751.5932213685706529, -85.23073986394004464 ) ) ;
#778 = CARTESIAN_POINT ( 'NONE',  ( 1265.623493469453024, 378.6615809880224788, -155.9351309372648586 ) ) ;
#779 = CARTESIAN_POINT ( 'NONE',  ( 579.4136996799494455, 5.240536394342299786, -17.13481288290803661 ) ) ;
#780 = CARTESIAN_POINT ( 'NONE',  ( 1061.317490336106175, 225.0470230028411436, -62.39884450647283387 ) ) ;
#781 = CARTESIAN_POINT ( 'NONE',  ( 560.0000000000001137, -0.7918844778541621610, -20.95213703075082279 ) ) ;
#782 = CARTESIAN_POINT ( 'NONE',  ( 787.1579694675934888, 101.9010243156409246, 68.92177456640391142 ) ) ;
#783 = CARTESIAN_POINT ( 'NONE',  ( 892.5091828677961985, 181.6027633505470931, 83.90959545726649083 ) ) ;
#784 = CARTESIAN_POINT ( 'NONE',  ( 579.4658577719856112, -2.014359899746825278, -33.16192991111402222 ) ) ;
#785 = CARTESIAN_POINT ( 'NONE',  ( 787.0131347256697154, 103.4269110422073226, 71.61969467301463510 ) ) ;
#786 = CARTESIAN_POINT ( 'NONE',  ( 1042.528582906799556, 301.1651149205508204, 49.73689296790170999 ) ) ;
#787 = CARTESIAN_POINT ( 'NONE',  ( 1184.577877126571366, 426.4758860163032637, 19.63205309078773908 ) ) ;
#788 = CARTESIAN_POINT ( 'NONE',  ( 1195.689703332160661, 560.2145973187724621, 120.5976435103275719 ) ) ;
#789 = CARTESIAN_POINT ( 'NONE',  ( 560.0000000000002274, -8.516845032108758318, -22.69764222796803921 ) ) ;
#790 = CARTESIAN_POINT ( 'NONE',  ( 579.5095618277603080, -8.155460686615361610, -35.16446240320224348 ) ) ;
#791 = CARTESIAN_POINT ( 'NONE',  ( 905.4587622461349383, 96.66046831336939249, -94.89281260998724576 ) ) ;
#792 = CARTESIAN_POINT ( 'NONE',  ( 579.3811989315744313, 9.746456794160536674, -4.396074823640780060 ) ) ;
#793 = CARTESIAN_POINT ( 'NONE',  ( 732.9711570521506019, 55.42082955449553339, 22.09859925871189290 ) ) ;
#794 = CARTESIAN_POINT ( 'NONE',  ( 1135.710830030065154, 391.2106351270583104, 55.13372945847257256 ) ) ;
#795 = CARTESIAN_POINT ( 'NONE',  ( 1447.498443593419552, 710.4234193581427235, -141.7622579498819846 ) ) ;
#796 = CARTESIAN_POINT ( 'NONE',  ( 1392.189021550358575, 551.5090270872373139, -169.6020777328583051 ) ) ;
#797 = CARTESIAN_POINT ( 'NONE',  ( 1343.303433471331346, 992.8086502292118212, 138.5251059390752175 ) ) ;
#798 = CARTESIAN_POINT ( 'NONE',  ( 1042.433077939537725, 301.6202205863316408, 79.77866444781511746 ) ) ;
#799 = CARTESIAN_POINT ( 'NONE',  ( 1429.709115017218664, 740.7914153418608976, -100.1837794060796938 ) ) ;
#800 = CARTESIAN_POINT ( 'NONE',  ( 618.3607925748948446, 19.50598224768966205, 31.90434744514392662 ) ) ;
#801 = CARTESIAN_POINT ( 'NONE',  ( 1260.488725077572553, 391.9867590168616402, -140.7269771060253731 ) ) ;
#802 = CARTESIAN_POINT ( 'NONE',  ( 579.3362203173246598, 15.93863508026690390, 21.42297113712186274 ) ) ;
#803 = CARTESIAN_POINT ( 'NONE',  ( 1344.745752114447669, 646.1850545782306199, -32.62604115949025640 ) ) ;
#804 = CARTESIAN_POINT ( 'NONE',  ( 905.1421770591845188, 98.78626095240980476, -80.83244401892979170 ) ) ;
#805 = CARTESIAN_POINT ( 'NONE',  ( 1321.447447814273573, 925.6135160425801587, 157.0263782687150638 ) ) ;
#806 = CARTESIAN_POINT ( 'NONE',  ( 1448.723433910541644, 934.8652619388050198, -50.63367919060476652 ) ) ;
#807 = CARTESIAN_POINT ( 'NONE',  ( 1357.527113280336152, 970.4458569683905580, 114.9493243527611526 ) ) ;
#808 = CARTESIAN_POINT ( 'NONE',  ( 1037.808017239417723, 320.3288774562212780, 94.59544803619385789 ) ) ;
#809 = CARTESIAN_POINT ( 'NONE',  ( 1145.123585567687087, 361.2255825237087947, 3.666127468279186452 ) ) ;
#810 = CARTESIAN_POINT ( 'NONE',  ( 903.2850720371427542, 110.9783961282640234, -53.46339765065788896 ) ) ;
#811 = CARTESIAN_POINT ( 'NONE',  ( 1247.400494487081914, 425.9910823883250828, -75.32924979243412622 ) ) ;
#812 = CARTESIAN_POINT ( 'NONE',  ( 676.8827188100450485, 12.05456035912522061, -56.03411338623260463 ) ) ;
#813 = CARTESIAN_POINT ( 'NONE',  ( 1358.398829603778267, 618.9194439788880118, -91.60826904206321331 ) ) ;
#814 = CARTESIAN_POINT ( 'NONE',  ( 791.3442410399948130, 57.61753151823174335, -37.65005848000210875 ) ) ;
#815 = CARTESIAN_POINT ( 'NONE',  ( 579.3519547932943397, 13.65054198008264841, 36.35149575757281326 ) ) ;
#816 = CARTESIAN_POINT ( 'NONE',  ( 1279.111191245555119, 777.1514007447009362, 147.3614520784030333 ) ) ;
#817 = CARTESIAN_POINT ( 'NONE',  ( 1065.267696673871797, 208.9798217912591269, -108.0918083744999478 ) ) ;
#818 = CARTESIAN_POINT ( 'NONE',  ( 991.1421022822418081, 271.9034770272487549, 110.3532779236303156 ) ) ;
#819 = CARTESIAN_POINT ( 'NONE',  ( 1087.584729602322341, 353.1748046728961299, 53.47085849850166284 ) ) ;
#820 = CARTESIAN_POINT ( 'NONE',  ( 842.2845457583911184, 126.7669140356102986, 23.20137997000170316 ) ) ;
#821 = CARTESIAN_POINT ( 'NONE',  ( 952.1337978916889142, 174.0362182790395025, 3.284549102660539344 ) ) ;
#822 = CARTESIAN_POINT ( 'NONE',  ( 1335.880005410108879, 900.9645017728687435, 109.8478617568296158 ) ) ;
#823 = CARTESIAN_POINT ( 'NONE',  ( 1251.095622822163705, 416.3975734874450154, -90.40030226156008553 ) ) ;
#824 = CARTESIAN_POINT ( 'NONE',  ( 849.0843073731277855, 71.51610673435909860, -83.70932222692101732 ) ) ;
#825 = CARTESIAN_POINT ( 'NONE',  ( 1303.168128224846214, 597.3214028961018585, -29.68642569193714209 ) ) ;
#826 = CARTESIAN_POINT ( 'NONE',  ( 618.4485829593619428, 14.44587470715221222, 18.03260058389530585 ) ) ;
#827 = CARTESIAN_POINT ( 'NONE',  ( 1176.469042902563388, 449.7091091389892767, 58.13504264394305920 ) ) ;
#828 = CARTESIAN_POINT ( 'NONE',  ( 676.9976983478229613, 9.454874638144984189, -51.20002043615414067 ) ) ;
#829 = CARTESIAN_POINT ( 'NONE',  ( 1220.131770745573931, 324.5961353212060203, -147.5383257165967734 ) ) ;
#830 = CARTESIAN_POINT ( 'NONE',  ( 1035.303527711841070, 330.5087982052461939, 124.0478874941736791 ) ) ;
#831 = CARTESIAN_POINT ( 'NONE',  ( 1267.177630666079494, 675.3918907322321274, 113.4470496702601707 ) ) ;
#832 = CARTESIAN_POINT ( 'NONE',  ( 1370.925181419311684, 593.9433704576666742, -108.3906745498583035 ) ) ;
#833 = CARTESIAN_POINT ( 'NONE',  ( 1127.350216191071695, 417.8409631019887911, 100.4080612820249740 ) ) ;
#834 = CARTESIAN_POINT ( 'NONE',  ( 904.0296648273586015, 106.0143342524995518, -82.75500475137619105 ) ) ;
#835 = CARTESIAN_POINT ( 'NONE',  ( 894.3035726343491660, 169.7848279735882784, 44.38291998688978168 ) ) ;
#836 = CARTESIAN_POINT ( 'NONE',  ( 1055.044507754046208, 250.4867258819428741, -14.96394714361841416 ) ) ;
#837 = CARTESIAN_POINT ( 'NONE',  ( 676.9477410836414037, 10.65346402884101984, -47.72204463258933060 ) ) ;
#838 = CARTESIAN_POINT ( 'NONE',  ( 840.5637080517743698, 140.8743760435078798, 83.83154146741630086 ) ) ;
#839 = CARTESIAN_POINT ( 'NONE',  ( 618.4631588603340333, 12.84326612612421670, -20.73049287347216207 ) ) ;
#840 = CARTESIAN_POINT ( 'NONE',  ( 992.9643336349698757, 263.4088635786984582, 95.39729340159213677 ) ) ;
#841 = CARTESIAN_POINT ( 'NONE',  ( 1285.368554248916098, 764.6600960974811869, 124.7696633751151865 ) ) ;
#842 = CARTESIAN_POINT ( 'NONE',  ( 1052.614120000670482, 260.3423797154814565, 3.505633325722871341 ) ) ;
#843 = CARTESIAN_POINT ( 'NONE',  ( 579.4875062272687956, -5.126848408721249584, -22.70684097621827036 ) ) ;
#844 = CARTESIAN_POINT ( 'NONE',  ( 733.5075795356149229, 47.44090103444130335, 1.052969580627065360 ) ) ;
#845 = CARTESIAN_POINT ( 'NONE',  ( 1427.110546329207864, 619.8997749868912024, -169.7644202971593188 ) ) ;
#846 = CARTESIAN_POINT ( 'NONE',  ( 1006.561609829518261, 199.8969915553019518, -55.70078660704417928 ) ) ;
#847 = CARTESIAN_POINT ( 'NONE',  ( 956.7417068910383477, 148.8432637084481200, -49.06118423131529482 ) ) ;
#848 = CARTESIAN_POINT ( 'NONE',  ( 733.7029569614546745, 44.31712920085278284, -38.24219006415876265 ) ) ;
#849 = CARTESIAN_POINT ( 'NONE',  ( 1195.280924957567322, 561.2993212599200206, 141.4520819671893435 ) ) ;
#850 = CARTESIAN_POINT ( 'NONE',  ( 990.0917475349575625, 276.7884654048899051, 110.8763815254336009 ) ) ;
#851 = CARTESIAN_POINT ( 'NONE',  ( 1012.693811945856396, 171.3107385462448349, -99.68368702678139925 ) ) ;
#852 = CARTESIAN_POINT ( 'NONE',  ( 1036.842591305499809, 324.2780352224098124, 119.6361369783392092 ) ) ;
#853 = CARTESIAN_POINT ( 'NONE',  ( 1332.760932531471553, 793.5723961898072503, 56.18060738016337297 ) ) ;
#854 = CARTESIAN_POINT ( 'NONE',  ( 579.3501307591189970, 14.03571238686963873, 11.23948960465930469 ) ) ;
#855 = CARTESIAN_POINT ( 'NONE',  ( 1005.929174740504095, 202.9326186785889377, -20.96524178467378263 ) ) ;
#856 = CARTESIAN_POINT ( 'NONE',  ( 676.2459937046261302, 27.49793872413358642, 4.602918341538649649 ) ) ;
#857 = CARTESIAN_POINT ( 'NONE',  ( 1159.913115784168440, 497.1177729641013912, 118.3944607073974993 ) ) ;
#858 = CARTESIAN_POINT ( 'NONE',  ( 1210.097532962919558, 353.3535881515209098, -100.3551174390981231 ) ) ;
#859 = CARTESIAN_POINT ( 'NONE',  ( 1311.156579892530317, 430.5498906360264755, -164.8535456845487204 ) ) ;
#860 = CARTESIAN_POINT ( 'NONE',  ( 951.0281551867670942, 179.9735968735535607, -18.44540963719880367 ) ) ;
#861 = CARTESIAN_POINT ( 'NONE',  ( 788.8891083416228867, 83.61385999560145876, 27.55840195467764886 ) ) ;
#862 = CARTESIAN_POINT ( 'NONE',  ( 560.0000000000003411, -3.274021080852628440, -26.46202405902239718 ) ) ;
#863 = CARTESIAN_POINT ( 'NONE',  ( 1046.155735475084384, 286.5290861069960897, 52.23984159858975573 ) ) ;
#864 = CARTESIAN_POINT ( 'NONE',  ( 1466.808133724761547, 798.6185614621501827, -122.3378091699794794 ) ) ;
#865 = CARTESIAN_POINT ( 'NONE',  ( 1451.324219348877477, 703.8919277950934656, -150.9030065645945058 ) ) ;
#866 = CARTESIAN_POINT ( 'NONE',  ( 731.5401333092997902, 76.62991033460772883, 66.02557380480702420 ) ) ;
#867 = CARTESIAN_POINT ( 'NONE',  ( 1370.949321222301023, 949.3407990804581686, 85.60479572300447160 ) ) ;
#868 = CARTESIAN_POINT ( 'NONE',  ( 618.3399995059272669, 20.69736356004010602, 34.94538215804196568 ) ) ;
#869 = CARTESIAN_POINT ( 'NONE',  ( 847.6627600195637342, 83.04875630014144861, -67.17226044271713192 ) ) ;
#870 = CARTESIAN_POINT ( 'NONE',  ( 1369.205270074253576, 952.0755867547412663, 73.00842271982138243 ) ) ;
#871 = CARTESIAN_POINT ( 'NONE',  ( 1152.331803070357637, 338.2619168724049246, -35.66886861962034061 ) ) ;
#872 = CARTESIAN_POINT ( 'NONE',  ( 1167.312728800230389, 290.5330522837219291, -116.5378725877970965 ) ) ;
#873 = CARTESIAN_POINT ( 'NONE',  ( 1036.370887721904637, 326.1890999923652430, 121.8897086883847152 ) ) ;
#874 = CARTESIAN_POINT ( 'NONE',  ( 845.8681457693425045, 97.62075544357037415, -41.48400352946954683 ) ) ;
#875 = CARTESIAN_POINT ( 'NONE',  ( 1231.027100427298819, 620.2097422273725442, 131.6716905813278515 ) ) ;
#876 = CARTESIAN_POINT ( 'NONE',  ( 1256.274933484470694, 699.0170522896905823, 132.4690530319596178 ) ) ;
#877 = CARTESIAN_POINT ( 'NONE',  ( 1301.717286741134330, 600.4968634110877019, 0.05827713657353397747 ) ) ;
#878 = CARTESIAN_POINT ( 'NONE',  ( 1294.186731653425795, 470.7253590698811649, -99.33491987731322581 ) ) ;
#879 = CARTESIAN_POINT ( 'NONE',  ( 1121.299525078200304, 232.7145621548481529, -135.1444669419667548 ) ) ;
#880 = CARTESIAN_POINT ( 'NONE',  ( 1355.106444296762447, 625.4887517581811380, -82.92279401766914759 ) ) ;
#881 = CARTESIAN_POINT ( 'NONE',  ( 902.6606961987631621, 115.0760300434590562, -44.35729177884227425 ) ) ;
#882 = CARTESIAN_POINT ( 'NONE',  ( 1421.493626578054318, 754.8048900205407108, -95.96204388009412867 ) ) ;
#883 = CARTESIAN_POINT ( 'NONE',  ( 1352.941453304493280, 977.6567511176887137, 125.9545178851992944 ) ) ;
#884 = CARTESIAN_POINT ( 'NONE',  ( 1248.756221327140793, 715.3284655016350371, 163.4090529269267620 ) ) ;
#885 = CARTESIAN_POINT ( 'NONE',  ( 1410.363065902192830, 650.7210228190319867, -137.5434429193651056 ) ) ;
#886 = CARTESIAN_POINT ( 'NONE',  ( 1079.959813274347880, 380.4779274266271614, 128.6497628177771162 ) ) ;
#887 = EDGE_CURVE ( 'NONE', #1500, #1997, #5878, .T. ) ;
#888 = CARTESIAN_POINT ( 'NONE',  ( 1084.635568527363830, 363.7225126205967172, 75.48850781251024955 ) ) ;
#889 = CARTESIAN_POINT ( 'NONE',  ( 1422.282022674172822, 868.6269329696199293, -26.79808019832502097 ) ) ;
#890 = CARTESIAN_POINT ( 'NONE',  ( 1220.825986500716681, 322.6017507698479108, -153.0269560848419133 ) ) ;
#891 = CARTESIAN_POINT ( 'NONE',  ( 1013.782008039547009, 166.2403093340970486, -106.3433515153986946 ) ) ;
#892 = CARTESIAN_POINT ( 'NONE',  ( 1388.175117929949010, 1024.282973451131056, 74.56870664602411125 ) ) ;
#893 = CARTESIAN_POINT ( 'NONE',  ( 943.1227142704906328, 223.2300666090060588, 84.07357697926508422 ) ) ;
#894 = CARTESIAN_POINT ( 'NONE',  ( 1405.154613307660838, 660.3194449065582603, -112.1221403659303917 ) ) ;
#895 = CARTESIAN_POINT ( 'NONE',  ( 1466.549546839330560, 871.8060886888998766, -97.13033619282789743 ) ) ;
#896 = CARTESIAN_POINT ( 'NONE',  ( 733.0097998122436138, 54.60714821428049248, -15.73154569749571330 ) ) ;
#897 = CARTESIAN_POINT ( 'NONE',  ( 1394.203462153341206, 912.7764788895499350, 34.61780162659436400 ) ) ;
#898 = CARTESIAN_POINT ( 'NONE',  ( 1334.787528157864472, 528.7664453845759454, -123.1335295701602348 ) ) ;
#899 = CARTESIAN_POINT ( 'NONE',  ( 843.7239246833258903, 115.2065588563931584, 30.93206709341029281 ) ) ;
#900 = CARTESIAN_POINT ( 'NONE',  ( 1376.098228116159362, 1009.203373642359111, 88.26485777939208788 ) ) ;
#901 = ORIENTED_EDGE ( 'NONE', *, *, #2920, .T. ) ;
#902 = CARTESIAN_POINT ( 'NONE',  ( 849.2489833135045956, 70.24192007326877274, -75.06581604774332561 ) ) ;
#903 = CARTESIAN_POINT ( 'NONE',  ( 1015.662934989436621, 157.4960105842859832, -111.7444081170987147 ) ) ;
#904 = CARTESIAN_POINT ( 'NONE',  ( 788.4060726011520046, 88.72074273994159910, 39.50904325813271356 ) ) ;
#905 = CARTESIAN_POINT ( 'NONE',  ( 1387.368086717666301, 992.0841234390060208, 72.11544500189950213 ) ) ;
#906 = CARTESIAN_POINT ( 'NONE',  ( 1408.052640503985458, 654.9735802912107374, -132.4554052643059663 ) ) ;
#907 = CARTESIAN_POINT ( 'NONE',  ( 1203.409360459286518, 540.1635876822514319, 82.54254119260633615 ) ) ;
#908 = CARTESIAN_POINT ( 'NONE',  ( 1275.408687330982275, 515.1696979322101697, -31.35273228460946981 ) ) ;
#909 = CARTESIAN_POINT ( 'NONE',  ( 960.2553604554212825, 129.6265529239273349, -89.19383777078040509 ) ) ;
#910 = CARTESIAN_POINT ( 'NONE',  ( 1035.932250797349525, 327.9660027836920904, 123.7394177072126098 ) ) ;
#911 = CARTESIAN_POINT ( 'NONE',  ( 618.4847936233320524, 11.59447216242798362, -23.76594914158425809 ) ) ;
#912 = CARTESIAN_POINT ( 'NONE',  ( 579.3594056653969346, 12.75825497604782122, 5.986817440410160174 ) ) ;
#913 = CARTESIAN_POINT ( 'NONE',  ( 944.7496949610722368, 214.3835360366928739, 84.06691808322395332 ) ) ;
#914 = CARTESIAN_POINT ( 'NONE',  ( 1330.124223590101337, 910.7927919731673683, 126.0242285671118765 ) ) ;
#915 = CARTESIAN_POINT ( 'NONE',  ( 1386.371119866764047, 814.7762390323085810, 3.394674381018973897 ) ) ;
#916 = CARTESIAN_POINT ( 'NONE',  ( 1367.168534298225040, 601.4395953654227469, -97.61441038801311265 ) ) ;
#917 = CARTESIAN_POINT ( 'NONE',  ( 1145.677055228358540, 359.4623854674212566, 0.6381961413090507795 ) ) ;
#918 = CARTESIAN_POINT ( 'NONE',  ( 1171.917049329699012, 275.8537961038182402, -143.7745913722135072 ) ) ;
#919 = CARTESIAN_POINT ( 'NONE',  ( 1447.040269034377388, 937.3509586735029870, -39.52163258977071081 ) ) ;
#920 = CARTESIAN_POINT ( 'NONE',  ( 1202.421259904142289, 375.3085555299829252, -87.13327661587388206 ) ) ;
#921 = CARTESIAN_POINT ( 'NONE',  ( 1122.093896405366422, 434.5819265086317955, 129.5458816937066331 ) ) ;
#922 = CARTESIAN_POINT ( 'NONE',  ( 1276.441557553271650, 782.4809598135435635, 157.0724717924091465 ) ) ;
#923 = CARTESIAN_POINT ( 'NONE',  ( 618.5928320033286809, 5.392193831981193952, -37.13219996063571671 ) ) ;
#924 = CARTESIAN_POINT ( 'NONE',  ( 579.3445764738002026, 14.68146285318676192, 38.45502895301783042 ) ) ;
#925 = CARTESIAN_POINT ( 'NONE',  ( 1203.409360459286518, 540.1635876822514319, 82.54254119260633615 ) ) ;
#926 = CARTESIAN_POINT ( 'NONE',  ( 846.7393803706843300, 90.67591303778594636, -26.13961562775243408 ) ) ;
#927 = CARTESIAN_POINT ( 'NONE',  ( 1469.170020068428585, 904.6697575243772462, -84.17465350645733224 ) ) ;
#928 = CARTESIAN_POINT ( 'NONE',  ( 1421.548691285301402, 940.1632779841182810, 0.1458441426865051960 ) ) ;
#929 = CARTESIAN_POINT ( 'NONE',  ( 1194.486007099317476, 563.3416313953086956, 126.9002303970353864 ) ) ;
#930 = CARTESIAN_POINT ( 'NONE',  ( 904.3227807448968179, 104.1670071856509026, -68.62133680139885428 ) ) ;
#931 = CARTESIAN_POINT ( 'NONE',  ( 1344.682905938483827, 771.6240352112695291, 23.66833448442162791 ) ) ;
#932 = CARTESIAN_POINT ( 'NONE',  ( 734.6566646230359083, 30.19736396201663098, -62.48213903775138789 ) ) ;
#933 = CARTESIAN_POINT ( 'NONE',  ( 559.9999999999998863, 6.744768181161147069, 0.7128849161839112547 ) ) ;
#934 = CARTESIAN_POINT ( 'NONE',  ( 1316.981567776655538, 701.5899712838034930, 49.04300053002355497 ) ) ;
#935 = CARTESIAN_POINT ( 'NONE',  ( 1432.734227341694350, 735.6176434903223935, -119.6182418030120260 ) ) ;
#936 = CARTESIAN_POINT ( 'NONE',  ( 1137.375278724473219, 385.9086192393294823, 46.05988596836985494 ) ) ;
#937 = CARTESIAN_POINT ( 'NONE',  ( 840.4579594676743000, 141.6924369516191007, 73.95360834911789993 ) ) ;
#938 = EDGE_LOOP ( 'NONE', ( #1930, #901, #4517, #2496 ) ) ;
#939 = CARTESIAN_POINT ( 'NONE',  ( 1310.473605882717720, 432.1753580519228422, -157.5463638905008565 ) ) ;
#940 = CARTESIAN_POINT ( 'NONE',  ( 1171.917049329699012, 275.8537961038182402, -143.7745913722135072 ) ) ;
#941 = PRODUCT_DEFINITION_SHAPE ( 'NONE', 'NONE',  #759 ) ;
#942 = CARTESIAN_POINT ( 'NONE',  ( 1272.116378469226902, 664.6830301620569799, 97.23601799406999646 ) ) ;
#943 = CARTESIAN_POINT ( 'NONE',  ( 1238.225881385728144, 603.1728535183124222, 105.3129312456141804 ) ) ;
#944 = CARTESIAN_POINT ( 'NONE',  ( 791.2729927182539313, 58.24111435362656408, -59.61643954916702626 ) ) ;
#945 = CARTESIAN_POINT ( 'NONE',  ( 1200.839633174049823, 546.8376126305652178, 94.81009081677231620 ) ) ;
#946 = CARTESIAN_POINT ( 'NONE',  ( 1434.023838737248525, 921.2132297234940097, -25.95648091835454707 ) ) ;
#947 = CARTESIAN_POINT ( 'NONE',  ( 734.9440612364288654, 26.02113200594164866, -59.21272830682215016 ) ) ;
#948 = CARTESIAN_POINT ( 'NONE',  ( 1248.364727649213137, 716.1818411686589343, 169.7028556121054237 ) ) ;
#949 = CARTESIAN_POINT ( 'NONE',  ( 842.8122110125461859, 122.4695639514444707, 12.17369353967091605 ) ) ;
#950 = CARTESIAN_POINT ( 'NONE',  ( 579.3636862800983636, 12.01725355916355475, 32.09249561759742875 ) ) ;
#951 = CARTESIAN_POINT ( 'NONE',  ( 579.3280040626275422, 17.03158058793981411, 33.32170191411786675 ) ) ;
#952 = CARTESIAN_POINT ( 'NONE',  ( 560.0000000000000000, -9.015840971109112090, -24.82511190932738288 ) ) ;
#953 = CARTESIAN_POINT ( 'NONE',  ( 791.5209451130542675, 55.74459330277816349, -42.50180351516752353 ) ) ;
#954 = CARTESIAN_POINT ( 'NONE',  ( 1266.810390234801844, 535.5203282761134460, 0.1496568036213788144 ) ) ;
#955 = CARTESIAN_POINT ( 'NONE',  ( 1039.454974693030181, 313.6911636542487827, 101.4297360821058902 ) ) ;
#956 = CARTESIAN_POINT ( 'NONE',  ( 1330.909455377811582, 909.4611985829941432, 138.5824641348363002 ) ) ;
#957 = CARTESIAN_POINT ( 'NONE',  ( 1190.320668330576609, 574.1638387978331366, 149.6900200778511305 ) ) ;
#958 = CARTESIAN_POINT ( 'NONE',  ( 734.1280953887264786, 38.01608559279870292, -50.16209211711218785 ) ) ;
#959 = CARTESIAN_POINT ( 'NONE',  ( 1351.943369488999224, 979.2262581774531327, 128.2148388281215716 ) ) ;
#960 = CARTESIAN_POINT ( 'NONE',  ( 560.0000000000000000, 10.85568980495488134, 20.81315429885568946 ) ) ;
#961 = CARTESIAN_POINT ( 'NONE',  ( 618.6245315380160719, 4.154670185409821137, -14.83548293202256119 ) ) ;
#962 = CARTESIAN_POINT ( 'NONE',  ( 618.7388928026036865, -2.905177720538927755, -49.47355352734453504 ) ) ;
#963 = CARTESIAN_POINT ( 'NONE',  ( 676.7713225051471682, 14.69182270291272552, -52.20811957130434422 ) ) ;
#964 = CARTESIAN_POINT ( 'NONE',  ( 1403.757700868652819, 1001.270625654760579, 38.30102859485249667 ) ) ;
#965 = CARTESIAN_POINT ( 'NONE',  ( 618.2055798395663260, 28.15419053401346616, 39.48293225344249890 ) ) ;
#966 = CARTESIAN_POINT ( 'NONE',  ( 958.7968121756409801, 137.6047654992050866, -72.45282055240178920 ) ) ;
#967 = CARTESIAN_POINT ( 'NONE',  ( 579.3544937444827383, 13.43571506956088690, 8.603517677229188365 ) ) ;
#968 = CARTESIAN_POINT ( 'NONE',  ( 905.0332601564959987, 99.44528548696553116, -91.57419768010845473 ) ) ;
#969 = CARTESIAN_POINT ( 'NONE',  ( 1000.569129271348515, 227.8474785312830875, -5.690367765892109020 ) ) ;
#970 = CARTESIAN_POINT ( 'NONE',  ( 1139.319662616474261, 379.7148571125351850, 35.47386835125648474 ) ) ;
#971 = CARTESIAN_POINT ( 'NONE',  ( 1389.411988130520967, 920.3104710493252014, 45.11220723811867117 ) ) ;
#972 = CARTESIAN_POINT ( 'NONE',  ( 731.5980482002896679, 75.72910087878133822, 57.34013030734972460 ) ) ;
#973 = CARTESIAN_POINT ( 'NONE',  ( 849.5267342428734310, 67.96102126687533485, -83.08250979136889214 ) ) ;
#974 = CARTESIAN_POINT ( 'NONE',  ( 905.8329376020711834, 94.22322303320079584, -95.72811690910754123 ) ) ;
#975 = CARTESIAN_POINT ( 'NONE',  ( 896.0956723887303497, 158.1381218184677095, 49.41003070639808925 ) ) ;
#976 = CARTESIAN_POINT ( 'NONE',  ( 1042.433077939537725, 301.6202205863316408, 79.77866444781511746 ) ) ;
#977 = CARTESIAN_POINT ( 'NONE',  ( 734.2821594462808434, 35.73593414332395213, -54.10384040664659011 ) ) ;
#978 = CARTESIAN_POINT ( 'NONE',  ( 1397.485284322393682, 1010.533726108263181, 52.22448755190314529 ) ) ;
#979 = CARTESIAN_POINT ( 'NONE',  ( 734.9195057756546703, 26.38680255785887141, -58.20902644684056071 ) ) ;
#980 = CARTESIAN_POINT ( 'NONE',  ( 1157.737277198753873, 503.3717890994923323, 145.3303372161566642 ) ) ;
#981 = CARTESIAN_POINT ( 'NONE',  ( 560.0000000000004547, 6.691107974914546119, 28.19944389599229950 ) ) ;
#982 = CARTESIAN_POINT ( 'NONE',  ( 579.3284121331157621, 16.98090387882532326, 31.99286472180991936 ) ) ;
#983 = CARTESIAN_POINT ( 'NONE',  ( 560.0000000000000000, -2.440782702101518264, 0.5205350930161649625 ) ) ;
#984 = CARTESIAN_POINT ( 'NONE',  ( 1356.874472110048828, 749.1803187282911267, -8.412131101501756802 ) ) ;
#985 = CARTESIAN_POINT ( 'NONE',  ( 1083.595665558505289, 367.4883218279147172, 106.8885256990169523 ) ) ;
#986 = CARTESIAN_POINT ( 'NONE',  ( 992.7733552541930067, 264.2994317814849978, 97.15867252611995752 ) ) ;
#987 = CARTESIAN_POINT ( 'NONE',  ( 786.5976185481015364, 107.7964133471953261, 73.24988535917725585 ) ) ;
#988 = CARTESIAN_POINT ( 'NONE',  ( 734.2821594462808434, 35.73593414332395213, -54.10384040664659011 ) ) ;
#989 = CARTESIAN_POINT ( 'NONE',  ( 579.3536320662104799, 13.41707102693851539, 35.74871494297993735 ) ) ;
#990 = CARTESIAN_POINT ( 'NONE',  ( 841.3781295296943199, 134.1587795150277884, 44.65390249261766087 ) ) ;
#991 = CARTESIAN_POINT ( 'NONE',  ( 790.4520184276022974, 67.07089051815268022, -13.42964036523132165 ) ) ;
#992 = CARTESIAN_POINT ( 'NONE',  ( 1471.385474041273028, 864.4599039264007843, -103.8850922657386491 ) ) ;
#993 = APPLICATION_CONTEXT ( 'configuration controlled 3d designs of mechanical parts and assemblies' ) ;
#994 = CARTESIAN_POINT ( 'NONE',  ( 1464.499777567601768, 874.9195292075748966, -93.81127832888512330 ) ) ;
#995 = CARTESIAN_POINT ( 'NONE',  ( 1382.495747516449228, 1032.670263782521033, 87.11253731587956395 ) ) ;
#996 = CARTESIAN_POINT ( 'NONE',  ( 1257.253150953882596, 696.8950585192112612, 128.5931442635791200 ) ) ;
#997 = CARTESIAN_POINT ( 'NONE',  ( 676.8222399125162383, 13.68261386929559720, -37.52767399165509232 ) ) ;
#998 = CARTESIAN_POINT ( 'NONE',  ( 1307.610608882726410, 438.9386806241462864, -155.9878819706027002 ) ) ;
#999 = CARTESIAN_POINT ( 'NONE',  ( 618.2124729830586602, 27.94685388622202638, 49.38532547812813078 ) ) ;
#1000 = CARTESIAN_POINT ( 'NONE',  ( 949.2028099650824515, 189.9506266628493165, 1.434647586978608835 ) ) ;
#1001 = CARTESIAN_POINT ( 'NONE',  ( 1417.392234887139011, 981.1351551676715417, 20.50470789993367049 ) ) ;
#1002 = CARTESIAN_POINT ( 'NONE',  ( 733.0267187460570995, 54.59505072147194937, 20.00465083146524492 ) ) ;
#1003 = CARTESIAN_POINT ( 'NONE',  ( 1388.702548709734174, 1023.504064037293460, 73.03143281758383409 ) ) ;
#1004 = CARTESIAN_POINT ( 'NONE',  ( 1120.537722721198179, 235.4500394913171419, -127.3842118603248963 ) ) ;
#1005 = CARTESIAN_POINT ( 'NONE',  ( 1312.507193822597401, 427.3584456728325449, -166.3638208828577660 ) ) ;
#1006 = CARTESIAN_POINT ( 'NONE',  ( 1130.698588442846585, 407.1760696364150931, 82.31777828354523763 ) ) ;
#1007 = CARTESIAN_POINT ( 'NONE',  ( 1211.125202013566877, 350.4086024174816316, -105.1036840756624287 ) ) ;
#1008 = CARTESIAN_POINT ( 'NONE',  ( 1390.458379564181087, 987.3899374437786491, 65.58064907249330133 ) ) ;
#1009 = CARTESIAN_POINT ( 'NONE',  ( 958.1975321659000429, 140.8151260114678394, -85.69115492270930190 ) ) ;
#1010 = CARTESIAN_POINT ( 'NONE',  ( 731.7303589552982430, 73.71108649263621260, 44.21022529183050409 ) ) ;
#1011 = CARTESIAN_POINT ( 'NONE',  ( 734.8932276349758013, 26.77724761797415098, -57.23646894966630327 ) ) ;
#1012 = CARTESIAN_POINT ( 'NONE',  ( 841.8165984207183783, 130.7038955319881097, 64.47847862739772040 ) ) ;
#1013 = CARTESIAN_POINT ( 'NONE',  ( 786.7853556607066139, 105.7715687562072020, 60.85808882741682879 ) ) ;
#1014 = CARTESIAN_POINT ( 'NONE',  ( 1287.369659333308391, 760.6814466642265415, 136.3641063819076180 ) ) ;
#1015 = CARTESIAN_POINT ( 'NONE',  ( 1039.192187970091709, 314.7562857776933924, 103.3844315955424094 ) ) ;
#1016 = CARTESIAN_POINT ( 'NONE',  ( 1320.154813286797662, 927.8175600049856939, 155.3052628152999546 ) ) ;
#1017 = CARTESIAN_POINT ( 'NONE',  ( 734.2038635018546984, 36.89339345204373188, -52.12620463253167458 ) ) ;
#1018 = CARTESIAN_POINT ( 'NONE',  ( 1327.824410479100834, 914.7282883148898236, 146.2145497503275635 ) ) ;
#1019 = CARTESIAN_POINT ( 'NONE',  ( 1168.359640287280399, 472.9025394670921969, 70.35653506593818918 ) ) ;
#1020 = CARTESIAN_POINT ( 'NONE',  ( 1359.044988567184419, 617.6503717139129321, -74.18872811166063741 ) ) ;
#1021 = CARTESIAN_POINT ( 'NONE',  ( 579.5039793988278234, -7.334259379978587567, -40.87753565209312256 ) ) ;
#1022 = CARTESIAN_POINT ( 'NONE',  ( 579.3872948441569406, 8.902248187413494662, -6.963752972917634843 ) ) ;
#1023 = CARTESIAN_POINT ( 'NONE',  ( 1117.321460017901018, 246.9141572889961367, -120.3064984230530285 ) ) ;
#1024 = CARTESIAN_POINT ( 'NONE',  ( 1100.403480840508792, 307.4239156207299288, 0.7403398250178881979 ) ) ;
#1025 = CARTESIAN_POINT ( 'NONE',  ( 1377.973018398049362, 1006.355603960772441, 83.39788038226380706 ) ) ;
#1026 = CARTESIAN_POINT ( 'NONE',  ( 734.7262348336616924, 29.27361313076410809, -49.80545785219855048 ) ) ;
#1027 = CARTESIAN_POINT ( 'NONE',  ( 1013.782008039547009, 166.2403093340970486, -106.3433515153986946 ) ) ;
#1028 = CARTESIAN_POINT ( 'NONE',  ( 892.2197504645108665, 183.5260044905301413, 95.78132393877906736 ) ) ;
#1029 = CARTESIAN_POINT ( 'NONE',  ( 999.7643292572977316, 231.6025930765942746, 1.588679007309656388 ) ) ;
#1030 = CARTESIAN_POINT ( 'NONE',  ( 579.4189370516777444, 4.343029589381465883, 10.65868045099782080 ) ) ;
#1031 = CARTESIAN_POINT ( 'NONE',  ( 949.3626666889119861, 189.1825695596327250, 34.40111516441871231 ) ) ;
#1032 = CARTESIAN_POINT ( 'NONE',  ( 1279.830954775934742, 775.7144541326492799, 144.6290907964539940 ) ) ;
#1033 = CARTESIAN_POINT ( 'NONE',  ( 1265.351530241339560, 379.3843142658427610, -147.9957950711132071 ) ) ;
#1034 = CARTESIAN_POINT ( 'NONE',  ( 1121.262253008734206, 232.8515419624973504, -133.9052984183886394 ) ) ;
#1035 = CARTESIAN_POINT ( 'NONE',  ( 1355.106444296762447, 625.4887517581811380, -82.92279401766914759 ) ) ;
#1036 = CARTESIAN_POINT ( 'NONE',  ( 946.9361873006110955, 202.4408043627293807, 60.92634408603486662 ) ) ;
#1037 = CARTESIAN_POINT ( 'NONE',  ( 1210.097532962919558, 353.3535881515209098, -100.3551174390981231 ) ) ;
#1038 = CARTESIAN_POINT ( 'NONE',  ( 1042.968386191228774, 299.4502967017742776, 75.84410183475335998 ) ) ;
#1039 = CARTESIAN_POINT ( 'NONE',  ( 1231.500654373116049, 619.0660701299386801, 109.5127721199329329 ) ) ;
#1040 = CARTESIAN_POINT ( 'NONE',  ( 1465.316829840795663, 873.6783725166716295, -90.42051602079413897 ) ) ;
#1041 = CARTESIAN_POINT ( 'NONE',  ( 994.0256374536427302, 258.4602564521900945, 86.28617902473222046 ) ) ;
#1042 = CARTESIAN_POINT ( 'NONE',  ( 942.9483972120807493, 224.1867001517901201, 87.44472826735439241 ) ) ;
#1043 = DATE_TIME_ROLE ( 'creation_date' ) ;
#1044 = CARTESIAN_POINT ( 'NONE',  ( 1199.230657303861790, 551.0460108082722854, 124.0942246097895918 ) ) ;
#1045 = CARTESIAN_POINT ( 'NONE',  ( 944.2953998733046319, 216.8651522540854444, 88.97010993569222137 ) ) ;
#1046 = CARTESIAN_POINT ( 'NONE',  ( 1189.141352242173753, 577.2286230221942560, 156.3262390402749986 ) ) ;
#1047 = ORGANIZATION ( 'UNSPECIFIED', 'UNSPECIFIED', '' ) ;
#1048 = CARTESIAN_POINT ( 'NONE',  ( 1403.609744722066125, 663.1513188484848342, -122.4610413357233654 ) ) ;
#1049 = CARTESIAN_POINT ( 'NONE',  ( 992.2547045205623135, 266.7177339716469646, 102.2774788372715307 ) ) ;
#1050 = CARTESIAN_POINT ( 'NONE',  ( 1199.757572522741157, 549.6480694647761993, 100.0825482717230130 ) ) ;
#1051 = CARTESIAN_POINT ( 'NONE',  ( 1153.996416825215874, 332.9586809075715337, -44.74855863210845541 ) ) ;
#1052 = CARTESIAN_POINT ( 'NONE',  ( 1068.506042405303560, 195.8619490834271346, -124.0661454155158623 ) ) ;
#1053 = CARTESIAN_POINT ( 'NONE',  ( 1099.378128912596821, 311.0176888804209057, -23.50043080126823725 ) ) ;
#1054 = CARTESIAN_POINT ( 'NONE',  ( 1229.873461526683059, 471.4952724643202373, -3.086542074350414389 ) ) ;
#1055 = CARTESIAN_POINT ( 'NONE',  ( 1158.394107868602759, 501.4740948083894523, 128.1466041307455441 ) ) ;
#1056 = CARTESIAN_POINT ( 'NONE',  ( 676.9327862292288955, 11.01487414283571376, -46.49520087467814022 ) ) ;
#1057 = CARTESIAN_POINT ( 'NONE',  ( 897.0077205151060298, 152.0302880535452630, 1.299715279612849050 ) ) ;
#1058 = CARTESIAN_POINT ( 'NONE',  ( 1463.420424044042875, 913.1607569897605572, -76.13757168107919426 ) ) ;
#1059 = CARTESIAN_POINT ( 'NONE',  ( 1188.953632612388901, 577.7193959272022994, 159.5311682345386259 ) ) ;
#1060 = CARTESIAN_POINT ( 'NONE',  ( 1356.869068331265908, 749.1902482733775059, -8.421322054600402396 ) ) ;
#1061 = CARTESIAN_POINT ( 'NONE',  ( 1350.262480517856375, 761.3701747818452077, 32.20123100432851260 ) ) ;
#1062 = CARTESIAN_POINT ( 'NONE',  ( 1286.914834739929120, 632.5945632719153764, 48.64718309788499084 ) ) ;
#1063 = CARTESIAN_POINT ( 'NONE',  ( 560.0000000000006821, 11.44882229395888551, 34.27671266027562780 ) ) ;
#1064 = CARTESIAN_POINT ( 'NONE',  ( 560.0000000000000000, 9.236821370306367740, 10.88855843558491543 ) ) ;
#1065 = CARTESIAN_POINT ( 'NONE',  ( 559.9999999999996589, -10.94171995652366114, -33.86880809272251014 ) ) ;
#1066 = CARTESIAN_POINT ( 'NONE',  ( 1469.175390279068324, 904.6618268009897292, -84.30122812118310094 ) ) ;
#1067 = CARTESIAN_POINT ( 'NONE',  ( 1434.703272785453464, 849.0896190826247221, -68.56611778204178620 ) ) ;
#1068 = CARTESIAN_POINT ( 'NONE',  ( 675.8883841539005743, 36.02506656489227055, 28.16263262268460466 ) ) ;
#1069 = CARTESIAN_POINT ( 'NONE',  ( 1328.088554179556922, 802.1905274390737759, 91.30192170234113291 ) ) ;
#1070 = CARTESIAN_POINT ( 'NONE',  ( 1163.815447417027144, 485.9289078027540540, 95.38473633601847723 ) ) ;
#1071 = CARTESIAN_POINT ( 'NONE',  ( 960.5397649463061498, 128.0724885939064279, -92.20271824007801342 ) ) ;
#1072 = CARTESIAN_POINT ( 'NONE',  ( 1313.988348142376708, 828.1477998591976757, 128.9332155668035398 ) ) ;
#1073 = CARTESIAN_POINT ( 'NONE',  ( 1328.402276097966933, 913.7332849830709165, 131.1102686855162460 ) ) ;
#1074 = CALENDAR_DATE ( 2026, 19, 9 ) ;
#1075 = CARTESIAN_POINT ( 'NONE',  ( 1163.706374339814602, 486.2730242129396743, 118.1984686995248239 ) ) ;
#1076 = CARTESIAN_POINT ( 'NONE',  ( 1308.081005930725951, 839.0228678237742770, 145.0484611344613199 ) ) ;
#1077 = CARTESIAN_POINT ( 'NONE',  ( 1385.702848317508142, 1027.934019519145750, 80.09603034340406680 ) ) ;
#1078 = CARTESIAN_POINT ( 'NONE',  ( 1205.818992068173429, 365.5761942619648721, -100.8377370572234781 ) ) ;
#1079 = CARTESIAN_POINT ( 'NONE',  ( 675.4934251543558048, 45.39380601756084133, 51.17289298071132464 ) ) ;
#1080 = CARTESIAN_POINT ( 'NONE',  ( 560.0000000000006821, 10.99087465690822363, 22.01416049695109578 ) ) ;
#1081 = CARTESIAN_POINT ( 'NONE',  ( 1284.047246164227772, 494.7237547438064098, -62.77552430830667163 ) ) ;
#1082 = CARTESIAN_POINT ( 'NONE',  ( 1015.230750651933590, 159.4897492137446307, -114.3812138878024740 ) ) ;
#1083 = CARTESIAN_POINT ( 'NONE',  ( 1424.218506347856874, 936.1080225793156160, -18.15418361968553285 ) ) ;
#1084 = CARTESIAN_POINT ( 'NONE',  ( 1003.808454857918491, 212.8280284118722534, -1.491706687260772712 ) ) ;
#1085 = CARTESIAN_POINT ( 'NONE',  ( 1279.830954775934742, 775.7144541326492799, 144.6290907964539940 ) ) ;
#1086 = CARTESIAN_POINT ( 'NONE',  ( 1413.423082842544318, 645.0976216999222288, -133.4058903593883656 ) ) ;
#1087 = CARTESIAN_POINT ( 'NONE',  ( 1050.650271388014289, 268.2241343839647243, -14.05329928962314412 ) ) ;
#1088 = CARTESIAN_POINT ( 'NONE',  ( 618.6630897830566482, 1.388270482035134146, -44.13739496890791969 ) ) ;
#1089 = CARTESIAN_POINT ( 'NONE',  ( 1296.513645067477000, 860.3150468622517337, 169.0645701691630904 ) ) ;
#1090 = CARTESIAN_POINT ( 'NONE',  ( 732.2654362928888077, 65.68841609699684625, 13.75969489790601230 ) ) ;
#1091 = CARTESIAN_POINT ( 'NONE',  ( 1226.628471903917443, 479.9198948582696289, 10.38393465229502510 ) ) ;
#1092 = CARTESIAN_POINT ( 'NONE',  ( 618.5767050809165539, 6.969156334969670574, -5.404719870319306452 ) ) ;
#1093 = CARTESIAN_POINT ( 'NONE',  ( 733.1890200991638267, 52.18144946355807434, 13.69853226224573817 ) ) ;
#1094 = CARTESIAN_POINT ( 'NONE',  ( 1156.117716110195033, 508.0034696310078175, 142.6539772285289018 ) ) ;
#1095 = CARTESIAN_POINT ( 'NONE',  ( 1428.596482532029313, 964.5887299302712563, -2.303224036540948205 ) ) ;
#1096 = CARTESIAN_POINT ( 'NONE',  ( 1391.364451048462342, 553.1550916517410315, -166.9193773684531266 ) ) ;
#1097 = CARTESIAN_POINT ( 'NONE',  ( 961.2645314028185339, 124.0823273771846829, -106.1056800563251272 ) ) ;
#1098 = CARTESIAN_POINT ( 'NONE',  ( 579.3999294194995855, 7.151439181419848801, -12.07826164631196164 ) ) ;
#1099 = CARTESIAN_POINT ( 'NONE',  ( 1090.390963318609920, 343.2075951014862767, 64.50410437130541652 ) ) ;
#1100 = CARTESIAN_POINT ( 'NONE',  ( 1411.337414331247373, 648.9387141528237635, -128.0346351774019524 ) ) ;
#1101 = CARTESIAN_POINT ( 'NONE',  ( 732.6326054131959609, 60.44989852494429527, 34.62849093467259820 ) ) ;
#1102 = CARTESIAN_POINT ( 'NONE',  ( 675.3452565096866920, 48.74581398460855297, 40.15355709421388752 ) ) ;
#1103 = CARTESIAN_POINT ( 'NONE',  ( 1465.425628650059934, 910.1994722028936167, -76.02055403231557307 ) ) ;
#1104 = CARTESIAN_POINT ( 'NONE',  ( 1202.312929720712418, 543.0447952859299221, 111.4235272033612461 ) ) ;
#1105 = CARTESIAN_POINT ( 'NONE',  ( 1158.745646616351451, 500.4657785808902304, 125.7950176601264047 ) ) ;
#1106 = CARTESIAN_POINT ( 'NONE',  ( 732.1859298485370573, 67.07576441945008128, 50.14383687250059296 ) ) ;
#1107 = CARTESIAN_POINT ( 'NONE',  ( 841.2770115764637922, 135.0855530675303271, 73.75556671820542931 ) ) ;
#1108 = CARTESIAN_POINT ( 'NONE',  ( 1384.738998493872032, 1029.357432277624184, 82.73233851936623751 ) ) ;
#1109 = CARTESIAN_POINT ( 'NONE',  ( 560.0000000000001137, -2.756625721485526981, -25.37125015427438157 ) ) ;
#1110 = CARTESIAN_POINT ( 'NONE',  ( 787.2568476747794648, 100.8584233716459835, 66.60177009790238856 ) ) ;
#1111 = CARTESIAN_POINT ( 'NONE',  ( 1288.708350677399267, 757.9935374610483905, 113.2929318083068466 ) ) ;
#1112 = CARTESIAN_POINT ( 'NONE',  ( 1241.264069735317435, 441.9227135966419837, -50.17204663526943875 ) ) ;
#1113 = CARTESIAN_POINT ( 'NONE',  ( 1452.838884300824702, 701.3026913449944004, -157.9684913723148156 ) ) ;
#1114 = CARTESIAN_POINT ( 'NONE',  ( 1417.588330559404994, 875.9990220890197179, -33.72013907894559992 ) ) ;
#1115 = CARTESIAN_POINT ( 'NONE',  ( 560.0000000000003411, -6.679066988407670991, -15.27034814163713072 ) ) ;
#1116 = CARTESIAN_POINT ( 'NONE',  ( 733.9107727235259517, 41.23598997393525423, -44.25000694116179289 ) ) ;
#1117 = CARTESIAN_POINT ( 'NONE',  ( 1333.616601000086348, 668.3938431808415999, 0.001971757737556645296 ) ) ;
#1118 = CARTESIAN_POINT ( 'NONE',  ( 1350.718860827541221, 981.1465040624915446, 119.1308117574452581 ) ) ;
#1119 = CARTESIAN_POINT ( 'NONE',  ( 1457.579109382096021, 921.7872064761889987, -60.52663037891426967 ) ) ;
#1120 = CARTESIAN_POINT ( 'NONE',  ( 1360.987785945867472, 741.6081990672421398, -19.02232957937053115 ) ) ;
#1121 = CARTESIAN_POINT ( 'NONE',  ( 1305.650032708396793, 443.5769101779929997, -150.7388133419050860 ) ) ;
#1122 = CARTESIAN_POINT ( 'NONE',  ( 1384.855711693835246, 1029.185070303967677, 83.48424373543936383 ) ) ;
#1123 = CARTESIAN_POINT ( 'NONE',  ( 1286.491680215962106, 633.4825198854275641, 23.89684695153551885 ) ) ;
#1124 = CARTESIAN_POINT ( 'NONE',  ( 1375.267461140092109, 833.7323163442139276, 30.26106556253494873 ) ) ;
#1125 = CARTESIAN_POINT ( 'NONE',  ( 733.7155341802641715, 44.34422845713709194, -7.401012577813027349 ) ) ;
#1126 = CARTESIAN_POINT ( 'NONE',  ( 1049.829262951848250, 271.6347309301278869, 24.59820622286006397 ) ) ;
#1127 = CARTESIAN_POINT ( 'NONE',  ( 731.5444368812658240, 76.55564354691389894, 63.91969142765897516 ) ) ;
#1128 = CARTESIAN_POINT ( 'NONE',  ( 560.0000000000000000, 4.260524860169759620, 21.79200529941099873 ) ) ;
#1129 = CARTESIAN_POINT ( 'NONE',  ( 1171.846949371695018, 276.0783392273093568, -142.9184536853653071 ) ) ;
#1130 = CARTESIAN_POINT ( 'NONE',  ( 961.1645155987782800, 124.6260176600420237, -106.0769866204982179 ) ) ;
#1131 = CARTESIAN_POINT ( 'NONE',  ( 1435.040759171838772, 955.0718266084888910, -25.13341198722315184 ) ) ;
#1132 = CARTESIAN_POINT ( 'NONE',  ( 1091.063647576285575, 340.8037577007984851, 60.26426077508980228 ) ) ;
#1133 = CARTESIAN_POINT ( 'NONE',  ( 1298.549489000785115, 460.3994446578115571, -114.9319702985577294 ) ) ;
#1134 = CARTESIAN_POINT ( 'NONE',  ( 997.1116036647839564, 244.0692190626820661, 59.18935457237037667 ) ) ;
#1135 = CARTESIAN_POINT ( 'NONE',  ( 849.4378631421315049, 68.69944314334829016, -79.33898034025385471 ) ) ;
#1136 = CARTESIAN_POINT ( 'NONE',  ( 994.6474568876442390, 255.5608360286117886, 80.88040987828247808 ) ) ;
#1137 = CARTESIAN_POINT ( 'NONE',  ( 1224.828095084744973, 634.8663939330444919, 139.7818969049581597 ) ) ;
#1138 = CARTESIAN_POINT ( 'NONE',  ( 899.9431963830039649, 132.9067533462732911, -4.928085670212352554 ) ) ;
#1139 = CARTESIAN_POINT ( 'NONE',  ( 1040.926691158279937, 307.7261682719025089, 90.85825788125389124 ) ) ;
#1140 = CARTESIAN_POINT ( 'NONE',  ( 1465.439636081701337, 873.4918644325416608, -95.34953988330323682 ) ) ;
#1141 = CARTESIAN_POINT ( 'NONE',  ( 1328.847691403424960, 800.7768590789852396, 67.13594823527354549 ) ) ;
#1142 = CARTESIAN_POINT ( 'NONE',  ( 731.5586655018254305, 76.35971947808421589, 66.63636613670887243 ) ) ;
#1143 = CARTESIAN_POINT ( 'NONE',  ( 1450.024098036544729, 825.0018780476816573, -98.45891832040990721 ) ) ;
#1144 = CARTESIAN_POINT ( 'NONE',  ( 841.2128677476373468, 135.6063516265072337, 75.00053566504546154 ) ) ;
#1145 = CARTESIAN_POINT ( 'NONE',  ( 1397.485284322393682, 1010.533726108263181, 52.22448755190314529 ) ) ;
#1146 = CARTESIAN_POINT ( 'NONE',  ( 560.0000000000009095, -10.04736730932775224, -29.59397175137107183 ) ) ;
#1147 = CARTESIAN_POINT ( 'NONE',  ( 1437.149677711353434, 916.4650709404314739, -32.48016333333680450 ) ) ;
#1148 = CARTESIAN_POINT ( 'NONE',  ( 1454.329497605539927, 698.7594121263659872, -160.0373410156576881 ) ) ;
#1149 = CARTESIAN_POINT ( 'NONE',  ( 1435.040759171838772, 955.0718266084888910, -25.13341198722315184 ) ) ;
#1150 = CARTESIAN_POINT ( 'NONE',  ( 1008.983183159865689, 188.6813909728208216, -48.94762864123420343 ) ) ;
#1151 = CARTESIAN_POINT ( 'NONE',  ( 676.4321868477613862, 22.71913086544693883, -38.18842668957209696 ) ) ;
#1152 = CARTESIAN_POINT ( 'NONE',  ( 943.5626384596389471, 220.8652351229559088, 97.04649970763786371 ) ) ;
#1153 = CARTESIAN_POINT ( 'NONE',  ( 675.3057802557572131, 49.75148260579741333, 49.56047000352756982 ) ) ;
#1154 = CARTESIAN_POINT ( 'NONE',  ( 1049.577358067063642, 272.5745310454584001, -6.210543488867815931 ) ) ;
#1155 = CARTESIAN_POINT ( 'NONE',  ( 559.9999999999996589, -6.996209708703307939, -33.22543457032893599 ) ) ;
#1156 = CARTESIAN_POINT ( 'NONE',  ( 1385.190217453377272, 1028.691072427701783, 83.29804381207475217 ) ) ;
#1157 = CARTESIAN_POINT ( 'NONE',  ( 1045.439819019468132, 289.3543579387722957, 25.51598547245781390 ) ) ;
#1158 = CARTESIAN_POINT ( 'NONE',  ( 1358.336023400945578, 746.5074576953900305, 10.72389694215340228 ) ) ;
#1159 = CARTESIAN_POINT ( 'NONE',  ( 1219.752722801418940, 497.7705604247997258, 39.04406343282974490 ) ) ;
#1160 = CARTESIAN_POINT ( 'NONE',  ( 1221.457059813086744, 642.8499956397126880, 155.6051227500967400 ) ) ;
#1161 = CARTESIAN_POINT ( 'NONE',  ( 1458.973085483408795, 919.7285835258435327, -63.28696865144267747 ) ) ;
#1162 = CARTESIAN_POINT ( 'NONE',  ( 1220.131770745573931, 324.5961353212060203, -147.5383257165967734 ) ) ;
#1163 = CARTESIAN_POINT ( 'NONE',  ( 905.7554021804562581, 94.72433851913230285, -96.25115275717713814 ) ) ;
#1164 = CARTESIAN_POINT ( 'NONE',  ( 1381.945243392832481, 703.0293500874790880, -71.38965471260297591 ) ) ;
#1165 = CARTESIAN_POINT ( 'NONE',  ( 1396.681491746415759, 977.9369517511677259, 52.49113276862829736 ) ) ;
#1166 = CARTESIAN_POINT ( 'NONE',  ( 579.4995604930780928, -6.784755070999104909, -29.25265143186237893 ) ) ;
#1167 = CARTESIAN_POINT ( 'NONE',  ( 996.7025047057046550, 245.9772064981683002, 62.80958569048460305 ) ) ;
#1168 = CARTESIAN_POINT ( 'NONE',  ( 734.9817824089018359, 25.45256766405650595, -61.47934242226661894 ) ) ;
#1169 = CARTESIAN_POINT ( 'NONE',  ( 1235.383215747900294, 609.9004857048582835, 115.8055542102462709 ) ) ;
#1170 = CARTESIAN_POINT ( 'NONE',  ( 1362.380288310138894, 739.0623244081642724, -0.002137438370221778766 ) ) ;
#1171 = CARTESIAN_POINT ( 'NONE',  ( 618.3238034222854367, 21.62308719047274863, 37.22782946576167973 ) ) ;
#1172 = CARTESIAN_POINT ( 'NONE',  ( 1215.712998953920987, 337.2401839340499805, -138.0015944526709291 ) ) ;
#1173 = CARTESIAN_POINT ( 'NONE',  ( 675.4441631126720722, 46.32078686804928935, 26.89676932603251558 ) ) ;
#1174 = CARTESIAN_POINT ( 'NONE',  ( 1154.972971118666919, 511.2877637226148408, 151.6411618174595333 ) ) ;
#1175 = CARTESIAN_POINT ( 'NONE',  ( 1445.606399193940433, 831.9474287059628068, -89.97524679139000625 ) ) ;
#1176 = CARTESIAN_POINT ( 'NONE',  ( 1123.558050386469176, 429.9188902872196536, 120.8194741373780943 ) ) ;
#1177 = CARTESIAN_POINT ( 'NONE',  ( 943.9618169990092156, 218.6290330459647464, 69.81746845813191271 ) ) ;
#1178 = CARTESIAN_POINT ( 'NONE',  ( 792.1987156822050338, 48.55455835620873017, -61.64217423428846843 ) ) ;
#1179 = CARTESIAN_POINT ( 'NONE',  ( 1289.833436091086014, 481.0288537984443451, -83.68023178750793534 ) ) ;
#1180 = CARTESIAN_POINT ( 'NONE',  ( 618.7198799091955834, -1.843229855716067345, -48.82543639961298965 ) ) ;
#1181 = CARTESIAN_POINT ( 'NONE',  ( 579.3999294194995855, 7.151439181419848801, -12.07826164631196164 ) ) ;
#1182 = CARTESIAN_POINT ( 'NONE',  ( 618.6399598702544154, 3.243049588715161136, -17.98601509809437715 ) ) ;
#1183 = CARTESIAN_POINT ( 'NONE',  ( 790.7839297931446936, 63.40152616482169634, -50.61623225849505303 ) ) ;
#1184 = CARTESIAN_POINT ( 'NONE',  ( 1223.435475340767198, 638.1756953988381156, 158.7068329000896938 ) ) ;
#1185 = CARTESIAN_POINT ( 'NONE',  ( 731.5908079259357919, 75.84201119534496627, 58.44197776147633761 ) ) ;
#1186 = CARTESIAN_POINT ( 'NONE',  ( 675.8033921931316854, 37.68648170183502089, -2.692515110502924358 ) ) ;
#1187 = CARTESIAN_POINT ( 'NONE',  ( 848.3513688415600882, 77.46267258343704043, -75.70632756690794452 ) ) ;
#1188 = CARTESIAN_POINT ( 'NONE',  ( 1155.515787115016337, 509.7338197000090645, 151.5258473846449760 ) ) ;
#1189 = CARTESIAN_POINT ( 'NONE',  ( 1176.038041989427484, 450.8964563080658081, 31.06249802763961654 ) ) ;
#1190 = CARTESIAN_POINT ( 'NONE',  ( 733.2952803886914808, 50.60030354075299641, 9.483442059171878213 ) ) ;
#1191 = CARTESIAN_POINT ( 'NONE',  ( 1301.241876699702516, 851.6063234240161819, 151.1332057766369417 ) ) ;
#1192 = CARTESIAN_POINT ( 'NONE',  ( 560.0000000000000000, 10.82488030195620787, 20.45146460033694069 ) ) ;
#1193 = CARTESIAN_POINT ( 'NONE',  ( 1171.679486190853822, 276.6134106327615427, -141.4437243539374549 ) ) ;
#1194 = CARTESIAN_POINT ( 'NONE',  ( 792.4656726348724760, 45.67163041148690183, -76.60316690208419743 ) ) ;
#1195 = CARTESIAN_POINT ( 'NONE',  ( 1437.749804458548851, 951.0711103871065006, -30.28145685259910636 ) ) ;
#1196 = CARTESIAN_POINT ( 'NONE',  ( 1134.044783109464788, 396.5176441729464045, 64.20674609931327836 ) ) ;
#1197 = CARTESIAN_POINT ( 'NONE',  ( 1374.683404588294025, 586.4431244815589253, -119.1263292318762410 ) ) ;
#1198 = CARTESIAN_POINT ( 'NONE',  ( 895.8748363516874633, 159.5856093831415876, 52.40402734462213630 ) ) ;
#1199 = CARTESIAN_POINT ( 'NONE',  ( 792.5285548862403857, 45.04757080946236414, -72.00366239446468342 ) ) ;
#1200 = CARTESIAN_POINT ( 'NONE',  ( 1165.447372155479798, 481.2855652590955629, 110.1308353948261640 ) ) ;
#1201 = SHAPE_DEFINITION_REPRESENTATION ( #941, #435 ) ;
#1202 = CARTESIAN_POINT ( 'NONE',  ( 733.5425795060931478, 46.91986752090230794, -0.3542100820499446412 ) ) ;
#1203 = CARTESIAN_POINT ( 'NONE',  ( 1164.238749866217859, 484.7479094732568683, 115.7593744858262994 ) ) ;
#1204 = CARTESIAN_POINT ( 'NONE',  ( 579.4706258069386422, -2.675688030124934169, -34.36592101209324568 ) ) ;
#1205 = CARTESIAN_POINT ( 'NONE',  ( 1402.323001259123203, 969.3677228087578897, 27.42979809555103898 ) ) ;
#1206 = CARTESIAN_POINT ( 'NONE',  ( 579.3320361262798315, 16.42992411642687856, 40.77236109739092740 ) ) ;
#1207 = CARTESIAN_POINT ( 'NONE',  ( 1421.493626578054318, 754.8048900205407108, -95.96204388009412867 ) ) ;
#1208 = CARTESIAN_POINT ( 'NONE',  ( 1354.679721304892837, 974.9232646812381518, 121.6052558726910036 ) ) ;
#1209 = CARTESIAN_POINT ( 'NONE',  ( 1259.980975166489998, 690.9779676701432436, 117.9731921673321864 ) ) ;
#1210 = CARTESIAN_POINT ( 'NONE',  ( 960.2553604554212825, 129.6265529239273349, -89.19383777078040509 ) ) ;
#1211 = CARTESIAN_POINT ( 'NONE',  ( 957.3292202579056038, 145.6305434230517903, -55.74910127551965644 ) ) ;
#1212 = CARTESIAN_POINT ( 'NONE',  ( 1470.964640390639261, 792.0803397006525302, -136.1378683326818759 ) ) ;
#1213 = CARTESIAN_POINT ( 'NONE',  ( 899.2194028464130042, 137.5262638965897963, -28.65047110041176737 ) ) ;
#1214 = CARTESIAN_POINT ( 'NONE',  ( 1386.730028126579100, 694.2368444252341533, -64.21118576623958063 ) ) ;
#1215 = CARTESIAN_POINT ( 'NONE',  ( 618.5547890614246853, 7.569897921369625138, -32.74234181511378949 ) ) ;
#1216 = CARTESIAN_POINT ( 'NONE',  ( 1037.694571571480537, 320.8259331305250157, 114.9256975797016906 ) ) ;
#1217 = CARTESIAN_POINT ( 'NONE',  ( 942.7050835036978924, 225.5235979134033641, 92.52224184039833688 ) ) ;
#1218 = CARTESIAN_POINT ( 'NONE',  ( 1462.062178644468531, 915.1666128642833655, -73.91353028779204237 ) ) ;
#1219 = CARTESIAN_POINT ( 'NONE',  ( 1298.047500532566346, 857.4923486487859918, 167.3623113302665217 ) ) ;
#1220 = CARTESIAN_POINT ( 'NONE',  ( 1396.703347761620307, 908.8371065109561187, 10.67376013176811078 ) ) ;
#1221 = CARTESIAN_POINT ( 'NONE',  ( 1002.745261231275890, 217.7886289379163713, 8.237950280915645962 ) ) ;
#1222 = CARTESIAN_POINT ( 'NONE',  ( 675.3260522347771939, 49.22584147180757697, 43.70908702455809447 ) ) ;
#1223 = CARTESIAN_POINT ( 'NONE',  ( 676.7984596756185738, 14.25495683889930554, -35.68487038577699622 ) ) ;
#1224 = CARTESIAN_POINT ( 'NONE',  ( 1118.479578643199375, 242.8108564524393103, -113.8667922232484528 ) ) ;
#1225 = CARTESIAN_POINT ( 'NONE',  ( 1353.777736565381701, 487.6012422568903730, -170.8222241697341985 ) ) ;
#1226 = CARTESIAN_POINT ( 'NONE',  ( 1433.850925258909911, 921.4761433956804240, -37.28857549090512435 ) ) ;
#1227 = CARTESIAN_POINT ( 'NONE',  ( 999.1404855669537710, 234.6057520990478906, 41.03401050597524602 ) ) ;
#1228 = CARTESIAN_POINT ( 'NONE',  ( 1341.634372177167734, 513.9410250597143204, -128.6929126151268008 ) ) ;
#1229 = CARTESIAN_POINT ( 'NONE',  ( 1134.878883752212914, 393.8607586884534726, 59.67166145218513407 ) ) ;
#1230 = CARTESIAN_POINT ( 'NONE',  ( 1119.778189231324404, 238.1690835210958710, -121.9275156743563997 ) ) ;
#1231 = CARTESIAN_POINT ( 'NONE',  ( 1078.164786960285937, 386.8816564428180982, 131.7882850195382218 ) ) ;
#1232 = CARTESIAN_POINT ( 'NONE',  ( 579.3797071902929474, 9.787922955500604871, 26.41516612102848427 ) ) ;
#1233 = CARTESIAN_POINT ( 'NONE',  ( 1189.315159825923047, 412.9023775619454568, -2.813854283499015008 ) ) ;
#1234 = CARTESIAN_POINT ( 'NONE',  ( 993.8125526324949988, 259.4538313235065630, 88.10815259161866209 ) ) ;
#1235 = CARTESIAN_POINT ( 'NONE',  ( 1412.679092535264544, 646.4582583119091623, -142.5832620500228529 ) ) ;
#1236 = CARTESIAN_POINT ( 'NONE',  ( 1276.819994672768644, 654.4563306217839909, 56.61750934083801212 ) ) ;
#1237 = CARTESIAN_POINT ( 'NONE',  ( 789.9705754214359104, 72.16938031525761232, -0.5329372860895982278 ) ) ;
#1238 = CARTESIAN_POINT ( 'NONE',  ( 1460.781222308564566, 880.5682760570024357, -81.22044614764944015 ) ) ;
#1239 = CARTESIAN_POINT ( 'NONE',  ( 579.3304551131091102, 16.65067843485623911, 40.84334921042132294 ) ) ;
#1240 = CARTESIAN_POINT ( 'NONE',  ( 1108.753144460553358, 277.5193204998576562, -77.16623374876175490 ) ) ;
#1241 = CARTESIAN_POINT ( 'NONE',  ( 1284.662393398142058, 766.0839521369787235, 144.5439054335743094 ) ) ;
#1242 = CARTESIAN_POINT ( 'NONE',  ( 1337.778549880855508, 897.7227471529083687, 104.5930725020055831 ) ) ;
#1243 = CARTESIAN_POINT ( 'NONE',  ( 1305.157189391151405, 444.7601023522549326, -138.4427126476520300 ) ) ;
#1244 = CARTESIAN_POINT ( 'NONE',  ( 1010.310973670201406, 182.4849476935627024, -61.10895486579168079 ) ) ;
#1245 = CARTESIAN_POINT ( 'NONE',  ( 1168.797874694185111, 285.7786619699527364, -134.8603820677728322 ) ) ;
#1246 = CARTESIAN_POINT ( 'NONE',  ( 1323.398616368711828, 553.4577791773508579, -90.77378304364269468 ) ) ;
#1247 = CARTESIAN_POINT ( 'NONE',  ( 1440.360646573179110, 911.5877001355569291, -49.89963853864392007 ) ) ;
#1248 = CARTESIAN_POINT ( 'NONE',  ( 1198.812541020471144, 385.6893298441117395, -47.66457546481390750 ) ) ;
#1249 = CARTESIAN_POINT ( 'NONE',  ( 1293.612267052809784, 472.0590950100879013, -115.0620876522620932 ) ) ;
#1250 = CARTESIAN_POINT ( 'NONE',  ( 579.3445764738002026, 14.68146285318676192, 38.45502895301783042 ) ) ;
#1251 = CARTESIAN_POINT ( 'NONE',  ( 1157.643103550957676, 503.6283516810483434, 133.1473742741283388 ) ) ;
#1252 = CARTESIAN_POINT ( 'NONE',  ( 1303.078838216764098, 449.6602706227912449, -143.4573957929228527 ) ) ;
#1253 = CARTESIAN_POINT ( 'NONE',  ( 990.7740154405488511, 273.6189988726079605, 112.4361500451481817 ) ) ;
#1254 = CARTESIAN_POINT ( 'NONE',  ( 1090.068872226085659, 344.2926109536832087, 36.08038627716971547 ) ) ;
#1255 = CARTESIAN_POINT ( 'NONE',  ( 1263.947694239257544, 542.2957784918694415, 10.65664057649932239 ) ) ;
#1256 = CARTESIAN_POINT ( 'NONE',  ( 579.3294244538881230, 16.84977545619018002, 29.92693562314037337 ) ) ;
#1257 = CARTESIAN_POINT ( 'NONE',  ( 903.7005944328531086, 108.2509718273044541, -59.54523480963170812 ) ) ;
#1258 = CARTESIAN_POINT ( 'NONE',  ( 849.1792976205260857, 70.80835625537184796, -73.82904172798545517 ) ) ;
#1259 = CARTESIAN_POINT ( 'NONE',  ( 1352.954587918301058, 489.3848351676310813, -169.2301576600444264 ) ) ;
#1260 = CARTESIAN_POINT ( 'NONE',  ( 1052.836153562059508, 259.3617359003782212, -29.64243472441450322 ) ) ;
#1261 = CARTESIAN_POINT ( 'NONE',  ( 1313.284133692123987, 708.9683570347466457, 59.93901242086560188 ) ) ;
#1262 = CARTESIAN_POINT ( 'NONE',  ( 1166.598445898808905, 292.8090087842070943, -112.6907411442093689 ) ) ;
#1263 = CARTESIAN_POINT ( 'NONE',  ( 843.4273882542761385, 117.6172136682890255, 36.33538738185998795 ) ) ;
#1264 = CARTESIAN_POINT ( 'NONE',  ( 792.3890797598030531, 46.53800860764650338, -66.63224784295904612 ) ) ;
#1265 = CARTESIAN_POINT ( 'NONE',  ( 1390.156679270874292, 555.5656952179813288, -163.2214862995965632 ) ) ;
#1266 = CARTESIAN_POINT ( 'NONE',  ( 1344.301395094172221, 991.2390778574692831, 135.7744385372122338 ) ) ;
#1267 = CARTESIAN_POINT ( 'NONE',  ( 946.3189367686612741, 205.8127173325148931, 67.54220363039765118 ) ) ;
#1268 = CARTESIAN_POINT ( 'NONE',  ( 560.0000000000014779, 5.802443900627678453, 25.93843809712622317 ) ) ;
#1269 = CARTESIAN_POINT ( 'NONE',  ( 579.4658577719856112, -2.014359899746825278, -33.16192991111402222 ) ) ;
#1270 = CARTESIAN_POINT ( 'NONE',  ( 579.3459583552515824, 14.60864157264729180, 13.88041343415448203 ) ) ;
#1271 = CARTESIAN_POINT ( 'NONE',  ( 900.7809782747651752, 127.4103553980896493, -17.05597054810595736 ) ) ;
#1272 = CARTESIAN_POINT ( 'NONE',  ( 1215.122618334753952, 338.9538520688485050, -123.6200314557619890 ) ) ;
#1273 = CARTESIAN_POINT ( 'NONE',  ( 1319.887380682692310, 928.2758395265797162, 158.5898681348023729 ) ) ;
#1274 = CARTESIAN_POINT ( 'NONE',  ( 1158.453349390853418, 318.7144792175263888, -91.01552329832901478 ) ) ;
#1275 = CARTESIAN_POINT ( 'NONE',  ( 894.0674562874075946, 171.4284221101190724, 76.34049351416901175 ) ) ;
#1276 = CARTESIAN_POINT ( 'NONE',  ( 840.8488265731402862, 138.4857557137933668, 59.80009841701382101 ) ) ;
#1277 = CARTESIAN_POINT ( 'NONE',  ( 1258.233253646641742, 555.8207244741656723, 31.69073485334093121 ) ) ;
#1278 = CARTESIAN_POINT ( 'NONE',  ( 618.7399648813380963, -2.721262362660355816, -39.90947729271923805 ) ) ;
#1279 = CARTESIAN_POINT ( 'NONE',  ( 618.6779641197659885, 0.9917861460894390468, -25.87331587037244063 ) ) ;
#1280 = CARTESIAN_POINT ( 'NONE',  ( 1068.040199212727885, 197.7483577046554046, -122.0334109459537615 ) ) ;
#1281 = CARTESIAN_POINT ( 'NONE',  ( 952.9405711599432607, 169.5238116907533765, -38.07423442284958526 ) ) ;
#1282 = CARTESIAN_POINT ( 'NONE',  ( 847.5838811209055166, 83.80141317294477687, -42.50404464506702595 ) ) ;
#1283 = CARTESIAN_POINT ( 'NONE',  ( 901.3956240032570122, 123.2644293736571228, -54.97296490261692981 ) ) ;
#1284 = CARTESIAN_POINT ( 'NONE',  ( 1389.776181932626969, 1021.918523230091751, 77.10899024834452575 ) ) ;
#1285 = CARTESIAN_POINT ( 'NONE',  ( 1324.855083297557258, 919.7908407466014751, 141.7445148950350244 ) ) ;
#1286 = CARTESIAN_POINT ( 'NONE',  ( 1213.834628928426582, 342.6190504991662351, -131.3557730951315534 ) ) ;
#1287 = CARTESIAN_POINT ( 'NONE',  ( 675.4299757454342625, 46.89278774258269067, 54.12551379352598957 ) ) ;
#1288 = CARTESIAN_POINT ( 'NONE',  ( 1273.655691185369278, 661.3187221196569681, 67.64155910032386032 ) ) ;
#1289 = CC_DESIGN_PERSON_AND_ORGANIZATION_ASSIGNMENT ( #6101, #574, ( #5692 ) ) ;
#1290 = CARTESIAN_POINT ( 'NONE',  ( 1466.549546839330560, 871.8060886888998766, -97.13033619282789743 ) ) ;
#1291 = CARTESIAN_POINT ( 'NONE',  ( 1418.435296216580582, 944.8925837642880197, 6.681195109458320402 ) ) ;
#1292 = CARTESIAN_POINT ( 'NONE',  ( 1285.368554248916098, 764.6600960974811869, 124.7696633751151865 ) ) ;
#1293 = CARTESIAN_POINT ( 'NONE',  ( 1452.308961392570154, 929.5701574125233719, -50.05442328460268442 ) ) ;
#1294 = CARTESIAN_POINT ( 'NONE',  ( 618.7518418042639041, -3.434587502406602155, -42.49109498011756614 ) ) ;
#1295 = CARTESIAN_POINT ( 'NONE',  ( 792.3144072895701129, 47.26146766742520811, -75.50584105956635028 ) ) ;
#1296 = CARTESIAN_POINT ( 'NONE',  ( 1099.378128912596821, 311.0176888804209057, -23.50043080126823725 ) ) ;
#1297 = CARTESIAN_POINT ( 'NONE',  ( 1135.710830030065154, 391.2106351270583104, 55.13372945847257256 ) ) ;
#1298 = CARTESIAN_POINT ( 'NONE',  ( 998.7370498158005603, 236.4876537610638536, 44.67016295373345969 ) ) ;
#1299 = CARTESIAN_POINT ( 'NONE',  ( 1014.675500118328500, 162.1151302627951338, -100.8580809159204392 ) ) ;
#1300 = CARTESIAN_POINT ( 'NONE',  ( 961.2961563330363788, 123.9190725712080621, -103.8595589782583914 ) ) ;
#1301 = CARTESIAN_POINT ( 'NONE',  ( 1248.009424841885675, 716.9488995371400506, 166.7106417808668652 ) ) ;
#1302 = CARTESIAN_POINT ( 'NONE',  ( 1366.843738057331393, 955.7963975174037614, 94.61105251925741300 ) ) ;
#1303 = CARTESIAN_POINT ( 'NONE',  ( 579.3797071902929474, 9.787922955500604871, 26.41516612102848427 ) ) ;
#1304 = CARTESIAN_POINT ( 'NONE',  ( 1414.460168055600207, 643.1801157402568379, -146.4382285423959900 ) ) ;
#1305 = CARTESIAN_POINT ( 'NONE',  ( 731.8226633028398282, 72.31880334040718594, 37.61064813347652347 ) ) ;
#1306 = CARTESIAN_POINT ( 'NONE',  ( 953.5063856419058084, 166.5325390265801104, -12.30810285572515994 ) ) ;
#1307 = CARTESIAN_POINT ( 'NONE',  ( 1117.713892737577225, 245.5477766408217235, -109.1371607016584022 ) ) ;
#1308 = CARTESIAN_POINT ( 'NONE',  ( 840.4276758072185203, 141.9774290555924097, 85.09075525327176592 ) ) ;
#1309 = CARTESIAN_POINT ( 'NONE',  ( 733.7712571031905782, 43.30438081696151897, -40.25218009761069027 ) ) ;
#1310 = CARTESIAN_POINT ( 'NONE',  ( 1162.653364748208332, 489.2896861360597427, 123.0656977146142310 ) ) ;
#1311 = CARTESIAN_POINT ( 'NONE',  ( 1228.980812904772847, 625.0325605776420161, 120.6018433329120114 ) ) ;
#1312 = CARTESIAN_POINT ( 'NONE',  ( 560.0000000000000000, -9.944310363464406777, -37.92430577169580630 ) ) ;
#1313 = CARTESIAN_POINT ( 'NONE',  ( 734.4792792013971621, 32.95977156342389236, -39.18690426465784071 ) ) ;
#1314 = CARTESIAN_POINT ( 'NONE',  ( 1203.927043529074126, 371.0343669222472727, -71.63441293173114843 ) ) ;
#1315 = CARTESIAN_POINT ( 'NONE',  ( 1423.967953368572580, 625.6807784033760527, -165.6114775444385430 ) ) ;
#1316 = CARTESIAN_POINT ( 'NONE',  ( 676.7260572984340570, 15.99556985773454088, -30.16862238197155222 ) ) ;
#1317 = CARTESIAN_POINT ( 'NONE',  ( 1443.407569456416695, 835.4043622908421867, -85.70900389266807906 ) ) ;
#1318 = CARTESIAN_POINT ( 'NONE',  ( 1038.273957193260230, 318.4781351280760191, 110.8737034248699018 ) ) ;
#1319 = CARTESIAN_POINT ( 'NONE',  ( 1303.069214877737522, 848.2413086981213155, 145.1200100779604156 ) ) ;
#1320 = CARTESIAN_POINT ( 'NONE',  ( 1115.795711169340393, 252.3624161876160201, -113.1938925816068888 ) ) ;
#1321 = CARTESIAN_POINT ( 'NONE',  ( 1387.830008931323164, 1024.792630183604160, 80.13553936503389252 ) ) ;
#1322 = CARTESIAN_POINT ( 'NONE',  ( 1380.431934477469213, 934.4221268891672025, 46.87943749050209874 ) ) ;
#1323 = CARTESIAN_POINT ( 'NONE',  ( 1134.935629227022901, 393.6247793347689026, 29.23694399092306284 ) ) ;
#1324 = CARTESIAN_POINT ( 'NONE',  ( 1422.165836722346739, 974.0855032514737104, 10.75992402354856914 ) ) ;
#1325 = CARTESIAN_POINT ( 'NONE',  ( 618.2075514901169981, 28.00996525800251646, 37.55344278895297805 ) ) ;
#1326 = CARTESIAN_POINT ( 'NONE',  ( 1252.328562688012880, 413.1964378184555926, -95.41429953783224960 ) ) ;
#1327 = CARTESIAN_POINT ( 'NONE',  ( 1392.230183545608952, 551.4230211127915027, -172.3947795186068106 ) ) ;
#1328 = CARTESIAN_POINT ( 'NONE',  ( 898.7635470025966242, 140.5150511815998584, -22.70510681805970421 ) ) ;
#1329 = CARTESIAN_POINT ( 'NONE',  ( 1251.095253524560803, 572.7147670908717600, 57.99014103187893454 ) ) ;
#1330 = CARTESIAN_POINT ( 'NONE',  ( 1246.812695339312768, 582.8504937689931467, 73.77141532205588703 ) ) ;
#1331 = CARTESIAN_POINT ( 'NONE',  ( 618.7622890517179712, -4.060700352051597406, -44.78688987478256678 ) ) ;
#1332 = CARTESIAN_POINT ( 'NONE',  ( 849.5267342428734310, 67.96102126687533485, -83.08250979136889214 ) ) ;
#1333 = CARTESIAN_POINT ( 'NONE',  ( 840.2027650746400695, 143.7945412005642822, 85.24387778690126538 ) ) ;
#1334 = CARTESIAN_POINT ( 'NONE',  ( 1388.905936254864855, 989.7481166536402952, 68.85245250078205004 ) ) ;
#1335 = CARTESIAN_POINT ( 'NONE',  ( 1366.424029745543749, 731.6181708469916884, -10.72908291378962709 ) ) ;
#1336 = CARTESIAN_POINT ( 'NONE',  ( 1334.920136940959992, 528.4993783352722403, -107.3712409609830019 ) ) ;
#1337 = CARTESIAN_POINT ( 'NONE',  ( 1201.308136957809211, 545.6531381256666009, 115.6082517014602331 ) ) ;
#1338 = CARTESIAN_POINT ( 'NONE',  ( 676.7007827226692598, 16.35535986404381603, -49.71740352447546485 ) ) ;
#1339 = CARTESIAN_POINT ( 'NONE',  ( 944.6419062923997672, 214.9028749006332362, 59.33099092661462493 ) ) ;
#1340 = CARTESIAN_POINT ( 'NONE',  ( 559.9999999999989768, -4.958872600911925943, -8.643951026227789214 ) ) ;
#1341 = CARTESIAN_POINT ( 'NONE',  ( 1346.673331512842879, 503.0141235325478419, -144.6011795609267381 ) ) ;
#1342 = CARTESIAN_POINT ( 'NONE',  ( 1078.821257366383179, 384.5442263344127127, 133.0603244479037244 ) ) ;
#1343 = CARTESIAN_POINT ( 'NONE',  ( 1443.205404785610881, 943.0142835658946296, -40.51337167396256689 ) ) ;
#1344 = CARTESIAN_POINT ( 'NONE',  ( 1124.785726490151546, 426.0085750026009350, 114.0605348407810169 ) ) ;
#1345 = CARTESIAN_POINT ( 'NONE',  ( 1081.873151865397858, 373.6057826372942259, 97.84033832489144800 ) ) ;
#1346 = CARTESIAN_POINT ( 'NONE',  ( 676.2809808271579186, 26.66160585623346790, 2.172653463893279291 ) ) ;
#1347 = CARTESIAN_POINT ( 'NONE',  ( 1160.689389662234817, 311.6353721462261888, -80.96301086966259675 ) ) ;
#1348 = CARTESIAN_POINT ( 'NONE',  ( 1382.440087839570197, 821.4721976125645142, -7.957999124563956528 ) ) ;
#1349 = CARTESIAN_POINT ( 'NONE',  ( 1014.474477519883294, 163.0130525251032054, -110.3507628225477504 ) ) ;
#1350 = CARTESIAN_POINT ( 'NONE',  ( 676.2231454334328191, 27.68358367552984589, -27.74951879599426974 ) ) ;
#1351 = CARTESIAN_POINT ( 'NONE',  ( 1291.285307732886622, 477.5924790274136171, -88.90971429049601227 ) ) ;
#1352 = CARTESIAN_POINT ( 'NONE',  ( 841.2128677476373468, 135.6063516265072337, 75.00053566504546154 ) ) ;
#1353 = CARTESIAN_POINT ( 'NONE',  ( 1118.911694642084285, 444.7064080025098747, 134.6018985356251108 ) ) ;
#1354 = CARTESIAN_POINT ( 'NONE',  ( 1415.830886309752259, 640.6571484427540781, -149.3823697080288753 ) ) ;
#1355 = CARTESIAN_POINT ( 'NONE',  ( 943.0574165672276195, 223.6221625069950676, 101.0311159738739804 ) ) ;
#1356 = CARTESIAN_POINT ( 'NONE',  ( 675.4796498672287726, 45.45994960787390937, 23.14247504465946292 ) ) ;
#1357 = CARTESIAN_POINT ( 'NONE',  ( 1365.726053318797312, 850.0064177529089875, 32.24294608223076608 ) ) ;
#1358 = CARTESIAN_POINT ( 'NONE',  ( 1354.294653167628212, 753.9472665915732250, 21.45361995721485826 ) ) ;
#1359 = CARTESIAN_POINT ( 'NONE',  ( 560.0000000000000000, 11.45381585212134290, 28.67594053856093694 ) ) ;
#1360 = CARTESIAN_POINT ( 'NONE',  ( 1062.365803305481904, 220.7953330795335773, -70.29728183544780507 ) ) ;
#1361 = CARTESIAN_POINT ( 'NONE',  ( 1218.911490025548119, 328.0809989005564944, -148.4254047706546658 ) ) ;
#1362 = CARTESIAN_POINT ( 'NONE',  ( 579.3872948441569406, 8.902248187413494662, -6.963752972917634843 ) ) ;
#1363 = CARTESIAN_POINT ( 'NONE',  ( 1413.043837284694519, 987.5568657645627582, 29.35055519530387613 ) ) ;
#1364 = CARTESIAN_POINT ( 'NONE',  ( 1212.051459573446436, 517.7637565340921810, 71.04827638746098728 ) ) ;
#1365 = CC_DESIGN_SECURITY_CLASSIFICATION ( #4112, ( #5692 ) ) ;
#1366 = CARTESIAN_POINT ( 'NONE',  ( 1119.778189231324404, 238.1690835210958710, -121.9275156743563997 ) ) ;
#1367 = CARTESIAN_POINT ( 'NONE',  ( 579.5108257399105014, -8.304057776143404013, -40.02348119851690456 ) ) ;
#1368 = CARTESIAN_POINT ( 'NONE',  ( 1272.976561443095306, 789.3989839956645937, 170.2052702604685805 ) ) ;
#1369 = CARTESIAN_POINT ( 'NONE',  ( 1168.317961417672905, 473.0617883374214898, 96.57378403306559278 ) ) ;
#1370 = CARTESIAN_POINT ( 'NONE',  ( 1085.667649996626778, 360.0852984302703135, 94.12557268398551003 ) ) ;
#1371 = CARTESIAN_POINT ( 'NONE',  ( 903.5123450095134103, 109.4006841480827745, -77.74407609979020606 ) ) ;
#1372 = CARTESIAN_POINT ( 'NONE',  ( 1084.635568527363830, 363.7225126205967172, 75.48850781251024955 ) ) ;
#1373 = CARTESIAN_POINT ( 'NONE',  ( 1057.137327273786468, 241.9998355900423235, -30.77209582398164045 ) ) ;
#1374 = CARTESIAN_POINT ( 'NONE',  ( 849.1088621314087277, 71.38118332312721748, -72.58585955276210200 ) ) ;
#1375 = CARTESIAN_POINT ( 'NONE',  ( 1274.655435317404908, 786.0514517750805226, 169.8838520116550797 ) ) ;
#1376 = CARTESIAN_POINT ( 'NONE',  ( 1412.631215303363888, 769.9330284063966019, -76.74321097096581923 ) ) ;
#1377 = CARTESIAN_POINT ( 'NONE',  ( 1197.974299890408474, 554.3073367767642594, 129.2135764770428921 ) ) ;
#1378 = CARTESIAN_POINT ( 'NONE',  ( 1194.990787521356424, 562.0302551546227505, 124.2317968902446523 ) ) ;
#1379 = CARTESIAN_POINT ( 'NONE',  ( 1099.959795243838016, 309.0097275530653747, 3.577044468000496469 ) ) ;
#1380 = CARTESIAN_POINT ( 'NONE',  ( 1447.119380905420940, 829.5747489974720565, -80.45161448522037517 ) ) ;
#1381 = CARTESIAN_POINT ( 'NONE',  ( 789.9098584740320348, 72.81220373612472940, 1.076910388843004274 ) ) ;
#1382 = CARTESIAN_POINT ( 'NONE',  ( 1069.209907909024878, 193.0191129612925351, -125.2227420580300503 ) ) ;
#1383 = CARTESIAN_POINT ( 'NONE',  ( 1320.454763960382934, 559.8403348855036938, -82.16553888976528697 ) ) ;
#1384 = CARTESIAN_POINT ( 'NONE',  ( 734.3792315416544625, 34.45222029693131560, -34.94019310901143172 ) ) ;
#1385 = CARTESIAN_POINT ( 'NONE',  ( 1226.440325940241109, 631.0653330988161542, 149.7325806121648100 ) ) ;
#1386 = CARTESIAN_POINT ( 'NONE',  ( 579.3273314523643194, 17.09514396103217848, 39.14039180314976107 ) ) ;
#1387 = CARTESIAN_POINT ( 'NONE',  ( 1210.441181270650532, 352.3374912287266056, -118.8168513748517086 ) ) ;
#1388 = CARTESIAN_POINT ( 'NONE',  ( 1346.040149027772486, 988.5077036226973632, 138.1637734989270427 ) ) ;
#1389 = CARTESIAN_POINT ( 'NONE',  ( 1324.989608648793819, 807.8800402835789782, 78.13253896309203128 ) ) ;
#1390 = CARTESIAN_POINT ( 'NONE',  ( 1278.289777831886568, 508.3507172578616178, -41.82452260821927581 ) ) ;
#1391 = CARTESIAN_POINT ( 'NONE',  ( 1454.579751902015687, 698.3330694797871274, -159.8067619728479087 ) ) ;
#1392 = CARTESIAN_POINT ( 'NONE',  ( 1413.538956034030434, 986.8256747351255171, 28.33593009703757204 ) ) ;
#1393 = CARTESIAN_POINT ( 'NONE',  ( 579.3281661259891280, 17.01200425265805549, 32.66857116541383732 ) ) ;
#1394 = CARTESIAN_POINT ( 'NONE',  ( 1115.114413041298121, 254.8408058465063561, -92.70493366161593940 ) ) ;
#1395 = CARTESIAN_POINT ( 'NONE',  ( 1348.936179839151009, 498.0943588248285891, -160.1378496505104465 ) ) ;
#1396 = CARTESIAN_POINT ( 'NONE',  ( 1003.066410455579103, 216.1977380093180159, -27.31417954668773973 ) ) ;
#1397 = CARTESIAN_POINT ( 'NONE',  ( 1047.734236564190496, 280.1292696988297735, 40.40331906431620013 ) ) ;
#1398 = CARTESIAN_POINT ( 'NONE',  ( 732.9157370602907804, 56.24447638473244382, 24.19216416317717488 ) ) ;
#1399 = CARTESIAN_POINT ( 'NONE',  ( 990.7721140549965639, 273.6044570513690815, 101.1480326736778039 ) ) ;
#1400 = CARTESIAN_POINT ( 'NONE',  ( 734.9195057756546703, 26.38680255785887141, -58.20902644684056071 ) ) ;
#1401 = CARTESIAN_POINT ( 'NONE',  ( 961.3182305970568677, 123.7948108442563608, -104.9686974169152478 ) ) ;
#1402 = CARTESIAN_POINT ( 'NONE',  ( 560.0000000000000000, 3.321903533480500936, 19.13383373858745173 ) ) ;
#1403 = CARTESIAN_POINT ( 'NONE',  ( 560.0000000000011369, 4.956524812469123908, 23.68618293017571474 ) ) ;
#1404 = CARTESIAN_POINT ( 'NONE',  ( 1458.735887038418468, 883.6751531340975134, -83.86200359649728853 ) ) ;
#1405 = CARTESIAN_POINT ( 'NONE',  ( 994.5266926448530285, 256.0518796378692628, 53.46757078891828741 ) ) ;
#1406 = CARTESIAN_POINT ( 'NONE',  ( 1192.696766417565414, 403.2130054106197576, -18.85086741653315201 ) ) ;
#1407 = CARTESIAN_POINT ( 'NONE',  ( 1305.157189391151405, 444.7601023522549326, -138.4427126476520300 ) ) ;
#1408 = CARTESIAN_POINT ( 'NONE',  ( 1299.566243538612071, 854.6970543481656932, 164.9508774291927296 ) ) ;
#1409 = CARTESIAN_POINT ( 'NONE',  ( 1155.356120367596532, 328.5777336719983737, -76.59474349331797782 ) ) ;
#1410 = CARTESIAN_POINT ( 'NONE',  ( 1219.364046926848005, 498.7350420666152786, 12.28745715189882226 ) ) ;
#1411 = CARTESIAN_POINT ( 'NONE',  ( 579.3618157361053136, 12.27756065283307585, 32.73020833860875456 ) ) ;
#1412 = CARTESIAN_POINT ( 'NONE',  ( 1306.296346064436420, 842.2986838240619818, 134.3874370751868810 ) ) ;
#1413 = CARTESIAN_POINT ( 'NONE',  ( 560.0000000000000000, -0.3551373257202335432, -19.93900826047734398 ) ) ;
#1414 = CARTESIAN_POINT ( 'NONE',  ( 1161.531633224849884, 308.9523351510274551, -85.49689801580734638 ) ) ;
#1415 = CARTESIAN_POINT ( 'NONE',  ( 1471.293311621736848, 864.5998893822361424, -103.3928708866308313 ) ) ;
#1416 = CARTESIAN_POINT ( 'NONE',  ( 1445.040896635144463, 832.8427476024625093, -75.99066846292080868 ) ) ;
#1417 = CARTESIAN_POINT ( 'NONE',  ( 1448.723433910541644, 934.8652619388050198, -50.63367919060476652 ) ) ;
#1418 = CARTESIAN_POINT ( 'NONE',  ( 560.0000000000000000, 7.970662602502075700, 31.52091803712216134 ) ) ;
#1419 = CARTESIAN_POINT ( 'NONE',  ( 579.3275061466664511, 17.07469675850893509, 38.26350647408560945 ) ) ;
#1420 = CARTESIAN_POINT ( 'NONE',  ( 1164.235615662632199, 300.3025974825221738, -116.5859675830667754 ) ) ;
#1421 = CARTESIAN_POINT ( 'NONE',  ( 840.9680589307124592, 137.5933174031814588, 79.04490977166203436 ) ) ;
#1422 = CARTESIAN_POINT ( 'NONE',  ( 994.5266926448530285, 256.0518796378692628, 53.46757078891828741 ) ) ;
#1423 = CARTESIAN_POINT ( 'NONE',  ( 1430.899456283161953, 925.9593570565019718, -19.45034581331838197 ) ) ;
#1424 = CARTESIAN_POINT ( 'NONE',  ( 734.9106549968007585, 26.44203400550048144, -66.83698582335659921 ) ) ;
#1425 = CARTESIAN_POINT ( 'NONE',  ( 791.9366286179413237, 51.24538488311257822, -70.26140886535482366 ) ) ;
#1426 = CARTESIAN_POINT ( 'NONE',  ( 1397.130288118949920, 1011.057984258028341, 52.99558403629004744 ) ) ;
#1427 = CARTESIAN_POINT ( 'NONE',  ( 1255.566958710230892, 700.5528547808441999, 135.3156557324267055 ) ) ;
#1428 = CARTESIAN_POINT ( 'NONE',  ( 1453.368409849672844, 819.7495230251233806, -93.82003785309422028 ) ) ;
#1429 = CARTESIAN_POINT ( 'NONE',  ( 1178.034482215853586, 445.1755807991282836, 21.37973023425379182 ) ) ;
#1430 = CARTESIAN_POINT ( 'NONE',  ( 1067.067945814797213, 201.6871464962869709, -117.3751495865186882 ) ) ;
#1431 = CARTESIAN_POINT ( 'NONE',  ( 1328.161312402518661, 679.2556496513141155, -8.498190607604964697 ) ) ;
#1432 = CARTESIAN_POINT ( 'NONE',  ( 789.2053318743669479, 80.26914966737398061, 19.56352127534048790 ) ) ;
#1433 = CARTESIAN_POINT ( 'NONE',  ( 956.7119272523694917, 148.9255342479641513, -73.22985542889847466 ) ) ;
#1434 = CARTESIAN_POINT ( 'NONE',  ( 999.5440261129416513, 232.7233747653928901, 37.39877046547185557 ) ) ;
#1435 = CARTESIAN_POINT ( 'NONE',  ( 675.3036994307497025, 49.80857107598541234, 50.50728813785146798 ) ) ;
#1436 = CARTESIAN_POINT ( 'NONE',  ( 618.7627943357784943, -4.134205244109758759, -46.61216568880795563 ) ) ;
#1437 = CARTESIAN_POINT ( 'NONE',  ( 1471.380267904420180, 864.4677893925086209, -103.7306667737505279 ) ) ;
#1438 = CARTESIAN_POINT ( 'NONE',  ( 947.5489234691797265, 199.0933156301795748, 54.31389817631362860 ) ) ;
#1439 = CARTESIAN_POINT ( 'NONE',  ( 1403.917198270379458, 1001.035080001282836, 47.93210082076963374 ) ) ;
#1440 = CARTESIAN_POINT ( 'NONE',  ( 676.5443945054732922, 20.05800725946967589, -43.28975781047827809 ) ) ;
#1441 = CARTESIAN_POINT ( 'NONE',  ( 1085.404486781274272, 360.9721531281950888, 69.59438441081459814 ) ) ;
#1442 = CARTESIAN_POINT ( 'NONE',  ( 676.5533258557160252, 20.14115142610826226, -17.32749405732500136 ) ) ;
#1443 = CARTESIAN_POINT ( 'NONE',  ( 1464.084963023001819, 912.1793662814142181, -73.36061080456059358 ) ) ;
#1444 = CARTESIAN_POINT ( 'NONE',  ( 1078.451018612633789, 385.8659545096488159, 134.1289172131165230 ) ) ;
#1445 = CARTESIAN_POINT ( 'NONE',  ( 788.1370546303706988, 91.38931696253069958, 10.85094712597342159 ) ) ;
#1446 = CARTESIAN_POINT ( 'NONE',  ( 1262.254682832554408, 686.0664109442252538, 129.6434606150062052 ) ) ;
#1447 = CARTESIAN_POINT ( 'NONE',  ( 731.6195610222581536, 75.39549616637292218, 54.23603856809372559 ) ) ;
#1448 = APPROVAL_ROLE ( '' ) ;
#1449 = CARTESIAN_POINT ( 'NONE',  ( 791.6090081881848164, 54.81105124168812637, -44.93199418869502182 ) ) ;
#1450 = CARTESIAN_POINT ( 'NONE',  ( 1261.739679894756819, 547.4856933080062618, -8.158019108582440282 ) ) ;
#1451 = CARTESIAN_POINT ( 'NONE',  ( 675.5799896241589977, 43.34391824611013533, 46.04497121173029939 ) ) ;
#1452 = CARTESIAN_POINT ( 'NONE',  ( 731.9764715169866349, 70.18092885783438817, 57.29057851986349448 ) ) ;
#1453 = CARTESIAN_POINT ( 'NONE',  ( 618.2044275209285615, 28.32503931066396063, 45.20691158963538925 ) ) ;
#1454 = CARTESIAN_POINT ( 'NONE',  ( 1435.035467752640443, 731.6896009606729194, -124.3276617071618944 ) ) ;
#1455 = CARTESIAN_POINT ( 'NONE',  ( 1305.408806916881986, 843.9424624698971229, 152.9235410801296950 ) ) ;
#1456 = CARTESIAN_POINT ( 'NONE',  ( 1265.941074690281766, 678.0504004651037349, 95.46219615624752919 ) ) ;
#1457 = CARTESIAN_POINT ( 'NONE',  ( 1196.775856614048507, 391.5251605458395829, -38.05353949697189364 ) ) ;
#1458 = CARTESIAN_POINT ( 'NONE',  ( 1171.891585105049671, 275.9331477180148227, -144.4571120807878515 ) ) ;
#1459 = CARTESIAN_POINT ( 'NONE',  ( 1305.650032708396793, 443.5769101779929997, -150.7388133419050860 ) ) ;
#1460 = FACE_OUTER_BOUND ( 'NONE', #3493, .T. ) ;
#1461 = CARTESIAN_POINT ( 'NONE',  ( 1226.468468963989380, 630.9816301581531661, 131.9086854748773590 ) ) ;
#1462 = CARTESIAN_POINT ( 'NONE',  ( 579.4971533823722893, -6.453838488060795520, -27.94756376044895063 ) ) ;
#1463 = CARTESIAN_POINT ( 'NONE',  ( 1136.564381560962602, 388.4354373536201592, 20.09119700233380001 ) ) ;
#1464 = CARTESIAN_POINT ( 'NONE',  ( 792.0202458858586851, 50.36409447897912628, -71.47833401248517760 ) ) ;
#1465 = CARTESIAN_POINT ( 'NONE',  ( 560.0000000000003411, 7.373077284337208326, 3.045824493168623803 ) ) ;
#1466 = CARTESIAN_POINT ( 'NONE',  ( 1255.861600923785772, 561.4339788997185678, 40.46869372345736338 ) ) ;
#1467 = CARTESIAN_POINT ( 'NONE',  ( 732.9711570521506019, 55.42082955449553339, 22.09859925871189290 ) ) ;
#1468 = CARTESIAN_POINT ( 'NONE',  ( 1192.677510485108087, 568.0405590987181768, 137.0093171688884581 ) ) ;
#1469 = ORIENTED_EDGE ( 'NONE', *, *, #3322, .T. ) ;
#1470 = CARTESIAN_POINT ( 'NONE',  ( 618.7597719263561657, -3.996998359306939808, -47.64133877319566324 ) ) ;
#1471 = CARTESIAN_POINT ( 'NONE',  ( 1354.221430478705770, 486.6432891651227806, -169.7608722474849969 ) ) ;
#1472 = CARTESIAN_POINT ( 'NONE',  ( 1242.522799521702382, 593.0034214794519585, 89.53468204528830654 ) ) ;
#1473 = CARTESIAN_POINT ( 'NONE',  ( 579.3898127555692099, 8.383442323981279642, 22.60729089325327479 ) ) ;
#1474 = CARTESIAN_POINT ( 'NONE',  ( 1254.214779247604383, 408.2686982666882614, -120.0653657298637285 ) ) ;
#1475 = CARTESIAN_POINT ( 'NONE',  ( 1339.693677405609833, 894.4526952616970448, 99.35009836543471806 ) ) ;
#1476 = CARTESIAN_POINT ( 'NONE',  ( 1307.198195361342187, 439.9295922994815555, -145.5431941718343580 ) ) ;
#1477 = CARTESIAN_POINT ( 'NONE',  ( 892.8296340793168611, 179.5353389189895097, 91.70121118805136007 ) ) ;
#1478 = CARTESIAN_POINT ( 'NONE',  ( 579.3655677928609293, 11.75556428214752458, 31.45317034795803934 ) ) ;
#1479 = CARTESIAN_POINT ( 'NONE',  ( 1379.345407646877902, 1004.270912954413120, 79.98566834583090213 ) ) ;
#1480 = CC_DESIGN_APPROVAL ( #4408, ( #4112 ) ) ;
#1481 = APPROVAL_DATE_TIME ( #1511, #5175 ) ;
#1482 = CARTESIAN_POINT ( 'NONE',  ( 618.3014216762912838, 22.90208130791074836, 40.30782507527377589 ) ) ;
#1483 = CARTESIAN_POINT ( 'NONE',  ( 787.3414358987538435, 99.96547022438518582, 64.39649722888024996 ) ) ;
#1484 = CARTESIAN_POINT ( 'NONE',  ( 942.3571934326677138, 227.4339384348851922, 99.05682232628541328 ) ) ;
#1485 = CARTESIAN_POINT ( 'NONE',  ( 1254.214779247604383, 408.2686982666882614, -120.0653657298637285 ) ) ;
#1486 = CARTESIAN_POINT ( 'NONE',  ( 991.8050323952701319, 268.8137633831297535, 106.0064630167877908 ) ) ;
#1487 = CARTESIAN_POINT ( 'NONE',  ( 1085.404486781274272, 360.9721531281950888, 69.59438441081459814 ) ) ;
#1488 = CARTESIAN_POINT ( 'NONE',  ( 1434.023838737248525, 921.2132297234940097, -25.95648091835454707 ) ) ;
#1489 = CARTESIAN_POINT ( 'NONE',  ( 961.2645314028185339, 124.0823273771846829, -106.1056800563251272 ) ) ;
#1490 = CARTESIAN_POINT ( 'NONE',  ( 1416.876609617410168, 638.7324437835443405, -151.5978750033015388 ) ) ;
#1491 = CARTESIAN_POINT ( 'NONE',  ( 579.4405839013303421, 1.347737154145782323, 0.7400675063968115142 ) ) ;
#1492 = CARTESIAN_POINT ( 'NONE',  ( 1037.540430396575402, 321.4158600051429744, 97.44370574745619251 ) ) ;
#1493 = CARTESIAN_POINT ( 'NONE',  ( 1064.466148019874481, 212.2767441891539022, -86.08278048694000972 ) ) ;
#1494 = CARTESIAN_POINT ( 'NONE',  ( 904.8257487404798667, 100.8042177677726130, -89.80556606893185290 ) ) ;
#1495 = CARTESIAN_POINT ( 'NONE',  ( 1219.777216145200327, 646.8303614628540572, 165.8405551985593434 ) ) ;
#1496 = CARTESIAN_POINT ( 'NONE',  ( 675.7510474679014578, 38.93851157591032575, 0.9539008629381211524 ) ) ;
#1497 = CARTESIAN_POINT ( 'NONE',  ( 949.6636403461039890, 187.5378237990734931, 31.07795384165665098 ) ) ;
#1498 = CARTESIAN_POINT ( 'NONE',  ( 560.0000000000000000, 0.6775830779543785543, 11.10309603510661525 ) ) ;
#1499 = CARTESIAN_POINT ( 'NONE',  ( 892.4460999610666931, 182.0194697129618930, 85.66110070248494424 ) ) ;
#1500 = VERTEX_POINT ( 'NONE', #627 ) ;
#1501 = CARTESIAN_POINT ( 'NONE',  ( 905.7271007057515817, 94.93983253538030453, -90.39301340293573617 ) ) ;
#1502 = CARTESIAN_POINT ( 'NONE',  ( 1015.805210885482211, 156.8200188118784695, -115.8767036285655649 ) ) ;
#1503 = CARTESIAN_POINT ( 'NONE',  ( 1170.362660931900109, 467.2039210607073301, 86.96010996437338747 ) ) ;
#1504 = CARTESIAN_POINT ( 'NONE',  ( 1115.114413041298121, 254.8408058465063561, -92.70493366161593940 ) ) ;
#1505 = CARTESIAN_POINT ( 'NONE',  ( 946.3189367686612741, 205.8127173325148931, 67.54220363039765118 ) ) ;
#1506 = CARTESIAN_POINT ( 'NONE',  ( 1164.235615662632199, 300.3025974825221738, -116.5859675830667754 ) ) ;
#1507 = CARTESIAN_POINT ( 'NONE',  ( 786.9879133615587534, 103.6028079194247056, 50.58931961679672185 ) ) ;
#1508 = CARTESIAN_POINT ( 'NONE',  ( 618.7595865698723401, -3.893980894479114774, -43.98618649385526425 ) ) ;
#1509 = CARTESIAN_POINT ( 'NONE',  ( 787.6515250311960017, 96.69102857466479861, 57.29412952985593677 ) ) ;
#1510 = CARTESIAN_POINT ( 'NONE',  ( 1308.415069671230867, 838.3973432197605007, 127.7047044116775822 ) ) ;
#1511 = DATE_AND_TIME ( #1074, #517 ) ;
#1512 = CARTESIAN_POINT ( 'NONE',  ( 1124.785726490151546, 426.0085750026009350, 114.0605348407810169 ) ) ;
#1513 = CARTESIAN_POINT ( 'NONE',  ( 787.2989966821194230, 100.4137604831875592, 65.50044796147197701 ) ) ;
#1514 = CARTESIAN_POINT ( 'NONE',  ( 1078.060624995439412, 387.2559309569244306, 133.3964007449872895 ) ) ;
#1515 = CARTESIAN_POINT ( 'NONE',  ( 1454.438266170405313, 818.0619678720992169, -106.8143511941511576 ) ) ;
#1516 = CARTESIAN_POINT ( 'NONE',  ( 943.9050492446692715, 218.9968466527294026, 93.63411230749099445 ) ) ;
#1517 = CARTESIAN_POINT ( 'NONE',  ( 993.9628609670554624, 258.6857030512750271, 59.78897225854846198 ) ) ;
#1518 = CARTESIAN_POINT ( 'NONE',  ( 902.3834768665524280, 116.8953826444892741, -40.31240574740235871 ) ) ;
#1519 = CARTESIAN_POINT ( 'NONE',  ( 1312.529745123273642, 427.3038497922084389, -167.1146374579849407 ) ) ;
#1520 = CARTESIAN_POINT ( 'NONE',  ( 1339.560128937105674, 656.5095691010998280, -40.65963474283951484 ) ) ;
#1521 = CARTESIAN_POINT ( 'NONE',  ( 618.6630897830566482, 1.388270482035134146, -44.13739496890791969 ) ) ;
#1522 = CARTESIAN_POINT ( 'NONE',  ( 1052.961807729825978, 258.9324788841761347, 0.8682011967653636697 ) ) ;
#1523 = CARTESIAN_POINT ( 'NONE',  ( 1225.350561880240775, 633.6290128779603492, 137.2148487182609813 ) ) ;
#1524 = CARTESIAN_POINT ( 'NONE',  ( 618.7144745365143308, -1.183573130559563813, -33.78046997200608104 ) ) ;
#1525 = CARTESIAN_POINT ( 'NONE',  ( 904.6456960853490727, 101.9830230755032829, -88.26119191289886601 ) ) ;
#1526 = CARTESIAN_POINT ( 'NONE',  ( 786.6329451613281663, 107.4351641475447394, 76.30963028452991637 ) ) ;
#1527 = CARTESIAN_POINT ( 'NONE',  ( 1324.417598461573334, 686.7263965468908964, 2.319847445587847279 ) ) ;
#1528 = CARTESIAN_POINT ( 'NONE',  ( 897.9035004806587494, 146.2856538406836933, 24.33479313830930835 ) ) ;
#1529 = CARTESIAN_POINT ( 'NONE',  ( 1283.623592953198795, 639.7312177681784533, 59.44101681707307705 ) ) ;
#1530 = CARTESIAN_POINT ( 'NONE',  ( 786.6988371142667802, 106.7058297484897480, 66.92608614270643841 ) ) ;
#1531 = CARTESIAN_POINT ( 'NONE',  ( 1431.554757553439458, 960.2199514076230571, -18.41220651549015841 ) ) ;
#1532 = CARTESIAN_POINT ( 'NONE',  ( 1068.670178788094290, 195.2200712468147401, -118.3717814346324104 ) ) ;
#1533 = CARTESIAN_POINT ( 'NONE',  ( 676.9804873066262871, 9.762644587392005135, -57.59453673813815300 ) ) ;
#1534 = CARTESIAN_POINT ( 'NONE',  ( 900.6498755109942067, 128.1507155784779002, -46.27602739729393733 ) ) ;
#1535 = CARTESIAN_POINT ( 'NONE',  ( 947.2430216135553565, 200.7645376970372979, 57.62103280204954814 ) ) ;
#1536 = B_SPLINE_CURVE_WITH_KNOTS ( 'NONE', 3,
 ( #4732, #4702, #2154, #4203, #1692, #1661, #2090, #1594, #1128, #3682, #5167, #5656, #5688, #6091, #3615, #3151, #2123, #5720, #1192, #4139, #564, #1064, #3713, #4171, #5133, #1627, #3216 ),
 .UNSPECIFIED., .F., .F.,
 ( 4, 1, 1, 1, 1, 1, 1, 1, 1, 1, 1, 1, 1, 1, 1, 1, 1, 1, 1, 1, 1, 1, 1, 1, 4 ),
 ( 0.7505999999999994898, 0.7683986166196945522, 0.7893052615948727979, 0.8102117423621137959, 0.8311181834422948222, 0.8520248099348135540, 0.8729310362650863908, 0.8938376168553749945, 0.9147438170771955424, 0.9356503802234595879, 0.9565568476072726645, 0.9774634720060219051, 1.000000000000000000, 1.020874919565434968, 1.041779553113790335, 1.062684407504202566, 1.083590055847669209, 1.104495137717890429, 1.125401284430912252, 1.146306912991852167, 1.167213269717867208, 1.188119382639885480, 1.209025203790010439, 1.229931675086650023, 1.250599996355119536 ),
 .UNSPECIFIED. ) ;
#1537 = CARTESIAN_POINT ( 'NONE',  ( 1114.443223914259988, 257.2400367354393893, -88.49310088130910401 ) ) ;
#1538 = CARTESIAN_POINT ( 'NONE',  ( 1401.302625762506295, 1004.896278887677454, 53.24573576103549044 ) ) ;
#1539 = CARTESIAN_POINT ( 'NONE',  ( 618.2142125331082525, 27.55475810337393483, 32.89129253981677437 ) ) ;
#1540 = CARTESIAN_POINT ( 'NONE',  ( 1419.383275008494365, 634.1267978044961637, -148.5659098612894695 ) ) ;
#1541 = CARTESIAN_POINT ( 'NONE',  ( 732.1859298485370573, 67.07576441945008128, 50.14383687250059296 ) ) ;
#1542 = CARTESIAN_POINT ( 'NONE',  ( 559.9999999999998863, 11.47930796297310962, 30.43329265348263846 ) ) ;
#1543 = CARTESIAN_POINT ( 'NONE',  ( 732.0590870288738188, 68.95592293556767061, 54.31816773852243330 ) ) ;
#1544 = CARTESIAN_POINT ( 'NONE',  ( 1258.900229171250430, 693.3399074357248537, 140.5655444049735934 ) ) ;
#1545 = CARTESIAN_POINT ( 'NONE',  ( 892.1470891478553540, 183.9994201682825405, 95.52027611611399038 ) ) ;
#1546 = CARTESIAN_POINT ( 'NONE',  ( 1452.909295135516004, 928.6835849526838729, -58.14867833463061686 ) ) ;
#1547 = CARTESIAN_POINT ( 'NONE',  ( 618.2772179435166890, 24.28108153360398092, 43.92742860635429025 ) ) ;
#1548 = CARTESIAN_POINT ( 'NONE',  ( 731.7900841576341691, 72.80935383163455299, 39.80799343849336935 ) ) ;
#1549 = CARTESIAN_POINT ( 'NONE',  ( 1440.472973560137007, 947.0495361255992748, -26.32790544434023161 ) ) ;
#1550 = CARTESIAN_POINT ( 'NONE',  ( 1220.304401698459060, 324.0934207413532135, -152.3424623972098289 ) ) ;
#1551 = CARTESIAN_POINT ( 'NONE',  ( 1427.412704069312895, 931.2559613189748688, -24.55993912528997569 ) ) ;
#1552 = CARTESIAN_POINT ( 'NONE',  ( 733.9823456291539969, 40.17570051705997258, -46.24304702641637022 ) ) ;
#1553 = CARTESIAN_POINT ( 'NONE',  ( 845.6043632722916072, 99.91223571319528673, -4.349060335700047020 ) ) ;
#1554 = CARTESIAN_POINT ( 'NONE',  ( 786.7316275167418098, 106.3506864420321989, 64.45581395556783377 ) ) ;
#1555 = CARTESIAN_POINT ( 'NONE',  ( 959.6750656992632003, 132.8006705323427354, -82.56163750849806604 ) ) ;
#1556 = CARTESIAN_POINT ( 'NONE',  ( 1328.161312402518661, 679.2556496513141155, -8.498190607604964697 ) ) ;
#1557 = CARTESIAN_POINT ( 'NONE',  ( 559.9999999999998863, -6.678670124263289765, -32.73553749766562504 ) ) ;
#1558 = CARTESIAN_POINT ( 'NONE',  ( 786.6096127773013222, 107.6806816660029540, 76.29304838977884629 ) ) ;
#1559 = CARTESIAN_POINT ( 'NONE',  ( 1421.036935955088438, 940.9408983470856356, -11.72881196424783212 ) ) ;
#1560 = CARTESIAN_POINT ( 'NONE',  ( 1142.353510823301804, 370.0500831341713592, 18.80004534606492328 ) ) ;
#1561 = CARTESIAN_POINT ( 'NONE',  ( 579.4236983873113331, 3.683752564841396016, 8.505138293785236669 ) ) ;
#1562 = CARTESIAN_POINT ( 'NONE',  ( 579.3277834787216989, 17.04096847613355692, 37.37983439021992638 ) ) ;
#1563 = CARTESIAN_POINT ( 'NONE',  ( 1427.411577170949386, 966.3385973548320180, 0.1034645811038821805 ) ) ;
#1564 = CARTESIAN_POINT ( 'NONE',  ( 734.9933289945204251, 25.25787278209954678, -64.29935495373679544 ) ) ;
#1565 = CARTESIAN_POINT ( 'NONE',  ( 1069.196189441528077, 193.0729167824746924, -125.6337170927808700 ) ) ;
#1566 = CARTESIAN_POINT ( 'NONE',  ( 579.4208838759393529, 4.242865312630486052, -19.64851587388636744 ) ) ;
#1567 = CARTESIAN_POINT ( 'NONE',  ( 1398.236285411504468, 975.5752112323057190, 49.21996737569762104 ) ) ;
#1568 = CARTESIAN_POINT ( 'NONE',  ( 1405.154613307660838, 660.3194449065582603, -112.1221403659303917 ) ) ;
#1569 = CARTESIAN_POINT ( 'NONE',  ( 1392.016921375470929, 985.0224960260633225, 62.30414289970858022 ) ) ;
#1570 = CARTESIAN_POINT ( 'NONE',  ( 618.2205827178256641, 27.14302071634408975, 29.64475807783752970 ) ) ;
#1571 = CARTESIAN_POINT ( 'NONE',  ( 960.6806881978704951, 127.3018311395558158, -93.78475080005175357 ) ) ;
#1572 = CARTESIAN_POINT ( 'NONE',  ( 1395.416600674495612, 1013.588756700645376, 65.20541218141418938 ) ) ;
#1573 = CARTESIAN_POINT ( 'NONE',  ( 1225.350561880240775, 633.6290128779603492, 137.2148487182609813 ) ) ;
#1574 = CARTESIAN_POINT ( 'NONE',  ( 1083.248991554037730, 368.7269834795730503, 109.0265596053650228 ) ) ;
#1575 = CARTESIAN_POINT ( 'NONE',  ( 732.0293739243813889, 69.39635780185001579, 55.33580183784020079 ) ) ;
#1576 = CARTESIAN_POINT ( 'NONE',  ( 1118.154270668721438, 447.1224142859402946, 140.5900015382468382 ) ) ;
#1577 = AXIS2_PLACEMENT_3D ( 'NONE', #3503, #73, #6541 ) ;
#1578 = CARTESIAN_POINT ( 'NONE',  ( 1009.330330093330758, 186.9879305104726086, -76.56779586209543709 ) ) ;
#1579 = CARTESIAN_POINT ( 'NONE',  ( 1352.941453304493280, 977.6567511176887137, 125.9545178851992944 ) ) ;
#1580 = CARTESIAN_POINT ( 'NONE',  ( 893.3426023693218667, 176.1066634453277402, 63.33079075620959486 ) ) ;
#1581 = CARTESIAN_POINT ( 'NONE',  ( 1442.891863201865362, 907.7425304023323633, -44.40721896811233194 ) ) ;
#1582 = CARTESIAN_POINT ( 'NONE',  ( 734.8335700059190003, 27.57808106867690867, -65.96952454575965419 ) ) ;
#1583 = CARTESIAN_POINT ( 'NONE',  ( 1190.422282989440873, 409.6819060514320086, -35.93097573772210751 ) ) ;
#1584 = CARTESIAN_POINT ( 'NONE',  ( 1362.380288310138894, 739.0623244081642724, -0.002137438370221778766 ) ) ;
#1585 = CARTESIAN_POINT ( 'NONE',  ( 1158.745646616351451, 500.4657785808902304, 125.7950176601264047 ) ) ;
#1586 = CARTESIAN_POINT ( 'NONE',  ( 559.9999999999987494, -9.861160642146995059, -28.59102667874574166 ) ) ;
#1587 = CARTESIAN_POINT ( 'NONE',  ( 1421.715988720654195, 974.7498384718393254, 0.9570838067188264242 ) ) ;
#1588 = CARTESIAN_POINT ( 'NONE',  ( 1385.537645041067435, 564.7730790187104049, -158.7120469517245738 ) ) ;
#1589 = CARTESIAN_POINT ( 'NONE',  ( 1247.902993983160059, 717.1823951161118202, 170.1554094196702920 ) ) ;
#1590 = CARTESIAN_POINT ( 'NONE',  ( 618.2848638383808293, 23.24212145216182179, 10.36037767098558149 ) ) ;
#1591 = CARTESIAN_POINT ( 'NONE',  ( 845.0325043911764169, 104.5646208869155629, 6.530611974313289103 ) ) ;
#1592 = CARTESIAN_POINT ( 'NONE',  ( 618.4789308821747227, 12.68564034594056622, 12.85662908568943585 ) ) ;
#1593 = CARTESIAN_POINT ( 'NONE',  ( 1156.689221037562902, 506.3644469621270332, 139.1699936893961080 ) ) ;
#1594 = CARTESIAN_POINT ( 'NONE',  ( 560.0000000000000000, 3.180787641983370939, 18.74776448971838860 ) ) ;
#1595 = CARTESIAN_POINT ( 'NONE',  ( 1267.688166735876621, 373.3122312499510826, -159.0400657452423161 ) ) ;
#1596 = CARTESIAN_POINT ( 'NONE',  ( 1454.519572523287934, 698.4352649379025024, -160.1414555436598164 ) ) ;
#1597 = CARTESIAN_POINT ( 'NONE',  ( 676.0941379563225837, 30.75243544470460577, -20.67572729668766485 ) ) ;
#1598 = CARTESIAN_POINT ( 'NONE',  ( 579.3995570918704061, 7.030383831641198178, 18.78602768097827180 ) ) ;
#1599 = CARTESIAN_POINT ( 'NONE',  ( 1065.516137638149303, 208.0179869124418701, -93.95740790415649712 ) ) ;
#1600 = CARTESIAN_POINT ( 'NONE',  ( 1275.404890651798496, 657.5523988327581719, 86.44340689630712404 ) ) ;
#1601 = CARTESIAN_POINT ( 'NONE',  ( 787.0431587306826486, 103.0126071524419729, 48.08211391098222265 ) ) ;
#1602 = CARTESIAN_POINT ( 'NONE',  ( 1422.710861411088672, 628.0006572877681492, -157.1765418791722766 ) ) ;
#1603 = CARTESIAN_POINT ( 'NONE',  ( 1265.551609023911396, 678.9176606301523407, 118.8288582524599235 ) ) ;
#1604 = CARTESIAN_POINT ( 'NONE',  ( 840.4879641246239999, 141.4452510655814308, 72.59814789108213517 ) ) ;
#1605 = COORDINATED_UNIVERSAL_TIME_OFFSET ( 5, 30, .AHEAD. ) ;
#1606 = CARTESIAN_POINT ( 'NONE',  ( 579.3698573438431367, 11.15833537207947046, 29.97261568119233033 ) ) ;
#1607 = CARTESIAN_POINT ( 'NONE',  ( 1381.080710801389387, 1001.634703895676125, 85.27580648388131124 ) ) ;
#1608 = CARTESIAN_POINT ( 'NONE',  ( 579.3279594487516988, 17.00123733252850755, 40.42466112884695661 ) ) ;
#1609 = CARTESIAN_POINT ( 'NONE',  ( 1428.233807560791547, 743.2995701115211205, -110.2520306784481363 ) ) ;
#1610 = CARTESIAN_POINT ( 'NONE',  ( 1228.931553695046432, 625.1692706323090079, 139.5477304204887332 ) ) ;
#1611 = CARTESIAN_POINT ( 'NONE',  ( 559.9999999999994316, 11.21123090302427627, 24.42121249510954684 ) ) ;
#1612 = CARTESIAN_POINT ( 'NONE',  ( 1438.127771160068278, 843.7123197572556137, -61.11200268616422449 ) ) ;
#1613 = CARTESIAN_POINT ( 'NONE',  ( 676.9381542933564333, 10.74678750111556269, -57.46139553854816739 ) ) ;
#1614 = CARTESIAN_POINT ( 'NONE',  ( 788.8645586432070331, 83.68553417489368940, -8.470661878901612596 ) ) ;
#1615 = CARTESIAN_POINT ( 'NONE',  ( 1248.773905332383492, 422.3900773534163022, -101.1119836750661989 ) ) ;
#1616 = CARTESIAN_POINT ( 'NONE',  ( 618.5767050809165539, 6.969156334969670574, -5.404719870319306452 ) ) ;
#1617 = CARTESIAN_POINT ( 'NONE',  ( 1159.109061116440671, 499.4235134165709837, 123.4178900318760839 ) ) ;
#1618 = CARTESIAN_POINT ( 'NONE',  ( 1013.503425561506106, 167.5846990700648291, -90.36932019210077272 ) ) ;
#1619 = CARTESIAN_POINT ( 'NONE',  ( 843.6597114158414570, 115.5727921598219723, -4.181280317600895025 ) ) ;
#1620 = CARTESIAN_POINT ( 'NONE',  ( 676.7713225051471682, 14.69182270291272552, -52.20811957130434422 ) ) ;
#1621 = CARTESIAN_POINT ( 'NONE',  ( 1078.236117842573549, 386.6326001546586326, 134.4998635405819414 ) ) ;
#1622 = EDGE_CURVE ( 'NONE', #5999, #6496, #1536, .T. ) ;
#1623 = CARTESIAN_POINT ( 'NONE',  ( 947.4720733807434954, 199.4140496698663299, 21.57240899190027505 ) ) ;
#1624 = CARTESIAN_POINT ( 'NONE',  ( 1140.696997508933009, 375.3271809144571307, 27.89271543120440455 ) ) ;
#1625 = CARTESIAN_POINT ( 'NONE',  ( 1140.696997508933009, 375.3271809144571307, 27.89271543120440455 ) ) ;
#1626 = CARTESIAN_POINT ( 'NONE',  ( 942.3571934326677138, 227.4339384348851922, 99.05682232628541328 ) ) ;
#1627 = CARTESIAN_POINT ( 'NONE',  ( 560.0000000000000000, 6.378208518085498824, -0.5873281726318252405 ) ) ;
#1628 = CARTESIAN_POINT ( 'NONE',  ( 905.8426437857860947, 94.16334540218090865, -95.13758576338167927 ) ) ;
#1629 = CARTESIAN_POINT ( 'NONE',  ( 734.9282870324421992, 26.18362629858585322, -66.88127881422545329 ) ) ;
#1630 = CARTESIAN_POINT ( 'NONE',  ( 953.6002029852791111, 165.9202370816129246, -44.54475771233003201 ) ) ;
#1631 = CARTESIAN_POINT ( 'NONE',  ( 1046.155735475084384, 286.5290861069960897, 52.23984159858975573 ) ) ;
#1632 = CARTESIAN_POINT ( 'NONE',  ( 560.0000000000010232, -9.623573865514334358, -27.39520239912035393 ) ) ;
#1633 = CARTESIAN_POINT ( 'NONE',  ( 842.8232094567084687, 122.5272085402773854, 47.09530365569531796 ) ) ;
#1634 = CARTESIAN_POINT ( 'NONE',  ( 1068.101006028233314, 197.5331229849661554, -113.3013086572572092 ) ) ;
#1635 = CARTESIAN_POINT ( 'NONE',  ( 1316.367539110785401, 823.7679230366466072, 122.6282541805367003 ) ) ;
#1636 = CARTESIAN_POINT ( 'NONE',  ( 991.0147651633485566, 272.4683755598498465, 97.36407017547817588 ) ) ;
#1637 = CARTESIAN_POINT ( 'NONE',  ( 1363.728294122545094, 736.5807645595142503, -3.577523114544240102 ) ) ;
#1638 = CARTESIAN_POINT ( 'NONE',  ( 1396.758210030571945, 1011.607468923749934, 62.52589838684995271 ) ) ;
#1639 = CARTESIAN_POINT ( 'NONE',  ( 848.4471370564305062, 76.68623994457058757, -76.79653064697484410 ) ) ;
#1640 = CARTESIAN_POINT ( 'NONE',  ( 945.8665559899909567, 208.1978943585355921, 42.03302688145837607 ) ) ;
#1641 = CARTESIAN_POINT ( 'NONE',  ( 840.2072130339174691, 143.7547932977806511, 84.21708425951401011 ) ) ;
#1642 = CARTESIAN_POINT ( 'NONE',  ( 957.0725482059402793, 146.9567015217346295, -76.34215681165281353 ) ) ;
#1643 = CARTESIAN_POINT ( 'NONE',  ( 893.6445966800577025, 174.1989249100664665, 82.16898141380200116 ) ) ;
#1644 = CARTESIAN_POINT ( 'NONE',  ( 1039.390820202624809, 313.9008501928532269, 78.50234051235608490 ) ) ;
#1645 = CARTESIAN_POINT ( 'NONE',  ( 1117.713892737577225, 245.5477766408217235, -109.1371607016584022 ) ) ;
#1646 = CARTESIAN_POINT ( 'NONE',  ( 1412.856028921894904, 769.5619767733190884, -60.21930925291095349 ) ) ;
#1647 = CARTESIAN_POINT ( 'NONE',  ( 1470.129551236108000, 866.3677204545844006, -102.5779155157412816 ) ) ;
#1648 = CARTESIAN_POINT ( 'NONE',  ( 1390.945312312003807, 806.9525667200298358, -27.81443268062830043 ) ) ;
#1649 = CARTESIAN_POINT ( 'NONE',  ( 1359.044988567184419, 617.6503717139129321, -74.18872811166063741 ) ) ;
#1650 = CARTESIAN_POINT ( 'NONE',  ( 1205.818992068173429, 365.5761942619648721, -100.8377370572234781 ) ) ;
#1651 = CARTESIAN_POINT ( 'NONE',  ( 1193.121854281021342, 566.8860014139015675, 134.4726894971864510 ) ) ;
#1652 = CARTESIAN_POINT ( 'NONE',  ( 560.0000000000002274, 6.085111315978489976, -1.611565059330636096 ) ) ;
#1653 = CARTESIAN_POINT ( 'NONE',  ( 1446.467885472794933, 712.1760934186157783, -146.8067776417302639 ) ) ;
#1654 = CARTESIAN_POINT ( 'NONE',  ( 579.3320361262798315, 16.42992411642687856, 40.77236109739092740 ) ) ;
#1655 = CARTESIAN_POINT ( 'NONE',  ( 1317.002170449208506, 701.5245279445883853, 24.07893887725006010 ) ) ;
#1656 = CARTESIAN_POINT ( 'NONE',  ( 1099.071382678733244, 312.1850262515633290, 9.248346179334543393 ) ) ;
#1657 = CARTESIAN_POINT ( 'NONE',  ( 1233.929019586835466, 460.9661453030391272, -19.92543540070565555 ) ) ;
#1658 = CC_DESIGN_PERSON_AND_ORGANIZATION_ASSIGNMENT ( #2070, #4086, ( #5692 ) ) ;
#1659 = CARTESIAN_POINT ( 'NONE',  ( 1369.035015552493178, 844.3723642502259281, 45.39345878233339704 ) ) ;
#1660 = CARTESIAN_POINT ( 'NONE',  ( 990.4582747413459174, 275.0732946632193716, 105.6931437769565747 ) ) ;
#1661 = CARTESIAN_POINT ( 'NONE',  ( 560.0000000000000000, 1.156982232011550371, 12.60663864302832238 ) ) ;
#1662 = CARTESIAN_POINT ( 'NONE',  ( 792.5311548114119660, 44.99298158503997058, -75.74291172840156605 ) ) ;
#1663 = CARTESIAN_POINT ( 'NONE',  ( 1171.891585105049671, 275.9331477180148227, -144.4571120807878515 ) ) ;
#1664 = CARTESIAN_POINT ( 'NONE',  ( 844.8817015193677662, 105.6363760843783126, -25.65395206045191046 ) ) ;
#1665 = CARTESIAN_POINT ( 'NONE',  ( 732.8041041613879543, 57.90326152331685705, 28.37780381552271791 ) ) ;
#1666 = CARTESIAN_POINT ( 'NONE',  ( 734.7726727024419233, 28.57854438189386315, -51.98455670817702412 ) ) ;
#1667 = CARTESIAN_POINT ( 'NONE',  ( 1132.372651362782790, 401.8438518236856680, 73.26634940872793322 ) ) ;
#1668 = CARTESIAN_POINT ( 'NONE',  ( 1120.537722721198179, 235.4500394913171419, -127.3842118603248963 ) ) ;
#1669 = CARTESIAN_POINT ( 'NONE',  ( 1201.308136957809211, 545.6531381256666009, 115.6082517014602331 ) ) ;
#1670 = CARTESIAN_POINT ( 'NONE',  ( 1084.651092089897929, 363.7174177445525061, 100.4582080479238471 ) ) ;
#1671 = CARTESIAN_POINT ( 'NONE',  ( 559.9999999999996589, -6.996209708703307939, -33.22543457032893599 ) ) ;
#1672 = CARTESIAN_POINT ( 'NONE',  ( 579.3387354282027673, 15.59694551634290072, 19.19455318435486646 ) ) ;
#1673 = CARTESIAN_POINT ( 'NONE',  ( 1188.953632612388901, 577.7193959272022994, 159.5311682345386259 ) ) ;
#1674 = CARTESIAN_POINT ( 'NONE',  ( 1251.489541859207065, 415.3417312240444517, -110.6634118662498736 ) ) ;
#1675 = CARTESIAN_POINT ( 'NONE',  ( 893.7381579587046190, 173.5859353632411626, 80.76966797515734697 ) ) ;
#1676 = CARTESIAN_POINT ( 'NONE',  ( 1232.768803268631473, 616.0634842978647612, 104.0336506668706988 ) ) ;
#1677 = CARTESIAN_POINT ( 'NONE',  ( 1345.880674402306340, 504.7328910962100963, -142.1306898925754467 ) ) ;
#1678 = CARTESIAN_POINT ( 'NONE',  ( 956.7417068910383477, 148.8432637084481200, -49.06118423131529482 ) ) ;
#1679 = CARTESIAN_POINT ( 'NONE',  ( 618.7285240763141019, -2.330010346110385377, -49.26328351220217172 ) ) ;
#1680 = CARTESIAN_POINT ( 'NONE',  ( 1437.749804458548851, 951.0711103871065006, -30.28145685259910636 ) ) ;
#1681 = CARTESIAN_POINT ( 'NONE',  ( 560.0000000000002274, -7.073024766124230922, -16.83169099601950691 ) ) ;
#1682 = CARTESIAN_POINT ( 'NONE',  ( 1331.163953964939310, 536.6222283446664960, -113.0112172589294346 ) ) ;
#1683 = CARTESIAN_POINT ( 'NONE',  ( 731.8521487401300192, 72.01985243296631722, 61.39745227635533809 ) ) ;
#1684 = CARTESIAN_POINT ( 'NONE',  ( 1326.760699414030341, 916.5366206395149220, 136.1013498988460526 ) ) ;
#1685 = CARTESIAN_POINT ( 'NONE',  ( 1424.352812548195061, 970.8557788518259031, -4.306720215049375966 ) ) ;
#1686 = CARTESIAN_POINT ( 'NONE',  ( 734.4792107371964676, 32.82048977134264334, -58.72695480340070873 ) ) ;
#1687 = CARTESIAN_POINT ( 'NONE',  ( 1118.898514857109831, 444.7558784436278643, 142.0230883879928001 ) ) ;
#1688 = CARTESIAN_POINT ( 'NONE',  ( 1136.564381560962602, 388.4354373536201592, 20.09119700233380001 ) ) ;
#1689 = CARTESIAN_POINT ( 'NONE',  ( 1261.086469179867436, 549.0677124296115608, 21.16531614789302296 ) ) ;
#1690 = CARTESIAN_POINT ( 'NONE',  ( 1095.303992825946580, 325.6499017471288084, 33.36811236011629944 ) ) ;
#1691 = CARTESIAN_POINT ( 'NONE',  ( 786.6237294341415236, 107.5152838418046173, 71.58067701545536465 ) ) ;
#1692 = CARTESIAN_POINT ( 'NONE',  ( 560.0000000000000000, 0.1737883051443561699, 9.526756051239372525 ) ) ;
#1693 = CARTESIAN_POINT ( 'NONE',  ( 1266.902987390908265, 375.3537331016029839, -154.9202741581765110 ) ) ;
#1694 = CARTESIAN_POINT ( 'NONE',  ( 1392.716210198278077, 550.4540651553428461, -173.0676028336824572 ) ) ;
#1695 = CARTESIAN_POINT ( 'NONE',  ( 899.2194028464130042, 137.5262638965897963, -28.65047110041176737 ) ) ;
#1696 = CARTESIAN_POINT ( 'NONE',  ( 560.0000000000000000, 2.926725973831514782, 17.99304549284758536 ) ) ;
#1697 = CARTESIAN_POINT ( 'NONE',  ( 904.7339181410275160, 101.4670395467062747, -74.78876967032033463 ) ) ;
#1698 = CARTESIAN_POINT ( 'NONE',  ( 842.9754295785688782, 121.2904167805162388, 44.41331858612334571 ) ) ;
#1699 = CARTESIAN_POINT ( 'NONE',  ( 849.3800954201941522, 69.17316383605248120, -77.76779527667792991 ) ) ;
#1700 = CARTESIAN_POINT ( 'NONE',  ( 1290.228107673760178, 754.9774087237867661, 128.0772217477936863 ) ) ;
#1701 = CARTESIAN_POINT ( 'NONE',  ( 845.4146732045901445, 101.4556011939156832, -0.7192497340386868609 ) ) ;
#1702 = CARTESIAN_POINT ( 'NONE',  ( 1315.015291246636707, 826.2572897303218724, 126.2256269336204895 ) ) ;
#1703 = CARTESIAN_POINT ( 'NONE',  ( 1115.795711169340393, 252.3624161876160201, -113.1938925816068888 ) ) ;
#1704 = CARTESIAN_POINT ( 'NONE',  ( 894.6524557750797157, 167.4918533431153662, 38.13889488105012759 ) ) ;
#1705 = CARTESIAN_POINT ( 'NONE',  ( 1155.205418990217595, 510.6225418326308727, 151.9597421212184258 ) ) ;
#1706 = CARTESIAN_POINT ( 'NONE',  ( 676.3253545956915787, 25.25520201785024454, -32.99612803244253456 ) ) ;
#1707 = CARTESIAN_POINT ( 'NONE',  ( 1257.439332121405187, 696.5077677339630782, 145.8210269147938050 ) ) ;
#1708 = CARTESIAN_POINT ( 'NONE',  ( 1360.844837871945401, 965.2224425891999999, 93.25282895898082813 ) ) ;
#1709 = CARTESIAN_POINT ( 'NONE',  ( 1380.408976834832856, 575.0187766392701860, -135.4345396804142752 ) ) ;
#1710 = CARTESIAN_POINT ( 'NONE',  ( 1442.962202307127654, 836.1110637053102437, -71.52310306532714890 ) ) ;
#1711 = CARTESIAN_POINT ( 'NONE',  ( 1308.806487409579404, 436.1089649006037803, -159.0912955448018806 ) ) ;
#1712 = CARTESIAN_POINT ( 'NONE',  ( 1152.021981460734878, 339.1962254645114285, -60.57356131381419573 ) ) ;
#1713 = CARTESIAN_POINT ( 'NONE',  ( 676.6029568922259614, 18.95069253109999252, -20.99303833441918243 ) ) ;
#1714 = CARTESIAN_POINT ( 'NONE',  ( 1367.075719842739090, 601.6068152660662918, -114.0474486853969012 ) ) ;
#1715 = CARTESIAN_POINT ( 'NONE',  ( 840.8454572818510542, 138.5876719442939304, 80.65436267661385727 ) ) ;
#1716 = CARTESIAN_POINT ( 'NONE',  ( 892.5643873479889407, 181.2378781192169015, 82.30372103650141469 ) ) ;
#1717 = CARTESIAN_POINT ( 'NONE',  ( 1012.285997562641910, 173.2109943542417057, -97.05260629563269958 ) ) ;
#1718 = CARTESIAN_POINT ( 'NONE',  ( 1248.364727649213137, 716.1818411686589343, 169.7028556121054237 ) ) ;
#1719 = CARTESIAN_POINT ( 'NONE',  ( 1374.037167885204099, 835.8175152485376884, 12.06806604060222377 ) ) ;
#1720 = CARTESIAN_POINT ( 'NONE',  ( 789.7270712595063742, 74.74727814546315585, 5.903864268009705540 ) ) ;
#1721 = CARTESIAN_POINT ( 'NONE',  ( 1393.852418791989294, 1015.898739431916511, 60.58215724471265418 ) ) ;
#1722 = CARTESIAN_POINT ( 'NONE',  ( 676.7503691275773008, 15.41139695917479102, -32.00360573401288633 ) ) ;
#1723 = CARTESIAN_POINT ( 'NONE',  ( 849.5327255172065861, 67.89762526455551495, -85.39718841098063251 ) ) ;
#1724 = CARTESIAN_POINT ( 'NONE',  ( 961.2265909520708647, 124.2883299480900376, -106.1629863793592818 ) ) ;
#1725 = CARTESIAN_POINT ( 'NONE',  ( 789.6676018509759842, 75.19274006193120385, -27.45571161698999063 ) ) ;
#1726 = CARTESIAN_POINT ( 'NONE',  ( 948.7618541005944053, 192.4658910900773492, 41.04705982071875070 ) ) ;
#1727 = CARTESIAN_POINT ( 'NONE',  ( 1457.579109382096021, 921.7872064761889987, -60.52663037891426967 ) ) ;
#1728 = CARTESIAN_POINT ( 'NONE',  ( 1044.035132410616143, 295.1260174276026760, 67.98136981498697651 ) ) ;
#1729 = CARTESIAN_POINT ( 'NONE',  ( 618.7622890517179712, -4.060700352051597406, -44.78688987478256678 ) ) ;
#1730 = CARTESIAN_POINT ( 'NONE',  ( 1274.250237832486391, 786.8556066407746812, 164.8153717025460594 ) ) ;
#1731 = CARTESIAN_POINT ( 'NONE',  ( 787.7211688978953816, 95.95584125603130587, 55.71042091483252534 ) ) ;
#1732 = CARTESIAN_POINT ( 'NONE',  ( 789.9705754214359104, 72.16938031525761232, -0.5329372860895982278 ) ) ;
#1733 = CARTESIAN_POINT ( 'NONE',  ( 732.2274251342752223, 66.46074767518213378, 48.76234179308568173 ) ) ;
#1734 = CARTESIAN_POINT ( 'NONE',  ( 1116.941400970271161, 248.2712737038296211, -118.5712618410258159 ) ) ;
#1735 = CARTESIAN_POINT ( 'NONE',  ( 675.5189533855777881, 44.51062559801464147, 19.40287585105519952 ) ) ;
#1736 = CARTESIAN_POINT ( 'NONE',  ( 618.5605471175847470, 7.917782057133086582, -2.264445150697402820 ) ) ;
#1737 = CARTESIAN_POINT ( 'NONE',  ( 1301.469179318336501, 453.4888807113680400, -125.3283666835245072 ) ) ;
#1738 = CARTESIAN_POINT ( 'NONE',  ( 1247.677019081824710, 717.6718654368231682, 170.1509355595747763 ) ) ;
#1739 = CARTESIAN_POINT ( 'NONE',  ( 560.0000000000000000, -1.268572601243290077, -22.06252056529000427 ) ) ;
#1740 = CARTESIAN_POINT ( 'NONE',  ( 1082.045496681045051, 373.0271200397618259, 117.2026368631852051 ) ) ;
#1741 = CARTESIAN_POINT ( 'NONE',  ( 1358.960148821084886, 968.1862352030797183, 97.94451766251071945 ) ) ;
#1742 = CARTESIAN_POINT ( 'NONE',  ( 1215.122618334753952, 338.9538520688485050, -123.6200314557619890 ) ) ;
#1743 = CARTESIAN_POINT ( 'NONE',  ( 1248.630149146382337, 422.7985842090110395, -80.35274817858190488 ) ) ;
#1744 = CARTESIAN_POINT ( 'NONE',  ( 1451.317927762797808, 703.8986359022521810, -155.4488882039766509 ) ) ;
#1745 = CARTESIAN_POINT ( 'NONE',  ( 1196.884516767967625, 391.1688490877104414, -64.03365477213434076 ) ) ;
#1746 = CARTESIAN_POINT ( 'NONE',  ( 734.2787033407721538, 35.95160230270315083, -30.69461293064129137 ) ) ;
#1747 = CARTESIAN_POINT ( 'NONE',  ( 1251.489541859207065, 415.3417312240444517, -110.6634118662498736 ) ) ;
#1748 = CARTESIAN_POINT ( 'NONE',  ( 560.0000000000003411, 8.911711219255284533, 33.78272612881522718 ) ) ;
#1749 = CARTESIAN_POINT ( 'NONE',  ( 1119.771631019130155, 441.9634159377937408, 128.3126269890005915 ) ) ;
#1750 = CARTESIAN_POINT ( 'NONE',  ( 1382.403009156518010, 571.0269643947955274, -151.5877007000821095 ) ) ;
#1751 = CARTESIAN_POINT ( 'NONE',  ( 560.0000000000004547, 10.83717250256181153, 36.53712744070297447 ) ) ;
#1752 = CARTESIAN_POINT ( 'NONE',  ( 995.2201914518466310, 252.8129524471953289, 45.94599102418631986 ) ) ;
#1753 = CARTESIAN_POINT ( 'NONE',  ( 618.5274114984048310, 9.857934125962641403, 4.003045222590723817 ) ) ;
#1754 = CARTESIAN_POINT ( 'NONE',  ( 1037.808017239417723, 320.3288774562212780, 94.59544803619385789 ) ) ;
#1755 = CARTESIAN_POINT ( 'NONE',  ( 1369.044228651808908, 597.6966818525116878, -103.0002519117651616 ) ) ;
#1756 = CARTESIAN_POINT ( 'NONE',  ( 734.8932276349758013, 26.77724761797415098, -57.23646894966630327 ) ) ;
#1757 = CARTESIAN_POINT ( 'NONE',  ( 560.0000000000006821, -8.566913039058920987, -35.63493733779946382 ) ) ;
#1758 = CARTESIAN_POINT ( 'NONE',  ( 844.2607716953190220, 110.6846195722311990, -14.95527300679075644 ) ) ;
#1759 = CARTESIAN_POINT ( 'NONE',  ( 1336.153419110239156, 787.3438118602327904, 69.81524647074081713 ) ) ;
#1760 = CARTESIAN_POINT ( 'NONE',  ( 959.6750656992632003, 132.8006705323427354, -82.56163750849806604 ) ) ;
#1761 = CARTESIAN_POINT ( 'NONE',  ( 1248.241332166569464, 579.4692920570420256, 68.51228804621904089 ) ) ;
#1762 = CARTESIAN_POINT ( 'NONE',  ( 618.7595865698723401, -3.893980894479114774, -43.98618649385526425 ) ) ;
#1763 = CARTESIAN_POINT ( 'NONE',  ( 1120.908530706459942, 234.1214489062818132, -130.3516342973919677 ) ) ;
#1764 = CARTESIAN_POINT ( 'NONE',  ( 1319.658619019517118, 928.6652333191588014, 157.2160166085991762 ) ) ;
#1765 = CARTESIAN_POINT ( 'NONE',  ( 946.0102866951743863, 207.4987098787094340, 70.83994044450028582 ) ) ;
#1766 = CARTESIAN_POINT ( 'NONE',  ( 1389.150417878775670, 810.0314618599982168, -3.316113167952212226 ) ) ;
#1767 = CARTESIAN_POINT ( 'NONE',  ( 732.2778834114355959, 65.71279194634487908, 47.05297104530236396 ) ) ;
#1768 = CARTESIAN_POINT ( 'NONE',  ( 1259.625503797037027, 394.2267803123478984, -137.9600879019010335 ) ) ;
#1769 = CARTESIAN_POINT ( 'NONE',  ( 1247.508219625150787, 581.1703271709241108, 44.52209273962274949 ) ) ;
#1770 = CARTESIAN_POINT ( 'NONE',  ( 579.4424196041040886, 1.093940133102963230, -0.1244176217193071476 ) ) ;
#1771 = CARTESIAN_POINT ( 'NONE',  ( 1436.041175534693593, 729.9815676967753006, -115.0621481350243158 ) ) ;
#1772 = CARTESIAN_POINT ( 'NONE',  ( 1078.236117842573549, 386.6326001546586326, 134.4998635405819414 ) ) ;
#1773 = CARTESIAN_POINT ( 'NONE',  ( 618.5188914871282577, 9.631339603168514785, -28.27688864514025013 ) ) ;
#1774 = CARTESIAN_POINT ( 'NONE',  ( 1285.521414161404891, 764.3696908147769591, 141.8535029454070298 ) ) ;
#1775 = CARTESIAN_POINT ( 'NONE',  ( 560.0000000000002274, 11.41902160262058707, 27.85576765763274310 ) ) ;
#1776 = CARTESIAN_POINT ( 'NONE',  ( 618.7443000746691268, -2.984835535953346941, -40.96750973010220065 ) ) ;
#1777 = CARTESIAN_POINT ( 'NONE',  ( 1329.903883985139373, 539.3769166074952182, -91.33020098024536537 ) ) ;
#1778 = CARTESIAN_POINT ( 'NONE',  ( 579.4884702705561494, -5.168669643039021544, -38.31016456484938715 ) ) ;
#1779 = CARTESIAN_POINT ( 'NONE',  ( 900.6498755109942067, 128.1507155784779002, -46.27602739729393733 ) ) ;
#1780 = CARTESIAN_POINT ( 'NONE',  ( 1412.631215303363888, 769.9330284063966019, -76.74321097096581923 ) ) ;
#1781 = CARTESIAN_POINT ( 'NONE',  ( 1352.195876192264677, 631.3180171095589230, -54.32811180274277518 ) ) ;
#1782 = CARTESIAN_POINT ( 'NONE',  ( 790.4347024646832551, 67.08838067893429979, -43.74576431738046978 ) ) ;
#1783 = CARTESIAN_POINT ( 'NONE',  ( 1254.331376709510550, 703.2469504874253516, 156.5600807033511899 ) ) ;
#1784 = CARTESIAN_POINT ( 'NONE',  ( 1079.675011958018786, 381.4743398795394569, 117.8111633276425039 ) ) ;
#1785 = CARTESIAN_POINT ( 'NONE',  ( 560.0000000000002274, -4.915948463284350645, -29.71963347865161609 ) ) ;
#1786 = CARTESIAN_POINT ( 'NONE',  ( 675.3216576641081019, 49.44994359723175137, 57.45474112073140560 ) ) ;
#1787 = CARTESIAN_POINT ( 'NONE',  ( 945.8665559899909567, 208.1978943585355921, 42.03302688145837607 ) ) ;
#1788 = CARTESIAN_POINT ( 'NONE',  ( 1099.959795243838016, 309.0097275530653747, 3.577044468000496469 ) ) ;
#1789 = CARTESIAN_POINT ( 'NONE',  ( 618.2093692164015692, 27.88332041508890669, 36.15823612689747790 ) ) ;
#1790 = CARTESIAN_POINT ( 'NONE',  ( 1207.007870911173313, 362.2065086135485217, -86.00586147038038121 ) ) ;
#1791 = CARTESIAN_POINT ( 'NONE',  ( 1067.088995954118218, 201.6379963362372223, -105.8086527763351938 ) ) ;
#1792 = CARTESIAN_POINT ( 'NONE',  ( 1171.447327614949018, 277.3451936094646157, -143.8743392656857623 ) ) ;
#1793 = CARTESIAN_POINT ( 'NONE',  ( 1100.773629778474742, 306.0306789175139102, -31.86830895556892784 ) ) ;
#1794 = CARTESIAN_POINT ( 'NONE',  ( 1411.740954417550711, 989.4809622891602885, 32.00590883742796677 ) ) ;
#1795 = CARTESIAN_POINT ( 'NONE',  ( 948.7618541005944053, 192.4658910900773492, 41.04705982071875070 ) ) ;
#1796 = CARTESIAN_POINT ( 'NONE',  ( 1349.036484134434204, 497.8901439971215837, -151.9599853141233723 ) ) ;
#1797 = CARTESIAN_POINT ( 'NONE',  ( 1311.385175476343420, 430.0168210219792968, -161.1397800727855554 ) ) ;
#1798 = CARTESIAN_POINT ( 'NONE',  ( 942.2356368681683989, 228.1011319181510260, 101.3901148962016805 ) ) ;
#1799 = CARTESIAN_POINT ( 'NONE',  ( 995.4682194107858777, 251.7334259810302228, 73.67342113100902168 ) ) ;
#1800 = CARTESIAN_POINT ( 'NONE',  ( 559.9999999999992042, 5.376732809906441091, 24.81553438243027898 ) ) ;
#1801 = CARTESIAN_POINT ( 'NONE',  ( 1443.000045589171350, 718.0951486515236866, -140.2118838985377636 ) ) ;
#1802 = CARTESIAN_POINT ( 'NONE',  ( 559.9999999999989768, 10.65678074935400410, 19.21534948400052301 ) ) ;
#1803 = CARTESIAN_POINT ( 'NONE',  ( 1194.733031225707464, 397.3784714712857635, -28.45961245405847606 ) ) ;
#1804 = CARTESIAN_POINT ( 'NONE',  ( 1463.522867438463209, 803.7834751626372736, -115.4307438174832896 ) ) ;
#1805 = CARTESIAN_POINT ( 'NONE',  ( 1272.983142000051203, 789.3869061278968502, 171.6332570587254338 ) ) ;
#1806 = CARTESIAN_POINT ( 'NONE',  ( 955.9970719728652284, 152.8290130783674385, -66.92134635714998581 ) ) ;
#1807 = CARTESIAN_POINT ( 'NONE',  ( 1309.878631605510918, 835.7134266694971529, 139.8022417329470102 ) ) ;
#1808 = CARTESIAN_POINT ( 'NONE',  ( 1258.503261955689823, 694.1833484547398712, 123.7142222084622887 ) ) ;
#1809 = CARTESIAN_POINT ( 'NONE',  ( 1409.936163429315002, 888.0389823368055886, 0.1346629626864689622 ) ) ;
#1810 = CARTESIAN_POINT ( 'NONE',  ( 1449.673663491822253, 933.4619635448954114, -44.79287117799955098 ) ) ;
#1811 = CARTESIAN_POINT ( 'NONE',  ( 1328.232528913373699, 543.0010421358883832, -85.96756730018064729 ) ) ;
#1812 = CARTESIAN_POINT ( 'NONE',  ( 1348.936179839151009, 498.0943588248285891, -160.1378496505104465 ) ) ;
#1813 = CARTESIAN_POINT ( 'NONE',  ( 1236.904335855545469, 453.1995186919274374, -57.46795910293561604 ) ) ;
#1814 = CARTESIAN_POINT ( 'NONE',  ( 579.4850294691285626, -4.785797010735943324, -21.40003759204157063 ) ) ;
#1815 = CARTESIAN_POINT ( 'NONE',  ( 1419.268756602439680, 758.6026866184652135, -91.17911360636618667 ) ) ;
#1816 = CARTESIAN_POINT ( 'NONE',  ( 731.9234276458785189, 70.96586647462726205, 59.23857213852794956 ) ) ;
#1817 = CARTESIAN_POINT ( 'NONE',  ( 618.2049083687247730, 28.27956049725179710, 44.22817264717073726 ) ) ;
#1818 = CARTESIAN_POINT ( 'NONE',  ( 1214.566694703693429, 340.5226490404443211, -133.9905885691640037 ) ) ;
#1819 = CARTESIAN_POINT ( 'NONE',  ( 840.8454572818510542, 138.5876719442939304, 80.65436267661385727 ) ) ;
#1820 = CARTESIAN_POINT ( 'NONE',  ( 842.0333987236233497, 128.8134253011244823, 28.75156676836707348 ) ) ;
#1821 = CARTESIAN_POINT ( 'NONE',  ( 1176.038041989427484, 450.8964563080658081, 31.06249802763961654 ) ) ;
#1822 = CARTESIAN_POINT ( 'NONE',  ( 951.1461421024702076, 179.4348825218383183, 14.40255155415293764 ) ) ;
#1823 = CARTESIAN_POINT ( 'NONE',  ( 1259.980975166489998, 690.9779676701432436, 117.9731921673321864 ) ) ;
#1824 = CARTESIAN_POINT ( 'NONE',  ( 903.4928480866057043, 109.6145525793425293, -56.50115086192476355 ) ) ;
#1825 = CARTESIAN_POINT ( 'NONE',  ( 1068.040199212727885, 197.7483577046554046, -122.0334109459537615 ) ) ;
#1826 = CARTESIAN_POINT ( 'NONE',  ( 1306.574844886942856, 589.9346709998671940, -40.27594448346525269 ) ) ;
#1827 = CARTESIAN_POINT ( 'NONE',  ( 1362.796228750369664, 855.0232524461991943, 60.51490980467851699 ) ) ;
#1828 = CARTESIAN_POINT ( 'NONE',  ( 560.0000000000000000, 2.538044241066884865, 16.85024978913461879 ) ) ;
#1829 = CARTESIAN_POINT ( 'NONE',  ( 559.9999999999994316, -10.90579524322345506, -33.23099955643144199 ) ) ;
#1830 = CARTESIAN_POINT ( 'NONE',  ( 618.7556479977274648, -3.793719794568295889, -48.40933415068789714 ) ) ;
#1831 = CARTESIAN_POINT ( 'NONE',  ( 840.2072130339174691, 143.7547932977806511, 84.21708425951401011 ) ) ;
#1832 = CARTESIAN_POINT ( 'NONE',  ( 1298.508905635964311, 738.4528683991386515, 103.5530711959718673 ) ) ;
#1833 = CARTESIAN_POINT ( 'NONE',  ( 842.2068960795072599, 127.5342136383348901, 57.82101780736422825 ) ) ;
#1834 = CARTESIAN_POINT ( 'NONE',  ( 618.6345883797135912, 2.999799142165028520, -41.55300862208331125 ) ) ;
#1835 = CARTESIAN_POINT ( 'NONE',  ( 841.2372519730307658, 135.3093546361919550, 48.42188497015879278 ) ) ;
#1836 = CARTESIAN_POINT ( 'NONE',  ( 1374.529196274818105, 716.6972782553762045, -32.15312537187811159 ) ) ;
#1837 = CARTESIAN_POINT ( 'NONE',  ( 792.2990196514201671, 47.49059310349969110, -64.41423161548085830 ) ) ;
#1838 = CARTESIAN_POINT ( 'NONE',  ( 559.9999999999998863, 10.53916519679173192, 36.29297775862362840 ) ) ;
#1839 = CARTESIAN_POINT ( 'NONE',  ( 1425.980751982338916, 747.1454440972186148, -105.5092518082416575 ) ) ;
#1840 = CARTESIAN_POINT ( 'NONE',  ( 1381.845714674027477, 1000.472660908208582, 83.63733382249503734 ) ) ;
#1841 = CARTESIAN_POINT ( 'NONE',  ( 1311.833008011166385, 832.1038699260651583, 117.1511791554709419 ) ) ;
#1842 = CARTESIAN_POINT ( 'NONE',  ( 733.4725795651369253, 47.96193454798029876, 2.460149243304075473 ) ) ;
#1843 = CARTESIAN_POINT ( 'NONE',  ( 579.4923679003827601, -5.795910185929877834, -25.32722388187695373 ) ) ;
#1844 = FACE_OUTER_BOUND ( 'NONE', #938, .T. ) ;
#1845 = CARTESIAN_POINT ( 'NONE',  ( 1388.387572534592664, 559.0875333145094146, -164.8487812898360119 ) ) ;
#1846 = CARTESIAN_POINT ( 'NONE',  ( 1155.356120367596532, 328.5777336719983737, -76.59474349331797782 ) ) ;
#1847 = CARTESIAN_POINT ( 'NONE',  ( 1111.082489365042875, 269.2533011047563605, -67.27038757173319539 ) ) ;
#1848 = CARTESIAN_POINT ( 'NONE',  ( 1159.904321395087436, 497.1652101529608672, 137.0848756823465635 ) ) ;
#1849 = CARTESIAN_POINT ( 'NONE',  ( 731.5444368812658240, 76.55564354691389894, 63.91969142765897516 ) ) ;
#1850 = CARTESIAN_POINT ( 'NONE',  ( 1013.006635160447217, 169.8530781632135813, -101.6573568469537747 ) ) ;
#1851 = CARTESIAN_POINT ( 'NONE',  ( 1222.233393344114120, 641.0199370122737719, 161.6580649715045581 ) ) ;
#1852 = CARTESIAN_POINT ( 'NONE',  ( 618.2374086411084591, 26.09470405476023558, 23.16577117992994062 ) ) ;
#1853 = CARTESIAN_POINT ( 'NONE',  ( 560.0000000000000000, -2.397208077941070048, 0.6746880535233861220 ) ) ;
#1854 = CARTESIAN_POINT ( 'NONE',  ( 1360.844837871945401, 965.2224425891999999, 93.25282895898082813 ) ) ;
#1855 = CARTESIAN_POINT ( 'NONE',  ( 1292.737789973395593, 474.1546421132428577, -94.13299756452616407 ) ) ;
#1856 = CARTESIAN_POINT ( 'NONE',  ( 1170.282786766990512, 281.0513743230944215, -140.2168291332308172 ) ) ;
#1857 = CARTESIAN_POINT ( 'NONE',  ( 559.9999999999996589, 5.384010713652925162, -3.923849674073967897 ) ) ;
#1858 = CARTESIAN_POINT ( 'NONE',  ( 676.0025279977564878, 33.30785322252320668, 20.94782267004869425 ) ) ;
#1859 = CARTESIAN_POINT ( 'NONE',  ( 1409.133427537299212, 993.3317561975113676, 37.32054848509775979 ) ) ;
#1860 = CARTESIAN_POINT ( 'NONE',  ( 1464.084963023001819, 912.1793662814142181, -73.36061080456059358 ) ) ;
#1861 = CARTESIAN_POINT ( 'NONE',  ( 1068.942144964075624, 194.1135471611877676, -121.1484433295996723 ) ) ;
#1862 = CARTESIAN_POINT ( 'NONE',  ( 1219.737282749816359, 646.9236409256881188, 164.4834335288056195 ) ) ;
#1863 = CARTESIAN_POINT ( 'NONE',  ( 1294.813633462056941, 745.8268823071965699, 114.4666579770534014 ) ) ;
#1864 = CARTESIAN_POINT ( 'NONE',  ( 1166.289131022474521, 478.8741108764126011, 106.1529313243430011 ) ) ;
#1865 = CARTESIAN_POINT ( 'NONE',  ( 1324.989608648793819, 807.8800402835789782, 78.13253896309203128 ) ) ;
#1866 = CARTESIAN_POINT ( 'NONE',  ( 676.5035009721556207, 21.33575388993494570, -13.66126251840702466 ) ) ;
#1867 = CARTESIAN_POINT ( 'NONE',  ( 1345.880674402306340, 504.7328910962100963, -142.1306898925754467 ) ) ;
#1868 = CARTESIAN_POINT ( 'NONE',  ( 892.6247101691199077, 180.8769616117319856, 93.41466510428629988 ) ) ;
#1869 = CARTESIAN_POINT ( 'NONE',  ( 560.0000000000006821, 1.460788483396257220, -15.34719653822181762 ) ) ;
#1870 = CARTESIAN_POINT ( 'NONE',  ( 1310.868426877329739, 833.8912721787108921, 137.1107653001132007 ) ) ;
#1871 = CARTESIAN_POINT ( 'NONE',  ( 1331.050511210652758, 909.2110884302442173, 123.3681260677368385 ) ) ;
#1872 = CARTESIAN_POINT ( 'NONE',  ( 1266.810390234801844, 535.5203282761134460, 0.1496568036213788144 ) ) ;
#1873 = CARTESIAN_POINT ( 'NONE',  ( 957.9163712678886213, 142.4197434979266177, -62.43290482991551471 ) ) ;
#1874 = CARTESIAN_POINT ( 'NONE',  ( 676.2983314199137794, 26.24669999059971914, 0.9564315642052485522 ) ) ;
#1875 = CARTESIAN_POINT ( 'NONE',  ( 849.4990649757413621, 68.16292626920910891, -86.20089399497281590 ) ) ;
#1876 = CARTESIAN_POINT ( 'NONE',  ( 1389.796967094496722, 688.5763213686960853, -90.29135617415204251 ) ) ;
#1877 = CARTESIAN_POINT ( 'NONE',  ( 1328.232528913373699, 543.0010421358883832, -85.96756730018064729 ) ) ;
#1878 = CARTESIAN_POINT ( 'NONE',  ( 1353.830433388489382, 976.2588218432960048, 123.7672791626769424 ) ) ;
#1879 = CARTESIAN_POINT ( 'NONE',  ( 990.2672863632498093, 275.9669111927099152, 108.3245657826332007 ) ) ;
#1880 = CARTESIAN_POINT ( 'NONE',  ( 1114.964438889516032, 255.3314367296158309, -109.1975241098903808 ) ) ;
#1881 = CARTESIAN_POINT ( 'NONE',  ( 893.0287123292931710, 178.2314184190482820, 89.85695818516589384 ) ) ;
#1882 = CARTESIAN_POINT ( 'NONE',  ( 1353.512916424632749, 870.8577910725548463, 62.91585300888620225 ) ) ;
#1883 = CARTESIAN_POINT ( 'NONE',  ( 1214.543261369204856, 511.2515337901280077, 32.57837383657166441 ) ) ;
#1884 = CARTESIAN_POINT ( 'NONE',  ( 846.4580677573375169, 92.96559880943014775, -20.68142875180447859 ) ) ;
#1885 = CARTESIAN_POINT ( 'NONE',  ( 1171.834641447040894, 276.1137767635877935, -144.5461926749477755 ) ) ;
#1886 = CARTESIAN_POINT ( 'NONE',  ( 1003.542931383076393, 214.0669117629919924, 0.9413616089711559498 ) ) ;
#1887 = CARTESIAN_POINT ( 'NONE',  ( 1037.348642067705669, 322.1949546737594687, 99.53394955927561227 ) ) ;
#1888 = CARTESIAN_POINT ( 'NONE',  ( 579.4947538784276730, -6.123907993621920731, -26.63930887985116058 ) ) ;
#1889 = CARTESIAN_POINT ( 'NONE',  ( 676.9381542933564333, 10.74678750111556269, -57.46139553854816739 ) ) ;
#1890 = CARTESIAN_POINT ( 'NONE',  ( 897.8684761420045106, 146.3842702063132606, -10.75751123134763176 ) ) ;
#1891 = CARTESIAN_POINT ( 'NONE',  ( 1093.741774929649182, 331.2329506467940519, 43.27830098570986905 ) ) ;
#1892 = CARTESIAN_POINT ( 'NONE',  ( 1252.849191116065640, 411.8128973010259415, -115.3802746534678647 ) ) ;
#1893 = CARTESIAN_POINT ( 'NONE',  ( 1398.236285411504468, 975.5752112323057190, 49.21996737569762104 ) ) ;
#1894 = CARTESIAN_POINT ( 'NONE',  ( 892.5091828677961985, 181.6027633505470931, 83.90959545726649083 ) ) ;
#1895 = CARTESIAN_POINT ( 'NONE',  ( 1463.476501336008823, 913.0779420834456914, -72.17064200776961513 ) ) ;
#1896 = CARTESIAN_POINT ( 'NONE',  ( 1069.109581608214512, 193.4310455157779813, -123.1801511857471354 ) ) ;
#1897 = CARTESIAN_POINT ( 'NONE',  ( 842.5162358769244975, 125.0212950481381142, 52.46325823580389169 ) ) ;
#1898 = CARTESIAN_POINT ( 'NONE',  ( 1203.518752119593955, 539.9145651157621160, 106.3948742124623976 ) ) ;
#1899 = CARTESIAN_POINT ( 'NONE',  ( 1210.441181270650532, 352.3374912287266056, -118.8168513748517086 ) ) ;
#1900 = CARTESIAN_POINT ( 'NONE',  ( 1040.848698777194159, 307.9826424723228797, 64.73578140691878957 ) ) ;
#1901 = CARTESIAN_POINT ( 'NONE',  ( 1278.289777831886568, 508.3507172578616178, -41.82452260821927581 ) ) ;
#1902 = CARTESIAN_POINT ( 'NONE',  ( 618.7518418042639041, -3.434587502406602155, -42.49109498011756614 ) ) ;
#1903 = CARTESIAN_POINT ( 'NONE',  ( 1250.456540434191766, 711.6475636175119917, 165.9100913801606509 ) ) ;
#1904 = CARTESIAN_POINT ( 'NONE',  ( 1325.773061142889674, 548.3098138957425363, -97.64628486895625770 ) ) ;
#1905 = CARTESIAN_POINT ( 'NONE',  ( 1348.723204805163732, 764.1860852239378801, 12.93440884331399587 ) ) ;
#1906 = CARTESIAN_POINT ( 'NONE',  ( 559.9999999999995453, 7.151621693892464826, 29.34332763844164660 ) ) ;
#1907 = CARTESIAN_POINT ( 'NONE',  ( 731.6290350199740260, 75.25005200016184403, 53.16388596220130580 ) ) ;
#1908 = CARTESIAN_POINT ( 'NONE',  ( 560.0000000000000000, 0.8534422100173529868, -16.93963492175912222 ) ) ;
#1909 = CARTESIAN_POINT ( 'NONE',  ( 618.6928059043467556, 0.1097458947559481340, -29.03271001615376790 ) ) ;
#1910 = CARTESIAN_POINT ( 'NONE',  ( 1015.824846456147725, 156.7304864907408444, -115.5038631406397229 ) ) ;
#1911 = CARTESIAN_POINT ( 'NONE',  ( 1111.753879316927168, 266.8534251270176014, -71.51739286677863561 ) ) ;
#1912 = CARTESIAN_POINT ( 'NONE',  ( 846.1529870465694785, 95.30698427913279147, -45.83109695230196223 ) ) ;
#1913 = CARTESIAN_POINT ( 'NONE',  ( 1256.768191174403682, 697.9631470330418779, 148.3929090864460818 ) ) ;
#1914 = CARTESIAN_POINT ( 'NONE',  ( 786.6533382059866426, 107.1969801817481454, 69.87022120131780412 ) ) ;
#1915 = CARTESIAN_POINT ( 'NONE',  ( 559.9999999999998863, -4.340290199417533579, -28.60807374370021705 ) ) ;
#1916 = CARTESIAN_POINT ( 'NONE',  ( 1120.293223368135159, 440.3152887589066040, 137.3346476334181148 ) ) ;
#1917 = CARTESIAN_POINT ( 'NONE',  ( 1401.603268197078705, 1004.452290346495374, 43.03387551122050780 ) ) ;
#1918 = CARTESIAN_POINT ( 'NONE',  ( 560.0000000000006821, -5.569105802574102704, -10.98192854634530669 ) ) ;
#1919 = CARTESIAN_POINT ( 'NONE',  ( 792.4844066855116580, 45.47594520262854445, -76.56304601939089594 ) ) ;
#1920 = CARTESIAN_POINT ( 'NONE',  ( 1118.176286784923605, 243.8612867583657930, -124.0791774100727878 ) ) ;
#1921 = PLANE ( 'NONE',  #2209 ) ;
#1922 = CARTESIAN_POINT ( 'NONE',  ( 1283.947328403545271, 767.4970602882540334, 129.6905036318249245 ) ) ;
#1923 = CARTESIAN_POINT ( 'NONE',  ( 559.9999999999992042, -9.354296995384272506, -26.21848300335611270 ) ) ;
#1924 = CARTESIAN_POINT ( 'NONE',  ( 1264.558496930731735, 381.4252049359262742, -152.9543978217757569 ) ) ;
#1925 = CARTESIAN_POINT ( 'NONE',  ( 618.3310114773000805, 20.52496607424453146, 0.9015969737291743558 ) ) ;
#1926 = CARTESIAN_POINT ( 'NONE',  ( 1366.953858542253329, 847.9253362201189930, 50.43039166689552388 ) ) ;
#1927 = CARTESIAN_POINT ( 'NONE',  ( 618.5672808565942660, 6.852955007302153234, -34.22698268278982425 ) ) ;
#1928 = CARTESIAN_POINT ( 'NONE',  ( 1338.167676097332560, 783.6357143854320384, 64.43934175879668658 ) ) ;
#1929 = CARTESIAN_POINT ( 'NONE',  ( 942.7911895975848893, 225.0504163236335842, 90.74322660082353309 ) ) ;
#1930 = ORIENTED_EDGE ( 'NONE', *, *, #6468, .F. ) ;
#1931 = CARTESIAN_POINT ( 'NONE',  ( 961.1037074928103721, 124.9809182839978661, -99.76456973229321079 ) ) ;
#1932 = CARTESIAN_POINT ( 'NONE',  ( 792.5174537510439450, 45.13283864101034482, -76.20483785420796607 ) ) ;
#1933 = CARTESIAN_POINT ( 'NONE',  ( 1171.382009816543132, 464.2835559233044478, 82.16000718987164930 ) ) ;
#1934 = B_SPLINE_CURVE_WITH_KNOTS ( 'NONE', 3,
 ( #4636, #6154, #4669, #5232, #3583, #2590, #4607, #5050, #3439, #4989, #3371, #5945, #6011, #5515, #4957, #1450, #3867, #5018, #984, #1348, #4498, #4888, #484 ),
 .UNSPECIFIED., .F., .F.,
 ( 4, 1, 1, 1, 1, 1, 1, 1, 1, 1, 1, 1, 1, 1, 1, 1, 1, 1, 1, 1, 4 ),
 ( 0.000000000000000000, 0.04333944127454115308, 0.08717461230219966661, 0.1315585129897958450, 0.1765320071111689537, 0.2221303424621243472, 0.2683894036323611898, 0.3153437468974106261, 0.3630251385383851392, 0.4114618325034681834, 0.4606831087142752579, 0.5107156349947722385, 0.5615833427664811417, 0.6133086510746166287, 0.6659111343384820358, 0.7194045554545727139, 0.7738001652171312417, 0.8290989277107692068, 0.8852886795289168775, 0.9423184708641618723, 1.000000000000000000 ),
 .UNSPECIFIED. ) ;
#1935 = CARTESIAN_POINT ( 'NONE',  ( 996.2924421457365725, 247.8896209402888076, 66.42868644273268330 ) ) ;
#1936 = CARTESIAN_POINT ( 'NONE',  ( 579.4567598823692833, -0.7458671202664849398, -30.71963442221258944 ) ) ;
#1937 = CARTESIAN_POINT ( 'NONE',  ( 1237.113345859874926, 605.7776017513223223, 85.80293451210603450 ) ) ;
#1938 = CARTESIAN_POINT ( 'NONE',  ( 1426.414150493053057, 862.1299769609115629, -35.75288682529178885 ) ) ;
#1939 = CARTESIAN_POINT ( 'NONE',  ( 676.9725865384406234, 10.05668397346187426, -49.47812869310954653 ) ) ;
#1940 = CARTESIAN_POINT ( 'NONE',  ( 990.4301161847769208, 275.2214934180400405, 114.1487322919394103 ) ) ;
#1941 = CARTESIAN_POINT ( 'NONE',  ( 948.6177048587001082, 193.1495944502004249, 8.125325731536287677 ) ) ;
#1942 = CARTESIAN_POINT ( 'NONE',  ( 841.6530964700201594, 132.0316195082464787, 67.18355660425483222 ) ) ;
#1943 = CARTESIAN_POINT ( 'NONE',  ( 1353.241099570819642, 977.1799501889756812, 112.3855367411384520 ) ) ;
#1944 = CARTESIAN_POINT ( 'NONE',  ( 1100.403480840508792, 307.4239156207299288, 0.7403398250178881979 ) ) ;
#1945 = CARTESIAN_POINT ( 'NONE',  ( 1209.066753266781461, 356.3067317907234610, -95.57754521987830287 ) ) ;
#1946 = CARTESIAN_POINT ( 'NONE',  ( 789.9098584740320348, 72.81220373612472940, 1.076910388843004274 ) ) ;
#1947 = CARTESIAN_POINT ( 'NONE',  ( 1381.845714674027477, 1000.472660908208582, 83.63733382249503734 ) ) ;
#1948 = CARTESIAN_POINT ( 'NONE',  ( 675.5078734141279710, 45.05216356977997094, 50.32351364029594265 ) ) ;
#1949 = CARTESIAN_POINT ( 'NONE',  ( 1119.365402914933611, 443.2592956188298672, 131.3158145401844479 ) ) ;
#1950 = CARTESIAN_POINT ( 'NONE',  ( 957.8100242294812006, 142.9304911266045792, -82.53638894017078087 ) ) ;
#1951 = CARTESIAN_POINT ( 'NONE',  ( 1323.000963597740792, 922.9619341221717832, 154.7892675237222591 ) ) ;
#1952 = CARTESIAN_POINT ( 'NONE',  ( 1235.365789011446623, 609.9149258145043859, 93.06372330772003920 ) ) ;
#1953 = CARTESIAN_POINT ( 'NONE',  ( 1400.283975902767224, 791.0245485528980680, -30.13421933709774336 ) ) ;
#1954 = CARTESIAN_POINT ( 'NONE',  ( 1392.981891216193389, 549.9253095083643075, -172.8462493183237143 ) ) ;
#1955 = FACE_OUTER_BOUND ( 'NONE', #4447, .T. ) ;
#1956 = CARTESIAN_POINT ( 'NONE',  ( 786.8079542471821242, 105.5290888458510921, 59.58419941548295640 ) ) ;
#1957 = CARTESIAN_POINT ( 'NONE',  ( 904.1155917986216082, 105.5269399366179215, -65.60866589023375184 ) ) ;
#1958 = CARTESIAN_POINT ( 'NONE',  ( 998.1891536130855229, 238.9531159893847416, 16.23152234854387288 ) ) ;
#1959 = CARTESIAN_POINT ( 'NONE',  ( 1217.130308083909540, 333.1810847183804754, -142.7416244201686766 ) ) ;
#1960 = CARTESIAN_POINT ( 'NONE',  ( 1352.782773389361864, 756.7127202089947104, 2.234831188761609688 ) ) ;
#1961 = CARTESIAN_POINT ( 'NONE',  ( 1048.261425193305058, 277.9918475492058860, 36.45946011486967109 ) ) ;
#1962 = CARTESIAN_POINT ( 'NONE',  ( 897.1850040700110185, 150.9968217606928249, 34.37901515046105061 ) ) ;
#1963 = CARTESIAN_POINT ( 'NONE',  ( 1120.423679892708378, 439.8831602247708474, 123.2290404911450565 ) ) ;
#1964 = ORIENTED_EDGE ( 'NONE', *, *, #6309, .F. ) ;
#1965 = CARTESIAN_POINT ( 'NONE',  ( 1424.081858264078164, 625.4766669181866519, -160.8278631180109528 ) ) ;
#1966 = CARTESIAN_POINT ( 'NONE',  ( 1427.110546329207864, 619.8997749868912024, -169.7644202971593188 ) ) ;
#1967 = CARTESIAN_POINT ( 'NONE',  ( 842.8232094567084687, 122.5272085402773854, 47.09530365569531796 ) ) ;
#1968 = CARTESIAN_POINT ( 'NONE',  ( 560.0000000000006821, -9.073986142642445074, -25.04769544397915837 ) ) ;
#1969 = CARTESIAN_POINT ( 'NONE',  ( 995.8808318965495801, 249.8092102601487454, 70.05059018001861659 ) ) ;
#1970 = CARTESIAN_POINT ( 'NONE',  ( 1062.794628555655208, 218.9992897607941700, -94.10497425021928564 ) ) ;
#1971 = CARTESIAN_POINT ( 'NONE',  ( 731.7589688776237153, 73.27880196000405988, 42.02054894994277845 ) ) ;
#1972 = CARTESIAN_POINT ( 'NONE',  ( 901.6182378233265808, 121.9168932856233027, -29.18646869258106236 ) ) ;
#1973 = CARTESIAN_POINT ( 'NONE',  ( 1386.775580260453353, 562.3136917917360051, -153.3566429358031087 ) ) ;
#1974 = CARTESIAN_POINT ( 'NONE',  ( 942.3375041975988324, 227.5519793911828117, 105.3094956191974063 ) ) ;
#1975 = CARTESIAN_POINT ( 'NONE',  ( 1255.972213140528083, 561.1362880814418759, 12.77891146712946835 ) ) ;
#1976 = CARTESIAN_POINT ( 'NONE',  ( 1312.941623081100715, 830.0747053874773655, 131.6616822688889101 ) ) ;
#1977 = CARTESIAN_POINT ( 'NONE',  ( 1081.062948536769909, 376.5052752367111566, 104.7624405588818206 ) ) ;
#1978 = CARTESIAN_POINT ( 'NONE',  ( 560.0000000000000000, -5.094599934241913708, -9.140364232894389929 ) ) ;
#1979 = CARTESIAN_POINT ( 'NONE',  ( 1124.356862334555672, 427.3744965760255354, 116.3470621931475222 ) ) ;
#1980 = CARTESIAN_POINT ( 'NONE',  ( 732.0016590306316857, 69.80766844184898900, 56.32934478800972755 ) ) ;
#1981 = CARTESIAN_POINT ( 'NONE',  ( 1346.820786929430824, 987.2769205963180639, 129.3998077226556518 ) ) ;
#1982 = CARTESIAN_POINT ( 'NONE',  ( 1459.012487152872609, 810.8705425184531350, -115.2724421189542454 ) ) ;
#1983 = CARTESIAN_POINT ( 'NONE',  ( 1081.422049470584170, 375.2546436418841154, 121.3463320941240937 ) ) ;
#1984 = CARTESIAN_POINT ( 'NONE',  ( 945.3642503822396748, 210.9474394405998794, 48.91648392603123341 ) ) ;
#1985 = CARTESIAN_POINT ( 'NONE',  ( 579.4567635614149594, -0.8877095744222419649, -7.054418182604331733 ) ) ;
#1986 = CARTESIAN_POINT ( 'NONE',  ( 1304.843767025234683, 445.4845593456453798, -148.5023881327938113 ) ) ;
#1987 = CARTESIAN_POINT ( 'NONE',  ( 1427.387943776817110, 966.3734991350762584, 0.1514664958884084089 ) ) ;
#1988 = CARTESIAN_POINT ( 'NONE',  ( 1227.910383792164339, 627.5672114117121509, 125.3570286294090295 ) ) ;
#1989 = CARTESIAN_POINT ( 'NONE',  ( 959.0897073638951724, 136.0030007551396238, -75.76822038908549928 ) ) ;
#1990 = CARTESIAN_POINT ( 'NONE',  ( 947.4720733807434954, 199.4140496698663299, 21.57240899190027505 ) ) ;
#1991 = CARTESIAN_POINT ( 'NONE',  ( 1420.666261300485758, 631.7567352419339386, -159.2794265536284399 ) ) ;
#1992 = CARTESIAN_POINT ( 'NONE',  ( 618.2072111170165272, 28.23837829355171891, 49.21348028086995186 ) ) ;
#1993 = CARTESIAN_POINT ( 'NONE',  ( 1219.364046926848005, 498.7350420666152786, 12.28745715189882226 ) ) ;
#1994 = CARTESIAN_POINT ( 'NONE',  ( 676.1397814129214794, 30.03484654638302942, 11.88386634168200295 ) ) ;
#1995 = CARTESIAN_POINT ( 'NONE',  ( 579.4149388823356048, 4.897140492401456768, 12.37361974350936045 ) ) ;
#1996 = CARTESIAN_POINT ( 'NONE',  ( 1303.866452068568606, 846.7731950266108925, 142.4267164628570868 ) ) ;
#1997 = VERTEX_POINT ( 'NONE', #595 ) ;
#1998 = CARTESIAN_POINT ( 'NONE',  ( 1349.921977241511740, 495.9697874632319667, -154.7923261656643774 ) ) ;
#1999 = CARTESIAN_POINT ( 'NONE',  ( 1171.846949371695018, 276.0783392273093568, -142.9184536853653071 ) ) ;
#2000 = CARTESIAN_POINT ( 'NONE',  ( 675.8589837339192172, 36.72410262442687667, 29.95734641902042483 ) ) ;
#2001 = CARTESIAN_POINT ( 'NONE',  ( 734.6278411596596243, 30.74239646392749492, -45.56403084571930862 ) ) ;
#2002 = CARTESIAN_POINT ( 'NONE',  ( 618.3811784850508957, 18.33488595928938025, 28.83771019507117828 ) ) ;
#2003 = CARTESIAN_POINT ( 'NONE',  ( 847.8613925589096425, 81.43699649161055731, -69.73782189130552922 ) ) ;
#2004 = CARTESIAN_POINT ( 'NONE',  ( 1315.507201703005194, 825.3387357436133698, 105.9633592313262938 ) ) ;
#2005 = CARTESIAN_POINT ( 'NONE',  ( 1014.484830671740838, 163.0045619879229832, -99.21098310066457771 ) ) ;
#2006 = CARTESIAN_POINT ( 'NONE',  ( 675.6295172549813515, 42.17024048686330673, 43.34124003093757693 ) ) ;
#2007 = CARTESIAN_POINT ( 'NONE',  ( 943.2207940146957981, 222.6919521398788788, 82.30312115240425896 ) ) ;
#2008 = LOCAL_TIME ( 21, 40, 34.00000000000000000, #1605 ) ;
#2009 = PERSON_AND_ORGANIZATION ( #6180, #1047 ) ;
#2010 = CARTESIAN_POINT ( 'NONE',  ( 1125.222902089479703, 424.6161727238156232, 111.7616428220512574 ) ) ;
#2011 = CARTESIAN_POINT ( 'NONE',  ( 1257.439332121405187, 696.5077677339630782, 145.8210269147938050 ) ) ;
#2012 = CARTESIAN_POINT ( 'NONE',  ( 989.9155018200426639, 277.6154136886326569, 114.4727667130771493 ) ) ;
#2013 = CARTESIAN_POINT ( 'NONE',  ( 1336.604116533666911, 524.8282083509952827, -128.1374412137833190 ) ) ;
#2014 = CARTESIAN_POINT ( 'NONE',  ( 1377.608436041913819, 1006.909055176306197, 93.28689018479207107 ) ) ;
#2015 = CARTESIAN_POINT ( 'NONE',  ( 894.0225991286005183, 171.6322145080349912, 49.63487427906044047 ) ) ;
#2016 = CARTESIAN_POINT ( 'NONE',  ( 1341.028091605235659, 653.6037917126878938, -21.76270783669399833 ) ) ;
#2017 = CARTESIAN_POINT ( 'NONE',  ( 1312.461796943692207, 427.4640833065734000, -167.2058201419005172 ) ) ;
#2018 = CARTESIAN_POINT ( 'NONE',  ( 1270.569468265974592, 526.5882916239460201, -39.23531887521071582 ) ) ;
#2019 = CARTESIAN_POINT ( 'NONE',  ( 1346.702899158603714, 502.9359989347097439, -154.7331090658758797 ) ) ;
#2020 = CARTESIAN_POINT ( 'NONE',  ( 1410.532798433505604, 991.2651662177701155, 23.85235369332255573 ) ) ;
#2021 = CARTESIAN_POINT ( 'NONE',  ( 1390.855036667289596, 1020.325271297883660, 67.65454960857965716 ) ) ;
#2022 = CARTESIAN_POINT ( 'NONE',  ( 676.8461459577513324, 13.10732285516763440, -39.36268805968836659 ) ) ;
#2023 = CARTESIAN_POINT ( 'NONE',  ( 676.8217802471732512, 13.49859141722060052, -53.95090725791962427 ) ) ;
#2024 = CARTESIAN_POINT ( 'NONE',  ( 1370.613351002532227, 1017.534849346965416, 102.6020103992809709 ) ) ;
#2025 = CARTESIAN_POINT ( 'NONE',  ( 1141.549068009941038, 372.5550024816671453, -7.153548988752066684 ) ) ;
#2026 = CARTESIAN_POINT ( 'NONE',  ( 1407.559901359703645, 961.4124923186303704, 29.58863953078583720 ) ) ;
#2027 = CARTESIAN_POINT ( 'NONE',  ( 789.0793080710928962, 81.60219415759591755, 22.76447621967789559 ) ) ;
#2028 = CARTESIAN_POINT ( 'NONE',  ( 1036.304467328086048, 326.4392021965556410, 111.8836627166919158 ) ) ;
#2029 = CARTESIAN_POINT ( 'NONE',  ( 1425.593168650223561, 969.0240218110617434, -6.757484719194303935 ) ) ;
#2030 = CARTESIAN_POINT ( 'NONE',  ( 960.9618462293815355, 125.7609189058055676, -97.48275124677176962 ) ) ;
#2031 = CARTESIAN_POINT ( 'NONE',  ( 1312.341340581226177, 427.7518333367205514, -165.3976049607006473 ) ) ;
#2032 = CARTESIAN_POINT ( 'NONE',  ( 1200.928825804019198, 379.5835526287439734, -81.00351273237956207 ) ) ;
#2033 = CARTESIAN_POINT ( 'NONE',  ( 1354.481035468156961, 869.2189960336680770, 80.68516609437210718 ) ) ;
#2034 = CARTESIAN_POINT ( 'NONE',  ( 791.8716381217101343, 52.02618968751230000, -52.21604770253929217 ) ) ;
#2035 = CARTESIAN_POINT ( 'NONE',  ( 675.7690674221578320, 38.86032352361765874, 35.33533237246950165 ) ) ;
#2036 = CARTESIAN_POINT ( 'NONE',  ( 1162.943005896497425, 488.4301832204059224, 100.4076769675754690 ) ) ;
#2037 = CARTESIAN_POINT ( 'NONE',  ( 792.3442303585310356, 47.01225518827848759, -65.52849564689141459 ) ) ;
#2038 = CARTESIAN_POINT ( 'NONE',  ( 1125.661464050328050, 423.2194665578769559, 109.4625455813323782 ) ) ;
#2039 = CARTESIAN_POINT ( 'NONE',  ( 1305.441379783697812, 843.8730061679565324, 137.1537294156418056 ) ) ;
#2040 = PERSON_AND_ORGANIZATION ( #6180, #1047 ) ;
#2041 = CARTESIAN_POINT ( 'NONE',  ( 1358.573946169819919, 968.7998237959269545, 112.6742803489601812 ) ) ;
#2042 = CARTESIAN_POINT ( 'NONE',  ( 1038.721210625806862, 316.6653807623060857, 107.1577174172683442 ) ) ;
#2043 = CARTESIAN_POINT ( 'NONE',  ( 731.5485499209031559, 76.50792320359977339, 66.45063835686511311 ) ) ;
#2044 = CARTESIAN_POINT ( 'NONE',  ( 1009.805804649333254, 184.7713736139338891, -80.00607173000787498 ) ) ;
#2045 = CARTESIAN_POINT ( 'NONE',  ( 1390.513877963998539, 1020.829094236909555, 75.72369346583232641 ) ) ;
#2046 = CARTESIAN_POINT ( 'NONE',  ( 1399.951636435171167, 1006.891418999692064, 46.69328362241402886 ) ) ;
#2047 = CARTESIAN_POINT ( 'NONE',  ( 955.8594309954996788, 153.6675031052752445, -39.03511559233572115 ) ) ;
#2048 = CARTESIAN_POINT ( 'NONE',  ( 1354.226672310065624, 486.6288674584702107, -171.4961461588437714 ) ) ;
#2049 = CARTESIAN_POINT ( 'NONE',  ( 1373.479738155732093, 718.6125242189965547, -50.58970366041820910 ) ) ;
#2050 = CARTESIAN_POINT ( 'NONE',  ( 1454.305173711738234, 926.6221524287032025, -60.62179047173661672 ) ) ;
#2051 = CARTESIAN_POINT ( 'NONE',  ( 899.6637939902808512, 134.7396989663675413, -0.8858739057198449229 ) ) ;
#2052 = CARTESIAN_POINT ( 'NONE',  ( 559.9999999999998863, 11.47930796297310962, 30.43329265348263846 ) ) ;
#2053 = CARTESIAN_POINT ( 'NONE',  ( 579.5039685890083092, -7.389182354575456912, -31.89990309474307395 ) ) ;
#2054 = CARTESIAN_POINT ( 'NONE',  ( 1346.702899158603714, 502.9359989347097439, -154.7331090658758797 ) ) ;
#2055 = CARTESIAN_POINT ( 'NONE',  ( 1189.133820580556630, 577.2524291545028063, 159.5257058185329981 ) ) ;
#2056 = CARTESIAN_POINT ( 'NONE',  ( 1296.417177545131608, 611.9596993904538067, -8.396471269927738845 ) ) ;
#2057 = CARTESIAN_POINT ( 'NONE',  ( 1354.294653167628212, 753.9472665915732250, 21.45361995721485826 ) ) ;
#2058 = CARTESIAN_POINT ( 'NONE',  ( 897.9035004806587494, 146.2856538406836933, 24.33479313830930835 ) ) ;
#2059 = CARTESIAN_POINT ( 'NONE',  ( 1222.300934759669417, 640.8515539817992703, 151.8035301385355638 ) ) ;
#2060 = CARTESIAN_POINT ( 'NONE',  ( 579.5134474341280111, -8.686737965951067508, -37.77942241937998347 ) ) ;
#2061 = CARTESIAN_POINT ( 'NONE',  ( 734.9643287375134832, 25.66012014688590881, -66.50759836597337937 ) ) ;
#2062 = CARTESIAN_POINT ( 'NONE',  ( 1386.218110440020155, 695.1640472444823899, -81.73498445812640512 ) ) ;
#2063 = CARTESIAN_POINT ( 'NONE',  ( 1393.573976011876312, 982.6573097262523788, 59.03071543954609268 ) ) ;
#2064 = CARTESIAN_POINT ( 'NONE',  ( 1163.215577753119305, 303.5871724010816024, -94.54540870839815625 ) ) ;
#2065 = CARTESIAN_POINT ( 'NONE',  ( 1169.340898892654195, 470.1311787528518948, 91.76510599960168690 ) ) ;
#2066 = CARTESIAN_POINT ( 'NONE',  ( 1337.778549880855508, 897.7227471529083687, 104.5930725020055831 ) ) ;
#2067 = CARTESIAN_POINT ( 'NONE',  ( 1217.247263294708546, 332.8666932373020586, -133.2045843765489792 ) ) ;
#2068 = CARTESIAN_POINT ( 'NONE',  ( 732.1542873672262886, 67.54472231801896953, 51.18624555100829809 ) ) ;
#2069 = CARTESIAN_POINT ( 'NONE',  ( 1281.253974691180247, 772.8735918645373886, 139.2800509763390551 ) ) ;
#2070 = PERSON_AND_ORGANIZATION ( #6180, #1047 ) ;
#2071 = CARTESIAN_POINT ( 'NONE',  ( 560.0000000000000000, 6.921959552603071941, 28.77219050020554647 ) ) ;
#2072 = CARTESIAN_POINT ( 'NONE',  ( 841.3420776720769254, 134.5571963679839484, 72.50381960830881667 ) ) ;
#2073 = CARTESIAN_POINT ( 'NONE',  ( 989.9613869442292753, 277.3992957547429228, 113.1012310547649093 ) ) ;
#2074 = CARTESIAN_POINT ( 'NONE',  ( 618.5547890614246853, 7.569897921369625138, -32.74234181511378949 ) ) ;
#2075 = CARTESIAN_POINT ( 'NONE',  ( 579.3519547932943397, 13.65054198008264841, 36.35149575757281326 ) ) ;
#2076 = CARTESIAN_POINT ( 'NONE',  ( 1317.377300944531498, 821.8954721008905153, 100.3763721655617331 ) ) ;
#2077 = CARTESIAN_POINT ( 'NONE',  ( 1386.730028126579100, 694.2368444252341533, -64.21118576623958063 ) ) ;
#2078 = CARTESIAN_POINT ( 'NONE',  ( 676.9138695915274866, 11.31804780782514541, -56.93691396593001031 ) ) ;
#2079 = CARTESIAN_POINT ( 'NONE',  ( 579.3935398328892461, 8.037068891412801008, -9.524622023795810577 ) ) ;
#2080 = CARTESIAN_POINT ( 'NONE',  ( 1190.667139084327800, 409.0285446701690830, -9.230102224738471861 ) ) ;
#2081 = CARTESIAN_POINT ( 'NONE',  ( 1225.889216901554391, 632.3533562584416359, 134.6188121791065555 ) ) ;
#2082 = CARTESIAN_POINT ( 'NONE',  ( 904.7339181410275160, 101.4670395467062747, -74.78876967032033463 ) ) ;
#2083 = CARTESIAN_POINT ( 'NONE',  ( 1378.223285124981885, 828.6709991039227816, 2.030144379048498315 ) ) ;
#2084 = CARTESIAN_POINT ( 'NONE',  ( 579.4826640339651931, -4.358077378389823231, -37.06890160583177618 ) ) ;
#2085 = CARTESIAN_POINT ( 'NONE',  ( 840.2179046718678137, 143.6741714132935783, 85.75836693330489879 ) ) ;
#2086 = CARTESIAN_POINT ( 'NONE',  ( 1348.723204805163732, 764.1860852239378801, 12.93440884331399587 ) ) ;
#2087 = CARTESIAN_POINT ( 'NONE',  ( 1412.217215644868247, 954.3379567939102799, 19.76584456020322733 ) ) ;
#2088 = CARTESIAN_POINT ( 'NONE',  ( 1139.319662616474261, 379.7148571125351850, 35.47386835125648474 ) ) ;
#2089 = CARTESIAN_POINT ( 'NONE',  ( 1191.656681899876730, 570.6928684095612425, 142.6785956407038611 ) ) ;
#2090 = CARTESIAN_POINT ( 'NONE',  ( 560.0000000000000000, 2.141346327546206130, 15.68569333980316571 ) ) ;
#2091 = CARTESIAN_POINT ( 'NONE',  ( 849.5388471800547450, 67.85434504154396507, -84.49450645417039141 ) ) ;
#2092 = CARTESIAN_POINT ( 'NONE',  ( 676.9660348140437236, 10.09606482544519679, -57.71796848437042371 ) ) ;
#2093 = CARTESIAN_POINT ( 'NONE',  ( 1106.522296884390698, 285.4895119617045793, -64.95149655518065401 ) ) ;
#2094 = CARTESIAN_POINT ( 'NONE',  ( 675.9174414855882560, 35.33380893777654563, 26.36519785444286157 ) ) ;
#2095 = CARTESIAN_POINT ( 'NONE',  ( 1336.605465850651399, 524.8451852633186263, -112.7382072042412204 ) ) ;
#2096 = CARTESIAN_POINT ( 'NONE',  ( 1208.397588671174390, 527.2492693750704120, 86.19231365742534479 ) ) ;
#2097 = CARTESIAN_POINT ( 'NONE',  ( 992.8795221020081954, 263.7478078509064403, 72.49308033274161289 ) ) ;
#2098 = CARTESIAN_POINT ( 'NONE',  ( 1120.140947349068711, 236.8704863133888807, -124.4501609786897518 ) ) ;
#2099 = CARTESIAN_POINT ( 'NONE',  ( 618.3399995059272669, 20.69736356004010602, 34.94538215804196568 ) ) ;
#2100 = CARTESIAN_POINT ( 'NONE',  ( 1080.343677613175032, 379.0801061526969420, 111.3169757321787898 ) ) ;
#2101 = CARTESIAN_POINT ( 'NONE',  ( 560.0000000000000000, -8.278604603579756471, -21.67227201242623025 ) ) ;
#2102 = CARTESIAN_POINT ( 'NONE',  ( 1289.286940365374676, 756.8555103210483139, 130.8246546133413233 ) ) ;
#2103 = CARTESIAN_POINT ( 'NONE',  ( 1355.559431698163507, 973.5399213565303853, 119.4276528526098389 ) ) ;
#2104 = CARTESIAN_POINT ( 'NONE',  ( 1219.737282749816359, 646.9236409256881188, 164.4834335288056195 ) ) ;
#2105 = CARTESIAN_POINT ( 'NONE',  ( 1112.571246548701311, 263.8797562069693186, -97.26252312950964551 ) ) ;
#2106 = CARTESIAN_POINT ( 'NONE',  ( 1256.768191174403682, 697.9631470330418779, 148.3929090864460818 ) ) ;
#2107 = CARTESIAN_POINT ( 'NONE',  ( 1198.694175556415530, 552.4101744828069513, 105.3541409036901371 ) ) ;
#2108 = DESIGN_CONTEXT ( 'detailed design', #5847, 'design' ) ;
#2109 = CARTESIAN_POINT ( 'NONE',  ( 618.6629522949147031, 1.882608364556404901, -22.71545572622766684 ) ) ;
#2110 = CARTESIAN_POINT ( 'NONE',  ( 1352.954587918301058, 489.3848351676310813, -169.2301576600444264 ) ) ;
#2111 = CARTESIAN_POINT ( 'NONE',  ( 560.0000000000002274, 4.651422009288855186, -6.226186187319055598 ) ) ;
#2112 = CARTESIAN_POINT ( 'NONE',  ( 1447.813027649203605, 828.4781033726731039, -94.22743496869335900 ) ) ;
#2113 = CARTESIAN_POINT ( 'NONE',  ( 733.5425795060931478, 46.91986752090230794, -0.3542100820499446412 ) ) ;
#2114 = CARTESIAN_POINT ( 'NONE',  ( 840.4879641246239999, 141.4452510655814308, 72.59814789108213517 ) ) ;
#2115 = CARTESIAN_POINT ( 'NONE',  ( 1341.634372177167734, 513.9410250597143204, -128.6929126151268008 ) ) ;
#2116 = CARTESIAN_POINT ( 'NONE',  ( 732.4629253079375530, 62.74435071571917177, 5.250808479943008145 ) ) ;
#2117 = CARTESIAN_POINT ( 'NONE',  ( 579.4776706555966257, -3.661365034217580305, -35.99725405093895603 ) ) ;
#2118 = CARTESIAN_POINT ( 'NONE',  ( 618.2094995784009370, 28.11260981244706514, 49.35493424773830640 ) ) ;
#2119 = CARTESIAN_POINT ( 'NONE',  ( 896.1813579755337287, 157.4525618010820267, 13.46178715673621973 ) ) ;
#2120 = CARTESIAN_POINT ( 'NONE',  ( 951.1461421024702076, 179.4348825218383183, 14.40255155415293764 ) ) ;
#2121 = CARTESIAN_POINT ( 'NONE',  ( 618.5102877049127983, 10.85712718268250043, 7.127404647385312764 ) ) ;
#2122 = CARTESIAN_POINT ( 'NONE',  ( 618.2030662714398659, 28.43902824267864204, 47.34672595028153808 ) ) ;
#2123 = CARTESIAN_POINT ( 'NONE',  ( 560.0000000000000000, 11.37245194192572662, 26.86501691103884681 ) ) ;
#2124 = CARTESIAN_POINT ( 'NONE',  ( 1392.660833710178395, 550.5669547066000860, -171.3046191261953481 ) ) ;
#2125 = CARTESIAN_POINT ( 'NONE',  ( 1426.946191979683135, 620.2009187668454615, -170.5364415398394158 ) ) ;
#2126 = CARTESIAN_POINT ( 'NONE',  ( 1148.454489770429745, 350.5586374496979829, -42.93623546629470411 ) ) ;
#2127 = CARTESIAN_POINT ( 'NONE',  ( 998.3330385580053417, 238.3722495336772909, 48.30720694452345043 ) ) ;
#2128 = CARTESIAN_POINT ( 'NONE',  ( 1115.785017850317900, 252.4436649745474597, -96.90742735387006235 ) ) ;
#2129 = CARTESIAN_POINT ( 'NONE',  ( 1304.051909543591137, 727.3916445157399266, 87.19987199287589874 ) ) ;
#2130 = CARTESIAN_POINT ( 'NONE',  ( 905.7271007057515817, 94.93983253538030453, -90.39301340293573617 ) ) ;
#2131 = CARTESIAN_POINT ( 'NONE',  ( 1318.026921290193968, 820.7131343483142700, 118.1680607607499525 ) ) ;
#2132 = CARTESIAN_POINT ( 'NONE',  ( 579.3279362207114218, 17.03480131172674561, 34.57456041947062886 ) ) ;
#2133 = CARTESIAN_POINT ( 'NONE',  ( 1084.303546956279206, 364.9591201081290706, 102.5888161542718251 ) ) ;
#2134 = CARTESIAN_POINT ( 'NONE',  ( 560.0000000000000000, -6.376333132172657514, -32.26309422847359087 ) ) ;
#2135 = CARTESIAN_POINT ( 'NONE',  ( 841.7907963368718356, 130.7911834321513993, 34.33514408571692655 ) ) ;
#2136 = CARTESIAN_POINT ( 'NONE',  ( 989.9329548699915904, 277.5356431484422046, 115.1423367952341295 ) ) ;
#2137 = CARTESIAN_POINT ( 'NONE',  ( 1161.293851947842995, 309.6693905644329448, -103.8367303673987720 ) ) ;
#2138 = CARTESIAN_POINT ( 'NONE',  ( 1331.766337845441058, 907.9981623047084440, 136.1640183635209382 ) ) ;
#2139 = CARTESIAN_POINT ( 'NONE',  ( 579.3320066687763301, 16.50735394284930990, 25.89536942552309995 ) ) ;
#2140 = CARTESIAN_POINT ( 'NONE',  ( 1281.165754237827969, 501.5437509300953138, -52.31198389771670065 ) ) ;
#2141 = CARTESIAN_POINT ( 'NONE',  ( 1015.488606757387174, 158.2895507736478464, -115.4918897442706083 ) ) ;
#2142 = CARTESIAN_POINT ( 'NONE',  ( 1267.604819736632408, 533.6045734569861452, -28.91551313211980911 ) ) ;
#2143 = CARTESIAN_POINT ( 'NONE',  ( 1153.996416825215874, 332.9586809075715337, -44.74855863210845541 ) ) ;
#2144 = CARTESIAN_POINT ( 'NONE',  ( 1445.606399193940433, 831.9474287059628068, -89.97524679139000625 ) ) ;
#2145 = CARTESIAN_POINT ( 'NONE',  ( 560.0000000000002274, 11.44978143617304767, 31.54705081704437575 ) ) ;
#2146 = CARTESIAN_POINT ( 'NONE',  ( 1414.728272138493367, 950.5238909466065707, 1.211367386432358195 ) ) ;
#2147 = CARTESIAN_POINT ( 'NONE',  ( 1262.615825182164372, 386.4673268137329387, -147.2833411044177865 ) ) ;
#2148 = CARTESIAN_POINT ( 'NONE',  ( 892.4330401904081782, 182.1313410745054284, 94.80735249990962643 ) ) ;
#2149 = CARTESIAN_POINT ( 'NONE',  ( 1091.336162411551641, 339.7617606891591890, 27.43408677732213974 ) ) ;
#2150 = CARTESIAN_POINT ( 'NONE',  ( 1291.840627865215993, 621.9134641701804185, 32.43704647270443076 ) ) ;
#2151 = CARTESIAN_POINT ( 'NONE',  ( 1103.062810441336751, 297.9188018973159160, -16.28563842553738183 ) ) ;
#2152 = CARTESIAN_POINT ( 'NONE',  ( 1322.517104687620986, 690.5434915706033507, 32.68099333697235664 ) ) ;
#2153 = CARTESIAN_POINT ( 'NONE',  ( 1373.764806536719107, 1012.747815251345855, 94.09182866569550185 ) ) ;
#2154 = CARTESIAN_POINT ( 'NONE',  ( 560.0000000000000000, -1.596536240046943167, 3.474894310346316573 ) ) ;
#2155 = CARTESIAN_POINT ( 'NONE',  ( 559.9999999999996589, -10.19809525521036697, -36.42658688257461108 ) ) ;
#2156 = CARTESIAN_POINT ( 'NONE',  ( 1015.771470664965250, 156.9758305548725730, -116.0263959821709818 ) ) ;
#2157 = CARTESIAN_POINT ( 'NONE',  ( 1003.917175513927759, 212.2293759212265911, -34.47250728560013755 ) ) ;
#2158 = CARTESIAN_POINT ( 'NONE',  ( 1358.640322734278243, 862.1182261918817176, 70.60374210729902700 ) ) ;
#2159 = CARTESIAN_POINT ( 'NONE',  ( 1457.553293037932690, 885.4715001852827072, -74.61199732087746384 ) ) ;
#2160 = CARTESIAN_POINT ( 'NONE',  ( 947.8540292359796240, 197.4263543791141728, 51.00448708791334695 ) ) ;
#2161 = CARTESIAN_POINT ( 'NONE',  ( 1464.720854223005517, 911.2402825933862687, -74.61502875499745358 ) ) ;
#2162 = CARTESIAN_POINT ( 'NONE',  ( 1361.747651319933539, 963.8094980802726468, 105.8451459505153309 ) ) ;
#2163 = CARTESIAN_POINT ( 'NONE',  ( 560.0000000000000000, -2.616277978235399093, -0.1003105687033029186 ) ) ;
#2164 = CARTESIAN_POINT ( 'NONE',  ( 787.5984481013659888, 97.25134104840120131, 58.48881126214880766 ) ) ;
#2165 = CARTESIAN_POINT ( 'NONE',  ( 1345.784449791534371, 504.9269364323118907, -152.4313254942674689 ) ) ;
#2166 = CARTESIAN_POINT ( 'NONE',  ( 618.2374086411084591, 26.09470405476023558, 23.16577117992994062 ) ) ;
#2167 = CARTESIAN_POINT ( 'NONE',  ( 1384.701346511225893, 1029.413036699771510, 83.45792172322157398 ) ) ;
#2168 = CARTESIAN_POINT ( 'NONE',  ( 1451.943926902979456, 893.9923584236792067, -71.63622313427875099 ) ) ;
#2169 = CARTESIAN_POINT ( 'NONE',  ( 841.2770115764637922, 135.0855530675303271, 73.75556671820542931 ) ) ;
#2170 = CARTESIAN_POINT ( 'NONE',  ( 1364.668129261347758, 959.2102158284377538, 83.89240075020475729 ) ) ;
#2171 = CARTESIAN_POINT ( 'NONE',  ( 1215.795283544605354, 337.0265940241200155, -126.6918023052998592 ) ) ;
#2172 = CARTESIAN_POINT ( 'NONE',  ( 1324.345814252095579, 551.4289990646376509, -73.46728633343771264 ) ) ;
#2173 = CARTESIAN_POINT ( 'NONE',  ( 560.0000000000006821, -8.566913039058920987, -35.63493733779946382 ) ) ;
#2174 = CARTESIAN_POINT ( 'NONE',  ( 789.8806213877521714, 72.94149184824459553, -32.14013010329009745 ) ) ;
#2175 = CARTESIAN_POINT ( 'NONE',  ( 1438.127771160068278, 843.7123197572556137, -61.11200268616422449 ) ) ;
#2176 = CARTESIAN_POINT ( 'NONE',  ( 1450.273362904626310, 896.5300180164803123, -68.56060023134419623 ) ) ;
#2177 = CARTESIAN_POINT ( 'NONE',  ( 1081.027660678649681, 376.6634972236832937, 123.5890109624124165 ) ) ;
#2178 = CARTESIAN_POINT ( 'NONE',  ( 942.7911895975848893, 225.0504163236335842, 90.74322660082353309 ) ) ;
#2179 = CARTESIAN_POINT ( 'NONE',  ( 1356.869068331265908, 749.1902482733775059, -8.421322054600402396 ) ) ;
#2180 = CARTESIAN_POINT ( 'NONE',  ( 848.5492109154915852, 75.85843833080893717, -77.93563262830568306 ) ) ;
#2181 = CARTESIAN_POINT ( 'NONE',  ( 675.3707986101634333, 48.29118971947311678, 56.23299219333002696 ) ) ;
#2182 = CARTESIAN_POINT ( 'NONE',  ( 1344.682905938483827, 771.6240352112695291, 23.66833448442162791 ) ) ;
#2183 = CARTESIAN_POINT ( 'NONE',  ( 1001.945335964493893, 221.5206717079492762, 15.52863923466577312 ) ) ;
#2184 = CARTESIAN_POINT ( 'NONE',  ( 1419.559956143247746, 977.9338659034129932, 16.07299227675361664 ) ) ;
#2185 = CARTESIAN_POINT ( 'NONE',  ( 1119.771631019130155, 441.9634159377937408, 128.3126269890005915 ) ) ;
#2186 = CARTESIAN_POINT ( 'NONE',  ( 1464.322207600105003, 911.8290036526680069, -77.70391095084521282 ) ) ;
#2187 = CARTESIAN_POINT ( 'NONE',  ( 1353.812397520629020, 487.5310498752977537, -168.0697963317032304 ) ) ;
#2188 = CARTESIAN_POINT ( 'NONE',  ( 1015.726324258044770, 157.1849141336859077, -116.0809712065298527 ) ) ;
#2189 = CARTESIAN_POINT ( 'NONE',  ( 845.2047993233545640, 103.0105470828826810, -30.95450930553311508 ) ) ;
#2190 = CARTESIAN_POINT ( 'NONE',  ( 1175.454227749430402, 452.6166509928721098, 62.94593684438483194 ) ) ;
#2191 = CARTESIAN_POINT ( 'NONE',  ( 618.7287076051819668, -2.034829875761748674, -36.94049187344682394 ) ) ;
#2192 = CARTESIAN_POINT ( 'NONE',  ( 1277.049909519133507, 653.9854162816426424, 81.04657103704036558 ) ) ;
#2193 = CARTESIAN_POINT ( 'NONE',  ( 905.5442943196169381, 96.14749096089896341, -86.58622122503739149 ) ) ;
#2194 = CARTESIAN_POINT ( 'NONE',  ( 1385.043904205624131, 995.6145779533388804, 77.02023760209910108 ) ) ;
#2195 = CARTESIAN_POINT ( 'NONE',  ( 579.3674243045538788, 11.49711699147698596, 30.81654474563037738 ) ) ;
#2196 = CARTESIAN_POINT ( 'NONE',  ( 1441.592600772297374, 720.4975622385145471, -137.4398656084563015 ) ) ;
#2197 = CARTESIAN_POINT ( 'NONE',  ( 1357.557519456955106, 863.9523744812141786, 52.64190252328033637 ) ) ;
#2198 = CARTESIAN_POINT ( 'NONE',  ( 1247.902993983160059, 717.1823951161118202, 170.1554094196702920 ) ) ;
#2199 = CARTESIAN_POINT ( 'NONE',  ( 618.5306501329085904, 8.955359670096488145, -29.77178928242687306 ) ) ;
#2200 = CARTESIAN_POINT ( 'NONE',  ( 618.2868396730779068, 23.73522962892339550, 42.49126806549153201 ) ) ;
#2201 = CARTESIAN_POINT ( 'NONE',  ( 1164.704613163657996, 483.3798333431733454, 90.36093131998246974 ) ) ;
#2202 = CARTESIAN_POINT ( 'NONE',  ( 1463.522867438463209, 803.7834751626372736, -115.4307438174832896 ) ) ;
#2203 = CARTESIAN_POINT ( 'NONE',  ( 559.9999999999998863, -7.365733076372119825, -18.00351316495690668 ) ) ;
#2204 = CARTESIAN_POINT ( 'NONE',  ( 1422.306252009596164, 628.7391636833148141, -162.4692575933279386 ) ) ;
#2205 = CARTESIAN_POINT ( 'NONE',  ( 1440.469370810036253, 947.0548566644764605, -35.40466795807034828 ) ) ;
#2206 = CARTESIAN_POINT ( 'NONE',  ( 1155.663952610316528, 327.6461287343873892, -53.80871069127345407 ) ) ;
#2207 = CARTESIAN_POINT ( 'NONE',  ( 579.4441270677306193, 1.011785749129114009, -27.08314103805012607 ) ) ;
#2208 = CARTESIAN_POINT ( 'NONE',  ( 893.0287123292931710, 178.2314184190482820, 89.85695818516589384 ) ) ;
#2209 = AXIS2_PLACEMENT_3D ( 'NONE', #2917, #496, #2487 ) ;
#2210 = CARTESIAN_POINT ( 'NONE',  ( 560.0000000000001137, 11.42622736480236512, 32.77481963796181219 ) ) ;
#2211 = CARTESIAN_POINT ( 'NONE',  ( 676.6675839934591750, 17.14418239821954515, -48.44140089403492055 ) ) ;
#2212 = CARTESIAN_POINT ( 'NONE',  ( 731.5974126834523759, 75.78830013948737587, 66.52714796528576358 ) ) ;
#2213 = CARTESIAN_POINT ( 'NONE',  ( 996.6727795697786405, 246.0309552193716343, 31.01525801107298363 ) ) ;
#2214 = CARTESIAN_POINT ( 'NONE',  ( 1001.945335964493893, 221.5206717079492762, 15.52863923466577312 ) ) ;
#2215 = CARTESIAN_POINT ( 'NONE',  ( 618.2116693103157559, 27.72600506288282318, 34.51708601437643154 ) ) ;
#2216 = CARTESIAN_POINT ( 'NONE',  ( 1161.531633224849884, 308.9523351510274551, -85.49689801580734638 ) ) ;
#2217 = CARTESIAN_POINT ( 'NONE',  ( 1470.662893105467901, 865.5574885797860816, -101.7575791115276047 ) ) ;
#2218 = CARTESIAN_POINT ( 'NONE',  ( 1354.470757020681049, 486.1008589108801630, -171.5250697934721131 ) ) ;
#2219 = CARTESIAN_POINT ( 'NONE',  ( 1102.180436030144392, 301.0034123263937431, -40.20831401135932737 ) ) ;
#2220 = CARTESIAN_POINT ( 'NONE',  ( 1092.403634378215656, 336.0151349382559260, 51.77317787377062785 ) ) ;
#2221 = CARTESIAN_POINT ( 'NONE',  ( 1407.217153812893002, 656.5217097711199585, -117.4400798639705243 ) ) ;
#2222 = CARTESIAN_POINT ( 'NONE',  ( 1405.807578775553793, 659.1059045821880318, -127.4370848901362479 ) ) ;
#2223 = CARTESIAN_POINT ( 'NONE',  ( 1352.403043953107272, 872.7665661279526148, 85.72419987860820356 ) ) ;
#2224 = CARTESIAN_POINT ( 'NONE',  ( 1265.351530241339560, 379.3843142658427610, -147.9957950711132071 ) ) ;
#2225 = CARTESIAN_POINT ( 'NONE',  ( 840.2392749590477479, 143.4897366861016792, 82.56054130290503679 ) ) ;
#2226 = CARTESIAN_POINT ( 'NONE',  ( 994.3053647829236752, 257.1559486190702160, 83.87099901203090724 ) ) ;
#2227 = CARTESIAN_POINT ( 'NONE',  ( 579.4460391295355066, 0.5937195562016377437, -1.855546045379991016 ) ) ;
#2228 = CARTESIAN_POINT ( 'NONE',  ( 1312.941623081100715, 830.0747053874773655, 131.6616822688889101 ) ) ;
#2229 = CARTESIAN_POINT ( 'NONE',  ( 1382.403009156518010, 571.0269643947955274, -151.5877007000821095 ) ) ;
#2230 = CARTESIAN_POINT ( 'NONE',  ( 559.9999999999997726, 9.997436195546100635, 14.83505621823814202 ) ) ;
#2231 = CARTESIAN_POINT ( 'NONE',  ( 1101.733259351726474, 302.6709953722194086, -7.772610559684396847 ) ) ;
#2232 = CARTESIAN_POINT ( 'NONE',  ( 1116.460454525985824, 250.0290824265277081, -101.1607132059646545 ) ) ;
#2233 = CARTESIAN_POINT ( 'NONE',  ( 786.6727333299570546, 107.0159723294882497, 76.12228756429395560 ) ) ;
#2234 = CARTESIAN_POINT ( 'NONE',  ( 676.3959809680809485, 23.57828909618118374, -36.46329534781867210 ) ) ;
#2235 = CARTESIAN_POINT ( 'NONE',  ( 787.2989966821194230, 100.4137604831875592, 65.50044796147197701 ) ) ;
#2236 = CARTESIAN_POINT ( 'NONE',  ( 1309.982219740127221, 835.5117283323929769, 122.8567131778997634 ) ) ;
#2237 = CARTESIAN_POINT ( 'NONE',  ( 734.8423355591239670, 27.53556752827677911, -55.22369731598149656 ) ) ;
#2238 = CARTESIAN_POINT ( 'NONE',  ( 618.6704612290415071, 1.437220206073849260, -24.29371862967714080 ) ) ;
#2239 = CARTESIAN_POINT ( 'NONE',  ( 1350.296111234445561, 495.1467931632378736, -163.3261209288973248 ) ) ;
#2240 = CARTESIAN_POINT ( 'NONE',  ( 789.6676018509759842, 75.19274006193120385, -27.45571161698999063 ) ) ;
#2241 = CARTESIAN_POINT ( 'NONE',  ( 1382.660235969425685, 701.7288877219618826, -53.53695432156185774 ) ) ;
#2242 = CARTESIAN_POINT ( 'NONE',  ( 846.7387785825878836, 90.54964560935893303, -54.46146272506599928 ) ) ;
#2243 = CARTESIAN_POINT ( 'NONE',  ( 1327.824410479100834, 914.7282883148898236, 146.2145497503275635 ) ) ;
#2244 = CARTESIAN_POINT ( 'NONE',  ( 1278.331241972737416, 778.7084929592061826, 150.2794216378576380 ) ) ;
#2245 = CARTESIAN_POINT ( 'NONE',  ( 1381.134860373429319, 573.5568928411265688, -148.5980184703106488 ) ) ;
#2246 = CARTESIAN_POINT ( 'NONE',  ( 618.2244603432084205, 27.27087247463657960, 48.94670714020621460 ) ) ;
#2247 = CARTESIAN_POINT ( 'NONE',  ( 560.0000000000000000, 9.553532314226671929, 12.45912970787640894 ) ) ;
#2248 = CARTESIAN_POINT ( 'NONE',  ( 1401.715795771837065, 900.9643288855661467, 18.10735417951705983 ) ) ;
#2249 = CARTESIAN_POINT ( 'NONE',  ( 1333.956672484991714, 904.2486636332727130, 115.2035565894848474 ) ) ;
#2250 = CARTESIAN_POINT ( 'NONE',  ( 1367.168534298225040, 601.4395953654227469, -97.61441038801311265 ) ) ;
#2251 = CARTESIAN_POINT ( 'NONE',  ( 676.9725865384406234, 10.05668397346187426, -49.47812869310954653 ) ) ;
#2252 = CARTESIAN_POINT ( 'NONE',  ( 1220.304401698459060, 324.0934207413532135, -152.3424623972098289 ) ) ;
#2253 = CARTESIAN_POINT ( 'NONE',  ( 618.3836423263887809, 17.45252279050895794, -8.447323058056355194 ) ) ;
#2254 = CARTESIAN_POINT ( 'NONE',  ( 788.9840820852773504, 82.60934096835887885, 25.16168485238107522 ) ) ;
#2255 = CARTESIAN_POINT ( 'NONE',  ( 676.8934416715979978, 11.96846134394013283, -43.03512126753872025 ) ) ;
#2256 = CARTESIAN_POINT ( 'NONE',  ( 1381.210307606096194, 933.2065974087627183, 63.11254650131509436 ) ) ;
#2257 = CARTESIAN_POINT ( 'NONE',  ( 905.4468797451158935, 96.78795111798726225, -85.01529610844738727 ) ) ;
#2258 = CARTESIAN_POINT ( 'NONE',  ( 1353.090014359444922, 489.0982780396502108, -165.4047295421885906 ) ) ;
#2259 = CARTESIAN_POINT ( 'NONE',  ( 618.2049574438162836, 28.35933067615228254, 48.89603469038553385 ) ) ;
#2260 = CARTESIAN_POINT ( 'NONE',  ( 788.0073772564297769, 92.93325392640375071, 49.02765197914681039 ) ) ;
#2261 = CARTESIAN_POINT ( 'NONE',  ( 1101.733259351726474, 302.6709953722194086, -7.772610559684396847 ) ) ;
#2262 = CARTESIAN_POINT ( 'NONE',  ( 1342.027064381647733, 890.4806082504188680, 110.9368942100036719 ) ) ;
#2263 = CARTESIAN_POINT ( 'NONE',  ( 1116.442382309115828, 250.0531687023357392, -116.2512187917856608 ) ) ;
#2264 = CARTESIAN_POINT ( 'NONE',  ( 1332.760932531471553, 793.5723961898072503, 56.18060738016337297 ) ) ;
#2265 = CARTESIAN_POINT ( 'NONE',  ( 1003.542931383076393, 214.0669117629919924, 0.9413616089711559498 ) ) ;
#2266 = CARTESIAN_POINT ( 'NONE',  ( 1409.233053606065823, 652.8119297897013666, -122.6227807528251788 ) ) ;
#2267 = CARTESIAN_POINT ( 'NONE',  ( 731.5731252214131928, 76.14678366498576167, 66.66837175612361932 ) ) ;
#2268 = CARTESIAN_POINT ( 'NONE',  ( 790.6659332606943735, 64.64694515803142849, -48.33308752841156064 ) ) ;
#2269 = CARTESIAN_POINT ( 'NONE',  ( 1286.427745437082649, 762.5610564704508079, 139.1236364761467712 ) ) ;
#2270 = CARTESIAN_POINT ( 'NONE',  ( 943.5362445398671980, 220.9620940263719717, 76.87608570877017655 ) ) ;
#2271 = CARTESIAN_POINT ( 'NONE',  ( 1413.423082842544318, 645.0976216999222288, -133.4058903593883656 ) ) ;
#2272 = CARTESIAN_POINT ( 'NONE',  ( 903.0768331402282456, 112.3448928804929778, -50.42741400770076154 ) ) ;
#2273 = CARTESIAN_POINT ( 'NONE',  ( 1014.102852105566171, 164.7451713885920128, -108.2126237673372202 ) ) ;
#2274 = CARTESIAN_POINT ( 'NONE',  ( 1053.944037804889376, 254.8702035182606096, -37.39919642832868618 ) ) ;
#2275 = CARTESIAN_POINT ( 'NONE',  ( 1437.149677711353434, 916.4650709404314739, -32.48016333333680450 ) ) ;
#2276 = CARTESIAN_POINT ( 'NONE',  ( 1247.427229576011314, 425.8854173400109744, -96.31100849499014771 ) ) ;
#2277 = CARTESIAN_POINT ( 'NONE',  ( 579.3475783052946326, 14.26270387567173081, 37.68478235020773326 ) ) ;
#2278 = CARTESIAN_POINT ( 'NONE',  ( 1157.205270211160041, 504.8842474806190239, 135.9695258148630046 ) ) ;
#2279 = CARTESIAN_POINT ( 'NONE',  ( 791.5377499679826769, 55.44718625798689260, -64.15348574178469221 ) ) ;
#2280 = CARTESIAN_POINT ( 'NONE',  ( 1321.447447814273573, 925.6135160425801587, 157.0263782687150638 ) ) ;
#2281 = CARTESIAN_POINT ( 'NONE',  ( 1131.769779487068035, 403.7127100249681462, 47.70653393069826365 ) ) ;
#2282 = CARTESIAN_POINT ( 'NONE',  ( 1224.195226330680271, 486.2370108864792542, 20.48709941531299350 ) ) ;
#2283 = CARTESIAN_POINT ( 'NONE',  ( 1081.873151865397858, 373.6057826372942259, 97.84033832489144800 ) ) ;
#2284 = CARTESIAN_POINT ( 'NONE',  ( 1450.992028630871118, 931.5150028117666352, -47.42678637252251406 ) ) ;
#2285 = CARTESIAN_POINT ( 'NONE',  ( 1262.807363570396092, 385.9906683516139765, -137.6236011859325856 ) ) ;
#2286 = CARTESIAN_POINT ( 'NONE',  ( 579.4953789382723244, -6.131236116598679509, -39.76249795620680061 ) ) ;
#2287 = CARTESIAN_POINT ( 'NONE',  ( 1432.352799645982714, 959.0414033927007722, -19.95381709350598598 ) ) ;
#2288 = CARTESIAN_POINT ( 'NONE',  ( 1311.438970172133168, 712.6504757175446230, 65.39262579046898338 ) ) ;
#2289 = CARTESIAN_POINT ( 'NONE',  ( 1383.261560557828489, 929.9812426402621668, 58.61193908187623691 ) ) ;
#2290 = CARTESIAN_POINT ( 'NONE',  ( 579.5121336106836907, -8.509545466572374650, -36.40875924437861499 ) ) ;
#2291 = CARTESIAN_POINT ( 'NONE',  ( 792.5419307948709502, 44.88629223290787706, -74.94086799385469533 ) ) ;
#2292 = CARTESIAN_POINT ( 'NONE',  ( 1371.850190647465297, 1015.656130085668110, 98.72566452945731896 ) ) ;
#2293 = CARTESIAN_POINT ( 'NONE',  ( 895.4303006139325589, 162.4989928787338727, 58.39253013841728546 ) ) ;
#2294 = CARTESIAN_POINT ( 'NONE',  ( 1292.987369595932705, 749.4712559041538498, 119.9037779046544046 ) ) ;
#2295 = CARTESIAN_POINT ( 'NONE',  ( 1344.915846918368516, 506.8098482078074767, -150.2079491900836388 ) ) ;
#2296 = CARTESIAN_POINT ( 'NONE',  ( 944.9575637332455926, 213.1741428872082338, 54.69969757540300037 ) ) ;
#2297 = CARTESIAN_POINT ( 'NONE',  ( 790.2714114598445576, 68.98365084361164179, -8.593537882018358331 ) ) ;
#2298 = CARTESIAN_POINT ( 'NONE',  ( 1464.874367453767945, 801.6587825132912712, -118.2830008064689906 ) ) ;
#2299 = CARTESIAN_POINT ( 'NONE',  ( 1296.254331981164569, 860.7920660901221481, 169.0443719676352998 ) ) ;
#2300 = CARTESIAN_POINT ( 'NONE',  ( 1109.505524688852347, 274.8314672680914441, -81.21163838286783232 ) ) ;
#2301 = CARTESIAN_POINT ( 'NONE',  ( 1039.192187970091709, 314.7562857776933924, 103.3844315955424094 ) ) ;
#2302 = CARTESIAN_POINT ( 'NONE',  ( 1335.880005410108879, 900.9645017728687435, 109.8478617568296158 ) ) ;
#2303 = CARTESIAN_POINT ( 'NONE',  ( 1408.565835436296993, 890.1936215490999302, 3.129755575884380026 ) ) ;
#2304 = CARTESIAN_POINT ( 'NONE',  ( 1013.837406868419521, 166.0253728760411889, -93.48831860040968422 ) ) ;
#2305 = CARTESIAN_POINT ( 'NONE',  ( 1060.794361256928141, 227.1686549051157442, -58.45020611275695899 ) ) ;
#2306 = CARTESIAN_POINT ( 'NONE',  ( 1467.190595495686239, 907.5929703757930156, -81.91830946724492435 ) ) ;
#2307 = CARTESIAN_POINT ( 'NONE',  ( 1055.074601891560405, 250.2871979438241965, -45.10230398671647833 ) ) ;
#2308 = CARTESIAN_POINT ( 'NONE',  ( 1363.411694664137940, 608.9364833404304136, -86.79913186678643910 ) ) ;
#2309 = CARTESIAN_POINT ( 'NONE',  ( 1325.773061142889674, 548.3098138957425363, -97.64628486895625770 ) ) ;
#2310 = CARTESIAN_POINT ( 'NONE',  ( 1158.592676644922221, 500.9214923745026908, 142.3979352231747271 ) ) ;
#2311 = CARTESIAN_POINT ( 'NONE',  ( 1120.423679892708378, 439.8831602247708474, 123.2290404911450565 ) ) ;
#2312 = CARTESIAN_POINT ( 'NONE',  ( 1260.488725077572553, 391.9867590168616402, -140.7269771060253731 ) ) ;
#2313 = CARTESIAN_POINT ( 'NONE',  ( 1250.456540434191766, 711.6475636175119917, 165.9100913801606509 ) ) ;
#2314 = CARTESIAN_POINT ( 'NONE',  ( 1336.700762098849054, 786.3190377761833361, 45.29658807188789638 ) ) ;
#2315 = CARTESIAN_POINT ( 'NONE',  ( 1300.618568674597100, 602.8793337314810969, 3.653522361579739197 ) ) ;
#2316 = CARTESIAN_POINT ( 'NONE',  ( 1123.649500064061158, 429.5956809516204657, 99.50173774311184616 ) ) ;
#2317 = CARTESIAN_POINT ( 'NONE',  ( 579.4923679003827601, -5.795910185929877834, -25.32722388187695373 ) ) ;
#2318 = CARTESIAN_POINT ( 'NONE',  ( 1462.872655453313200, 913.9697012688593531, -70.99249023815092130 ) ) ;
#2319 = CARTESIAN_POINT ( 'NONE',  ( 1391.327579579828580, 553.2230923019372995, -170.7961079834963414 ) ) ;
#2320 = CARTESIAN_POINT ( 'NONE',  ( 1229.259388977375011, 473.0452258305741111, -27.81922293139753322 ) ) ;
#2321 = CARTESIAN_POINT ( 'NONE',  ( 1176.469042902563388, 449.7091091389892767, 58.13504264394305920 ) ) ;
#2322 = CARTESIAN_POINT ( 'NONE',  ( 997.9273366703373540, 240.2645628053041662, 51.93822274312950782 ) ) ;
#2323 = CARTESIAN_POINT ( 'NONE',  ( 1468.776772594337217, 795.5232948571785982, -126.4826440476420117 ) ) ;
#2324 = CARTESIAN_POINT ( 'NONE',  ( 559.9999999999998863, -10.35637659902907259, -36.21335495671413440 ) ) ;
#2325 = CARTESIAN_POINT ( 'NONE',  ( 1248.756221327140793, 715.3284655016350371, 163.4090529269267620 ) ) ;
#2326 = CARTESIAN_POINT ( 'NONE',  ( 1169.340898892654195, 470.1311787528518948, 91.76510599960168690 ) ) ;
#2327 = CARTESIAN_POINT ( 'NONE',  ( 1388.905936254864855, 989.7481166536402952, 68.85245250078205004 ) ) ;
#2328 = CARTESIAN_POINT ( 'NONE',  ( 1065.267696673871797, 208.9798217912591269, -108.0918083744999478 ) ) ;
#2329 = CARTESIAN_POINT ( 'NONE',  ( 618.2298345398725132, 26.56275920353989761, 25.86346589342698010 ) ) ;
#2330 = CARTESIAN_POINT ( 'NONE',  ( 1400.283975902767224, 791.0245485528980680, -30.13421933709774336 ) ) ;
#2331 = CARTESIAN_POINT ( 'NONE',  ( 1067.088995954118218, 201.6379963362372223, -105.8086527763351938 ) ) ;
#2332 = CARTESIAN_POINT ( 'NONE',  ( 1298.047500532566346, 857.4923486487859918, 167.3623113302665217 ) ) ;
#2333 = CARTESIAN_POINT ( 'NONE',  ( 733.7029569614546745, 44.31712920085278284, -38.24219006415876265 ) ) ;
#2334 = CARTESIAN_POINT ( 'NONE',  ( 560.0000000000004547, 7.589279883430211093, 30.46202779331926180 ) ) ;
#2335 = CARTESIAN_POINT ( 'NONE',  ( 1122.371107319741213, 433.6719972244629844, 108.4620855865434521 ) ) ;
#2336 = CARTESIAN_POINT ( 'NONE',  ( 560.0000000000000000, 5.767742031116158685, -2.667025320675517452 ) ) ;
#2337 = CARTESIAN_POINT ( 'NONE',  ( 559.9999999999997726, -8.235604362144187007, -21.52189175779960095 ) ) ;
#2338 = CARTESIAN_POINT ( 'NONE',  ( 1288.386090173280081, 484.4544860777710369, -78.45854877682862138 ) ) ;
#2339 = CARTESIAN_POINT ( 'NONE',  ( 1218.012227461739940, 330.6562955393146126, -145.6034244791065646 ) ) ;
#2340 = CARTESIAN_POINT ( 'NONE',  ( 1057.374588175716326, 240.9643634443577014, -60.40677763340767825 ) ) ;
#2341 = CARTESIAN_POINT ( 'NONE',  ( 957.3292202579056038, 145.6305434230517903, -55.74910127551965644 ) ) ;
#2342 = CARTESIAN_POINT ( 'NONE',  ( 1441.223369099410320, 838.8384797175741596, -81.44322389382459448 ) ) ;
#2343 = CARTESIAN_POINT ( 'NONE',  ( 579.3536320662104799, 13.41707102693851539, 35.74871494297993735 ) ) ;
#2344 = CARTESIAN_POINT ( 'NONE',  ( 1322.380593247872184, 924.0164220338592713, 148.7044104223514296 ) ) ;
#2345 = CARTESIAN_POINT ( 'NONE',  ( 1439.772362060587739, 723.6041688868627944, -133.8282725147540475 ) ) ;
#2346 = CARTESIAN_POINT ( 'NONE',  ( 1193.126863833866310, 566.8909681382551753, 149.5660918081027262 ) ) ;
#2347 = CARTESIAN_POINT ( 'NONE',  ( 579.3421019229801914, 15.13738576206420383, 16.53249771357353382 ) ) ;
#2348 = CARTESIAN_POINT ( 'NONE',  ( 1405.389646424387138, 964.7094333806519444, 20.81808755652586029 ) ) ;
#2349 = CARTESIAN_POINT ( 'NONE',  ( 579.4854307668738329, -4.745094395462156278, -37.65833659754628115 ) ) ;
#2350 = CARTESIAN_POINT ( 'NONE',  ( 1420.510989324935736, 941.7395671257696677, 2.324397136528876917 ) ) ;
#2351 = CARTESIAN_POINT ( 'NONE',  ( 560.0000000000005684, 11.29178726061603655, 25.61064760257359296 ) ) ;
#2352 = CARTESIAN_POINT ( 'NONE',  ( 734.5288473932572515, 32.22000846413433806, -41.31575794542604996 ) ) ;
#2353 = CARTESIAN_POINT ( 'NONE',  ( 734.8787021849980192, 26.91193649511491515, -66.58241787095552411 ) ) ;
#2354 = CARTESIAN_POINT ( 'NONE',  ( 1051.738036031112870, 263.8138276647457019, -21.86006904341166290 ) ) ;
#2355 = CARTESIAN_POINT ( 'NONE',  ( 1360.718899587991018, 858.5696585728039736, 65.56030362206081463 ) ) ;
#2356 = CARTESIAN_POINT ( 'NONE',  ( 1175.454227749430402, 452.6166509928721098, 62.94593684438483194 ) ) ;
#2357 = CARTESIAN_POINT ( 'NONE',  ( 960.5397649463061498, 128.0724885939064279, -92.20271824007801342 ) ) ;
#2358 = CARTESIAN_POINT ( 'NONE',  ( 1424.081858264078164, 625.4766669181866519, -160.8278631180109528 ) ) ;
#2359 = CARTESIAN_POINT ( 'NONE',  ( 1078.060624995439412, 387.2559309569244306, 133.3964007449872895 ) ) ;
#2360 = CARTESIAN_POINT ( 'NONE',  ( 895.2066819375206705, 163.9644276233953804, 61.38722445961547436 ) ) ;
#2361 = CARTESIAN_POINT ( 'NONE',  ( 1453.629092205917686, 927.6205891327985000, -52.68429123959977289 ) ) ;
#2362 = CARTESIAN_POINT ( 'NONE',  ( 579.3728024933142251, 10.74855873023523856, 28.92934913309071732 ) ) ;
#2363 = CARTESIAN_POINT ( 'NONE',  ( 1458.596801222865224, 920.2842798637321948, -68.06755438815363846 ) ) ;
#2364 = CARTESIAN_POINT ( 'NONE',  ( 1343.596319095749095, 887.7891257571823189, 88.85656379778778557 ) ) ;
#2365 = CARTESIAN_POINT ( 'NONE',  ( 846.4580677573375169, 92.96559880943014775, -20.68142875180447859 ) ) ;
#2366 = CARTESIAN_POINT ( 'NONE',  ( 1465.858342027009485, 800.1119546872669162, -120.3505636564888590 ) ) ;
#2367 = CARTESIAN_POINT ( 'NONE',  ( 990.7740154405488511, 273.6189988726079605, 112.4361500451481817 ) ) ;
#2368 = CARTESIAN_POINT ( 'NONE',  ( 1447.337190329316172, 936.9124655087854308, -48.11183781594703390 ) ) ;
#2369 = CARTESIAN_POINT ( 'NONE',  ( 1258.900229171250430, 693.3399074357248537, 140.5655444049735934 ) ) ;
#2370 = CARTESIAN_POINT ( 'NONE',  ( 1392.819304248439948, 1017.424442281259076, 62.98012308995053132 ) ) ;
#2371 = CARTESIAN_POINT ( 'NONE',  ( 733.5075795356149229, 47.44090103444130335, 1.052969580627065360 ) ) ;
#2372 = CARTESIAN_POINT ( 'NONE',  ( 734.5288473932572515, 32.22000846413433806, -41.31575794542604996 ) ) ;
#2373 = CARTESIAN_POINT ( 'NONE',  ( 579.4405839013303421, 1.347737154145782323, 0.7400675063968115142 ) ) ;
#2374 = CARTESIAN_POINT ( 'NONE',  ( 792.5009967274695555, 45.30313977685828064, -76.45957071562303042 ) ) ;
#2375 = CARTESIAN_POINT ( 'NONE',  ( 1442.962202307127654, 836.1110637053102437, -71.52310306532714890 ) ) ;
#2376 = CARTESIAN_POINT ( 'NONE',  ( 618.5034886363366695, 10.51770743389600860, -26.27602259624989145 ) ) ;
#2377 = CARTESIAN_POINT ( 'NONE',  ( 1122.865961732693677, 432.1233686850797540, 125.1059215380697935 ) ) ;
#2378 = CARTESIAN_POINT ( 'NONE',  ( 1189.663082373240059, 575.8725199557499081, 153.2333730844898696 ) ) ;
#2379 = CARTESIAN_POINT ( 'NONE',  ( 1458.735887038418468, 883.6751531340975134, -83.86200359649728853 ) ) ;
#2380 = CARTESIAN_POINT ( 'NONE',  ( 560.0000000000000000, 9.284143457059819582, 34.47352900236209194 ) ) ;
#2381 = CARTESIAN_POINT ( 'NONE',  ( 675.5189533855777881, 44.51062559801464147, 19.40287585105519952 ) ) ;
#2382 = CARTESIAN_POINT ( 'NONE',  ( 1413.881470059250432, 986.3198502575993416, 16.86695565978789446 ) ) ;
#2383 = CARTESIAN_POINT ( 'NONE',  ( 846.1725314831288642, 95.28904891208777883, -15.24161974135237330 ) ) ;
#2384 = CARTESIAN_POINT ( 'NONE',  ( 904.6456960853490727, 101.9830230755032829, -88.26119191289886601 ) ) ;
#2385 = CARTESIAN_POINT ( 'NONE',  ( 952.3304366496769262, 172.9612850412016201, 1.058496136343019201 ) ) ;
#2386 = CARTESIAN_POINT ( 'NONE',  ( 1391.418121870221512, 1019.493707456390098, 66.29148049606955340 ) ) ;
#2387 = CARTESIAN_POINT ( 'NONE',  ( 1012.305335474503067, 173.1771489727661617, -79.33750679237326153 ) ) ;
#2388 = CARTESIAN_POINT ( 'NONE',  ( 905.6086418938415363, 95.68098749848955720, -95.79604985969420738 ) ) ;
#2389 = CARTESIAN_POINT ( 'NONE',  ( 1270.569468265974592, 526.5882916239460201, -39.23531887521071582 ) ) ;
#2390 = CARTESIAN_POINT ( 'NONE',  ( 1319.447024733718536, 696.6700349557872869, 41.77705157498066058 ) ) ;
#2391 = CARTESIAN_POINT ( 'NONE',  ( 1161.293851947842995, 309.6693905644329448, -103.8367303673987720 ) ) ;
#2392 = CARTESIAN_POINT ( 'NONE',  ( 1091.734711433319944, 338.4056194469625893, 56.01941897983694929 ) ) ;
#2393 = CARTESIAN_POINT ( 'NONE',  ( 1218.279005807835574, 329.9092967302879629, -138.0135732963937016 ) ) ;
#2394 = CARTESIAN_POINT ( 'NONE',  ( 1015.818351760354290, 156.7633237265201842, -114.8176750141228268 ) ) ;
#2395 = CARTESIAN_POINT ( 'NONE',  ( 1118.063221631919305, 447.4147203898659200, 143.5225271169268524 ) ) ;
#2396 = CARTESIAN_POINT ( 'NONE',  ( 1042.968386191228774, 299.4502967017742776, 75.84410183475335998 ) ) ;
#2397 = CARTESIAN_POINT ( 'NONE',  ( 1399.999709065652723, 1006.820425371961960, 55.89997813850990838 ) ) ;
#2398 = CARTESIAN_POINT ( 'NONE',  ( 676.5832934339904341, 19.13523926742343306, -44.96905350036524140 ) ) ;
#2399 = CARTESIAN_POINT ( 'NONE',  ( 1165.609520183909353, 480.7857460521037751, 85.32760433238209430 ) ) ;
#2400 = CARTESIAN_POINT ( 'NONE',  ( 1105.735645116236128, 288.3653675449698994, -33.28189569900593625 ) ) ;
#2401 = CARTESIAN_POINT ( 'NONE',  ( 1462.872655453313200, 913.9697012688593531, -70.99249023815092130 ) ) ;
#2402 = CARTESIAN_POINT ( 'NONE',  ( 942.5170942660804485, 226.5717584595052756, 104.4822059589441068 ) ) ;
#2403 = CARTESIAN_POINT ( 'NONE',  ( 789.8806213877521714, 72.94149184824459553, -32.14013010329009745 ) ) ;
#2404 = CARTESIAN_POINT ( 'NONE',  ( 1229.595383305381574, 623.5981414077024283, 136.9602227016953293 ) ) ;
#2405 = CARTESIAN_POINT ( 'NONE',  ( 1226.468468963989380, 630.9816301581531661, 131.9086854748773590 ) ) ;
#2406 = CARTESIAN_POINT ( 'NONE',  ( 560.0000000000000000, 3.112124032714477906, -10.88139653169947429 ) ) ;
#2407 = CARTESIAN_POINT ( 'NONE',  ( 958.2099306211326848, 140.8143199023625414, -65.78157437410619934 ) ) ;
#2408 = CARTESIAN_POINT ( 'NONE',  ( 1145.677055228358540, 359.4623854674212566, 0.6381961413090507795 ) ) ;
#2409 = CARTESIAN_POINT ( 'NONE',  ( 1267.848294123153210, 372.8942537699294917, -160.4769775582735178 ) ) ;
#2410 = CARTESIAN_POINT ( 'NONE',  ( 733.5033680414373976, 47.27766773355753571, -32.17602947889942300 ) ) ;
#2411 = CARTESIAN_POINT ( 'NONE',  ( 618.6779641197659885, 0.9917861460894390468, -25.87331587037244063 ) ) ;
#2412 = CARTESIAN_POINT ( 'NONE',  ( 1288.872863110251728, 483.2738209084016034, -100.1342883427769834 ) ) ;
#2413 = CARTESIAN_POINT ( 'NONE',  ( 1256.064023886729956, 699.4900964510017047, 150.9997012179709373 ) ) ;
#2414 = CARTESIAN_POINT ( 'NONE',  ( 1118.487515287302358, 446.0593125553701839, 137.7939199161155273 ) ) ;
#2415 = CARTESIAN_POINT ( 'NONE',  ( 1437.401351160908234, 727.6513260256438116, -129.0999438761218983 ) ) ;
#2416 = CARTESIAN_POINT ( 'NONE',  ( 1302.862138935953908, 848.6304492009834348, 158.8084438011142367 ) ) ;
#2417 = CARTESIAN_POINT ( 'NONE',  ( 1390.763108196674921, 986.9273851015528862, 53.06316455707575841 ) ) ;
#2418 = CARTESIAN_POINT ( 'NONE',  ( 1348.472914318298763, 638.7473582198787199, -43.47013442681730311 ) ) ;
#2419 = CARTESIAN_POINT ( 'NONE',  ( 1121.264379238745505, 232.8387828847834840, -135.3283688717378652 ) ) ;
#2420 = CARTESIAN_POINT ( 'NONE',  ( 1393.949081666080701, 1015.755987765756004, 60.35310335138935045 ) ) ;
#2421 = CARTESIAN_POINT ( 'NONE',  ( 1379.345407646877902, 1004.270912954413120, 79.98566834583090213 ) ) ;
#2422 = CARTESIAN_POINT ( 'NONE',  ( 734.5782434186029377, 31.48262021226724272, -43.44504810264044892 ) ) ;
#2423 = CARTESIAN_POINT ( 'NONE',  ( 848.6613076821466848, 74.94918662338838544, -79.16927080223736368 ) ) ;
#2424 = CARTESIAN_POINT ( 'NONE',  ( 732.6710946897832173, 59.64411427855346659, -3.201922338734248363 ) ) ;
#2425 = CARTESIAN_POINT ( 'NONE',  ( 1094.412111744463346, 328.8373125460937558, 39.03317378859097175 ) ) ;
#2426 = CARTESIAN_POINT ( 'NONE',  ( 1404.450499915465798, 966.1357225780467388, 36.12855402237165237 ) ) ;
#2427 = CARTESIAN_POINT ( 'NONE',  ( 1036.502852307902231, 325.6328583567633927, 109.5725627085457319 ) ) ;
#2428 = EDGE_LOOP ( 'NONE', ( #1964, #6462 ) ) ;
#2429 = CARTESIAN_POINT ( 'NONE',  ( 1309.528178405847257, 434.4139086354524011, -153.9649025800094932 ) ) ;
#2430 = CARTESIAN_POINT ( 'NONE',  ( 579.5071593614165977, -7.783052924666053585, -40.80496137671789114 ) ) ;
#2431 = CARTESIAN_POINT ( 'NONE',  ( 675.8292710495344409, 37.43011592651666319, 31.75274326727661744 ) ) ;
#2432 = CARTESIAN_POINT ( 'NONE',  ( 732.4567737694127345, 63.05942156797142673, 40.85939064963689304 ) ) ;
#2433 = CARTESIAN_POINT ( 'NONE',  ( 1456.984864039413878, 886.3350162070430542, -80.76725555878992679 ) ) ;
#2434 = CARTESIAN_POINT ( 'NONE',  ( 560.0000000000006821, 10.99087465690822363, 22.01416049695109578 ) ) ;
#2435 = CARTESIAN_POINT ( 'NONE',  ( 1056.089074347790074, 246.2507567576531358, -22.87362698767804758 ) ) ;
#2436 = CARTESIAN_POINT ( 'NONE',  ( 1384.125734692652259, 567.6015767956906757, -145.9363211242206546 ) ) ;
#2437 = CARTESIAN_POINT ( 'NONE',  ( 1386.772178971049243, 1026.354832743413226, 81.55476703204412559 ) ) ;
#2438 = CARTESIAN_POINT ( 'NONE',  ( 846.1529870465694785, 95.30698427913279147, -45.83109695230196223 ) ) ;
#2439 = CARTESIAN_POINT ( 'NONE',  ( 675.6514292631977696, 41.32473856946027979, 8.286007965797411501 ) ) ;
#2440 = CARTESIAN_POINT ( 'NONE',  ( 732.1221673492724449, 68.02074420989731607, 52.23422842725093318 ) ) ;
#2441 = CARTESIAN_POINT ( 'NONE',  ( 1227.073510855305358, 629.5488787693371933, 129.1347710922672718 ) ) ;
#2442 = CARTESIAN_POINT ( 'NONE',  ( 560.0000000000000000, -11.30335523118285934, -33.79012689311444717 ) ) ;
#2443 = CARTESIAN_POINT ( 'NONE',  ( 1401.041064244468316, 667.8920212623670523, -101.4861619422898400 ) ) ;
#2444 = CARTESIAN_POINT ( 'NONE',  ( 1427.387943984604590, 966.3734988282160430, 0.1514668213138629649 ) ) ;
#2445 = CARTESIAN_POINT ( 'NONE',  ( 1469.096454134509031, 904.7783996451355506, -83.89923877316688561 ) ) ;
#2446 = CARTESIAN_POINT ( 'NONE',  ( 1449.673663491822253, 933.4619635448954114, -44.79287117799955098 ) ) ;
#2447 = CARTESIAN_POINT ( 'NONE',  ( 893.5524757293443372, 174.8023534885446679, 83.56255938217610435 ) ) ;
#2448 = CARTESIAN_POINT ( 'NONE',  ( 1156.117716110195033, 508.0034696310078175, 142.6539772285289018 ) ) ;
#2449 = CARTESIAN_POINT ( 'NONE',  ( 957.4364357181003697, 144.9699639870175076, -79.42950134809771612 ) ) ;
#2450 = CARTESIAN_POINT ( 'NONE',  ( 1388.868997298875229, 1023.258252875004473, 78.60441507959404817 ) ) ;
#2451 = CARTESIAN_POINT ( 'NONE',  ( 618.2298345398725132, 26.56275920353989761, 25.86346589342698010 ) ) ;
#2452 = CARTESIAN_POINT ( 'NONE',  ( 1272.535956490808530, 521.9689228590968924, -20.86326106302758632 ) ) ;
#2453 = CARTESIAN_POINT ( 'NONE',  ( 849.4773416039446374, 68.33684463918000063, -86.31520940199206393 ) ) ;
#2454 = CARTESIAN_POINT ( 'NONE',  ( 1423.209725726193255, 972.5438886865565564, -2.027881031245002852 ) ) ;
#2455 = CARTESIAN_POINT ( 'NONE',  ( 1332.328224918734122, 907.0293103488986617, 119.7519113152855397 ) ) ;
#2456 = CARTESIAN_POINT ( 'NONE',  ( 1372.820453761443105, 590.1613042527858397, -113.8112176805648943 ) ) ;
#2457 = CARTESIAN_POINT ( 'NONE',  ( 1470.964640390639261, 792.0803397006525302, -136.1378683326818759 ) ) ;
#2458 = CARTESIAN_POINT ( 'NONE',  ( 1182.081322074919626, 433.5797123731522902, 2.113117147571196508 ) ) ;
#2459 = CARTESIAN_POINT ( 'NONE',  ( 1286.914834739929120, 632.5945632719153764, 48.64718309788499084 ) ) ;
#2460 = CARTESIAN_POINT ( 'NONE',  ( 676.0304629212376994, 32.64220370767256441, 19.13964990799600940 ) ) ;
#2461 = CARTESIAN_POINT ( 'NONE',  ( 1079.911826914741596, 380.6264299334973202, 115.5319338237143114 ) ) ;
#2462 = ORIENTED_EDGE ( 'NONE', *, *, #1622, .T. ) ;
#2463 = CARTESIAN_POINT ( 'NONE',  ( 1352.025232366978571, 491.4079267169390164, -161.7294363170090605 ) ) ;
#2464 = CARTESIAN_POINT ( 'NONE',  ( 849.5189363765759936, 68.00505103003895613, -85.91800745793065630 ) ) ;
#2465 = CARTESIAN_POINT ( 'NONE',  ( 997.1116036647839564, 244.0692190626820661, 59.18935457237037667 ) ) ;
#2466 = CARTESIAN_POINT ( 'NONE',  ( 1453.368409849672844, 819.7495230251233806, -93.82003785309422028 ) ) ;
#2467 = CARTESIAN_POINT ( 'NONE',  ( 1346.158300851982631, 883.4276699167870675, 100.8625145460384118 ) ) ;
#2468 = CARTESIAN_POINT ( 'NONE',  ( 957.4364357181003697, 144.9699639870175076, -79.42950134809771612 ) ) ;
#2469 = ADVANCED_FACE ( 'NONE', ( #191 ), #2651, .T. ) ;
#2470 = CARTESIAN_POINT ( 'NONE',  ( 944.1814517847162733, 217.4251245624061823, 66.32037916616897633 ) ) ;
#2471 = CARTESIAN_POINT ( 'NONE',  ( 846.7393803706843300, 90.67591303778594636, -26.13961562775243408 ) ) ;
#2472 = CARTESIAN_POINT ( 'NONE',  ( 1263.984076564557654, 382.9358757792226129, -142.2924900525475778 ) ) ;
#2473 = CARTESIAN_POINT ( 'NONE',  ( 786.7360724705567918, 106.3482525656953612, 75.54366648502063697 ) ) ;
#2474 = CARTESIAN_POINT ( 'NONE',  ( 1180.050451553765697, 439.3989226245551549, 11.73109924698277773 ) ) ;
#2475 = CARTESIAN_POINT ( 'NONE',  ( 1335.705627520774442, 901.2726819575159425, 126.1578332989933529 ) ) ;
#2476 = CARTESIAN_POINT ( 'NONE',  ( 1160.483643819683039, 495.4818139353018296, 114.9329852251840833 ) ) ;
#2477 = PERSON_AND_ORGANIZATION ( #6180, #1047 ) ;
#2478 = CARTESIAN_POINT ( 'NONE',  ( 1260.546135583735804, 689.7710400586526021, 135.1305411564525230 ) ) ;
#2479 = CARTESIAN_POINT ( 'NONE',  ( 1282.329774501320117, 770.7391204184391427, 152.4089721485986786 ) ) ;
#2480 = CARTESIAN_POINT ( 'NONE',  ( 1386.486546713151029, 1026.776654265971729, 78.24414063653804874 ) ) ;
#2481 = CARTESIAN_POINT ( 'NONE',  ( 1162.248058770891248, 306.6310417896535796, -108.0445400718034534 ) ) ;
#2482 = CARTESIAN_POINT ( 'NONE',  ( 1330.012523477874083, 910.9926132351577053, 141.0298558904945310 ) ) ;
#2483 = CARTESIAN_POINT ( 'NONE',  ( 731.8679642220801043, 71.63747470266687856, 34.69133896096955993 ) ) ;
#2484 = CARTESIAN_POINT ( 'NONE',  ( 1308.311782950483575, 586.1972697598522473, -21.50919668852453981 ) ) ;
#2485 = CARTESIAN_POINT ( 'NONE',  ( 1471.346604051238046, 864.5189459785641475, -103.9600874892743008 ) ) ;
#2486 = CARTESIAN_POINT ( 'NONE',  ( 1065.973204296012909, 206.1216431207885762, -111.8518290254812939 ) ) ;
#2487 = DIRECTION ( 'NONE',  ( 0.000000000000000000, 0.000000000000000000, -1.000000000000000000 ) ) ;
#2488 = CARTESIAN_POINT ( 'NONE',  ( 675.3198084967558543, 49.38330925702716456, 45.00854772827113948 ) ) ;
#2489 = CARTESIAN_POINT ( 'NONE',  ( 1456.003234477527258, 887.8259755426281572, -71.43950215162793427 ) ) ;
#2490 = CARTESIAN_POINT ( 'NONE',  ( 675.6039561550869621, 42.46353078895704414, 11.96908895156870400 ) ) ;
#2491 = CARTESIAN_POINT ( 'NONE',  ( 848.7872773679014244, 73.92689572218054650, -80.54361551076162584 ) ) ;
#2492 = CARTESIAN_POINT ( 'NONE',  ( 948.6177048587001082, 193.1495944502004249, 8.125325731536287677 ) ) ;
#2493 = CARTESIAN_POINT ( 'NONE',  ( 1414.347263672735608, 985.6319665686756935, 26.69684527571626731 ) ) ;
#2494 = CARTESIAN_POINT ( 'NONE',  ( 1414.347263672735608, 985.6319665686756935, 26.69684527571626731 ) ) ;
#2495 = CARTESIAN_POINT ( 'NONE',  ( 1079.675011958018786, 381.4743398795394569, 117.8111633276425039 ) ) ;
#2496 = ORIENTED_EDGE ( 'NONE', *, *, #3322, .F. ) ;
#2497 = CARTESIAN_POINT ( 'NONE',  ( 734.9817824089018359, 25.45256766405650595, -61.47934242226661894 ) ) ;
#2498 = CARTESIAN_POINT ( 'NONE',  ( 1121.305414422721697, 232.6952601264159171, -134.7042559805628343 ) ) ;
#2499 = CARTESIAN_POINT ( 'NONE',  ( 1209.615387955449933, 524.0878625810599942, 81.14646306616934623 ) ) ;
#2500 = CARTESIAN_POINT ( 'NONE',  ( 1297.106170025976326, 463.8154124426906151, -109.7860318469136871 ) ) ;
#2501 = CARTESIAN_POINT ( 'NONE',  ( 1204.736048324358308, 536.7545336505831983, 101.3480142801395942 ) ) ;
#2502 = CARTESIAN_POINT ( 'NONE',  ( 1010.763727089205759, 180.3060974471203508, -86.78430274025591018 ) ) ;
#2503 = CARTESIAN_POINT ( 'NONE',  ( 1292.085242834927840, 751.2532100152292287, 101.9507595964998359 ) ) ;
#2504 = CARTESIAN_POINT ( 'NONE',  ( 1169.459730239154396, 283.6936085148190614, -127.7677534077978123 ) ) ;
#2505 = CARTESIAN_POINT ( 'NONE',  ( 731.7474279370032946, 73.56901552306923975, 63.92262766067967306 ) ) ;
#2506 = CARTESIAN_POINT ( 'NONE',  ( 579.3674243045538788, 11.49711699147698596, 30.81654474563037738 ) ) ;
#2507 = CARTESIAN_POINT ( 'NONE',  ( 618.2055798395663260, 28.15419053401346616, 39.48293225344249890 ) ) ;
#2508 = MECHANICAL_CONTEXT ( 'NONE', #993, 'mechanical' ) ;
#2509 = CARTESIAN_POINT ( 'NONE',  ( 1286.427745437082649, 762.5610564704508079, 139.1236364761467712 ) ) ;
#2510 = CARTESIAN_POINT ( 'NONE',  ( 992.9643336349698757, 263.4088635786984582, 95.39729340159213677 ) ) ;
#2511 = CARTESIAN_POINT ( 'NONE',  ( 1188.902326834114092, 577.8505723859689169, 158.2297393735720732 ) ) ;
#2512 = CARTESIAN_POINT ( 'NONE',  ( 1457.130825745512084, 922.4492314432366129, -65.55689319406256743 ) ) ;
#2513 = CARTESIAN_POINT ( 'NONE',  ( 841.1440708822605075, 136.1648506648536454, 76.27241303561457642 ) ) ;
#2514 = CARTESIAN_POINT ( 'NONE',  ( 1040.258688585812479, 310.3775724129513378, 70.21901259736584677 ) ) ;
#2515 = CARTESIAN_POINT ( 'NONE',  ( 1427.772821842851954, 930.7085540637868917, -12.91611895141613786 ) ) ;
#2516 = CARTESIAN_POINT ( 'NONE',  ( 1267.752574818074891, 373.1408763704508829, -160.7816365328287986 ) ) ;
#2517 = CARTESIAN_POINT ( 'NONE',  ( 1399.536241582931552, 792.2869152170360394, -47.52551928303227413 ) ) ;
#2518 = CARTESIAN_POINT ( 'NONE',  ( 1117.722688564709415, 245.4809980127186293, -122.0978999906728575 ) ) ;
#2519 = CARTESIAN_POINT ( 'NONE',  ( 733.5075795356149229, 47.44090103444130335, 1.052969580627065360 ) ) ;
#2520 = CARTESIAN_POINT ( 'NONE',  ( 1330.124223590101337, 910.7927919731673683, 126.0242285671118765 ) ) ;
#2521 = CARTESIAN_POINT ( 'NONE',  ( 1454.957051499911131, 925.6594597582255801, -55.32489956287352584 ) ) ;
#2522 = CARTESIAN_POINT ( 'NONE',  ( 734.7140444727273234, 29.34756081133064143, -63.69891442036432494 ) ) ;
#2523 = CARTESIAN_POINT ( 'NONE',  ( 731.5731252214131928, 76.14678366498576167, 66.66837175612361932 ) ) ;
#2524 = CARTESIAN_POINT ( 'NONE',  ( 618.3150880477984401, 21.46043511180174335, 4.045763324148024864 ) ) ;
#2525 = CARTESIAN_POINT ( 'NONE',  ( 1406.004082235814394, 963.7758179198940525, 32.85850592465465070 ) ) ;
#2526 = CARTESIAN_POINT ( 'NONE',  ( 1136.542859274563853, 388.5602881900305761, 50.59427058609207961 ) ) ;
#2527 = CARTESIAN_POINT ( 'NONE',  ( 1253.012932737532537, 706.0937144525337317, 146.1039540257753799 ) ) ;
#2528 = CARTESIAN_POINT ( 'NONE',  ( 1424.355687097330019, 970.8515337196325845, -4.302099539077683943 ) ) ;
#2529 = CARTESIAN_POINT ( 'NONE',  ( 618.7635430681194748, -4.150980812752974813, -45.64538187257789303 ) ) ;
#2530 = CARTESIAN_POINT ( 'NONE',  ( 1267.848294123153210, 372.8942537699294917, -160.4769775582735178 ) ) ;
#2531 = CARTESIAN_POINT ( 'NONE',  ( 1328.088554179556922, 802.1905274390737759, 91.30192170234113291 ) ) ;
#2532 = CARTESIAN_POINT ( 'NONE',  ( 848.4226552933586163, 76.97184497306379569, -58.88196287887082292 ) ) ;
#2533 =( GEOMETRIC_REPRESENTATION_CONTEXT ( 3 ) GLOBAL_UNCERTAINTY_ASSIGNED_CONTEXT ( ( #4898 ) ) GLOBAL_UNIT_ASSIGNED_CONTEXT ( ( #3472, #5017, #12 ) ) REPRESENTATION_CONTEXT ( 'NONE', 'WORKASPACE' ) );
#2534 = CARTESIAN_POINT ( 'NONE',  ( 675.7993341324937546, 38.14124437754600194, 33.54111076279501447 ) ) ;
#2535 = CARTESIAN_POINT ( 'NONE',  ( 1038.972967768524086, 315.5976079423493275, 82.63932678373750207 ) ) ;
#2536 = CARTESIAN_POINT ( 'NONE',  ( 1463.476501336008823, 913.0779420834456914, -72.17064200776961513 ) ) ;
#2537 = CARTESIAN_POINT ( 'NONE',  ( 894.3041896398354993, 169.8775471595980946, 73.31060673261326599 ) ) ;
#2538 = CARTESIAN_POINT ( 'NONE',  ( 1194.003422456782801, 564.5954268309421877, 129.5071350686574192 ) ) ;
#2539 = CARTESIAN_POINT ( 'NONE',  ( 1163.175123268994184, 487.7949266228048373, 120.6378876129168987 ) ) ;
#2540 = CARTESIAN_POINT ( 'NONE',  ( 1161.679159528086529, 492.0807846010205822, 127.8201190206300026 ) ) ;
#2541 = CARTESIAN_POINT ( 'NONE',  ( 1118.008139182988771, 447.5889846886810801, 142.3191693687845145 ) ) ;
#2542 = CARTESIAN_POINT ( 'NONE',  ( 1453.610432748750554, 891.4608920800872056, -74.68411264062940802 ) ) ;
#2543 = CARTESIAN_POINT ( 'NONE',  ( 1304.264777523497287, 846.0484629112590937, 155.7532626855097533 ) ) ;
#2544 = CARTESIAN_POINT ( 'NONE',  ( 1366.615744465335410, 956.1475546632544820, 79.20067732458002752 ) ) ;
#2545 = CARTESIAN_POINT ( 'NONE',  ( 1355.925074292230647, 623.8762574628220818, -65.16121411242373540 ) ) ;
#2546 = CARTESIAN_POINT ( 'NONE',  ( 1069.021750294877165, 193.7758103817223798, -125.7692090442411370 ) ) ;
#2547 = CARTESIAN_POINT ( 'NONE',  ( 951.0281551867670942, 179.9735968735535607, -18.44540963719880367 ) ) ;
#2548 = CARTESIAN_POINT ( 'NONE',  ( 1052.961807729825978, 258.9324788841761347, 0.8682011967653636697 ) ) ;
#2549 = CARTESIAN_POINT ( 'NONE',  ( 1120.707453144140118, 438.9778369248704735, 120.9509253833714268 ) ) ;
#2550 = CARTESIAN_POINT ( 'NONE',  ( 1376.570191610932852, 582.6789838150399419, -124.4973953251593883 ) ) ;
#2551 = CARTESIAN_POINT ( 'NONE',  ( 1066.657989051781442, 203.3477931207067684, -115.3438260390836945 ) ) ;
#2552 = CARTESIAN_POINT ( 'NONE',  ( 1118.193987294946737, 446.9985892148409903, 143.5327851496413132 ) ) ;
#2553 = CARTESIAN_POINT ( 'NONE',  ( 1047.483842792461473, 281.0643015663683286, 9.596719781940160843 ) ) ;
#2554 = CARTESIAN_POINT ( 'NONE',  ( 1419.559956143247746, 977.9338659034129932, 16.07299227675361664 ) ) ;
#2555 = CARTESIAN_POINT ( 'NONE',  ( 1429.995836009094091, 962.5221656751032242, -5.146808283701099107 ) ) ;
#2556 = CARTESIAN_POINT ( 'NONE',  ( 897.4006222889844366, 149.5830483241415152, 31.36708098499692454 ) ) ;
#2557 = CARTESIAN_POINT ( 'NONE',  ( 1303.069214877737522, 848.2413086981213155, 145.1200100779604156 ) ) ;
#2558 = CARTESIAN_POINT ( 'NONE',  ( 1219.516254473491244, 326.3614355190370588, -144.2193495837161663 ) ) ;
#2559 = CARTESIAN_POINT ( 'NONE',  ( 1471.293311621736848, 864.5998893822361424, -103.3928708866308313 ) ) ;
#2560 = CARTESIAN_POINT ( 'NONE',  ( 1443.091908801788122, 907.4388417432207916, -55.10665933184436227 ) ) ;
#2561 = CARTESIAN_POINT ( 'NONE',  ( 1373.004398523654345, 946.1094177555255555, 81.10254254595515988 ) ) ;
#2562 = CARTESIAN_POINT ( 'NONE',  ( 579.4971533823722893, -6.453838488060795520, -27.94756376044895063 ) ) ;
#2563 = CARTESIAN_POINT ( 'NONE',  ( 1402.610569736127900, 1002.964708124501499, 50.58762460673158756 ) ) ;
#2564 = CARTESIAN_POINT ( 'NONE',  ( 1385.861481211882619, 994.3729632881112366, 64.38593449429680504 ) ) ;
#2565 = CARTESIAN_POINT ( 'NONE',  ( 905.2453172259288294, 98.11019939490631714, -82.21137753391431602 ) ) ;
#2566 = CARTESIAN_POINT ( 'NONE',  ( 1287.369659333308391, 760.6814466642265415, 136.3641063819076180 ) ) ;
#2567 = CARTESIAN_POINT ( 'NONE',  ( 991.1286372846274162, 271.9352183225727799, 95.58479054464550018 ) ) ;
#2568 = DATE_AND_TIME ( #6069, #5906 ) ;
#2569 = CARTESIAN_POINT ( 'NONE',  ( 787.4383377321422586, 98.94193080409998231, 62.08374960603880055 ) ) ;
#2570 = CARTESIAN_POINT ( 'NONE',  ( 1283.877920821406406, 767.6495134490385226, 147.1686384376382080 ) ) ;
#2571 = CARTESIAN_POINT ( 'NONE',  ( 1296.736363713804394, 859.9032366223428880, 165.5922369484161436 ) ) ;
#2572 = CARTESIAN_POINT ( 'NONE',  ( 733.9823456291539969, 40.17570051705997258, -46.24304702641637022 ) ) ;
#2573 = CARTESIAN_POINT ( 'NONE',  ( 787.1579694675934888, 101.9010243156409246, 68.92177456640391142 ) ) ;
#2574 = CARTESIAN_POINT ( 'NONE',  ( 1385.861481211882619, 994.3729632881112366, 64.38593449429680504 ) ) ;
#2575 = CARTESIAN_POINT ( 'NONE',  ( 560.0000000000003411, -6.679066988407670991, -15.27034814163713072 ) ) ;
#2576 = CARTESIAN_POINT ( 'NONE',  ( 1267.241215148321544, 374.4656500162287784, -160.0114941053386701 ) ) ;
#2577 = CARTESIAN_POINT ( 'NONE',  ( 675.9729091981868123, 33.64064060674864720, -13.52689761765391374 ) ) ;
#2578 = CARTESIAN_POINT ( 'NONE',  ( 579.4482751836488887, 0.4344012082188208890, -28.31194879434050549 ) ) ;
#2579 = CARTESIAN_POINT ( 'NONE',  ( 952.5270754076648245, 171.8863518033637661, -1.167556829974500499 ) ) ;
#2580 = CARTESIAN_POINT ( 'NONE',  ( 1193.555564963638290, 565.7590778731624823, 132.0039993148833446 ) ) ;
#2581 = CARTESIAN_POINT ( 'NONE',  ( 848.7003950794942284, 74.70986755935413726, -64.33172337415288666 ) ) ;
#2582 = CARTESIAN_POINT ( 'NONE',  ( 1139.870311071315655, 377.9030482737007901, 1.893001589574880850 ) ) ;
#2583 = CARTESIAN_POINT ( 'NONE',  ( 1261.146030464257365, 390.2810680815194928, -142.8014025531439586 ) ) ;
#2584 = CARTESIAN_POINT ( 'NONE',  ( 675.3003394973399054, 49.94915798125015982, 57.54208053659935729 ) ) ;
#2585 = CARTESIAN_POINT ( 'NONE',  ( 1320.700276428985717, 694.1445901092253052, 13.18199139787751584 ) ) ;
#2586 = CARTESIAN_POINT ( 'NONE',  ( 1422.165836722346739, 974.0855032514737104, 10.75992402354856914 ) ) ;
#2587 = CARTESIAN_POINT ( 'NONE',  ( 845.8880600283507647, 97.60383069376106846, -9.796325843502618369 ) ) ;
#2588 = CARTESIAN_POINT ( 'NONE',  ( 1094.412111744463346, 328.8373125460937558, 39.03317378859097175 ) ) ;
#2589 = CARTESIAN_POINT ( 'NONE',  ( 892.2823559591288358, 183.1000754740798868, 89.80453918254416124 ) ) ;
#2590 = CARTESIAN_POINT ( 'NONE',  ( 788.6756935258756585, 85.68445461802279794, -3.669995086115432237 ) ) ;
#2591 = CARTESIAN_POINT ( 'NONE',  ( 734.9756326198707939, 25.49890773566902880, -66.09120119365680068 ) ) ;
#2592 = CARTESIAN_POINT ( 'NONE',  ( 1454.580807522376517, 698.3310370248244681, -160.0388000141327893 ) ) ;
#2593 = CARTESIAN_POINT ( 'NONE',  ( 1389.796967094496722, 688.5763213686960853, -90.29135617415204251 ) ) ;
#2594 = CARTESIAN_POINT ( 'NONE',  ( 1246.812695339312768, 582.8504937689931467, 73.77141532205588703 ) ) ;
#2595 = CARTESIAN_POINT ( 'NONE',  ( 1089.717378532644943, 345.6146238315381538, 68.74109416830131636 ) ) ;
#2596 = CARTESIAN_POINT ( 'NONE',  ( 675.3685733786076071, 48.16792293711156958, 36.36781966796934285 ) ) ;
#2597 = CARTESIAN_POINT ( 'NONE',  ( 560.0000000000004547, -10.66155970673764664, -32.07908292387030968 ) ) ;
#2598 = CARTESIAN_POINT ( 'NONE',  ( 560.0000000000014779, 5.802443900627678453, 25.93843809712622317 ) ) ;
#2599 = CARTESIAN_POINT ( 'NONE',  ( 1377.342130421460979, 1007.313878306342190, 85.01936817584869743 ) ) ;
#2600 = SECURITY_CLASSIFICATION_LEVEL ( 'unclassified' ) ;
#2601 = CARTESIAN_POINT ( 'NONE',  ( 1198.596873276163933, 552.6912232365853015, 126.6597821685059273 ) ) ;
#2602 = CARTESIAN_POINT ( 'NONE',  ( 1082.320281944057569, 372.0452667349842955, 115.2107473234055988 ) ) ;
#2603 = CARTESIAN_POINT ( 'NONE',  ( 675.2889779864765387, 50.21017327066916636, 57.01372243855682598 ) ) ;
#2604 = CARTESIAN_POINT ( 'NONE',  ( 1292.025704988586085, 475.8132866733142805, -110.1074890365507457 ) ) ;
#2605 = CARTESIAN_POINT ( 'NONE',  ( 1391.151654928605012, 1019.887225653015093, 74.38799740490864565 ) ) ;
#2606 = CARTESIAN_POINT ( 'NONE',  ( 1082.952737327315845, 369.7427576774967974, 88.84178450847991826 ) ) ;
#2607 = CARTESIAN_POINT ( 'NONE',  ( 1445.287442930058205, 939.9395310621659974, -36.00737259912574473 ) ) ;
#2608 = CARTESIAN_POINT ( 'NONE',  ( 1453.814203466502249, 699.6384523941185307, -159.4308549022502177 ) ) ;
#2609 = CARTESIAN_POINT ( 'NONE',  ( 676.5069905079905084, 20.94668949609794240, -41.62901268272522515 ) ) ;
#2610 = CARTESIAN_POINT ( 'NONE',  ( 1189.315159825923047, 412.9023775619454568, -2.813854283499015008 ) ) ;
#2611 = CARTESIAN_POINT ( 'NONE',  ( 1305.441379783697812, 843.8730061679565324, 137.1537294156418056 ) ) ;
#2612 = CARTESIAN_POINT ( 'NONE',  ( 1258.518194837316969, 397.1266998974392095, -120.4407608812656179 ) ) ;
#2613 = CARTESIAN_POINT ( 'NONE',  ( 1258.841339541560046, 554.3454668801847447, 2.284391406635708943 ) ) ;
#2614 = CARTESIAN_POINT ( 'NONE',  ( 618.6708407577069693, 0.9483630447836179922, -44.79979842551608016 ) ) ;
#2615 = CARTESIAN_POINT ( 'NONE',  ( 675.2943972108688513, 50.08668111336035622, 57.38094198851008798 ) ) ;
#2616 = CARTESIAN_POINT ( 'NONE',  ( 675.6039561550869621, 42.46353078895704414, 11.96908895156870400 ) ) ;
#2617 = CARTESIAN_POINT ( 'NONE',  ( 1298.420745063528102, 607.6451040717715841, 10.84355258486437812 ) ) ;
#2618 = CARTESIAN_POINT ( 'NONE',  ( 1412.217215644868247, 954.3379567939102799, 19.76584456020322733 ) ) ;
#2619 = CARTESIAN_POINT ( 'NONE',  ( 618.2044275209285615, 28.32503931066396063, 45.20691158963538925 ) ) ;
#2620 = DIRECTION ( 'NONE',  ( -0.5606896246927584038, 0.8280260531902928767, 0.000000000000000000 ) ) ;
#2621 = CARTESIAN_POINT ( 'NONE',  ( 1120.908530706459942, 234.1214489062818132, -130.3516342973919677 ) ) ;
#2622 = CARTESIAN_POINT ( 'NONE',  ( 1220.825986500716681, 322.6017507698479108, -153.0269560848419133 ) ) ;
#2623 = CARTESIAN_POINT ( 'NONE',  ( 789.4586935384651269, 77.40100773465046302, -22.74753375697969915 ) ) ;
#2624 = CARTESIAN_POINT ( 'NONE',  ( 675.9461264565713918, 34.65111835900036397, 24.56196635382289628 ) ) ;
#2625 = CARTESIAN_POINT ( 'NONE',  ( 1406.524808520573742, 997.1841629722558764, 42.62671005039997851 ) ) ;
#2626 = CARTESIAN_POINT ( 'NONE',  ( 991.9687222411856737, 268.0056732325248845, 84.02955490604102806 ) ) ;
#2627 = CARTESIAN_POINT ( 'NONE',  ( 618.7627943357784943, -4.134205244109758759, -46.61216568880795563 ) ) ;
#2628 = CARTESIAN_POINT ( 'NONE',  ( 945.7033906871207591, 209.1750271700362873, 74.12008898905146737 ) ) ;
#2629 = CARTESIAN_POINT ( 'NONE',  ( 675.3075937282975474, 49.70109189374623782, 48.66755800531109344 ) ) ;
#2630 = CARTESIAN_POINT ( 'NONE',  ( 1383.445082689966057, 998.0432138562920272, 80.32462933020956086 ) ) ;
#2631 = CARTESIAN_POINT ( 'NONE',  ( 1013.500590625333643, 167.5519988565686162, -104.6751867315657307 ) ) ;
#2632 = CARTESIAN_POINT ( 'NONE',  ( 675.5341938205186807, 44.42902131552148148, 48.66772233103193201 ) ) ;
#2633 = CARTESIAN_POINT ( 'NONE',  ( 786.5938563090019215, 107.8459384838721320, 76.10006550623867838 ) ) ;
#2634 = CARTESIAN_POINT ( 'NONE',  ( 1371.120111082916537, 593.5374434934039982, -124.2621523203297897 ) ) ;
#2635 = CARTESIAN_POINT ( 'NONE',  ( 1379.041070446465937, 1004.732906833990569, 90.05155929740166698 ) ) ;
#2636 = CARTESIAN_POINT ( 'NONE',  ( 1234.057571873639063, 613.0121795920809973, 98.55349655833457234 ) ) ;
#2637 = CARTESIAN_POINT ( 'NONE',  ( 676.6772067074332426, 17.16890244074999217, -26.49522804545248533 ) ) ;
#2638 = CARTESIAN_POINT ( 'NONE',  ( 734.8787021849980192, 26.91193649511491515, -66.58241787095552411 ) ) ;
#2639 = CARTESIAN_POINT ( 'NONE',  ( 1306.574844886942856, 589.9346709998671940, -40.27594448346525269 ) ) ;
#2640 = CARTESIAN_POINT ( 'NONE',  ( 676.6444996435604935, 17.95413922040511778, -24.04940379827254660 ) ) ;
#2641 = CARTESIAN_POINT ( 'NONE',  ( 1008.858781241126735, 189.1862386945768435, -73.11357075526098015 ) ) ;
#2642 = CARTESIAN_POINT ( 'NONE',  ( 1121.274191575289251, 437.1700540175896776, 116.4832047693613362 ) ) ;
#2643 = CARTESIAN_POINT ( 'NONE',  ( 1095.282251641450102, 325.6562251435274220, 1.804949140971962906 ) ) ;
#2644 = CARTESIAN_POINT ( 'NONE',  ( 734.5185802909584254, 32.23877231996057446, -59.57494516032254239 ) ) ;
#2645 = CARTESIAN_POINT ( 'NONE',  ( 1249.194640414096057, 714.3830338785128333, 168.3820193280419062 ) ) ;
#2646 = CARTESIAN_POINT ( 'NONE',  ( 1365.726053318797312, 850.0064177529089875, 32.24294608223076608 ) ) ;
#2647 = B_SPLINE_CURVE_WITH_KNOTS ( 'NONE', 3,
 ( #4933, #3942, #5524, #5956, #361, #1392, #6521, #3415, #5990, #4006, #5428, #5495, #431, #995, #892, #395, #2420, #1426, #3450, #964, #6020, #2020, #4538, #5462, #4967, #2454, #4474 ),
 .UNSPECIFIED., .F., .F.,
 ( 4, 1, 1, 1, 1, 1, 1, 1, 1, 1, 1, 1, 1, 1, 1, 1, 1, 1, 1, 1, 1, 1, 1, 1, 4 ),
 ( 0.7496000000000144770, 0.7700214093648192204, 0.7908670484175019944, 0.8117126891299750735, 0.8325583320842846469, 0.8534039727716331569, 0.8742496126975385362, 0.8950952544011659961, 0.9159408952414954674, 0.9367865346667354487, 0.9576321664173946813, 0.9784777268116356952, 1.000000000000000000, 1.020839057051693199, 1.041684311775496141, 1.062529732953355399, 1.083375249134410190, 1.104220732909001690, 1.125066302701252630, 1.145911831455992624, 1.166757430510738214, 1.187603016661503696, 1.208448593559535711, 1.229294207297289887, 1.249600004625304628 ),
 .UNSPECIFIED. ) ;
#2648 = CARTESIAN_POINT ( 'NONE',  ( 579.4350358759988922, 2.114932090822313704, 3.331870675123110637 ) ) ;
#2649 = CARTESIAN_POINT ( 'NONE',  ( 1289.109120480652109, 627.8365064321916407, 41.44947857552503478 ) ) ;
#2650 = CARTESIAN_POINT ( 'NONE',  ( 1157.205270211160041, 504.8842474806190239, 135.9695258148630046 ) ) ;
#2651 = PLANE ( 'NONE',  #6120 ) ;
#2652 = CARTESIAN_POINT ( 'NONE',  ( 618.7478869653791662, -3.390688475404474822, -49.20297247332913315 ) ) ;
#2653 = CARTESIAN_POINT ( 'NONE',  ( 1015.649661275662424, 157.5407971716031170, -115.9782393427100260 ) ) ;
#2654 = CARTESIAN_POINT ( 'NONE',  ( 733.1272045426751447, 52.86227365359437869, -19.88077982274424471 ) ) ;
#2655 = CARTESIAN_POINT ( 'NONE',  ( 1045.627606785510579, 288.6702275142187659, 56.17918148917061671 ) ) ;
#2656 = CARTESIAN_POINT ( 'NONE',  ( 1301.469179318336501, 453.4888807113680400, -125.3283666835245072 ) ) ;
#2657 = CARTESIAN_POINT ( 'NONE',  ( 843.1270460055276317, 120.0582995619921149, 41.72257682423627045 ) ) ;
#2658 = CARTESIAN_POINT ( 'NONE',  ( 1471.147244489466402, 791.7959190337099926, -131.5836878696970587 ) ) ;
#2659 = CARTESIAN_POINT ( 'NONE',  ( 1166.289131022474521, 478.8741108764126011, 106.1529313243430011 ) ) ;
#2660 = CARTESIAN_POINT ( 'NONE',  ( 1158.394107868602759, 501.4740948083894523, 128.1466041307455441 ) ) ;
#2661 = CARTESIAN_POINT ( 'NONE',  ( 1004.338176351823790, 210.3563672277964827, -6.361215533128524058 ) ) ;
#2662 = CARTESIAN_POINT ( 'NONE',  ( 1384.251320739859011, 996.8184990625055661, 78.66782902102684716 ) ) ;
#2663 = CARTESIAN_POINT ( 'NONE',  ( 734.5185802909584254, 32.23877231996057446, -59.57494516032254239 ) ) ;
#2664 = CARTESIAN_POINT ( 'NONE',  ( 1406.203635687320229, 997.6584707921264226, 33.02562383554248981 ) ) ;
#2665 = CARTESIAN_POINT ( 'NONE',  ( 579.3294677428370960, 16.78878870993795758, 40.81322477369786839 ) ) ;
#2666 = CARTESIAN_POINT ( 'NONE',  ( 956.7119272523694917, 148.9255342479641513, -73.22985542889847466 ) ) ;
#2667 = CARTESIAN_POINT ( 'NONE',  ( 944.0397442204852041, 218.2615576315352541, 92.06400597336411806 ) ) ;
#2668 = CARTESIAN_POINT ( 'NONE',  ( 786.9879133615587534, 103.6028079194247056, 50.58931961679672185 ) ) ;
#2669 = CARTESIAN_POINT ( 'NONE',  ( 1344.791439619636094, 507.0947825646601359, -138.7123691611235756 ) ) ;
#2670 = CARTESIAN_POINT ( 'NONE',  ( 1202.561899906402232, 374.9460654434414550, -65.24978711952941524 ) ) ;
#2671 = CARTESIAN_POINT ( 'NONE',  ( 1353.777736565381701, 487.6012422568903730, -170.8222241697341985 ) ) ;
#2672 = CARTESIAN_POINT ( 'NONE',  ( 1276.568561692272851, 512.3909765749801863, -59.74152698045200083 ) ) ;
#2673 = CARTESIAN_POINT ( 'NONE',  ( 1434.672857630997669, 849.1445343675871982, -53.65929800625758617 ) ) ;
#2674 = CARTESIAN_POINT ( 'NONE',  ( 676.3604521936483707, 24.42188174067976192, -34.73471801759212241 ) ) ;
#2675 = CARTESIAN_POINT ( 'NONE',  ( 1374.404818446748095, 1011.775528993613875, 98.74128336769659597 ) ) ;
#2676 = CARTESIAN_POINT ( 'NONE',  ( 1377.342130421460979, 1007.313878306342190, 85.01936817584869743 ) ) ;
#2677 = CARTESIAN_POINT ( 'NONE',  ( 579.3753484271743446, 10.55617055223450151, -1.817142830582235691 ) ) ;
#2678 = CARTESIAN_POINT ( 'NONE',  ( 1467.890790082641843, 796.9126805154022577, -131.0740207847240129 ) ) ;
#2679 = CARTESIAN_POINT ( 'NONE',  ( 1319.887380682692310, 928.2758395265797162, 158.5898681348023729 ) ) ;
#2680 = CARTESIAN_POINT ( 'NONE',  ( 842.5411744584317830, 124.6761925826473316, 17.66339225417960890 ) ) ;
#2681 = CARTESIAN_POINT ( 'NONE',  ( 1401.715795771837065, 900.9643288855661467, 18.10735417951705983 ) ) ;
#2682 = CARTESIAN_POINT ( 'NONE',  ( 1391.466102289582977, 917.0806199679697102, 40.61569666228476194 ) ) ;
#2683 = CARTESIAN_POINT ( 'NONE',  ( 1275.313071912950591, 784.7337689429334660, 161.0040638705818310 ) ) ;
#2684 = CARTESIAN_POINT ( 'NONE',  ( 1444.929515277751534, 940.4681183736012144, -35.29104866700649978 ) ) ;
#2685 = CARTESIAN_POINT ( 'NONE',  ( 1452.695775760805645, 701.5504158436502848, -154.3168955954388082 ) ) ;
#2686 = CARTESIAN_POINT ( 'NONE',  ( 1469.143816027001094, 904.7084556347889475, -84.36309232034612648 ) ) ;
#2687 = CARTESIAN_POINT ( 'NONE',  ( 1351.178188696380403, 633.3269630579001159, -72.42137561864406337 ) ) ;
#2688 = CARTESIAN_POINT ( 'NONE',  ( 579.4027045817475710, 6.593602995776065789, 17.50660501669347013 ) ) ;
#2689 = CARTESIAN_POINT ( 'NONE',  ( 848.8360963569681417, 73.60358895839874549, -67.13921451218836012 ) ) ;
#2690 = CARTESIAN_POINT ( 'NONE',  ( 1245.382481438586638, 586.2354076468793664, 79.02786289490889260 ) ) ;
#2691 = CARTESIAN_POINT ( 'NONE',  ( 1266.143115027810609, 377.3280911272051981, -151.4488137625411923 ) ) ;
#2692 = CARTESIAN_POINT ( 'NONE',  ( 1342.027064381647733, 890.4806082504188680, 110.9368942100036719 ) ) ;
#2693 = CARTESIAN_POINT ( 'NONE',  ( 1422.586393245667523, 938.5869888424668943, -2.032708851155866636 ) ) ;
#2694 = CARTESIAN_POINT ( 'NONE',  ( 1125.661464050328050, 423.2194665578769559, 109.4625455813323782 ) ) ;
#2695 = CARTESIAN_POINT ( 'NONE',  ( 1347.732660998990696, 500.7037984175935890, -157.2539228455630393 ) ) ;
#2696 = CARTESIAN_POINT ( 'NONE',  ( 1280.011479995631362, 647.5351729826152223, 45.66288435464764461 ) ) ;
#2697 = CARTESIAN_POINT ( 'NONE',  ( 892.1745951520779272, 183.8206044960444387, 95.76208003472964947 ) ) ;
#2698 = CARTESIAN_POINT ( 'NONE',  ( 1157.516772629885281, 321.6969666956469496, -86.70043702875349823 ) ) ;
#2699 = CARTESIAN_POINT ( 'NONE',  ( 675.5210750829888866, 44.73973280491043170, 49.49632164945758461 ) ) ;
#2700 = CARTESIAN_POINT ( 'NONE',  ( 841.0343070213848478, 136.9681309023152664, 54.11939581006601685 ) ) ;
#2701 = CARTESIAN_POINT ( 'NONE',  ( 734.8670842451247154, 27.16630259692181326, -56.25134093994815032 ) ) ;
#2702 = CARTESIAN_POINT ( 'NONE',  ( 1111.082489365042875, 269.2533011047563605, -67.27038757173319539 ) ) ;
#2703 = CARTESIAN_POINT ( 'NONE',  ( 905.0332601564959987, 99.44528548696553116, -91.57419768010845473 ) ) ;
#2704 = CARTESIAN_POINT ( 'NONE',  ( 1443.205404785610881, 943.0142835658946296, -40.51337167396256689 ) ) ;
#2705 = CARTESIAN_POINT ( 'NONE',  ( 1107.067912556272404, 283.6032671010468107, -41.79290046690377380 ) ) ;
#2706 = CARTESIAN_POINT ( 'NONE',  ( 790.6659332606943735, 64.64694515803142849, -48.33308752841156064 ) ) ;
#2707 = CARTESIAN_POINT ( 'NONE',  ( 731.8915996528113510, 71.43717130577817898, 60.27024857108234812 ) ) ;
#2708 = CARTESIAN_POINT ( 'NONE',  ( 1375.415516089960192, 1010.240412870460091, 90.01858608396474892 ) ) ;
#2709 = CARTESIAN_POINT ( 'NONE',  ( 1324.417598461573334, 686.7263965468908964, 2.319847445587847279 ) ) ;
#2710 = CARTESIAN_POINT ( 'NONE',  ( 791.7935469401053297, 52.75253144512113579, -68.15791578507815984 ) ) ;
#2711 = CARTESIAN_POINT ( 'NONE',  ( 579.3344357226832244, 16.09521701740730748, 40.49486672312949054 ) ) ;
#2712 = CARTESIAN_POINT ( 'NONE',  ( 895.3950713836547948, 162.6142248610276795, 25.74006829757613701 ) ) ;
#2713 = CARTESIAN_POINT ( 'NONE',  ( 1221.769296811259892, 492.5351645087646375, 30.60556672630781350 ) ) ;
#2714 = CARTESIAN_POINT ( 'NONE',  ( 957.9163712678886213, 142.4197434979266177, -62.43290482991551471 ) ) ;
#2715 = CARTESIAN_POINT ( 'NONE',  ( 1471.240335624107729, 901.6123169317033899, -87.98691022332889133 ) ) ;
#2716 = CARTESIAN_POINT ( 'NONE',  ( 1267.409330385416069, 374.0375559494305548, -157.4387087703418899 ) ) ;
#2717 = CARTESIAN_POINT ( 'NONE',  ( 1312.529745123273642, 427.3038497922084389, -167.1146374579849407 ) ) ;
#2718 = CARTESIAN_POINT ( 'NONE',  ( 1399.536241582931552, 792.2869152170360394, -47.52551928303227413 ) ) ;
#2719 = CARTESIAN_POINT ( 'NONE',  ( 1213.267747293983120, 514.6061952281571621, 65.99492334363874591 ) ) ;
#2720 = CARTESIAN_POINT ( 'NONE',  ( 1458.900342685957185, 919.8360100392309278, -63.14535566847545311 ) ) ;
#2721 = CARTESIAN_POINT ( 'NONE',  ( 1171.382009816543132, 464.2835559233044478, 82.16000718987164930 ) ) ;
#2722 = CARTESIAN_POINT ( 'NONE',  ( 1388.908374428039451, 558.0572733953744091, -159.5193372656348458 ) ) ;
#2723 = CARTESIAN_POINT ( 'NONE',  ( 1398.709038464420246, 1008.726486830648014, 58.54707496132002831 ) ) ;
#2724 = CARTESIAN_POINT ( 'NONE',  ( 1387.760768872770086, 812.4038504461533421, 0.03928060653338085600 ) ) ;
#2725 = CARTESIAN_POINT ( 'NONE',  ( 841.7355432706665397, 131.3620776067785698, 65.82697055489850868 ) ) ;
#2726 = CARTESIAN_POINT ( 'NONE',  ( 1301.778038766348800, 452.7378257334491991, -139.6779697130750151 ) ) ;
#2727 = CARTESIAN_POINT ( 'NONE',  ( 946.3899105101993428, 205.3340843964288069, 35.17841685343910285 ) ) ;
#2728 = CARTESIAN_POINT ( 'NONE',  ( 579.4460391295355066, 0.5937195562016377437, -1.855546045379991016 ) ) ;
#2729 = CARTESIAN_POINT ( 'NONE',  ( 1378.460061206802720, 578.9062166924475150, -129.8809859913433797 ) ) ;
#2730 = CARTESIAN_POINT ( 'NONE',  ( 560.0000000000001137, 11.03470929347093410, 36.59664860521010610 ) ) ;
#2731 = CARTESIAN_POINT ( 'NONE',  ( 790.5496712750326651, 65.87435322353178435, -46.04513576433870981 ) ) ;
#2732 = CARTESIAN_POINT ( 'NONE',  ( 1258.136115105849512, 694.9968129739019105, 143.2270636717644550 ) ) ;
#2733 = CARTESIAN_POINT ( 'NONE',  ( 893.0559268381816764, 177.9949994052502120, 69.73386215011827005 ) ) ;
#2734 = CARTESIAN_POINT ( 'NONE',  ( 579.5082384646516402, -7.972375459593440183, -34.54005623163860150 ) ) ;
#2735 = CARTESIAN_POINT ( 'NONE',  ( 1159.852013554352197, 314.3033763068974622, -76.44893088735278752 ) ) ;
#2736 = CARTESIAN_POINT ( 'NONE',  ( 579.4918368449899617, -5.638073639460833952, -39.04309804334342004 ) ) ;
#2737 = CARTESIAN_POINT ( 'NONE',  ( 559.9999999999989768, 2.307506237681811179, -13.08495193308440818 ) ) ;
#2738 = CARTESIAN_POINT ( 'NONE',  ( 1440.276924657627660, 911.7146859377947976, -38.98555180232945361 ) ) ;
#2739 = CARTESIAN_POINT ( 'NONE',  ( 1399.221286001637736, 671.2289714605923336, -112.3975408290668838 ) ) ;
#2740 = CARTESIAN_POINT ( 'NONE',  ( 841.0638072355141048, 136.8160506828521363, 77.61326613969949051 ) ) ;
#2741 = CARTESIAN_POINT ( 'NONE',  ( 942.6073581307874747, 226.0605014395804346, 94.46327389090126303 ) ) ;
#2742 = CARTESIAN_POINT ( 'NONE',  ( 1414.460168055600207, 643.1801157402568379, -146.4382285423959900 ) ) ;
#2743 = CARTESIAN_POINT ( 'NONE',  ( 786.8260966077336889, 105.3986801448311752, 74.43817377961094905 ) ) ;
#2744 = CARTESIAN_POINT ( 'NONE',  ( 1276.819994672768644, 654.4563306217839909, 56.61750934083801212 ) ) ;
#2745 = CARTESIAN_POINT ( 'NONE',  ( 1383.591561745046874, 819.5214620588646994, 10.10532876903418931 ) ) ;
#2746 = CARTESIAN_POINT ( 'NONE',  ( 893.1981974540193505, 177.0575589529127001, 66.51440861380906711 ) ) ;
#2747 = CARTESIAN_POINT ( 'NONE',  ( 1253.570842564116219, 409.9716444898442091, -100.4559053973331260 ) ) ;
#2748 = CARTESIAN_POINT ( 'NONE',  ( 1305.847727463284627, 443.1258713517387946, -140.8556038709379834 ) ) ;
#2749 = CARTESIAN_POINT ( 'NONE',  ( 1120.872219728418486, 234.2350343274395641, -134.7464642241736499 ) ) ;
#2750 = CARTESIAN_POINT ( 'NONE',  ( 1313.461946382056567, 575.0018412869845861, -61.31881568257515625 ) ) ;
#2751 = CARTESIAN_POINT ( 'NONE',  ( 1309.593928980420515, 716.3323384111801033, 70.84736853152303127 ) ) ;
#2752 = CARTESIAN_POINT ( 'NONE',  ( 734.7262348336616924, 29.27361313076410809, -49.80545785219855048 ) ) ;
#2753 = CARTESIAN_POINT ( 'NONE',  ( 1407.829717030532493, 995.2570749797438339, 39.97187595831768192 ) ) ;
#2754 = CARTESIAN_POINT ( 'NONE',  ( 1308.665670944238173, 436.4560407509549123, -150.7813124415671098 ) ) ;
#2755 = CARTESIAN_POINT ( 'NONE',  ( 989.9613869442292753, 277.3992957547429228, 113.1012310547649093 ) ) ;
#2756 = CARTESIAN_POINT ( 'NONE',  ( 842.3616102254497946, 126.2774643159476398, 55.14730952291919408 ) ) ;
#2757 = CARTESIAN_POINT ( 'NONE',  ( 1054.003538787833122, 254.7081142723970970, -7.047263368935297478 ) ) ;
#2758 = CARTESIAN_POINT ( 'NONE',  ( 1359.637311699451629, 967.1277756938242192, 110.3922331127486274 ) ) ;
#2759 = CARTESIAN_POINT ( 'NONE',  ( 1342.295711970240973, 512.4896311480307531, -143.3686178483363847 ) ) ;
#2760 = CARTESIAN_POINT ( 'NONE',  ( 1212.186406069807845, 517.3712606627226478, 42.82517729783560156 ) ) ;
#2761 = CARTESIAN_POINT ( 'NONE',  ( 1391.929177165023702, 805.2875558862931484, -10.02712108743812536 ) ) ;
#2762 = CARTESIAN_POINT ( 'NONE',  ( 848.9487754128330153, 72.68468342022842421, -69.48471377614980327 ) ) ;
#2763 = CARTESIAN_POINT ( 'NONE',  ( 1296.513645067477000, 860.3150468622517337, 169.0645701691630904 ) ) ;
#2764 = CARTESIAN_POINT ( 'NONE',  ( 1329.356303006678445, 540.5412229431462947, -107.8997269603144957 ) ) ;
#2765 = CARTESIAN_POINT ( 'NONE',  ( 1332.654335442361116, 906.4820182294392907, 133.7275869562017192 ) ) ;
#2766 = CARTESIAN_POINT ( 'NONE',  ( 1333.956672484991714, 904.2486636332727130, 115.2035565894848474 ) ) ;
#2767 = CARTESIAN_POINT ( 'NONE',  ( 1463.128503331955471, 877.0024613491251557, -86.00447983024646703 ) ) ;
#2768 = CARTESIAN_POINT ( 'NONE',  ( 1009.513760477811729, 186.2053596773242532, -53.80950240783297289 ) ) ;
#2769 = CARTESIAN_POINT ( 'NONE',  ( 792.0202458858586851, 50.36409447897912628, -71.47833401248517760 ) ) ;
#2770 = CARTESIAN_POINT ( 'NONE',  ( 1426.097219903864016, 862.6205999705094882, -51.22364003825282452 ) ) ;
#2771 = CARTESIAN_POINT ( 'NONE',  ( 847.0207994451203604, 88.38532951472549826, -31.59037728377752430 ) ) ;
#2772 = CARTESIAN_POINT ( 'NONE',  ( 1451.943926902979456, 893.9923584236792067, -71.63622313427875099 ) ) ;
#2773 = CARTESIAN_POINT ( 'NONE',  ( 840.9680589307124592, 137.5933174031814588, 79.04490977166203436 ) ) ;
#2774 = CARTESIAN_POINT ( 'NONE',  ( 1252.330549281223739, 707.5741560782681745, 148.9957676571952447 ) ) ;
#2775 = CARTESIAN_POINT ( 'NONE',  ( 579.4744999293573073, -3.219049214137267079, -35.29124767803855178 ) ) ;
#2776 = CARTESIAN_POINT ( 'NONE',  ( 1371.253086736325031, 1016.563019566960179, 102.6579155987542009 ) ) ;
#2777 = CARTESIAN_POINT ( 'NONE',  ( 1411.307918113160213, 990.1204700064801045, 22.23208073726121370 ) ) ;
#2778 = CARTESIAN_POINT ( 'NONE',  ( 899.3832341940849346, 136.5801224889466710, 3.152757058301790316 ) ) ;
#2779 = CARTESIAN_POINT ( 'NONE',  ( 1230.247094920234986, 622.0342196081012389, 115.0055857990264627 ) ) ;
#2780 = CARTESIAN_POINT ( 'NONE',  ( 1449.191869314233827, 826.3161119591002262, -84.89349489103771873 ) ) ;
#2781 = CARTESIAN_POINT ( 'NONE',  ( 1168.660584654027389, 286.2394343187430081, -123.5818784109726778 ) ) ;
#2782 = CARTESIAN_POINT ( 'NONE',  ( 1470.129551236108000, 866.3677204545844006, -102.5779155157412816 ) ) ;
#2783 = CARTESIAN_POINT ( 'NONE',  ( 1226.749192705401128, 479.5617789410354135, -17.86243239144582517 ) ) ;
#2784 = CARTESIAN_POINT ( 'NONE',  ( 559.9999999999997726, 1.411767268894369431, 13.40466502470993149 ) ) ;
#2785 = CARTESIAN_POINT ( 'NONE',  ( 948.4608320403667676, 194.1107429547764411, 44.37177816958563170 ) ) ;
#2786 = CARTESIAN_POINT ( 'NONE',  ( 1169.459730239154396, 283.6936085148190614, -127.7677534077978123 ) ) ;
#2787 = CARTESIAN_POINT ( 'NONE',  ( 734.9867121801687517, 25.34393550559812169, -65.38826483663110878 ) ) ;
#2788 = CARTESIAN_POINT ( 'NONE',  ( 892.2028233086840601, 183.6252442556203448, 91.91821868364681336 ) ) ;
#2789 = CARTESIAN_POINT ( 'NONE',  ( 1204.736048324358308, 536.7545336505831983, 101.3480142801395942 ) ) ;
#2790 = PRODUCT ( 'openfan_blade_v08_CFD_SINGLELOFT', 'openfan_blade_v08_CFD_SINGLELOFT', '', ( #2508 ) ) ;
#2791 = CARTESIAN_POINT ( 'NONE',  ( 1128.180553761427745, 415.1963041910739776, 95.90385930604193732 ) ) ;
#2792 = CARTESIAN_POINT ( 'NONE',  ( 1166.654251491836703, 292.6024398785574476, -126.5938737086157744 ) ) ;
#2793 = CARTESIAN_POINT ( 'NONE',  ( 1372.481956964838673, 946.9230115049037977, 65.25911620474930430 ) ) ;
#2794 = CARTESIAN_POINT ( 'NONE',  ( 845.8880600283507647, 97.60383069376106846, -9.796325843502618369 ) ) ;
#2795 = CARTESIAN_POINT ( 'NONE',  ( 1462.108192608636728, 878.5523506191348133, -83.93220937464197107 ) ) ;
#2796 = CARTESIAN_POINT ( 'NONE',  ( 618.2124729830586602, 27.94685388622202638, 49.38532547812813078 ) ) ;
#2797 = CARTESIAN_POINT ( 'NONE',  ( 1365.056975709029530, 605.6346682692635568, -108.8894772996601574 ) ) ;
#2798 = CARTESIAN_POINT ( 'NONE',  ( 893.8415837946005240, 172.9082658902715366, 79.32271328717095571 ) ) ;
#2799 = CARTESIAN_POINT ( 'NONE',  ( 786.9349294973317228, 104.1693280551034491, 53.11763074183463829 ) ) ;
#2800 = CARTESIAN_POINT ( 'NONE',  ( 789.9098584740320348, 72.81220373612472940, 1.076910388843004274 ) ) ;
#2801 = CARTESIAN_POINT ( 'NONE',  ( 848.9487754128330153, 72.68468342022842421, -69.48471377614980327 ) ) ;
#2802 = CARTESIAN_POINT ( 'NONE',  ( 1445.040896635144463, 832.8427476024625093, -75.99066846292080868 ) ) ;
#2803 = CARTESIAN_POINT ( 'NONE',  ( 1307.610608882726410, 438.9386806241462864, -155.9878819706027002 ) ) ;
#2804 = CARTESIAN_POINT ( 'NONE',  ( 845.5335736857813345, 100.3390304525083536, -36.22876817397366267 ) ) ;
#2805 = CARTESIAN_POINT ( 'NONE',  ( 1158.175687310547346, 319.6440426017521759, -67.39616945348009835 ) ) ;
#2806 = CARTESIAN_POINT ( 'NONE',  ( 1363.048250195058927, 609.6425821845045903, -103.7173575711975531 ) ) ;
#2807 = CARTESIAN_POINT ( 'NONE',  ( 943.7485805564003840, 219.8507033816085254, 95.29002895832445574 ) ) ;
#2808 = CARTESIAN_POINT ( 'NONE',  ( 1302.205466070758803, 849.8318976803521991, 147.9954743563836246 ) ) ;
#2809 = CARTESIAN_POINT ( 'NONE',  ( 618.6202297366144194, 3.822006482656620907, -40.08589681295387663 ) ) ;
#2810 = CARTESIAN_POINT ( 'NONE',  ( 1191.080933591789062, 572.2007602414324765, 155.4789218934050439 ) ) ;
#2811 = CARTESIAN_POINT ( 'NONE',  ( 560.0000000000009095, 10.37791468070394174, 17.22023560997909541 ) ) ;
#2812 = CARTESIAN_POINT ( 'NONE',  ( 1415.323385683306924, 949.6196326585179577, 13.21832648966812229 ) ) ;
#2813 = CARTESIAN_POINT ( 'NONE',  ( 1395.070691340485155, 1014.099595367865504, 57.76008327512649743 ) ) ;
#2814 = CARTESIAN_POINT ( 'NONE',  ( 848.1437242865546295, 79.24325849384793230, -53.42787248438915526 ) ) ;
#2815 = CARTESIAN_POINT ( 'NONE',  ( 1347.445951921216647, 501.3390151218923734, -146.9915493635162704 ) ) ;
#2816 = CARTESIAN_POINT ( 'NONE',  ( 1468.723176693313235, 905.3296555142774196, -84.00529374301490293 ) ) ;
#2817 = CARTESIAN_POINT ( 'NONE',  ( 1386.677705921666984, 814.2379282729713168, -17.91165223092983183 ) ) ;
#2818 = CARTESIAN_POINT ( 'NONE',  ( 897.4006222889844366, 149.5830483241415152, 31.36708098499692454 ) ) ;
#2819 = CARTESIAN_POINT ( 'NONE',  ( 788.7939261146535728, 84.62049063299977547, 29.95486065301314937 ) ) ;
#2820 = CARTESIAN_POINT ( 'NONE',  ( 676.9857046766006761, 9.743085012122600475, -50.32724490479436241 ) ) ;
#2821 = CARTESIAN_POINT ( 'NONE',  ( 1469.956849300793010, 866.6300642864240444, -100.1451281913932831 ) ) ;
#2822 = CARTESIAN_POINT ( 'NONE',  ( 1118.154270668721438, 447.1224142859402946, 140.5900015382468382 ) ) ;
#2823 = CARTESIAN_POINT ( 'NONE',  ( 1129.858956198996793, 409.8504184095522191, 86.84800188924498343 ) ) ;
#2824 = CARTESIAN_POINT ( 'NONE',  ( 1451.270752409503302, 823.0474797784683005, -89.34131486955335788 ) ) ;
#2825 = CARTESIAN_POINT ( 'NONE',  ( 732.3376586680222999, 64.82643072643354287, 45.00020819551679097 ) ) ;
#2826 = CARTESIAN_POINT ( 'NONE',  ( 1464.492202464542515, 802.2557301231885276, -125.1804160315581669 ) ) ;
#2827 = CARTESIAN_POINT ( 'NONE',  ( 1321.796408977337023, 813.7590857833065456, 87.37861451428958048 ) ) ;
#2828 = CARTESIAN_POINT ( 'NONE',  ( 1233.929019586835466, 460.9661453030391272, -19.92543540070565555 ) ) ;
#2829 = CARTESIAN_POINT ( 'NONE',  ( 960.1112472591356664, 130.4144999550876776, -87.61173090479678649 ) ) ;
#2830 = CARTESIAN_POINT ( 'NONE',  ( 1249.194640414096057, 714.3830338785128333, 168.3820193280419062 ) ) ;
#2831 = CARTESIAN_POINT ( 'NONE',  ( 560.0000000000001137, -0.7918844778541621610, -20.95213703075082279 ) ) ;
#2832 = CARTESIAN_POINT ( 'NONE',  ( 1394.074099013711020, 1015.571362232524166, 67.89238827871213289 ) ) ;
#2833 = CARTESIAN_POINT ( 'NONE',  ( 1081.417153042422797, 375.2375832409122154, 101.6984363293020124 ) ) ;
#2834 = CARTESIAN_POINT ( 'NONE',  ( 1265.856336957420126, 537.7783939979542538, 3.652220371301630575 ) ) ;
#2835 = CARTESIAN_POINT ( 'NONE',  ( 1062.891101455089256, 218.6649218064897013, -74.25256972321506055 ) ) ;
#2836 = CARTESIAN_POINT ( 'NONE',  ( 1204.951840060633458, 368.0979100463279110, -76.42235423699780483 ) ) ;
#2837 = CARTESIAN_POINT ( 'NONE',  ( 960.5560731025543646, 127.9441833297849058, -102.9223116750289790 ) ) ;
#2838 = CARTESIAN_POINT ( 'NONE',  ( 1107.755378565241699, 281.0840035319309322, -71.74562656692107510 ) ) ;
#2839 = CARTESIAN_POINT ( 'NONE',  ( 1203.927043529074126, 371.0343669222472727, -71.63441293173114843 ) ) ;
#2840 = CARTESIAN_POINT ( 'NONE',  ( 846.3850313073263578, 93.42238124577335157, -49.29521122918716003 ) ) ;
#2841 = CARTESIAN_POINT ( 'NONE',  ( 1038.008665051866274, 319.5531755701540533, 112.8429856023897457 ) ) ;
#2842 = CARTESIAN_POINT ( 'NONE',  ( 990.8984951675386128, 273.0127537826770094, 99.19609739557185435 ) ) ;
#2843 = CARTESIAN_POINT ( 'NONE',  ( 1342.295711970240973, 512.4896311480307531, -143.3686178483363847 ) ) ;
#2844 = CARTESIAN_POINT ( 'NONE',  ( 991.4979978673853793, 270.2446465994291884, 108.1339497142025152 ) ) ;
#2845 = CARTESIAN_POINT ( 'NONE',  ( 1384.454687223580549, 928.0967116182071095, 37.76650432608069252 ) ) ;
#2846 = CARTESIAN_POINT ( 'NONE',  ( 895.3950713836547948, 162.6142248610276795, 25.74006829757613701 ) ) ;
#2847 = APPROVAL_PERSON_ORGANIZATION ( #730, #4408, #201 ) ;
#2848 = CARTESIAN_POINT ( 'NONE',  ( 1261.086469179867436, 549.0677124296115608, 21.16531614789302296 ) ) ;
#2849 = CARTESIAN_POINT ( 'NONE',  ( 786.8833008907437261, 104.7219390663512399, 55.67745260466160317 ) ) ;
#2850 = CARTESIAN_POINT ( 'NONE',  ( 1449.696265824479951, 897.4064551898014770, -58.47667962118163132 ) ) ;
#2851 = CARTESIAN_POINT ( 'NONE',  ( 1426.432946091882059, 621.1450815979728759, -169.8817221238996353 ) ) ;
#2852 = CARTESIAN_POINT ( 'NONE',  ( 1427.412704069312895, 931.2559613189748688, -24.55993912528997569 ) ) ;
#2853 = CARTESIAN_POINT ( 'NONE',  ( 1249.668332048556067, 576.0919385777818889, 63.25089611682102486 ) ) ;
#2854 = CARTESIAN_POINT ( 'NONE',  ( 1334.137594732907246, 791.0547730889726381, 75.18952120623170288 ) ) ;
#2855 = CARTESIAN_POINT ( 'NONE',  ( 734.9654137302238723, 25.70126109507324585, -60.29437480469998434 ) ) ;
#2856 = CARTESIAN_POINT ( 'NONE',  ( 1426.317418246088891, 621.3605635308460933, -167.1056133484027271 ) ) ;
#2857 = CARTESIAN_POINT ( 'NONE',  ( 1118.487515287302358, 446.0593125553701839, 137.7939199161155273 ) ) ;
#2858 = CARTESIAN_POINT ( 'NONE',  ( 559.9999999999992042, 4.539780880158822640, 22.54851572721272035 ) ) ;
#2859 = CARTESIAN_POINT ( 'NONE',  ( 1403.090348051900946, 664.1195537632024752, -106.7907375981665865 ) ) ;
#2860 = CARTESIAN_POINT ( 'NONE',  ( 1320.020264935101295, 817.0435518843586351, 112.8082116392159548 ) ) ;
#2861 = CARTESIAN_POINT ( 'NONE',  ( 1213.834628928426582, 342.6190504991662351, -131.3557730951315534 ) ) ;
#2862 = CARTESIAN_POINT ( 'NONE',  ( 1235.365789011446623, 609.9149258145043859, 93.06372330772003920 ) ) ;
#2863 = CARTESIAN_POINT ( 'NONE',  ( 790.6332737331214275, 65.15124426751684439, -18.26232624152957840 ) ) ;
#2864 = CARTESIAN_POINT ( 'NONE',  ( 1260.842289920634812, 391.0923382030917992, -129.8517185558895335 ) ) ;
#2865 = CARTESIAN_POINT ( 'NONE',  ( 559.9999999999996589, 10.12896750061296380, 35.79630080439901008 ) ) ;
#2866 = CARTESIAN_POINT ( 'NONE',  ( 1199.081286737115988, 384.8759107839837270, -73.32136272745778172 ) ) ;
#2867 = CARTESIAN_POINT ( 'NONE',  ( 579.3582542052674853, 12.77359316152032953, 33.98052635905806795 ) ) ;
#2868 = CARTESIAN_POINT ( 'NONE',  ( 1357.050105454400409, 971.1898804804317251, 102.7256398817367398 ) ) ;
#2869 = CARTESIAN_POINT ( 'NONE',  ( 560.0000000000000000, -2.397208077941070048, 0.6746880535233861220 ) ) ;
#2870 = CARTESIAN_POINT ( 'NONE',  ( 676.7503691275773008, 15.41139695917479102, -32.00360573401288633 ) ) ;
#2871 = CARTESIAN_POINT ( 'NONE',  ( 1188.638659403377687, 414.8407403124543293, 0.3932386202667129682 ) ) ;
#2872 = CARTESIAN_POINT ( 'NONE',  ( 1454.470717895946109, 698.5195006007138545, -159.2955247795423759 ) ) ;
#2873 = CARTESIAN_POINT ( 'NONE',  ( 1242.116369071860618, 439.6703576078805895, -77.00278215297278450 ) ) ;
#2874 = CARTESIAN_POINT ( 'NONE',  ( 1204.951840060633458, 368.0979100463279110, -76.42235423699780483 ) ) ;
#2875 = CARTESIAN_POINT ( 'NONE',  ( 1447.337190329316172, 936.9124655087854308, -48.11183781594703390 ) ) ;
#2876 = CARTESIAN_POINT ( 'NONE',  ( 944.0397442204852041, 218.2615576315352541, 92.06400597336411806 ) ) ;
#2877 = CARTESIAN_POINT ( 'NONE',  ( 560.0000000000000000, 11.45545605573589754, 35.06055792197393828 ) ) ;
#2878 = CARTESIAN_POINT ( 'NONE',  ( 559.9999999999996589, -5.497294418865544152, -30.79281236059324911 ) ) ;
#2879 = CARTESIAN_POINT ( 'NONE',  ( 559.9999999999998863, 9.699515409321625370, 35.16634504284512985 ) ) ;
#2880 = CARTESIAN_POINT ( 'NONE',  ( 1357.557519456955106, 863.9523744812141786, 52.64190252328033637 ) ) ;
#2881 = CARTESIAN_POINT ( 'NONE',  ( 1090.068872226085659, 344.2926109536832087, 36.08038627716971547 ) ) ;
#2882 = CARTESIAN_POINT ( 'NONE',  ( 1432.605546585524735, 958.6681468857393611, -10.44252898503755311 ) ) ;
#2883 = CARTESIAN_POINT ( 'NONE',  ( 1051.917637055622436, 263.1666173970728551, 8.778109442629995485 ) ) ;
#2884 = CARTESIAN_POINT ( 'NONE',  ( 1194.990787521356424, 562.0302551546227505, 124.2317968902446523 ) ) ;
#2885 = CARTESIAN_POINT ( 'NONE',  ( 1297.106170025976326, 463.8154124426906151, -109.7860318469136871 ) ) ;
#2886 = CARTESIAN_POINT ( 'NONE',  ( 1265.623493469453024, 378.6615809880224788, -155.9351309372648586 ) ) ;
#2887 = CARTESIAN_POINT ( 'NONE',  ( 788.8645586432070331, 83.68553417489368940, -8.470661878901612596 ) ) ;
#2888 = CARTESIAN_POINT ( 'NONE',  ( 559.9999999999995453, 1.045020576907686793, 12.25402839057085558 ) ) ;
#2889 = CARTESIAN_POINT ( 'NONE',  ( 675.9174414855882560, 35.33380893777654563, 26.36519785444286157 ) ) ;
#2890 = CARTESIAN_POINT ( 'NONE',  ( 1419.383275008494365, 634.1267978044961637, -148.5659098612894695 ) ) ;
#2891 = CARTESIAN_POINT ( 'NONE',  ( 1474.833115059422880, 786.0007327309626817, -139.9191766137322759 ) ) ;
#2892 = CARTESIAN_POINT ( 'NONE',  ( 1296.168404504076307, 860.9498890754009608, 168.6377488435479677 ) ) ;
#2893 = CARTESIAN_POINT ( 'NONE',  ( 732.4567737694127345, 63.05942156797142673, 40.85939064963689304 ) ) ;
#2894 = CARTESIAN_POINT ( 'NONE',  ( 1340.315696636698931, 893.4023049985794387, 115.1227007771195048 ) ) ;
#2895 = CARTESIAN_POINT ( 'NONE',  ( 579.4611879867411517, -1.361019291396610154, -31.91995543240663125 ) ) ;
#2896 = CARTESIAN_POINT ( 'NONE',  ( 1349.518926640557311, 877.6768964603870700, 73.23828577605701184 ) ) ;
#2897 = CARTESIAN_POINT ( 'NONE',  ( 1435.232653266265061, 954.7884375414520264, -15.75560537034701269 ) ) ;
#2898 = CARTESIAN_POINT ( 'NONE',  ( 618.7443000746691268, -2.984835535953346941, -40.96750973010220065 ) ) ;
#2899 = CARTESIAN_POINT ( 'NONE',  ( 1220.392334569081413, 645.3756455992646579, 165.3867036171977816 ) ) ;
#2900 = CARTESIAN_POINT ( 'NONE',  ( 1440.360646573179110, 911.5877001355569291, -49.89963853864392007 ) ) ;
#2901 = CARTESIAN_POINT ( 'NONE',  ( 1260.546135583735804, 689.7710400586526021, 135.1305411564525230 ) ) ;
#2902 = CARTESIAN_POINT ( 'NONE',  ( 1283.947328403545271, 767.4970602882540334, 129.6905036318249245 ) ) ;
#2903 = CARTESIAN_POINT ( 'NONE',  ( 560.0000000000000000, 5.131694330152247296, -4.739213342753317626 ) ) ;
#2904 = CARTESIAN_POINT ( 'NONE',  ( 1011.507648122866385, 176.9000323428468846, -72.06029391617688873 ) ) ;
#2905 = CARTESIAN_POINT ( 'NONE',  ( 1100.403480840508792, 307.4239156207299288, 0.7403398250178881979 ) ) ;
#2906 = CARTESIAN_POINT ( 'NONE',  ( 1171.923892224180463, 275.8310354579835462, -144.2518517842934216 ) ) ;
#2907 = CARTESIAN_POINT ( 'NONE',  ( 1445.494000291149405, 939.6344872929730627, -44.73819581578783300 ) ) ;
#2908 = CARTESIAN_POINT ( 'NONE',  ( 1361.539022744238309, 612.6734567820852817, -81.39503814311369467 ) ) ;
#2909 = CARTESIAN_POINT ( 'NONE',  ( 1391.151654928605012, 1019.887225653015093, 74.38799740490864565 ) ) ;
#2910 = CARTESIAN_POINT ( 'NONE',  ( 1373.764806536719107, 1012.747815251345855, 94.09182866569550185 ) ) ;
#2911 = CARTESIAN_POINT ( 'NONE',  ( 1300.091862708137114, 456.7273770831535558, -134.7384308231468424 ) ) ;
#2912 = CARTESIAN_POINT ( 'NONE',  ( 1373.143505987847902, 1013.691428860583414, 100.4957733633140293 ) ) ;
#2913 = CARTESIAN_POINT ( 'NONE',  ( 1165.609520183909353, 480.7857460521037751, 85.32760433238209430 ) ) ;
#2914 = CARTESIAN_POINT ( 'NONE',  ( 1426.414150493053057, 862.1299769609115629, -35.75288682529178885 ) ) ;
#2915 = CARTESIAN_POINT ( 'NONE',  ( 1220.761152650821259, 322.7868419954990600, -153.1022425310203801 ) ) ;
#2916 = CARTESIAN_POINT ( 'NONE',  ( 676.7952605789372456, 14.12592535443447161, -53.03250452612046217 ) ) ;
#2917 = CARTESIAN_POINT ( 'NONE',  ( 560.0000000000000000, -9.777529913355824220, -36.62764664573576567 ) ) ;
#2918 = CARTESIAN_POINT ( 'NONE',  ( 675.3122023932475031, 49.57745050794768105, 46.89157668783446553 ) ) ;
#2919 = CARTESIAN_POINT ( 'NONE',  ( 1374.683404588294025, 586.4431244815589253, -119.1263292318762410 ) ) ;
#2920 = EDGE_CURVE ( 'NONE', #6496, #1500, #1934, .T. ) ;
#2921 = CARTESIAN_POINT ( 'NONE',  ( 1467.190595495686239, 907.5929703757930156, -81.91830946724492435 ) ) ;
#2922 = CARTESIAN_POINT ( 'NONE',  ( 898.3130929531805577, 143.4686609428835311, -16.74055566505976600 ) ) ;
#2923 = CARTESIAN_POINT ( 'NONE',  ( 1048.962524981822526, 275.1492423557783695, 31.19600540490451479 ) ) ;
#2924 = CARTESIAN_POINT ( 'NONE',  ( 618.5799564143701446, 6.125463704963797440, -35.69476448826261361 ) ) ;
#2925 = CARTESIAN_POINT ( 'NONE',  ( 1311.438970172133168, 712.6504757175446230, 65.39262579046898338 ) ) ;
#2926 = CARTESIAN_POINT ( 'NONE',  ( 1252.330549281223739, 707.5741560782681745, 148.9957676571952447 ) ) ;
#2927 = CARTESIAN_POINT ( 'NONE',  ( 1014.867353648551557, 161.2197144911960152, -102.5930973755516078 ) ) ;
#2928 = CARTESIAN_POINT ( 'NONE',  ( 1392.660833710178395, 550.5669547066000860, -171.3046191261953481 ) ) ;
#2929 = CARTESIAN_POINT ( 'NONE',  ( 732.5158397381154600, 62.18305307574284058, 38.78271647105511732 ) ) ;
#2930 = CARTESIAN_POINT ( 'NONE',  ( 842.6701434176944758, 123.7709210135999314, 49.77974133063079876 ) ) ;
#2931 = CARTESIAN_POINT ( 'NONE',  ( 1456.694589833865848, 814.5146366230567310, -111.0161199325584107 ) ) ;
#2932 = CARTESIAN_POINT ( 'NONE',  ( 1319.271440968122533, 818.4080367081019176, 94.77925692476874531 ) ) ;
#2933 = CARTESIAN_POINT ( 'NONE',  ( 1314.937481111322768, 571.8300976629880097, -43.02139835592419104 ) ) ;
#2934 = CARTESIAN_POINT ( 'NONE',  ( 1262.237257119881860, 387.4707409420656745, -135.3970467628971619 ) ) ;
#2935 = CARTESIAN_POINT ( 'NONE',  ( 1189.492600954446971, 576.3220385269149801, 159.0859410327387025 ) ) ;
#2936 = CARTESIAN_POINT ( 'NONE',  ( 1445.291545407219701, 904.0975460861853890, -59.26430337106003066 ) ) ;
#2937 = CARTESIAN_POINT ( 'NONE',  ( 618.2996557851728312, 22.36898591241950740, 7.198232007504782537 ) ) ;
#2938 = CARTESIAN_POINT ( 'NONE',  ( 1392.821144688998857, 1017.421724319901728, 70.53444171526426487 ) ) ;
#2939 = CARTESIAN_POINT ( 'NONE',  ( 1378.644337869877972, 1005.335798771474629, 81.71425269544596404 ) ) ;
#2940 = CARTESIAN_POINT ( 'NONE',  ( 560.0000000000000000, -7.504253508600872813, -33.95779397578448311 ) ) ;
#2941 = CARTESIAN_POINT ( 'NONE',  ( 676.7745495814309606, 14.83017677505903720, -33.84295121386858796 ) ) ;
#2942 = CARTESIAN_POINT ( 'NONE',  ( 579.5071593614165977, -7.783052924666053585, -40.80496137671789114 ) ) ;
#2943 = CARTESIAN_POINT ( 'NONE',  ( 1446.551120042740422, 902.1840366779883880, -51.98239774476590469 ) ) ;
#2944 = CARTESIAN_POINT ( 'NONE',  ( 560.0000000000000000, 8.365498175134183256, 32.58507009614950789 ) ) ;
#2945 = CARTESIAN_POINT ( 'NONE',  ( 1078.416937828114214, 385.9782069135426354, 129.1796769672071434 ) ) ;
#2946 = CARTESIAN_POINT ( 'NONE',  ( 847.6627600195637342, 83.04875630014144861, -67.17226044271713192 ) ) ;
#2947 = CARTESIAN_POINT ( 'NONE',  ( 893.2015378219256263, 177.1003638693582332, 88.08157488025344151 ) ) ;
#2948 = CARTESIAN_POINT ( 'NONE',  ( 731.8226633028398282, 72.31880334040718594, 37.61064813347652347 ) ) ;
#2949 = CARTESIAN_POINT ( 'NONE',  ( 1057.137327273786468, 241.9998355900423235, -30.77209582398164045 ) ) ;
#2950 = CARTESIAN_POINT ( 'NONE',  ( 1312.553528635251723, 427.2481971024362792, -166.8851662072561339 ) ) ;
#2951 = CARTESIAN_POINT ( 'NONE',  ( 1409.936163429315002, 888.0389823368055886, 0.1346629626864689622 ) ) ;
#2952 = CARTESIAN_POINT ( 'NONE',  ( 731.6290350199740260, 75.25005200016184403, 53.16388596220130580 ) ) ;
#2953 = CARTESIAN_POINT ( 'NONE',  ( 1451.270752409503302, 823.0474797784683005, -89.34131486955335788 ) ) ;
#2954 = CARTESIAN_POINT ( 'NONE',  ( 1046.454956520952237, 285.2370646273043349, 17.54220098673793515 ) ) ;
#2955 = CARTESIAN_POINT ( 'NONE',  ( 1118.176286784923605, 243.8612867583657930, -124.0791774100727878 ) ) ;
#2956 = CARTESIAN_POINT ( 'NONE',  ( 897.4325569275874841, 149.2433142251175866, -4.746256435133648033 ) ) ;
#2957 = CARTESIAN_POINT ( 'NONE',  ( 897.6167560677331494, 148.1659045303399012, 28.35534586809797730 ) ) ;
#2958 = CARTESIAN_POINT ( 'NONE',  ( 1216.913145206897070, 505.1424280315037549, 50.83132370008296874 ) ) ;
#2959 = CARTESIAN_POINT ( 'NONE',  ( 1223.711674656281275, 637.5105131087664176, 145.2378459334019851 ) ) ;
#2960 = ORIENTED_EDGE ( 'NONE', *, *, #2920, .F. ) ;
#2961 = CARTESIAN_POINT ( 'NONE',  ( 1390.156679270874292, 555.5656952179813288, -163.2214862995965632 ) ) ;
#2962 = CARTESIAN_POINT ( 'NONE',  ( 1392.898758331824638, 550.0916575011724490, -172.3005312886139677 ) ) ;
#2963 = CARTESIAN_POINT ( 'NONE',  ( 732.5744150003865798, 61.31378601966158470, 36.70833376807335924 ) ) ;
#2964 = CARTESIAN_POINT ( 'NONE',  ( 1088.368475061292656, 350.4347376526115454, 77.20848859852547719 ) ) ;
#2965 = CARTESIAN_POINT ( 'NONE',  ( 791.1470081027465540, 59.56984201694677239, -57.37568218969794032 ) ) ;
#2966 = CARTESIAN_POINT ( 'NONE',  ( 1317.377300944531498, 821.8954721008905153, 100.3763721655617331 ) ) ;
#2967 = CARTESIAN_POINT ( 'NONE',  ( 1437.850300261443408, 950.9226982543186750, -21.03044859280091927 ) ) ;
#2968 = CARTESIAN_POINT ( 'NONE',  ( 849.3164366489889971, 69.69277475192781424, -76.35765931284974783 ) ) ;
#2969 = CARTESIAN_POINT ( 'NONE',  ( 579.3412229022445672, 15.14921508985770160, 39.22918052064625982 ) ) ;
#2970 = CARTESIAN_POINT ( 'NONE',  ( 1093.953691933871596, 330.4050393031100725, 10.31981291450860461 ) ) ;
#2971 = CARTESIAN_POINT ( 'NONE',  ( 1040.289064266785999, 310.3104477913269079, 95.46359808385771828 ) ) ;
#2972 = CARTESIAN_POINT ( 'NONE',  ( 786.7649247678141364, 105.9913048419820711, 62.09560883807494491 ) ) ;
#2973 = CARTESIAN_POINT ( 'NONE',  ( 847.8642439556218733, 81.51897101385841893, -47.95934910290400666 ) ) ;
#2974 = CARTESIAN_POINT ( 'NONE',  ( 1333.616601000086348, 668.3938431808415999, 0.001971757737556645296 ) ) ;
#2975 = CARTESIAN_POINT ( 'NONE',  ( 841.5709511219445176, 132.6986806072141576, 68.54151561784945557 ) ) ;
#2976 = CARTESIAN_POINT ( 'NONE',  ( 1306.385988228314773, 842.1434949258330107, 150.2241086294286561 ) ) ;
#2977 = CARTESIAN_POINT ( 'NONE',  ( 1323.680544056772987, 921.7965367879224914, 145.0759647162699366 ) ) ;
#2978 = CARTESIAN_POINT ( 'NONE',  ( 1062.794628555655208, 218.9992897607941700, -94.10497425021928564 ) ) ;
#2979 = CARTESIAN_POINT ( 'NONE',  ( 1121.607749489740172, 436.1299415384672216, 131.9406007076722460 ) ) ;
#2980 = CARTESIAN_POINT ( 'NONE',  ( 1237.113345859874926, 605.7776017513223223, 85.80293451210603450 ) ) ;
#2981 = CARTESIAN_POINT ( 'NONE',  ( 676.5533258557160252, 20.14115142610826226, -17.32749405732500136 ) ) ;
#2982 = CARTESIAN_POINT ( 'NONE',  ( 734.9408432965823295, 26.00041497481767649, -66.83508288753483839 ) ) ;
#2983 = CARTESIAN_POINT ( 'NONE',  ( 734.5603852234125952, 31.62120792329683994, -60.45892925656669803 ) ) ;
#2984 = CARTESIAN_POINT ( 'NONE',  ( 676.2983314199137794, 26.24669999059971914, 0.9564315642052485522 ) ) ;
#2985 = CARTESIAN_POINT ( 'NONE',  ( 786.7649247678141364, 105.9913048419820711, 62.09560883807494491 ) ) ;
#2986 = CARTESIAN_POINT ( 'NONE',  ( 903.9080458266212190, 106.8891930319670394, -62.58578252106006090 ) ) ;
#2987 = CARTESIAN_POINT ( 'NONE',  ( 618.2848638383808293, 23.24212145216182179, 10.36037767098558149 ) ) ;
#2988 = CARTESIAN_POINT ( 'NONE',  ( 559.9999999999994316, -7.716255323072905625, -34.33986935576112387 ) ) ;
#2989 = CARTESIAN_POINT ( 'NONE',  ( 843.0894194174242102, 120.2132792802838424, 6.703439204353378145 ) ) ;
#2990 = CARTESIAN_POINT ( 'NONE',  ( 733.1001294195191349, 53.50374650111064767, 17.20851425134877033 ) ) ;
#2991 = CARTESIAN_POINT ( 'NONE',  ( 1047.734236564190496, 280.1292696988297735, 40.40331906431620013 ) ) ;
#2992 = CARTESIAN_POINT ( 'NONE',  ( 731.5908079259357919, 75.84201119534496627, 58.44197776147633761 ) ) ;
#2993 = CARTESIAN_POINT ( 'NONE',  ( 677.0122709184205405, 9.057813532387255506, -55.53349009010750592 ) ) ;
#2994 = CARTESIAN_POINT ( 'NONE',  ( 961.3150568837263563, 123.8095910312014496, -105.6092840259214825 ) ) ;
#2995 = CARTESIAN_POINT ( 'NONE',  ( 1089.043383532425423, 348.0230652873490271, 72.97481369938590490 ) ) ;
#2996 = CARTESIAN_POINT ( 'NONE',  ( 791.7840103155895122, 52.95532038979202127, -49.79689170899723649 ) ) ;
#2997 = CARTESIAN_POINT ( 'NONE',  ( 1129.858956198996793, 409.8504184095522191, 86.84800188924498343 ) ) ;
#2998 = CARTESIAN_POINT ( 'NONE',  ( 1459.012487152872609, 810.8705425184531350, -115.2724421189542454 ) ) ;
#2999 = CARTESIAN_POINT ( 'NONE',  ( 559.9999999999994316, 11.21123090302427627, 24.42121249510954684 ) ) ;
#3000 = CARTESIAN_POINT ( 'NONE',  ( 1168.660584654027389, 286.2394343187430081, -123.5818784109726778 ) ) ;
#3001 = CARTESIAN_POINT ( 'NONE',  ( 1192.113941782954498, 569.5197374266385850, 152.6280206504238492 ) ) ;
#3002 = CARTESIAN_POINT ( 'NONE',  ( 894.1856234789530617, 170.6542669895699191, 74.82489516462302959 ) ) ;
#3003 = CARTESIAN_POINT ( 'NONE',  ( 892.8448848838359027, 179.3858602490163037, 74.65470351573202379 ) ) ;
#3004 = CARTESIAN_POINT ( 'NONE',  ( 1229.062384238258346, 473.6009920897500365, 0.2813472292576507661 ) ) ;
#3005 = CARTESIAN_POINT ( 'NONE',  ( 675.5965243789534043, 42.95208712506037330, 45.14311262543975545 ) ) ;
#3006 = CARTESIAN_POINT ( 'NONE',  ( 1332.654335442361116, 906.4820182294392907, 133.7275869562017192 ) ) ;
#3007 = CARTESIAN_POINT ( 'NONE',  ( 786.5817984082125349, 107.9713541540114505, 75.63575362547314285 ) ) ;
#3008 = CARTESIAN_POINT ( 'NONE',  ( 1373.146532476937637, 589.4943805357912652, -129.3123303231660657 ) ) ;
#3009 = CARTESIAN_POINT ( 'NONE',  ( 618.2822689474246545, 23.99491638709963581, 43.19891799791987097 ) ) ;
#3010 = CARTESIAN_POINT ( 'NONE',  ( 1267.971432736592760, 673.6467663490298037, 88.01347506121553010 ) ) ;
#3011 = CARTESIAN_POINT ( 'NONE',  ( 901.6182378233265808, 121.9168932856233027, -29.18646869258106236 ) ) ;
#3012 = CARTESIAN_POINT ( 'NONE',  ( 1469.175390279068324, 904.6618268009897292, -84.30122812118310094 ) ) ;
#3013 = CARTESIAN_POINT ( 'NONE',  ( 1465.541358971859609, 800.6063595753309983, -127.0393101549486516 ) ) ;
#3014 = CARTESIAN_POINT ( 'NONE',  ( 1301.717286741134330, 600.4968634110877019, 0.05827713657353397747 ) ) ;
#3015 = CARTESIAN_POINT ( 'NONE',  ( 1308.415069671230867, 838.3973432197605007, 127.7047044116775822 ) ) ;
#3016 = CARTESIAN_POINT ( 'NONE',  ( 848.2830890371520809, 78.10834450463296719, -56.16259249146545329 ) ) ;
#3017 = CARTESIAN_POINT ( 'NONE',  ( 960.2608799926395022, 129.5553687768193640, -100.9631600881185847 ) ) ;
#3018 = CARTESIAN_POINT ( 'NONE',  ( 731.5485499209031559, 76.50792320359977339, 66.45063835686511311 ) ) ;
#3019 = CARTESIAN_POINT ( 'NONE',  ( 1258.841339541560046, 554.3454668801847447, 2.284391406635708943 ) ) ;
#3020 = CARTESIAN_POINT ( 'NONE',  ( 733.1890200991638267, 52.18144946355807434, 13.69853226224573817 ) ) ;
#3021 = CARTESIAN_POINT ( 'NONE',  ( 844.0197437826467421, 112.8015267459719695, 25.52815529917494430 ) ) ;
#3022 = CARTESIAN_POINT ( 'NONE',  ( 892.5643873479889407, 181.2378781192169015, 82.30372103650141469 ) ) ;
#3023 = CARTESIAN_POINT ( 'NONE',  ( 1471.147244489466402, 791.7959190337099926, -131.5836878696970587 ) ) ;
#3024 = CARTESIAN_POINT ( 'NONE',  ( 1121.299525078200304, 232.7145621548481529, -135.1444669419667548 ) ) ;
#3025 = CARTESIAN_POINT ( 'NONE',  ( 895.8748363516874633, 159.5856093831415876, 52.40402734462213630 ) ) ;
#3026 = CARTESIAN_POINT ( 'NONE',  ( 734.5782434186029377, 31.48262021226724272, -43.44504810264044892 ) ) ;
#3027 = CARTESIAN_POINT ( 'NONE',  ( 946.6280117090798285, 204.1243243163021646, 64.23421442494351652 ) ) ;
#3028 = CARTESIAN_POINT ( 'NONE',  ( 1114.142353749466565, 258.2677550317325768, -105.1721222034118313 ) ) ;
#3029 = CARTESIAN_POINT ( 'NONE',  ( 893.3426023693218667, 176.1066634453277402, 63.33079075620959486 ) ) ;
#3030 = CARTESIAN_POINT ( 'NONE',  ( 1067.337485959621745, 200.6306137363305595, -107.5685598570913868 ) ) ;
#3031 = CARTESIAN_POINT ( 'NONE',  ( 1311.896481610895080, 831.9987129158290600, 134.3912316582417645 ) ) ;
#3032 = CARTESIAN_POINT ( 'NONE',  ( 618.2050917957511729, 28.19584865587903622, 40.27343265966792529 ) ) ;
#3033 = PERSON_AND_ORGANIZATION ( #6180, #1047 ) ;
#3034 = CARTESIAN_POINT ( 'NONE',  ( 1162.653364748208332, 489.2896861360597427, 123.0656977146142310 ) ) ;
#3035 = CARTESIAN_POINT ( 'NONE',  ( 1082.916849526587839, 369.9136925739050525, 111.1343221569392483 ) ) ;
#3036 = CARTESIAN_POINT ( 'NONE',  ( 1297.689734900702433, 858.1474445310968804, 162.3089930456939385 ) ) ;
#3037 = CARTESIAN_POINT ( 'NONE',  ( 791.0244543884595032, 60.86245933828929111, -55.14348075847587438 ) ) ;
#3038 = CARTESIAN_POINT ( 'NONE',  ( 560.0000000000002274, 8.611078271335756540, 33.15880986806987352 ) ) ;
#3039 = CARTESIAN_POINT ( 'NONE',  ( 841.2372519730307658, 135.3093546361919550, 48.42188497015879278 ) ) ;
#3040 = CARTESIAN_POINT ( 'NONE',  ( 1390.134176813966178, 687.9701960267955201, -73.10551533281068259 ) ) ;
#3041 = CARTESIAN_POINT ( 'NONE',  ( 849.4519827095116398, 68.54049598422204781, -86.35820002995536981 ) ) ;
#3042 = CARTESIAN_POINT ( 'NONE',  ( 1369.296724235845204, 726.3127172200049699, -40.10200829750306895 ) ) ;
#3043 = CARTESIAN_POINT ( 'NONE',  ( 1387.760768872770086, 812.4038504461533421, 0.03928060653338085600 ) ) ;
#3044 = CARTESIAN_POINT ( 'NONE',  ( 991.1286372846274162, 271.9352183225727799, 95.58479054464550018 ) ) ;
#3045 = CARTESIAN_POINT ( 'NONE',  ( 1339.942144283270636, 517.6097463850039730, -123.3271884219928580 ) ) ;
#3046 = CARTESIAN_POINT ( 'NONE',  ( 1168.797874694185111, 285.7786619699527364, -134.8603820677728322 ) ) ;
#3047 = CARTESIAN_POINT ( 'NONE',  ( 675.3084148958771493, 49.76057971294470406, 57.57229270176744507 ) ) ;
#3048 = CARTESIAN_POINT ( 'NONE',  ( 1414.728272138493367, 950.5238909466065707, 1.211367386432358195 ) ) ;
#3049 = CARTESIAN_POINT ( 'NONE',  ( 1344.218430000853004, 772.4967952800866442, 48.32601431788154400 ) ) ;
#3050 = CARTESIAN_POINT ( 'NONE',  ( 1048.261425193305058, 277.9918475492058860, 36.45946011486967109 ) ) ;
#3051 = CARTESIAN_POINT ( 'NONE',  ( 560.0000000000002274, 11.44978143617304767, 31.54705081704437575 ) ) ;
#3052 = CARTESIAN_POINT ( 'NONE',  ( 1350.923487696622260, 493.7976026874330273, -158.0584485896576155 ) ) ;
#3053 = CARTESIAN_POINT ( 'NONE',  ( 676.9882634584002972, 9.585437332722303694, -57.40131399676132418 ) ) ;
#3054 = CARTESIAN_POINT ( 'NONE',  ( 1361.053323313790315, 613.6229897623744591, -98.54316355515121018 ) ) ;
#3055 = CARTESIAN_POINT ( 'NONE',  ( 1375.055405880390708, 942.8844377284375469, 76.60496160700274970 ) ) ;
#3056 = CARTESIAN_POINT ( 'NONE',  ( 1372.820453761443105, 590.1613042527858397, -113.8112176805648943 ) ) ;
#3057 = CC_DESIGN_APPROVAL ( #3234, ( #5692 ) ) ;
#3058 = CARTESIAN_POINT ( 'NONE',  ( 1168.317961417672905, 473.0617883374214898, 96.57378403306559278 ) ) ;
#3059 = CARTESIAN_POINT ( 'NONE',  ( 944.4078214846276751, 216.1853602967942720, 62.83585542829727899 ) ) ;
#3060 = CARTESIAN_POINT ( 'NONE',  ( 1119.111684574276296, 240.5519481536742887, -117.6670829733419339 ) ) ;
#3061 = CARTESIAN_POINT ( 'NONE',  ( 1040.564793101818850, 309.1929547409227439, 93.48280848054719172 ) ) ;
#3062 = CARTESIAN_POINT ( 'NONE',  ( 892.6654155014470007, 180.5701007277848475, 79.31864143411257828 ) ) ;
#3063 = COORDINATED_UNIVERSAL_TIME_OFFSET ( 5, 30, .AHEAD. ) ;
#3064 = CARTESIAN_POINT ( 'NONE',  ( 1261.399670698159071, 687.9203232235844325, 132.3864937141944722 ) ) ;
#3065 = CARTESIAN_POINT ( 'NONE',  ( 1285.521414161404891, 764.3696908147769591, 141.8535029454070298 ) ) ;
#3066 = CARTESIAN_POINT ( 'NONE',  ( 1035.303527711841070, 330.5087982052461939, 124.0478874941736791 ) ) ;
#3067 = CARTESIAN_POINT ( 'NONE',  ( 676.4692984306685730, 21.83923776793032445, -39.91642412888293023 ) ) ;
#3068 = CARTESIAN_POINT ( 'NONE',  ( 992.0490990194803089, 267.6761603316554101, 104.0880944855154269 ) ) ;
#3069 = CARTESIAN_POINT ( 'NONE',  ( 1290.384941598416844, 754.6469955977977406, 107.6219363347383791 ) ) ;
#3070 = CARTESIAN_POINT ( 'NONE',  ( 1058.179328673055124, 237.7740386313796819, -38.69106955058076380 ) ) ;
#3071 = CARTESIAN_POINT ( 'NONE',  ( 1475.546435815168479, 784.8781740948925290, -142.8429436133015997 ) ) ;
#3072 = CARTESIAN_POINT ( 'NONE',  ( 898.3130929531805577, 143.4686609428835311, -16.74055566505976600 ) ) ;
#3073 = CARTESIAN_POINT ( 'NONE',  ( 1454.438266170405313, 818.0619678720992169, -106.8143511941511576 ) ) ;
#3074 = CARTESIAN_POINT ( 'NONE',  ( 1145.677055228358540, 359.4623854674212566, 0.6381961413090507795 ) ) ;
#3075 = CARTESIAN_POINT ( 'NONE',  ( 1224.828095084744973, 634.8663939330444919, 139.7818969049581597 ) ) ;
#3076 = CARTESIAN_POINT ( 'NONE',  ( 618.7349981108395696, -2.416950537524054532, -38.55550386479505676 ) ) ;
#3077 = CARTESIAN_POINT ( 'NONE',  ( 1409.164446440053098, 889.2439877852261816, -16.07621281522369117 ) ) ;
#3078 = CARTESIAN_POINT ( 'NONE',  ( 1167.118622978046687, 291.1240720235756498, -128.4510009393907524 ) ) ;
#3079 = CARTESIAN_POINT ( 'NONE',  ( 731.5586655018254305, 76.35971947808421589, 66.63636613670887243 ) ) ;
#3080 = CARTESIAN_POINT ( 'NONE',  ( 1427.006907768368592, 966.9362128510138064, -9.542761556834511438 ) ) ;
#3081 = CARTESIAN_POINT ( 'NONE',  ( 560.0000000000006821, -1.053171788889941896, 5.316102608526674267 ) ) ;
#3082 = CARTESIAN_POINT ( 'NONE',  ( 1414.047584606312967, 881.5744600255685555, -8.852981871325431129 ) ) ;
#3083 = CARTESIAN_POINT ( 'NONE',  ( 1048.962524981822526, 275.1492423557783695, 31.19600540490451479 ) ) ;
#3084 = CARTESIAN_POINT ( 'NONE',  ( 990.2672863632498093, 275.9669111927099152, 108.3245657826332007 ) ) ;
#3085 = CARTESIAN_POINT ( 'NONE',  ( 1434.430320674317954, 955.9733217629501496, -14.13866277458163978 ) ) ;
#3086 = CARTESIAN_POINT ( 'NONE',  ( 618.7556479977274648, -3.793719794568295889, -48.40933415068789714 ) ) ;
#3087 = CARTESIAN_POINT ( 'NONE',  ( 579.5039793988278234, -7.334259379978587567, -40.87753565209312256 ) ) ;
#3088 = CARTESIAN_POINT ( 'NONE',  ( 1323.398616368711828, 553.4577791773508579, -90.77378304364269468 ) ) ;
#3089 = CARTESIAN_POINT ( 'NONE',  ( 732.6903272736923327, 59.59296347391987325, 32.54888721350705794 ) ) ;
#3090 = CARTESIAN_POINT ( 'NONE',  ( 675.8589837339192172, 36.72410262442687667, 29.95734641902042483 ) ) ;
#3091 = CARTESIAN_POINT ( 'NONE',  ( 893.6467758903678487, 174.1046971831541441, 56.98549778669067933 ) ) ;
#3092 = CARTESIAN_POINT ( 'NONE',  ( 849.1792976205260857, 70.80835625537184796, -73.82904172798545517 ) ) ;
#3093 = CARTESIAN_POINT ( 'NONE',  ( 1200.488599016665830, 547.7805667912490435, 118.9856615685021666 ) ) ;
#3094 = CARTESIAN_POINT ( 'NONE',  ( 618.2048526908491795, 28.22294055764732335, 41.04134269257161094 ) ) ;
#3095 = DATE_AND_TIME ( #3594, #418 ) ;
#3096 = CARTESIAN_POINT ( 'NONE',  ( 1357.527113280336152, 970.4458569683905580, 114.9493243527611526 ) ) ;
#3097 = CARTESIAN_POINT ( 'NONE',  ( 1162.152381629681486, 490.7249703625331563, 125.4632341420618076 ) ) ;
#3098 = CARTESIAN_POINT ( 'NONE',  ( 560.0000000000000000, 11.35448529708162013, 36.21306113099141299 ) ) ;
#3099 = CARTESIAN_POINT ( 'NONE',  ( 1430.481374209323803, 739.4631018937640192, -114.9502042324111670 ) ) ;
#3100 = CARTESIAN_POINT ( 'NONE',  ( 1225.623995374022343, 632.9971359700946323, 152.5105609866218117 ) ) ;
#3101 = CARTESIAN_POINT ( 'NONE',  ( 1315.507201703005194, 825.3387357436133698, 105.9633592313262938 ) ) ;
#3102 = CARTESIAN_POINT ( 'NONE',  ( 1198.812541020471144, 385.6893298441117395, -47.66457546481390750 ) ) ;
#3103 = CARTESIAN_POINT ( 'NONE',  ( 1015.649661275662424, 157.5407971716031170, -115.9782393427100260 ) ) ;
#3104 = CARTESIAN_POINT ( 'NONE',  ( 559.9999999999996589, 5.384010713652925162, -3.923849674073967897 ) ) ;
#3105 = CARTESIAN_POINT ( 'NONE',  ( 790.0912144486072748, 70.89196962293003423, -3.755996183259673327 ) ) ;
#3106 = CARTESIAN_POINT ( 'NONE',  ( 1253.642486154818926, 704.7278792720939009, 143.3967246329044656 ) ) ;
#3107 = CARTESIAN_POINT ( 'NONE',  ( 734.8106862300238618, 28.00884970831043219, -53.80978970753761104 ) ) ;
#3108 = CARTESIAN_POINT ( 'NONE',  ( 579.3645302142213040, 12.05102728700000370, 3.377871418811642990 ) ) ;
#3109 = CARTESIAN_POINT ( 'NONE',  ( 1463.666228763119761, 876.1857937449138944, -92.41673456120621211 ) ) ;
#3110 = CARTESIAN_POINT ( 'NONE',  ( 579.3294677428370960, 16.78878870993795758, 40.81322477369786839 ) ) ;
#3111 = CARTESIAN_POINT ( 'NONE',  ( 1214.543261369204856, 511.2515337901280077, 32.57837383657166441 ) ) ;
#3112 = CARTESIAN_POINT ( 'NONE',  ( 1051.917637055622436, 263.1666173970728551, 8.778109442629995485 ) ) ;
#3113 = CARTESIAN_POINT ( 'NONE',  ( 559.9999999999998863, -3.685603436635633834, -3.982548435885945981 ) ) ;
#3114 = B_SPLINE_CURVE_WITH_KNOTS ( 'NONE', 3,
 ( #3504, #5909, #3474, #4355, #844, #1946, #6511, #5381, #5876, #5484, #4389, #2905, #917, #2871, #3004, #954, #421, #2974, #3996, #6478, #349, #6375, #2444 ),
 .UNSPECIFIED., .F., .F.,
 ( 4, 1, 1, 1, 1, 1, 1, 1, 1, 1, 1, 1, 1, 1, 1, 1, 1, 1, 1, 1, 4 ),
 ( 0.000000000000000000, 0.04333944127454115308, 0.08717461230219966661, 0.1315585129897958450, 0.1765320071111689537, 0.2221303424621243472, 0.2683894036323611898, 0.3153437468974106261, 0.3630251385383851392, 0.4114618325034681834, 0.4606831087142752579, 0.5107156349947722385, 0.5615833427664811417, 0.6133086510746166287, 0.6659111343384820358, 0.7194045554545727139, 0.7738001652171312417, 0.8290989277107692068, 0.8852886795289168775, 0.9423184708641618723, 1.000000000000000000 ),
 .UNSPECIFIED. ) ;
#3115 = CARTESIAN_POINT ( 'NONE',  ( 1253.955113518843973, 565.9461832726059356, 47.47874177757960013 ) ) ;
#3116 = CARTESIAN_POINT ( 'NONE',  ( 1386.486546713151029, 1026.776654265971729, 78.24414063653804874 ) ) ;
#3117 = CARTESIAN_POINT ( 'NONE',  ( 1457.203074022472038, 922.3425352373704982, -65.71778276103299277 ) ) ;
#3118 = CARTESIAN_POINT ( 'NONE',  ( 618.7514479503279290, -3.577616554269299254, -48.90754001721708022 ) ) ;
#3119 = CARTESIAN_POINT ( 'NONE',  ( 1121.264379238745505, 232.8387828847834840, -135.3283688717378652 ) ) ;
#3120 = CARTESIAN_POINT ( 'NONE',  ( 1105.059413632404585, 290.7163335191977467, -56.73446330948348759 ) ) ;
#3121 = CARTESIAN_POINT ( 'NONE',  ( 1278.695216914636603, 650.4177987603419524, 75.64780215314587508 ) ) ;
#3122 = CARTESIAN_POINT ( 'NONE',  ( 579.5039685890083092, -7.389182354575456912, -31.89990309474307395 ) ) ;
#3123 = CARTESIAN_POINT ( 'NONE',  ( 947.5489234691797265, 199.0933156301795748, 54.31389817631362860 ) ) ;
#3124 = CARTESIAN_POINT ( 'NONE',  ( 786.9349294973317228, 104.1693280551034491, 53.11763074183463829 ) ) ;
#3125 = CARTESIAN_POINT ( 'NONE',  ( 1449.910477019608152, 706.3057299663438471, -147.4801343609843798 ) ) ;
#3126 = CARTESIAN_POINT ( 'NONE',  ( 1126.657351920011934, 420.0476832673120384, 104.1561909161806199 ) ) ;
#3127 = CARTESIAN_POINT ( 'NONE',  ( 1120.985350207753754, 438.0913185246145645, 118.7314168483335237 ) ) ;
#3128 = CARTESIAN_POINT ( 'NONE',  ( 1200.488599016665830, 547.7805667912490435, 118.9856615685021666 ) ) ;
#3129 = CARTESIAN_POINT ( 'NONE',  ( 1215.124345308151533, 338.9257777473936812, -135.9648339220858588 ) ) ;
#3130 = CARTESIAN_POINT ( 'NONE',  ( 1196.296964384295961, 558.6616092359842014, 136.6322377327116158 ) ) ;
#3131 = CARTESIAN_POINT ( 'NONE',  ( 1273.392792870178937, 788.5676018425198208, 168.1472490657159540 ) ) ;
#3132 = CARTESIAN_POINT ( 'NONE',  ( 734.0543704573449304, 39.10915629873174026, -48.20125374883088654 ) ) ;
#3133 = CARTESIAN_POINT ( 'NONE',  ( 1308.081005930725951, 839.0228678237742770, 145.0484611344613199 ) ) ;
#3134 = CARTESIAN_POINT ( 'NONE',  ( 787.1025839282151537, 102.3788457234900449, 45.54393897831671723 ) ) ;
#3135 = CARTESIAN_POINT ( 'NONE',  ( 1155.663952610316528, 327.6461287343873892, -53.80871069127345407 ) ) ;
#3136 = CARTESIAN_POINT ( 'NONE',  ( 1469.032659647387618, 904.8726112999651150, -84.31495497582281473 ) ) ;
#3137 = CARTESIAN_POINT ( 'NONE',  ( 843.9568450242660447, 113.1560430796769339, -9.580965488087688442 ) ) ;
#3138 = CARTESIAN_POINT ( 'NONE',  ( 579.4766941981780519, -3.637487440917370751, -17.04432753700442049 ) ) ;
#3139 = CARTESIAN_POINT ( 'NONE',  ( 618.5425981144969683, 8.269450889684568651, -31.25878592367414655 ) ) ;
#3140 = CARTESIAN_POINT ( 'NONE',  ( 1411.306491422332783, 885.8843431245112470, -2.860429650511442379 ) ) ;
#3141 = CARTESIAN_POINT ( 'NONE',  ( 618.2048526908491795, 28.22294055764732335, 41.04134269257161094 ) ) ;
#3142 = CARTESIAN_POINT ( 'NONE',  ( 1013.102442401859776, 169.4567726748051939, -86.61446954585431968 ) ) ;
#3143 = CARTESIAN_POINT ( 'NONE',  ( 1224.261293688480237, 486.0206321121245310, -7.861929652826601611 ) ) ;
#3144 = CARTESIAN_POINT ( 'NONE',  ( 579.4800901892223237, -3.999903439062518995, -36.52172081473683107 ) ) ;
#3145 = CARTESIAN_POINT ( 'NONE',  ( 731.6356910472330810, 75.22239180097970745, 66.04530644013819085 ) ) ;
#3146 = CARTESIAN_POINT ( 'NONE',  ( 579.3544937444827383, 13.43571506956088690, 8.603517677229188365 ) ) ;
#3147 = CARTESIAN_POINT ( 'NONE',  ( 1295.126302425526546, 614.7887726920084788, 21.63168513854422415 ) ) ;
#3148 = CARTESIAN_POINT ( 'NONE',  ( 953.5063856419058084, 166.5325390265801104, -12.30810285572515994 ) ) ;
#3149 = CARTESIAN_POINT ( 'NONE',  ( 1316.981567776655538, 701.5899712838034930, 49.04300053002355497 ) ) ;
#3150 = CARTESIAN_POINT ( 'NONE',  ( 786.5976185481015364, 107.7964133471953261, 73.24988535917725585 ) ) ;
#3151 = CARTESIAN_POINT ( 'NONE',  ( 560.0000000000000000, 11.53875520072813998, 30.23729014441375185 ) ) ;
#3152 = CARTESIAN_POINT ( 'NONE',  ( 1468.913864118899482, 905.0480484549565290, -83.40541284796195498 ) ) ;
#3153 = CARTESIAN_POINT ( 'NONE',  ( 849.4139336322060672, 68.84703625088373258, -86.28446243270889227 ) ) ;
#3154 = CARTESIAN_POINT ( 'NONE',  ( 559.9999999999996589, 3.899834997818927285, -8.522556094945933580 ) ) ;
#3155 = CARTESIAN_POINT ( 'NONE',  ( 1407.829717030532493, 995.2570749797438339, 39.97187595831768192 ) ) ;
#3156 = CARTESIAN_POINT ( 'NONE',  ( 1376.570191610932852, 582.6789838150399419, -124.4973953251593883 ) ) ;
#3157 = CARTESIAN_POINT ( 'NONE',  ( 618.4109342924280099, 16.62235908384601402, 24.22113310770293282 ) ) ;
#3158 = CARTESIAN_POINT ( 'NONE',  ( 1068.376164783972172, 196.4155988139631575, -115.6491942539294797 ) ) ;
#3159 = CARTESIAN_POINT ( 'NONE',  ( 787.9066211481209621, 93.99753422617303045, 51.39700413567363313 ) ) ;
#3160 = CARTESIAN_POINT ( 'NONE',  ( 1037.000302929759528, 323.6106009781148032, 103.5372750783217981 ) ) ;
#3161 = CARTESIAN_POINT ( 'NONE',  ( 579.4424196041040886, 1.093940133102963230, -0.1244176217193071476 ) ) ;
#3162 = CARTESIAN_POINT ( 'NONE',  ( 1085.107975523714686, 362.0850116645503931, 97.62960186814754593 ) ) ;
#3163 = CARTESIAN_POINT ( 'NONE',  ( 734.4792107371964676, 32.82048977134264334, -58.72695480340070873 ) ) ;
#3164 = CARTESIAN_POINT ( 'NONE',  ( 1353.512916424632749, 870.8577910725548463, 62.91585300888620225 ) ) ;
#3165 = CARTESIAN_POINT ( 'NONE',  ( 942.1699279567172880, 228.4663100202793942, 105.5830379084693931 ) ) ;
#3166 = CARTESIAN_POINT ( 'NONE',  ( 790.9038499073710682, 62.13527046989388936, -52.89747591038205599 ) ) ;
#3167 = CARTESIAN_POINT ( 'NONE',  ( 579.3566406571493417, 12.99621707811912152, 34.57867978152166444 ) ) ;
#3168 = CARTESIAN_POINT ( 'NONE',  ( 1339.693677405609833, 894.4526952616970448, 99.35009836543471806 ) ) ;
#3169 = CARTESIAN_POINT ( 'NONE',  ( 959.9185651092445823, 131.4683267438482233, -85.42358260972366679 ) ) ;
#3170 = CARTESIAN_POINT ( 'NONE',  ( 791.1379726690336156, 59.80371933658467754, -31.99545459955939464 ) ) ;
#3171 = CARTESIAN_POINT ( 'NONE',  ( 961.1645155987782800, 124.6260176600420237, -106.0769866204982179 ) ) ;
#3172 = CARTESIAN_POINT ( 'NONE',  ( 1316.944675487288123, 567.4506931435283832, -71.75741378237920287 ) ) ;
#3173 = CARTESIAN_POINT ( 'NONE',  ( 1390.134176813966178, 687.9701960267955201, -73.10551533281068259 ) ) ;
#3174 = CARTESIAN_POINT ( 'NONE',  ( 1290.444756338441721, 479.5542418388488954, -105.1277067921851511 ) ) ;
#3175 = CARTESIAN_POINT ( 'NONE',  ( 943.3277282023781254, 222.1470641672005115, 99.00246899335488138 ) ) ;
#3176 = CARTESIAN_POINT ( 'NONE',  ( 1280.532421148332332, 774.3140528418780377, 141.9694544816074995 ) ) ;
#3177 = CARTESIAN_POINT ( 'NONE',  ( 618.3310114773000805, 20.52496607424453146, 0.9015969737291743558 ) ) ;
#3178 = CARTESIAN_POINT ( 'NONE',  ( 1444.070720479466900, 716.2676067658771899, -142.2930044975915962 ) ) ;
#3179 = CARTESIAN_POINT ( 'NONE',  ( 1189.492600954446971, 576.3220385269149801, 159.0859410327387025 ) ) ;
#3180 = CARTESIAN_POINT ( 'NONE',  ( 842.2845457583911184, 126.7669140356102986, 23.20137997000170316 ) ) ;
#3181 = CARTESIAN_POINT ( 'NONE',  ( 1424.776336497076727, 970.2303189745960026, 5.455039254772462876 ) ) ;
#3182 = CARTESIAN_POINT ( 'NONE',  ( 1417.392234887139011, 981.1351551676715417, 20.50470789993367049 ) ) ;
#3183 = CARTESIAN_POINT ( 'NONE',  ( 1322.380593247872184, 924.0164220338592713, 148.7044104223514296 ) ) ;
#3184 = CARTESIAN_POINT ( 'NONE',  ( 1449.751776406652652, 933.3466064458476694, -52.51096119460463996 ) ) ;
#3185 = CARTESIAN_POINT ( 'NONE',  ( 1353.090014359444922, 489.0982780396502108, -165.4047295421885906 ) ) ;
#3186 = CARTESIAN_POINT ( 'NONE',  ( 1354.402658009359584, 486.2479562818443810, -171.6236415860894340 ) ) ;
#3187 = CARTESIAN_POINT ( 'NONE',  ( 1236.904335855545469, 453.1995186919274374, -57.46795910293561604 ) ) ;
#3188 = CARTESIAN_POINT ( 'NONE',  ( 947.8540292359796240, 197.4263543791141728, 51.00448708791334695 ) ) ;
#3189 = CARTESIAN_POINT ( 'NONE',  ( 1338.272323390314796, 521.2310881788760071, -118.0321730849036470 ) ) ;
#3190 = CARTESIAN_POINT ( 'NONE',  ( 1133.209079269506901, 399.1796212545694971, 68.73810524701370639 ) ) ;
#3191 = CARTESIAN_POINT ( 'NONE',  ( 849.4890278112985698, 68.27655405577573333, -81.16718158852768283 ) ) ;
#3192 = CARTESIAN_POINT ( 'NONE',  ( 1164.760725026867021, 483.2526208293161858, 113.3411933465931725 ) ) ;
#3193 = PERSON_AND_ORGANIZATION_ROLE ( 'classification_officer' ) ;
#3194 = CARTESIAN_POINT ( 'NONE',  ( 1267.764443512183789, 533.2622625542726382, -3.352906764058872557 ) ) ;
#3195 = CARTESIAN_POINT ( 'NONE',  ( 1395.416600674495612, 1013.588756700645376, 65.20541218141418938 ) ) ;
#3196 = CARTESIAN_POINT ( 'NONE',  ( 1384.391075296817007, 567.0605460444165828, -156.1609350654483706 ) ) ;
#3197 = CARTESIAN_POINT ( 'NONE',  ( 1273.655691185369278, 661.3187221196569681, 67.64155910032386032 ) ) ;
#3198 = CARTESIAN_POINT ( 'NONE',  ( 1035.458670820796215, 329.8833300934577437, 125.0768814542208816 ) ) ;
#3199 = CARTESIAN_POINT ( 'NONE',  ( 1247.427229576011314, 425.8854173400109744, -96.31100849499014771 ) ) ;
#3200 = CARTESIAN_POINT ( 'NONE',  ( 732.0016590306316857, 69.80766844184898900, 56.32934478800972755 ) ) ;
#3201 = CARTESIAN_POINT ( 'NONE',  ( 841.1342876708440599, 136.1503641355695891, 51.26052542141810875 ) ) ;
#3202 = CARTESIAN_POINT ( 'NONE',  ( 1416.522166441277250, 639.3935355053613421, -141.3344184287233531 ) ) ;
#3203 = CARTESIAN_POINT ( 'NONE',  ( 847.7240187283609885, 82.66081880332519916, -45.23035064426407814 ) ) ;
#3204 = CARTESIAN_POINT ( 'NONE',  ( 1474.107145898366070, 787.1403671182084736, -141.0199721416367709 ) ) ;
#3205 = CARTESIAN_POINT ( 'NONE',  ( 900.1654641300002595, 131.3253439690959681, -40.42328007152710967 ) ) ;
#3206 = CARTESIAN_POINT ( 'NONE',  ( 618.6528629655407485, 2.480462168980410276, -20.61257764534344616 ) ) ;
#3207 = CARTESIAN_POINT ( 'NONE',  ( 618.5306501329085904, 8.955359670096488145, -29.77178928242687306 ) ) ;
#3208 = CARTESIAN_POINT ( 'NONE',  ( 1121.607749489740172, 436.1299415384672216, 131.9406007076722460 ) ) ;
#3209 = CARTESIAN_POINT ( 'NONE',  ( 1120.116202871088490, 440.8641326048665405, 125.6594777045481379 ) ) ;
#3210 = CARTESIAN_POINT ( 'NONE',  ( 732.5653669240037971, 61.21825899886433575, 1.015776436525955395 ) ) ;
#3211 = CARTESIAN_POINT ( 'NONE',  ( 848.4471370564305062, 76.68623994457058757, -76.79653064697484410 ) ) ;
#3212 = CARTESIAN_POINT ( 'NONE',  ( 990.4301161847769208, 275.2214934180400405, 114.1487322919394103 ) ) ;
#3213 = CARTESIAN_POINT ( 'NONE',  ( 1250.291734249517503, 574.5815501035511943, 33.87168584682785877 ) ) ;
#3214 = CARTESIAN_POINT ( 'NONE',  ( 1394.203462153341206, 912.7764788895499350, 34.61780162659436400 ) ) ;
#3215 = CARTESIAN_POINT ( 'NONE',  ( 1276.441557553271650, 782.4809598135435635, 157.0724717924091465 ) ) ;
#3216 = CARTESIAN_POINT ( 'NONE',  ( 560.0000000000000000, 6.078214894803550372, -1.609540689475119857 ) ) ;
#3217 = CARTESIAN_POINT ( 'NONE',  ( 1220.536122918287901, 323.4360063019491918, -149.9451387601846761 ) ) ;
#3218 = CARTESIAN_POINT ( 'NONE',  ( 849.4519827095116398, 68.54049598422204781, -86.35820002995536981 ) ) ;
#3219 = CARTESIAN_POINT ( 'NONE',  ( 1276.568561692272851, 512.3909765749801863, -59.74152698045200083 ) ) ;
#3220 = CARTESIAN_POINT ( 'NONE',  ( 896.5348557686052118, 155.2593082217764504, 43.41131887517018129 ) ) ;
#3221 = CARTESIAN_POINT ( 'NONE',  ( 1300.003742835420326, 456.9576109142527685, -120.1075867337811047 ) ) ;
#3222 = CARTESIAN_POINT ( 'NONE',  ( 947.2430216135553565, 200.7645376970372979, 57.62103280204954814 ) ) ;
#3223 = CARTESIAN_POINT ( 'NONE',  ( 905.6374559230106343, 95.53325064602236694, -88.34326383287469753 ) ) ;
#3224 = CARTESIAN_POINT ( 'NONE',  ( 787.8059277502617306, 95.06092473831824918, 53.75108500852633853 ) ) ;
#3225 = CARTESIAN_POINT ( 'NONE',  ( 733.6120057872552707, 45.88610801968034991, -3.171691443145757905 ) ) ;
#3226 = CARTESIAN_POINT ( 'NONE',  ( 1361.747651319933539, 963.8094980802726468, 105.8451459505153309 ) ) ;
#3227 = CARTESIAN_POINT ( 'NONE',  ( 1258.503953591137588, 397.1372286525221398, -134.3240898550101292 ) ) ;
#3228 = CARTESIAN_POINT ( 'NONE',  ( 1336.700762098849054, 786.3190377761833361, 45.29658807188789638 ) ) ;
#3229 = CARTESIAN_POINT ( 'NONE',  ( 675.3216576641081019, 49.44994359723175137, 57.45474112073140560 ) ) ;
#3230 = CARTESIAN_POINT ( 'NONE',  ( 790.4347024646832551, 67.08838067893429979, -43.74576431738046978 ) ) ;
#3231 = CARTESIAN_POINT ( 'NONE',  ( 560.0000000000002274, 7.784217884308175073, 30.99636253055115276 ) ) ;
#3232 = CARTESIAN_POINT ( 'NONE',  ( 1038.563836507650421, 317.2590748813788650, 86.78548207856756846 ) ) ;
#3233 = CARTESIAN_POINT ( 'NONE',  ( 560.0000000000002274, -10.20988861378453372, -30.38106766515176460 ) ) ;
#3234 = APPROVAL ( #4056, 'UNSPECIFIED' ) ;
#3235 = CARTESIAN_POINT ( 'NONE',  ( 1444.982122447455595, 904.5673837354277111, -48.73624880358308786 ) ) ;
#3236 = CARTESIAN_POINT ( 'NONE',  ( 1467.761726691055401, 869.9646066015458246, -99.03432611464778290 ) ) ;
#3237 = CARTESIAN_POINT ( 'NONE',  ( 952.2897557593644251, 173.0794839509541418, -31.56976001531995024 ) ) ;
#3238 = CARTESIAN_POINT ( 'NONE',  ( 1440.472973560137007, 947.0495361255992748, -26.32790544434023161 ) ) ;
#3239 = CARTESIAN_POINT ( 'NONE',  ( 733.8404804934391450, 42.27802995161944466, -42.25408069338635642 ) ) ;
#3240 = CARTESIAN_POINT ( 'NONE',  ( 1280.386032419886533, 774.6178536538632216, 158.0216282383017301 ) ) ;
#3241 = CARTESIAN_POINT ( 'NONE',  ( 786.6787408666605188, 106.9230517847442314, 68.31002689390399496 ) ) ;
#3242 = CARTESIAN_POINT ( 'NONE',  ( 734.3625277598264347, 34.54642231995691759, -56.07025183591820650 ) ) ;
#3243 = CARTESIAN_POINT ( 'NONE',  ( 731.6899945022017846, 74.41900604018098875, 65.09936076447387165 ) ) ;
#3244 = CARTESIAN_POINT ( 'NONE',  ( 1172.144924373040340, 462.0534390734168824, 50.61394359657922593 ) ) ;
#3245 = CARTESIAN_POINT ( 'NONE',  ( 1099.071382678733244, 312.1850262515633290, 9.248346179334543393 ) ) ;
#3246 = CARTESIAN_POINT ( 'NONE',  ( 840.6841382649087109, 139.8345206588722078, 65.14910302823307120 ) ) ;
#3247 = CARTESIAN_POINT ( 'NONE',  ( 1113.769932381967237, 259.6468233530303564, -84.25079538151646830 ) ) ;
#3248 = CARTESIAN_POINT ( 'NONE',  ( 1067.337485959621745, 200.6306137363305595, -107.5685598570913868 ) ) ;
#3249 = CARTESIAN_POINT ( 'NONE',  ( 559.9999999999998863, -9.009283237462147653, -36.18311020579456283 ) ) ;
#3250 = CARTESIAN_POINT ( 'NONE',  ( 1239.498812984384813, 446.4648325342413386, -67.25028011652834437 ) ) ;
#3251 = CARTESIAN_POINT ( 'NONE',  ( 579.4118960857585989, 5.318974949593745727, 13.65769293895722747 ) ) ;
#3252 = CARTESIAN_POINT ( 'NONE',  ( 959.3825569363993964, 134.4012265664293864, -79.12051512151560928 ) ) ;
#3253 = CARTESIAN_POINT ( 'NONE',  ( 1309.593928980420515, 716.3323384111801033, 70.84736853152303127 ) ) ;
#3254 = CARTESIAN_POINT ( 'NONE',  ( 1264.630674189856109, 381.2568574638531800, -144.9456704281190866 ) ) ;
#3255 = CARTESIAN_POINT ( 'NONE',  ( 579.3279594487516988, 17.00123733252850755, 40.42466112884695661 ) ) ;
#3256 = CARTESIAN_POINT ( 'NONE',  ( 1238.225881385728144, 603.1728535183124222, 105.3129312456141804 ) ) ;
#3257 = DATE_TIME_ROLE ( 'classification_date' ) ;
#3258 = CARTESIAN_POINT ( 'NONE',  ( 676.3500209073820315, 25.01024952212909369, -2.695086120220675951 ) ) ;
#3259 = CARTESIAN_POINT ( 'NONE',  ( 1336.783258393350252, 899.4329494920879142, 123.5975391056056623 ) ) ;
#3260 = CARTESIAN_POINT ( 'NONE',  ( 1439.772362060587739, 723.6041688868627944, -133.8282725147540475 ) ) ;
#3261 = CARTESIAN_POINT ( 'NONE',  ( 842.0333987236233497, 128.8134253011244823, 28.75156676836707348 ) ) ;
#3262 = CARTESIAN_POINT ( 'NONE',  ( 1146.230524889029994, 357.6991884111337754, -2.389735185661085115 ) ) ;
#3263 = CARTESIAN_POINT ( 'NONE',  ( 1460.283673901805059, 917.7931074484362171, -65.89002691990165772 ) ) ;
#3264 = CARTESIAN_POINT ( 'NONE',  ( 1384.658559335839982, 1029.476224771035731, 83.24496266122001487 ) ) ;
#3265 = CARTESIAN_POINT ( 'NONE',  ( 1450.273362904626310, 896.5300180164803123, -68.56060023134419623 ) ) ;
#3266 = CARTESIAN_POINT ( 'NONE',  ( 1308.939707573735859, 837.4419676370462184, 142.4564508701545549 ) ) ;
#3267 = CARTESIAN_POINT ( 'NONE',  ( 1082.414302718267436, 371.6693584897690812, 93.29999020595268178 ) ) ;
#3268 = CARTESIAN_POINT ( 'NONE',  ( 1462.108192608636728, 878.5523506191348133, -83.93220937464197107 ) ) ;
#3269 = CARTESIAN_POINT ( 'NONE',  ( 734.3289507957276783, 35.20231196169724797, -32.81653376480340967 ) ) ;
#3270 = CARTESIAN_POINT ( 'NONE',  ( 848.7872773679014244, 73.92689572218054650, -80.54361551076162584 ) ) ;
#3271 = CARTESIAN_POINT ( 'NONE',  ( 1347.278687500379874, 641.1078759998534906, -61.88947805693901216 ) ) ;
#3272 = CARTESIAN_POINT ( 'NONE',  ( 1200.853662945683936, 379.8407171876357324, -57.25581977558402258 ) ) ;
#3273 = CARTESIAN_POINT ( 'NONE',  ( 579.4361113204132607, 2.126460348277956935, -24.62251613419289242 ) ) ;
#3274 = CARTESIAN_POINT ( 'NONE',  ( 618.2640384199115715, 25.02589547521456126, 45.53352770265638583 ) ) ;
#3275 = CARTESIAN_POINT ( 'NONE',  ( 560.0000000000000000, 11.43530998146543176, 32.13569706594978470 ) ) ;
#3276 = CARTESIAN_POINT ( 'NONE',  ( 560.0000000000001137, -5.984213600024856028, -31.63161694427986959 ) ) ;
#3277 = CARTESIAN_POINT ( 'NONE',  ( 1119.567499769005053, 442.6258026463360693, 139.9131153225533524 ) ) ;
#3278 = CARTESIAN_POINT ( 'NONE',  ( 618.2475466324382296, 25.47607720655418717, 19.94679655799479434 ) ) ;
#3279 = CARTESIAN_POINT ( 'NONE',  ( 676.2809808271579186, 26.66160585623346790, 2.172653463893279291 ) ) ;
#3280 = CARTESIAN_POINT ( 'NONE',  ( 1161.215615988875925, 493.3829902821559585, 110.5739625235042922 ) ) ;
#3281 = CARTESIAN_POINT ( 'NONE',  ( 1370.925181419311684, 593.9433704576666742, -108.3906745498583035 ) ) ;
#3282 = CARTESIAN_POINT ( 'NONE',  ( 960.3977438301899383, 128.8487011562688167, -90.69154846854385710 ) ) ;
#3283 = CARTESIAN_POINT ( 'NONE',  ( 1267.241215148321544, 374.4656500162287784, -160.0114941053386701 ) ) ;
#3284 = CARTESIAN_POINT ( 'NONE',  ( 1097.994545981620831, 315.9622729010910689, -15.10639267891365378 ) ) ;
#3285 = CARTESIAN_POINT ( 'NONE',  ( 1385.310479188135787, 926.7595520349866547, 54.11090879727331782 ) ) ;
#3286 = CARTESIAN_POINT ( 'NONE',  ( 1214.245325439892213, 341.4678796943824750, -119.5506671424493987 ) ) ;
#3287 = CARTESIAN_POINT ( 'NONE',  ( 675.9744765787550023, 33.97609660063303494, 22.75537078722156181 ) ) ;
#3288 = CARTESIAN_POINT ( 'NONE',  ( 560.0000000000004547, -10.66155970673764664, -32.07908292387030968 ) ) ;
#3289 = CARTESIAN_POINT ( 'NONE',  ( 1473.898116305028225, 787.4708726185772321, -137.7007756032260204 ) ) ;
#3290 = CARTESIAN_POINT ( 'NONE',  ( 1220.665482986781626, 644.7246736378285732, 159.2881479278099448 ) ) ;
#3291 = CARTESIAN_POINT ( 'NONE',  ( 788.1078991432201519, 91.87131239835137819, 46.65064125408952833 ) ) ;
#3292 = CARTESIAN_POINT ( 'NONE',  ( 787.9066211481209621, 93.99753422617303045, 51.39700413567363313 ) ) ;
#3293 = CARTESIAN_POINT ( 'NONE',  ( 734.3625277598264347, 34.54642231995691759, -56.07025183591820650 ) ) ;
#3294 = CARTESIAN_POINT ( 'NONE',  ( 1088.816888197985236, 348.7689581506618879, 44.74739820479150865 ) ) ;
#3295 = CARTESIAN_POINT ( 'NONE',  ( 676.4522503514655227, 22.56305171764460837, -10.00686820103070396 ) ) ;
#3296 = CARTESIAN_POINT ( 'NONE',  ( 1014.099333504425658, 164.8029302349940508, -95.86572101367271159 ) ) ;
#3297 = CARTESIAN_POINT ( 'NONE',  ( 1370.613351002532227, 1017.534849346965416, 102.6020103992809709 ) ) ;
#3298 = CARTESIAN_POINT ( 'NONE',  ( 579.4400788536573828, 1.574874388064407826, -25.85437559578332412 ) ) ;
#3299 = CARTESIAN_POINT ( 'NONE',  ( 1381.080710801389387, 1001.634703895676125, 85.27580648388131124 ) ) ;
#3300 = CARTESIAN_POINT ( 'NONE',  ( 731.6560392684239105, 74.83872105492628179, 50.54067046505851124 ) ) ;
#3301 = CARTESIAN_POINT ( 'NONE',  ( 952.3304366496769262, 172.9612850412016201, 1.058496136343019201 ) ) ;
#3302 = CARTESIAN_POINT ( 'NONE',  ( 1261.649619186318887, 388.9963469883904281, -133.0748538049532499 ) ) ;
#3303 = CARTESIAN_POINT ( 'NONE',  ( 1365.289607773454463, 605.1890386178314429, -92.20979853263679615 ) ) ;
#3304 = CARTESIAN_POINT ( 'NONE',  ( 676.8514821752161197, 12.79452757570632748, -54.99421876882924920 ) ) ;
#3305 = CARTESIAN_POINT ( 'NONE',  ( 1285.238462436586360, 491.8740737085927890, -88.44246337295427907 ) ) ;
#3306 = CARTESIAN_POINT ( 'NONE',  ( 733.2498569275007867, 51.04078413464252861, -23.99756334221009979 ) ) ;
#3307 = CARTESIAN_POINT ( 'NONE',  ( 1009.911833026416275, 184.3475898249641034, -57.45695984130185963 ) ) ;
#3308 = CARTESIAN_POINT ( 'NONE',  ( 955.2975227466212118, 156.6494331967020628, -60.58276976243925560 ) ) ;
#3309 = CARTESIAN_POINT ( 'NONE',  ( 618.2713052517109418, 24.61571782486230475, 44.69669163063420569 ) ) ;
#3310 = CARTESIAN_POINT ( 'NONE',  ( 1347.990203525853758, 985.4378084361094352, 126.4290145084868442 ) ) ;
#3311 = CARTESIAN_POINT ( 'NONE',  ( 1461.836497057072620, 878.9652655257592642, -89.27169210880148853 ) ) ;
#3312 = CARTESIAN_POINT ( 'NONE',  ( 675.4009193234196573, 47.57930780760269585, 55.22188886432808630 ) ) ;
#3313 = CARTESIAN_POINT ( 'NONE',  ( 1302.533584033928264, 730.3995316274264269, 68.20614258071185532 ) ) ;
#3314 = CARTESIAN_POINT ( 'NONE',  ( 560.0000000000006821, -7.340971465418326680, -33.75556817069625026 ) ) ;
#3315 = CARTESIAN_POINT ( 'NONE',  ( 579.4387481985565955, 1.601534175188601861, 1.604552634512930176 ) ) ;
#3316 = CARTESIAN_POINT ( 'NONE',  ( 1122.371107319741213, 433.6719972244629844, 108.4620855865434521 ) ) ;
#3317 = CARTESIAN_POINT ( 'NONE',  ( 1062.891101455089256, 218.6649218064897013, -74.25256972321506055 ) ) ;
#3318 = CARTESIAN_POINT ( 'NONE',  ( 1262.237257119881860, 387.4707409420656745, -135.3970467628971619 ) ) ;
#3319 = CARTESIAN_POINT ( 'NONE',  ( 1170.980204645486310, 278.8315005948966814, -142.5308543257896474 ) ) ;
#3320 = CARTESIAN_POINT ( 'NONE',  ( 1331.937285196806215, 671.7206776188260164, -19.26019826604690621 ) ) ;
#3321 = CARTESIAN_POINT ( 'NONE',  ( 1338.167676097332560, 783.6357143854320384, 64.43934175879668658 ) ) ;
#3322 = EDGE_CURVE ( 'NONE', #5999, #1997, #3114, .T. ) ;
#3323 = CARTESIAN_POINT ( 'NONE',  ( 1046.682336738224876, 284.3941186998641228, 48.29131085859511785 ) ) ;
#3324 = CARTESIAN_POINT ( 'NONE',  ( 1446.473214475495297, 712.1736221674134413, -139.3768089358093221 ) ) ;
#3325 = CARTESIAN_POINT ( 'NONE',  ( 1220.536122918287901, 323.4360063019491918, -149.9451387601846761 ) ) ;
#3326 = CARTESIAN_POINT ( 'NONE',  ( 1320.154813286797662, 927.8175600049856939, 155.3052628152999546 ) ) ;
#3327 = CARTESIAN_POINT ( 'NONE',  ( 1401.302625762506295, 1004.896278887677454, 53.24573576103549044 ) ) ;
#3328 = CARTESIAN_POINT ( 'NONE',  ( 894.7606355730381438, 166.8871813513393079, 67.33918827839255528 ) ) ;
#3329 = CARTESIAN_POINT ( 'NONE',  ( 958.9011997241539120, 136.9743576672234155, -91.22185261469628870 ) ) ;
#3330 = CARTESIAN_POINT ( 'NONE',  ( 1041.603531180172013, 304.9190285279943282, 57.88648046803962188 ) ) ;
#3331 = CARTESIAN_POINT ( 'NONE',  ( 1422.282022674172822, 868.6269329696199293, -26.79808019832502097 ) ) ;
#3332 = CARTESIAN_POINT ( 'NONE',  ( 1415.193898196618193, 641.8388242485945057, -137.9499714906143879 ) ) ;
#3333 = CARTESIAN_POINT ( 'NONE',  ( 1190.126341208512258, 574.6778356595491459, 157.8253874161106296 ) ) ;
#3334 = CARTESIAN_POINT ( 'NONE',  ( 901.6489968122380105, 121.6043658226030431, -57.85622297003249059 ) ) ;
#3335 = CARTESIAN_POINT ( 'NONE',  ( 841.4907521620878015, 133.3498332709242220, 69.88519655782175732 ) ) ;
#3336 = CARTESIAN_POINT ( 'NONE',  ( 892.9362889482241599, 178.7833000107049770, 72.47794363392894468 ) ) ;
#3337 = CARTESIAN_POINT ( 'NONE',  ( 560.0000000000000000, -9.776768370113533280, -27.94765265631046347 ) ) ;
#3338 = CARTESIAN_POINT ( 'NONE',  ( 1450.992028630871118, 931.5150028117666352, -47.42678637252251406 ) ) ;
#3339 = CARTESIAN_POINT ( 'NONE',  ( 1361.539022744238309, 612.6734567820852817, -81.39503814311369467 ) ) ;
#3340 = CARTESIAN_POINT ( 'NONE',  ( 1067.545966965165690, 199.7502519330506345, -119.7099587786080406 ) ) ;
#3341 = CARTESIAN_POINT ( 'NONE',  ( 1200.928825804019198, 379.5835526287439734, -81.00351273237956207 ) ) ;
#3342 = CARTESIAN_POINT ( 'NONE',  ( 903.0768331402282456, 112.3448928804929778, -50.42741400770076154 ) ) ;
#3343 = CARTESIAN_POINT ( 'NONE',  ( 1081.422049470584170, 375.2546436418841154, 121.3463320941240937 ) ) ;
#3344 = CARTESIAN_POINT ( 'NONE',  ( 1036.502852307902231, 325.6328583567633927, 109.5725627085457319 ) ) ;
#3345 = CARTESIAN_POINT ( 'NONE',  ( 1343.776091679259252, 509.2805598867407184, -147.2479185980901946 ) ) ;
#3346 = CARTESIAN_POINT ( 'NONE',  ( 1276.059341240222693, 783.2506112629980635, 167.4108639086136918 ) ) ;
#3347 = CARTESIAN_POINT ( 'NONE',  ( 787.6498151501648408, 96.55736934656589199, 25.57112216546860495 ) ) ;
#3348 = CARTESIAN_POINT ( 'NONE',  ( 675.5606989615042721, 43.50472585571147732, 15.68226078067247187 ) ) ;
#3349 = CARTESIAN_POINT ( 'NONE',  ( 1265.856336957420126, 537.7783939979542538, 3.652220371301630575 ) ) ;
#3350 = CARTESIAN_POINT ( 'NONE',  ( 943.3580374288807207, 221.9392142340060730, 79.89917498908260995 ) ) ;
#3351 = CARTESIAN_POINT ( 'NONE',  ( 791.6090081881848164, 54.81105124168812637, -44.93199418869502182 ) ) ;
#3352 = CARTESIAN_POINT ( 'NONE',  ( 961.0374294784162430, 125.3183314467158027, -105.6431019643676876 ) ) ;
#3353 = CARTESIAN_POINT ( 'NONE',  ( 560.0000000000002274, 4.651422009288855186, -6.226186187319055598 ) ) ;
#3354 = CARTESIAN_POINT ( 'NONE',  ( 1283.623592953198795, 639.7312177681784533, 59.44101681707307705 ) ) ;
#3355 = CARTESIAN_POINT ( 'NONE',  ( 1399.790532750493185, 973.2142681092416296, 45.95038370411133855 ) ) ;
#3356 = CARTESIAN_POINT ( 'NONE',  ( 1119.111684574276296, 240.5519481536742887, -117.6670829733419339 ) ) ;
#3357 = CARTESIAN_POINT ( 'NONE',  ( 1121.144865506319093, 233.2737352121503989, -132.5232452725734618 ) ) ;
#3358 = CARTESIAN_POINT ( 'NONE',  ( 989.9155018200426639, 277.6154136886326569, 114.4727667130771493 ) ) ;
#3359 = CARTESIAN_POINT ( 'NONE',  ( 1041.899235143259602, 303.7841561010325790, 83.70283258526652048 ) ) ;
#3360 = CARTESIAN_POINT ( 'NONE',  ( 1236.797681058725630, 606.5529377837493712, 110.5682327332250594 ) ) ;
#3361 = CARTESIAN_POINT ( 'NONE',  ( 791.6452765366368567, 54.31440735305508127, -65.89007928201843356 ) ) ;
#3362 = CARTESIAN_POINT ( 'NONE',  ( 1126.482548721515968, 420.5638325013253507, 80.49982508402420933 ) ) ;
#3363 = CARTESIAN_POINT ( 'NONE',  ( 618.6089878890667251, 5.071806042720977459, -11.68530093715027895 ) ) ;
#3364 = CARTESIAN_POINT ( 'NONE',  ( 1442.153049832689248, 719.5486700543831375, -129.3852067618810224 ) ) ;
#3365 = CARTESIAN_POINT ( 'NONE',  ( 1156.056358755062320, 508.1858554972146180, 150.3085977716436048 ) ) ;
#3366 = CARTESIAN_POINT ( 'NONE',  ( 559.9999999999995453, 0.5879648212373798088, -17.60150639951520901 ) ) ;
#3367 = CARTESIAN_POINT ( 'NONE',  ( 1163.175123268994184, 487.7949266228048373, 120.6378876129168987 ) ) ;
#3368 = CARTESIAN_POINT ( 'NONE',  ( 618.2116693103157559, 27.72600506288282318, 34.51708601437643154 ) ) ;
#3369 = CARTESIAN_POINT ( 'NONE',  ( 789.8491415266282729, 73.45502715699187490, 2.686758063775606775 ) ) ;
#3370 = CARTESIAN_POINT ( 'NONE',  ( 676.7984596756185738, 14.25495683889930554, -35.68487038577699622 ) ) ;
#3371 = CARTESIAN_POINT ( 'NONE',  ( 1049.580474142250978, 272.5619619691459548, -6.203184873823289536 ) ) ;
#3372 = CARTESIAN_POINT ( 'NONE',  ( 1169.531032119386509, 283.4442104129862514, -137.5534159188376009 ) ) ;
#3373 = CARTESIAN_POINT ( 'NONE',  ( 1365.289607773454463, 605.1890386178314429, -92.20979853263679615 ) ) ;
#3374 = CARTESIAN_POINT ( 'NONE',  ( 893.4538459661131355, 175.4482712121029522, 84.98291200770535170 ) ) ;
#3375 = CARTESIAN_POINT ( 'NONE',  ( 892.2028233086840601, 183.6252442556203448, 91.91821868364681336 ) ) ;
#3376 = CARTESIAN_POINT ( 'NONE',  ( 1462.875248850674780, 877.3873639718037794, -91.06709768038074060 ) ) ;
#3377 = CARTESIAN_POINT ( 'NONE',  ( 1223.435475340767198, 638.1756953988381156, 158.7068329000896938 ) ) ;
#3378 = CARTESIAN_POINT ( 'NONE',  ( 618.2591600403004577, 24.77668197161164443, 16.73923796363679273 ) ) ;
#3379 = CARTESIAN_POINT ( 'NONE',  ( 560.0000000000000000, 9.069401674943755154, 10.09233252086290911 ) ) ;
#3380 = CARTESIAN_POINT ( 'NONE',  ( 1150.661058861148831, 343.5845057005948320, -26.60812723893706178 ) ) ;
#3381 = CARTESIAN_POINT ( 'NONE',  ( 898.6775859608590054, 141.2085537115543161, 13.23635772908972008 ) ) ;
#3382 = CARTESIAN_POINT ( 'NONE',  ( 675.3156487287498067, 49.48897573344331136, 45.96569620204022044 ) ) ;
#3383 = CARTESIAN_POINT ( 'NONE',  ( 1112.424441190814832, 264.4565691595135490, -75.75543004200578423 ) ) ;
#3384 = CARTESIAN_POINT ( 'NONE',  ( 1068.506042405303560, 195.8619490834271346, -124.0661454155158623 ) ) ;
#3385 = CARTESIAN_POINT ( 'NONE',  ( 789.0594550880543920, 81.62361565677477415, -13.24419562415809182 ) ) ;
#3386 = CARTESIAN_POINT ( 'NONE',  ( 1214.482285140275280, 511.4531572063020235, 60.93907440842361467 ) ) ;
#3387 = CARTESIAN_POINT ( 'NONE',  ( 560.0000000000000000, 1.781115501184037164, 14.55465621827388389 ) ) ;
#3388 = CARTESIAN_POINT ( 'NONE',  ( 1169.889439372828974, 282.3240164126714831, -130.1385628650348281 ) ) ;
#3389 = CARTESIAN_POINT ( 'NONE',  ( 1353.812397520629020, 487.5310498752977537, -168.0697963317032304 ) ) ;
#3390 = CARTESIAN_POINT ( 'NONE',  ( 1296.267302632282053, 860.7673425527088966, 167.6242581803115854 ) ) ;
#3391 = CARTESIAN_POINT ( 'NONE',  ( 1205.958252691285452, 533.5817366324690738, 96.29145875127038323 ) ) ;
#3392 = CARTESIAN_POINT ( 'NONE',  ( 1318.026921290193968, 820.7131343483142700, 118.1680607607499525 ) ) ;
#3393 = CARTESIAN_POINT ( 'NONE',  ( 1011.768126585207824, 175.6245144274822394, -93.63174343404128308 ) ) ;
#3394 = CARTESIAN_POINT ( 'NONE',  ( 1128.702021905705578, 413.4893961000300919, 66.35720272101400496 ) ) ;
#3395 = CARTESIAN_POINT ( 'NONE',  ( 1341.028091605235659, 653.6037917126878938, -21.76270783669399833 ) ) ;
#3396 = CARTESIAN_POINT ( 'NONE',  ( 1344.791439619636094, 507.0947825646601359, -138.7123691611235756 ) ) ;
#3397 = CARTESIAN_POINT ( 'NONE',  ( 731.6899945022017846, 74.41900604018098875, 65.09936076447387165 ) ) ;
#3398 = CARTESIAN_POINT ( 'NONE',  ( 579.4136996799494455, 5.240536394342299786, -17.13481288290803661 ) ) ;
#3399 = CARTESIAN_POINT ( 'NONE',  ( 618.3069135644235530, 22.58807062456366310, 39.54270991380347056 ) ) ;
#3400 = CARTESIAN_POINT ( 'NONE',  ( 1080.808156814787935, 377.4172863544016536, 107.0137961743256483 ) ) ;
#3401 = CARTESIAN_POINT ( 'NONE',  ( 1052.961807729825978, 258.9324788841761347, 0.8682011967653636697 ) ) ;
#3402 = CARTESIAN_POINT ( 'NONE',  ( 1333.245592192222603, 532.1306999848558235, -102.0259837123529678 ) ) ;
#3403 = CARTESIAN_POINT ( 'NONE',  ( 952.3304366496769262, 172.9612850412016201, 1.058496136343019201 ) ) ;
#3404 = CARTESIAN_POINT ( 'NONE',  ( 905.8122043382367110, 94.35619392621954660, -96.05545114671534179 ) ) ;
#3405 = CARTESIAN_POINT ( 'NONE',  ( 1443.091908801788122, 907.4388417432207916, -55.10665933184436227 ) ) ;
#3406 = CARTESIAN_POINT ( 'NONE',  ( 791.4328370268548269, 56.67860449644793164, -40.07950867509433124 ) ) ;
#3407 = CARTESIAN_POINT ( 'NONE',  ( 1108.753144460553358, 277.5193204998576562, -77.16623374876175490 ) ) ;
#3408 = CARTESIAN_POINT ( 'NONE',  ( 1379.041070446465937, 1004.732906833990569, 90.05155929740166698 ) ) ;
#3409 = CARTESIAN_POINT ( 'NONE',  ( 675.2876468410980806, 50.22540706992388237, 55.20116773873707672 ) ) ;
#3410 = CARTESIAN_POINT ( 'NONE',  ( 1298.414525083208218, 460.6961084896817056, -129.7557810448173825 ) ) ;
#3411 = CARTESIAN_POINT ( 'NONE',  ( 560.0000000000003411, 8.911711219255284533, 33.78272612881522718 ) ) ;
#3412 = CARTESIAN_POINT ( 'NONE',  ( 1346.213758549544309, 883.3201710302039373, 81.91005735059120241 ) ) ;
#3413 = CARTESIAN_POINT ( 'NONE',  ( 1314.937481111322768, 571.8300976629880097, -43.02139835592419104 ) ) ;
#3414 = CARTESIAN_POINT ( 'NONE',  ( 1469.143816027001094, 904.7084556347889475, -84.36309232034612648 ) ) ;
#3415 = CARTESIAN_POINT ( 'NONE',  ( 1406.582552432912962, 997.0988868021204325, 42.50788692269453861 ) ) ;
#3416 = CARTESIAN_POINT ( 'NONE',  ( 840.6272365685163095, 140.3009851166341662, 67.10063463825103725 ) ) ;
#3417 = CARTESIAN_POINT ( 'NONE',  ( 958.5035597870007678, 139.2084606000397571, -69.12845836597705329 ) ) ;
#3418 = CARTESIAN_POINT ( 'NONE',  ( 1467.761726691055401, 869.9646066015458246, -99.03432611464778290 ) ) ;
#3419 = CARTESIAN_POINT ( 'NONE',  ( 789.2575953056009439, 79.52775668335010550, -18.00311327829658481 ) ) ;
#3420 = CARTESIAN_POINT ( 'NONE',  ( 1179.516636331682093, 440.9774272165058733, 43.71022963833930675 ) ) ;
#3421 = CARTESIAN_POINT ( 'NONE',  ( 1062.176395519807102, 221.5043459606338274, -90.44306467212472000 ) ) ;
#3422 = CARTESIAN_POINT ( 'NONE',  ( 1177.483330862537059, 446.8030890772328689, 53.32430011484670018 ) ) ;
#3423 = CARTESIAN_POINT ( 'NONE',  ( 1349.889676830841609, 982.4505597660931926, 121.3903832717916345 ) ) ;
#3424 = CARTESIAN_POINT ( 'NONE',  ( 1465.316829840795663, 873.6783725166716295, -90.42051602079413897 ) ) ;
#3425 = CARTESIAN_POINT ( 'NONE',  ( 676.9962098085750313, 9.406789047426617145, -57.05063192316431753 ) ) ;
#3426 = CARTESIAN_POINT ( 'NONE',  ( 618.3811784850508957, 18.33488595928938025, 28.83771019507117828 ) ) ;
#3427 = CARTESIAN_POINT ( 'NONE',  ( 1316.367539110785401, 823.7679230366466072, 122.6282541805367003 ) ) ;
#3428 = CARTESIAN_POINT ( 'NONE',  ( 1063.428234279716889, 216.4319567205486123, -97.79112667051037988 ) ) ;
#3429 = CARTESIAN_POINT ( 'NONE',  ( 1393.247134069481490, 983.1540601474173400, 47.42805081222883246 ) ) ;
#3430 = CARTESIAN_POINT ( 'NONE',  ( 1308.311782950483575, 586.1972697598522473, -21.50919668852453981 ) ) ;
#3431 = CARTESIAN_POINT ( 'NONE',  ( 1118.479578643199375, 242.8108564524393103, -113.8667922232484528 ) ) ;
#3432 = CARTESIAN_POINT ( 'NONE',  ( 786.8260966077336889, 105.3986801448311752, 74.43817377961094905 ) ) ;
#3433 = CARTESIAN_POINT ( 'NONE',  ( 1358.398829603778267, 618.9194439788880118, -91.60826904206321331 ) ) ;
#3434 = CARTESIAN_POINT ( 'NONE',  ( 1289.779286956752685, 626.3534426611261097, 13.09483968934004317 ) ) ;
#3435 = CARTESIAN_POINT ( 'NONE',  ( 841.5709511219445176, 132.6986806072141576, 68.54151561784945557 ) ) ;
#3436 = CARTESIAN_POINT ( 'NONE',  ( 1195.689703332160661, 560.2145973187724621, 120.5976435103275719 ) ) ;
#3437 = CARTESIAN_POINT ( 'NONE',  ( 1300.618568674597100, 602.8793337314810969, 3.653522361579739197 ) ) ;
#3438 = CARTESIAN_POINT ( 'NONE',  ( 1063.416427165853293, 216.5342303051129988, -78.20817832638203981 ) ) ;
#3439 = CARTESIAN_POINT ( 'NONE',  ( 949.8008895432184318, 186.6812283421059817, -5.221378161907689552 ) ) ;
#3440 = CARTESIAN_POINT ( 'NONE',  ( 559.9999999999998863, -10.05371999771550229, -36.54835439956207921 ) ) ;
#3441 = CARTESIAN_POINT ( 'NONE',  ( 1247.400494487081914, 425.9910823883250828, -75.32924979243412622 ) ) ;
#3442 = CARTESIAN_POINT ( 'NONE',  ( 1392.681058668881633, 683.2675244266044956, -97.12248845444543122 ) ) ;
#3443 = CARTESIAN_POINT ( 'NONE',  ( 1082.045496681045051, 373.0271200397618259, 117.2026368631852051 ) ) ;
#3444 = CARTESIAN_POINT ( 'NONE',  ( 1274.250237832486391, 786.8556066407746812, 164.8153717025460594 ) ) ;
#3445 = CARTESIAN_POINT ( 'NONE',  ( 1011.768126585207824, 175.6245144274822394, -93.63174343404128308 ) ) ;
#3446 = CARTESIAN_POINT ( 'NONE',  ( 1157.737277198753873, 503.3717890994923323, 145.3303372161566642 ) ) ;
#3447 = CARTESIAN_POINT ( 'NONE',  ( 944.6419062923997672, 214.9028749006332362, 59.33099092661462493 ) ) ;
#3448 = CARTESIAN_POINT ( 'NONE',  ( 559.9999999999989768, -4.958872600911925943, -8.643951026227789214 ) ) ;
#3449 = CARTESIAN_POINT ( 'NONE',  ( 792.4384955844963088, 45.95633042285872705, -76.54112772083637140 ) ) ;
#3450 = CARTESIAN_POINT ( 'NONE',  ( 1400.433108720309747, 1006.180381059220963, 45.60508473242806105 ) ) ;
#3451 = CARTESIAN_POINT ( 'NONE',  ( 991.3796680620432653, 270.7604169807118524, 91.90314747875910939 ) ) ;
#3452 = CARTESIAN_POINT ( 'NONE',  ( 791.9592348723673467, 51.09748276765450470, -54.62794960485881290 ) ) ;
#3453 = CARTESIAN_POINT ( 'NONE',  ( 1253.120659464670780, 567.8856268989433147, 23.30693877183558627 ) ) ;
#3454 = CARTESIAN_POINT ( 'NONE',  ( 560.0000000000006821, -7.340971465418326680, -33.75556817069625026 ) ) ;
#3455 = CARTESIAN_POINT ( 'NONE',  ( 1382.434883997693078, 821.4810645746232467, -7.966621723875602079 ) ) ;
#3456 = CARTESIAN_POINT ( 'NONE',  ( 1315.132271944557942, 705.2803220138980578, 54.48931658144182677 ) ) ;
#3457 = CARTESIAN_POINT ( 'NONE',  ( 1362.796228750369664, 855.0232524461991943, 60.51490980467851699 ) ) ;
#3458 = CARTESIAN_POINT ( 'NONE',  ( 618.2049832546157404, 28.24387418537437000, 42.55181984030870979 ) ) ;
#3459 = CARTESIAN_POINT ( 'NONE',  ( 560.0000000000002274, -10.74254743238688370, -35.29355216933951311 ) ) ;
#3460 = CARTESIAN_POINT ( 'NONE',  ( 560.0000000000000000, -9.931793442668686467, -36.60654068832685226 ) ) ;
#3461 = CARTESIAN_POINT ( 'NONE',  ( 895.6531290558921228, 161.0386362399233633, 55.39759080052865414 ) ) ;
#3462 = CARTESIAN_POINT ( 'NONE',  ( 1431.841722406346662, 737.1506040630345069, -105.2041370045950828 ) ) ;
#3463 = CARTESIAN_POINT ( 'NONE',  ( 560.0000000000002274, 3.723077634154153159, 20.27440890179003219 ) ) ;
#3464 = CARTESIAN_POINT ( 'NONE',  ( 1211.658059651118265, 348.8523365345131424, -123.3737694235631039 ) ) ;
#3465 = CARTESIAN_POINT ( 'NONE',  ( 1168.359640287280399, 472.9025394670921969, 70.35653506593818918 ) ) ;
#3466 = CARTESIAN_POINT ( 'NONE',  ( 1007.522571408711087, 195.4973680451926157, -35.56494990759292563 ) ) ;
#3467 = CARTESIAN_POINT ( 'NONE',  ( 1446.473214475495297, 712.1736221674134413, -139.3768089358093221 ) ) ;
#3468 = CARTESIAN_POINT ( 'NONE',  ( 731.6356910472330810, 75.22239180097970745, 66.04530644013819085 ) ) ;
#3469 = CARTESIAN_POINT ( 'NONE',  ( 998.9723205527525351, 235.2983710200908547, 8.898622339861452346 ) ) ;
#3470 = CARTESIAN_POINT ( 'NONE',  ( 1360.702623521139230, 965.4527198165501432, 108.1100519468428303 ) ) ;
#3471 = CARTESIAN_POINT ( 'NONE',  ( 1355.431838203995085, 973.7347479190860895, 106.7868856902850752 ) ) ;
#3472 =( LENGTH_UNIT ( ) NAMED_UNIT ( * ) SI_UNIT ( .MILLI., .METRE. ) );
#3473 = CARTESIAN_POINT ( 'NONE',  ( 560.0000000000002274, -8.516845032108758318, -22.69764222796803921 ) ) ;
#3474 = CARTESIAN_POINT ( 'NONE',  ( 618.5441190344049573, 8.880463444549462793, 0.8715742422743407714 ) ) ;
#3475 = CARTESIAN_POINT ( 'NONE',  ( 787.4909157416205971, 98.38673501263824051, 60.88884059114282365 ) ) ;
#3476 = CARTESIAN_POINT ( 'NONE',  ( 618.2868396730779068, 23.73522962892339550, 42.49126806549153201 ) ) ;
#3477 = CARTESIAN_POINT ( 'NONE',  ( 1222.300934759669417, 640.8515539817992703, 151.8035301385355638 ) ) ;
#3478 = CARTESIAN_POINT ( 'NONE',  ( 1063.428234279716889, 216.4319567205486123, -97.79112667051037988 ) ) ;
#3479 = CARTESIAN_POINT ( 'NONE',  ( 893.4538459661131355, 175.4482712121029522, 84.98291200770535170 ) ) ;
#3480 = CARTESIAN_POINT ( 'NONE',  ( 1166.820403170793952, 477.3146647690396094, 78.67129684983143534 ) ) ;
#3481 = CARTESIAN_POINT ( 'NONE',  ( 618.6089878890667251, 5.071806042720977459, -11.68530093715027895 ) ) ;
#3482 = CARTESIAN_POINT ( 'NONE',  ( 579.5062299545519409, -7.651299869215625549, -40.86793551090880072 ) ) ;
#3483 = CARTESIAN_POINT ( 'NONE',  ( 1466.646289107734674, 798.8691574325921465, -128.9589981893274455 ) ) ;
#3484 = CARTESIAN_POINT ( 'NONE',  ( 618.5441190344049573, 8.880463444549462793, 0.8715742422743407714 ) ) ;
#3485 = CARTESIAN_POINT ( 'NONE',  ( 943.2207940146957981, 222.6919521398788788, 82.30312115240425896 ) ) ;
#3486 = CARTESIAN_POINT ( 'NONE',  ( 1433.961096669830567, 733.5329312544631648, -110.1827091441012385 ) ) ;
#3487 = CARTESIAN_POINT ( 'NONE',  ( 1416.480758533241669, 982.4812228219617509, 11.54558856769938657 ) ) ;
#3488 = CARTESIAN_POINT ( 'NONE',  ( 1168.165280848050998, 287.7917033218240590, -132.4948461811956690 ) ) ;
#3489 = CARTESIAN_POINT ( 'NONE',  ( 579.3645302142213040, 12.05102728700000370, 3.377871418811642990 ) ) ;
#3490 = CARTESIAN_POINT ( 'NONE',  ( 1409.633421960044188, 958.2627855397290659, 25.22685750676115291 ) ) ;
#3491 = CARTESIAN_POINT ( 'NONE',  ( 1252.524705097860760, 569.3315991292589615, 52.73300902098863219 ) ) ;
#3492 = CARTESIAN_POINT ( 'NONE',  ( 560.0000000000001137, 11.42622736480236512, 32.77481963796181219 ) ) ;
#3493 = EDGE_LOOP ( 'NONE', ( #2960, #4483, #1469, #472 ) ) ;
#3494 = CARTESIAN_POINT ( 'NONE',  ( 849.4890278112985698, 68.27655405577573333, -81.16718158852768283 ) ) ;
#3495 = CARTESIAN_POINT ( 'NONE',  ( 792.4844066855116580, 45.47594520262854445, -76.56304601939089594 ) ) ;
#3496 = CARTESIAN_POINT ( 'NONE',  ( 618.4011503704003871, 17.18617176271533253, 25.76021241006000650 ) ) ;
#3497 = CARTESIAN_POINT ( 'NONE',  ( 618.3912248612648455, 17.75747837693780085, 27.29973909221185124 ) ) ;
#3498 = CARTESIAN_POINT ( 'NONE',  ( 993.1974091322355207, 262.2619743388219149, 68.67270517464881152 ) ) ;
#3499 = CARTESIAN_POINT ( 'NONE',  ( 1262.807363570396092, 385.9906683516139765, -137.6236011859325856 ) ) ;
#3500 = CARTESIAN_POINT ( 'NONE',  ( 1079.959813274347880, 380.4779274266271614, 128.6497628177771162 ) ) ;
#3501 = CARTESIAN_POINT ( 'NONE',  ( 1384.251320739859011, 996.8184990625055661, 78.66782902102684716 ) ) ;
#3502 = CARTESIAN_POINT ( 'NONE',  ( 559.9999999999998863, 11.47259185657199687, 29.28076599601034502 ) ) ;
#3503 = CARTESIAN_POINT ( 'NONE',  ( 0.000000000000000000, 0.000000000000000000, 0.000000000000000000 ) ) ;
#3504 = CARTESIAN_POINT ( 'NONE',  ( 560.0000000000000000, -2.397208077108411661, 0.6746880532880191739 ) ) ;
#3505 = CARTESIAN_POINT ( 'NONE',  ( 732.0902187054750812, 68.49430872382325219, 53.28075201429280128 ) ) ;
#3506 = CARTESIAN_POINT ( 'NONE',  ( 579.3566406571493417, 12.99621707811912152, 34.57867978152166444 ) ) ;
#3507 = CARTESIAN_POINT ( 'NONE',  ( 786.6237294341415236, 107.5152838418046173, 71.58067701545536465 ) ) ;
#3508 = CARTESIAN_POINT ( 'NONE',  ( 1296.787731467266440, 464.5453400028198416, -124.8424478305280871 ) ) ;
#3509 = CARTESIAN_POINT ( 'NONE',  ( 560.0000000000000000, 8.365498175134183256, 32.58507009614950789 ) ) ;
#3510 = CARTESIAN_POINT ( 'NONE',  ( 559.9999999999989768, 10.65678074935400410, 19.21534948400052301 ) ) ;
#3511 = CARTESIAN_POINT ( 'NONE',  ( 734.0249949209692204, 39.73393613061991658, -20.09566253887270548 ) ) ;
#3512 = CARTESIAN_POINT ( 'NONE',  ( 1354.470757020681049, 486.1008589108801630, -171.5250697934721131 ) ) ;
#3513 = CARTESIAN_POINT ( 'NONE',  ( 1306.554976337065000, 441.4355258622841802, -153.1908163824157327 ) ) ;
#3514 = CARTESIAN_POINT ( 'NONE',  ( 733.5075795356149229, 47.44090103444130335, 1.052969580627065360 ) ) ;
#3515 = CARTESIAN_POINT ( 'NONE',  ( 1227.073510855305358, 629.5488787693371933, 129.1347710922672718 ) ) ;
#3516 = CARTESIAN_POINT ( 'NONE',  ( 1455.455808185755814, 816.4674704013262954, -98.26942791964567903 ) ) ;
#3517 = CARTESIAN_POINT ( 'NONE',  ( 1218.012227461739940, 330.6562955393146126, -145.6034244791065646 ) ) ;
#3518 = CARTESIAN_POINT ( 'NONE',  ( 1247.677019081824710, 717.6718654368231682, 170.1509355595747763 ) ) ;
#3519 = CARTESIAN_POINT ( 'NONE',  ( 732.5653669240037971, 61.21825899886433575, 1.015776436525955395 ) ) ;
#3520 = CARTESIAN_POINT ( 'NONE',  ( 1369.035015552493178, 844.3723642502259281, 45.39345878233339704 ) ) ;
#3521 = CARTESIAN_POINT ( 'NONE',  ( 559.9999999999997726, 1.411767268894369431, 13.40466502470993149 ) ) ;
#3522 = CARTESIAN_POINT ( 'NONE',  ( 942.7050835036978924, 225.5235979134033641, 92.52224184039833688 ) ) ;
#3523 = CARTESIAN_POINT ( 'NONE',  ( 1451.324219348877477, 703.8919277950934656, -150.9030065645945058 ) ) ;
#3524 = CARTESIAN_POINT ( 'NONE',  ( 1354.423701906138149, 486.2040771392814804, -170.7478459911566517 ) ) ;
#3525 = CARTESIAN_POINT ( 'NONE',  ( 1405.221386463982981, 999.1090557714649094, 45.27837589185617162 ) ) ;
#3526 = CARTESIAN_POINT ( 'NONE',  ( 1164.054774693673608, 300.9136014656818361, -99.03356285414676563 ) ) ;
#3527 = CARTESIAN_POINT ( 'NONE',  ( 1368.892415215456822, 952.5750569485328469, 90.11110474958702810 ) ) ;
#3528 = CARTESIAN_POINT ( 'NONE',  ( 1435.035467752640443, 731.6896009606729194, -124.3276617071618944 ) ) ;
#3529 = CARTESIAN_POINT ( 'NONE',  ( 840.9399585360273477, 137.7396562456324887, 56.94903076616999016 ) ) ;
#3530 = CARTESIAN_POINT ( 'NONE',  ( 1468.776772594337217, 795.5232948571785982, -126.4826440476420117 ) ) ;
#3531 = CARTESIAN_POINT ( 'NONE',  ( 894.4208022093906720, 169.1135927295043473, 71.80515795794750034 ) ) ;
#3532 = CARTESIAN_POINT ( 'NONE',  ( 1282.027621480292510, 771.3291759330080595, 136.4732382668157697 ) ) ;
#3533 = CARTESIAN_POINT ( 'NONE',  ( 560.0000000000000000, 6.078214894803550372, -1.609540689475119857 ) ) ;
#3534 = CARTESIAN_POINT ( 'NONE',  ( 675.5638252092217044, 43.72683193434406235, 46.94066102171731814 ) ) ;
#3535 = CARTESIAN_POINT ( 'NONE',  ( 1331.766337845441058, 907.9981623047084440, 136.1640183635209382 ) ) ;
#3536 = CARTESIAN_POINT ( 'NONE',  ( 1154.982357583378871, 511.2602261773077998, 150.7622541835376353 ) ) ;
#3537 = CARTESIAN_POINT ( 'NONE',  ( 1455.280055895943178, 888.9246782239204094, -77.71212140593021900 ) ) ;
#3538 = CARTESIAN_POINT ( 'NONE',  ( 1037.694571571480537, 320.8259331305250157, 114.9256975797016906 ) ) ;
#3539 = CARTESIAN_POINT ( 'NONE',  ( 675.3965279936121533, 47.48202290865754804, 32.56433208602298635 ) ) ;
#3540 = CARTESIAN_POINT ( 'NONE',  ( 1200.853662945683936, 379.8407171876357324, -57.25581977558402258 ) ) ;
#3541 = CARTESIAN_POINT ( 'NONE',  ( 560.0000000000002274, -9.805935366100131390, -36.63668440317903219 ) ) ;
#3542 = CARTESIAN_POINT ( 'NONE',  ( 1432.352799645982714, 959.0414033927007722, -19.95381709350598598 ) ) ;
#3543 = CARTESIAN_POINT ( 'NONE',  ( 1385.537645041067435, 564.7730790187104049, -158.7120469517245738 ) ) ;
#3544 = CARTESIAN_POINT ( 'NONE',  ( 1145.677055228358540, 359.4623854674212566, 0.6381961413090507795 ) ) ;
#3545 = CARTESIAN_POINT ( 'NONE',  ( 1328.402276097966933, 913.7332849830709165, 131.1102686855162460 ) ) ;
#3546 = CARTESIAN_POINT ( 'NONE',  ( 1429.709115017218664, 740.7914153418608976, -100.1837794060796938 ) ) ;
#3547 = CARTESIAN_POINT ( 'NONE',  ( 959.7336829217888408, 132.4324646287868461, -97.30357178324642575 ) ) ;
#3548 = CARTESIAN_POINT ( 'NONE',  ( 559.9999999999998863, 11.15907534827359804, 36.56665680674142749 ) ) ;
#3549 = CARTESIAN_POINT ( 'NONE',  ( 1421.715988720654195, 974.7498384718393254, 0.9570838067188264242 ) ) ;
#3550 = CARTESIAN_POINT ( 'NONE',  ( 1415.652519735616579, 983.7043653102372218, 24.04378559134011084 ) ) ;
#3551 = CARTESIAN_POINT ( 'NONE',  ( 999.9483015656165890, 230.8375185652147366, 33.76363055007660563 ) ) ;
#3552 = CARTESIAN_POINT ( 'NONE',  ( 579.3279431525216978, 17.02266714701015360, 36.57810293608827124 ) ) ;
#3553 = CARTESIAN_POINT ( 'NONE',  ( 1435.138139762294713, 954.9280150192920473, -25.32832916935951317 ) ) ;
#3554 = CARTESIAN_POINT ( 'NONE',  ( 1422.710861411088672, 628.0006572877681492, -157.1765418791722766 ) ) ;
#3555 = CARTESIAN_POINT ( 'NONE',  ( 1220.860542351632148, 322.5033583884839459, -152.8289836784222473 ) ) ;
#3556 = CARTESIAN_POINT ( 'NONE',  ( 1153.832262611782880, 333.4307773844851113, -69.34332030279583137 ) ) ;
#3557 = CARTESIAN_POINT ( 'NONE',  ( 1207.179247165451216, 530.4120676569108355, 91.23920596574517106 ) ) ;
#3558 = CARTESIAN_POINT ( 'NONE',  ( 842.5162358769244975, 125.0212950481381142, 52.46325823580389169 ) ) ;
#3559 = CARTESIAN_POINT ( 'NONE',  ( 787.1025839282151537, 102.3788457234900449, 45.54393897831671723 ) ) ;
#3560 = CARTESIAN_POINT ( 'NONE',  ( 792.4317707007706986, 46.08586268447808720, -67.78051874866632431 ) ) ;
#3561 = CARTESIAN_POINT ( 'NONE',  ( 945.2358239942279852, 211.7285913106484543, 79.05439217595647960 ) ) ;
#3562 = CARTESIAN_POINT ( 'NONE',  ( 675.3095347766312671, 49.64797068718758055, 47.79019784411129024 ) ) ;
#3563 = CARTESIAN_POINT ( 'NONE',  ( 560.0000000000001137, -3.390742867977393438, -2.903304777654045488 ) ) ;
#3564 = CARTESIAN_POINT ( 'NONE',  ( 944.9123770700966816, 213.4950295886434048, 82.39107576029225299 ) ) ;
#3565 = CARTESIAN_POINT ( 'NONE',  ( 1308.939707573735859, 837.4419676370462184, 142.4564508701545549 ) ) ;
#3566 = CARTESIAN_POINT ( 'NONE',  ( 1035.315661135095979, 330.4611443720685315, 124.7877068133603728 ) ) ;
#3567 = CARTESIAN_POINT ( 'NONE',  ( 902.6889551330725681, 114.7925511758718642, -69.26823078494109609 ) ) ;
#3568 = CARTESIAN_POINT ( 'NONE',  ( 1254.331376709510550, 703.2469504874253516, 156.5600807033511899 ) ) ;
#3569 = CARTESIAN_POINT ( 'NONE',  ( 1292.085242834927840, 751.2532100152292287, 101.9507595964998359 ) ) ;
#3570 = CARTESIAN_POINT ( 'NONE',  ( 1108.402960292251009, 278.8312416579218507, -50.28754694587157559 ) ) ;
#3571 = CARTESIAN_POINT ( 'NONE',  ( 1470.840976686623890, 865.2870214436788956, -103.5141652690401912 ) ) ;
#3572 = CARTESIAN_POINT ( 'NONE',  ( 1002.223824594622215, 220.1281155982773612, -20.13250613912337883 ) ) ;
#3573 = CARTESIAN_POINT ( 'NONE',  ( 952.9190798412266759, 169.7433479284993041, -5.623188281655983722 ) ) ;
#3574 = CARTESIAN_POINT ( 'NONE',  ( 1080.129992318620907, 379.8452235755362949, 113.3963743009314982 ) ) ;
#3575 = CARTESIAN_POINT ( 'NONE',  ( 1214.245325439892213, 341.4678796943824750, -119.5506671424493987 ) ) ;
#3576 = CARTESIAN_POINT ( 'NONE',  ( 1382.434883997693078, 821.4810645746232467, -7.966621723875602079 ) ) ;
#3577 = CARTESIAN_POINT ( 'NONE',  ( 904.3419047609404515, 103.9711796923001970, -85.60382881849218961 ) ) ;
#3578 = CARTESIAN_POINT ( 'NONE',  ( 942.1351516072224968, 228.6556251411823553, 105.3298207426610134 ) ) ;
#3579 = CARTESIAN_POINT ( 'NONE',  ( 1424.352812548195061, 970.8557788518259031, -4.306720215049375966 ) ) ;
#3580 = CARTESIAN_POINT ( 'NONE',  ( 899.1017440695915184, 138.4265594381053575, 7.188646469547491868 ) ) ;
#3581 = CARTESIAN_POINT ( 'NONE',  ( 676.1397814129214794, 30.03484654638302942, 11.88386634168200295 ) ) ;
#3582 = CARTESIAN_POINT ( 'NONE',  ( 1119.365402914933611, 443.2592956188298672, 131.3158145401844479 ) ) ;
#3583 = CARTESIAN_POINT ( 'NONE',  ( 732.6718047428523732, 59.63374359457502294, -3.197925151680737876 ) ) ;
#3584 = CARTESIAN_POINT ( 'NONE',  ( 1015.473570589531960, 158.3840679591583864, -109.1755087055997393 ) ) ;
#3585 = CARTESIAN_POINT ( 'NONE',  ( 618.7446069250905794, -3.215746195755018633, -49.36686370041888239 ) ) ;
#3586 = CARTESIAN_POINT ( 'NONE',  ( 1057.374588175716326, 240.9643634443577014, -60.40677763340767825 ) ) ;
#3587 = CARTESIAN_POINT ( 'NONE',  ( 560.0000000000000000, 2.538044241066884865, 16.85024978913461879 ) ) ;
#3588 = CARTESIAN_POINT ( 'NONE',  ( 676.8222399125162383, 13.68261386929559720, -37.52767399165509232 ) ) ;
#3589 = CARTESIAN_POINT ( 'NONE',  ( 788.1078991432201519, 91.87131239835137819, 46.65064125408952833 ) ) ;
#3590 = CARTESIAN_POINT ( 'NONE',  ( 1125.753849619666880, 422.8867204852525674, 85.25420038425441760 ) ) ;
#3591 = CARTESIAN_POINT ( 'NONE',  ( 1014.867353648551557, 161.2197144911960152, -102.5930973755516078 ) ) ;
#3592 = CARTESIAN_POINT ( 'NONE',  ( 675.6131323433248781, 42.55848240735381438, 44.24013275999200800 ) ) ;
#3593 = CARTESIAN_POINT ( 'NONE',  ( 1254.256327871587928, 703.3961417847348230, 140.7616925164389272 ) ) ;
#3594 = CALENDAR_DATE ( 2026, 19, 9 ) ;
#3595 = CARTESIAN_POINT ( 'NONE',  ( 1334.645404206276680, 903.0827273793299810, 128.7090201655386181 ) ) ;
#3596 = CARTESIAN_POINT ( 'NONE',  ( 1196.811072283058820, 557.3269757066896091, 134.2181237500452937 ) ) ;
#3597 = CARTESIAN_POINT ( 'NONE',  ( 1342.801811769965980, 993.5977596493693227, 140.2358071287006283 ) ) ;
#3598 = CARTESIAN_POINT ( 'NONE',  ( 1060.950458357104708, 226.4721295802122825, -83.02763480865768031 ) ) ;
#3599 = CARTESIAN_POINT ( 'NONE',  ( 1378.366769341453846, 1005.757182829986732, 91.64182063655538002 ) ) ;
#3600 = CARTESIAN_POINT ( 'NONE',  ( 1038.972967768524086, 315.5976079423493275, 82.63932678373750207 ) ) ;
#3601 = CARTESIAN_POINT ( 'NONE',  ( 1382.660235969425685, 701.7288877219618826, -53.53695432156185774 ) ) ;
#3602 = CARTESIAN_POINT ( 'NONE',  ( 905.4587622461349383, 96.66046831336939249, -94.89281260998724576 ) ) ;
#3603 = CARTESIAN_POINT ( 'NONE',  ( 1413.367750591936328, 882.6350645503902115, -24.91162063687557904 ) ) ;
#3604 = CARTESIAN_POINT ( 'NONE',  ( 902.6889551330725681, 114.7925511758718642, -69.26823078494109609 ) ) ;
#3605 = CARTESIAN_POINT ( 'NONE',  ( 1429.995836009094091, 962.5221656751032242, -5.146808283701099107 ) ) ;
#3606 = CARTESIAN_POINT ( 'NONE',  ( 560.0000000000000000, 11.46664292184731693, 30.98667905250110266 ) ) ;
#3607 = CARTESIAN_POINT ( 'NONE',  ( 1302.967842670547952, 449.9419411310703936, -130.6820386905622229 ) ) ;
#3608 = CARTESIAN_POINT ( 'NONE',  ( 559.9999999999998863, 6.744768181161147069, 0.7128849161839112547 ) ) ;
#3609 = CARTESIAN_POINT ( 'NONE',  ( 904.4864774528795124, 103.0252830767181109, -86.87913771442157440 ) ) ;
#3610 = CARTESIAN_POINT ( 'NONE',  ( 560.0000000000001137, 11.03470929347093410, 36.59664860521010610 ) ) ;
#3611 = CARTESIAN_POINT ( 'NONE',  ( 997.4178534158947969, 242.5528180333565444, 23.59076416929369557 ) ) ;
#3612 = CARTESIAN_POINT ( 'NONE',  ( 1144.015703333359852, 364.7549469397274038, 9.720216198442104272 ) ) ;
#3613 = CARTESIAN_POINT ( 'NONE',  ( 1319.447024733718536, 696.6700349557872869, 41.77705157498066058 ) ) ;
#3614 = CARTESIAN_POINT ( 'NONE',  ( 579.3275061466664511, 17.07469675850893509, 38.26350647408560945 ) ) ;
#3615 = CARTESIAN_POINT ( 'NONE',  ( 560.0000000000000000, 11.35291133297091903, 32.94192798407318179 ) ) ;
#3616 = CARTESIAN_POINT ( 'NONE',  ( 579.5108257399105014, -8.304057776143404013, -40.02348119851690456 ) ) ;
#3617 = CARTESIAN_POINT ( 'NONE',  ( 1475.780670051371999, 784.5102956634068505, -142.8315444420991582 ) ) ;
#3618 = CARTESIAN_POINT ( 'NONE',  ( 618.4421286608084074, 14.05865345744866346, -17.68462460562308181 ) ) ;
#3619 = CARTESIAN_POINT ( 'NONE',  ( 1381.210307606096194, 933.2065974087627183, 63.11254650131509436 ) ) ;
#3620 = CARTESIAN_POINT ( 'NONE',  ( 1339.942144283270636, 517.6097463850039730, -123.3271884219928580 ) ) ;
#3621 = CARTESIAN_POINT ( 'NONE',  ( 1373.146532476937637, 589.4943805357912652, -129.3123303231660657 ) ) ;
#3622 = CARTESIAN_POINT ( 'NONE',  ( 732.5744150003865798, 61.31378601966158470, 36.70833376807335924 ) ) ;
#3623 = CARTESIAN_POINT ( 'NONE',  ( 1341.633386043682094, 891.1407485772924701, 94.10731094564388854 ) ) ;
#3624 = CARTESIAN_POINT ( 'NONE',  ( 1218.279005807835574, 329.9092967302879629, -138.0135732963937016 ) ) ;
#3625 = CARTESIAN_POINT ( 'NONE',  ( 1263.093323330424937, 684.2479886642144038, 126.9224552393869203 ) ) ;
#3626 = CARTESIAN_POINT ( 'NONE',  ( 892.6151800372903153, 180.9021295352821426, 80.79133290281211544 ) ) ;
#3627 = CARTESIAN_POINT ( 'NONE',  ( 1360.702623521139230, 965.4527198165501432, 108.1100519468428303 ) ) ;
#3628 = CARTESIAN_POINT ( 'NONE',  ( 1393.431795253011160, 1016.519915985788543, 69.22166119313968125 ) ) ;
#3629 = CARTESIAN_POINT ( 'NONE',  ( 892.1313403925300918, 184.1004864628219195, 94.93571757295059399 ) ) ;
#3630 = CARTESIAN_POINT ( 'NONE',  ( 1454.305173711738234, 926.6221524287032025, -60.62179047173661672 ) ) ;
#3631 = CARTESIAN_POINT ( 'NONE',  ( 1082.320281944057569, 372.0452667349842955, 115.2107473234055988 ) ) ;
#3632 = CARTESIAN_POINT ( 'NONE',  ( 1231.500654373116049, 619.0660701299386801, 109.5127721199329329 ) ) ;
#3633 = CARTESIAN_POINT ( 'NONE',  ( 790.9890930668939291, 61.38125309604997426, -27.95510398354814541 ) ) ;
#3634 = CARTESIAN_POINT ( 'NONE',  ( 1425.468660193813321, 622.9193558946524263, -168.3154408267286897 ) ) ;
#3635 = CARTESIAN_POINT ( 'NONE',  ( 1144.972514937232518, 361.6497101666569733, -25.10783353679375551 ) ) ;
#3636 = CARTESIAN_POINT ( 'NONE',  ( 1451.510519787981593, 930.7492954265583194, -55.65426919403075345 ) ) ;
#3637 = CARTESIAN_POINT ( 'NONE',  ( 1389.150417878775670, 810.0314618599982168, -3.316113167952212226 ) ) ;
#3638 = CARTESIAN_POINT ( 'NONE',  ( 991.0147651633485566, 272.4683755598498465, 97.36407017547817588 ) ) ;
#3639 = CARTESIAN_POINT ( 'NONE',  ( 1066.047247100401137, 205.8632854403754493, -98.01968608436280306 ) ) ;
#3640 = CC_DESIGN_DATE_AND_TIME_ASSIGNMENT ( #3095, #1043, ( #759 ) ) ;
#3641 = CARTESIAN_POINT ( 'NONE',  ( 1421.036935955088438, 940.9408983470856356, -11.72881196424783212 ) ) ;
#3642 = CARTESIAN_POINT ( 'NONE',  ( 1419.224818631940707, 634.4105901399791492, -156.4146510945621458 ) ) ;
#3643 = CARTESIAN_POINT ( 'NONE',  ( 989.9761525974998904, 277.3352155181691501, 115.4048384999565542 ) ) ;
#3644 = CARTESIAN_POINT ( 'NONE',  ( 1340.667623428382512, 779.0160278803265328, 34.43911905051820099 ) ) ;
#3645 = CARTESIAN_POINT ( 'NONE',  ( 898.6775859608590054, 141.2085537115543161, 13.23635772908972008 ) ) ;
#3646 = CARTESIAN_POINT ( 'NONE',  ( 579.4514046597884089, -0.1475067891024614275, -4.454804975896889729 ) ) ;
#3647 = CARTESIAN_POINT ( 'NONE',  ( 676.0953777436864129, 31.09491456848345692, 14.91611260651398041 ) ) ;
#3648 = CARTESIAN_POINT ( 'NONE',  ( 1374.654400878052684, 1011.396548804504278, 91.93020089028742348 ) ) ;
#3649 = CARTESIAN_POINT ( 'NONE',  ( 1441.424418647661923, 945.6444426729037787, -28.24938394816682319 ) ) ;
#3650 = CARTESIAN_POINT ( 'NONE',  ( 1312.341340581226177, 427.7518333367205514, -165.3976049607006473 ) ) ;
#3651 = CARTESIAN_POINT ( 'NONE',  ( 792.4384955844963088, 45.95633042285872705, -76.54112772083637140 ) ) ;
#3652 = CARTESIAN_POINT ( 'NONE',  ( 899.6888417754906868, 134.4491399606799860, -34.55214365204205507 ) ) ;
#3653 = CARTESIAN_POINT ( 'NONE',  ( 618.4205693288602106, 16.06644776373867600, 22.67972548284099688 ) ) ;
#3654 = CARTESIAN_POINT ( 'NONE',  ( 1257.270689524440513, 400.3653835304048698, -115.4047295266148012 ) ) ;
#3655 = CARTESIAN_POINT ( 'NONE',  ( 1377.106076845058169, 939.6600016141937886, 72.10852108418652051 ) ) ;
#3656 = CARTESIAN_POINT ( 'NONE',  ( 618.7635430681194748, -4.150980812752974813, -45.64538187257789303 ) ) ;
#3657 = CARTESIAN_POINT ( 'NONE',  ( 1364.814323498156455, 958.9874370470924987, 99.09887743361912271 ) ) ;
#3658 = CARTESIAN_POINT ( 'NONE',  ( 1193.121854281021342, 566.8860014139015675, 134.4726894971864510 ) ) ;
#3659 = CARTESIAN_POINT ( 'NONE',  ( 1334.851375959971392, 665.9297837378343274, -3.626332830315146971 ) ) ;
#3660 = CARTESIAN_POINT ( 'NONE',  ( 1199.865777667557722, 549.3973353139053870, 121.5291944903593304 ) ) ;
#3661 = CARTESIAN_POINT ( 'NONE',  ( 1444.070720479466900, 716.2676067658771899, -142.2930044975915962 ) ) ;
#3662 = CARTESIAN_POINT ( 'NONE',  ( 995.2201914518466310, 252.8129524471953289, 45.94599102418631986 ) ) ;
#3663 = CARTESIAN_POINT ( 'NONE',  ( 892.1461058685766830, 184.0007727493149616, 93.77771982463607969 ) ) ;
#3664 = CARTESIAN_POINT ( 'NONE',  ( 847.2852143278662425, 86.11334043839198671, -62.12840979730845703 ) ) ;
#3665 = CARTESIAN_POINT ( 'NONE',  ( 1123.206716745987933, 431.0380793932630468, 122.9701625492467940 ) ) ;
#3666 = CARTESIAN_POINT ( 'NONE',  ( 1262.920270597491481, 684.6024131385419196, 106.7164572925255754 ) ) ;
#3667 = CARTESIAN_POINT ( 'NONE',  ( 904.9043613714391086, 100.3473527151109010, -77.39826563096481493 ) ) ;
#3668 = CARTESIAN_POINT ( 'NONE',  ( 734.1265235738846968, 38.22046703889812846, -24.33360194835928780 ) ) ;
#3669 = CARTESIAN_POINT ( 'NONE',  ( 849.2322816125988538, 70.31627364078943287, -85.10425373011072736 ) ) ;
#3670 = CARTESIAN_POINT ( 'NONE',  ( 1429.674708767205630, 962.9964061656804688, -14.75626876184989023 ) ) ;
#3671 = CARTESIAN_POINT ( 'NONE',  ( 1058.179328673055124, 237.7740386313796819, -38.69106955058076380 ) ) ;
#3672 = CARTESIAN_POINT ( 'NONE',  ( 1204.678233259870012, 368.8436890182608181, -96.27904184737991500 ) ) ;
#3673 = CARTESIAN_POINT ( 'NONE',  ( 787.0941540526283688, 102.5727273822477201, 70.19305517964467356 ) ) ;
#3674 = CARTESIAN_POINT ( 'NONE',  ( 1389.807822839827168, 1021.871795960040117, 70.27176990272877788 ) ) ;
#3675 = CARTESIAN_POINT ( 'NONE',  ( 732.6710946897832173, 59.64411427855346659, -3.201922338734248363 ) ) ;
#3676 = CARTESIAN_POINT ( 'NONE',  ( 1384.391075296817007, 567.0605460444165828, -156.1609350654483706 ) ) ;
#3677 = CARTESIAN_POINT ( 'NONE',  ( 942.3375041975988324, 227.5519793911828117, 105.3094956191974063 ) ) ;
#3678 = CARTESIAN_POINT ( 'NONE',  ( 1392.591609251765703, 915.3022774722314807, 19.65935571432226681 ) ) ;
#3679 = CARTESIAN_POINT ( 'NONE',  ( 1329.911975404509803, 675.7866163722430883, 10.88668529532337992 ) ) ;
#3680 = CARTESIAN_POINT ( 'NONE',  ( 733.1001294195191349, 53.50374650111064767, 17.20851425134877033 ) ) ;
#3681 = CARTESIAN_POINT ( 'NONE',  ( 1388.062246504259292, 1024.449661895175041, 74.58279075937839764 ) ) ;
#3682 = CARTESIAN_POINT ( 'NONE',  ( 560.0000000000000000, 5.377097019500401309, 24.83681576353120590 ) ) ;
#3683 = CARTESIAN_POINT ( 'NONE',  ( 1171.361289766561868, 277.6290273207221162, -139.1372039076327098 ) ) ;
#3684 = CARTESIAN_POINT ( 'NONE',  ( 1471.385474041273028, 864.4599039264007843, -103.8850922657386491 ) ) ;
#3685 = CARTESIAN_POINT ( 'NONE',  ( 1005.668740893542576, 204.0606473947173356, -48.65186195797058843 ) ) ;
#3686 = CARTESIAN_POINT ( 'NONE',  ( 948.1581929148368317, 195.7644365644302411, 47.68842237558235553 ) ) ;
#3687 = CARTESIAN_POINT ( 'NONE',  ( 1456.003234477527258, 887.8259755426281572, -71.43950215162793427 ) ) ;
#3688 = CARTESIAN_POINT ( 'NONE',  ( 997.5199698207874235, 242.1645940970585684, 55.56591614049945349 ) ) ;
#3689 = CARTESIAN_POINT ( 'NONE',  ( 1219.516254473491244, 326.3614355190370588, -144.2193495837161663 ) ) ;
#3690 = CARTESIAN_POINT ( 'NONE',  ( 841.9228939952894279, 129.8407531879340979, 62.69159465466765369 ) ) ;
#3691 = CARTESIAN_POINT ( 'NONE',  ( 1301.717286741134330, 600.4968634110877019, 0.05827713657353397747 ) ) ;
#3692 = CARTESIAN_POINT ( 'NONE',  ( 1164.760725026867021, 483.2526208293161858, 113.3411933465931725 ) ) ;
#3693 = CARTESIAN_POINT ( 'NONE',  ( 791.8618883222952718, 52.03278064117630208, -69.16835258691997979 ) ) ;
#3694 = CARTESIAN_POINT ( 'NONE',  ( 1174.081783075115027, 456.5026614269524430, 40.82613543493207686 ) ) ;
#3695 = CARTESIAN_POINT ( 'NONE',  ( 618.2094995784009370, 28.11260981244706514, 49.35493424773830640 ) ) ;
#3696 = CARTESIAN_POINT ( 'NONE',  ( 1010.282763738660606, 182.5480081326938375, -83.40778413685667658 ) ) ;
#3697 = CARTESIAN_POINT ( 'NONE',  ( 1082.603767681009685, 371.0323454740279203, 113.2041441521779035 ) ) ;
#3698 = CARTESIAN_POINT ( 'NONE',  ( 840.9399585360273477, 137.7396562456324887, 56.94903076616999016 ) ) ;
#3699 = CARTESIAN_POINT ( 'NONE',  ( 1415.193898196618193, 641.8388242485945057, -137.9499714906143879 ) ) ;
#3700 = CARTESIAN_POINT ( 'NONE',  ( 1447.040269034377388, 937.3509586735029870, -39.52163258977071081 ) ) ;
#3701 = CARTESIAN_POINT ( 'NONE',  ( 559.9999999999998863, -9.009283237462147653, -36.18311020579456283 ) ) ;
#3702 = CARTESIAN_POINT ( 'NONE',  ( 560.0000000000007958, 3.129443746980514085, -10.81248819702594055 ) ) ;
#3703 = CARTESIAN_POINT ( 'NONE',  ( 902.0346505909388952, 119.1843553014703758, -35.25269143050653753 ) ) ;
#3704 = CARTESIAN_POINT ( 'NONE',  ( 846.9186590756517035, 89.08882088130948773, -57.02898376809867642 ) ) ;
#3705 = CARTESIAN_POINT ( 'NONE',  ( 1304.264777523497287, 846.0484629112590937, 155.7532626855097533 ) ) ;
#3706 = CARTESIAN_POINT ( 'NONE',  ( 579.3279862231985362, 17.02088604485528123, 35.86236388155931110 ) ) ;
#3707 = CARTESIAN_POINT ( 'NONE',  ( 675.7510474679014578, 38.93851157591032575, 0.9539008629381211524 ) ) ;
#3708 = CARTESIAN_POINT ( 'NONE',  ( 791.7293676603014774, 53.42829826025246120, -67.19077435023112344 ) ) ;
#3709 = CARTESIAN_POINT ( 'NONE',  ( 942.5170942660804485, 226.5717584595052756, 104.4822059589441068 ) ) ;
#3710 = CARTESIAN_POINT ( 'NONE',  ( 1413.881470059250432, 986.3198502575993416, 16.86695565978789446 ) ) ;
#3711 = CARTESIAN_POINT ( 'NONE',  ( 1371.810034859374355, 839.6348585525086037, 38.67367580063223187 ) ) ;
#3712 = CARTESIAN_POINT ( 'NONE',  ( 1249.686206350142811, 713.3108373879452984, 159.6300020605279713 ) ) ;
#3713 = CARTESIAN_POINT ( 'NONE',  ( 560.0000000000000000, 8.567676670066873612, 7.725390499049884951 ) ) ;
#3714 = CARTESIAN_POINT ( 'NONE',  ( 1473.898116305028225, 787.4708726185772321, -137.7007756032260204 ) ) ;
#3715 = CARTESIAN_POINT ( 'NONE',  ( 1469.032659647387618, 904.8726112999651150, -84.31495497582281473 ) ) ;
#3716 = CARTESIAN_POINT ( 'NONE',  ( 1279.605597702899104, 505.2038503604914013, -69.91322710823973807 ) ) ;
#3717 = CARTESIAN_POINT ( 'NONE',  ( 788.5041866887585229, 87.68374069837247475, 37.12837562658290835 ) ) ;
#3718 = CARTESIAN_POINT ( 'NONE',  ( 959.0897073638951724, 136.0030007551396238, -75.76822038908549928 ) ) ;
#3719 = CARTESIAN_POINT ( 'NONE',  ( 1210.833525684965934, 520.9255553513515906, 76.09862743222949177 ) ) ;
#3720 = CARTESIAN_POINT ( 'NONE',  ( 1170.872513418211383, 279.1884029399780047, -135.9743342248172553 ) ) ;
#3721 = CARTESIAN_POINT ( 'NONE',  ( 1233.244272112300678, 614.9625757149844958, 123.6814313709026436 ) ) ;
#3722 = CARTESIAN_POINT ( 'NONE',  ( 994.0256374536427302, 258.4602564521900945, 86.28617902473222046 ) ) ;
#3723 = CARTESIAN_POINT ( 'NONE',  ( 1165.254368058871250, 297.0590546255145341, -120.8506621017832003 ) ) ;
#3724 = CARTESIAN_POINT ( 'NONE',  ( 841.5614804251717942, 132.6620348265134908, 39.94275096641987943 ) ) ;
#3725 = CARTESIAN_POINT ( 'NONE',  ( 560.0000000000004547, 10.83717250256181153, 36.53712744070297447 ) ) ;
#3726 = CARTESIAN_POINT ( 'NONE',  ( 1008.391105422046962, 191.3668643736652939, -69.64469102682403445 ) ) ;
#3727 = CARTESIAN_POINT ( 'NONE',  ( 1355.559431698163507, 973.5399213565303853, 119.4276528526098389 ) ) ;
#3728 = CARTESIAN_POINT ( 'NONE',  ( 1123.649500064061158, 429.5956809516204657, 99.50173774311184616 ) ) ;
#3729 = CARTESIAN_POINT ( 'NONE',  ( 1383.235946016332946, 569.3768529232844458, -143.4431524606064272 ) ) ;
#3730 = CARTESIAN_POINT ( 'NONE',  ( 676.7260572984340570, 15.99556985773454088, -30.16862238197155222 ) ) ;
#3731 = CARTESIAN_POINT ( 'NONE',  ( 905.2502519785959976, 98.02471175018874305, -93.34559871221919991 ) ) ;
#3732 = CARTESIAN_POINT ( 'NONE',  ( 676.0941379563225837, 30.75243544470460577, -20.67572729668766485 ) ) ;
#3733 = CARTESIAN_POINT ( 'NONE',  ( 1318.250157014958631, 564.6468412656580540, -53.78245183457853784 ) ) ;
#3734 = CARTESIAN_POINT ( 'NONE',  ( 1369.099943421186254, 597.5680603589860311, -119.1794381657553146 ) ) ;
#3735 = CARTESIAN_POINT ( 'NONE',  ( 1279.096649234352526, 777.1905723341336625, 161.1337007847569112 ) ) ;
#3736 = CARTESIAN_POINT ( 'NONE',  ( 786.7160312196830318, 106.5196098175361783, 65.65463704202099393 ) ) ;
#3737 = CARTESIAN_POINT ( 'NONE',  ( 1464.492202464542515, 802.2557301231885276, -125.1804160315581669 ) ) ;
#3738 = CARTESIAN_POINT ( 'NONE',  ( 559.9999999999996589, 10.12896750061296380, 35.79630080439901008 ) ) ;
#3739 = CARTESIAN_POINT ( 'NONE',  ( 1411.601819676638343, 955.2730308509803763, 7.725434904777288558 ) ) ;
#3740 = CARTESIAN_POINT ( 'NONE',  ( 899.1017440695915184, 138.4265594381053575, 7.188646469547491868 ) ) ;
#3741 = CARTESIAN_POINT ( 'NONE',  ( 560.0000000000002274, 11.41902160262058707, 27.85576765763274310 ) ) ;
#3742 = CARTESIAN_POINT ( 'NONE',  ( 1331.576108138429618, 535.7508961693303036, -96.68682808738859080 ) ) ;
#3743 = CARTESIAN_POINT ( 'NONE',  ( 1015.818351760354290, 156.7633237265201842, -114.8176750141228268 ) ) ;
#3744 = CARTESIAN_POINT ( 'NONE',  ( 1392.970131559082574, 549.9483491531749451, -173.0888823114673301 ) ) ;
#3745 = CARTESIAN_POINT ( 'NONE',  ( 1309.999468092022653, 582.5091985575585340, -50.82939432016288350 ) ) ;
#3746 = CARTESIAN_POINT ( 'NONE',  ( 1340.182223531764748, 779.9271086505651738, 59.06436884452549663 ) ) ;
#3747 = CARTESIAN_POINT ( 'NONE',  ( 904.3227807448968179, 104.1670071856509026, -68.62133680139885428 ) ) ;
#3748 = B_SPLINE_CURVE_WITH_KNOTS ( 'NONE', 3,
 ( #3964, #5943, #2336, #2903, #382, #2406, #4424, #1908, #1413, #5838, #4321, #6340, #5450, #2940, #1312, #2442, #5978, #3337, #952, #2101, #42, #4497, #5514, #1978, #4118, #3563, #5077, #983, #5482 ),
 .UNSPECIFIED., .F., .F.,
 ( 4, 1, 1, 1, 1, 1, 1, 1, 1, 1, 1, 1, 1, 1, 1, 1, 1, 1, 1, 1, 1, 1, 1, 1, 1, 1, 4 ),
 ( 0.2505999963551194254, 0.2508379473744293264, 0.2717442393101111575, 0.2926507036772515447, 0.3135570364423452827, 0.3344633283309882410, 0.3553697943675805382, 0.3762758985203896178, 0.3971821474529172447, 0.4180879482925839441, 0.4389936908929271686, 0.4598980486359864339, 0.4807969154252711430, 0.5014895846569252802, 0.5175261116538248940, 0.5384268016126033674, 0.5593327582993820046, 0.5802392517958475660, 0.6011458062510890432, 0.6220524496637741541, 0.6429590449270107255, 0.6638656803468391265, 0.6847722933107706078, 0.7056788141719880780, 0.7265854631337356206, 0.7474920718839402900, 0.7505999999999994898 ),
 .UNSPECIFIED. ) ;
#3749 = CARTESIAN_POINT ( 'NONE',  ( 1242.522799521702382, 593.0034214794519585, 89.53468204528830654 ) ) ;
#3750 = CARTESIAN_POINT ( 'NONE',  ( 560.0000000000000000, -10.89347261190050808, -34.55599828290209530 ) ) ;
#3751 = CARTESIAN_POINT ( 'NONE',  ( 618.2034189077138535, 28.43521929225943978, 48.29373413773426904 ) ) ;
#3752 = CARTESIAN_POINT ( 'NONE',  ( 1315.015291246636707, 826.2572897303218724, 126.2256269336204895 ) ) ;
#3753 = CARTESIAN_POINT ( 'NONE',  ( 1421.548691285301402, 940.1632779841182810, 0.1458441426865051960 ) ) ;
#3754 = CARTESIAN_POINT ( 'NONE',  ( 787.7211688978953816, 95.95584125603130587, 55.71042091483252534 ) ) ;
#3755 = CARTESIAN_POINT ( 'NONE',  ( 1166.045227227201849, 294.5412997146692646, -124.1157123071653388 ) ) ;
#3756 = CARTESIAN_POINT ( 'NONE',  ( 1302.533584033928264, 730.3995316274264269, 68.20614258071185532 ) ) ;
#3757 = CARTESIAN_POINT ( 'NONE',  ( 1305.012922891142807, 593.3505657713058099, -10.72849137877331138 ) ) ;
#3758 = CARTESIAN_POINT ( 'NONE',  ( 1166.598445898808905, 292.8090087842070943, -112.6907411442093689 ) ) ;
#3759 = CARTESIAN_POINT ( 'NONE',  ( 1319.546509208291127, 928.8570845875912028, 158.1738582141992708 ) ) ;
#3760 = CARTESIAN_POINT ( 'NONE',  ( 1446.944780149136250, 901.5862901368890334, -62.36965529613472370 ) ) ;
#3761 = CARTESIAN_POINT ( 'NONE',  ( 787.3414358987538435, 99.96547022438518582, 64.39649722888024996 ) ) ;
#3762 = CARTESIAN_POINT ( 'NONE',  ( 1038.153439442272202, 318.9258839479271046, 91.00741683898415602 ) ) ;
#3763 = CARTESIAN_POINT ( 'NONE',  ( 905.0401625555030023, 99.45574440312475417, -79.39264107324292752 ) ) ;
#3764 = CARTESIAN_POINT ( 'NONE',  ( 847.5838811209055166, 83.80141317294477687, -42.50404464506702595 ) ) ;
#3765 = CARTESIAN_POINT ( 'NONE',  ( 960.2608799926395022, 129.5553687768193640, -100.9631600881185847 ) ) ;
#3766 = CARTESIAN_POINT ( 'NONE',  ( 1381.945243392832481, 703.0293500874790880, -71.38965471260297591 ) ) ;
#3767 = CARTESIAN_POINT ( 'NONE',  ( 1430.540635599583993, 855.6417113684216247, -44.71516536775678929 ) ) ;
#3768 = CARTESIAN_POINT ( 'NONE',  ( 1158.453349390853418, 318.7144792175263888, -91.01552329832901478 ) ) ;
#3769 = CARTESIAN_POINT ( 'NONE',  ( 1326.381364545718270, 917.1916418366449761, 149.0701925625481579 ) ) ;
#3770 = CARTESIAN_POINT ( 'NONE',  ( 1349.889676830841609, 982.4505597660931926, 121.3903832717916345 ) ) ;
#3771 = CARTESIAN_POINT ( 'NONE',  ( 1116.442382309115828, 250.0531687023357392, -116.2512187917856608 ) ) ;
#3772 = CARTESIAN_POINT ( 'NONE',  ( 1035.633724950228498, 329.1748668171240979, 124.7331207784214797 ) ) ;
#3773 = CARTESIAN_POINT ( 'NONE',  ( 1130.217378689078032, 408.6598329912271197, 57.01180282518660647 ) ) ;
#3774 = CARTESIAN_POINT ( 'NONE',  ( 845.0325043911764169, 104.5646208869155629, 6.530611974313289103 ) ) ;
#3775 = CARTESIAN_POINT ( 'NONE',  ( 840.7591185581071613, 139.2203044111968779, 62.69044173568466505 ) ) ;
#3776 = CARTESIAN_POINT ( 'NONE',  ( 559.9999999999997726, -8.235604362144187007, -21.52189175779960095 ) ) ;
#3777 = CARTESIAN_POINT ( 'NONE',  ( 792.3442303585310356, 47.01225518827848759, -65.52849564689141459 ) ) ;
#3778 = CARTESIAN_POINT ( 'NONE',  ( 792.2161093163792884, 48.29794303399012279, -74.27595153537893680 ) ) ;
#3779 = CARTESIAN_POINT ( 'NONE',  ( 950.4080290237785675, 183.3626621553571283, -11.85204124222000743 ) ) ;
#3780 = CARTESIAN_POINT ( 'NONE',  ( 1136.542859274563853, 388.5602881900305761, 50.59427058609207961 ) ) ;
#3781 = CARTESIAN_POINT ( 'NONE',  ( 1066.047247100401137, 205.8632854403754493, -98.01968608436280306 ) ) ;
#3782 = CARTESIAN_POINT ( 'NONE',  ( 1410.437328917362038, 991.4061555337299296, 34.66389968941356159 ) ) ;
#3783 = CARTESIAN_POINT ( 'NONE',  ( 734.9440612364288654, 26.02113200594164866, -59.21272830682215016 ) ) ;
#3784 = CARTESIAN_POINT ( 'NONE',  ( 1452.695775760805645, 701.5504158436502848, -154.3168955954388082 ) ) ;
#3785 = CARTESIAN_POINT ( 'NONE',  ( 1384.738998493872032, 1029.357432277624184, 82.73233851936623751 ) ) ;
#3786 = CARTESIAN_POINT ( 'NONE',  ( 1368.892415215456822, 952.5750569485328469, 90.11110474958702810 ) ) ;
#3787 = CARTESIAN_POINT ( 'NONE',  ( 1190.667139084327800, 409.0285446701690830, -9.230102224738471861 ) ) ;
#3788 = CARTESIAN_POINT ( 'NONE',  ( 994.6474568876442390, 255.5608360286117886, 80.88040987828247808 ) ) ;
#3789 = CARTESIAN_POINT ( 'NONE',  ( 560.0000000000002274, -4.915948463284350645, -29.71963347865161609 ) ) ;
#3790 = CARTESIAN_POINT ( 'NONE',  ( 1309.703762002539861, 716.0896794479549499, 46.03531708085358787 ) ) ;
#3791 = CARTESIAN_POINT ( 'NONE',  ( 845.4146732045901445, 101.4556011939156832, -0.7192497340386868609 ) ) ;
#3792 = CARTESIAN_POINT ( 'NONE',  ( 849.0397273157012705, 71.94379116633447779, -71.28417000517221425 ) ) ;
#3793 = CARTESIAN_POINT ( 'NONE',  ( 942.2295464868005865, 228.1411324956903002, 105.5904497135577600 ) ) ;
#3794 = CARTESIAN_POINT ( 'NONE',  ( 1451.510519787981593, 930.7492954265583194, -55.65426919403075345 ) ) ;
#3795 = CARTESIAN_POINT ( 'NONE',  ( 559.9999999999998863, 7.376238145396575518, 29.90881144938115455 ) ) ;
#3796 = CARTESIAN_POINT ( 'NONE',  ( 579.3288208465418165, 16.92833043593222442, 31.07604785225795041 ) ) ;
#3797 = CARTESIAN_POINT ( 'NONE',  ( 1186.608314433701253, 420.6582178025878420, 10.01307171705058607 ) ) ;
#3798 = CARTESIAN_POINT ( 'NONE',  ( 676.9327862292288955, 11.01487414283571376, -46.49520087467814022 ) ) ;
#3799 = CARTESIAN_POINT ( 'NONE',  ( 791.3442410399948130, 57.61753151823174335, -37.65005848000210875 ) ) ;
#3800 = CARTESIAN_POINT ( 'NONE',  ( 1118.689214558409049, 242.0286754891806140, -126.2750172042105561 ) ) ;
#3801 = CARTESIAN_POINT ( 'NONE',  ( 560.0000000000006821, 1.460788483396257220, -15.34719653822181762 ) ) ;
#3802 = CARTESIAN_POINT ( 'NONE',  ( 734.3289507957276783, 35.20231196169724797, -32.81653376480340967 ) ) ;
#3803 = CARTESIAN_POINT ( 'NONE',  ( 955.6463853385222365, 154.7443760206445234, -63.76419511124731088 ) ) ;
#3804 = CARTESIAN_POINT ( 'NONE',  ( 560.0000000000000000, 9.284143457059819582, 34.47352900236209194 ) ) ;
#3805 = CARTESIAN_POINT ( 'NONE',  ( 1301.241876699702516, 851.6063234240161819, 151.1332057766369417 ) ) ;
#3806 = CARTESIAN_POINT ( 'NONE',  ( 1001.390077230191537, 224.0174792502378125, -12.92818184303831686 ) ) ;
#3807 = CARTESIAN_POINT ( 'NONE',  ( 1301.778038766348800, 452.7378257334491991, -139.6779697130750151 ) ) ;
#3808 = CARTESIAN_POINT ( 'NONE',  ( 892.3002820408607931, 182.9998171529219633, 95.54229976708120375 ) ) ;
#3809 = CARTESIAN_POINT ( 'NONE',  ( 579.3459583552515824, 14.60864157264729180, 13.88041343415448203 ) ) ;
#3810 = CARTESIAN_POINT ( 'NONE',  ( 1226.628471903917443, 479.9198948582696289, 10.38393465229502510 ) ) ;
#3811 = CARTESIAN_POINT ( 'NONE',  ( 892.9362889482241599, 178.7833000107049770, 72.47794363392894468 ) ) ;
#3812 = CARTESIAN_POINT ( 'NONE',  ( 848.0041220871954692, 80.38014062871930321, -50.69083643853175403 ) ) ;
#3813 = CARTESIAN_POINT ( 'NONE',  ( 560.0000000000001137, -10.50247434951878489, -31.52197803852729763 ) ) ;
#3814 = CARTESIAN_POINT ( 'NONE',  ( 618.7198799091955834, -1.843229855716067345, -48.82543639961298965 ) ) ;
#3815 = CARTESIAN_POINT ( 'NONE',  ( 1429.674708767205630, 962.9964061656804688, -14.75626876184989023 ) ) ;
#3816 = CARTESIAN_POINT ( 'NONE',  ( 1047.208220726349282, 282.2619972113354834, 44.34706702201414430 ) ) ;
#3817 = CARTESIAN_POINT ( 'NONE',  ( 732.7475167703605621, 58.74379655617321561, 30.46668796595350770 ) ) ;
#3818 = CARTESIAN_POINT ( 'NONE',  ( 1386.775580260453353, 562.3136917917360051, -153.3566429358031087 ) ) ;
#3819 = CARTESIAN_POINT ( 'NONE',  ( 1391.364451048462342, 553.1550916517410315, -166.9193773684531266 ) ) ;
#3820 = CARTESIAN_POINT ( 'NONE',  ( 942.1465817305426071, 228.5902853054383002, 103.4343160436263958 ) ) ;
#3821 = CARTESIAN_POINT ( 'NONE',  ( 946.6280117090798285, 204.1243243163021646, 64.23421442494351652 ) ) ;
#3822 = CARTESIAN_POINT ( 'NONE',  ( 894.9831556538708810, 165.4291734678324985, 64.37188840595692341 ) ) ;
#3823 = CARTESIAN_POINT ( 'NONE',  ( 1461.836497057072620, 878.9652655257592642, -89.27169210880148853 ) ) ;
#3824 = CARTESIAN_POINT ( 'NONE',  ( 560.0000000000000000, 10.85568980495488134, 20.81315429885568946 ) ) ;
#3825 = CARTESIAN_POINT ( 'NONE',  ( 1370.471604136064343, 724.1669702637753971, -21.44920909638967643 ) ) ;
#3826 = CARTESIAN_POINT ( 'NONE',  ( 734.8670842451247154, 27.16630259692181326, -56.25134093994815032 ) ) ;
#3827 = CARTESIAN_POINT ( 'NONE',  ( 989.9761525974998904, 277.3352155181691501, 115.4048384999565542 ) ) ;
#3828 = CARTESIAN_POINT ( 'NONE',  ( 1397.029729865520949, 675.2629393146038410, -107.3160274144298967 ) ) ;
#3829 = CARTESIAN_POINT ( 'NONE',  ( 944.5906268874109628, 215.2523742535254883, 85.72867444046450203 ) ) ;
#3830 = CARTESIAN_POINT ( 'NONE',  ( 675.3452565096866920, 48.74581398460855297, 40.15355709421388752 ) ) ;
#3831 = CARTESIAN_POINT ( 'NONE',  ( 1228.251306949833861, 475.7067117151798925, 3.649236532865716143 ) ) ;
#3832 = CARTESIAN_POINT ( 'NONE',  ( 734.4293515995613006, 33.70471832198950324, -37.06121178464832155 ) ) ;
#3833 = CARTESIAN_POINT ( 'NONE',  ( 1446.551120042740422, 902.1840366779883880, -51.98239774476590469 ) ) ;
#3834 = CARTESIAN_POINT ( 'NONE',  ( 1420.666261300485758, 631.7567352419339386, -159.2794265536284399 ) ) ;
#3835 = CARTESIAN_POINT ( 'NONE',  ( 1150.230473547877182, 344.9020648187681672, -51.77683994886626095 ) ) ;
#3836 = CARTESIAN_POINT ( 'NONE',  ( 1288.386090173280081, 484.4544860777710369, -78.45854877682862138 ) ) ;
#3837 = CARTESIAN_POINT ( 'NONE',  ( 901.6489968122380105, 121.6043658226030431, -57.85622297003249059 ) ) ;
#3838 = CARTESIAN_POINT ( 'NONE',  ( 943.9050492446692715, 218.9968466527294026, 93.63411230749099445 ) ) ;
#3839 = CARTESIAN_POINT ( 'NONE',  ( 1376.098228116159362, 1009.203373642359111, 88.26485777939208788 ) ) ;
#3840 = CARTESIAN_POINT ( 'NONE',  ( 1461.193300173719990, 916.4497719939506624, -72.45780326022527618 ) ) ;
#3841 = CARTESIAN_POINT ( 'NONE',  ( 1120.996535807059900, 438.0755067979284263, 134.5901690989692554 ) ) ;
#3842 = CARTESIAN_POINT ( 'NONE',  ( 1399.274392043524813, 973.9985970851203092, 34.05827325266012195 ) ) ;
#3843 = CARTESIAN_POINT ( 'NONE',  ( 1250.291734249517503, 574.5815501035511943, 33.87168584682785877 ) ) ;
#3844 = CARTESIAN_POINT ( 'NONE',  ( 1469.358664236658569, 794.6054712874553161, -133.5189367280454746 ) ) ;
#3845 = CARTESIAN_POINT ( 'NONE',  ( 1145.123585567687087, 361.2255825237087947, 3.666127468279186452 ) ) ;
#3846 = CARTESIAN_POINT ( 'NONE',  ( 731.6774430330951873, 74.51343438848809342, 48.64509063886585238 ) ) ;
#3847 = CARTESIAN_POINT ( 'NONE',  ( 1113.096658160988909, 262.0534669153788627, -80.00151373568864699 ) ) ;
#3848 = CARTESIAN_POINT ( 'NONE',  ( 1119.903441687971281, 237.6924044108611156, -131.2899889082102050 ) ) ;
#3849 = CARTESIAN_POINT ( 'NONE',  ( 618.3652848617344944, 18.52124794452309686, -5.345926578121454220 ) ) ;
#3850 = CARTESIAN_POINT ( 'NONE',  ( 1383.261560557828489, 929.9812426402621668, 58.61193908187623691 ) ) ;
#3851 = CARTESIAN_POINT ( 'NONE',  ( 998.3330385580053417, 238.3722495336772909, 48.30720694452345043 ) ) ;
#3852 = CARTESIAN_POINT ( 'NONE',  ( 1464.591243920402349, 874.7805758456282774, -88.95625069703679344 ) ) ;
#3853 = CARTESIAN_POINT ( 'NONE',  ( 1015.773610031571252, 156.9754882564268996, -113.6231770507155261 ) ) ;
#3854 = CARTESIAN_POINT ( 'NONE',  ( 1273.392792870178937, 788.5676018425198208, 168.1472490657159540 ) ) ;
#3855 = CARTESIAN_POINT ( 'NONE',  ( 1324.053693737822641, 809.6183534670014978, 102.0508487798480246 ) ) ;
#3856 = CARTESIAN_POINT ( 'NONE',  ( 1364.814323498156455, 958.9874370470924987, 99.09887743361912271 ) ) ;
#3857 = CARTESIAN_POINT ( 'NONE',  ( 1343.776091679259252, 509.2805598867407184, -147.2479185980901946 ) ) ;
#3858 = CARTESIAN_POINT ( 'NONE',  ( 731.8679642220801043, 71.63747470266687856, 34.69133896096955993 ) ) ;
#3859 = CARTESIAN_POINT ( 'NONE',  ( 579.4621247227210006, -1.628012849751799829, -9.653883690546219754 ) ) ;
#3860 = CARTESIAN_POINT ( 'NONE',  ( 559.9999999999998863, -10.34567503322841198, -30.95954870812346016 ) ) ;
#3861 = CARTESIAN_POINT ( 'NONE',  ( 675.3421617328878028, 48.96729219949614986, 57.04323831430006919 ) ) ;
#3862 = CARTESIAN_POINT ( 'NONE',  ( 559.9999999999998863, -1.753379073437582925, -23.16753687240378312 ) ) ;
#3863 = CARTESIAN_POINT ( 'NONE',  ( 787.4909157416205971, 98.38673501263824051, 60.88884059114282365 ) ) ;
#3864 = CARTESIAN_POINT ( 'NONE',  ( 1196.584788336355132, 557.8894594861370706, 116.0227343831668492 ) ) ;
#3865 = CARTESIAN_POINT ( 'NONE',  ( 618.5441190344049573, 8.880463444549462793, 0.8715742422743407714 ) ) ;
#3866 = CARTESIAN_POINT ( 'NONE',  ( 618.7000633527433138, -0.3229176105843028499, -30.61646514699553379 ) ) ;
#3867 = CARTESIAN_POINT ( 'NONE',  ( 1296.422389351816264, 611.9484261010868522, -8.387162698560452156 ) ) ;
#3868 = CARTESIAN_POINT ( 'NONE',  ( 1351.689550879518492, 492.1264123911482216, -166.4975000314716738 ) ) ;
#3869 = CARTESIAN_POINT ( 'NONE',  ( 954.2697643940928174, 162.2627618376438932, -50.99589397549581093 ) ) ;
#3870 = CARTESIAN_POINT ( 'NONE',  ( 1205.979236096016621, 365.1540824807275385, -81.21450610234091982 ) ) ;
#3871 = CARTESIAN_POINT ( 'NONE',  ( 731.9511020219607644, 70.55654660427151725, 58.25206355399699021 ) ) ;
#3872 = CARTESIAN_POINT ( 'NONE',  ( 892.3696516336378863, 182.5241143629911278, 87.63609191094813866 ) ) ;
#3873 = CARTESIAN_POINT ( 'NONE',  ( 791.6452765366368567, 54.31440735305508127, -65.89007928201843356 ) ) ;
#3874 = CARTESIAN_POINT ( 'NONE',  ( 786.9213723831206835, 104.3938748182552274, 73.07802108520648687 ) ) ;
#3875 = CARTESIAN_POINT ( 'NONE',  ( 675.4441631126720722, 46.32078686804928935, 26.89676932603251558 ) ) ;
#3876 = CARTESIAN_POINT ( 'NONE',  ( 1340.667623428382512, 779.0160278803265328, 34.43911905051820099 ) ) ;
#3877 = CARTESIAN_POINT ( 'NONE',  ( 1424.776336497076727, 970.2303189745960026, 5.455039254772462876 ) ) ;
#3878 = CARTESIAN_POINT ( 'NONE',  ( 786.7853556607066139, 105.7715687562072020, 60.85808882741682879 ) ) ;
#3879 = CARTESIAN_POINT ( 'NONE',  ( 791.5209451130542675, 55.74459330277816349, -42.50180351516752353 ) ) ;
#3880 = CARTESIAN_POINT ( 'NONE',  ( 849.3408661076711041, 69.43719239951765587, -85.92633516153458118 ) ) ;
#3881 = CARTESIAN_POINT ( 'NONE',  ( 732.7810827739782553, 58.00774545437191421, -7.395637991673384981 ) ) ;
#3882 = CARTESIAN_POINT ( 'NONE',  ( 1280.339041190963144, 646.8533796473665234, 70.24659028784166992 ) ) ;
#3883 = CARTESIAN_POINT ( 'NONE',  ( 618.4205693288602106, 16.06644776373867600, 22.67972548284099688 ) ) ;
#3884 = CARTESIAN_POINT ( 'NONE',  ( 1015.063033384497203, 160.3056591864442453, -104.5049467261669776 ) ) ;
#3885 = CARTESIAN_POINT ( 'NONE',  ( 1467.109449820772170, 907.7128062528490773, -79.44412471872796289 ) ) ;
#3886 = CARTESIAN_POINT ( 'NONE',  ( 579.3274485513172749, 17.07494344742175230, 39.92342937152974258 ) ) ;
#3887 = CARTESIAN_POINT ( 'NONE',  ( 732.3973227411952394, 63.94147399893996919, 42.93407612037062648 ) ) ;
#3888 = CARTESIAN_POINT ( 'NONE',  ( 787.8059277502617306, 95.06092473831824918, 53.75108500852633853 ) ) ;
#3889 = CARTESIAN_POINT ( 'NONE',  ( 734.2038635018546984, 36.89339345204373188, -52.12620463253167458 ) ) ;
#3890 = CARTESIAN_POINT ( 'NONE',  ( 993.9628609670554624, 258.6857030512750271, 59.78897225854846198 ) ) ;
#3891 = CARTESIAN_POINT ( 'NONE',  ( 954.6870478255548278, 160.0777951901681320, -25.66132972237068444 ) ) ;
#3892 = CARTESIAN_POINT ( 'NONE',  ( 560.0000000000002274, -10.20988861378453372, -30.38106766515176460 ) ) ;
#3893 = CARTESIAN_POINT ( 'NONE',  ( 1035.633724950228498, 329.1748668171240979, 124.7331207784214797 ) ) ;
#3894 = CARTESIAN_POINT ( 'NONE',  ( 1441.223369099410320, 838.8384797175741596, -81.44322389382459448 ) ) ;
#3895 = CARTESIAN_POINT ( 'NONE',  ( 1333.624031213679473, 904.8264684602271473, 131.2350503176989491 ) ) ;
#3896 = CARTESIAN_POINT ( 'NONE',  ( 943.1227142704906328, 223.2300666090060588, 84.07357697926508422 ) ) ;
#3897 = CARTESIAN_POINT ( 'NONE',  ( 952.1337978916889142, 174.0362182790395025, 3.284549102660539344 ) ) ;
#3898 = CARTESIAN_POINT ( 'NONE',  ( 1427.597033653607014, 744.3970333370161825, -95.20121675951948248 ) ) ;
#3899 = CARTESIAN_POINT ( 'NONE',  ( 733.5075795356149229, 47.44090103444130335, 1.052969580627065360 ) ) ;
#3900 = CARTESIAN_POINT ( 'NONE',  ( 1475.662204524232948, 784.6968418058750103, -142.1598785234589286 ) ) ;
#3901 = CARTESIAN_POINT ( 'NONE',  ( 791.2560018800053285, 58.55290384015239624, -35.22627073049196866 ) ) ;
#3902 = CARTESIAN_POINT ( 'NONE',  ( 1227.133274034485112, 629.4254577856385140, 147.0969418902149073 ) ) ;
#3903 = CARTESIAN_POINT ( 'NONE',  ( 1300.114705414863238, 853.6819495740589900, 154.6855470882139798 ) ) ;
#3904 = CARTESIAN_POINT ( 'NONE',  ( 791.2729927182539313, 58.24111435362656408, -59.61643954916702626 ) ) ;
#3905 = CARTESIAN_POINT ( 'NONE',  ( 731.8521487401300192, 72.01985243296631722, 61.39745227635533809 ) ) ;
#3906 = CARTESIAN_POINT ( 'NONE',  ( 1043.482766300472122, 297.2936378439915757, 41.62210179999254933 ) ) ;
#3907 = CARTESIAN_POINT ( 'NONE',  ( 1006.728891292250296, 199.2010865656982048, -28.25502491079556577 ) ) ;
#3908 = CARTESIAN_POINT ( 'NONE',  ( 618.7350306639401651, -2.692577611811607152, -49.44484798920552038 ) ) ;
#3909 = CARTESIAN_POINT ( 'NONE',  ( 789.9098584740320348, 72.81220373612472940, 1.076910388843004274 ) ) ;
#3910 = CARTESIAN_POINT ( 'NONE',  ( 1256.274933484470694, 699.0170522896905823, 132.4690530319596178 ) ) ;
#3911 = CARTESIAN_POINT ( 'NONE',  ( 1431.841722406346662, 737.1506040630345069, -105.2041370045950828 ) ) ;
#3912 = CARTESIAN_POINT ( 'NONE',  ( 579.4918368449899617, -5.638073639460833952, -39.04309804334342004 ) ) ;
#3913 = CARTESIAN_POINT ( 'NONE',  ( 1001.390077230191537, 224.0174792502378125, -12.92818184303831686 ) ) ;
#3914 = CARTESIAN_POINT ( 'NONE',  ( 1285.268613799650439, 636.1641913372411636, 54.04266814254576445 ) ) ;
#3915 = CARTESIAN_POINT ( 'NONE',  ( 1411.740954417550711, 989.4809622891602885, 32.00590883742796677 ) ) ;
#3916 = CARTESIAN_POINT ( 'NONE',  ( 1120.116202871088490, 440.8641326048665405, 125.6594777045481379 ) ) ;
#3917 = CARTESIAN_POINT ( 'NONE',  ( 579.5109245229291446, -8.342294332316958716, -35.78182399368736100 ) ) ;
#3918 = CARTESIAN_POINT ( 'NONE',  ( 905.8426437857860947, 94.16334540218090865, -95.13758576338167927 ) ) ;
#3919 = CARTESIAN_POINT ( 'NONE',  ( 995.0564671324553956, 253.6535660522442583, 77.28594729025756749 ) ) ;
#3920 = CARTESIAN_POINT ( 'NONE',  ( 895.2066819375206705, 163.9644276233953804, 61.38722445961547436 ) ) ;
#3921 = CARTESIAN_POINT ( 'NONE',  ( 1255.611772866261163, 404.6430282931798388, -124.7870268178273392 ) ) ;
#3922 = CARTESIAN_POINT ( 'NONE',  ( 1390.763108196674921, 986.9273851015528862, 53.06316455707575841 ) ) ;
#3923 = CARTESIAN_POINT ( 'NONE',  ( 733.7155341802641715, 44.34422845713709194, -7.401012577813027349 ) ) ;
#3924 = CARTESIAN_POINT ( 'NONE',  ( 1261.649619186318887, 388.9963469883904281, -133.0748538049532499 ) ) ;
#3925 = CARTESIAN_POINT ( 'NONE',  ( 579.3377503027235207, 15.63323334119268182, 39.93555000937988098 ) ) ;
#3926 = CARTESIAN_POINT ( 'NONE',  ( 1287.312715129863818, 486.9656468639784634, -95.13822799931350005 ) ) ;
#3927 = CARTESIAN_POINT ( 'NONE',  ( 1419.093378821075703, 978.6229069727872911, 6.242896766569141498 ) ) ;
#3928 = CARTESIAN_POINT ( 'NONE',  ( 732.0293739243813889, 69.39635780185001579, 55.33580183784020079 ) ) ;
#3929 = CARTESIAN_POINT ( 'NONE',  ( 991.3796680620432653, 270.7604169807118524, 91.90314747875910939 ) ) ;
#3930 = CARTESIAN_POINT ( 'NONE',  ( 1145.677055228358540, 359.4623854674212566, 0.6381961413090507795 ) ) ;
#3931 = CARTESIAN_POINT ( 'NONE',  ( 848.0041220871954692, 80.38014062871930321, -50.69083643853175403 ) ) ;
#3932 = CARTESIAN_POINT ( 'NONE',  ( 961.3150568837263563, 123.8095910312014496, -105.6092840259214825 ) ) ;
#3933 = CARTESIAN_POINT ( 'NONE',  ( 1329.903883985139373, 539.3769166074952182, -91.33020098024536537 ) ) ;
#3934 = CARTESIAN_POINT ( 'NONE',  ( 901.0610575264556701, 125.4565495884215665, -51.11349046104811578 ) ) ;
#3935 = CARTESIAN_POINT ( 'NONE',  ( 1390.513877963998539, 1020.829094236909555, 75.72369346583232641 ) ) ;
#3936 = CARTESIAN_POINT ( 'NONE',  ( 1275.313071912950591, 784.7337689429334660, 161.0040638705818310 ) ) ;
#3937 = CARTESIAN_POINT ( 'NONE',  ( 618.6061669664535430, 4.631600334332428126, -38.58160112310302026 ) ) ;
#3938 = CARTESIAN_POINT ( 'NONE',  ( 731.7474279370032946, 73.56901552306923975, 63.92262766067967306 ) ) ;
#3939 = CARTESIAN_POINT ( 'NONE',  ( 579.3344042026965326, 16.18489613112918946, 23.20681194397352343 ) ) ;
#3940 = CARTESIAN_POINT ( 'NONE',  ( 579.4672862592951788, -2.340158368570526726, -12.26156770718180056 ) ) ;
#3941 = CARTESIAN_POINT ( 'NONE',  ( 792.4656726348724760, 45.67163041148690183, -76.60316690208419743 ) ) ;
#3942 = CARTESIAN_POINT ( 'NONE',  ( 1426.250299371024767, 968.0535716132842481, 2.462142208358260920 ) ) ;
#3943 = CARTESIAN_POINT ( 'NONE',  ( 943.0314222611601735, 223.7308499145038070, 85.78891890445390800 ) ) ;
#3944 = CARTESIAN_POINT ( 'NONE',  ( 618.7072485784246965, -0.7520653134136254803, -32.20113465160574862 ) ) ;
#3945 = CARTESIAN_POINT ( 'NONE',  ( 1286.491680215962106, 633.4825198854275641, 23.89684695153551885 ) ) ;
#3946 = CARTESIAN_POINT ( 'NONE',  ( 1118.689214558409049, 242.0286754891806140, -126.2750172042105561 ) ) ;
#3947 = CARTESIAN_POINT ( 'NONE',  ( 843.3712132747907617, 117.9200257868220945, 1.249666133791118350 ) ) ;
#3948 = CARTESIAN_POINT ( 'NONE',  ( 1289.109120480652109, 627.8365064321916407, 41.44947857552503478 ) ) ;
#3949 = CARTESIAN_POINT ( 'NONE',  ( 676.4692984306685730, 21.83923776793032445, -39.91642412888293023 ) ) ;
#3950 = CARTESIAN_POINT ( 'NONE',  ( 843.8716740915471064, 114.0053446600862657, 28.23030745484760118 ) ) ;
#3951 = CARTESIAN_POINT ( 'NONE',  ( 1375.415516089960192, 1010.240412870460091, 90.01858608396474892 ) ) ;
#3952 = CARTESIAN_POINT ( 'NONE',  ( 1421.471222552818517, 630.2829111972042710, -153.9276514984541677 ) ) ;
#3953 = CARTESIAN_POINT ( 'NONE',  ( 1454.579751902015687, 698.3330694797871274, -159.8067619728479087 ) ) ;
#3954 = CARTESIAN_POINT ( 'NONE',  ( 1044.035132410616143, 295.1260174276026760, 67.98136981498697651 ) ) ;
#3955 = CARTESIAN_POINT ( 'NONE',  ( 1393.573976011876312, 982.6573097262523788, 59.03071543954609268 ) ) ;
#3956 = CARTESIAN_POINT ( 'NONE',  ( 791.4040746103961510, 56.85732693693061890, -61.89782438702257394 ) ) ;
#3957 = CARTESIAN_POINT ( 'NONE',  ( 1205.275311803924978, 535.3176702350269807, 73.81675025021593228 ) ) ;
#3958 = CARTESIAN_POINT ( 'NONE',  ( 733.8192278838673701, 42.79975369729307744, -11.62966198429909603 ) ) ;
#3959 = CARTESIAN_POINT ( 'NONE',  ( 1306.521461270759119, 441.5311951382579423, -143.1913786203914469 ) ) ;
#3960 = CARTESIAN_POINT ( 'NONE',  ( 1385.811975319983503, 1027.772860836740392, 82.70202675862212516 ) ) ;
#3961 = CARTESIAN_POINT ( 'NONE',  ( 1138.210576374279299, 383.1907309641272263, 10.97762342683646253 ) ) ;
#3962 = CARTESIAN_POINT ( 'NONE',  ( 1288.327545460172360, 758.7699827725347177, 133.5938107104503842 ) ) ;
#3963 = CARTESIAN_POINT ( 'NONE',  ( 559.9999999999998863, 11.48119008403529229, 29.86560250115164905 ) ) ;
#3964 = CARTESIAN_POINT ( 'NONE',  ( 560.0000000000000000, 6.078214894803550372, -1.609540689475119857 ) ) ;
#3965 = CARTESIAN_POINT ( 'NONE',  ( 1253.570842564116219, 409.9716444898442091, -100.4559053973331260 ) ) ;
#3966 = CARTESIAN_POINT ( 'NONE',  ( 560.0000000000000000, -2.397208077941070048, 0.6746880535233861220 ) ) ;
#3967 = CARTESIAN_POINT ( 'NONE',  ( 1197.974299890408474, 554.3073367767642594, 129.2135764770428921 ) ) ;
#3968 = CARTESIAN_POINT ( 'NONE',  ( 1377.608436041913819, 1006.909055176306197, 93.28689018479207107 ) ) ;
#3969 = CARTESIAN_POINT ( 'NONE',  ( 1035.805190693671648, 328.4680599912427397, 117.3570820690162861 ) ) ;
#3970 = CARTESIAN_POINT ( 'NONE',  ( 1458.596801222865224, 920.2842798637321948, -68.06755438815363846 ) ) ;
#3971 = CARTESIAN_POINT ( 'NONE',  ( 618.2713052517109418, 24.61571782486230475, 44.69669163063420569 ) ) ;
#3972 = CARTESIAN_POINT ( 'NONE',  ( 1372.481956964838673, 946.9230115049037977, 65.25911620474930430 ) ) ;
#3973 = CARTESIAN_POINT ( 'NONE',  ( 1370.471604136064343, 724.1669702637753971, -21.44920909638967643 ) ) ;
#3974 = CARTESIAN_POINT ( 'NONE',  ( 1069.161465007814058, 193.2122840376662225, -125.8039478746442938 ) ) ;
#3975 = CARTESIAN_POINT ( 'NONE',  ( 1464.207095907453095, 911.9990005214222037, -77.38581426742167935 ) ) ;
#3976 = CARTESIAN_POINT ( 'NONE',  ( 1266.810390234801844, 535.5203282761134460, 0.1496568036213788144 ) ) ;
#3977 = CARTESIAN_POINT ( 'NONE',  ( 1306.296346064436420, 842.2986838240619818, 134.3874370751868810 ) ) ;
#3978 = CARTESIAN_POINT ( 'NONE',  ( 1256.040074172782397, 403.5607015016113905, -110.4431271059016524 ) ) ;
#3979 = CARTESIAN_POINT ( 'NONE',  ( 1317.002170449208506, 701.5245279445883853, 24.07893887725006010 ) ) ;
#3980 = CARTESIAN_POINT ( 'NONE',  ( 1308.806487409579404, 436.1089649006037803, -159.0912955448018806 ) ) ;
#3981 = CARTESIAN_POINT ( 'NONE',  ( 1378.223285124981885, 828.6709991039227816, 2.030144379048498315 ) ) ;
#3982 = CARTESIAN_POINT ( 'NONE',  ( 1138.209462952194372, 383.2514052739905424, 41.52497972353097566 ) ) ;
#3983 = CARTESIAN_POINT ( 'NONE',  ( 618.4485829593619428, 14.44587470715221222, 18.03260058389530585 ) ) ;
#3984 = CARTESIAN_POINT ( 'NONE',  ( 1326.760699414030341, 916.5366206395149220, 136.1013498988460526 ) ) ;
#3985 = CARTESIAN_POINT ( 'NONE',  ( 579.5121951614995623, -8.502571583767746688, -39.39384756069926397 ) ) ;
#3986 = CARTESIAN_POINT ( 'NONE',  ( 849.4990649757413621, 68.16292626920910891, -86.20089399497281590 ) ) ;
#3987 = CARTESIAN_POINT ( 'NONE',  ( 788.2079522591573095, 90.81421586139411772, 44.26948103325950967 ) ) ;
#3988 = CARTESIAN_POINT ( 'NONE',  ( 1241.092867737828101, 596.3876225787970498, 94.78865296568721988 ) ) ;
#3989 = CARTESIAN_POINT ( 'NONE',  ( 1113.347105302463660, 261.1083854194120022, -101.2023778884227028 ) ) ;
#3990 = CARTESIAN_POINT ( 'NONE',  ( 1125.038747612703901, 425.1663873090608945, 90.00053497803689595 ) ) ;
#3991 = CARTESIAN_POINT ( 'NONE',  ( 1420.379657538796209, 632.2925349858119262, -151.1070757600550110 ) ) ;
#3992 = CARTESIAN_POINT ( 'NONE',  ( 991.1421022822418081, 271.9034770272487549, 110.3532779236303156 ) ) ;
#3993 = CARTESIAN_POINT ( 'NONE',  ( 1199.865777667557722, 549.3973353139053870, 121.5291944903593304 ) ) ;
#3994 = CARTESIAN_POINT ( 'NONE',  ( 892.7798158964249069, 179.8149510300269185, 76.25908641775971830 ) ) ;
#3995 = COORDINATED_UNIVERSAL_TIME_OFFSET ( 5, 30, .AHEAD. ) ;
#3996 = CARTESIAN_POINT ( 'NONE',  ( 1362.380288310138894, 739.0623244081642724, -0.002137438370221778766 ) ) ;
#3997 = CARTESIAN_POINT ( 'NONE',  ( 618.3125465922544208, 22.26612309981810967, 38.77108451541223388 ) ) ;
#3998 = CARTESIAN_POINT ( 'NONE',  ( 560.0000000000002274, 7.784217884308175073, 30.99636253055115276 ) ) ;
#3999 = CARTESIAN_POINT ( 'NONE',  ( 1387.313358202168502, 1025.555619626069529, 76.33753715952278185 ) ) ;
#4000 = CARTESIAN_POINT ( 'NONE',  ( 903.5123450095134103, 109.4006841480827745, -77.74407609979020606 ) ) ;
#4001 = CARTESIAN_POINT ( 'NONE',  ( 1226.440325940241109, 631.0653330988161542, 149.7325806121648100 ) ) ;
#4002 = CARTESIAN_POINT ( 'NONE',  ( 1319.271440968122533, 818.4080367081019176, 94.77925692476874531 ) ) ;
#4003 = CARTESIAN_POINT ( 'NONE',  ( 954.6870478255548278, 160.0777951901681320, -25.66132972237068444 ) ) ;
#4004 = CARTESIAN_POINT ( 'NONE',  ( 1427.210044321044279, 619.7162671172814044, -170.3054217962541088 ) ) ;
#4005 = CARTESIAN_POINT ( 'NONE',  ( 848.5492109154915852, 75.85843833080893717, -77.93563262830568306 ) ) ;
#4006 = CARTESIAN_POINT ( 'NONE',  ( 1399.608838652434315, 1007.397662530123284, 56.68218410276543295 ) ) ;
#4007 = CARTESIAN_POINT ( 'NONE',  ( 579.3284121331157621, 16.98090387882532326, 31.99286472180991936 ) ) ;
#4008 = CARTESIAN_POINT ( 'NONE',  ( 1064.989699320429736, 210.1533079569422284, -89.99607778184693530 ) ) ;
#4009 = CARTESIAN_POINT ( 'NONE',  ( 997.4178534158947969, 242.5528180333565444, 23.59076416929369557 ) ) ;
#4010 = CARTESIAN_POINT ( 'NONE',  ( 560.0000000000002274, -8.131382970931223753, -34.99513877724101718 ) ) ;
#4011 = CARTESIAN_POINT ( 'NONE',  ( 942.1699279567172880, 228.4663100202793942, 105.5830379084693931 ) ) ;
#4012 = CARTESIAN_POINT ( 'NONE',  ( 1261.734714357726489, 547.4974125398084652, -8.167168595249936658 ) ) ;
#4013 = CARTESIAN_POINT ( 'NONE',  ( 560.0000000000000000, 0.6775830779543785543, 11.10309603510661525 ) ) ;
#4014 = CARTESIAN_POINT ( 'NONE',  ( 1093.741774929649182, 331.2329506467940519, 43.27830098570986905 ) ) ;
#4015 = CARTESIAN_POINT ( 'NONE',  ( 840.3872607057707000, 142.2741912630873173, 76.96357276120409097 ) ) ;
#4016 = CARTESIAN_POINT ( 'NONE',  ( 1170.361613660795001, 280.8178736215489266, -132.8711354051711453 ) ) ;
#4017 = CARTESIAN_POINT ( 'NONE',  ( 618.7478869653791662, -3.390688475404474822, -49.20297247332913315 ) ) ;
#4018 = CARTESIAN_POINT ( 'NONE',  ( 842.6701434176944758, 123.7709210135999314, 49.77974133063079876 ) ) ;
#4019 = CARTESIAN_POINT ( 'NONE',  ( 1012.305335474503067, 173.1771489727661617, -79.33750679237326153 ) ) ;
#4020 = CARTESIAN_POINT ( 'NONE',  ( 895.6531290558921228, 161.0386362399233633, 55.39759080052865414 ) ) ;
#4021 = CARTESIAN_POINT ( 'NONE',  ( 1298.414525083208218, 460.6961084896817056, -129.7557810448173825 ) ) ;
#4022 = CARTESIAN_POINT ( 'NONE',  ( 579.3310327606887995, 16.63838083750957608, 27.23384858009949738 ) ) ;
#4023 = CARTESIAN_POINT ( 'NONE',  ( 618.7559454766931140, -3.677235118463952457, -43.22965921546595780 ) ) ;
#4024 = CARTESIAN_POINT ( 'NONE',  ( 841.7355432706665397, 131.3620776067785698, 65.82697055489850868 ) ) ;
#4025 = CARTESIAN_POINT ( 'NONE',  ( 1159.501636822385080, 498.2977297220902528, 120.9359166308496611 ) ) ;
#4026 = PERSON_AND_ORGANIZATION_ROLE ( 'design_owner' ) ;
#4027 = CARTESIAN_POINT ( 'NONE',  ( 579.3599920599829147, 12.53186199998685879, 33.36198318071142666 ) ) ;
#4028 = CARTESIAN_POINT ( 'NONE',  ( 1082.603767681009685, 371.0323454740279203, 113.2041441521779035 ) ) ;
#4029 = CARTESIAN_POINT ( 'NONE',  ( 1078.164786960285937, 386.8816564428180982, 131.7882850195382218 ) ) ;
#4030 = CARTESIAN_POINT ( 'NONE',  ( 1432.734227341694350, 735.6176434903223935, -119.6182418030120260 ) ) ;
#4031 = CARTESIAN_POINT ( 'NONE',  ( 1255.267644968584364, 701.2169269331510577, 153.7092599602078167 ) ) ;
#4032 = CARTESIAN_POINT ( 'NONE',  ( 1296.107008174883276, 743.2260303570352562, 88.75623977288520905 ) ) ;
#4033 = CARTESIAN_POINT ( 'NONE',  ( 560.0000000000009095, -4.322431744659089858, -6.313231195474417135 ) ) ;
#4034 = CARTESIAN_POINT ( 'NONE',  ( 1427.139210216361334, 619.8460313531744532, -170.6537582456011535 ) ) ;
#4035 = CARTESIAN_POINT ( 'NONE',  ( 1003.066410455579103, 216.1977380093180159, -27.31417954668773973 ) ) ;
#4036 = CARTESIAN_POINT ( 'NONE',  ( 1262.615825182164372, 386.4673268137329387, -147.2833411044177865 ) ) ;
#4037 = CARTESIAN_POINT ( 'NONE',  ( 1333.616601000086348, 668.3938431808415999, 0.001971757737556645296 ) ) ;
#4038 = CARTESIAN_POINT ( 'NONE',  ( 840.5177598636932998, 141.1999721688916054, 71.27777401114100542 ) ) ;
#4039 = CARTESIAN_POINT ( 'NONE',  ( 1012.703285259824725, 171.3199151839239960, -82.95436228820943825 ) ) ;
#4040 = CARTESIAN_POINT ( 'NONE',  ( 1465.137008073892503, 910.6257068718208529, -78.83266414647012255 ) ) ;
#4041 = CARTESIAN_POINT ( 'NONE',  ( 1078.123408125961305, 387.0342802750325859, 134.5011858738634771 ) ) ;
#4042 = CARTESIAN_POINT ( 'NONE',  ( 1048.523141197237464, 276.8495132490770061, 1.676364002154677735 ) ) ;
#4043 = CARTESIAN_POINT ( 'NONE',  ( 844.2159397798346845, 111.2062828550210867, 21.92040581138647326 ) ) ;
#4044 = CARTESIAN_POINT ( 'NONE',  ( 1281.981272371132036, 643.2923981967250029, 64.84340055345498399 ) ) ;
#4045 = CARTESIAN_POINT ( 'NONE',  ( 1279.111191245555119, 777.1514007447009362, 147.3614520784030333 ) ) ;
#4046 = CARTESIAN_POINT ( 'NONE',  ( 734.9916641926902230, 25.29611629380422499, -62.84251279369065912 ) ) ;
#4047 = CARTESIAN_POINT ( 'NONE',  ( 559.9999999999998863, -10.05371999771550229, -36.54835439956207921 ) ) ;
#4048 = CARTESIAN_POINT ( 'NONE',  ( 1445.494000291149405, 939.6344872929730627, -44.73819581578783300 ) ) ;
#4049 = CARTESIAN_POINT ( 'NONE',  ( 579.3898127555692099, 8.383442323981279642, 22.60729089325327479 ) ) ;
#4050 = CARTESIAN_POINT ( 'NONE',  ( 1063.941982872205017, 214.4026382890257025, -82.15940806727815016 ) ) ;
#4051 = CARTESIAN_POINT ( 'NONE',  ( 1270.468723444994566, 668.2557028641761008, 102.6392207820747444 ) ) ;
#4052 = CARTESIAN_POINT ( 'NONE',  ( 1039.390820202624809, 313.9008501928532269, 78.50234051235608490 ) ) ;
#4053 = CARTESIAN_POINT ( 'NONE',  ( 1118.794970132858452, 241.6838803971909897, -115.7538929195484911 ) ) ;
#4054 = CARTESIAN_POINT ( 'NONE',  ( 1232.514302863140529, 616.6901208089175270, 126.3299759580913957 ) ) ;
#4055 = CARTESIAN_POINT ( 'NONE',  ( 1390.855036667289596, 1020.325271297883660, 67.65454960857965716 ) ) ;
#4056 = APPROVAL_STATUS ( 'not_yet_approved' ) ;
#4057 = CARTESIAN_POINT ( 'NONE',  ( 1040.009102967171202, 311.4452338854674167, 97.45274931356090065 ) ) ;
#4058 = CARTESIAN_POINT ( 'NONE',  ( 1229.595383305381574, 623.5981414077024283, 136.9602227016953293 ) ) ;
#4059 = CARTESIAN_POINT ( 'NONE',  ( 1272.976561443095306, 789.3989839956645937, 170.2052702604685805 ) ) ;
#4060 = CARTESIAN_POINT ( 'NONE',  ( 1332.977227426195896, 532.6910937681908536, -118.0969377016350279 ) ) ;
#4061 = CARTESIAN_POINT ( 'NONE',  ( 1280.386032419886533, 774.6178536538632216, 158.0216282383017301 ) ) ;
#4062 = CARTESIAN_POINT ( 'NONE',  ( 1086.385812469945904, 357.4623792117713492, 62.23081684109255463 ) ) ;
#4063 = CARTESIAN_POINT ( 'NONE',  ( 847.0207994451203604, 88.38532951472549826, -31.59037728377752430 ) ) ;
#4064 = CARTESIAN_POINT ( 'NONE',  ( 559.9999999999998863, -9.367648390352524501, -36.49536829936221238 ) ) ;
#4065 = CARTESIAN_POINT ( 'NONE',  ( 1421.825171251006850, 869.3374531299215278, -42.49805882630869291 ) ) ;
#4066 = CARTESIAN_POINT ( 'NONE',  ( 733.6120057872552707, 45.88610801968034991, -3.171691443145757905 ) ) ;
#4067 = CARTESIAN_POINT ( 'NONE',  ( 1254.888376757871811, 702.0249425890611974, 138.0970327197975109 ) ) ;
#4068 = CARTESIAN_POINT ( 'NONE',  ( 734.7726727024419233, 28.57854438189386315, -51.98455670817702412 ) ) ;
#4069 = CARTESIAN_POINT ( 'NONE',  ( 949.7986245676123644, 186.6935203086073614, -5.227718829051185345 ) ) ;
#4070 = CARTESIAN_POINT ( 'NONE',  ( 1417.984773190634769, 636.6930075965375408, -153.8980948188736022 ) ) ;
#4071 = CARTESIAN_POINT ( 'NONE',  ( 786.5938563090019215, 107.8459384838721320, 76.10006550623867838 ) ) ;
#4072 = CARTESIAN_POINT ( 'NONE',  ( 896.5915501092346176, 154.7608742697821356, 7.371390368219353562 ) ) ;
#4073 = CARTESIAN_POINT ( 'NONE',  ( 579.4293496251929128, 2.901848292814747765, 5.917576673520088981 ) ) ;
#4074 = CARTESIAN_POINT ( 'NONE',  ( 1409.633421960044188, 958.2627855397290659, 25.22685750676115291 ) ) ;
#4075 = CARTESIAN_POINT ( 'NONE',  ( 1346.820786929430824, 987.2769205963180639, 129.3998077226556518 ) ) ;
#4076 = CARTESIAN_POINT ( 'NONE',  ( 1430.942042630343849, 961.1248083858114342, -7.069564872007298106 ) ) ;
#4077 = CARTESIAN_POINT ( 'NONE',  ( 1468.928802740765605, 868.1915330158709594, -97.91701436485593035 ) ) ;
#4078 = CARTESIAN_POINT ( 'NONE',  ( 559.9999999999996589, -10.19809525521036697, -36.42658688257461108 ) ) ;
#4079 = CARTESIAN_POINT ( 'NONE',  ( 1285.238462436586360, 491.8740737085927890, -88.44246337295427907 ) ) ;
#4080 = CARTESIAN_POINT ( 'NONE',  ( 1406.524808520573742, 997.1841629722558764, 42.62671005039997851 ) ) ;
#4081 = CARTESIAN_POINT ( 'NONE',  ( 579.3831231323811153, 9.313601991001855041, 25.14480080626021419 ) ) ;
#4082 = CARTESIAN_POINT ( 'NONE',  ( 731.7900841576341691, 72.80935383163455299, 39.80799343849336935 ) ) ;
#4083 = CARTESIAN_POINT ( 'NONE',  ( 1385.864596262778150, 564.1316299024063028, -150.7856364339163520 ) ) ;
#4084 = CARTESIAN_POINT ( 'NONE',  ( 1084.651092089897929, 363.7174177445525061, 100.4582080479238471 ) ) ;
#4085 = CARTESIAN_POINT ( 'NONE',  ( 1193.555564963638290, 565.7590778731624823, 132.0039993148833446 ) ) ;
#4086 = PERSON_AND_ORGANIZATION_ROLE ( 'creator' ) ;
#4087 = CARTESIAN_POINT ( 'NONE',  ( 732.1221673492724449, 68.02074420989731607, 52.23422842725093318 ) ) ;
#4088 = CARTESIAN_POINT ( 'NONE',  ( 560.0000000000004547, 7.589279883430211093, 30.46202779331926180 ) ) ;
#4089 = CARTESIAN_POINT ( 'NONE',  ( 1035.375457375750557, 330.2152677532155849, 122.5541909460739305 ) ) ;
#4090 = CARTESIAN_POINT ( 'NONE',  ( 846.9186590756517035, 89.08882088130948773, -57.02898376809867642 ) ) ;
#4091 = CARTESIAN_POINT ( 'NONE',  ( 1193.990955660223790, 564.6479041147567841, 146.6529568077718864 ) ) ;
#4092 = CARTESIAN_POINT ( 'NONE',  ( 1398.711375041251586, 1008.723036175579864, 49.46132228027435218 ) ) ;
#4093 = CARTESIAN_POINT ( 'NONE',  ( 847.2564716939616574, 86.46700081940790028, -36.13756579910774747 ) ) ;
#4094 = CARTESIAN_POINT ( 'NONE',  ( 1220.625021645983225, 323.1760680291042149, -152.9715405427311055 ) ) ;
#4095 = CARTESIAN_POINT ( 'NONE',  ( 789.2575953056009439, 79.52775668335010550, -18.00311327829658481 ) ) ;
#4096 = CARTESIAN_POINT ( 'NONE',  ( 1111.800180084488602, 266.6341038155557044, -93.29339051124520665 ) ) ;
#4097 = CARTESIAN_POINT ( 'NONE',  ( 1147.336290166469325, 354.1764908210270733, -8.448108868220828072 ) ) ;
#4098 = CARTESIAN_POINT ( 'NONE',  ( 1080.343677613175032, 379.0801061526969420, 111.3169757321787898 ) ) ;
#4099 = CARTESIAN_POINT ( 'NONE',  ( 1380.408976834832856, 575.0187766392701860, -135.4345396804142752 ) ) ;
#4100 = CARTESIAN_POINT ( 'NONE',  ( 1048.523141197237464, 276.8495132490770061, 1.676364002154677735 ) ) ;
#4101 = CARTESIAN_POINT ( 'NONE',  ( 1464.499777567601768, 874.9195292075748966, -93.81127832888512330 ) ) ;
#4102 = CARTESIAN_POINT ( 'NONE',  ( 990.0530835043052775, 276.9774264378283419, 115.3981741865848818 ) ) ;
#4103 = CARTESIAN_POINT ( 'NONE',  ( 559.9999999999996589, 8.560394579924537339, 7.730082986598798556 ) ) ;
#4104 = CARTESIAN_POINT ( 'NONE',  ( 1184.577877126571366, 426.4758860163032637, 19.63205309078773908 ) ) ;
#4105 = CARTESIAN_POINT ( 'NONE',  ( 1255.861600923785772, 561.4339788997185678, 40.46869372345736338 ) ) ;
#4106 = CARTESIAN_POINT ( 'NONE',  ( 731.5705392027127800, 76.15512490118170774, 60.98020850442616592 ) ) ;
#4107 = CARTESIAN_POINT ( 'NONE',  ( 1469.160100497936355, 904.6844067392780744, -84.32661156052519402 ) ) ;
#4108 = CARTESIAN_POINT ( 'NONE',  ( 559.9999999999998863, -10.35637659902907259, -36.21335495671413440 ) ) ;
#4109 = CARTESIAN_POINT ( 'NONE',  ( 734.9106549968007585, 26.44203400550048144, -66.83698582335659921 ) ) ;
#4110 = CARTESIAN_POINT ( 'NONE',  ( 1055.074601891560405, 250.2871979438241965, -45.10230398671647833 ) ) ;
#4111 = CARTESIAN_POINT ( 'NONE',  ( 843.1270460055276317, 120.0582995619921149, 41.72257682423627045 ) ) ;
#4112 = SECURITY_CLASSIFICATION ( '', '', #2600 ) ;
#4113 = CARTESIAN_POINT ( 'NONE',  ( 1273.760782401723873, 661.1173964178334472, 91.83887832593458711 ) ) ;
#4114 = CARTESIAN_POINT ( 'NONE',  ( 1362.745211173988992, 962.2340364827224448, 88.57141741233250798 ) ) ;
#4115 = CARTESIAN_POINT ( 'NONE',  ( 1169.889439372828974, 282.3240164126714831, -130.1385628650348281 ) ) ;
#4116 = CARTESIAN_POINT ( 'NONE',  ( 842.0525812463367856, 128.7875302500023622, 60.47935195593095159 ) ) ;
#4117 = CARTESIAN_POINT ( 'NONE',  ( 943.0314222611601735, 223.7308499145038070, 85.78891890445390800 ) ) ;
#4118 = CARTESIAN_POINT ( 'NONE',  ( 560.0000000000000000, -4.242892324464183851, -6.021731584628440714 ) ) ;
#4119 = CARTESIAN_POINT ( 'NONE',  ( 618.3311303700006647, 21.20453405942875591, 36.20709304981483712 ) ) ;
#4120 = CARTESIAN_POINT ( 'NONE',  ( 1333.624031213679473, 904.8264684602271473, 131.2350503176989491 ) ) ;
#4121 = CARTESIAN_POINT ( 'NONE',  ( 1344.301395094172221, 991.2390778574692831, 135.7744385372122338 ) ) ;
#4122 = CARTESIAN_POINT ( 'NONE',  ( 1062.176395519807102, 221.5043459606338274, -90.44306467212472000 ) ) ;
#4123 = CARTESIAN_POINT ( 'NONE',  ( 1391.718006689731737, 1019.050837760617128, 73.09792063507906335 ) ) ;
#4124 = CARTESIAN_POINT ( 'NONE',  ( 787.0431587306826486, 103.0126071524419729, 48.08211391098222265 ) ) ;
#4125 = CARTESIAN_POINT ( 'NONE',  ( 618.6399598702544154, 3.243049588715161136, -17.98601509809437715 ) ) ;
#4126 = CARTESIAN_POINT ( 'NONE',  ( 1391.327579579828580, 553.2230923019372995, -170.7961079834963414 ) ) ;
#4127 = CARTESIAN_POINT ( 'NONE',  ( 675.8582164438819291, 36.37693361259937319, -6.318557825772036729 ) ) ;
#4128 = CARTESIAN_POINT ( 'NONE',  ( 1009.330330093330758, 186.9879305104726086, -76.56779586209543709 ) ) ;
#4129 = CARTESIAN_POINT ( 'NONE',  ( 1231.494761074759481, 467.2860271876085108, -9.824028782560111139 ) ) ;
#4130 = CARTESIAN_POINT ( 'NONE',  ( 892.6151800372903153, 180.9021295352821426, 80.79133290281211544 ) ) ;
#4131 = CARTESIAN_POINT ( 'NONE',  ( 1438.141221367428443, 726.3982672450343898, -119.9819406861757329 ) ) ;
#4132 = CARTESIAN_POINT ( 'NONE',  ( 1097.994545981620831, 315.9622729010910689, -15.10639267891365378 ) ) ;
#4133 = CARTESIAN_POINT ( 'NONE',  ( 1347.732660998990696, 500.7037984175935890, -157.2539228455630393 ) ) ;
#4134 = CARTESIAN_POINT ( 'NONE',  ( 1118.002870308951287, 447.6065263305529243, 143.1798659533025386 ) ) ;
#4135 = CARTESIAN_POINT ( 'NONE',  ( 618.2717249771310435, 24.02513998797531514, 13.54692530499947800 ) ) ;
#4136 = CARTESIAN_POINT ( 'NONE',  ( 1418.435296216580582, 944.8925837642880197, 6.681195109458320402 ) ) ;
#4137 = CARTESIAN_POINT ( 'NONE',  ( 579.4189370516777444, 4.343029589381465883, 10.65868045099782080 ) ) ;
#4138 = CARTESIAN_POINT ( 'NONE',  ( 840.2870716180342470, 143.0967960985178422, 80.67396051718687033 ) ) ;
#4139 = CARTESIAN_POINT ( 'NONE',  ( 560.0000000000000000, 10.38907916076797022, 17.25091289012384266 ) ) ;
#4140 = CARTESIAN_POINT ( 'NONE',  ( 792.5419307948709502, 44.88629223290787706, -74.94086799385469533 ) ) ;
#4141 = CARTESIAN_POINT ( 'NONE',  ( 905.7062899083590537, 95.04401997975610072, -96.17987798203473915 ) ) ;
#4142 = CARTESIAN_POINT ( 'NONE',  ( 1192.549861237229379, 403.5865443589309507, -45.35435870496370114 ) ) ;
#4143 = CARTESIAN_POINT ( 'NONE',  ( 948.4608320403667676, 194.1107429547764411, 44.37177816958563170 ) ) ;
#4144 = CARTESIAN_POINT ( 'NONE',  ( 1012.703285259824725, 171.3199151839239960, -82.95436228820943825 ) ) ;
#4145 = CARTESIAN_POINT ( 'NONE',  ( 1396.681491746415759, 977.9369517511677259, 52.49113276862829736 ) ) ;
#4146 = CARTESIAN_POINT ( 'NONE',  ( 579.5130310163652894, -8.632763489748953134, -37.06833213558343942 ) ) ;
#4147 = CARTESIAN_POINT ( 'NONE',  ( 732.3376586680222999, 64.82643072643354287, 45.00020819551679097 ) ) ;
#4148 = CARTESIAN_POINT ( 'NONE',  ( 1080.129992318620907, 379.8452235755362949, 113.3963743009314982 ) ) ;
#4149 = CARTESIAN_POINT ( 'NONE',  ( 1147.336290166469325, 354.1764908210270733, -8.448108868220828072 ) ) ;
#4150 = CARTESIAN_POINT ( 'NONE',  ( 841.8165984207183783, 130.7038955319881097, 64.47847862739772040 ) ) ;
#4151 = CARTESIAN_POINT ( 'NONE',  ( 1419.224818631940707, 634.4105901399791492, -156.4146510945621458 ) ) ;
#4152 = CARTESIAN_POINT ( 'NONE',  ( 732.0879217917572532, 68.34069134585392646, 22.36397403396458117 ) ) ;
#4153 = CARTESIAN_POINT ( 'NONE',  ( 579.3274485513172749, 17.07494344742175230, 39.92342937152974258 ) ) ;
#4154 = CARTESIAN_POINT ( 'NONE',  ( 1159.396699977531398, 315.7104659869929151, -95.31843894307282028 ) ) ;
#4155 = CARTESIAN_POINT ( 'NONE',  ( 731.9764715169866349, 70.18092885783438817, 57.29057851986349448 ) ) ;
#4156 = CARTESIAN_POINT ( 'NONE',  ( 893.4900601896879380, 175.1354642238075883, 60.18542112353197382 ) ) ;
#4157 = CARTESIAN_POINT ( 'NONE',  ( 618.6528629655407485, 2.480462168980410276, -20.61257764534344616 ) ) ;
#4158 = CARTESIAN_POINT ( 'NONE',  ( 1392.230183545608952, 551.4230211127915027, -172.3947795186068106 ) ) ;
#4159 = CARTESIAN_POINT ( 'NONE',  ( 897.8684761420045106, 146.3842702063132606, -10.75751123134763176 ) ) ;
#4160 = CARTESIAN_POINT ( 'NONE',  ( 1245.762318272153152, 430.2441743667289984, -68.62931096990388369 ) ) ;
#4161 = CARTESIAN_POINT ( 'NONE',  ( 1060.342313356987006, 228.9366705711213967, -79.28076822159526671 ) ) ;
#4162 = CARTESIAN_POINT ( 'NONE',  ( 731.6046694262507799, 75.62582583152135385, 56.30177247673528740 ) ) ;
#4163 = CARTESIAN_POINT ( 'NONE',  ( 1186.210730331490822, 421.7480864438521735, -16.99162157450944122 ) ) ;
#4164 = CARTESIAN_POINT ( 'NONE',  ( 1066.294284245446761, 204.8215889310102114, -113.5061264069223341 ) ) ;
#4165 = CARTESIAN_POINT ( 'NONE',  ( 579.3377503027235207, 15.63323334119268182, 39.93555000937988098 ) ) ;
#4166 = CARTESIAN_POINT ( 'NONE',  ( 675.6514292631977696, 41.32473856946027979, 8.286007965797411501 ) ) ;
#4167 = CARTESIAN_POINT ( 'NONE',  ( 950.5552084905376660, 182.6649738619694006, 21.07878934911606095 ) ) ;
#4168 = CARTESIAN_POINT ( 'NONE',  ( 1148.995882337277180, 348.8893874020720318, -17.53315735708034140 ) ) ;
#4169 = CARTESIAN_POINT ( 'NONE',  ( 1179.516636331682093, 440.9774272165058733, 43.71022963833930675 ) ) ;
#4170 = CARTESIAN_POINT ( 'NONE',  ( 1035.805190693671648, 328.4680599912427397, 117.3570820690162861 ) ) ;
#4171 = CARTESIAN_POINT ( 'NONE',  ( 560.0000000000000000, 7.778588104702069295, 4.589964376596476825 ) ) ;
#4172 = CARTESIAN_POINT ( 'NONE',  ( 905.8371851949823395, 94.20435369824721761, -94.11979914982366324 ) ) ;
#4173 = CARTESIAN_POINT ( 'NONE',  ( 1267.818282737394611, 372.9711848293388812, -160.6923083082034509 ) ) ;
#4174 = CARTESIAN_POINT ( 'NONE',  ( 1430.618909185364146, 926.3856614164710663, -30.94351017207291932 ) ) ;
#4175 = CARTESIAN_POINT ( 'NONE',  ( 997.9273366703373540, 240.2645628053041662, 51.93822274312950782 ) ) ;
#4176 = CARTESIAN_POINT ( 'NONE',  ( 1013.102442401859776, 169.4567726748051939, -86.61446954585431968 ) ) ;
#4177 = CARTESIAN_POINT ( 'NONE',  ( 1375.055405880390708, 942.8844377284375469, 76.60496160700274970 ) ) ;
#4178 = CARTESIAN_POINT ( 'NONE',  ( 961.1037074928103721, 124.9809182839978661, -99.76456973229321079 ) ) ;
#4179 = CARTESIAN_POINT ( 'NONE',  ( 1338.921226237639985, 895.7829775433951909, 118.4982687694716645 ) ) ;
#4180 = CARTESIAN_POINT ( 'NONE',  ( 1003.808454857918491, 212.8280284118722534, -1.491706687260772712 ) ) ;
#4181 = CARTESIAN_POINT ( 'NONE',  ( 1313.988348142376708, 828.1477998591976757, 128.9332155668035398 ) ) ;
#4182 = CARTESIAN_POINT ( 'NONE',  ( 1216.381196745586067, 335.3274255369424850, -140.2623075870230025 ) ) ;
#4183 = CARTESIAN_POINT ( 'NONE',  ( 1380.431934477469213, 934.4221268891672025, 46.87943749050209874 ) ) ;
#4184 = CARTESIAN_POINT ( 'NONE',  ( 786.6329451613281663, 107.4351641475447394, 76.30963028452991637 ) ) ;
#4185 = CARTESIAN_POINT ( 'NONE',  ( 560.0000000000003411, -3.274021080852628440, -26.46202405902239718 ) ) ;
#4186 = CARTESIAN_POINT ( 'NONE',  ( 893.5524757293443372, 174.8023534885446679, 83.56255938217610435 ) ) ;
#4187 = CARTESIAN_POINT ( 'NONE',  ( 675.3685733786076071, 48.16792293711156958, 36.36781966796934285 ) ) ;
#4188 = CARTESIAN_POINT ( 'NONE',  ( 1014.099333504425658, 164.8029302349940508, -95.86572101367271159 ) ) ;
#4189 = CARTESIAN_POINT ( 'NONE',  ( 1352.195876192264677, 631.3180171095589230, -54.32811180274277518 ) ) ;
#4190 = CARTESIAN_POINT ( 'NONE',  ( 579.4953789382723244, -6.131236116598679509, -39.76249795620680061 ) ) ;
#4191 = CARTESIAN_POINT ( 'NONE',  ( 618.4421286608084074, 14.05865345744866346, -17.68462460562308181 ) ) ;
#4192 = CARTESIAN_POINT ( 'NONE',  ( 1442.891863201865362, 907.7425304023323633, -44.40721896811233194 ) ) ;
#4193 = CARTESIAN_POINT ( 'NONE',  ( 560.0000000000000000, -1.268572601243290077, -22.06252056529000427 ) ) ;
#4194 = CARTESIAN_POINT ( 'NONE',  ( 1251.828420604006851, 708.6734551892800482, 162.8981543339232019 ) ) ;
#4195 = CARTESIAN_POINT ( 'NONE',  ( 840.4579594676743000, 141.6924369516191007, 73.95360834911789993 ) ) ;
#4196 = CARTESIAN_POINT ( 'NONE',  ( 1404.983834927987800, 895.8172818964605995, -7.202901005971820148 ) ) ;
#4197 = CARTESIAN_POINT ( 'NONE',  ( 1013.500590625333643, 167.5519988565686162, -104.6751867315657307 ) ) ;
#4198 = CARTESIAN_POINT ( 'NONE',  ( 1035.932250797349525, 327.9660027836920904, 123.7394177072126098 ) ) ;
#4199 = CARTESIAN_POINT ( 'NONE',  ( 1416.480758533241669, 982.4812228219617509, 11.54558856769938657 ) ) ;
#4200 = CARTESIAN_POINT ( 'NONE',  ( 733.2952803886914808, 50.60030354075299641, 9.483442059171878213 ) ) ;
#4201 = CARTESIAN_POINT ( 'NONE',  ( 560.0000000000006821, -1.053171788889941896, 5.316102608526674267 ) ) ;
#4202 = CARTESIAN_POINT ( 'NONE',  ( 1079.094126523901195, 383.5537773199201297, 123.1176159397628282 ) ) ;
#4203 = CARTESIAN_POINT ( 'NONE',  ( 560.0000000000000000, -0.7276060117387693760, 6.422009545734713498 ) ) ;
#4204 = CARTESIAN_POINT ( 'NONE',  ( 1453.639547678106055, 699.9389764693821689, -156.7954080818290379 ) ) ;
#4205 = CARTESIAN_POINT ( 'NONE',  ( 1475.546435815168479, 784.8781740948925290, -142.8429436133015997 ) ) ;
#4206 = CARTESIAN_POINT ( 'NONE',  ( 1316.944675487288123, 567.4506931435283832, -71.75741378237920287 ) ) ;
#4207 = CARTESIAN_POINT ( 'NONE',  ( 843.2778103816004887, 118.8329636724706830, 39.03277350716430760 ) ) ;
#4208 = CARTESIAN_POINT ( 'NONE',  ( 791.9592348723673467, 51.09748276765450470, -54.62794960485881290 ) ) ;
#4209 = CARTESIAN_POINT ( 'NONE',  ( 1305.899409754064891, 723.7048980284760091, 81.75090257137746619 ) ) ;
#4210 = CARTESIAN_POINT ( 'NONE',  ( 1421.471222552818517, 630.2829111972042710, -153.9276514984541677 ) ) ;
#4211 = CARTESIAN_POINT ( 'NONE',  ( 732.2274251342752223, 66.46074767518213378, 48.76234179308568173 ) ) ;
#4212 = CARTESIAN_POINT ( 'NONE',  ( 952.5270754076648245, 171.8863518033637661, -1.167556829974500499 ) ) ;
#4213 = CARTESIAN_POINT ( 'NONE',  ( 1337.862260398358785, 897.5908479504894331, 121.0385849828977030 ) ) ;
#4214 = CARTESIAN_POINT ( 'NONE',  ( 791.5377499679826769, 55.44718625798689260, -64.15348574178469221 ) ) ;
#4215 = CARTESIAN_POINT ( 'NONE',  ( 1408.749147984122828, 993.8992599780816590, 27.61126910779130839 ) ) ;
#4216 = CARTESIAN_POINT ( 'NONE',  ( 1384.855711693835246, 1029.185070303967677, 83.48424373543936383 ) ) ;
#4217 = CARTESIAN_POINT ( 'NONE',  ( 1327.558264657490099, 544.4394150162945607, -102.7742306707997528 ) ) ;
#4218 = CARTESIAN_POINT ( 'NONE',  ( 1038.721210625806862, 316.6653807623060857, 107.1577174172683442 ) ) ;
#4219 = CARTESIAN_POINT ( 'NONE',  ( 1313.661860426950398, 828.7364583854524653, 111.5501855872932282 ) ) ;
#4220 = CARTESIAN_POINT ( 'NONE',  ( 1442.153049832689248, 719.5486700543831375, -129.3852067618810224 ) ) ;
#4221 = CARTESIAN_POINT ( 'NONE',  ( 1009.911833026416275, 184.3475898249641034, -57.45695984130185963 ) ) ;
#4222 = CARTESIAN_POINT ( 'NONE',  ( 734.7140444727273234, 29.34756081133064143, -63.69891442036432494 ) ) ;
#4223 = CARTESIAN_POINT ( 'NONE',  ( 1313.461946382056567, 575.0018412869845861, -61.31881568257515625 ) ) ;
#4224 = CARTESIAN_POINT ( 'NONE',  ( 1008.317506133319171, 191.7878328368018117, -42.86096489247456276 ) ) ;
#4225 = CARTESIAN_POINT ( 'NONE',  ( 955.9970719728652284, 152.8290130783674385, -66.92134635714998581 ) ) ;
#4226 = CARTESIAN_POINT ( 'NONE',  ( 1349.359492053276654, 983.2891063758623886, 133.1081999735826571 ) ) ;
#4227 = CARTESIAN_POINT ( 'NONE',  ( 579.3279431525216978, 17.02266714701015360, 36.57810293608827124 ) ) ;
#4228 = CARTESIAN_POINT ( 'NONE',  ( 1443.000045589171350, 718.0951486515236866, -140.2118838985377636 ) ) ;
#4229 = CARTESIAN_POINT ( 'NONE',  ( 990.1940866205333123, 276.3210467070638288, 115.0722445984828255 ) ) ;
#4230 = CARTESIAN_POINT ( 'NONE',  ( 1253.120659464670780, 567.8856268989433147, 23.30693877183558627 ) ) ;
#4231 = CARTESIAN_POINT ( 'NONE',  ( 733.4021271589984963, 49.01056146343431408, 5.272133080436494978 ) ) ;
#4232 = CARTESIAN_POINT ( 'NONE',  ( 1309.982219740127221, 835.5117283323929769, 122.8567131778997634 ) ) ;
#4233 = CARTESIAN_POINT ( 'NONE',  ( 1208.033257551200904, 359.2685566020094257, -90.77600939079496811 ) ) ;
#4234 = CARTESIAN_POINT ( 'NONE',  ( 579.5094310417714496, -8.105372474777212233, -40.42867792677527206 ) ) ;
#4235 = CARTESIAN_POINT ( 'NONE',  ( 1121.105471766163873, 233.4037600629339408, -135.2944340918701585 ) ) ;
#4236 = CARTESIAN_POINT ( 'NONE',  ( 1196.884516767967625, 391.1688490877104414, -64.03365477213434076 ) ) ;
#4237 = CARTESIAN_POINT ( 'NONE',  ( 949.0622706517931420, 190.8242053723130311, 37.72386433995671950 ) ) ;
#4238 = CARTESIAN_POINT ( 'NONE',  ( 1116.460454525985824, 250.0290824265277081, -101.1607132059646545 ) ) ;
#4239 = CARTESIAN_POINT ( 'NONE',  ( 618.4011503704003871, 17.18617176271533253, 25.76021241006000650 ) ) ;
#4240 = CARTESIAN_POINT ( 'NONE',  ( 960.8216940483952158, 126.5297410058727792, -95.52586782790277198 ) ) ;
#4241 = CARTESIAN_POINT ( 'NONE',  ( 1078.416937828114214, 385.9782069135426354, 129.1796769672071434 ) ) ;
#4242 = CARTESIAN_POINT ( 'NONE',  ( 1234.204918622740479, 612.6890970322418752, 120.1644727420208341 ) ) ;
#4243 = CARTESIAN_POINT ( 'NONE',  ( 790.0912144486072748, 70.89196962293003423, -3.755996183259673327 ) ) ;
#4244 = CARTESIAN_POINT ( 'NONE',  ( 1233.244272112300678, 614.9625757149844958, 123.6814313709026436 ) ) ;
#4245 = CARTESIAN_POINT ( 'NONE',  ( 676.6675839934591750, 17.14418239821954515, -48.44140089403492055 ) ) ;
#4246 = CARTESIAN_POINT ( 'NONE',  ( 675.4796498672287726, 45.45994960787390937, 23.14247504465946292 ) ) ;
#4247 = CARTESIAN_POINT ( 'NONE',  ( 1266.810390234801844, 535.5203282761134460, 0.1496568036213788144 ) ) ;
#4248 = CARTESIAN_POINT ( 'NONE',  ( 1343.358634575876977, 510.2012782191921474, -134.1737563634844150 ) ) ;
#4249 = CARTESIAN_POINT ( 'NONE',  ( 840.3329033601889932, 142.7454196342333432, 85.75443530687023497 ) ) ;
#4250 = CARTESIAN_POINT ( 'NONE',  ( 676.3604521936483707, 24.42188174067976192, -34.73471801759212241 ) ) ;
#4251 = CARTESIAN_POINT ( 'NONE',  ( 992.6006093042340126, 265.1050100119605872, 98.86412677928879589 ) ) ;
#4252 = CARTESIAN_POINT ( 'NONE',  ( 1381.538603492290804, 1000.939445260955722, 74.68309314290083023 ) ) ;
#4253 = CARTESIAN_POINT ( 'NONE',  ( 792.2554008903556451, 47.95294809152168369, -63.24948653019193756 ) ) ;
#4254 = CARTESIAN_POINT ( 'NONE',  ( 1326.565716955828293, 546.6153514627443428, -80.61071150042913303 ) ) ;
#4255 = CARTESIAN_POINT ( 'NONE',  ( 618.6883258809859853, -0.04435822063845865776, -46.29616843105208801 ) ) ;
#4256 = CARTESIAN_POINT ( 'NONE',  ( 953.6002029852791111, 165.9202370816129246, -44.54475771233003201 ) ) ;
#4257 = CARTESIAN_POINT ( 'NONE',  ( 579.4724095029657747, -3.046585990818447165, -14.86995812494837210 ) ) ;
#4258 = CARTESIAN_POINT ( 'NONE',  ( 1425.980751982338916, 747.1454440972186148, -105.5092518082416575 ) ) ;
#4259 = CARTESIAN_POINT ( 'NONE',  ( 893.3388790163546673, 176.2011850140361275, 86.48475592332160033 ) ) ;
#4260 = CARTESIAN_POINT ( 'NONE',  ( 1036.304467328086048, 326.4392021965556410, 111.8836627166919158 ) ) ;
#4261 = CARTESIAN_POINT ( 'NONE',  ( 950.4080290237785675, 183.3626621553571283, -11.85204124222000743 ) ) ;
#4262 = CARTESIAN_POINT ( 'NONE',  ( 903.8006468345760140, 107.5131499170320240, -80.57640054683027131 ) ) ;
#4263 = CARTESIAN_POINT ( 'NONE',  ( 892.6247101691199077, 180.8769616117319856, 93.41466510428629988 ) ) ;
#4264 = CARTESIAN_POINT ( 'NONE',  ( 995.9386469555029180, 249.4582875400326429, 38.45616653950314401 ) ) ;
#4265 = CARTESIAN_POINT ( 'NONE',  ( 560.0000000000000000, -2.178138177646740559, 1.449686675750075260 ) ) ;
#4266 = CARTESIAN_POINT ( 'NONE',  ( 731.6560392684239105, 74.83872105492628179, 50.54067046505851124 ) ) ;
#4267 = CARTESIAN_POINT ( 'NONE',  ( 734.4293515995613006, 33.70471832198950324, -37.06121178464832155 ) ) ;
#4268 = CARTESIAN_POINT ( 'NONE',  ( 1417.485973430669219, 637.6191288558993620, -143.7774399871812534 ) ) ;
#4269 = CARTESIAN_POINT ( 'NONE',  ( 1266.596980413164374, 376.1363490152166378, -158.5059357895949859 ) ) ;
#4270 = CARTESIAN_POINT ( 'NONE',  ( 1267.604819736632408, 533.6045734569861452, -28.91551313211980911 ) ) ;
#4271 = CARTESIAN_POINT ( 'NONE',  ( 843.8716740915471064, 114.0053446600862657, 28.23030745484760118 ) ) ;
#4272 = CARTESIAN_POINT ( 'NONE',  ( 1455.455808185755814, 816.4674704013262954, -98.26942791964567903 ) ) ;
#4273 = CARTESIAN_POINT ( 'NONE',  ( 1213.267747293983120, 514.6061952281571621, 65.99492334363874591 ) ) ;
#4274 = CARTESIAN_POINT ( 'NONE',  ( 1217.247263294708546, 332.8666932373020586, -133.2045843765489792 ) ) ;
#4275 = CARTESIAN_POINT ( 'NONE',  ( 1425.407313792698005, 623.0363139576338654, -164.4642026963161356 ) ) ;
#4276 = CARTESIAN_POINT ( 'NONE',  ( 675.2862610009373157, 50.26765421685341551, 56.31063043557882253 ) ) ;
#4277 = CARTESIAN_POINT ( 'NONE',  ( 618.3607925748948446, 19.50598224768966205, 31.90434744514392662 ) ) ;
#4278 = CARTESIAN_POINT ( 'NONE',  ( 676.3156820126696402, 25.83179412496597038, -0.2597903354827821865 ) ) ;
#4279 = CARTESIAN_POINT ( 'NONE',  ( 675.7079038547969958, 40.31200970211876466, 38.90618793913349549 ) ) ;
#4280 = CARTESIAN_POINT ( 'NONE',  ( 1212.885124747405143, 345.3381490328666246, -127.8971716620803392 ) ) ;
#4281 = CARTESIAN_POINT ( 'NONE',  ( 787.4999055485353665, 98.14952673194520116, 30.52765277250979636 ) ) ;
#4282 = CARTESIAN_POINT ( 'NONE',  ( 1100.403480840508792, 307.4239156207299288, 0.7403398250178881979 ) ) ;
#4283 = CARTESIAN_POINT ( 'NONE',  ( 1457.501952045884082, 813.2504151190480570, -102.6235820593350354 ) ) ;
#4284 = CARTESIAN_POINT ( 'NONE',  ( 1296.168404504076307, 860.9498890754009608, 168.6377488435479677 ) ) ;
#4285 = CARTESIAN_POINT ( 'NONE',  ( 1203.545108777200994, 372.0893722210169585, -91.70793671741631670 ) ) ;
#4286 = CARTESIAN_POINT ( 'NONE',  ( 1230.297060956263294, 621.9374870750904165, 134.3314090491540469 ) ) ;
#4287 = CARTESIAN_POINT ( 'NONE',  ( 675.3346892979473068, 49.00981087959049631, 42.07568770491404564 ) ) ;
#4288 = CARTESIAN_POINT ( 'NONE',  ( 559.9999999999998863, -10.34567503322841198, -30.95954870812346016 ) ) ;
#4289 = CARTESIAN_POINT ( 'NONE',  ( 1249.862481616553396, 419.5990722109312401, -85.37881416440782800 ) ) ;
#4290 = CARTESIAN_POINT ( 'NONE',  ( 849.0843073731277855, 71.51610673435909860, -83.70932222692101732 ) ) ;
#4291 = CARTESIAN_POINT ( 'NONE',  ( 1416.307258366326778, 763.6579634376521426, -84.77021720941513649 ) ) ;
#4292 = CARTESIAN_POINT ( 'NONE',  ( 1102.180436030144392, 301.0034123263937431, -40.20831401135932737 ) ) ;
#4293 = CARTESIAN_POINT ( 'NONE',  ( 1321.569002792566380, 557.4502305952954657, -64.51999517833975517 ) ) ;
#4294 = CARTESIAN_POINT ( 'NONE',  ( 1203.545108777200994, 372.0893722210169585, -91.70793671741631670 ) ) ;
#4295 = CARTESIAN_POINT ( 'NONE',  ( 1224.616750534689572, 635.3804517461214800, 155.5313699477525802 ) ) ;
#4296 = CARTESIAN_POINT ( 'NONE',  ( 1224.292395976012131, 636.1351384829554263, 142.4198804764494071 ) ) ;
#4297 = CARTESIAN_POINT ( 'NONE',  ( 1461.339076574875889, 807.2127932351138497, -119.4973538173893246 ) ) ;
#4298 = CARTESIAN_POINT ( 'NONE',  ( 1190.126341208512258, 574.6778356595491459, 157.8253874161106296 ) ) ;
#4299 = CARTESIAN_POINT ( 'NONE',  ( 1396.241989944356192, 978.6048766013657314, 40.73025214109411252 ) ) ;
#4300 = CARTESIAN_POINT ( 'NONE',  ( 1298.420745063528102, 607.6451040717715841, 10.84355258486437812 ) ) ;
#4301 = CARTESIAN_POINT ( 'NONE',  ( 943.5362445398671980, 220.9620940263719717, 76.87608570877017655 ) ) ;
#4302 = CARTESIAN_POINT ( 'NONE',  ( 958.2099306211326848, 140.8143199023625414, -65.78157437410619934 ) ) ;
#4303 = CARTESIAN_POINT ( 'NONE',  ( 1306.521461270759119, 441.5311951382579423, -143.1913786203914469 ) ) ;
#4304 = CARTESIAN_POINT ( 'NONE',  ( 734.8335700059190003, 27.57808106867690867, -65.96952454575965419 ) ) ;
#4305 = CARTESIAN_POINT ( 'NONE',  ( 1186.210730331490822, 421.7480864438521735, -16.99162157450944122 ) ) ;
#4306 = CARTESIAN_POINT ( 'NONE',  ( 732.8601542496093089, 57.07046313537235704, 26.28526038987585878 ) ) ;
#4307 = CARTESIAN_POINT ( 'NONE',  ( 843.5759957170953385, 116.4091794767956856, 33.63367511094965323 ) ) ;
#4308 = CARTESIAN_POINT ( 'NONE',  ( 1307.900969352100446, 438.2662434371317772, -148.0236116440567002 ) ) ;
#4309 = CARTESIAN_POINT ( 'NONE',  ( 849.5388471800547450, 67.85434504154396507, -84.49450645417039141 ) ) ;
#4310 = CARTESIAN_POINT ( 'NONE',  ( 731.5377659583352852, 76.66066530331158901, 65.21320662441765137 ) ) ;
#4311 = CARTESIAN_POINT ( 'NONE',  ( 1129.018221388582106, 412.5282589407777323, 91.38117993010149576 ) ) ;
#4312 = CARTESIAN_POINT ( 'NONE',  ( 1291.467203094559409, 752.5047772412362974, 124.4275361544843577 ) ) ;
#4313 = CARTESIAN_POINT ( 'NONE',  ( 1303.078838216764098, 449.6602706227912449, -143.4573957929228527 ) ) ;
#4314 = CARTESIAN_POINT ( 'NONE',  ( 1267.971432736592760, 673.6467663490298037, 88.01347506121553010 ) ) ;
#4315 = CARTESIAN_POINT ( 'NONE',  ( 1005.929174740504095, 202.9326186785889377, -20.96524178467378263 ) ) ;
#4316 = CARTESIAN_POINT ( 'NONE',  ( 618.7478565779072142, -3.198629787654225787, -41.74202621621464004 ) ) ;
#4317 = CARTESIAN_POINT ( 'NONE',  ( 618.2172341066814170, 27.67939894358822883, 49.29127230559520001 ) ) ;
#4318 = CARTESIAN_POINT ( 'NONE',  ( 1288.872863110251728, 483.2738209084016034, -100.1342883427769834 ) ) ;
#4319 = CARTESIAN_POINT ( 'NONE',  ( 1124.356862334555672, 427.3744965760255354, 116.3470621931475222 ) ) ;
#4320 = CARTESIAN_POINT ( 'NONE',  ( 731.7034607791204053, 74.11870772484731162, 46.41237727863033058 ) ) ;
#4321 = CARTESIAN_POINT ( 'NONE',  ( 560.0000000000000000, -2.970303914234802445, -25.85990911440127249 ) ) ;
#4322 = CARTESIAN_POINT ( 'NONE',  ( 579.4899579395394085, -5.464386953271549885, -24.01598843100034131 ) ) ;
#4323 = CARTESIAN_POINT ( 'NONE',  ( 902.8690997590861116, 113.7085381243617235, -47.39560042411693530 ) ) ;
#4324 = CARTESIAN_POINT ( 'NONE',  ( 618.7091309075811978, -1.232022255860355964, -48.06483149078458439 ) ) ;
#4325 = CARTESIAN_POINT ( 'NONE',  ( 1279.605597702899104, 505.2038503604914013, -69.91322710823973807 ) ) ;
#4326 = CARTESIAN_POINT ( 'NONE',  ( 1421.271062014602649, 755.1963090937570087, -80.22725131178374625 ) ) ;
#4327 = CARTESIAN_POINT ( 'NONE',  ( 1394.848316924677420, 679.2782205370853035, -102.2206128328073049 ) ) ;
#4328 = CARTESIAN_POINT ( 'NONE',  ( 1193.126863833866310, 566.8909681382551753, 149.5660918081027262 ) ) ;
#4329 = CARTESIAN_POINT ( 'NONE',  ( 675.3009759334959199, 49.88145134573787942, 51.53063382620249655 ) ) ;
#4330 = CARTESIAN_POINT ( 'NONE',  ( 1259.625503797037027, 394.2267803123478984, -137.9600879019010335 ) ) ;
#4331 = CARTESIAN_POINT ( 'NONE',  ( 1037.299650241734753, 322.4260000708642337, 117.2330370508313990 ) ) ;
#4332 = CARTESIAN_POINT ( 'NONE',  ( 732.0047007031275825, 69.58588021135409463, 26.69404322671796947 ) ) ;
#4333 = CARTESIAN_POINT ( 'NONE',  ( 1332.381826040201076, 670.8579026238488723, 3.630276345790260262 ) ) ;
#4334 = CARTESIAN_POINT ( 'NONE',  ( 559.9999999999998863, 11.36437481983845466, 26.82900292100909212 ) ) ;
#4335 = CARTESIAN_POINT ( 'NONE',  ( 560.0000000000005684, -7.948592415805259215, -20.34802218293492260 ) ) ;
#4336 = CARTESIAN_POINT ( 'NONE',  ( 1468.129454458741975, 906.2064641030767689, -83.24768202002366024 ) ) ;
#4337 = CARTESIAN_POINT ( 'NONE',  ( 1002.223824594622215, 220.1281155982773612, -20.13250613912337883 ) ) ;
#4338 = CARTESIAN_POINT ( 'NONE',  ( 1401.344493118235505, 970.8537781537538649, 42.67675831500168471 ) ) ;
#4339 = CARTESIAN_POINT ( 'NONE',  ( 843.2778103816004887, 118.8329636724706830, 39.03277350716430760 ) ) ;
#4340 = CARTESIAN_POINT ( 'NONE',  ( 1466.077938198599441, 872.5221291732369764, -91.96959635760293850 ) ) ;
#4341 = CARTESIAN_POINT ( 'NONE',  ( 792.5311548114119660, 44.99298158503997058, -75.74291172840156605 ) ) ;
#4342 = CARTESIAN_POINT ( 'NONE',  ( 990.0917475349575625, 276.7884654048899051, 110.8763815254336009 ) ) ;
#4343 = CARTESIAN_POINT ( 'NONE',  ( 1087.691598506475884, 352.8534076513424793, 81.44591587617486539 ) ) ;
#4344 = CARTESIAN_POINT ( 'NONE',  ( 945.7033906871207591, 209.1750271700362873, 74.12008898905146737 ) ) ;
#4345 = CARTESIAN_POINT ( 'NONE',  ( 1065.668075957599513, 207.3578297397482686, -110.2428590698720825 ) ) ;
#4346 = CARTESIAN_POINT ( 'NONE',  ( 579.3344042026965326, 16.18489613112918946, 23.20681194397352343 ) ) ;
#4347 = CARTESIAN_POINT ( 'NONE',  ( 1148.995882337277180, 348.8893874020720318, -17.53315735708034140 ) ) ;
#4348 = CARTESIAN_POINT ( 'NONE',  ( 1461.396836422697334, 916.1491898010619934, -68.09346194553400267 ) ) ;
#4349 = CARTESIAN_POINT ( 'NONE',  ( 1371.996004147527856, 1015.434529916598308, 101.9172578428807725 ) ) ;
#4350 = CARTESIAN_POINT ( 'NONE',  ( 955.2975227466212118, 156.6494331967020628, -60.58276976243925560 ) ) ;
#4351 = CARTESIAN_POINT ( 'NONE',  ( 1039.728926119671769, 312.5807632479355789, 99.44991778391204207 ) ) ;
#4352 = CARTESIAN_POINT ( 'NONE',  ( 579.3301882397214513, 16.74905257278079063, 28.56818400524675639 ) ) ;
#4353 = CARTESIAN_POINT ( 'NONE',  ( 1333.616601000086348, 668.3938431808415999, 0.001971757737556645296 ) ) ;
#4354 = CARTESIAN_POINT ( 'NONE',  ( 1451.266002604281312, 895.0220236309023676, -61.71135063695066947 ) ) ;
#4355 = CARTESIAN_POINT ( 'NONE',  ( 676.2983314199137794, 26.24669999059971914, 0.9564315642052485522 ) ) ;
#4356 = CARTESIAN_POINT ( 'NONE',  ( 1217.130308083909540, 333.1810847183804754, -142.7416244201686766 ) ) ;
#4357 = CARTESIAN_POINT ( 'NONE',  ( 1153.832262611782880, 333.4307773844851113, -69.34332030279583137 ) ) ;
#4358 = CARTESIAN_POINT ( 'NONE',  ( 1159.852013554352197, 314.3033763068974622, -76.44893088735278752 ) ) ;
#4359 = CARTESIAN_POINT ( 'NONE',  ( 618.2772179435166890, 24.28108153360398092, 43.92742860635429025 ) ) ;
#4360 = CARTESIAN_POINT ( 'NONE',  ( 1156.689221037562902, 506.3644469621270332, 139.1699936893961080 ) ) ;
#4361 = CARTESIAN_POINT ( 'NONE',  ( 1304.080606800083160, 447.2901671152334870, -146.3394634856433072 ) ) ;
#4362 = CARTESIAN_POINT ( 'NONE',  ( 892.8296340793168611, 179.5353389189895097, 91.70121118805136007 ) ) ;
#4363 = CARTESIAN_POINT ( 'NONE',  ( 894.6524557750797157, 167.4918533431153662, 38.13889488105012759 ) ) ;
#4364 = CARTESIAN_POINT ( 'NONE',  ( 787.8060397598085274, 94.89928616277042295, 20.64344515696264182 ) ) ;
#4365 = CARTESIAN_POINT ( 'NONE',  ( 734.6059610528058101, 30.94744557139420849, -61.41634828974544291 ) ) ;
#4366 = CARTESIAN_POINT ( 'NONE',  ( 559.9999999999997726, -1.734553133468718977, 2.998191761999851934 ) ) ;
#4367 = CARTESIAN_POINT ( 'NONE',  ( 1384.419341668303559, 996.5635886215937944, 67.79145705507895059 ) ) ;
#4368 = CARTESIAN_POINT ( 'NONE',  ( 1063.416427165853293, 216.5342303051129988, -78.20817832638203981 ) ) ;
#4369 = CARTESIAN_POINT ( 'NONE',  ( 1015.488606757387174, 158.2895507736478464, -115.4918897442706083 ) ) ;
#4370 = CARTESIAN_POINT ( 'NONE',  ( 844.5691912519462221, 108.1769978183592542, -20.31281477005509117 ) ) ;
#4371 = CARTESIAN_POINT ( 'NONE',  ( 1404.450499915465798, 966.1357225780467388, 36.12855402237165237 ) ) ;
#4372 = CARTESIAN_POINT ( 'NONE',  ( 732.8601542496093089, 57.07046313537235704, 26.28526038987585878 ) ) ;
#4373 = CARTESIAN_POINT ( 'NONE',  ( 905.3467873032550415, 97.44476747555702900, -83.57935246827062770 ) ) ;
#4374 = CARTESIAN_POINT ( 'NONE',  ( 579.5094310417714496, -8.105372474777212233, -40.42867792677527206 ) ) ;
#4375 = CARTESIAN_POINT ( 'NONE',  ( 1118.008139182988771, 447.5889846886810801, 142.3191693687845145 ) ) ;
#4376 = CARTESIAN_POINT ( 'NONE',  ( 579.3831231323811153, 9.313601991001855041, 25.14480080626021419 ) ) ;
#4377 = CARTESIAN_POINT ( 'NONE',  ( 559.9999999999995453, -8.794555493239036181, -23.87421001622128003 ) ) ;
#4378 = CARTESIAN_POINT ( 'NONE',  ( 1235.383215747900294, 609.9004857048582835, 115.8055542102462709 ) ) ;
#4379 = CARTESIAN_POINT ( 'NONE',  ( 1300.091862708137114, 456.7273770831535558, -134.7384308231468424 ) ) ;
#4380 = CARTESIAN_POINT ( 'NONE',  ( 1366.615744465335410, 956.1475546632544820, 79.20067732458002752 ) ) ;
#4381 = CARTESIAN_POINT ( 'NONE',  ( 1104.396889353439974, 293.1504323432585011, -24.78991387775155530 ) ) ;
#4382 = CARTESIAN_POINT ( 'NONE',  ( 676.9596700789646775, 10.36627130537928565, -48.61670130789978117 ) ) ;
#4383 = CARTESIAN_POINT ( 'NONE',  ( 618.2344419965078259, 26.70472449450954500, 48.26139441472437852 ) ) ;
#4384 = CARTESIAN_POINT ( 'NONE',  ( 676.1578315413410110, 29.23682923649171173, -24.21851947288588391 ) ) ;
#4385 = CARTESIAN_POINT ( 'NONE',  ( 1393.431795253011160, 1016.519915985788543, 69.22166119313968125 ) ) ;
#4386 = CARTESIAN_POINT ( 'NONE',  ( 840.6272365685163095, 140.3009851166341662, 67.10063463825103725 ) ) ;
#4387 = CARTESIAN_POINT ( 'NONE',  ( 1003.542931383076393, 214.0669117629919924, 0.9413616089711559498 ) ) ;
#4388 = CARTESIAN_POINT ( 'NONE',  ( 1207.007870911173313, 362.2065086135485217, -86.00586147038038121 ) ) ;
#4389 = CARTESIAN_POINT ( 'NONE',  ( 1052.961807729825978, 258.9324788841761347, 0.8682011967653636697 ) ) ;
#4390 = CARTESIAN_POINT ( 'NONE',  ( 1220.846036337244868, 322.5458165227349241, -152.3490994999050372 ) ) ;
#4391 = CARTESIAN_POINT ( 'NONE',  ( 954.8366267152927094, 159.1665283506173409, -56.32715996337324782 ) ) ;
#4392 = CARTESIAN_POINT ( 'NONE',  ( 1419.166347922249315, 758.7893500864802263, -75.23023871624072001 ) ) ;
#4393 = CARTESIAN_POINT ( 'NONE',  ( 676.2792509535338468, 26.35008782547262030, -30.66869189528347306 ) ) ;
#4394 = CARTESIAN_POINT ( 'NONE',  ( 1227.744772408097560, 627.9781950464382589, 144.5644166624963702 ) ) ;
#4395 = CARTESIAN_POINT ( 'NONE',  ( 731.5564996347096667, 76.37024691673495624, 62.46602412804512028 ) ) ;
#4396 = CARTESIAN_POINT ( 'NONE',  ( 579.4611879867411517, -1.361019291396610154, -31.91995543240663125 ) ) ;
#4397 = CARTESIAN_POINT ( 'NONE',  ( 618.2640384199115715, 25.02589547521456126, 45.53352770265638583 ) ) ;
#4398 = CARTESIAN_POINT ( 'NONE',  ( 1209.851061340531942, 523.4352804186702315, 53.09778965806839324 ) ) ;
#4399 = CARTESIAN_POINT ( 'NONE',  ( 1091.336162411551641, 339.7617606891591890, 27.43408677732213974 ) ) ;
#4400 = CARTESIAN_POINT ( 'NONE',  ( 1236.370932579167402, 454.6264142371704224, -30.01371546917348354 ) ) ;
#4401 = CARTESIAN_POINT ( 'NONE',  ( 1354.489115533717722, 486.0615547476522806, -171.2878223448576875 ) ) ;
#4402 = CARTESIAN_POINT ( 'NONE',  ( 579.4405839013303421, 1.347737154145782323, 0.7400675063968115142 ) ) ;
#4403 = CARTESIAN_POINT ( 'NONE',  ( 579.3280040626275422, 17.03158058793981411, 33.32170191411786675 ) ) ;
#4404 = CARTESIAN_POINT ( 'NONE',  ( 1452.840007009001056, 892.6311051269326526, -64.94949354564356270 ) ) ;
#4405 = CARTESIAN_POINT ( 'NONE',  ( 1423.967953368572580, 625.6807784033760527, -165.6114775444385430 ) ) ;
#4406 = CARTESIAN_POINT ( 'NONE',  ( 1144.972514937232518, 361.6497101666569733, -25.10783353679375551 ) ) ;
#4407 = CARTESIAN_POINT ( 'NONE',  ( 1346.909844965765842, 767.5421312910181086, 41.16533212368354100 ) ) ;
#4408 = APPROVAL ( #6133, 'UNSPECIFIED' ) ;
#4409 = CARTESIAN_POINT ( 'NONE',  ( 1208.111108543313094, 359.0110468070299703, -109.8641455503122444 ) ) ;
#4410 = CARTESIAN_POINT ( 'NONE',  ( 1174.437720451046289, 455.5289895653024814, 67.75391415197547929 ) ) ;
#4411 = CARTESIAN_POINT ( 'NONE',  ( 1263.984076564557654, 382.9358757792226129, -142.2924900525475778 ) ) ;
#4412 = CARTESIAN_POINT ( 'NONE',  ( 905.8016358407061261, 94.44394480986471763, -92.53619447000792775 ) ) ;
#4413 = CARTESIAN_POINT ( 'NONE',  ( 1219.695527548050222, 647.0231838934497546, 165.4597518746346623 ) ) ;
#4414 = CARTESIAN_POINT ( 'NONE',  ( 1392.016921375470929, 985.0224960260633225, 62.30414289970858022 ) ) ;
#4415 = CARTESIAN_POINT ( 'NONE',  ( 732.3973227411952394, 63.94147399893996919, 42.93407612037062648 ) ) ;
#4416 = CARTESIAN_POINT ( 'NONE',  ( 1011.256929887142974, 178.0072174583081051, -90.18200200397652111 ) ) ;
#4417 = CARTESIAN_POINT ( 'NONE',  ( 894.0225991286005183, 171.6322145080349912, 49.63487427906044047 ) ) ;
#4418 = CARTESIAN_POINT ( 'NONE',  ( 1196.775856614048507, 391.5251605458395829, -38.05353949697189364 ) ) ;
#4419 = CARTESIAN_POINT ( 'NONE',  ( 560.0000000000001137, -10.50247434951878489, -31.52197803852729763 ) ) ;
#4420 = CARTESIAN_POINT ( 'NONE',  ( 1222.233393344114120, 641.0199370122737719, 161.6580649715045581 ) ) ;
#4421 = CARTESIAN_POINT ( 'NONE',  ( 733.5033680414373976, 47.27766773355753571, -32.17602947889942300 ) ) ;
#4422 = CARTESIAN_POINT ( 'NONE',  ( 893.9520168218245999, 172.1847725269240357, 77.84310407122460163 ) ) ;
#4423 = CARTESIAN_POINT ( 'NONE',  ( 1257.253150953882596, 696.8950585192112612, 128.5931442635791200 ) ) ;
#4424 = CARTESIAN_POINT ( 'NONE',  ( 560.0000000000000000, 2.001185690052108335, -13.91762545713060639 ) ) ;
#4425 = CARTESIAN_POINT ( 'NONE',  ( 1292.737789973395593, 474.1546421132428577, -94.13299756452616407 ) ) ;
#4426 = CARTESIAN_POINT ( 'NONE',  ( 734.9522824183077319, 25.83409101642815742, -66.73462336596476518 ) ) ;
#4427 = CARTESIAN_POINT ( 'NONE',  ( 579.4208838759393529, 4.242865312630486052, -19.64851587388636744 ) ) ;
#4428 = CARTESIAN_POINT ( 'NONE',  ( 559.9999999999998863, -7.658161100707277846, -19.17611739178495256 ) ) ;
#4429 = CARTESIAN_POINT ( 'NONE',  ( 1287.312715129863818, 486.9656468639784634, -95.13822799931350005 ) ) ;
#4430 = CARTESIAN_POINT ( 'NONE',  ( 1329.003293731090253, 912.7156557279455456, 143.5638167254345490 ) ) ;
#4431 = CARTESIAN_POINT ( 'NONE',  ( 942.4898977170423677, 226.7056378034883437, 96.65635076840054296 ) ) ;
#4432 = CARTESIAN_POINT ( 'NONE',  ( 1456.984864039413878, 886.3350162070430542, -80.76725555878992679 ) ) ;
#4433 = CARTESIAN_POINT ( 'NONE',  ( 675.4558544780896909, 46.28099958126929181, 53.04205241281890437 ) ) ;
#4434 = CARTESIAN_POINT ( 'NONE',  ( 841.5614804251717942, 132.6620348265134908, 39.94275096641987943 ) ) ;
#4435 = CARTESIAN_POINT ( 'NONE',  ( 676.5035009721556207, 21.33575388993494570, -13.66126251840702466 ) ) ;
#4436 = CARTESIAN_POINT ( 'NONE',  ( 1454.519572523287934, 698.4352649379025024, -160.1414555436598164 ) ) ;
#4437 = CARTESIAN_POINT ( 'NONE',  ( 1066.657989051781442, 203.3477931207067684, -115.3438260390836945 ) ) ;
#4438 = CARTESIAN_POINT ( 'NONE',  ( 1387.760768872770086, 812.4038504461533421, 0.03928060653338085600 ) ) ;
#4439 = CARTESIAN_POINT ( 'NONE',  ( 1121.587113959711360, 436.1720500524919544, 114.1353591223934671 ) ) ;
#4440 = CARTESIAN_POINT ( 'NONE',  ( 1407.217153812893002, 656.5217097711199585, -117.4400798639705243 ) ) ;
#4441 = CARTESIAN_POINT ( 'NONE',  ( 676.8514821752161197, 12.79452757570632748, -54.99421876882924920 ) ) ;
#4442 = CARTESIAN_POINT ( 'NONE',  ( 560.0000000000002274, 6.085111315978489976, -1.611565059330636096 ) ) ;
#4443 = CARTESIAN_POINT ( 'NONE',  ( 1180.871354644430994, 437.0959760392827889, 37.29805745514570958 ) ) ;
#4444 = CARTESIAN_POINT ( 'NONE',  ( 560.0000000000001137, -2.756625721485526981, -25.37125015427438157 ) ) ;
#4445 = CARTESIAN_POINT ( 'NONE',  ( 559.9999999999995453, 1.045020576907686793, 12.25402839057085558 ) ) ;
#4446 = CARTESIAN_POINT ( 'NONE',  ( 1302.205466070758803, 849.8318976803521991, 147.9954743563836246 ) ) ;
#4447 = EDGE_LOOP ( 'NONE', ( #2462, #6029 ) ) ;
#4448 = CARTESIAN_POINT ( 'NONE',  ( 1467.109449820772170, 907.7128062528490773, -79.44412471872796289 ) ) ;
#4449 = CARTESIAN_POINT ( 'NONE',  ( 1427.210044321044279, 619.7162671172814044, -170.3054217962541088 ) ) ;
#4450 = CARTESIAN_POINT ( 'NONE',  ( 1131.536038146103692, 404.5086469548334662, 77.79192765354386552 ) ) ;
#4451 = CARTESIAN_POINT ( 'NONE',  ( 1300.358967704690485, 734.7610203496948316, 98.09737024585534471 ) ) ;
#4452 = CARTESIAN_POINT ( 'NONE',  ( 676.6254332667404015, 18.14097025404448615, -46.73478046815731801 ) ) ;
#4453 = CARTESIAN_POINT ( 'NONE',  ( 579.3331480903334523, 16.35447318454973242, 24.54803195893914847 ) ) ;
#4454 = CARTESIAN_POINT ( 'NONE',  ( 1430.899456283161953, 925.9593570565019718, -19.45034581331838197 ) ) ;
#4455 = CARTESIAN_POINT ( 'NONE',  ( 579.5070574664450760, -7.810685194759694916, -33.89647824053839287 ) ) ;
#4456 = CARTESIAN_POINT ( 'NONE',  ( 1118.449732902166943, 446.1845251406084571, 143.1502752840479502 ) ) ;
#4457 = ADVANCED_FACE ( 'NONE', ( #1844 ), #250, .T. ) ;
#4458 = CARTESIAN_POINT ( 'NONE',  ( 1416.307258366326778, 763.6579634376521426, -84.77021720941513649 ) ) ;
#4459 = CARTESIAN_POINT ( 'NONE',  ( 560.0000000000000000, 7.980215842608662236, 5.384554589986259465 ) ) ;
#4460 = CARTESIAN_POINT ( 'NONE',  ( 1359.637311699451629, 967.1277756938242192, 110.3922331127486274 ) ) ;
#4461 = CARTESIAN_POINT ( 'NONE',  ( 675.3156487287498067, 49.48897573344331136, 45.96569620204022044 ) ) ;
#4462 = CARTESIAN_POINT ( 'NONE',  ( 1426.517499748057162, 967.6589702797460859, 1.919430075791501933 ) ) ;
#4463 = CARTESIAN_POINT ( 'NONE',  ( 1113.769932381967237, 259.6468233530303564, -84.25079538151646830 ) ) ;
#4464 = CARTESIAN_POINT ( 'NONE',  ( 899.5235140921829498, 135.6599107276570919, 1.133441576290972641 ) ) ;
#4465 = CARTESIAN_POINT ( 'NONE',  ( 676.9804873066262871, 9.762644587392005135, -57.59453673813815300 ) ) ;
#4466 = CARTESIAN_POINT ( 'NONE',  ( 847.4434500678997892, 84.94491352133944417, -39.77323885612761245 ) ) ;
#4467 = CARTESIAN_POINT ( 'NONE',  ( 1307.253174603040634, 840.5469722337769554, 147.6201273971476553 ) ) ;
#4468 = CARTESIAN_POINT ( 'NONE',  ( 1298.866835316057632, 855.9798138527597757, 158.5559858604935073 ) ) ;
#4469 = CARTESIAN_POINT ( 'NONE',  ( 1064.084554278235828, 213.7727712024234847, -101.5343155069797092 ) ) ;
#4470 = CARTESIAN_POINT ( 'NONE',  ( 1279.096649234352526, 777.1905723341336625, 161.1337007847569112 ) ) ;
#4471 = CARTESIAN_POINT ( 'NONE',  ( 618.2243654227125944, 26.90426587149494608, 28.02150662071177933 ) ) ;
#4472 = CARTESIAN_POINT ( 'NONE',  ( 1311.620065285990449, 579.0235634654025034, -32.27455423519275257 ) ) ;
#4473 = CARTESIAN_POINT ( 'NONE',  ( 905.7866411843145897, 94.52159510788278851, -96.19316294439190074 ) ) ;
#4474 = CARTESIAN_POINT ( 'NONE',  ( 1424.355687097330019, 970.8515337196325845, -4.302099539077683943 ) ) ;
#4475 = CARTESIAN_POINT ( 'NONE',  ( 1331.050511210652758, 909.2110884302442173, 123.3681260677368385 ) ) ;
#4476 = CARTESIAN_POINT ( 'NONE',  ( 791.8716381217101343, 52.02618968751230000, -52.21604770253929217 ) ) ;
#4477 = CARTESIAN_POINT ( 'NONE',  ( 1216.943087847847210, 505.0206318942642838, 22.41518832728457156 ) ) ;
#4478 = CARTESIAN_POINT ( 'NONE',  ( 791.9366286179413237, 51.24538488311257822, -70.26140886535482366 ) ) ;
#4479 = CARTESIAN_POINT ( 'NONE',  ( 788.6746368047139413, 85.69548632703545366, -3.674602683964092176 ) ) ;
#4480 = CARTESIAN_POINT ( 'NONE',  ( 676.0953777436864129, 31.09491456848345692, 14.91611260651398041 ) ) ;
#4481 = CARTESIAN_POINT ( 'NONE',  ( 788.9840820852773504, 82.60934096835887885, 25.16168485238107522 ) ) ;
#4482 = CARTESIAN_POINT ( 'NONE',  ( 1325.859775350042810, 918.0751336226163630, 138.8004548434133198 ) ) ;
#4483 = ORIENTED_EDGE ( 'NONE', *, *, #1622, .F. ) ;
#4484 = CARTESIAN_POINT ( 'NONE',  ( 1467.882424584933915, 869.7814244259840279, -95.70507451013386913 ) ) ;
#4485 = CARTESIAN_POINT ( 'NONE',  ( 1392.981891216193389, 549.9253095083643075, -172.8462493183237143 ) ) ;
#4486 = CARTESIAN_POINT ( 'NONE',  ( 1132.372651362782790, 401.8438518236856680, 73.26634940872793322 ) ) ;
#4487 = CARTESIAN_POINT ( 'NONE',  ( 1454.957051499911131, 925.6594597582255801, -55.32489956287352584 ) ) ;
#4488 = CARTESIAN_POINT ( 'NONE',  ( 1370.949321222301023, 949.3407990804581686, 85.60479572300447160 ) ) ;
#4489 = CARTESIAN_POINT ( 'NONE',  ( 618.6202297366144194, 3.822006482656620907, -40.08589681295387663 ) ) ;
#4490 = CARTESIAN_POINT ( 'NONE',  ( 1083.501118438273579, 367.7807739875403286, 84.39430334728861283 ) ) ;
#4491 = CARTESIAN_POINT ( 'NONE',  ( 579.4672862592951788, -2.340158368570526726, -12.26156770718180056 ) ) ;
#4492 = CARTESIAN_POINT ( 'NONE',  ( 1307.900969352100446, 438.2662434371317772, -148.0236116440567002 ) ) ;
#4493 = CARTESIAN_POINT ( 'NONE',  ( 1156.865836199501018, 505.8674671263039500, 148.0560593189706253 ) ) ;
#4494 = CARTESIAN_POINT ( 'NONE',  ( 896.1813579755337287, 157.4525618010820267, 13.46178715673621973 ) ) ;
#4495 = CARTESIAN_POINT ( 'NONE',  ( 993.5957824455438185, 260.4644753489288860, 89.94099837959419119 ) ) ;
#4496 = CARTESIAN_POINT ( 'NONE',  ( 1354.162177259668624, 975.7313977785213410, 110.0140752638057080 ) ) ;
#4497 = CARTESIAN_POINT ( 'NONE',  ( 560.0000000000000000, -6.715701159393892006, -15.39939272752513588 ) ) ;
#4498 = CARTESIAN_POINT ( 'NONE',  ( 1404.988596438926152, 895.8098063022565611, -7.195125902977118848 ) ) ;
#4499 = CARTESIAN_POINT ( 'NONE',  ( 1382.638749575974771, 999.2680243749800866, 81.98431828378019759 ) ) ;
#4500 = CARTESIAN_POINT ( 'NONE',  ( 992.2547045205623135, 266.7177339716469646, 102.2774788372715307 ) ) ;
#4501 = CARTESIAN_POINT ( 'NONE',  ( 618.2030662714398659, 28.43902824267864204, 47.34672595028153808 ) ) ;
#4502 = CARTESIAN_POINT ( 'NONE',  ( 847.4716120247798017, 84.60035126258651417, -64.64690326533069253 ) ) ;
#4503 = CARTESIAN_POINT ( 'NONE',  ( 731.8915996528113510, 71.43717130577817898, 60.27024857108234812 ) ) ;
#4504 = CARTESIAN_POINT ( 'NONE',  ( 1126.482548721515968, 420.5638325013253507, 80.49982508402420933 ) ) ;
#4505 = CARTESIAN_POINT ( 'NONE',  ( 1404.474973105641084, 783.8697552886214908, -40.16141768839495541 ) ) ;
#4506 = CARTESIAN_POINT ( 'NONE',  ( 961.2265909520708647, 124.2883299480900376, -106.1629863793592818 ) ) ;
#4507 = CARTESIAN_POINT ( 'NONE',  ( 791.7935469401053297, 52.75253144512113579, -68.15791578507815984 ) ) ;
#4508 = CARTESIAN_POINT ( 'NONE',  ( 845.3193317229388413, 102.2312521171964192, 1.093891708218361014 ) ) ;
#4509 = CARTESIAN_POINT ( 'NONE',  ( 991.5201313766170870, 270.1035003879130727, 89.96526031301775106 ) ) ;
#4510 = CARTESIAN_POINT ( 'NONE',  ( 1063.941982872205017, 214.4026382890257025, -82.15940806727815016 ) ) ;
#4511 = CARTESIAN_POINT ( 'NONE',  ( 842.5411744584317830, 124.6761925826473316, 17.66339225417960890 ) ) ;
#4512 = CARTESIAN_POINT ( 'NONE',  ( 1263.530966369740327, 384.0911563645373690, -149.9863816856482117 ) ) ;
#4513 = CARTESIAN_POINT ( 'NONE',  ( 998.9723205527525351, 235.2983710200908547, 8.898622339861452346 ) ) ;
#4514 = CARTESIAN_POINT ( 'NONE',  ( 1371.810034859374355, 839.6348585525086037, 38.67367580063223187 ) ) ;
#4515 = CARTESIAN_POINT ( 'NONE',  ( 788.8891083416228867, 83.61385999560145876, 27.55840195467764886 ) ) ;
#4516 = CARTESIAN_POINT ( 'NONE',  ( 786.6787408666605188, 106.9230517847442314, 68.31002689390399496 ) ) ;
#4517 = ORIENTED_EDGE ( 'NONE', *, *, #887, .T. ) ;
#4518 = CARTESIAN_POINT ( 'NONE',  ( 1448.627089832567890, 708.4965924940615878, -144.4197774669998182 ) ) ;
#4519 = CARTESIAN_POINT ( 'NONE',  ( 1267.688166735876621, 373.3122312499510826, -159.0400657452423161 ) ) ;
#4520 = CARTESIAN_POINT ( 'NONE',  ( 1243.952322725913064, 589.6201728463377094, 84.28209652543256425 ) ) ;
#4521 = CARTESIAN_POINT ( 'NONE',  ( 560.0000000000001137, 4.129339631248313047, 21.41316991911267209 ) ) ;
#4522 = CARTESIAN_POINT ( 'NONE',  ( 1338.461069199334133, 520.8025023299685472, -133.1826141998043340 ) ) ;
#4523 = CARTESIAN_POINT ( 'NONE',  ( 1234.057571873639063, 613.0121795920809973, 98.55349655833457234 ) ) ;
#4524 = CARTESIAN_POINT ( 'NONE',  ( 1447.498443593419552, 710.4234193581427235, -141.7622579498819846 ) ) ;
#4525 = CARTESIAN_POINT ( 'NONE',  ( 840.7077382461426396, 139.7058061541829090, 82.29193935056616738 ) ) ;
#4526 = CARTESIAN_POINT ( 'NONE',  ( 1396.092565868538713, 1012.590491765701131, 63.86307886607241358 ) ) ;
#4527 = CARTESIAN_POINT ( 'NONE',  ( 840.5870586798860131, 140.6305677221477595, 68.53827835036040028 ) ) ;
#4528 = CARTESIAN_POINT ( 'NONE',  ( 993.5957824455438185, 260.4644753489288860, 89.94099837959419119 ) ) ;
#4529 = CARTESIAN_POINT ( 'NONE',  ( 1284.662393398142058, 766.0839521369787235, 144.5439054335743094 ) ) ;
#4530 = CARTESIAN_POINT ( 'NONE',  ( 559.9999999999998863, 11.25630285317137513, 36.45529895515286256 ) ) ;
#4531 = CARTESIAN_POINT ( 'NONE',  ( 1405.807578775553793, 659.1059045821880318, -127.4370848901362479 ) ) ;
#4532 = CARTESIAN_POINT ( 'NONE',  ( 1159.317648012921836, 498.8456146378827611, 139.6274536047895651 ) ) ;
#4533 = CARTESIAN_POINT ( 'NONE',  ( 1128.702021905705578, 413.4893961000300919, 66.35720272101400496 ) ) ;
#4534 = CARTESIAN_POINT ( 'NONE',  ( 954.0955995192047112, 163.3112673344847110, -18.98870176358141393 ) ) ;
#4535 = CARTESIAN_POINT ( 'NONE',  ( 1015.771470664965250, 156.9758305548725730, -116.0263959821709818 ) ) ;
#4536 = CARTESIAN_POINT ( 'NONE',  ( 1100.773629778474742, 306.0306789175139102, -31.86830895556892784 ) ) ;
#4537 = CARTESIAN_POINT ( 'NONE',  ( 1445.195951014813545, 714.3471655623862944, -144.4369670437278046 ) ) ;
#4538 = CARTESIAN_POINT ( 'NONE',  ( 1413.961438453554820, 986.2017529877364268, 16.69071484887806278 ) ) ;
#4539 = CARTESIAN_POINT ( 'NONE',  ( 1378.644337869877972, 1005.335798771474629, 81.71425269544596404 ) ) ;
#4540 = CARTESIAN_POINT ( 'NONE',  ( 848.4226552933586163, 76.97184497306379569, -58.88196287887082292 ) ) ;
#4541 = CARTESIAN_POINT ( 'NONE',  ( 618.6984641121915729, -0.6229357436230381628, -47.18531836875552443 ) ) ;
#4542 = CARTESIAN_POINT ( 'NONE',  ( 989.9329548699915904, 277.5356431484422046, 115.1423367952341295 ) ) ;
#4543 = CARTESIAN_POINT ( 'NONE',  ( 788.3124004501950139, 89.53157221092378393, 5.992881580658471208 ) ) ;
#4544 = CARTESIAN_POINT ( 'NONE',  ( 999.9483015656165890, 230.8375185652147366, 33.76363055007660563 ) ) ;
#4545 = CARTESIAN_POINT ( 'NONE',  ( 1385.310479188135787, 926.7595520349866547, 54.11090879727331782 ) ) ;
#4546 = CARTESIAN_POINT ( 'NONE',  ( 1350.718860827541221, 981.1465040624915446, 119.1308117574452581 ) ) ;
#4547 = CARTESIAN_POINT ( 'NONE',  ( 1424.386146859006431, 970.8065507644804484, -4.362563444370958443 ) ) ;
#4548 = CARTESIAN_POINT ( 'NONE',  ( 1218.870424179498968, 328.2137359372047172, -140.9197112201349853 ) ) ;
#4549 = CARTESIAN_POINT ( 'NONE',  ( 1354.489115533717722, 486.0615547476522806, -171.2878223448576875 ) ) ;
#4550 = CARTESIAN_POINT ( 'NONE',  ( 579.3931086919722020, 7.925772789461466239, 21.33423700110887822 ) ) ;
#4551 = CARTESIAN_POINT ( 'NONE',  ( 1207.179247165451216, 530.4120676569108355, 91.23920596574517106 ) ) ;
#4552 = CARTESIAN_POINT ( 'NONE',  ( 618.2171453972279096, 27.36348154987985026, 31.27748434972164304 ) ) ;
#4553 = CARTESIAN_POINT ( 'NONE',  ( 676.9857046766006761, 9.743085012122600475, -50.32724490479436241 ) ) ;
#4554 = CARTESIAN_POINT ( 'NONE',  ( 560.0000000000000000, 6.921959552603071941, 28.77219050020554647 ) ) ;
#4555 = CARTESIAN_POINT ( 'NONE',  ( 1080.566258505757332, 378.2831455523823934, 109.2110539607581217 ) ) ;
#4556 = PERSON_AND_ORGANIZATION_ROLE ( 'creator' ) ;
#4557 = CARTESIAN_POINT ( 'NONE',  ( 559.9999999999995453, 7.151621693892464826, 29.34332763844164660 ) ) ;
#4558 = CARTESIAN_POINT ( 'NONE',  ( 1123.558050386469176, 429.9188902872196536, 120.8194741373780943 ) ) ;
#4559 = CARTESIAN_POINT ( 'NONE',  ( 559.9999999999993179, 11.42710636690618564, 35.76207640092663098 ) ) ;
#4560 = CARTESIAN_POINT ( 'NONE',  ( 1160.344992639538305, 312.6907856601486060, -99.59901167634092189 ) ) ;
#4561 = CARTESIAN_POINT ( 'NONE',  ( 1122.093896405366422, 434.5819265086317955, 129.5458816937066331 ) ) ;
#4562 = CARTESIAN_POINT ( 'NONE',  ( 1239.328461952448151, 600.5335257406641176, 76.73454613653387923 ) ) ;
#4563 = CARTESIAN_POINT ( 'NONE',  ( 676.6444996435604935, 17.95413922040511778, -24.04940379827254660 ) ) ;
#4564 = CARTESIAN_POINT ( 'NONE',  ( 1267.603537350344368, 373.5267198251756895, -160.6544210591979436 ) ) ;
#4565 = CARTESIAN_POINT ( 'NONE',  ( 1395.231793085715253, 799.6350450088284560, -37.68700298012671368 ) ) ;
#4566 = CARTESIAN_POINT ( 'NONE',  ( 676.3500209073820315, 25.01024952212909369, -2.695086120220675951 ) ) ;
#4567 = CARTESIAN_POINT ( 'NONE',  ( 1037.166533483773719, 322.9350570715503750, 101.5817883970198494 ) ) ;
#4568 = CARTESIAN_POINT ( 'NONE',  ( 1212.151861610567039, 347.4669980237009668, -109.8389025982673246 ) ) ;
#4569 = CARTESIAN_POINT ( 'NONE',  ( 1469.004343748059910, 868.0771571455642288, -100.9340355015480100 ) ) ;
#4570 = CARTESIAN_POINT ( 'NONE',  ( 1155.205418990217595, 510.6225418326308727, 151.9597421212184258 ) ) ;
#4571 = CARTESIAN_POINT ( 'NONE',  ( 1138.210576374279299, 383.1907309641272263, 10.97762342683646253 ) ) ;
#4572 = CARTESIAN_POINT ( 'NONE',  ( 1326.210024094542860, 683.1740454580882442, 21.77475071707370802 ) ) ;
#4573 = CARTESIAN_POINT ( 'NONE',  ( 1093.072346765804014, 333.6253074689608979, 47.52352454553426497 ) ) ;
#4574 = CARTESIAN_POINT ( 'NONE',  ( 1277.460755883581214, 780.4463118317710268, 153.4646409870959474 ) ) ;
#4575 = CARTESIAN_POINT ( 'NONE',  ( 1266.143115027810609, 377.3280911272051981, -151.4488137625411923 ) ) ;
#4576 = CARTESIAN_POINT ( 'NONE',  ( 905.8122043382367110, 94.35619392621954660, -96.05545114671534179 ) ) ;
#4577 = CARTESIAN_POINT ( 'NONE',  ( 1107.755378565241699, 281.0840035319309322, -71.74562656692107510 ) ) ;
#4578 = CARTESIAN_POINT ( 'NONE',  ( 1403.917198270379458, 1001.035080001282836, 47.93210082076963374 ) ) ;
#4579 = CARTESIAN_POINT ( 'NONE',  ( 618.7144745365143308, -1.183573130559563813, -33.78046997200608104 ) ) ;
#4580 = CARTESIAN_POINT ( 'NONE',  ( 559.9999999999992042, 4.539780880158822640, 22.54851572721272035 ) ) ;
#4581 = CARTESIAN_POINT ( 'NONE',  ( 841.1342876708440599, 136.1503641355695891, 51.26052542141810875 ) ) ;
#4582 = CARTESIAN_POINT ( 'NONE',  ( 1384.991673614108095, 565.8736088063058105, -148.3482498630640976 ) ) ;
#4583 = CARTESIAN_POINT ( 'NONE',  ( 1261.399670698159071, 687.9203232235844325, 132.3864937141944722 ) ) ;
#4584 = CARTESIAN_POINT ( 'NONE',  ( 1121.274191575289251, 437.1700540175896776, 116.4832047693613362 ) ) ;
#4585 = APPROVAL_DATE_TIME ( #2568, #3234 ) ;
#4586 = CARTESIAN_POINT ( 'NONE',  ( 1259.707085864617056, 691.5903632132358325, 137.8633469701580907 ) ) ;
#4587 = CARTESIAN_POINT ( 'NONE',  ( 1354.679721304892837, 974.9232646812381518, 121.6052558726910036 ) ) ;
#4588 = CARTESIAN_POINT ( 'NONE',  ( 579.3287078197862456, 16.89549373797088450, 40.69187298823770504 ) ) ;
#4589 = CARTESIAN_POINT ( 'NONE',  ( 1061.562732664676105, 223.9910086431693514, -86.75454625086700844 ) ) ;
#4590 = CARTESIAN_POINT ( 'NONE',  ( 675.4764949176280879, 45.79295362192037544, 52.06926510797334373 ) ) ;
#4591 = CARTESIAN_POINT ( 'NONE',  ( 618.2142125331082525, 27.55475810337393483, 32.89129253981677437 ) ) ;
#4592 = CARTESIAN_POINT ( 'NONE',  ( 1008.983183159865689, 188.6813909728208216, -48.94762864123420343 ) ) ;
#4593 = CARTESIAN_POINT ( 'NONE',  ( 1426.432946091882059, 621.1450815979728759, -169.8817221238996353 ) ) ;
#4594 = CARTESIAN_POINT ( 'NONE',  ( 1229.259388977375011, 473.0452258305741111, -27.81922293139753322 ) ) ;
#4595 = CARTESIAN_POINT ( 'NONE',  ( 1009.805804649333254, 184.7713736139338891, -80.00607173000787498 ) ) ;
#4596 = CARTESIAN_POINT ( 'NONE',  ( 1363.728294122545094, 736.5807645595142503, -3.577523114544240102 ) ) ;
#4597 = CARTESIAN_POINT ( 'NONE',  ( 1037.000302929759528, 323.6106009781148032, 103.5372750783217981 ) ) ;
#4598 = CARTESIAN_POINT ( 'NONE',  ( 1165.739458448798587, 295.5460919669157533, -108.0455142685573122 ) ) ;
#4599 = CARTESIAN_POINT ( 'NONE',  ( 897.4325569275874841, 149.2433142251175866, -4.746256435133648033 ) ) ;
#4600 = CARTESIAN_POINT ( 'NONE',  ( 1117.722688564709415, 245.4809980127186293, -122.0978999906728575 ) ) ;
#4601 = CARTESIAN_POINT ( 'NONE',  ( 579.3304551131091102, 16.65067843485623911, 40.84334921042132294 ) ) ;
#4602 = CARTESIAN_POINT ( 'NONE',  ( 788.1370546303706988, 91.38931696253069958, 10.85094712597342159 ) ) ;
#4603 = CARTESIAN_POINT ( 'NONE',  ( 559.9999999999997726, -1.734553133468718977, 2.998191761999851934 ) ) ;
#4604 = CARTESIAN_POINT ( 'NONE',  ( 900.3614400424978612, 130.1628208270376206, -10.99359363777492682 ) ) ;
#4605 = CARTESIAN_POINT ( 'NONE',  ( 898.2552627038196533, 143.9785512261676672, 19.29020920839056785 ) ) ;
#4606 = CARTESIAN_POINT ( 'NONE',  ( 1118.911694642084285, 444.7064080025098747, 134.6018985356251108 ) ) ;
#4607 = CARTESIAN_POINT ( 'NONE',  ( 843.6611506604039050, 115.5612062509644886, -4.176070104116691439 ) ) ;
#4608 = CARTESIAN_POINT ( 'NONE',  ( 1069.187079898740876, 193.1138861214441249, -124.4751589458763874 ) ) ;
#4609 = CARTESIAN_POINT ( 'NONE',  ( 1267.752574818074891, 373.1408763704508829, -160.7816365328287986 ) ) ;
#4610 = CARTESIAN_POINT ( 'NONE',  ( 1438.314866813389244, 843.4113260070538445, -75.72643413674147439 ) ) ;
#4611 = CARTESIAN_POINT ( 'NONE',  ( 1307.747375877404238, 720.0172136380036818, 76.30025662298756117 ) ) ;
#4612 = CARTESIAN_POINT ( 'NONE',  ( 1172.400703900429789, 461.3650397095230460, 77.36047914898659883 ) ) ;
#4613 = CARTESIAN_POINT ( 'NONE',  ( 1084.062396241957003, 365.7728008808161917, 79.94549244000759813 ) ) ;
#4614 = CARTESIAN_POINT ( 'NONE',  ( 579.5121336106836907, -8.509545466572374650, -36.40875924437861499 ) ) ;
#4615 = CARTESIAN_POINT ( 'NONE',  ( 579.3728024933142251, 10.74855873023523856, 28.92934913309071732 ) ) ;
#4616 = CARTESIAN_POINT ( 'NONE',  ( 560.0000000000000000, 11.46664292184731693, 30.98667905250110266 ) ) ;
#4617 = PERSON_AND_ORGANIZATION ( #6180, #1047 ) ;
#4618 = CARTESIAN_POINT ( 'NONE',  ( 893.9520168218245999, 172.1847725269240357, 77.84310407122460163 ) ) ;
#4619 = CARTESIAN_POINT ( 'NONE',  ( 1309.878631605510918, 835.7134266694971529, 139.8022417329470102 ) ) ;
#4620 = CARTESIAN_POINT ( 'NONE',  ( 840.2027650746400695, 143.7945412005642822, 85.24387778690126538 ) ) ;
#4621 = CARTESIAN_POINT ( 'NONE',  ( 1331.163953964939310, 536.6222283446664960, -113.0112172589294346 ) ) ;
#4622 = CARTESIAN_POINT ( 'NONE',  ( 1389.776181932626969, 1021.918523230091751, 77.10899024834452575 ) ) ;
#4623 = CARTESIAN_POINT ( 'NONE',  ( 1124.338473344635304, 427.3989697450688823, 94.74559972862292057 ) ) ;
#4624 = CARTESIAN_POINT ( 'NONE',  ( 579.4800445339152475, -4.099152409035489164, -18.78549649826096868 ) ) ;
#4625 = CARTESIAN_POINT ( 'NONE',  ( 1311.156579892530317, 430.5498906360264755, -164.8535456845487204 ) ) ;
#4626 = CARTESIAN_POINT ( 'NONE',  ( 579.4514046597884089, -0.1475067891024614275, -4.454804975896889729 ) ) ;
#4627 = CARTESIAN_POINT ( 'NONE',  ( 579.3279246637230244, 17.03931979060894619, 33.95587852915744520 ) ) ;
#4628 = CARTESIAN_POINT ( 'NONE',  ( 618.7287076051819668, -2.034829875761748674, -36.94049187344682394 ) ) ;
#4629 = CARTESIAN_POINT ( 'NONE',  ( 618.3150880477984401, 21.46043511180174335, 4.045763324148024864 ) ) ;
#4630 = CARTESIAN_POINT ( 'NONE',  ( 560.0000000000000000, -6.376333132172657514, -32.26309422847359087 ) ) ;
#4631 = CARTESIAN_POINT ( 'NONE',  ( 1078.066993580609733, 387.2346992095716018, 134.1901070570489765 ) ) ;
#4632 = CARTESIAN_POINT ( 'NONE',  ( 1388.501947416464418, 921.7327735551583601, 28.67570790779746304 ) ) ;
#4633 = CARTESIAN_POINT ( 'NONE',  ( 1383.591561745046874, 819.5214620588646994, 10.10532876903418931 ) ) ;
#4634 = CARTESIAN_POINT ( 'NONE',  ( 579.4293496251929128, 2.901848292814747765, 5.917576673520088981 ) ) ;
#4635 = CARTESIAN_POINT ( 'NONE',  ( 618.2035923525517092, 28.39079615631290565, 46.28269626580662788 ) ) ;
#4636 = CARTESIAN_POINT ( 'NONE',  ( 560.0000000000000000, 6.078214894803550372, -1.609540689475119857 ) ) ;
#4637 = CARTESIAN_POINT ( 'NONE',  ( 1311.999035780377199, 428.5628768160119648, -163.7456858934189654 ) ) ;
#4638 = CARTESIAN_POINT ( 'NONE',  ( 1475.727291019211407, 784.5940238965919207, -142.9326533482554566 ) ) ;
#4639 = CARTESIAN_POINT ( 'NONE',  ( 952.2897557593644251, 173.0794839509541418, -31.56976001531995024 ) ) ;
#4640 = CARTESIAN_POINT ( 'NONE',  ( 788.6015142794605026, 86.65484078298651127, 34.74384594779959912 ) ) ;
#4641 = CARTESIAN_POINT ( 'NONE',  ( 1457.501952045884082, 813.2504151190480570, -102.6235820593350354 ) ) ;
#4642 = APPROVAL_PERSON_ORGANIZATION ( #2477, #5175, #6510 ) ;
#4643 = CARTESIAN_POINT ( 'NONE',  ( 560.0000000000000000, 2.926725973831514782, 17.99304549284758536 ) ) ;
#4644 = CARTESIAN_POINT ( 'NONE',  ( 734.9916641926902230, 25.29611629380422499, -62.84251279369065912 ) ) ;
#4645 = CARTESIAN_POINT ( 'NONE',  ( 618.3504574835653784, 20.09882150612863683, 33.42846605890166245 ) ) ;
#4646 = CARTESIAN_POINT ( 'NONE',  ( 1036.841091418067890, 324.2578367820030962, 105.4714914363281366 ) ) ;
#4647 = CARTESIAN_POINT ( 'NONE',  ( 1126.091693350338346, 421.8492419472256643, 107.1825387365700806 ) ) ;
#4648 = CARTESIAN_POINT ( 'NONE',  ( 1167.609917147508440, 289.5601082856323956, -130.3712978627702910 ) ) ;
#4649 = CARTESIAN_POINT ( 'NONE',  ( 1244.748028054364113, 587.7040307706309932, 55.19979493086242428 ) ) ;
#4650 = CARTESIAN_POINT ( 'NONE',  ( 675.2943972108688513, 50.08668111336035622, 57.38094198851008798 ) ) ;
#4651 = CARTESIAN_POINT ( 'NONE',  ( 847.1019784036820965, 87.60096026935565305, -59.60314022704827153 ) ) ;
#4652 = CARTESIAN_POINT ( 'NONE',  ( 579.3551498544533160, 13.20555883119383367, 35.16381186951789317 ) ) ;
#4653 = CARTESIAN_POINT ( 'NONE',  ( 1341.633386043682094, 891.1407485772924701, 94.10731094564388854 ) ) ;
#4654 = CARTESIAN_POINT ( 'NONE',  ( 579.4724095029657747, -3.046585990818447165, -14.86995812494837210 ) ) ;
#4655 = CARTESIAN_POINT ( 'NONE',  ( 960.8378501547404085, 126.4066631015615911, -104.6371151533951576 ) ) ;
#4656 = CARTESIAN_POINT ( 'NONE',  ( 1303.168128224846214, 597.3214028961018585, -29.68642569193714209 ) ) ;
#4657 = CARTESIAN_POINT ( 'NONE',  ( 734.2115231612439175, 36.95344623602375123, -27.86729293570015287 ) ) ;
#4658 = CARTESIAN_POINT ( 'NONE',  ( 1397.029729865520949, 675.2629393146038410, -107.3160274144298967 ) ) ;
#4659 = CARTESIAN_POINT ( 'NONE',  ( 1234.328287600100793, 459.8865378576215335, -47.63770891381078343 ) ) ;
#4660 = CARTESIAN_POINT ( 'NONE',  ( 1390.323373992425104, 1021.110430371470216, 68.97339057643871740 ) ) ;
#4661 = CARTESIAN_POINT ( 'NONE',  ( 1182.081322074919626, 433.5797123731522902, 2.113117147571196508 ) ) ;
#4662 = CARTESIAN_POINT ( 'NONE',  ( 1383.369483404733955, 569.0988091038950643, -153.8345337786078062 ) ) ;
#4663 = CARTESIAN_POINT ( 'NONE',  ( 1273.736115874226471, 787.8853160393596227, 171.1998397615002432 ) ) ;
#4664 = CARTESIAN_POINT ( 'NONE',  ( 787.8060397598085274, 94.89928616277042295, 20.64344515696264182 ) ) ;
#4665 = CARTESIAN_POINT ( 'NONE',  ( 789.5424397210186953, 76.70137128872590893, 10.72275646543840821 ) ) ;
#4666 = CARTESIAN_POINT ( 'NONE',  ( 1005.132310537395256, 206.6508723655770723, -13.66608541038028157 ) ) ;
#4667 = CARTESIAN_POINT ( 'NONE',  ( 559.9999999999988631, -0.3763315927287217422, 7.635654468005718343 ) ) ;
#4668 = CARTESIAN_POINT ( 'NONE',  ( 675.2969362222708014, 49.98600412798170822, 52.68646394516630949 ) ) ;
#4669 = CARTESIAN_POINT ( 'NONE',  ( 618.3478270089578928, 19.54065591280099312, -2.227821490304927377 ) ) ;
#4670 = CARTESIAN_POINT ( 'NONE',  ( 1426.317418246088891, 621.3605635308460933, -167.1056133484027271 ) ) ;
#4671 = CARTESIAN_POINT ( 'NONE',  ( 1069.111530847814038, 193.4133717805318611, -125.8715296835766537 ) ) ;
#4672 = CARTESIAN_POINT ( 'NONE',  ( 1152.021981460734878, 339.1962254645114285, -60.57356131381419573 ) ) ;
#4673 = CARTESIAN_POINT ( 'NONE',  ( 1045.097568923761628, 290.8190210605574748, 60.11768987999653291 ) ) ;
#4674 = CARTESIAN_POINT ( 'NONE',  ( 1438.141221367428443, 726.3982672450343898, -119.9819406861757329 ) ) ;
#4675 = CARTESIAN_POINT ( 'NONE',  ( 1131.536038146103692, 404.5086469548334662, 77.79192765354386552 ) ) ;
#4676 = CARTESIAN_POINT ( 'NONE',  ( 579.5131988046479137, -8.648941367048456286, -38.55945649268841890 ) ) ;
#4677 = CARTESIAN_POINT ( 'NONE',  ( 1264.197239985138594, 681.8543545858454991, 123.3086361730386784 ) ) ;
#4678 = CARTESIAN_POINT ( 'NONE',  ( 1333.616601000086348, 668.3938431808415999, 0.001971757737556645296 ) ) ;
#4679 = CARTESIAN_POINT ( 'NONE',  ( 894.4208022093906720, 169.1135927295043473, 71.80515795794750034 ) ) ;
#4680 = CARTESIAN_POINT ( 'NONE',  ( 1417.984773190634769, 636.6930075965375408, -153.8980948188736022 ) ) ;
#4681 = CARTESIAN_POINT ( 'NONE',  ( 1087.584729602322341, 353.1748046728961299, 53.47085849850166284 ) ) ;
#4682 = CARTESIAN_POINT ( 'NONE',  ( 1247.592078859173171, 717.8555155242927412, 169.7542461593413066 ) ) ;
#4683 = CARTESIAN_POINT ( 'NONE',  ( 618.5672808565942660, 6.852955007302153234, -34.22698268278982425 ) ) ;
#4684 = CARTESIAN_POINT ( 'NONE',  ( 1307.253174603040634, 840.5469722337769554, 147.6201273971476553 ) ) ;
#4685 = CARTESIAN_POINT ( 'NONE',  ( 1125.753849619666880, 422.8867204852525674, 85.25420038425441760 ) ) ;
#4686 = CARTESIAN_POINT ( 'NONE',  ( 579.5070574664450760, -7.810685194759694916, -33.89647824053839287 ) ) ;
#4687 = CC_DESIGN_DATE_AND_TIME_ASSIGNMENT ( #5144, #3257, ( #4112 ) ) ;
#4688 = CARTESIAN_POINT ( 'NONE',  ( 1245.762318272153152, 430.2441743667289984, -68.62931096990388369 ) ) ;
#4689 = CARTESIAN_POINT ( 'NONE',  ( 1426.946191979683135, 620.2009187668454615, -170.5364415398394158 ) ) ;
#4690 = CARTESIAN_POINT ( 'NONE',  ( 1433.850925258909911, 921.4761433956804240, -37.28857549090512435 ) ) ;
#4691 = CARTESIAN_POINT ( 'NONE',  ( 734.1265235738846968, 38.22046703889812846, -24.33360194835928780 ) ) ;
#4692 = CARTESIAN_POINT ( 'NONE',  ( 1448.603938031750886, 899.0658815377514657, -65.46606493698665474 ) ) ;
#4693 = CARTESIAN_POINT ( 'NONE',  ( 991.8050323952701319, 268.8137633831297535, 106.0064630167877908 ) ) ;
#4694 = CARTESIAN_POINT ( 'NONE',  ( 731.5980482002896679, 75.72910087878133822, 57.34013030734972460 ) ) ;
#4695 = CARTESIAN_POINT ( 'NONE',  ( 1386.677705921666984, 814.2379282729713168, -17.91165223092983183 ) ) ;
#4696 = CARTESIAN_POINT ( 'NONE',  ( 1215.124345308151533, 338.9257777473936812, -135.9648339220858588 ) ) ;
#4697 = CARTESIAN_POINT ( 'NONE',  ( 1371.996004147527856, 1015.434529916598308, 101.9172578428807725 ) ) ;
#4698 = CARTESIAN_POINT ( 'NONE',  ( 1134.935629227022901, 393.6247793347689026, 29.23694399092306284 ) ) ;
#4699 = CARTESIAN_POINT ( 'NONE',  ( 789.3586902153681422, 78.64623113962584000, 15.54601866396447463 ) ) ;
#4700 = CARTESIAN_POINT ( 'NONE',  ( 789.2053318743669479, 80.26914966737398061, 19.56352127534048790 ) ) ;
#4701 = CARTESIAN_POINT ( 'NONE',  ( 1079.409121486269896, 382.4262568452984397, 120.2989644367241482 ) ) ;
#4702 = CARTESIAN_POINT ( 'NONE',  ( 560.0000000000000000, -2.147663043172844954, 1.557497868422871523 ) ) ;
#4703 = CARTESIAN_POINT ( 'NONE',  ( 1015.773610031571252, 156.9754882564268996, -113.6231770507155261 ) ) ;
#4704 = CARTESIAN_POINT ( 'NONE',  ( 1427.204758872367393, 619.7256767693841084, -170.5478745179900955 ) ) ;
#4705 = CARTESIAN_POINT ( 'NONE',  ( 1347.278687500379874, 641.1078759998534906, -61.88947805693901216 ) ) ;
#4706 = CARTESIAN_POINT ( 'NONE',  ( 788.6980744421515510, 85.63397306001768072, 32.35129014390627589 ) ) ;
#4707 = CARTESIAN_POINT ( 'NONE',  ( 1459.586108751878328, 809.9725651840773253, -107.0589973902096403 ) ) ;
#4708 = CARTESIAN_POINT ( 'NONE',  ( 1089.043383532425423, 348.0230652873490271, 72.97481369938590490 ) ) ;
#4709 = CARTESIAN_POINT ( 'NONE',  ( 559.9999999999994316, -10.90579524322345506, -33.23099955643144199 ) ) ;
#4710 = CARTESIAN_POINT ( 'NONE',  ( 579.3698573438431367, 11.15833537207947046, 29.97261568119233033 ) ) ;
#4711 = CARTESIAN_POINT ( 'NONE',  ( 1232.514302863140529, 616.6901208089175270, 126.3299759580913957 ) ) ;
#4712 = CARTESIAN_POINT ( 'NONE',  ( 959.3230677223048133, 134.6729028335007001, -94.36938381286357469 ) ) ;
#4713 = CARTESIAN_POINT ( 'NONE',  ( 1131.769779487068035, 403.7127100249681462, 47.70653393069826365 ) ) ;
#4714 = CARTESIAN_POINT ( 'NONE',  ( 786.6096127773013222, 107.6806816660029540, 76.29304838977884629 ) ) ;
#4715 = CARTESIAN_POINT ( 'NONE',  ( 1450.111222780099524, 932.8157762880707651, -53.14184897098964200 ) ) ;
#4716 = CARTESIAN_POINT ( 'NONE',  ( 618.2913291334215273, 23.47983190281570032, 41.78428992122326946 ) ) ;
#4717 = CARTESIAN_POINT ( 'NONE',  ( 559.9999999999998863, 11.11015752902651244, 23.21961501113554860 ) ) ;
#4718 = CARTESIAN_POINT ( 'NONE',  ( 792.2990196514201671, 47.49059310349969110, -64.41423161548085830 ) ) ;
#4719 = CARTESIAN_POINT ( 'NONE',  ( 618.6984641121915729, -0.6229357436230381628, -47.18531836875552443 ) ) ;
#4720 = CARTESIAN_POINT ( 'NONE',  ( 1434.703272785453464, 849.0896190826247221, -68.56611778204178620 ) ) ;
#4721 = CARTESIAN_POINT ( 'NONE',  ( 676.6772067074332426, 17.16890244074999217, -26.49522804545248533 ) ) ;
#4722 = CARTESIAN_POINT ( 'NONE',  ( 1250.128999799733492, 418.8729401816409563, -105.8999198777323443 ) ) ;
#4723 = CARTESIAN_POINT ( 'NONE',  ( 1347.706127355624403, 985.8884055317336106, 135.7425469414516215 ) ) ;
#4724 = CARTESIAN_POINT ( 'NONE',  ( 786.6988371142667802, 106.7058297484897480, 66.92608614270643841 ) ) ;
#4725 = CARTESIAN_POINT ( 'NONE',  ( 788.6746368047139413, 85.69548632703545366, -3.674602683964092176 ) ) ;
#4726 = CARTESIAN_POINT ( 'NONE',  ( 1464.207095907453095, 911.9990005214222037, -77.38581426742167935 ) ) ;
#4727 = CARTESIAN_POINT ( 'NONE',  ( 786.6727333299570546, 107.0159723294882497, 76.12228756429395560 ) ) ;
#4728 = CARTESIAN_POINT ( 'NONE',  ( 946.9264516224609451, 202.3987318419335963, 28.36790423611308043 ) ) ;
#4729 = CARTESIAN_POINT ( 'NONE',  ( 1138.209462952194372, 383.2514052739905424, 41.52497972353097566 ) ) ;
#4730 = CARTESIAN_POINT ( 'NONE',  ( 1287.048126563486903, 761.3074831493760257, 118.9775785130390773 ) ) ;
#4731 = CARTESIAN_POINT ( 'NONE',  ( 676.7745495814309606, 14.83017677505903720, -33.84295121386858796 ) ) ;
#4732 = CARTESIAN_POINT ( 'NONE',  ( 560.0000000000000000, -2.397208077108411661, 0.6746880532880191739 ) ) ;
#4733 = CARTESIAN_POINT ( 'NONE',  ( 1474.833115059422880, 786.0007327309626817, -139.9191766137322759 ) ) ;
#4734 = CARTESIAN_POINT ( 'NONE',  ( 1121.209579443740722, 233.0332666290512975, -135.4025638092741133 ) ) ;
#4735 = CARTESIAN_POINT ( 'NONE',  ( 1421.825171251006850, 869.3374531299215278, -42.49805882630869291 ) ) ;
#4736 = CARTESIAN_POINT ( 'NONE',  ( 1212.051459573446436, 517.7637565340921810, 71.04827638746098728 ) ) ;
#4737 = CARTESIAN_POINT ( 'NONE',  ( 734.6774770563811217, 30.00170142215927171, -47.67658415615120759 ) ) ;
#4738 = CARTESIAN_POINT ( 'NONE',  ( 1045.097568923761628, 290.8190210605574748, 60.11768987999653291 ) ) ;
#4739 = CARTESIAN_POINT ( 'NONE',  ( 1469.887358704651206, 793.7771585750203940, -128.8567720054579695 ) ) ;
#4740 = CARTESIAN_POINT ( 'NONE',  ( 1296.736363713804394, 859.9032366223428880, 165.5922369484161436 ) ) ;
#4741 = CARTESIAN_POINT ( 'NONE',  ( 579.3762752450605831, 10.26545613894888298, 27.67560681420547652 ) ) ;
#4742 = CALENDAR_DATE ( 2026, 19, 9 ) ;
#4743 = CARTESIAN_POINT ( 'NONE',  ( 559.9999999999990905, 6.163800535108811651, 26.87310357945564121 ) ) ;
#4744 = CARTESIAN_POINT ( 'NONE',  ( 1379.488694041095641, 576.8410259965130535, -144.6848552536849297 ) ) ;
#4745 = CARTESIAN_POINT ( 'NONE',  ( 1209.851061340531942, 523.4352804186702315, 53.09778965806839324 ) ) ;
#4746 = CARTESIAN_POINT ( 'NONE',  ( 1054.003538787833122, 254.7081142723970970, -7.047263368935297478 ) ) ;
#4747 = CARTESIAN_POINT ( 'NONE',  ( 1459.129795562929530, 883.0764140941233791, -77.83857531307532440 ) ) ;
#4748 = CARTESIAN_POINT ( 'NONE',  ( 1342.754288567648700, 993.6730057715661815, 141.4527672140917218 ) ) ;
#4749 = CARTESIAN_POINT ( 'NONE',  ( 1363.048250195058927, 609.6425821845045903, -103.7173575711975531 ) ) ;
#4750 = CARTESIAN_POINT ( 'NONE',  ( 1283.877920821406406, 767.6495134490385226, 147.1686384376382080 ) ) ;
#4751 = CARTESIAN_POINT ( 'NONE',  ( 1122.956077872928063, 431.8067194694259570, 104.3456841856432789 ) ) ;
#4752 = CARTESIAN_POINT ( 'NONE',  ( 1382.013356138324980, 571.8162831391359759, -139.9969042595861879 ) ) ;
#4753 = CARTESIAN_POINT ( 'NONE',  ( 1110.412790884182414, 271.6471548827748848, -63.02715262912765581 ) ) ;
#4754 = CARTESIAN_POINT ( 'NONE',  ( 1466.151171088318051, 909.1279916276972699, -80.37715223936454834 ) ) ;
#4755 = CARTESIAN_POINT ( 'NONE',  ( 1403.878644037157073, 784.8741037342106210, -57.30546685984295863 ) ) ;
#4756 = CARTESIAN_POINT ( 'NONE',  ( 956.3505824221746252, 150.9820094168952380, -44.60844643697632961 ) ) ;
#4757 = CARTESIAN_POINT ( 'NONE',  ( 1060.950458357104708, 226.4721295802122825, -83.02763480865768031 ) ) ;
#4758 = CARTESIAN_POINT ( 'NONE',  ( 1387.830008931323164, 1024.792630183604160, 80.13553936503389252 ) ) ;
#4759 = CARTESIAN_POINT ( 'NONE',  ( 1079.911826914741596, 380.6264299334973202, 115.5319338237143114 ) ) ;
#4760 = CARTESIAN_POINT ( 'NONE',  ( 958.5904440934551758, 138.6703146487836307, -88.81664309437783800 ) ) ;
#4761 = CARTESIAN_POINT ( 'NONE',  ( 1079.369214147804541, 382.5874954210318606, 131.0714034407524196 ) ) ;
#4762 = CARTESIAN_POINT ( 'NONE',  ( 1306.104969242977177, 723.2718561873524550, 57.08574722598871176 ) ) ;
#4763 = CARTESIAN_POINT ( 'NONE',  ( 1405.824862432430336, 894.5034018673186438, 9.119652607059137495 ) ) ;
#4764 = CARTESIAN_POINT ( 'NONE',  ( 675.3346892979473068, 49.00981087959049631, 42.07568770491404564 ) ) ;
#4765 = CARTESIAN_POINT ( 'NONE',  ( 1295.638286787335346, 467.2901042566730325, -104.5360707713672639 ) ) ;
#4766 = CARTESIAN_POINT ( 'NONE',  ( 1168.269188769255607, 287.4863179081771136, -121.5729507298256209 ) ) ;
#4767 = CARTESIAN_POINT ( 'NONE',  ( 1475.052647863964921, 785.6541910004779083, -142.3114795424000647 ) ) ;
#4768 = CARTESIAN_POINT ( 'NONE',  ( 1437.095581244355571, 916.5474386002489382, -43.60267410963323442 ) ) ;
#4769 = CARTESIAN_POINT ( 'NONE',  ( 1177.483330862537059, 446.8030890772328689, 53.32430011484670018 ) ) ;
#4770 = CARTESIAN_POINT ( 'NONE',  ( 1378.460061206802720, 578.9062166924475150, -129.8809859913433797 ) ) ;
#4771 = CARTESIAN_POINT ( 'NONE',  ( 560.0000000000001137, 2.156357621046300466, 15.70365225201275017 ) ) ;
#4772 = CARTESIAN_POINT ( 'NONE',  ( 1352.025232366978571, 491.4079267169390164, -161.7294363170090605 ) ) ;
#4773 = CARTESIAN_POINT ( 'NONE',  ( 1189.141352242173753, 577.2286230221942560, 156.3262390402749986 ) ) ;
#4774 = CARTESIAN_POINT ( 'NONE',  ( 1087.013643669378780, 355.2758993526844051, 85.68563544341567706 ) ) ;
#4775 = CARTESIAN_POINT ( 'NONE',  ( 899.6637939902808512, 134.7396989663675413, -0.8858739057198449229 ) ) ;
#4776 = CARTESIAN_POINT ( 'NONE',  ( 618.3504574835653784, 20.09882150612863683, 33.42846605890166245 ) ) ;
#4777 = CARTESIAN_POINT ( 'NONE',  ( 1460.491215418309821, 881.0086579502606128, -86.93058141835621200 ) ) ;
#4778 = CARTESIAN_POINT ( 'NONE',  ( 1411.307918113160213, 990.1204700064801045, 22.23208073726121370 ) ) ;
#4779 = CARTESIAN_POINT ( 'NONE',  ( 1424.659654548826211, 935.4375884867264404, -6.386869923522405124 ) ) ;
#4780 = CARTESIAN_POINT ( 'NONE',  ( 904.9043613714391086, 100.3473527151109010, -77.39826563096481493 ) ) ;
#4781 = CARTESIAN_POINT ( 'NONE',  ( 1342.681629733302543, 993.7870228996080186, 141.0973925384337804 ) ) ;
#4782 = CARTESIAN_POINT ( 'NONE',  ( 846.7387785825878836, 90.54964560935893303, -54.46146272506599928 ) ) ;
#4783 = CARTESIAN_POINT ( 'NONE',  ( 992.4326353494245723, 265.8882281262247602, 100.5574471290770049 ) ) ;
#4784 = CARTESIAN_POINT ( 'NONE',  ( 560.0000000000005684, 11.29178726061603655, 25.61064760257359296 ) ) ;
#4785 = CARTESIAN_POINT ( 'NONE',  ( 849.0397273157012705, 71.94379116633447779, -71.28417000517221425 ) ) ;
#4786 = CARTESIAN_POINT ( 'NONE',  ( 1158.175687310547346, 319.6440426017521759, -67.39616945348009835 ) ) ;
#4787 = CARTESIAN_POINT ( 'NONE',  ( 1263.530966369740327, 384.0911563645373690, -149.9863816856482117 ) ) ;
#4788 = CARTESIAN_POINT ( 'NONE',  ( 844.8817015193677662, 105.6363760843783126, -25.65395206045191046 ) ) ;
#4789 = CARTESIAN_POINT ( 'NONE',  ( 955.8594309954996788, 153.6675031052752445, -39.03511559233572115 ) ) ;
#4790 = CARTESIAN_POINT ( 'NONE',  ( 1059.739533060595249, 231.3793759494203073, -75.52486181441760493 ) ) ;
#4791 = CARTESIAN_POINT ( 'NONE',  ( 1225.623995374022343, 632.9971359700946323, 152.5105609866218117 ) ) ;
#4792 = CARTESIAN_POINT ( 'NONE',  ( 1223.062665140488207, 639.0475876444212417, 148.3154527855843696 ) ) ;
#4793 = CARTESIAN_POINT ( 'NONE',  ( 1463.115623406835766, 804.4197862606907847, -122.7094913656844000 ) ) ;
#4794 = CARTESIAN_POINT ( 'NONE',  ( 559.9999999999998863, 10.53916519679173192, 36.29297775862362840 ) ) ;
#4795 = CARTESIAN_POINT ( 'NONE',  ( 1044.454710590222248, 293.3505892950563521, 33.55934660282115800 ) ) ;
#4796 = CARTESIAN_POINT ( 'NONE',  ( 1144.015703333359852, 364.7549469397274038, 9.720216198442104272 ) ) ;
#4797 = CARTESIAN_POINT ( 'NONE',  ( 786.8402454545283717, 105.1830287122969452, 57.85636627261137477 ) ) ;
#4798 = CARTESIAN_POINT ( 'NONE',  ( 1294.186731653425795, 470.7253590698811649, -99.33491987731322581 ) ) ;
#4799 = CARTESIAN_POINT ( 'NONE',  ( 1216.765393423095929, 334.2473699297507324, -131.0409698951260395 ) ) ;
#4800 = CARTESIAN_POINT ( 'NONE',  ( 618.7285240763141019, -2.330010346110385377, -49.26328351220217172 ) ) ;
#4801 = B_SPLINE_SURFACE_WITH_KNOTS ( 'NONE', 3, 3, ( 
 ( #6488, #1491, #3484, #2984, #3514, #4998, #4508, #5029, #5764, #2265, #2548, #4282, #3074, #5088, #5646, #4247, #53, #1117, #1584, #3043, #585, #701, #23 ),
 ( #5798, #1770, #6300, #5157, #2113, #1237, #3791, #2051, #2579, #1084, #5613, #206, #3262, #2610, #1054, #84, #6081, #5276, #4596, #3637, #3140, #5058, #6266 ),
 ( #525, #2728, #1736, #4566, #4066, #3105, #1553, #554, #3573, #5582, #4746, #2231, #4097, #2080, #4129, #6144, #3757, #735, #6112, #2761, #5122, #4779, #3605 ),
 ( #240, #4626, #1616, #5408, #3923, #2297, #2794, #376, #1306, #6367, #836, #4813, #4347, #1406, #2828, #5832, #3430, #3395, #3825, #5342, #4915, #5309, #341 ),
 ( #4846, #769, #308, #3295, #3958, #274, #5868, #1271, #4880, #4315, #2435, #4381, #6334, #1803, #5443, #908, #5900, #803, #1836, #2330, #3331, #4454, #2897 ),
 ( #1340, #3859, #3363, #1866, #5373, #2863, #2365, #6401, #3891, #5936, #1373, #2400, #871, #4418, #6436, #1901, #2933, #4948, #411, #6470, #1938, #946, #2967 ),
 ( #4982, #4491, #6504, #1442, #5477, #447, #2471, #1972, #5972, #3466, #3671, #2705, #2143, #1248, #5190, #6242, #3733, #1781, #2241, #5286, #3767, #2275, #3238 ),
 ( #6312, #4257, #1182, #1713, #4691, #5774, #2771, #3703, #4789, #4224, #251, #215, #2206, #3272, #5710, #649, #4293, #745, #1214, #616, #2673, #2738, #5644 ),
 ( #1115, #3138, #3206, #2640, #4657, #5155, #5677, #180, #4756, #1150, #5741, #148, #5252, #116, #4160, #6176, #6276, #1649, #3173, #710, #2175, #4192, #6209 ),
 ( #1681, #5222, #680, #4721, #1746, #3901, #4466, #881, #847, #5453, #4824, #6480, #2805, #2839, #3441, #3836, #4891, #2908, #5844, #4392, #5352, #352, #919 ),
 ( #4925, #5320, #6345, #6411, #3802, #814, #1282, #4858, #5810, #3307, #780, #1847, #286, #2874, #319, #5879, #1877, #2308, #4959, #4326, #2375, #2943, #5912 ),
 ( #4428, #1814, #2411, #1316, #1384, #3406, #387, #3342, #2341, #5419, #6445, #1911, #4358, #3870, #6378, #1351, #3933, #3373, #5383, #5947, #1416, #423, #2446 ),
 ( #4335, #4832, #329, #1722, #4267, #3879, #190, #6251, #5888, #5395, #1360, #3383, #295, #1790, #823, #1855, #3742, #2250, #754, #5296, #6355, #2850, #2284 ),
 ( #3776, #5856, #6285, #4731, #6321, #3351, #3812, #1824, #2714, #5819, #3317, #3847, #2216, #4233, #1326, #4798, #5329, #1755, #4868, #6388, #2780, #5750, #1293 ),
 ( #789, #2317, #5361, #1223, #2352, #260, #2814, #1257, #4302, #5783, #4368, #3247, #5262, #719, #2747, #4765, #224, #3281, #5031, #3546, #2953, #4404, #6423 ),
 ( #433, #1888, #3944, #997, #2422, #5430, #3016, #2986, #3417, #4935, #4510, #4902, #6490, #858, #465, #2885, #397, #2456, #894, #3911, #1428, #498, #2521 ),
 ( #4969, #1462, #1524, #2022, #363, #4476, #4540, #1957, #966, #2387, #1493, #1394, #6022, #5924, #3978, #5992, #6523, #2919, #4440, #3486, #3516, #2489, #6456 ),
 ( #1923, #5497, #5958, #5464, #5000, #3452, #6555, #930, #1989, #4039, #4008, #5526, #6052, #4568, #556, #241, #3045, #2550, #2266, #1771, #4283, #6301, #1119 ),
 ( #736, #5555, #4628, #5648, #1026, #6267, #2581, #5615, #86, #3142, #55, #2232, #4598, #5060, #2612, #1737, #2115, #2729, #527, #4131, #6146, #4747, #25 ),
 ( #1586, #2053, #3076, #6083, #4068, #5159, #207, #2082, #1555, #1618, #3639, #619, #3758, #3575, #5765, #3607, #4248, #4099, #1086, #5090, #587, #1238, #3263 ),
 ( #5584, #6114, #5124, #1056, #3107, #5277, #2762, #4780, #5937, #5901, #6335, #1307, #872, #1272, #2864, #6471, #3396, #5799, #3332, #3364, #1804, #2795, #4348 ),
 ( #3892, #4455, #2898, #837, #5444, #4814, #3792, #275, #2829, #3296, #4949, #342, #5310, #770, #3924, #1407, #1867, #5343, #6368, #4847, #2298, #412, #5409 ),
 ( #3860, #5833, #4316, #4382, #3826, #1837, #1374, #804, #909, #309, #2331, #3431, #4916, #377, #2934, #5869, #1341, #2436, #5374, #4881, #2366, #6402, #2401 ),
 ( #4419, #6437, #1902, #1939, #1011, #2037, #3092, #2565, #5510, #2005, #3030, #4053, #3000, #5074, #3499, #3959, #5539, #4582, #5044, #5569, #5973, #511, #2536 ),
 ( #2597, #541, #4023, #4553, #979, #39, #5600, #6537, #1071, #9, #5108, #3060, #6066, #2067, #6037, #1476, #571, #4083, #1540, #3467, #5013, #1040, #1443 ),
 ( #6098, #4614, #1508, #5478, #947, #3560, #2968, #4983, #1571, #3591, #448, #6006, #2504, #480, #2472, #4492, #6505, #1973, #3991, #4524, #3530, #666, #2161 ),
 ( #4709, #4146, #1729, #603, #6161, #198, #1699, #2193, #4240, #5632, #1634, #1230, #4115, #3624, #3254, #2754, #5269, #727, #4210, #5696, #4739, #5757, #1103 ),
 ( #70, #696, #3656, #134, #1168, #166, #1135, #3223, #5663, #101, #3158, #2098, #5239, #6258, #2224, #6130, #6228, #2722, #1602, #3125, #2658, #5141, #5174 ),
 ( #3750, #4676, #2627, #5208, #4644, #1199, #3191, #2130, #4178, #634, #6195, #1668, #3720, #3689, #2691, #5727, #4772, #1265, #2358, #865, #5791, #6293, #3885 ),
 ( #4806, #5862, #5895, #267, #5367, #6328, #1332, #4412, #5931, #903, #1861, #1763, #762, #829, #232, #1797, #2258, #3819, #4275, #3784, #3289, #2821, #5303 ),
 ( #5438, #1367, #1830, #6430, #2787, #2291, #4309, #5826, #1300, #3853, #1896, #3357, #4874, #3325, #5402, #5336, #3389, #796, #2856, #335, #2891, #4839, #302 ),
 ( #2324, #4374, #4909, #3425, #6394, #4341, #370, #3918, #1401, #2394, #6361, #1034, #1999, #33, #4519, #2031, #1471, #2928, #474, #506, #6464, #5505, #5008 ),
 ( #4078, #5039, #4017, #3053, #2061, #1932, #2464, #974, #2994, #4, #5068, #2498, #940, #6531, #5967, #1005, #3524, #2962, #1966, #5594, #6061, #2559, #535 ),
 ( #4047, #2430, #3585, #1533, #6031, #5534, #3986, #4576, #6093, #1502, #1565, #3024, #4943, #3555, #2530, #406, #4549, #4485, #4449, #3953, #5563, #1437, #6498 ),
 ( #3460, #5472, #4977, #442, #6001, #3495, #65, #691, #1097, #2156, #161, #3119, #1663, #2622, #4173, #2717, #2218, #3744, #4704, #2592, #3617, #3684, #1066 ),
 ( #5135, #629, #5626, #2092, #1629, #1194, #3218, #1163, #1724, #2188, #4671, #4734, #5101, #5690, #4609, #5658, #3186, #597, #193, #1596, #4638, #5234, #2686 ),
 ( #6156, #3087, #5169, #5203, #4109, #3651, #3153, #4141, #1130, #2653, #566, #4235, #6253, #6125, #129, #662, #96, #1694, #2125, #6190, #4205, #6223, #3715 ),
 ( #5722, #5785, #4800, #1889, #2353, #5396, #3880, #2388, #3352, #4369, #5752, #2749, #1792, #2252, #3283, #6287, #1225, #1327, #2851, #262, #4767, #297, #2816 ),
 ( #3249, #5889, #3814, #5857, #4304, #1295, #5298, #791, #5362, #6389, #3384, #5264, #3319, #226, #4269, #859, #1259, #2319, #4869, #756, #6356, #2782, #4336 ),
 ( #1757, #2286, #330, #721, #4834, #3778, #824, #6323, #5821, #5331, #1825, #3848, #1856, #1361, #2886, #4903, #6424, #364, #4405, #5556, #4936, #4569, #2921 ),
 ( #4010, #3912, #4541, #4441, #2522, #26, #5002, #968, #3017, #5925, #6457, #467, #6556, #3517, #1924, #3980, #5960, #5994, #436, #6491, #2457, #3418, #528 ),
 ( #2988, #6023, #5061, #2023, #932, #1464, #2491, #1494, #4971, #499, #1430, #3946, #3046, #1959, #4512, #998, #1395, #6525, #1991, #5032, #5431, #895, #4040 ),
 ( #3454, #5466, #398, #5527, #6053, #4478, #2423, #1525, #3547, #1027, #2551, #2955, #3488, #5499, #2147, #589, #4133, #1588, #3642, #1653, #2678, #6214, #4726 ),
 ( #1155, #2084, #2614, #1620, #5586, #5126, #2180, #3609, #57, #4197, #4164, #4600, #6116, #5682, #6085, #1121, #2054, #3676, #4070, #5617, #5650, #4101, #1058 ),
 ( #1557, #3144, #1088, #6148, #2644, #2710, #3211, #3577, #5161, #5715, #621, #6181, #3078, #4696, #2583, #654, #5092, #4662, #120, #3178, #558, #3109, #5195 ),
 ( #4630, #2117, #88, #153, #1686, #3708, #1187, #5227, #685, #1850, #714, #6280, #323, #1818, #2312, #4361, #5745, #1750, #1354, #4228, #3737, #3376, #1218 ),
 ( #3276, #2775, #5290, #6246, #5387, #3873, #185, #5814, #290, #851, #817, #3771, #255, #1286, #4330, #1252, #3345, #2245, #2742, #5882, #4793, #3311, #3840 ),
 ( #2878, #6349, #5355, #2211, #3242, #2279, #5256, #4262, #4760, #1717, #5849, #1320, #749, #219, #5324, #3807, #2843, #4862, #5778, #2345, #4297, #6382, #6316 ),
 ( #1785, #784, #2809, #4827, #988, #5916, #6415, #4000, #4928, #3445, #4469, #1880, #1420, #5022, #6449, #2911, #489, #457, #885, #2415, #1982, #2379, #3970 ),
 ( #1915, #4396, #3937, #356, #1017, #3904, #2946, #4895, #1950, #5951, #3478, #5984, #6546, #1387, #5546, #3410, #5457, #5422, #6043, #1454, #390, #4432, #2512 ),
 ( #5488, #6015, #923, #4962, #958, #5519, #4502, #426, #2449, #6483, #2978, #4993, #2481, #6515, #1485, #3508, #2013, #3008, #4531, #4030, #1515, #3537, #642 ),
 ( #4185, #518, #141, #77, #3132, #3037, #3664, #3567, #1642, #3696, #4122, #2105, #2137, #5703, #5575, #6137, #5670, #2634, #1048, #3099, #5081, #2542, #3630 ),
 ( #1109, #547, #4683, #3067, #2572, #3166, #4651, #5149, #2666, #2044, #4589, #6202, #4560, #16, #1674, #5051, #4060, #6073, #610, #1609, #1143, #2168, #1546 ),
 ( #46, #5183, #2074, #5115, #5638, #110, #4090, #6169, #6105, #1578, #3598, #5607, #4154, #1078, #578, #2604, #4621, #4816, #673, #1839, #6337, #3265, #3794 ),
 ( #3862, #3298, #277, #2234, #173, #2268, #4782, #772, #1806, #5215, #5835, #5767, #1274, #6269, #5279, #703, #2764, #2797, #3828, #5345, #1175, #738, #4715 ),
 ( #1739, #243, #2199, #4250, #1309, #2731, #5734, #3334, #5312, #3726, #5245, #2300, #2698, #4285, #3199, #4318, #4217, #4749, #6303, #1207, #6235, #3760, #806 ),
 ( #2831, #209, #1773, #1706, #2333, #3230, #5801, #6370, #4350, #4849, #311, #1240, #5102, #4883, #5411, #3926, #1904, #3054, #6094, #5446, #3894, #2936, #2368 ),
 ( #6404, #567, #5939, #414, #5069, #5871, #2438, #5, #536, #5376, #66, #4577, #1409, #2032, #4918, #4079, #3088, #3433, #2593, #4458, #4610, #2560, #4048 ),
 ( #3366, #1566, #911, #6062, #4421, #4951, #874, #1534, #5564, #34, #3586, #2093, #3556, #2866, #344, #5595, #5903, #1035, #2062, #1376, #1067, #2900, #1343 ),
 ( #1869, #3398, #839, #4384, #379, #2403, #6439, #6126, #1630, #3685, #97, #3120, #4672, #4236, #3250, #3716, #4206, #2687, #1164, #5753, #5136, #4768, #598 ),
 ( #5265, #663, #3618, #1597, #6254, #1725, #2189, #3652, #130, #5170, #4110, #722, #5723, #5627, #3187, #3219, #2750, #4705, #6191, #194, #227, #1226, #1195 ),
 ( #5204, #1098, #5691, #5235, #2654, #2623, #1664, #1695, #4639, #2157, #162, #2219, #2126, #4142, #692, #6157, #3745, #6224, #5659, #2718, #4735, #4174, #1131 ),
 ( #3154, #630, #5432, #4937, #896, #3419, #4370, #1328, #365, #1396, #1260, #1793, #298, #4835, #5890, #2389, #1826, #263, #5858, #5299, #331, #2852, #2287 ),
 ( #3353, #1362, #2253, #5363, #4870, #3385, #1758, #2922, #860, #4337, #2354, #1296, #4406, #5926, #2320, #4270, #825, #6288, #5397, #6390, #6425, #6357, #3815 ),
 ( #1857, #792, #3849, #5822, #3881, #2887, #4904, #1890, #3779, #3913, #5786, #3284, #757, #4305, #2783, #4802, #6324, #3320, #5332, #2817, #28, #1559, #3080 ),
 ( #4442, #6025, #399, #6558, #2424, #4479, #6526, #2956, #5961, #969, #530, #6087, #2025, #501, #5529, #4012, #2056, #1431, #1060, #3455, #5995, #6458, #3579 ),
 ( #933, #5558, #1925, #1496, #3519, #6055, #3947, #4972, #1000, #1029, #4042, #437, #468, #2458, #5467, #3019, #6492, #1527, #1960, #3981, #5034, #3048, #3549 ),
 ( #1465, #3489, #2524, #5500, #5003, #4543, #2989, #4072, #2492, #4513, #2553, #5063, #4571, #5588, #1993, #90, #6248, #2585, #2086, #1719, #1220, #3739, #5747 ),
 ( #5094, #187, #560, #4166, #5197, #4602, #5717, #2119, #5163, #6183, #656, #6150, #1688, #591, #5619, #4230, #1123, #1655, #2182, #59, #3678, #5684, #4199 ),
 ( #4103, #3146, #1590, #2616, #1090, #6118, #2680, #6216, #1623, #3611, #1157, #2149, #4698, #1189, #3111, #3213, #623, #155, #3644, #2646, #4632, #122, #3710 ),
 ( #5229, #5128, #4135, #687, #5652, #4664, #3180, #2712, #4728, #2213, #4795, #1254, #5389, #5357, #5780, #751, #325, #716, #2314, #5918, #2845, #5259, #2777 ),
 ( #2247, #3809, #3378, #2381, #4864, #3347, #1820, #292, #4897, #4264, #3906, #6282, #2281, #3244, #4398, #6352, #2744, #4762, #853, #2880, #1322, #3842, #221 ),
 ( #358, #2347, #3278, #1356, #4332, #6417, #4829, #4363, #1787, #1752, #786, #819, #3773, #5816, #5326, #6318, #1288, #3313, #5292, #1882, #257, #4299, #5851 ),
 ( #2811, #6384, #1852, #3875, #5884, #4995, #4434, #6017, #1984, #1422, #428, #4062, #4533, #1019, #6045, #4562, #5521, #6548, #1389, #4930, #3972, #6451, #5459 ),
 ( #3510, #5024, #2451, #392, #2483, #459, #990, #2015, #5424, #1517, #5986, #1487, #6485, #3480, #925, #2980, #3010, #4032, #5548, #3412, #5490, #2417, #1917 ),
 ( #960, #3939, #4471, #3539, #2948, #5953, #3039, #491, #3447, #4964, #2514, #888, #4504, #2913, #5053, #1952, #1456, #6517, #4002, #520, #2544, #18, #2046 ),
 ( #1080, #112, #175, #675, #1548, #3134, #3201, #5151, #6171, #6075, #143, #48, #4685, #2201, #612, #2636, #5185, #3569, #2076, #4653, #2170, #5672, #4092 ),
 ( #4717, #2139, #5117, #4187, #5217, #4124, #2700, #4156, #5577, #644, #1644, #6204, #6139, #5609, #1050, #1676, #3666, #3069, #3101, #3168, #5083, #2574, #1145 ),
 ( #1611, #549, #4591, #5705, #6107, #2668, #3698, #1580, #1177, #580, #3600, #2606, #4623, #79, #2107, #3632, #5640, #1111, #4219, #1242, #1708, #5769, #6237 ),
 ( #4784, #4352, #3368, #3830, #4320, #2799, #1276, #5873, #5247, #4885, #3232, #3267, #3728, #5378, #774, #5736, #1209, #6372, #1841, #2302, #1741, #245, #5281 ),
 ( #4851, #5837, #211, #4287, #6271, #705, #4818, #2733, #2270, #6339, #3762, #1345, #4751, #740, #3864, #1311, #1808, #841, #2236, #2766, #2868, #4252, #6305 ),
 ( #1775, #3796, #5803, #346, #3300, #5314, #279, #3336, #5347, #313, #808, #2833, #2335, #2476, #3436, #5513, #4423, #2902, #1510, #4954, #3471, #6009, #2370 ),
 ( #6509, #982, #5046, #5905, #417, #5413, #4386, #3003, #2007, #483, #5541, #1977, #5016, #6406, #1378, #2441, #876, #6441, #4920, #1871, #4496, #1479, #5449 ),
 ( #3502, #5481, #2507, #4461, #1907, #1013, #4527, #3994, #3896, #3929, #6540, #3400, #381, #4025, #6039, #2405, #5942, #3532, #1412, #914, #1943, #2939, #6475 ),
 ( #3963, #951, #3032, #5977, #1447, #2972, #4987, #452, #4117, #513, #41, #4555, #4584, #11, #2538, #6068, #5110, #2069, #2039, #103, #6100, #5634, #4055 ),
 ( #1542, #543, #3094, #3562, #5571, #5143, #5076, #3062, #1042, #2567, #3160, #2100, #3127, #1105, #4085, #1573, #3593, #5602, #5177, #1073, #573, #2599, #636 ),
 ( #4616, #2132, #72, #2629, #6163, #6132, #1604, #3626, #605, #1636, #4646, #4148, #5665, #2660, #3658, #1137, #5066, #1032, #1996, #5503, #4546, #5561, #5436 ),
 ( #3051, #504, #3458, #6495, #972, #6529, #937, #3022, #1929, #404, #533, #2461, #1963, #5965, #1468, #6028, #2527, #4045, #2557, #3984, #3423, #900, #6058 ),
 ( #5532, #6461, #471, #1435, #2992, #1530, #6428, #1894, #3522, #1399, #2427, #2495, #3916, #5470, #5929, #2959, #2926, #4941, #4446, #4482, #4975, #3951, #1003 ),
 ( #3492, #3552, #440, #5998, #5006, #4516, #4015, #1499, #5037, #2, #2028, #4701, #2185, #2650, #2089, #5132, #5623, #4574, #1191, #6187, #31, #3648, #3681 ),
 ( #5166, #1562, #2619, #4668, #4106, #6220, #5098, #6122, #158, #1660, #126, #4202, #3582, #1593, #5719, #2059, #5591, #3215, #689, #5231, #4075, #2153, #5655 ),
 ( #1063, #3614, #4635, #594, #5687, #1691, #4138, #2589, #1626, #3084, #4170, #626, #4606, #1094, #6090, #1160, #3712, #2683, #563, #3183, #5200, #62, #3116 ),
 ( #659, #93, #2122, #6153, #1127, #3150, #2225, #2788, #1798, #4342, #5368, #4241, #2857, #4807, #4840, #3290, #2325, #1730, #763, #268, #1266, #2292, #5304 ),
 ( #4875, #3886, #3751, #4276, #4310, #6329, #1831, #336, #3820, #2755, #5827, #1231, #2822, #5337, #4773, #6259, #1301, #3854, #4740, #3326, #797, #5863, #5758 ),
 ( #303, #3255, #2259, #5270, #866, #6362, #1333, #6294, #728, #3358, #830, #2359, #4375, #233, #6395, #1862, #5896, #1368, #3390, #1764, #5403, #199, #3785 ),
 ( #5792, #6431, #1992, #2615, #3018, #4071, #2085, #5033, #3578, #4542, #6086, #4631, #4134, #5651, #58, #4413, #5528, #5587, #2892, #6557, #371, #2024, #4910 ),
 ( #3548, #3110, #2118, #2584, #3079, #1558, #27, #89, #4011, #3643, #6024, #4041, #2395, #6149, #1059, #1495, #3518, #5127, #590, #5093, #500, #5557, #6054 ),
 ( #3610, #4601, #999, #3047, #2523, #1526, #559, #1028, #5062, #4102, #529, #1621, #2552, #4570, #2055, #6117, #1589, #5618, #1089, #2679, #121, #154, #1122 ),
 ( #1751, #1654, #6281, #1786, #2212, #4727, #220, #3808, #3677, #4229, #3772, #715, #5683, #1188, #3179, #5162, #1718, #4663, #5716, #5746, #5196, #2776, #1156 ),
 ( #4794, #2711, #2246, #6215, #3145, #5228, #5257, #2148, #3709, #3212, #4198, #686, #1687, #622, #4298, #256, #2645, #186, #1219, #2280, #5779, #4697, #6247 ),
 ( #3738, #4165, #6182, #2181, #3243, #2743, #655, #4263, #750, #1253, #6317, #4761, #3277, #5291, #2810, #1851, #2313, #3346, #6350, #1951, #1388, #2912, #5356 ),
 ( #2879, #5423, #6450, #3312, #3938, #3874, #5917, #4362, #1355, #818, #852, #886, #1916, #3446, #5815, #3377, #4828, #291, #5458, #5850, #357, #4929, #1321 ),
 ( #2380, #924, #427, #1287, #391, #785, #1819, #1881, #5325, #2844, #4331, #4863, #3841, #324, #2346, #5883, #6383, #4470, #2416, #5388, #6416, #6484, #2450 ),
 ( #3411, #4896, #4397, #4433, #3905, #5952, #1421, #2947, #4963, #1486, #3538, #6516, #2979, #4532, #4091, #3100, #3568, #4061, #2543, #1018, #5608, #4994, #4622 ),
 ( #3038, #6074, #3971, #4590, #4503, #2573, #78, #5052, #519, #3068, #5985, #1983, #4561, #47, #5576, #4001, #4031, #6016, #1455, #17, #959, #2014, #2045 ),
 ( #3509, #2075, #1547, #1079, #5547, #5082, #2513, #3479, #1516, #1049, #458, #6547, #6044, #490, #548, #6106, #5489, #579, #5116, #2482, #1579, #3599, #2605 ),
 ( #5520, #989, #3009, #5023, #5150, #1110, #1144, #4186, #2667, #4783, #5246, #1740, #210, #5280, #6236, #704, #2106, #5639, #4684, #611, #6170, #2635, #4123 ),
 ( #5768, #4652, #2200, #2699, #4155, #2235, #2169, #1643, #739, #4251, #4218, #3631, #3665, #5735, #6138, #111, #1707, #4750, #3133, #2138, #1208, #5671, #643 ),
 ( #3231, #3167, #4716, #5184, #3200, #3761, #6270, #1675, #142, #5704, #6203, #3697, #1176, #5216, #674, #1610, #2732, #1241, #3266, #2765, #3727, #174, #2938 ),
 ( #2334, #2867, #5836, #4919, #3928, #4850, #5941, #2798, #345, #840, #2301, #380, #312, #6338, #5448, #2404, #2369, #1774, #1807, #3895, #244, #3299, #4385 ),
 ( #3795, #5904, #278, #5346, #6371, #5802, #3335, #4422, #3829, #4817, #6440, #6405, #4319, #1310, #1377, #4286, #5872, #2269, #1870, #6304, #807, #1840, #2832 ),
 ( #1906, #1411, #3399, #5412, #5377, #3863, #3435, #1275, #913, #5313, #4351, #773, #1344, #3367, #4884, #875, #2901, #2566, #3031, #2475, #5512, #6008, #4953 ),
 ( #4554, #950, #5015, #451, #2440, #5540, #1942, #3002, #5045, #4495, #40, #5480, #6508, #5075, #10, #512, #4583, #3962, #1976, #6099, #4460, #5976, #1572 ),
 ( #981, #1478, #6474, #3592, #2068, #416, #4024, #2537, #5601, #5570, #2971, #542, #2038, #4986, #3993, #4054, #1446, #6038, #1072, #6067, #3470, #3501, #4526 ),
 ( #482, #2506, #6539, #2006, #1541, #1509, #1012, #3531, #3561, #1041, #3061, #4084, #135, #3192, #3093, #3721, #3625, #1700, #3752, #4179, #2162, #2194, #5759 ),
 ( #6260, #4710, #5109, #6196, #4211, #1731, #3690, #5176, #5728, #2226, #200, #167, #3126, #1200, #1669, #4242, #4677, #6229, #1635, #572, #635, #667, #71 ),
 ( #2598, #4615, #2099, #5209, #5697, #3224, #4116, #6131, #2628, #1136, #5664, #5240, #697, #2659, #1104, #1169, #1603, #5633, #2131, #2692, #3657, #5142, #2723 ),
 ( #604, #4741, #4645, #102, #4147, #3159, #6162, #5305, #1765, #3919, #3359, #4876, #764, #5271, #5828, #4841, #831, #1863, #729, #5897, #1302, #1334, #6330 ),
 ( #337, #1232, #4277, #5369, #3887, #2260, #2756, #2360, #1267, #1799, #798, #4774, #4311, #1369, #2789, #3256, #4808, #234, #269, #6295, #3786, #5793, #3327 ),
 ( #2858, #4376, #6363, #304, #2893, #3291, #1897, #2293, #3821, #5338, #2396, #4343, #2823, #2326, #3391, #5404, #5864, #1832, #3855, #6396, #867, #4414, #4911 ),
 ( #372, #6432, #3426, #6532, #2929, #3987, #4018, #3461, #1036, #6465, #5473, #6063, #1006, #1503, #3557, #4944, #942, #537, #5439, #407, #2561, #2063, #4578 ),
 ( #5009, #4049, #5070, #2431, #2963, #6002, #1967, #3025, #1535, #5506, #3954, #2995, #4450, #1933, #4978, #1472, #6499, #5932, #2531, #5565, #3055, #35, #3525 ),
 ( #1402, #4550, #3496, #2000, #443, #904, #5968, #975, #1438, #2465, #6032, #5535, #4486, #475, #2499, #4520, #5040, #507, #6, #2033, #5628, #1165, #4080 ),
 ( #1696, #195, #6158, #1068, #3089, #3717, #4111, #5171, #3188, #6127, #4673, #1099, #631, #5724, #5236, #6095, #5205, #5596, #67, #131, #664, #1567, #3155 ),
 ( #3587, #1598, #3653, #2094, #5103, #4640, #4207, #3220, #3686, #4175, #2655, #1132, #1196, #568, #4736, #2594, #3121, #4611, #693, #2158, #3619, #5137, #6225 ),
 ( #6192, #2688, #599, #2624, #1665, #4706, #5693, #98, #4143, #2127, #1631, #163, #5660, #2190, #2719, #6289, #3882, #2751, #1759, #2355, #3850, #4338, #6391 ),
 ( #6325, #6358, #5754, #4803, #4306, #5300, #264, #758, #1726, #5398, #5891, #2220, #1297, #2321, #3386, #2853, #5787, #2288, #3321, #1827, #3285, #5364, #1794 ),
 ( #2784, #4905, #826, #1858, #332, #861, #5859, #4871, #4237, #1227, #3816, #5266, #3780, #4769, #6255, #1329, #3354, #1261, #3746, #5823, #5333, #4371, #1363 ),
 ( #2888, #3251, #724, #228, #793, #2254, #4271, #2818, #4836, #299, #1397, #1891, #6026, #400, #5468, #6493, #3914, #3456, #502, #1926, #4938, #2525, #2493 ),
 ( #4013, #5996, #5035, #6056, #5927, #6459, #4973, #2957, #1497, #4544, #1961, #2425, #3982, #3420, #5433, #5962, #2459, #934, #3049, #3520, #6559, #2026, #3550 ),
 ( #6426, #1030, #5530, #4480, #2990, #1432, #4043, #1528, #438, #5559, #2923, #469, #970, #4443, #366, #1466, #3948, #2390, #4407, #4514, #897, #3490, #1001 ),
 ( #5501, #5004, #6527, #1994, #3020, #4699, #5095, #6151, #4167, #561, #5653, #60, #1624, #156, #6217, #1277, #2150, #29, #1061, #1124, #5064, #2087, #2554 ),
 ( #3081, #4073, #5620, #5198, #4200, #4665, #5164, #3645, #2120, #2183, #6088, #5804, #1560, #4104, #531, #1689, #3147, #4572, #2057, #657, #2681, #624, #2586 ),
 ( #4603, #2648, #5685, #123, #6119, #5129, #1591, #3580, #6184, #5589, #3112, #1656, #3612, #3797, #1091, #592, #2617, #3679, #1158, #4633, #91, #4136, #3181 ),
 ( #5874, #5379, #6373, #1346, #1842, #3369, #5348, #775, #3897, #280, #842, #1379, #809, #4955, #3831, #2834, #3437, #4921, #5414, #915, #2303, #4853, #4462 ),
 ( #2869, #4886, #3865, #347, #2371, #2800, #6476, #419, #3301, #4387, #3401, #1944, #3930, #314, #6407, #1872, #877, #4353, #6442, #5907, #1809, #5315, #4819 ) ),
 .UNSPECIFIED., .T., .F., .F.,
 ( 4, 1, 1, 1, 1, 1, 1, 1, 1, 1, 1, 1, 1, 1, 1, 1, 1, 1, 1, 1, 1, 1, 1, 1, 1, 1, 1, 1, 1, 1, 1, 1, 1, 1, 1, 1, 1, 1, 1, 1, 1, 1, 1, 1, 1, 1, 1, 1, 1, 1, 1, 1, 1, 1, 1, 1, 1, 1, 1, 1, 1, 1, 1, 1, 1, 1, 1, 1, 1, 1, 1, 1, 1, 1, 1, 1, 1, 1, 1, 1, 1, 1, 1, 1, 1, 1, 1, 1, 1, 1, 1, 1, 1, 1, 1, 1, 1, 1, 1, 1, 1, 1, 1, 1, 1, 1, 1, 1, 1, 1, 1, 1, 1, 1, 1, 1, 1, 1, 1, 1, 1, 1, 1, 1, 1, 1, 1, 1, 1, 1, 1, 1, 1, 4 ),
 ( 4, 1, 1, 1, 1, 1, 1, 1, 1, 1, 1, 1, 1, 1, 1, 1, 1, 1, 1, 1, 4 ),
 ( 0.000000000000000000, 0.01562500000000000000, 0.03125000000000000000, 0.04687500000000000000, 0.06250000000000000000, 0.07812500000000000000, 0.09375000000000000000, 0.1093750000000000000, 0.1171875000000000000, 0.1250000000000000000, 0.1328125000000000000, 0.1406250000000000000, 0.1484375000000000000, 0.1562500000000000000, 0.1640625000000000000, 0.1718750000000000000, 0.1796875000000000000, 0.1875000000000000000, 0.1953125000000000000, 0.2031250000000000000, 0.2070312500000000000, 0.2109375000000000000, 0.2148437500000000000, 0.2187500000000000000, 0.2226562500000000000, 0.2265625000000000000, 0.2304687500000000000, 0.2343750000000000000, 0.2382812500000000000, 0.2421875000000000000, 0.2441406250000000000, 0.2460937500000000000, 0.2480468750000000000, 0.2490234375000000000, 0.2500000000000000000, 0.2519531250000000000, 0.2539062500000000000, 0.2578125000000000000, 0.2617187500000000000, 0.2656250000000000000, 0.2695312500000000000, 0.2734375000000000000, 0.2773437500000000000, 0.2812500000000000000, 0.2851562500000000000, 0.2890625000000000000, 0.2968750000000000000, 0.3046875000000000000, 0.3125000000000000000, 0.3203125000000000000, 0.3281250000000000000, 0.3359375000000000000, 0.3437500000000000000, 0.3515625000000000000, 0.3593750000000000000, 0.3671875000000000000, 0.3750000000000000000, 0.3906250000000000000, 0.4062500000000000000, 0.4218750000000000000, 0.4375000000000000000, 0.4531250000000000000, 0.4687500000000000000, 0.4843750000000000000, 0.5000000000000000000, 0.5156250000000000000, 0.5312500000000000000, 0.5468750000000000000, 0.5625000000000000000, 0.5781250000000000000, 0.5937500000000000000, 0.6093750000000000000, 0.6250000000000000000, 0.6406250000000000000, 0.6484375000000000000, 0.6562500000000000000, 0.6640625000000000000, 0.6718750000000000000, 0.6796875000000000000, 0.6875000000000000000, 0.6953125000000000000, 0.6992187500000000000, 0.7031250000000000000, 0.7070312500000000000, 0.7109375000000000000, 0.7148437500000000000, 0.7187500000000000000, 0.7226562500000000000, 0.7265625000000000000, 0.7304687500000000000, 0.7343750000000000000, 0.7382812500000000000, 0.7421875000000000000, 0.7460937500000000000, 0.7480468750000000000, 0.7500000000000000000, 0.7519531250000000000, 0.7539062500000000000, 0.7578125000000000000, 0.7617187500000000000, 0.7656250000000000000, 0.7695312500000000000, 0.7734375000000000000, 0.7773437500000000000, 0.7812500000000000000, 0.7851562500000000000, 0.7890625000000000000, 0.7929687500000000000, 0.7968750000000000000, 0.8007812500000000000, 0.8046875000000000000, 0.8085937500000000000, 0.8125000000000000000, 0.8164062500000000000, 0.8203125000000000000, 0.8281250000000000000, 0.8359375000000000000, 0.8437500000000000000, 0.8515625000000000000, 0.8593750000000000000, 0.8671875000000000000, 0.8750000000000000000, 0.8828125000000000000, 0.8906250000000000000, 0.8984375000000000000, 0.9062500000000000000, 0.9140625000000000000, 0.9218750000000000000, 0.9296875000000000000, 0.9375000000000000000, 0.9531250000000000000, 0.9687500000000000000, 0.9843750000000000000, 1.000000000000000000 ),
 ( 0.000000000000000000, 0.04333944127454115308, 0.08717461230219966661, 0.1315585129897958450, 0.1765320071111689537, 0.2221303424621243472, 0.2683894036323611898, 0.3153437468974106261, 0.3630251385383851392, 0.4114618325034681834, 0.4606831087142752579, 0.5107156349947722385, 0.5615833427664811417, 0.6133086510746166287, 0.6659111343384820358, 0.7194045554545727139, 0.7738001652171312417, 0.8290989277107692068, 0.8852886795289168775, 0.9423184708641618723, 1.000000000000000000 ),
 .UNSPECIFIED. ) ;
#4802 = CARTESIAN_POINT ( 'NONE',  ( 1264.657882396074683, 540.5790428086189650, -18.56383167713060800 ) ) ;
#4803 = CARTESIAN_POINT ( 'NONE',  ( 675.9744765787550023, 33.97609660063303494, 22.75537078722156181 ) ) ;
#4804 = CARTESIAN_POINT ( 'NONE',  ( 579.3995570918704061, 7.030383831641198178, 18.78602768097827180 ) ) ;
#4805 = CARTESIAN_POINT ( 'NONE',  ( 1348.225108216648550, 499.6495851962051233, -149.4101461154329797 ) ) ;
#4806 = CARTESIAN_POINT ( 'NONE',  ( 560.0000000000002274, -10.74254743238688370, -35.29355216933951311 ) ) ;
#4807 = CARTESIAN_POINT ( 'NONE',  ( 1155.585121993173743, 509.5309236321956519, 146.0250150222286720 ) ) ;
#4808 = CARTESIAN_POINT ( 'NONE',  ( 1268.819759618062790, 671.8312165339874582, 108.0475103926706879 ) ) ;
#4809 = CARTESIAN_POINT ( 'NONE',  ( 1231.494761074759481, 467.2860271876085108, -9.824028782560111139 ) ) ;
#4810 = CARTESIAN_POINT ( 'NONE',  ( 842.0525812463367856, 128.7875302500023622, 60.47935195593095159 ) ) ;
#4811 = CARTESIAN_POINT ( 'NONE',  ( 848.0638032407039191, 79.79461218769358766, -72.28099813663516215 ) ) ;
#4812 = CARTESIAN_POINT ( 'NONE',  ( 1239.328461952448151, 600.5335257406641176, 76.73454613653387923 ) ) ;
#4813 = CARTESIAN_POINT ( 'NONE',  ( 1103.062810441336751, 297.9188018973159160, -16.28563842553738183 ) ) ;
#4814 = CARTESIAN_POINT ( 'NONE',  ( 792.2554008903556451, 47.95294809152168369, -63.24948653019193756 ) ) ;
#4815 = CARTESIAN_POINT ( 'NONE',  ( 1370.666133041223475, 1017.454654203040263, 102.8626208017368810 ) ) ;
#4816 = CARTESIAN_POINT ( 'NONE',  ( 1367.075719842739090, 601.6068152660662918, -114.0474486853969012 ) ) ;
#4817 = CARTESIAN_POINT ( 'NONE',  ( 993.1674230002146260, 262.4618550149946827, 93.59987590102306854 ) ) ;
#4818 = CARTESIAN_POINT ( 'NONE',  ( 840.7591185581071613, 139.2203044111968779, 62.69044173568466505 ) ) ;
#4819 = CARTESIAN_POINT ( 'NONE',  ( 1427.387943776817110, 966.3734991350762584, 0.1514664958884084089 ) ) ;
#4820 = CARTESIAN_POINT ( 'NONE',  ( 1302.967842670547952, 449.9419411310703936, -130.6820386905622229 ) ) ;
#4821 = CARTESIAN_POINT ( 'NONE',  ( 1394.898736575436487, 679.1991993812599731, -85.53042680403279974 ) ) ;
#4822 = CARTESIAN_POINT ( 'NONE',  ( 1218.911490025548119, 328.0809989005564944, -148.4254047706546658 ) ) ;
#4823 = CARTESIAN_POINT ( 'NONE',  ( 1239.498812984384813, 446.4648325342413386, -67.25028011652834437 ) ) ;
#4824 = CARTESIAN_POINT ( 'NONE',  ( 1060.794361256928141, 227.1686549051157442, -58.45020611275695899 ) ) ;
#4825 = CARTESIAN_POINT ( 'NONE',  ( 1037.299650241734753, 322.4260000708642337, 117.2330370508313990 ) ) ;
#4826 = CARTESIAN_POINT ( 'NONE',  ( 1374.654400878052684, 1011.396548804504278, 91.93020089028742348 ) ) ;
#4827 = CARTESIAN_POINT ( 'NONE',  ( 676.6254332667404015, 18.14097025404448615, -46.73478046815731801 ) ) ;
#4828 = CARTESIAN_POINT ( 'NONE',  ( 1251.828420604006851, 708.6734551892800482, 162.8981543339232019 ) ) ;
#4829 = CARTESIAN_POINT ( 'NONE',  ( 841.7907963368718356, 130.7911834321513993, 34.33514408571692655 ) ) ;
#4830 = CARTESIAN_POINT ( 'NONE',  ( 1329.911975404509803, 675.7866163722430883, 10.88668529532337992 ) ) ;
#4831 = CARTESIAN_POINT ( 'NONE',  ( 1357.050105454400409, 971.1898804804317251, 102.7256398817367398 ) ) ;
#4832 = CARTESIAN_POINT ( 'NONE',  ( 579.4875062272687956, -5.126848408721249584, -22.70684097621827036 ) ) ;
#4833 = CARTESIAN_POINT ( 'NONE',  ( 1384.991673614108095, 565.8736088063058105, -148.3482498630640976 ) ) ;
#4834 = CARTESIAN_POINT ( 'NONE',  ( 734.7742314073196894, 28.45603964020091325, -64.91339956878206863 ) ) ;
#4835 = CARTESIAN_POINT ( 'NONE',  ( 1190.422282989440873, 409.6819060514320086, -35.93097573772210751 ) ) ;
#4836 = CARTESIAN_POINT ( 'NONE',  ( 949.3626666889119861, 189.1825695596327250, 34.40111516441871231 ) ) ;
#4837 = CARTESIAN_POINT ( 'NONE',  ( 1214.482285140275280, 511.4531572063020235, 60.93907440842361467 ) ) ;
#4838 = CARTESIAN_POINT ( 'NONE',  ( 792.4317707007706986, 46.08586268447808720, -67.78051874866632431 ) ) ;
#4839 = CARTESIAN_POINT ( 'NONE',  ( 1470.662893105467901, 865.5574885797860816, -101.7575791115276047 ) ) ;
#4840 = CARTESIAN_POINT ( 'NONE',  ( 1189.663082373240059, 575.8725199557499081, 153.2333730844898696 ) ) ;
#4841 = CARTESIAN_POINT ( 'NONE',  ( 1236.797681058725630, 606.5529377837493712, 110.5682327332250594 ) ) ;
#4842 = CARTESIAN_POINT ( 'NONE',  ( 1452.840007009001056, 892.6311051269326526, -64.94949354564356270 ) ) ;
#4843 = CARTESIAN_POINT ( 'NONE',  ( 1264.197239985138594, 681.8543545858454991, 123.3086361730386784 ) ) ;
#4844 = CARTESIAN_POINT ( 'NONE',  ( 1461.193300173719990, 916.4497719939506624, -72.45780326022527618 ) ) ;
#4845 = CARTESIAN_POINT ( 'NONE',  ( 1346.213758549544309, 883.3201710302039373, 81.91005735059120241 ) ) ;
#4846 = CARTESIAN_POINT ( 'NONE',  ( 560.0000000000009095, -4.322431744659089858, -6.313231195474417135 ) ) ;
#4847 = CARTESIAN_POINT ( 'NONE',  ( 1443.529660576674587, 717.1984287236986120, -132.5852209604130110 ) ) ;
#4848 = CARTESIAN_POINT ( 'NONE',  ( 1320.437601707829572, 927.3369521030422220, 158.2046154397222040 ) ) ;
#4849 = CARTESIAN_POINT ( 'NONE',  ( 1007.928905821313492, 193.5216817066270210, -66.17770535745633254 ) ) ;
#4850 = CARTESIAN_POINT ( 'NONE',  ( 787.3883135907277619, 99.47033332483499635, 63.25191504551089139 ) ) ;
#4851 = CARTESIAN_POINT ( 'NONE',  ( 559.9999999999998863, 11.36437481983845466, 26.82900292100909212 ) ) ;
#4852 = APPROVAL_PERSON_ORGANIZATION ( #2040, #3234, #1448 ) ;
#4853 = CARTESIAN_POINT ( 'NONE',  ( 1420.510989324935736, 941.7395671257696677, 2.324397136528876917 ) ) ;
#4854 = CARTESIAN_POINT ( 'NONE',  ( 1011.108459195619844, 178.7631012921385718, -68.40526836298541014 ) ) ;
#4855 = CARTESIAN_POINT ( 'NONE',  ( 1448.355774213599261, 935.4082215270830147, -42.15653436307015767 ) ) ;
#4856 = CARTESIAN_POINT ( 'NONE',  ( 1264.558496930731735, 381.4252049359262742, -152.9543978217757569 ) ) ;
#4857 = CARTESIAN_POINT ( 'NONE',  ( 1438.314866813389244, 843.4113260070538445, -75.72643413674147439 ) ) ;
#4858 = CARTESIAN_POINT ( 'NONE',  ( 902.8690997590861116, 113.7085381243617235, -47.39560042411693530 ) ) ;
#4859 = CARTESIAN_POINT ( 'NONE',  ( 579.4322066593880436, 2.669326752438744510, -23.38444706743031531 ) ) ;
#4860 = CARTESIAN_POINT ( 'NONE',  ( 1122.506917109006736, 433.2668746822513981, 127.2716270480399601 ) ) ;
#4861 = CARTESIAN_POINT ( 'NONE',  ( 1078.743174436760000, 384.8100635559734428, 126.1940774489605843 ) ) ;
#4862 = CARTESIAN_POINT ( 'NONE',  ( 1379.488694041095641, 576.8410259965130535, -144.6848552536849297 ) ) ;
#4863 = CARTESIAN_POINT ( 'NONE',  ( 1080.533449467388891, 378.4291835734113079, 126.0657295645505371 ) ) ;
#4864 = CARTESIAN_POINT ( 'NONE',  ( 732.0879217917572532, 68.34069134585392646, 22.36397403396458117 ) ) ;
#4865 = CARTESIAN_POINT ( 'NONE',  ( 946.9264516224609451, 202.3987318419335963, 28.36790423611308043 ) ) ;
#4866 = CARTESIAN_POINT ( 'NONE',  ( 1386.371119866764047, 814.7762390323085810, 3.394674381018973897 ) ) ;
#4867 = CARTESIAN_POINT ( 'NONE',  ( 893.0559268381816764, 177.9949994052502120, 69.73386215011827005 ) ) ;
#4868 = CARTESIAN_POINT ( 'NONE',  ( 1401.041064244468316, 667.8920212623670523, -101.4861619422898400 ) ) ;
#4869 = CARTESIAN_POINT ( 'NONE',  ( 1425.468660193813321, 622.9193558946524263, -168.3154408267286897 ) ) ;
#4870 = CARTESIAN_POINT ( 'NONE',  ( 732.8943805829658231, 56.32298043964945577, -11.56987176933563788 ) ) ;
#4871 = CARTESIAN_POINT ( 'NONE',  ( 897.1850040700110185, 150.9968217606928249, 34.37901515046105061 ) ) ;
#4872 = CARTESIAN_POINT ( 'NONE',  ( 788.6980744421515510, 85.63397306001768072, 32.35129014390627589 ) ) ;
#4873 = CARTESIAN_POINT ( 'NONE',  ( 792.4705252122055299, 45.67381309803027278, -69.02645078810800783 ) ) ;
#4874 = CARTESIAN_POINT ( 'NONE',  ( 1171.679486190853822, 276.6134106327615427, -141.4437243539374549 ) ) ;
#4875 = CARTESIAN_POINT ( 'NONE',  ( 559.9999999999993179, 11.42710636690618564, 35.76207640092663098 ) ) ;
#4876 = CARTESIAN_POINT ( 'NONE',  ( 1086.337834503639897, 357.6906766217354630, 89.91496513012528169 ) ) ;
#4877 = CARTESIAN_POINT ( 'NONE',  ( 788.0073772564297769, 92.93325392640375071, 49.02765197914681039 ) ) ;
#4878 = CARTESIAN_POINT ( 'NONE',  ( 1462.875248850674780, 877.3873639718037794, -91.06709768038074060 ) ) ;
#4879 = CARTESIAN_POINT ( 'NONE',  ( 1166.820403170793952, 477.3146647690396094, 78.67129684983143534 ) ) ;
#4880 = CARTESIAN_POINT ( 'NONE',  ( 954.0955995192047112, 163.3112673344847110, -18.98870176358141393 ) ) ;
#4881 = CARTESIAN_POINT ( 'NONE',  ( 1444.533924895384871, 715.4837707002662910, -134.9090280692271904 ) ) ;
#4882 = CARTESIAN_POINT ( 'NONE',  ( 1343.536299541482322, 992.4439474958562641, 141.1589139265024642 ) ) ;
#4883 = CARTESIAN_POINT ( 'NONE',  ( 1202.421259904142289, 375.3085555299829252, -87.13327661587388206 ) ) ;
#4884 = CARTESIAN_POINT ( 'NONE',  ( 1198.596873276163933, 552.6912232365853015, 126.6597821685059273 ) ) ;
#4885 = CARTESIAN_POINT ( 'NONE',  ( 992.2700446840344739, 266.5968406683416561, 80.13437026087601112 ) ) ;
#4886 = CARTESIAN_POINT ( 'NONE',  ( 579.4405839013303421, 1.347737154145782323, 0.7400675063968115142 ) ) ;
#4887 = CARTESIAN_POINT ( 'NONE',  ( 1208.033257551200904, 359.2685566020094257, -90.77600939079496811 ) ) ;
#4888 = CARTESIAN_POINT ( 'NONE',  ( 1417.875586873214843, 945.7430545879124111, -5.270083109408914446 ) ) ;
#4889 = CARTESIAN_POINT ( 'NONE',  ( 849.5189363765759936, 68.00505103003895613, -85.91800745793065630 ) ) ;
#4890 = CARTESIAN_POINT ( 'NONE',  ( 1244.315564662968882, 433.9620223713558858, -85.06904003217886157 ) ) ;
#4891 = CARTESIAN_POINT ( 'NONE',  ( 1326.565716955828293, 546.6153514627443428, -80.61071150042913303 ) ) ;
#4892 = CARTESIAN_POINT ( 'NONE',  ( 560.0000000000000000, -0.1680521371834504119, -19.46614263533498956 ) ) ;
#4893 = CARTESIAN_POINT ( 'NONE',  ( 992.4326353494245723, 265.8882281262247602, 100.5574471290770049 ) ) ;
#4894 = CARTESIAN_POINT ( 'NONE',  ( 1035.561445596236126, 329.4587245458768621, 120.1295409899333322 ) ) ;
#4895 = CARTESIAN_POINT ( 'NONE',  ( 903.2285187236353750, 111.2593349423437417, -74.88379685760934024 ) ) ;
#4896 = CARTESIAN_POINT ( 'NONE',  ( 579.3475783052946326, 14.26270387567173081, 37.68478235020773326 ) ) ;
#4897 = CARTESIAN_POINT ( 'NONE',  ( 946.3899105101993428, 205.3340843964288069, 35.17841685343910285 ) ) ;
#4898 = UNCERTAINTY_MEASURE_WITH_UNIT (LENGTH_MEASURE( 1.000000000000000082E-05 ), #3472, 'distance_accuracy_value', 'NONE');
#4899 = CARTESIAN_POINT ( 'NONE',  ( 618.5928430825458690, 6.021022166244092588, -8.545270079775445282 ) ) ;
#4900 = CARTESIAN_POINT ( 'NONE',  ( 1188.638659403377687, 414.8407403124543293, 0.3932386202667129682 ) ) ;
#4901 = CARTESIAN_POINT ( 'NONE',  ( 1080.808156814787935, 377.4172863544016536, 107.0137961743256483 ) ) ;
#4902 = CARTESIAN_POINT ( 'NONE',  ( 1114.443223914259988, 257.2400367354393893, -88.49310088130910401 ) ) ;
#4903 = CARTESIAN_POINT ( 'NONE',  ( 1310.035615425896822, 433.2014720368557050, -162.1832354934295211 ) ) ;
#4904 = CARTESIAN_POINT ( 'NONE',  ( 843.9568450242660447, 113.1560430796769339, -9.580965488087688442 ) ) ;
#4905 = CARTESIAN_POINT ( 'NONE',  ( 579.4088595007734739, 5.739967324027023921, 14.94145080289236382 ) ) ;
#4906 = CARTESIAN_POINT ( 'NONE',  ( 847.2852143278662425, 86.11334043839198671, -62.12840979730845703 ) ) ;
#4907 = CARTESIAN_POINT ( 'NONE',  ( 788.6015142794605026, 86.65484078298651127, 34.74384594779959912 ) ) ;
#4908 = CARTESIAN_POINT ( 'NONE',  ( 905.5442943196169381, 96.14749096089896341, -86.58622122503739149 ) ) ;
#4909 = CARTESIAN_POINT ( 'NONE',  ( 618.7514479503279290, -3.577616554269299254, -48.90754001721708022 ) ) ;
#4910 = CARTESIAN_POINT ( 'NONE',  ( 1384.658559335839982, 1029.476224771035731, 83.24496266122001487 ) ) ;
#4911 = CARTESIAN_POINT ( 'NONE',  ( 1402.610569736127900, 1002.964708124501499, 50.58762460673158756 ) ) ;
#4912 = CARTESIAN_POINT ( 'NONE',  ( 1234.204918622740479, 612.6890970322418752, 120.1644727420208341 ) ) ;
#4913 = CARTESIAN_POINT ( 'NONE',  ( 1410.363065902192830, 650.7210228190319867, -137.5434429193651056 ) ) ;
#4914 = CARTESIAN_POINT ( 'NONE',  ( 993.5235006722475646, 260.7384299603608611, 64.84851963242273598 ) ) ;
#4915 = CARTESIAN_POINT ( 'NONE',  ( 1418.161976828675733, 875.1052810491812579, -17.83535003974408895 ) ) ;
#4916 = CARTESIAN_POINT ( 'NONE',  ( 1168.269188769255607, 287.4863179081771136, -121.5729507298256209 ) ) ;
#4917 = CARTESIAN_POINT ( 'NONE',  ( 1119.567499769005053, 442.6258026463360693, 139.9131153225533524 ) ) ;
#4918 = CARTESIAN_POINT ( 'NONE',  ( 1244.315564662968882, 433.9620223713558858, -85.06904003217886157 ) ) ;
#4919 = CARTESIAN_POINT ( 'NONE',  ( 675.5484263028421310, 44.09169075589858267, 47.81914531146186675 ) ) ;
#4920 = CARTESIAN_POINT ( 'NONE',  ( 1307.186555019171237, 840.6594687350983577, 131.5576237758309048 ) ) ;
#4921 = CARTESIAN_POINT ( 'NONE',  ( 1332.381826040201076, 670.8579026238488723, 3.630276345790260262 ) ) ;
#4922 = CARTESIAN_POINT ( 'NONE',  ( 1452.308961392570154, 929.5701574125233719, -50.05442328460268442 ) ) ;
#4923 = CARTESIAN_POINT ( 'NONE',  ( 845.3193317229388413, 102.2312521171964192, 1.093891708218361014 ) ) ;
#4924 = CARTESIAN_POINT ( 'NONE',  ( 734.9643287375134832, 25.66012014688590881, -66.50759836597337937 ) ) ;
#4925 = CARTESIAN_POINT ( 'NONE',  ( 559.9999999999998863, -7.365733076372119825, -18.00351316495690668 ) ) ;
#4926 = CARTESIAN_POINT ( 'NONE',  ( 559.9999999999998863, 8.158224492483517665, 32.04479668907760015 ) ) ;
#4927 = CARTESIAN_POINT ( 'NONE',  ( 675.2918697658384417, 50.11591355887809840, 53.94932630021853726 ) ) ;
#4928 = CARTESIAN_POINT ( 'NONE',  ( 958.1975321659000429, 140.8151260114678394, -85.69115492270930190 ) ) ;
#4929 = CARTESIAN_POINT ( 'NONE',  ( 1374.404818446748095, 1011.775528993613875, 98.74128336769659597 ) ) ;
#4930 = CARTESIAN_POINT ( 'NONE',  ( 1349.518926640557311, 877.6768964603870700, 73.23828577605701184 ) ) ;
#4931 = CARTESIAN_POINT ( 'NONE',  ( 900.7809782747651752, 127.4103553980896493, -17.05597054810595736 ) ) ;
#4932 = CARTESIAN_POINT ( 'NONE',  ( 1454.580807522376517, 698.3310370248244681, -160.0388000141327893 ) ) ;
#4933 = CARTESIAN_POINT ( 'NONE',  ( 1427.387943984604590, 966.3734988282160430, 0.1514668213138629649 ) ) ;
#4934 = CARTESIAN_POINT ( 'NONE',  ( 731.6195610222581536, 75.39549616637292218, 54.23603856809372559 ) ) ;
#4935 = CARTESIAN_POINT ( 'NONE',  ( 1011.906879925450085, 175.0367527199247490, -75.71142430791024935 ) ) ;
#4936 = CARTESIAN_POINT ( 'NONE',  ( 1472.611346893590053, 789.4920158873741229, -138.7506307928123306 ) ) ;
#4937 = CARTESIAN_POINT ( 'NONE',  ( 675.9729091981868123, 33.64064060674864720, -13.52689761765391374 ) ) ;
#4938 = CARTESIAN_POINT ( 'NONE',  ( 1389.411988130520967, 920.3104710493252014, 45.11220723811867117 ) ) ;
#4939 = CARTESIAN_POINT ( 'NONE',  ( 1371.120111082916537, 593.5374434934039982, -124.2621523203297897 ) ) ;
#4940 = CARTESIAN_POINT ( 'NONE',  ( 949.0622706517931420, 190.8242053723130311, 37.72386433995671950 ) ) ;
#4941 = CARTESIAN_POINT ( 'NONE',  ( 1278.331241972737416, 778.7084929592061826, 150.2794216378576380 ) ) ;
#4942 = CARTESIAN_POINT ( 'NONE',  ( 849.4378631421315049, 68.69944314334829016, -79.33898034025385471 ) ) ;
#4943 = CARTESIAN_POINT ( 'NONE',  ( 1171.923892224180463, 275.8310354579835462, -144.2518517842934216 ) ) ;
#4944 = CARTESIAN_POINT ( 'NONE',  ( 1241.092867737828101, 596.3876225787970498, 94.78865296568721988 ) ) ;
#4945 = CARTESIAN_POINT ( 'NONE',  ( 1043.502646730245715, 297.2845802774892832, 71.91096110563380250 ) ) ;
#4946 = CARTESIAN_POINT ( 'NONE',  ( 903.2285187236353750, 111.2593349423437417, -74.88379685760934024 ) ) ;
#4947 = CARTESIAN_POINT ( 'NONE',  ( 945.3642503822396748, 210.9474394405998794, 48.91648392603123341 ) ) ;
#4948 = CARTESIAN_POINT ( 'NONE',  ( 1348.472914318298763, 638.7473582198787199, -43.47013442681730311 ) ) ;
#4949 = CARTESIAN_POINT ( 'NONE',  ( 1066.834378489939127, 202.6704501399846095, -103.9583094046692082 ) ) ;
#4950 = CARTESIAN_POINT ( 'NONE',  ( 1346.040149027772486, 988.5077036226973632, 138.1637734989270427 ) ) ;
#4951 = CARTESIAN_POINT ( 'NONE',  ( 790.0978655308089174, 70.64606859434786656, -36.80841739759579667 ) ) ;
#4952 = CARTESIAN_POINT ( 'NONE',  ( 1320.700276428985717, 694.1445901092253052, 13.18199139787751584 ) ) ;
#4953 = CARTESIAN_POINT ( 'NONE',  ( 1394.739513939247217, 1014.588677926869309, 66.55215401463384239 ) ) ;
#4954 = CARTESIAN_POINT ( 'NONE',  ( 1332.328224918734122, 907.0293103488986617, 119.7519113152855397 ) ) ;
#4955 = CARTESIAN_POINT ( 'NONE',  ( 1187.962158980832555, 416.7791030629632019, 3.600331524032440722 ) ) ;
#4956 = CARTESIAN_POINT ( 'NONE',  ( 1112.424441190814832, 264.4565691595135490, -75.75543004200578423 ) ) ;
#4957 = CARTESIAN_POINT ( 'NONE',  ( 1224.265946874884321, 486.0085895305265922, -7.853030340183484448 ) ) ;
#4958 = CARTESIAN_POINT ( 'NONE',  ( 792.5174537510439450, 45.13283864101034482, -76.20483785420796607 ) ) ;
#4959 = CARTESIAN_POINT ( 'NONE',  ( 1394.898736575436487, 679.1991993812599731, -85.53042680403279974 ) ) ;
#4960 = CARTESIAN_POINT ( 'NONE',  ( 1305.408806916881986, 843.9424624698971229, 152.9235410801296950 ) ) ;
#4961 = CARTESIAN_POINT ( 'NONE',  ( 559.9999999999994316, 11.43101722592819236, 33.48855063596102610 ) ) ;
#4962 = CARTESIAN_POINT ( 'NONE',  ( 676.5443945054732922, 20.05800725946967589, -43.28975781047827809 ) ) ;
#4963 = CARTESIAN_POINT ( 'NONE',  ( 943.5626384596389471, 220.8652351229559088, 97.04649970763786371 ) ) ;
#4964 = CARTESIAN_POINT ( 'NONE',  ( 993.5235006722475646, 260.7384299603608611, 64.84851963242273598 ) ) ;
#4965 = CARTESIAN_POINT ( 'NONE',  ( 955.2727806206546575, 156.8752052439467377, -32.35355599999540743 ) ) ;
#4966 = CARTESIAN_POINT ( 'NONE',  ( 1475.727291019211407, 784.5940238965919207, -142.9326533482554566 ) ) ;
#4967 = CARTESIAN_POINT ( 'NONE',  ( 1420.897234135048848, 975.9589746823080532, 2.596880503605166979 ) ) ;
#4968 = CARTESIAN_POINT ( 'NONE',  ( 1282.833872611950937, 769.7197245100161354, 133.6014159871077993 ) ) ;
#4969 = CARTESIAN_POINT ( 'NONE',  ( 560.0000000000006821, -9.073986142642445074, -25.04769544397915837 ) ) ;
#4970 = CARTESIAN_POINT ( 'NONE',  ( 1369.869788194439025, 842.9321103627755747, 22.13767800780981432 ) ) ;
#4971 = CARTESIAN_POINT ( 'NONE',  ( 959.9780577496231899, 131.0988885905165944, -99.00888322101849326 ) ) ;
#4972 = CARTESIAN_POINT ( 'NONE',  ( 897.0077205151060298, 152.0302880535452630, 1.299715279612849050 ) ) ;
#4973 = CARTESIAN_POINT ( 'NONE',  ( 844.0197437826467421, 112.8015267459719695, 25.52815529917494430 ) ) ;
#4974 = CARTESIAN_POINT ( 'NONE',  ( 1402.897488864914749, 968.4947853028976397, 39.40209842498223480 ) ) ;
#4975 = CARTESIAN_POINT ( 'NONE',  ( 1348.991579696609278, 983.8629751983036158, 123.8009564792137098 ) ) ;
#4976 = CARTESIAN_POINT ( 'NONE',  ( 792.5285548862403857, 45.04757080946236414, -72.00366239446468342 ) ) ;
#4977 = CARTESIAN_POINT ( 'NONE',  ( 618.7418080736566708, -3.064227740987475634, -49.43946829029890466 ) ) ;
#4978 = CARTESIAN_POINT ( 'NONE',  ( 1208.397588671174390, 527.2492693750704120, 86.19231365742534479 ) ) ;
#4979 = CARTESIAN_POINT ( 'NONE',  ( 1272.116378469226902, 664.6830301620569799, 97.23601799406999646 ) ) ;
#4980 = CARTESIAN_POINT ( 'NONE',  ( 847.4716120247798017, 84.60035126258651417, -64.64690326533069253 ) ) ;
#4981 = CARTESIAN_POINT ( 'NONE',  ( 1264.420067489267694, 681.3493731593476923, 101.0942019783105081 ) ) ;
#4982 = CARTESIAN_POINT ( 'NONE',  ( 560.0000000000006821, -5.569105802574102704, -10.98192854634530669 ) ) ;
#4983 = CARTESIAN_POINT ( 'NONE',  ( 905.4468797451158935, 96.78795111798726225, -85.01529610844738727 ) ) ;
#4984 = CARTESIAN_POINT ( 'NONE',  ( 618.2448995157232048, 26.11094977869936429, 47.40132342810425570 ) ) ;
#4985 = CARTESIAN_POINT ( 'NONE',  ( 732.3627032779802448, 64.23802063154404607, 9.498001024296399919 ) ) ;
#4986 = CARTESIAN_POINT ( 'NONE',  ( 1164.238749866217859, 484.7479094732568683, 115.7593744858262994 ) ) ;
#4987 = CARTESIAN_POINT ( 'NONE',  ( 840.5503186569635545, 140.9321464394187160, 69.93179146651389999 ) ) ;
#4988 = CARTESIAN_POINT ( 'NONE',  ( 1010.709250825151003, 180.6262182482404910, -64.75228258545922699 ) ) ;
#4989 = CARTESIAN_POINT ( 'NONE',  ( 1000.571820595480517, 227.8349977419940728, -5.683495649882850387 ) ) ;
#4990 = CARTESIAN_POINT ( 'NONE',  ( 894.0674562874075946, 171.4284221101190724, 76.34049351416901175 ) ) ;
#4991 = CARTESIAN_POINT ( 'NONE',  ( 1038.503809189780895, 317.5465492761859423, 109.0016101324009412 ) ) ;
#4992 = CARTESIAN_POINT ( 'NONE',  ( 618.2035923525517092, 28.39079615631290565, 46.28269626580662788 ) ) ;
#4993 = CARTESIAN_POINT ( 'NONE',  ( 1113.347105302463660, 261.1083854194120022, -101.2023778884227028 ) ) ;
#4994 = CARTESIAN_POINT ( 'NONE',  ( 1376.728005576595933, 1008.246495086548862, 94.99855550385217384 ) ) ;
#4995 = CARTESIAN_POINT ( 'NONE',  ( 787.3597415182597388, 99.63989197473368620, 35.50468977506009338 ) ) ;
#4996 = CARTESIAN_POINT ( 'NONE',  ( 734.9282870324421992, 26.18362629858585322, -66.88127881422545329 ) ) ;
#4997 = CARTESIAN_POINT ( 'NONE',  ( 559.9999999999998863, -6.678670124263289765, -32.73553749766562504 ) ) ;
#4998 = CARTESIAN_POINT ( 'NONE',  ( 789.9098584740320348, 72.81220373612472940, 1.076910388843004274 ) ) ;
#4999 = CARTESIAN_POINT ( 'NONE',  ( 1380.309700649015667, 1002.806153970382297, 77.63758167387366882 ) ) ;
#5000 = CARTESIAN_POINT ( 'NONE',  ( 734.6774770563811217, 30.00170142215927171, -47.67658415615120759 ) ) ;
#5001 = CARTESIAN_POINT ( 'NONE',  ( 732.2654362928888077, 65.68841609699684625, 13.75969489790601230 ) ) ;
#5002 = CARTESIAN_POINT ( 'NONE',  ( 848.9320312703251830, 72.75181670836118997, -82.12036783310510657 ) ) ;
#5003 = CARTESIAN_POINT ( 'NONE',  ( 732.4629253079375530, 62.74435071571917177, 5.250808479943008145 ) ) ;
#5004 = CARTESIAN_POINT ( 'NONE',  ( 579.4236983873113331, 3.683752564841396016, 8.505138293785236669 ) ) ;
#5005 = CARTESIAN_POINT ( 'NONE',  ( 1285.268613799650439, 636.1641913372411636, 54.04266814254576445 ) ) ;
#5006 = CARTESIAN_POINT ( 'NONE',  ( 731.5820070013719487, 75.97847893520899731, 59.63840051634438311 ) ) ;
#5007 = CARTESIAN_POINT ( 'NONE',  ( 905.8016358407061261, 94.44394480986471763, -92.53619447000792775 ) ) ;
#5008 = CARTESIAN_POINT ( 'NONE',  ( 1468.913864118899482, 905.0480484549565290, -83.40541284796195498 ) ) ;
#5009 = CARTESIAN_POINT ( 'NONE',  ( 560.0000000000002274, 3.723077634154153159, 20.27440890179003219 ) ) ;
#5010 = CARTESIAN_POINT ( 'NONE',  ( 895.4303006139325589, 162.4989928787338727, 58.39253013841728546 ) ) ;
#5011 = CARTESIAN_POINT ( 'NONE',  ( 1209.262614746678764, 355.7129754843290357, -114.3232988040018796 ) ) ;
#5012 = CARTESIAN_POINT ( 'NONE',  ( 1039.819670309502953, 312.1598285032674198, 74.36502059320757496 ) ) ;
#5013 = CARTESIAN_POINT ( 'NONE',  ( 1467.766644737014985, 797.1114038463048246, -124.3475682987787110 ) ) ;
#5014 = CARTESIAN_POINT ( 'NONE',  ( 675.4009193234196573, 47.57930780760269585, 55.22188886432808630 ) ) ;
#5015 = CARTESIAN_POINT ( 'NONE',  ( 618.3125465922544208, 22.26612309981810967, 38.77108451541223388 ) ) ;
#5016 = CARTESIAN_POINT ( 'NONE',  ( 1121.915367096665250, 435.1252759164875101, 111.7334545340281551 ) ) ;
#5017 =( NAMED_UNIT ( * ) PLANE_ANGLE_UNIT ( ) SI_UNIT ( $, .RADIAN. ) );
#5018 = CARTESIAN_POINT ( 'NONE',  ( 1328.166688878075774, 679.2449454618290474, -8.488852208479817918 ) ) ;
#5019 = CARTESIAN_POINT ( 'NONE',  ( 787.5446008744228266, 97.81987275094013512, 59.68917854177116311 ) ) ;
#5020 = CARTESIAN_POINT ( 'NONE',  ( 841.4139489319111362, 133.9735536437671612, 71.21043350111665404 ) ) ;
#5021 = CARTESIAN_POINT ( 'NONE',  ( 942.1184924610028020, 228.7456163413247054, 104.7000726529384593 ) ) ;
#5022 = CARTESIAN_POINT ( 'NONE',  ( 1211.658059651118265, 348.8523365345131424, -123.3737694235631039 ) ) ;
#5023 = CARTESIAN_POINT ( 'NONE',  ( 675.5078734141279710, 45.05216356977997094, 50.32351364029594265 ) ) ;
#5024 = CARTESIAN_POINT ( 'NONE',  ( 579.3362203173246598, 15.93863508026690390, 21.42297113712186274 ) ) ;
#5025 = CARTESIAN_POINT ( 'NONE',  ( 733.8192278838673701, 42.79975369729307744, -11.62966198429909603 ) ) ;
#5026 = CARTESIAN_POINT ( 'NONE',  ( 579.5052618885458742, -7.514419835523282742, -40.89938807614876737 ) ) ;
#5027 = CARTESIAN_POINT ( 'NONE',  ( 1343.399866537009075, 648.8476332804033291, -51.30647914314668867 ) ) ;
#5028 = CARTESIAN_POINT ( 'NONE',  ( 1463.666228763119761, 876.1857937449138944, -92.41673456120621211 ) ) ;
#5029 = CARTESIAN_POINT ( 'NONE',  ( 899.5235140921829498, 135.6599107276570919, 1.133441576290972641 ) ) ;
#5030 = CARTESIAN_POINT ( 'NONE',  ( 1355.431838203995085, 973.7347479190860895, 106.7868856902850752 ) ) ;
#5031 = CARTESIAN_POINT ( 'NONE',  ( 1403.090348051900946, 664.1195537632024752, -106.7907375981665865 ) ) ;
#5032 = CARTESIAN_POINT ( 'NONE',  ( 1447.978652006900347, 709.5967150354658770, -149.5653712430583369 ) ) ;
#5033 = CARTESIAN_POINT ( 'NONE',  ( 892.1470891478553540, 183.9994201682825405, 95.52027611611399038 ) ) ;
#5034 = CARTESIAN_POINT ( 'NONE',  ( 1400.831792481553293, 902.3457224424713559, 1.717061421248263331 ) ) ;
#5035 = CARTESIAN_POINT ( 'NONE',  ( 618.4668906418686447, 13.38451990648206724, 14.92919979815635756 ) ) ;
#5036 = CARTESIAN_POINT ( 'NONE',  ( 897.6167560677331494, 148.1659045303399012, 28.35534586809797730 ) ) ;
#5037 = CARTESIAN_POINT ( 'NONE',  ( 942.6073581307874747, 226.0605014395804346, 94.46327389090126303 ) ) ;
#5038 = CARTESIAN_POINT ( 'NONE',  ( 961.2282223808748540, 124.2950507159061573, -102.1246840429181191 ) ) ;
#5039 = CARTESIAN_POINT ( 'NONE',  ( 579.5082485553352853, -7.937578488777725205, -40.66920595566789842 ) ) ;
#5040 = CARTESIAN_POINT ( 'NONE',  ( 1275.404890651798496, 657.5523988327581719, 86.44340689630712404 ) ) ;
#5041 = CARTESIAN_POINT ( 'NONE',  ( 1256.040074172782397, 403.5607015016113905, -110.4431271059016524 ) ) ;
#5042 = CARTESIAN_POINT ( 'NONE',  ( 1205.958252691285452, 533.5817366324690738, 96.29145875127038323 ) ) ;
#5043 = CARTESIAN_POINT ( 'NONE',  ( 559.9999999999998863, 11.11015752902651244, 23.21961501113554860 ) ) ;
#5044 = CARTESIAN_POINT ( 'NONE',  ( 1418.429183796738926, 635.8829681374303391, -146.1552505607258468 ) ) ;
#5045 = CARTESIAN_POINT ( 'NONE',  ( 944.9123770700966816, 213.4950295886434048, 82.39107576029225299 ) ) ;
#5046 = CARTESIAN_POINT ( 'NONE',  ( 618.2063206748507582, 28.09830045151915101, 38.66465307918257821 ) ) ;
#5047 = CARTESIAN_POINT ( 'NONE',  ( 1230.297060956263294, 621.9374870750904165, 134.3314090491540469 ) ) ;
#5048 = CARTESIAN_POINT ( 'NONE',  ( 1379.686359782254158, 1003.752731712698846, 88.47774279081936299 ) ) ;
#5049 = CARTESIAN_POINT ( 'NONE',  ( 731.5401333092997902, 76.62991033460772883, 66.02557380480702420 ) ) ;
#5050 = CARTESIAN_POINT ( 'NONE',  ( 897.4344040612434128, 149.2313025267214925, -4.740470282044896067 ) ) ;
#5051 = CARTESIAN_POINT ( 'NONE',  ( 1293.612267052809784, 472.0590950100879013, -115.0620876522620932 ) ) ;
#5052 = CARTESIAN_POINT ( 'NONE',  ( 893.3388790163546673, 176.2011850140361275, 86.48475592332160033 ) ) ;
#5053 = CARTESIAN_POINT ( 'NONE',  ( 1201.939330887594224, 543.9814666685050497, 89.52789480572826619 ) ) ;
#5054 = CARTESIAN_POINT ( 'NONE',  ( 1408.662830577202840, 776.7204333832785323, -50.20213973512148442 ) ) ;
#5055 = CARTESIAN_POINT ( 'NONE',  ( 1392.970131559082574, 549.9483491531749451, -173.0888823114673301 ) ) ;
#5056 = CARTESIAN_POINT ( 'NONE',  ( 844.2607716953190220, 110.6846195722311990, -14.95527300679075644 ) ) ;
#5057 = CARTESIAN_POINT ( 'NONE',  ( 1430.481374209323803, 739.4631018937640192, -114.9502042324111670 ) ) ;
#5058 = CARTESIAN_POINT ( 'NONE',  ( 1422.586393245667523, 938.5869888424668943, -2.032708851155866636 ) ) ;
#5059 = CARTESIAN_POINT ( 'NONE',  ( 1304.643151750308334, 845.3429171131808744, 139.8047624722223645 ) ) ;
#5060 = CARTESIAN_POINT ( 'NONE',  ( 1213.189610262008955, 344.4931659320167228, -114.6381710142411521 ) ) ;
#5061 = CARTESIAN_POINT ( 'NONE',  ( 618.6883258809859853, -0.04435822063845865776, -46.29616843105208801 ) ) ;
#5062 = CARTESIAN_POINT ( 'NONE',  ( 942.2295464868005865, 228.1411324956903002, 105.5904497135577600 ) ) ;
#5063 = CARTESIAN_POINT ( 'NONE',  ( 1093.953691933871596, 330.4050393031100725, 10.31981291450860461 ) ) ;
#5064 = CARTESIAN_POINT ( 'NONE',  ( 1397.614699535040472, 907.4127463804954914, 27.10982396029103469 ) ) ;
#5065 = CARTESIAN_POINT ( 'NONE',  ( 1364.873336310515697, 851.4771764147703834, 55.47126719148278085 ) ) ;
#5066 = CARTESIAN_POINT ( 'NONE',  ( 1253.642486154818926, 704.7278792720939009, 143.3967246329044656 ) ) ;
#5067 = CARTESIAN_POINT ( 'NONE',  ( 1388.908374428039451, 558.0572733953744091, -159.5193372656348458 ) ) ;
#5068 = CARTESIAN_POINT ( 'NONE',  ( 1069.209907909024878, 193.0191129612925351, -125.2227420580300503 ) ) ;
#5069 = CARTESIAN_POINT ( 'NONE',  ( 733.6131617267199090, 45.64883347189078222, -35.55281758483564403 ) ) ;
#5070 = CARTESIAN_POINT ( 'NONE',  ( 618.3912248612648455, 17.75747837693780085, 27.29973909221185124 ) ) ;
#5071 = CARTESIAN_POINT ( 'NONE',  ( 1454.425502309537933, 890.2226819836562299, -68.20512311007065875 ) ) ;
#5072 = CARTESIAN_POINT ( 'NONE',  ( 1322.032630672397318, 813.3389554299669726, 107.4336571292829632 ) ) ;
#5073 = CARTESIAN_POINT ( 'NONE',  ( 1261.442898268315730, 687.8069095691093935, 112.3376857155226389 ) ) ;
#5074 = CARTESIAN_POINT ( 'NONE',  ( 1216.765393423095929, 334.2473699297507324, -131.0409698951260395 ) ) ;
#5075 = CARTESIAN_POINT ( 'NONE',  ( 1163.706374339814602, 486.2730242129396743, 118.1984686995248239 ) ) ;
#5076 = CARTESIAN_POINT ( 'NONE',  ( 840.5177598636932998, 141.1999721688916054, 71.27777401114100542 ) ) ;
#5077 = CARTESIAN_POINT ( 'NONE',  ( 560.0000000000000000, -2.776561249831098088, -0.6708417886325144242 ) ) ;
#5078 = CARTESIAN_POINT ( 'NONE',  ( 1288.327545460172360, 758.7699827725347177, 133.5938107104503842 ) ) ;
#5079 = CARTESIAN_POINT ( 'NONE',  ( 1038.944952224882400, 315.7584397388666275, 105.3007067815555899 ) ) ;
#5080 = CARTESIAN_POINT ( 'NONE',  ( 1078.066993580609733, 387.2346992095716018, 134.1901070570489765 ) ) ;
#5081 = CARTESIAN_POINT ( 'NONE',  ( 1452.228800631093463, 821.5356549297551965, -102.6498682135210743 ) ) ;
#5082 = CARTESIAN_POINT ( 'NONE',  ( 787.2113872561226344, 101.3375823264591133, 67.72736796480801047 ) ) ;
#5083 = CARTESIAN_POINT ( 'NONE',  ( 1362.745211173988992, 962.2340364827224448, 88.57141741233250798 ) ) ;
#5084 = CARTESIAN_POINT ( 'NONE',  ( 1008.317506133319171, 191.7878328368018117, -42.86096489247456276 ) ) ;
#5085 = CARTESIAN_POINT ( 'NONE',  ( 905.6086418938415363, 95.68098749848955720, -95.79604985969420738 ) ) ;
#5086 = CARTESIAN_POINT ( 'NONE',  ( 618.3836423263887809, 17.45252279050895794, -8.447323058056355194 ) ) ;
#5087 = CARTESIAN_POINT ( 'NONE',  ( 902.4254633844149112, 116.5184831843182707, -66.44343957893198649 ) ) ;
#5088 = CARTESIAN_POINT ( 'NONE',  ( 1188.638659403377687, 414.8407403124543293, 0.3932386202667129682 ) ) ;
#5089 = CARTESIAN_POINT ( 'NONE',  ( 1120.985350207753754, 438.0913185246145645, 118.7314168483335237 ) ) ;
#5090 = CARTESIAN_POINT ( 'NONE',  ( 1440.386594418028153, 722.5628360073590102, -125.2545964515950061 ) ) ;
#5091 = CARTESIAN_POINT ( 'NONE',  ( 1141.549068009941038, 372.5550024816671453, -7.153548988752066684 ) ) ;
#5092 = CARTESIAN_POINT ( 'NONE',  ( 1345.784449791534371, 504.9269364323118907, -152.4313254942674689 ) ) ;
#5093 = CARTESIAN_POINT ( 'NONE',  ( 1319.627469695660466, 928.7192113379171587, 158.5619114873937576 ) ) ;
#5094 = CARTESIAN_POINT ( 'NONE',  ( 560.0000000000000000, 7.980215842608662236, 5.384554589986259465 ) ) ;
#5095 = CARTESIAN_POINT ( 'NONE',  ( 844.4557711400492508, 109.2556606998638671, 17.39339998325299774 ) ) ;
#5096 = CARTESIAN_POINT ( 'NONE',  ( 790.2714114598445576, 68.98365084361164179, -8.593537882018358331 ) ) ;
#5097 = CARTESIAN_POINT ( 'NONE',  ( 789.3586902153681422, 78.64623113962584000, 15.54601866396447463 ) ) ;
#5098 = CARTESIAN_POINT ( 'NONE',  ( 840.3406081136699868, 142.6573043600968731, 78.73344956911044790 ) ) ;
#5099 = CARTESIAN_POINT ( 'NONE',  ( 1442.394004066245316, 944.2125595917430019, -39.01132290028385086 ) ) ;
#5100 = CARTESIAN_POINT ( 'NONE',  ( 1468.565935471713146, 905.5618692424906158, -82.56837189855302483 ) ) ;
#5101 = CARTESIAN_POINT ( 'NONE',  ( 1171.834641447040894, 276.1137767635877935, -144.5461926749477755 ) ) ;
#5102 = CARTESIAN_POINT ( 'NONE',  ( 1156.588633591618645, 324.6526631389771183, -82.38339116075304958 ) ) ;
#5103 = CARTESIAN_POINT ( 'NONE',  ( 732.7475167703605621, 58.74379655617321561, 30.46668796595350770 ) ) ;
#5104 = MANIFOLD_SOLID_BREP ( 'Loft1', #5493 ) ;
#5105 = CARTESIAN_POINT ( 'NONE',  ( 958.7968121756409801, 137.6047654992050866, -72.45282055240178920 ) ) ;
#5106 = CARTESIAN_POINT ( 'NONE',  ( 1405.221386463982981, 999.1090557714649094, 45.27837589185617162 ) ) ;
#5107 = CARTESIAN_POINT ( 'NONE',  ( 1398.711375041251586, 1008.723036175579864, 49.46132228027435218 ) ) ;
#5108 = CARTESIAN_POINT ( 'NONE',  ( 1067.586491279054826, 199.6210115494999400, -109.3510171123780310 ) ) ;
#5109 = CARTESIAN_POINT ( 'NONE',  ( 618.3311303700006647, 21.20453405942875591, 36.20709304981483712 ) ) ;
#5110 = CARTESIAN_POINT ( 'NONE',  ( 1254.888376757871811, 702.0249425890611974, 138.0970327197975109 ) ) ;
#5111 = APPLICATION_PROTOCOL_DEFINITION ( 'international standard', 'config_control_design', 1994, #993 ) ;
#5112 = CARTESIAN_POINT ( 'NONE',  ( 1231.027100427298819, 620.2097422273725442, 131.6716905813278515 ) ) ;
#5113 = CARTESIAN_POINT ( 'NONE',  ( 787.3883135907277619, 99.47033332483499635, 63.25191504551089139 ) ) ;
#5114 = CARTESIAN_POINT ( 'NONE',  ( 942.1465817305426071, 228.5902853054383002, 103.4343160436263958 ) ) ;
#5115 = CARTESIAN_POINT ( 'NONE',  ( 676.4321868477613862, 22.71913086544693883, -38.18842668957209696 ) ) ;
#5116 = CARTESIAN_POINT ( 'NONE',  ( 1306.385988228314773, 842.1434949258330107, 150.2241086294286561 ) ) ;
#5117 = CARTESIAN_POINT ( 'NONE',  ( 618.2171453972279096, 27.36348154987985026, 31.27748434972164304 ) ) ;
#5118 = CARTESIAN_POINT ( 'NONE',  ( 1434.672857630997669, 849.1445343675871982, -53.65929800625758617 ) ) ;
#5119 = CARTESIAN_POINT ( 'NONE',  ( 1266.596980413164374, 376.1363490152166378, -158.5059357895949859 ) ) ;
#5120 = CARTESIAN_POINT ( 'NONE',  ( 579.3811989315744313, 9.746456794160536674, -4.396074823640780060 ) ) ;
#5121 = CARTESIAN_POINT ( 'NONE',  ( 1112.571246548701311, 263.8797562069693186, -97.26252312950964551 ) ) ;
#5122 = CARTESIAN_POINT ( 'NONE',  ( 1414.047584606312967, 881.5744600255685555, -8.852981871325431129 ) ) ;
#5123 = CARTESIAN_POINT ( 'NONE',  ( 1080.566258505757332, 378.2831455523823934, 109.2110539607581217 ) ) ;
#5124 = CARTESIAN_POINT ( 'NONE',  ( 618.7399648813380963, -2.721262362660355816, -39.90947729271923805 ) ) ;
#5125 = CARTESIAN_POINT ( 'NONE',  ( 1226.749192705401128, 479.5617789410354135, -17.86243239144582517 ) ) ;
#5126 = CARTESIAN_POINT ( 'NONE',  ( 791.8618883222952718, 52.03278064117630208, -69.16835258691997979 ) ) ;
#5127 = CARTESIAN_POINT ( 'NONE',  ( 1272.983142000051203, 789.3869061278968502, 171.6332570587254338 ) ) ;
#5128 = CARTESIAN_POINT ( 'NONE',  ( 579.3501307591189970, 14.03571238686963873, 11.23948960465930469 ) ) ;
#5129 = CARTESIAN_POINT ( 'NONE',  ( 789.7270712595063742, 74.74727814546315585, 5.903864268009705540 ) ) ;
#5130 = CARTESIAN_POINT ( 'NONE',  ( 676.4011172645267607, 23.78722016349045276, -6.351057240453207520 ) ) ;
#5131 = CARTESIAN_POINT ( 'NONE',  ( 1096.409006046655577, 321.7005139926827724, 26.26857448387266558 ) ) ;
#5132 = CARTESIAN_POINT ( 'NONE',  ( 1223.062665140488207, 639.0475876444212417, 148.3154527855843696 ) ) ;
#5133 = CARTESIAN_POINT ( 'NONE',  ( 560.0000000000000000, 6.957141057103118698, 1.476075066316601125 ) ) ;
#5134 = CARTESIAN_POINT ( 'NONE',  ( 1426.842235914414232, 620.3940417938147220, -168.7824178799700974 ) ) ;
#5135 = CARTESIAN_POINT ( 'NONE',  ( 560.0000000000002274, -9.805935366100131390, -36.63668440317903219 ) ) ;
#5136 = CARTESIAN_POINT ( 'NONE',  ( 1430.386122222223776, 855.8773027224435737, -59.90605796516904746 ) ) ;
#5137 = CARTESIAN_POINT ( 'NONE',  ( 1399.790532750493185, 973.2142681092416296, 45.95038370411133855 ) ) ;
#5138 = CARTESIAN_POINT ( 'NONE',  ( 1456.278502737616009, 923.7079414767181333, -57.94832152058975083 ) ) ;
#5139 = CARTESIAN_POINT ( 'NONE',  ( 1044.566688307543018, 292.9711792281088947, 64.05065500386992028 ) ) ;
#5140 = CARTESIAN_POINT ( 'NONE',  ( 1197.644319179503555, 555.1372149003847198, 110.6387720411011770 ) ) ;
#5141 = CARTESIAN_POINT ( 'NONE',  ( 1467.882424584933915, 869.7814244259840279, -95.70507451013386913 ) ) ;
#5142 = CARTESIAN_POINT ( 'NONE',  ( 1387.368086717666301, 992.0841234390060208, 72.11544500189950213 ) ) ;
#5143 = CARTESIAN_POINT ( 'NONE',  ( 786.7473544028795231, 106.1805329278858920, 63.28808534758806559 ) ) ;
#5144 = DATE_AND_TIME ( #5210, #2008 ) ;
#5145 = CARTESIAN_POINT ( 'NONE',  ( 945.4462349111576032, 210.5794887499357344, 76.84993864278737874 ) ) ;
#5146 = CARTESIAN_POINT ( 'NONE',  ( 904.4864774528795124, 103.0252830767181109, -86.87913771442157440 ) ) ;
#5147 = CARTESIAN_POINT ( 'NONE',  ( 944.1662128494331228, 217.5709334884328143, 90.52166145019006649 ) ) ;
#5148 = CARTESIAN_POINT ( 'NONE',  ( 1385.063005124875872, 1028.878939507183986, 81.72002070019424025 ) ) ;
#5149 = CARTESIAN_POINT ( 'NONE',  ( 902.4254633844149112, 116.5184831843182707, -66.44343957893198649 ) ) ;
#5150 = CARTESIAN_POINT ( 'NONE',  ( 731.9511020219607644, 70.55654660427151725, 58.25206355399699021 ) ) ;
#5151 = CARTESIAN_POINT ( 'NONE',  ( 893.6467758903678487, 174.1046971831541441, 56.98549778669067933 ) ) ;
#5152 = CARTESIAN_POINT ( 'NONE',  ( 676.6029568922259614, 18.95069253109999252, -20.99303833441918243 ) ) ;
#5153 = CARTESIAN_POINT ( 'NONE',  ( 1468.723176693313235, 905.3296555142774196, -84.00529374301490293 ) ) ;
#5154 = CARTESIAN_POINT ( 'NONE',  ( 559.9999999999996589, 3.899834997818927285, -8.522556094945933580 ) ) ;
#5155 = CARTESIAN_POINT ( 'NONE',  ( 791.1379726690336156, 59.80371933658467754, -31.99545459955939464 ) ) ;
#5156 = CARTESIAN_POINT ( 'NONE',  ( 1329.356303006678445, 540.5412229431462947, -107.8997269603144957 ) ) ;
#5157 = CARTESIAN_POINT ( 'NONE',  ( 676.3156820126696402, 25.83179412496597038, -0.2597903354827821865 ) ) ;
#5158 = CARTESIAN_POINT ( 'NONE',  ( 1376.728909727465634, 1008.245377483228253, 86.61968835014688750 ) ) ;
#5159 = CARTESIAN_POINT ( 'NONE',  ( 792.1294932971071603, 49.29028425168755234, -59.55631069834522862 ) ) ;
#5160 = CARTESIAN_POINT ( 'NONE',  ( 1143.251416796577132, 367.1321044711042987, -16.15081755744595782 ) ) ;
#5161 = CARTESIAN_POINT ( 'NONE',  ( 959.3230677223048133, 134.6729028335007001, -94.36938381286357469 ) ) ;
#5162 = CARTESIAN_POINT ( 'NONE',  ( 1220.392334569081413, 645.3756455992646579, 165.3867036171977816 ) ) ;
#5163 = CARTESIAN_POINT ( 'NONE',  ( 948.0399724742176204, 196.3085387122977750, 14.83693886583177957 ) ) ;
#5164 = CARTESIAN_POINT ( 'NONE',  ( 844.7434959406513144, 106.9153498362726964, 11.95936212444348534 ) ) ;
#5165 = CARTESIAN_POINT ( 'NONE',  ( 1180.871354644430994, 437.0959760392827889, 37.29805745514570958 ) ) ;
#5166 = CARTESIAN_POINT ( 'NONE',  ( 559.9999999999994316, 11.43101722592819236, 33.48855063596102610 ) ) ;
#5167 = CARTESIAN_POINT ( 'NONE',  ( 560.0000000000000000, 6.523739601442018810, 27.81865951365001166 ) ) ;
#5168 = CARTESIAN_POINT ( 'NONE',  ( 676.9882634584002972, 9.585437332722303694, -57.40131399676132418 ) ) ;
#5169 = CARTESIAN_POINT ( 'NONE',  ( 618.7350306639401651, -2.692577611811607152, -49.44484798920552038 ) ) ;
#5170 = CARTESIAN_POINT ( 'NONE',  ( 1004.787594102440494, 208.1698972416340609, -41.58025441233655783 ) ) ;
#5171 = CARTESIAN_POINT ( 'NONE',  ( 896.3157806704132327, 156.6953889737432348, 46.40986770003522821 ) ) ;
#5172 = CARTESIAN_POINT ( 'NONE',  ( 1164.893388521871429, 298.2417790121618850, -103.5119495367510183 ) ) ;
#5173 = CARTESIAN_POINT ( 'NONE',  ( 675.8883841539005743, 36.02506656489227055, 28.16263262268460466 ) ) ;
#5174 = CARTESIAN_POINT ( 'NONE',  ( 1466.240740018204860, 908.9957162934678081, -77.66384480975037263 ) ) ;
#5175 = APPROVAL ( #5542, 'UNSPECIFIED' ) ;
#5176 = CARTESIAN_POINT ( 'NONE',  ( 894.5738080640254566, 168.1112003888737263, 69.80994223572025703 ) ) ;
#5177 = CARTESIAN_POINT ( 'NONE',  ( 1304.643151750308334, 845.3429171131808744, 139.8047624722223645 ) ) ;
#5178 = CARTESIAN_POINT ( 'NONE',  ( 1411.306491422332783, 885.8843431245112470, -2.860429650511442379 ) ) ;
#5179 = CARTESIAN_POINT ( 'NONE',  ( 1262.254682832554408, 686.0664109442252538, 129.6434606150062052 ) ) ;
#5180 = CARTESIAN_POINT ( 'NONE',  ( 791.7293676603014774, 53.42829826025246120, -67.19077435023112344 ) ) ;
#5181 = CARTESIAN_POINT ( 'NONE',  ( 1376.431254092511836, 940.7129728656807401, 56.05245493130396284 ) ) ;
#5182 = CARTESIAN_POINT ( 'NONE',  ( 840.2399317981811464, 143.4970635880336829, 85.96765358251350619 ) ) ;
#5183 = CARTESIAN_POINT ( 'NONE',  ( 579.4441270677306193, 1.011785749129114009, -27.08314103805012607 ) ) ;
#5184 = CARTESIAN_POINT ( 'NONE',  ( 675.5341938205186807, 44.42902131552148148, 48.66772233103193201 ) ) ;
#5185 = CARTESIAN_POINT ( 'NONE',  ( 1264.420067489267694, 681.3493731593476923, 101.0942019783105081 ) ) ;
#5186 = CARTESIAN_POINT ( 'NONE',  ( 734.8106862300238618, 28.00884970831043219, -53.80978970753761104 ) ) ;
#5187 = CARTESIAN_POINT ( 'NONE',  ( 734.2115231612439175, 36.95344623602375123, -27.86729293570015287 ) ) ;
#5188 = CARTESIAN_POINT ( 'NONE',  ( 849.3408661076711041, 69.43719239951765587, -85.92633516153458118 ) ) ;
#5189 = CARTESIAN_POINT ( 'NONE',  ( 1005.668740893542576, 204.0606473947173356, -48.65186195797058843 ) ) ;
#5190 = CARTESIAN_POINT ( 'NONE',  ( 1241.264069735317435, 441.9227135966419837, -50.17204663526943875 ) ) ;
#5191 = CARTESIAN_POINT ( 'NONE',  ( 559.9999999999998863, -1.753379073437582925, -23.16753687240378312 ) ) ;
#5192 = CARTESIAN_POINT ( 'NONE',  ( 1193.990955660223790, 564.6479041147567841, 146.6529568077718864 ) ) ;
#5193 = CARTESIAN_POINT ( 'NONE',  ( 1254.256327871587928, 703.3961417847348230, 140.7616925164389272 ) ) ;
#5194 = CARTESIAN_POINT ( 'NONE',  ( 560.0000000000003411, 7.373077284337208326, 3.045824493168623803 ) ) ;
#5195 = CARTESIAN_POINT ( 'NONE',  ( 1462.723336838201249, 914.1902148972443456, -75.00709186276264973 ) ) ;
#5196 = CARTESIAN_POINT ( 'NONE',  ( 1343.536299541482322, 992.4439474958562641, 141.1589139265024642 ) ) ;
#5197 = CARTESIAN_POINT ( 'NONE',  ( 732.3627032779802448, 64.23802063154404607, 9.498001024296399919 ) ) ;
#5198 = CARTESIAN_POINT ( 'NONE',  ( 676.1927329302044427, 28.77006613889563980, 8.241907200914385001 ) ) ;
#5199 = CARTESIAN_POINT ( 'NONE',  ( 1397.614699535040472, 907.4127463804954914, 27.10982396029103469 ) ) ;
#5200 = CARTESIAN_POINT ( 'NONE',  ( 1345.525783870533132, 989.3134862843556903, 132.6357192278995853 ) ) ;
#5201 = CARTESIAN_POINT ( 'NONE',  ( 1453.494302318936661, 927.8196467454442882, -59.20434973152254088 ) ) ;
#5202 = CARTESIAN_POINT ( 'NONE',  ( 677.0049253815393513, 9.213990280123569576, -56.45533032799570350 ) ) ;
#5203 = CARTESIAN_POINT ( 'NONE',  ( 676.9559158927435192, 10.33124376046706061, -57.67912615185488079 ) ) ;
#5204 = CARTESIAN_POINT ( 'NONE',  ( 560.0000000000007958, 3.129443746980514085, -10.81248819702594055 ) ) ;
#5205 = CARTESIAN_POINT ( 'NONE',  ( 1277.049909519133507, 653.9854162816426424, 81.04657103704036558 ) ) ;
#5206 = CARTESIAN_POINT ( 'NONE',  ( 1409.233053606065823, 652.8119297897013666, -122.6227807528251788 ) ) ;
#5207 = CARTESIAN_POINT ( 'NONE',  ( 1173.419420797192060, 458.4464330641251308, 72.55863812348687247 ) ) ;
#5208 = CARTESIAN_POINT ( 'NONE',  ( 677.0157798925471297, 8.994886608109611714, -54.29997588983139423 ) ) ;
#5209 = CARTESIAN_POINT ( 'NONE',  ( 675.6770801298581546, 41.04296332167515260, 40.67581267468698769 ) ) ;
#5210 = CALENDAR_DATE ( 2026, 19, 9 ) ;
#5211 = CARTESIAN_POINT ( 'NONE',  ( 675.6295172549813515, 42.17024048686330673, 43.34124003093757693 ) ) ;
#5212 = CARTESIAN_POINT ( 'NONE',  ( 1261.840115432442190, 388.4798979431631665, -144.9452406711922379 ) ) ;
#5213 = CARTESIAN_POINT ( 'NONE',  ( 731.9279990986228768, 70.73585610741955065, 31.04253898477933049 ) ) ;
#5214 = CARTESIAN_POINT ( 'NONE',  ( 1118.193987294946737, 446.9985892148409903, 143.5327851496413132 ) ) ;
#5215 = CARTESIAN_POINT ( 'NONE',  ( 1008.858781241126735, 189.1862386945768435, -73.11357075526098015 ) ) ;
#5216 = CARTESIAN_POINT ( 'NONE',  ( 1161.679159528086529, 492.0807846010205822, 127.8201190206300026 ) ) ;
#5217 = CARTESIAN_POINT ( 'NONE',  ( 731.7589688776237153, 73.27880196000405988, 42.02054894994277845 ) ) ;
#5218 = CARTESIAN_POINT ( 'NONE',  ( 1443.529660576674587, 717.1984287236986120, -132.5852209604130110 ) ) ;
#5219 = CARTESIAN_POINT ( 'NONE',  ( 734.2787033407721538, 35.95160230270315083, -30.69461293064129137 ) ) ;
#5220 = CARTESIAN_POINT ( 'NONE',  ( 1312.298338435245341, 427.8502241625660645, -167.0773778097964168 ) ) ;
#5221 = CARTESIAN_POINT ( 'NONE',  ( 618.4216905705432055, 15.24143486127712599, -14.62428684781232491 ) ) ;
#5222 = CARTESIAN_POINT ( 'NONE',  ( 579.4800445339152475, -4.099152409035489164, -18.78549649826096868 ) ) ;
#5223 = CARTESIAN_POINT ( 'NONE',  ( 790.5496712750326651, 65.87435322353178435, -46.04513576433870981 ) ) ;
#5224 = CARTESIAN_POINT ( 'NONE',  ( 1388.868997298875229, 1023.258252875004473, 78.60441507959404817 ) ) ;
#5225 = CARTESIAN_POINT ( 'NONE',  ( 1348.991579696609278, 983.8629751983036158, 123.8009564792137098 ) ) ;
#5226 = CARTESIAN_POINT ( 'NONE',  ( 999.7643292572977316, 231.6025930765942746, 1.588679007309656388 ) ) ;
#5227 = CARTESIAN_POINT ( 'NONE',  ( 904.2068163629393212, 104.8551491648450877, -84.38721304882895424 ) ) ;
#5228 = CARTESIAN_POINT ( 'NONE',  ( 786.7360724705567918, 106.3482525656953612, 75.54366648502063697 ) ) ;
#5229 = CARTESIAN_POINT ( 'NONE',  ( 560.0000000000000000, 9.069401674943755154, 10.09233252086290911 ) ) ;
#5230 = CARTESIAN_POINT ( 'NONE',  ( 1258.233253646641742, 555.8207244741656723, 31.69073485334093121 ) ) ;
#5231 = CARTESIAN_POINT ( 'NONE',  ( 1323.680544056772987, 921.7965367879224914, 145.0759647162699366 ) ) ;
#5232 = CARTESIAN_POINT ( 'NONE',  ( 675.8038054473848888, 37.67689533264162804, -2.689119567474269168 ) ) ;
#5233 = CARTESIAN_POINT ( 'NONE',  ( 1068.942144964075624, 194.1135471611877676, -121.1484433295996723 ) ) ;
#5234 = CARTESIAN_POINT ( 'NONE',  ( 1471.346604051238046, 864.5189459785641475, -103.9600874892743008 ) ) ;
#5235 = CARTESIAN_POINT ( 'NONE',  ( 676.0319846435488671, 32.23219952859575699, -17.11512271575403688 ) ) ;
#5236 = CARTESIAN_POINT ( 'NONE',  ( 1210.833525684965934, 520.9255553513515906, 76.09862743222949177 ) ) ;
#5237 = CARTESIAN_POINT ( 'NONE',  ( 848.5620418052858440, 75.83687654560084468, -61.59274861435311976 ) ) ;
#5238 = CARTESIAN_POINT ( 'NONE',  ( 579.3931086919722020, 7.925772789461466239, 21.33423700110887822 ) ) ;
#5239 = CARTESIAN_POINT ( 'NONE',  ( 1170.361613660795001, 280.8178736215489266, -132.8711354051711453 ) ) ;
#5240 = CARTESIAN_POINT ( 'NONE',  ( 1085.667649996626778, 360.0852984302703135, 94.12557268398551003 ) ) ;
#5241 = CARTESIAN_POINT ( 'NONE',  ( 1338.921226237639985, 895.7829775433951909, 118.4982687694716645 ) ) ;
#5242 = CARTESIAN_POINT ( 'NONE',  ( 1013.006635160447217, 169.8530781632135813, -101.6573568469537747 ) ) ;
#5243 = CARTESIAN_POINT ( 'NONE',  ( 618.2591600403004577, 24.77668197161164443, 16.73923796363679273 ) ) ;
#5244 = CARTESIAN_POINT ( 'NONE',  ( 731.5974126834523759, 75.78830013948737587, 66.52714796528576358 ) ) ;
#5245 = CARTESIAN_POINT ( 'NONE',  ( 1059.739533060595249, 231.3793759494203073, -75.52486181441760493 ) ) ;
#5246 = CARTESIAN_POINT ( 'NONE',  ( 1038.503809189780895, 317.5465492761859423, 109.0016101324009412 ) ) ;
#5247 = CARTESIAN_POINT ( 'NONE',  ( 943.7489135726295899, 219.7959452467571566, 73.31285248043450054 ) ) ;
#5248 = CARTESIAN_POINT ( 'NONE',  ( 1260.842289920634812, 391.0923382030917992, -129.8517185558895335 ) ) ;
#5249 = CARTESIAN_POINT ( 'NONE',  ( 1061.842307924511942, 222.9185261845330785, -66.35400876243717505 ) ) ;
#5250 = CARTESIAN_POINT ( 'NONE',  ( 792.2161093163792884, 48.29794303399012279, -74.27595153537893680 ) ) ;
#5251 = CARTESIAN_POINT ( 'NONE',  ( 676.1578315413410110, 29.23682923649171173, -24.21851947288588391 ) ) ;
#5252 = CARTESIAN_POINT ( 'NONE',  ( 1157.060651463989871, 323.1964377686383614, -61.36445705731465949 ) ) ;
#5253 = CARTESIAN_POINT ( 'NONE',  ( 1159.396699977531398, 315.7104659869929151, -95.31843894307282028 ) ) ;
#5254 = CARTESIAN_POINT ( 'NONE',  ( 579.3499913820581924, 13.92569472099199501, 36.99016239584371846 ) ) ;
#5255 = CARTESIAN_POINT ( 'NONE',  ( 840.3872607057707000, 142.2741912630873173, 76.96357276120409097 ) ) ;
#5256 = CARTESIAN_POINT ( 'NONE',  ( 848.0638032407039191, 79.79461218769358766, -72.28099813663516215 ) ) ;
#5257 = CARTESIAN_POINT ( 'NONE',  ( 840.4276758072185203, 141.9774290555924097, 85.09075525327176592 ) ) ;
#5258 = ADVANCED_FACE ( 'NONE', ( #1955 ), #1921, .F. ) ;
#5259 = CARTESIAN_POINT ( 'NONE',  ( 1402.323001259123203, 969.3677228087578897, 27.42979809555103898 ) ) ;
#5260 = CARTESIAN_POINT ( 'NONE',  ( 1186.608314433701253, 420.6582178025878420, 10.01307171705058607 ) ) ;
#5261 = CARTESIAN_POINT ( 'NONE',  ( 1196.584788336355132, 557.8894594861370706, 116.0227343831668492 ) ) ;
#5262 = CARTESIAN_POINT ( 'NONE',  ( 1162.373070936941758, 306.2714467957777629, -90.02268058380158777 ) ) ;
#5263 = CARTESIAN_POINT ( 'NONE',  ( 1445.500078598825894, 713.8346127126134206, -137.1326631249806098 ) ) ;
#5264 = CARTESIAN_POINT ( 'NONE',  ( 1120.480283606729245, 235.6333060667784878, -133.4716333326583992 ) ) ;
#5265 = CARTESIAN_POINT ( 'NONE',  ( 559.9999999999989768, 2.307506237681811179, -13.08495193308440818 ) ) ;
#5266 = CARTESIAN_POINT ( 'NONE',  ( 1093.072346765804014, 333.6253074689608979, 47.52352454553426497 ) ) ;
#5267 = CARTESIAN_POINT ( 'NONE',  ( 904.5293730020730436, 102.8107040690670857, -71.66755854399703196 ) ) ;
#5268 = CARTESIAN_POINT ( 'NONE',  ( 1360.718899587991018, 858.5696585728039736, 65.56030362206081463 ) ) ;
#5269 = CARTESIAN_POINT ( 'NONE',  ( 1349.921977241511740, 495.9697874632319667, -154.7923261656643774 ) ) ;
#5270 = CARTESIAN_POINT ( 'NONE',  ( 675.2889779864765387, 50.21017327066916636, 57.01372243855682598 ) ) ;
#5271 = CARTESIAN_POINT ( 'NONE',  ( 1167.298867061967712, 475.9813724607496397, 101.3726953451043471 ) ) ;
#5272 = CARTESIAN_POINT ( 'NONE',  ( 845.6043632722916072, 99.91223571319528673, -4.349060335700047020 ) ) ;
#5273 = CARTESIAN_POINT ( 'NONE',  ( 675.6131323433248781, 42.55848240735381438, 44.24013275999200800 ) ) ;
#5274 = CARTESIAN_POINT ( 'NONE',  ( 1461.339076574875889, 807.2127932351138497, -119.4973538173893246 ) ) ;
#5275 = CARTESIAN_POINT ( 'NONE',  ( 732.0047007031275825, 69.58588021135409463, 26.69404322671796947 ) ) ;
#5276 = CARTESIAN_POINT ( 'NONE',  ( 1334.851375959971392, 665.9297837378343274, -3.626332830315146971 ) ) ;
#5277 = CARTESIAN_POINT ( 'NONE',  ( 792.1987156822050338, 48.55455835620873017, -61.64217423428846843 ) ) ;
#5278 = CARTESIAN_POINT ( 'NONE',  ( 1219.777216145200327, 646.8303614628540572, 165.8405551985593434 ) ) ;
#5279 = CARTESIAN_POINT ( 'NONE',  ( 1248.773905332383492, 422.3900773534163022, -101.1119836750661989 ) ) ;
#5280 = CARTESIAN_POINT ( 'NONE',  ( 1160.835340374345151, 494.4983813157890040, 132.3797585838903217 ) ) ;
#5281 = CARTESIAN_POINT ( 'NONE',  ( 1395.070691340485155, 1014.099595367865504, 57.76008327512649743 ) ) ;
#5282 = CARTESIAN_POINT ( 'NONE',  ( 1259.787550194529786, 393.8307484737076720, -125.5893201807229644 ) ) ;
#5283 = CARTESIAN_POINT ( 'NONE',  ( 1205.979236096016621, 365.1540824807275385, -81.21450610234091982 ) ) ;
#5284 = CARTESIAN_POINT ( 'NONE',  ( 792.1156955475753421, 49.35733119609937347, -72.87271164385713007 ) ) ;
#5285 = CARTESIAN_POINT ( 'NONE',  ( 733.1272045426751447, 52.86227365359437869, -19.88077982274424471 ) ) ;
#5286 = CARTESIAN_POINT ( 'NONE',  ( 1408.662830577202840, 776.7204333832785323, -50.20213973512148442 ) ) ;
#5287 = CARTESIAN_POINT ( 'NONE',  ( 676.3959809680809485, 23.57828909618118374, -36.46329534781867210 ) ) ;
#5288 = CARTESIAN_POINT ( 'NONE',  ( 675.4558544780896909, 46.28099958126929181, 53.04205241281890437 ) ) ;
#5289 = CARTESIAN_POINT ( 'NONE',  ( 1191.656681899876730, 570.6928684095612425, 142.6785956407038611 ) ) ;
#5290 = CARTESIAN_POINT ( 'NONE',  ( 618.6462550603625914, 2.342908351596319161, -42.65236911852266388 ) ) ;
#5291 = CARTESIAN_POINT ( 'NONE',  ( 1156.865836199501018, 505.8674671263039500, 148.0560593189706253 ) ) ;
#5292 = CARTESIAN_POINT ( 'NONE',  ( 1328.847691403424960, 800.7768590789852396, 67.13594823527354549 ) ) ;
#5293 = CC_DESIGN_PERSON_AND_ORGANIZATION_ASSIGNMENT ( #3033, #4556, ( #759 ) ) ;
#5294 = CARTESIAN_POINT ( 'NONE',  ( 789.8491415266282729, 73.45502715699187490, 2.686758063775606775 ) ) ;
#5295 = CARTESIAN_POINT ( 'NONE',  ( 1311.833008011166385, 832.1038699260651583, 117.1511791554709419 ) ) ;
#5296 = CARTESIAN_POINT ( 'NONE',  ( 1425.492269718924717, 747.9901177757664072, -90.22672399594404169 ) ) ;
#5297 = CARTESIAN_POINT ( 'NONE',  ( 1118.794970132858452, 241.6838803971909897, -115.7538929195484911 ) ) ;
#5298 = CARTESIAN_POINT ( 'NONE',  ( 849.2322816125988538, 70.31627364078943287, -85.10425373011072736 ) ) ;
#5299 = CARTESIAN_POINT ( 'NONE',  ( 1395.231793085715253, 799.6350450088284560, -37.68700298012671368 ) ) ;
#5300 = CARTESIAN_POINT ( 'NONE',  ( 788.7939261146535728, 84.62049063299977547, 29.95486065301314937 ) ) ;
#5301 = CARTESIAN_POINT ( 'NONE',  ( 1134.044783109464788, 396.5176441729464045, 64.20674609931327836 ) ) ;
#5302 = CARTESIAN_POINT ( 'NONE',  ( 849.3164366489889971, 69.69277475192781424, -76.35765931284974783 ) ) ;
#5303 = CARTESIAN_POINT ( 'NONE',  ( 1467.975019551093965, 906.4345334687778859, -81.26061739067442602 ) ) ;
#5304 = CARTESIAN_POINT ( 'NONE',  ( 1385.702848317508142, 1027.934019519145750, 80.09603034340406680 ) ) ;
#5305 = CARTESIAN_POINT ( 'NONE',  ( 894.9831556538708810, 165.4291734678324985, 64.37188840595692341 ) ) ;
#5306 = CARTESIAN_POINT ( 'NONE',  ( 1041.899235143259602, 303.7841561010325790, 83.70283258526652048 ) ) ;
#5307 = CARTESIAN_POINT ( 'NONE',  ( 1012.693811945856396, 171.3107385462448349, -99.68368702678139925 ) ) ;
#5308 = CARTESIAN_POINT ( 'NONE',  ( 787.6498151501648408, 96.55736934656589199, 25.57112216546860495 ) ) ;
#5309 = CARTESIAN_POINT ( 'NONE',  ( 1427.772821842851954, 930.7085540637868917, -12.91611895141613786 ) ) ;
#5310 = CARTESIAN_POINT ( 'NONE',  ( 1167.865349779993039, 288.7726489441719764, -119.4683135467848132 ) ) ;
#5311 = CARTESIAN_POINT ( 'NONE',  ( 1118.063221631919305, 447.4147203898659200, 143.5225271169268524 ) ) ;
#5312 = CARTESIAN_POINT ( 'NONE',  ( 955.6463853385222365, 154.7443760206445234, -63.76419511124731088 ) ) ;
#5313 = CARTESIAN_POINT ( 'NONE',  ( 993.3793203443907487, 261.4738325523354092, 91.77740260576693743 ) ) ;
#5314 = CARTESIAN_POINT ( 'NONE',  ( 786.8402454545283717, 105.1830287122969452, 57.85636627261137477 ) ) ;
#5315 = CARTESIAN_POINT ( 'NONE',  ( 1421.548691285301402, 940.1632779841182810, 0.1458441426865051960 ) ) ;
#5316 = CARTESIAN_POINT ( 'NONE',  ( 1440.386594418028153, 722.5628360073590102, -125.2545964515950061 ) ) ;
#5317 = CARTESIAN_POINT ( 'NONE',  ( 1396.947637126408154, 675.4274208723634274, -90.86129946841397498 ) ) ;
#5318 = CARTESIAN_POINT ( 'NONE',  ( 1119.903441687971281, 237.6924044108611156, -131.2899889082102050 ) ) ;
#5319 = CARTESIAN_POINT ( 'NONE',  ( 1408.240605060696907, 777.4280007965876393, -67.03851974658037705 ) ) ;
#5320 = CARTESIAN_POINT ( 'NONE',  ( 579.4825380049295518, -4.442560694765187002, -20.09228431926594993 ) ) ;
#5321 = CARTESIAN_POINT ( 'NONE',  ( 1156.588633591618645, 324.6526631389771183, -82.38339116075304958 ) ) ;
#5322 = CARTESIAN_POINT ( 'NONE',  ( 675.4764949176280879, 45.79295362192037544, 52.06926510797334373 ) ) ;
#5323 = CARTESIAN_POINT ( 'NONE',  ( 1158.034025473002202, 502.5069807413868830, 130.5638706900616910 ) ) ;
#5324 = CARTESIAN_POINT ( 'NONE',  ( 1258.503953591137588, 397.1372286525221398, -134.3240898550101292 ) ) ;
#5325 = CARTESIAN_POINT ( 'NONE',  ( 943.3277282023781254, 222.1470641672005115, 99.00246899335488138 ) ) ;
#5326 = CARTESIAN_POINT ( 'NONE',  ( 1207.540789216188159, 529.4344485371865403, 63.43628341752619093 ) ) ;
#5327 = CARTESIAN_POINT ( 'NONE',  ( 1187.962158980832555, 416.7791030629632019, 3.600331524032440722 ) ) ;
#5328 = CARTESIAN_POINT ( 'NONE',  ( 1160.483643819683039, 495.4818139353018296, 114.9329852251840833 ) ) ;
#5329 = CARTESIAN_POINT ( 'NONE',  ( 1333.245592192222603, 532.1306999848558235, -102.0259837123529678 ) ) ;
#5330 = CARTESIAN_POINT ( 'NONE',  ( 1014.484830671740838, 163.0045619879229832, -99.21098310066457771 ) ) ;
#5331 = CARTESIAN_POINT ( 'NONE',  ( 1014.862468900854765, 161.2051978947849307, -112.4983520286620546 ) ) ;
#5332 = CARTESIAN_POINT ( 'NONE',  ( 1360.987785945867472, 741.6081990672421398, -19.02232957937053115 ) ) ;
#5333 = CARTESIAN_POINT ( 'NONE',  ( 1387.360920432294961, 923.5354715490100261, 49.60796774896305550 ) ) ;
#5334 = CARTESIAN_POINT ( 'NONE',  ( 1092.403634378215656, 336.0151349382559260, 51.77317787377062785 ) ) ;
#5335 = CARTESIAN_POINT ( 'NONE',  ( 960.6806881978704951, 127.3018311395558158, -93.78475080005175357 ) ) ;
#5336 = CARTESIAN_POINT ( 'NONE',  ( 1311.999035780377199, 428.5628768160119648, -163.7456858934189654 ) ) ;
#5337 = CARTESIAN_POINT ( 'NONE',  ( 1155.166868243288945, 510.7306158026394769, 148.9617483397112778 ) ) ;
#5338 = CARTESIAN_POINT ( 'NONE',  ( 995.8808318965495801, 249.8092102601487454, 70.05059018001861659 ) ) ;
#5339 = CARTESIAN_POINT ( 'NONE',  ( 1344.083108755131889, 886.9704809776694674, 105.9060765787505858 ) ) ;
#5340 = CARTESIAN_POINT ( 'NONE',  ( 1012.285997562641910, 173.2109943542417057, -97.05260629563269958 ) ) ;
#5341 = CARTESIAN_POINT ( 'NONE',  ( 1403.688711790437765, 1001.372508678152599, 38.46186409466785960 ) ) ;
#5342 = CARTESIAN_POINT ( 'NONE',  ( 1396.101226006204115, 798.1650710422010206, -20.08718843373477014 ) ) ;
#5343 = CARTESIAN_POINT ( 'NONE',  ( 1383.235946016332946, 569.3768529232844458, -143.4431524606064272 ) ) ;
#5344 = CARTESIAN_POINT ( 'NONE',  ( 990.1940866205333123, 276.3210467070638288, 115.0722445984828255 ) ) ;
#5345 = CARTESIAN_POINT ( 'NONE',  ( 1423.731965072732237, 750.9840265197308327, -100.7415670238801937 ) ) ;
#5346 = CARTESIAN_POINT ( 'NONE',  ( 675.5638252092217044, 43.72683193434406235, 46.94066102171731814 ) ) ;
#5347 = CARTESIAN_POINT ( 'NONE',  ( 943.3580374288807207, 221.9392142340060730, 79.89917498908260995 ) ) ;
#5348 = CARTESIAN_POINT ( 'NONE',  ( 845.2239902412875381, 103.0069030404771269, 2.907033150475408778 ) ) ;
#5349 = CARTESIAN_POINT ( 'NONE',  ( 903.4928480866057043, 109.6145525793425293, -56.50115086192476355 ) ) ;
#5350 = CARTESIAN_POINT ( 'NONE',  ( 1159.012615910006616, 316.9776536540970255, -71.91963467246796426 ) ) ;
#5351 = CARTESIAN_POINT ( 'NONE',  ( 1386.878784070244592, 562.0980640784529214, -161.6320615112612131 ) ) ;
#5352 = CARTESIAN_POINT ( 'NONE',  ( 1440.889084065049701, 839.3706521776853151, -67.06136620869591525 ) ) ;
#5353 = CARTESIAN_POINT ( 'NONE',  ( 1255.267644968584364, 701.2169269331510577, 153.7092599602078167 ) ) ;
#5354 = CARTESIAN_POINT ( 'NONE',  ( 1223.711674656281275, 637.5105131087664176, 145.2378459334019851 ) ) ;
#5355 = CARTESIAN_POINT ( 'NONE',  ( 618.6345883797135912, 2.999799142165028520, -41.55300862208331125 ) ) ;
#5356 = CARTESIAN_POINT ( 'NONE',  ( 1386.772178971049243, 1026.354832743413226, 81.55476703204412559 ) ) ;
#5357 = CARTESIAN_POINT ( 'NONE',  ( 1174.081783075115027, 456.5026614269524430, 40.82613543493207686 ) ) ;
#5358 = CARTESIAN_POINT ( 'NONE',  ( 732.1753428439653817, 67.03407265458817221, 18.05713030582426271 ) ) ;
#5359 = CARTESIAN_POINT ( 'NONE',  ( 1408.565835436296993, 890.1936215490999302, 3.129755575884380026 ) ) ;
#5360 = CARTESIAN_POINT ( 'NONE',  ( 1081.417153042422797, 375.2375832409122154, 101.6984363293020124 ) ) ;
#5361 = CARTESIAN_POINT ( 'NONE',  ( 618.7000633527433138, -0.3229176105843028499, -30.61646514699553379 ) ) ;
#5362 = CARTESIAN_POINT ( 'NONE',  ( 960.8378501547404085, 126.4066631015615911, -104.6371151533951576 ) ) ;
#5363 = CARTESIAN_POINT ( 'NONE',  ( 675.9149568136339212, 35.02291134692747221, -9.927936406448342410 ) ) ;
#5364 = CARTESIAN_POINT ( 'NONE',  ( 1402.897488864914749, 968.4947853028976397, 39.40209842498223480 ) ) ;
#5365 = CARTESIAN_POINT ( 'NONE',  ( 618.4393816009197735, 14.97888362943505491, 19.58340654717247276 ) ) ;
#5366 = CARTESIAN_POINT ( 'NONE',  ( 677.0074970311218294, 9.216299352779230958, -52.13262294355028104 ) ) ;
#5367 = CARTESIAN_POINT ( 'NONE',  ( 734.9933289945204251, 25.25787278209954678, -64.29935495373679544 ) ) ;
#5368 = CARTESIAN_POINT ( 'NONE',  ( 1035.561445596236126, 329.4587245458768621, 120.1295409899333322 ) ) ;
#5369 = CARTESIAN_POINT ( 'NONE',  ( 675.7385811630526860, 39.58394578067740355, 37.12364319887134911 ) ) ;
#5370 = CARTESIAN_POINT ( 'NONE',  ( 995.0564671324553956, 253.6535660522442583, 77.28594729025756749 ) ) ;
#5371 = CARTESIAN_POINT ( 'NONE',  ( 1415.830886309752259, 640.6571484427540781, -149.3823697080288753 ) ) ;
#5372 = CARTESIAN_POINT ( 'NONE',  ( 1201.939330887594224, 543.9814666685050497, 89.52789480572826619 ) ) ;
#5373 = CARTESIAN_POINT ( 'NONE',  ( 733.9232788605147562, 41.24987615416646491, -15.85573776642222299 ) ) ;
#5374 = CARTESIAN_POINT ( 'NONE',  ( 1417.485973430669219, 637.6191288558993620, -143.7774399871812534 ) ) ;
#5375 = CARTESIAN_POINT ( 'NONE',  ( 675.3707986101634333, 48.29118971947311678, 56.23299219333002696 ) ) ;
#5376 = CARTESIAN_POINT ( 'NONE',  ( 1007.316779342838572, 196.3757051152716997, -61.52979880995618345 ) ) ;
#5377 = CARTESIAN_POINT ( 'NONE',  ( 732.0902187054750812, 68.49430872382325219, 53.28075201429280128 ) ) ;
#5378 = CARTESIAN_POINT ( 'NONE',  ( 1162.082876269761073, 490.8963074248416660, 105.4432890415199466 ) ) ;
#5379 = CARTESIAN_POINT ( 'NONE',  ( 579.4387481985565955, 1.601534175188601861, 1.604552634512930176 ) ) ;
#5380 = CARTESIAN_POINT ( 'NONE',  ( 1331.576108138429618, 535.7508961693303036, -96.68682808738859080 ) ) ;
#5381 = CARTESIAN_POINT ( 'NONE',  ( 899.5235140921829498, 135.6599107276570919, 1.133441576290972641 ) ) ;
#5382 = CARTESIAN_POINT ( 'NONE',  ( 1121.305414422721697, 232.6952601264159171, -134.7042559805628343 ) ) ;
#5383 = CARTESIAN_POINT ( 'NONE',  ( 1396.947637126408154, 675.4274208723634274, -90.86129946841397498 ) ) ;
#5384 = CARTESIAN_POINT ( 'NONE',  ( 1157.516772629885281, 321.6969666956469496, -86.70043702875349823 ) ) ;
#5385 = CARTESIAN_POINT ( 'NONE',  ( 787.2113872561226344, 101.3375823264591133, 67.72736796480801047 ) ) ;
#5386 = CARTESIAN_POINT ( 'NONE',  ( 1372.781341185660722, 1014.241721289461452, 96.44320998550186630 ) ) ;
#5387 = CARTESIAN_POINT ( 'NONE',  ( 734.4279601475515165, 33.57717516329263674, -57.59575285714798554 ) ) ;
#5388 = CARTESIAN_POINT ( 'NONE',  ( 1326.381364545718270, 917.1916418366449761, 149.0701925625481579 ) ) ;
#5389 = CARTESIAN_POINT ( 'NONE',  ( 1133.343993391293907, 398.6964008323220696, 38.46000646515258836 ) ) ;
#5390 = CARTESIAN_POINT ( 'NONE',  ( 1388.501947416464418, 921.7327735551583601, 28.67570790779746304 ) ) ;
#5391 = CARTESIAN_POINT ( 'NONE',  ( 1194.733031225707464, 397.3784714712857635, -28.45961245405847606 ) ) ;
#5392 = CARTESIAN_POINT ( 'NONE',  ( 848.6613076821466848, 74.94918662338838544, -79.16927080223736368 ) ) ;
#5393 = CARTESIAN_POINT ( 'NONE',  ( 1142.353510823301804, 370.0500831341713592, 18.80004534606492328 ) ) ;
#5394 = CARTESIAN_POINT ( 'NONE',  ( 892.7798158964249069, 179.8149510300269185, 76.25908641775971830 ) ) ;
#5395 = CARTESIAN_POINT ( 'NONE',  ( 1010.709250825151003, 180.6262182482404910, -64.75228258545922699 ) ) ;
#5396 = CARTESIAN_POINT ( 'NONE',  ( 792.3878316522768728, 46.48851251051342359, -76.22862317107636443 ) ) ;
#5397 = CARTESIAN_POINT ( 'NONE',  ( 1365.132431774435418, 733.9785086280038513, -29.57826443168951158 ) ) ;
#5398 = CARTESIAN_POINT ( 'NONE',  ( 998.7370498158005603, 236.4876537610638536, 44.67016295373345969 ) ) ;
#5399 = CARTESIAN_POINT ( 'NONE',  ( 791.0244543884595032, 60.86245933828929111, -55.14348075847587438 ) ) ;
#5400 = CARTESIAN_POINT ( 'NONE',  ( 618.4300478004414572, 15.51884831173315860, 21.13313326989797503 ) ) ;
#5401 = CARTESIAN_POINT ( 'NONE',  ( 1067.839101513489823, 198.5962279139623377, -111.2291655533485653 ) ) ;
#5402 = CARTESIAN_POINT ( 'NONE',  ( 1267.409330385416069, 374.0375559494305548, -157.4387087703418899 ) ) ;
#5403 = CARTESIAN_POINT ( 'NONE',  ( 1342.801811769965980, 993.5977596493693227, 140.2358071287006283 ) ) ;
#5404 = CARTESIAN_POINT ( 'NONE',  ( 1239.660008052559306, 599.7787449107718203, 100.0484122072616771 ) ) ;
#5405 = CARTESIAN_POINT ( 'NONE',  ( 1267.177630666079494, 675.3918907322321274, 113.4470496702601707 ) ) ;
#5406 = CARTESIAN_POINT ( 'NONE',  ( 1377.349483241260259, 581.1089212626150129, -139.5686122630170303 ) ) ;
#5407 = CARTESIAN_POINT ( 'NONE',  ( 1127.458938321958613, 417.4515243140921825, 74.21106910874345886 ) ) ;
#5408 = CARTESIAN_POINT ( 'NONE',  ( 676.4011172645267607, 23.78722016349045276, -6.351057240453207520 ) ) ;
#5409 = CARTESIAN_POINT ( 'NONE',  ( 1462.250611666198893, 914.8883351070330718, -69.77352336923101461 ) ) ;
#5410 = CARTESIAN_POINT ( 'NONE',  ( 942.7781172435828694, 225.1467784370256595, 102.9293215026552133 ) ) ;
#5411 = CARTESIAN_POINT ( 'NONE',  ( 1246.091075240178270, 429.3534802678221922, -91.50711685344202806 ) ) ;
#5412 = CARTESIAN_POINT ( 'NONE',  ( 675.5799896241589977, 43.34391824611013533, 46.04497121173029939 ) ) ;
#5413 = CARTESIAN_POINT ( 'NONE',  ( 786.8079542471821242, 105.5290888458510921, 59.58419941548295640 ) ) ;
#5414 = CARTESIAN_POINT ( 'NONE',  ( 1361.032282497732240, 741.5438842568141808, 3.573248237803796190 ) ) ;
#5415 = CARTESIAN_POINT ( 'NONE',  ( 1251.095622822163705, 416.3975734874450154, -90.40030226156008553 ) ) ;
#5416 = CARTESIAN_POINT ( 'NONE',  ( 1003.542931383076393, 214.0669117629919924, 0.9413616089711559498 ) ) ;
#5417 = CARTESIAN_POINT ( 'NONE',  ( 1069.196189441528077, 193.0729167824746924, -125.6337170927808700 ) ) ;
#5418 = CARTESIAN_POINT ( 'NONE',  ( 618.4847936233320524, 11.59447216242798362, -23.76594914158425809 ) ) ;
#5419 = CARTESIAN_POINT ( 'NONE',  ( 1010.310973670201406, 182.4849476935627024, -61.10895486579168079 ) ) ;
#5420 = CARTESIAN_POINT ( 'NONE',  ( 1160.399490478230518, 495.7469967538482365, 134.6837528396334847 ) ) ;
#5421 = CARTESIAN_POINT ( 'NONE',  ( 1220.665482986781626, 644.7246736378285732, 159.2881479278099448 ) ) ;
#5422 = CARTESIAN_POINT ( 'NONE',  ( 1375.217321700449020, 585.3628414539309688, -134.4050926452244710 ) ) ;
#5423 = CARTESIAN_POINT ( 'NONE',  ( 579.3412229022445672, 15.14921508985770160, 39.22918052064625982 ) ) ;
#5424 = CARTESIAN_POINT ( 'NONE',  ( 944.9575637332455926, 213.1741428872082338, 54.69969757540300037 ) ) ;
#5425 = CARTESIAN_POINT ( 'NONE',  ( 1378.596773826675189, 709.2093317707863207, -42.83867282875329607 ) ) ;
#5426 = CARTESIAN_POINT ( 'NONE',  ( 676.9734953374018005, 9.923557538109227139, -57.67945911907422385 ) ) ;
#5427 = CARTESIAN_POINT ( 'NONE',  ( 1465.137008073892503, 910.6257068718208529, -78.83266414647012255 ) ) ;
#5428 = CARTESIAN_POINT ( 'NONE',  ( 1396.201929202923566, 1012.428984068489967, 63.71701802302236217 ) ) ;
#5429 = CARTESIAN_POINT ( 'NONE',  ( 731.6400189748190996, 75.08245473215225729, 52.05181811733388031 ) ) ;
#5430 = CARTESIAN_POINT ( 'NONE',  ( 791.7840103155895122, 52.95532038979202127, -49.79689170899723649 ) ) ;
#5431 = CARTESIAN_POINT ( 'NONE',  ( 1469.358664236658569, 794.6054712874553161, -133.5189367280454746 ) ) ;
#5432 = CARTESIAN_POINT ( 'NONE',  ( 618.4024487246731496, 16.35885962223676060, -11.54021581734215829 ) ) ;
#5433 = CARTESIAN_POINT ( 'NONE',  ( 1218.130581406491501, 501.9818294624524242, 45.78142193071980159 ) ) ;
#5434 = CARTESIAN_POINT ( 'NONE',  ( 1295.196938001542776, 468.3094352871717660, -119.9685477253618728 ) ) ;
#5435 = CARTESIAN_POINT ( 'NONE',  ( 1387.360920432294961, 923.5354715490100261, 49.60796774896305550 ) ) ;
#5436 = CARTESIAN_POINT ( 'NONE',  ( 1389.807822839827168, 1021.871795960040117, 70.27176990272877788 ) ) ;
#5437 = CARTESIAN_POINT ( 'NONE',  ( 1217.744855644589961, 331.4405467362887521, -135.4851585105305674 ) ) ;
#5438 = CARTESIAN_POINT ( 'NONE',  ( 560.0000000000000000, -10.54640245561465939, -35.85439834331982922 ) ) ;
#5439 = CARTESIAN_POINT ( 'NONE',  ( 1326.073011215033830, 805.9009664163503430, 96.67345104854088333 ) ) ;
#5440 = CARTESIAN_POINT ( 'NONE',  ( 1041.369394350597531, 305.9317864160713043, 87.60852166670463248 ) ) ;
#5441 = CARTESIAN_POINT ( 'NONE',  ( 1375.217321700449020, 585.3628414539309688, -134.4050926452244710 ) ) ;
#5442 = CARTESIAN_POINT ( 'NONE',  ( 675.4168215799140853, 46.98627989330150712, 30.04601846414813693 ) ) ;
#5443 = CARTESIAN_POINT ( 'NONE',  ( 1236.370932579167402, 454.6264142371704224, -30.01371546917348354 ) ) ;
#5444 = CARTESIAN_POINT ( 'NONE',  ( 734.8423355591239670, 27.53556752827677911, -55.22369731598149656 ) ) ;
#5445 = CARTESIAN_POINT ( 'NONE',  ( 618.2244603432084205, 27.27087247463657960, 48.94670714020621460 ) ) ;
#5446 = CARTESIAN_POINT ( 'NONE',  ( 1419.268756602439680, 758.6026866184652135, -91.17911360636618667 ) ) ;
#5447 = CARTESIAN_POINT ( 'NONE',  ( 1411.601819676638343, 955.2730308509803763, 7.725434904777288558 ) ) ;
#5448 = CARTESIAN_POINT ( 'NONE',  ( 1197.376311288606075, 555.8596503891087650, 131.7364602793590223 ) ) ;
#5449 = CARTESIAN_POINT ( 'NONE',  ( 1392.008562698611286, 1018.621744845986427, 64.88616097873895683 ) ) ;
#5450 = CARTESIAN_POINT ( 'NONE',  ( 560.0000000000000000, -5.966306784123573514, -31.70069448313346427 ) ) ;
#5451 = CARTESIAN_POINT ( 'NONE',  ( 848.1437242865546295, 79.24325849384793230, -53.42787248438915526 ) ) ;
#5452 = CARTESIAN_POINT ( 'NONE',  ( 1267.815967159864613, 372.9791400999667417, -159.9632973433441521 ) ) ;
#5453 = CARTESIAN_POINT ( 'NONE',  ( 1009.513760477811729, 186.2053596773242532, -53.80950240783297289 ) ) ;
#5454 = CARTESIAN_POINT ( 'NONE',  ( 1059.142500214313031, 233.7990675888024157, -71.76362411079387016 ) ) ;
#5455 = CARTESIAN_POINT ( 'NONE',  ( 1351.943369488999224, 979.2262581774531327, 128.2148388281215716 ) ) ;
#5456 = CARTESIAN_POINT ( 'NONE',  ( 1079.094126523901195, 383.5537773199201297, 123.1176159397628282 ) ) ;
#5457 = CARTESIAN_POINT ( 'NONE',  ( 1338.461069199334133, 520.8025023299685472, -133.1826141998043340 ) ) ;
#5458 = CARTESIAN_POINT ( 'NONE',  ( 1301.224624642183926, 851.6445714005633363, 161.9995975158955162 ) ) ;
#5459 = CARTESIAN_POINT ( 'NONE',  ( 1403.688711790437765, 1001.372508678152599, 38.46186409466785960 ) ) ;
#5460 = CARTESIAN_POINT ( 'NONE',  ( 1396.101226006204115, 798.1650710422010206, -20.08718843373477014 ) ) ;
#5461 = CARTESIAN_POINT ( 'NONE',  ( 849.4139336322060672, 68.84703625088373258, -86.28446243270889227 ) ) ;
#5462 = CARTESIAN_POINT ( 'NONE',  ( 1417.435625187421465, 981.0710764019769385, 9.599521095108112689 ) ) ;
#5463 = CARTESIAN_POINT ( 'NONE',  ( 892.8448848838359027, 179.3858602490163037, 74.65470351573202379 ) ) ;
#5464 = CARTESIAN_POINT ( 'NONE',  ( 676.8700951161923740, 12.53111977750820571, -41.19252399048156832 ) ) ;
#5465 = CARTESIAN_POINT ( 'NONE',  ( 948.0399724742176204, 196.3085387122977750, 14.83693886583177957 ) ) ;
#5466 = CARTESIAN_POINT ( 'NONE',  ( 579.4854307668738329, -4.745094395462156278, -37.65833659754628115 ) ) ;
#5467 = CARTESIAN_POINT ( 'NONE',  ( 1221.801313789983169, 492.4072297936260725, 2.191968961651333370 ) ) ;
#5468 = CARTESIAN_POINT ( 'NONE',  ( 1216.913145206897070, 505.1424280315037549, 50.83132370008296874 ) ) ;
#5469 = CARTESIAN_POINT ( 'NONE',  ( 1340.182223531764748, 779.9271086505651738, 59.06436884452549663 ) ) ;
#5470 = CARTESIAN_POINT ( 'NONE',  ( 1157.643103550957676, 503.6283516810483434, 133.1473742741283388 ) ) ;
#5471 = CARTESIAN_POINT ( 'NONE',  ( 792.5032566730233157, 45.32309814587015495, -70.40605149268135676 ) ) ;
#5472 = CARTESIAN_POINT ( 'NONE',  ( 579.5062299545519409, -7.651299869215625549, -40.86793551090880072 ) ) ;
#5473 = CARTESIAN_POINT ( 'NONE',  ( 1043.502646730245715, 297.2845802774892832, 71.91096110563380250 ) ) ;
#5474 = CARTESIAN_POINT ( 'NONE',  ( 1350.324694821163575, 876.3147446272259913, 90.76510599200550189 ) ) ;
#5475 = CARTESIAN_POINT ( 'NONE',  ( 734.1280953887264786, 38.01608559279870292, -50.16209211711218785 ) ) ;
#5476 = CARTESIAN_POINT ( 'NONE',  ( 1296.107008174883276, 743.2260303570352562, 88.75623977288520905 ) ) ;
#5477 = CARTESIAN_POINT ( 'NONE',  ( 734.0249949209692204, 39.73393613061991658, -20.09566253887270548 ) ) ;
#5478 = CARTESIAN_POINT ( 'NONE',  ( 676.9976983478229613, 9.454874638144984189, -51.20002043615414067 ) ) ;
#5479 = CARTESIAN_POINT ( 'NONE',  ( 559.9999999999998863, 9.699515409321625370, 35.16634504284512985 ) ) ;
#5480 = CARTESIAN_POINT ( 'NONE',  ( 1083.948857110512563, 366.2264616790398577, 104.7403763265373868 ) ) ;
#5481 = CARTESIAN_POINT ( 'NONE',  ( 579.3281661259891280, 17.01200425265805549, 32.66857116541383732 ) ) ;
#5482 = CARTESIAN_POINT ( 'NONE',  ( 560.0000000000000000, -2.397208077108411661, 0.6746880532880191739 ) ) ;
#5483 = CARTESIAN_POINT ( 'NONE',  ( 1448.123569755148765, 899.7954266250507089, -55.23145176395389910 ) ) ;
#5484 = CARTESIAN_POINT ( 'NONE',  ( 1003.542931383076393, 214.0669117629919924, 0.9413616089711559498 ) ) ;
#5485 = CARTESIAN_POINT ( 'NONE',  ( 993.1674230002146260, 262.4618550149946827, 93.59987590102306854 ) ) ;
#5486 = CARTESIAN_POINT ( 'NONE',  ( 1378.366769341453846, 1005.757182829986732, 91.64182063655538002 ) ) ;
#5487 = CARTESIAN_POINT ( 'NONE',  ( 840.3406081136699868, 142.6573043600968731, 78.73344956911044790 ) ) ;
#5488 = CARTESIAN_POINT ( 'NONE',  ( 560.0000000000000000, -3.797445156051795223, -27.53158459632740929 ) ) ;
#5489 = CARTESIAN_POINT ( 'NONE',  ( 1256.064023886729956, 699.4900964510017047, 150.9997012179709373 ) ) ;
#5490 = CARTESIAN_POINT ( 'NONE',  ( 1369.205270074253576, 952.0755867547412663, 73.00842271982138243 ) ) ;
#5491 = CARTESIAN_POINT ( 'NONE',  ( 1275.408687330982275, 515.1696979322101697, -31.35273228460946981 ) ) ;
#5492 = CARTESIAN_POINT ( 'NONE',  ( 618.7418080736566708, -3.064227740987475634, -49.43946829029890466 ) ) ;
#5493 = CLOSED_SHELL ( 'NONE', ( #4457, #2469, #5258, #6351 ) ) ;
#5494 = CARTESIAN_POINT ( 'NONE',  ( 1463.420424044042875, 913.1607569897605572, -76.13757168107919426 ) ) ;
#5495 = CARTESIAN_POINT ( 'NONE',  ( 1392.454097752252665, 1017.963778984344572, 70.98290429835148529 ) ) ;
#5496 = CARTESIAN_POINT ( 'NONE',  ( 840.5870586798860131, 140.6305677221477595, 68.53827835036040028 ) ) ;
#5497 = CARTESIAN_POINT ( 'NONE',  ( 579.4995604930780928, -6.784755070999104909, -29.25265143186237893 ) ) ;
#5498 = CARTESIAN_POINT ( 'NONE',  ( 559.9999999999996589, 8.560394579924537339, 7.730082986598798556 ) ) ;
#5499 = CARTESIAN_POINT ( 'NONE',  ( 1216.381196745586067, 335.3274255369424850, -140.2623075870230025 ) ) ;
#5500 = CARTESIAN_POINT ( 'NONE',  ( 675.7005978831289212, 40.14651741032498933, 4.614823296850383727 ) ) ;
#5501 = CARTESIAN_POINT ( 'NONE',  ( 559.9999999999988631, -0.3763315927287217422, 7.635654468005718343 ) ) ;
#5502 = CARTESIAN_POINT ( 'NONE',  ( 1342.199634086464357, 776.2132095830603475, 53.69368107585465566 ) ) ;
#5503 = CARTESIAN_POINT ( 'NONE',  ( 1327.592352496192916, 915.1163999411852501, 133.5723841392376983 ) ) ;
#5504 = CARTESIAN_POINT ( 'NONE',  ( 792.5429602652457106, 44.88470692313384802, -73.69234588800944152 ) ) ;
#5505 = CARTESIAN_POINT ( 'NONE',  ( 1471.076758490541351, 864.9288262933279157, -102.7866803512341392 ) ) ;
#5506 = CARTESIAN_POINT ( 'NONE',  ( 996.7025047057046550, 245.9772064981683002, 62.80958569048460305 ) ) ;
#5507 = CARTESIAN_POINT ( 'NONE',  ( 1087.013643669378780, 355.2758993526844051, 85.68563544341567706 ) ) ;
#5508 = CARTESIAN_POINT ( 'NONE',  ( 1163.225687805447251, 303.5182169778091179, -112.2853896877071662 ) ) ;
#5509 = CARTESIAN_POINT ( 'NONE',  ( 1232.768803268631473, 616.0634842978647612, 104.0336506668706988 ) ) ;
#5510 = CARTESIAN_POINT ( 'NONE',  ( 960.3977438301899383, 128.8487011562688167, -90.69154846854385710 ) ) ;
#5511 = CARTESIAN_POINT ( 'NONE',  ( 1120.293223368135159, 440.3152887589066040, 137.3346476334181148 ) ) ;
#5512 = CARTESIAN_POINT ( 'NONE',  ( 1358.573946169819919, 968.7998237959269545, 112.6742803489601812 ) ) ;
#5513 = CARTESIAN_POINT ( 'NONE',  ( 1227.910383792164339, 627.5672114117121509, 125.3570286294090295 ) ) ;
#5514 = CARTESIAN_POINT ( 'NONE',  ( 560.0000000000001137, -5.900195285746525187, -12.27124044384995472 ) ) ;
#5515 = CARTESIAN_POINT ( 'NONE',  ( 1184.137416110349477, 427.6884805827610876, -7.456434587613757436 ) ) ;
#5516 = CARTESIAN_POINT ( 'NONE',  ( 618.3069135644235530, 22.58807062456366310, 39.54270991380347056 ) ) ;
#5517 = CARTESIAN_POINT ( 'NONE',  ( 675.5484263028421310, 44.09169075589858267, 47.81914531146186675 ) ) ;
#5518 = CARTESIAN_POINT ( 'NONE',  ( 1191.023082947520834, 572.3389201985987711, 146.0330669319985191 ) ) ;
#5519 = CARTESIAN_POINT ( 'NONE',  ( 791.1470081027465540, 59.56984201694677239, -57.37568218969794032 ) ) ;
#5520 = CARTESIAN_POINT ( 'NONE',  ( 559.9999999999998863, 8.158224492483517665, 32.04479668907760015 ) ) ;
#5521 = CARTESIAN_POINT ( 'NONE',  ( 1270.542399507964547, 668.0707408193982246, 78.71010255337368733 ) ) ;
#5522 = CARTESIAN_POINT ( 'NONE',  ( 790.8112141961706811, 63.26602125305778657, -23.11044384689625275 ) ) ;
#5523 = CARTESIAN_POINT ( 'NONE',  ( 1467.890790082641843, 796.9126805154022577, -131.0740207847240129 ) ) ;
#5524 = CARTESIAN_POINT ( 'NONE',  ( 1423.950834066824655, 971.4494203974099946, 7.130644556611101414 ) ) ;
#5525 = CARTESIAN_POINT ( 'NONE',  ( 1159.501636822385080, 498.2977297220902528, 120.9359166308496611 ) ) ;
#5526 = CARTESIAN_POINT ( 'NONE',  ( 1115.785017850317900, 252.4436649745474597, -96.90742735387006235 ) ) ;
#5527 = CARTESIAN_POINT ( 'NONE',  ( 676.7952605789372456, 14.12592535443447161, -53.03250452612046217 ) ) ;
#5528 = CARTESIAN_POINT ( 'NONE',  ( 1247.592078859173171, 717.8555155242927412, 169.7542461593413066 ) ) ;
#5529 = CARTESIAN_POINT ( 'NONE',  ( 1224.261293688480237, 486.0206321121245310, -7.861929652826601611 ) ) ;
#5530 = CARTESIAN_POINT ( 'NONE',  ( 618.4789308821747227, 12.68564034594056622, 12.85662908568943585 ) ) ;
#5531 = CARTESIAN_POINT ( 'NONE',  ( 676.0584635406006555, 31.97496359305167957, 17.33118013684283554 ) ) ;
#5532 = CARTESIAN_POINT ( 'NONE',  ( 560.0000000000000000, 11.43530998146543176, 32.13569706594978470 ) ) ;
#5533 = CARTESIAN_POINT ( 'NONE',  ( 1465.425628650059934, 910.1994722028936167, -76.02055403231557307 ) ) ;
#5534 = CARTESIAN_POINT ( 'NONE',  ( 792.5009967274695555, 45.30313977685828064, -76.45957071562303042 ) ) ;
#5535 = CARTESIAN_POINT ( 'NONE',  ( 1089.717378532644943, 345.6146238315381538, 68.74109416830131636 ) ) ;
#5536 = CARTESIAN_POINT ( 'NONE',  ( 618.3710794737514789, 18.91584863515182136, 30.36706806527315550 ) ) ;
#5537 = CARTESIAN_POINT ( 'NONE',  ( 1457.130825745512084, 922.4492314432366129, -65.55689319406256743 ) ) ;
#5538 = CARTESIAN_POINT ( 'NONE',  ( 1387.320725847799622, 992.1563676857718974, 60.98173777587089717 ) ) ;
#5539 = CARTESIAN_POINT ( 'NONE',  ( 1347.445951921216647, 501.3390151218923734, -146.9915493635162704 ) ) ;
#5540 = CARTESIAN_POINT ( 'NONE',  ( 787.5446008744228266, 97.81987275094013512, 59.68917854177116311 ) ) ;
#5541 = CARTESIAN_POINT ( 'NONE',  ( 1037.540430396575402, 321.4158600051429744, 97.44370574745619251 ) ) ;
#5542 = APPROVAL_STATUS ( 'not_yet_approved' ) ;
#5543 = CARTESIAN_POINT ( 'NONE',  ( 1039.728926119671769, 312.5807632479355789, 99.44991778391204207 ) ) ;
#5544 = CARTESIAN_POINT ( 'NONE',  ( 618.2961882340313196, 23.20151947482365884, 41.05776915070210009 ) ) ;
#5545 = CARTESIAN_POINT ( 'NONE',  ( 1296.267302632282053, 860.7673425527088966, 167.6242581803115854 ) ) ;
#5546 = CARTESIAN_POINT ( 'NONE',  ( 1255.611772866261163, 404.6430282931798388, -124.7870268178273392 ) ) ;
#5547 = CARTESIAN_POINT ( 'NONE',  ( 731.9234276458785189, 70.96586647462726205, 59.23857213852794956 ) ) ;
#5548 = CARTESIAN_POINT ( 'NONE',  ( 1321.796408977337023, 813.7590857833065456, 87.37861451428958048 ) ) ;
#5549 = CARTESIAN_POINT ( 'NONE',  ( 1286.458713659812929, 489.0162481720164465, -71.49655887662180476 ) ) ;
#5550 = CARTESIAN_POINT ( 'NONE',  ( 560.0000000000004547, -9.641902500996575753, -36.61823905060349205 ) ) ;
#5551 = CARTESIAN_POINT ( 'NONE',  ( 732.8943805829658231, 56.32298043964945577, -11.56987176933563788 ) ) ;
#5552 = CARTESIAN_POINT ( 'NONE',  ( 618.6558035068153458, 1.799625795193618316, -43.50828615529353272 ) ) ;
#5553 = CARTESIAN_POINT ( 'NONE',  ( 618.5441190344049573, 8.880463444549462793, 0.8715742422743407714 ) ) ;
#5554 = CARTESIAN_POINT ( 'NONE',  ( 1329.234281486514192, 912.3125248024945222, 128.6205561137187203 ) ) ;
#5555 = CARTESIAN_POINT ( 'NONE',  ( 579.5018797181714945, -7.103600609929069165, -30.56488030953651958 ) ) ;
#5556 = CARTESIAN_POINT ( 'NONE',  ( 1451.317927762797808, 703.8986359022521810, -155.4488882039766509 ) ) ;
#5557 = CARTESIAN_POINT ( 'NONE',  ( 1370.666133041223475, 1017.454654203040263, 102.8626208017368810 ) ) ;
#5558 = CARTESIAN_POINT ( 'NONE',  ( 579.3698178634730311, 11.32072043282943774, 0.7755500078858696966 ) ) ;
#5559 = CARTESIAN_POINT ( 'NONE',  ( 1000.485534760650921, 228.3313458192648966, 28.91173795884669318 ) ) ;
#5560 = CARTESIAN_POINT ( 'NONE',  ( 1251.095253524560803, 572.7147670908717600, 57.99014103187893454 ) ) ;
#5561 = CARTESIAN_POINT ( 'NONE',  ( 1376.728909727465634, 1008.245377483228253, 86.61968835014688750 ) ) ;
#5562 = CARTESIAN_POINT ( 'NONE',  ( 1387.773786316410224, 560.3216277282109559, -156.2162261742986118 ) ) ;
#5563 = CARTESIAN_POINT ( 'NONE',  ( 1475.775790208239414, 784.5180911263126973, -142.6217318798495626 ) ) ;
#5564 = CARTESIAN_POINT ( 'NONE',  ( 954.2697643940928174, 162.2627618376438932, -50.99589397549581093 ) ) ;
#5565 = CARTESIAN_POINT ( 'NONE',  ( 1352.403043953107272, 872.7665661279526148, 85.72419987860820356 ) ) ;
#5566 = CARTESIAN_POINT ( 'NONE',  ( 1254.804488310124043, 406.7680998036005917, -105.4547081955988261 ) ) ;
#5567 = CARTESIAN_POINT ( 'NONE',  ( 732.5158397381154600, 62.18305307574284058, 38.78271647105511732 ) ) ;
#5568 = CARTESIAN_POINT ( 'NONE',  ( 1164.704613163657996, 483.3798333431733454, 90.36093131998246974 ) ) ;
#5569 = CARTESIAN_POINT ( 'NONE',  ( 1445.500078598825894, 713.8346127126134206, -137.1326631249806098 ) ) ;
#5570 = CARTESIAN_POINT ( 'NONE',  ( 993.8125526324949988, 259.4538313235065630, 88.10815259161866209 ) ) ;
#5571 = CARTESIAN_POINT ( 'NONE',  ( 731.6113663923255217, 75.52152234809946663, 55.28047084861388072 ) ) ;
#5572 = CARTESIAN_POINT ( 'NONE',  ( 1394.074099013711020, 1015.571362232524166, 67.89238827871213289 ) ) ;
#5573 = CARTESIAN_POINT ( 'NONE',  ( 893.7381579587046190, 173.5859353632411626, 80.76966797515734697 ) ) ;
#5574 = CARTESIAN_POINT ( 'NONE',  ( 1220.033328407151657, 646.2220259594154186, 162.5039327760888170 ) ) ;
#5575 = CARTESIAN_POINT ( 'NONE',  ( 1252.849191116065640, 411.8128973010259415, -115.3802746534678647 ) ) ;
#5576 = CARTESIAN_POINT ( 'NONE',  ( 1194.689185244086957, 562.8355129402788180, 143.9826533720533348 ) ) ;
#5577 = CARTESIAN_POINT ( 'NONE',  ( 944.1814517847162733, 217.4251245624061823, 66.32037916616897633 ) ) ;
#5578 = CARTESIAN_POINT ( 'NONE',  ( 902.0346505909388952, 119.1843553014703758, -35.25269143050653753 ) ) ;
#5579 = CARTESIAN_POINT ( 'NONE',  ( 579.4989483295478294, -6.629671684551504462, -40.38121254523667147 ) ) ;
#5580 = CARTESIAN_POINT ( 'NONE',  ( 1051.738036031112870, 263.8138276647457019, -21.86006904341166290 ) ) ;
#5581 = CARTESIAN_POINT ( 'NONE',  ( 790.9038499073710682, 62.13527046989388936, -52.89747591038205599 ) ) ;
#5582 = CARTESIAN_POINT ( 'NONE',  ( 1004.338176351823790, 210.3563672277964827, -6.361215533128524058 ) ) ;
#5583 = CARTESIAN_POINT ( 'NONE',  ( 675.3095347766312671, 49.64797068718758055, 47.79019784411129024 ) ) ;
#5584 = CARTESIAN_POINT ( 'NONE',  ( 560.0000000000009095, -10.04736730932775224, -29.59397175137107183 ) ) ;
#5585 = CARTESIAN_POINT ( 'NONE',  ( 788.4910552931903567, 87.63924822510118418, 1.149102098065390321 ) ) ;
#5586 = CARTESIAN_POINT ( 'NONE',  ( 734.5603852234125952, 31.62120792329683994, -60.45892925656669803 ) ) ;
#5587 = CARTESIAN_POINT ( 'NONE',  ( 1272.896566411603544, 789.5592237424182258, 171.2274243278758377 ) ) ;
#5588 = CARTESIAN_POINT ( 'NONE',  ( 1180.050451553765697, 439.3989226245551549, 11.73109924698277773 ) ) ;
#5589 = CARTESIAN_POINT ( 'NONE',  ( 1002.745261231275890, 217.7886289379163713, 8.237950280915645962 ) ) ;
#5590 = CARTESIAN_POINT ( 'NONE',  ( 1000.485534760650921, 228.3313458192648966, 28.91173795884669318 ) ) ;
#5591 = CARTESIAN_POINT ( 'NONE',  ( 1250.675395604482901, 711.1648989344089387, 155.7307843287340745 ) ) ;
#5592 = CARTESIAN_POINT ( 'NONE',  ( 1446.060630528668526, 938.7976881468359807, -45.79088140027360510 ) ) ;
#5593 = CARTESIAN_POINT ( 'NONE',  ( 677.0139242967121618, 9.054258983415964579, -53.14758897841279861 ) ) ;
#5594 = CARTESIAN_POINT ( 'NONE',  ( 1454.470717895946109, 698.5195006007138545, -159.2955247795423759 ) ) ;
#5595 = CARTESIAN_POINT ( 'NONE',  ( 1282.668012965423486, 497.9567733309636992, -80.05473621024934516 ) ) ;
#5596 = CARTESIAN_POINT ( 'NONE',  ( 1305.899409754064891, 723.7048980284760091, 81.75090257137746619 ) ) ;
#5597 = CARTESIAN_POINT ( 'NONE',  ( 958.5035597870007678, 139.2084606000397571, -69.12845836597705329 ) ) ;
#5598 = CARTESIAN_POINT ( 'NONE',  ( 788.2079522591573095, 90.81421586139411772, 44.26948103325950967 ) ) ;
#5599 = CARTESIAN_POINT ( 'NONE',  ( 579.3320066687763301, 16.50735394284930990, 25.89536942552309995 ) ) ;
#5600 = CARTESIAN_POINT ( 'NONE',  ( 849.2489833135045956, 70.24192007326877274, -75.06581604774332561 ) ) ;
#5601 = CARTESIAN_POINT ( 'NONE',  ( 945.0754636424137516, 212.6043380746601770, 80.71787355806260678 ) ) ;
#5602 = CARTESIAN_POINT ( 'NONE',  ( 1280.532421148332332, 774.3140528418780377, 141.9694544816074995 ) ) ;
#5603 = APPLICATION_PROTOCOL_DEFINITION ( 'international standard', 'config_control_design', 1994, #5847 ) ;
#5604 = CARTESIAN_POINT ( 'NONE',  ( 1311.896481610895080, 831.9987129158290600, 134.3912316582417645 ) ) ;
#5605 = CARTESIAN_POINT ( 'NONE',  ( 893.6445966800577025, 174.1989249100664665, 82.16898141380200116 ) ) ;
#5606 = CARTESIAN_POINT ( 'NONE',  ( 1321.152707473211194, 926.1132973493449754, 152.2237487466302639 ) ) ;
#5607 = CARTESIAN_POINT ( 'NONE',  ( 1111.030227669314854, 269.3845652882399122, -89.28388005183840903 ) ) ;
#5608 = CARTESIAN_POINT ( 'NONE',  ( 1350.779082897813169, 981.0569176713901243, 130.5755536149837326 ) ) ;
#5609 = CARTESIAN_POINT ( 'NONE',  ( 1163.815447417027144, 485.9289078027540540, 95.38473633601847723 ) ) ;
#5610 = CARTESIAN_POINT ( 'NONE',  ( 1443.094878057067945, 943.1775093627990145, -31.60699390832335354 ) ) ;
#5611 = CARTESIAN_POINT ( 'NONE',  ( 1219.747532044249283, 325.6874655678282693, -150.8959583793291017 ) ) ;
#5612 = CARTESIAN_POINT ( 'NONE',  ( 789.0594550880543920, 81.62361565677477415, -13.24419562415809182 ) ) ;
#5613 = CARTESIAN_POINT ( 'NONE',  ( 1053.309495458981701, 257.5225780528708697, -1.769230932192144001 ) ) ;
#5614 = CARTESIAN_POINT ( 'NONE',  ( 618.2048874940057885, 28.23480838611694566, 41.79136243522678740 ) ) ;
#5615 = CARTESIAN_POINT ( 'NONE',  ( 904.5293730020730436, 102.8107040690670857, -71.66755854399703196 ) ) ;
#5616 = CARTESIAN_POINT ( 'NONE',  ( 1299.780171921915553, 604.6675468257088824, -19.06433693974929255 ) ) ;
#5617 = CARTESIAN_POINT ( 'NONE',  ( 1445.195951014813545, 714.3471655623862944, -144.4369670437278046 ) ) ;
#5618 = CARTESIAN_POINT ( 'NONE',  ( 1273.228442866093246, 788.8978327755355622, 171.6450904399222850 ) ) ;
#5619 = CARTESIAN_POINT ( 'NONE',  ( 1216.943087847847210, 505.0206318942642838, 22.41518832728457156 ) ) ;
#5620 = CARTESIAN_POINT ( 'NONE',  ( 618.5102877049127983, 10.85712718268250043, 7.127404647385312764 ) ) ;
#5621 = CARTESIAN_POINT ( 'NONE',  ( 1424.659654548826211, 935.4375884867264404, -6.386869923522405124 ) ) ;
#5622 = CARTESIAN_POINT ( 'NONE',  ( 618.4932693506891610, 11.85036136139712148, 10.25405136664222283 ) ) ;
#5623 = CARTESIAN_POINT ( 'NONE',  ( 1251.568540715769586, 709.2273124794272690, 152.1532108131278846 ) ) ;
#5624 = CARTESIAN_POINT ( 'NONE',  ( 1427.387943984604590, 966.3734988282160430, 0.1514668213138629649 ) ) ;
#5625 = CARTESIAN_POINT ( 'NONE',  ( 1354.221430478705770, 486.6432891651227806, -169.7608722474849969 ) ) ;
#5626 = CARTESIAN_POINT ( 'NONE',  ( 618.7388928026036865, -2.905177720538927755, -49.47355352734453504 ) ) ;
#5627 = CARTESIAN_POINT ( 'NONE',  ( 1194.708531719752045, 397.4024167800027385, -54.71685198979567843 ) ) ;
#5628 = CARTESIAN_POINT ( 'NONE',  ( 1377.106076845058169, 939.6600016141937886, 72.10852108418652051 ) ) ;
#5629 = CARTESIAN_POINT ( 'NONE',  ( 792.0457203057286506, 50.18010492771355047, -57.06238182452414520 ) ) ;
#5630 = CARTESIAN_POINT ( 'NONE',  ( 560.0000000000000000, 3.321903533480500936, 19.13383373858745173 ) ) ;
#5631 = CARTESIAN_POINT ( 'NONE',  ( 731.7034607791204053, 74.11870772484731162, 46.41237727863033058 ) ) ;
#5632 = CARTESIAN_POINT ( 'NONE',  ( 1015.063033384497203, 160.3056591864442453, -104.5049467261669776 ) ) ;
#5633 = CARTESIAN_POINT ( 'NONE',  ( 1292.987369595932705, 749.4712559041538498, 119.9037779046544046 ) ) ;
#5634 = CARTESIAN_POINT ( 'NONE',  ( 1377.973018398049362, 1006.355603960772441, 83.39788038226380706 ) ) ;
#5635 = CARTESIAN_POINT ( 'NONE',  ( 894.5738080640254566, 168.1112003888737263, 69.80994223572025703 ) ) ;
#5636 = CARTESIAN_POINT ( 'NONE',  ( 1123.206716745987933, 431.0380793932630468, 122.9701625492467940 ) ) ;
#5637 = CARTESIAN_POINT ( 'NONE',  ( 1370.707087869935549, 1017.392477795475656, 101.9726260809676575 ) ) ;
#5638 = CARTESIAN_POINT ( 'NONE',  ( 733.9107727235259517, 41.23598997393525423, -44.25000694116179289 ) ) ;
#5639 = CARTESIAN_POINT ( 'NONE',  ( 1283.122104302243315, 769.1578968043610303, 149.7717715998368533 ) ) ;
#5640 = CARTESIAN_POINT ( 'NONE',  ( 1261.442898268315730, 687.8069095691093935, 112.3376857155226389 ) ) ;
#5641 = CARTESIAN_POINT ( 'NONE',  ( 1440.276924657627660, 911.7146859377947976, -38.98555180232945361 ) ) ;
#5642 = CARTESIAN_POINT ( 'NONE',  ( 1311.891640643150822, 428.8116015775482310, -166.4132060418582455 ) ) ;
#5643 = CARTESIAN_POINT ( 'NONE',  ( 733.0097998122436138, 54.60714821428049248, -15.73154569749571330 ) ) ;
#5644 = CARTESIAN_POINT ( 'NONE',  ( 1443.094878057067945, 943.1775093627990145, -31.60699390832335354 ) ) ;
#5645 = CARTESIAN_POINT ( 'NONE',  ( 1160.344992639538305, 312.6907856601486060, -99.59901167634092189 ) ) ;
#5646 = CARTESIAN_POINT ( 'NONE',  ( 1229.062384238258346, 473.6009920897500365, 0.2813472292576507661 ) ) ;
#5647 = CARTESIAN_POINT ( 'NONE',  ( 1036.841091418067890, 324.2578367820030962, 105.4714914363281366 ) ) ;
#5648 = CARTESIAN_POINT ( 'NONE',  ( 676.8934416715979978, 11.96846134394013283, -43.03512126753872025 ) ) ;
#5649 = CARTESIAN_POINT ( 'NONE',  ( 579.3698178634730311, 11.32072043282943774, 0.7755500078858696966 ) ) ;
#5650 = CARTESIAN_POINT ( 'NONE',  ( 1466.646289107734674, 798.8691574325921465, -128.9589981893274455 ) ) ;
#5651 = CARTESIAN_POINT ( 'NONE',  ( 1154.972971118666919, 511.2877637226148408, 151.6411618174595333 ) ) ;
#5652 = CARTESIAN_POINT ( 'NONE',  ( 732.1753428439653817, 67.03407265458817221, 18.05713030582426271 ) ) ;
#5653 = CARTESIAN_POINT ( 'NONE',  ( 1049.829262951848250, 271.6347309301278869, 24.59820622286006397 ) ) ;
#5654 = CARTESIAN_POINT ( 'NONE',  ( 1344.218430000853004, 772.4967952800866442, 48.32601431788154400 ) ) ;
#5655 = CARTESIAN_POINT ( 'NONE',  ( 1387.313358202168502, 1025.555619626069529, 76.33753715952278185 ) ) ;
#5656 = CARTESIAN_POINT ( 'NONE',  ( 560.0000000000000000, 7.815008459504523053, 30.93803480332546130 ) ) ;
#5657 = CARTESIAN_POINT ( 'NONE',  ( 1471.076758490541351, 864.9288262933279157, -102.7866803512341392 ) ) ;
#5658 = CARTESIAN_POINT ( 'NONE',  ( 1312.461796943692207, 427.4640833065734000, -167.2058201419005172 ) ) ;
#5659 = CARTESIAN_POINT ( 'NONE',  ( 1373.479738155732093, 718.6125242189965547, -50.58970366041820910 ) ) ;
#5660 = CARTESIAN_POINT ( 'NONE',  ( 1134.878883752212914, 393.8607586884534726, 59.67166145218513407 ) ) ;
#5661 = CARTESIAN_POINT ( 'NONE',  ( 1064.989699320429736, 210.1533079569422284, -89.99607778184693530 ) ) ;
#5662 = CARTESIAN_POINT ( 'NONE',  ( 1209.615387955449933, 524.0878625810599942, 81.14646306616934623 ) ) ;
#5663 = CARTESIAN_POINT ( 'NONE',  ( 960.9618462293815355, 125.7609189058055676, -97.48275124677176962 ) ) ;
#5664 = CARTESIAN_POINT ( 'NONE',  ( 1041.369394350597531, 305.9317864160713043, 87.60852166670463248 ) ) ;
#5665 = CARTESIAN_POINT ( 'NONE',  ( 1120.707453144140118, 438.9778369248704735, 120.9509253833714268 ) ) ;
#5666 = CARTESIAN_POINT ( 'NONE',  ( 841.9228939952894279, 129.8407531879340979, 62.69159465466765369 ) ) ;
#5667 = CARTESIAN_POINT ( 'NONE',  ( 676.7283757792670258, 15.70548531048682506, -50.71252158331729731 ) ) ;
#5668 = CARTESIAN_POINT ( 'NONE',  ( 1170.231747962961208, 467.5366400670677081, 60.46506640079581985 ) ) ;
#5669 = CARTESIAN_POINT ( 'NONE',  ( 786.5813585068260636, 107.9727707512944761, 74.72006814530149654 ) ) ;
#5670 = CARTESIAN_POINT ( 'NONE',  ( 1334.787528157864472, 528.7664453845759454, -123.1335295701602348 ) ) ;
#5671 = CARTESIAN_POINT ( 'NONE',  ( 1379.686359782254158, 1003.752731712698846, 88.47774279081936299 ) ) ;
#5672 = CARTESIAN_POINT ( 'NONE',  ( 1387.320725847799622, 992.1563676857718974, 60.98173777587089717 ) ) ;
#5673 = CARTESIAN_POINT ( 'NONE',  ( 1461.770697372639688, 806.5392129028547288, -111.7080677370294666 ) ) ;
#5674 = CARTESIAN_POINT ( 'NONE',  ( 1318.250157014958631, 564.6468412656580540, -53.78245183457853784 ) ) ;
#5675 = CARTESIAN_POINT ( 'NONE',  ( 1468.129454458741975, 906.2064641030767689, -83.24768202002366024 ) ) ;
#5676 = CARTESIAN_POINT ( 'NONE',  ( 951.6555877894967352, 176.5448331689751456, -25.01828261762186401 ) ) ;
#5677 = CARTESIAN_POINT ( 'NONE',  ( 847.2564716939616574, 86.46700081940790028, -36.13756579910774747 ) ) ;
#5678 = CARTESIAN_POINT ( 'NONE',  ( 1450.024098036544729, 825.0018780476816573, -98.45891832040990721 ) ) ;
#5679 = CARTESIAN_POINT ( 'NONE',  ( 1120.996535807059900, 438.0755067979284263, 134.5901690989692554 ) ) ;
#5680 = CARTESIAN_POINT ( 'NONE',  ( 618.2049832546157404, 28.24387418537437000, 42.55181984030870979 ) ) ;
#5681 = CARTESIAN_POINT ( 'NONE',  ( 1261.734714357726489, 547.4974125398084652, -8.167168595249936658 ) ) ;
#5682 = CARTESIAN_POINT ( 'NONE',  ( 1215.712998953920987, 337.2401839340499805, -138.0015944526709291 ) ) ;
#5683 = CARTESIAN_POINT ( 'NONE',  ( 1118.449732902166943, 446.1845251406084571, 143.1502752840479502 ) ) ;
#5684 = CARTESIAN_POINT ( 'NONE',  ( 1408.487604156759062, 960.0035835095375205, 14.26040241952949295 ) ) ;
#5685 = CARTESIAN_POINT ( 'NONE',  ( 618.5274114984048310, 9.857934125962641403, 4.003045222590723817 ) ) ;
#5686 = CARTESIAN_POINT ( 'NONE',  ( 1218.130581406491501, 501.9818294624524242, 45.78142193071980159 ) ) ;
#5687 = CARTESIAN_POINT ( 'NONE',  ( 731.5564996347096667, 76.37024691673495624, 62.46602412804512028 ) ) ;
#5688 = CARTESIAN_POINT ( 'NONE',  ( 560.0000000000000000, 8.624242215881682938, 33.59631364532580733 ) ) ;
#5689 = CARTESIAN_POINT ( 'NONE',  ( 961.3182305970568677, 123.7948108442563608, -104.9686974169152478 ) ) ;
#5690 = CARTESIAN_POINT ( 'NONE',  ( 1220.761152650821259, 322.7868419954990600, -153.1022425310203801 ) ) ;
#5691 = CARTESIAN_POINT ( 'NONE',  ( 618.4216905705432055, 15.24143486127712599, -14.62428684781232491 ) ) ;
#5692 = PRODUCT_DEFINITION_FORMATION_WITH_SPECIFIED_SOURCE ( 'ANY', '', #2790, .NOT_KNOWN. ) ;
#5693 = CARTESIAN_POINT ( 'NONE',  ( 843.4273882542761385, 117.6172136682890255, 36.33538738185998795 ) ) ;
#5694 = CARTESIAN_POINT ( 'NONE',  ( 792.1294932971071603, 49.29028425168755234, -59.55631069834522862 ) ) ;
#5695 = CARTESIAN_POINT ( 'NONE',  ( 1090.390963318609920, 343.2075951014862767, 64.50410437130541652 ) ) ;
#5696 = CARTESIAN_POINT ( 'NONE',  ( 1448.627089832567890, 708.4965924940615878, -144.4197774669998182 ) ) ;
#5697 = CARTESIAN_POINT ( 'NONE',  ( 732.2778834114355959, 65.71279194634487908, 47.05297104530236396 ) ) ;
#5698 = CARTESIAN_POINT ( 'NONE',  ( 1053.309495458981701, 257.5225780528708697, -1.769230932192144001 ) ) ;
#5699 = CARTESIAN_POINT ( 'NONE',  ( 579.3655677928609293, 11.75556428214752458, 31.45317034795803934 ) ) ;
#5700 = CARTESIAN_POINT ( 'NONE',  ( 1446.467885472794933, 712.1760934186157783, -146.8067776417302639 ) ) ;
#5701 = CARTESIAN_POINT ( 'NONE',  ( 995.9386469555029180, 249.4582875400326429, 38.45616653950314401 ) ) ;
#5702 = CARTESIAN_POINT ( 'NONE',  ( 990.0530835043052775, 276.9774264378283419, 115.3981741865848818 ) ) ;
#5703 = CARTESIAN_POINT ( 'NONE',  ( 1208.111108543313094, 359.0110468070299703, -109.8641455503122444 ) ) ;
#5704 = CARTESIAN_POINT ( 'NONE',  ( 992.7733552541930067, 264.2994317814849978, 97.15867252611995752 ) ) ;
#5705 = CARTESIAN_POINT ( 'NONE',  ( 675.3564303879087447, 48.46830512256914858, 38.25598278666271312 ) ) ;
#5706 = CARTESIAN_POINT ( 'NONE',  ( 676.9477410836414037, 10.65346402884101984, -47.72204463258933060 ) ) ;
#5707 = CARTESIAN_POINT ( 'NONE',  ( 1061.317490336106175, 225.0470230028411436, -62.39884450647283387 ) ) ;
#5708 = CARTESIAN_POINT ( 'NONE',  ( 1171.447327614949018, 277.3451936094646157, -143.8743392656857623 ) ) ;
#5709 = CARTESIAN_POINT ( 'NONE',  ( 579.4067162396800086, 6.209677236762130015, -14.61235253256381839 ) ) ;
#5710 = CARTESIAN_POINT ( 'NONE',  ( 1243.713016721242866, 435.5646732946803468, -60.24069484709291089 ) ) ;
#5711 = CARTESIAN_POINT ( 'NONE',  ( 579.4400788536573828, 1.574874388064407826, -25.85437559578332412 ) ) ;
#5712 = CARTESIAN_POINT ( 'NONE',  ( 560.0000000000002274, 8.611078271335756540, 33.15880986806987352 ) ) ;
#5713 = CARTESIAN_POINT ( 'NONE',  ( 618.2050380734112878, 28.25592769493044543, 43.35832426490352276 ) ) ;
#5714 = CARTESIAN_POINT ( 'NONE',  ( 1427.006907768368592, 966.9362128510138064, -9.542761556834511438 ) ) ;
#5715 = CARTESIAN_POINT ( 'NONE',  ( 1013.244359747604449, 168.7453113186949452, -103.1260934228215120 ) ) ;
#5716 = CARTESIAN_POINT ( 'NONE',  ( 1297.056875567866200, 859.3154714052743657, 168.6393687900616385 ) ) ;
#5717 = CARTESIAN_POINT ( 'NONE',  ( 842.8122110125461859, 122.4695639514444707, 12.17369353967091605 ) ) ;
#5718 = CARTESIAN_POINT ( 'NONE',  ( 1350.262480517856375, 761.3701747818452077, 32.20123100432851260 ) ) ;
#5719 = CARTESIAN_POINT ( 'NONE',  ( 1191.023082947520834, 572.3389201985987711, 146.0330669319985191 ) ) ;
#5720 = CARTESIAN_POINT ( 'NONE',  ( 560.0000000000000000, 11.17170753298163888, 23.67671419634086760 ) ) ;
#5721 = CARTESIAN_POINT ( 'NONE',  ( 1069.109581608214512, 193.4310455157779813, -123.1801511857471354 ) ) ;
#5722 = CARTESIAN_POINT ( 'NONE',  ( 559.9999999999998863, -9.367648390352524501, -36.49536829936221238 ) ) ;
#5723 = CARTESIAN_POINT ( 'NONE',  ( 1150.230473547877182, 344.9020648187681672, -51.77683994886626095 ) ) ;
#5724 = CARTESIAN_POINT ( 'NONE',  ( 1173.419420797192060, 458.4464330641251308, 72.55863812348687247 ) ) ;
#5725 = CARTESIAN_POINT ( 'NONE',  ( 579.5018797181714945, -7.103600609929069165, -30.56488030953651958 ) ) ;
#5726 = CARTESIAN_POINT ( 'NONE',  ( 1356.560394864827913, 865.6691043417026776, 75.64505615983895837 ) ) ;
#5727 = CARTESIAN_POINT ( 'NONE',  ( 1310.473605882717720, 432.1753580519228422, -157.5463638905008565 ) ) ;
#5728 = CARTESIAN_POINT ( 'NONE',  ( 945.4462349111576032, 210.5794887499357344, 76.84993864278737874 ) ) ;
#5729 = CARTESIAN_POINT ( 'NONE',  ( 560.0000000000002274, -3.047487078016775097, -1.652259121651748153 ) ) ;
#5730 = CARTESIAN_POINT ( 'NONE',  ( 618.3182126518584028, 21.94240569313289768, 37.99784036783079699 ) ) ;
#5731 = CARTESIAN_POINT ( 'NONE',  ( 559.9999999999996589, -5.497294418865544152, -30.79281236059324911 ) ) ;
#5732 = CARTESIAN_POINT ( 'NONE',  ( 1130.217378689078032, 408.6598329912271197, 57.01180282518660647 ) ) ;
#5733 = CARTESIAN_POINT ( 'NONE',  ( 1078.123408125961305, 387.0342802750325859, 134.5011858738634771 ) ) ;
#5734 = CARTESIAN_POINT ( 'NONE',  ( 846.5610207906157711, 91.99320234615954917, -51.88426631182058202 ) ) ;
#5735 = CARTESIAN_POINT ( 'NONE',  ( 1161.249120877477935, 493.3129512885601571, 130.1112080369628927 ) ) ;
#5736 = CARTESIAN_POINT ( 'NONE',  ( 1230.247094920234986, 622.0342196081012389, 115.0055857990264627 ) ) ;
#5737 = CARTESIAN_POINT ( 'NONE',  ( 849.1088621314087277, 71.38118332312721748, -72.58585955276210200 ) ) ;
#5738 = CARTESIAN_POINT ( 'NONE',  ( 791.4328370268548269, 56.67860449644793164, -40.07950867509433124 ) ) ;
#5739 = CARTESIAN_POINT ( 'NONE',  ( 1449.616694301460029, 706.8019284291904114, -152.4889030387059279 ) ) ;
#5740 = CARTESIAN_POINT ( 'NONE',  ( 789.4586935384651269, 77.40100773465046302, -22.74753375697969915 ) ) ;
#5741 = CARTESIAN_POINT ( 'NONE',  ( 1060.097211589484914, 229.9960638705162239, -53.18612930047056864 ) ) ;
#5742 = CARTESIAN_POINT ( 'NONE',  ( 1452.909295135516004, 928.6835849526838729, -58.14867833463061686 ) ) ;
#5743 = CARTESIAN_POINT ( 'NONE',  ( 731.8027517924876975, 72.75011160032298108, 62.65205584803617000 ) ) ;
#5744 = CARTESIAN_POINT ( 'NONE',  ( 731.5820070013719487, 75.97847893520899731, 59.63840051634438311 ) ) ;
#5745 = CARTESIAN_POINT ( 'NONE',  ( 1344.915846918368516, 506.8098482078074767, -150.2079491900836388 ) ) ;
#5746 = CARTESIAN_POINT ( 'NONE',  ( 1320.437601707829572, 927.3369521030422220, 158.2046154397222040 ) ) ;
#5747 = CARTESIAN_POINT ( 'NONE',  ( 1419.093378821075703, 978.6229069727872911, 6.242896766569141498 ) ) ;
#5748 = CARTESIAN_POINT ( 'NONE',  ( 579.4350358759988922, 2.114932090822313704, 3.331870675123110637 ) ) ;
#5749 = CARTESIAN_POINT ( 'NONE',  ( 579.3288208465418165, 16.92833043593222442, 31.07604785225795041 ) ) ;
#5750 = CARTESIAN_POINT ( 'NONE',  ( 1451.266002604281312, 895.0220236309023676, -61.71135063695066947 ) ) ;
#5751 = CARTESIAN_POINT ( 'NONE',  ( 1469.956849300793010, 866.6300642864240444, -100.1451281913932831 ) ) ;
#5752 = CARTESIAN_POINT ( 'NONE',  ( 1068.826688139716680, 194.5643671032271129, -125.2560983924904150 ) ) ;
#5753 = CARTESIAN_POINT ( 'NONE',  ( 1408.240605060696907, 777.4280007965876393, -67.03851974658037705 ) ) ;
#5754 = CARTESIAN_POINT ( 'NONE',  ( 618.4393816009197735, 14.97888362943505491, 19.58340654717247276 ) ) ;
#5755 = CARTESIAN_POINT ( 'NONE',  ( 1433.961096669830567, 733.5329312544631648, -110.1827091441012385 ) ) ;
#5756 = CARTESIAN_POINT ( 'NONE',  ( 1358.640322734278243, 862.1182261918817176, 70.60374210729902700 ) ) ;
#5757 = CARTESIAN_POINT ( 'NONE',  ( 1466.918494582300809, 871.2453213149657358, -93.69920980832027624 ) ) ;
#5758 = CARTESIAN_POINT ( 'NONE',  ( 1385.063005124875872, 1028.878939507183986, 81.72002070019424025 ) ) ;
#5759 = CARTESIAN_POINT ( 'NONE',  ( 1396.758210030571945, 1011.607468923749934, 62.52589838684995271 ) ) ;
#5760 = CARTESIAN_POINT ( 'NONE',  ( 1146.230524889029994, 357.6991884111337754, -2.389735185661085115 ) ) ;
#5761 = CARTESIAN_POINT ( 'NONE',  ( 894.3041896398354993, 169.8775471595980946, 73.31060673261326599 ) ) ;
#5762 = CARTESIAN_POINT ( 'NONE',  ( 1381.134860373429319, 573.5568928411265688, -148.5980184703106488 ) ) ;
#5763 = CARTESIAN_POINT ( 'NONE',  ( 1384.454687223580549, 928.0967116182071095, 37.76650432608069252 ) ) ;
#5764 = CARTESIAN_POINT ( 'NONE',  ( 952.3304366496769262, 172.9612850412016201, 1.058496136343019201 ) ) ;
#5765 = CARTESIAN_POINT ( 'NONE',  ( 1259.787550194529786, 393.8307484737076720, -125.5893201807229644 ) ) ;
#5766 = CARTESIAN_POINT ( 'NONE',  ( 675.3003394973399054, 49.94915798125015982, 57.54208053659935729 ) ) ;
#5767 = CARTESIAN_POINT ( 'NONE',  ( 1110.264864988333557, 272.1187003116504002, -85.25345190439396958 ) ) ;
#5768 = CARTESIAN_POINT ( 'NONE',  ( 560.0000000000000000, 7.970662602502075700, 31.52091803712216134 ) ) ;
#5769 = CARTESIAN_POINT ( 'NONE',  ( 1384.419341668303559, 996.5635886215937944, 67.79145705507895059 ) ) ;
#5770 = CARTESIAN_POINT ( 'NONE',  ( 1118.155253952409112, 243.9699803514017447, -111.8865850924356664 ) ) ;
#5771 = CARTESIAN_POINT ( 'NONE',  ( 734.3792315416544625, 34.45222029693131560, -34.94019310901143172 ) ) ;
#5772 = CARTESIAN_POINT ( 'NONE',  ( 1067.067945814797213, 201.6871464962869709, -117.3751495865186882 ) ) ;
#5773 = CARTESIAN_POINT ( 'NONE',  ( 1004.787594102440494, 208.1698972416340609, -41.58025441233655783 ) ) ;
#5774 = CARTESIAN_POINT ( 'NONE',  ( 790.9890930668939291, 61.38125309604997426, -27.95510398354814541 ) ) ;
#5775 = CARTESIAN_POINT ( 'NONE',  ( 1450.111222780099524, 932.8157762880707651, -53.14184897098964200 ) ) ;
#5776 = CARTESIAN_POINT ( 'NONE',  ( 1301.224624642183926, 851.6445714005633363, 161.9995975158955162 ) ) ;
#5777 = CARTESIAN_POINT ( 'NONE',  ( 1389.276956321570196, 1022.655779270088715, 71.60799291214949847 ) ) ;
#5778 = CARTESIAN_POINT ( 'NONE',  ( 1412.679092535264544, 646.4582583119091623, -142.5832620500228529 ) ) ;
#5779 = CARTESIAN_POINT ( 'NONE',  ( 1344.520167072360437, 990.8972776373529996, 140.1306090465474483 ) ) ;
#5780 = CARTESIAN_POINT ( 'NONE',  ( 1212.186406069807845, 517.3712606627226478, 42.82517729783560156 ) ) ;
#5781 = CARTESIAN_POINT ( 'NONE',  ( 951.7394760379946774, 176.1917208352818704, 7.733944742276693596 ) ) ;
#5782 = CARTESIAN_POINT ( 'NONE',  ( 943.7489135726295899, 219.7959452467571566, 73.31285248043450054 ) ) ;
#5783 = CARTESIAN_POINT ( 'NONE',  ( 1011.507648122866385, 176.9000323428468846, -72.06029391617688873 ) ) ;
#5784 = CARTESIAN_POINT ( 'NONE',  ( 1444.533924895384871, 715.4837707002662910, -134.9090280692271904 ) ) ;
#5785 = CARTESIAN_POINT ( 'NONE',  ( 579.5018187742463169, -7.030679363867051279, -40.73517463745769618 ) ) ;
#5786 = CARTESIAN_POINT ( 'NONE',  ( 1050.650271388014289, 268.2241343839647243, -14.05329928962314412 ) ) ;
#5787 = CARTESIAN_POINT ( 'NONE',  ( 1281.981272371132036, 643.2923981967250029, 64.84340055345498399 ) ) ;
#5788 = CARTESIAN_POINT ( 'NONE',  ( 1117.144807596794863, 247.5823454688569711, -105.5231351352621374 ) ) ;
#5789 = CARTESIAN_POINT ( 'NONE',  ( 675.9461264565713918, 34.65111835900036397, 24.56196635382289628 ) ) ;
#5790 = CARTESIAN_POINT ( 'NONE',  ( 1307.198195361342187, 439.9295922994815555, -145.5431941718343580 ) ) ;
#5791 = CARTESIAN_POINT ( 'NONE',  ( 1472.546951894958966, 789.5955334362499798, -134.6540703335638227 ) ) ;
#5792 = CARTESIAN_POINT ( 'NONE',  ( 559.9999999999998863, 11.25630285317137513, 36.45529895515286256 ) ) ;
#5793 = CARTESIAN_POINT ( 'NONE',  ( 1390.458379564181087, 987.3899374437786491, 65.58064907249330133 ) ) ;
#5794 = CARTESIAN_POINT ( 'NONE',  ( 1269.671871925418145, 528.7477160923081101, -10.35935865790805366 ) ) ;
#5795 = CARTESIAN_POINT ( 'NONE',  ( 675.6770801298581546, 41.04296332167515260, 40.67581267468698769 ) ) ;
#5796 = CARTESIAN_POINT ( 'NONE',  ( 959.1406179414998405, 135.6681435674196337, -93.02497747349714530 ) ) ;
#5797 = CARTESIAN_POINT ( 'NONE',  ( 1361.629235081995148, 857.0007894193050788, 42.42788178217086426 ) ) ;
#5798 = CARTESIAN_POINT ( 'NONE',  ( 560.0000000000000000, -2.616277978235399093, -0.1003105687033029186 ) ) ;
#5799 = CARTESIAN_POINT ( 'NONE',  ( 1382.013356138324980, 571.8162831391359759, -139.9969042595861879 ) ) ;
#5800 = CARTESIAN_POINT ( 'NONE',  ( 1273.228442866093246, 788.8978327755355622, 171.6450904399222850 ) ) ;
#5801 = CARTESIAN_POINT ( 'NONE',  ( 846.3850313073263578, 93.42238124577335157, -49.29521122918716003 ) ) ;
#5802 = CARTESIAN_POINT ( 'NONE',  ( 787.4383377321422586, 98.94193080409998231, 62.08374960603880055 ) ) ;
#5803 = CARTESIAN_POINT ( 'NONE',  ( 618.2075514901169981, 28.00996525800251646, 37.55344278895297805 ) ) ;
#5804 = CARTESIAN_POINT ( 'NONE',  ( 1097.737813867466002, 316.9512727154452705, 17.75277373911253420 ) ) ;
#5805 = CARTESIAN_POINT ( 'NONE',  ( 618.7478565779072142, -3.198629787654225787, -41.74202621621464004 ) ) ;
#5806 = CARTESIAN_POINT ( 'NONE',  ( 1421.271062014602649, 755.1963090937570087, -80.22725131178374625 ) ) ;
#5807 = CARTESIAN_POINT ( 'NONE',  ( 676.8217802471732512, 13.49859141722060052, -53.95090725791962427 ) ) ;
#5808 = CARTESIAN_POINT ( 'NONE',  ( 1106.522296884390698, 285.4895119617045793, -64.95149655518065401 ) ) ;
#5809 = CARTESIAN_POINT ( 'NONE',  ( 1105.059413632404585, 290.7163335191977467, -56.73446330948348759 ) ) ;
#5810 = CARTESIAN_POINT ( 'NONE',  ( 957.0348562530248273, 147.2403371063620909, -52.40101875292555178 ) ) ;
#5811 = CARTESIAN_POINT ( 'NONE',  ( 1327.558264657490099, 544.4394150162945607, -102.7742306707997528 ) ) ;
#5812 = CARTESIAN_POINT ( 'NONE',  ( 1376.728005576595933, 1008.246495086548862, 94.99855550385217384 ) ) ;
#5813 = CARTESIAN_POINT ( 'NONE',  ( 1192.195638164388583, 569.2925804893581017, 139.7190999414411294 ) ) ;
#5814 = CARTESIAN_POINT ( 'NONE',  ( 904.0296648273586015, 106.0143342524995518, -82.75500475137619105 ) ) ;
#5815 = CARTESIAN_POINT ( 'NONE',  ( 1192.113941782954498, 569.5197374266385850, 152.6280206504238492 ) ) ;
#5816 = CARTESIAN_POINT ( 'NONE',  ( 1170.231747962961208, 467.5366400670677081, 60.46506640079581985 ) ) ;
#5817 = CARTESIAN_POINT ( 'NONE',  ( 1050.871562136937428, 267.4083202285534071, 16.68315783043917122 ) ) ;
#5818 = CARTESIAN_POINT ( 'NONE',  ( 1038.563836507650421, 317.2590748813788650, 86.78548207856756846 ) ) ;
#5819 = CARTESIAN_POINT ( 'NONE',  ( 1011.108459195619844, 178.7631012921385718, -68.40526836298541014 ) ) ;
#5820 = CARTESIAN_POINT ( 'NONE',  ( 1384.125734692652259, 567.6015767956906757, -145.9363211242206546 ) ) ;
#5821 = CARTESIAN_POINT ( 'NONE',  ( 960.5560731025543646, 127.9441833297849058, -102.9223116750289790 ) ) ;
#5822 = CARTESIAN_POINT ( 'NONE',  ( 675.8582164438819291, 36.37693361259937319, -6.318557825772036729 ) ) ;
#5823 = CARTESIAN_POINT ( 'NONE',  ( 1364.873336310515697, 851.4771764147703834, 55.47126719148278085 ) ) ;
#5824 = CARTESIAN_POINT ( 'NONE',  ( 1091.063647576285575, 340.8037577007984851, 60.26426077508980228 ) ) ;
#5825 = CARTESIAN_POINT ( 'NONE',  ( 1420.379657538796209, 632.2925349858119262, -151.1070757600550110 ) ) ;
#5826 = CARTESIAN_POINT ( 'NONE',  ( 905.8371851949823395, 94.20435369824721761, -94.11979914982366324 ) ) ;
#5827 = CARTESIAN_POINT ( 'NONE',  ( 1035.375457375750557, 330.2152677532155849, 122.5541909460739305 ) ) ;
#5828 = CARTESIAN_POINT ( 'NONE',  ( 1203.518752119593955, 539.9145651157621160, 106.3948742124623976 ) ) ;
#5829 = CARTESIAN_POINT ( 'NONE',  ( 1294.813633462056941, 745.8268823071965699, 114.4666579770534014 ) ) ;
#5830 = CARTESIAN_POINT ( 'NONE',  ( 560.0000000000001137, -5.984213600024856028, -31.63161694427986959 ) ) ;
#5831 = CARTESIAN_POINT ( 'NONE',  ( 675.3965279936121533, 47.48202290865754804, 32.56433208602298635 ) ) ;
#5832 = CARTESIAN_POINT ( 'NONE',  ( 1272.535956490808530, 521.9689228590968924, -20.86326106302758632 ) ) ;
#5833 = CARTESIAN_POINT ( 'NONE',  ( 579.5082384646516402, -7.972375459593440183, -34.54005623163860150 ) ) ;
#5834 = CARTESIAN_POINT ( 'NONE',  ( 1371.253086736325031, 1016.563019566960179, 102.6579155987542009 ) ) ;
#5835 = CARTESIAN_POINT ( 'NONE',  ( 1060.342313356987006, 228.9366705711213967, -79.28076822159526671 ) ) ;
#5836 = CARTESIAN_POINT ( 'NONE',  ( 618.2961882340313196, 23.20151947482365884, 41.05776915070210009 ) ) ;
#5837 = CARTESIAN_POINT ( 'NONE',  ( 579.3294244538881230, 16.84977545619018002, 29.92693562314037337 ) ) ;
#5838 = CARTESIAN_POINT ( 'NONE',  ( 560.0000000000000000, -1.627684369578133783, -22.90810602229699811 ) ) ;
#5839 = CARTESIAN_POINT ( 'NONE',  ( 1425.492269718924717, 747.9901177757664072, -90.22672399594404169 ) ) ;
#5840 = CARTESIAN_POINT ( 'NONE',  ( 791.2560018800053285, 58.55290384015239624, -35.22627073049196866 ) ) ;
#5841 = CARTESIAN_POINT ( 'NONE',  ( 1170.282786766990512, 281.0513743230944215, -140.2168291332308172 ) ) ;
#5842 = CARTESIAN_POINT ( 'NONE',  ( 1058.351333223251686, 237.0055919419336874, -66.72405743857201799 ) ) ;
#5843 = CARTESIAN_POINT ( 'NONE',  ( 618.4631588603340333, 12.84326612612421670, -20.73049287347216207 ) ) ;
#5844 = CARTESIAN_POINT ( 'NONE',  ( 1392.855464455987885, 682.9606218672778368, -80.20583405029613289 ) ) ;
#5845 = CARTESIAN_POINT ( 'NONE',  ( 1008.391105422046962, 191.3668643736652939, -69.64469102682403445 ) ) ;
#5846 = CARTESIAN_POINT ( 'NONE',  ( 841.1440708822605075, 136.1648506648536454, 76.27241303561457642 ) ) ;
#5847 = APPLICATION_CONTEXT ( 'configuration controlled 3d designs of mechanical parts and assemblies' ) ;
#5848 = CARTESIAN_POINT ( 'NONE',  ( 1325.859775350042810, 918.0751336226163630, 138.8004548434133198 ) ) ;
#5849 = CARTESIAN_POINT ( 'NONE',  ( 1064.747736102402087, 211.0858279600933827, -105.2421584718765502 ) ) ;
#5850 = CARTESIAN_POINT ( 'NONE',  ( 1324.700920616804069, 920.0602880616313541, 152.0438855937456992 ) ) ;
#5851 = CARTESIAN_POINT ( 'NONE',  ( 1406.203635687320229, 997.6584707921264226, 33.02562383554248981 ) ) ;
#5852 = CARTESIAN_POINT ( 'NONE',  ( 618.2717249771310435, 24.02513998797531514, 13.54692530499947800 ) ) ;
#5853 = CARTESIAN_POINT ( 'NONE',  ( 618.6791726031659664, 0.4763521784356790079, -45.50851450733336634 ) ) ;
#5854 = CARTESIAN_POINT ( 'NONE',  ( 1097.737813867466002, 316.9512727154452705, 17.75277373911253420 ) ) ;
#5855 = CARTESIAN_POINT ( 'NONE',  ( 1122.956077872928063, 431.8067194694259570, 104.3456841856432789 ) ) ;
#5856 = CARTESIAN_POINT ( 'NONE',  ( 579.4899579395394085, -5.464386953271549885, -24.01598843100034131 ) ) ;
#5857 = CARTESIAN_POINT ( 'NONE',  ( 676.9138695915274866, 11.31804780782514541, -56.93691396593001031 ) ) ;
#5858 = CARTESIAN_POINT ( 'NONE',  ( 1369.296724235845204, 726.3127172200049699, -40.10200829750306895 ) ) ;
#5859 = CARTESIAN_POINT ( 'NONE',  ( 843.7239246833258903, 115.2065588563931584, 30.93206709341029281 ) ) ;
#5860 = CARTESIAN_POINT ( 'NONE',  ( 1280.339041190963144, 646.8533796473665234, 70.24659028784166992 ) ) ;
#5861 = CARTESIAN_POINT ( 'NONE',  ( 579.5130310163652894, -8.632763489748953134, -37.06833213558343942 ) ) ;
#5862 = CARTESIAN_POINT ( 'NONE',  ( 579.5121951614995623, -8.502571583767746688, -39.39384756069926397 ) ) ;
#5863 = CARTESIAN_POINT ( 'NONE',  ( 1371.090523351261709, 1016.810054709064389, 100.7266337165773251 ) ) ;
#5864 = CARTESIAN_POINT ( 'NONE',  ( 1270.468723444994566, 668.2557028641761008, 102.6392207820747444 ) ) ;
#5865 = CARTESIAN_POINT ( 'NONE',  ( 1167.298867061967712, 475.9813724607496397, 101.3726953451043471 ) ) ;
#5866 = CARTESIAN_POINT ( 'NONE',  ( 1462.062178644468531, 915.1666128642833655, -73.91353028779204237 ) ) ;
#5867 = CARTESIAN_POINT ( 'NONE',  ( 893.8055908975250077, 173.0594849120001015, 53.82965161616471761 ) ) ;
#5868 = CARTESIAN_POINT ( 'NONE',  ( 846.1725314831288642, 95.28904891208777883, -15.24161974135237330 ) ) ;
#5869 = CARTESIAN_POINT ( 'NONE',  ( 1305.847727463284627, 443.1258713517387946, -140.8556038709379834 ) ) ;
#5870 = CARTESIAN_POINT ( 'NONE',  ( 892.4330401904081782, 182.1313410745054284, 94.80735249990962643 ) ) ;
#5871 = CARTESIAN_POINT ( 'NONE',  ( 790.2832880453134976, 68.68747382528422918, -40.66857560680463024 ) ) ;
#5872 = CARTESIAN_POINT ( 'NONE',  ( 1259.707085864617056, 691.5903632132358325, 137.8633469701580907 ) ) ;
#5873 = CARTESIAN_POINT ( 'NONE',  ( 893.1981974540193505, 177.0575589529127001, 66.51440861380906711 ) ) ;
#5874 = CARTESIAN_POINT ( 'NONE',  ( 560.0000000000000000, -2.178138177646740559, 1.449686675750075260 ) ) ;
#5875 = CARTESIAN_POINT ( 'NONE',  ( 1398.996850067263267, 671.6550965184824236, -96.18451537543752750 ) ) ;
#5876 = CARTESIAN_POINT ( 'NONE',  ( 952.3304366496769262, 172.9612850412016201, 1.058496136343019201 ) ) ;
#5877 = CARTESIAN_POINT ( 'NONE',  ( 1469.004343748059910, 868.0771571455642288, -100.9340355015480100 ) ) ;
#5878 = B_SPLINE_CURVE_WITH_KNOTS ( 'NONE', 3,
 ( #2528, #4547, #2029, #6059, #1531, #3553, #159, #5099, #5592, #3184, #5201, #3117, #690, #2186, #2715, #660, #127, #1161, #6221, #6188, #63, #2684, #3649, #94, #3085, #4076, #1095, #1563, #5624 ),
 .UNSPECIFIED., .F., .F.,
 ( 4, 1, 1, 1, 1, 1, 1, 1, 1, 1, 1, 1, 1, 1, 1, 1, 1, 1, 1, 1, 1, 1, 1, 1, 1, 1, 4 ),
 ( 0.2496000046253040450, 0.2501398085432950946, 0.2709854140072764928, 0.2918310284006890853, 0.3126766314469512364, 0.3335222319023430360, 0.3543678437352579258, 0.3752134204195546885, 0.3960590051693450020, 0.4169045442276367308, 0.4377500649794845433, 0.4585954223046311284, 0.4794401307142193147, 0.5002319373581548545, 0.5198737226734261307, 0.5407193586329009927, 0.5615650009807255927, 0.5824106398404677032, 0.6032562820871952836, 0.6241019207634838084, 0.6449475632341614695, 0.6657932000874258183, 0.6866388429365302137, 0.7074844848608723424, 0.7283301232991951091, 0.7491757661938952539, 0.7496000000000144770 ),
 .UNSPECIFIED. ) ;
#5879 = CARTESIAN_POINT ( 'NONE',  ( 1289.833436091086014, 481.0288537984443451, -83.68023178750793534 ) ) ;
#5880 = CARTESIAN_POINT ( 'NONE',  ( 787.2568476747794648, 100.8584233716459835, 66.60177009790238856 ) ) ;
#5881 = CARTESIAN_POINT ( 'NONE',  ( 1221.457059813086744, 642.8499956397126880, 155.6051227500967400 ) ) ;
#5882 = CARTESIAN_POINT ( 'NONE',  ( 1441.592600772297374, 720.4975622385145471, -137.4398656084563015 ) ) ;
#5883 = CARTESIAN_POINT ( 'NONE',  ( 1224.616750534689572, 635.3804517461214800, 155.5313699477525802 ) ) ;
#5884 = CARTESIAN_POINT ( 'NONE',  ( 731.9279990986228768, 70.73585610741955065, 31.04253898477933049 ) ) ;
#5885 = CARTESIAN_POINT ( 'NONE',  ( 1044.454710590222248, 293.3505892950563521, 33.55934660282115800 ) ) ;
#5886 = CARTESIAN_POINT ( 'NONE',  ( 1295.126302425526546, 614.7887726920084788, 21.63168513854422415 ) ) ;
#5887 = CARTESIAN_POINT ( 'NONE',  ( 1307.186555019171237, 840.6594687350983577, 131.5576237758309048 ) ) ;
#5888 = CARTESIAN_POINT ( 'NONE',  ( 957.6224025463993712, 144.0273754539921356, -59.08518271022725088 ) ) ;
#5889 = CARTESIAN_POINT ( 'NONE',  ( 579.4989483295478294, -6.629671684551504462, -40.38121254523667147 ) ) ;
#5890 = CARTESIAN_POINT ( 'NONE',  ( 1231.786011107512195, 466.4861465038022743, -37.74522586220532361 ) ) ;
#5891 = CARTESIAN_POINT ( 'NONE',  ( 1046.682336738224876, 284.3941186998641228, 48.29131085859511785 ) ) ;
#5892 = CARTESIAN_POINT ( 'NONE',  ( 579.4524843211080452, -0.1527601306185923102, -29.52791467133764414 ) ) ;
#5893 = CARTESIAN_POINT ( 'NONE',  ( 1045.627606785510579, 288.6702275142187659, 56.17918148917061671 ) ) ;
#5894 = CARTESIAN_POINT ( 'NONE',  ( 1068.101006028233314, 197.5331229849661554, -113.3013086572572092 ) ) ;
#5895 = CARTESIAN_POINT ( 'NONE',  ( 618.7597719263561657, -3.996998359306939808, -47.64133877319566324 ) ) ;
#5896 = CARTESIAN_POINT ( 'NONE',  ( 1247.652597811424585, 717.7235631462474430, 168.7467362616739308 ) ) ;
#5897 = CARTESIAN_POINT ( 'NONE',  ( 1344.083108755131889, 886.9704809776694674, 105.9060765787505858 ) ) ;
#5898 = CARTESIAN_POINT ( 'NONE',  ( 1165.447372155479798, 481.2855652590955629, 110.1308353948261640 ) ) ;
#5899 = CARTESIAN_POINT ( 'NONE',  ( 1040.258688585812479, 310.3775724129513378, 70.21901259736584677 ) ) ;
#5900 = CARTESIAN_POINT ( 'NONE',  ( 1311.620065285990449, 579.0235634654025034, -32.27455423519275257 ) ) ;
#5901 = CARTESIAN_POINT ( 'NONE',  ( 1013.837406868419521, 166.0253728760411889, -93.48831860040968422 ) ) ;
#5902 = CARTESIAN_POINT ( 'NONE',  ( 1118.898514857109831, 444.7558784436278643, 142.0230883879928001 ) ) ;
#5903 = CARTESIAN_POINT ( 'NONE',  ( 1320.454763960382934, 559.8403348855036938, -82.16553888976528697 ) ) ;
#5904 = CARTESIAN_POINT ( 'NONE',  ( 579.3599920599829147, 12.53186199998685879, 33.36198318071142666 ) ) ;
#5905 = CARTESIAN_POINT ( 'NONE',  ( 675.3198084967558543, 49.38330925702716456, 45.00854772827113948 ) ) ;
#5906 = LOCAL_TIME ( 21, 40, 34.00000000000000000, #3063 ) ;
#5907 = CARTESIAN_POINT ( 'NONE',  ( 1387.760768872770086, 812.4038504461533421, 0.03928060653338085600 ) ) ;
#5908 = CARTESIAN_POINT ( 'NONE',  ( 903.7005944328531086, 108.2509718273044541, -59.54523480963170812 ) ) ;
#5909 = CARTESIAN_POINT ( 'NONE',  ( 579.4405839013303421, 1.347737154145782323, 0.7400675063968115142 ) ) ;
#5910 = CARTESIAN_POINT ( 'NONE',  ( 961.2942236199750141, 123.9214834265316227, -105.9608594023159753 ) ) ;
#5911 = CARTESIAN_POINT ( 'NONE',  ( 1282.668012965423486, 497.9567733309636992, -80.05473621024934516 ) ) ;
#5912 = CARTESIAN_POINT ( 'NONE',  ( 1448.355774213599261, 935.4082215270830147, -42.15653436307015767 ) ) ;
#5913 = CARTESIAN_POINT ( 'NONE',  ( 790.2832880453134976, 68.68747382528422918, -40.66857560680463024 ) ) ;
#5914 = CARTESIAN_POINT ( 'NONE',  ( 1283.122104302243315, 769.1578968043610303, 149.7717715998368533 ) ) ;
#5915 = CARTESIAN_POINT ( 'NONE',  ( 579.3277834787216989, 17.04096847613355692, 37.37983439021992638 ) ) ;
#5916 = CARTESIAN_POINT ( 'NONE',  ( 791.4040746103961510, 56.85732693693061890, -61.89782438702257394 ) ) ;
#5917 = CARTESIAN_POINT ( 'NONE',  ( 840.7077382461426396, 139.7058061541829090, 82.29193935056616738 ) ) ;
#5918 = CARTESIAN_POINT ( 'NONE',  ( 1361.629235081995148, 857.0007894193050788, 42.42788178217086426 ) ) ;
#5919 = CARTESIAN_POINT ( 'NONE',  ( 1152.331803070357637, 338.2619168724049246, -35.66886861962034061 ) ) ;
#5920 = CARTESIAN_POINT ( 'NONE',  ( 1392.902582103656414, 550.0827070491103541, -173.1916355123851474 ) ) ;
#5921 = CARTESIAN_POINT ( 'NONE',  ( 959.7336829217888408, 132.4324646287868461, -97.30357178324642575 ) ) ;
#5922 = CARTESIAN_POINT ( 'NONE',  ( 1362.380288310138894, 739.0623244081642724, -0.002137438370221778766 ) ) ;
#5923 = CARTESIAN_POINT ( 'NONE',  ( 618.2050917957511729, 28.19584865587903622, 40.27343265966792529 ) ) ;
#5924 = CARTESIAN_POINT ( 'NONE',  ( 1211.125202013566877, 350.4086024174816316, -105.1036840756624287 ) ) ;
#5925 = CARTESIAN_POINT ( 'NONE',  ( 1014.474477519883294, 163.0130525251032054, -110.3507628225477504 ) ) ;
#5926 = CARTESIAN_POINT ( 'NONE',  ( 1188.309015921928676, 415.7363940465309611, -26.47610301477763883 ) ) ;
#5927 = CARTESIAN_POINT ( 'NONE',  ( 733.0267187460570995, 54.59505072147194937, 20.00465083146524492 ) ) ;
#5928 = CARTESIAN_POINT ( 'NONE',  ( 999.1404855669537710, 234.6057520990478906, 41.03401050597524602 ) ) ;
#5929 = CARTESIAN_POINT ( 'NONE',  ( 1192.195638164388583, 569.2925804893581017, 139.7190999414411294 ) ) ;
#5930 = CARTESIAN_POINT ( 'NONE',  ( 618.7559454766931140, -3.677235118463952457, -43.22965921546595780 ) ) ;
#5931 = CARTESIAN_POINT ( 'NONE',  ( 961.2282223808748540, 124.2950507159061573, -102.1246840429181191 ) ) ;
#5932 = CARTESIAN_POINT ( 'NONE',  ( 1302.205586027218033, 731.0760395757241668, 92.64765426001974902 ) ) ;
#5933 = CARTESIAN_POINT ( 'NONE',  ( 1086.337834503639897, 357.6906766217354630, 89.91496513012528169 ) ) ;
#5934 = CARTESIAN_POINT ( 'NONE',  ( 1064.084554278235828, 213.7727712024234847, -101.5343155069797092 ) ) ;
#5935 = CARTESIAN_POINT ( 'NONE',  ( 1388.797663237839288, 989.9128511770637715, 57.57004667399692011 ) ) ;
#5936 = CARTESIAN_POINT ( 'NONE',  ( 1006.728891292250296, 199.2010865656982048, -28.25502491079556577 ) ) ;
#5937 = CARTESIAN_POINT ( 'NONE',  ( 959.9185651092445823, 131.4683267438482233, -85.42358260972366679 ) ) ;
#5938 = CARTESIAN_POINT ( 'NONE',  ( 1276.059341240222693, 783.2506112629980635, 167.4108639086136918 ) ) ;
#5939 = CARTESIAN_POINT ( 'NONE',  ( 618.5034886363366695, 10.51770743389600860, -26.27602259624989145 ) ) ;
#5940 = CARTESIAN_POINT ( 'NONE',  ( 788.3124004501950139, 89.53157221092378393, 5.992881580658471208 ) ) ;
#5941 = CARTESIAN_POINT ( 'NONE',  ( 841.4139489319111362, 133.9735536437671612, 71.21043350111665404 ) ) ;
#5942 = CARTESIAN_POINT ( 'NONE',  ( 1255.566958710230892, 700.5528547808441999, 135.3156557324267055 ) ) ;
#5943 = CARTESIAN_POINT ( 'NONE',  ( 560.0000000000000000, 6.074773918627272451, -1.621313012603842418 ) ) ;
#5944 = CARTESIAN_POINT ( 'NONE',  ( 1369.044228651808908, 597.6966818525116878, -103.0002519117651616 ) ) ;
#5945 = CARTESIAN_POINT ( 'NONE',  ( 1096.631339099292973, 320.8343659205962695, -6.666354868857237825 ) ) ;
#5946 = CARTESIAN_POINT ( 'NONE',  ( 1312.507193822597401, 427.3584456728325449, -166.3638208828577660 ) ) ;
#5947 = CARTESIAN_POINT ( 'NONE',  ( 1423.381657337427214, 751.5932213685706529, -85.23073986394004464 ) ) ;
#5948 = CARTESIAN_POINT ( 'NONE',  ( 1109.505524688852347, 274.8314672680914441, -81.21163838286783232 ) ) ;
#5949 = CARTESIAN_POINT ( 'NONE',  ( 1391.718006689731737, 1019.050837760617128, 73.09792063507906335 ) ) ;
#5950 = CARTESIAN_POINT ( 'NONE',  ( 942.2356368681683989, 228.1011319181510260, 101.3901148962016805 ) ) ;
#5951 = CARTESIAN_POINT ( 'NONE',  ( 1011.256929887142974, 178.0072174583081051, -90.18200200397652111 ) ) ;
#5952 = CARTESIAN_POINT ( 'NONE',  ( 787.0941540526283688, 102.5727273822477201, 70.19305517964467356 ) ) ;
#5953 = CARTESIAN_POINT ( 'NONE',  ( 787.1639818354346971, 101.7242085244412664, 43.02757699632820731 ) ) ;
#5954 = CARTESIAN_POINT ( 'NONE',  ( 1435.232653266265061, 954.7884375414520264, -15.75560537034701269 ) ) ;
#5955 = CARTESIAN_POINT ( 'NONE',  ( 1069.111530847814038, 193.4133717805318611, -125.8715296835766537 ) ) ;
#5956 = CARTESIAN_POINT ( 'NONE',  ( 1420.493613078539965, 976.5550419817318470, 14.16336461850209361 ) ) ;
#5957 = CARTESIAN_POINT ( 'NONE',  ( 1121.915367096665250, 435.1252759164875101, 111.7334545340281551 ) ) ;
#5958 = CARTESIAN_POINT ( 'NONE',  ( 618.7217234019014995, -1.616280017673748848, -35.35569403315187031 ) ) ;
#5959 = CARTESIAN_POINT ( 'NONE',  ( 1092.637078600068662, 335.1113236563122655, 18.86184312833665544 ) ) ;
#5960 = CARTESIAN_POINT ( 'NONE',  ( 1350.296111234445561, 495.1467931632378736, -163.3261209288973248 ) ) ;
#5961 = CARTESIAN_POINT ( 'NONE',  ( 949.7986245676123644, 186.6935203086073614, -5.227718829051185345 ) ) ;
#5962 = CARTESIAN_POINT ( 'NONE',  ( 1253.955113518843973, 565.9461832726059356, 47.47874177757960013 ) ) ;
#5963 = CARTESIAN_POINT ( 'NONE',  ( 847.1019784036820965, 87.60096026935565305, -59.60314022704827153 ) ) ;
#5964 = CARTESIAN_POINT ( 'NONE',  ( 676.0025279977564878, 33.30785322252320668, 20.94782267004869425 ) ) ;
#5965 = CARTESIAN_POINT ( 'NONE',  ( 1158.034025473002202, 502.5069807413868830, 130.5638706900616910 ) ) ;
#5966 = CARTESIAN_POINT ( 'NONE',  ( 1068.376164783972172, 196.4155988139631575, -115.6491942539294797 ) ) ;
#5967 = CARTESIAN_POINT ( 'NONE',  ( 1267.815967159864613, 372.9791400999667417, -159.9632973433441521 ) ) ;
#5968 = CARTESIAN_POINT ( 'NONE',  ( 842.9754295785688782, 121.2904167805162388, 44.41331858612334571 ) ) ;
#5969 = CARTESIAN_POINT ( 'NONE',  ( 1296.657194309344277, 742.1480115485372835, 109.0143387267264359 ) ) ;
#5970 = CARTESIAN_POINT ( 'NONE',  ( 618.5928320033286809, 5.392193831981193952, -37.13219996063571671 ) ) ;
#5971 = CARTESIAN_POINT ( 'NONE',  ( 841.3781295296943199, 134.1587795150277884, 44.65390249261766087 ) ) ;
#5972 = CARTESIAN_POINT ( 'NONE',  ( 955.2727806206546575, 156.8752052439467377, -32.35355599999540743 ) ) ;
#5973 = CARTESIAN_POINT ( 'NONE',  ( 1466.808133724761547, 798.6185614621501827, -122.3378091699794794 ) ) ;
#5974 = CARTESIAN_POINT ( 'NONE',  ( 1323.000963597740792, 922.9619341221717832, 154.7892675237222591 ) ) ;
#5975 = CARTESIAN_POINT ( 'NONE',  ( 1396.703347761620307, 908.8371065109561187, 10.67376013176811078 ) ) ;
#5976 = CARTESIAN_POINT ( 'NONE',  ( 1383.445082689966057, 998.0432138562920272, 80.32462933020956086 ) ) ;
#5977 = CARTESIAN_POINT ( 'NONE',  ( 675.3122023932475031, 49.57745050794768105, 46.89157668783446553 ) ) ;
#5978 = CARTESIAN_POINT ( 'NONE',  ( 560.0000000000000000, -10.30278549301016788, -31.21660317777073246 ) ) ;
#5979 = CARTESIAN_POINT ( 'NONE',  ( 1295.638286787335346, 467.2901042566730325, -104.5360707713672639 ) ) ;
#5980 = CARTESIAN_POINT ( 'NONE',  ( 1100.403480840508792, 307.4239156207299288, 0.7403398250178881979 ) ) ;
#5981 = CARTESIAN_POINT ( 'NONE',  ( 579.3618157361053136, 12.27756065283307585, 32.73020833860875456 ) ) ;
#5982 = CARTESIAN_POINT ( 'NONE',  ( 675.5210750829888866, 44.73973280491043170, 49.49632164945758461 ) ) ;
#5983 = CARTESIAN_POINT ( 'NONE',  ( 560.0000000000006821, 11.44882229395888551, 34.27671266027562780 ) ) ;
#5984 = CARTESIAN_POINT ( 'NONE',  ( 1114.142353749466565, 258.2677550317325768, -105.1721222034118313 ) ) ;
#5985 = CARTESIAN_POINT ( 'NONE',  ( 1038.008665051866274, 319.5531755701540533, 112.8429856023897457 ) ) ;
#5986 = CARTESIAN_POINT ( 'NONE',  ( 1040.848698777194159, 307.9826424723228797, 64.73578140691878957 ) ) ;
#5987 = CARTESIAN_POINT ( 'NONE',  ( 579.4621247227210006, -1.628012849751799829, -9.653883690546219754 ) ) ;
#5988 = CARTESIAN_POINT ( 'NONE',  ( 1427.204758872367393, 619.7256767693841084, -170.5478745179900955 ) ) ;
#5989 = CARTESIAN_POINT ( 'NONE',  ( 959.5179000500814936, 133.6095614148571826, -95.77569296491854800 ) ) ;
#5990 = CARTESIAN_POINT ( 'NONE',  ( 1403.106118405013831, 1002.232882190167174, 49.58390234294353149 ) ) ;
#5991 = CARTESIAN_POINT ( 'NONE',  ( 559.9999999999998863, 11.48119008403529229, 29.86560250115164905 ) ) ;
#5992 = CARTESIAN_POINT ( 'NONE',  ( 1298.549489000785115, 460.3994446578115571, -114.9319702985577294 ) ) ;
#5993 = CARTESIAN_POINT ( 'NONE',  ( 1392.591609251765703, 915.3022774722314807, 19.65935571432226681 ) ) ;
#5994 = CARTESIAN_POINT ( 'NONE',  ( 1388.387572534592664, 559.0875333145094146, -164.8487812898360119 ) ) ;
#5995 = CARTESIAN_POINT ( 'NONE',  ( 1404.983834927987800, 895.8172818964605995, -7.202901005971820148 ) ) ;
#5996 = CARTESIAN_POINT ( 'NONE',  ( 579.4149388823356048, 4.897140492401456768, 12.37361974350936045 ) ) ;
#5997 = CARTESIAN_POINT ( 'NONE',  ( 618.4577274477029505, 13.91577048915836201, 16.48107757912341853 ) ) ;
#5998 = CARTESIAN_POINT ( 'NONE',  ( 675.3009759334959199, 49.88145134573787942, 51.53063382620249655 ) ) ;
#5999 = VERTEX_POINT ( 'NONE', #6421 ) ;
#6000 = CARTESIAN_POINT ( 'NONE',  ( 1015.263565205015084, 159.3675626140444308, -106.6632341280154037 ) ) ;
#6001 = CARTESIAN_POINT ( 'NONE',  ( 734.9408432965823295, 26.00041497481767649, -66.83508288753483839 ) ) ;
#6002 = CARTESIAN_POINT ( 'NONE',  ( 788.3071755372874350, 89.76573376474145505, 41.89479243759235061 ) ) ;
#6003 = CARTESIAN_POINT ( 'NONE',  ( 1373.004398523654345, 946.1094177555255555, 81.10254254595515988 ) ) ;
#6004 = CARTESIAN_POINT ( 'NONE',  ( 1162.248058770891248, 306.6310417896535796, -108.0445400718034534 ) ) ;
#6005 = CARTESIAN_POINT ( 'NONE',  ( 1199.757572522741157, 549.6480694647761993, 100.0825482717230130 ) ) ;
#6006 = CARTESIAN_POINT ( 'NONE',  ( 1119.436986977930928, 239.3892352337820739, -119.6935178426113850 ) ) ;
#6007 = CARTESIAN_POINT ( 'NONE',  ( 1036.842591305499809, 324.2780352224098124, 119.6361369783392092 ) ) ;
#6008 = CARTESIAN_POINT ( 'NONE',  ( 1382.638749575974771, 999.2680243749800866, 81.98431828378019759 ) ) ;
#6009 = CARTESIAN_POINT ( 'NONE',  ( 1380.309700649015667, 1002.806153970382297, 77.63758167387366882 ) ) ;
#6010 = COORDINATED_UNIVERSAL_TIME_OFFSET ( 5, 30, .AHEAD. ) ;
#6011 = CARTESIAN_POINT ( 'NONE',  ( 1141.552999984609414, 372.5425271119122499, -7.145335320479890839 ) ) ;
#6012 = CARTESIAN_POINT ( 'NONE',  ( 841.6530964700201594, 132.0316195082464787, 67.18355660425483222 ) ) ;
#6013 = CARTESIAN_POINT ( 'NONE',  ( 1161.249120877477935, 493.3129512885601571, 130.1112080369628927 ) ) ;
#6014 = CARTESIAN_POINT ( 'NONE',  ( 1036.068764191827768, 327.3970521280798494, 114.4994869523397654 ) ) ;
#6015 = CARTESIAN_POINT ( 'NONE',  ( 579.4567598823692833, -0.7458671202664849398, -30.71963442221258944 ) ) ;
#6016 = CARTESIAN_POINT ( 'NONE',  ( 1281.435340514368818, 772.5240122735160639, 155.1465415158051258 ) ) ;
#6017 = CARTESIAN_POINT ( 'NONE',  ( 894.3035726343491660, 169.7848279735882784, 44.38291998688978168 ) ) ;
#6018 = CARTESIAN_POINT ( 'NONE',  ( 1418.161976828675733, 875.1052810491812579, -17.83535003974408895 ) ) ;
#6019 = CARTESIAN_POINT ( 'NONE',  ( 1383.369483404733955, 569.0988091038950643, -153.8345337786078062 ) ) ;
#6020 = CARTESIAN_POINT ( 'NONE',  ( 1407.125101399959021, 996.2976508597006386, 31.04455773161450693 ) ) ;
#6021 = CARTESIAN_POINT ( 'NONE',  ( 618.2063206748507582, 28.09830045151915101, 38.66465307918257821 ) ) ;
#6022 = CARTESIAN_POINT ( 'NONE',  ( 1164.054774693673608, 300.9136014656818361, -99.03356285414676563 ) ) ;
#6023 = CARTESIAN_POINT ( 'NONE',  ( 579.4884702705561494, -5.168669643039021544, -38.31016456484938715 ) ) ;
#6024 = CARTESIAN_POINT ( 'NONE',  ( 1035.365244479411103, 330.2611274983472640, 125.0770592325385024 ) ) ;
#6025 = CARTESIAN_POINT ( 'NONE',  ( 579.3753484271743446, 10.55617055223450151, -1.817142830582235691 ) ) ;
#6026 = CARTESIAN_POINT ( 'NONE',  ( 1137.375278724473219, 385.9086192393294823, 46.05988596836985494 ) ) ;
#6027 = CARTESIAN_POINT ( 'NONE',  ( 1315.132271944557942, 705.2803220138980578, 54.48931658144182677 ) ) ;
#6028 = CARTESIAN_POINT ( 'NONE',  ( 1224.292395976012131, 636.1351384829554263, 142.4198804764494071 ) ) ;
#6029 = ORIENTED_EDGE ( 'NONE', *, *, #6468, .T. ) ;
#6030 = CARTESIAN_POINT ( 'NONE',  ( 1120.140947349068711, 236.8704863133888807, -124.4501609786897518 ) ) ;
#6031 = CARTESIAN_POINT ( 'NONE',  ( 734.9522824183077319, 25.83409101642815742, -66.73462336596476518 ) ) ;
#6032 = CARTESIAN_POINT ( 'NONE',  ( 1044.566688307543018, 292.9711792281088947, 64.05065500386992028 ) ) ;
#6033 = CARTESIAN_POINT ( 'NONE',  ( 1064.466148019874481, 212.2767441891539022, -86.08278048694000972 ) ) ;
#6034 = CARTESIAN_POINT ( 'NONE',  ( 1298.508905635964311, 738.4528683991386515, 103.5530711959718673 ) ) ;
#6035 = CARTESIAN_POINT ( 'NONE',  ( 1336.604116533666911, 524.8282083509952827, -128.1374412137833190 ) ) ;
#6036 = CARTESIAN_POINT ( 'NONE',  ( 675.3564303879087447, 48.46830512256914858, 38.25598278666271312 ) ) ;
#6037 = CARTESIAN_POINT ( 'NONE',  ( 1263.385155527412735, 384.4907311510081627, -139.8978451241254675 ) ) ;
#6038 = CARTESIAN_POINT ( 'NONE',  ( 1289.286940365374676, 756.8555103210483139, 130.8246546133413233 ) ) ;
#6039 = CARTESIAN_POINT ( 'NONE',  ( 1194.486007099317476, 563.3416313953086956, 126.9002303970353864 ) ) ;
#6040 = CARTESIAN_POINT ( 'NONE',  ( 944.5906268874109628, 215.2523742535254883, 85.72867444046450203 ) ) ;
#6041 = CARTESIAN_POINT ( 'NONE',  ( 1380.353617245529676, 1002.739157717306398, 86.89379298298793231 ) ) ;
#6042 = CARTESIAN_POINT ( 'NONE',  ( 1371.090523351261709, 1016.810054709064389, 100.7266337165773251 ) ) ;
#6043 = CARTESIAN_POINT ( 'NONE',  ( 1408.052640503985458, 654.9735802912107374, -132.4554052643059663 ) ) ;
#6044 = CARTESIAN_POINT ( 'NONE',  ( 1122.506917109006736, 433.2668746822513981, 127.2716270480399601 ) ) ;
#6045 = CARTESIAN_POINT ( 'NONE',  ( 1205.275311803924978, 535.3176702350269807, 73.81675025021593228 ) ) ;
#6046 = CARTESIAN_POINT ( 'NONE',  ( 676.4522503514655227, 22.56305171764460837, -10.00686820103070396 ) ) ;
#6047 = CARTESIAN_POINT ( 'NONE',  ( 1015.726324258044770, 157.1849141336859077, -116.0809712065298527 ) ) ;
#6048 = CARTESIAN_POINT ( 'NONE',  ( 898.7635470025966242, 140.5150511815998584, -22.70510681805970421 ) ) ;
#6049 = CARTESIAN_POINT ( 'NONE',  ( 618.6708407577069693, 0.9483630447836179922, -44.79979842551608016 ) ) ;
#6050 = CARTESIAN_POINT ( 'NONE',  ( 899.5235140921829498, 135.6599107276570919, 1.133441576290972641 ) ) ;
#6051 = CARTESIAN_POINT ( 'NONE',  ( 1281.253974691180247, 772.8735918645373886, 139.2800509763390551 ) ) ;
#6052 = CARTESIAN_POINT ( 'NONE',  ( 1164.893388521871429, 298.2417790121618850, -103.5119495367510183 ) ) ;
#6053 = CARTESIAN_POINT ( 'NONE',  ( 734.6059610528058101, 30.94744557139420849, -61.41634828974544291 ) ) ;
#6054 = CARTESIAN_POINT ( 'NONE',  ( 1384.701346511225893, 1029.413036699771510, 83.45792172322157398 ) ) ;
#6055 = CARTESIAN_POINT ( 'NONE',  ( 788.4910552931903567, 87.63924822510118418, 1.149102098065390321 ) ) ;
#6056 = CARTESIAN_POINT ( 'NONE',  ( 676.0584635406006555, 31.97496359305167957, 17.33118013684283554 ) ) ;
#6057 = CARTESIAN_POINT ( 'NONE',  ( 949.6636403461039890, 187.5378237990734931, 31.07795384165665098 ) ) ;
#6058 = CARTESIAN_POINT ( 'NONE',  ( 1389.276956321570196, 1022.655779270088715, 71.60799291214949847 ) ) ;
#6059 = CARTESIAN_POINT ( 'NONE',  ( 1427.987506202104441, 965.4880657566302489, -11.46961832132689096 ) ) ;
#6060 = CARTESIAN_POINT ( 'NONE',  ( 1170.872513418211383, 279.1884029399780047, -135.9743342248172553 ) ) ;
#6061 = CARTESIAN_POINT ( 'NONE',  ( 1475.662204524232948, 784.6968418058750103, -142.1598785234589286 ) ) ;
#6062 = CARTESIAN_POINT ( 'NONE',  ( 676.2231454334328191, 27.68358367552984589, -27.74951879599426974 ) ) ;
#6063 = CARTESIAN_POINT ( 'NONE',  ( 1088.368475061292656, 350.4347376526115454, 77.20848859852547719 ) ) ;
#6064 = CARTESIAN_POINT ( 'NONE',  ( 1326.073011215033830, 805.9009664163503430, 96.67345104854088333 ) ) ;
#6065 = CARTESIAN_POINT ( 'NONE',  ( 1198.694175556415530, 552.4101744828069513, 105.3541409036901371 ) ) ;
#6066 = CARTESIAN_POINT ( 'NONE',  ( 1169.055591868248712, 284.9811113848149375, -125.6254120462040049 ) ) ;
#6067 = CARTESIAN_POINT ( 'NONE',  ( 1337.862260398358785, 897.5908479504894331, 121.0385849828977030 ) ) ;
#6068 = CARTESIAN_POINT ( 'NONE',  ( 1225.889216901554391, 632.3533562584416359, 134.6188121791065555 ) ) ;
#6069 = CALENDAR_DATE ( 2026, 19, 9 ) ;
#6070 = CARTESIAN_POINT ( 'NONE',  ( 1083.948857110512563, 366.2264616790398577, 104.7403763265373868 ) ) ;
#6071 = CARTESIAN_POINT ( 'NONE',  ( 1258.136115105849512, 694.9968129739019105, 143.2270636717644550 ) ) ;
#6072 = CARTESIAN_POINT ( 'NONE',  ( 840.2179046718678137, 143.6741714132935783, 85.75836693330489879 ) ) ;
#6073 = CARTESIAN_POINT ( 'NONE',  ( 1369.099943421186254, 597.5680603589860311, -119.1794381657553146 ) ) ;
#6074 = CARTESIAN_POINT ( 'NONE',  ( 579.3499913820581924, 13.92569472099199501, 36.99016239584371846 ) ) ;
#6075 = CARTESIAN_POINT ( 'NONE',  ( 993.1974091322355207, 262.2619743388219149, 68.67270517464881152 ) ) ;
#6076 = CARTESIAN_POINT ( 'NONE',  ( 1321.569002792566380, 557.4502305952954657, -64.51999517833975517 ) ) ;
#6077 = CARTESIAN_POINT ( 'NONE',  ( 792.3878316522768728, 46.48851251051342359, -76.22862317107636443 ) ) ;
#6078 = CARTESIAN_POINT ( 'NONE',  ( 1052.836153562059508, 259.3617359003782212, -29.64243472441450322 ) ) ;
#6079 = CARTESIAN_POINT ( 'NONE',  ( 1403.609744722066125, 663.1513188484848342, -122.4610413357233654 ) ) ;
#6080 = CARTESIAN_POINT ( 'NONE',  ( 1192.549861237229379, 403.5865443589309507, -45.35435870496370114 ) ) ;
#6081 = CARTESIAN_POINT ( 'NONE',  ( 1302.816004807672016, 598.1143930906943069, -3.536968088432670854 ) ) ;
#6082 = CARTESIAN_POINT ( 'NONE',  ( 579.3279362207114218, 17.03480131172674561, 34.57456041947062886 ) ) ;
#6083 = CARTESIAN_POINT ( 'NONE',  ( 676.9151944351735892, 11.44191273988534974, -44.91739156343549411 ) ) ;
#6084 = CARTESIAN_POINT ( 'NONE',  ( 1331.937285196806215, 671.7206776188260164, -19.26019826604690621 ) ) ;
#6085 = CARTESIAN_POINT ( 'NONE',  ( 1261.840115432442190, 388.4798979431631665, -144.9452406711922379 ) ) ;
#6086 = CARTESIAN_POINT ( 'NONE',  ( 1035.315661135095979, 330.4611443720685315, 124.7877068133603728 ) ) ;
#6087 = CARTESIAN_POINT ( 'NONE',  ( 1096.627809243171896, 320.8469243697397815, -6.674171418800431965 ) ) ;
#6088 = CARTESIAN_POINT ( 'NONE',  ( 1050.871562136937428, 267.4083202285534071, 16.68315783043917122 ) ) ;
#6089 = CARTESIAN_POINT ( 'NONE',  ( 1407.559901359703645, 961.4124923186303704, 29.58863953078583720 ) ) ;
#6090 = CARTESIAN_POINT ( 'NONE',  ( 1190.320668330576609, 574.1638387978331366, 149.6900200778511305 ) ) ;
#6091 = CARTESIAN_POINT ( 'NONE',  ( 560.0000000000000000, 11.64358327097535728, 38.26968878444093747 ) ) ;
#6092 = CARTESIAN_POINT ( 'NONE',  ( 1466.918494582300809, 871.2453213149657358, -93.69920980832027624 ) ) ;
#6093 = CARTESIAN_POINT ( 'NONE',  ( 961.2942236199750141, 123.9214834265316227, -105.9608594023159753 ) ) ;
#6094 = CARTESIAN_POINT ( 'NONE',  ( 1392.681058668881633, 683.2675244266044956, -97.12248845444543122 ) ) ;
#6095 = CARTESIAN_POINT ( 'NONE',  ( 1245.382481438586638, 586.2354076468793664, 79.02786289490889260 ) ) ;
#6096 = CARTESIAN_POINT ( 'NONE',  ( 1239.660008052559306, 599.7787449107718203, 100.0484122072616771 ) ) ;
#6097 = CARTESIAN_POINT ( 'NONE',  ( 992.5711666457639240, 265.1889837129156717, 76.30823523212860948 ) ) ;
#6098 = CARTESIAN_POINT ( 'NONE',  ( 559.9999999999998863, -10.80420424896699494, -32.64159063165952546 ) ) ;
#6099 = CARTESIAN_POINT ( 'NONE',  ( 1336.783258393350252, 899.4329494920879142, 123.5975391056056623 ) ) ;
#6100 = CARTESIAN_POINT ( 'NONE',  ( 1352.354534489324124, 978.5741111538119412, 114.7066596174575182 ) ) ;
#6101 = PERSON_AND_ORGANIZATION ( #6180, #1047 ) ;
#6102 = CARTESIAN_POINT ( 'NONE',  ( 841.4907521620878015, 133.3498332709242220, 69.88519655782175732 ) ) ;
#6103 = CARTESIAN_POINT ( 'NONE',  ( 579.3582542052674853, 12.77359316152032953, 33.98052635905806795 ) ) ;
#6104 = CARTESIAN_POINT ( 'NONE',  ( 1319.658619019517118, 928.6652333191588014, 157.2160166085991762 ) ) ;
#6105 = CARTESIAN_POINT ( 'NONE',  ( 956.3533438380188727, 150.8837693823857933, -70.08749208560867316 ) ) ;
#6106 = CARTESIAN_POINT ( 'NONE',  ( 1227.133274034485112, 629.4254577856385140, 147.0969418902149073 ) ) ;
#6107 = CARTESIAN_POINT ( 'NONE',  ( 731.7303589552982430, 73.71108649263621260, 44.21022529183050409 ) ) ;
#6108 = CARTESIAN_POINT ( 'NONE',  ( 1416.363150191453769, 763.5748025551685032, -68.56693829263096518 ) ) ;
#6109 = CARTESIAN_POINT ( 'NONE',  ( 1121.105471766163873, 233.4037600629339408, -135.2944340918701585 ) ) ;
#6110 = CARTESIAN_POINT ( 'NONE',  ( 1365.132431774435418, 733.9785086280038513, -29.57826443168951158 ) ) ;
#6111 = CARTESIAN_POINT ( 'NONE',  ( 957.0725482059402793, 146.9567015217346295, -76.34215681165281353 ) ) ;
#6112 = CARTESIAN_POINT ( 'NONE',  ( 1366.424029745543749, 731.6181708469916884, -10.72908291378962709 ) ) ;
#6113 = CARTESIAN_POINT ( 'NONE',  ( 892.6654155014470007, 180.5701007277848475, 79.31864143411257828 ) ) ;
#6114 = CARTESIAN_POINT ( 'NONE',  ( 579.5056178907705089, -7.614607875336798060, -33.01941318372680456 ) ) ;
#6115 = CARTESIAN_POINT ( 'NONE',  ( 1400.831792481553293, 902.3457224424713559, 1.717061421248263331 ) ) ;
#6116 = CARTESIAN_POINT ( 'NONE',  ( 1167.609917147508440, 289.5601082856323956, -130.3712978627702910 ) ) ;
#6117 = CARTESIAN_POINT ( 'NONE',  ( 1219.981339323260045, 646.3477243353274844, 165.8380637613429940 ) ) ;
#6118 = CARTESIAN_POINT ( 'NONE',  ( 787.9662122734653167, 93.19997176317455967, 15.72603451196686386 ) ) ;
#6119 = CARTESIAN_POINT ( 'NONE',  ( 733.4021271589984963, 49.01056146343431408, 5.272133080436494978 ) ) ;
#6120 = AXIS2_PLACEMENT_3D ( 'NONE', #4107, #6123, #2620 ) ;
#6121 = CARTESIAN_POINT ( 'NONE',  ( 1291.840627865215993, 621.9134641701804185, 32.43704647270443076 ) ) ;
#6122 = CARTESIAN_POINT ( 'NONE',  ( 892.3696516336378863, 182.5241143629911278, 87.63609191094813866 ) ) ;
#6123 = DIRECTION ( 'NONE',  ( 0.8280260531902928767, 0.5606896246927584038, -2.794545617035462080E-14 ) ) ;
#6124 = CARTESIAN_POINT ( 'NONE',  ( 1220.752028343104712, 322.8160806399466765, -151.4704009407846002 ) ) ;
#6125 = CARTESIAN_POINT ( 'NONE',  ( 1220.625021645983225, 323.1760680291042149, -152.9715405427311055 ) ) ;
#6126 = CARTESIAN_POINT ( 'NONE',  ( 900.1654641300002595, 131.3253439690959681, -40.42328007152710967 ) ) ;
#6127 = CARTESIAN_POINT ( 'NONE',  ( 997.5199698207874235, 242.1645940970585684, 55.56591614049945349 ) ) ;
#6128 = CARTESIAN_POINT ( 'NONE',  ( 1243.952322725913064, 589.6201728463377094, 84.28209652543256425 ) ) ;
#6129 = CARTESIAN_POINT ( 'NONE',  ( 675.3821289412594524, 47.83480746458259603, 34.45941089080525188 ) ) ;
#6130 = CARTESIAN_POINT ( 'NONE',  ( 1309.528178405847257, 434.4139086354524011, -153.9649025800094932 ) ) ;
#6131 = CARTESIAN_POINT ( 'NONE',  ( 894.7606355730381438, 166.8871813513393079, 67.33918827839255528 ) ) ;
#6132 = CARTESIAN_POINT ( 'NONE',  ( 786.7316275167418098, 106.3506864420321989, 64.45581395556783377 ) ) ;
#6133 = APPROVAL_STATUS ( 'not_yet_approved' ) ;
#6134 = CARTESIAN_POINT ( 'NONE',  ( 945.0754636424137516, 212.6043380746601770, 80.71787355806260678 ) ) ;
#6135 = CARTESIAN_POINT ( 'NONE',  ( 1356.518095560055826, 972.0324662308635197, 117.2027028911991948 ) ) ;
#6136 = CARTESIAN_POINT ( 'NONE',  ( 1247.652597811424585, 717.7235631462474430, 168.7467362616739308 ) ) ;
#6137 = CARTESIAN_POINT ( 'NONE',  ( 1295.196938001542776, 468.3094352871717660, -119.9685477253618728 ) ) ;
#6138 = CARTESIAN_POINT ( 'NONE',  ( 1196.296964384295961, 558.6616092359842014, 136.6322377327116158 ) ) ;
#6139 = CARTESIAN_POINT ( 'NONE',  ( 1125.038747612703901, 425.1663873090608945, 90.00053497803689595 ) ) ;
#6140 = CARTESIAN_POINT ( 'NONE',  ( 1107.067912556272404, 283.6032671010468107, -41.79290046690377380 ) ) ;
#6141 = CARTESIAN_POINT ( 'NONE',  ( 579.5018187742463169, -7.030679363867051279, -40.73517463745769618 ) ) ;
#6142 = CARTESIAN_POINT ( 'NONE',  ( 732.7810827739782553, 58.00774545437191421, -7.395637991673384981 ) ) ;
#6143 = CARTESIAN_POINT ( 'NONE',  ( 1401.418117622843283, 667.1853486046616126, -117.4535423983830498 ) ) ;
#6144 = CARTESIAN_POINT ( 'NONE',  ( 1269.671871925418145, 528.7477160923081101, -10.35935865790805366 ) ) ;
#6145 = CARTESIAN_POINT ( 'NONE',  ( 942.9483972120807493, 224.1867001517901201, 87.44472826735439241 ) ) ;
#6146 = CARTESIAN_POINT ( 'NONE',  ( 1459.586108751878328, 809.9725651840773253, -107.0589973902096403 ) ) ;
#6147 = CARTESIAN_POINT ( 'NONE',  ( 843.3712132747907617, 117.9200257868220945, 1.249666133791118350 ) ) ;
#6148 = CARTESIAN_POINT ( 'NONE',  ( 676.7491020558550190, 15.21588345512018670, -51.44054276370194856 ) ) ;
#6149 = CARTESIAN_POINT ( 'NONE',  ( 1155.046148780152180, 511.0784902813605299, 151.9774793315826003 ) ) ;
#6150 = CARTESIAN_POINT ( 'NONE',  ( 1092.637078600068662, 335.1113236563122655, 18.86184312833665544 ) ) ;
#6151 = CARTESIAN_POINT ( 'NONE',  ( 898.2552627038196533, 143.9785512261676672, 19.29020920839056785 ) ) ;
#6152 = CARTESIAN_POINT ( 'NONE',  ( 950.0632857896653150, 185.3537686635291379, 26.64195471312201136 ) ) ;
#6153 = CARTESIAN_POINT ( 'NONE',  ( 675.2876468410980806, 50.22540706992388237, 55.20116773873707672 ) ) ;
#6154 = CARTESIAN_POINT ( 'NONE',  ( 579.3754017506240643, 10.54864323932132919, -1.814849356347309151 ) ) ;
#6155 = CARTESIAN_POINT ( 'NONE',  ( 1454.187580131999766, 699.0031275795302008, -158.3710491119287269 ) ) ;
#6156 = CARTESIAN_POINT ( 'NONE',  ( 560.0000000000004547, -9.641902500996575753, -36.61823905060349205 ) ) ;
#6157 = CARTESIAN_POINT ( 'NONE',  ( 1273.551018363576986, 519.5321073577216566, -49.52012891762314695 ) ) ;
#6158 = CARTESIAN_POINT ( 'NONE',  ( 618.4109342924280099, 16.62235908384601402, 24.22113310770293282 ) ) ;
#6159 = CARTESIAN_POINT ( 'NONE',  ( 1436.041175534693593, 729.9815676967753006, -115.0621481350243158 ) ) ;
#6160 = CARTESIAN_POINT ( 'NONE',  ( 579.3963576119355139, 7.474597031564983673, 20.06118934432952372 ) ) ;
#6161 = CARTESIAN_POINT ( 'NONE',  ( 734.9654137302238723, 25.70126109507324585, -60.29437480469998434 ) ) ;
#6162 = CARTESIAN_POINT ( 'NONE',  ( 842.2068960795072599, 127.5342136383348901, 57.82101780736422825 ) ) ;
#6163 = CARTESIAN_POINT ( 'NONE',  ( 731.6046694262507799, 75.62582583152135385, 56.30177247673528740 ) ) ;
#6164 = CARTESIAN_POINT ( 'NONE',  ( 1427.387943776817110, 966.3734991350762584, 0.1514664958884084089 ) ) ;
#6165 = CARTESIAN_POINT ( 'NONE',  ( 1263.093323330424937, 684.2479886642144038, 126.9224552393869203 ) ) ;
#6166 = CARTESIAN_POINT ( 'NONE',  ( 1261.146030464257365, 390.2810680815194928, -142.8014025531439586 ) ) ;
#6167 = CARTESIAN_POINT ( 'NONE',  ( 1042.528582906799556, 301.1651149205508204, 49.73689296790170999 ) ) ;
#6168 = CARTESIAN_POINT ( 'NONE',  ( 731.5377659583352852, 76.66066530331158901, 65.21320662441765137 ) ) ;
#6169 = CARTESIAN_POINT ( 'NONE',  ( 902.1642103898270761, 118.2293116615070971, -63.59770607354178651 ) ) ;
#6170 = CARTESIAN_POINT ( 'NONE',  ( 1353.830433388489382, 976.2588218432960048, 123.7672791626769424 ) ) ;
#6171 = CARTESIAN_POINT ( 'NONE',  ( 944.4078214846276751, 216.1853602967942720, 62.83585542829727899 ) ) ;
#6172 = CARTESIAN_POINT ( 'NONE',  ( 1066.489610195413661, 204.0687321169370136, -101.3912296172822352 ) ) ;
#6173 = CARTESIAN_POINT ( 'NONE',  ( 956.3505824221746252, 150.9820094168952380, -44.60844643697632961 ) ) ;
#6174 = CARTESIAN_POINT ( 'NONE',  ( 1170.980204645486310, 278.8315005948966814, -142.5308543257896474 ) ) ;
#6175 = CARTESIAN_POINT ( 'NONE',  ( 1146.707061176316074, 356.1246247408737986, -34.03705007180276709 ) ) ;
#6176 = CARTESIAN_POINT ( 'NONE',  ( 1286.458713659812929, 489.0162481720164465, -71.49655887662180476 ) ) ;
#6177 = CARTESIAN_POINT ( 'NONE',  ( 1292.025704988586085, 475.8132866733142805, -110.1074890365507457 ) ) ;
#6178 = CARTESIAN_POINT ( 'NONE',  ( 579.3279680196727668, 17.02654942794523762, 35.20137407000515850 ) ) ;
#6179 = CARTESIAN_POINT ( 'NONE',  ( 1000.569129271348515, 227.8474785312830875, -5.690367765892109020 ) ) ;
#6180 = PERSON ( 'UNSPECIFIED', 'UNSPECIFIED', 'UNSPECIFIED', ('UNSPECIFIED'), ('UNSPECIFIED'), ('UNSPECIFIED') ) ;
#6181 = CARTESIAN_POINT ( 'NONE',  ( 1117.321460017901018, 246.9141572889961367, -120.3064984230530285 ) ) ;
#6182 = CARTESIAN_POINT ( 'NONE',  ( 618.2344419965078259, 26.70472449450954500, 48.26139441472437852 ) ) ;
#6183 = CARTESIAN_POINT ( 'NONE',  ( 998.1891536130855229, 238.9531159893847416, 16.23152234854387288 ) ) ;
#6184 = CARTESIAN_POINT ( 'NONE',  ( 951.7394760379946774, 176.1917208352818704, 7.733944742276693596 ) ) ;
#6185 = CARTESIAN_POINT ( 'NONE',  ( 1192.696766417565414, 403.2130054106197576, -18.85086741653315201 ) ) ;
#6186 = CARTESIAN_POINT ( 'NONE',  ( 1375.267461140092109, 833.7323163442139276, 30.26106556253494873 ) ) ;
#6187 = CARTESIAN_POINT ( 'NONE',  ( 1324.855083297557258, 919.7908407466014751, 141.7445148950350244 ) ) ;
#6188 = CARTESIAN_POINT ( 'NONE',  ( 1451.952231536603904, 930.0969758191456549, -49.34710051088347882 ) ) ;
#6189 = CARTESIAN_POINT ( 'NONE',  ( 676.9962098085750313, 9.406789047426617145, -57.05063192316431753 ) ) ;
#6190 = CARTESIAN_POINT ( 'NONE',  ( 1454.329497605539927, 698.7594121263659872, -160.0373410156576881 ) ) ;
#6191 = CARTESIAN_POINT ( 'NONE',  ( 1377.702262838638944, 710.8397290457461395, -61.01479642911942847 ) ) ;
#6192 = CARTESIAN_POINT ( 'NONE',  ( 560.0000000000001137, 2.156357621046300466, 15.70365225201275017 ) ) ;
#6193 = CARTESIAN_POINT ( 'NONE',  ( 618.7349981108395696, -2.416950537524054532, -38.55550386479505676 ) ) ;
#6194 = CARTESIAN_POINT ( 'NONE',  ( 788.4060726011520046, 88.72074273994159910, 39.50904325813271356 ) ) ;
#6195 = CARTESIAN_POINT ( 'NONE',  ( 1068.670178788094290, 195.2200712468147401, -118.3717814346324104 ) ) ;
#6196 = CARTESIAN_POINT ( 'NONE',  ( 675.6510055732364890, 41.66106045828087190, 42.14962769585157787 ) ) ;
#6197 = CARTESIAN_POINT ( 'NONE',  ( 1409.936163429315002, 888.0389823368055886, 0.1346629626864689622 ) ) ;
#6198 = CARTESIAN_POINT ( 'NONE',  ( 1396.092565868538713, 1012.590491765701131, 63.86307886607241358 ) ) ;
#6199 = CARTESIAN_POINT ( 'NONE',  ( 676.7491020558550190, 15.21588345512018670, -51.44054276370194856 ) ) ;
#6200 = CARTESIAN_POINT ( 'NONE',  ( 579.3421019229801914, 15.13738576206420383, 16.53249771357353382 ) ) ;
#6201 = CARTESIAN_POINT ( 'NONE',  ( 840.2739440503771675, 143.2224236930198344, 85.97731815161655788 ) ) ;
#6202 = CARTESIAN_POINT ( 'NONE',  ( 1111.800180084488602, 266.6341038155557044, -93.29339051124520665 ) ) ;
#6203 = CARTESIAN_POINT ( 'NONE',  ( 1038.944952224882400, 315.7584397388666275, 105.3007067815555899 ) ) ;
#6204 = CARTESIAN_POINT ( 'NONE',  ( 1083.501118438273579, 367.7807739875403286, 84.39430334728861283 ) ) ;
#6205 = CARTESIAN_POINT ( 'NONE',  ( 1460.283673901805059, 917.7931074484362171, -65.89002691990165772 ) ) ;
#6206 = CARTESIAN_POINT ( 'NONE',  ( 1440.889084065049701, 839.3706521776853151, -67.06136620869591525 ) ) ;
#6207 = CARTESIAN_POINT ( 'NONE',  ( 905.7062899083590537, 95.04401997975610072, -96.17987798203473915 ) ) ;
#6208 = CARTESIAN_POINT ( 'NONE',  ( 1103.612889243831432, 295.8848997481551351, -48.49210087172817651 ) ) ;
#6209 = CARTESIAN_POINT ( 'NONE',  ( 1445.287442930058205, 939.9395310621659974, -36.00737259912574473 ) ) ;
#6210 = CARTESIAN_POINT ( 'NONE',  ( 1206.965125012239469, 362.2933733228002779, -105.3733677359796843 ) ) ;
#6211 = CARTESIAN_POINT ( 'NONE',  ( 1159.317648012921836, 498.8456146378827611, 139.6274536047895651 ) ) ;
#6212 = CARTESIAN_POINT ( 'NONE',  ( 1036.678989578832898, 324.9168242893805427, 107.4553307579693353 ) ) ;
#6213 = CARTESIAN_POINT ( 'NONE',  ( 1417.872078286426813, 945.7483845584454230, -5.275763519659503409 ) ) ;
#6214 = CARTESIAN_POINT ( 'NONE',  ( 1465.439636081701337, 873.4918644325416608, -95.34953988330323682 ) ) ;
#6215 = CARTESIAN_POINT ( 'NONE',  ( 675.3421617328878028, 48.96729219949614986, 57.04323831430006919 ) ) ;
#6216 = CARTESIAN_POINT ( 'NONE',  ( 895.7790335813518823, 160.0930641178974270, 19.57370418626716813 ) ) ;
#6217 = CARTESIAN_POINT ( 'NONE',  ( 1221.769296811259892, 492.5351645087646375, 30.60556672630781350 ) ) ;
#6218 = CARTESIAN_POINT ( 'NONE',  ( 1391.929177165023702, 805.2875558862931484, -10.02712108743812536 ) ) ;
#6219 = CARTESIAN_POINT ( 'NONE',  ( 844.2159397798346845, 111.2062828550210867, 21.92040581138647326 ) ) ;
#6220 = CARTESIAN_POINT ( 'NONE',  ( 786.6533382059866426, 107.1969801817481454, 69.87022120131780412 ) ) ;
#6221 = CARTESIAN_POINT ( 'NONE',  ( 1455.488860759111276, 924.8740842089869147, -56.38643173872442560 ) ) ;
#6222 = CARTESIAN_POINT ( 'NONE',  ( 579.5082485553352853, -7.937578488777725205, -40.66920595566789842 ) ) ;
#6223 = CARTESIAN_POINT ( 'NONE',  ( 1471.212126897119333, 864.7232510360983042, -103.8980402926003279 ) ) ;
#6224 = CARTESIAN_POINT ( 'NONE',  ( 1343.399866537009075, 648.8476332804033291, -51.30647914314668867 ) ) ;
#6225 = CARTESIAN_POINT ( 'NONE',  ( 1409.133427537299212, 993.3317561975113676, 37.32054848509775979 ) ) ;
#6226 = CARTESIAN_POINT ( 'NONE',  ( 559.9999999999987494, -9.861160642146995059, -28.59102667874574166 ) ) ;
#6227 = CARTESIAN_POINT ( 'NONE',  ( 1354.481035468156961, 869.2189960336680770, 80.68516609437210718 ) ) ;
#6228 = CARTESIAN_POINT ( 'NONE',  ( 1350.923487696622260, 493.7976026874330273, -158.0584485896576155 ) ) ;
#6229 = CARTESIAN_POINT ( 'NONE',  ( 1291.467203094559409, 752.5047772412362974, 124.4275361544843577 ) ) ;
#6230 = CARTESIAN_POINT ( 'NONE',  ( 1428.258387805577286, 965.0880279904065446, -1.616497084014685059 ) ) ;
#6231 = CARTESIAN_POINT ( 'NONE',  ( 1290.228107673760178, 754.9774087237867661, 128.0772217477936863 ) ) ;
#6232 = CARTESIAN_POINT ( 'NONE',  ( 1064.747736102402087, 211.0858279600933827, -105.2421584718765502 ) ) ;
#6233 = CARTESIAN_POINT ( 'NONE',  ( 618.2475466324382296, 25.47607720655418717, 19.94679655799479434 ) ) ;
#6234 = CARTESIAN_POINT ( 'NONE',  ( 1188.876772850837824, 577.9180542690182847, 159.1661427760740253 ) ) ;
#6235 = CARTESIAN_POINT ( 'NONE',  ( 1443.407569456416695, 835.4043622908421867, -85.70900389266807906 ) ) ;
#6236 = CARTESIAN_POINT ( 'NONE',  ( 1195.801715470845011, 559.9473427181980014, 139.0247846176123971 ) ) ;
#6237 = CARTESIAN_POINT ( 'NONE',  ( 1396.273563396448935, 1012.323194740623762, 54.98844110789918460 ) ) ;
#6238 = CARTESIAN_POINT ( 'NONE',  ( 676.9596700789646775, 10.36627130537928565, -48.61670130789978117 ) ) ;
#6239 = CARTESIAN_POINT ( 'NONE',  ( 847.4434500678997892, 84.94491352133944417, -39.77323885612761245 ) ) ;
#6240 = CARTESIAN_POINT ( 'NONE',  ( 848.9320312703251830, 72.75181670836118997, -82.12036783310510657 ) ) ;
#6241 = CARTESIAN_POINT ( 'NONE',  ( 1377.702262838638944, 710.8397290457461395, -61.01479642911942847 ) ) ;
#6242 = CARTESIAN_POINT ( 'NONE',  ( 1281.165754237827969, 501.5437509300953138, -52.31198389771670065 ) ) ;
#6243 = CARTESIAN_POINT ( 'NONE',  ( 902.1642103898270761, 118.2293116615070971, -63.59770607354178651 ) ) ;
#6244 = CARTESIAN_POINT ( 'NONE',  ( 675.4299757454342625, 46.89278774258269067, 54.12551379352598957 ) ) ;
#6245 = CARTESIAN_POINT ( 'NONE',  ( 840.4251548828032128, 141.9624825381358164, 75.39342460537451984 ) ) ;
#6246 = CARTESIAN_POINT ( 'NONE',  ( 676.7007827226692598, 16.35535986404381603, -49.71740352447546485 ) ) ;
#6247 = CARTESIAN_POINT ( 'NONE',  ( 1385.811975319983503, 1027.772860836740392, 82.70202675862212516 ) ) ;
#6248 = CARTESIAN_POINT ( 'NONE',  ( 1289.779286956752685, 626.3534426611261097, 13.09483968934004317 ) ) ;
#6249 = CARTESIAN_POINT ( 'NONE',  ( 1326.210024094542860, 683.1740454580882442, 21.77475071707370802 ) ) ;
#6250 = CARTESIAN_POINT ( 'NONE',  ( 1381.538603492290804, 1000.939445260955722, 74.68309314290083023 ) ) ;
#6251 = CARTESIAN_POINT ( 'NONE',  ( 903.2850720371427542, 110.9783961282640234, -53.46339765065788896 ) ) ;
#6252 = CARTESIAN_POINT ( 'NONE',  ( 1425.407313792698005, 623.0363139576338654, -164.4642026963161356 ) ) ;
#6253 = CARTESIAN_POINT ( 'NONE',  ( 1171.718104859598952, 276.4840730965628381, -144.4418114015613241 ) ) ;
#6254 = CARTESIAN_POINT ( 'NONE',  ( 733.2498569275007867, 51.04078413464252861, -23.99756334221009979 ) ) ;
#6255 = CARTESIAN_POINT ( 'NONE',  ( 1215.696665057411110, 508.3004934955400813, 55.88337606291563020 ) ) ;
#6256 = CARTESIAN_POINT ( 'NONE',  ( 1459.129795562929530, 883.0764140941233791, -77.83857531307532440 ) ) ;
#6257 = CARTESIAN_POINT ( 'NONE',  ( 1332.120404664138960, 794.7682419216065455, 80.56171784519408163 ) ) ;
#6258 = CARTESIAN_POINT ( 'NONE',  ( 1218.870424179498968, 328.2137359372047172, -140.9197112201349853 ) ) ;
#6259 = CARTESIAN_POINT ( 'NONE',  ( 1220.033328407151657, 646.2220259594154186, 162.5039327760888170 ) ) ;
#6260 = CARTESIAN_POINT ( 'NONE',  ( 559.9999999999990905, 6.163800535108811651, 26.87310357945564121 ) ) ;
#6261 = DATE_AND_TIME ( #4742, #6545 ) ;
#6262 = CARTESIAN_POINT ( 'NONE',  ( 1229.062384238258346, 473.6009920897500365, 0.2813472292576507661 ) ) ;
#6263 = CARTESIAN_POINT ( 'NONE',  ( 675.6510055732364890, 41.66106045828087190, 42.14962769585157787 ) ) ;
#6264 = CARTESIAN_POINT ( 'NONE',  ( 579.4744999293573073, -3.219049214137267079, -35.29124767803855178 ) ) ;
#6265 = CARTESIAN_POINT ( 'NONE',  ( 1207.540789216188159, 529.4344485371865403, 63.43628341752619093 ) ) ;
#6266 = CARTESIAN_POINT ( 'NONE',  ( 1428.258387805577286, 965.0880279904065446, -1.616497084014685059 ) ) ;
#6267 = CARTESIAN_POINT ( 'NONE',  ( 792.0457203057286506, 50.18010492771355047, -57.06238182452414520 ) ) ;
#6268 = CARTESIAN_POINT ( 'NONE',  ( 892.3002820408607931, 182.9998171529219633, 95.54229976708120375 ) ) ;
#6269 = CARTESIAN_POINT ( 'NONE',  ( 1204.678233259870012, 368.8436890182608181, -96.27904184737991500 ) ) ;
#6270 = CARTESIAN_POINT ( 'NONE',  ( 841.3420776720769254, 134.5571963679839484, 72.50381960830881667 ) ) ;
#6271 = CARTESIAN_POINT ( 'NONE',  ( 731.6774430330951873, 74.51343438848809342, 48.64509063886585238 ) ) ;
#6272 = CARTESIAN_POINT ( 'NONE',  ( 960.1112472591356664, 130.4144999550876776, -87.61173090479678649 ) ) ;
#6273 = CARTESIAN_POINT ( 'NONE',  ( 957.0348562530248273, 147.2403371063620909, -52.40101875292555178 ) ) ;
#6274 = CARTESIAN_POINT ( 'NONE',  ( 734.6566646230359083, 30.19736396201663098, -62.48213903775138789 ) ) ;
#6275 = CARTESIAN_POINT ( 'NONE',  ( 1056.217523860836536, 245.6543484115045715, -52.76629949596431857 ) ) ;
#6276 = CARTESIAN_POINT ( 'NONE',  ( 1324.345814252095579, 551.4289990646376509, -73.46728633343771264 ) ) ;
#6277 = CARTESIAN_POINT ( 'NONE',  ( 901.9046788038888280, 119.9296721264328056, -60.72423698131792946 ) ) ;
#6278 = CARTESIAN_POINT ( 'NONE',  ( 992.0490990194803089, 267.6761603316554101, 104.0880944855154269 ) ) ;
#6279 = CARTESIAN_POINT ( 'NONE',  ( 1079.409121486269896, 382.4262568452984397, 120.2989644367241482 ) ) ;
#6280 = CARTESIAN_POINT ( 'NONE',  ( 1116.941400970271161, 248.2712737038296211, -118.5712618410258159 ) ) ;
#6281 = CARTESIAN_POINT ( 'NONE',  ( 618.2172341066814170, 27.67939894358822883, 49.29127230559520001 ) ) ;
#6282 = CARTESIAN_POINT ( 'NONE',  ( 1088.816888197985236, 348.7689581506618879, 44.74739820479150865 ) ) ;
#6283 = CARTESIAN_POINT ( 'NONE',  ( 618.5385909287552977, 9.204111926492394957, 1.916055956127987514 ) ) ;
#6284 = CARTESIAN_POINT ( 'NONE',  ( 991.7156313336678295, 269.1891876849981600, 87.33691759239104613 ) ) ;
#6285 = CARTESIAN_POINT ( 'NONE',  ( 618.6928059043467556, 0.1097458947559481340, -29.03271001615376790 ) ) ;
#6286 = CARTESIAN_POINT ( 'NONE',  ( 1014.293803782384543, 163.8956200813250064, -97.58020385856207213 ) ) ;
#6287 = CARTESIAN_POINT ( 'NONE',  ( 1311.891640643150822, 428.8116015775482310, -166.4132060418582455 ) ) ;
#6288 = CARTESIAN_POINT ( 'NONE',  ( 1335.738970262833618, 664.1345114914806800, -29.97630397844482530 ) ) ;
#6289 = CARTESIAN_POINT ( 'NONE',  ( 1248.241332166569464, 579.4692920570420256, 68.51228804621904089 ) ) ;
#6290 = CARTESIAN_POINT ( 'NONE',  ( 1013.503425561506106, 167.5846990700648291, -90.36932019210077272 ) ) ;
#6291 = CARTESIAN_POINT ( 'NONE',  ( 1401.344493118235505, 970.8537781537538649, 42.67675831500168471 ) ) ;
#6292 = CARTESIAN_POINT ( 'NONE',  ( 1169.055591868248712, 284.9811113848149375, -125.6254120462040049 ) ) ;
#6293 = CARTESIAN_POINT ( 'NONE',  ( 1468.928802740765605, 868.1915330158709594, -97.91701436485593035 ) ) ;
#6294 = CARTESIAN_POINT ( 'NONE',  ( 892.1313403925300918, 184.1004864628219195, 94.93571757295059399 ) ) ;
#6295 = CARTESIAN_POINT ( 'NONE',  ( 1346.158300851982631, 883.4276699167870675, 100.8625145460384118 ) ) ;
#6296 = CARTESIAN_POINT ( 'NONE',  ( 1188.638659403377687, 414.8407403124543293, 0.3932386202667129682 ) ) ;
#6297 = CARTESIAN_POINT ( 'NONE',  ( 1386.087129253641706, 994.0299067680165308, 74.83149819932822311 ) ) ;
#6298 = CARTESIAN_POINT ( 'NONE',  ( 1460.064876258366894, 918.1162276582055028, -70.55468038887954663 ) ) ;
#6299 = CARTESIAN_POINT ( 'NONE',  ( 560.0000000000000000, 9.553532314226671929, 12.45912970787640894 ) ) ;
#6300 = CARTESIAN_POINT ( 'NONE',  ( 618.5496471400545033, 8.556814962606532404, -0.1729074715793060824 ) ) ;
#6301 = CARTESIAN_POINT ( 'NONE',  ( 1457.553293037932690, 885.4715001852827072, -74.61199732087746384 ) ) ;
#6302 = CARTESIAN_POINT ( 'NONE',  ( 1155.046148780152180, 511.0784902813605299, 151.9774793315826003 ) ) ;
#6303 = CARTESIAN_POINT ( 'NONE',  ( 1394.848316924677420, 679.2782205370853035, -102.2206128328073049 ) ) ;
#6304 = CARTESIAN_POINT ( 'NONE',  ( 1334.645404206276680, 903.0827273793299810, 128.7090201655386181 ) ) ;
#6305 = CARTESIAN_POINT ( 'NONE',  ( 1393.852418791989294, 1015.898739431916511, 60.58215724471265418 ) ) ;
#6306 = CARTESIAN_POINT ( 'NONE',  ( 1461.396836422697334, 916.1491898010619934, -68.09346194553400267 ) ) ;
#6307 = CARTESIAN_POINT ( 'NONE',  ( 1291.285307732886622, 477.5924790274136171, -88.90971429049601227 ) ) ;
#6308 = CARTESIAN_POINT ( 'NONE',  ( 559.9999999999994316, -7.716255323072905625, -34.33986935576112387 ) ) ;
#6309 = EDGE_CURVE ( 'NONE', #1997, #1500, #2647, .T. ) ;
#6310 = CARTESIAN_POINT ( 'NONE',  ( 845.8681457693425045, 97.62075544357037415, -41.48400352946954683 ) ) ;
#6311 = CARTESIAN_POINT ( 'NONE',  ( 1148.454489770429745, 350.5586374496979829, -42.93623546629470411 ) ) ;
#6312 = CARTESIAN_POINT ( 'NONE',  ( 559.9999999999996589, -6.173520365846154156, -13.32078956968565464 ) ) ;
#6313 = CARTESIAN_POINT ( 'NONE',  ( 676.3253545956915787, 25.25520201785024454, -32.99612803244253456 ) ) ;
#6314 = CARTESIAN_POINT ( 'NONE',  ( 893.2015378219256263, 177.1003638693582332, 88.08157488025344151 ) ) ;
#6315 = CARTESIAN_POINT ( 'NONE',  ( 1277.460755883581214, 780.4463118317710268, 153.4646409870959474 ) ) ;
#6316 = CARTESIAN_POINT ( 'NONE',  ( 1460.064876258366894, 918.1162276582055028, -70.55468038887954663 ) ) ;
#6317 = CARTESIAN_POINT ( 'NONE',  ( 1036.370887721904637, 326.1890999923652430, 121.8897086883847152 ) ) ;
#6318 = CARTESIAN_POINT ( 'NONE',  ( 1242.014238527795214, 594.1754509368408890, 65.94519257205948293 ) ) ;
#6319 = CARTESIAN_POINT ( 'NONE',  ( 1052.614120000670482, 260.3423797154814565, 3.505633325722871341 ) ) ;
#6320 = CARTESIAN_POINT ( 'NONE',  ( 1382.988338068913663, 998.7372829047445748, 71.20553433767460660 ) ) ;
#6321 = CARTESIAN_POINT ( 'NONE',  ( 734.4792792013971621, 32.95977156342389236, -39.18690426465784071 ) ) ;
#6322 = CARTESIAN_POINT ( 'NONE',  ( 1216.286373651147414, 335.6196774979956672, -128.9092138922361812 ) ) ;
#6323 = CARTESIAN_POINT ( 'NONE',  ( 905.2502519785959976, 98.02471175018874305, -93.34559871221919991 ) ) ;
#6324 = CARTESIAN_POINT ( 'NONE',  ( 1299.780171921915553, 604.6675468257088824, -19.06433693974929255 ) ) ;
#6325 = CARTESIAN_POINT ( 'NONE',  ( 560.0000000000000000, 1.781115501184037164, 14.55465621827388389 ) ) ;
#6326 = CARTESIAN_POINT ( 'NONE',  ( 896.9692058879716114, 152.4117226459537164, 37.39094675939259105 ) ) ;
#6327 = CARTESIAN_POINT ( 'NONE',  ( 1385.864596262778150, 564.1316299024063028, -150.7856364339163520 ) ) ;
#6328 = CARTESIAN_POINT ( 'NONE',  ( 792.5429602652457106, 44.88470692313384802, -73.69234588800944152 ) ) ;
#6329 = CARTESIAN_POINT ( 'NONE',  ( 786.5813585068260636, 107.9727707512944761, 74.72006814530149654 ) ) ;
#6330 = CARTESIAN_POINT ( 'NONE',  ( 1399.999709065652723, 1006.820425371961960, 55.89997813850990838 ) ) ;
#6331 = CARTESIAN_POINT ( 'NONE',  ( 1397.633751141237326, 1010.314470412020341, 60.75059109829265935 ) ) ;
#6332 = CARTESIAN_POINT ( 'NONE',  ( 1304.080606800083160, 447.2901671152334870, -146.3394634856433072 ) ) ;
#6333 = CARTESIAN_POINT ( 'NONE',  ( 618.2243654227125944, 26.90426587149494608, 28.02150662071177933 ) ) ;
#6334 = CARTESIAN_POINT ( 'NONE',  ( 1150.661058861148831, 343.5845057005948320, -26.60812723893706178 ) ) ;
#6335 = CARTESIAN_POINT ( 'NONE',  ( 1066.489610195413661, 204.0687321169370136, -101.3912296172822352 ) ) ;
#6336 = CARTESIAN_POINT ( 'NONE',  ( 1272.896566411603544, 789.5592237424182258, 171.2274243278758377 ) ) ;
#6337 = CARTESIAN_POINT ( 'NONE',  ( 1447.813027649203605, 828.4781033726731039, -94.22743496869335900 ) ) ;
#6338 = CARTESIAN_POINT ( 'NONE',  ( 1162.152381629681486, 490.7249703625331563, 125.4632341420618076 ) ) ;
#6339 = CARTESIAN_POINT ( 'NONE',  ( 991.9687222411856737, 268.0056732325248845, 84.02955490604102806 ) ) ;
#6340 = CARTESIAN_POINT ( 'NONE',  ( 560.0000000000000000, -4.384753786554773214, -28.72678748188599229 ) ) ;
#6341 = CARTESIAN_POINT ( 'NONE',  ( 957.6224025463993712, 144.0273754539921356, -59.08518271022725088 ) ) ;
#6342 = CARTESIAN_POINT ( 'NONE',  ( 676.7016119999027524, 16.58266508828251062, -28.33079075486550025 ) ) ;
#6343 = CARTESIAN_POINT ( 'NONE',  ( 904.8257487404798667, 100.8042177677726130, -89.80556606893185290 ) ) ;
#6344 = CARTESIAN_POINT ( 'NONE',  ( 1194.708531719752045, 397.4024167800027385, -54.71685198979567843 ) ) ;
#6345 = CARTESIAN_POINT ( 'NONE',  ( 618.6704612290415071, 1.437220206073849260, -24.29371862967714080 ) ) ;
#6346 = CARTESIAN_POINT ( 'NONE',  ( 1361.053323313790315, 613.6229897623744591, -98.54316355515121018 ) ) ;
#6347 = CARTESIAN_POINT ( 'NONE',  ( 1277.588954019757239, 780.1988134331438687, 164.3917097236645475 ) ) ;
#6348 = CARTESIAN_POINT ( 'NONE',  ( 1388.062246504259292, 1024.449661895175041, 74.58279075937839764 ) ) ;
#6349 = CARTESIAN_POINT ( 'NONE',  ( 579.4706258069386422, -2.675688030124934169, -34.36592101209324568 ) ) ;
#6350 = CARTESIAN_POINT ( 'NONE',  ( 1299.566243538612071, 854.6970543481656932, 164.9508774291927296 ) ) ;
#6351 = ADVANCED_FACE ( 'NONE', ( #1460 ), #4801, .T. ) ;
#6352 = CARTESIAN_POINT ( 'NONE',  ( 1244.748028054364113, 587.7040307706309932, 55.19979493086242428 ) ) ;
#6353 = CARTESIAN_POINT ( 'NONE',  ( 1361.032282497732240, 741.5438842568141808, 3.573248237803796190 ) ) ;
#6354 = CARTESIAN_POINT ( 'NONE',  ( 840.8488265731402862, 138.4857557137933668, 59.80009841701382101 ) ) ;
#6355 = CARTESIAN_POINT ( 'NONE',  ( 1447.119380905420940, 829.5747489974720565, -80.45161448522037517 ) ) ;
#6356 = CARTESIAN_POINT ( 'NONE',  ( 1474.107145898366070, 787.1403671182084736, -141.0199721416367709 ) ) ;
#6357 = CARTESIAN_POINT ( 'NONE',  ( 1424.218506347856874, 936.1080225793156160, -18.15418361968553285 ) ) ;
#6358 = CARTESIAN_POINT ( 'NONE',  ( 579.4058040310911792, 6.163661909590742560, 16.22453944993277730 ) ) ;
#6359 = CARTESIAN_POINT ( 'NONE',  ( 896.7525287781357974, 153.8322602100672043, 40.40261707140306413 ) ) ;
#6360 = CARTESIAN_POINT ( 'NONE',  ( 1464.720854223005517, 911.2402825933862687, -74.61502875499745358 ) ) ;
#6361 = CARTESIAN_POINT ( 'NONE',  ( 1069.187079898740876, 193.1138861214441249, -124.4751589458763874 ) ) ;
#6362 = CARTESIAN_POINT ( 'NONE',  ( 786.5817984082125349, 107.9713541540114505, 75.63575362547314285 ) ) ;
#6363 = CARTESIAN_POINT ( 'NONE',  ( 618.3710794737514789, 18.91584863515182136, 30.36706806527315550 ) ) ;
#6364 = CARTESIAN_POINT ( 'NONE',  ( 675.7385811630526860, 39.58394578067740355, 37.12364319887134911 ) ) ;
#6365 = CARTESIAN_POINT ( 'NONE',  ( 903.8006468345760140, 107.5131499170320240, -80.57640054683027131 ) ) ;
#6366 = CARTESIAN_POINT ( 'NONE',  ( 1401.603268197078705, 1004.452290346495374, 43.03387551122050780 ) ) ;
#6367 = CARTESIAN_POINT ( 'NONE',  ( 1005.132310537395256, 206.6508723655770723, -13.66608541038028157 ) ) ;
#6368 = CARTESIAN_POINT ( 'NONE',  ( 1416.522166441277250, 639.3935355053613421, -141.3344184287233531 ) ) ;
#6369 = CARTESIAN_POINT ( 'NONE',  ( 1155.515787115016337, 509.7338197000090645, 151.5258473846449760 ) ) ;
#6370 = CARTESIAN_POINT ( 'NONE',  ( 901.3956240032570122, 123.2644293736571228, -54.97296490261692981 ) ) ;
#6371 = CARTESIAN_POINT ( 'NONE',  ( 732.0590870288738188, 68.95592293556767061, 54.31816773852243330 ) ) ;
#6372 = CARTESIAN_POINT ( 'NONE',  ( 1287.048126563486903, 761.3074831493760257, 118.9775785130390773 ) ) ;
#6373 = CARTESIAN_POINT ( 'NONE',  ( 618.5385909287552977, 9.204111926492394957, 1.916055956127987514 ) ) ;
#6374 = CARTESIAN_POINT ( 'NONE',  ( 1449.191869314233827, 826.3161119591002262, -84.89349489103771873 ) ) ;
#6375 = CARTESIAN_POINT ( 'NONE',  ( 1421.548691285301402, 940.1632779841182810, 0.1458441426865051960 ) ) ;
#6376 = CARTESIAN_POINT ( 'NONE',  ( 1447.978652006900347, 709.5967150354658770, -149.5653712430583369 ) ) ;
#6377 = CARTESIAN_POINT ( 'NONE',  ( 1199.081286737115988, 384.8759107839837270, -73.32136272745778172 ) ) ;
#6378 = CARTESIAN_POINT ( 'NONE',  ( 1249.862481616553396, 419.5990722109312401, -85.37881416440782800 ) ) ;
#6379 = CARTESIAN_POINT ( 'NONE',  ( 1445.291545407219701, 904.0975460861853890, -59.26430337106003066 ) ) ;
#6380 = CARTESIAN_POINT ( 'NONE',  ( 618.2822689474246545, 23.99491638709963581, 43.19891799791987097 ) ) ;
#6381 = CARTESIAN_POINT ( 'NONE',  ( 1249.686206350142811, 713.3108373879452984, 159.6300020605279713 ) ) ;
#6382 = CARTESIAN_POINT ( 'NONE',  ( 1460.491215418309821, 881.0086579502606128, -86.93058141835621200 ) ) ;
#6383 = CARTESIAN_POINT ( 'NONE',  ( 1253.178465445192842, 705.7465982887335940, 159.6534286873458086 ) ) ;
#6384 = CARTESIAN_POINT ( 'NONE',  ( 579.3387354282027673, 15.59694551634290072, 19.19455318435486646 ) ) ;
#6385 = CARTESIAN_POINT ( 'NONE',  ( 996.6727795697786405, 246.0309552193716343, 31.01525801107298363 ) ) ;
#6386 = CARTESIAN_POINT ( 'NONE',  ( 1426.517499748057162, 967.6589702797460859, 1.919430075791501933 ) ) ;
#6387 = CARTESIAN_POINT ( 'NONE',  ( 579.3301882397214513, 16.74905257278079063, 28.56818400524675639 ) ) ;
#6388 = CARTESIAN_POINT ( 'NONE',  ( 1427.597033653607014, 744.3970333370161825, -95.20121675951948248 ) ) ;
#6389 = CARTESIAN_POINT ( 'NONE',  ( 1015.230750651933590, 159.4897492137446307, -114.3812138878024740 ) ) ;
#6390 = CARTESIAN_POINT ( 'NONE',  ( 1390.945312312003807, 806.9525667200298358, -27.81443268062830043 ) ) ;
#6391 = CARTESIAN_POINT ( 'NONE',  ( 1410.437328917362038, 991.4061555337299296, 34.66389968941356159 ) ) ;
#6392 = CARTESIAN_POINT ( 'NONE',  ( 1249.668332048556067, 576.0919385777818889, 63.25089611682102486 ) ) ;
#6393 = CARTESIAN_POINT ( 'NONE',  ( 960.8216940483952158, 126.5297410058727792, -95.52586782790277198 ) ) ;
#6394 = CARTESIAN_POINT ( 'NONE',  ( 734.9756326198707939, 25.49890773566902880, -66.09120119365680068 ) ) ;
#6395 = CARTESIAN_POINT ( 'NONE',  ( 1188.902326834114092, 577.8505723859689169, 158.2297393735720732 ) ) ;
#6396 = CARTESIAN_POINT ( 'NONE',  ( 1348.242468687111113, 879.8695492499964530, 95.81127130451896790 ) ) ;
#6397 = CARTESIAN_POINT ( 'NONE',  ( 579.4947538784276730, -6.123907993621920731, -26.63930887985116058 ) ) ;
#6398 = CARTESIAN_POINT ( 'NONE',  ( 1398.709038464420246, 1008.726486830648014, 58.54707496132002831 ) ) ;
#6399 = CARTESIAN_POINT ( 'NONE',  ( 1257.053448441986802, 400.9014805157105457, -129.5767091183252546 ) ) ;
#6400 = CARTESIAN_POINT ( 'NONE',  ( 1270.542399507964547, 668.0707408193982246, 78.71010255337368733 ) ) ;
#6401 = CARTESIAN_POINT ( 'NONE',  ( 901.2020683300362407, 124.6476976296501391, -23.11190367633216525 ) ) ;
#6402 = CARTESIAN_POINT ( 'NONE',  ( 1463.871646812199515, 875.8736378778210110, -87.50738140945152566 ) ) ;
#6403 = CARTESIAN_POINT ( 'NONE',  ( 1079.369214147804541, 382.5874954210318606, 131.0714034407524196 ) ) ;
#6404 = CARTESIAN_POINT ( 'NONE',  ( 560.0000000000000000, -0.1680521371834504119, -19.46614263533498956 ) ) ;
#6405 = CARTESIAN_POINT ( 'NONE',  ( 1083.248991554037730, 368.7269834795730503, 109.0265596053650228 ) ) ;
#6406 = CARTESIAN_POINT ( 'NONE',  ( 1159.913115784168440, 497.1177729641013912, 118.3944607073974993 ) ) ;
#6407 = CARTESIAN_POINT ( 'NONE',  ( 1229.062384238258346, 473.6009920897500365, 0.2813472292576507661 ) ) ;
#6408 = CARTESIAN_POINT ( 'NONE',  ( 560.0000000000005684, -7.948592415805259215, -20.34802218293492260 ) ) ;
#6409 = CARTESIAN_POINT ( 'NONE',  ( 618.5441190344049573, 8.880463444549462793, 0.8715742422743407714 ) ) ;
#6410 = CARTESIAN_POINT ( 'NONE',  ( 1354.423701906138149, 486.2040771392814804, -170.7478459911566517 ) ) ;
#6411 = CARTESIAN_POINT ( 'NONE',  ( 676.7016119999027524, 16.58266508828251062, -28.33079075486550025 ) ) ;
#6412 = CARTESIAN_POINT ( 'NONE',  ( 733.6131617267199090, 45.64883347189078222, -35.55281758483564403 ) ) ;
#6413 = CARTESIAN_POINT ( 'NONE',  ( 1081.755411935182110, 374.0635553258355799, 119.2244791753611253 ) ) ;
#6414 = CARTESIAN_POINT ( 'NONE',  ( 675.2969362222708014, 49.98600412798170822, 52.68646394516630949 ) ) ;
#6415 = CARTESIAN_POINT ( 'NONE',  ( 847.8613925589096425, 81.43699649161055731, -69.73782189130552922 ) ) ;
#6416 = CARTESIAN_POINT ( 'NONE',  ( 1349.359492053276654, 983.2891063758623886, 133.1081999735826571 ) ) ;
#6417 = CARTESIAN_POINT ( 'NONE',  ( 787.4999055485353665, 98.14952673194520116, 30.52765277250979636 ) ) ;
#6418 = CARTESIAN_POINT ( 'NONE',  ( 1045.439819019468132, 289.3543579387722957, 25.51598547245781390 ) ) ;
#6419 = CARTESIAN_POINT ( 'NONE',  ( 1374.529196274818105, 716.6972782553762045, -32.15312537187811159 ) ) ;
#6420 = CARTESIAN_POINT ( 'NONE',  ( 1475.780670051371999, 784.5102956634068505, -142.8315444420991582 ) ) ;
#6421 = CARTESIAN_POINT ( 'NONE',  ( 560.0000000000000000, -2.397208077108411661, 0.6746880532880191739 ) ) ;
#6422 = CARTESIAN_POINT ( 'NONE',  ( 559.9999999999998863, 11.47259185657199687, 29.28076599601034502 ) ) ;
#6423 = CARTESIAN_POINT ( 'NONE',  ( 1453.629092205917686, 927.6205891327985000, -52.68429123959977289 ) ) ;
#6424 = CARTESIAN_POINT ( 'NONE',  ( 1351.689550879518492, 492.1264123911482216, -166.4975000314716738 ) ) ;
#6425 = CARTESIAN_POINT ( 'NONE',  ( 1413.367750591936328, 882.6350645503902115, -24.91162063687557904 ) ) ;
#6426 = CARTESIAN_POINT ( 'NONE',  ( 560.0000000000006821, 0.1954448808100108792, 9.565955593817450975 ) ) ;
#6427 = CARTESIAN_POINT ( 'NONE',  ( 579.4058040310911792, 6.163661909590742560, 16.22453944993277730 ) ) ;
#6428 = CARTESIAN_POINT ( 'NONE',  ( 840.4251548828032128, 141.9624825381358164, 75.39342460537451984 ) ) ;
#6429 = CARTESIAN_POINT ( 'NONE',  ( 1264.630674189856109, 381.2568574638531800, -144.9456704281190866 ) ) ;
#6430 = CARTESIAN_POINT ( 'NONE',  ( 677.0049253815393513, 9.213990280123569576, -56.45533032799570350 ) ) ;
#6431 = CARTESIAN_POINT ( 'NONE',  ( 579.3287078197862456, 16.89549373797088450, 40.69187298823770504 ) ) ;
#6432 = CARTESIAN_POINT ( 'NONE',  ( 579.3864766831692350, 8.846536162845639595, 23.87861650101022093 ) ) ;
#6433 = CARTESIAN_POINT ( 'NONE',  ( 842.3616102254497946, 126.2774643159476398, 55.14730952291919408 ) ) ;
#6434 = CARTESIAN_POINT ( 'NONE',  ( 1437.401351160908234, 727.6513260256438116, -129.0999438761218983 ) ) ;
#6435 = CARTESIAN_POINT ( 'NONE',  ( 1293.808493215947465, 747.8136651934909196, 96.26907065178249923 ) ) ;
#6436 = CARTESIAN_POINT ( 'NONE',  ( 1238.820395759959410, 448.2671156737657725, -40.08541258927699147 ) ) ;
#6437 = CARTESIAN_POINT ( 'NONE',  ( 579.5095618277603080, -8.155460686615361610, -35.16446240320224348 ) ) ;
#6438 = CARTESIAN_POINT ( 'NONE',  ( 1221.124783037922953, 643.6429066256781653, 164.0850922337767770 ) ) ;
#6439 = CARTESIAN_POINT ( 'NONE',  ( 845.5335736857813345, 100.3390304525083536, -36.22876817397366267 ) ) ;
#6440 = CARTESIAN_POINT ( 'NONE',  ( 1039.454974693030181, 313.6911636542487827, 101.4297360821058902 ) ) ;
#6441 = CARTESIAN_POINT ( 'NONE',  ( 1282.833872611950937, 769.7197245100161354, 133.6014159871077993 ) ) ;
#6442 = CARTESIAN_POINT ( 'NONE',  ( 1362.380288310138894, 739.0623244081642724, -0.002137438370221778766 ) ) ;
#6443 = CARTESIAN_POINT ( 'NONE',  ( 1113.096658160988909, 262.0534669153788627, -80.00151373568864699 ) ) ;
#6444 = CARTESIAN_POINT ( 'NONE',  ( 1015.805210885482211, 156.8200188118784695, -115.8767036285655649 ) ) ;
#6445 = CARTESIAN_POINT ( 'NONE',  ( 1061.842307924511942, 222.9185261845330785, -66.35400876243717505 ) ) ;
#6446 = CARTESIAN_POINT ( 'NONE',  ( 1246.091075240178270, 429.3534802678221922, -91.50711685344202806 ) ) ;
#6447 = CARTESIAN_POINT ( 'NONE',  ( 675.4934251543558048, 45.39380601756084133, 51.17289298071132464 ) ) ;
#6448 = CARTESIAN_POINT ( 'NONE',  ( 840.2870716180342470, 143.0967960985178422, 80.67396051718687033 ) ) ;
#6449 = CARTESIAN_POINT ( 'NONE',  ( 1257.053448441986802, 400.9014805157105457, -129.5767091183252546 ) ) ;
#6450 = CARTESIAN_POINT ( 'NONE',  ( 618.2448995157232048, 26.11094977869936429, 47.40132342810425570 ) ) ;
#6451 = CARTESIAN_POINT ( 'NONE',  ( 1393.247134069481490, 983.1540601474173400, 47.42805081222883246 ) ) ;
#6452 = CARTESIAN_POINT ( 'NONE',  ( 1437.850300261443408, 950.9226982543186750, -21.03044859280091927 ) ) ;
#6453 = CARTESIAN_POINT ( 'NONE',  ( 676.9559158927435192, 10.33124376046706061, -57.67912615185488079 ) ) ;
#6454 = CARTESIAN_POINT ( 'NONE',  ( 845.3193317229388413, 102.2312521171964192, 1.093891708218361014 ) ) ;
#6455 = CARTESIAN_POINT ( 'NONE',  ( 892.7196291669332595, 180.2121434675945579, 77.81565873259056332 ) ) ;
#6456 = CARTESIAN_POINT ( 'NONE',  ( 1456.278502737616009, 923.7079414767181333, -57.94832152058975083 ) ) ;
#6457 = CARTESIAN_POINT ( 'NONE',  ( 1067.545966965165690, 199.7502519330506345, -119.7099587786080406 ) ) ;
#6458 = CARTESIAN_POINT ( 'NONE',  ( 1417.872078286426813, 945.7483845584454230, -5.275763519659503409 ) ) ;
#6459 = CARTESIAN_POINT ( 'NONE',  ( 789.0793080710928962, 81.60219415759591755, 22.76447621967789559 ) ) ;
#6460 = CARTESIAN_POINT ( 'NONE',  ( 579.4088595007734739, 5.739967324027023921, 14.94145080289236382 ) ) ;
#6461 = CARTESIAN_POINT ( 'NONE',  ( 579.3279862231985362, 17.02088604485528123, 35.86236388155931110 ) ) ;
#6462 = ORIENTED_EDGE ( 'NONE', *, *, #887, .F. ) ;
#6463 = CARTESIAN_POINT ( 'NONE',  ( 677.0157798925471297, 8.994886608109611714, -54.29997588983139423 ) ) ;
#6464 = CARTESIAN_POINT ( 'NONE',  ( 1475.378108907695378, 785.1436850292109284, -141.3302283641164081 ) ) ;
#6465 = CARTESIAN_POINT ( 'NONE',  ( 996.2924421457365725, 247.8896209402888076, 66.42868644273268330 ) ) ;
#6466 = CARTESIAN_POINT ( 'NONE',  ( 946.9361873006110955, 202.4408043627293807, 60.92634408603486662 ) ) ;
#6467 = CARTESIAN_POINT ( 'NONE',  ( 560.0000000000000000, -3.797445156051795223, -27.53158459632740929 ) ) ;
#6468 = EDGE_CURVE ( 'NONE', #6496, #5999, #3748, .T. ) ;
#6469 = CARTESIAN_POINT ( 'NONE',  ( 1299.015645330992584, 737.4206998097024552, 79.37062272137663399 ) ) ;
#6470 = CARTESIAN_POINT ( 'NONE',  ( 1404.474973105641084, 783.8697552886214908, -40.16141768839495541 ) ) ;
#6471 = CARTESIAN_POINT ( 'NONE',  ( 1304.209842981875454, 447.0020970434235323, -135.1065397527200673 ) ) ;
#6472 = CARTESIAN_POINT ( 'NONE',  ( 579.3344357226832244, 16.09521701740730748, 40.49486672312949054 ) ) ;
#6473 = CARTESIAN_POINT ( 'NONE',  ( 1047.483842792461473, 281.0643015663683286, 9.596719781940160843 ) ) ;
#6474 = CARTESIAN_POINT ( 'NONE',  ( 618.3182126518584028, 21.94240569313289768, 37.99784036783079699 ) ) ;
#6475 = CARTESIAN_POINT ( 'NONE',  ( 1391.418121870221512, 1019.493707456390098, 66.29148049606955340 ) ) ;
#6476 = CARTESIAN_POINT ( 'NONE',  ( 845.3193317229388413, 102.2312521171964192, 1.093891708218361014 ) ) ;
#6477 = CARTESIAN_POINT ( 'NONE',  ( 1162.373070936941758, 306.2714467957777629, -90.02268058380158777 ) ) ;
#6478 = CARTESIAN_POINT ( 'NONE',  ( 1387.760768872770086, 812.4038504461533421, 0.03928060653338085600 ) ) ;
#6479 = CARTESIAN_POINT ( 'NONE',  ( 905.8329376020711834, 94.22322303320079584, -95.72811690910754123 ) ) ;
#6480 = CARTESIAN_POINT ( 'NONE',  ( 1110.412790884182414, 271.6471548827748848, -63.02715262912765581 ) ) ;
#6481 = CARTESIAN_POINT ( 'NONE',  ( 579.3551498544533160, 13.20555883119383367, 35.16381186951789317 ) ) ;
#6482 = CARTESIAN_POINT ( 'NONE',  ( 840.2392749590477479, 143.4897366861016792, 82.56054130290503679 ) ) ;
#6483 = CARTESIAN_POINT ( 'NONE',  ( 1010.763727089205759, 180.3060974471203508, -86.78430274025591018 ) ) ;
#6484 = CARTESIAN_POINT ( 'NONE',  ( 1375.649373148784889, 1009.884835743251983, 96.84102792951493655 ) ) ;
#6485 = CARTESIAN_POINT ( 'NONE',  ( 1127.458938321958613, 417.4515243140921825, 74.21106910874345886 ) ) ;
#6486 = CARTESIAN_POINT ( 'NONE',  ( 1344.745752114447669, 646.1850545782306199, -32.62604115949025640 ) ) ;
#6487 = CARTESIAN_POINT ( 'NONE',  ( 1471.380267904420180, 864.4677893925086209, -103.7306667737505279 ) ) ;
#6488 = CARTESIAN_POINT ( 'NONE',  ( 560.0000000000000000, -2.397208077941070048, 0.6746880535233861220 ) ) ;
#6489 = CARTESIAN_POINT ( 'NONE',  ( 1392.008562698611286, 1018.621744845986427, 64.88616097873895683 ) ) ;
#6490 = CARTESIAN_POINT ( 'NONE',  ( 1163.215577753119305, 303.5871724010816024, -94.54540870839815625 ) ) ;
#6491 = CARTESIAN_POINT ( 'NONE',  ( 1449.616694301460029, 706.8019284291904114, -152.4889030387059279 ) ) ;
#6492 = CARTESIAN_POINT ( 'NONE',  ( 1293.085454008456509, 619.1842122189967768, 2.327245828097531444 ) ) ;
#6493 = CARTESIAN_POINT ( 'NONE',  ( 1252.524705097860760, 569.3315991292589615, 52.73300902098863219 ) ) ;
#6494 = CARTESIAN_POINT ( 'NONE',  ( 579.4118960857585989, 5.318974949593745727, 13.65769293895722747 ) ) ;
#6495 = CARTESIAN_POINT ( 'NONE',  ( 675.3057802557572131, 49.75148260579741333, 49.56047000352756982 ) ) ;
#6496 = VERTEX_POINT ( 'NONE', #3533 ) ;
#6497 = CARTESIAN_POINT ( 'NONE',  ( 1449.910477019608152, 706.3057299663438471, -147.4801343609843798 ) ) ;
#6498 = CARTESIAN_POINT ( 'NONE',  ( 1469.170020068428585, 904.6697575243772462, -84.17465350645733224 ) ) ;
#6499 = CARTESIAN_POINT ( 'NONE',  ( 1273.760782401723873, 661.1173964178334472, 91.83887832593458711 ) ) ;
#6500 = CARTESIAN_POINT ( 'NONE',  ( 903.9080458266212190, 106.8891930319670394, -62.58578252106006090 ) ) ;
#6501 = CARTESIAN_POINT ( 'NONE',  ( 579.3864766831692350, 8.846536162845639595, 23.87861650101022093 ) ) ;
#6502 = CARTESIAN_POINT ( 'NONE',  ( 559.9999999999998863, -4.340290199417533579, -28.60807374370021705 ) ) ;
#6503 = CARTESIAN_POINT ( 'NONE',  ( 841.0343070213848478, 136.9681309023152664, 54.11939581006601685 ) ) ;
#6504 = CARTESIAN_POINT ( 'NONE',  ( 618.6245315380160719, 4.154670185409821137, -14.83548293202256119 ) ) ;
#6505 = CARTESIAN_POINT ( 'NONE',  ( 1349.036484134434204, 497.8901439971215837, -151.9599853141233723 ) ) ;
#6506 = CARTESIAN_POINT ( 'NONE',  ( 1297.056875567866200, 859.3154714052743657, 168.6393687900616385 ) ) ;
#6507 = CARTESIAN_POINT ( 'NONE',  ( 1374.037167885204099, 835.8175152485376884, 12.06806604060222377 ) ) ;
#6508 = CARTESIAN_POINT ( 'NONE',  ( 1125.222902089479703, 424.6161727238156232, 111.7616428220512574 ) ) ;
#6509 = CARTESIAN_POINT ( 'NONE',  ( 560.0000000000000000, 11.45381585212134290, 28.67594053856093694 ) ) ;
#6510 = APPROVAL_ROLE ( '' ) ;
#6511 = CARTESIAN_POINT ( 'NONE',  ( 845.3193317229388413, 102.2312521171964192, 1.093891708218361014 ) ) ;
#6512 = CARTESIAN_POINT ( 'NONE',  ( 579.3636862800983636, 12.01725355916355475, 32.09249561759742875 ) ) ;
#6513 = CARTESIAN_POINT ( 'NONE',  ( 1392.260717221413188, 1018.249363219657198, 71.81987848254885876 ) ) ;
#6514 = CARTESIAN_POINT ( 'NONE',  ( 990.4582747413459174, 275.0732946632193716, 105.6931437769565747 ) ) ;
#6515 = CARTESIAN_POINT ( 'NONE',  ( 1209.262614746678764, 355.7129754843290357, -114.3232988040018796 ) ) ;
#6516 = CARTESIAN_POINT ( 'NONE',  ( 1081.027660678649681, 376.6634972236832937, 123.5890109624124165 ) ) ;
#6517 = CARTESIAN_POINT ( 'NONE',  ( 1293.808493215947465, 747.8136651934909196, 96.26907065178249923 ) ) ;
#6518 = CARTESIAN_POINT ( 'NONE',  ( 733.9232788605147562, 41.24987615416646491, -15.85573776642222299 ) ) ;
#6519 = CARTESIAN_POINT ( 'NONE',  ( 560.0000000000000000, -9.931793442668686467, -36.60654068832685226 ) ) ;
#6520 = CARTESIAN_POINT ( 'NONE',  ( 1167.118622978046687, 291.1240720235756498, -128.4510009393907524 ) ) ;
#6521 = CARTESIAN_POINT ( 'NONE',  ( 1410.065159883860360, 991.9557745071508634, 35.42682117932059072 ) ) ;
#6522 = CARTESIAN_POINT ( 'NONE',  ( 1354.162177259668624, 975.7313977785213410, 110.0140752638057080 ) ) ;
#6523 = CARTESIAN_POINT ( 'NONE',  ( 1338.272323390314796, 521.2310881788760071, -118.0321730849036470 ) ) ;
#6524 = CARTESIAN_POINT ( 'NONE',  ( 895.7790335813518823, 160.0930641178974270, 19.57370418626716813 ) ) ;
#6525 = CARTESIAN_POINT ( 'NONE',  ( 1386.878784070244592, 562.0980640784529214, -161.6320615112612131 ) ) ;
#6526 = CARTESIAN_POINT ( 'NONE',  ( 843.6597114158414570, 115.5727921598219723, -4.181280317600895025 ) ) ;
#6527 = CARTESIAN_POINT ( 'NONE',  ( 618.4932693506891610, 11.85036136139712148, 10.25405136664222283 ) ) ;
#6528 = CARTESIAN_POINT ( 'NONE',  ( 618.4668906418686447, 13.38451990648206724, 14.92919979815635756 ) ) ;
#6529 = CARTESIAN_POINT ( 'NONE',  ( 786.7160312196830318, 106.5196098175361783, 65.65463704202099393 ) ) ;
#6530 = CARTESIAN_POINT ( 'NONE',  ( 1466.240740018204860, 908.9957162934678081, -77.66384480975037263 ) ) ;
#6531 = CARTESIAN_POINT ( 'NONE',  ( 1220.846036337244868, 322.5458165227349241, -152.3490994999050372 ) ) ;
#6532 = CARTESIAN_POINT ( 'NONE',  ( 675.7993341324937546, 38.14124437754600194, 33.54111076279501447 ) ) ;
#6533 = CARTESIAN_POINT ( 'NONE',  ( 676.8461459577513324, 13.10732285516763440, -39.36268805968836659 ) ) ;
#6534 = CARTESIAN_POINT ( 'NONE',  ( 1268.819759618062790, 671.8312165339874582, 108.0475103926706879 ) ) ;
#6535 = CARTESIAN_POINT ( 'NONE',  ( 1296.787731467266440, 464.5453400028198416, -124.8424478305280871 ) ) ;
#6536 = CARTESIAN_POINT ( 'NONE',  ( 893.4900601896879380, 175.1354642238075883, 60.18542112353197382 ) ) ;
#6537 = CARTESIAN_POINT ( 'NONE',  ( 905.3467873032550415, 97.44476747555702900, -83.57935246827062770 ) ) ;
#6538 = CARTESIAN_POINT ( 'NONE',  ( 943.0574165672276195, 223.6221625069950676, 101.0311159738739804 ) ) ;
#6539 = CARTESIAN_POINT ( 'NONE',  ( 618.3238034222854367, 21.62308719047274863, 37.22782946576167973 ) ) ;
#6540 = CARTESIAN_POINT ( 'NONE',  ( 1037.348642067705669, 322.1949546737594687, 99.53394955927561227 ) ) ;
#6541 = DIRECTION ( 'NONE',  ( 1.000000000000000000, 0.000000000000000000, 0.000000000000000000 ) ) ;
#6542 = CARTESIAN_POINT ( 'NONE',  ( 944.7496949610722368, 214.3835360366928739, 84.06691808322395332 ) ) ;
#6543 = CARTESIAN_POINT ( 'NONE',  ( 1228.326880586044581, 626.6004490425981430, 142.0673721283559985 ) ) ;
#6544 = CARTESIAN_POINT ( 'NONE',  ( 675.2862610009373157, 50.26765421685341551, 56.31063043557882253 ) ) ;
#6545 = LOCAL_TIME ( 21, 40, 34.00000000000000000, #104 ) ;
#6546 = CARTESIAN_POINT ( 'NONE',  ( 1163.225687805447251, 303.5182169778091179, -112.2853896877071662 ) ) ;
#6547 = CARTESIAN_POINT ( 'NONE',  ( 1081.755411935182110, 374.0635553258355799, 119.2244791753611253 ) ) ;
#6548 = CARTESIAN_POINT ( 'NONE',  ( 1299.015645330992584, 737.4206998097024552, 79.37062272137663399 ) ) ;
#6549 = CARTESIAN_POINT ( 'NONE',  ( 1104.396889353439974, 293.1504323432585011, -24.78991387775155530 ) ) ;
#6550 = CARTESIAN_POINT ( 'NONE',  ( 676.9660348140437236, 10.09606482544519679, -57.71796848437042371 ) ) ;
#6551 = CARTESIAN_POINT ( 'NONE',  ( 1231.786011107512195, 466.4861465038022743, -37.74522586220532361 ) ) ;
#6552 = CARTESIAN_POINT ( 'NONE',  ( 579.4776706555966257, -3.661365034217580305, -35.99725405093895603 ) ) ;
#6553 = CARTESIAN_POINT ( 'NONE',  ( 676.2983314199137794, 26.24669999059971914, 0.9564315642052485522 ) ) ;
#6554 = CARTESIAN_POINT ( 'NONE',  ( 1081.062948536769909, 376.5052752367111566, 104.7624405588818206 ) ) ;
#6555 = CARTESIAN_POINT ( 'NONE',  ( 848.5620418052858440, 75.83687654560084468, -61.59274861435311976 ) ) ;
#6556 = CARTESIAN_POINT ( 'NONE',  ( 1169.531032119386509, 283.4442104129862514, -137.5534159188376009 ) ) ;
#6557 = CARTESIAN_POINT ( 'NONE',  ( 1319.546509208291127, 928.8570845875912028, 158.1738582141992708 ) ) ;
#6558 = CARTESIAN_POINT ( 'NONE',  ( 675.8033921931316854, 37.68648170183502089, -2.692515110502924358 ) ) ;
#6559 = CARTESIAN_POINT ( 'NONE',  ( 1391.466102289582977, 917.0806199679697102, 40.61569666228476194 ) ) ;
ENDSEC;
END-ISO-10303-21;
