ISO-10303-21;
HEADER;
FILE_DESCRIPTION (( 'STEP AP203' ),
    '1' );
FILE_NAME ('openfan_blade_v09_CFD_SINGLELOFT.step',
    '2026-09-19T21:23:02',
    ( '' ),
    ( '' ),
    'SwSTEP 2.0',
    'SolidWorks 2026',
    '' );
FILE_SCHEMA (( 'CONFIG_CONTROL_DESIGN' ));
ENDSEC;

DATA;
#1 = CARTESIAN_POINT ( 'NONE',  ( 1082.742591815128662, 370.5332072354199227, 110.6347444561010320 ) ) ;
#2 = CARTESIAN_POINT ( 'NONE',  ( 1311.200628958096331, 430.4447433315697822, -164.9247411042501881 ) ) ;
#3 = CARTESIAN_POINT ( 'NONE',  ( 1422.090737501772310, 868.9321059250378312, -27.08732960500528719 ) ) ;
#4 = CARTESIAN_POINT ( 'NONE',  ( 676.8677284944499206, 12.58661530545846041, -41.18152991264994967 ) ) ;
#5 = CARTESIAN_POINT ( 'NONE',  ( 1351.214875545211498, 980.3715591254723449, 119.5767769110611312 ) ) ;
#6 = CARTESIAN_POINT ( 'NONE',  ( 1354.200101269556399, 486.6898678390192572, -169.6925553678146628 ) ) ;
#7 = CARTESIAN_POINT ( 'NONE',  ( 843.6988324709155904, 115.2567296007677413, -4.197446378628477248 ) ) ;
#8 = CARTESIAN_POINT ( 'NONE',  ( 1461.421894009376729, 807.0875448727334742, -119.4948768087522950 ) ) ;
#9 = CARTESIAN_POINT ( 'NONE',  ( 579.3435395394147918, 14.94416388830861919, 16.50120802449792379 ) ) ;
#10 = CARTESIAN_POINT ( 'NONE',  ( 579.3376085653509335, 15.64903408359334058, 39.95513191068523895 ) ) ;
#11 = CARTESIAN_POINT ( 'NONE',  ( 1288.300650438993671, 629.5890507758776948, 42.75120778367429608 ) ) ;
#12 = CARTESIAN_POINT ( 'NONE',  ( 1062.314719403334266, 221.0015588347585549, -70.30253173694268298 ) ) ;
#13 = CARTESIAN_POINT ( 'NONE',  ( 1438.844655131614900, 949.4542356640396292, -32.02494307894809111 ) ) ;
#14 = CARTESIAN_POINT ( 'NONE',  ( 1318.487292287079299, 819.8537948977935912, 98.91221676072763103 ) ) ;
#15 = CARTESIAN_POINT ( 'NONE',  ( 734.9304693767251138, 26.14994947246956514, -66.87965518951551758 ) ) ;
#16 = CARTESIAN_POINT ( 'NONE',  ( 1282.812939729695699, 497.6134141145441845, -79.96750791227519528 ) ) ;
#17 = CARTESIAN_POINT ( 'NONE',  ( 676.9843905192531111, 9.773835697129353406, -50.30150881405953811 ) ) ;
#18 = CARTESIAN_POINT ( 'NONE',  ( 1051.838754089400481, 263.4065656296089628, -21.82382779230188419 ) ) ;
#19 = CARTESIAN_POINT ( 'NONE',  ( 892.9622971201213204, 178.6651304388610981, 89.56247163160553271 ) ) ;
#20 = CARTESIAN_POINT ( 'NONE',  ( 1120.496737518871896, 235.5776120563352549, -133.5017095368370406 ) ) ;
#21 = CARTESIAN_POINT ( 'NONE',  ( 1466.204593556357167, 909.0490973635314731, -77.62969896935760516 ) ) ;
#22 = CARTESIAN_POINT ( 'NONE',  ( 1456.794517914283006, 814.3624801554041142, -110.9972116752258700 ) ) ;
#23 = CARTESIAN_POINT ( 'NONE',  ( 1463.714574529434003, 876.1130389636114160, -92.42592547293406824 ) ) ;
#24 = CARTESIAN_POINT ( 'NONE',  ( 1341.557147662552097, 514.1079959365249579, -128.7135373874942275 ) ) ;
#25 = CARTESIAN_POINT ( 'NONE',  ( 1265.655357905694245, 378.5816486974460986, -155.9755201317981630 ) ) ;
#26 = CARTESIAN_POINT ( 'NONE',  ( 1380.068217717771176, 1003.173361003201194, 86.35971380066752090 ) ) ;
#27 = CARTESIAN_POINT ( 'NONE',  ( 1155.997024519547267, 508.3527022212723523, 146.3024232509015690 ) ) ;
#28 = CARTESIAN_POINT ( 'NONE',  ( 946.2288661184779812, 206.3038110363866053, 67.25543982755574746 ) ) ;
#29 = CARTESIAN_POINT ( 'NONE',  ( 618.2888966936058068, 23.03037339981666065, 10.32387010719103593 ) ) ;
#30 = CARTESIAN_POINT ( 'NONE',  ( 733.7792036971338803, 43.18562508836718905, -40.27663334601197676 ) ) ;
#31 = CARTESIAN_POINT ( 'NONE',  ( 676.1845961122332938, 28.96080640477962831, 8.161241192880629214 ) ) ;
#32 = CARTESIAN_POINT ( 'NONE',  ( 1037.928645082360163, 319.8419260285387509, 95.43501125562339382 ) ) ;
#33 = CARTESIAN_POINT ( 'NONE',  ( 1188.466864146012995, 415.3322793336783434, 0.1904817684545939416 ) ) ;
#34 = CARTESIAN_POINT ( 'NONE',  ( 944.3430960104046790, 216.6033080679667933, 87.05905079876328045 ) ) ;
#35 = CARTESIAN_POINT ( 'NONE',  ( 1366.192901953397723, 732.0444999925424554, -11.10703003476170281 ) ) ;
#36 = CARTESIAN_POINT ( 'NONE',  ( 1456.219594788577751, 923.7949366954536572, -57.98907513331189278 ) ) ;
#37 = CARTESIAN_POINT ( 'NONE',  ( 840.5209684899102740, 141.1823136008875395, 73.93579771776511222 ) ) ;
#38 = CARTESIAN_POINT ( 'NONE',  ( 1470.634627113196075, 865.6012457661356621, -101.7113786887425135 ) ) ;
#39 = CARTESIAN_POINT ( 'NONE',  ( 897.9155269664947809, 146.0773777755217395, -10.70816499066197380 ) ) ;
#40 = CARTESIAN_POINT ( 'NONE',  ( 791.5453774621506682, 55.36495631451756338, -64.19386750169216782 ) ) ;
#41 = CARTESIAN_POINT ( 'NONE',  ( 1411.843248887766094, 954.9069204341446948, 7.932508207157915159 ) ) ;
#42 = CARTESIAN_POINT ( 'NONE',  ( 1087.762762552029699, 352.5414820903068858, 53.67818341840097673 ) ) ;
#43 = CARTESIAN_POINT ( 'NONE',  ( 1193.658457535117122, 565.5082886236160675, 145.7768918995965919 ) ) ;
#44 = CARTESIAN_POINT ( 'NONE',  ( 897.3453044899383713, 149.9438477050838401, 31.15445777183738585 ) ) ;
#45 = CARTESIAN_POINT ( 'NONE',  ( 1450.918669574407659, 931.6233394160354919, -47.50213991177715656 ) ) ;
#46 = CARTESIAN_POINT ( 'NONE',  ( 560.0000000000000000, 8.937846290429288132, 33.41588463565917522 ) ) ;
#47 = CARTESIAN_POINT ( 'NONE',  ( 1201.527954218183368, 545.0525006684380287, 93.36813571920326638 ) ) ;
#48 = CARTESIAN_POINT ( 'NONE',  ( 1069.168908408778861, 193.1824247412354509, -125.7800846179788152 ) ) ;
#49 = CARTESIAN_POINT ( 'NONE',  ( 846.4068973832677329, 93.24613439390581959, -49.33930030956580737 ) ) ;
#50 = CARTESIAN_POINT ( 'NONE',  ( 960.5263201421462327, 128.1460028016316244, -92.15014663878918100 ) ) ;
#51 = CARTESIAN_POINT ( 'NONE',  ( 675.8117050037277522, 37.49121497171839223, -2.691810759236827000 ) ) ;
#52 = CARTESIAN_POINT ( 'NONE',  ( 990.0849685793809840, 276.8282103948670283, 115.4729689165778268 ) ) ;
#53 = CARTESIAN_POINT ( 'NONE',  ( 560.0000000000000000, 8.595757302325955251, 32.47514755375560469 ) ) ;
#54 = CARTESIAN_POINT ( 'NONE',  ( 1424.020408720333080, 625.5908532736118559, -160.7270086030888478 ) ) ;
#55 = CARTESIAN_POINT ( 'NONE',  ( 1463.460709603113173, 913.1012633037566957, -76.15115827034478002 ) ) ;
#56 = CARTESIAN_POINT ( 'NONE',  ( 559.9999999999998863, -9.832543616094211458, -28.56549051101328374 ) ) ;
#57 = CARTESIAN_POINT ( 'NONE',  ( 1424.041391398060568, 625.5476092846940901, -165.7027766496971140 ) ) ;
#58 = CARTESIAN_POINT ( 'NONE',  ( 1196.522687662436283, 558.0732454372931670, 133.5356834384943454 ) ) ;
#59 = CARTESIAN_POINT ( 'NONE',  ( 1273.397833447592575, 788.5606093686005806, 172.0061176770089730 ) ) ;
#60 = CARTESIAN_POINT ( 'NONE',  ( 1296.299450593936626, 742.8618903851621553, 108.3129470058016182 ) ) ;
#61 = CARTESIAN_POINT ( 'NONE',  ( 1381.207537266828467, 573.4127140235420939, -148.6122175117296820 ) ) ;
#62 = CARTESIAN_POINT ( 'NONE',  ( 1440.589032617811654, 946.8781401888310256, -35.32127389614213087 ) ) ;
#63 = CARTESIAN_POINT ( 'NONE',  ( 844.9965335293952648, 104.8545669254384620, 6.447242688969101465 ) ) ;
#64 = CARTESIAN_POINT ( 'NONE',  ( 618.2100434832042311, 27.95730369279035088, 41.74533513242823801 ) ) ;
#65 = CARTESIAN_POINT ( 'NONE',  ( 952.2718348248678240, 173.2807776389465175, 0.9126177922384931529 ) ) ;
#66 = CARTESIAN_POINT ( 'NONE',  ( 1285.143776774212029, 765.1231867609396886, 141.1082239095849502 ) ) ;
#67 = CARTESIAN_POINT ( 'NONE',  ( 1437.025307565211051, 916.6546933520540961, -32.65385007044298504 ) ) ;
#68 = CARTESIAN_POINT ( 'NONE',  ( 1376.476388799457254, 582.8662509112656380, -124.5280609056411976 ) ) ;
#69 = CARTESIAN_POINT ( 'NONE',  ( 618.2095655681517883, 28.06661930061452281, 46.19613028454485004 ) ) ;
#70 = CARTESIAN_POINT ( 'NONE',  ( 1015.815493836058863, 156.7772659978598995, -114.7507289178402772 ) ) ;
#71 = CARTESIAN_POINT ( 'NONE',  ( 1163.267575856104486, 303.3816271314983624, -112.2588945769329598 ) ) ;
#72 = CARTESIAN_POINT ( 'NONE',  ( 1299.432700966166294, 736.5897943286712461, 79.75720995120764201 ) ) ;
#73 = CARTESIAN_POINT ( 'NONE',  ( 1037.811604267280018, 320.3495061777805404, 112.2850442769468771 ) ) ;
#74 = CARTESIAN_POINT ( 'NONE',  ( 559.9999999999995453, 1.188552426074819257, 12.20646429661922916 ) ) ;
#75 = CARTESIAN_POINT ( 'NONE',  ( 1062.842388341008473, 218.8614334617361692, -74.24794895728355471 ) ) ;
#76 = DIRECTION ( 'NONE',  ( 1.000000000000000000, -0.000000000000000000, 0.000000000000000000 ) ) ;
#77 = CARTESIAN_POINT ( 'NONE',  ( 1084.452401613963957, 364.3812244576747048, 78.66555108318664224 ) ) ;
#78 = CARTESIAN_POINT ( 'NONE',  ( 792.4872490913584215, 45.44568240114953284, -76.54928886348625383 ) ) ;
#79 = CARTESIAN_POINT ( 'NONE',  ( 1105.140423589597958, 290.4294524654546876, -56.64715756067933938 ) ) ;
#80 = CARTESIAN_POINT ( 'NONE',  ( 618.7621294917163368, -4.038303959847882929, -44.72772675621650507 ) ) ;
#81 = CARTESIAN_POINT ( 'NONE',  ( 898.3572116880988006, 143.1809399539658330, -16.69540177658594260 ) ) ;
#82 = CARTESIAN_POINT ( 'NONE',  ( 1080.359875755662188, 379.0454722800001832, 125.5551213423179178 ) ) ;
#83 = CARTESIAN_POINT ( 'NONE',  ( 1469.045408356168764, 904.8537840155814820, -84.32085057616816925 ) ) ;
#84 = CARTESIAN_POINT ( 'NONE',  ( 579.5109763735513297, -8.317525435380995091, -39.97862596509096988 ) ) ;
#85 = CARTESIAN_POINT ( 'NONE',  ( 959.5334347810675126, 133.5241085777535091, -95.82024443660418456 ) ) ;
#86 = CARTESIAN_POINT ( 'NONE',  ( 1411.228680730541328, 649.1390519317238841, -128.0138442676171451 ) ) ;
#87 = CARTESIAN_POINT ( 'NONE',  ( 1335.318047424994120, 901.9353189638908361, 125.4234825051436530 ) ) ;
#88 = CARTESIAN_POINT ( 'NONE',  ( 786.6380379938177612, 107.3817696969726256, 76.24353467772300519 ) ) ;
#89 = CARTESIAN_POINT ( 'NONE',  ( 996.5933110334096909, 246.4859171940553892, 62.50086136204799203 ) ) ;
#90 = CARTESIAN_POINT ( 'NONE',  ( 675.5713294946654059, 43.25470695521114095, 15.68263600381050793 ) ) ;
#91 = CARTESIAN_POINT ( 'NONE',  ( 618.6476507025955698, 2.282883562917719100, -42.70199951685597028 ) ) ;
#92 = CARTESIAN_POINT ( 'NONE',  ( 1248.570003944891596, 715.7351147374957918, 167.3994205794467121 ) ) ;
#93 = CARTESIAN_POINT ( 'NONE',  ( 733.3857305153726429, 49.02311613074756025, -28.11272154173574123 ) ) ;
#94 = CARTESIAN_POINT ( 'NONE',  ( 1051.816008188350906, 263.5772078567715084, 8.592324002014663620 ) ) ;
#95 = CARTESIAN_POINT ( 'NONE',  ( 1036.864891390998991, 324.1646410606307427, 107.5607709664249541 ) ) ;
#96 = CARTESIAN_POINT ( 'NONE',  ( 676.2910335799207360, 26.41776554946224564, 0.8896082680980902380 ) ) ;
#97 = CARTESIAN_POINT ( 'NONE',  ( 1312.546199388717469, 830.8031108221955492, 130.8877183571245837 ) ) ;
#98 = CARTESIAN_POINT ( 'NONE',  ( 1238.692550428555705, 448.5970533997485177, -40.34285844027066759 ) ) ;
#99 = CARTESIAN_POINT ( 'NONE',  ( 731.6090598613592419, 75.57797242671003346, 59.58723060250203929 ) ) ;
#100 = CARTESIAN_POINT ( 'NONE',  ( 1015.824985867976011, 156.7302650011923788, -115.4542296595215589 ) ) ;
#101 = CARTESIAN_POINT ( 'NONE',  ( 843.1325855742123849, 119.8644263914828230, 6.691863758522105243 ) ) ;
#102 = CARTESIAN_POINT ( 'NONE',  ( 1063.470945332217298, 216.2594724888164706, -97.84804558954748188 ) ) ;
#103 = CARTESIAN_POINT ( 'NONE',  ( 1290.837807923988066, 753.7446758600153771, 108.0659047875297887 ) ) ;
#104 = CARTESIAN_POINT ( 'NONE',  ( 1037.509110155860981, 321.5755961873649653, 114.4169362085975479 ) ) ;
#105 = CARTESIAN_POINT ( 'NONE',  ( 1366.643835785497913, 848.4558951401788818, 49.88003749871425896 ) ) ;
#106 = CARTESIAN_POINT ( 'NONE',  ( 1368.929609523056797, 597.9260218460898386, -103.1033574557600190 ) ) ;
#107 = CARTESIAN_POINT ( 'NONE',  ( 1455.442170412419955, 924.9430364809583125, -56.46082610925200385 ) ) ;
#108 = CARTESIAN_POINT ( 'NONE',  ( 618.2124532210938241, 27.75196040967508182, 37.77986724946352837 ) ) ;
#109 = CARTESIAN_POINT ( 'NONE',  ( 1475.739094073203887, 784.5804412822187714, -142.9267653081451215 ) ) ;
#110 = CARTESIAN_POINT ( 'NONE',  ( 1103.701330463276008, 295.5714885822774249, -48.39392531794310770 ) ) ;
#111 = CARTESIAN_POINT ( 'NONE',  ( 1464.685414175315145, 911.2926204315068617, -74.59994882653563764 ) ) ;
#112 = CARTESIAN_POINT ( 'NONE',  ( 1402.674778315705680, 968.8337313975166580, 38.99796549738219653 ) ) ;
#113 = CARTESIAN_POINT ( 'NONE',  ( 732.3811164940930212, 63.96511371433405202, 9.490940498009988957 ) ) ;
#114 = CARTESIAN_POINT ( 'NONE',  ( 788.0745207650776365, 92.22352121191789820, 46.47413488665760184 ) ) ;
#115 = CARTESIAN_POINT ( 'NONE',  ( 1350.334118470924068, 981.7601930548468090, 129.6647771894862160 ) ) ;
#116 = CARTESIAN_POINT ( 'NONE',  ( 1455.768919131060102, 924.4604941973808536, -63.05858492523977787 ) ) ;
#117 = CARTESIAN_POINT ( 'NONE',  ( 1445.266035338701158, 714.2295404220068349, -144.4710512817080428 ) ) ;
#118 = CARTESIAN_POINT ( 'NONE',  ( 1456.219594788577751, 923.7949366954536572, -57.98907513331189278 ) ) ;
#119 = CARTESIAN_POINT ( 'NONE',  ( 734.7780793716935932, 28.39737443348196422, -64.97045929223395433 ) ) ;
#120 = CARTESIAN_POINT ( 'NONE',  ( 1083.774917800920093, 366.8448168223018229, 104.2344235095567910 ) ) ;
#121 = CARTESIAN_POINT ( 'NONE',  ( 990.0860716665524706, 276.8214352528852373, 114.7696683016184380 ) ) ;
#122 = CARTESIAN_POINT ( 'NONE',  ( 1132.193781600972216, 402.4148912981924013, 72.77966077864195427 ) ) ;
#123 = CARTESIAN_POINT ( 'NONE',  ( 947.0135315395790485, 201.9236513435200777, 28.43262658299487100 ) ) ;
#124 = CARTESIAN_POINT ( 'NONE',  ( 1114.998940920466339, 255.2106623873938815, -109.1869187299470951 ) ) ;
#125 = CARTESIAN_POINT ( 'NONE',  ( 1451.371989372068583, 703.8086168734045032, -155.4955347890256121 ) ) ;
#126 = CARTESIAN_POINT ( 'NONE',  ( 892.2379256980555056, 183.4055128650106781, 95.75804878319341640 ) ) ;
#127 = CARTESIAN_POINT ( 'NONE',  ( 1443.214464843565338, 907.2533476763454701, -55.03193426051684867 ) ) ;
#128 = CARTESIAN_POINT ( 'NONE',  ( 1301.502125413022895, 600.9630027691698615, -0.3245977977719566310 ) ) ;
#129 = CARTESIAN_POINT ( 'NONE',  ( 942.9057694946488937, 224.4255946486102005, 90.80942047025779118 ) ) ;
#130 = CARTESIAN_POINT ( 'NONE',  ( 1400.653321900269248, 1005.855170386093164, 45.97079999531867855 ) ) ;
#131 = CARTESIAN_POINT ( 'NONE',  ( 1382.370735054091938, 999.6757691697783912, 81.47320783913421849 ) ) ;
#132 = CARTESIAN_POINT ( 'NONE',  ( 1106.992951628798892, 283.8687348507976935, -41.96330106470907140 ) ) ;
#133 = CARTESIAN_POINT ( 'NONE',  ( 618.2102345731555033, 27.99212089290755401, 44.14919739781799279 ) ) ;
#134 = CARTESIAN_POINT ( 'NONE',  ( 902.9720300086800080, 112.9398432587129975, -72.07187275036871199 ) ) ;
#135 = CARTESIAN_POINT ( 'NONE',  ( 944.5905382812070457, 215.1866556354548550, 61.72670744045507263 ) ) ;
#136 = CARTESIAN_POINT ( 'NONE',  ( 787.0521269072932000, 103.0168594713953922, 69.93715056134871588 ) ) ;
#137 = CARTESIAN_POINT ( 'NONE',  ( 618.4728882729892803, 13.04252650656864176, 13.32812924411421385 ) ) ;
#138 = CARTESIAN_POINT ( 'NONE',  ( 1402.981546845346202, 664.3210200234844933, -106.8976932494189924 ) ) ;
#139 = CARTESIAN_POINT ( 'NONE',  ( 560.0000000000000000, 11.30857736489855192, 38.37284988935618912 ) ) ;
#140 = CARTESIAN_POINT ( 'NONE',  ( 731.7030691749168909, 74.13412693486017702, 48.63325465970623895 ) ) ;
#141 = CARTESIAN_POINT ( 'NONE',  ( 1475.089758539515969, 785.6008651006311538, -142.3418749031959862 ) ) ;
#142 = CARTESIAN_POINT ( 'NONE',  ( 676.1000677578085742, 30.61334081223510495, -20.67885805945626032 ) ) ;
#143 = CARTESIAN_POINT ( 'NONE',  ( 734.9799862342346159, 25.47822671438667541, -61.41530063666660055 ) ) ;
#144 = CARTESIAN_POINT ( 'NONE',  ( 559.9999999999995453, 1.188552426074819257, 12.20646429661922916 ) ) ;
#145 = CARTESIAN_POINT ( 'NONE',  ( 1321.020026139895435, 693.5076708261516387, 13.46454609737238961 ) ) ;
#146 = CARTESIAN_POINT ( 'NONE',  ( 1296.695957317107286, 859.9807572403235554, 169.4383266753420685 ) ) ;
#147 = CARTESIAN_POINT ( 'NONE',  ( 1239.362174965119266, 600.4838517541112424, 99.43451487358362328 ) ) ;
#148 = CARTESIAN_POINT ( 'NONE',  ( 943.4493984283129748, 221.4829520325840804, 96.62815556973325215 ) ) ;
#149 = CARTESIAN_POINT ( 'NONE',  ( 846.9974876720484644, 88.57289744644920404, -31.59620260672352288 ) ) ;
#150 = CARTESIAN_POINT ( 'NONE',  ( 1469.149992943994675, 904.6993335680037944, -84.36080723569871509 ) ) ;
#151 = CARTESIAN_POINT ( 'NONE',  ( 847.3022479222612446, 85.97611053960960703, -62.18421118529919767 ) ) ;
#152 = CARTESIAN_POINT ( 'NONE',  ( 1167.143251834332204, 291.0424821174340195, -128.4501346954903624 ) ) ;
#153 = CARTESIAN_POINT ( 'NONE',  ( 1012.276136126170059, 173.3137697785809905, -79.33247404085386734 ) ) ;
#154 = CARTESIAN_POINT ( 'NONE',  ( 841.5176009509890491, 133.1290588010828344, 68.34069307803285653 ) ) ;
#155 = CARTESIAN_POINT ( 'NONE',  ( 1320.251811737643038, 927.6552864380546453, 158.0028153690255124 ) ) ;
#156 = CARTESIAN_POINT ( 'NONE',  ( 1394.880253203307575, 980.6737689487572425, 55.30974804542491086 ) ) ;
#157 = CARTESIAN_POINT ( 'NONE',  ( 1280.349289761497630, 646.8040245402181654, 45.97932551594914941 ) ) ;
#158 = CARTESIAN_POINT ( 'NONE',  ( 1320.797214798113373, 926.7236459289852064, 156.0486360540167823 ) ) ;
#159 = CARTESIAN_POINT ( 'NONE',  ( 559.9999999999997726, 0.5104394643083874916, -17.62168801594816259 ) ) ;
#160 = CARTESIAN_POINT ( 'NONE',  ( 1145.554743102501789, 359.8536449525085459, 0.3328767393975555211 ) ) ;
#161 = CARTESIAN_POINT ( 'NONE',  ( 1080.349206269740989, 379.0644704828427507, 113.6384894900411950 ) ) ;
#162 = CARTESIAN_POINT ( 'NONE',  ( 1409.708476682507580, 888.4012820645168631, -0.2390190060001515793 ) ) ;
#163 = CARTESIAN_POINT ( 'NONE',  ( 993.7619086418412735, 259.6894676550114696, 87.12737562833436300 ) ) ;
#164 = CARTESIAN_POINT ( 'NONE',  ( 618.6383346633318752, 3.346305218733622411, -17.97705347317366886 ) ) ;
#165 = CC_DESIGN_PERSON_AND_ORGANIZATION_ASSIGNMENT ( #5725, #3755, ( #4013 ) ) ;
#166 = CARTESIAN_POINT ( 'NONE',  ( 942.7282070040719191, 225.4013661590644517, 94.49701618583290497 ) ) ;
#167 = CARTESIAN_POINT ( 'NONE',  ( 1312.551730958960661, 427.2527294659497556, -166.8488888025964059 ) ) ;
#168 = CARTESIAN_POINT ( 'NONE',  ( 788.3406696532373417, 89.23330468206911803, 5.995273054818924585 ) ) ;
#169 = CARTESIAN_POINT ( 'NONE',  ( 847.6778975712186366, 82.92773729013104855, -67.23016236722135375 ) ) ;
#170 = CARTESIAN_POINT ( 'NONE',  ( 1201.527954218183368, 545.0525006684380287, 93.36813571920326638 ) ) ;
#171 = CARTESIAN_POINT ( 'NONE',  ( 1303.783201055311110, 846.9352141098099764, 154.7445411882613655 ) ) ;
#172 = CARTESIAN_POINT ( 'NONE',  ( 1049.717552169942792, 272.0861108281988550, 24.37621284478878891 ) ) ;
#173 = CARTESIAN_POINT ( 'NONE',  ( 579.4506114733333106, -0.03562345316105896414, -4.471224342351927561 ) ) ;
#174 = CARTESIAN_POINT ( 'NONE',  ( 1285.852738719258923, 763.6953023465540582, 125.2086439050297884 ) ) ;
#175 = CARTESIAN_POINT ( 'NONE',  ( 1391.380257889736640, 553.1186817547855981, -170.8648149901391093 ) ) ;
#176 = CARTESIAN_POINT ( 'NONE',  ( 1276.739971289014647, 511.9850200130350117, -59.61970123161934509 ) ) ;
#177 = CARTESIAN_POINT ( 'NONE',  ( 1092.262724084140473, 336.5157542869692975, 51.37745333795027136 ) ) ;
#178 = CARTESIAN_POINT ( 'NONE',  ( 1217.180625156352107, 504.4061533602330769, 22.67877812067117205 ) ) ;
#179 = CARTESIAN_POINT ( 'NONE',  ( 945.9187971000276320, 207.9973543039538413, 70.54240631410407047 ) ) ;
#180 = CARTESIAN_POINT ( 'NONE',  ( 1378.012229317011816, 1006.296406458666524, 90.94560682004632213 ) ) ;
#181 = CARTESIAN_POINT ( 'NONE',  ( 676.6731224930786084, 17.26472735066937858, -26.51082815991319919 ) ) ;
#182 = CARTESIAN_POINT ( 'NONE',  ( 961.2331930692121205, 124.2517898777475693, -106.1623099179793002 ) ) ;
#183 = CARTESIAN_POINT ( 'NONE',  ( 1452.342924959148604, 821.3611718940134097, -102.6096258441306333 ) ) ;
#184 = CARTESIAN_POINT ( 'NONE',  ( 1344.726483929081724, 507.2355630828884046, -138.7102832483926136 ) ) ;
#185 = CARTESIAN_POINT ( 'NONE',  ( 1461.670573177368397, 806.7004970727359705, -111.6814942497245084 ) ) ;
#186 = CARTESIAN_POINT ( 'NONE',  ( 1357.164778406577398, 971.0194778632420594, 114.2716084294079479 ) ) ;
#187 = CARTESIAN_POINT ( 'NONE',  ( 1155.322126061407971, 510.2892979278897769, 152.5250078981205775 ) ) ;
#188 = CARTESIAN_POINT ( 'NONE',  ( 1089.564273770788077, 346.1587733804083769, 68.30504436072959606 ) ) ;
#189 = CARTESIAN_POINT ( 'NONE',  ( 1419.323518475059473, 634.2380675043336851, -148.5409327275852434 ) ) ;
#190 = CARTESIAN_POINT ( 'NONE',  ( 734.3667899817537545, 34.48299959020942396, -56.09336323658926204 ) ) ;
#191 = CARTESIAN_POINT ( 'NONE',  ( 1155.350026662569462, 510.2086252892139555, 151.2415113013597363 ) ) ;
#192 = CARTESIAN_POINT ( 'NONE',  ( 900.6795828888400592, 127.9572312638462819, -46.25502210862420327 ) ) ;
#193 = CARTESIAN_POINT ( 'NONE',  ( 1333.383454063037334, 668.8594345569412098, -0.3963372221207973056 ) ) ;
#194 = CARTESIAN_POINT ( 'NONE',  ( 1225.933919523650957, 632.2487225535010111, 136.7691374722551814 ) ) ;
#195 = CARTESIAN_POINT ( 'NONE',  ( 675.6073193592752659, 42.69606804377010434, 43.75669818690948176 ) ) ;
#196 = CARTESIAN_POINT ( 'NONE',  ( 579.4718235433367681, -2.963673185010062827, -14.86771423223996003 ) ) ;
#197 = CARTESIAN_POINT ( 'NONE',  ( 675.3080864509140611, 49.73319923069478676, 53.91633567981848074 ) ) ;
#198 = CARTESIAN_POINT ( 'NONE',  ( 1371.232134647978683, 593.3146914404104564, -124.2315985266536558 ) ) ;
#199 = CARTESIAN_POINT ( 'NONE',  ( 1365.777188290514687, 957.4713006169218943, 82.70572024990482873 ) ) ;
#200 = CARTESIAN_POINT ( 'NONE',  ( 579.3535424747404932, 13.43466342347683806, 35.04877925505458336 ) ) ;
#201 = CARTESIAN_POINT ( 'NONE',  ( 1224.010091638240510, 486.7154710651486766, 20.07334301220740969 ) ) ;
#202 = CARTESIAN_POINT ( 'NONE',  ( 1004.268042775187382, 210.6833870515705769, -6.517792763419533841 ) ) ;
#203 = CARTESIAN_POINT ( 'NONE',  ( 849.1700120747229903, 70.88254523416220820, -73.75891813421101517 ) ) ;
#204 = CARTESIAN_POINT ( 'NONE',  ( 1338.273053028651702, 896.8809278057549363, 105.0340973646697336 ) ) ;
#205 = CARTESIAN_POINT ( 'NONE',  ( 1471.228604963566795, 864.6988908656131798, -103.9064042479365781 ) ) ;
#206 = CARTESIAN_POINT ( 'NONE',  ( 900.1979079111295050, 131.1139468125509211, -40.39629693689886381 ) ) ;
#207 = CARTESIAN_POINT ( 'NONE',  ( 843.5314413561791298, 116.7685907090064319, 33.49481413256526707 ) ) ;
#208 = CARTESIAN_POINT ( 'NONE',  ( 618.3188007421668999, 21.26692065469426041, 4.010316103202004712 ) ) ;
#209 = CARTESIAN_POINT ( 'NONE',  ( 1320.699420934402042, 926.8922712868234157, 158.7434101536710500 ) ) ;
#210 = CARTESIAN_POINT ( 'NONE',  ( 1403.710270170064405, 1001.340671277906040, 47.54885969813274471 ) ) ;
#211 = CARTESIAN_POINT ( 'NONE',  ( 1321.424275368714689, 557.7638516836253757, -64.72528946235271974 ) ) ;
#212 = CARTESIAN_POINT ( 'NONE',  ( 1454.532715128971859, 698.4150368702976266, -160.1405558615542759 ) ) ;
#213 = CARTESIAN_POINT ( 'NONE',  ( 1160.399486398889167, 312.5142673035388725, -99.55139541744418352 ) ) ;
#214 = CARTESIAN_POINT ( 'NONE',  ( 676.9310663905844194, 11.05528724631994919, -46.47441219750699304 ) ) ;
#215 = CARTESIAN_POINT ( 'NONE',  ( 905.0300459956526993, 99.52138683961794641, -79.37554533328490436 ) ) ;
#216 = CARTESIAN_POINT ( 'NONE',  ( 1287.949436377476104, 759.5244310741969684, 132.8370332357380335 ) ) ;
#217 = CARTESIAN_POINT ( 'NONE',  ( 1220.603697675095191, 644.8771502477675313, 165.8802207755480254 ) ) ;
#218 = CARTESIAN_POINT ( 'NONE',  ( 1329.753974505400947, 799.1252589313144199, 85.27355566212443705 ) ) ;
#219 = CARTESIAN_POINT ( 'NONE',  ( 1464.049609816759130, 912.2315758721508701, -73.35358032858502497 ) ) ;
#220 = CARTESIAN_POINT ( 'NONE',  ( 1412.768418873118435, 646.2952430526885337, -142.5961427733700759 ) ) ;
#221 = CARTESIAN_POINT ( 'NONE',  ( 942.2546366158591127, 228.0047198724622604, 105.6038281048443963 ) ) ;
#222 = CARTESIAN_POINT ( 'NONE',  ( 951.7122687821108684, 176.2353502084998240, -24.99091388188940499 ) ) ;
#223 = CARTESIAN_POINT ( 'NONE',  ( 676.2910335799207360, 26.41776554946224564, 0.8896082680980902380 ) ) ;
#224 = CARTESIAN_POINT ( 'NONE',  ( 892.5359517300939842, 181.4323985107105557, 85.69893696710319375 ) ) ;
#225 = CALENDAR_DATE ( 2026, 20, 9 ) ;
#226 = CARTESIAN_POINT ( 'NONE',  ( 1358.213972038810198, 969.3696050460615652, 111.9815930958428538 ) ) ;
#227 = CARTESIAN_POINT ( 'NONE',  ( 618.6615651176897472, 1.972560419025539469, -22.69792574754986347 ) ) ;
#228 = CARTESIAN_POINT ( 'NONE',  ( 786.6332499998919729, 107.4263181837657157, 74.78978635298864219 ) ) ;
#229 = CARTESIAN_POINT ( 'NONE',  ( 1312.496618674292904, 427.3840806813860809, -166.3058752934219342 ) ) ;
#230 = CARTESIAN_POINT ( 'NONE',  ( 1207.062462167802323, 362.0153472323093524, -105.4440928275272853 ) ) ;
#231 = CARTESIAN_POINT ( 'NONE',  ( 1040.137007742021751, 310.8739278923347911, 73.07481492694914493 ) ) ;
#232 = CARTESIAN_POINT ( 'NONE',  ( 1254.806260844989993, 702.2163227434525652, 152.7123536897853455 ) ) ;
#233 = CARTESIAN_POINT ( 'NONE',  ( 789.3328301484798430, 78.91921735223353096, 15.43652352509863235 ) ) ;
#234 = CARTESIAN_POINT ( 'NONE',  ( 1204.846334680491054, 368.3998478072847433, -76.43160672987946214 ) ) ;
#235 = CARTESIAN_POINT ( 'NONE',  ( 579.4451946594049332, 0.7127722618162518620, -1.876673744278262834 ) ) ;
#236 = CARTESIAN_POINT ( 'NONE',  ( 1384.932034758105829, 565.9932953038205596, -148.3276017484076590 ) ) ;
#237 = CARTESIAN_POINT ( 'NONE',  ( 1229.381775710554848, 624.0840569203639916, 120.9666705400839533 ) ) ;
#238 = CARTESIAN_POINT ( 'NONE',  ( 579.5021482034430846, -7.063994603186514176, -40.75460133946574359 ) ) ;
#239 = CARTESIAN_POINT ( 'NONE',  ( 1427.593283730624535, 930.9823068746254648, -24.41904305245811813 ) ) ;
#240 = CARTESIAN_POINT ( 'NONE',  ( 1284.992238040859547, 636.7628875253017213, 53.51246560120783613 ) ) ;
#241 = CARTESIAN_POINT ( 'NONE',  ( 843.1325855742123849, 119.8644263914828230, 6.691863758522105243 ) ) ;
#242 = CARTESIAN_POINT ( 'NONE',  ( 1078.328911265769875, 386.3004510341036735, 134.9523010148457161 ) ) ;
#243 = CARTESIAN_POINT ( 'NONE',  ( 1243.670218085055239, 590.2880206245301906, 83.70950476752463487 ) ) ;
#244 = CARTESIAN_POINT ( 'NONE',  ( 1202.447288342232014, 375.2740331264575957, -65.28957685536693134 ) ) ;
#245 = CARTESIAN_POINT ( 'NONE',  ( 1454.375419615181727, 926.5184133266697017, -60.59594238364428520 ) ) ;
#246 = CARTESIAN_POINT ( 'NONE',  ( 848.8247417288506540, 73.69447762345367892, -67.07076063111465203 ) ) ;
#247 = CARTESIAN_POINT ( 'NONE',  ( 1416.450902349534772, 639.5258231855095801, -141.3287431224258910 ) ) ;
#248 = CARTESIAN_POINT ( 'NONE',  ( 787.7706385750817617, 95.43246955665722453, 53.54947000297651272 ) ) ;
#249 = CARTESIAN_POINT ( 'NONE',  ( 892.3508890554063555, 182.6684954125967693, 95.74333620169083758 ) ) ;
#250 = CARTESIAN_POINT ( 'NONE',  ( 1276.746929610458210, 654.6417292496352047, 80.44085662660657476 ) ) ;
#251 = CARTESIAN_POINT ( 'NONE',  ( 1064.124126642758711, 213.6130213645019751, -101.5937103062868800 ) ) ;
#252 = CARTESIAN_POINT ( 'NONE',  ( 1435.180391198491407, 954.8656181272965568, -25.02748582778824371 ) ) ;
#253 = CARTESIAN_POINT ( 'NONE',  ( 560.0000000000000000, 4.047703380448455235, -7.773389291426011205 ) ) ;
#254 = CARTESIAN_POINT ( 'NONE',  ( 731.5871934097991698, 75.91573771239623625, 62.41460953547775858 ) ) ;
#255 = CARTESIAN_POINT ( 'NONE',  ( 1357.178683155183990, 748.6220089619324654, -8.154520285927434387 ) ) ;
#256 = CARTESIAN_POINT ( 'NONE',  ( 1387.096946447563141, 992.4966603813977599, 71.60601462874049616 ) ) ;
#257 = CARTESIAN_POINT ( 'NONE',  ( 1156.987467824148780, 323.4314812525053071, -61.51831756224875392 ) ) ;
#258 = CARTESIAN_POINT ( 'NONE',  ( 1373.238584360895175, 1013.547767923496053, 96.81547217406688333 ) ) ;
#259 = CARTESIAN_POINT ( 'NONE',  ( 1060.398608141085333, 228.7091954484125722, -79.31039979443278298 ) ) ;
#260 = CARTESIAN_POINT ( 'NONE',  ( 1161.539352689457701, 492.4570829780117833, 110.7565245220869627 ) ) ;
#261 = CARTESIAN_POINT ( 'NONE',  ( 675.4930476571311146, 45.40054750997118305, 50.13763882655660353 ) ) ;
#262 = CARTESIAN_POINT ( 'NONE',  ( 1219.145217088377422, 499.3455048588166960, 40.26610543425682209 ) ) ;
#263 = CARTESIAN_POINT ( 'NONE',  ( 1394.759200177632010, 679.4571277760172734, -85.68832972699799200 ) ) ;
#264 = CARTESIAN_POINT ( 'NONE',  ( 1231.338273721717314, 467.6902269820864149, -10.15975716137792340 ) ) ;
#265 = CARTESIAN_POINT ( 'NONE',  ( 1216.228612441933592, 335.7850483075920920, -128.8013224980798839 ) ) ;
#266 = CARTESIAN_POINT ( 'NONE',  ( 1332.530601958365651, 906.6864973139259973, 121.1371916357431076 ) ) ;
#267 = CARTESIAN_POINT ( 'NONE',  ( 1474.160672623846267, 787.0612127610777407, -141.0698369396886278 ) ) ;
#268 = CARTESIAN_POINT ( 'NONE',  ( 1422.051444090404175, 868.9866229373375290, -42.32726603105697905 ) ) ;
#269 = CARTESIAN_POINT ( 'NONE',  ( 1260.527553822272466, 391.8876695230994187, -140.7195999924211947 ) ) ;
#270 = CARTESIAN_POINT ( 'NONE',  ( 1317.338451408872288, 700.8546433315041213, 24.37989908571841013 ) ) ;
#271 = CARTESIAN_POINT ( 'NONE',  ( 1118.309465885040709, 446.6322435678073930, 144.0314116658229580 ) ) ;
#272 = CARTESIAN_POINT ( 'NONE',  ( 732.4949076024055330, 62.49082396334343059, 38.64871729435521530 ) ) ;
#273 = CARTESIAN_POINT ( 'NONE',  ( 902.0065726822199395, 119.3672643905594697, -35.32570382849580426 ) ) ;
#274 = CARTESIAN_POINT ( 'NONE',  ( 1372.904184737494461, 946.2641372414558418, 65.63719790985956593 ) ) ;
#275 = CARTESIAN_POINT ( 'NONE',  ( 1451.590863146499032, 930.6306444097991744, -55.61723760801132954 ) ) ;
#276 = CARTESIAN_POINT ( 'NONE',  ( 1258.465567255031829, 397.2614883580268952, -120.4866283313959343 ) ) ;
#277 = CARTESIAN_POINT ( 'NONE',  ( 1117.115225373061776, 247.6859026072888810, -105.5417429629974038 ) ) ;
#278 = CC_DESIGN_APPROVAL ( #3710, ( #4013 ) ) ;
#279 = CARTESIAN_POINT ( 'NONE',  ( 1126.309857349650883, 421.1557535958428957, 104.3361190191600514 ) ) ;
#280 = CARTESIAN_POINT ( 'NONE',  ( 1189.408166337357216, 576.5401992546661631, 160.0860573814530596 ) ) ;
#281 = CARTESIAN_POINT ( 'NONE',  ( 1331.777874735512569, 795.3994027289922997, 79.91643212568311583 ) ) ;
#282 = CARTESIAN_POINT ( 'NONE',  ( 1422.652056340339868, 628.1106978866574764, -157.1003712777401233 ) ) ;
#283 = CARTESIAN_POINT ( 'NONE',  ( 1003.984623905996159, 211.9149423054187196, -34.43576242983546365 ) ) ;
#284 = CARTESIAN_POINT ( 'NONE',  ( 579.4451946594049332, 0.7127722618162518620, -1.876673744278262834 ) ) ;
#285 = CARTESIAN_POINT ( 'NONE',  ( 1326.392732776982257, 917.1678119186145750, 139.2264204859244501 ) ) ;
#286 = APPLICATION_PROTOCOL_DEFINITION ( 'international standard', 'config_control_design', 1994, #4973 ) ;
#287 = CARTESIAN_POINT ( 'NONE',  ( 732.1949032428861983, 66.94060357993073751, 48.92392348416033343 ) ) ;
#288 = CARTESIAN_POINT ( 'NONE',  ( 734.2705867433857065, 36.07039887397596800, -30.69799189738414924 ) ) ;
#289 = CARTESIAN_POINT ( 'NONE',  ( 1321.809378454293892, 924.9949799810588047, 152.8631647153066808 ) ) ;
#290 = CARTESIAN_POINT ( 'NONE',  ( 1451.590863146499032, 930.6306444097991744, -55.61723760801132954 ) ) ;
#291 = CARTESIAN_POINT ( 'NONE',  ( 1231.887545911854431, 618.1508428554210468, 109.8659061372847958 ) ) ;
#292 = CARTESIAN_POINT ( 'NONE',  ( 893.4642028576870416, 175.3780927905852707, 83.19682029817215607 ) ) ;
#293 = CARTESIAN_POINT ( 'NONE',  ( 1322.246007044675252, 691.0847063220866175, 32.18989937629083187 ) ) ;
#294 = CARTESIAN_POINT ( 'NONE',  ( 1160.513677512809636, 495.4185719501264771, 131.7432214390446461 ) ) ;
#295 = CARTESIAN_POINT ( 'NONE',  ( 902.8459454513762239, 113.8593086697443937, -47.44300836659904519 ) ) ;
#296 = CARTESIAN_POINT ( 'NONE',  ( 1431.727804661462869, 737.3474495153627686, -105.2665013926721826 ) ) ;
#297 = CARTESIAN_POINT ( 'NONE',  ( 1236.233560686343708, 454.9810560883927906, -30.29723067801132430 ) ) ;
#298 = CARTESIAN_POINT ( 'NONE',  ( 1014.466996171059918, 163.0883622751788948, -99.16710438182246889 ) ) ;
#299 = CARTESIAN_POINT ( 'NONE',  ( 579.3296024121866594, 16.80719772238020226, 34.53613056106023294 ) ) ;
#300 = CARTESIAN_POINT ( 'NONE',  ( 844.6021141381711459, 107.9111575417287270, -20.33782398774505396 ) ) ;
#301 = CARTESIAN_POINT ( 'NONE',  ( 959.3387961767641627, 134.5866327037599319, -94.40732297384219862 ) ) ;
#302 = CARTESIAN_POINT ( 'NONE',  ( 1212.447708383638201, 516.6951100772980681, 43.11518738418370589 ) ) ;
#303 = CARTESIAN_POINT ( 'NONE',  ( 1273.420433450314476, 788.5158992812395127, 172.3886200837833371 ) ) ;
#304 = CARTESIAN_POINT ( 'NONE',  ( 946.8483355760606628, 202.9198708618058049, 60.65518202716400253 ) ) ;
#305 = CARTESIAN_POINT ( 'NONE',  ( 1444.880225473609698, 904.7228738817877911, -48.85825703734028735 ) ) ;
#306 = CARTESIAN_POINT ( 'NONE',  ( 1325.430412628014892, 807.0703813732209255, 78.53741583801399884 ) ) ;
#307 = CARTESIAN_POINT ( 'NONE',  ( 1121.257111526148037, 232.8691723460715650, -133.8712616945510945 ) ) ;
#308 = CARTESIAN_POINT ( 'NONE',  ( 1247.522345385322296, 425.6403955303583189, -96.22905102141722011 ) ) ;
#309 = CARTESIAN_POINT ( 'NONE',  ( 1304.150567407546305, 447.1434458214401957, -135.0939244637723959 ) ) ;
#310 = CARTESIAN_POINT ( 'NONE',  ( 1304.150567407546305, 447.1434458214401957, -135.0939244637723959 ) ) ;
#311 = CARTESIAN_POINT ( 'NONE',  ( 675.6073193592752659, 42.69606804377010434, 43.75669818690948176 ) ) ;
#312 = CARTESIAN_POINT ( 'NONE',  ( 840.3657056340098279, 142.4785013893188079, 85.94971589936298528 ) ) ;
#313 = CARTESIAN_POINT ( 'NONE',  ( 618.4201830175840087, 16.09451885121380599, 22.09967401663357123 ) ) ;
#314 = CARTESIAN_POINT ( 'NONE',  ( 1424.020408720333080, 625.5908532736118559, -160.7270086030888478 ) ) ;
#315 = CARTESIAN_POINT ( 'NONE',  ( 1168.818085659814415, 285.7091451209755064, -134.8779347029378357 ) ) ;
#316 = CARTESIAN_POINT ( 'NONE',  ( 579.5134031272735911, -8.677356936945839649, -37.73255903021505020 ) ) ;
#317 = CARTESIAN_POINT ( 'NONE',  ( 1276.739971289014647, 511.9850200130350117, -59.61970123161934509 ) ) ;
#318 = CARTESIAN_POINT ( 'NONE',  ( 952.8637154370603639, 170.0452030589659671, -5.754645608830487369 ) ) ;
#319 = CARTESIAN_POINT ( 'NONE',  ( 1224.126937281480878, 636.5282306603363622, 145.5683381197029291 ) ) ;
#320 = PERSON_AND_ORGANIZATION ( #5790, #2188 ) ;
#321 = CARTESIAN_POINT ( 'NONE',  ( 1362.411135491492360, 962.7700693445192428, 102.8696407094021907 ) ) ;
#322 = CARTESIAN_POINT ( 'NONE',  ( 731.5763513013057491, 76.08330263594605469, 63.90741501769011990 ) ) ;
#323 = CARTESIAN_POINT ( 'NONE',  ( 1111.082082842118325, 269.2018311828558694, -89.24133765125580453 ) ) ;
#324 = CARTESIAN_POINT ( 'NONE',  ( 1260.413348936363491, 690.0419216100323183, 118.3858572579392501 ) ) ;
#325 = CARTESIAN_POINT ( 'NONE',  ( 618.2821376759635541, 24.01366488030509316, 42.35231465610422674 ) ) ;
#326 = CARTESIAN_POINT ( 'NONE',  ( 1050.764894827493436, 267.8392884050456928, 16.47933582482925985 ) ) ;
#327 = CARTESIAN_POINT ( 'NONE',  ( 943.7814053246462436, 219.6707700400158956, 93.20418359491614524 ) ) ;
#328 = CARTESIAN_POINT ( 'NONE',  ( 1060.735676481006749, 227.4055440187144939, -58.48233535077386591 ) ) ;
#329 = CARTESIAN_POINT ( 'NONE',  ( 1308.120165377787544, 586.6124260684559886, -21.83293636434246920 ) ) ;
#330 = CARTESIAN_POINT ( 'NONE',  ( 1418.369357183769807, 635.9944634698503023, -146.1465832237053348 ) ) ;
#331 = CARTESIAN_POINT ( 'NONE',  ( 559.9999999999996589, 11.26908349727933434, 29.25694560249802478 ) ) ;
#332 = CARTESIAN_POINT ( 'NONE',  ( 1002.301061078809880, 219.7681428182385162, -20.08177652549255399 ) ) ;
#333 = CARTESIAN_POINT ( 'NONE',  ( 791.7356167038263948, 53.36134464628856477, -67.22363717754532786 ) ) ;
#334 = CARTESIAN_POINT ( 'NONE',  ( 579.3514683834555399, 13.85680367427688608, 11.21061153852078895 ) ) ;
#335 = CARTESIAN_POINT ( 'NONE',  ( 675.3198711183656542, 49.49023454484899531, 57.68124243012505303 ) ) ;
#336 = CARTESIAN_POINT ( 'NONE',  ( 948.6845115759144846, 192.8874937039173290, 40.81413458546758477 ) ) ;
#337 = CARTESIAN_POINT ( 'NONE',  ( 1365.163150097652533, 605.4420773410103038, -92.34522566581223657 ) ) ;
#338 = CARTESIAN_POINT ( 'NONE',  ( 560.0000000000000000, -1.476181366004839512, 3.446640058378000138 ) ) ;
#339 = CARTESIAN_POINT ( 'NONE',  ( 1239.674069987363737, 599.7158594308805277, 77.05750808237057470 ) ) ;
#340 = CARTESIAN_POINT ( 'NONE',  ( 1220.835691737742764, 322.5757414561115866, -152.2424799690714110 ) ) ;
#341 = CARTESIAN_POINT ( 'NONE',  ( 1423.876938326069194, 750.7388141428872359, -100.6742863572277855 ) ) ;
#342 = CARTESIAN_POINT ( 'NONE',  ( 960.2398746669636012, 129.7111726854440406, -89.14451728491191318 ) ) ;
#343 = CARTESIAN_POINT ( 'NONE',  ( 1062.842388341008473, 218.8614334617361692, -74.24794895728355471 ) ) ;
#344 = CARTESIAN_POINT ( 'NONE',  ( 892.4572064197163854, 181.9728831564440554, 94.92505581819766292 ) ) ;
#345 = CARTESIAN_POINT ( 'NONE',  ( 618.7630168755434852, -4.131227104039402853, -46.53769571665367266 ) ) ;
#346 = CARTESIAN_POINT ( 'NONE',  ( 676.7969030912230437, 14.08805751018488728, -53.05491690558209683 ) ) ;
#347 = CARTESIAN_POINT ( 'NONE',  ( 960.6684017204833026, 127.3690499075676996, -93.72738937719962848 ) ) ;
#348 = CARTESIAN_POINT ( 'NONE',  ( 904.6550652785388138, 101.9226519727419458, -88.28754348249169936 ) ) ;
#349 = CARTESIAN_POINT ( 'NONE',  ( 1306.793301457038297, 589.4621061113373344, -40.09668713001624241 ) ) ;
#350 = CARTESIAN_POINT ( 'NONE',  ( 618.5471386097683535, 8.709434869668928769, -0.1964238373378722480 ) ) ;
#351 = CARTESIAN_POINT ( 'NONE',  ( 675.3080864509140611, 49.73319923069478676, 53.91633567981848074 ) ) ;
#352 = CARTESIAN_POINT ( 'NONE',  ( 1235.066511712167085, 610.6501762134490718, 115.1422495014414693 ) ) ;
#353 = CARTESIAN_POINT ( 'NONE',  ( 1221.179394551371615, 643.5090269045139166, 159.8063458445684830 ) ) ;
#354 = CARTESIAN_POINT ( 'NONE',  ( 1450.146455049929955, 824.8144504944417577, -98.40972406159372099 ) ) ;
#355 = CARTESIAN_POINT ( 'NONE',  ( 731.7030691749168909, 74.13412693486017702, 48.63325465970623895 ) ) ;
#356 = CARTESIAN_POINT ( 'NONE',  ( 944.3430960104046790, 216.6033080679667933, 87.05905079876328045 ) ) ;
#357 = CARTESIAN_POINT ( 'NONE',  ( 1226.452867436602446, 480.3736472559783124, 9.996120616162249561 ) ) ;
#358 = CARTESIAN_POINT ( 'NONE',  ( 1081.830347821142368, 373.7930302973559265, 116.5697684905799605 ) ) ;
#359 = CARTESIAN_POINT ( 'NONE',  ( 734.3718703206432110, 34.55989047827284821, -34.93354196338382422 ) ) ;
#360 = CARTESIAN_POINT ( 'NONE',  ( 1254.739717741818140, 406.9349720830707042, -105.5468561457108905 ) ) ;
#361 = CARTESIAN_POINT ( 'NONE',  ( 1057.060961404703676, 242.3082461173165143, -30.86746480488963584 ) ) ;
#362 = CARTESIAN_POINT ( 'NONE',  ( 1260.527553822272466, 391.8876695230994187, -140.7195999924211947 ) ) ;
#363 = CARTESIAN_POINT ( 'NONE',  ( 1254.914388885720655, 701.9704965843359332, 140.3421062501559504 ) ) ;
#364 = CARTESIAN_POINT ( 'NONE',  ( 675.9797715191572252, 33.47954146828925559, -13.52833189231063216 ) ) ;
#365 = CARTESIAN_POINT ( 'NONE',  ( 579.4749170874105175, -3.261887127261994035, -35.32147284151248101 ) ) ;
#366 = CARTESIAN_POINT ( 'NONE',  ( 1411.538686128763629, 989.7796719593130774, 22.43455123410404894 ) ) ;
#367 = CARTESIAN_POINT ( 'NONE',  ( 675.3700411440582911, 48.30888787394637518, 56.23190457540064102 ) ) ;
#368 = CARTESIAN_POINT ( 'NONE',  ( 1045.672774852423345, 288.4854311486508891, 54.58049304183057160 ) ) ;
#369 = CARTESIAN_POINT ( 'NONE',  ( 1009.870379463139670, 184.5412057446123413, -57.50030978720705122 ) ) ;
#370 = EDGE_LOOP ( 'NONE', ( #5212, #3334, #6183, #1818 ) ) ;
#371 = CARTESIAN_POINT ( 'NONE',  ( 1329.272303635608068, 799.9970707154972160, 67.52120643023535251 ) ) ;
#372 = CARTESIAN_POINT ( 'NONE',  ( 1069.199365231991578, 193.0601958163346126, -125.5862024763624021 ) ) ;
#373 = CARTESIAN_POINT ( 'NONE',  ( 1061.003932001236535, 226.2559851931054311, -83.06268808362793266 ) ) ;
#374 = CARTESIAN_POINT ( 'NONE',  ( 1118.130502009914380, 244.0564137242797926, -111.8925337634378252 ) ) ;
#375 = CARTESIAN_POINT ( 'NONE',  ( 1331.466750019527126, 535.9877142171560536, -96.80462880233629619 ) ) ;
#376 = CARTESIAN_POINT ( 'NONE',  ( 1233.643403438369432, 614.0181517290952797, 120.3505004270677148 ) ) ;
#377 = CARTESIAN_POINT ( 'NONE',  ( 1324.458629741930736, 920.4751078808578768, 151.5570400283212962 ) ) ;
#378 = CARTESIAN_POINT ( 'NONE',  ( 1266.879971313319402, 375.4118178279927633, -154.8667941652414868 ) ) ;
#379 = CARTESIAN_POINT ( 'NONE',  ( 849.3083000600233845, 69.75769569936844050, -76.27405987208665294 ) ) ;
#380 = CARTESIAN_POINT ( 'NONE',  ( 676.8531469032044470, 12.75615789054828930, -55.02811061105531110 ) ) ;
#381 = CARTESIAN_POINT ( 'NONE',  ( 676.8435592913508572, 13.16795144999933598, -39.35499070259846377 ) ) ;
#382 = CARTESIAN_POINT ( 'NONE',  ( 949.8668033878341248, 186.3214058631482715, -5.184214254494592389 ) ) ;
#383 = CARTESIAN_POINT ( 'NONE',  ( 1301.502125413022895, 600.9630027691698615, -0.3245977977719566310 ) ) ;
#384 = CARTESIAN_POINT ( 'NONE',  ( 675.3046208047860546, 49.82500572656809368, 55.19629559086633463 ) ) ;
#385 = CARTESIAN_POINT ( 'NONE',  ( 560.0000000000002274, 5.552997302550017444, 24.74596370466712614 ) ) ;
#386 = CARTESIAN_POINT ( 'NONE',  ( 895.8406007444755232, 159.6912266209340316, 19.64097289802232638 ) ) ;
#387 = CARTESIAN_POINT ( 'NONE',  ( 1108.815851652829224, 277.2977962916844490, -77.10635297043245373 ) ) ;
#388 = CARTESIAN_POINT ( 'NONE',  ( 675.3483479108506344, 48.68801948288448500, 42.06882121241176975 ) ) ;
#389 = CARTESIAN_POINT ( 'NONE',  ( 1356.152089944326008, 972.6117780367940213, 116.5092408865409794 ) ) ;
#390 = CARTESIAN_POINT ( 'NONE',  ( 1228.896341422567957, 474.0299600136144136, -0.08040579440100675823 ) ) ;
#391 = CARTESIAN_POINT ( 'NONE',  ( 1378.705208476733560, 1005.243762527996637, 89.40564549501273461 ) ) ;
#392 = CARTESIAN_POINT ( 'NONE',  ( 1005.867207234415901, 203.2216556333629569, -21.08945056119086914 ) ) ;
#393 = CARTESIAN_POINT ( 'NONE',  ( 1404.284824817311346, 784.1960587656070629, -40.43973293368547672 ) ) ;
#394 = CARTESIAN_POINT ( 'NONE',  ( 1284.161715122811756, 767.0708664881154846, 131.1330144681454897 ) ) ;
#395 = CARTESIAN_POINT ( 'NONE',  ( 1405.275236952724526, 895.3640444078466771, -6.960185639853253114 ) ) ;
#396 = CARTESIAN_POINT ( 'NONE',  ( 1214.629269631873967, 340.3440832497416295, -134.0902310213856765 ) ) ;
#397 = CARTESIAN_POINT ( 'NONE',  ( 618.2888966936058068, 23.03037339981666065, 10.32387010719103593 ) ) ;
#398 = CARTESIAN_POINT ( 'NONE',  ( 1274.761083228391044, 785.8416907244884442, 170.1672596338560197 ) ) ;
#399 = CARTESIAN_POINT ( 'NONE',  ( 1356.221037733224421, 866.2496381797177492, 75.01751985005948598 ) ) ;
#400 = CARTESIAN_POINT ( 'NONE',  ( 1014.496250029244266, 162.9106783813633683, -110.4325405753919966 ) ) ;
#401 = CARTESIAN_POINT ( 'NONE',  ( 791.3320353661461013, 57.74720600648210933, -37.65363242727860893 ) ) ;
#402 = CARTESIAN_POINT ( 'NONE',  ( 1393.561329818415970, 982.6773926744644996, 47.71100182416469693 ) ) ;
#403 = CARTESIAN_POINT ( 'NONE',  ( 1327.688849392073280, 544.1572312109224185, -102.7066264324937634 ) ) ;
#404 = CARTESIAN_POINT ( 'NONE',  ( 1262.200034501461232, 387.5658530311300751, -135.4091834067156697 ) ) ;
#405 = CARTESIAN_POINT ( 'NONE',  ( 1449.607464690812549, 897.5420524088393677, -58.56691334299854645 ) ) ;
#406 = CARTESIAN_POINT ( 'NONE',  ( 618.3463134384621753, 20.34257129835089017, 33.34407936326743993 ) ) ;
#407 = CARTESIAN_POINT ( 'NONE',  ( 1156.100142436834858, 508.0608703943634055, 150.6166093262247330 ) ) ;
#408 = CARTESIAN_POINT ( 'NONE',  ( 1015.249400945168645, 159.4344847089779478, -106.5757266858448986 ) ) ;
#409 = CARTESIAN_POINT ( 'NONE',  ( 676.7969030912230437, 14.08805751018488728, -53.05491690558209683 ) ) ;
#410 = CARTESIAN_POINT ( 'NONE',  ( 1372.716650096234844, 590.3689914008735968, -113.8785691544812408 ) ) ;
#411 = CARTESIAN_POINT ( 'NONE',  ( 1100.743750928829286, 306.2050402132617251, -2.360310964337298145 ) ) ;
#412 = CARTESIAN_POINT ( 'NONE',  ( 1035.605826958813168, 329.2830186200880576, 122.8223965066328134 ) ) ;
#413 = CALENDAR_DATE ( 2026, 20, 9 ) ;
#414 = CARTESIAN_POINT ( 'NONE',  ( 1370.605741856739542, 949.8849823913350292, 84.96668795649880224 ) ) ;
#415 = CARTESIAN_POINT ( 'NONE',  ( 579.4830072968147761, -4.394789992567933901, -37.09808019737102569 ) ) ;
#416 = CARTESIAN_POINT ( 'NONE',  ( 618.5209105209419249, 9.534210160521842781, -28.31415654524720438 ) ) ;
#417 = CARTESIAN_POINT ( 'NONE',  ( 1080.636325850306548, 378.0364434849009854, 110.8876467645268917 ) ) ;
#418 = CARTESIAN_POINT ( 'NONE',  ( 1405.584985070249786, 894.8848329862084938, 8.717820335255462183 ) ) ;
#419 = CARTESIAN_POINT ( 'NONE',  ( 618.2867654290527071, 23.74520313505401248, 41.68459726807049748 ) ) ;
#420 = CARTESIAN_POINT ( 'NONE',  ( 559.9999999999994316, -4.872975071440194483, -8.653255335284086414 ) ) ;
#421 = CARTESIAN_POINT ( 'NONE',  ( 958.4789001546400868, 139.3430716257816186, -69.12316842671695838 ) ) ;
#422 = CARTESIAN_POINT ( 'NONE',  ( 1344.550450236974712, 646.5752313019786470, -32.93194498946996163 ) ) ;
#423 = CARTESIAN_POINT ( 'NONE',  ( 559.9999999999996589, 11.23203886693321607, 32.08462699664617190 ) ) ;
#424 = CARTESIAN_POINT ( 'NONE',  ( 732.6868606486527824, 59.41021186470994309, -3.211326400807064996 ) ) ;
#425 = CARTESIAN_POINT ( 'NONE',  ( 958.6104472562059300, 138.5606787492953345, -88.85505389419891742 ) ) ;
#426 = CARTESIAN_POINT ( 'NONE',  ( 1376.837912443322239, 940.0784645828055091, 56.41273308628301919 ) ) ;
#427 = CARTESIAN_POINT ( 'NONE',  ( 1156.100142436834858, 508.0608703943634055, 150.6166093262247330 ) ) ;
#428 = CARTESIAN_POINT ( 'NONE',  ( 1400.076323154756892, 972.7808632427918383, 44.44428599766660426 ) ) ;
#429 = CARTESIAN_POINT ( 'NONE',  ( 1218.086462414751168, 330.4444944943937230, -145.7850408172122343 ) ) ;
#430 = CARTESIAN_POINT ( 'NONE',  ( 847.5642099035046613, 83.95949405235973018, -42.48765848613135887 ) ) ;
#431 = CARTESIAN_POINT ( 'NONE',  ( 1399.406558618126610, 1007.696389546048181, 48.77748076925144716 ) ) ;
#432 = CARTESIAN_POINT ( 'NONE',  ( 1454.159613043141462, 699.0530860890927443, -158.3076794726653986 ) ) ;
#433 = CARTESIAN_POINT ( 'NONE',  ( 845.8930263091215238, 97.42007835166171503, -41.52251112510474940 ) ) ;
#434 = CARTESIAN_POINT ( 'NONE',  ( 1118.773383116903688, 241.7591175487474118, -115.7516648433467878 ) ) ;
#435 = CARTESIAN_POINT ( 'NONE',  ( 1079.345088074933756, 382.6706671312715002, 130.9817812614637944 ) ) ;
#436 = CARTESIAN_POINT ( 'NONE',  ( 1468.745576970199181, 905.2965748007298998, -84.02305120106542802 ) ) ;
#437 = CARTESIAN_POINT ( 'NONE',  ( 1472.477805374789114, 789.7092684383413825, -134.5552210201624632 ) ) ;
#438 = CARTESIAN_POINT ( 'NONE',  ( 1121.135920878636171, 233.3042691729888816, -132.4804077261037776 ) ) ;
#439 = CARTESIAN_POINT ( 'NONE',  ( 560.0000000000004547, -4.383657650053605970, -28.62951780084933873 ) ) ;
#440 = CARTESIAN_POINT ( 'NONE',  ( 1264.595620247202987, 381.3312179004984159, -153.0003876187998628 ) ) ;
#441 = CARTESIAN_POINT ( 'NONE',  ( 1210.013193285175703, 353.5947695088795513, -100.3072329773409166 ) ) ;
#442 = MANIFOLD_SOLID_BREP ( 'Loft1', #1379 ) ;
#443 = CARTESIAN_POINT ( 'NONE',  ( 1321.658389397251767, 814.0284077572430306, 106.7159543843296916 ) ) ;
#444 = CARTESIAN_POINT ( 'NONE',  ( 579.3293464012371032, 16.81977153187956020, 39.09176727588733513 ) ) ;
#445 = CARTESIAN_POINT ( 'NONE',  ( 1086.169649198111756, 358.2886010305095397, 89.43734059833654726 ) ) ;
#446 = CARTESIAN_POINT ( 'NONE',  ( 1467.960816084791759, 796.8075756876891091, -131.1157376016714693 ) ) ;
#447 = CARTESIAN_POINT ( 'NONE',  ( 1370.226040107501603, 842.3263607454503017, 22.44957687923429290 ) ) ;
#448 = CARTESIAN_POINT ( 'NONE',  ( 846.4068973832677329, 93.24613439390581959, -49.33930030956580737 ) ) ;
#449 = CARTESIAN_POINT ( 'NONE',  ( 1142.216825407512943, 370.4870510962574599, 18.45066985931388714 ) ) ;
#450 = CARTESIAN_POINT ( 'NONE',  ( 559.9999999999996589, 11.26908349727933434, 29.25694560249802478 ) ) ;
#451 = CARTESIAN_POINT ( 'NONE',  ( 1298.193801754802053, 608.1367564135221073, 10.43106506978492121 ) ) ;
#452 = CARTESIAN_POINT ( 'NONE',  ( 1083.077665133878554, 369.3361071960193271, 108.5365937654840849 ) ) ;
#453 = CARTESIAN_POINT ( 'NONE',  ( 1424.499231231718340, 935.6819665762340037, -6.643440140971190289 ) ) ;
#454 = CARTESIAN_POINT ( 'NONE',  ( 579.4666502964759047, -2.250103763758871889, -12.26382305809913831 ) ) ;
#455 = CARTESIAN_POINT ( 'NONE',  ( 1389.018565762460412, 1023.037370270563315, 73.28186848540877918 ) ) ;
#456 = CARTESIAN_POINT ( 'NONE',  ( 676.9966694549545991, 9.397590229630225167, -57.02124186026100716 ) ) ;
#457 = CARTESIAN_POINT ( 'NONE',  ( 1332.208623515126874, 671.1802798427629568, -19.03283300907802200 ) ) ;
#458 = CARTESIAN_POINT ( 'NONE',  ( 1164.273874381954556, 300.1775019895897003, -116.5684734771859894 ) ) ;
#459 = CARTESIAN_POINT ( 'NONE',  ( 1399.564595941682001, 973.5583817286275234, 34.31637703764565117 ) ) ;
#460 = CARTESIAN_POINT ( 'NONE',  ( 840.4409562305734198, 141.8683117322187002, 85.23378730295212335 ) ) ;
#461 = CARTESIAN_POINT ( 'NONE',  ( 1091.140287031140133, 340.5269582095238547, 58.44910130201429155 ) ) ;
#462 = CARTESIAN_POINT ( 'NONE',  ( 1160.632815216345080, 311.8179669865754704, -81.07368555344680772 ) ) ;
#463 = CARTESIAN_POINT ( 'NONE',  ( 841.0944232479221228, 136.4816829175691737, 54.11468067641948920 ) ) ;
#464 = CARTESIAN_POINT ( 'NONE',  ( 676.9670536548894688, 10.07345364452639735, -57.71684861018994894 ) ) ;
#465 = CARTESIAN_POINT ( 'NONE',  ( 1445.406243187176415, 903.9239957168881574, -59.19905253150957947 ) ) ;
#466 = CARTESIAN_POINT ( 'NONE',  ( 1444.462957994326644, 715.6072906102729121, -134.8919756740019125 ) ) ;
#467 = CARTESIAN_POINT ( 'NONE',  ( 1275.985093717271411, 783.3994866720163373, 167.3113057593199642 ) ) ;
#468 = CARTESIAN_POINT ( 'NONE',  ( 1171.459212986939065, 277.3040853415311062, -143.8916546739084481 ) ) ;
#469 = CARTESIAN_POINT ( 'NONE',  ( 1267.392946871154663, 374.0788737570380817, -157.3927284843963434 ) ) ;
#470 = CARTESIAN_POINT ( 'NONE',  ( 1307.667728630111242, 438.8018046740026534, -156.0674684410554107 ) ) ;
#471 = CARTESIAN_POINT ( 'NONE',  ( 1163.168709073976743, 303.7386145164074378, -94.61810976995066369 ) ) ;
#472 = CARTESIAN_POINT ( 'NONE',  ( 1237.923963038812872, 603.8876015099646111, 104.6880450630971779 ) ) ;
#473 = CARTESIAN_POINT ( 'NONE',  ( 990.2762060281620506, 275.9293889755518876, 111.0463206289996378 ) ) ;
#474 = PERSON_AND_ORGANIZATION ( #5790, #2188 ) ;
#475 = CARTESIAN_POINT ( 'NONE',  ( 1239.362174965119266, 600.4838517541112424, 99.43451487358362328 ) ) ;
#476 = CARTESIAN_POINT ( 'NONE',  ( 676.6700627530412930, 17.08454626666883769, -48.47325346239993848 ) ) ;
#477 = CARTESIAN_POINT ( 'NONE',  ( 1045.576548464713596, 288.8013412182946809, 25.59680214558583700 ) ) ;
#478 = CARTESIAN_POINT ( 'NONE',  ( 1392.841694206502325, 682.9733611800774042, -97.03543147845000760 ) ) ;
#479 = CARTESIAN_POINT ( 'NONE',  ( 733.3873949017605582, 49.22682410774144302, 5.199930792752821773 ) ) ;
#480 = CARTESIAN_POINT ( 'NONE',  ( 1160.670072344975324, 494.9496650232322281, 115.9999375859097199 ) ) ;
#481 = CARTESIAN_POINT ( 'NONE',  ( 1300.399482955696840, 603.3539710913912586, 3.260792611481666992 ) ) ;
#482 = CARTESIAN_POINT ( 'NONE',  ( 1196.522687662436283, 558.0732454372931670, 133.5356834384943454 ) ) ;
#483 = CARTESIAN_POINT ( 'NONE',  ( 1311.440160394939994, 579.4133541520822064, -32.56865661805939993 ) ) ;
#484 = CARTESIAN_POINT ( 'NONE',  ( 1164.853705071068816, 298.3703592892517804, -103.5628008695424427 ) ) ;
#485 = CARTESIAN_POINT ( 'NONE',  ( 1193.029870041845015, 567.1279469551441252, 137.3615575789700927 ) ) ;
#486 = CARTESIAN_POINT ( 'NONE',  ( 1069.180315824560466, 193.1411959678692085, -124.3760846189340583 ) ) ;
#487 = CARTESIAN_POINT ( 'NONE',  ( 618.3510640876290836, 19.37388325386005761, -2.265294036666971156 ) ) ;
#488 = CARTESIAN_POINT ( 'NONE',  ( 1212.959218117111050, 345.1266244324839363, -128.0023292346565995 ) ) ;
#489 = CARTESIAN_POINT ( 'NONE',  ( 1172.407653295246291, 461.3021435470468532, 50.75171049505264165 ) ) ;
#490 = CARTESIAN_POINT ( 'NONE',  ( 1322.924246700442609, 923.0945173770261363, 154.6870306680669387 ) ) ;
#491 = CARTESIAN_POINT ( 'NONE',  ( 1255.148045047004416, 563.1231983643971262, 41.76325139484995930 ) ) ;
#492 = CARTESIAN_POINT ( 'NONE',  ( 1161.477086864268131, 309.1279778060344370, -85.58948623165163383 ) ) ;
#493 = CARTESIAN_POINT ( 'NONE',  ( 952.2718348248678240, 173.2807776389465175, 0.9126177922384931529 ) ) ;
#494 = CARTESIAN_POINT ( 'NONE',  ( 1199.028382218245497, 551.5448153571213652, 105.7086811390593510 ) ) ;
#495 = CARTESIAN_POINT ( 'NONE',  ( 1354.475141032843112, 486.0919159118757307, -171.5066937004820886 ) ) ;
#496 = CARTESIAN_POINT ( 'NONE',  ( 1199.213082608833020, 384.4992787651601702, -73.34433517820755810 ) ) ;
#497 = CARTESIAN_POINT ( 'NONE',  ( 1119.760349208963817, 238.2307575864217029, -121.9022259603789706 ) ) ;
#498 = CARTESIAN_POINT ( 'NONE',  ( 1264.882612898672051, 540.0470620570376923, -18.37571634686368682 ) ) ;
#499 = CARTESIAN_POINT ( 'NONE',  ( 675.4197552888325617, 47.13283174211456839, 53.97728884829481899 ) ) ;
#500 = CARTESIAN_POINT ( 'NONE',  ( 1471.228604963566795, 864.6988908656131798, -103.9064042479365781 ) ) ;
#501 = CARTESIAN_POINT ( 'NONE',  ( 618.7602016144438721, -4.004538379668888481, -47.56810523157400894 ) ) ;
#502 = CARTESIAN_POINT ( 'NONE',  ( 1444.137693157881813, 716.1556481532535372, -142.3096200059012233 ) ) ;
#503 = CARTESIAN_POINT ( 'NONE',  ( 848.2679557402711907, 78.22977422534405889, -56.11867997066226366 ) ) ;
#504 = CARTESIAN_POINT ( 'NONE',  ( 618.7103965815089168, -1.284665244546591367, -48.12292145070311022 ) ) ;
#505 = CARTESIAN_POINT ( 'NONE',  ( 675.5367298493006274, 44.36432999647785635, 47.65125632976173620 ) ) ;
#506 = CARTESIAN_POINT ( 'NONE',  ( 990.4448888805563911, 275.1396301670505409, 108.4295294021708429 ) ) ;
#507 = CARTESIAN_POINT ( 'NONE',  ( 1402.399787806724362, 1003.275990733272693, 50.19877772460618814 ) ) ;
#508 = CARTESIAN_POINT ( 'NONE',  ( 1215.774321518558963, 337.0652376180604506, -138.1177530291915616 ) ) ;
#509 = CARTESIAN_POINT ( 'NONE',  ( 618.2758916631745478, 23.80556140997336456, 13.50894892197995922 ) ) ;
#510 = CARTESIAN_POINT ( 'NONE',  ( 1065.298958057047912, 208.8535832569541242, -108.1424966723679972 ) ) ;
#511 = CARTESIAN_POINT ( 'NONE',  ( 676.3296077784225417, 25.15558199504198811, -33.00383839234260819 ) ) ;
#512 = CARTESIAN_POINT ( 'NONE',  ( 1096.285134256116180, 322.1404251431460466, 25.93775063447352025 ) ) ;
#513 = CARTESIAN_POINT ( 'NONE',  ( 943.2368238443403925, 222.6077592498115223, 84.20247851673475736 ) ) ;
#514 = CARTESIAN_POINT ( 'NONE',  ( 579.4396873697548926, 1.474004498371947136, 0.7141697372954340928 ) ) ;
#515 = CARTESIAN_POINT ( 'NONE',  ( 1038.785739618362413, 316.4021190098699776, 104.8969063855610955 ) ) ;
#516 = CARTESIAN_POINT ( 'NONE',  ( 1147.221188165093736, 354.5448205154289099, -8.731408599760495548 ) ) ;
#517 = PRODUCT_DEFINITION ( 'UNKNOWN', '', #4013, #3289 ) ;
#518 = CARTESIAN_POINT ( 'NONE',  ( 1374.594526726779804, 586.6219742783367792, -119.2019757043302377 ) ) ;
#519 = CARTESIAN_POINT ( 'NONE',  ( 1278.833480979938940, 777.7076939533907307, 150.6849803669464336 ) ) ;
#520 = CARTESIAN_POINT ( 'NONE',  ( 1474.791736085009916, 786.0706225051023921, -139.8463288862511433 ) ) ;
#521 = CARTESIAN_POINT ( 'NONE',  ( 675.7598257674416118, 38.73226340114873523, 0.9548171458341077056 ) ) ;
#522 = CARTESIAN_POINT ( 'NONE',  ( 848.0770532934923267, 79.68858925873310284, -72.34277751310287385 ) ) ;
#523 = CARTESIAN_POINT ( 'NONE',  ( 559.9999999999994316, 9.825964646515640055, 14.80840996018897826 ) ) ;
#524 = CARTESIAN_POINT ( 'NONE',  ( 893.1185576867643476, 177.6417986357624557, 87.69025413683429804 ) ) ;
#525 = CARTESIAN_POINT ( 'NONE',  ( 1385.012133174787095, 927.2327249916120309, 53.56243127044668739 ) ) ;
#526 = B_SPLINE_CURVE_WITH_KNOTS ( 'NONE', 3,
 ( #4646, #2259, #338, #4186, #6088, #1784, #3709, #1306, #3240, #2448, #1051, #4340, #46, #139, #2918, #1499, #1973, #3901, #1560, #2886, #4370, #3490, #3366, #2035, #3426, #2413, #2951, #5807 ),
 .UNSPECIFIED., .F., .F.,
 ( 4, 1, 1, 1, 1, 1, 1, 1, 1, 1, 1, 1, 1, 1, 1, 1, 1, 1, 1, 1, 1, 1, 1, 1, 1, 4 ),
 ( 0.7512999999882866708, 0.7691191331532347686, 0.7900455377247829203, 0.8109717777126524973, 0.8318979795985409487, 0.8528243657495744312, 0.8737503527855625673, 0.8946766932233617409, 0.9156026567556038165, 0.9365289803455155715, 0.9574552145402719372, 0.9783815972538993933, 1.000000000000000000, 1.020902767828149482, 1.041827109272604801, 1.062751686864579215, 1.083677088826981105, 1.104601916400836270, 1.125527823217268075, 1.146453230567245241, 1.167379351534546528, 1.188305225117340935, 1.209230789973888331, 1.230157022621945373, 1.251083053682104484, 1.251299985404425774 ),
 .UNSPECIFIED. ) ;
#527 = CARTESIAN_POINT ( 'NONE',  ( 957.8884710598482570, 142.5719987190794882, -62.44186124349744205 ) ) ;
#528 = CARTESIAN_POINT ( 'NONE',  ( 1425.739450560138721, 968.8079927868286632, -6.554856552853415508 ) ) ;
#529 = CARTESIAN_POINT ( 'NONE',  ( 840.9992729414977930, 137.2593312751082237, 56.97423871047286781 ) ) ;
#530 = CARTESIAN_POINT ( 'NONE',  ( 1392.974159995604396, 549.9411133092321506, -173.0690572582733466 ) ) ;
#531 = CARTESIAN_POINT ( 'NONE',  ( 1323.546085594530496, 553.1390169479841461, -90.68376781244504059 ) ) ;
#532 = CARTESIAN_POINT ( 'NONE',  ( 1014.658847775961704, 162.1932913420515945, -100.8101923129515001 ) ) ;
#533 = CARTESIAN_POINT ( 'NONE',  ( 1421.241900864219588, 940.6301925025926494, -11.56092589133256077 ) ) ;
#534 = CARTESIAN_POINT ( 'NONE',  ( 1389.503916870398598, 1022.320604087248739, 76.55657377964206489 ) ) ;
#535 = CARTESIAN_POINT ( 'NONE',  ( 792.3200346899317310, 47.20049397756859122, -75.55720950190733731 ) ) ;
#536 = CARTESIAN_POINT ( 'NONE',  ( 961.2210134834267592, 124.3345394723408504, -102.0269941328539005 ) ) ;
#537 = CARTESIAN_POINT ( 'NONE',  ( 734.1334522845382935, 37.93513851672432224, -50.18105844918551384 ) ) ;
#538 = CARTESIAN_POINT ( 'NONE',  ( 1117.744586338654472, 245.4051802502933697, -122.1067564802326757 ) ) ;
#539 = CARTESIAN_POINT ( 'NONE',  ( 1459.078413045606112, 883.1550889922883698, -77.88866458837314610 ) ) ;
#540 = CARTESIAN_POINT ( 'NONE',  ( 1228.598602364523913, 625.9572621293505108, 138.8520907539949860 ) ) ;
#541 = CARTESIAN_POINT ( 'NONE',  ( 990.0849685793809840, 276.8282103948670283, 115.4729689165778268 ) ) ;
#542 = CARTESIAN_POINT ( 'NONE',  ( 1203.253709235505767, 540.6001716599336078, 105.7642015655000449 ) ) ;
#543 = CARTESIAN_POINT ( 'NONE',  ( 618.2520143817621374, 25.23914253126296003, 19.90617901050236682 ) ) ;
#544 = CARTESIAN_POINT ( 'NONE',  ( 1303.138373263445374, 449.5187979566804302, -143.4776809238009605 ) ) ;
#545 = CARTESIAN_POINT ( 'NONE',  ( 1056.294363612750658, 245.3437184042440151, -52.76425709358807836 ) ) ;
#546 = CARTESIAN_POINT ( 'NONE',  ( 789.7036728261924736, 74.99440907190971473, 5.813735005590916494 ) ) ;
#547 = CARTESIAN_POINT ( 'NONE',  ( 1391.717276705316863, 1019.051915801108407, 66.60810644519601453 ) ) ;
#548 = CARTESIAN_POINT ( 'NONE',  ( 1424.535632055432188, 970.5857911289217554, -4.152013243324089053 ) ) ;
#549 = CARTESIAN_POINT ( 'NONE',  ( 1229.277521787025080, 624.3505756257304711, 136.2928223457719810 ) ) ;
#550 = CARTESIAN_POINT ( 'NONE',  ( 1007.468759512694760, 195.7484672311304905, -35.65639207275756917 ) ) ;
#551 = CARTESIAN_POINT ( 'NONE',  ( 1211.044722964244329, 350.6391006038435876, -105.0422074172700633 ) ) ;
#552 = CARTESIAN_POINT ( 'NONE',  ( 675.3153609154414880, 49.54219652005831165, 51.49153045353325808 ) ) ;
#553 = CARTESIAN_POINT ( 'NONE',  ( 847.8759353165904713, 81.31994400476008877, -69.80364842124136260 ) ) ;
#554 = CARTESIAN_POINT ( 'NONE',  ( 1239.674069987363737, 599.7158594308805277, 77.05750808237057470 ) ) ;
#555 = CARTESIAN_POINT ( 'NONE',  ( 787.1126568224103721, 102.3785883584708074, 68.63300001396234507 ) ) ;
#556 = CARTESIAN_POINT ( 'NONE',  ( 1249.408487998104874, 576.7072359050127943, 62.72907795719994084 ) ) ;
#557 = CARTESIAN_POINT ( 'NONE',  ( 1295.557408632588022, 467.4824428433003050, -104.6383343891796613 ) ) ;
#558 = CARTESIAN_POINT ( 'NONE',  ( 1428.459719488827886, 964.7907014986703871, -2.523595615214318411 ) ) ;
#559 = CARTESIAN_POINT ( 'NONE',  ( 1200.081851923126578, 548.8085043592363945, 100.4569151855067020 ) ) ;
#560 = CARTESIAN_POINT ( 'NONE',  ( 1267.846490829775348, 372.8989821732822065, -160.4550199202722638 ) ) ;
#561 = CARTESIAN_POINT ( 'NONE',  ( 1056.294363612750658, 245.3437184042440151, -52.76425709358807836 ) ) ;
#562 = CARTESIAN_POINT ( 'NONE',  ( 1386.721089461112342, 562.4234119180665630, -153.3159295970040432 ) ) ;
#563 = CARTESIAN_POINT ( 'NONE',  ( 1096.753390611417672, 320.4009036144881293, -6.525908827435348947 ) ) ;
#564 = CARTESIAN_POINT ( 'NONE',  ( 1278.715204972698757, 777.9515770044989722, 160.3469387234188730 ) ) ;
#565 = CARTESIAN_POINT ( 'NONE',  ( 734.9868562070438429, 25.34067621919583857, -65.32410699055898817 ) ) ;
#566 = CARTESIAN_POINT ( 'NONE',  ( 1010.795433582147894, 180.1579204784480339, -86.80575589377643553 ) ) ;
#567 = CARTESIAN_POINT ( 'NONE',  ( 1013.026748916610927, 169.7587941153392705, -101.6884052965251897 ) ) ;
#568 = CARTESIAN_POINT ( 'NONE',  ( 1213.116798957898027, 344.7016544578074217, -114.5488686552599518 ) ) ;
#569 = CARTESIAN_POINT ( 'NONE',  ( 1082.742591815128662, 370.5332072354199227, 110.6347444561010320 ) ) ;
#570 = CARTESIAN_POINT ( 'NONE',  ( 731.5702930160972528, 76.18394517385934250, 66.10400020286650147 ) ) ;
#571 = CARTESIAN_POINT ( 'NONE',  ( 1131.352032301395639, 405.0961567424474197, 77.30212808697287130 ) ) ;
#572 = CARTESIAN_POINT ( 'NONE',  ( 1414.101900420117090, 985.9943188518561783, 17.05979822566190762 ) ) ;
#573 = CARTESIAN_POINT ( 'NONE',  ( 1153.917148668209620, 333.1576967276416212, -69.25032647952767206 ) ) ;
#574 = CARTESIAN_POINT ( 'NONE',  ( 951.6776370783934453, 176.5288511691101405, 7.573599134583894887 ) ) ;
#575 = CARTESIAN_POINT ( 'NONE',  ( 892.7008726535615324, 180.3422568996107316, 80.87299060991819033 ) ) ;
#576 = CARTESIAN_POINT ( 'NONE',  ( 1427.248014511749034, 966.5801465777553858, -0.07733509065231658486 ) ) ;
#577 = CARTESIAN_POINT ( 'NONE',  ( 1231.451495591318917, 619.2055962207540460, 128.3234828469809088 ) ) ;
#578 = CARTESIAN_POINT ( 'NONE',  ( 1433.890481721020706, 921.4165002954302963, -26.15097886326199017 ) ) ;
#579 = CARTESIAN_POINT ( 'NONE',  ( 1212.075559309848813, 347.6853216968512470, -109.7660106349611766 ) ) ;
#580 = CARTESIAN_POINT ( 'NONE',  ( 840.3628124930478407, 142.4836607640738180, 80.62693940333828380 ) ) ;
#581 = CARTESIAN_POINT ( 'NONE',  ( 1171.923820442502347, 275.8309636862992988, -144.2319687506657147 ) ) ;
#582 = CARTESIAN_POINT ( 'NONE',  ( 1252.920995309358887, 411.6283495224743660, -115.3311122823642592 ) ) ;
#583 = CARTESIAN_POINT ( 'NONE',  ( 1125.277127376160706, 424.4057619356892133, 90.29358850877245857 ) ) ;
#584 = CARTESIAN_POINT ( 'NONE',  ( 1347.483555456943350, 986.2423319172968377, 135.2836761570179931 ) ) ;
#585 = CARTESIAN_POINT ( 'NONE',  ( 1284.992238040859547, 636.7628875253017213, 53.51246560120783613 ) ) ;
#586 = CARTESIAN_POINT ( 'NONE',  ( 676.7713218518604208, 14.90588853340770825, -33.84526633320518130 ) ) ;
#587 = CARTESIAN_POINT ( 'NONE',  ( 1427.271255646913232, 966.5458240852880181, -0.1242552552134998378 ) ) ;
#588 = CARTESIAN_POINT ( 'NONE',  ( 1310.494547559093462, 834.5705438913810212, 123.3162971894230253 ) ) ;
#589 = CARTESIAN_POINT ( 'NONE',  ( 1469.149992943994675, 904.6993335680037944, -84.36080723569871509 ) ) ;
#590 = CARTESIAN_POINT ( 'NONE',  ( 952.3426628413172921, 172.7905484314260036, -31.54778730076564131 ) ) ;
#591 = CARTESIAN_POINT ( 'NONE',  ( 1119.417922008416326, 239.4553654597179673, -119.6769119422554581 ) ) ;
#592 = CARTESIAN_POINT ( 'NONE',  ( 1135.546383323357531, 391.7359040442636342, 54.69145697644616888 ) ) ;
#593 = CARTESIAN_POINT ( 'NONE',  ( 1357.173258421864148, 748.6319768955896734, -8.163654335737106749 ) ) ;
#594 = CARTESIAN_POINT ( 'NONE',  ( 786.6489429436029468, 107.2681116207122471, 76.45398792981342240 ) ) ;
#595 = CARTESIAN_POINT ( 'NONE',  ( 579.3783490351083856, 9.978787887987859762, 26.33467669469457206 ) ) ;
#596 = CARTESIAN_POINT ( 'NONE',  ( 1121.360165419693431, 436.9202258941114110, 131.2103925420322525 ) ) ;
#597 = CARTESIAN_POINT ( 'NONE',  ( 1403.728941182564313, 662.9333950817190271, -122.4263283641798665 ) ) ;
#598 = CARTESIAN_POINT ( 'NONE',  ( 1346.759644366964949, 502.8136683936653526, -154.7684365028241302 ) ) ;
#599 = CARTESIAN_POINT ( 'NONE',  ( 1374.594526726779804, 586.6219742783367792, -119.2019757043302377 ) ) ;
#600 = CARTESIAN_POINT ( 'NONE',  ( 1470.169405728753873, 866.3079041608033322, -102.6149836836248710 ) ) ;
#601 = CARTESIAN_POINT ( 'NONE',  ( 993.0488660277794679, 263.0142594358334236, 93.25108709858949396 ) ) ;
#602 = CARTESIAN_POINT ( 'NONE',  ( 1296.695957317107286, 859.9807572403235554, 169.4383266753420685 ) ) ;
#603 = CARTESIAN_POINT ( 'NONE',  ( 675.8483982652165878, 36.97225010716819327, 29.83573670399211153 ) ) ;
#604 = CARTESIAN_POINT ( 'NONE',  ( 1408.989685965428407, 993.5440336522638063, 27.82515770172629033 ) ) ;
#605 = CARTESIAN_POINT ( 'NONE',  ( 990.0860716665524706, 276.8214352528852373, 114.7696683016184380 ) ) ;
#606 = CARTESIAN_POINT ( 'NONE',  ( 1351.369155005277435, 632.9468088107930726, -72.29045597817560065 ) ) ;
#607 = CARTESIAN_POINT ( 'NONE',  ( 560.0000000000000000, -3.002816340148583230, -25.83990370826968430 ) ) ;
#608 = CARTESIAN_POINT ( 'NONE',  ( 731.6170382783074047, 75.45377860123434743, 58.40314176881803832 ) ) ;
#609 = CARTESIAN_POINT ( 'NONE',  ( 675.8121173922586422, 37.48165001997731594, -2.688463018492043055 ) ) ;
#610 = CARTESIAN_POINT ( 'NONE',  ( 1286.996050878040478, 761.4268723497493738, 135.6238450109132430 ) ) ;
#611 = CARTESIAN_POINT ( 'NONE',  ( 676.5982220836435772, 19.06170745435601788, -21.01888337370921178 ) ) ;
#612 = CARTESIAN_POINT ( 'NONE',  ( 1222.767129680441030, 639.7485907181561515, 152.1357095849895131 ) ) ;
#613 = CARTESIAN_POINT ( 'NONE',  ( 792.4872490913584215, 45.44568240114953284, -76.54928886348625383 ) ) ;
#614 = CARTESIAN_POINT ( 'NONE',  ( 957.4613146882945784, 144.8337401723158848, -79.45405162014672840 ) ) ;
#615 = CARTESIAN_POINT ( 'NONE',  ( 1166.805290310941245, 477.3599011810421189, 80.50029800571115857 ) ) ;
#616 = CARTESIAN_POINT ( 'NONE',  ( 675.4197552888325617, 47.13283174211456839, 53.97728884829481899 ) ) ;
#617 = CARTESIAN_POINT ( 'NONE',  ( 1411.556610723463109, 989.7532009301579592, 31.67408263200104201 ) ) ;
#618 = CARTESIAN_POINT ( 'NONE',  ( 1334.820108781342242, 528.7167932961533552, -107.4507014737041004 ) ) ;
#619 = CARTESIAN_POINT ( 'NONE',  ( 1444.847532748219464, 940.5891901169858329, -35.42233084321743064 ) ) ;
#620 = CARTESIAN_POINT ( 'NONE',  ( 675.3384127943170370, 48.93714260379211822, 44.02360714830631849 ) ) ;
#621 = CARTESIAN_POINT ( 'NONE',  ( 1470.169405728753873, 866.3079041608033322, -102.6149836836248710 ) ) ;
#622 = CARTESIAN_POINT ( 'NONE',  ( 899.7242945855508651, 134.2180865622449346, -34.52062683009544486 ) ) ;
#623 = CARTESIAN_POINT ( 'NONE',  ( 1466.872964730329841, 871.3153711695127868, -93.66342070607343828 ) ) ;
#624 = CARTESIAN_POINT ( 'NONE',  ( 948.6845115759144846, 192.8874937039173290, 40.81413458546758477 ) ) ;
#625 = CARTESIAN_POINT ( 'NONE',  ( 788.1668064725776048, 91.07547031472597610, 10.85481572029483388 ) ) ;
#626 = CARTESIAN_POINT ( 'NONE',  ( 1035.505779406244528, 329.6915798245139513, 125.1538939996520696 ) ) ;
#627 = CARTESIAN_POINT ( 'NONE',  ( 1399.782268020695483, 1007.141542158025459, 55.49573949463069056 ) ) ;
#628 = CARTESIAN_POINT ( 'NONE',  ( 893.1185576867643476, 177.6417986357624557, 87.69025413683429804 ) ) ;
#629 = CARTESIAN_POINT ( 'NONE',  ( 902.4459191918153920, 116.3855773679426022, -66.45050608192599384 ) ) ;
#630 = CARTESIAN_POINT ( 'NONE',  ( 618.6643012982475511, 1.337626423431949485, -44.17774647896721518 ) ) ;
#631 = CARTESIAN_POINT ( 'NONE',  ( 1164.853705071068816, 298.3703592892517804, -103.5628008695424427 ) ) ;
#632 = CARTESIAN_POINT ( 'NONE',  ( 993.2609898936565287, 262.0250943006382727, 91.41966140809071817 ) ) ;
#633 = CARTESIAN_POINT ( 'NONE',  ( 942.2515772862307131, 228.0201688419607251, 104.9453502636581561 ) ) ;
#634 = CARTESIAN_POINT ( 'NONE',  ( 1043.895478534392396, 295.6904207328506118, 67.66154518731266876 ) ) ;
#635 = CARTESIAN_POINT ( 'NONE',  ( 895.0856599852784257, 164.6488132854345849, 31.99283819178921817 ) ) ;
#636 = CARTESIAN_POINT ( 'NONE',  ( 1410.458927218261579, 650.5460672391651542, -137.5421012458946564 ) ) ;
#637 = CARTESIAN_POINT ( 'NONE',  ( 1437.240022998323866, 916.3286919457106023, -43.50250455384058768 ) ) ;
#638 = CARTESIAN_POINT ( 'NONE',  ( 1300.399482955696840, 603.3539710913912586, 3.260792611481666992 ) ) ;
#639 = CARTESIAN_POINT ( 'NONE',  ( 840.5510151289403211, 140.9348230696128610, 72.59905353188253230 ) ) ;
#640 = CARTESIAN_POINT ( 'NONE',  ( 1409.864675627818997, 992.2518495189680152, 35.10727878428815529 ) ) ;
#641 = CARTESIAN_POINT ( 'NONE',  ( 1083.774917800920093, 366.8448168223018229, 104.2344235095567910 ) ) ;
#642 = CARTESIAN_POINT ( 'NONE',  ( 676.5481545202076177, 20.26233583496322410, -17.36002226825739569 ) ) ;
#643 = CARTESIAN_POINT ( 'NONE',  ( 1221.954480468081101, 641.6731928043100197, 156.0164244097690869 ) ) ;
#644 = CARTESIAN_POINT ( 'NONE',  ( 1069.208352087187450, 193.0255151305098593, -125.1500712659499612 ) ) ;
#645 = CARTESIAN_POINT ( 'NONE',  ( 1208.203376222505540, 358.7475272720263888, -109.9408437351402767 ) ) ;
#646 = CARTESIAN_POINT ( 'NONE',  ( 579.3336118804604666, 16.29044188353208611, 25.85821836736827706 ) ) ;
#647 = CARTESIAN_POINT ( 'NONE',  ( 731.8629970752742793, 71.85817165881648805, 60.03952889669905346 ) ) ;
#648 = CARTESIAN_POINT ( 'NONE',  ( 844.4162311426506449, 109.5744871423269586, 17.28767357600374766 ) ) ;
#649 = CARTESIAN_POINT ( 'NONE',  ( 618.5581432316315613, 8.064573104603805831, -2.284073678774937832 ) ) ;
#650 = CARTESIAN_POINT ( 'NONE',  ( 943.6494891930884705, 220.3445081177883083, 76.95373582590060835 ) ) ;
#651 = CARTESIAN_POINT ( 'NONE',  ( 1426.473028891916783, 621.0727232800823003, -169.9239227402152608 ) ) ;
#652 = PRODUCT_DEFINITION_SHAPE ( 'NONE', 'NONE',  #517 ) ;
#653 = CARTESIAN_POINT ( 'NONE',  ( 1239.628973394891773, 446.1288911469374057, -67.12004686608578652 ) ) ;
#654 = CARTESIAN_POINT ( 'NONE',  ( 1093.604948175260233, 331.7190358549066218, 42.90799409291980737 ) ) ;
#655 = CARTESIAN_POINT ( 'NONE',  ( 559.9999999999998863, 7.833510492831825545, 5.362251188268479574 ) ) ;
#656 = CARTESIAN_POINT ( 'NONE',  ( 1041.750542597929098, 304.3851590621937930, 83.34794293252144826 ) ) ;
#657 = CARTESIAN_POINT ( 'NONE',  ( 1192.842360990568295, 567.6256973933030849, 148.9046892027824640 ) ) ;
#658 = CARTESIAN_POINT ( 'NONE',  ( 1283.915070555461853, 495.0373427947970981, -62.95830435613834908 ) ) ;
#659 = CARTESIAN_POINT ( 'NONE',  ( 1432.845948280348011, 735.4291647385609849, -119.5914955022777804 ) ) ;
#660 = CARTESIAN_POINT ( 'NONE',  ( 1461.352468599044869, 916.2147121726038677, -68.10250192190656549 ) ) ;
#661 = CARTESIAN_POINT ( 'NONE',  ( 1463.460492550444314, 803.8866286563094263, -115.4600071984979479 ) ) ;
#662 = CARTESIAN_POINT ( 'NONE',  ( 1198.956038741274597, 551.7563671349219021, 123.4272193838821892 ) ) ;
#663 = CARTESIAN_POINT ( 'NONE',  ( 560.0000000000001137, 10.96513742574015104, 36.61136917555124626 ) ) ;
#664 = CARTESIAN_POINT ( 'NONE',  ( 1172.163821501421126, 462.0428763209828276, 76.95625862938281614 ) ) ;
#665 = CARTESIAN_POINT ( 'NONE',  ( 1437.498668055216513, 727.4873890720373311, -129.0969873838502906 ) ) ;
#666 = CARTESIAN_POINT ( 'NONE',  ( 1035.517215622929598, 329.6440265222461790, 124.3811400458760232 ) ) ;
#667 = CARTESIAN_POINT ( 'NONE',  ( 560.0000000000004547, 2.215967787631658581, -13.10464815347048173 ) ) ;
#668 = CARTESIAN_POINT ( 'NONE',  ( 952.2718348248678240, 173.2807776389465175, 0.9126177922384931529 ) ) ;
#669 = CARTESIAN_POINT ( 'NONE',  ( 618.2101356816244788, 27.96654416543398014, 42.49803225483675106 ) ) ;
#670 = CARTESIAN_POINT ( 'NONE',  ( 1224.467418354647634, 485.4876630246159834, -7.632075988680753653 ) ) ;
#671 = CARTESIAN_POINT ( 'NONE',  ( 944.8177902136436614, 214.0107119071028308, 82.07693319528304698 ) ) ;
#672 = CARTESIAN_POINT ( 'NONE',  ( 1119.658517858244977, 442.3240069986555909, 131.5693944505902095 ) ) ;
#673 = CARTESIAN_POINT ( 'NONE',  ( 905.8140459359271972, 94.34483804402452733, -96.03642014280052308 ) ) ;
#674 = CARTESIAN_POINT ( 'NONE',  ( 1010.316639007129879, 182.3898194730872433, -83.42401245512402852 ) ) ;
#675 = CARTESIAN_POINT ( 'NONE',  ( 1084.452401613963957, 364.3812244576747048, 78.66555108318664224 ) ) ;
#676 = CARTESIAN_POINT ( 'NONE',  ( 1280.937784934333195, 773.5165202689789794, 154.1080365934388112 ) ) ;
#677 = CARTESIAN_POINT ( 'NONE',  ( 676.3085248442654347, 25.99956222569026565, -0.3243138031276973643 ) ) ;
#678 = CARTESIAN_POINT ( 'NONE',  ( 559.9999999999998863, -10.47989762039358475, -31.49353657652725147 ) ) ;
#679 = CARTESIAN_POINT ( 'NONE',  ( 786.9248770096529597, 104.2839895237883070, 55.68283178369525643 ) ) ;
#680 = CARTESIAN_POINT ( 'NONE',  ( 1121.113886216517812, 233.3754681316009396, -135.3014652032705669 ) ) ;
#681 = CARTESIAN_POINT ( 'NONE',  ( 733.2612714265804925, 50.87096865628971898, -24.01369862258525600 ) ) ;
#682 = CARTESIAN_POINT ( 'NONE',  ( 1359.001497470808545, 861.5029104760898235, 68.32090449378475228 ) ) ;
#683 = CARTESIAN_POINT ( 'NONE',  ( 579.3657170489298096, 11.89372714678060561, 3.351558839768508324 ) ) ;
#684 = CARTESIAN_POINT ( 'NONE',  ( 1343.181381982630910, 993.0062443781650927, 141.8238443426936897 ) ) ;
#685 = CARTESIAN_POINT ( 'NONE',  ( 1271.794656619726766, 665.3799358758398057, 96.58666800283762655 ) ) ;
#686 = CARTESIAN_POINT ( 'NONE',  ( 1283.451213328778067, 768.5008169791341288, 146.3128914198107680 ) ) ;
#687 = CARTESIAN_POINT ( 'NONE',  ( 1382.481623605229743, 702.0586690662246383, -53.78935214483783511 ) ) ;
#688 = CARTESIAN_POINT ( 'NONE',  ( 559.9999999999997726, -3.324657333960815642, -26.48445646581134838 ) ) ;
#689 = CARTESIAN_POINT ( 'NONE',  ( 1460.715462714154228, 880.6689666090611581, -81.22119547853989729 ) ) ;
#690 = CARTESIAN_POINT ( 'NONE',  ( 618.7438418280537462, -2.946424517821506495, -40.91887972053721967 ) ) ;
#691 = CARTESIAN_POINT ( 'NONE',  ( 1312.546199388717469, 830.8031108221955492, 130.8877183571245837 ) ) ;
#692 = CARTESIAN_POINT ( 'NONE',  ( 942.4008211241824711, 227.2078783857536166, 105.5533605091771960 ) ) ;
#693 = CARTESIAN_POINT ( 'NONE',  ( 1242.235059806778281, 593.6846982721378936, 88.94708872617690076 ) ) ;
#694 = CARTESIAN_POINT ( 'NONE',  ( 1064.785310978408461, 210.9341358483032423, -105.3106281868094811 ) ) ;
#695 = CARTESIAN_POINT ( 'NONE',  ( 560.0000000000000000, 11.04212790345399142, 36.48590726824359365 ) ) ;
#696 = CARTESIAN_POINT ( 'NONE',  ( 1270.767279524733340, 526.1199396904894456, -39.08030099048823303 ) ) ;
#697 = CARTESIAN_POINT ( 'NONE',  ( 579.4396873697548926, 1.474004498371947136, 0.7141697372954340928 ) ) ;
#698 = CARTESIAN_POINT ( 'NONE',  ( 579.3296614039805945, 16.79235155483632980, 35.80380323058643910 ) ) ;
#699 = DIRECTION ( 'NONE',  ( 1.000000000000000000, 0.000000000000000000, 0.000000000000000000 ) ) ;
#700 = CARTESIAN_POINT ( 'NONE',  ( 560.0000000000003411, 7.332445406638799845, 29.27777780653310202 ) ) ;
#701 = CARTESIAN_POINT ( 'NONE',  ( 1389.979468992019747, 688.2560324524038151, -73.30029171048141734 ) ) ;
#702 = CARTESIAN_POINT ( 'NONE',  ( 675.3032492383368890, 49.86674322930075220, 56.34588821586827834 ) ) ;
#703 = CARTESIAN_POINT ( 'NONE',  ( 1121.300376295155502, 232.7118892781958266, -135.1275102096104774 ) ) ;
#704 = CARTESIAN_POINT ( 'NONE',  ( 956.0294145299014872, 152.6520322073636748, -66.93357174557398537 ) ) ;
#705 = CARTESIAN_POINT ( 'NONE',  ( 1126.232161467778496, 421.3610881963646762, 83.91423075453009517 ) ) ;
#706 = CARTESIAN_POINT ( 'NONE',  ( 1352.464686302348809, 978.4100505382468782, 125.0110213751191850 ) ) ;
#707 = CARTESIAN_POINT ( 'NONE',  ( 559.9999999999997726, -1.616385900349516902, 2.967808007155175787 ) ) ;
#708 = CARTESIAN_POINT ( 'NONE',  ( 1052.865246512221574, 259.3225711587903675, 0.7005629840254790075 ) ) ;
#709 = CARTESIAN_POINT ( 'NONE',  ( 1217.193207295654247, 333.0214726579827129, -133.0816583865087068 ) ) ;
#710 = CARTESIAN_POINT ( 'NONE',  ( 1230.637259820073041, 621.1112652355064938, 115.3723617188277757 ) ) ;
#711 = CARTESIAN_POINT ( 'NONE',  ( 1392.739502784597107, 550.4083271681466840, -173.0842554344829693 ) ) ;
#712 = CARTESIAN_POINT ( 'NONE',  ( 1395.485449505919405, 799.2043672659827962, -37.48950131820670606 ) ) ;
#713 = CARTESIAN_POINT ( 'NONE',  ( 1214.259705366631806, 512.0287095043142926, 60.41642543315501257 ) ) ;
#714 = CARTESIAN_POINT ( 'NONE',  ( 1397.027451747802161, 908.3324506213110681, 10.95133313343180070 ) ) ;
#715 = CARTESIAN_POINT ( 'NONE',  ( 1343.785042374208615, 992.0575197735689699, 141.6541290884225646 ) ) ;
#716 = CARTESIAN_POINT ( 'NONE',  ( 788.3741493241686840, 89.05747306399076990, 39.35265240349822591 ) ) ;
#717 = CARTESIAN_POINT ( 'NONE',  ( 1440.161607460791629, 911.8905582411027808, -39.13873391037800076 ) ) ;
#718 = CARTESIAN_POINT ( 'NONE',  ( 1069.123113072082560, 193.3668267902083358, -125.8707669104657327 ) ) ;
#719 = CARTESIAN_POINT ( 'NONE',  ( 1333.086072720702759, 532.4560070426533684, -118.0581966387896671 ) ) ;
#720 = CARTESIAN_POINT ( 'NONE',  ( 792.1927798942878098, 48.61827393770252570, -61.59904728644400507 ) ) ;
#721 = CARTESIAN_POINT ( 'NONE',  ( 904.8933598937743454, 100.4187230213080113, -77.38255796973956535 ) ) ;
#722 = CARTESIAN_POINT ( 'NONE',  ( 1260.199624492551038, 690.5217102598794554, 134.4217268592155392 ) ) ;
#723 = CARTESIAN_POINT ( 'NONE',  ( 786.6662188146938206, 107.0868057668682098, 76.47973753214311898 ) ) ;
#724 = CARTESIAN_POINT ( 'NONE',  ( 675.8780070057781586, 36.26832868649849928, 28.04390763316769153 ) ) ;
#725 = CARTESIAN_POINT ( 'NONE',  ( 618.7592958614006875, -3.864901226838796333, -43.93246264190472061 ) ) ;
#726 = CARTESIAN_POINT ( 'NONE',  ( 847.8759353165904713, 81.31994400476008877, -69.80364842124136260 ) ) ;
#727 = CARTESIAN_POINT ( 'NONE',  ( 1054.032672968731049, 254.5118394036697396, -37.37955825240173624 ) ) ;
#728 = CARTESIAN_POINT ( 'NONE',  ( 618.2100454491217079, 28.02058937582662068, 45.10808025086694073 ) ) ;
#729 = CARTESIAN_POINT ( 'NONE',  ( 0.000000000000000000, 0.000000000000000000, 0.000000000000000000 ) ) ;
#730 = CARTESIAN_POINT ( 'NONE',  ( 1263.568597244794319, 683.2166647521240748, 123.4666672391451101 ) ) ;
#731 = CARTESIAN_POINT ( 'NONE',  ( 847.2346643493575584, 86.64238459110313784, -36.13372389582333000 ) ) ;
#732 = CARTESIAN_POINT ( 'NONE',  ( 942.3790520405939333, 227.3189146491261567, 101.5112866669691272 ) ) ;
#733 = CARTESIAN_POINT ( 'NONE',  ( 1204.785527987322894, 368.5371709574221768, -96.33657788177650616 ) ) ;
#734 = CARTESIAN_POINT ( 'NONE',  ( 1123.210503885810340, 430.9950421951022008, 104.6281552906004748 ) ) ;
#735 = CARTESIAN_POINT ( 'NONE',  ( 893.3616282910119253, 176.0502061962310165, 84.58770051746093088 ) ) ;
#736 = CARTESIAN_POINT ( 'NONE',  ( 1318.549251815795060, 698.4617905407197895, 43.07561694849675149 ) ) ;
#737 = CARTESIAN_POINT ( 'NONE',  ( 1288.269946368656520, 484.7301784550382990, -78.59956939681190136 ) ) ;
#738 = CARTESIAN_POINT ( 'NONE',  ( 733.5988345103235133, 46.07936676578842139, -3.227471015657111586 ) ) ;
#739 = CARTESIAN_POINT ( 'NONE',  ( 676.9581523056195920, 10.40183401118332363, -48.59416937753172050 ) ) ;
#740 = CARTESIAN_POINT ( 'NONE',  ( 1392.925706450477264, 1017.267307582258013, 63.73620534509963420 ) ) ;
#741 = CARTESIAN_POINT ( 'NONE',  ( 1219.809352011506917, 325.5111769330272296, -151.0402984808857525 ) ) ;
#742 = CARTESIAN_POINT ( 'NONE',  ( 1429.834486215673223, 962.7604469393639874, -14.62804866421291194 ) ) ;
#743 = CARTESIAN_POINT ( 'NONE',  ( 958.9185173176109629, 136.8791305016700051, -91.25371743129365143 ) ) ;
#744 = CARTESIAN_POINT ( 'NONE',  ( 675.6611838369082079, 41.09549351861721078, 8.287337724764494595 ) ) ;
#745 = CARTESIAN_POINT ( 'NONE',  ( 1385.343492047398968, 1028.464716612375469, 83.59798377448882434 ) ) ;
#746 = CARTESIAN_POINT ( 'NONE',  ( 1088.208466423089703, 351.0036030438311059, 76.75619008615383621 ) ) ;
#747 = CARTESIAN_POINT ( 'NONE',  ( 1437.982629608033221, 843.9450748160704734, -61.29280265392678473 ) ) ;
#748 = CARTESIAN_POINT ( 'NONE',  ( 1087.762762552029699, 352.5414820903068858, 53.67818341840097673 ) ) ;
#749 = CARTESIAN_POINT ( 'NONE',  ( 734.9304693767251138, 26.14994947246956514, -66.87965518951551758 ) ) ;
#750 = CARTESIAN_POINT ( 'NONE',  ( 733.7792036971338803, 43.18562508836718905, -40.27663334601197676 ) ) ;
#751 = CARTESIAN_POINT ( 'NONE',  ( 1167.283212319767017, 290.6293025132008552, -116.5573149758942435 ) ) ;
#752 = CARTESIAN_POINT ( 'NONE',  ( 1460.715462714154228, 880.6689666090611581, -81.22119547853989729 ) ) ;
#753 = CARTESIAN_POINT ( 'NONE',  ( 1125.598283912784382, 423.4220704839782456, 108.1269176518485580 ) ) ;
#754 = CARTESIAN_POINT ( 'NONE',  ( 1343.188451017876559, 992.9952899607179688, 142.1503125465167159 ) ) ;
#755 = CARTESIAN_POINT ( 'NONE',  ( 618.4072473254873330, 16.84088849240513497, 24.15089361226326403 ) ) ;
#756 = CARTESIAN_POINT ( 'NONE',  ( 1170.344346475446628, 280.8757080925584546, -132.8389285457313349 ) ) ;
#757 = CARTESIAN_POINT ( 'NONE',  ( 1427.593283730624535, 930.9823068746254648, -24.41904305245811813 ) ) ;
#758 = CARTESIAN_POINT ( 'NONE',  ( 1428.120942930805768, 965.2910064872039584, -1.839639073806030645 ) ) ;
#759 = CARTESIAN_POINT ( 'NONE',  ( 990.7843412739039195, 273.5508898312460815, 103.3492668323092403 ) ) ;
#760 = CARTESIAN_POINT ( 'NONE',  ( 787.7706385750817617, 95.43246955665722453, 53.54947000297651272 ) ) ;
#761 = CARTESIAN_POINT ( 'NONE',  ( 1245.661390140423009, 430.5043803043333810, -68.81245938255383976 ) ) ;
#762 = CARTESIAN_POINT ( 'NONE',  ( 1118.814044385957459, 445.0180288222722993, 138.1915906313439280 ) ) ;
#763 = CARTESIAN_POINT ( 'NONE',  ( 618.5444472748514499, 8.181623359647849369, -31.29634268595490099 ) ) ;
#764 = CARTESIAN_POINT ( 'NONE',  ( 618.2167366447216637, 27.45396489733604284, 34.46202796181272276 ) ) ;
#765 = CARTESIAN_POINT ( 'NONE',  ( 1226.718271165212627, 630.4074648768182669, 146.1811745070128268 ) ) ;
#766 = CARTESIAN_POINT ( 'NONE',  ( 1049.717552169942792, 272.0861108281988550, 24.37621284478878891 ) ) ;
#767 = CARTESIAN_POINT ( 'NONE',  ( 579.4870796779890725, -5.065972601042337153, -22.69078292058691559 ) ) ;
#768 = CARTESIAN_POINT ( 'NONE',  ( 1387.518686479633971, 812.8186547900535288, -0.3603053299501255968 ) ) ;
#769 = CARTESIAN_POINT ( 'NONE',  ( 960.5263201421462327, 128.1460028016316244, -92.15014663878918100 ) ) ;
#770 = CARTESIAN_POINT ( 'NONE',  ( 991.3151852288895043, 271.0656398019811490, 95.12822758084890040 ) ) ;
#771 = CARTESIAN_POINT ( 'NONE',  ( 1365.402576923015886, 733.4828728692489221, -29.35961751983977308 ) ) ;
#772 = CARTESIAN_POINT ( 'NONE',  ( 1462.763327315003380, 914.1311569885299377, -75.01400240103649253 ) ) ;
#773 = CARTESIAN_POINT ( 'NONE',  ( 895.0856599852784257, 164.6488132854345849, 31.99283819178921817 ) ) ;
#774 = CARTESIAN_POINT ( 'NONE',  ( 1078.409877520272175, 386.0114566088557808, 134.9113174262349446 ) ) ;
#775 = CARTESIAN_POINT ( 'NONE',  ( 732.6126011617623135, 60.74395549156731988, 34.49782025885096459 ) ) ;
#776 = CARTESIAN_POINT ( 'NONE',  ( 618.6615651176897472, 1.972560419025539469, -22.69792574754986347 ) ) ;
#777 = CARTESIAN_POINT ( 'NONE',  ( 1406.455272998238343, 997.2868529839539633, 33.24762767597227509 ) ) ;
#778 = CARTESIAN_POINT ( 'NONE',  ( 1469.084714048650085, 904.7957373958785183, -83.87364393224250136 ) ) ;
#779 = CARTESIAN_POINT ( 'NONE',  ( 1448.706883485343042, 898.9101858713136153, -65.41502764304526352 ) ) ;
#780 = CARTESIAN_POINT ( 'NONE',  ( 1461.670573177368397, 806.7004970727359705, -111.6814942497245084 ) ) ;
#781 = CARTESIAN_POINT ( 'NONE',  ( 1215.734528332026002, 337.2005357895170050, -126.5836626109565515 ) ) ;
#782 = AXIS2_PLACEMENT_3D ( 'NONE', #4453, #3542, #1040 ) ;
#783 = CARTESIAN_POINT ( 'NONE',  ( 1202.039696889980178, 543.7516494230508215, 110.7698948065914948 ) ) ;
#784 = CARTESIAN_POINT ( 'NONE',  ( 1248.599512811843624, 715.6734303039685301, 170.2233030977492660 ) ) ;
#785 = CARTESIAN_POINT ( 'NONE',  ( 1245.106175094473656, 586.8896109370332397, 78.46748252125709655 ) ) ;
#786 = CARTESIAN_POINT ( 'NONE',  ( 1420.774433846372403, 631.5590410415888982, -159.4192170440160794 ) ) ;
#787 = CARTESIAN_POINT ( 'NONE',  ( 1469.822831896552771, 793.8836043873830022, -128.7973413301630785 ) ) ;
#788 = CARTESIAN_POINT ( 'NONE',  ( 675.9797715191572252, 33.47954146828925559, -13.52833189231063216 ) ) ;
#789 = CARTESIAN_POINT ( 'NONE',  ( 1229.710601337363869, 471.9159909766629539, -3.439624089803273943 ) ) ;
#790 = CARTESIAN_POINT ( 'NONE',  ( 1251.192922293328820, 710.0443808062411790, 156.1163158460884688 ) ) ;
#791 = CARTESIAN_POINT ( 'NONE',  ( 1427.248014511749034, 966.5801465777553858, -0.07733509065231658486 ) ) ;
#792 = CARTESIAN_POINT ( 'NONE',  ( 675.6651988168433718, 41.32282699279843996, 40.53702816573941448 ) ) ;
#793 = CARTESIAN_POINT ( 'NONE',  ( 790.7952646165883834, 63.28063150015092475, -50.64100621157646032 ) ) ;
#794 = CARTESIAN_POINT ( 'NONE',  ( 1336.378705029079356, 900.1157933484620344, 110.3029703812299118 ) ) ;
#795 = CARTESIAN_POINT ( 'NONE',  ( 559.9999999999996589, 8.175260843528688426, 31.41779072671575790 ) ) ;
#796 = CARTESIAN_POINT ( 'NONE',  ( 844.4162311426506449, 109.5744871423269586, 17.28767357600374766 ) ) ;
#797 = CARTESIAN_POINT ( 'NONE',  ( 1081.523517486085439, 374.8886688303757069, 118.5661365905688314 ) ) ;
#798 = CARTESIAN_POINT ( 'NONE',  ( 1248.540363048111885, 423.0298423288749063, -80.50577649878279374 ) ) ;
#799 = CARTESIAN_POINT ( 'NONE',  ( 676.8194426384833378, 13.74821192636892064, -37.52327814698248432 ) ) ;
#800 = CARTESIAN_POINT ( 'NONE',  ( 1196.637337144557932, 391.9215223511391173, -38.15994804876073943 ) ) ;
#801 = CARTESIAN_POINT ( 'NONE',  ( 560.0000000000004547, -10.64075966947798690, -32.04950802068258753 ) ) ;
#802 = CARTESIAN_POINT ( 'NONE',  ( 675.3243086820291410, 49.29726449067627669, 47.49552892230169476 ) ) ;
#803 = CARTESIAN_POINT ( 'NONE',  ( 1231.951637996448653, 466.0582002099012016, -37.56889311259541131 ) ) ;
#804 = CARTESIAN_POINT ( 'NONE',  ( 676.7302209836684597, 15.66249556775592389, -50.72893487232503418 ) ) ;
#805 = CARTESIAN_POINT ( 'NONE',  ( 997.5243123773886964, 242.0568831476462890, 23.67818244656706028 ) ) ;
#806 = CARTESIAN_POINT ( 'NONE',  ( 840.3657056340098279, 142.4785013893188079, 85.94971589936298528 ) ) ;
#807 = CARTESIAN_POINT ( 'NONE',  ( 1394.880253203307575, 980.6737689487572425, 55.30974804542491086 ) ) ;
#808 = CARTESIAN_POINT ( 'NONE',  ( 1448.275215847460913, 935.5271900669471279, -42.24929324222413385 ) ) ;
#809 = ORIENTED_EDGE ( 'NONE', *, *, #5362, .F. ) ;
#810 = CARTESIAN_POINT ( 'NONE',  ( 995.3411623160423005, 252.2495102873710948, 46.04697552295785812 ) ) ;
#811 = CARTESIAN_POINT ( 'NONE',  ( 961.3157999087761709, 123.8053241614786515, -105.5603661290271447 ) ) ;
#812 = CARTESIAN_POINT ( 'NONE',  ( 1288.991591641789228, 482.9923781635211526, -100.0820947733292314 ) ) ;
#813 = CARTESIAN_POINT ( 'NONE',  ( 1262.772567134755263, 386.0795419105526776, -137.6296615982281821 ) ) ;
#814 = CARTESIAN_POINT ( 'NONE',  ( 1367.048046355501356, 601.6807594223964770, -97.73352193089338869 ) ) ;
#815 = CARTESIAN_POINT ( 'NONE',  ( 1384.240174513852253, 996.8361315921509913, 77.58870238985103640 ) ) ;
#816 = CARTESIAN_POINT ( 'NONE',  ( 1078.576591154937205, 385.4160897659606917, 134.4536058813703505 ) ) ;
#817 = CARTESIAN_POINT ( 'NONE',  ( 1170.344346475446628, 280.8757080925584546, -132.8389285457313349 ) ) ;
#818 = CARTESIAN_POINT ( 'NONE',  ( 618.6803877522861512, 0.4258390222355857291, -45.55653176439393093 ) ) ;
#819 = CARTESIAN_POINT ( 'NONE',  ( 1265.322212577151731, 379.4585790132101693, -147.9562979318492921 ) ) ;
#820 = CARTESIAN_POINT ( 'NONE',  ( 1449.689845277402583, 706.6791722316036157, -152.5631790501266778 ) ) ;
#821 = CARTESIAN_POINT ( 'NONE',  ( 1052.930724566091158, 258.9793448669418581, -29.61476492665114790 ) ) ;
#822 = CARTESIAN_POINT ( 'NONE',  ( 952.2718348248678240, 173.2807776389465175, 0.9126177922384931529 ) ) ;
#823 = CARTESIAN_POINT ( 'NONE',  ( 1387.668912540263136, 1025.030537223434749, 76.60192310500049473 ) ) ;
#824 = SHAPE_DEFINITION_REPRESENTATION ( #652, #1957 ) ;
#825 = CARTESIAN_POINT ( 'NONE',  ( 1232.434574601115401, 616.8789692349039342, 124.7566056431575277 ) ) ;
#826 = CARTESIAN_POINT ( 'NONE',  ( 1009.842237179003860, 184.6011151363040881, -80.02012792797899010 ) ) ;
#827 = CARTESIAN_POINT ( 'NONE',  ( 1338.273053028651702, 896.8809278057549363, 105.0340973646697336 ) ) ;
#828 = CARTESIAN_POINT ( 'NONE',  ( 893.6654754099873799, 174.0603967907345293, 80.44674820268065218 ) ) ;
#829 = CARTESIAN_POINT ( 'NONE',  ( 1258.004650370338595, 556.3621880035518643, 31.25667255008494294 ) ) ;
#830 = CARTESIAN_POINT ( 'NONE',  ( 1329.504446148994248, 911.8607742425288052, 140.0152132237797673 ) ) ;
#831 = CARTESIAN_POINT ( 'NONE',  ( 579.4820607976294013, -4.374420417521660553, -20.08087356093323095 ) ) ;
#832 = CARTESIAN_POINT ( 'NONE',  ( 1452.760793868553492, 892.7521109649720756, -65.02044714124359359 ) ) ;
#833 = CARTESIAN_POINT ( 'NONE',  ( 676.4979046867748593, 21.46692954960069599, -13.70063235776021671 ) ) ;
#834 = CARTESIAN_POINT ( 'NONE',  ( 892.7689481572177783, 179.8924599612045370, 78.91993673842507917 ) ) ;
#835 = CARTESIAN_POINT ( 'NONE',  ( 1435.180391198491407, 954.8656181272965568, -25.02748582778824371 ) ) ;
#836 = CARTESIAN_POINT ( 'NONE',  ( 1166.679883775997723, 292.5177584950864116, -126.5852713732730166 ) ) ;
#837 = CARTESIAN_POINT ( 'NONE',  ( 946.4808276255886312, 204.8381223256098451, 35.24817100793963931 ) ) ;
#838 = CARTESIAN_POINT ( 'NONE',  ( 675.3951678871111426, 47.71437049953268428, 55.13761091798553338 ) ) ;
#839 = CARTESIAN_POINT ( 'NONE',  ( 1406.326596337790761, 997.4768825878481948, 42.25897748714946545 ) ) ;
#840 = CARTESIAN_POINT ( 'NONE',  ( 1329.788480738865928, 539.6269258667210806, -91.46196391811608351 ) ) ;
#841 = CARTESIAN_POINT ( 'NONE',  ( 1302.934736924692970, 729.6002850395851738, 68.57540382077375796 ) ) ;
#842 = CARTESIAN_POINT ( 'NONE',  ( 961.2971447931589637, 123.9052117383754421, -105.9290197268899760 ) ) ;
#843 = CARTESIAN_POINT ( 'NONE',  ( 1060.398608141085333, 228.7091954484125722, -79.31039979443278298 ) ) ;
#844 = CARTESIAN_POINT ( 'NONE',  ( 676.9711537556496523, 10.09012326404658921, -49.45409239221663711 ) ) ;
#845 = CARTESIAN_POINT ( 'NONE',  ( 957.5929115422184168, 144.1883107894031468, -59.10167318913219958 ) ) ;
#846 = CARTESIAN_POINT ( 'NONE',  ( 841.7077254725185185, 131.5855265018670366, 65.16750338909800178 ) ) ;
#847 = CARTESIAN_POINT ( 'NONE',  ( 1372.071890700236281, 1015.319801423555646, 102.1052258476398293 ) ) ;
#848 = CARTESIAN_POINT ( 'NONE',  ( 1171.348753039425446, 277.6715550374254917, -139.0916916961131164 ) ) ;
#849 = CARTESIAN_POINT ( 'NONE',  ( 734.9631230470407672, 25.73423471775061344, -60.23811172295418004 ) ) ;
#850 = CARTESIAN_POINT ( 'NONE',  ( 1262.655410940054026, 386.3656151262894127, -147.3157859415396729 ) ) ;
#851 = CARTESIAN_POINT ( 'NONE',  ( 618.7136448230957058, -1.124571884466993632, -33.74352890952497575 ) ) ;
#852 = CARTESIAN_POINT ( 'NONE',  ( 618.3510640876290836, 19.37388325386005761, -2.265294036666971156 ) ) ;
#853 = CARTESIAN_POINT ( 'NONE',  ( 733.4936263538888852, 47.64568259314469145, 0.9889996387191205551 ) ) ;
#854 = CARTESIAN_POINT ( 'NONE',  ( 1252.048557318705889, 708.1880295916428167, 152.5261079545738028 ) ) ;
#855 = PERSON_AND_ORGANIZATION ( #5790, #2188 ) ;
#856 = CARTESIAN_POINT ( 'NONE',  ( 1233.643403438369432, 614.0181517290952797, 120.3505004270677148 ) ) ;
#857 = CARTESIAN_POINT ( 'NONE',  ( 1317.338451408872288, 700.8546433315041213, 24.37989908571841013 ) ) ;
#858 = CARTESIAN_POINT ( 'NONE',  ( 1448.706883485343042, 898.9101858713136153, -65.41502764304526352 ) ) ;
#859 = CARTESIAN_POINT ( 'NONE',  ( 1287.519081897059777, 760.3690958988330522, 119.4169359101904320 ) ) ;
#860 = CARTESIAN_POINT ( 'NONE',  ( 1197.101625145907292, 556.5702889972683352, 131.0797747422575128 ) ) ;
#861 = CARTESIAN_POINT ( 'NONE',  ( 1052.865246512221574, 259.3225711587903675, 0.7005629840254790075 ) ) ;
#862 = CARTESIAN_POINT ( 'NONE',  ( 559.9999999999997726, 8.378345275263638925, 31.93467039156314158 ) ) ;
#863 = CARTESIAN_POINT ( 'NONE',  ( 1249.777868459889987, 419.8170463162372812, -85.52033648938162003 ) ) ;
#864 = CARTESIAN_POINT ( 'NONE',  ( 1348.290190537442641, 639.1124709251687364, -43.74515451173564884 ) ) ;
#865 = CARTESIAN_POINT ( 'NONE',  ( 675.3295580801645883, 49.16119026144615134, 45.97876798580082180 ) ) ;
#866 = CARTESIAN_POINT ( 'NONE',  ( 1361.275029992953478, 741.0811051403845795, -18.78397973664521103 ) ) ;
#867 = CARTESIAN_POINT ( 'NONE',  ( 1466.712396855069755, 798.7702617911446623, -128.9838294865524801 ) ) ;
#868 = CARTESIAN_POINT ( 'NONE',  ( 842.3336931295675640, 126.3695350273871014, 23.19478946361428484 ) ) ;
#869 = CARTESIAN_POINT ( 'NONE',  ( 1157.555031349572118, 503.8930325343543473, 145.0707547622303082 ) ) ;
#870 = CARTESIAN_POINT ( 'NONE',  ( 1407.634263911225617, 995.5457200122787071, 39.61601360240939584 ) ) ;
#871 = CARTESIAN_POINT ( 'NONE',  ( 1119.308995155013235, 239.8186301574152992, -128.8275108150799042 ) ) ;
#872 = CARTESIAN_POINT ( 'NONE',  ( 1288.269946368656520, 484.7301784550382990, -78.59956939681190136 ) ) ;
#873 = CARTESIAN_POINT ( 'NONE',  ( 994.6522947727596602, 255.4668507840335963, 53.57439155782434881 ) ) ;
#874 = CARTESIAN_POINT ( 'NONE',  ( 1454.453496982908064, 698.5510720685100523, -159.2463409280047699 ) ) ;
#875 = CARTESIAN_POINT ( 'NONE',  ( 618.5209105209419249, 9.534210160521842781, -28.31415654524720438 ) ) ;
#876 = CARTESIAN_POINT ( 'NONE',  ( 1066.804908190509650, 202.7891797532764144, -103.8902666340143526 ) ) ;
#877 = CARTESIAN_POINT ( 'NONE',  ( 1206.907246136835056, 362.4943741122837650, -85.97607179729560301 ) ) ;
#878 = CARTESIAN_POINT ( 'NONE',  ( 732.2547055626117753, 66.05275907276556779, 46.92055204771153143 ) ) ;
#879 = CARTESIAN_POINT ( 'NONE',  ( 892.6171124648416253, 180.9258058050951661, 93.38034860018703398 ) ) ;
#880 = CARTESIAN_POINT ( 'NONE',  ( 1311.347328690849054, 430.1076149590280693, -161.0326098274016715 ) ) ;
#881 = CARTESIAN_POINT ( 'NONE',  ( 1307.855535103025659, 438.3748734325200189, -147.9733010844632304 ) ) ;
#882 = CARTESIAN_POINT ( 'NONE',  ( 1448.044780892875906, 709.4872658717325749, -149.6135229841695207 ) ) ;
#883 = CARTESIAN_POINT ( 'NONE',  ( 1452.239455723563651, 929.6728033368389106, -50.12164950624146798 ) ) ;
#884 = CARTESIAN_POINT ( 'NONE',  ( 560.0000000000000000, -5.012471782490386829, -9.157485496527002056 ) ) ;
#885 = CARTESIAN_POINT ( 'NONE',  ( 731.5763513013057491, 76.08330263594605469, 63.90741501769011990 ) ) ;
#886 = CARTESIAN_POINT ( 'NONE',  ( 1270.142051404824770, 668.9633142166482003, 101.9767685938820847 ) ) ;
#887 = CARTESIAN_POINT ( 'NONE',  ( 791.8678636004906366, 51.96856683352931583, -69.20847121952311909 ) ) ;
#888 = CARTESIAN_POINT ( 'NONE',  ( 1046.585911331612579, 284.7074227593737987, 17.61626812545710763 ) ) ;
#889 = CARTESIAN_POINT ( 'NONE',  ( 1447.432157344354209, 936.7722182861105011, -48.05719908954616670 ) ) ;
#890 = CARTESIAN_POINT ( 'NONE',  ( 1353.721877348167709, 976.4289045859477483, 112.9108875458907590 ) ) ;
#891 = CARTESIAN_POINT ( 'NONE',  ( 731.9780364111146582, 70.15483094635544603, 56.15441501686521519 ) ) ;
#892 = CARTESIAN_POINT ( 'NONE',  ( 676.2910335799207360, 26.41776554946224564, 0.8896082680980902380 ) ) ;
#893 = CARTESIAN_POINT ( 'NONE',  ( 1227.352565425708690, 628.9061933172047247, 143.7176419131811542 ) ) ;
#894 = CARTESIAN_POINT ( 'NONE',  ( 1344.550450236974712, 646.5752313019786470, -32.93194498946996163 ) ) ;
#895 = CARTESIAN_POINT ( 'NONE',  ( 903.8910832194126215, 106.9995346609849491, -62.60185021265231597 ) ) ;
#896 = CARTESIAN_POINT ( 'NONE',  ( 1233.782101086005014, 461.3455359861630427, -20.23511999622211732 ) ) ;
#897 = CARTESIAN_POINT ( 'NONE',  ( 1253.463612873903685, 705.1179672795788065, 146.5044026257459393 ) ) ;
#898 = CARTESIAN_POINT ( 'NONE',  ( 950.4724425817662450, 183.0110575483126354, -11.81356724049511087 ) ) ;
#899 = CARTESIAN_POINT ( 'NONE',  ( 1458.653913632633930, 920.1999362961587394, -68.06126892205037393 ) ) ;
#900 = CARTESIAN_POINT ( 'NONE',  ( 1277.172930490497492, 653.6924089461876974, 56.95049171277958067 ) ) ;
#901 = CARTESIAN_POINT ( 'NONE',  ( 1300.979392435373711, 852.0967150269156036, 161.4979167802911491 ) ) ;
#902 = CARTESIAN_POINT ( 'NONE',  ( 675.8780070057781586, 36.26832868649849928, 28.04390763316769153 ) ) ;
#903 = CARTESIAN_POINT ( 'NONE',  ( 905.0430081593068508, 99.38269741703588522, -91.61800504006689039 ) ) ;
#904 = CARTESIAN_POINT ( 'NONE',  ( 957.0021486375294444, 147.4187766950132072, -52.43201529859036469 ) ) ;
#905 = CARTESIAN_POINT ( 'NONE',  ( 993.4401284780452670, 261.1299476057826041, 67.49117785855808904 ) ) ;
#906 = CARTESIAN_POINT ( 'NONE',  ( 1392.635881706024747, 550.6176246238848080, -171.2333139999865352 ) ) ;
#907 = CARTESIAN_POINT ( 'NONE',  ( 676.2281128180428595, 27.56713260126765164, -27.75511605683185934 ) ) ;
#908 = CARTESIAN_POINT ( 'NONE',  ( 579.5093699789401853, -8.128141453937233862, -35.12942936805025340 ) ) ;
#909 = CARTESIAN_POINT ( 'NONE',  ( 1157.555031349572118, 503.8930325343543473, 145.0707547622303082 ) ) ;
#910 = CARTESIAN_POINT ( 'NONE',  ( 1015.460662300742001, 158.4452157660834075, -109.0737304579182734 ) ) ;
#911 = CARTESIAN_POINT ( 'NONE',  ( 961.2917698854736273, 123.9430291672215674, -103.7753679636876853 ) ) ;
#912 = CARTESIAN_POINT ( 'NONE',  ( 1338.549660607401847, 520.6113187594972942, -133.1756460396496493 ) ) ;
#913 = CARTESIAN_POINT ( 'NONE',  ( 1066.689715510452515, 203.2201569601389792, -115.4338292059677116 ) ) ;
#914 = CARTESIAN_POINT ( 'NONE',  ( 1451.164810600261490, 823.2186665158051255, -89.43530874228822825 ) ) ;
#915 = CARTESIAN_POINT ( 'NONE',  ( 1319.638785062937359, 817.7463050934142075, 112.0756333028938201 ) ) ;
#916 = CARTESIAN_POINT ( 'NONE',  ( 942.2886087845754446, 227.8159628385710107, 103.6294675016997360 ) ) ;
#917 = CARTESIAN_POINT ( 'NONE',  ( 1388.642410531638234, 990.1490887863762964, 68.36166125906389368 ) ) ;
#918 = CARTESIAN_POINT ( 'NONE',  ( 1385.604195155634216, 564.6411050303036063, -158.7681540879505917 ) ) ;
#919 = CARTESIAN_POINT ( 'NONE',  ( 1423.876938326069194, 750.7388141428872359, -100.6742863572277855 ) ) ;
#920 = CARTESIAN_POINT ( 'NONE',  ( 675.3384127943170370, 48.93714260379211822, 44.02360714830631849 ) ) ;
#921 = CARTESIAN_POINT ( 'NONE',  ( 618.5415583292037809, 9.035989949755068196, 0.8461039695353430590 ) ) ;
#922 = CARTESIAN_POINT ( 'NONE',  ( 1356.152089944326008, 972.6117780367940213, 116.5092408865409794 ) ) ;
#923 = CARTESIAN_POINT ( 'NONE',  ( 1425.524159392738511, 622.8186356879401728, -168.3793293451736304 ) ) ;
#924 = CARTESIAN_POINT ( 'NONE',  ( 676.4979046867748593, 21.46692954960069599, -13.70063235776021671 ) ) ;
#925 = CARTESIAN_POINT ( 'NONE',  ( 618.6070487920879941, 5.192608857214574769, -11.68764712643974590 ) ) ;
#926 = CARTESIAN_POINT ( 'NONE',  ( 1157.976266813614757, 502.6754201539412747, 133.2929025374337755 ) ) ;
#927 = CARTESIAN_POINT ( 'NONE',  ( 1324.721134189267559, 686.1218015108213422, 2.584098378755763203 ) ) ;
#928 = CARTESIAN_POINT ( 'NONE',  ( 618.6215939557702086, 3.762974491999771853, -40.12246079793358433 ) ) ;
#929 = CARTESIAN_POINT ( 'NONE',  ( 559.9999999999993179, 10.52893410063372670, 19.58444352888256645 ) ) ;
#930 = CARTESIAN_POINT ( 'NONE',  ( 731.6874431749462246, 74.45678845828838632, 65.11959776307543279 ) ) ;
#931 = CARTESIAN_POINT ( 'NONE',  ( 1276.746929610458210, 654.6417292496352047, 80.44085662660657476 ) ) ;
#932 = CARTESIAN_POINT ( 'NONE',  ( 1292.633938138141502, 474.4014341098322234, -94.21872649722371307 ) ) ;
#933 = CARTESIAN_POINT ( 'NONE',  ( 1040.137007742021751, 310.8739278923347911, 73.07481492694914493 ) ) ;
#934 = CARTESIAN_POINT ( 'NONE',  ( 579.5064933369671962, -7.676972565460505216, -40.85803902793593068 ) ) ;
#935 = CARTESIAN_POINT ( 'NONE',  ( 1345.820886621914951, 504.8625552438566046, -142.1235907623755566 ) ) ;
#936 = CARTESIAN_POINT ( 'NONE',  ( 786.9015634107515780, 104.6051177471817368, 72.97496254765087542 ) ) ;
#937 = CARTESIAN_POINT ( 'NONE',  ( 1312.319000118111489, 427.8010005288265347, -167.0953826702611025 ) ) ;
#938 = CARTESIAN_POINT ( 'NONE',  ( 1353.048281188138162, 489.1889071294215796, -165.3074003100494735 ) ) ;
#939 = CARTESIAN_POINT ( 'NONE',  ( 905.8350285270965969, 94.21877617045264230, -94.07011286927070159 ) ) ;
#940 = CARTESIAN_POINT ( 'NONE',  ( 904.8353832330267323, 100.7422577834498583, -89.84172229959892775 ) ) ;
#941 = CARTESIAN_POINT ( 'NONE',  ( 676.7954413030112164, 14.32569377244215048, -35.68366163774255995 ) ) ;
#942 = CARTESIAN_POINT ( 'NONE',  ( 618.3671277799206791, 19.14921605919125014, 30.28442520700398077 ) ) ;
#943 = CARTESIAN_POINT ( 'NONE',  ( 1323.019279701618871, 922.9287621156694286, 149.2327800680261305 ) ) ;
#944 = SECURITY_CLASSIFICATION_LEVEL ( 'unclassified' ) ;
#945 = CARTESIAN_POINT ( 'NONE',  ( 1323.684382653161720, 810.2987255905840129, 101.3455632769355361 ) ) ;
#946 = CARTESIAN_POINT ( 'NONE',  ( 1259.668178940723692, 394.1177693639517656, -137.9467836498309623 ) ) ;
#947 = CARTESIAN_POINT ( 'NONE',  ( 788.1668064725776048, 91.07547031472597610, 10.85481572029483388 ) ) ;
#948 = CARTESIAN_POINT ( 'NONE',  ( 1246.192002136774363, 429.0933852995376014, -91.41698474061747959 ) ) ;
#949 = CARTESIAN_POINT ( 'NONE',  ( 1424.628953963955382, 970.4479733984225049, 5.209251261192064497 ) ) ;
#950 = CARTESIAN_POINT ( 'NONE',  ( 892.7689481572177783, 179.8924599612045370, 78.91993673842507917 ) ) ;
#951 = CARTESIAN_POINT ( 'NONE',  ( 733.4583664506141076, 48.17054717880336057, 2.393442205584980442 ) ) ;
#952 = CARTESIAN_POINT ( 'NONE',  ( 1039.303315879284810, 314.3040776630139703, 101.0666507683857702 ) ) ;
#953 = CARTESIAN_POINT ( 'NONE',  ( 1056.007646922981849, 246.5796290219184073, -22.98708994191721899 ) ) ;
#954 = CARTESIAN_POINT ( 'NONE',  ( 848.5487258376592763, 75.94360551083421740, -61.53825982653791016 ) ) ;
#955 = CARTESIAN_POINT ( 'NONE',  ( 846.7142851289207783, 90.87790651628515093, -26.15606291148524676 ) ) ;
#956 = CARTESIAN_POINT ( 'NONE',  ( 991.0453037960489837, 272.3291325296822265, 99.29678822115228343 ) ) ;
#957 = CARTESIAN_POINT ( 'NONE',  ( 560.0000000000004547, 7.233797916309125497, 3.024054427844504733 ) ) ;
#958 = CARTESIAN_POINT ( 'NONE',  ( 1460.553113852708066, 880.9153479370396553, -86.92891878974164399 ) ) ;
#959 = CARTESIAN_POINT ( 'NONE',  ( 1306.489743515574901, 722.5052986913192399, 57.43896961114054278 ) ) ;
#960 = CARTESIAN_POINT ( 'NONE',  ( 1250.389435442746617, 711.7928284826969048, 165.8113953612704847 ) ) ;
#961 = CARTESIAN_POINT ( 'NONE',  ( 732.8418384456452941, 57.33961413432437126, 26.17193524022870932 ) ) ;
#962 = CARTESIAN_POINT ( 'NONE',  ( 676.7469094776187148, 15.49239708134203397, -32.00896431509597306 ) ) ;
#963 = CARTESIAN_POINT ( 'NONE',  ( 789.8877001185007884, 73.04630242365175263, 0.9964493495853566918 ) ) ;
#964 = CARTESIAN_POINT ( 'NONE',  ( 731.7549478025046028, 73.34708092872857321, 44.21319266777334178 ) ) ;
#965 = CARTESIAN_POINT ( 'NONE',  ( 849.4583005566050815, 68.49029169463995004, -86.35928098636547645 ) ) ;
#966 = CARTESIAN_POINT ( 'NONE',  ( 1007.974725323966140, 193.3078610856221928, -66.17464937476530906 ) ) ;
#967 = CARTESIAN_POINT ( 'NONE',  ( 1447.443422844026145, 710.5195403571135557, -141.7369261168009302 ) ) ;
#968 = CARTESIAN_POINT ( 'NONE',  ( 1267.816127250371665, 533.1043200492781580, -28.74381939503115291 ) ) ;
#969 = CARTESIAN_POINT ( 'NONE',  ( 1277.353699154713922, 780.6685728143360166, 163.9019074889016849 ) ) ;
#970 = CARTESIAN_POINT ( 'NONE',  ( 905.6150009749686660, 95.64047120560498172, -95.81781950438789863 ) ) ;
#971 = CARTESIAN_POINT ( 'NONE',  ( 1472.477805374789114, 789.7092684383413825, -134.5552210201624632 ) ) ;
#972 = CARTESIAN_POINT ( 'NONE',  ( 1298.495432685292826, 460.5040165351960582, -129.7596317023705126 ) ) ;
#973 = CARTESIAN_POINT ( 'NONE',  ( 1419.293528127986519, 634.2855662041515643, -156.4630629333661034 ) ) ;
#974 = CARTESIAN_POINT ( 'NONE',  ( 958.4789001546400868, 139.3430716257816186, -69.12316842671695838 ) ) ;
#975 = CARTESIAN_POINT ( 'NONE',  ( 995.7690146376963867, 250.3302868965311916, 69.71723521084828690 ) ) ;
#976 = CARTESIAN_POINT ( 'NONE',  ( 1386.866954516453006, 1026.214868282963380, 78.55036775801147542 ) ) ;
#977 = CARTESIAN_POINT ( 'NONE',  ( 787.9739393795128990, 93.28657172280597365, 48.83792084849106629 ) ) ;
#978 = CARTESIAN_POINT ( 'NONE',  ( 1448.813520484001174, 934.7322221489042704, -50.58490399213477673 ) ) ;
#979 = CARTESIAN_POINT ( 'NONE',  ( 1140.552872891075822, 375.7877788451149286, 27.52118706120196379 ) ) ;
#980 = CARTESIAN_POINT ( 'NONE',  ( 618.2107848952036875, 27.87445599837729659, 39.44912593241475918 ) ) ;
#981 = CARTESIAN_POINT ( 'NONE',  ( 899.3395321564701135, 136.8650519009013067, 2.999561371758617145 ) ) ;
#982 = CARTESIAN_POINT ( 'NONE',  ( 944.4973895271095898, 215.7605704005025586, 85.42457313506066896 ) ) ;
#983 = CARTESIAN_POINT ( 'NONE',  ( 1427.621411680092933, 930.9392418540406879, -13.15197971645054054 ) ) ;
#984 = CARTESIAN_POINT ( 'NONE',  ( 786.7581677759173999, 106.0757869939885438, 65.64395579587504415 ) ) ;
#985 = CARTESIAN_POINT ( 'NONE',  ( 1098.112712531627039, 315.5427344333315887, -14.96773191491586807 ) ) ;
#986 = CARTESIAN_POINT ( 'NONE',  ( 1459.105921381845064, 810.7285980682091804, -115.2652752943116923 ) ) ;
#987 = CARTESIAN_POINT ( 'NONE',  ( 1396.545248122950625, 978.1448179913591048, 40.99871577273840728 ) ) ;
#988 = CARTESIAN_POINT ( 'NONE',  ( 943.6272288392862038, 220.5122806091189034, 94.83165673322601208 ) ) ;
#989 = CARTESIAN_POINT ( 'NONE',  ( 1180.329733852406207, 438.6469937587238519, 38.60574891010753618 ) ) ;
#990 = CARTESIAN_POINT ( 'NONE',  ( 560.0000000000004547, -8.185907469951514415, -21.50866760791012666 ) ) ;
#991 = FACE_OUTER_BOUND ( 'NONE', #5115, .T. ) ;
#992 = CARTESIAN_POINT ( 'NONE',  ( 731.8244221269061427, 72.29811637183350115, 39.06214455550637865 ) ) ;
#993 = CARTESIAN_POINT ( 'NONE',  ( 1471.375046840105369, 864.4764636689969848, -103.7100233571785424 ) ) ;
#994 = CARTESIAN_POINT ( 'NONE',  ( 1285.372405347744461, 491.5566744385956213, -88.36965903694677138 ) ) ;
#995 = CARTESIAN_POINT ( 'NONE',  ( 1467.714282204067786, 797.1985397636047992, -124.3407856157445508 ) ) ;
#996 = CARTESIAN_POINT ( 'NONE',  ( 1335.994144917587619, 663.6263430057227879, -29.76798997556900517 ) ) ;
#997 = CARTESIAN_POINT ( 'NONE',  ( 1158.993938848153221, 499.7715304982597786, 138.9675366031964927 ) ) ;
#998 = CARTESIAN_POINT ( 'NONE',  ( 1392.268453543035321, 551.3473950212148793, -172.4384874544155082 ) ) ;
#999 = CARTESIAN_POINT ( 'NONE',  ( 618.7562412762380291, -3.809586161593409681, -48.34660791577455541 ) ) ;
#1000 = CARTESIAN_POINT ( 'NONE',  ( 1170.857153533763949, 279.2403206014201373, -135.9318499774739450 ) ) ;
#1001 = CARTESIAN_POINT ( 'NONE',  ( 1457.059249720836306, 886.2227202957949430, -80.75285227897680329 ) ) ;
#1002 = CARTESIAN_POINT ( 'NONE',  ( 579.4780058636762305, -3.698836094647674155, -36.02133730030153203 ) ) ;
#1003 = CARTESIAN_POINT ( 'NONE',  ( 1433.857735422657015, 733.7107378995625595, -110.2417348188047868 ) ) ;
#1004 = CARTESIAN_POINT ( 'NONE',  ( 618.2867654290527071, 23.74520313505401248, 41.68459726807049748 ) ) ;
#1005 = CARTESIAN_POINT ( 'NONE',  ( 560.0000000000000000, 11.12095735864282098, 36.22323856434100264 ) ) ;
#1006 = CARTESIAN_POINT ( 'NONE',  ( 1399.782268020695483, 1007.141542158025459, 55.49573949463069056 ) ) ;
#1007 = CARTESIAN_POINT ( 'NONE',  ( 1210.124455656246255, 522.7277614266934052, 53.40138061400032399 ) ) ;
#1008 = CARTESIAN_POINT ( 'NONE',  ( 1440.493275627232379, 911.3869039655077131, -49.81356002666080229 ) ) ;
#1009 = CARTESIAN_POINT ( 'NONE',  ( 559.9999999999997726, -1.616385900349516902, 2.967808007155175787 ) ) ;
#1010 = CARTESIAN_POINT ( 'NONE',  ( 1306.800780870091330, 841.3720201012515645, 134.9566738379082835 ) ) ;
#1011 = CARTESIAN_POINT ( 'NONE',  ( 1394.192280104708516, 1015.396832478390593, 60.74653245780335453 ) ) ;
#1012 = CARTESIAN_POINT ( 'NONE',  ( 992.8433377563287650, 263.9726587655376875, 95.04502841290629078 ) ) ;
#1013 = CARTESIAN_POINT ( 'NONE',  ( 733.7031403656021666, 44.52603491546479830, -7.448659828652245629 ) ) ;
#1014 = CARTESIAN_POINT ( 'NONE',  ( 1409.156429952485269, 652.9541598938739071, -122.7161866308661047 ) ) ;
#1015 = CARTESIAN_POINT ( 'NONE',  ( 618.2102211337754625, 27.97661728304144901, 43.28472339194876639 ) ) ;
#1016 = CARTESIAN_POINT ( 'NONE',  ( 1349.061525924412763, 763.5650193338037752, 13.23004642743586601 ) ) ;
#1017 = CARTESIAN_POINT ( 'NONE',  ( 1303.138373263445374, 449.5187979566804302, -143.4776809238009605 ) ) ;
#1018 = CARTESIAN_POINT ( 'NONE',  ( 1210.124455656246255, 522.7277614266934052, 53.40138061400032399 ) ) ;
#1019 = CARTESIAN_POINT ( 'NONE',  ( 1252.824563600975353, 706.5133659604754257, 158.9002281496412934 ) ) ;
#1020 = CARTESIAN_POINT ( 'NONE',  ( 579.4226492387426788, 3.831335904195817932, 8.464777642226636090 ) ) ;
#1021 = CARTESIAN_POINT ( 'NONE',  ( 848.1276815275417675, 79.37203865840812966, -53.38921527228108488 ) ) ;
#1022 = CARTESIAN_POINT ( 'NONE',  ( 1465.511109680123354, 910.0732338763199323, -76.13795707001445123 ) ) ;
#1023 = CARTESIAN_POINT ( 'NONE',  ( 1293.111755065160651, 749.2058748320870336, 100.4385984938915186 ) ) ;
#1024 = CARTESIAN_POINT ( 'NONE',  ( 1267.821909721976681, 372.9622397556297528, -160.6829569867203986 ) ) ;
#1025 = CARTESIAN_POINT ( 'NONE',  ( 1445.595498740814492, 939.4845944521240426, -44.67576113702823193 ) ) ;
#1026 = CARTESIAN_POINT ( 'NONE',  ( 905.4392043371857426, 96.83765334348329645, -84.98382061294996959 ) ) ;
#1027 = CARTESIAN_POINT ( 'NONE',  ( 1143.389338931535121, 366.6905236369291856, -15.98569769328763535 ) ) ;
#1028 = CARTESIAN_POINT ( 'NONE',  ( 991.3783395732302779, 270.8026854236199483, 107.7748803501001760 ) ) ;
#1029 = CARTESIAN_POINT ( 'NONE',  ( 849.5231696569942414, 67.98961232099779295, -82.95521595592624919 ) ) ;
#1030 = CARTESIAN_POINT ( 'NONE',  ( 904.2170446841912508, 104.7889649541294403, -84.39936312464884338 ) ) ;
#1031 = CARTESIAN_POINT ( 'NONE',  ( 1409.156429952485269, 652.9541598938739071, -122.7161866308661047 ) ) ;
#1032 = CARTESIAN_POINT ( 'NONE',  ( 560.0000000000009095, 7.778110276618265040, 30.40262923287834340 ) ) ;
#1033 = CARTESIAN_POINT ( 'NONE',  ( 1189.279780148117879, 576.8732546393672465, 160.1520218262721187 ) ) ;
#1034 = CARTESIAN_POINT ( 'NONE',  ( 1170.115773990276466, 467.9103019453500565, 86.53732762986210503 ) ) ;
#1035 = CARTESIAN_POINT ( 'NONE',  ( 1362.019226847174195, 856.3374628407053706, 42.77597800891645363 ) ) ;
#1036 = CARTESIAN_POINT ( 'NONE',  ( 1218.987524277711145, 327.8640706334065271, -148.6163578400342828 ) ) ;
#1037 = CARTESIAN_POINT ( 'NONE',  ( 1416.479386915414580, 763.3664184720807953, -84.66787820879611104 ) ) ;
#1038 = CARTESIAN_POINT ( 'NONE',  ( 1224.010091638240510, 486.7154710651486766, 20.07334301220740969 ) ) ;
#1039 = CARTESIAN_POINT ( 'NONE',  ( 991.1615006163791577, 271.7851036408619052, 97.48645155116241767 ) ) ;
#1040 = DIRECTION ( 'NONE',  ( -0.5606896246928445571, 0.8280260531902344789, 0.000000000000000000 ) ) ;
#1041 = CARTESIAN_POINT ( 'NONE',  ( 579.3566564251743785, 12.98866117462184633, 33.92227144749303847 ) ) ;
#1042 = CARTESIAN_POINT ( 'NONE',  ( 1434.518020949551101, 849.3925157716189460, -53.86434046635937278 ) ) ;
#1043 = CARTESIAN_POINT ( 'NONE',  ( 1338.183396015140261, 521.4235634611183059, -118.0820883478156702 ) ) ;
#1044 = CARTESIAN_POINT ( 'NONE',  ( 1301.796494149159571, 850.5872879074712500, 151.5573952738653247 ) ) ;
#1045 = CARTESIAN_POINT ( 'NONE',  ( 849.5212030848662152, 67.98716012951882703, -85.85898784454153088 ) ) ;
#1046 = CARTESIAN_POINT ( 'NONE',  ( 1338.549660607401847, 520.6113187594972942, -133.1756460396496493 ) ) ;
#1047 = CARTESIAN_POINT ( 'NONE',  ( 944.2882292166131037, 216.8429121460862063, 66.41444663582680619 ) ) ;
#1048 = CARTESIAN_POINT ( 'NONE',  ( 1080.359875755662188, 379.0454722800001832, 125.5551213423179178 ) ) ;
#1049 = CARTESIAN_POINT ( 'NONE',  ( 999.4488652017711274, 233.1668105534598965, 37.14473879956526048 ) ) ;
#1050 = CARTESIAN_POINT ( 'NONE',  ( 1367.048046355501356, 601.6807594223964770, -97.73352193089338869 ) ) ;
#1051 = CARTESIAN_POINT ( 'NONE',  ( 560.0000000000000000, 6.724355295319187853, 27.76010332016398863 ) ) ;
#1052 = CARTESIAN_POINT ( 'NONE',  ( 579.3310826340051563, 16.62445068063604126, 29.88595723935802795 ) ) ;
#1053 = CARTESIAN_POINT ( 'NONE',  ( 1469.176449881724466, 904.6602619805141785, -84.29193057593369076 ) ) ;
#1054 = CARTESIAN_POINT ( 'NONE',  ( 559.9999999999997726, 3.031384953112070679, -10.83221219350456721 ) ) ;
#1055 = CARTESIAN_POINT ( 'NONE',  ( 1067.814453617211029, 198.6954693898744324, -111.1387836938217788 ) ) ;
#1056 = CARTESIAN_POINT ( 'NONE',  ( 1216.697554964236815, 505.6998063622563109, 50.34007162877977493 ) ) ;
#1057 = CARTESIAN_POINT ( 'NONE',  ( 843.6988324709155904, 115.2567296007677413, -4.197446378628477248 ) ) ;
#1058 = CARTESIAN_POINT ( 'NONE',  ( 579.3481613547314737, 14.17911266175539531, 36.86970707138159753 ) ) ;
#1059 = CARTESIAN_POINT ( 'NONE',  ( 1311.924186410071115, 428.7339303125204424, -166.4590720590433932 ) ) ;
#1060 = CARTESIAN_POINT ( 'NONE',  ( 579.4446670955520631, 0.9463286302604909661, -27.10943180579946343 ) ) ;
#1061 = CARTESIAN_POINT ( 'NONE',  ( 1013.263560217142526, 168.6550838879761045, -103.1600924331242481 ) ) ;
#1062 = CARTESIAN_POINT ( 'NONE',  ( 1164.011581653561734, 301.0532859617754298, -99.09594913055593679 ) ) ;
#1063 = CARTESIAN_POINT ( 'NONE',  ( 1358.213972038810198, 969.3696050460615652, 111.9815930958428538 ) ) ;
#1064 = CARTESIAN_POINT ( 'NONE',  ( 579.3298608057355068, 16.73949484062826443, 40.43681371353557807 ) ) ;
#1065 = CARTESIAN_POINT ( 'NONE',  ( 946.8483355760606628, 202.9198708618058049, 60.65518202716400253 ) ) ;
#1066 = CARTESIAN_POINT ( 'NONE',  ( 1357.965608527867289, 863.2581607389694227, 53.00567662323881279 ) ) ;
#1067 = CARTESIAN_POINT ( 'NONE',  ( 579.4708797977608583, -2.713447896320515085, -34.38311337314889471 ) ) ;
#1068 = CARTESIAN_POINT ( 'NONE',  ( 905.2593731514533602, 97.96624942384578105, -93.38813138202750963 ) ) ;
#1069 = CARTESIAN_POINT ( 'NONE',  ( 675.3051264529557329, 49.82909537808080103, 57.07915995989450408 ) ) ;
#1070 = CARTESIAN_POINT ( 'NONE',  ( 1105.140423589597958, 290.4294524654546876, -56.64715756067933938 ) ) ;
#1071 = CARTESIAN_POINT ( 'NONE',  ( 560.0000000000000000, -0.4055149009965698936, -19.91125544682606829 ) ) ;
#1072 = CARTESIAN_POINT ( 'NONE',  ( 1193.029870041845015, 567.1279469551441252, 137.3615575789700927 ) ) ;
#1073 = CARTESIAN_POINT ( 'NONE',  ( 1416.847111506492865, 981.9401930023323075, 20.97939420408031452 ) ) ;
#1074 = CARTESIAN_POINT ( 'NONE',  ( 579.3603333443146539, 12.48247070033681005, 32.66231965768473344 ) ) ;
#1075 = CARTESIAN_POINT ( 'NONE',  ( 734.1172437922147083, 38.35640422680246786, -24.34887928360956266 ) ) ;
#1076 = CARTESIAN_POINT ( 'NONE',  ( 892.4655107742747759, 181.8978021018341167, 87.66814092744773745 ) ) ;
#1077 = CARTESIAN_POINT ( 'NONE',  ( 676.9743793016397149, 9.904210866138614122, -57.67187271047540520 ) ) ;
#1078 = CARTESIAN_POINT ( 'NONE',  ( 1094.094155630028581, 329.9058767104490926, 10.48651576252568773 ) ) ;
#1079 = CARTESIAN_POINT ( 'NONE',  ( 1432.845948280348011, 735.4291647385609849, -119.5914955022777804 ) ) ;
#1080 = CARTESIAN_POINT ( 'NONE',  ( 1388.154107682501945, 990.8909797686209231, 60.12993388891956670 ) ) ;
#1081 = CARTESIAN_POINT ( 'NONE',  ( 618.2514043097849026, 25.75318347598692270, 46.37368028224082650 ) ) ;
#1082 = CARTESIAN_POINT ( 'NONE',  ( 1389.121897014419574, 920.7706726014494052, 44.59724182125506076 ) ) ;
#1083 = CARTESIAN_POINT ( 'NONE',  ( 1435.238075089958329, 954.7804305959400608, -25.14714060742947765 ) ) ;
#1084 = CARTESIAN_POINT ( 'NONE',  ( 1396.558052184787357, 1011.903061893127983, 55.26351846180022420 ) ) ;
#1085 = CARTESIAN_POINT ( 'NONE',  ( 618.7211001363031073, -1.893209285491173510, -48.87111009352429392 ) ) ;
#1086 = CARTESIAN_POINT ( 'NONE',  ( 559.9999999999998863, 1.376615315417168972, -15.36695581410866929 ) ) ;
#1087 = CARTESIAN_POINT ( 'NONE',  ( 1385.808051569491454, 564.2452733755268355, -150.7568901865127771 ) ) ;
#1088 = CARTESIAN_POINT ( 'NONE',  ( 1134.150965626768993, 396.1808566337816728, 62.24709550484158882 ) ) ;
#1089 = CARTESIAN_POINT ( 'NONE',  ( 948.1197126368839463, 195.8734438821394406, 14.89452001074356957 ) ) ;
#1090 = CARTESIAN_POINT ( 'NONE',  ( 559.9999999999992042, 5.126087946778411286, 23.61196871812633091 ) ) ;
#1091 = CARTESIAN_POINT ( 'NONE',  ( 560.0000000000003411, 9.109288952987235177, 33.68034722095576683 ) ) ;
#1092 = CARTESIAN_POINT ( 'NONE',  ( 1121.135920878636171, 233.3042691729888816, -132.4804077261037776 ) ) ;
#1093 = CARTESIAN_POINT ( 'NONE',  ( 957.0994115228321562, 146.8094764959613769, -76.36549422727014758 ) ) ;
#1094 = CARTESIAN_POINT ( 'NONE',  ( 1215.774321518558963, 337.0652376180604506, -138.1177530291915616 ) ) ;
#1095 = CARTESIAN_POINT ( 'NONE',  ( 958.7737897398816358, 137.7304608649035913, -72.44114748709279183 ) ) ;
#1096 = CARTESIAN_POINT ( 'NONE',  ( 1170.301810360296486, 280.9859034044763462, -140.2490761660607177 ) ) ;
#1097 = CARTESIAN_POINT ( 'NONE',  ( 1197.703621186862847, 555.0076117316000364, 128.5693747223324692 ) ) ;
#1098 = CARTESIAN_POINT ( 'NONE',  ( 618.2143197531041778, 27.85300245575020384, 49.42385717820441471 ) ) ;
#1099 = CARTESIAN_POINT ( 'NONE',  ( 1300.011366629837312, 735.4546812461559284, 97.42155900793582646 ) ) ;
#1100 = CARTESIAN_POINT ( 'NONE',  ( 946.4808276255886312, 204.8381223256098451, 35.24817100793963931 ) ) ;
#1101 = CARTESIAN_POINT ( 'NONE',  ( 1320.614485018201322, 559.4950187317060681, -82.06004017892338709 ) ) ;
#1102 = CARTESIAN_POINT ( 'NONE',  ( 560.0000000000000000, -8.981161317093993901, -24.82996887873312986 ) ) ;
#1103 = CARTESIAN_POINT ( 'NONE',  ( 991.0453037960489837, 272.3291325296822265, 99.29678822115228343 ) ) ;
#1104 = CARTESIAN_POINT ( 'NONE',  ( 1423.798269828998855, 971.6747271591937078, 6.885204279053431797 ) ) ;
#1105 = CARTESIAN_POINT ( 'NONE',  ( 579.3647713009756899, 11.86566762604131675, 31.13609159009621052 ) ) ;
#1106 = CARTESIAN_POINT ( 'NONE',  ( 954.6413645611096399, 160.3269118005627831, -25.74960373621894760 ) ) ;
#1107 = CARTESIAN_POINT ( 'NONE',  ( 560.0000000000014779, 11.21506990300442119, 34.21500776748623451 ) ) ;
#1108 = CARTESIAN_POINT ( 'NONE',  ( 961.3157999087761709, 123.8053241614786515, -105.5603661290271447 ) ) ;
#1109 = CARTESIAN_POINT ( 'NONE',  ( 1047.608511542505084, 280.5600998068061926, 9.663331332389008210 ) ) ;
#1110 = CARTESIAN_POINT ( 'NONE',  ( 1408.157517739148261, 654.7819920115796322, -132.4456447713997136 ) ) ;
#1111 = CARTESIAN_POINT ( 'NONE',  ( 731.8244221269061427, 72.29811637183350115, 39.06214455550637865 ) ) ;
#1112 = CARTESIAN_POINT ( 'NONE',  ( 1302.463331497083573, 849.3651002201277151, 158.0049877705926349 ) ) ;
#1113 = CARTESIAN_POINT ( 'NONE',  ( 1138.893207640203855, 381.0748455710964890, 36.59681652693566889 ) ) ;
#1114 = CARTESIAN_POINT ( 'NONE',  ( 1147.221188165093736, 354.5448205154289099, -8.731408599760495548 ) ) ;
#1115 = CARTESIAN_POINT ( 'NONE',  ( 1383.347090550257690, 998.1930706074311956, 71.51908317994916331 ) ) ;
#1116 = CARTESIAN_POINT ( 'NONE',  ( 1354.247755107394823, 486.5838836447001654, -171.5121687692141279 ) ) ;
#1117 = CARTESIAN_POINT ( 'NONE',  ( 1440.493275627232379, 911.3869039655077131, -49.81356002666080229 ) ) ;
#1118 = CARTESIAN_POINT ( 'NONE',  ( 579.5134031272735911, -8.677356936945839649, -37.73255903021505020 ) ) ;
#1119 = CARTESIAN_POINT ( 'NONE',  ( 732.8418384456452941, 57.33961413432437126, 26.17193524022870932 ) ) ;
#1120 = CARTESIAN_POINT ( 'NONE',  ( 1095.415283821021831, 325.1836005061715582, 1.962429259249487190 ) ) ;
#1121 = CARTESIAN_POINT ( 'NONE',  ( 1078.298722885055440, 386.4079291989216927, 134.6506003677180558 ) ) ;
#1122 = CARTESIAN_POINT ( 'NONE',  ( 1168.063950594593280, 473.7885146396544656, 96.13321981034481212 ) ) ;
#1123 = CARTESIAN_POINT ( 'NONE',  ( 1225.233931329708412, 633.9205408437866254, 151.6277673697386490 ) ) ;
#1124 = CARTESIAN_POINT ( 'NONE',  ( 1445.198209623496723, 940.0713107480876261, -36.11987041233565776 ) ) ;
#1125 = CARTESIAN_POINT ( 'NONE',  ( 1161.343939775980061, 309.5068680425856655, -103.7953850506054181 ) ) ;
#1126 = CARTESIAN_POINT ( 'NONE',  ( 579.5037402996169931, -7.355600292465267920, -31.86735097331323274 ) ) ;
#1127 = CARTESIAN_POINT ( 'NONE',  ( 1065.479940377819048, 208.1639223691499581, -93.90630544043449390 ) ) ;
#1128 = CARTESIAN_POINT ( 'NONE',  ( 1359.271236575434614, 967.7072196330722136, 109.6894187135973056 ) ) ;
#1129 = CARTESIAN_POINT ( 'NONE',  ( 1118.309465885040709, 446.6322435678073930, 144.0314116658229580 ) ) ;
#1130 = CARTESIAN_POINT ( 'NONE',  ( 618.3973913794136479, 17.40880390330574201, 25.68704016128920031 ) ) ;
#1131 = CARTESIAN_POINT ( 'NONE',  ( 958.2192695201874812, 140.6958442085041270, -85.72624517130688560 ) ) ;
#1132 = CARTESIAN_POINT ( 'NONE',  ( 786.6306309090200557, 107.4576585453390720, 75.74807071873669884 ) ) ;
#1133 = CARTESIAN_POINT ( 'NONE',  ( 1106.595901772616344, 285.2290627542550965, -64.87443583526126645 ) ) ;
#1134 = CARTESIAN_POINT ( 'NONE',  ( 560.0000000000000000, -2.285473743013877623, 0.6485779851572228694 ) ) ;
#1135 = CARTESIAN_POINT ( 'NONE',  ( 1279.602210970789201, 776.1729878114750818, 147.7894621428184223 ) ) ;
#1136 = CARTESIAN_POINT ( 'NONE',  ( 1418.092668871940532, 945.4139381406156417, -5.089047747874274386 ) ) ;
#1137 = CARTESIAN_POINT ( 'NONE',  ( 1162.911204181758194, 488.5500170206213397, 120.1649501341852613 ) ) ;
#1138 = CARTESIAN_POINT ( 'NONE',  ( 1057.060961404703676, 242.3082461173165143, -30.86746480488963584 ) ) ;
#1139 = CARTESIAN_POINT ( 'NONE',  ( 675.3122148285847288, 49.62571405015732040, 52.63298560310713015 ) ) ;
#1140 = CARTESIAN_POINT ( 'NONE',  ( 1220.860562763673443, 322.5036917146643987, -152.7566438160006328 ) ) ;
#1141 = CARTESIAN_POINT ( 'NONE',  ( 618.5816490108082917, 6.049488412836325324, -35.73679324635539700 ) ) ;
#1142 = CARTESIAN_POINT ( 'NONE',  ( 1346.010751082132856, 883.6694252776876510, 84.06284030113117467 ) ) ;
#1143 = CARTESIAN_POINT ( 'NONE',  ( 1255.608474535708183, 700.4768162553464208, 150.0170857454018858 ) ) ;
#1144 = CARTESIAN_POINT ( 'NONE',  ( 899.9027710955921293, 133.1702893602103472, -5.064359465726262499 ) ) ;
#1145 = CARTESIAN_POINT ( 'NONE',  ( 1361.320995470720163, 964.4789184125427255, 93.66288980342501702 ) ) ;
#1146 = CARTESIAN_POINT ( 'NONE',  ( 1170.996320526611498, 278.7761389819722240, -142.5591282492967480 ) ) ;
#1147 = CARTESIAN_POINT ( 'NONE',  ( 789.4785094555890055, 77.19154500094307991, -22.75652307185960410 ) ) ;
#1148 = CARTESIAN_POINT ( 'NONE',  ( 1409.376932381580218, 992.9721484104885576, 36.09199948465884944 ) ) ;
#1149 = CARTESIAN_POINT ( 'NONE',  ( 999.0689890195986891, 234.8479892074213353, 8.974446798952767423 ) ) ;
#1150 = CARTESIAN_POINT ( 'NONE',  ( 1189.246667995697180, 576.9589231842082881, 159.8097139681580927 ) ) ;
#1151 = CARTESIAN_POINT ( 'NONE',  ( 895.8112180272810292, 160.0005720559566385, 52.14792671729221496 ) ) ;
#1152 = CARTESIAN_POINT ( 'NONE',  ( 1082.120382852821422, 372.7564921385679213, 114.6478288828081844 ) ) ;
#1153 = CARTESIAN_POINT ( 'NONE',  ( 1442.999539671488265, 943.3183050252411022, -31.73381983950618235 ) ) ;
#1154 = CARTESIAN_POINT ( 'NONE',  ( 1336.698602242201332, 524.6242307979571251, -128.1179634869378106 ) ) ;
#1155 = CARTESIAN_POINT ( 'NONE',  ( 618.7394732456840529, -2.680839904341170588, -39.86113863777314492 ) ) ;
#1156 = CARTESIAN_POINT ( 'NONE',  ( 1066.013512020935195, 205.9992937505045063, -97.95743238864699265 ) ) ;
#1157 = CARTESIAN_POINT ( 'NONE',  ( 893.8825886947937533, 172.6375883301861904, 77.55714371873827417 ) ) ;
#1158 = CARTESIAN_POINT ( 'NONE',  ( 731.6127736260232268, 75.56176835834695282, 66.65978982715769519 ) ) ;
#1159 = CARTESIAN_POINT ( 'NONE',  ( 1352.050582994653041, 873.3695215916865209, 85.06485675591511608 ) ) ;
#1160 = CARTESIAN_POINT ( 'NONE',  ( 1467.714282204067786, 797.1985397636047992, -124.3407856157445508 ) ) ;
#1161 = CARTESIAN_POINT ( 'NONE',  ( 618.6215939557702086, 3.762974491999771853, -40.12246079793358433 ) ) ;
#1162 = CARTESIAN_POINT ( 'NONE',  ( 1385.441331825079033, 1028.320226895798896, 82.14687077884350686 ) ) ;
#1163 = CARTESIAN_POINT ( 'NONE',  ( 844.6021141381711459, 107.9111575417287270, -20.33782398774505396 ) ) ;
#1164 = EDGE_CURVE ( 'NONE', #5712, #2381, #526, .T. ) ;
#1165 = CARTESIAN_POINT ( 'NONE',  ( 560.0000000000000000, -9.751616861442103712, -27.95006263800842206 ) ) ;
#1166 = CARTESIAN_POINT ( 'NONE',  ( 1253.463612873903685, 705.1179672795788065, 146.5044026257459393 ) ) ;
#1167 = MECHANICAL_CONTEXT ( 'NONE', #5618, 'mechanical' ) ;
#1168 = CARTESIAN_POINT ( 'NONE',  ( 1286.056380818704383, 763.3021299542442648, 138.3890221790294390 ) ) ;
#1169 = CARTESIAN_POINT ( 'NONE',  ( 579.4795375978153515, -4.027271729296375113, -18.77627974425082513 ) ) ;
#1170 = CARTESIAN_POINT ( 'NONE',  ( 786.6739094361922753, 106.9861893303865230, 71.54986010498977578 ) ) ;
#1171 = CARTESIAN_POINT ( 'NONE',  ( 1220.835691737742764, 322.5757414561115866, -152.2424799690714110 ) ) ;
#1172 = CARTESIAN_POINT ( 'NONE',  ( 1336.698602242201332, 524.6242307979571251, -128.1179634869378106 ) ) ;
#1173 = CARTESIAN_POINT ( 'NONE',  ( 1203.345507684261975, 540.3319986142352036, 84.62804470398495482 ) ) ;
#1174 = CARTESIAN_POINT ( 'NONE',  ( 893.5639505350990248, 174.7252411718213523, 81.82688080393066343 ) ) ;
#1175 = CARTESIAN_POINT ( 'NONE',  ( 579.4283506470743532, 3.042338668787098577, 5.882056918200456508 ) ) ;
#1176 = CARTESIAN_POINT ( 'NONE',  ( 1168.244058185109679, 287.5684741431361431, -121.5825756432182487 ) ) ;
#1177 = CARTESIAN_POINT ( 'NONE',  ( 560.0000000000009095, 11.09521555695218353, 25.57649842668641327 ) ) ;
#1178 = CARTESIAN_POINT ( 'NONE',  ( 560.0000000000001137, -9.395069280970220760, -36.50981381692493954 ) ) ;
#1179 = CARTESIAN_POINT ( 'NONE',  ( 1317.118928774942560, 567.0739011341270270, -71.63293173895911536 ) ) ;
#1180 = CARTESIAN_POINT ( 'NONE',  ( 1047.611837077899509, 280.6239063240234373, 40.14467774125829891 ) ) ;
#1181 = CARTESIAN_POINT ( 'NONE',  ( 1256.237128652108595, 560.5093294444989169, 13.01428546655019325 ) ) ;
#1182 = CARTESIAN_POINT ( 'NONE',  ( 1155.428298316976907, 509.9852580008298446, 152.4929671535167870 ) ) ;
#1183 = CARTESIAN_POINT ( 'NONE',  ( 842.7736831095376147, 122.9267933920899338, 46.93077222157362627 ) ) ;
#1184 = CARTESIAN_POINT ( 'NONE',  ( 1352.025735744856775, 631.6580524535261247, -54.57215150801772552 ) ) ;
#1185 = CARTESIAN_POINT ( 'NONE',  ( 1010.316639007129879, 182.3898194730872433, -83.42401245512402852 ) ) ;
#1186 = CARTESIAN_POINT ( 'NONE',  ( 1117.115225373061776, 247.6859026072888810, -105.5417429629974038 ) ) ;
#1187 = CARTESIAN_POINT ( 'NONE',  ( 1066.458156101344230, 204.1954664273122830, -101.3247260036236668 ) ) ;
#1188 = CARTESIAN_POINT ( 'NONE',  ( 944.4973895271095898, 215.7605704005025586, 85.42457313506066896 ) ) ;
#1189 = CARTESIAN_POINT ( 'NONE',  ( 942.3183301252702222, 227.6579708695486772, 105.8719287901679706 ) ) ;
#1190 = CARTESIAN_POINT ( 'NONE',  ( 843.2816566865803907, 118.7989188299143564, 37.98685689585988001 ) ) ;
#1191 = CARTESIAN_POINT ( 'NONE',  ( 1011.795878377514327, 175.4947788793944028, -93.66528331623167958 ) ) ;
#1192 = CARTESIAN_POINT ( 'NONE',  ( 1404.098730431116110, 784.5007149405333848, -57.14704818273945364 ) ) ;
#1193 = CARTESIAN_POINT ( 'NONE',  ( 1187.787562210707847, 417.2786550897101279, 3.389543128740969191 ) ) ;
#1194 = CARTESIAN_POINT ( 'NONE',  ( 1374.193214850432241, 1012.097632235207129, 94.40975371800381311 ) ) ;
#1195 = COORDINATED_UNIVERSAL_TIME_OFFSET ( 5, 30, .AHEAD. ) ;
#1196 = CARTESIAN_POINT ( 'NONE',  ( 560.0000000000011369, 5.984854519581330301, 25.87099554080203490 ) ) ;
#1197 = CARTESIAN_POINT ( 'NONE',  ( 956.3140571554931739, 151.1812468882432086, -44.65576013700639635 ) ) ;
#1198 = CARTESIAN_POINT ( 'NONE',  ( 1372.318387705395253, 1014.945494621313856, 99.17421719058651775 ) ) ;
#1199 = CARTESIAN_POINT ( 'NONE',  ( 1121.267475248833080, 232.8284821826348150, -135.3183679606837302 ) ) ;
#1200 = CARTESIAN_POINT ( 'NONE',  ( 579.4446670955520631, 0.9463286302604909661, -27.10943180579946343 ) ) ;
#1201 = CARTESIAN_POINT ( 'NONE',  ( 1361.320995470720163, 964.4789184125427255, 93.66288980342501702 ) ) ;
#1202 = CARTESIAN_POINT ( 'NONE',  ( 1351.461345633470501, 979.9877754168408046, 127.2570266323444201 ) ) ;
#1203 = CARTESIAN_POINT ( 'NONE',  ( 1349.978579566563667, 761.8935269972206470, 31.69764782484076093 ) ) ;
#1204 = CARTESIAN_POINT ( 'NONE',  ( 1448.030367274223408, 899.9377136290282806, -55.33218763408044794 ) ) ;
#1205 = CARTESIAN_POINT ( 'NONE',  ( 1422.419967714258291, 938.8404841454789675, -2.303096566652986787 ) ) ;
#1206 = CARTESIAN_POINT ( 'NONE',  ( 1263.352314475888306, 384.5744770127531638, -139.8957321836163601 ) ) ;
#1207 = CARTESIAN_POINT ( 'NONE',  ( 786.7954020368481451, 105.6730728286981531, 62.91030437513663287 ) ) ;
#1208 = CARTESIAN_POINT ( 'NONE',  ( 676.9153041161599731, 11.28529204175857537, -56.96357783813789410 ) ) ;
#1209 = CARTESIAN_POINT ( 'NONE',  ( 1424.411290854892286, 935.8158240685328337, -17.99966345471771589 ) ) ;
#1210 = CARTESIAN_POINT ( 'NONE',  ( 676.7508121905999587, 15.17647173532573213, -51.45537748839599601 ) ) ;
#1211 = CARTESIAN_POINT ( 'NONE',  ( 675.7598257674416118, 38.73226340114873523, 0.9548171458341077056 ) ) ;
#1212 = CARTESIAN_POINT ( 'NONE',  ( 1035.728632843001833, 328.7903133050693327, 125.0607354290718689 ) ) ;
#1213 = CARTESIAN_POINT ( 'NONE',  ( 579.3884893012774455, 8.568671362242094247, 22.53976919773260335 ) ) ;
#1214 = CARTESIAN_POINT ( 'NONE',  ( 676.6401094548691617, 18.05697875834639987, -24.06962454148856878 ) ) ;
#1215 = CARTESIAN_POINT ( 'NONE',  ( 559.9999999999994316, 8.910729858526710956, 10.06798180985634339 ) ) ;
#1216 = CARTESIAN_POINT ( 'NONE',  ( 905.7591673736501434, 94.70057194822166480, -96.24953922778767890 ) ) ;
#1217 = CARTESIAN_POINT ( 'NONE',  ( 559.9999999999998863, -1.813563996770436448, -23.18817330829897472 ) ) ;
#1218 = CARTESIAN_POINT ( 'NONE',  ( 1459.078413045606112, 883.1550889922883698, -77.88866458837314610 ) ) ;
#1219 = CARTESIAN_POINT ( 'NONE',  ( 1415.114446151715811, 641.9860457104070974, -137.9441498795598875 ) ) ;
#1220 = CARTESIAN_POINT ( 'NONE',  ( 894.6906868559433406, 167.3433320797134343, 67.04619763155608325 ) ) ;
#1221 = CARTESIAN_POINT ( 'NONE',  ( 786.7472514569412851, 106.2335750087903250, 75.65251761927304130 ) ) ;
#1222 = CARTESIAN_POINT ( 'NONE',  ( 1091.140287031140133, 340.5269582095238547, 58.44910130201429155 ) ) ;
#1223 = CARTESIAN_POINT ( 'NONE',  ( 905.6312986740930455, 95.57328560221708358, -88.29532818442623920 ) ) ;
#1224 = CARTESIAN_POINT ( 'NONE',  ( 675.9223183902893197, 34.85007433930423559, -9.928411889122049416 ) ) ;
#1225 = CARTESIAN_POINT ( 'NONE',  ( 1422.419967714258291, 938.8404841454789675, -2.303096566652986787 ) ) ;
#1226 = CARTESIAN_POINT ( 'NONE',  ( 618.2102345731555033, 27.99212089290755401, 44.14919739781799279 ) ) ;
#1227 = CARTESIAN_POINT ( 'NONE',  ( 1341.638928273360534, 891.1443023766581746, 110.1965090211038785 ) ) ;
#1228 = CARTESIAN_POINT ( 'NONE',  ( 1008.936923462003847, 188.8973682299145196, -49.00935230485967509 ) ) ;
#1229 = CARTESIAN_POINT ( 'NONE',  ( 1155.567783571516202, 509.5838773208724888, 149.3619584740627317 ) ) ;
#1230 = CARTESIAN_POINT ( 'NONE',  ( 1401.545544726260232, 666.9522875094495475, -117.4082358901767691 ) ) ;
#1231 = CARTESIAN_POINT ( 'NONE',  ( 1334.469169204820673, 903.3762512354072669, 115.6603817913086800 ) ) ;
#1232 = CARTESIAN_POINT ( 'NONE',  ( 1306.767035426114489, 841.4421829624918701, 146.6531280429354922 ) ) ;
#1233 = CARTESIAN_POINT ( 'NONE',  ( 579.4340875346149460, 2.248384274257011040, 3.301165637783450624 ) ) ;
#1234 = CARTESIAN_POINT ( 'NONE',  ( 1010.271548914355208, 182.6691259708858297, -61.14392184409801700 ) ) ;
#1235 = CARTESIAN_POINT ( 'NONE',  ( 1301.502125413022895, 600.9630027691698615, -0.3245977977719566310 ) ) ;
#1236 = CARTESIAN_POINT ( 'NONE',  ( 734.8637207157195235, 27.21511113465556875, -56.20955875373634569 ) ) ;
#1237 = CARTESIAN_POINT ( 'NONE',  ( 943.2368238443403925, 222.6077592498115223, 84.20247851673475736 ) ) ;
#1238 = CARTESIAN_POINT ( 'NONE',  ( 560.0000000000001137, 5.264839449944227923, -3.944094639776065669 ) ) ;
#1239 = CARTESIAN_POINT ( 'NONE',  ( 560.0000000000001137, -6.709796619180920629, -32.75656690763437950 ) ) ;
#1240 = CARTESIAN_POINT ( 'NONE',  ( 560.0000000000004547, 9.387611526156055319, 12.43400269284775383 ) ) ;
#1241 = CARTESIAN_POINT ( 'NONE',  ( 840.3208705724316587, 142.8413043630570769, 86.18610181571395401 ) ) ;
#1242 = CARTESIAN_POINT ( 'NONE',  ( 1130.511699018299396, 407.7726441058826481, 81.81154650330191203 ) ) ;
#1243 = CARTESIAN_POINT ( 'NONE',  ( 1008.267902935115785, 192.0193521392146465, -42.93747530427939552 ) ) ;
#1244 = CARTESIAN_POINT ( 'NONE',  ( 732.0264179802215949, 69.26428844409603869, 26.68612271296631988 ) ) ;
#1245 = CARTESIAN_POINT ( 'NONE',  ( 1468.897651103958651, 905.0719918242980384, -83.37635177368990469 ) ) ;
#1246 = CARTESIAN_POINT ( 'NONE',  ( 1447.943453279369123, 828.2779860278772048, -94.16895158950570988 ) ) ;
#1247 = CARTESIAN_POINT ( 'NONE',  ( 1442.087991725363509, 719.6613215468256612, -129.4177388057595692 ) ) ;
#1248 = CARTESIAN_POINT ( 'NONE',  ( 960.0956224059948454, 130.4998960411527094, -87.56957775523923715 ) ) ;
#1249 = CARTESIAN_POINT ( 'NONE',  ( 894.4648363664030057, 168.8233257024062937, 70.00060200260242027 ) ) ;
#1250 = CARTESIAN_POINT ( 'NONE',  ( 1296.713879743305597, 859.9480330188706603, 169.8184958536286331 ) ) ;
#1251 = CARTESIAN_POINT ( 'NONE',  ( 1305.571947802431168, 724.3584267541854160, 81.12070532675220136 ) ) ;
#1252 = CARTESIAN_POINT ( 'NONE',  ( 1465.180591966786096, 910.5613422086853461, -78.86350405757967508 ) ) ;
#1253 = CARTESIAN_POINT ( 'NONE',  ( 677.0065596779020325, 9.238619222935538389, -52.09996989453190963 ) ) ;
#1254 = CARTESIAN_POINT ( 'NONE',  ( 1399.772978286791385, 791.8851089435438553, -47.34736397105243100 ) ) ;
#1255 = CARTESIAN_POINT ( 'NONE',  ( 789.9488310562575180, 72.39912767074221733, -0.6101852201497610650 ) ) ;
#1256 = CARTESIAN_POINT ( 'NONE',  ( 675.3122148285847288, 49.62571405015732040, 52.63298560310713015 ) ) ;
#1257 = CARTESIAN_POINT ( 'NONE',  ( 1049.693184513390406, 272.1061607249765188, -6.151295879938399658 ) ) ;
#1258 = CARTESIAN_POINT ( 'NONE',  ( 579.3713182945311928, 10.95445062126607816, 28.85744952219237902 ) ) ;
#1259 = CARTESIAN_POINT ( 'NONE',  ( 902.4459191918153920, 116.3855773679426022, -66.45050608192599384 ) ) ;
#1260 = CARTESIAN_POINT ( 'NONE',  ( 1197.981540694970590, 554.2640408576883146, 111.0063609257962725 ) ) ;
#1261 = CARTESIAN_POINT ( 'NONE',  ( 1353.378682216335847, 976.9728363643195053, 122.8932287479340886 ) ) ;
#1262 = CARTESIAN_POINT ( 'NONE',  ( 1354.023979870124549, 754.4463012527565979, 20.98188738035008782 ) ) ;
#1263 = CARTESIAN_POINT ( 'NONE',  ( 1122.610656970923628, 432.9373161662138614, 124.4116127514953973 ) ) ;
#1264 = CARTESIAN_POINT ( 'NONE',  ( 957.0021486375294444, 147.4187766950132072, -52.43201529859036469 ) ) ;
#1265 = CARTESIAN_POINT ( 'NONE',  ( 954.6413645611096399, 160.3269118005627831, -25.74960373621894760 ) ) ;
#1266 = CARTESIAN_POINT ( 'NONE',  ( 849.0991702571853921, 71.45846442945087063, -72.51562051459907821 ) ) ;
#1267 = CARTESIAN_POINT ( 'NONE',  ( 1159.822872684304684, 497.3790287631778142, 121.2117847962370121 ) ) ;
#1268 = CARTESIAN_POINT ( 'NONE',  ( 579.4957528885854572, -6.169511090094249361, -39.80314570165322863 ) ) ;
#1269 = CARTESIAN_POINT ( 'NONE',  ( 1373.715817526698629, 718.1795623143730154, -50.41069414248259761 ) ) ;
#1270 = CARTESIAN_POINT ( 'NONE',  ( 1117.343520835156369, 246.8378707020713989, -120.3053423061306830 ) ) ;
#1271 = CARTESIAN_POINT ( 'NONE',  ( 1250.583628549188006, 573.8908274370063509, 34.13769462293446821 ) ) ;
#1272 = CARTESIAN_POINT ( 'NONE',  ( 618.2166073126094261, 27.72607411936222022, 49.46937094713626237 ) ) ;
#1273 = CARTESIAN_POINT ( 'NONE',  ( 1327.731737797369988, 802.8479016707718756, 90.62604816835086297 ) ) ;
#1274 = CARTESIAN_POINT ( 'NONE',  ( 1110.353032072485803, 271.8583846496044316, -63.14732172013277989 ) ) ;
#1275 = EDGE_CURVE ( 'NONE', #3774, #6120, #2775, .T. ) ;
#1276 = CARTESIAN_POINT ( 'NONE',  ( 1295.958742829275707, 743.5234316375047001, 91.03516515872519221 ) ) ;
#1277 = CARTESIAN_POINT ( 'NONE',  ( 560.0000000000002274, -10.21614575986232154, -36.40524062684971796 ) ) ;
#1278 = CARTESIAN_POINT ( 'NONE',  ( 559.9999999999995453, -1.332420866278060112, -22.08340117107009704 ) ) ;
#1279 = CARTESIAN_POINT ( 'NONE',  ( 1014.466996171059918, 163.0883622751788948, -99.16710438182246889 ) ) ;
#1280 = CARTESIAN_POINT ( 'NONE',  ( 1117.686966639675802, 245.6419129115961368, -109.1482569425854336 ) ) ;
#1281 = APPROVAL_PERSON_ORGANIZATION ( #4168, #3596, #4570 ) ;
#1282 = CARTESIAN_POINT ( 'NONE',  ( 579.3678234452445395, 11.44423819703639467, 30.08928851943572624 ) ) ;
#1283 = CARTESIAN_POINT ( 'NONE',  ( 1320.264437226997870, 927.6346127342513910, 159.2741086964642250 ) ) ;
#1284 = CARTESIAN_POINT ( 'NONE',  ( 579.5122914689943627, -8.509613883743593732, -39.34221098442092313 ) ) ;
#1285 = CARTESIAN_POINT ( 'NONE',  ( 1466.603771817223560, 871.7241411072902793, -97.17177547498816637 ) ) ;
#1286 = CARTESIAN_POINT ( 'NONE',  ( 1447.443422844026145, 710.5195403571135557, -141.7369261168009302 ) ) ;
#1287 = CARTESIAN_POINT ( 'NONE',  ( 1434.007519022672568, 921.2389334086856252, -37.17466362694027993 ) ) ;
#1288 = CARTESIAN_POINT ( 'NONE',  ( 618.5581432316315613, 8.064573104603805831, -2.284073678774937832 ) ) ;
#1289 = CARTESIAN_POINT ( 'NONE',  ( 1278.833480979938940, 777.7076939533907307, 150.6849803669464336 ) ) ;
#1290 = CARTESIAN_POINT ( 'NONE',  ( 560.0000000000000000, 6.417528533789662148, 26.97611980522912489 ) ) ;
#1291 = CARTESIAN_POINT ( 'NONE',  ( 733.9890055365898434, 40.07576737134606759, -46.27020560165080099 ) ) ;
#1292 = CARTESIAN_POINT ( 'NONE',  ( 618.2145010904848732, 27.60795672071834161, 36.10932458537748602 ) ) ;
#1293 = CARTESIAN_POINT ( 'NONE',  ( 787.3522520532289946, 99.85010144030094636, 63.06000104070032108 ) ) ;
#1294 = CARTESIAN_POINT ( 'NONE',  ( 1138.893207640203855, 381.0748455710964890, 36.59681652693566889 ) ) ;
#1295 = CARTESIAN_POINT ( 'NONE',  ( 1354.265175898829511, 975.5788474052004631, 120.8126691402799793 ) ) ;
#1296 = CARTESIAN_POINT ( 'NONE',  ( 579.4845740255482269, -4.721196838602912393, -21.38612347027088845 ) ) ;
#1297 = CARTESIAN_POINT ( 'NONE',  ( 1435.115101989480081, 954.9620371863788932, -15.93349348379570429 ) ) ;
#1298 = CARTESIAN_POINT ( 'NONE',  ( 849.2402149381318850, 70.31181999413141170, -74.99045228900999405 ) ) ;
#1299 = CARTESIAN_POINT ( 'NONE',  ( 1353.721877348167709, 976.4289045859477483, 112.9108875458907590 ) ) ;
#1300 = CARTESIAN_POINT ( 'NONE',  ( 898.3572116880988006, 143.1809399539658330, -16.69540177658594260 ) ) ;
#1301 = CARTESIAN_POINT ( 'NONE',  ( 1065.699254506765556, 207.2319751072384122, -110.3056860137289021 ) ) ;
#1302 = CARTESIAN_POINT ( 'NONE',  ( 1416.691282488982779, 982.1703211885132987, 11.72783663557122580 ) ) ;
#1303 = CARTESIAN_POINT ( 'NONE',  ( 1248.599512811843624, 715.6734303039685301, 170.2233030977492660 ) ) ;
#1304 = CARTESIAN_POINT ( 'NONE',  ( 1397.999812172514794, 975.9350718325285925, 48.78709964225870266 ) ) ;
#1305 = CARTESIAN_POINT ( 'NONE',  ( 1392.709475189106342, 683.2304191827215618, -80.37963113426368977 ) ) ;
#1306 = CARTESIAN_POINT ( 'NONE',  ( 560.0000000000000000, 3.346827188129147146, 18.70507548505178264 ) ) ;
#1307 = CARTESIAN_POINT ( 'NONE',  ( 1376.837912443322239, 940.0784645828055091, 56.41273308628301919 ) ) ;
#1308 = CARTESIAN_POINT ( 'NONE',  ( 1015.815493836058863, 156.7772659978598995, -114.7507289178402772 ) ) ;
#1309 = CARTESIAN_POINT ( 'NONE',  ( 846.5819075355095720, 91.82487897042402381, -51.93050750837950602 ) ) ;
#1310 = CARTESIAN_POINT ( 'NONE',  ( 1168.244058185109679, 287.5684741431361431, -121.5825756432182487 ) ) ;
#1311 = CARTESIAN_POINT ( 'NONE',  ( 676.7713218518604208, 14.90588853340770825, -33.84526633320518130 ) ) ;
#1312 = CARTESIAN_POINT ( 'NONE',  ( 1395.191183378600499, 1013.921652808616386, 64.77946093378770342 ) ) ;
#1313 = CARTESIAN_POINT ( 'NONE',  ( 1079.858272008015319, 380.8373065693602371, 128.3096375987147439 ) ) ;
#1314 = CARTESIAN_POINT ( 'NONE',  ( 734.9928276904979612, 25.26431105234319929, -64.22537075617293567 ) ) ;
#1315 = CARTESIAN_POINT ( 'NONE',  ( 579.5129316523534726, -8.616724446911893764, -37.02619781917069020 ) ) ;
#1316 = CARTESIAN_POINT ( 'NONE',  ( 1118.196763599120004, 243.7903286903205924, -124.0920917851316148 ) ) ;
#1317 = CARTESIAN_POINT ( 'NONE',  ( 1453.563349533430028, 927.7176778664373842, -52.74319720110250387 ) ) ;
#1318 = CARTESIAN_POINT ( 'NONE',  ( 1386.965510210735147, 813.7489787586901002, -17.67516555707430470 ) ) ;
#1319 = CARTESIAN_POINT ( 'NONE',  ( 845.2851725658001669, 102.5065478546937783, 1.021740607705788895 ) ) ;
#1320 = CARTESIAN_POINT ( 'NONE',  ( 1301.796494149159571, 850.5872879074712500, 151.5573952738653247 ) ) ;
#1321 = DATE_AND_TIME ( #3127, #5098 ) ;
#1322 = CARTESIAN_POINT ( 'NONE',  ( 675.6337115128601454, 42.06756668215877681, 42.29036880098893647 ) ) ;
#1323 = CARTESIAN_POINT ( 'NONE',  ( 560.0000000000010232, 11.18211119535065556, 35.74873492138946318 ) ) ;
#1324 = CARTESIAN_POINT ( 'NONE',  ( 1008.899900609668862, 188.9943020795182065, -73.11890265653848076 ) ) ;
#1325 = CARTESIAN_POINT ( 'NONE',  ( 559.9999999999994316, 11.16394665860480728, 26.79197956961364824 ) ) ;
#1326 = CARTESIAN_POINT ( 'NONE',  ( 1331.324470645904739, 908.7534397194010580, 135.3138427271301509 ) ) ;
#1327 = CARTESIAN_POINT ( 'NONE',  ( 789.8877001185007884, 73.04630242365175263, 0.9964493495853566918 ) ) ;
#1328 = CARTESIAN_POINT ( 'NONE',  ( 1122.973024600040162, 431.7830543609028950, 122.3369680723015733 ) ) ;
#1329 = CARTESIAN_POINT ( 'NONE',  ( 1446.453716667214394, 902.3327023782840115, -52.09407289687555220 ) ) ;
#1330 = CARTESIAN_POINT ( 'NONE',  ( 559.9999999999994316, -9.034210543974202423, -25.02858678547120874 ) ) ;
#1331 = CARTESIAN_POINT ( 'NONE',  ( 1314.769307890356913, 572.1944858143699548, -43.28586333930194030 ) ) ;
#1332 = CARTESIAN_POINT ( 'NONE',  ( 1081.024003644236018, 376.6487502024765490, 107.3247946845666831 ) ) ;
#1333 = CARTESIAN_POINT ( 'NONE',  ( 1413.626582160807402, 882.2330395287464171, -24.70454515734303769 ) ) ;
#1334 = CARTESIAN_POINT ( 'NONE',  ( 1463.714574529434003, 876.1130389636114160, -92.42592547293406824 ) ) ;
#1335 = CARTESIAN_POINT ( 'NONE',  ( 842.5883885354917311, 124.2945192805702703, 17.65599818137280153 ) ) ;
#1336 = CARTESIAN_POINT ( 'NONE',  ( 1036.744496540287855, 324.6741342370273742, 119.4293089264733680 ) ) ;
#1337 = CARTESIAN_POINT ( 'NONE',  ( 788.7647199257023658, 84.92875094334533514, 29.81666518837872459 ) ) ;
#1338 = CARTESIAN_POINT ( 'NONE',  ( 618.6895736314444321, -0.09645222433984708410, -46.35220869788543752 ) ) ;
#1339 = CARTESIAN_POINT ( 'NONE',  ( 902.6363186749148326, 115.2347716478638802, -44.41118586426329529 ) ) ;
#1340 = CARTESIAN_POINT ( 'NONE',  ( 1353.936841388182984, 870.1365625432864590, 63.30092259850016490 ) ) ;
#1341 = CARTESIAN_POINT ( 'NONE',  ( 1171.915645760818961, 275.8586042429006966, -143.7552085578600725 ) ) ;
#1342 = CARTESIAN_POINT ( 'NONE',  ( 1397.173958610153477, 674.9989645178447972, -107.2502161923955413 ) ) ;
#1343 = CARTESIAN_POINT ( 'NONE',  ( 1347.393144684725939, 501.4536538373590702, -146.9739983022303420 ) ) ;
#1344 = CARTESIAN_POINT ( 'NONE',  ( 847.8463785375383850, 81.66247703224442489, -47.93190383606130922 ) ) ;
#1345 = CARTESIAN_POINT ( 'NONE',  ( 1315.631456490071059, 825.1234254662525700, 122.7349335151038332 ) ) ;
#1346 = CARTESIAN_POINT ( 'NONE',  ( 1374.238045253314567, 1012.029439841477142, 98.40442951835130714 ) ) ;
#1347 = CARTESIAN_POINT ( 'NONE',  ( 560.0000000000000000, -10.74933431725373012, -35.25266722148541731 ) ) ;
#1348 = CARTESIAN_POINT ( 'NONE',  ( 1264.600422860567960, 381.3336917123097010, -144.9203040073726072 ) ) ;
#1349 = CARTESIAN_POINT ( 'NONE',  ( 1350.358660875266878, 495.0120728944052644, -163.4100514386317968 ) ) ;
#1350 = CARTESIAN_POINT ( 'NONE',  ( 579.4944067687035840, -6.074197075423354519, -26.61638670794899042 ) ) ;
#1351 = CARTESIAN_POINT ( 'NONE',  ( 1429.834486215673223, 962.7604469393639874, -14.62804866421291194 ) ) ;
#1352 = CARTESIAN_POINT ( 'NONE',  ( 899.6217281775029733, 135.0139460756334984, -1.030603384495163422 ) ) ;
#1353 = CARTESIAN_POINT ( 'NONE',  ( 1220.539152225560656, 645.0257770919838549, 163.1280722049670828 ) ) ;
#1354 = CARTESIAN_POINT ( 'NONE',  ( 675.7273824893429719, 39.84661402896057325, 36.98343198559295786 ) ) ;
#1355 = CARTESIAN_POINT ( 'NONE',  ( 1446.539894579650536, 712.0552626539607672, -146.8554917930129591 ) ) ;
#1356 = CARTESIAN_POINT ( 'NONE',  ( 1283.550909761559069, 639.8609743716142475, 35.03699867640144561 ) ) ;
#1357 = CARTESIAN_POINT ( 'NONE',  ( 1203.657158696343458, 371.7692489949212700, -91.75797094434116730 ) ) ;
#1358 = CARTESIAN_POINT ( 'NONE',  ( 618.2101048565834844, 27.93569244121440320, 40.75037433769105633 ) ) ;
#1359 = CARTESIAN_POINT ( 'NONE',  ( 618.2968846792896329, 23.16424123702563520, 40.25486850993866739 ) ) ;
#1360 = CARTESIAN_POINT ( 'NONE',  ( 845.1892254801234685, 103.2870954302097601, 2.831153191864622887 ) ) ;
#1361 = CARTESIAN_POINT ( 'NONE',  ( 841.0742898389223683, 136.7285446212831914, 75.97991719356234341 ) ) ;
#1362 = CARTESIAN_POINT ( 'NONE',  ( 1374.324344454833863, 717.0752981208341907, -32.46838327875944685 ) ) ;
#1363 = CARTESIAN_POINT ( 'NONE',  ( 1395.885152239779472, 798.5355530937487174, -20.42616481777264070 ) ) ;
#1364 = CARTESIAN_POINT ( 'NONE',  ( 559.9999999999998863, 11.24833282123294964, 31.50583837932782671 ) ) ;
#1365 = CARTESIAN_POINT ( 'NONE',  ( 1095.415283821021831, 325.1836005061715582, 1.962429259249487190 ) ) ;
#1366 = CARTESIAN_POINT ( 'NONE',  ( 1340.456391854417461, 516.4777494972639715, -138.3024251907627615 ) ) ;
#1367 = CARTESIAN_POINT ( 'NONE',  ( 1135.118114969340468, 393.0416189195016727, 29.45613805307569777 ) ) ;
#1368 = CARTESIAN_POINT ( 'NONE',  ( 1251.611473399419992, 709.1432297458876519, 162.4247493356123755 ) ) ;
#1369 = CARTESIAN_POINT ( 'NONE',  ( 1044.963659849894611, 291.3601985556522891, 59.81208267902893283 ) ) ;
#1370 = CARTESIAN_POINT ( 'NONE',  ( 848.9451584815154774, 72.64706516126778979, -82.22575064689524993 ) ) ;
#1371 = CARTESIAN_POINT ( 'NONE',  ( 791.2432035085500956, 58.68863399216078847, -35.23501133661437734 ) ) ;
#1372 = CARTESIAN_POINT ( 'NONE',  ( 1365.777188290514687, 957.4713006169218943, 82.70572024990482873 ) ) ;
#1373 = CARTESIAN_POINT ( 'NONE',  ( 1475.645786374691397, 784.7275878262803417, -142.1163602532136281 ) ) ;
#1374 = CARTESIAN_POINT ( 'NONE',  ( 1246.192002136774363, 429.0933852995376014, -91.41698474061747959 ) ) ;
#1375 = CARTESIAN_POINT ( 'NONE',  ( 792.2498261459938931, 48.01284612796561646, -63.20566925950623016 ) ) ;
#1376 = CARTESIAN_POINT ( 'NONE',  ( 1387.096946447563141, 992.4966603813977599, 71.60601462874049616 ) ) ;
#1377 = CARTESIAN_POINT ( 'NONE',  ( 560.0000000000001137, 9.432315648052352230, 34.39962116696764127 ) ) ;
#1378 = CARTESIAN_POINT ( 'NONE',  ( 961.0941160392079610, 125.0334746601668172, -99.66432959798339652 ) ) ;
#1379 = CLOSED_SHELL ( 'NONE', ( #3525, #4627, #1746, #2861 ) ) ;
#1380 = CARTESIAN_POINT ( 'NONE',  ( 961.0941160392079610, 125.0334746601668172, -99.66432959798339652 ) ) ;
#1381 = CARTESIAN_POINT ( 'NONE',  ( 959.9947699064360904, 131.0068515922417589, -99.07752753114546351 ) ) ;
#1382 = CARTESIAN_POINT ( 'NONE',  ( 1113.725277899852699, 259.8041642396735256, -84.32038655429364837 ) ) ;
#1383 = CARTESIAN_POINT ( 'NONE',  ( 1270.142051404824770, 668.9633142166482003, 101.9767685938820847 ) ) ;
#1384 = CARTESIAN_POINT ( 'NONE',  ( 1035.795462817407270, 328.5118339351576537, 120.3066335789263093 ) ) ;
#1385 = APPROVAL_ROLE ( '' ) ;
#1386 = CARTESIAN_POINT ( 'NONE',  ( 1390.199958869133525, 987.7831501090180382, 65.09920109376503206 ) ) ;
#1387 = CARTESIAN_POINT ( 'NONE',  ( 1216.434258110433120, 335.1760769493243970, -140.3569547977820378 ) ) ;
#1388 = CARTESIAN_POINT ( 'NONE',  ( 1135.118114969340468, 393.0416189195016727, 29.45613805307569777 ) ) ;
#1389 = CARTESIAN_POINT ( 'NONE',  ( 1107.822946971583860, 280.8450999821338314, -71.67840570012683088 ) ) ;
#1390 = CARTESIAN_POINT ( 'NONE',  ( 1355.613625338432485, 973.4539325353968025, 108.0475085904680697 ) ) ;
#1391 = CARTESIAN_POINT ( 'NONE',  ( 559.9999999999998863, -2.064257110917020022, 1.422158830396849316 ) ) ;
#1392 = CARTESIAN_POINT ( 'NONE',  ( 1161.886324249970130, 491.4861245670425092, 124.9858726553456023 ) ) ;
#1393 = CARTESIAN_POINT ( 'NONE',  ( 1104.309755350351224, 293.4592934307872270, -25.00042303582971925 ) ) ;
#1394 = CARTESIAN_POINT ( 'NONE',  ( 1455.351673463404268, 816.6361070740609875, -98.31314759817951199 ) ) ;
#1395 = CARTESIAN_POINT ( 'NONE',  ( 1311.440160394939994, 579.4133541520822064, -32.56865661805939993 ) ) ;
#1396 = CARTESIAN_POINT ( 'NONE',  ( 1224.126937281480878, 636.5282306603363622, 145.5683381197029291 ) ) ;
#1397 = CARTESIAN_POINT ( 'NONE',  ( 843.4123352639735458, 117.5877420507782460, 1.235764307715311983 ) ) ;
#1398 = CARTESIAN_POINT ( 'NONE',  ( 1115.826168172771304, 252.2562633447997769, -113.1866692042418805 ) ) ;
#1399 = CARTESIAN_POINT ( 'NONE',  ( 1042.683241413439191, 300.5394949518116050, 49.83465729865613270 ) ) ;
#1400 = CARTESIAN_POINT ( 'NONE',  ( 1344.625432640405961, 990.7363244027052360, 140.3824726663135607 ) ) ;
#1401 = CARTESIAN_POINT ( 'NONE',  ( 1376.784331537203570, 940.1698005975571277, 71.50218478246601705 ) ) ;
#1402 = CARTESIAN_POINT ( 'NONE',  ( 1061.788615501352751, 223.1352291477330994, -66.36776814501293131 ) ) ;
#1403 = ORIENTED_EDGE ( 'NONE', *, *, #4707, .F. ) ;
#1404 = CARTESIAN_POINT ( 'NONE',  ( 1125.277127376160706, 424.4057619356892133, 90.29358850877245857 ) ) ;
#1405 = CARTESIAN_POINT ( 'NONE',  ( 1469.165777259683182, 904.6760233014297228, -84.15815947559255505 ) ) ;
#1406 = CARTESIAN_POINT ( 'NONE',  ( 954.8751181000121733, 158.9560819292466647, -56.32827212767271874 ) ) ;
#1407 = CARTESIAN_POINT ( 'NONE',  ( 1416.450902349534772, 639.5258231855095801, -141.3287431224258910 ) ) ;
#1408 = CARTESIAN_POINT ( 'NONE',  ( 1385.873608321184292, 1027.681841262838361, 82.85714105844645871 ) ) ;
#1409 = CARTESIAN_POINT ( 'NONE',  ( 905.4666386822453887, 96.61009887511804095, -94.92729471098604677 ) ) ;
#1410 = CARTESIAN_POINT ( 'NONE',  ( 677.0154086415377606, 9.004847353762693629, -54.25686978874449551 ) ) ;
#1411 = CARTESIAN_POINT ( 'NONE',  ( 1120.896010226614862, 234.1642310406074614, -130.3033510499797956 ) ) ;
#1412 = CARTESIAN_POINT ( 'NONE',  ( 1467.815458836196512, 869.8836474259828719, -99.08158363156306336 ) ) ;
#1413 = CARTESIAN_POINT ( 'NONE',  ( 1452.760793868553492, 892.7521109649720756, -65.02044714124359359 ) ) ;
#1414 = CARTESIAN_POINT ( 'NONE',  ( 1343.705570186269597, 887.6161138017384928, 105.1934793880451906 ) ) ;
#1415 = CARTESIAN_POINT ( 'NONE',  ( 840.3176477553910217, 142.8551628567033163, 82.56516373579933088 ) ) ;
#1416 = CARTESIAN_POINT ( 'NONE',  ( 842.4654607839453320, 125.4310081768883549, 52.28148635222889595 ) ) ;
#1417 = CARTESIAN_POINT ( 'NONE',  ( 1462.103600684808725, 915.1054408235185065, -73.91623872877548251 ) ) ;
#1418 = CARTESIAN_POINT ( 'NONE',  ( 948.1197126368839463, 195.8734438821394406, 14.89452001074356957 ) ) ;
#1419 = CARTESIAN_POINT ( 'NONE',  ( 955.3335529454116113, 156.4524446686490364, -60.58844575980390346 ) ) ;
#1420 = CARTESIAN_POINT ( 'NONE',  ( 1422.010997177930449, 974.3141701844706404, 10.49717326359999170 ) ) ;
#1421 = CARTESIAN_POINT ( 'NONE',  ( 1121.841456722575458, 435.3608720783626609, 114.5009883689769907 ) ) ;
#1422 = CARTESIAN_POINT ( 'NONE',  ( 1358.078544853496851, 746.9822325142727095, 10.28322704151350209 ) ) ;
#1423 = CARTESIAN_POINT ( 'NONE',  ( 1309.483579522123591, 836.4411562573195624, 139.0398843912862503 ) ) ;
#1424 = CARTESIAN_POINT ( 'NONE',  ( 1190.503744368297248, 409.4960559161975198, -9.408830030408413592 ) ) ;
#1425 = CARTESIAN_POINT ( 'NONE',  ( 676.5481545202076177, 20.26233583496322410, -17.36002226825739569 ) ) ;
#1426 = CARTESIAN_POINT ( 'NONE',  ( 786.7415717549791907, 106.2555514344699219, 66.90084511418444890 ) ) ;
#1427 = CARTESIAN_POINT ( 'NONE',  ( 1468.544184549590682, 905.5939909893619415, -82.53484913554549962 ) ) ;
#1428 = CARTESIAN_POINT ( 'NONE',  ( 1414.957517235331352, 950.1762931529107163, 1.405384392169626517 ) ) ;
#1429 = CARTESIAN_POINT ( 'NONE',  ( 1410.458927218261579, 650.5460672391651542, -137.5421012458946564 ) ) ;
#1430 = CARTESIAN_POINT ( 'NONE',  ( 1041.763777869292198, 304.2708237875940540, 57.99225063889780074 ) ) ;
#1431 = CARTESIAN_POINT ( 'NONE',  ( 1298.157716668697503, 857.2908494235570060, 167.6500109530453813 ) ) ;
#1432 = CARTESIAN_POINT ( 'NONE',  ( 1396.441698643976224, 978.3018245336060090, 52.04380997390791919 ) ) ;
#1433 = CARTESIAN_POINT ( 'NONE',  ( 676.7954413030112164, 14.32569377244215048, -35.68366163774255995 ) ) ;
#1434 = CARTESIAN_POINT ( 'NONE',  ( 1428.110932397863280, 965.3057900353868490, -11.25036042129380576 ) ) ;
#1435 = CARTESIAN_POINT ( 'NONE',  ( 1164.120384861349294, 485.0568181578258873, 95.58098117065179622 ) ) ;
#1436 = CARTESIAN_POINT ( 'NONE',  ( 1471.354718647865866, 864.5073249541052292, -103.9570876087200730 ) ) ;
#1437 = CARTESIAN_POINT ( 'NONE',  ( 1416.479386915414580, 763.3664184720807953, -84.66787820879611104 ) ) ;
#1438 = CARTESIAN_POINT ( 'NONE',  ( 618.7555671183272352, -3.643615666337983061, -43.17935218235132311 ) ) ;
#1439 = CARTESIAN_POINT ( 'NONE',  ( 1345.970935837773823, 988.6207026495516175, 138.0631598684890378 ) ) ;
#1440 = CARTESIAN_POINT ( 'NONE',  ( 1354.247755107394823, 486.5838836447001654, -171.5121687692141279 ) ) ;
#1441 = CARTESIAN_POINT ( 'NONE',  ( 1353.780628330408717, 487.6001261973694341, -167.9847757121161749 ) ) ;
#1442 = CARTESIAN_POINT ( 'NONE',  ( 579.5132263227496878, -8.647670992191688555, -38.50710675798501370 ) ) ;
#1443 = CARTESIAN_POINT ( 'NONE',  ( 1210.525516283388242, 352.0966706492829417, -118.9121540112318911 ) ) ;
#1444 = CARTESIAN_POINT ( 'NONE',  ( 1261.182980854049674, 390.1868316111499553, -142.8010521515845426 ) ) ;
#1445 = CARTESIAN_POINT ( 'NONE',  ( 1454.894663496799240, 925.7515943184315574, -55.37458653385884588 ) ) ;
#1446 = CARTESIAN_POINT ( 'NONE',  ( 1366.489397423919172, 956.3574498319079566, 93.94717110695529527 ) ) ;
#1447 = CARTESIAN_POINT ( 'NONE',  ( 840.3628124930478407, 142.4836607640738180, 80.62693940333828380 ) ) ;
#1448 = CARTESIAN_POINT ( 'NONE',  ( 579.3817648367274842, 9.503615334017682770, 25.07155770648406445 ) ) ;
#1449 = CARTESIAN_POINT ( 'NONE',  ( 1013.520207514213780, 167.4600739985351652, -104.7200598279390675 ) ) ;
#1450 = CARTESIAN_POINT ( 'NONE',  ( 1382.468792024429604, 570.8963452582505624, -151.6047892951101517 ) ) ;
#1451 = CARTESIAN_POINT ( 'NONE',  ( 1313.681032082418596, 708.1535233672159393, 35.33198527041707138 ) ) ;
#1452 = CARTESIAN_POINT ( 'NONE',  ( 733.7113194154560460, 44.19225271062525451, -38.26542722215571501 ) ) ;
#1453 = CARTESIAN_POINT ( 'NONE',  ( 789.5178108080599486, 76.96143389367840371, 10.62298792859056640 ) ) ;
#1454 = CARTESIAN_POINT ( 'NONE',  ( 1081.548125854846603, 374.7729432555097446, 102.7156236584094984 ) ) ;
#1455 = CARTESIAN_POINT ( 'NONE',  ( 579.4396873697548926, 1.474004498371947136, 0.7141697372954340928 ) ) ;
#1456 = CARTESIAN_POINT ( 'NONE',  ( 1229.982283257908193, 622.6825758664410841, 133.6814714018356369 ) ) ;
#1457 = CARTESIAN_POINT ( 'NONE',  ( 1337.100007843120920, 661.4428731254948843, -11.25123791500578641 ) ) ;
#1458 = CARTESIAN_POINT ( 'NONE',  ( 848.6880217911548243, 74.80900482479208335, -64.26996359832931205 ) ) ;
#1459 = CARTESIAN_POINT ( 'NONE',  ( 731.6170382783074047, 75.45377860123434743, 58.40314176881803832 ) ) ;
#1460 = CARTESIAN_POINT ( 'NONE',  ( 1267.676695912646437, 373.3412300283120544, -158.9998141489015779 ) ) ;
#1461 = CARTESIAN_POINT ( 'NONE',  ( 1184.335131769327290, 427.1231949074069121, -7.396585693317710763 ) ) ;
#1462 = CARTESIAN_POINT ( 'NONE',  ( 559.9999999999998863, -4.957223768990526303, -29.74376810834209550 ) ) ;
#1463 = LOCAL_TIME ( 2, 53, 2.000000000000000000, #3347 ) ;
#1464 = CARTESIAN_POINT ( 'NONE',  ( 1270.925133075864096, 667.2422533765592334, 79.07382257946404991 ) ) ;
#1465 = CARTESIAN_POINT ( 'NONE',  ( 892.7914285026740799, 179.7842072969629612, 91.51321719476250394 ) ) ;
#1466 = CARTESIAN_POINT ( 'NONE',  ( 1416.788896897285667, 982.0261642972859590, 21.09444481129187210 ) ) ;
#1467 = CARTESIAN_POINT ( 'NONE',  ( 1063.370290284450220, 216.7203779690357806, -78.19483571235909380 ) ) ;
#1468 = CARTESIAN_POINT ( 'NONE',  ( 1471.241603892130343, 901.6104439543579474, -87.98721444294832850 ) ) ;
#1469 = CARTESIAN_POINT ( 'NONE',  ( 1039.564766833640078, 313.1971715036117416, 78.63075073694390937 ) ) ;
#1470 = CARTESIAN_POINT ( 'NONE',  ( 1220.860562763673443, 322.5036917146643987, -152.7566438160006328 ) ) ;
#1471 = CARTESIAN_POINT ( 'NONE',  ( 1058.417239156533242, 236.7392145551078784, -66.73762189613968587 ) ) ;
#1472 = CARTESIAN_POINT ( 'NONE',  ( 1169.033863053128471, 285.0524618925280720, -125.6231087490491376 ) ) ;
#1473 = CARTESIAN_POINT ( 'NONE',  ( 1145.101538203709879, 361.2364082068168614, -24.95420124751476720 ) ) ;
#1474 = CARTESIAN_POINT ( 'NONE',  ( 1081.197754918313194, 376.0531374482580986, 120.6291463677913214 ) ) ;
#1475 = CARTESIAN_POINT ( 'NONE',  ( 1171.725931073169249, 276.4568936037235858, -144.4478069072565631 ) ) ;
#1476 = CARTESIAN_POINT ( 'NONE',  ( 1311.347328690849054, 430.1076149590280693, -161.0326098274016715 ) ) ;
#1477 = CARTESIAN_POINT ( 'NONE',  ( 957.8335365867596920, 142.8016909820983358, -82.56787990630114393 ) ) ;
#1478 = CARTESIAN_POINT ( 'NONE',  ( 559.9999999999998863, -6.408537255657591913, -32.28328162207287733 ) ) ;
#1479 = CARTESIAN_POINT ( 'NONE',  ( 1338.183396015140261, 521.4235634611183059, -118.0820883478156702 ) ) ;
#1480 = CARTESIAN_POINT ( 'NONE',  ( 1393.206810973556685, 1016.852172615374343, 68.80022929013287580 ) ) ;
#1481 = CARTESIAN_POINT ( 'NONE',  ( 840.2845760261725445, 143.1282292204725195, 84.29216909641689881 ) ) ;
#1482 = CARTESIAN_POINT ( 'NONE',  ( 732.3762639535223116, 64.25061663914057419, 42.77716175941941401 ) ) ;
#1483 = CARTESIAN_POINT ( 'NONE',  ( 1131.970124494971060, 403.0728092354740966, 47.94541746470361687 ) ) ;
#1484 = CARTESIAN_POINT ( 'NONE',  ( 1462.925495227682632, 877.3117142291722530, -91.07147077753727160 ) ) ;
#1485 = CARTESIAN_POINT ( 'NONE',  ( 618.5325907492633633, 8.862715984093821220, -29.80951513780412299 ) ) ;
#1486 = CARTESIAN_POINT ( 'NONE',  ( 1354.023979870124549, 754.4463012527565979, 20.98188738035008782 ) ) ;
#1487 = CARTESIAN_POINT ( 'NONE',  ( 560.0000000000002274, 11.22445599375219061, 28.02408058270131974 ) ) ;
#1488 = CARTESIAN_POINT ( 'NONE',  ( 733.4936263538888852, 47.64568259314469145, 0.9889996387191205551 ) ) ;
#1489 = CARTESIAN_POINT ( 'NONE',  ( 1123.343166284787912, 430.6043026137319316, 120.2412697296884403 ) ) ;
#1490 = CARTESIAN_POINT ( 'NONE',  ( 579.4506114733333106, -0.03562345316105896414, -4.471224342351927561 ) ) ;
#1491 = B_SPLINE_CURVE_WITH_KNOTS ( 'NONE', 3,
 ( #3985, #514, #2436, #96, #1488, #2907, #1550, #5892, #65, #4361, #4390, #4822, #4484, #33, #3479, #2972, #1961, #2025, #3952, #3036, #3416, #4884, #1584 ),
 .UNSPECIFIED., .F., .F.,
 ( 4, 1, 1, 1, 1, 1, 1, 1, 1, 1, 1, 1, 1, 1, 1, 1, 1, 1, 1, 1, 4 ),
 ( 0.000000000000000000, 0.04333852684012776818, 0.08717308317991924460, 0.1315563818174493305, 0.1765291643852368308, 0.2221267757322754888, 0.2683850631449340995, 0.3153386076795121618, 0.3630191516787464878, 0.4114550007090829742, 0.4606753753612851110, 0.5107069724963625434, 0.5615736378710077803, 0.6132980006039104870, 0.6658995490811303597, 0.7193921803170038043, 0.7737873112060515979, 0.8290862207547907703, 0.8852772768625633004, 0.9423105660483590551, 1.000000000000000000 ),
 .UNSPECIFIED. ) ;
#1492 = CARTESIAN_POINT ( 'NONE',  ( 1339.862853234180875, 517.7819536451464728, -123.3733979143346318 ) ) ;
#1493 = CARTESIAN_POINT ( 'NONE',  ( 991.1615006163791577, 271.7851036408619052, 97.48645155116241767 ) ) ;
#1494 = CARTESIAN_POINT ( 'NONE',  ( 1461.891314113476710, 878.8826868142978128, -89.27262063899684108 ) ) ;
#1495 = CARTESIAN_POINT ( 'NONE',  ( 618.2330820534136819, 26.40234658777846022, 26.35816551189192580 ) ) ;
#1496 = CARTESIAN_POINT ( 'NONE',  ( 943.4493984283129748, 221.4829520325840804, 96.62815556973325215 ) ) ;
#1497 = CARTESIAN_POINT ( 'NONE',  ( 844.1266168400419474, 111.9299154164602754, 22.70915230388528627 ) ) ;
#1498 = CARTESIAN_POINT ( 'NONE',  ( 1011.073129099660832, 178.9282579542986014, -68.42405381128226338 ) ) ;
#1499 = CARTESIAN_POINT ( 'NONE',  ( 560.0000000000000000, 11.32537795816214476, 30.30861648869839442 ) ) ;
#1500 = CARTESIAN_POINT ( 'NONE',  ( 1315.986005913437566, 824.4592094272121585, 106.4265056982780209 ) ) ;
#1501 = CARTESIAN_POINT ( 'NONE',  ( 849.4824013714521698, 68.29668191359978380, -86.29506871467877716 ) ) ;
#1502 = CARTESIAN_POINT ( 'NONE',  ( 901.0881809524635173, 125.2799452808706633, -51.09544651988290553 ) ) ;
#1503 = CARTESIAN_POINT ( 'NONE',  ( 1465.275816130811791, 873.7413043571783646, -90.41399568127181396 ) ) ;
#1504 = CARTESIAN_POINT ( 'NONE',  ( 1186.402741638516773, 421.1991526631022680, -16.93545166438817517 ) ) ;
#1505 = CARTESIAN_POINT ( 'NONE',  ( 560.0000000000001137, 10.96513742574015104, 36.61136917555124626 ) ) ;
#1506 = CARTESIAN_POINT ( 'NONE',  ( 1348.993373041780615, 983.8686505349942308, 132.3771757096188821 ) ) ;
#1507 = CARTESIAN_POINT ( 'NONE',  ( 1267.615642576984555, 373.4964943403831512, -160.6626650305123576 ) ) ;
#1508 = CARTESIAN_POINT ( 'NONE',  ( 560.0000000000001137, -10.55866960608199179, -35.81844260185132356 ) ) ;
#1509 = CARTESIAN_POINT ( 'NONE',  ( 1467.936634229835590, 906.4912208848821820, -81.20348050391757511 ) ) ;
#1510 = CARTESIAN_POINT ( 'NONE',  ( 902.9720300086800080, 112.9398432587129975, -72.07187275036871199 ) ) ;
#1511 = CARTESIAN_POINT ( 'NONE',  ( 791.7356167038263948, 53.36134464628856477, -67.22363717754532786 ) ) ;
#1512 = CARTESIAN_POINT ( 'NONE',  ( 791.9514376262491169, 51.18073444679181705, -54.59915323376792884 ) ) ;
#1513 = CARTESIAN_POINT ( 'NONE',  ( 1379.377679678508002, 1004.222278025813921, 87.89257925612962197 ) ) ;
#1514 = CARTESIAN_POINT ( 'NONE',  ( 1296.862224742865465, 859.6742707454449146, 168.4275173236477769 ) ) ;
#1515 = CARTESIAN_POINT ( 'NONE',  ( 579.3851326060951124, 9.034842880225616213, 23.80790618891196075 ) ) ;
#1516 = CARTESIAN_POINT ( 'NONE',  ( 1344.975398438890352, 506.6815904190958690, -150.2246993656279983 ) ) ;
#1517 = CARTESIAN_POINT ( 'NONE',  ( 952.9897989124009428, 169.2549257257862791, -38.05791785144971584 ) ) ;
#1518 = CARTESIAN_POINT ( 'NONE',  ( 951.0811066740956221, 179.7894235421497910, 14.22781266192185434 ) ) ;
#1519 = CARTESIAN_POINT ( 'NONE',  ( 675.3215060825799583, 49.37314031754834076, 48.65824301774231486 ) ) ;
#1520 = CARTESIAN_POINT ( 'NONE',  ( 579.3764839012582115, 10.40626077910907554, -1.840165776030827205 ) ) ;
#1521 = CARTESIAN_POINT ( 'NONE',  ( 893.8825886947937533, 172.6375883301861904, 77.55714371873827417 ) ) ;
#1522 = CARTESIAN_POINT ( 'NONE',  ( 1153.910108522893779, 333.2354483413250819, -44.94326331432932164 ) ) ;
#1523 = CARTESIAN_POINT ( 'NONE',  ( 1255.977683306150311, 403.7206609404528308, -110.5142581129941703 ) ) ;
#1524 = CARTESIAN_POINT ( 'NONE',  ( 990.4448888805563911, 275.1396301670505409, 108.4295294021708429 ) ) ;
#1525 = CARTESIAN_POINT ( 'NONE',  ( 579.5064933369671962, -7.676972565460505216, -40.85803902793593068 ) ) ;
#1526 = CARTESIAN_POINT ( 'NONE',  ( 1138.375148436864265, 382.6644817084306851, 11.17569230717587381 ) ) ;
#1527 = CARTESIAN_POINT ( 'NONE',  ( 1011.286573568179051, 177.8685944774532004, -90.20906257668895023 ) ) ;
#1528 = CARTESIAN_POINT ( 'NONE',  ( 787.3961798044952047, 99.25584939756036817, 35.51239082814414161 ) ) ;
#1529 = CARTESIAN_POINT ( 'NONE',  ( 1121.822278831602489, 435.4486882320121595, 128.7912683537792589 ) ) ;
#1530 = CARTESIAN_POINT ( 'NONE',  ( 1362.476903886974924, 855.5696377746982080, 59.92959928369145217 ) ) ;
#1531 = CARTESIAN_POINT ( 'NONE',  ( 1449.805691677053801, 933.2669844114969919, -52.40747835372332020 ) ) ;
#1532 = CARTESIAN_POINT ( 'NONE',  ( 1359.434873186040932, 967.4445910104360564, 98.37906585919807867 ) ) ;
#1533 = CARTESIAN_POINT ( 'NONE',  ( 1392.977319454249255, 549.9352677918499239, -172.8102097697080239 ) ) ;
#1534 = CARTESIAN_POINT ( 'NONE',  ( 1377.921758708046582, 710.4372756216964717, -60.85598116302445959 ) ) ;
#1535 = CARTESIAN_POINT ( 'NONE',  ( 676.9965482008117306, 9.481906009413737735, -51.17129563228565559 ) ) ;
#1536 = CARTESIAN_POINT ( 'NONE',  ( 1389.121897014419574, 920.7706726014494052, 44.59724182125506076 ) ) ;
#1537 = CARTESIAN_POINT ( 'NONE',  ( 1296.680356966065119, 611.3902429228062374, -8.163677762215394651 ) ) ;
#1538 = CARTESIAN_POINT ( 'NONE',  ( 1120.795794320838922, 438.7175727977360111, 134.0160846769112197 ) ) ;
#1539 = CARTESIAN_POINT ( 'NONE',  ( 1454.353034090153642, 698.7214168251086903, -160.0508572870351713 ) ) ;
#1540 = CARTESIAN_POINT ( 'NONE',  ( 1452.984575534567057, 928.5724109110016116, -58.11721333531800582 ) ) ;
#1541 = CARTESIAN_POINT ( 'NONE',  ( 959.3387961767641627, 134.5866327037599319, -94.40732297384219862 ) ) ;
#1542 = CARTESIAN_POINT ( 'NONE',  ( 579.5037402996169931, -7.355600292465267920, -31.86735097331323274 ) ) ;
#1543 = CARTESIAN_POINT ( 'NONE',  ( 1334.261524993676403, 903.7391938782242278, 127.9767909625153521 ) ) ;
#1544 = CARTESIAN_POINT ( 'NONE',  ( 1035.505779406244528, 329.6915798245139513, 125.1538939996520696 ) ) ;
#1545 = CARTESIAN_POINT ( 'NONE',  ( 1405.017059221441059, 999.4108061031079160, 44.90700764693167457 ) ) ;
#1546 = CARTESIAN_POINT ( 'NONE',  ( 1337.090573687295773, 785.6032502948592082, 45.64704853170984222 ) ) ;
#1547 = CARTESIAN_POINT ( 'NONE',  ( 845.5604339272892958, 100.1223492146519618, -36.26337925921925631 ) ) ;
#1548 = CARTESIAN_POINT ( 'NONE',  ( 1397.350312746252712, 907.8326427044212323, 26.65162687186974466 ) ) ;
#1549 = CARTESIAN_POINT ( 'NONE',  ( 1254.914388885720655, 701.9704965843359332, 140.3421062501559504 ) ) ;
#1550 = CARTESIAN_POINT ( 'NONE',  ( 845.2851725658001669, 102.5065478546937783, 1.021740607705788895 ) ) ;
#1551 = CARTESIAN_POINT ( 'NONE',  ( 894.2720812516264459, 170.0858573888056924, 72.50220037866691314 ) ) ;
#1552 = CARTESIAN_POINT ( 'NONE',  ( 1382.481623605229743, 702.0586690662246383, -53.78935214483783511 ) ) ;
#1553 = CARTESIAN_POINT ( 'NONE',  ( 786.7228621067912400, 106.4580113369349874, 68.27150734333619653 ) ) ;
#1554 = CARTESIAN_POINT ( 'NONE',  ( 1354.411686189811007, 486.2305004365045988, -170.6967300419340177 ) ) ;
#1555 = CARTESIAN_POINT ( 'NONE',  ( 1456.794517914283006, 814.3624801554041142, -110.9972116752258700 ) ) ;
#1556 = CARTESIAN_POINT ( 'NONE',  ( 1165.308650249271523, 481.6502616769747078, 88.82890097502311733 ) ) ;
#1557 = CARTESIAN_POINT ( 'NONE',  ( 1375.373405762895800, 1010.304562964884099, 96.30912087369354424 ) ) ;
#1558 = CARTESIAN_POINT ( 'NONE',  ( 1402.674778315705680, 968.8337313975166580, 38.99796549738219653 ) ) ;
#1559 = CARTESIAN_POINT ( 'NONE',  ( 791.6869005277241058, 53.98550151150056564, -47.34924457191523572 ) ) ;
#1560 = CARTESIAN_POINT ( 'NONE',  ( 559.9999999999998863, 10.65007619551797546, 20.51232550164827728 ) ) ;
#1561 = CARTESIAN_POINT ( 'NONE',  ( 943.4389270197674477, 221.4991087934878351, 80.58757883947066603 ) ) ;
#1562 = CARTESIAN_POINT ( 'NONE',  ( 1120.884684709799785, 234.1929904169250278, -134.7658227932190300 ) ) ;
#1563 = CARTESIAN_POINT ( 'NONE',  ( 1150.333016927629615, 344.5728826513866352, -51.65889240427698326 ) ) ;
#1564 = CARTESIAN_POINT ( 'NONE',  ( 734.9631230470407672, 25.73423471775061344, -60.23811172295418004 ) ) ;
#1565 = CARTESIAN_POINT ( 'NONE',  ( 789.1475670590345999, 80.87969486673715380, 20.24802596338841809 ) ) ;
#1566 = CARTESIAN_POINT ( 'NONE',  ( 1378.545064008726058, 828.1240729768954907, 2.304380913610952319 ) ) ;
#1567 = CARTESIAN_POINT ( 'NONE',  ( 1087.528872710269752, 353.4318044985550387, 80.98607808971200939 ) ) ;
#1568 = CARTESIAN_POINT ( 'NONE',  ( 1254.806260844989993, 702.2163227434525652, 152.7123536897853455 ) ) ;
#1569 = CARTESIAN_POINT ( 'NONE',  ( 1069.096987035843995, 193.4818590827771345, -123.0548498403152280 ) ) ;
#1570 = CARTESIAN_POINT ( 'NONE',  ( 1121.215197136787083, 233.0144453433536853, -135.4013271698839560 ) ) ;
#1571 = CARTESIAN_POINT ( 'NONE',  ( 1452.034935050916829, 893.8548010540845326, -71.59916365444965436 ) ) ;
#1572 = CARTESIAN_POINT ( 'NONE',  ( 579.4804461915757656, -4.037517429056997287, -36.54915744668371502 ) ) ;
#1573 = CARTESIAN_POINT ( 'NONE',  ( 1457.524340583672256, 921.8680890001357966, -60.55992062826298650 ) ) ;
#1574 = CARTESIAN_POINT ( 'NONE',  ( 960.5724562087126515, 127.8538635551778384, -102.9984708276408725 ) ) ;
#1575 = CARTESIAN_POINT ( 'NONE',  ( 675.5521731620688115, 43.99790670959235683, 46.78930426756932803 ) ) ;
#1576 = CARTESIAN_POINT ( 'NONE',  ( 579.3310224179455190, 16.57303079065323459, 40.86596656429319552 ) ) ;
#1577 = CARTESIAN_POINT ( 'NONE',  ( 1393.323365244371644, 983.0386488196613755, 58.56510862378088689 ) ) ;
#1578 = CARTESIAN_POINT ( 'NONE',  ( 895.4594133417605235, 162.1942343673015898, 25.80953363339368423 ) ) ;
#1579 = CARTESIAN_POINT ( 'NONE',  ( 849.0970145857532998, 71.41478725494232549, -83.80930534475189120 ) ) ;
#1580 = CARTESIAN_POINT ( 'NONE',  ( 892.2316791738677466, 183.4446232796893810, 95.15217374076837586 ) ) ;
#1581 = CARTESIAN_POINT ( 'NONE',  ( 1382.147788378339555, 702.6580867384088833, -71.25123888822523099 ) ) ;
#1582 = CARTESIAN_POINT ( 'NONE',  ( 1387.518686479633971, 812.8186547900535288, -0.3603053299501255968 ) ) ;
#1583 = CARTESIAN_POINT ( 'NONE',  ( 1328.110296799735806, 914.2346987404132506, 134.0462374393576113 ) ) ;
#1584 = CARTESIAN_POINT ( 'NONE',  ( 1427.248014511749034, 966.5801465777553858, -0.07733509065231658486 ) ) ;
#1585 = CARTESIAN_POINT ( 'NONE',  ( 1336.391788729235259, 900.1022740284431620, 122.8455323842944438 ) ) ;
#1586 = CARTESIAN_POINT ( 'NONE',  ( 1196.637337144557932, 391.9215223511391173, -38.15994804876073943 ) ) ;
#1587 = CARTESIAN_POINT ( 'NONE',  ( 892.5359517300939842, 181.4323985107105557, 85.69893696710319375 ) ) ;
#1588 = CARTESIAN_POINT ( 'NONE',  ( 1015.776871756476794, 156.9507758713741339, -116.0107974177228982 ) ) ;
#1589 = CARTESIAN_POINT ( 'NONE',  ( 1454.544976332492979, 817.8991431979848130, -106.7843488407359445 ) ) ;
#1590 = CARTESIAN_POINT ( 'NONE',  ( 1164.120384861349294, 485.0568181578258873, 95.58098117065179622 ) ) ;
#1591 = CARTESIAN_POINT ( 'NONE',  ( 560.0000000000001137, 9.432315648052352230, 34.39962116696764127 ) ) ;
#1592 = CARTESIAN_POINT ( 'NONE',  ( 1000.262424788863427, 229.3718072272968129, 29.89095598523573472 ) ) ;
#1593 = CARTESIAN_POINT ( 'NONE',  ( 1003.468697329265297, 214.4130070864881077, 0.7685741045813425654 ) ) ;
#1594 = CARTESIAN_POINT ( 'NONE',  ( 1123.897227944575889, 428.8053604700976393, 99.78699306034144456 ) ) ;
#1595 = CARTESIAN_POINT ( 'NONE',  ( 676.9394582321073131, 10.71720438124654962, -57.47721057234912223 ) ) ;
#1596 = CARTESIAN_POINT ( 'NONE',  ( 1237.046404515929680, 452.8326981279930123, -57.32203854461448600 ) ) ;
#1597 = CARTESIAN_POINT ( 'NONE',  ( 559.9999999999998863, -10.93463044554342112, -33.83080678933621499 ) ) ;
#1598 = CARTESIAN_POINT ( 'NONE',  ( 1400.076323154756892, 972.7808632427918383, 44.44428599766660426 ) ) ;
#1599 = CARTESIAN_POINT ( 'NONE',  ( 788.3406696532373417, 89.23330468206911803, 5.995273054818924585 ) ) ;
#1600 = CARTESIAN_POINT ( 'NONE',  ( 732.3762639535223116, 64.25061663914057419, 42.77716175941941401 ) ) ;
#1601 = CARTESIAN_POINT ( 'NONE',  ( 1037.144227989705769, 323.0542594079594210, 116.8670655666711866 ) ) ;
#1602 = CARTESIAN_POINT ( 'NONE',  ( 1243.604239161665191, 435.8451547299168283, -60.44603358265121074 ) ) ;
#1603 = CARTESIAN_POINT ( 'NONE',  ( 1009.842237179003860, 184.6011151363040881, -80.02012792797899010 ) ) ;
#1604 = CARTESIAN_POINT ( 'NONE',  ( 1013.816022601282270, 166.1257056263652885, -93.45058437724956946 ) ) ;
#1605 = CARTESIAN_POINT ( 'NONE',  ( 676.8913044343568117, 12.01861080296312956, -43.02038619124693497 ) ) ;
#1606 = CARTESIAN_POINT ( 'NONE',  ( 1230.713976115208197, 620.9510999566099372, 131.0041763873597631 ) ) ;
#1607 = CARTESIAN_POINT ( 'NONE',  ( 1384.965757272508654, 1029.022555068860584, 83.68873241091520754 ) ) ;
#1608 = CARTESIAN_POINT ( 'NONE',  ( 732.6126011617623135, 60.74395549156731988, 34.49782025885096459 ) ) ;
#1609 = CARTESIAN_POINT ( 'NONE',  ( 734.2878666939316190, 35.65064785574567452, -54.15423465523578983 ) ) ;
#1610 = CARTESIAN_POINT ( 'NONE',  ( 1078.318228588089141, 386.3374363940433796, 133.8464025125537091 ) ) ;
#1611 = CARTESIAN_POINT ( 'NONE',  ( 676.1632743335487703, 29.10919677326617361, -24.22303590263045336 ) ) ;
#1612 = CARTESIAN_POINT ( 'NONE',  ( 560.0000000000000000, -7.511067020329486255, -33.95012931331615391 ) ) ;
#1613 = CARTESIAN_POINT ( 'NONE',  ( 1225.233553996408546, 633.9074054712352790, 140.1628431404995752 ) ) ;
#1614 = CARTESIAN_POINT ( 'NONE',  ( 1414.132675598371179, 985.9488700897160243, 16.98476294434217237 ) ) ;
#1615 = CARTESIAN_POINT ( 'NONE',  ( 1357.164778406577398, 971.0194778632420594, 114.2716084294079479 ) ) ;
#1616 = CARTESIAN_POINT ( 'NONE',  ( 846.9974876720484644, 88.57289744644920404, -31.59620260672352288 ) ) ;
#1617 = CARTESIAN_POINT ( 'NONE',  ( 1252.048557318705889, 708.1880295916428167, 152.5261079545738028 ) ) ;
#1618 = CARTESIAN_POINT ( 'NONE',  ( 1469.165777259683182, 904.6760233014297228, -84.15815947559255505 ) ) ;
#1619 = CARTESIAN_POINT ( 'NONE',  ( 579.4530001400171386, -0.2118180471844565427, -29.55684708175668263 ) ) ;
#1620 = CARTESIAN_POINT ( 'NONE',  ( 993.9806916936222478, 258.6042462780945925, 61.16173086749826382 ) ) ;
#1621 = CARTESIAN_POINT ( 'NONE',  ( 840.9951038046725671, 137.3709797890392963, 77.30368401025775427 ) ) ;
#1622 = CARTESIAN_POINT ( 'NONE',  ( 1370.816861816078926, 594.1597991260435947, -108.4792925059955735 ) ) ;
#1623 = CARTESIAN_POINT ( 'NONE',  ( 845.3811196514769790, 101.7260002791777822, -0.7876719764530453194 ) ) ;
#1624 = CARTESIAN_POINT ( 'NONE',  ( 1258.947698609797499, 693.2211739502308774, 124.1259516952011381 ) ) ;
#1625 = CARTESIAN_POINT ( 'NONE',  ( 792.3200346899317310, 47.20049397756859122, -75.55720950190733731 ) ) ;
#1626 = CARTESIAN_POINT ( 'NONE',  ( 579.4007941842871787, 7.039969341641064027, -12.10297959168969051 ) ) ;
#1627 = CARTESIAN_POINT ( 'NONE',  ( 1178.284210694055901, 444.5075704049424417, 48.19440114661951213 ) ) ;
#1628 = CARTESIAN_POINT ( 'NONE',  ( 842.8575407071272139, 122.1031882641919140, 12.16456075493140432 ) ) ;
#1629 = CARTESIAN_POINT ( 'NONE',  ( 1155.294624817445083, 510.3678431381770793, 152.1684551552582434 ) ) ;
#1630 = CARTESIAN_POINT ( 'NONE',  ( 1206.926749594691501, 531.0651754678327734, 90.64364259936662904 ) ) ;
#1631 = CARTESIAN_POINT ( 'NONE',  ( 944.0580231434345251, 218.1604913639061749, 90.16263792051312009 ) ) ;
#1632 = CARTESIAN_POINT ( 'NONE',  ( 1286.334945643166066, 489.3099543838108616, -71.65428400868763958 ) ) ;
#1633 = CARTESIAN_POINT ( 'NONE',  ( 1469.176449881724466, 904.6602619805141785, -84.29193057593369076 ) ) ;
#1634 = CARTESIAN_POINT ( 'NONE',  ( 847.1197434450112951, 87.45764520847447443, -59.65355132117208825 ) ) ;
#1635 = CARTESIAN_POINT ( 'NONE',  ( 1259.740125595808649, 393.9522652821165707, -125.6234712132434623 ) ) ;
#1636 = CARTESIAN_POINT ( 'NONE',  ( 1461.352468599044869, 916.2147121726038677, -68.10250192190656549 ) ) ;
#1637 = CARTESIAN_POINT ( 'NONE',  ( 787.4030658660395829, 99.31381023301455002, 61.89513596570265008 ) ) ;
#1638 = CARTESIAN_POINT ( 'NONE',  ( 1320.071797968127157, 927.9629916568899262, 158.9552776920349686 ) ) ;
#1639 = CARTESIAN_POINT ( 'NONE',  ( 788.2746047494523509, 90.10931828698714696, 41.73186960161563519 ) ) ;
#1640 = CARTESIAN_POINT ( 'NONE',  ( 579.4662645160302645, -2.061538501395454137, -33.19018373086186813 ) ) ;
#1641 = CARTESIAN_POINT ( 'NONE',  ( 1343.366982264834633, 992.7141676341864240, 140.9690215911780911 ) ) ;
#1642 = CARTESIAN_POINT ( 'NONE',  ( 1422.051444090404175, 868.9866229373375290, -42.32726603105697905 ) ) ;
#1643 = CARTESIAN_POINT ( 'NONE',  ( 1303.588778534401627, 847.2867811125413482, 145.5694614207375537 ) ) ;
#1644 =( NAMED_UNIT ( * ) PLANE_ANGLE_UNIT ( ) SI_UNIT ( $, .RADIAN. ) );
#1645 = CARTESIAN_POINT ( 'NONE',  ( 993.2609898936565287, 262.0250943006382727, 91.41966140809071817 ) ) ;
#1646 = CARTESIAN_POINT ( 'NONE',  ( 1155.584996967286997, 327.8995694608171334, -53.98203418002892562 ) ) ;
#1647 = CARTESIAN_POINT ( 'NONE',  ( 1277.984330948861952, 779.4029397580864043, 153.8656802312260936 ) ) ;
#1648 = CARTESIAN_POINT ( 'NONE',  ( 618.7486952801474445, -3.418204311187040823, -49.16549971847662448 ) ) ;
#1649 = CARTESIAN_POINT ( 'NONE',  ( 1334.888997049279851, 528.5473444538527019, -123.1040358819470697 ) ) ;
#1650 = CARTESIAN_POINT ( 'NONE',  ( 579.3350978934772684, 16.09117574897092950, 24.06402201170170230 ) ) ;
#1651 = CARTESIAN_POINT ( 'NONE',  ( 787.2579904891615570, 100.8458462806188862, 65.27193816869697685 ) ) ;
#1652 = CARTESIAN_POINT ( 'NONE',  ( 1294.887609379821015, 615.3058700389323121, 21.18977430096929382 ) ) ;
#1653 = CARTESIAN_POINT ( 'NONE',  ( 1266.613988252427134, 535.9856919691716257, -0.2003193915179279083 ) ) ;
#1654 = CARTESIAN_POINT ( 'NONE',  ( 905.3385716545014930, 97.49805327907490948, -83.55487149157562499 ) ) ;
#1655 = CARTESIAN_POINT ( 'NONE',  ( 1161.539352689457701, 492.4570829780117833, 110.7565245220869627 ) ) ;
#1656 = CARTESIAN_POINT ( 'NONE',  ( 1353.811920650203319, 487.5279467239715245, -170.8641526326874214 ) ) ;
#1657 = CARTESIAN_POINT ( 'NONE',  ( 1437.240022998323866, 916.3286919457106023, -43.50250455384058768 ) ) ;
#1658 = CARTESIAN_POINT ( 'NONE',  ( 949.2875992427062783, 189.5917952198888656, 34.18286062492840216 ) ) ;
#1659 = CARTESIAN_POINT ( 'NONE',  ( 1094.094155630028581, 329.9058767104490926, 10.48651576252568773 ) ) ;
#1660 = CARTESIAN_POINT ( 'NONE',  ( 1035.596043502981956, 329.3270937715633409, 125.4528855364219169 ) ) ;
#1661 = CARTESIAN_POINT ( 'NONE',  ( 675.8483982652165878, 36.97225010716819327, 29.83573670399211153 ) ) ;
#1662 = CARTESIAN_POINT ( 'NONE',  ( 618.6513721749423667, 2.576346788361850937, -20.59858910391174192 ) ) ;
#1663 = CARTESIAN_POINT ( 'NONE',  ( 1013.077272579121995, 169.5746807388393620, -86.59142959790563054 ) ) ;
#1664 = CARTESIAN_POINT ( 'NONE',  ( 579.5042835572364766, -7.364250595022286738, -40.88581660181948507 ) ) ;
#1665 = CARTESIAN_POINT ( 'NONE',  ( 1061.613077545454871, 223.7876674635142251, -86.79266614978661210 ) ) ;
#1666 = CARTESIAN_POINT ( 'NONE',  ( 1117.686966639675802, 245.6419129115961368, -109.1482569425854336 ) ) ;
#1667 = CARTESIAN_POINT ( 'NONE',  ( 1167.283212319767017, 290.6293025132008552, -116.5573149758942435 ) ) ;
#1668 = LOCAL_TIME ( 2, 53, 2.000000000000000000, #4292 ) ;
#1669 = CARTESIAN_POINT ( 'NONE',  ( 618.3025880093305204, 22.84146571099649847, 39.47014100806752879 ) ) ;
#1670 = CARTESIAN_POINT ( 'NONE',  ( 1035.967765851992226, 327.8216561125332760, 123.9548041588165717 ) ) ;
#1671 = CARTESIAN_POINT ( 'NONE',  ( 579.3993827010781388, 7.056219363090555419, 18.30164764443375347 ) ) ;
#1672 = CARTESIAN_POINT ( 'NONE',  ( 1379.570237921906028, 576.6789874792431192, -144.6958152980824650 ) ) ;
#1673 = CARTESIAN_POINT ( 'NONE',  ( 1103.701330463276008, 295.5714885822774249, -48.39392531794310770 ) ) ;
#1674 = CARTESIAN_POINT ( 'NONE',  ( 1188.466864146012995, 415.3322793336783434, 0.1904817684545939416 ) ) ;
#1675 = CARTESIAN_POINT ( 'NONE',  ( 1324.281038495505300, 920.7740020628284583, 145.5167673839862630 ) ) ;
#1676 = CARTESIAN_POINT ( 'NONE',  ( 1382.744876518089086, 820.9542642703011097, -7.702590560756535254 ) ) ;
#1677 = CARTESIAN_POINT ( 'NONE',  ( 993.4756065914293686, 261.0243857111332773, 89.57864941824405491 ) ) ;
#1678 = CARTESIAN_POINT ( 'NONE',  ( 847.4228687443458057, 85.11041760304381398, -39.76236237396037154 ) ) ;
#1679 = CARTESIAN_POINT ( 'NONE',  ( 1267.821909721976681, 372.9622397556297528, -160.6829569867203986 ) ) ;
#1680 = CARTESIAN_POINT ( 'NONE',  ( 1426.117440392692060, 746.9143757050395607, -105.4522165208116462 ) ) ;
#1681 = CARTESIAN_POINT ( 'NONE',  ( 1233.144382655153095, 615.1750037659261352, 104.4065818720153516 ) ) ;
#1682 = CARTESIAN_POINT ( 'NONE',  ( 560.0000000000000000, 8.595757302325955251, 32.47514755375560469 ) ) ;
#1683 = CARTESIAN_POINT ( 'NONE',  ( 1370.824342196061252, 841.3189894965836402, 39.83601540347523695 ) ) ;
#1684 = CARTESIAN_POINT ( 'NONE',  ( 1205.877922560218394, 365.4439631322152877, -81.21172195597273458 ) ) ;
#1685 = CARTESIAN_POINT ( 'NONE',  ( 1053.214625766611107, 257.9058287971732852, -1.930827066597281094 ) ) ;
#1686 = CARTESIAN_POINT ( 'NONE',  ( 792.2937061977311259, 47.54777076399546587, -64.37023549954363943 ) ) ;
#1687 = CARTESIAN_POINT ( 'NONE',  ( 1194.830658987450761, 562.4491800350233461, 127.3623895486215787 ) ) ;
#1688 = CARTESIAN_POINT ( 'NONE',  ( 1015.502760463990967, 158.2231398780563154, -115.5332690719616977 ) ) ;
#1689 = CARTESIAN_POINT ( 'NONE',  ( 1432.502444495322152, 958.8204079818341370, -19.83682056840113361 ) ) ;
#1690 = CARTESIAN_POINT ( 'NONE',  ( 904.2170446841912508, 104.7889649541294403, -84.39936312464884338 ) ) ;
#1691 = CARTESIAN_POINT ( 'NONE',  ( 999.8561285518933346, 231.1748660368441506, 1.658463003143211489 ) ) ;
#1692 = CARTESIAN_POINT ( 'NONE',  ( 559.9999999999998863, 10.86736336829315164, 36.65221894684967197 ) ) ;
#1693 = CARTESIAN_POINT ( 'NONE',  ( 1301.864700379039959, 731.7563489691716541, 91.98691531861091164 ) ) ;
#1694 = CARTESIAN_POINT ( 'NONE',  ( 1153.910108522893779, 333.2354483413250819, -44.94326331432932164 ) ) ;
#1695 = CARTESIAN_POINT ( 'NONE',  ( 559.9999999999998863, -9.828724199690389796, -36.63487655371640983 ) ) ;
#1696 = CARTESIAN_POINT ( 'NONE',  ( 1205.921450831477387, 365.2835195162112427, -100.9023228724144730 ) ) ;
#1697 = CARTESIAN_POINT ( 'NONE',  ( 1462.057817401391276, 878.6295229125468040, -83.94841278396305029 ) ) ;
#1698 = CARTESIAN_POINT ( 'NONE',  ( 1167.838286528318122, 288.8610058773447804, -119.4814038337200088 ) ) ;
#1699 = CARTESIAN_POINT ( 'NONE',  ( 841.8417550172918027, 130.4966342916046642, 62.92330987285908606 ) ) ;
#1700 = CARTESIAN_POINT ( 'NONE',  ( 1118.970007031424302, 444.5316339971260504, 142.2077358069284401 ) ) ;
#1701 = CARTESIAN_POINT ( 'NONE',  ( 997.9606644209181923, 240.1086480582748379, 50.44967193376152892 ) ) ;
#1702 = CARTESIAN_POINT ( 'NONE',  ( 1169.870686654602878, 282.3862243208409382, -130.1177950226111193 ) ) ;
#1703 = CARTESIAN_POINT ( 'NONE',  ( 1300.167049889344071, 456.5487974268851872, -134.7529226088919074 ) ) ;
#1704 = CARTESIAN_POINT ( 'NONE',  ( 1234.482070097662699, 459.4893166619750673, -47.47651621796270405 ) ) ;
#1705 = CARTESIAN_POINT ( 'NONE',  ( 899.3395321564701135, 136.8650519009013067, 2.999561371758617145 ) ) ;
#1706 = CARTESIAN_POINT ( 'NONE',  ( 1036.692470684327873, 324.8656305150384469, 109.6544003133681429 ) ) ;
#1707 = CARTESIAN_POINT ( 'NONE',  ( 949.8690704921883707, 186.3091026848235856, -5.177937131434600104 ) ) ;
#1708 = CARTESIAN_POINT ( 'NONE',  ( 1199.794930240934491, 549.5787635155904809, 120.0008028569300791 ) ) ;
#1709 = CARTESIAN_POINT ( 'NONE',  ( 1437.982629608033221, 843.9450748160704734, -61.29280265392678473 ) ) ;
#1710 = CARTESIAN_POINT ( 'NONE',  ( 840.3176477553910217, 142.8551628567033163, 82.56516373579933088 ) ) ;
#1711 = CARTESIAN_POINT ( 'NONE',  ( 1248.863283312494104, 422.1599474313331939, -101.0384610472809044 ) ) ;
#1712 = CARTESIAN_POINT ( 'NONE',  ( 1258.947698609797499, 693.2211739502308774, 124.1259516952011381 ) ) ;
#1713 = CARTESIAN_POINT ( 'NONE',  ( 992.2853496027724987, 266.5743347221846875, 100.0896486329982764 ) ) ;
#1714 = CARTESIAN_POINT ( 'NONE',  ( 1260.868638510741448, 549.5837200119933641, 20.75965288227698835 ) ) ;
#1715 = CARTESIAN_POINT ( 'NONE',  ( 676.6977050416758175, 16.67398748450415624, -28.34249464770963911 ) ) ;
#1716 = CARTESIAN_POINT ( 'NONE',  ( 1366.192901953397723, 732.0444999925424554, -11.10703003476170281 ) ) ;
#1717 = CARTESIAN_POINT ( 'NONE',  ( 1385.808051569491454, 564.2452733755268355, -150.7568901865127771 ) ) ;
#1718 = CARTESIAN_POINT ( 'NONE',  ( 731.6551183183602234, 74.86416025235482152, 53.17514214136944872 ) ) ;
#1719 = CARTESIAN_POINT ( 'NONE',  ( 1003.138659054161280, 215.8609718939722200, -27.27057965904011994 ) ) ;
#1720 = CARTESIAN_POINT ( 'NONE',  ( 1167.143251834332204, 291.0424821174340195, -128.4501346954903624 ) ) ;
#1721 = CARTESIAN_POINT ( 'NONE',  ( 1313.681032082418596, 708.1535233672159393, 35.33198527041707138 ) ) ;
#1722 = CARTESIAN_POINT ( 'NONE',  ( 579.3349424683379993, 16.02217194183633708, 40.54756586599297208 ) ) ;
#1723 = CARTESIAN_POINT ( 'NONE',  ( 895.5881282519721935, 161.4626171077640606, 55.13761057759051454 ) ) ;
#1724 = CARTESIAN_POINT ( 'NONE',  ( 1434.518020949551101, 849.3925157716189460, -53.86434046635937278 ) ) ;
#1725 = CARTESIAN_POINT ( 'NONE',  ( 1127.437259145787039, 417.5196268911943207, 76.04828869110332334 ) ) ;
#1726 = CARTESIAN_POINT ( 'NONE',  ( 618.5444472748514499, 8.181623359647849369, -31.29634268595490099 ) ) ;
#1727 = CARTESIAN_POINT ( 'NONE',  ( 1380.327933562151202, 575.1805872411133578, -135.4349573323217726 ) ) ;
#1728 = CARTESIAN_POINT ( 'NONE',  ( 959.6567759414706416, 132.9005846410778702, -82.52287777134401381 ) ) ;
#1729 = CARTESIAN_POINT ( 'NONE',  ( 1339.573427749093980, 894.6705501193179089, 115.1963080664256722 ) ) ;
#1730 = CARTESIAN_POINT ( 'NONE',  ( 1371.118392811332797, 1016.768228555464248, 103.3585987343458470 ) ) ;
#1731 = CARTESIAN_POINT ( 'NONE',  ( 732.6707006630807655, 59.88143775192133944, 32.42238770105455359 ) ) ;
#1732 = CARTESIAN_POINT ( 'NONE',  ( 904.8353832330267323, 100.7422577834498583, -89.84172229959892775 ) ) ;
#1733 = CARTESIAN_POINT ( 'NONE',  ( 1467.847609995105131, 869.8344208648360336, -95.68022052594444915 ) ) ;
#1734 = CARTESIAN_POINT ( 'NONE',  ( 733.1394624191384537, 52.68005932596715724, -19.89534486912408440 ) ) ;
#1735 = CARTESIAN_POINT ( 'NONE',  ( 790.0702994592666073, 71.11300193911533540, -3.826837129891967226 ) ) ;
#1736 = CARTESIAN_POINT ( 'NONE',  ( 1325.410968784101897, 918.8443776102345737, 142.1686640393877212 ) ) ;
#1737 = CARTESIAN_POINT ( 'NONE',  ( 788.7011706441121532, 85.41552840476590802, -3.670698305058025301 ) ) ;
#1738 = CARTESIAN_POINT ( 'NONE',  ( 1385.551947916310155, 994.8435247610350416, 74.84870625817136158 ) ) ;
#1739 = CARTESIAN_POINT ( 'NONE',  ( 1220.539152225560656, 645.0257770919838549, 163.1280722049670828 ) ) ;
#1740 = CARTESIAN_POINT ( 'NONE',  ( 847.1197434450112951, 87.45764520847447443, -59.65355132117208825 ) ) ;
#1741 = CARTESIAN_POINT ( 'NONE',  ( 731.7549478025046028, 73.34708092872857321, 44.21319266777334178 ) ) ;
#1742 = CARTESIAN_POINT ( 'NONE',  ( 1282.657279453081173, 770.0851767313429264, 148.8254713537723148 ) ) ;
#1743 = CARTESIAN_POINT ( 'NONE',  ( 676.1312185084284465, 30.23559950362252025, 11.79609598974309748 ) ) ;
#1744 = CARTESIAN_POINT ( 'NONE',  ( 1160.059523278283450, 496.7196779461647793, 133.9897600457607041 ) ) ;
#1745 = CARTESIAN_POINT ( 'NONE',  ( 1392.709475189106342, 683.2304191827215618, -80.37963113426368977 ) ) ;
#1746 = ADVANCED_FACE ( 'NONE', ( #991 ), #2478, .F. ) ;
#1747 = CARTESIAN_POINT ( 'NONE',  ( 1275.244354181241079, 515.5592757208663670, -31.61885242686630093 ) ) ;
#1748 = CARTESIAN_POINT ( 'NONE',  ( 1216.710353627628365, 334.4049567706345556, -130.9310778090326437 ) ) ;
#1749 = CARTESIAN_POINT ( 'NONE',  ( 1379.003944196241036, 1004.790175609280482, 82.10110460254600184 ) ) ;
#1750 = CARTESIAN_POINT ( 'NONE',  ( 1343.622804207918762, 648.4037414226478404, -51.13662952078005475 ) ) ;
#1751 = CARTESIAN_POINT ( 'NONE',  ( 959.1568843447529389, 135.5788937877461251, -93.05929533841062096 ) ) ;
#1752 = CARTESIAN_POINT ( 'NONE',  ( 895.8406007444755232, 159.6912266209340316, 19.64097289802232638 ) ) ;
#1753 = CARTESIAN_POINT ( 'NONE',  ( 786.6969058170973312, 106.7638218119869862, 76.27658847112790852 ) ) ;
#1754 = CARTESIAN_POINT ( 'NONE',  ( 1089.564273770788077, 346.1587733804083769, 68.30504436072959606 ) ) ;
#1755 = CARTESIAN_POINT ( 'NONE',  ( 956.7073674043276696, 149.0306011392471248, -49.09920228017610810 ) ) ;
#1756 = CARTESIAN_POINT ( 'NONE',  ( 841.3985929709198217, 133.9960120030841040, 45.59046526042038749 ) ) ;
#1757 = CARTESIAN_POINT ( 'NONE',  ( 676.9966694549545991, 9.397590229630225167, -57.02124186026100716 ) ) ;
#1758 = CARTESIAN_POINT ( 'NONE',  ( 901.9270126322046508, 119.7843891958738709, -60.71535851064679434 ) ) ;
#1759 = CARTESIAN_POINT ( 'NONE',  ( 905.0300459956526993, 99.52138683961794641, -79.37554533328490436 ) ) ;
#1760 = CARTESIAN_POINT ( 'NONE',  ( 1013.480382288307624, 167.6926872063508256, -90.33806754887622503 ) ) ;
#1761 = CARTESIAN_POINT ( 'NONE',  ( 1313.931217798019134, 828.2533875576738183, 127.2384888366892284 ) ) ;
#1762 = CARTESIAN_POINT ( 'NONE',  ( 1155.428298316976907, 509.9852580008298446, 152.4929671535167870 ) ) ;
#1763 = CARTESIAN_POINT ( 'NONE',  ( 1015.249400945168645, 159.4344847089779478, -106.5757266858448986 ) ) ;
#1764 = CARTESIAN_POINT ( 'NONE',  ( 1014.851479444686333, 161.2943918456132906, -102.5344782263569385 ) ) ;
#1765 = CARTESIAN_POINT ( 'NONE',  ( 1373.715817526698629, 718.1795623143730154, -50.41069414248259761 ) ) ;
#1766 = CARTESIAN_POINT ( 'NONE',  ( 560.0000000000001137, -2.668813476349868097, -0.6953966573124557016 ) ) ;
#1767 = CARTESIAN_POINT ( 'NONE',  ( 840.4536110142117877, 141.7370593214139660, 76.91035099519262985 ) ) ;
#1768 = COORDINATED_UNIVERSAL_TIME_OFFSET ( 5, 30, .AHEAD. ) ;
#1769 = CARTESIAN_POINT ( 'NONE',  ( 1040.681034861491298, 308.7201007023746229, 91.12290781003284224 ) ) ;
#1770 = CARTESIAN_POINT ( 'NONE',  ( 1447.943453279369123, 828.2779860278772048, -94.16895158950570988 ) ) ;
#1771 = CARTESIAN_POINT ( 'NONE',  ( 1162.398234450377686, 489.9943796714001678, 105.6315168848506687 ) ) ;
#1772 = CARTESIAN_POINT ( 'NONE',  ( 992.8433377563287650, 263.9726587655376875, 95.04502841290629078 ) ) ;
#1773 = CARTESIAN_POINT ( 'NONE',  ( 1393.245072353235855, 914.2875631882674270, 35.63376124198055805 ) ) ;
#1774 = CARTESIAN_POINT ( 'NONE',  ( 1281.838281971713513, 771.7195634107433762, 151.3861653532237028 ) ) ;
#1775 = CARTESIAN_POINT ( 'NONE',  ( 1247.305844939339522, 426.2349544133446670, -75.49485209721198942 ) ) ;
#1776 = CARTESIAN_POINT ( 'NONE',  ( 790.4335799404509544, 67.26591688642938038, -13.48135678825436123 ) ) ;
#1777 = CARTESIAN_POINT ( 'NONE',  ( 1347.393144684725939, 501.4536538373590702, -146.9739983022303420 ) ) ;
#1778 = CARTESIAN_POINT ( 'NONE',  ( 786.7738782903327319, 105.9056838257713906, 64.46198877596800969 ) ) ;
#1779 = CARTESIAN_POINT ( 'NONE',  ( 1310.203163536333705, 582.0686140291358015, -50.66812899532239101 ) ) ;
#1780 = CARTESIAN_POINT ( 'NONE',  ( 579.4804461915757656, -4.037517429056997287, -36.54915744668371502 ) ) ;
#1781 = CARTESIAN_POINT ( 'NONE',  ( 675.5713294946654059, 43.25470695521114095, 15.68263600381050793 ) ) ;
#1782 = CARTESIAN_POINT ( 'NONE',  ( 1296.893277168659552, 859.6180084558187673, 169.7690593649009543 ) ) ;
#1783 = CARTESIAN_POINT ( 'NONE',  ( 1326.438408555976139, 546.8912624091950647, -80.77114108104390766 ) ) ;
#1784 = CARTESIAN_POINT ( 'NONE',  ( 560.0000000000000000, 1.304918477696198842, 12.57002562264011303 ) ) ;
#1785 = CARTESIAN_POINT ( 'NONE',  ( 1128.920116388382212, 412.7931302654543515, 66.61427925067916078 ) ) ;
#1786 = CARTESIAN_POINT ( 'NONE',  ( 1171.841356258657925, 276.0972625272647747, -142.8833498235029538 ) ) ;
#1787 = CARTESIAN_POINT ( 'NONE',  ( 1447.053580205139724, 901.4217000783601179, -62.31147976111467557 ) ) ;
#1788 = CARTESIAN_POINT ( 'NONE',  ( 1306.472438904253750, 441.6481640830016886, -143.1630799435761219 ) ) ;
#1789 = CARTESIAN_POINT ( 'NONE',  ( 1113.049173191388718, 262.2210210862025974, -80.08211010521863216 ) ) ;
#1790 = CARTESIAN_POINT ( 'NONE',  ( 1263.568597244794319, 683.2166647521240748, 123.4666672391451101 ) ) ;
#1791 = CARTESIAN_POINT ( 'NONE',  ( 990.4633527754102715, 275.0678717155462891, 114.3143502405241918 ) ) ;
#1792 = CARTESIAN_POINT ( 'NONE',  ( 677.0122320564149732, 9.060258724725400725, -55.49009365392415560 ) ) ;
#1793 = CARTESIAN_POINT ( 'NONE',  ( 1263.564985637192194, 384.0060398290863759, -150.0107641288560956 ) ) ;
#1794 = CARTESIAN_POINT ( 'NONE',  ( 1350.873148415184232, 493.9068714586621240, -157.9765150656598678 ) ) ;
#1795 = CARTESIAN_POINT ( 'NONE',  ( 734.6605525378892025, 30.13820474481920542, -62.53505575290958518 ) ) ;
#1796 = CARTESIAN_POINT ( 'NONE',  ( 1253.497820588226659, 410.1588313601058076, -100.5490349174224036 ) ) ;
#1797 = CARTESIAN_POINT ( 'NONE',  ( 1188.490843524082266, 415.2166009482938875, -26.43269247014604062 ) ) ;
#1798 = CARTESIAN_POINT ( 'NONE',  ( 1003.735587694081687, 213.1677646719018071, -1.659086906774149606 ) ) ;
#1799 = CARTESIAN_POINT ( 'NONE',  ( 731.5992383218222130, 75.73018409739135848, 60.91719151854456271 ) ) ;
#1800 = CARTESIAN_POINT ( 'NONE',  ( 894.4648363664030057, 168.8233257024062937, 70.00060200260242027 ) ) ;
#1801 = CARTESIAN_POINT ( 'NONE',  ( 1344.929175628354415, 990.2570333084603362, 136.3769876861732939 ) ) ;
#1802 = CARTESIAN_POINT ( 'NONE',  ( 846.7586917692399311, 90.38933084445741883, -54.50943593797752129 ) ) ;
#1803 = CARTESIAN_POINT ( 'NONE',  ( 579.3318249865620828, 16.52740735391376603, 28.52708466332596515 ) ) ;
#1804 = CARTESIAN_POINT ( 'NONE',  ( 1082.120382852821422, 372.7564921385679213, 114.6478288828081844 ) ) ;
#1805 = CARTESIAN_POINT ( 'NONE',  ( 1420.338536227185386, 942.0022170617949087, 2.040226897412197538 ) ) ;
#1806 = CARTESIAN_POINT ( 'NONE',  ( 1391.440897832480232, 1019.460071930950107, 72.56608948172744533 ) ) ;
#1807 = CARTESIAN_POINT ( 'NONE',  ( 791.4212897991087630, 56.80116228056793659, -40.07911422589602068 ) ) ;
#1808 = CARTESIAN_POINT ( 'NONE',  ( 1454.894663496799240, 925.7515943184315574, -55.37458653385884588 ) ) ;
#1809 = CARTESIAN_POINT ( 'NONE',  ( 1422.090737501772310, 868.9321059250378312, -27.08732960500528719 ) ) ;
#1810 = CARTESIAN_POINT ( 'NONE',  ( 892.8650280966413675, 179.2583361370451200, 76.38039054844303166 ) ) ;
#1811 = CARTESIAN_POINT ( 'NONE',  ( 579.3944566451413039, 7.918152096162745401, -9.549529126447103167 ) ) ;
#1812 = CARTESIAN_POINT ( 'NONE',  ( 1304.896236951345827, 445.3597655782448896, -148.5331425018898130 ) ) ;
#1813 = CARTESIAN_POINT ( 'NONE',  ( 559.9999999999994316, 8.910729858526710956, 10.06798180985634339 ) ) ;
#1814 = CARTESIAN_POINT ( 'NONE',  ( 731.7356060225420151, 73.74379525121719325, 63.84494137632174215 ) ) ;
#1815 = CARTESIAN_POINT ( 'NONE',  ( 1354.133552027864425, 869.8133114314790646, 80.04704887804432190 ) ) ;
#1816 = CARTESIAN_POINT ( 'NONE',  ( 579.4888382855084501, -5.206978320996378251, -38.35012655673694582 ) ) ;
#1817 = CARTESIAN_POINT ( 'NONE',  ( 1009.470247455780623, 186.4085547210535765, -53.86071189220380973 ) ) ;
#1818 = ORIENTED_EDGE ( 'NONE', *, *, #4444, .F. ) ;
#1819 = CARTESIAN_POINT ( 'NONE',  ( 1207.826288659643296, 528.6955237742980671, 63.75188581273422272 ) ) ;
#1820 = CARTESIAN_POINT ( 'NONE',  ( 1475.349748458477961, 785.1931543972538066, -141.2713010595240632 ) ) ;
#1821 = CARTESIAN_POINT ( 'NONE',  ( 579.4328309253941143, 2.592189359249744030, -23.41055792278628545 ) ) ;
#1822 = CARTESIAN_POINT ( 'NONE',  ( 618.7514037064752301, -3.397712183148872800, -42.44282942703041783 ) ) ;
#1823 = CARTESIAN_POINT ( 'NONE',  ( 1207.942571555149470, 359.5280733227710357, -90.76017916754770454 ) ) ;
#1824 = CARTESIAN_POINT ( 'NONE',  ( 579.3713182945311928, 10.95445062126607816, 28.85744952219237902 ) ) ;
#1825 = CARTESIAN_POINT ( 'NONE',  ( 1373.092528132910047, 1013.769500462524206, 100.4203549931728645 ) ) ;
#1826 = CC_DESIGN_PERSON_AND_ORGANIZATION_ASSIGNMENT ( #320, #2242, ( #3419 ) ) ;
#1827 = CARTESIAN_POINT ( 'NONE',  ( 1309.482012018009300, 434.5244439778801961, -153.8723688108011629 ) ) ;
#1828 = CARTESIAN_POINT ( 'NONE',  ( 618.7635493127252175, -4.136974379627119447, -45.58072087236234893 ) ) ;
#1829 = CARTESIAN_POINT ( 'NONE',  ( 1169.553936710147127, 283.3667787857017402, -137.5906394860000148 ) ) ;
#1830 = CARTESIAN_POINT ( 'NONE',  ( 1114.401672582589299, 257.3863245836034821, -88.55305983619236088 ) ) ;
#1831 = CARTESIAN_POINT ( 'NONE',  ( 1418.089148783022893, 945.4192857970475643, -5.094686247020677072 ) ) ;
#1832 = CARTESIAN_POINT ( 'NONE',  ( 1188.466864146012995, 415.3322793336783434, 0.1904817684545939416 ) ) ;
#1833 = CARTESIAN_POINT ( 'NONE',  ( 990.1431864152903017, 276.5527308847311474, 113.3547247417198776 ) ) ;
#1834 = DATE_AND_TIME ( #413, #1668 ) ;
#1835 = CARTESIAN_POINT ( 'NONE',  ( 618.3463134384621753, 20.34257129835089017, 33.34407936326743993 ) ) ;
#1836 = CARTESIAN_POINT ( 'NONE',  ( 1361.204831635914843, 613.3215179408323365, -98.46234652317826885 ) ) ;
#1837 = CARTESIAN_POINT ( 'NONE',  ( 675.3243086820291410, 49.29726449067627669, 47.49552892230169476 ) ) ;
#1838 = CARTESIAN_POINT ( 'NONE',  ( 1380.808231212688270, 1002.049252890189678, 84.76375483182111736 ) ) ;
#1839 = CARTESIAN_POINT ( 'NONE',  ( 1098.959831137703986, 312.5809776433740126, 8.957709667086867000 ) ) ;
#1840 = CARTESIAN_POINT ( 'NONE',  ( 1194.920533221059941, 562.2322436885245907, 140.5618936694105230 ) ) ;
#1841 = CARTESIAN_POINT ( 'NONE',  ( 1233.782101086005014, 461.3455359861630427, -20.23511999622211732 ) ) ;
#1842 = CARTESIAN_POINT ( 'NONE',  ( 676.3946678692167325, 23.93839251984172378, -6.404151771932776960 ) ) ;
#1843 = CARTESIAN_POINT ( 'NONE',  ( 892.7008726535615324, 180.3422568996107316, 80.87299060991819033 ) ) ;
#1844 = CARTESIAN_POINT ( 'NONE',  ( 999.8561285518933346, 231.1748660368441506, 1.658463003143211489 ) ) ;
#1845 = CARTESIAN_POINT ( 'NONE',  ( 676.6277827598322574, 18.08416444453586180, -46.75118915161854005 ) ) ;
#1846 = CARTESIAN_POINT ( 'NONE',  ( 1090.231790316497609, 343.7132595579382723, 36.27248027647488726 ) ) ;
#1847 = CARTESIAN_POINT ( 'NONE',  ( 1223.236101501332087, 638.6486186655340589, 158.2734553036904686 ) ) ;
#1848 = CARTESIAN_POINT ( 'NONE',  ( 618.4359749871781560, 15.18195283963863851, 19.52288875503411347 ) ) ;
#1849 = CARTESIAN_POINT ( 'NONE',  ( 1308.864637067285912, 435.9703345923661573, -159.1830066188274486 ) ) ;
#1850 = CARTESIAN_POINT ( 'NONE',  ( 1419.021449640816627, 759.0385429537149093, -75.40233429111368935 ) ) ;
#1851 = CARTESIAN_POINT ( 'NONE',  ( 618.2330820534136819, 26.40234658777846022, 26.35816551189192580 ) ) ;
#1852 = CARTESIAN_POINT ( 'NONE',  ( 1354.200101269556399, 486.6898678390192572, -169.6925553678146628 ) ) ;
#1853 = CARTESIAN_POINT ( 'NONE',  ( 1067.310968375860057, 200.7373497676977934, -107.4991631521382232 ) ) ;
#1854 = CARTESIAN_POINT ( 'NONE',  ( 1317.634593649426051, 821.4358373978583359, 117.4068418120021278 ) ) ;
#1855 = CARTESIAN_POINT ( 'NONE',  ( 618.2428292599577162, 26.23975259992583631, 47.36973965985192336 ) ) ;
#1856 = CARTESIAN_POINT ( 'NONE',  ( 1120.123838430552951, 236.9293425384986733, -124.4120693796693189 ) ) ;
#1857 = CARTESIAN_POINT ( 'NONE',  ( 1473.853942589771805, 787.5452860956817176, -137.6343722212313025 ) ) ;
#1858 = CARTESIAN_POINT ( 'NONE',  ( 560.0000000000003411, -7.747701492964464975, -34.37185208254744850 ) ) ;
#1859 = CARTESIAN_POINT ( 'NONE',  ( 559.9999999999994316, -8.470524211928516678, -22.68241407249344732 ) ) ;
#1860 = CARTESIAN_POINT ( 'NONE',  ( 1388.912671360267495, 810.4388775707030845, -3.705596976062726977 ) ) ;
#1861 = CARTESIAN_POINT ( 'NONE',  ( 1221.954480468081101, 641.6731928043100197, 156.0164244097690869 ) ) ;
#1862 = CARTESIAN_POINT ( 'NONE',  ( 1168.063950594593280, 473.7885146396544656, 96.13321981034481212 ) ) ;
#1863 = CARTESIAN_POINT ( 'NONE',  ( 959.7495316770233558, 132.3453278583996848, -97.35785829984337170 ) ) ;
#1864 = CARTESIAN_POINT ( 'NONE',  ( 1007.974725323966140, 193.3078610856221928, -66.17464937476530906 ) ) ;
#1865 = CARTESIAN_POINT ( 'NONE',  ( 731.6781738072371581, 74.51275024756783694, 50.90289497616508640 ) ) ;
#1866 = CARTESIAN_POINT ( 'NONE',  ( 1362.135981789129573, 739.5128824852000662, -0.4114018042096513894 ) ) ;
#1867 = CARTESIAN_POINT ( 'NONE',  ( 1392.585721886193141, 1017.769396553623665, 70.09440236105665178 ) ) ;
#1868 = CARTESIAN_POINT ( 'NONE',  ( 1304.809535961773690, 593.7912082282241499, -11.08179900391480821 ) ) ;
#1869 = CARTESIAN_POINT ( 'NONE',  ( 1433.857735422657015, 733.7107378995625595, -110.2417348188047868 ) ) ;
#1870 = CARTESIAN_POINT ( 'NONE',  ( 1005.867207234415901, 203.2216556333629569, -21.08945056119086914 ) ) ;
#1871 = CARTESIAN_POINT ( 'NONE',  ( 942.9849970799772336, 223.9902671633768705, 89.15814213663693977 ) ) ;
#1872 = CARTESIAN_POINT ( 'NONE',  ( 1468.897651103958651, 905.0719918242980384, -83.37635177368990469 ) ) ;
#1873 = CARTESIAN_POINT ( 'NONE',  ( 1140.025964974703584, 377.4051397147853777, 2.080279599509993194 ) ) ;
#1874 = CARTESIAN_POINT ( 'NONE',  ( 1377.440849825069790, 580.9273862556729000, -139.5739201263440634 ) ) ;
#1875 = CARTESIAN_POINT ( 'NONE',  ( 1086.570852021261999, 356.8039794821383452, 62.44836617868976703 ) ) ;
#1876 = CARTESIAN_POINT ( 'NONE',  ( 1329.753974505400947, 799.1252589313144199, 85.27355566212443705 ) ) ;
#1877 = CARTESIAN_POINT ( 'NONE',  ( 1466.195067178502313, 909.0631659118140533, -80.41418510124941577 ) ) ;
#1878 = CARTESIAN_POINT ( 'NONE',  ( 618.6767320451349406, 1.073006649242071564, -25.84991946816163377 ) ) ;
#1879 = EDGE_LOOP ( 'NONE', ( #809, #5244, #3804, #5147 ) ) ;
#1880 = CARTESIAN_POINT ( 'NONE',  ( 618.3035459313958881, 22.16544159144419268, 7.162417537210028939 ) ) ;
#1881 = CARTESIAN_POINT ( 'NONE',  ( 675.3993887559349787, 47.42372808832809739, 33.82228911700745044 ) ) ;
#1882 = CARTESIAN_POINT ( 'NONE',  ( 676.2838322581536659, 26.24277922722326650, -30.67584471248773781 ) ) ;
#1883 = CARTESIAN_POINT ( 'NONE',  ( 1215.734528332026002, 337.2005357895170050, -126.5836626109565515 ) ) ;
#1884 = CARTESIAN_POINT ( 'NONE',  ( 1274.761083228391044, 785.8416907244884442, 170.1672596338560197 ) ) ;
#1885 = CARTESIAN_POINT ( 'NONE',  ( 560.0000000000000000, -9.037994395325616992, -36.20953469823679427 ) ) ;
#1886 = CARTESIAN_POINT ( 'NONE',  ( 1120.896010226614862, 234.1642310406074614, -130.3033510499797956 ) ) ;
#1887 = CARTESIAN_POINT ( 'NONE',  ( 677.0154086415377606, 9.004847353762693629, -54.25686978874449551 ) ) ;
#1888 = CARTESIAN_POINT ( 'NONE',  ( 734.7180481940450818, 29.28655274656189533, -63.75925064088236383 ) ) ;
#1889 = CARTESIAN_POINT ( 'NONE',  ( 1347.877162755785548, 880.4943508372643919, 95.12468880992055631 ) ) ;
#1890 = CARTESIAN_POINT ( 'NONE',  ( 1371.546861717833963, 1016.117432138526283, 101.2443294896917934 ) ) ;
#1891 = CARTESIAN_POINT ( 'NONE',  ( 1236.490098986086196, 607.2810714536640262, 109.9298240464102605 ) ) ;
#1892 = CARTESIAN_POINT ( 'NONE',  ( 848.5603733624307097, 75.76910969767119752, -78.00188495658906618 ) ) ;
#1893 = CARTESIAN_POINT ( 'NONE',  ( 1116.965279030943066, 248.1883953352546257, -118.5677682452728305 ) ) ;
#1894 = CARTESIAN_POINT ( 'NONE',  ( 901.0881809524635173, 125.2799452808706633, -51.09544651988290553 ) ) ;
#1895 = CARTESIAN_POINT ( 'NONE',  ( 1379.157025300628447, 827.0934991869878559, 19.71479681632563796 ) ) ;
#1896 = CARTESIAN_POINT ( 'NONE',  ( 1308.629053222573475, 838.0055080407113337, 129.1543225616806581 ) ) ;
#1897 = CARTESIAN_POINT ( 'NONE',  ( 1386.124701599000446, 815.1984320094040868, 2.984986316162475894 ) ) ;
#1898 = CARTESIAN_POINT ( 'NONE',  ( 787.3042561207722656, 100.3572487668141520, 64.18022191473481541 ) ) ;
#1899 = CARTESIAN_POINT ( 'NONE',  ( 900.3234830056388773, 130.4102384491858118, -11.11719769399466173 ) ) ;
#1900 = CARTESIAN_POINT ( 'NONE',  ( 1115.749487080977360, 252.5684822192634726, -96.94718649448903136 ) ) ;
#1901 = CARTESIAN_POINT ( 'NONE',  ( 1007.468759512694760, 195.7484672311304905, -35.65639207275756917 ) ) ;
#1902 = CARTESIAN_POINT ( 'NONE',  ( 1254.092117654131243, 703.7544124262623200, 143.8246567207732483 ) ) ;
#1903 = CARTESIAN_POINT ( 'NONE',  ( 1226.938762473741008, 479.0717312011729518, -17.65598680339120108 ) ) ;
#1904 = CARTESIAN_POINT ( 'NONE',  ( 579.4662645160302645, -2.061538501395454137, -33.19018373086186813 ) ) ;
#1905 = CARTESIAN_POINT ( 'NONE',  ( 1408.989685965428407, 993.5440336522638063, 27.82515770172629033 ) ) ;
#1906 = CARTESIAN_POINT ( 'NONE',  ( 942.5445934497685130, 226.4229647033348272, 104.6357808407513801 ) ) ;
#1907 = CARTESIAN_POINT ( 'NONE',  ( 1245.106175094473656, 586.8896109370332397, 78.46748252125709655 ) ) ;
#1908 = CARTESIAN_POINT ( 'NONE',  ( 579.4919946471799221, -5.742505198005448008, -25.30653342489228663 ) ) ;
#1909 = ORIENTED_EDGE ( 'NONE', *, *, #1164, .T. ) ;
#1910 = CARTESIAN_POINT ( 'NONE',  ( 731.7836152831944219, 72.91396729555260947, 42.00870134589619198 ) ) ;
#1911 = CARTESIAN_POINT ( 'NONE',  ( 1354.414729696289669, 486.2224218352453136, -171.6212798995694868 ) ) ;
#1912 = CARTESIAN_POINT ( 'NONE',  ( 1441.377457098740706, 838.6011578030208966, -81.35603484358695425 ) ) ;
#1913 = CARTESIAN_POINT ( 'NONE',  ( 792.3843798458398169, 46.58867893732778498, -66.58414760286692058 ) ) ;
#1914 = CARTESIAN_POINT ( 'NONE',  ( 1119.542664491803407, 442.7086174964209135, 139.8163905155822704 ) ) ;
#1915 = CARTESIAN_POINT ( 'NONE',  ( 1470.868352125962929, 865.2461638806285009, -103.5366399462212144 ) ) ;
#1916 = CARTESIAN_POINT ( 'NONE',  ( 1068.647616763295446, 195.3109955588089690, -118.2209223467991706 ) ) ;
#1917 = CARTESIAN_POINT ( 'NONE',  ( 618.6075793799369649, 4.565788041681073217, -38.62091234773824766 ) ) ;
#1918 = CARTESIAN_POINT ( 'NONE',  ( 559.9999999999994316, -7.371580345398772494, -33.78219794703725398 ) ) ;
#1919 = CARTESIAN_POINT ( 'NONE',  ( 1454.348905913337603, 890.3397189795156237, -68.26194071262757745 ) ) ;
#1920 = CARTESIAN_POINT ( 'NONE',  ( 559.9999999999997726, 4.708257516349203975, 22.47995500248158152 ) ) ;
#1921 = CARTESIAN_POINT ( 'NONE',  ( 1344.929175628354415, 990.2570333084603362, 136.3769876861732939 ) ) ;
#1922 = CARTESIAN_POINT ( 'NONE',  ( 1321.658389397251767, 814.0284077572430306, 106.7159543843296916 ) ) ;
#1923 = CARTESIAN_POINT ( 'NONE',  ( 1178.267176152238562, 444.5102323392254675, 21.48426975646978576 ) ) ;
#1924 = CARTESIAN_POINT ( 'NONE',  ( 790.2977161608245069, 68.53456298801995672, -40.68769614958682013 ) ) ;
#1925 = CARTESIAN_POINT ( 'NONE',  ( 1258.004650370338595, 556.3621880035518643, 31.25667255008494294 ) ) ;
#1926 = CARTESIAN_POINT ( 'NONE',  ( 1381.903040056098462, 1000.386379874084014, 75.00762500194892368 ) ) ;
#1927 = CARTESIAN_POINT ( 'NONE',  ( 1408.334094659827770, 890.5622832373081792, 2.746702294170422221 ) ) ;
#1928 = CARTESIAN_POINT ( 'NONE',  ( 1123.741487744375036, 429.3357990862674569, 118.0475938856509543 ) ) ;
#1929 = CARTESIAN_POINT ( 'NONE',  ( 1353.001257745004750, 489.2845549172081405, -169.2951562600408124 ) ) ;
#1930 = CARTESIAN_POINT ( 'NONE',  ( 1430.757124990865577, 926.1762594247725247, -19.66558815209395306 ) ) ;
#1931 = CARTESIAN_POINT ( 'NONE',  ( 848.4084155804380316, 77.08604446803663279, -58.83304884529908918 ) ) ;
#1932 = CARTESIAN_POINT ( 'NONE',  ( 579.3296614039805945, 16.79235155483632980, 35.80380323058643910 ) ) ;
#1933 = CARTESIAN_POINT ( 'NONE',  ( 849.5332093160395743, 67.89392645123223247, -85.31053861060885879 ) ) ;
#1934 = CARTESIAN_POINT ( 'NONE',  ( 949.8668033878341248, 186.3214058631482715, -5.184214254494592389 ) ) ;
#1935 = CARTESIAN_POINT ( 'NONE',  ( 903.5266807320391536, 109.3079188952131204, -77.75545549494138697 ) ) ;
#1936 = CARTESIAN_POINT ( 'NONE',  ( 731.9505026899809081, 70.40261375674141675, 31.03568302075207797 ) ) ;
#1937 = CARTESIAN_POINT ( 'NONE',  ( 559.9999999999998863, 9.782544746978219408, 35.13365160643340346 ) ) ;
#1938 = CARTESIAN_POINT ( 'NONE',  ( 1318.549251815795060, 698.4617905407197895, 43.07561694849675149 ) ) ;
#1939 = CARTESIAN_POINT ( 'NONE',  ( 847.9871655848987757, 80.51631878585776292, -50.65769668839406847 ) ) ;
#1940 = CARTESIAN_POINT ( 'NONE',  ( 1431.666431722010202, 960.0550310720714151, -18.21191438362798110 ) ) ;
#1941 = CARTESIAN_POINT ( 'NONE',  ( 1233.144382655153095, 615.1750037659261352, 104.4065818720153516 ) ) ;
#1942 = CARTESIAN_POINT ( 'NONE',  ( 559.9999999999998863, -9.828724199690389796, -36.63487655371640983 ) ) ;
#1943 = CARTESIAN_POINT ( 'NONE',  ( 1201.052203040886525, 379.2310195405762556, -81.03700096210174308 ) ) ;
#1944 = CARTESIAN_POINT ( 'NONE',  ( 1169.439559956697849, 283.7601058828262808, -127.7572843086106644 ) ) ;
#1945 = CARTESIAN_POINT ( 'NONE',  ( 1409.439617473190310, 888.8162705338361320, -15.85120388028058969 ) ) ;
#1946 = CARTESIAN_POINT ( 'NONE',  ( 1224.297772529610029, 636.1354528562380892, 154.8199482123562518 ) ) ;
#1947 = CARTESIAN_POINT ( 'NONE',  ( 618.7211001363031073, -1.893209285491173510, -48.87111009352429392 ) ) ;
#1948 = CARTESIAN_POINT ( 'NONE',  ( 1171.671098013188384, 276.6420000469519209, -141.4041164902532728 ) ) ;
#1949 = CARTESIAN_POINT ( 'NONE',  ( 734.9904596532579717, 25.31297031060071134, -62.76715093534365764 ) ) ;
#1950 = CARTESIAN_POINT ( 'NONE',  ( 1457.192372677225194, 922.3583389766885148, -65.54418283596355366 ) ) ;
#1951 = CARTESIAN_POINT ( 'NONE',  ( 1465.490837791885724, 873.4147654095874032, -95.37849149726073961 ) ) ;
#1952 = CARTESIAN_POINT ( 'NONE',  ( 1298.473945998596491, 460.5794027587933215, -114.9872797669147815 ) ) ;
#1953 = CARTESIAN_POINT ( 'NONE',  ( 1039.037328887456397, 315.3820665324593051, 103.0185568994159695 ) ) ;
#1954 = CARTESIAN_POINT ( 'NONE',  ( 579.3294568553359341, 16.79950285344733629, 39.90875481122478163 ) ) ;
#1955 = CARTESIAN_POINT ( 'NONE',  ( 732.4358651450643265, 63.36678411975518799, 40.71198136129267908 ) ) ;
#1956 = CARTESIAN_POINT ( 'NONE',  ( 1166.679883775997723, 292.5177584950864116, -126.5852713732730166 ) ) ;
#1957 = ADVANCED_BREP_SHAPE_REPRESENTATION ( 'openfan_blade_v09_CFD_SINGLELOFT', ( #442, #2688 ), #4309 ) ;
#1958 = CARTESIAN_POINT ( 'NONE',  ( 579.4328309253941143, 2.592189359249744030, -23.41055792278628545 ) ) ;
#1959 = CARTESIAN_POINT ( 'NONE',  ( 1001.862937187112152, 221.9047534131752002, 15.32339734691313282 ) ) ;
#1960 = CARTESIAN_POINT ( 'NONE',  ( 1194.830658987450761, 562.4491800350233461, 127.3623895486215787 ) ) ;
#1961 = CARTESIAN_POINT ( 'NONE',  ( 1301.502125413022895, 600.9630027691698615, -0.3245977977719566310 ) ) ;
#1962 = CARTESIAN_POINT ( 'NONE',  ( 993.0488660277794679, 263.0142594358334236, 93.25108709858949396 ) ) ;
#1963 = CARTESIAN_POINT ( 'NONE',  ( 790.4335799404509544, 67.26591688642938038, -13.48135678825436123 ) ) ;
#1964 = CARTESIAN_POINT ( 'NONE',  ( 959.0682609002381014, 136.1201109903865358, -75.74842419679772831 ) ) ;
#1965 = CARTESIAN_POINT ( 'NONE',  ( 942.9057694946488937, 224.4255946486102005, 90.80942047025779118 ) ) ;
#1966 = CARTESIAN_POINT ( 'NONE',  ( 579.5096228794569697, -8.123380919222034535, -40.39313684145572125 ) ) ;
#1967 = CARTESIAN_POINT ( 'NONE',  ( 1224.462763431409030, 485.4997095630234867, -7.640914006288578086 ) ) ;
#1968 = CARTESIAN_POINT ( 'NONE',  ( 1166.072992858242969, 294.4499179393472446, -124.0995416510170060 ) ) ;
#1969 = CARTESIAN_POINT ( 'NONE',  ( 945.9612681679955131, 207.6812258593667195, 42.10409336593355079 ) ) ;
#1970 = CARTESIAN_POINT ( 'NONE',  ( 1253.904967413327995, 704.1704295144712660, 155.6079197243931276 ) ) ;
#1971 = CARTESIAN_POINT ( 'NONE',  ( 1178.284210694055901, 444.5075704049424417, 48.19440114661951213 ) ) ;
#1972 = CARTESIAN_POINT ( 'NONE',  ( 734.5227588744421610, 32.30895108612550359, -41.29897211400550106 ) ) ;
#1973 = CARTESIAN_POINT ( 'NONE',  ( 559.9999999999998863, 11.17870243435821997, 26.92542285089097831 ) ) ;
#1974 = CARTESIAN_POINT ( 'NONE',  ( 1363.202644930920997, 961.5196779176702648, 89.00393111476086005 ) ) ;
#1975 = CARTESIAN_POINT ( 'NONE',  ( 1171.839940799896340, 276.0953209692474388, -144.5425737339627972 ) ) ;
#1976 = CARTESIAN_POINT ( 'NONE',  ( 1059.204583714692490, 233.5481649136275166, -71.78376887398981410 ) ) ;
#1977 = CARTESIAN_POINT ( 'NONE',  ( 1307.151261066969255, 440.0416779123336823, -145.5054001535263808 ) ) ;
#1978 = CARTESIAN_POINT ( 'NONE',  ( 788.8886481379876159, 83.43118274263210310, -8.473120499951361850 ) ) ;
#1979 = CARTESIAN_POINT ( 'NONE',  ( 579.3500879166873574, 13.91023665626378225, 36.23221212847426642 ) ) ;
#1980 = CARTESIAN_POINT ( 'NONE',  ( 1015.660011364322372, 157.4923584131664427, -115.9952539825086859 ) ) ;
#1981 = CARTESIAN_POINT ( 'NONE',  ( 1469.916576802131658, 866.6916860684799531, -100.0853636351414053 ) ) ;
#1982 = CARTESIAN_POINT ( 'NONE',  ( 560.0000000000000000, -10.74933431725373012, -35.25266722148541731 ) ) ;
#1983 = CARTESIAN_POINT ( 'NONE',  ( 1458.653913632633930, 920.1999362961587394, -68.06126892205037393 ) ) ;
#1984 = CARTESIAN_POINT ( 'NONE',  ( 1383.432607645636608, 568.9734469286142939, -153.8588033015834071 ) ) ;
#1985 = CARTESIAN_POINT ( 'NONE',  ( 560.0000000000004547, -9.317892175618986528, -26.19740336732803243 ) ) ;
#1986 = CARTESIAN_POINT ( 'NONE',  ( 1451.371989372068583, 703.8086168734045032, -155.4955347890256121 ) ) ;
#1987 = CARTESIAN_POINT ( 'NONE',  ( 1355.175580249887844, 974.1473014520029210, 118.7053392161441963 ) ) ;
#1988 = CARTESIAN_POINT ( 'NONE',  ( 786.6489429436029468, 107.2681116207122471, 76.45398792981342240 ) ) ;
#1989 = CARTESIAN_POINT ( 'NONE',  ( 1042.824008820124163, 300.0339175186786065, 75.50750705306671762 ) ) ;
#1990 = CARTESIAN_POINT ( 'NONE',  ( 1333.167787823817434, 792.8252230965041463, 56.55029582653883580 ) ) ;
#1991 = CARTESIAN_POINT ( 'NONE',  ( 676.7026528819358191, 16.31267792894080770, -49.72664628697921074 ) ) ;
#1992 = CARTESIAN_POINT ( 'NONE',  ( 579.4075307488668614, 6.105469823846683575, -14.63713299180413685 ) ) ;
#1993 = CARTESIAN_POINT ( 'NONE',  ( 579.4283506470743532, 3.042338668787098577, 5.882056918200456508 ) ) ;
#1994 = CARTESIAN_POINT ( 'NONE',  ( 675.3177099950167985, 49.47824130036543977, 50.47635504611595536 ) ) ;
#1995 = CARTESIAN_POINT ( 'NONE',  ( 1406.370530663229601, 997.4120004061708187, 42.17026951582730021 ) ) ;
#1996 = CARTESIAN_POINT ( 'NONE',  ( 560.0000000000007958, 7.560657712240489658, 29.85231235208838640 ) ) ;
#1997 = CARTESIAN_POINT ( 'NONE',  ( 559.9999999999993179, -6.100709967876386308, -13.32189094329944368 ) ) ;
#1998 = CARTESIAN_POINT ( 'NONE',  ( 1457.524340583672256, 921.8680890001357966, -60.55992062826298650 ) ) ;
#1999 = CARTESIAN_POINT ( 'NONE',  ( 892.3848035843980142, 182.4306721991867448, 89.86710302892959135 ) ) ;
#2000 = CARTESIAN_POINT ( 'NONE',  ( 1171.841356258657925, 276.0972625272647747, -142.8833498235029538 ) ) ;
#2001 = CARTESIAN_POINT ( 'NONE',  ( 1457.059249720836306, 886.2227202957949430, -80.75285227897680329 ) ) ;
#2002 = CARTESIAN_POINT ( 'NONE',  ( 995.3411623160423005, 252.2495102873710948, 46.04697552295785812 ) ) ;
#2003 = CARTESIAN_POINT ( 'NONE',  ( 786.9800981114427714, 103.7766116069037139, 71.42870532307880183 ) ) ;
#2004 = CARTESIAN_POINT ( 'NONE',  ( 1219.145217088377422, 499.3455048588166960, 40.26610543425682209 ) ) ;
#2005 = CARTESIAN_POINT ( 'NONE',  ( 1461.258648250461647, 916.3532659990411275, -72.49796850122984893 ) ) ;
#2006 = CARTESIAN_POINT ( 'NONE',  ( 618.2191810200097279, 27.28905820465368848, 32.85446924415065695 ) ) ;
#2007 = CARTESIAN_POINT ( 'NONE',  ( 1354.485635608644316, 486.0696100233930679, -171.2532784321408315 ) ) ;
#2008 = CARTESIAN_POINT ( 'NONE',  ( 1055.157423207024522, 249.9523683370137235, -45.09088392520632738 ) ) ;
#2009 = CARTESIAN_POINT ( 'NONE',  ( 579.5119906987981722, -8.488196786302928842, -36.37015150764214866 ) ) ;
#2010 = CARTESIAN_POINT ( 'NONE',  ( 788.7001130646718821, 85.42656932044326368, -3.675248880853803080 ) ) ;
#2011 = CARTESIAN_POINT ( 'NONE',  ( 1252.824563600975353, 706.5133659604754257, 158.9002281496412934 ) ) ;
#2012 = CARTESIAN_POINT ( 'NONE',  ( 579.5021482034430846, -7.063994603186514176, -40.75460133946574359 ) ) ;
#2013 = CARTESIAN_POINT ( 'NONE',  ( 1113.388097343775371, 260.9643783029914630, -101.1772152246797987 ) ) ;
#2014 = CARTESIAN_POINT ( 'NONE',  ( 618.6720139269987158, 0.8996995142173235260, -44.84044740245545313 ) ) ;
#2015 = CARTESIAN_POINT ( 'NONE',  ( 1458.849375999811173, 919.9112776063735737, -63.17043714919307007 ) ) ;
#2016 = CARTESIAN_POINT ( 'NONE',  ( 894.1158232628522455, 171.1096656510432297, 74.52625215095858380 ) ) ;
#2017 = CARTESIAN_POINT ( 'NONE',  ( 786.6306309090200557, 107.4576585453390720, 75.74807071873669884 ) ) ;
#2018 = CARTESIAN_POINT ( 'NONE',  ( 1327.731737797369988, 802.8479016707718756, 90.62604816835086297 ) ) ;
#2019 = CARTESIAN_POINT ( 'NONE',  ( 1384.828025287345554, 927.5146269911920172, 38.09417846253012385 ) ) ;
#2020 = CARTESIAN_POINT ( 'NONE',  ( 1012.716257647322550, 171.2059234680153281, -99.71692674493398556 ) ) ;
#2021 = CARTESIAN_POINT ( 'NONE',  ( 579.3298608057355068, 16.73949484062826443, 40.43681371353557807 ) ) ;
#2022 = CARTESIAN_POINT ( 'NONE',  ( 1152.115686878482848, 338.8951378397292160, -60.46809430543073205 ) ) ;
#2023 = CARTESIAN_POINT ( 'NONE',  ( 1143.886162881793553, 365.1691920018901101, 9.392868273483424346 ) ) ;
#2024 = CARTESIAN_POINT ( 'NONE',  ( 892.6499784296727285, 180.6786774985494617, 82.36745231631442721 ) ) ;
#2025 = CARTESIAN_POINT ( 'NONE',  ( 1333.383454063037334, 668.8594345569412098, -0.3963372221207973056 ) ) ;
#2026 = CARTESIAN_POINT ( 'NONE',  ( 1359.271236575434614, 967.7072196330722136, 109.6894187135973056 ) ) ;
#2027 = CARTESIAN_POINT ( 'NONE',  ( 1314.769307890356913, 572.1944858143699548, -43.28586333930194030 ) ) ;
#2028 = CARTESIAN_POINT ( 'NONE',  ( 1120.045050683554564, 441.0911997496556864, 128.5586531653723910 ) ) ;
#2029 = CARTESIAN_POINT ( 'NONE',  ( 676.9812280679470859, 9.746749427686458134, -57.58063005305498194 ) ) ;
#2030 = CARTESIAN_POINT ( 'NONE',  ( 618.5943883663616134, 5.320714754117879863, -37.17370219062421910 ) ) ;
#2031 = CARTESIAN_POINT ( 'NONE',  ( 1340.172684330823813, 893.6375169646266841, 99.80825962819295682 ) ) ;
#2032 = CARTESIAN_POINT ( 'NONE',  ( 1348.993373041780615, 983.8686505349942308, 132.3771757096188821 ) ) ;
#2033 = CARTESIAN_POINT ( 'NONE',  ( 1405.788275595509276, 964.1043038593300025, 32.47742979580446132 ) ) ;
#2034 = CARTESIAN_POINT ( 'NONE',  ( 1427.478214043634352, 744.6018470105875622, -95.31331398735588323 ) ) ;
#2035 = CARTESIAN_POINT ( 'NONE',  ( 560.0000000000000000, 7.653437981014830527, 4.641835851478858466 ) ) ;
#2036 = CARTESIAN_POINT ( 'NONE',  ( 786.8746556980973992, 104.8218083300300094, 58.29025119633688234 ) ) ;
#2037 = CARTESIAN_POINT ( 'NONE',  ( 676.9570041918022980, 10.30689332446607764, -57.68654281503423675 ) ) ;
#2038 = CARTESIAN_POINT ( 'NONE',  ( 1434.881476371745293, 848.8143816805028337, -68.45107324681285377 ) ) ;
#2039 = CARTESIAN_POINT ( 'NONE',  ( 849.2402149381318850, 70.31181999413141170, -74.99045228900999405 ) ) ;
#2040 = CARTESIAN_POINT ( 'NONE',  ( 618.4728882729892803, 13.04252650656864176, 13.32812924411421385 ) ) ;
#2041 = CARTESIAN_POINT ( 'NONE',  ( 896.2401010943011670, 157.0692133452749886, 13.52593696032186088 ) ) ;
#2042 = CARTESIAN_POINT ( 'NONE',  ( 1345.787865684351118, 884.0611860156459443, 100.1646590660378848 ) ) ;
#2043 = CARTESIAN_POINT ( 'NONE',  ( 787.1126568224103721, 102.3785883584708074, 68.63300001396234507 ) ) ;
#2044 = CARTESIAN_POINT ( 'NONE',  ( 961.2917698854736273, 123.9430291672215674, -103.7753679636876853 ) ) ;
#2045 = CARTESIAN_POINT ( 'NONE',  ( 733.9178461604918766, 41.13045448406659688, -44.27658343293752097 ) ) ;
#2046 = CARTESIAN_POINT ( 'NONE',  ( 904.4959562417170673, 102.9641547981656515, -86.89919033098873058 ) ) ;
#2047 = CARTESIAN_POINT ( 'NONE',  ( 1064.951110663638701, 210.3089226601546784, -89.95604587587382639 ) ) ;
#2048 = CARTESIAN_POINT ( 'NONE',  ( 849.0970145857532998, 71.41478725494232549, -83.80930534475189120 ) ) ;
#2049 = CARTESIAN_POINT ( 'NONE',  ( 1163.438575167131830, 487.0391992040201217, 117.7161577435051925 ) ) ;
#2050 = CARTESIAN_POINT ( 'NONE',  ( 892.2316791738677466, 183.4446232796893810, 95.15217374076837586 ) ) ;
#2051 = CARTESIAN_POINT ( 'NONE',  ( 579.3884893012774455, 8.568671362242094247, 22.53976919773260335 ) ) ;
#2052 = CARTESIAN_POINT ( 'NONE',  ( 676.8843252166956290, 12.01758784424821691, -56.06606852089260684 ) ) ;
#2053 = CARTESIAN_POINT ( 'NONE',  ( 579.3304376914057912, 16.65631201306181453, 40.72806818708580323 ) ) ;
#2054 = CARTESIAN_POINT ( 'NONE',  ( 676.2281128180428595, 27.56713260126765164, -27.75511605683185934 ) ) ;
#2055 = CARTESIAN_POINT ( 'NONE',  ( 560.0000000000001137, 5.654670955562070667, -2.654211934962603880 ) ) ;
#2056 = CARTESIAN_POINT ( 'NONE',  ( 942.8215700510024817, 224.8883083043868396, 92.57046425715398641 ) ) ;
#2057 = CARTESIAN_POINT ( 'NONE',  ( 1427.248014511751308, 966.5801465777548174, -0.07733509065233025448 ) ) ;
#2058 = CARTESIAN_POINT ( 'NONE',  ( 618.3025880093305204, 22.84146571099649847, 39.47014100806752879 ) ) ;
#2059 = CARTESIAN_POINT ( 'NONE',  ( 1059.156770312553817, 233.8088018433892614, -46.65281056282328365 ) ) ;
#2060 = CARTESIAN_POINT ( 'NONE',  ( 579.3294437126332923, 16.81090406483787447, 38.19353657194007923 ) ) ;
#2061 = CARTESIAN_POINT ( 'NONE',  ( 1121.303050730497262, 232.7034137830006557, -134.6765218758691276 ) ) ;
#2062 = CARTESIAN_POINT ( 'NONE',  ( 1254.280937098507593, 408.0988077789871795, -120.0247288842021334 ) ) ;
#2063 = CARTESIAN_POINT ( 'NONE',  ( 841.2261437787683462, 135.4045662524623026, 50.30483686510553554 ) ) ;
#2064 = CARTESIAN_POINT ( 'NONE',  ( 1278.715204972698757, 777.9515770044989722, 160.3469387234188730 ) ) ;
#2065 = CARTESIAN_POINT ( 'NONE',  ( 676.0775262128447594, 31.51722856105108050, 15.42812146103626603 ) ) ;
#2066 = CARTESIAN_POINT ( 'NONE',  ( 579.4415403937043720, 1.217808501950493616, -0.1487193703550057922 ) ) ;
#2067 = CARTESIAN_POINT ( 'NONE',  ( 1037.928645082360163, 319.8419260285387509, 95.43501125562339382 ) ) ;
#2068 = CARTESIAN_POINT ( 'NONE',  ( 560.0000000000000000, -8.598036215794063963, -35.66692828853435060 ) ) ;
#2069 = CARTESIAN_POINT ( 'NONE',  ( 845.5604339272892958, 100.1223492146519618, -36.26337925921925631 ) ) ;
#2070 = CARTESIAN_POINT ( 'NONE',  ( 1469.822831896552771, 793.8836043873830022, -128.7973413301630785 ) ) ;
#2071 = CARTESIAN_POINT ( 'NONE',  ( 1314.833328476939414, 705.8770267822790174, 53.93767072727968070 ) ) ;
#2072 = CARTESIAN_POINT ( 'NONE',  ( 1411.843248887766094, 954.9069204341446948, 7.932508207157915159 ) ) ;
#2073 = CARTESIAN_POINT ( 'NONE',  ( 994.9404914132203430, 254.1939215922466815, 76.94261977810360520 ) ) ;
#2074 = CARTESIAN_POINT ( 'NONE',  ( 1158.309199301181252, 501.7333163806283665, 141.9424552230113932 ) ) ;
#2075 = CARTESIAN_POINT ( 'NONE',  ( 1241.145724372989889, 442.2280540574017209, -50.40322613887471448 ) ) ;
#2076 = CARTESIAN_POINT ( 'NONE',  ( 559.9999999999998863, -9.666506632813952393, -36.62543695648752617 ) ) ;
#2077 = CARTESIAN_POINT ( 'NONE',  ( 618.5816490108082917, 6.049488412836325324, -35.73679324635539700 ) ) ;
#2078 = CARTESIAN_POINT ( 'NONE',  ( 1215.185207643238527, 338.7521741978922591, -136.0682888023897874 ) ) ;
#2079 = CARTESIAN_POINT ( 'NONE',  ( 1115.075868690305242, 254.9763830336743240, -92.75475973893225046 ) ) ;
#2080 = CARTESIAN_POINT ( 'NONE',  ( 1310.479959847478085, 834.6068210472137707, 136.3590619535190740 ) ) ;
#2081 = CARTESIAN_POINT ( 'NONE',  ( 1248.172952659285329, 716.5968529851012363, 169.4847011996588435 ) ) ;
#2082 = CARTESIAN_POINT ( 'NONE',  ( 842.9271311411634997, 121.6799905828004142, 44.24755835731644993 ) ) ;
#2083 = CARTESIAN_POINT ( 'NONE',  ( 1172.407653295246291, 461.3021435470468532, 50.75171049505264165 ) ) ;
#2084 = CARTESIAN_POINT ( 'NONE',  ( 1371.546861717833963, 1016.117432138526283, 101.2443294896917934 ) ) ;
#2085 = CARTESIAN_POINT ( 'NONE',  ( 559.9999999999998863, 1.376615315417168972, -15.36695581410866929 ) ) ;
#2086 = CARTESIAN_POINT ( 'NONE',  ( 560.0000000000000000, -4.408661577427808176, -28.71079188732669962 ) ) ;
#2087 = CARTESIAN_POINT ( 'NONE',  ( 1281.260075330902964, 772.8632593415635483, 141.5697261520804773 ) ) ;
#2088 = CARTESIAN_POINT ( 'NONE',  ( 1392.237626620518313, 1018.283463403219798, 70.66899270805389222 ) ) ;
#2089 = CARTESIAN_POINT ( 'NONE',  ( 787.5801268890296569, 97.44385781652458434, 57.88550932264397630 ) ) ;
#2090 = CARTESIAN_POINT ( 'NONE',  ( 955.2303763552268947, 157.1064785767041485, -32.42731827864432148 ) ) ;
#2091 = CARTESIAN_POINT ( 'NONE',  ( 1192.030314678951527, 569.7253215120820187, 143.0087974703974112 ) ) ;
#2092 = CARTESIAN_POINT ( 'NONE',  ( 1471.280061261953279, 864.6207073908168468, -103.3617670036734353 ) ) ;
#2093 = CARTESIAN_POINT ( 'NONE',  ( 1256.237128652108595, 560.5093294444989169, 13.01428546655019325 ) ) ;
#2094 = CARTESIAN_POINT ( 'NONE',  ( 1295.289441712015332, 468.0899775113869623, -119.9513930742895980 ) ) ;
#2095 = CARTESIAN_POINT ( 'NONE',  ( 1295.958742829275707, 743.5234316375047001, 91.03516515872519221 ) ) ;
#2096 = CARTESIAN_POINT ( 'NONE',  ( 579.3481613547314737, 14.17911266175539531, 36.86970707138159753 ) ) ;
#2097 = CARTESIAN_POINT ( 'NONE',  ( 1391.700095656398616, 805.6802052122088753, -10.39638520160794499 ) ) ;
#2098 = CARTESIAN_POINT ( 'NONE',  ( 1334.469169204820673, 903.3762512354072669, 115.6603817913086800 ) ) ;
#2099 = CARTESIAN_POINT ( 'NONE',  ( 849.2436799957093854, 70.22545007017407670, -85.18417829472659264 ) ) ;
#2100 = CARTESIAN_POINT ( 'NONE',  ( 1434.007519022672568, 921.2389334086856252, -37.17466362694027993 ) ) ;
#2101 = CARTESIAN_POINT ( 'NONE',  ( 579.4107424022906798, 5.480841337084060960, 13.60767401237631624 ) ) ;
#2102 = CARTESIAN_POINT ( 'NONE',  ( 1253.399273401872733, 567.2262890457805042, 23.55804450106880665 ) ) ;
#2103 = CARTESIAN_POINT ( 'NONE',  ( 1300.011366629837312, 735.4546812461559284, 97.42155900793582646 ) ) ;
#2104 = CARTESIAN_POINT ( 'NONE',  ( 579.3518803340912200, 13.66433355911077996, 35.62708380945115039 ) ) ;
#2105 = CARTESIAN_POINT ( 'NONE',  ( 734.2705867433857065, 36.07039887397596800, -30.69799189738414924 ) ) ;
#2106 = CARTESIAN_POINT ( 'NONE',  ( 1267.760117930399247, 373.1221101336182073, -160.7786542214905694 ) ) ;
#2107 = CARTESIAN_POINT ( 'NONE',  ( 790.9146791584630591, 62.02040532014046192, -52.92657326755310265 ) ) ;
#2108 = CARTESIAN_POINT ( 'NONE',  ( 618.7344502342203896, -2.373363882372865330, -38.50886321922673972 ) ) ;
#2109 = CARTESIAN_POINT ( 'NONE',  ( 1462.057817401391276, 878.6295229125468040, -83.94841278396305029 ) ) ;
#2110 = CARTESIAN_POINT ( 'NONE',  ( 993.4756065914293686, 261.0243857111332773, 89.57864941824405491 ) ) ;
#2111 = CARTESIAN_POINT ( 'NONE',  ( 1273.541000318492479, 788.2743480014898978, 170.9837350704210053 ) ) ;
#2112 = CARTESIAN_POINT ( 'NONE',  ( 895.8112180272810292, 160.0005720559566385, 52.14792671729221496 ) ) ;
#2113 = CARTESIAN_POINT ( 'NONE',  ( 1248.172952659285329, 716.5968529851012363, 169.4847011996588435 ) ) ;
#2114 = CARTESIAN_POINT ( 'NONE',  ( 1005.726486673258705, 203.7913414528137253, -48.62937929791106484 ) ) ;
#2115 = CARTESIAN_POINT ( 'NONE',  ( 560.0000000000000000, -11.29679590021000735, -33.78650408836803365 ) ) ;
#2116 = CARTESIAN_POINT ( 'NONE',  ( 559.9999999999998863, 11.24833282123294964, 31.50583837932782671 ) ) ;
#2117 = DIRECTION ( 'NONE',  ( 0.000000000000000000, 0.000000000000000000, 1.000000000000000000 ) ) ;
#2118 = CARTESIAN_POINT ( 'NONE',  ( 732.1418911495871953, 67.72670082028756156, 50.68519762754937119 ) ) ;
#2119 = CARTESIAN_POINT ( 'NONE',  ( 955.8202244052790775, 153.8813410830128987, -39.09459921202877553 ) ) ;
#2120 = CARTESIAN_POINT ( 'NONE',  ( 1079.342755695835649, 382.6686833902805915, 123.3182470008077729 ) ) ;
#2121 = CARTESIAN_POINT ( 'NONE',  ( 1392.884094365467490, 550.1217860696229991, -172.2461204291815022 ) ) ;
#2122 = CARTESIAN_POINT ( 'NONE',  ( 1210.525516283388242, 352.0966706492829417, -118.9121540112318911 ) ) ;
#2123 = CARTESIAN_POINT ( 'NONE',  ( 1399.406558618126610, 1007.696389546048181, 48.77748076925144716 ) ) ;
#2124 = CARTESIAN_POINT ( 'NONE',  ( 787.2124798052147980, 101.3258541006319859, 66.35091705856751787 ) ) ;
#2125 = CARTESIAN_POINT ( 'NONE',  ( 579.4226492387426788, 3.831335904195817932, 8.464777642226636090 ) ) ;
#2126 = CARTESIAN_POINT ( 'NONE',  ( 1100.298036811995644, 307.7980853917341051, 0.4697289099360364428 ) ) ;
#2127 = CARTESIAN_POINT ( 'NONE',  ( 905.2362473931594877, 98.16880938529602929, -82.18898162818383923 ) ) ;
#2128 = CARTESIAN_POINT ( 'NONE',  ( 893.1401888142627286, 177.4444436991935845, 69.81026801260132686 ) ) ;
#2129 = CARTESIAN_POINT ( 'NONE',  ( 1069.037891618732147, 193.7108834530961303, -125.7938691569507341 ) ) ;
#2130 = CARTESIAN_POINT ( 'NONE',  ( 676.1632743335487703, 29.10919677326617361, -24.22303590263045336 ) ) ;
#2131 = CARTESIAN_POINT ( 'NONE',  ( 998.6389377153615214, 236.9448965112909775, 44.39898504631278087 ) ) ;
#2132 = CC_DESIGN_DATE_AND_TIME_ASSIGNMENT ( #1834, #6166, ( #4975 ) ) ;
#2133 = CARTESIAN_POINT ( 'NONE',  ( 1401.139526653442772, 901.8668028524740521, 1.977116990924690176 ) ) ;
#2134 = CARTESIAN_POINT ( 'NONE',  ( 942.2755558453146705, 227.8910792845398703, 105.8719138761199474 ) ) ;
#2135 = CARTESIAN_POINT ( 'NONE',  ( 947.1569478162882660, 201.2337689624912400, 57.35431312321420450 ) ) ;
#2136 = CARTESIAN_POINT ( 'NONE',  ( 618.6383346633318752, 3.346305218733622411, -17.97705347317366886 ) ) ;
#2137 = CARTESIAN_POINT ( 'NONE',  ( 1475.739094073203887, 784.5804412822187714, -142.9267653081451215 ) ) ;
#2138 = CARTESIAN_POINT ( 'NONE',  ( 1207.062462167802323, 362.0153472323093524, -105.4440928275272853 ) ) ;
#2139 = CARTESIAN_POINT ( 'NONE',  ( 734.8069566477627177, 28.06305404109088641, -53.76896677640568356 ) ) ;
#2140 = CARTESIAN_POINT ( 'NONE',  ( 734.7686350564935083, 28.63726270083097347, -51.94633523168921840 ) ) ;
#2141 = CARTESIAN_POINT ( 'NONE',  ( 559.9999999999997726, 7.099196210738042190, 28.69197119599464685 ) ) ;
#2142 = CARTESIAN_POINT ( 'NONE',  ( 731.6436353839818594, 75.10603568126454377, 66.13060182203865622 ) ) ;
#2143 = CARTESIAN_POINT ( 'NONE',  ( 579.3950871917430732, 7.652741981393680781, 19.99868029865313801 ) ) ;
#2144 = CARTESIAN_POINT ( 'NONE',  ( 560.0000000000002274, -10.78669090151205445, -32.61051135141175905 ) ) ;
#2145 = CARTESIAN_POINT ( 'NONE',  ( 1274.002105424242245, 787.3534146046029036, 168.8760690063861887 ) ) ;
#2146 = CARTESIAN_POINT ( 'NONE',  ( 560.0000000000000000, 4.539237534327624779, -6.246169681352919056 ) ) ;
#2147 = CARTESIAN_POINT ( 'NONE',  ( 789.8877001185007884, 73.04630242365175263, 0.9964493495853566918 ) ) ;
#2148 = CARTESIAN_POINT ( 'NONE',  ( 1192.555095137737226, 568.3616620948755553, 140.0521294359724322 ) ) ;
#2149 = PERSON_AND_ORGANIZATION_ROLE ( 'creator' ) ;
#2150 = CARTESIAN_POINT ( 'NONE',  ( 1198.326463336962661, 553.3906264161082618, 126.0033933967561524 ) ) ;
#2151 = CARTESIAN_POINT ( 'NONE',  ( 676.6731224930786084, 17.26472735066937858, -26.51082815991319919 ) ) ;
#2152 = CARTESIAN_POINT ( 'NONE',  ( 892.2523393061592287, 183.3064537838777426, 93.95485885681061689 ) ) ;
#2153 = CARTESIAN_POINT ( 'NONE',  ( 1475.768458337664015, 784.5345638433827844, -142.5913732554685396 ) ) ;
#2154 = CARTESIAN_POINT ( 'NONE',  ( 618.5565545018606599, 7.486742257963067360, -32.78003002588415882 ) ) ;
#2155 = CARTESIAN_POINT ( 'NONE',  ( 675.3817118108150908, 47.85860577475041566, 36.36085641058913609 ) ) ;
#2156 = CARTESIAN_POINT ( 'NONE',  ( 841.0742898389223683, 136.7285446212831914, 75.97991719356234341 ) ) ;
#2157 = CARTESIAN_POINT ( 'NONE',  ( 1374.986346968071075, 834.2136381180743001, 29.77016705523450923 ) ) ;
#2158 = CARTESIAN_POINT ( 'NONE',  ( 847.7052424804687689, 82.81173126190941503, -45.20833688391332572 ) ) ;
#2159 = CARTESIAN_POINT ( 'NONE',  ( 845.5720211461127747, 100.1728386408549909, -4.410046834892114909 ) ) ;
#2160 = CARTESIAN_POINT ( 'NONE',  ( 676.9711537556496523, 10.09012326404658921, -49.45409239221663711 ) ) ;
#2161 = CARTESIAN_POINT ( 'NONE',  ( 1394.153484057422702, 1015.454126454418997, 60.85348474141085262 ) ) ;
#2162 = CARTESIAN_POINT ( 'NONE',  ( 1171.725931073169249, 276.4568936037235858, -144.4478069072565631 ) ) ;
#2163 = CARTESIAN_POINT ( 'NONE',  ( 1148.565706476472087, 350.2019210838103049, -42.80629395073153631 ) ) ;
#2164 = CARTESIAN_POINT ( 'NONE',  ( 1341.886812591801799, 776.7897488297734299, 53.12823738764571857 ) ) ;
#2165 = CARTESIAN_POINT ( 'NONE',  ( 559.9999999999996589, 6.612241825830281527, 0.6916853928969159959 ) ) ;
#2166 = CARTESIAN_POINT ( 'NONE',  ( 1273.987982418258298, 787.3840793847514306, 171.7461226122672997 ) ) ;
#2167 = CARTESIAN_POINT ( 'NONE',  ( 1402.399787806724362, 1003.275990733272693, 50.19877772460618814 ) ) ;
#2168 = CARTESIAN_POINT ( 'NONE',  ( 1358.897766313799139, 617.9447380847824434, -74.37603257277902458 ) ) ;
#2169 = CARTESIAN_POINT ( 'NONE',  ( 1312.474181310128188, 427.4346945525333012, -167.2044012313760959 ) ) ;
#2170 = CARTESIAN_POINT ( 'NONE',  ( 1428.362020421457373, 743.0829576793598790, -110.2048957979174872 ) ) ;
#2171 = CARTESIAN_POINT ( 'NONE',  ( 1413.354179209644144, 645.2263569322543617, -133.4525359610788939 ) ) ;
#2172 = CARTESIAN_POINT ( 'NONE',  ( 1344.726483929081724, 507.2355630828884046, -138.7102832483926136 ) ) ;
#2173 = CARTESIAN_POINT ( 'NONE',  ( 1262.180519342697380, 686.2264035525013242, 127.9911798188720979 ) ) ;
#2174 = CARTESIAN_POINT ( 'NONE',  ( 990.2733433307233781, 275.9529145366556691, 115.3466091732820615 ) ) ;
#2175 = CARTESIAN_POINT ( 'NONE',  ( 1407.634263911225617, 995.5457200122787071, 39.61601360240939584 ) ) ;
#2176 = CARTESIAN_POINT ( 'NONE',  ( 1146.827134217566254, 355.7397668660568684, -33.89537717401612582 ) ) ;
#2177 = CARTESIAN_POINT ( 'NONE',  ( 1332.144465823871769, 671.3318900088805776, 3.221706340126704760 ) ) ;
#2178 = CARTESIAN_POINT ( 'NONE',  ( 1120.379851776475789, 440.0232755829916300, 125.9103278472791487 ) ) ;
#2179 = CARTESIAN_POINT ( 'NONE',  ( 897.4843398385419277, 148.9055410829955406, -4.687224823108345539 ) ) ;
#2180 = CARTESIAN_POINT ( 'NONE',  ( 675.6963613434628542, 40.58249121837560836, 38.76733939784065797 ) ) ;
#2181 = CARTESIAN_POINT ( 'NONE',  ( 618.6513721749423667, 2.576346788361850937, -20.59858910391174192 ) ) ;
#2182 = CARTESIAN_POINT ( 'NONE',  ( 618.2096051466845665, 28.09857981727341780, 48.27640794407093239 ) ) ;
#2183 = CARTESIAN_POINT ( 'NONE',  ( 1061.613077545454871, 223.7876674635142251, -86.79266614978661210 ) ) ;
#2184 = CARTESIAN_POINT ( 'NONE',  ( 1230.637259820073041, 621.1112652355064938, 115.3723617188277757 ) ) ;
#2185 = CARTESIAN_POINT ( 'NONE',  ( 579.3518803340912200, 13.66433355911077996, 35.62708380945115039 ) ) ;
#2186 = CARTESIAN_POINT ( 'NONE',  ( 951.0811066740956221, 179.7894235421497910, 14.22781266192185434 ) ) ;
#2187 = CARTESIAN_POINT ( 'NONE',  ( 847.5642099035046613, 83.95949405235973018, -42.48765848613135887 ) ) ;
#2188 = ORGANIZATION ( 'UNSPECIFIED', 'UNSPECIFIED', '' ) ;
#2189 = CARTESIAN_POINT ( 'NONE',  ( 1409.708476682507580, 888.4012820645168631, -0.2390190060001515793 ) ) ;
#2190 = CARTESIAN_POINT ( 'NONE',  ( 1417.422717564972118, 637.7369028191994857, -143.7763370075523426 ) ) ;
#2191 = CARTESIAN_POINT ( 'NONE',  ( 1305.423964553367796, 843.9073278752480292, 139.4393253187955111 ) ) ;
#2192 = CARTESIAN_POINT ( 'NONE',  ( 618.4053484687834725, 16.21156049910735675, -11.57503368469197902 ) ) ;
#2193 = CARTESIAN_POINT ( 'NONE',  ( 1464.559936296550404, 802.1541171542951361, -125.1868156834755865 ) ) ;
#2194 = CARTESIAN_POINT ( 'NONE',  ( 1408.741481182853249, 959.6185618422898642, 14.48044143938002470 ) ) ;
#2195 = CARTESIAN_POINT ( 'NONE',  ( 1155.322126061407971, 510.2892979278897769, 152.5250078981205775 ) ) ;
#2196 = CARTESIAN_POINT ( 'NONE',  ( 1131.352032301395639, 405.0961567424474197, 77.30212808697287130 ) ) ;
#2197 = CARTESIAN_POINT ( 'NONE',  ( 1430.373514583651968, 855.9089622115584461, -44.94788367376873595 ) ) ;
#2198 = CARTESIAN_POINT ( 'NONE',  ( 841.8439893028141796, 130.3610265467544309, 34.33044478204413252 ) ) ;
#2199 = CARTESIAN_POINT ( 'NONE',  ( 1015.734095064524126, 157.1486654840230415, -116.0811393459725736 ) ) ;
#2200 = CARTESIAN_POINT ( 'NONE',  ( 618.5325907492633633, 8.862715984093821220, -29.80951513780412299 ) ) ;
#2201 = CARTESIAN_POINT ( 'NONE',  ( 1459.533882128817822, 810.0607671881276701, -107.1577181380111057 ) ) ;
#2202 = CARTESIAN_POINT ( 'NONE',  ( 848.8247417288506540, 73.69447762345367892, -67.07076063111465203 ) ) ;
#2203 = CARTESIAN_POINT ( 'NONE',  ( 1041.216625263995638, 306.5492456839828606, 87.23571243353359250 ) ) ;
#2204 = CARTESIAN_POINT ( 'NONE',  ( 559.9999999999998863, 10.86736336829315164, 36.65221894684967197 ) ) ;
#2205 = CARTESIAN_POINT ( 'NONE',  ( 1378.840488468148806, 936.9368219353798395, 67.02496215103647614 ) ) ;
#2206 = CARTESIAN_POINT ( 'NONE',  ( 1420.317832700521421, 632.4074484518367854, -151.0604368433891409 ) ) ;
#2207 = CARTESIAN_POINT ( 'NONE',  ( 1313.651063501659337, 574.5928451621056183, -61.17574017689910448 ) ) ;
#2208 = CARTESIAN_POINT ( 'NONE',  ( 676.2910335799207360, 26.41776554946224564, 0.8896082680980902380 ) ) ;
#2209 = CARTESIAN_POINT ( 'NONE',  ( 1036.280945375327065, 326.5385662758602621, 114.5529903022048330 ) ) ;
#2210 = APPROVAL_DATE_TIME ( #6071, #3596 ) ;
#2211 = CARTESIAN_POINT ( 'NONE',  ( 841.9984057971869333, 129.2252065464892041, 60.28369155901443577 ) ) ;
#2212 = CARTESIAN_POINT ( 'NONE',  ( 791.2432035085500956, 58.68863399216078847, -35.23501133661437734 ) ) ;
#2213 = CARTESIAN_POINT ( 'NONE',  ( 1386.091318628705494, 1027.360326830005988, 80.46644324111291269 ) ) ;
#2214 = CARTESIAN_POINT ( 'NONE',  ( 1205.921450831477387, 365.2835195162112427, -100.9023228724144730 ) ) ;
#2215 = CARTESIAN_POINT ( 'NONE',  ( 1039.151023565863397, 314.8772620302450491, 82.75275686775998452 ) ) ;
#2216 = CARTESIAN_POINT ( 'NONE',  ( 943.9240268682581245, 218.8917858240368446, 91.64824490403810842 ) ) ;
#2217 = CARTESIAN_POINT ( 'NONE',  ( 1419.397623217527325, 978.1735990567714225, 15.79322420890703249 ) ) ;
#2218 = CARTESIAN_POINT ( 'NONE',  ( 1195.984245949371598, 559.4710373774796608, 135.8854179230479531 ) ) ;
#2219 = CARTESIAN_POINT ( 'NONE',  ( 1396.814367969675459, 675.6738364535289065, -91.00300431497097975 ) ) ;
#2220 = CARTESIAN_POINT ( 'NONE',  ( 790.6160860345867150, 65.33311915125455016, -18.30445275985184850 ) ) ;
#2221 = CARTESIAN_POINT ( 'NONE',  ( 579.5107525083283235, -8.317242910028443958, -35.74535584489400009 ) ) ;
#2222 = CARTESIAN_POINT ( 'NONE',  ( 1391.717276705316863, 1019.051915801108407, 66.60810644519601453 ) ) ;
#2223 = CARTESIAN_POINT ( 'NONE',  ( 618.3867174017590287, 17.29533344621433244, -8.481791777136587385 ) ) ;
#2224 = CARTESIAN_POINT ( 'NONE',  ( 1464.548730309542862, 874.8458938927753934, -93.82907001436097971 ) ) ;
#2225 = CARTESIAN_POINT ( 'NONE',  ( 1341.040277994065036, 778.3317927678658634, 34.77228413904563098 ) ) ;
#2226 = CARTESIAN_POINT ( 'NONE',  ( 675.3302797521539560, 49.24626063580488022, 57.55438014941212543 ) ) ;
#2227 = CARTESIAN_POINT ( 'NONE',  ( 1405.017059221441059, 999.4108061031079160, 44.90700764693167457 ) ) ;
#2228 = CARTESIAN_POINT ( 'NONE',  ( 902.8459454513762239, 113.8593086697443937, -47.44300836659904519 ) ) ;
#2229 = CARTESIAN_POINT ( 'NONE',  ( 560.0000000000009095, 10.20024811496064032, 17.19256003838277280 ) ) ;
#2230 = CARTESIAN_POINT ( 'NONE',  ( 676.9812280679470859, 9.746749427686458134, -57.58063005305498194 ) ) ;
#2231 = CARTESIAN_POINT ( 'NONE',  ( 956.0294145299014872, 152.6520322073636748, -66.93357174557398537 ) ) ;
#2232 = CARTESIAN_POINT ( 'NONE',  ( 1415.114446151715811, 641.9860457104070974, -137.9441498795598875 ) ) ;
#2233 = CARTESIAN_POINT ( 'NONE',  ( 1215.057820054910280, 339.1393673492760286, -123.5109706661605316 ) ) ;
#2234 = CARTESIAN_POINT ( 'NONE',  ( 1084.817769468713777, 363.1188550534881756, 97.81900796258044295 ) ) ;
#2235 = CARTESIAN_POINT ( 'NONE',  ( 840.3208705724316587, 142.8413043630570769, 86.18610181571395401 ) ) ;
#2236 = CARTESIAN_POINT ( 'NONE',  ( 905.6312986740930455, 95.57328560221708358, -88.29532818442623920 ) ) ;
#2237 = CARTESIAN_POINT ( 'NONE',  ( 559.9999999999994316, -7.371580345398772494, -33.78219794703725398 ) ) ;
#2238 = CARTESIAN_POINT ( 'NONE',  ( 734.9799862342346159, 25.47822671438667541, -61.41530063666660055 ) ) ;
#2239 = CARTESIAN_POINT ( 'NONE',  ( 1150.333016927629615, 344.5728826513866352, -51.65889240427698326 ) ) ;
#2240 = CARTESIAN_POINT ( 'NONE',  ( 1362.135981789129573, 739.5128824852000662, -0.4114018042096513894 ) ) ;
#2241 = CARTESIAN_POINT ( 'NONE',  ( 1388.392913803976626, 1023.961332653746695, 74.83207371924380880 ) ) ;
#2242 = PERSON_AND_ORGANIZATION_ROLE ( 'design_owner' ) ;
#2243 = CARTESIAN_POINT ( 'NONE',  ( 994.1141019202814277, 258.0472820628217505, 84.10003758397769502 ) ) ;
#2244 = CARTESIAN_POINT ( 'NONE',  ( 1452.034935050916829, 893.8548010540845326, -71.59916365444965436 ) ) ;
#2245 = CARTESIAN_POINT ( 'NONE',  ( 786.9760303817477052, 103.7359713923462294, 53.11058583822668311 ) ) ;
#2246 = CARTESIAN_POINT ( 'NONE',  ( 1390.218816958102934, 1021.264840128051560, 75.14066215089350464 ) ) ;
#2247 = CARTESIAN_POINT ( 'NONE',  ( 618.4902489268721411, 12.03159564676646553, 10.21094339540551488 ) ) ;
#2248 = CARTESIAN_POINT ( 'NONE',  ( 893.5639505350990248, 174.7252411718213523, 81.82688080393066343 ) ) ;
#2249 = CARTESIAN_POINT ( 'NONE',  ( 1326.438408555976139, 546.8912624091950647, -80.77114108104390766 ) ) ;
#2250 = CARTESIAN_POINT ( 'NONE',  ( 1278.136161453753857, 508.7149693991682966, -42.06278486414967688 ) ) ;
#2251 = CARTESIAN_POINT ( 'NONE',  ( 1466.748761694594805, 798.7165602327213492, -122.3302533404735897 ) ) ;
#2252 = CARTESIAN_POINT ( 'NONE',  ( 675.3215060825799583, 49.37314031754834076, 48.65824301774231486 ) ) ;
#2253 = CARTESIAN_POINT ( 'NONE',  ( 1051.838754089400481, 263.4065656296089628, -21.82382779230188419 ) ) ;
#2254 = CARTESIAN_POINT ( 'NONE',  ( 1013.026748916610927, 169.7587941153392705, -101.6884052965251897 ) ) ;
#2255 = CARTESIAN_POINT ( 'NONE',  ( 1045.576548464713596, 288.8013412182946809, 25.59680214558583700 ) ) ;
#2256 = CARTESIAN_POINT ( 'NONE',  ( 786.6662188146938206, 107.0868057668682098, 76.47973753214311898 ) ) ;
#2257 = CARTESIAN_POINT ( 'NONE',  ( 843.2816566865803907, 118.7989188299143564, 37.98685689585988001 ) ) ;
#2258 = CARTESIAN_POINT ( 'NONE',  ( 560.0000000000001137, -7.601813586514114540, -19.16692534618748667 ) ) ;
#2259 = CARTESIAN_POINT ( 'NONE',  ( 560.0000000000000000, -2.033192871475346664, 1.530788549512039021 ) ) ;
#2260 = CARTESIAN_POINT ( 'NONE',  ( 1321.616361120545207, 814.0925870268046083, 89.64778112652147968 ) ) ;
#2261 = CARTESIAN_POINT ( 'NONE',  ( 1312.496618674292904, 427.3840806813860809, -166.3058752934219342 ) ) ;
#2262 = CARTESIAN_POINT ( 'NONE',  ( 1443.553716754936431, 835.1795212373278900, -85.63125624605261521 ) ) ;
#2263 = CARTESIAN_POINT ( 'NONE',  ( 792.3391292068341727, 47.06706817690246680, -65.48369759393294487 ) ) ;
#2264 = CARTESIAN_POINT ( 'NONE',  ( 847.9871655848987757, 80.51631878585776292, -50.65769668839406847 ) ) ;
#2265 = CARTESIAN_POINT ( 'NONE',  ( 732.1418911495871953, 67.72670082028756156, 50.68519762754937119 ) ) ;
#2266 = CARTESIAN_POINT ( 'NONE',  ( 942.5445934497685130, 226.4229647033348272, 104.6357808407513801 ) ) ;
#2267 = CARTESIAN_POINT ( 'NONE',  ( 1120.522075317963299, 235.5036116183439958, -127.3367600010640359 ) ) ;
#2268 = CARTESIAN_POINT ( 'NONE',  ( 734.6097007177060050, 30.89052700644742799, -61.45960196960207611 ) ) ;
#2269 = CARTESIAN_POINT ( 'NONE',  ( 1067.814453617211029, 198.6954693898744324, -111.1387836938217788 ) ) ;
#2270 = CARTESIAN_POINT ( 'NONE',  ( 579.4888382855084501, -5.206978320996378251, -38.35012655673694582 ) ) ;
#2271 = CARTESIAN_POINT ( 'NONE',  ( 1369.549773068070181, 725.8485344056459780, -39.90347818822004200 ) ) ;
#2272 = CARTESIAN_POINT ( 'NONE',  ( 560.0000000000000000, -3.289723568012047572, -2.925752121118931015 ) ) ;
#2273 = CARTESIAN_POINT ( 'NONE',  ( 1252.791331678189863, 706.5765278661322100, 149.3734769311576827 ) ) ;
#2274 = CARTESIAN_POINT ( 'NONE',  ( 1125.598283912784382, 423.4220704839782456, 108.1269176518485580 ) ) ;
#2275 = CARTESIAN_POINT ( 'NONE',  ( 733.8479716453124411, 42.16609003959646884, -42.27946475831625150 ) ) ;
#2276 = CARTESIAN_POINT ( 'NONE',  ( 675.3587345941556350, 48.42830093996659713, 40.13954041723056321 ) ) ;
#2277 = CARTESIAN_POINT ( 'NONE',  ( 1333.232719108750189, 905.4955252270624442, 130.4942960754367220 ) ) ;
#2278 = CARTESIAN_POINT ( 'NONE',  ( 1263.740577439659091, 542.7864659383077424, 10.27866199187034013 ) ) ;
#2279 = CARTESIAN_POINT ( 'NONE',  ( 1256.337356586837586, 698.8963915530803206, 147.4841919455541017 ) ) ;
#2280 = CARTESIAN_POINT ( 'NONE',  ( 1363.279108527554854, 609.2016931673676936, -86.95055784468583226 ) ) ;
#2281 = CARTESIAN_POINT ( 'NONE',  ( 1370.253641046695975, 724.5690956443618234, -21.79581925946067855 ) ) ;
#2282 = CARTESIAN_POINT ( 'NONE',  ( 1281.260075330902964, 772.8632593415635483, 141.5697261520804773 ) ) ;
#2283 = CARTESIAN_POINT ( 'NONE',  ( 1369.549773068070181, 725.8485344056459780, -39.90347818822004200 ) ) ;
#2284 = CARTESIAN_POINT ( 'NONE',  ( 676.7026528819358191, 16.31267792894080770, -49.72664628697921074 ) ) ;
#2285 = CARTESIAN_POINT ( 'NONE',  ( 1414.101900420117090, 985.9943188518561783, 17.05979822566190762 ) ) ;
#2286 = CARTESIAN_POINT ( 'NONE',  ( 1345.970935837773823, 988.6207026495516175, 138.0631598684890378 ) ) ;
#2287 = CARTESIAN_POINT ( 'NONE',  ( 1247.018967569401866, 582.3626043683160560, 71.48343092285409739 ) ) ;
#2288 = CARTESIAN_POINT ( 'NONE',  ( 1444.915559457923791, 833.0444205867125902, -76.12391699322401450 ) ) ;
#2289 = CARTESIAN_POINT ( 'NONE',  ( 731.9505026899809081, 70.40261375674141675, 31.03568302075207797 ) ) ;
#2290 = CARTESIAN_POINT ( 'NONE',  ( 560.0000000000002274, -10.37211003255066899, -36.18490909434231639 ) ) ;
#2291 = CARTESIAN_POINT ( 'NONE',  ( 676.3644713029880222, 24.32775830967723252, -34.74332376655684840 ) ) ;
#2292 = CARTESIAN_POINT ( 'NONE',  ( 1014.275240025258427, 163.9825794295665560, -97.54226657635220477 ) ) ;
#2293 = CARTESIAN_POINT ( 'NONE',  ( 1161.477086864268131, 309.1279778060344370, -85.58948623165163383 ) ) ;
#2294 = CARTESIAN_POINT ( 'NONE',  ( 945.0332331822598917, 212.8340489245262290, 79.83810011391773287 ) ) ;
#2295 = CARTESIAN_POINT ( 'NONE',  ( 1321.556477424644754, 925.4293441060684700, 157.3038943220634565 ) ) ;
#2296 = CARTESIAN_POINT ( 'NONE',  ( 1169.439559956697849, 283.7601058828262808, -127.7572843086106644 ) ) ;
#2297 = CARTESIAN_POINT ( 'NONE',  ( 1467.231148320440298, 907.5330819920113754, -81.95524059345267176 ) ) ;
#2298 = CARTESIAN_POINT ( 'NONE',  ( 734.6225266952230868, 30.81994623810107470, -45.53940736037490922 ) ) ;
#2299 = CARTESIAN_POINT ( 'NONE',  ( 1261.972801347701306, 546.9338645634353497, -7.963071685645691566 ) ) ;
#2300 = CARTESIAN_POINT ( 'NONE',  ( 845.3811196514769790, 101.7260002791777822, -0.7876719764530453194 ) ) ;
#2301 = CARTESIAN_POINT ( 'NONE',  ( 1372.318387705395253, 1014.945494621313856, 99.17421719058651775 ) ) ;
#2302 = CARTESIAN_POINT ( 'NONE',  ( 1164.141869578246087, 485.0244305935175362, 114.4570866188194032 ) ) ;
#2303 = CARTESIAN_POINT ( 'NONE',  ( 787.9973109110229643, 92.87200808866111856, 15.73111297007319465 ) ) ;
#2304 = CARTESIAN_POINT ( 'NONE',  ( 1157.584284025295119, 321.4790895106132780, -86.63311388525490031 ) ) ;
#2305 = CARTESIAN_POINT ( 'NONE',  ( 893.4238902008067953, 175.5752347311017729, 63.40737201529035616 ) ) ;
#2306 = CARTESIAN_POINT ( 'NONE',  ( 1283.451213328778067, 768.5008169791341288, 146.3128914198107680 ) ) ;
#2307 = CARTESIAN_POINT ( 'NONE',  ( 1186.428120905605056, 421.1737774696732117, 9.786237456760536801 ) ) ;
#2308 = CARTESIAN_POINT ( 'NONE',  ( 618.2771322300468455, 24.29681070942378440, 43.05417202589158876 ) ) ;
#2309 = CARTESIAN_POINT ( 'NONE',  ( 1391.380257889736640, 553.1186817547855981, -170.8648149901391093 ) ) ;
#2310 = CARTESIAN_POINT ( 'NONE',  ( 1150.560402338830272, 343.9069175126198843, -26.84722597611319372 ) ) ;
#2311 = CARTESIAN_POINT ( 'NONE',  ( 1426.235027836367863, 862.4160667350498670, -36.01404642525616140 ) ) ;
#2312 = CARTESIAN_POINT ( 'NONE',  ( 1080.131019232446761, 379.8457882798811625, 115.7531277179053859 ) ) ;
#2313 = CARTESIAN_POINT ( 'NONE',  ( 1386.965510210735147, 813.7489787586901002, -17.67516555707430470 ) ) ;
#2314 = CARTESIAN_POINT ( 'NONE',  ( 1344.975398438890352, 506.6815904190958690, -150.2246993656279983 ) ) ;
#2315 = CARTESIAN_POINT ( 'NONE',  ( 947.5554574368959493, 198.9591166736120442, 21.63426522198327362 ) ) ;
#2316 = CARTESIAN_POINT ( 'NONE',  ( 560.0000000000000000, 10.13852022855824409, 35.81032038436506326 ) ) ;
#2317 = CARTESIAN_POINT ( 'NONE',  ( 788.6034884278669779, 86.63333668967349865, 33.80152405816208017 ) ) ;
#2318 = CARTESIAN_POINT ( 'NONE',  ( 1449.689845277402583, 706.6791722316036157, -152.5631790501266778 ) ) ;
#2319 = CARTESIAN_POINT ( 'NONE',  ( 1158.107414041747006, 319.8634946990734989, -67.53586337631499248 ) ) ;
#2320 = CARTESIAN_POINT ( 'NONE',  ( 1403.948975562735086, 1000.988151317721417, 38.69664026781499899 ) ) ;
#2321 = CARTESIAN_POINT ( 'NONE',  ( 618.7521653025884234, -3.600184946999987812, -48.85775745009843973 ) ) ;
#2322 = CARTESIAN_POINT ( 'NONE',  ( 1325.910860956826355, 548.0119946634933967, -97.56905458465840297 ) ) ;
#2323 = CARTESIAN_POINT ( 'NONE',  ( 1463.822803027944019, 875.9486017215485845, -87.50465047765679572 ) ) ;
#2324 = CARTESIAN_POINT ( 'NONE',  ( 1450.918669574407659, 931.6233394160354919, -47.50213991177715656 ) ) ;
#2325 = CARTESIAN_POINT ( 'NONE',  ( 675.6963613434628542, 40.58249121837560836, 38.76733939784065797 ) ) ;
#2326 = CARTESIAN_POINT ( 'NONE',  ( 1299.488615470914510, 854.8409706434947566, 164.8469838539383545 ) ) ;
#2327 = CARTESIAN_POINT ( 'NONE',  ( 792.5002491407464049, 45.35616278873160923, -70.33400914537594417 ) ) ;
#2328 = CARTESIAN_POINT ( 'NONE',  ( 618.6895736314444321, -0.09645222433984708410, -46.35220869788543752 ) ) ;
#2329 = CARTESIAN_POINT ( 'NONE',  ( 579.4919946471799221, -5.742505198005448008, -25.30653342489228663 ) ) ;
#2330 = CARTESIAN_POINT ( 'NONE',  ( 1189.146166081318370, 413.3859035776465021, -3.008579591831781475 ) ) ;
#2331 = CARTESIAN_POINT ( 'NONE',  ( 1036.031651907650939, 327.5517669660901561, 117.4560492784057288 ) ) ;
#2332 = CARTESIAN_POINT ( 'NONE',  ( 560.0000000000004547, 4.296392203033371437, 21.34723040437809516 ) ) ;
#2333 = CARTESIAN_POINT ( 'NONE',  ( 1286.799857120486877, 632.8155754242660578, 24.18109649910464043 ) ) ;
#2334 = CARTESIAN_POINT ( 'NONE',  ( 676.2838322581536659, 26.24277922722326650, -30.67584471248773781 ) ) ;
#2335 = CARTESIAN_POINT ( 'NONE',  ( 786.7954020368481451, 105.6730728286981531, 62.91030437513663287 ) ) ;
#2336 = CARTESIAN_POINT ( 'NONE',  ( 1301.502125413022895, 600.9630027691698615, -0.3245977977719566310 ) ) ;
#2337 = CARTESIAN_POINT ( 'NONE',  ( 944.1961386143090067, 217.4063375880183742, 88.63910013015296840 ) ) ;
#2338 = CARTESIAN_POINT ( 'NONE',  ( 1005.066286392765733, 206.9587763654154173, -13.80650241778858067 ) ) ;
#2339 = CARTESIAN_POINT ( 'NONE',  ( 1432.480430212689043, 958.8529186593291342, -10.63725114946929828 ) ) ;
#2340 = CARTESIAN_POINT ( 'NONE',  ( 892.5960216563167933, 181.0353895115493401, 83.95878924082344952 ) ) ;
#2341 = CARTESIAN_POINT ( 'NONE',  ( 897.4824931865857707, 148.9175506891631926, -4.692954970132471537 ) ) ;
#2342 = CARTESIAN_POINT ( 'NONE',  ( 734.2878666939316190, 35.65064785574567452, -54.15423465523578983 ) ) ;
#2343 = CARTESIAN_POINT ( 'NONE',  ( 579.3402194039304050, 15.39697926753684598, 19.16258029241498662 ) ) ;
#2344 = CARTESIAN_POINT ( 'NONE',  ( 618.2261247710731595, 27.18976724991297544, 49.01728833010918152 ) ) ;
#2345 = CARTESIAN_POINT ( 'NONE',  ( 1409.376932381580218, 992.9721484104885576, 36.09199948465884944 ) ) ;
#2346 = CARTESIAN_POINT ( 'NONE',  ( 1422.379235655400862, 628.6064450017471472, -162.5476677877479119 ) ) ;
#2347 = CARTESIAN_POINT ( 'NONE',  ( 1248.540363048111885, 423.0298423288749063, -80.50577649878279374 ) ) ;
#2348 = CARTESIAN_POINT ( 'NONE',  ( 944.0712152129598280, 218.0324801799376075, 69.89534798448983111 ) ) ;
#2349 = CARTESIAN_POINT ( 'NONE',  ( 1069.208352087187450, 193.0255151305098593, -125.1500712659499612 ) ) ;
#2350 = CARTESIAN_POINT ( 'NONE',  ( 954.3114063327433314, 162.0351975841477952, -50.99202824762208053 ) ) ;
#2351 = CARTESIAN_POINT ( 'NONE',  ( 1466.748761694594805, 798.7165602327213492, -122.3302533404735897 ) ) ;
#2352 = CARTESIAN_POINT ( 'NONE',  ( 1298.157716668697503, 857.2908494235570060, 167.6500109530453813 ) ) ;
#2353 = CARTESIAN_POINT ( 'NONE',  ( 961.0489305577399364, 125.2548173489560526, -105.6827271930295495 ) ) ;
#2354 = CARTESIAN_POINT ( 'NONE',  ( 905.7978856436265005, 94.46857620196227856, -92.47931078217436607 ) ) ;
#2355 = CARTESIAN_POINT ( 'NONE',  ( 1220.500134696430678, 323.5392223368332338, -149.7561518240884482 ) ) ;
#2356 = CARTESIAN_POINT ( 'NONE',  ( 676.5473150556180144, 19.99109627335364081, -43.30309434483102393 ) ) ;
#2357 = CARTESIAN_POINT ( 'NONE',  ( 960.2782009622525266, 129.4599238602917524, -101.0429007028917709 ) ) ;
#2358 = CARTESIAN_POINT ( 'NONE',  ( 1405.054635143526184, 660.5047152831922403, -112.2204527026085401 ) ) ;
#2359 = CARTESIAN_POINT ( 'NONE',  ( 1390.199958869133525, 987.7831501090180382, 65.09920109376503206 ) ) ;
#2360 = CARTESIAN_POINT ( 'NONE',  ( 1320.797214798113373, 926.7236459289852064, 156.0486360540167823 ) ) ;
#2361 = APPROVAL_DATE_TIME ( #1321, #3710 ) ;
#2362 = CARTESIAN_POINT ( 'NONE',  ( 1368.545077507851374, 953.1251136618667488, 89.45965488421678913 ) ) ;
#2363 = CARTESIAN_POINT ( 'NONE',  ( 1465.490837791885724, 873.4147654095874032, -95.37849149726073961 ) ) ;
#2364 = CARTESIAN_POINT ( 'NONE',  ( 559.9999999999998863, -6.018497133618429196, -31.65220772267435123 ) ) ;
#2365 = CARTESIAN_POINT ( 'NONE',  ( 675.6141512131382569, 42.22385285360510920, 11.97040651291764846 ) ) ;
#2366 = CARTESIAN_POINT ( 'NONE',  ( 790.5625196998398678, 65.73809912067936523, -46.06843889722917140 ) ) ;
#2367 = CARTESIAN_POINT ( 'NONE',  ( 579.4340875346149460, 2.248384274257011040, 3.301165637783450624 ) ) ;
#2368 = CARTESIAN_POINT ( 'NONE',  ( 840.6501268280700288, 140.1200850117020877, 68.57214694492925844 ) ) ;
#2369 = CARTESIAN_POINT ( 'NONE',  ( 1002.666922247338334, 218.1538190048693480, 8.048922117358200623 ) ) ;
#2370 = CARTESIAN_POINT ( 'NONE',  ( 893.6654754099873799, 174.0603967907345293, 80.44674820268065218 ) ) ;
#2371 = CARTESIAN_POINT ( 'NONE',  ( 1102.969569177570065, 298.2494501139190106, -16.51622811533394497 ) ) ;
#2372 = CARTESIAN_POINT ( 'NONE',  ( 1455.929186671138723, 887.9393895684343079, -71.48158606988860697 ) ) ;
#2373 = CARTESIAN_POINT ( 'NONE',  ( 734.0149701301209006, 39.88084645700229203, -20.11884827540684739 ) ) ;
#2374 = CARTESIAN_POINT ( 'NONE',  ( 560.0000000000003411, 11.21809415571452284, 32.71734981125487707 ) ) ;
#2375 = CARTESIAN_POINT ( 'NONE',  ( 579.3764306234769492, 10.41377430756035771, -1.842424698708911679 ) ) ;
#2376 = CARTESIAN_POINT ( 'NONE',  ( 618.6075793799369649, 4.565788041681073217, -38.62091234773824766 ) ) ;
#2377 = CARTESIAN_POINT ( 'NONE',  ( 732.0264179802215949, 69.26428844409603869, 26.68612271296631988 ) ) ;
#2378 = CARTESIAN_POINT ( 'NONE',  ( 990.4633527754102715, 275.0678717155462891, 114.3143502405241918 ) ) ;
#2379 = CARTESIAN_POINT ( 'NONE',  ( 896.5483469019311542, 155.1689491374905003, 42.17454279657851401 ) ) ;
#2380 = CARTESIAN_POINT ( 'NONE',  ( 1425.365575601204910, 748.2083288591688870, -90.35054736220557459 ) ) ;
#2381 = VERTEX_POINT ( 'NONE', #3932 ) ;
#2382 = CARTESIAN_POINT ( 'NONE',  ( 944.5905382812070457, 215.1866556354548550, 61.72670744045507263 ) ) ;
#2383 = CARTESIAN_POINT ( 'NONE',  ( 1312.474181310128188, 427.4346945525333012, -167.2044012313760959 ) ) ;
#2384 = CARTESIAN_POINT ( 'NONE',  ( 1155.433800832759744, 328.3275647128614310, -76.51245874960827109 ) ) ;
#2385 = CARTESIAN_POINT ( 'NONE',  ( 734.9165085484660267, 26.43021986842600057, -58.16401077668644604 ) ) ;
#2386 = CARTESIAN_POINT ( 'NONE',  ( 1251.611473399419992, 709.1432297458876519, 162.4247493356123755 ) ) ;
#2387 = CARTESIAN_POINT ( 'NONE',  ( 1015.248487217929437, 159.4064111789447793, -114.4446704754377180 ) ) ;
#2388 = CARTESIAN_POINT ( 'NONE',  ( 1015.767163761230904, 157.0063228806161248, -113.5378284040371142 ) ) ;
#2389 = CARTESIAN_POINT ( 'NONE',  ( 1219.459139892336907, 326.5250049895752795, -143.9871624162711612 ) ) ;
#2390 = CARTESIAN_POINT ( 'NONE',  ( 1348.999998508231556, 497.9578091426907918, -160.2128776328711695 ) ) ;
#2391 = CARTESIAN_POINT ( 'NONE',  ( 903.8910832194126215, 106.9995346609849491, -62.60185021265231597 ) ) ;
#2392 = CARTESIAN_POINT ( 'NONE',  ( 792.2223597896336287, 48.23012489712665030, -74.33999034087821656 ) ) ;
#2393 = CARTESIAN_POINT ( 'NONE',  ( 895.3648595866420692, 162.9259078626064934, 58.11954805598843876 ) ) ;
#2394 = CARTESIAN_POINT ( 'NONE',  ( 1221.179394551371615, 643.5090269045139166, 159.8063458445684830 ) ) ;
#2395 = CARTESIAN_POINT ( 'NONE',  ( 945.9187971000276320, 207.9973543039538413, 70.54240631410407047 ) ) ;
#2397 = CARTESIAN_POINT ( 'NONE',  ( 1176.280557702783426, 450.2030018851975797, 31.17817457878902587 ) ) ;
#2396 = CC_DESIGN_DATE_AND_TIME_ASSIGNMENT ( #5983, #3599, ( #517 ) ) ;
#2398 = CARTESIAN_POINT ( 'NONE',  ( 1419.430213575919879, 758.3293447854319993, -91.09124838012868963 ) ) ;
#2399 = CARTESIAN_POINT ( 'NONE',  ( 1260.868638510741448, 549.5837200119933641, 20.75965288227698835 ) ) ;
#2400 = CARTESIAN_POINT ( 'NONE',  ( 892.9992191486591082, 178.3736565402338670, 73.10716524256889670 ) ) ;
#2401 = CARTESIAN_POINT ( 'NONE',  ( 733.3873949017605582, 49.22682410774144302, 5.199930792752821773 ) ) ;
#2402 = CARTESIAN_POINT ( 'NONE',  ( 1039.037328887456397, 315.3820665324593051, 103.0185568994159695 ) ) ;
#2403 = CARTESIAN_POINT ( 'NONE',  ( 1054.958072001203391, 250.8358637886163365, -15.09545614334026631 ) ) ;
#2404 = CARTESIAN_POINT ( 'NONE',  ( 1012.276136126170059, 173.3137697785809905, -79.33247404085386734 ) ) ;
#2405 = CARTESIAN_POINT ( 'NONE',  ( 1120.966558180180300, 438.1517141495862120, 121.2417408133146921 ) ) ;
#2406 = CARTESIAN_POINT ( 'NONE',  ( 1312.322763975226053, 427.7965396415393684, -165.3238540563785932 ) ) ;
#2407 = CARTESIAN_POINT ( 'NONE',  ( 843.9939630769164296, 112.8562244430943338, -9.599703036927149213 ) ) ;
#2408 = CARTESIAN_POINT ( 'NONE',  ( 1439.860880825443928, 723.4554161881939081, -133.8345271484542138 ) ) ;
#2409 = CARTESIAN_POINT ( 'NONE',  ( 1357.965608527867289, 863.2581607389694227, 53.00567662323881279 ) ) ;
#2410 = CARTESIAN_POINT ( 'NONE',  ( 1373.092528132910047, 1013.769500462524206, 100.4203549931728645 ) ) ;
#2411 = CARTESIAN_POINT ( 'NONE',  ( 1046.555942946275991, 284.9048602772318759, 48.01504392614813099 ) ) ;
#2412 = CARTESIAN_POINT ( 'NONE',  ( 1333.142009060137980, 532.3552489153448732, -102.1284017528063259 ) ) ;
#2413 = CARTESIAN_POINT ( 'NONE',  ( 560.0000000000000000, 6.259239030195274722, -0.5739771752138951300 ) ) ;
#2414 = CARTESIAN_POINT ( 'NONE',  ( 1231.887545911854431, 618.1508428554210468, 109.8659061372847958 ) ) ;
#2415 = CARTESIAN_POINT ( 'NONE',  ( 1220.781707759293113, 322.7284885932727434, -153.1014635198642679 ) ) ;
#2416 = CARTESIAN_POINT ( 'NONE',  ( 1106.595901772616344, 285.2290627542550965, -64.87443583526126645 ) ) ;
#2417 = CARTESIAN_POINT ( 'NONE',  ( 1218.224375311970107, 330.0657625471162646, -137.8459711815352193 ) ) ;
#2418 = CARTESIAN_POINT ( 'NONE',  ( 1050.757039285434075, 267.7923850660455400, -14.00898269956316078 ) ) ;
#2419 = CARTESIAN_POINT ( 'NONE',  ( 731.7828863560097261, 73.04365345181696512, 62.49389414891020778 ) ) ;
#2420 = CARTESIAN_POINT ( 'NONE',  ( 1266.623495018962785, 376.0697308374029717, -158.5410498169032678 ) ) ;
#2421 = CARTESIAN_POINT ( 'NONE',  ( 1474.791736085009916, 786.0706225051023921, -139.8463288862511433 ) ) ;
#2422 = CARTESIAN_POINT ( 'NONE',  ( 677.0122320564149732, 9.060258724725400725, -55.49009365392415560 ) ) ;
#2423 = CARTESIAN_POINT ( 'NONE',  ( 1435.140687971247189, 731.5122605994070000, -124.3141320638012814 ) ) ;
#2424 = CARTESIAN_POINT ( 'NONE',  ( 1465.606249717439823, 800.5092111979369065, -127.0517328875487237 ) ) ;
#2425 = CARTESIAN_POINT ( 'NONE',  ( 1255.977683306150311, 403.7206609404528308, -110.5142581129941703 ) ) ;
#2426 = CARTESIAN_POINT ( 'NONE',  ( 1257.771114079534755, 695.7874442124617644, 142.4768020650062397 ) ) ;
#2427 = CARTESIAN_POINT ( 'NONE',  ( 1119.225271828952827, 443.7059448991565773, 134.9173699760195291 ) ) ;
#2428 = CARTESIAN_POINT ( 'NONE',  ( 895.3648595866420692, 162.9259078626064934, 58.11954805598843876 ) ) ;
#2429 = CARTESIAN_POINT ( 'NONE',  ( 1261.876355859614478, 388.3875233570527143, -144.9542242202894613 ) ) ;
#2430 = CARTESIAN_POINT ( 'NONE',  ( 1247.813429772182644, 580.4481350418401462, 44.80234995026892619 ) ) ;
#2431 = CARTESIAN_POINT ( 'NONE',  ( 734.7780793716935932, 28.39737443348196422, -64.97045929223395433 ) ) ;
#2432 = CARTESIAN_POINT ( 'NONE',  ( 579.3557869177254815, 13.26326953567478917, 8.575942122404875079 ) ) ;
#2433 = CARTESIAN_POINT ( 'NONE',  ( 1441.377457098740706, 838.6011578030208966, -81.35603484358695425 ) ) ;
#2434 = CARTESIAN_POINT ( 'NONE',  ( 1349.978579566563667, 761.8935269972206470, 31.69764782484076093 ) ) ;
#2435 = CARTESIAN_POINT ( 'NONE',  ( 1122.516319268445613, 433.2086430372003178, 109.5803350958709643 ) ) ;
#2436 = CARTESIAN_POINT ( 'NONE',  ( 618.5415583292037809, 9.035989949755068196, 0.8461039695353430590 ) ) ;
#2437 = CARTESIAN_POINT ( 'NONE',  ( 675.5217412760783873, 44.72091821625625840, 48.50237059375385940 ) ) ;
#2438 = CARTESIAN_POINT ( 'NONE',  ( 560.0000000000004547, -4.230003443402755359, -6.326734258837366731 ) ) ;
#2439 = CARTESIAN_POINT ( 'NONE',  ( 1257.214396054523149, 400.5100300114016250, -115.4673985450139782 ) ) ;
#2440 = CARTESIAN_POINT ( 'NONE',  ( 1302.737217171293651, 848.8549239133341189, 148.4231085456853521 ) ) ;
#2441 = CARTESIAN_POINT ( 'NONE',  ( 1453.599487323850553, 700.0096074814572376, -156.7175104298424912 ) ) ;
#2442 = CARTESIAN_POINT ( 'NONE',  ( 1357.173258421864148, 748.6319768955896734, -8.163654335737106749 ) ) ;
#2443 = CARTESIAN_POINT ( 'NONE',  ( 1460.116239325186825, 918.0403747163524031, -70.55281096357934700 ) ) ;
#2444 = CARTESIAN_POINT ( 'NONE',  ( 841.8439893028141796, 130.3610265467544309, 34.33044478204413252 ) ) ;
#2445 = CARTESIAN_POINT ( 'NONE',  ( 1080.817138724369670, 377.4121268523147705, 122.9261331437633373 ) ) ;
#2446 = CARTESIAN_POINT ( 'NONE',  ( 560.0000000000006821, 0.4468634980643971799, 9.908787024748999528 ) ) ;
#2447 = CARTESIAN_POINT ( 'NONE',  ( 1206.907246136835056, 362.4943741122837650, -85.97607179729560301 ) ) ;
#2448 = CARTESIAN_POINT ( 'NONE',  ( 560.0000000000000000, 5.558663229108735671, 24.78907897210799050 ) ) ;
#2449 = CARTESIAN_POINT ( 'NONE',  ( 579.3350978934772684, 16.09117574897092950, 24.06402201170170230 ) ) ;
#2450 = CARTESIAN_POINT ( 'NONE',  ( 792.4424739428122848, 45.91353886038159260, -76.55447804506420084 ) ) ;
#2451 = CARTESIAN_POINT ( 'NONE',  ( 560.0000000000006821, -0.2396069954464340179, -19.48616359986704083 ) ) ;
#2452 = CARTESIAN_POINT ( 'NONE',  ( 1263.352314475888306, 384.5744770127531638, -139.8957321836163601 ) ) ;
#2453 = CARTESIAN_POINT ( 'NONE',  ( 1098.112712531627039, 315.5427344333315887, -14.96773191491586807 ) ) ;
#2454 = CARTESIAN_POINT ( 'NONE',  ( 1280.937784934333195, 773.5165202689789794, 154.1080365934388112 ) ) ;
#2455 = CARTESIAN_POINT ( 'NONE',  ( 849.5374946224721953, 67.86535860661220454, -84.38630774953436742 ) ) ;
#2456 = CARTESIAN_POINT ( 'NONE',  ( 676.7508121905999587, 15.17647173532573213, -51.45537748839599601 ) ) ;
#2457 = CARTESIAN_POINT ( 'NONE',  ( 848.5487258376592763, 75.94360551083421740, -61.53825982653791016 ) ) ;
#2458 = CARTESIAN_POINT ( 'NONE',  ( 1351.746992073961792, 492.0030296698928396, -166.5789511517061783 ) ) ;
#2459 = CARTESIAN_POINT ( 'NONE',  ( 1122.973024600040162, 431.7830543609028950, 122.3369680723015733 ) ) ;
#2460 = CARTESIAN_POINT ( 'NONE',  ( 675.3136917501512926, 49.63393597081389430, 57.64240905694179418 ) ) ;
#2461 = CARTESIAN_POINT ( 'NONE',  ( 1366.489397423919172, 956.3574498319079566, 93.94717110695529527 ) ) ;
#2462 = CARTESIAN_POINT ( 'NONE',  ( 675.4912054741915881, 45.18808162278634200, 23.14121411715544596 ) ) ;
#2463 = CARTESIAN_POINT ( 'NONE',  ( 1119.923506480388824, 237.6243895109918185, -131.3271868263074964 ) ) ;
#2464 = CARTESIAN_POINT ( 'NONE',  ( 1412.817888818765368, 769.6166479458979666, -76.62540589129669399 ) ) ;
#2465 = CARTESIAN_POINT ( 'NONE',  ( 733.2797792796086469, 50.82790037918051951, 9.403004096005870949 ) ) ;
#2466 = CARTESIAN_POINT ( 'NONE',  ( 560.0000000000003411, 11.27736650453051048, 30.21843627601811733 ) ) ;
#2467 = CARTESIAN_POINT ( 'NONE',  ( 560.0000000000000000, 5.952327976422812306, -1.630198811909351564 ) ) ;
#2468 = CARTESIAN_POINT ( 'NONE',  ( 1082.420910934035874, 371.6828927954376809, 112.6845890436273692 ) ) ;
#2469 = CARTESIAN_POINT ( 'NONE',  ( 1058.108068897528710, 238.0617754343240904, -38.76807942134614393 ) ) ;
#2470 = CARTESIAN_POINT ( 'NONE',  ( 1435.940524283312698, 730.1561169052514515, -115.0943562780205411 ) ) ;
#2471 = CARTESIAN_POINT ( 'NONE',  ( 1079.640683341358454, 381.6017788390958003, 120.4966359487061567 ) ) ;
#2472 = CARTESIAN_POINT ( 'NONE',  ( 1114.180118648949019, 258.1354180194602463, -105.1540735784764706 ) ) ;
#2473 = CARTESIAN_POINT ( 'NONE',  ( 1168.642082995350847, 472.0948285511200311, 70.51469846076362558 ) ) ;
#2474 = CARTESIAN_POINT ( 'NONE',  ( 840.9035231705937576, 138.1141261137686058, 78.77082573037108659 ) ) ;
#2475 = CARTESIAN_POINT ( 'NONE',  ( 733.0653112874038015, 54.01849181174344494, 17.81363140069699824 ) ) ;
#2476 = B_SPLINE_CURVE_WITH_KNOTS ( 'NONE', 3,
 ( #4018, #2055, #2586, #253, #4508, #3509, #4108, #1071, #4913, #607, #2086, #2527, #1612, #3983, #2115, #5422, #1165, #1102, #4943, #5478, #5002, #3540, #884, #2772, #2272, #1766, #5600, #3285 ),
 .UNSPECIFIED., .F., .F.,
 ( 4, 1, 1, 1, 1, 1, 1, 1, 1, 1, 1, 1, 1, 1, 1, 1, 1, 1, 1, 1, 1, 1, 1, 1, 1, 4 ),
 ( 0.2512999854044257186, 0.2720090984367990461, 0.2929353215932316012, 0.3138614200833925172, 0.3347874689964515094, 0.3557136927701884943, 0.3766395529547210130, 0.3975655583698210482, 0.4184911179928333391, 0.4394166179368656500, 0.4603407288610046888, 0.4812593371801230924, 0.5019710506878047873, 0.5180095208955491914, 0.5389299636442727026, 0.5598556804588065150, 0.5807819334298126579, 0.6017082463981230367, 0.6226346493023495743, 0.6435610038941044220, 0.6644873990408081132, 0.6854137711750688533, 0.7063400518803698569, 0.7272664604117230480, 0.7481928286915329185, 0.7512999999882867819 ),
 .UNSPECIFIED. ) ;
#2477 = CARTESIAN_POINT ( 'NONE',  ( 559.9999999999998863, -7.895554948621160030, -20.33686945142939351 ) ) ;
#2478 = PLANE ( 'NONE',  #5412 ) ;
#2479 = CARTESIAN_POINT ( 'NONE',  ( 618.2265928254010987, 26.81013384073778028, 29.05712265576818965 ) ) ;
#2480 = CARTESIAN_POINT ( 'NONE',  ( 1454.583111463479327, 698.3293234108775778, -160.0182642716578698 ) ) ;
#2481 = CARTESIAN_POINT ( 'NONE',  ( 1408.443527003899590, 777.0839073412279276, -66.89966094314937095 ) ) ;
#2482 = CARTESIAN_POINT ( 'NONE',  ( 1420.317832700521421, 632.4074484518367854, -151.0604368433891409 ) ) ;
#2483 = CC_DESIGN_PERSON_AND_ORGANIZATION_ASSIGNMENT ( #474, #4323, ( #4013 ) ) ;
#2484 = CARTESIAN_POINT ( 'NONE',  ( 1184.335131769327290, 427.1231949074069121, -7.396585693317710763 ) ) ;
#2485 = CARTESIAN_POINT ( 'NONE',  ( 1376.397628219894159, 1008.749013818841945, 94.32667911693332030 ) ) ;
#2486 = CARTESIAN_POINT ( 'NONE',  ( 1384.456464895092267, 566.9309793533928996, -156.2022637959038036 ) ) ;
#2487 = CARTESIAN_POINT ( 'NONE',  ( 1457.411798267553650, 813.3965047224963882, -102.6710479157744516 ) ) ;
#2488 = CARTESIAN_POINT ( 'NONE',  ( 1229.277521787025080, 624.3505756257304711, 136.2928223457719810 ) ) ;
#2489 = CARTESIAN_POINT ( 'NONE',  ( 1118.314317852681143, 446.6141208172421102, 142.8363393651217734 ) ) ;
#2490 = CARTESIAN_POINT ( 'NONE',  ( 732.4949076024055330, 62.49082396334343059, 38.64871729435521530 ) ) ;
#2491 = CARTESIAN_POINT ( 'NONE',  ( 1166.072992858242969, 294.4499179393472446, -124.0995416510170060 ) ) ;
#2492 = CARTESIAN_POINT ( 'NONE',  ( 731.5702930160972528, 76.18394517385934250, 66.10400020286650147 ) ) ;
#2493 = CARTESIAN_POINT ( 'NONE',  ( 1386.403770634761258, 694.8238409786205239, -81.61697386158526513 ) ) ;
#2494 = CARTESIAN_POINT ( 'NONE',  ( 1291.590026815033980, 622.4563472588105242, 31.96529217977171200 ) ) ;
#2495 = CARTESIAN_POINT ( 'NONE',  ( 1193.473858762107284, 565.9742779218307760, 134.8492240369496926 ) ) ;
#2496 = CARTESIAN_POINT ( 'NONE',  ( 1389.629114952570035, 1022.135711645367110, 76.73570747530699521 ) ) ;
#2497 = CARTESIAN_POINT ( 'NONE',  ( 675.5849424149060951, 43.22416699698334241, 44.98594850184202443 ) ) ;
#2498 = CARTESIAN_POINT ( 'NONE',  ( 1386.564455944568863, 694.5426415315598661, -64.43214759410822978 ) ) ;
#2499 = CARTESIAN_POINT ( 'NONE',  ( 560.0000000000000000, -9.590917398945576267, -27.37181807848440585 ) ) ;
#2500 = CARTESIAN_POINT ( 'NONE',  ( 1156.518608567861520, 506.8567415248905945, 142.8292336849084450 ) ) ;
#2501 = CARTESIAN_POINT ( 'NONE',  ( 1392.977319454249255, 549.9352677918499239, -172.8102097697080239 ) ) ;
#2502 = CARTESIAN_POINT ( 'NONE',  ( 1454.375419615181727, 926.5184133266697017, -60.59594238364428520 ) ) ;
#2503 = CARTESIAN_POINT ( 'NONE',  ( 1200.081851923126578, 548.8085043592363945, 100.4569151855067020 ) ) ;
#2504 = CARTESIAN_POINT ( 'NONE',  ( 1387.691799922026121, 1024.996737153742288, 79.85934267797999553 ) ) ;
#2505 = CARTESIAN_POINT ( 'NONE',  ( 1281.696355699375999, 643.9095966757457745, 64.27845243736234693 ) ) ;
#2506 = CARTESIAN_POINT ( 'NONE',  ( 1207.942571555149470, 359.5280733227710357, -90.76017916754770454 ) ) ;
#2507 = CARTESIAN_POINT ( 'NONE',  ( 1458.938059061385502, 919.7803105218640667, -63.34228206636058189 ) ) ;
#2508 = CARTESIAN_POINT ( 'NONE',  ( 560.0000000000002274, 11.22445599375219061, 28.02408058270131974 ) ) ;
#2509 = CARTESIAN_POINT ( 'NONE',  ( 792.4690456463417831, 45.63546130655510069, -76.60352963723818220 ) ) ;
#2510 = CARTESIAN_POINT ( 'NONE',  ( 1003.984623905996159, 211.9149423054187196, -34.43576242983546365 ) ) ;
#2511 = CARTESIAN_POINT ( 'NONE',  ( 1348.174304756237916, 499.7598152841207479, -149.3821337987930065 ) ) ;
#2512 = CARTESIAN_POINT ( 'NONE',  ( 897.3453044899383713, 149.9438477050838401, 31.15445777183738585 ) ) ;
#2513 = CARTESIAN_POINT ( 'NONE',  ( 732.6868606486527824, 59.41021186470994309, -3.211326400807064996 ) ) ;
#2514 = CARTESIAN_POINT ( 'NONE',  ( 1248.055119687324122, 716.8528974648232861, 170.4942386571751456 ) ) ;
#2515 = CARTESIAN_POINT ( 'NONE',  ( 1204.476014044386602, 537.4271580950110092, 100.7301468891042049 ) ) ;
#2516 = CARTESIAN_POINT ( 'NONE',  ( 560.0000000000002274, 8.834920682989460872, 33.04794792338578446 ) ) ;
#2517 = CARTESIAN_POINT ( 'NONE',  ( 792.5418693957877849, 44.88794185640899315, -74.87058894469035408 ) ) ;
#2518 = CARTESIAN_POINT ( 'NONE',  ( 676.4357780747275228, 22.63504767138303464, -38.20061205019420214 ) ) ;
#2519 = CARTESIAN_POINT ( 'NONE',  ( 1066.004609183408320, 205.9949607465268855, -111.9247649217846714 ) ) ;
#2520 = CARTESIAN_POINT ( 'NONE',  ( 734.6725590618530077, 30.07340992368041910, -47.64779274598192416 ) ) ;
#2521 = CARTESIAN_POINT ( 'NONE',  ( 560.0000000000003411, 7.332445406638799845, 29.27777780653310202 ) ) ;
#2522 = CARTESIAN_POINT ( 'NONE',  ( 1343.181381982630910, 993.0062443781650927, 141.8238443426936897 ) ) ;
#2523 = CARTESIAN_POINT ( 'NONE',  ( 1044.430366246907852, 293.5221006404171931, 63.73375047031775154 ) ) ;
#2524 = CARTESIAN_POINT ( 'NONE',  ( 559.9999999999994316, 9.825964646515640055, 14.80840996018897826 ) ) ;
#2525 = CARTESIAN_POINT ( 'NONE',  ( 1273.541000318492479, 788.2743480014898978, 170.9837350704210053 ) ) ;
#2526 = CARTESIAN_POINT ( 'NONE',  ( 1430.580094532337853, 855.5772570168320499, -59.77191465853017149 ) ) ;
#2527 = CARTESIAN_POINT ( 'NONE',  ( 560.0000000000000000, -5.981758390270239367, -31.68967748156129716 ) ) ;
#2528 = CARTESIAN_POINT ( 'NONE',  ( 840.4891577289573661, 141.4443567683464664, 75.35762136841066194 ) ) ;
#2529 = CARTESIAN_POINT ( 'NONE',  ( 732.6875697154396221, 59.39985236792194456, -3.207375099310070699 ) ) ;
#2530 = CARTESIAN_POINT ( 'NONE',  ( 1125.019434090842879, 425.2656548175745002, 111.1976621298156260 ) ) ;
#2531 = CARTESIAN_POINT ( 'NONE',  ( 1008.267902935115785, 192.0193521392146465, -42.93747530427939552 ) ) ;
#2532 = CARTESIAN_POINT ( 'NONE',  ( 1300.713134876417826, 852.5822870299781471, 155.1264709613886623 ) ) ;
#2533 = CARTESIAN_POINT ( 'NONE',  ( 849.4824013714521698, 68.29668191359978380, -86.29506871467877716 ) ) ;
#2534 = CARTESIAN_POINT ( 'NONE',  ( 1209.350370321637229, 355.4623785406153047, -114.4077844231794217 ) ) ;
#2535 = CARTESIAN_POINT ( 'NONE',  ( 1401.458652139671813, 1004.665859240897248, 44.18889711551298660 ) ) ;
#2536 = CARTESIAN_POINT ( 'NONE',  ( 1158.309199301181252, 501.7333163806283665, 141.9424552230113932 ) ) ;
#2537 = CARTESIAN_POINT ( 'NONE',  ( 1216.697554964236815, 505.6998063622563109, 50.34007162877977493 ) ) ;
#2538 = CARTESIAN_POINT ( 'NONE',  ( 676.2910335799207360, 26.41776554946224564, 0.8896082680980902380 ) ) ;
#2539 = CARTESIAN_POINT ( 'NONE',  ( 991.8142874579643831, 268.7306988858058503, 88.11919462718562102 ) ) ;
#2540 = CARTESIAN_POINT ( 'NONE',  ( 1267.260548631672918, 374.4172521908674298, -160.0335308247023249 ) ) ;
#2541 = CARTESIAN_POINT ( 'NONE',  ( 1404.098730431116110, 784.5007149405333848, -57.14704818273945364 ) ) ;
#2542 = CARTESIAN_POINT ( 'NONE',  ( 1421.408583881414643, 630.3993957719767423, -153.8614606050877853 ) ) ;
#2543 = CARTESIAN_POINT ( 'NONE',  ( 1176.248158718729655, 450.3410880413690052, 57.78277713117707037 ) ) ;
#2544 = CARTESIAN_POINT ( 'NONE',  ( 1046.585911331612579, 284.7074227593737987, 17.61626812545710763 ) ) ;
#2545 = CARTESIAN_POINT ( 'NONE',  ( 1042.287268106697638, 302.2094813671667453, 79.43053619252626163 ) ) ;
#2546 = CARTESIAN_POINT ( 'NONE',  ( 1037.509110155860981, 321.5755961873649653, 114.4169362085975479 ) ) ;
#2547 = CARTESIAN_POINT ( 'NONE',  ( 1392.915581821159321, 550.0575567184192778, -173.1893254645358411 ) ) ;
#2548 = CARTESIAN_POINT ( 'NONE',  ( 1295.289441712015332, 468.0899775113869623, -119.9513930742895980 ) ) ;
#2549 = CARTESIAN_POINT ( 'NONE',  ( 904.3516139070304689, 103.9084255345188268, -85.61862098863403503 ) ) ;
#2550 = CARTESIAN_POINT ( 'NONE',  ( 848.6880217911548243, 74.80900482479208335, -64.26996359832931205 ) ) ;
#2551 = CARTESIAN_POINT ( 'NONE',  ( 732.0369489966558376, 69.28212555972910991, 54.16362787485667951 ) ) ;
#2552 = CARTESIAN_POINT ( 'NONE',  ( 1189.314647503636706, 576.7819574599465113, 158.8751465396697711 ) ) ;
#2553 = CARTESIAN_POINT ( 'NONE',  ( 842.6196774434378085, 124.1780804742997759, 49.61040592458489584 ) ) ;
#2554 = CARTESIAN_POINT ( 'NONE',  ( 1402.601248476849150, 968.9456701126302960, 27.67429213146350975 ) ) ;
#2555 = CARTESIAN_POINT ( 'NONE',  ( 676.1000677578085742, 30.61334081223510495, -20.67885805945626032 ) ) ;
#2556 = CARTESIAN_POINT ( 'NONE',  ( 1420.338536227185386, 942.0022170617949087, 2.040226897412197538 ) ) ;
#2557 = CARTESIAN_POINT ( 'NONE',  ( 1080.131019232446761, 379.8457882798811625, 115.7531277179053859 ) ) ;
#2558 = CARTESIAN_POINT ( 'NONE',  ( 1399.376033269981463, 1007.741469359257849, 56.31372609879623070 ) ) ;
#2559 = CARTESIAN_POINT ( 'NONE',  ( 945.0332331822598917, 212.8340489245262290, 79.83810011391773287 ) ) ;
#2560 = CARTESIAN_POINT ( 'NONE',  ( 1241.145724372989889, 442.2280540574017209, -50.40322613887471448 ) ) ;
#2561 = CARTESIAN_POINT ( 'NONE',  ( 1275.915035836932702, 783.5340920652030263, 161.5076751377796995 ) ) ;
#2562 = CARTESIAN_POINT ( 'NONE',  ( 961.2971447931589637, 123.9052117383754421, -105.9290197268899760 ) ) ;
#2563 = CARTESIAN_POINT ( 'NONE',  ( 903.2440451963994974, 111.1583739482646820, -74.89088626017964145 ) ) ;
#2564 = CARTESIAN_POINT ( 'NONE',  ( 841.0944232479221228, 136.4816829175691737, 54.11468067641948920 ) ) ;
#2565 = CARTESIAN_POINT ( 'NONE',  ( 1324.458629741930736, 920.4751078808578768, 151.5570400283212962 ) ) ;
#2566 = CARTESIAN_POINT ( 'NONE',  ( 950.4868992438015312, 183.0373528963867500, 20.88947203884144344 ) ) ;
#2567 = CARTESIAN_POINT ( 'NONE',  ( 1411.082858705187618, 886.2402808917255470, -3.224740306170725379 ) ) ;
#2568 = CARTESIAN_POINT ( 'NONE',  ( 992.1137305492831047, 267.3303375789282086, 84.14258895912043101 ) ) ;
#2569 = CARTESIAN_POINT ( 'NONE',  ( 560.0000000000000000, -9.037994395325616992, -36.20953469823679427 ) ) ;
#2570 = CARTESIAN_POINT ( 'NONE',  ( 1426.307526991813802, 862.2948749477143338, -51.07112365243563801 ) ) ;
#2571 = CARTESIAN_POINT ( 'NONE',  ( 1137.215959106715218, 386.4176069046417297, 45.64441144853893206 ) ) ;
#2572 = CARTESIAN_POINT ( 'NONE',  ( 1178.267176152238562, 444.5102323392254675, 21.48426975646978576 ) ) ;
#2573 = CARTESIAN_POINT ( 'NONE',  ( 895.1400511530621316, 164.3989298027423445, 61.11252513928506147 ) ) ;
#2574 = CARTESIAN_POINT ( 'NONE',  ( 1194.323255601794017, 563.7826205647584175, 143.0838424817332566 ) ) ;
#2575 = CARTESIAN_POINT ( 'NONE',  ( 579.4795375978153515, -4.027271729296375113, -18.77627974425082513 ) ) ;
#2576 = CARTESIAN_POINT ( 'NONE',  ( 792.4690456463417831, 45.63546130655510069, -76.60352963723818220 ) ) ;
#2577 = CARTESIAN_POINT ( 'NONE',  ( 1462.209385179149194, 914.9492183548296680, -69.77861577538455151 ) ) ;
#2578 = CARTESIAN_POINT ( 'NONE',  ( 579.4530001400171386, -0.2118180471844565427, -29.55684708175668263 ) ) ;
#2579 = CARTESIAN_POINT ( 'NONE',  ( 1165.703334093562262, 295.6633655804615159, -108.0849655264909899 ) ) ;
#2580 = CARTESIAN_POINT ( 'NONE',  ( 676.9132987809924771, 11.48648723440856223, -44.89921849063878057 ) ) ;
#2581 = CARTESIAN_POINT ( 'NONE',  ( 944.8177902136436614, 214.0107119071028308, 82.07693319528304698 ) ) ;
#2582 = CARTESIAN_POINT ( 'NONE',  ( 1370.984626247910683, 1016.971429371853219, 103.1408508501435932 ) ) ;
#2583 = CARTESIAN_POINT ( 'NONE',  ( 1374.721934588306112, 943.4128048755727605, 75.99691075198535373 ) ) ;
#2584 = CARTESIAN_POINT ( 'NONE',  ( 1211.738626312686620, 348.6223387895602173, -123.4792906694345618 ) ) ;
#2585 = CARTESIAN_POINT ( 'NONE',  ( 790.1134863960527355, 70.48068811842608739, -36.82559060905893489 ) ) ;
#2586 = CARTESIAN_POINT ( 'NONE',  ( 560.0000000000000000, 5.031714591309187412, -4.705843977438504133 ) ) ;
#2587 = CARTESIAN_POINT ( 'NONE',  ( 1158.359316944554621, 501.5765944427936915, 130.7398173523850744 ) ) ;
#2588 = CARTESIAN_POINT ( 'NONE',  ( 1424.535632055432188, 970.5857911289217554, -4.152013243324089053 ) ) ;
#2589 = CARTESIAN_POINT ( 'NONE',  ( 1261.049449346212214, 688.6789523437041680, 131.6597170363756106 ) ) ;
#2590 = CARTESIAN_POINT ( 'NONE',  ( 579.4666502964759047, -2.250103763758871889, -12.26382305809913831 ) ) ;
#2591 = CARTESIAN_POINT ( 'NONE',  ( 1387.668912540263136, 1025.030537223434749, 76.60192310500049473 ) ) ;
#2592 = CARTESIAN_POINT ( 'NONE',  ( 1267.846490829775348, 372.8989821732822065, -160.4550199202722638 ) ) ;
#2593 = CARTESIAN_POINT ( 'NONE',  ( 1296.874019684583800, 464.3405690455444983, -124.8347388142270944 ) ) ;
#2594 = CARTESIAN_POINT ( 'NONE',  ( 1234.867166407768536, 611.0960902303120292, 97.03839187273467815 ) ) ;
#2595 = CARTESIAN_POINT ( 'NONE',  ( 618.2771322300468455, 24.29681070942378440, 43.05417202589158876 ) ) ;
#2596 = CARTESIAN_POINT ( 'NONE',  ( 952.4695515358928333, 172.1999712706306696, -1.308623739783131734 ) ) ;
#2597 = CARTESIAN_POINT ( 'NONE',  ( 1346.617471848403966, 503.1353807236949933, -144.5903779959940039 ) ) ;
#2598 = CARTESIAN_POINT ( 'NONE',  ( 1162.398234450377686, 489.9943796714001678, 105.6315168848506687 ) ) ;
#2599 = CARTESIAN_POINT ( 'NONE',  ( 1312.319000118111489, 427.8010005288265347, -167.0953826702611025 ) ) ;
#2600 = CARTESIAN_POINT ( 'NONE',  ( 1443.315223308089571, 942.8521036472124024, -40.44150575064147546 ) ) ;
#2601 = CARTESIAN_POINT ( 'NONE',  ( 579.4046266843378135, 6.328897513592607105, 16.17002926777428584 ) ) ;
#2602 = CARTESIAN_POINT ( 'NONE',  ( 1259.092770944413587, 553.7503801721544505, 2.504108731633157614 ) ) ;
#2603 = CARTESIAN_POINT ( 'NONE',  ( 942.3183301252702222, 227.6579708695486772, 105.8719287901679706 ) ) ;
#2604 = CARTESIAN_POINT ( 'NONE',  ( 618.3873781381788604, 17.98483725659697186, 27.22375471739882613 ) ) ;
#2605 = CARTESIAN_POINT ( 'NONE',  ( 790.9744083203914897, 61.53682170662247586, -27.97828267453033391 ) ) ;
#2606 = CARTESIAN_POINT ( 'NONE',  ( 579.4487945050276494, 0.3722841739935462413, -28.33935147764743334 ) ) ;
#2607 = CARTESIAN_POINT ( 'NONE',  ( 1013.480382288307624, 167.6926872063508256, -90.33806754887622503 ) ) ;
#2608 = CARTESIAN_POINT ( 'NONE',  ( 849.0296681584649150, 72.02419492305348570, -71.21319780423932855 ) ) ;
#2609 = CARTESIAN_POINT ( 'NONE',  ( 1336.391788729235259, 900.1022740284431620, 122.8455323842944438 ) ) ;
#2610 = CARTESIAN_POINT ( 'NONE',  ( 1035.728632843001833, 328.7903133050693327, 125.0607354290718689 ) ) ;
#2611 = CARTESIAN_POINT ( 'NONE',  ( 1243.670218085055239, 590.2880206245301906, 83.70950476752463487 ) ) ;
#2612 = CARTESIAN_POINT ( 'NONE',  ( 676.6277827598322574, 18.08416444453586180, -46.75118915161854005 ) ) ;
#2613 = CARTESIAN_POINT ( 'NONE',  ( 675.3091857428875073, 49.73766437929396034, 57.46803201079779200 ) ) ;
#2614 = CARTESIAN_POINT ( 'NONE',  ( 1339.799082027577242, 656.0337425336817887, -40.47056734766272967 ) ) ;
#2615 = CARTESIAN_POINT ( 'NONE',  ( 733.4936263538888852, 47.64568259314469145, 0.9889996387191205551 ) ) ;
#2616 = CARTESIAN_POINT ( 'NONE',  ( 618.2102211337754625, 27.97661728304144901, 43.28472339194876639 ) ) ;
#2617 = CARTESIAN_POINT ( 'NONE',  ( 1096.756926466386858, 320.3883248995759914, -6.518156327567963260 ) ) ;
#2618 = CARTESIAN_POINT ( 'NONE',  ( 675.5682008449159639, 43.61880126548048509, 45.90477966197936865 ) ) ;
#2619 = CARTESIAN_POINT ( 'NONE',  ( 956.7073674043276696, 149.0306011392471248, -49.09920228017610810 ) ) ;
#2620 = CARTESIAN_POINT ( 'NONE',  ( 892.3095166481166416, 182.9280368732430873, 92.03306364571923837 ) ) ;
#2621 = CARTESIAN_POINT ( 'NONE',  ( 1454.574085610826160, 698.3449636931158011, -159.7741896484558595 ) ) ;
#2622 = CARTESIAN_POINT ( 'NONE',  ( 1428.362020421457373, 743.0829576793598790, -110.2048957979174872 ) ) ;
#2623 = CARTESIAN_POINT ( 'NONE',  ( 1293.111755065160651, 749.2058748320870336, 100.4385984938915186 ) ) ;
#2624 = CARTESIAN_POINT ( 'NONE',  ( 1038.317301253782944, 318.3004138119007962, 108.5004659167132104 ) ) ;
#2625 = CARTESIAN_POINT ( 'NONE',  ( 1096.285134256116180, 322.1404251431460466, 25.93775063447352025 ) ) ;
#2626 = CARTESIAN_POINT ( 'NONE',  ( 1100.743750928829286, 306.2050402132617251, -2.360310964337298145 ) ) ;
#2627 = CARTESIAN_POINT ( 'NONE',  ( 792.3391292068341727, 47.06706817690246680, -65.48369759393294487 ) ) ;
#2628 = CARTESIAN_POINT ( 'NONE',  ( 1289.175581665935624, 757.0625408540369108, 113.7170838304493401 ) ) ;
#2629 = CARTESIAN_POINT ( 'NONE',  ( 905.6150009749686660, 95.64047120560498172, -95.81781950438789863 ) ) ;
#2630 = CARTESIAN_POINT ( 'NONE',  ( 1188.490843524082266, 415.2166009482938875, -26.43269247014604062 ) ) ;
#2631 = CARTESIAN_POINT ( 'NONE',  ( 1174.546749741095482, 455.2156742070127393, 65.79282670732141014 ) ) ;
#2632 = CARTESIAN_POINT ( 'NONE',  ( 1047.608511542505084, 280.5600998068061926, 9.663331332389008210 ) ) ;
#2633 = CARTESIAN_POINT ( 'NONE',  ( 559.9999999999998863, 10.71102244002477732, 36.59843582617797608 ) ) ;
#2634 = CARTESIAN_POINT ( 'NONE',  ( 997.0054065416122739, 244.5640265316453679, 58.88186784740306479 ) ) ;
#2635 = CARTESIAN_POINT ( 'NONE',  ( 1109.456652986862082, 275.0624697943714523, -57.50307308443922238 ) ) ;
#2636 = CARTESIAN_POINT ( 'NONE',  ( 849.4583005566050815, 68.49029169463995004, -86.35928098636547645 ) ) ;
#2637 = CARTESIAN_POINT ( 'NONE',  ( 902.7067602560611022, 114.6769761490531323, -69.26344040322786100 ) ) ;
#2638 = CARTESIAN_POINT ( 'NONE',  ( 1341.557147662552097, 514.1079959365249579, -128.7135373874942275 ) ) ;
#2639 = CARTESIAN_POINT ( 'NONE',  ( 1440.275143907052779, 722.7563714967228634, -125.2002029310108071 ) ) ;
#2640 = CARTESIAN_POINT ( 'NONE',  ( 1083.077665133878554, 369.3361071960193271, 108.5365937654840849 ) ) ;
#2641 = CARTESIAN_POINT ( 'NONE',  ( 892.2888794437096749, 183.0737328090048095, 96.01807904606479838 ) ) ;
#2642 = CARTESIAN_POINT ( 'NONE',  ( 1133.033460377656638, 399.7403874122583716, 68.26598081131110973 ) ) ;
#2643 = CARTESIAN_POINT ( 'NONE',  ( 676.9965482008117306, 9.481906009413737735, -51.17129563228565559 ) ) ;
#2644 = CARTESIAN_POINT ( 'NONE',  ( 903.5266807320391536, 109.3079188952131204, -77.75545549494138697 ) ) ;
#2645 = CARTESIAN_POINT ( 'NONE',  ( 1148.565706476472087, 350.2019210838103049, -42.80629395073153631 ) ) ;
#2646 = CARTESIAN_POINT ( 'NONE',  ( 1408.334094659827770, 890.5622832373081792, 2.746702294170422221 ) ) ;
#2647 = CARTESIAN_POINT ( 'NONE',  ( 579.3294437126332923, 16.81090406483787447, 38.19353657194007923 ) ) ;
#2648 = CARTESIAN_POINT ( 'NONE',  ( 560.0000000000000000, -2.285464384511758595, 0.6485753070780067020 ) ) ;
#2649 = CARTESIAN_POINT ( 'NONE',  ( 1127.147296239502339, 418.4885470831277985, 99.85497852001820718 ) ) ;
#2650 = CARTESIAN_POINT ( 'NONE',  ( 1440.161607460791629, 911.8905582411027808, -39.13873391037800076 ) ) ;
#2651 = CARTESIAN_POINT ( 'NONE',  ( 1274.870975264119124, 785.6185530824935768, 165.4337727128725533 ) ) ;
#2652 = CARTESIAN_POINT ( 'NONE',  ( 579.4406466916764202, 1.505502371744228185, -25.88062431816597453 ) ) ;
#2653 = CARTESIAN_POINT ( 'NONE',  ( 840.9108828850439750, 137.9837873549394942, 59.77809804072632005 ) ) ;
#2654 = CARTESIAN_POINT ( 'NONE',  ( 1194.920533221059941, 562.2322436885245907, 140.5618936694105230 ) ) ;
#2655 = CARTESIAN_POINT ( 'NONE',  ( 1180.329733852406207, 438.6469937587238519, 38.60574891010753618 ) ) ;
#2656 = CARTESIAN_POINT ( 'NONE',  ( 618.6842776808099416, 0.6255779738039369819, -27.42555148810557597 ) ) ;
#2657 = CARTESIAN_POINT ( 'NONE',  ( 790.0702994592666073, 71.11300193911533540, -3.826837129891967226 ) ) ;
#2658 = CARTESIAN_POINT ( 'NONE',  ( 1067.310968375860057, 200.7373497676977934, -107.4991631521382232 ) ) ;
#2659 = CARTESIAN_POINT ( 'NONE',  ( 1037.241116373594878, 322.6352664155544403, 103.0416845022020453 ) ) ;
#2660 = CARTESIAN_POINT ( 'NONE',  ( 1266.623495018962785, 376.0697308374029717, -158.5410498169032678 ) ) ;
#2661 = CARTESIAN_POINT ( 'NONE',  ( 1192.711390338145975, 403.1248306369091665, -45.33685001602876241 ) ) ;
#2662 = CARTESIAN_POINT ( 'NONE',  ( 1012.716257647322550, 171.2059234680153281, -99.71692674493398556 ) ) ;
#2663 = CARTESIAN_POINT ( 'NONE',  ( 1176.280557702783426, 450.2030018851975797, 31.17817457878902587 ) ) ;
#2664 = CARTESIAN_POINT ( 'NONE',  ( 1189.689149899138101, 575.8109912374007990, 159.5201129770614159 ) ) ;
#2665 = CARTESIAN_POINT ( 'NONE',  ( 1325.709435268444167, 806.5708253009391910, 95.98158018741024478 ) ) ;
#2666 = CARTESIAN_POINT ( 'NONE',  ( 579.4718235433367681, -2.963673185010062827, -14.86771423223996003 ) ) ;
#2667 = CARTESIAN_POINT ( 'NONE',  ( 1270.925133075864096, 667.2422533765592334, 79.07382257946404991 ) ) ;
#2668 = CARTESIAN_POINT ( 'NONE',  ( 1331.280197273822523, 536.3711176435131165, -112.9632293468176982 ) ) ;
#2669 = CARTESIAN_POINT ( 'NONE',  ( 1460.235176154724059, 917.8647288880625865, -65.90393882658305813 ) ) ;
#2670 = CARTESIAN_POINT ( 'NONE',  ( 734.8388276560701797, 27.58651174022485009, -55.18215070912987841 ) ) ;
#2671 = CARTESIAN_POINT ( 'NONE',  ( 560.0000000000000000, 6.417528533789662148, 26.97611980522912489 ) ) ;
#2672 = CARTESIAN_POINT ( 'NONE',  ( 1384.968118849322536, 1029.019067493840112, 83.88363540874624391 ) ) ;
#2673 = CARTESIAN_POINT ( 'NONE',  ( 896.2548796754700788, 157.0926450088569482, 46.16562548492717610 ) ) ;
#2674 = CARTESIAN_POINT ( 'NONE',  ( 1218.812969914898986, 328.3782801688441282, -140.7136375319358876 ) ) ;
#2675 = CARTESIAN_POINT ( 'NONE',  ( 1273.735542316247802, 519.0951602718776030, -49.38165661336268641 ) ) ;
#2676 = CARTESIAN_POINT ( 'NONE',  ( 560.0000000000004547, -2.942211668152364457, -1.674132864091548711 ) ) ;
#2677 = CARTESIAN_POINT ( 'NONE',  ( 579.3296030650010380, 16.79307731213707200, 37.30044381453056701 ) ) ;
#2678 = CARTESIAN_POINT ( 'NONE',  ( 1084.242833109636422, 365.1730293252187494, 101.3624160100059441 ) ) ;
#2679 = CARTESIAN_POINT ( 'NONE',  ( 1358.897766313799139, 617.9447380847824434, -74.37603257277902458 ) ) ;
#2680 = CARTESIAN_POINT ( 'NONE',  ( 786.6497615648393094, 107.2468062011781029, 73.26223279277344602 ) ) ;
#2681 = CARTESIAN_POINT ( 'NONE',  ( 1397.173958610153477, 674.9989645178447972, -107.2502161923955413 ) ) ;
#2682 = CARTESIAN_POINT ( 'NONE',  ( 618.2191810200097279, 27.28905820465368848, 32.85446924415065695 ) ) ;
#2683 = CARTESIAN_POINT ( 'NONE',  ( 841.1464915612446021, 136.1427747003241961, 74.72897027138606063 ) ) ;
#2684 = CARTESIAN_POINT ( 'NONE',  ( 949.8934662302075367, 186.2809254445163845, 27.55115064810468439 ) ) ;
#2685 = CARTESIAN_POINT ( 'NONE',  ( 787.2124798052147980, 101.3258541006319859, 66.35091705856751787 ) ) ;
#2686 = CARTESIAN_POINT ( 'NONE',  ( 676.7469094776187148, 15.49239708134203397, -32.00896431509597306 ) ) ;
#2687 = CARTESIAN_POINT ( 'NONE',  ( 1297.015257546583825, 464.0314035026594297, -109.8199033650234071 ) ) ;
#2688 = AXIS2_PLACEMENT_3D ( 'NONE', #729, #2117, #699 ) ;
#2689 = CARTESIAN_POINT ( 'NONE',  ( 560.0000000000000000, -2.506690375110735225, -0.1250028600824037162 ) ) ;
#2690 = CARTESIAN_POINT ( 'NONE',  ( 1067.061030469568323, 201.7507078974665262, -105.7410220920624369 ) ) ;
#2691 = CARTESIAN_POINT ( 'NONE',  ( 1380.441013518995305, 1002.607269400272571, 78.56285124434496936 ) ) ;
#2692 = CARTESIAN_POINT ( 'NONE',  ( 1234.482070097662699, 459.4893166619750673, -47.47651621796270405 ) ) ;
#2693 = CARTESIAN_POINT ( 'NONE',  ( 559.9999999999998863, -6.408537255657591913, -32.28328162207287733 ) ) ;
#2694 = CARTESIAN_POINT ( 'NONE',  ( 996.0548055207149218, 248.9172155197897780, 38.55394028369390469 ) ) ;
#2695 = CARTESIAN_POINT ( 'NONE',  ( 990.1104114213862886, 276.7106936105575983, 115.7431954343184088 ) ) ;
#2696 = CARTESIAN_POINT ( 'NONE',  ( 675.7883208606845074, 38.39972956549712535, 33.41417145121424426 ) ) ;
#2697 = CARTESIAN_POINT ( 'NONE',  ( 1205.877922560218394, 365.4439631322152877, -81.21172195597273458 ) ) ;
#2698 = CARTESIAN_POINT ( 'NONE',  ( 841.6164045076147886, 132.2177393053227661, 39.94115682575481685 ) ) ;
#2699 = CARTESIAN_POINT ( 'NONE',  ( 734.9655076555484357, 25.64145568454343760, -66.46881185201665687 ) ) ;
#2700 = CARTESIAN_POINT ( 'NONE',  ( 955.6805847424475360, 154.5573731029209910, -63.77334655312505163 ) ) ;
#2701 = CARTESIAN_POINT ( 'NONE',  ( 1411.228680730541328, 649.1390519317238841, -128.0138442676171451 ) ) ;
#2702 = CARTESIAN_POINT ( 'NONE',  ( 1383.169975171002989, 569.5093747304121052, -143.4363372609984992 ) ) ;
#2703 = CARTESIAN_POINT ( 'NONE',  ( 675.6651988168433718, 41.32282699279843996, 40.53702816573941448 ) ) ;
#2704 = CARTESIAN_POINT ( 'NONE',  ( 1273.987982418258298, 787.3840793847514306, 171.7461226122672997 ) ) ;
#2705 = CARTESIAN_POINT ( 'NONE',  ( 997.4156653442830702, 242.6506013041502854, 55.26925666865162867 ) ) ;
#2706 = CARTESIAN_POINT ( 'NONE',  ( 1469.433944636970637, 794.4914632286479446, -133.5800847453663778 ) ) ;
#2707 = CARTESIAN_POINT ( 'NONE',  ( 1119.417922008416326, 239.4553654597179673, -119.6769119422554581 ) ) ;
#2708 = CARTESIAN_POINT ( 'NONE',  ( 733.0229088098227521, 54.41238293632488165, -15.74486625966226327 ) ) ;
#2709 = CARTESIAN_POINT ( 'NONE',  ( 1363.488379787078202, 737.0232475198579323, -3.976347308097300193 ) ) ;
#2710 = CARTESIAN_POINT ( 'NONE',  ( 559.9999999999988631, 11.21126449595169028, 33.41883897837090700 ) ) ;
#2711 = CARTESIAN_POINT ( 'NONE',  ( 1265.204114392667407, 679.6703603266798837, 118.1144017685521845 ) ) ;
#2712 = CARTESIAN_POINT ( 'NONE',  ( 675.3046208047860546, 49.82500572656809368, 55.19629559086633463 ) ) ;
#2713 = CARTESIAN_POINT ( 'NONE',  ( 1111.848343753870267, 266.4644868426611310, -93.25651062894044685 ) ) ;
#2714 = CARTESIAN_POINT ( 'NONE',  ( 1314.156277030398769, 827.8282575804943235, 111.9940946289784875 ) ) ;
#2715 = CARTESIAN_POINT ( 'NONE',  ( 1328.488988929670768, 913.5944160882553433, 142.5339011049267128 ) ) ;
#2716 = CARTESIAN_POINT ( 'NONE',  ( 1001.061905108005362, 225.6419301606365764, 22.60623349219634903 ) ) ;
#2717 = CARTESIAN_POINT ( 'NONE',  ( 893.3616282910119253, 176.0502061962310165, 84.58770051746093088 ) ) ;
#2718 = CARTESIAN_POINT ( 'NONE',  ( 1421.132689384543710, 755.4343786291491369, -80.38436476247878204 ) ) ;
#2719 = CARTESIAN_POINT ( 'NONE',  ( 1238.692550428555705, 448.5970533997485177, -40.34285844027066759 ) ) ;
#2720 = CARTESIAN_POINT ( 'NONE',  ( 960.2398746669636012, 129.7111726854440406, -89.14451728491191318 ) ) ;
#2721 = CARTESIAN_POINT ( 'NONE',  ( 1037.532790598299698, 321.4500507698734850, 99.72230163390213420 ) ) ;
#2722 = CARTESIAN_POINT ( 'NONE',  ( 1399.772978286791385, 791.8851089435438553, -47.34736397105243100 ) ) ;
#2723 = CARTESIAN_POINT ( 'NONE',  ( 1345.841893495607337, 504.8032620421135448, -152.4558883747312166 ) ) ;
#2724 = CARTESIAN_POINT ( 'NONE',  ( 1214.792658435367684, 510.6062753296980645, 32.85554692246937236 ) ) ;
#2725 = CARTESIAN_POINT ( 'NONE',  ( 1370.988562949221887, 1016.965443377229917, 103.3797758148101025 ) ) ;
#2726 = CARTESIAN_POINT ( 'NONE',  ( 618.3973913794136479, 17.40880390330574201, 25.68704016128920031 ) ) ;
#2727 = CARTESIAN_POINT ( 'NONE',  ( 1363.279108527554854, 609.2016931673676936, -86.95055784468583226 ) ) ;
#2728 = CARTESIAN_POINT ( 'NONE',  ( 618.2420159748188553, 25.84992056612639288, 23.12516859414438386 ) ) ;
#2729 = CARTESIAN_POINT ( 'NONE',  ( 1267.676695912646437, 373.3412300283120544, -158.9998141489015779 ) ) ;
#2730 = CARTESIAN_POINT ( 'NONE',  ( 1399.357338536857696, 670.9800387566371001, -112.3424472989719192 ) ) ;
#2731 = CARTESIAN_POINT ( 'NONE',  ( 905.2362473931594877, 98.16880938529602929, -82.18898162818383923 ) ) ;
#2732 = CARTESIAN_POINT ( 'NONE',  ( 560.0000000000004547, -8.185907469951514415, -21.50866760791012666 ) ) ;
#2733 = CARTESIAN_POINT ( 'NONE',  ( 894.2720812516264459, 170.0858573888056924, 72.50220037866691314 ) ) ;
#2734 = CARTESIAN_POINT ( 'NONE',  ( 1320.084491207590190, 927.9415854706385289, 159.3157986339359411 ) ) ;
#2735 = CARTESIAN_POINT ( 'NONE',  ( 1390.100630761947741, 555.6785659939458810, -163.1184874855925955 ) ) ;
#2736 = CARTESIAN_POINT ( 'NONE',  ( 1014.123829247063327, 164.6466653392998012, -108.2823649929029273 ) ) ;
#2737 = CARTESIAN_POINT ( 'NONE',  ( 1309.482012018009300, 434.5244439778801961, -153.8723688108011629 ) ) ;
#2738 = CARTESIAN_POINT ( 'NONE',  ( 1263.564985637192194, 384.0060398290863759, -150.0107641288560956 ) ) ;
#2739 = CARTESIAN_POINT ( 'NONE',  ( 1100.876779435725211, 305.6647378370058732, -31.74981816185531969 ) ) ;
#2740 = CARTESIAN_POINT ( 'NONE',  ( 1052.865246512221574, 259.3225711587903675, 0.7005629840254790075 ) ) ;
#2741 = CARTESIAN_POINT ( 'NONE',  ( 1277.984330948861952, 779.4029397580864043, 153.8656802312260936 ) ) ;
#2742 = CARTESIAN_POINT ( 'NONE',  ( 994.5277084645645118, 256.1186596539224070, 80.52543802066784906 ) ) ;
#2743 = CARTESIAN_POINT ( 'NONE',  ( 1386.866954516453006, 1026.214868282963380, 78.55036775801147542 ) ) ;
#2744 = CARTESIAN_POINT ( 'NONE',  ( 956.7402569785512014, 148.7706716332365033, -73.24560627622915376 ) ) ;
#2745 = CARTESIAN_POINT ( 'NONE',  ( 560.0000000000009095, 11.09521555695218353, 25.57649842668641327 ) ) ;
#2746 = CARTESIAN_POINT ( 'NONE',  ( 1161.886324249970130, 491.4861245670425092, 124.9858726553456023 ) ) ;
#2747 = CARTESIAN_POINT ( 'NONE',  ( 1412.020551422138624, 954.6373819819648361, 19.42646628314005142 ) ) ;
#2748 = CARTESIAN_POINT ( 'NONE',  ( 731.9233628435721357, 70.96441050068291645, 58.03679884362664865 ) ) ;
#2749 = CARTESIAN_POINT ( 'NONE',  ( 1111.025752352989912, 269.4537411336497144, -67.38044988994600715 ) ) ;
#2750 = CARTESIAN_POINT ( 'NONE',  ( 560.0000000000006821, -8.751562515120673069, -23.85701424468624765 ) ) ;
#2751 = CARTESIAN_POINT ( 'NONE',  ( 846.4311292608138046, 93.18249231311673952, -20.70920037761865728 ) ) ;
#2752 = CARTESIAN_POINT ( 'NONE',  ( 1308.629053222573475, 838.0055080407113337, 129.1543225616806581 ) ) ;
#2753 = CARTESIAN_POINT ( 'NONE',  ( 789.2787902265228013, 79.30381655424017140, -18.01008843098002998 ) ) ;
#2754 = CARTESIAN_POINT ( 'NONE',  ( 1465.606249717439823, 800.5092111979369065, -127.0517328875487237 ) ) ;
#2755 = CARTESIAN_POINT ( 'NONE',  ( 1043.631449566896663, 296.6922391304460120, 41.71596315243900222 ) ) ;
#2756 = CARTESIAN_POINT ( 'NONE',  ( 1190.213951595401795, 574.4486957471317510, 158.0408961470710949 ) ) ;
#2757 = CARTESIAN_POINT ( 'NONE',  ( 1173.185724685853302, 459.1150548116645496, 72.17378233895280459 ) ) ;
#2758 = CARTESIAN_POINT ( 'NONE',  ( 1396.814367969675459, 675.6738364535289065, -91.00300431497097975 ) ) ;
#2759 = CARTESIAN_POINT ( 'NONE',  ( 1267.854824185252482, 673.9013058186166063, 90.25301416227254947 ) ) ;
#2760 = CARTESIAN_POINT ( 'NONE',  ( 1426.814688497777070, 620.4460903659518181, -168.7130356777996099 ) ) ;
#2761 = CARTESIAN_POINT ( 'NONE',  ( 1009.368934968275767, 186.8079112480412505, -76.57556347627370030 ) ) ;
#2762 = CARTESIAN_POINT ( 'NONE',  ( 734.8388276560701797, 27.58651174022485009, -55.18215070912987841 ) ) ;
#2763 = CARTESIAN_POINT ( 'NONE',  ( 1251.016953144571517, 416.5999648621402685, -90.53376818755252486 ) ) ;
#2764 = CARTESIAN_POINT ( 'NONE',  ( 1084.242833109636422, 365.1730293252187494, 101.3624160100059441 ) ) ;
#2765 = CARTESIAN_POINT ( 'NONE',  ( 1249.293975722500136, 714.1679843407056296, 168.6518015901162926 ) ) ;
#2766 = CARTESIAN_POINT ( 'NONE',  ( 1425.355973150661157, 623.1322666194719204, -164.3673442888570264 ) ) ;
#2767 = CARTESIAN_POINT ( 'NONE',  ( 1448.569691550287871, 708.5968017270679411, -144.3723427924323346 ) ) ;
#2768 = CARTESIAN_POINT ( 'NONE',  ( 579.4922192628727089, -5.677136358528901638, -39.08739385741856154 ) ) ;
#2769 = CARTESIAN_POINT ( 'NONE',  ( 1063.898356546679224, 214.5786220285804404, -82.13719358053377562 ) ) ;
#2770 = CC_DESIGN_APPROVAL ( #5855, ( #4975 ) ) ;
#2771 = CARTESIAN_POINT ( 'NONE',  ( 1224.462763431409030, 485.4997095630234867, -7.640914006288578086 ) ) ;
#2772 = CARTESIAN_POINT ( 'NONE',  ( 560.0000000000000000, -4.151249302097209437, -6.041534263785216297 ) ) ;
#2773 = CARTESIAN_POINT ( 'NONE',  ( 786.6332499998919729, 107.4263181837657157, 74.78978635298864219 ) ) ;
#2774 = APPROVAL_STATUS ( 'not_yet_approved' ) ;
#2775 = B_SPLINE_CURVE_WITH_KNOTS ( 'NONE', 3,
 ( #3867, #5339, #528, #1434, #1940, #1083, #13, #4834, #3016, #1531, #5370, #4429, #2005, #5775, #1468, #1022, #4895, #2507, #107, #5870, #4864, #619, #3397, #3962, #2983, #5307, #558, #587, #5403 ),
 .UNSPECIFIED., .F., .F.,
 ( 4, 1, 1, 1, 1, 1, 1, 1, 1, 1, 1, 1, 1, 1, 1, 1, 1, 1, 1, 1, 1, 1, 1, 1, 1, 1, 4 ),
 ( 0.2499999959879252442, 0.2502771325221881393, 0.2711341239947451243, 0.2919911246926071291, 0.3128481143834366263, 0.3337051011767673825, 0.3545620992497489077, 0.3754190621315392495, 0.3962760330830966682, 0.4171329584379112609, 0.4379898654168120631, 0.4588466087398440085, 0.4797027025277620371, 0.5005058192728235600, 0.5201567014267883815, 0.5410137237303467295, 0.5618707524343258264, 0.5827277776503855256, 0.6035848062495456912, 0.6244418312781132574, 0.6452988601035463123, 0.6661558833062851681, 0.6870129125099883050, 0.7078699407878388250, 0.7287269655793132683, 0.7495839948282091436, 0.7499999999999975575 ),
 .UNSPECIFIED. ) ;
#2776 = CARTESIAN_POINT ( 'NONE',  ( 1290.776716905874309, 753.8825797891372531, 124.5645038239072449 ) ) ;
#2777 = CARTESIAN_POINT ( 'NONE',  ( 1345.038703593488208, 770.9708203321347355, 23.98303411903973625 ) ) ;
#2778 = CARTESIAN_POINT ( 'NONE',  ( 1007.365759871372802, 196.1472009456840624, -61.52145482064820214 ) ) ;
#2779 = CARTESIAN_POINT ( 'NONE',  ( 943.8594269965628882, 219.1931755542406108, 73.39531478788137520 ) ) ;
#2780 = CARTESIAN_POINT ( 'NONE',  ( 1285.143776774212029, 765.1231867609396886, 141.1082239095849502 ) ) ;
#2781 = CARTESIAN_POINT ( 'NONE',  ( 1100.298036811995644, 307.7980853917341051, 0.4697289099360364428 ) ) ;
#2782 = CARTESIAN_POINT ( 'NONE',  ( 675.4930476571311146, 45.40054750997118305, 50.13763882655660353 ) ) ;
#2783 = CARTESIAN_POINT ( 'NONE',  ( 1291.177619477017743, 477.8482079932547322, -89.01488438275427484 ) ) ;
#2784 = CARTESIAN_POINT ( 'NONE',  ( 1378.405026991595832, 709.5632564417588810, -43.12247544624948858 ) ) ;
#2785 = CARTESIAN_POINT ( 'NONE',  ( 1330.628381274832918, 909.9347127137110647, 126.5835642873143740 ) ) ;
#2786 = CARTESIAN_POINT ( 'NONE',  ( 1427.176793530162058, 966.6853256745199587, -9.403517995940386953 ) ) ;
#2787 = CARTESIAN_POINT ( 'NONE',  ( 1416.947838734752622, 638.6027948532539540, -151.6275708067559549 ) ) ;
#2788 = CARTESIAN_POINT ( 'NONE',  ( 1091.491635878898251, 339.2090008781077017, 27.61878684938875494 ) ) ;
#2789 = CARTESIAN_POINT ( 'NONE',  ( 1191.952179738402720, 569.9369682146447076, 152.1694844003519336 ) ) ;
#2790 = CARTESIAN_POINT ( 'NONE',  ( 1303.717278300382759, 728.0594355123193964, 86.55710227478012087 ) ) ;
#2791 = CARTESIAN_POINT ( 'NONE',  ( 734.6605525378892025, 30.13820474481920542, -62.53505575290958518 ) ) ;
#2792 = CARTESIAN_POINT ( 'NONE',  ( 676.7224101720945555, 16.08121600240971816, -30.17792643534019348 ) ) ;
#2793 = CARTESIAN_POINT ( 'NONE',  ( 1168.642082995350847, 472.0948285511200311, 70.51469846076362558 ) ) ;
#2794 = CARTESIAN_POINT ( 'NONE',  ( 1468.544184549590682, 905.5939909893619415, -82.53484913554549962 ) ) ;
#2795 = CARTESIAN_POINT ( 'NONE',  ( 1329.479755645705609, 540.2744898763171477, -107.8420240774428152 ) ) ;
#2796 = CARTESIAN_POINT ( 'NONE',  ( 1462.833703511606927, 914.0272254696504888, -70.99438277411506704 ) ) ;
#2797 = CARTESIAN_POINT ( 'NONE',  ( 1398.870560056072236, 671.8886686734200566, -96.31179423165146147 ) ) ;
#2798 = CARTESIAN_POINT ( 'NONE',  ( 1265.204114392667407, 679.6703603266798837, 118.1144017685521845 ) ) ;
#2799 = CARTESIAN_POINT ( 'NONE',  ( 786.8215159278452120, 105.4496505208363573, 74.44322002286737927 ) ) ;
#2800 = CARTESIAN_POINT ( 'NONE',  ( 1452.641222825683826, 701.6454329050569640, -154.2230828901323321 ) ) ;
#2801 = CARTESIAN_POINT ( 'NONE',  ( 559.9999999999998863, -10.93463044554342112, -33.83080678933621499 ) ) ;
#2802 = CARTESIAN_POINT ( 'NONE',  ( 1422.379235655400862, 628.6064450017471472, -162.5476677877479119 ) ) ;
#2803 = CARTESIAN_POINT ( 'NONE',  ( 1162.322879727428017, 306.4334017860052768, -90.10785044517314191 ) ) ;
#2804 = CARTESIAN_POINT ( 'NONE',  ( 579.4396873697548926, 1.474004498371947136, 0.7141697372954340928 ) ) ;
#2805 = CARTESIAN_POINT ( 'NONE',  ( 1250.238142033693975, 712.1158029872160569, 160.1002477112081124 ) ) ;
#2806 = CARTESIAN_POINT ( 'NONE',  ( 1347.877162755785548, 880.4943508372643919, 95.12468880992055631 ) ) ;
#2807 = CARTESIAN_POINT ( 'NONE',  ( 904.4959562417170673, 102.9641547981656515, -86.89919033098873058 ) ) ;
#2808 = CARTESIAN_POINT ( 'NONE',  ( 842.5883885354917311, 124.2945192805702703, 17.65599818137280153 ) ) ;
#2809 = CARTESIAN_POINT ( 'NONE',  ( 901.6730357513205263, 121.4479449569039531, -57.84637992783052596 ) ) ;
#2810 = CARTESIAN_POINT ( 'NONE',  ( 943.0904492783469095, 223.4110530467260389, 87.00196693642307366 ) ) ;
#2811 = CARTESIAN_POINT ( 'NONE',  ( 1266.613988252427134, 535.9856919691716257, -0.2003193915179279083 ) ) ;
#2812 = CARTESIAN_POINT ( 'NONE',  ( 731.9505664020425684, 70.56108471266787774, 57.09752720408382487 ) ) ;
#2813 = CARTESIAN_POINT ( 'NONE',  ( 1400.080825008734791, 791.3730121388002772, -30.44278368908944188 ) ) ;
#2814 = CARTESIAN_POINT ( 'NONE',  ( 1063.898356546679224, 214.5786220285804404, -82.13719358053377562 ) ) ;
#2815 = CARTESIAN_POINT ( 'NONE',  ( 1427.621411680092933, 930.9392418540406879, -13.15197971645054054 ) ) ;
#2816 = CARTESIAN_POINT ( 'NONE',  ( 1303.588778534401627, 847.2867811125413482, 145.5694614207375537 ) ) ;
#2817 = CARTESIAN_POINT ( 'NONE',  ( 1426.814688497777070, 620.4460903659518181, -168.7130356777996099 ) ) ;
#2818 = CARTESIAN_POINT ( 'NONE',  ( 1409.439617473190310, 888.8162705338361320, -15.85120388028058969 ) ) ;
#2819 = CARTESIAN_POINT ( 'NONE',  ( 560.0000000000004547, -4.383657650053605970, -28.62951780084933873 ) ) ;
#2820 = CARTESIAN_POINT ( 'NONE',  ( 1380.821614441012571, 933.8143895397199685, 47.22498625234692327 ) ) ;
#2821 = CARTESIAN_POINT ( 'NONE',  ( 1118.970007031424302, 444.5316339971260504, 142.2077358069284401 ) ) ;
#2822 = CARTESIAN_POINT ( 'NONE',  ( 732.7473938633166881, 58.74265128373328793, 29.65197145242854049 ) ) ;
#2823 = CARTESIAN_POINT ( 'NONE',  ( 1169.553936710147127, 283.3667787857017402, -137.5906394860000148 ) ) ;
#2824 = CARTESIAN_POINT ( 'NONE',  ( 676.6977050416758175, 16.67398748450415624, -28.34249464770963911 ) ) ;
#2825 = CARTESIAN_POINT ( 'NONE',  ( 1388.154107682501945, 990.8909797686209231, 60.12993388891956670 ) ) ;
#2826 = CARTESIAN_POINT ( 'NONE',  ( 792.5319740585943009, 44.98508596237842028, -75.68593681671943330 ) ) ;
#2827 = CARTESIAN_POINT ( 'NONE',  ( 559.9999999999997726, 0.5104394643083874916, -17.62168801594816259 ) ) ;
#2828 = CARTESIAN_POINT ( 'NONE',  ( 1443.463917946135552, 717.3126215592461676, -132.5958338358801711 ) ) ;
#2829 = CARTESIAN_POINT ( 'NONE',  ( 618.2514043097849026, 25.75318347598692270, 46.37368028224082650 ) ) ;
#2830 = CARTESIAN_POINT ( 'NONE',  ( 1471.114955626728715, 791.8510854995558930, -131.5759616552218176 ) ) ;
#2831 = CARTESIAN_POINT ( 'NONE',  ( 618.7630168755434852, -4.131227104039402853, -46.53769571665367266 ) ) ;
#2832 = CARTESIAN_POINT ( 'NONE',  ( 1119.308995155013235, 239.8186301574152992, -128.8275108150799042 ) ) ;
#2833 = CARTESIAN_POINT ( 'NONE',  ( 1427.478214043634352, 744.6018470105875622, -95.31331398735588323 ) ) ;
#2834 = CARTESIAN_POINT ( 'NONE',  ( 787.9739393795128990, 93.28657172280597365, 48.83792084849106629 ) ) ;
#2835 = CARTESIAN_POINT ( 'NONE',  ( 1297.379486631425834, 858.7214675009388429, 166.3483291871250174 ) ) ;
#2836 = CARTESIAN_POINT ( 'NONE',  ( 1268.488535536208019, 672.5486888699876999, 107.3736423951840777 ) ) ;
#2837 = CARTESIAN_POINT ( 'NONE',  ( 1347.791476886870896, 500.5769193889540816, -157.3063803821582098 ) ) ;
#2838 = CARTESIAN_POINT ( 'NONE',  ( 1008.434550158541697, 191.1640935628379623, -69.64557332387818178 ) ) ;
#2839 = CARTESIAN_POINT ( 'NONE',  ( 1412.020551422138624, 954.6373819819648361, 19.42646628314005142 ) ) ;
#2840 = CARTESIAN_POINT ( 'NONE',  ( 1257.460853495619403, 696.4464330103695602, 129.9990065271305184 ) ) ;
#2841 = CARTESIAN_POINT ( 'NONE',  ( 899.4806301669865434, 135.9394989882674167, 0.9844789936317268619 ) ) ;
#2842 = CARTESIAN_POINT ( 'NONE',  ( 1380.808231212688270, 1002.049252890189678, 84.76375483182111736 ) ) ;
#2843 = CARTESIAN_POINT ( 'NONE',  ( 1413.832070759838871, 881.9176578437079570, -9.198557922701960265 ) ) ;
#2844 = CARTESIAN_POINT ( 'NONE',  ( 958.7737897398816358, 137.7304608649035913, -72.44114748709279183 ) ) ;
#2845 = CARTESIAN_POINT ( 'NONE',  ( 733.9124412298218658, 41.40876157525561041, -15.88707592854470008 ) ) ;
#2846 = CARTESIAN_POINT ( 'NONE',  ( 579.3296330281883684, 16.79988988920791826, 35.15597716186569954 ) ) ;
#2847 = CARTESIAN_POINT ( 'NONE',  ( 559.9999999999998863, 5.959212097592208046, -1.632193128544785488 ) ) ;
#2848 = CARTESIAN_POINT ( 'NONE',  ( 1064.124126642758711, 213.6130213645019751, -101.5937103062868800 ) ) ;
#2849 = CARTESIAN_POINT ( 'NONE',  ( 731.8793414742848427, 71.47161456411132008, 35.41047215286857153 ) ) ;
#2850 = CARTESIAN_POINT ( 'NONE',  ( 1321.556477424644754, 925.4293441060684700, 157.3038943220634565 ) ) ;
#2851 = CARTESIAN_POINT ( 'NONE',  ( 948.1788691273317227, 195.6504778285290342, 46.34313518159473233 ) ) ;
#2852 = CARTESIAN_POINT ( 'NONE',  ( 1011.474349516755069, 177.0557195613116903, -72.07092224081574727 ) ) ;
#2853 = ORIENTED_EDGE ( 'NONE', *, *, #2943, .T. ) ;
#2854 = CARTESIAN_POINT ( 'NONE',  ( 732.3811164940930212, 63.96511371433405202, 9.490940498009988957 ) ) ;
#2855 = CARTESIAN_POINT ( 'NONE',  ( 560.0000000000011369, 10.76219303994530385, 21.58167748074467696 ) ) ;
#2856 = CARTESIAN_POINT ( 'NONE',  ( 1471.387019613699294, 864.4582645607603126, -103.8735230850497402 ) ) ;
#2857 = CARTESIAN_POINT ( 'NONE',  ( 1244.424234390385891, 433.6818279070815265, -84.96801863385070419 ) ) ;
#2858 = CARTESIAN_POINT ( 'NONE',  ( 618.7474142313247967, -3.161290867481885147, -41.69350983191757365 ) ) ;
#2859 = CARTESIAN_POINT ( 'NONE',  ( 991.0690774281737276, 272.2445056459195030, 110.1319449777493418 ) ) ;
#2860 = CARTESIAN_POINT ( 'NONE',  ( 1426.473028891916783, 621.0727232800823003, -169.9239227402152608 ) ) ;
#2861 = ADVANCED_FACE ( 'NONE', ( #4925 ), #3067, .T. ) ;
#2862 = CARTESIAN_POINT ( 'NONE',  ( 1391.316472314040766, 553.2516887514361770, -166.8176989494689053 ) ) ;
#2863 = CARTESIAN_POINT ( 'NONE',  ( 1015.767163761230904, 157.0063228806161248, -113.5378284040371142 ) ) ;
#2864 = CARTESIAN_POINT ( 'NONE',  ( 1168.818085659814415, 285.7091451209755064, -134.8779347029378357 ) ) ;
#2865 = CARTESIAN_POINT ( 'NONE',  ( 618.7063428148966295, -0.6888225093069915150, -32.16671392953927011 ) ) ;
#2866 = CARTESIAN_POINT ( 'NONE',  ( 675.7579852958319862, 39.12002103468773839, 35.19973081702237749 ) ) ;
#2867 = CARTESIAN_POINT ( 'NONE',  ( 1190.749765257132594, 573.0527345889995559, 150.1093880092766426 ) ) ;
#2868 = DATE_AND_TIME ( #5130, #1463 ) ;
#2869 = CARTESIAN_POINT ( 'NONE',  ( 1167.040323445359718, 476.7210408018691510, 100.9213952976582505 ) ) ;
#2870 = CARTESIAN_POINT ( 'NONE',  ( 1443.069362516514275, 717.9791207530747670, -140.2206345999827590 ) ) ;
#2871 = CARTESIAN_POINT ( 'NONE',  ( 1091.491635878898251, 339.2090008781077017, 27.61878684938875494 ) ) ;
#2872 = CARTESIAN_POINT ( 'NONE',  ( 955.6805847424475360, 154.5573731029209910, -63.77334655312505163 ) ) ;
#2873 = CARTESIAN_POINT ( 'NONE',  ( 579.4378343458056406, 1.730200494793400434, 1.577058844945874005 ) ) ;
#2874 = CARTESIAN_POINT ( 'NONE',  ( 991.3151852288895043, 271.0656398019811490, 95.12822758084890040 ) ) ;
#2875 = CARTESIAN_POINT ( 'NONE',  ( 1187.787562210707847, 417.2786550897101279, 3.389543128740969191 ) ) ;
#2876 = CARTESIAN_POINT ( 'NONE',  ( 1308.527265208025938, 838.2016422956185124, 141.6580826448519304 ) ) ;
#2877 = CARTESIAN_POINT ( 'NONE',  ( 1275.244354181241079, 515.5592757208663670, -31.61885242686630093 ) ) ;
#2878 = CARTESIAN_POINT ( 'NONE',  ( 1064.951110663638701, 210.3089226601546784, -89.95604587587382639 ) ) ;
#2879 = CARTESIAN_POINT ( 'NONE',  ( 1390.112971382307933, 1021.421152801788708, 70.55044769287447082 ) ) ;
#2880 = CARTESIAN_POINT ( 'NONE',  ( 1096.753390611417672, 320.4009036144881293, -6.525908827435348947 ) ) ;
#2881 = CARTESIAN_POINT ( 'NONE',  ( 1461.238291457174682, 916.3833288974042262, -72.45727778979501466 ) ) ;
#2882 = CARTESIAN_POINT ( 'NONE',  ( 1353.936841388182984, 870.1365625432864590, 63.30092259850016490 ) ) ;
#2883 = CARTESIAN_POINT ( 'NONE',  ( 1222.170133489293676, 641.1711111981288695, 161.5775539902533637 ) ) ;
#2884 = CARTESIAN_POINT ( 'NONE',  ( 896.9121206872675884, 152.7840637086212894, 37.16534650557460395 ) ) ;
#2885 = CARTESIAN_POINT ( 'NONE',  ( 903.6823880756106746, 108.3694306173415498, -59.56744236638253653 ) ) ;
#2886 = CARTESIAN_POINT ( 'NONE',  ( 560.0000000000000000, 10.22416502781744718, 17.31068734447795876 ) ) ;
#2887 = CARTESIAN_POINT ( 'NONE',  ( 1265.341466326305181, 679.3525913232060702, 99.57424550535215246 ) ) ;
#2888 = CARTESIAN_POINT ( 'NONE',  ( 559.9999999999998863, -9.666506632813952393, -36.62543695648752617 ) ) ;
#2889 = CARTESIAN_POINT ( 'NONE',  ( 1006.614652294593611, 199.6495793586379648, -55.68647715908699780 ) ) ;
#2890 = CARTESIAN_POINT ( 'NONE',  ( 559.9999999999998863, -10.89290869927434713, -33.19734484790092210 ) ) ;
#2891 = CARTESIAN_POINT ( 'NONE',  ( 1303.401560248353007, 596.8163950514135649, -29.48900600433903563 ) ) ;
#2892 = CARTESIAN_POINT ( 'NONE',  ( 1387.691799922026121, 1024.996737153742288, 79.85934267797999553 ) ) ;
#2893 = CARTESIAN_POINT ( 'NONE',  ( 849.4215911512562798, 68.78612654520564718, -86.30524132536162085 ) ) ;
#2894 = CARTESIAN_POINT ( 'NONE',  ( 1426.277156379566350, 621.4359614250491859, -167.0193240176632514 ) ) ;
#2895 = CARTESIAN_POINT ( 'NONE',  ( 1467.072807018895219, 907.7669203175327084, -79.39941780772187485 ) ) ;
#2896 = CARTESIAN_POINT ( 'NONE',  ( 1375.315323201107503, 585.1680298796844681, -134.3979664612720626 ) ) ;
#2897 = CARTESIAN_POINT ( 'NONE',  ( 791.7995664276674006, 52.68802318206848412, -68.19255446870486992 ) ) ;
#2898 = CARTESIAN_POINT ( 'NONE',  ( 1011.474349516755069, 177.0557195613116903, -72.07092224081574727 ) ) ;
#2899 = CARTESIAN_POINT ( 'NONE',  ( 618.2915151678671464, 23.46940013744927356, 41.00183981099528552 ) ) ;
#2900 = CARTESIAN_POINT ( 'NONE',  ( 1249.326226956043001, 714.0942831528064971, 163.9901060123662262 ) ) ;
#2901 = CARTESIAN_POINT ( 'NONE',  ( 1298.155922557290978, 739.1572724208601812, 102.8637561838518195 ) ) ;
#2902 = CARTESIAN_POINT ( 'NONE',  ( 1117.744586338654472, 245.4051802502933697, -122.1067564802326757 ) ) ;
#2903 = CARTESIAN_POINT ( 'NONE',  ( 1441.669344836547452, 720.3686325436042353, -137.4456479295099314 ) ) ;
#2904 = CARTESIAN_POINT ( 'NONE',  ( 790.4482305290662225, 66.94497862857296866, -43.76730925022502561 ) ) ;
#2905 = CARTESIAN_POINT ( 'NONE',  ( 1322.246007044675252, 691.0847063220866175, 32.18989937629083187 ) ) ;
#2906 = CARTESIAN_POINT ( 'NONE',  ( 892.8650280966413675, 179.2583361370451200, 76.38039054844303166 ) ) ;
#2907 = CARTESIAN_POINT ( 'NONE',  ( 789.8877001185007884, 73.04630242365175263, 0.9964493495853566918 ) ) ;
#2908 = CARTESIAN_POINT ( 'NONE',  ( 1393.206810973556685, 1016.852172615374343, 68.80022929013287580 ) ) ;
#2909 = CARTESIAN_POINT ( 'NONE',  ( 790.2517384334971666, 69.19163533675884992, -8.654826006899412505 ) ) ;
#2910 = CARTESIAN_POINT ( 'NONE',  ( 959.3628057319523350, 134.5091077569510105, -79.09394248152206330 ) ) ;
#2911 = CARTESIAN_POINT ( 'NONE',  ( 1252.791331678189863, 706.5765278661322100, 149.3734769311576827 ) ) ;
#2912 = CARTESIAN_POINT ( 'NONE',  ( 1264.882612898672051, 540.0470620570376923, -18.37571634686368682 ) ) ;
#2913 = CARTESIAN_POINT ( 'NONE',  ( 1414.533519535568985, 643.0466089825467861, -146.4411023700233159 ) ) ;
#2914 = CARTESIAN_POINT ( 'NONE',  ( 675.4238157343544344, 46.82609847089517530, 30.67012241834995123 ) ) ;
#2915 = CARTESIAN_POINT ( 'NONE',  ( 840.7941202680000288, 139.0020859177413968, 80.45198263012945006 ) ) ;
#2916 = CARTESIAN_POINT ( 'NONE',  ( 1092.262724084140473, 336.5157542869692975, 51.37745333795027136 ) ) ;
#2917 = CARTESIAN_POINT ( 'NONE',  ( 791.5100016372294931, 55.86093261657936182, -42.49620164811826584 ) ) ;
#2918 = CARTESIAN_POINT ( 'NONE',  ( 560.0000000000000000, 11.16153526562874454, 32.97391940916459419 ) ) ;
#2919 = CARTESIAN_POINT ( 'NONE',  ( 675.3695834427658156, 48.15862580974646789, 38.25941024082520414 ) ) ;
#2920 = CARTESIAN_POINT ( 'NONE',  ( 1069.123113072082560, 193.3668267902083358, -125.8707669104657327 ) ) ;
#2921 = CARTESIAN_POINT ( 'NONE',  ( 618.7592958614006875, -3.864901226838796333, -43.93246264190472061 ) ) ;
#2922 = CARTESIAN_POINT ( 'NONE',  ( 1332.208623515126874, 671.1802798427629568, -19.03283300907802200 ) ) ;
#2923 = CARTESIAN_POINT ( 'NONE',  ( 1351.461345633470501, 979.9877754168408046, 127.2570266323444201 ) ) ;
#2924 = CARTESIAN_POINT ( 'NONE',  ( 905.7111196074122290, 95.01336779420016398, -96.18836269750335077 ) ) ;
#2925 = CARTESIAN_POINT ( 'NONE',  ( 849.5374946224721953, 67.86535860661220454, -84.38630774953436742 ) ) ;
#2926 = CARTESIAN_POINT ( 'NONE',  ( 1310.428766241708217, 432.2828618741838227, -157.4372331122125104 ) ) ;
#2927 = CARTESIAN_POINT ( 'NONE',  ( 847.4875171070265196, 84.47258075064507921, -64.70137946554774544 ) ) ;
#2928 = CARTESIAN_POINT ( 'NONE',  ( 560.0000000000004547, -7.026971478233728696, -33.24892428038757686 ) ) ;
#2929 = CARTESIAN_POINT ( 'NONE',  ( 1459.533882128817822, 810.0607671881276701, -107.1577181380111057 ) ) ;
#2930 = CARTESIAN_POINT ( 'NONE',  ( 1474.160672623846267, 787.0612127610777407, -141.0698369396886278 ) ) ;
#2931 = CARTESIAN_POINT ( 'NONE',  ( 1307.634674203051645, 839.8448864024383056, 144.1736008771832758 ) ) ;
#2932 = CARTESIAN_POINT ( 'NONE',  ( 675.3051264529557329, 49.82909537808080103, 57.07915995989450408 ) ) ;
#2933 = CARTESIAN_POINT ( 'NONE',  ( 994.9404914132203430, 254.1939215922466815, 76.94261977810360520 ) ) ;
#2934 = CARTESIAN_POINT ( 'NONE',  ( 1245.066879949221175, 586.9495943437153755, 55.49507439316587210 ) ) ;
#2935 = CARTESIAN_POINT ( 'NONE',  ( 1464.559936296550404, 802.1541171542951361, -125.1868156834755865 ) ) ;
#2936 = CARTESIAN_POINT ( 'NONE',  ( 960.5724562087126515, 127.8538635551778384, -102.9984708276408725 ) ) ;
#2937 = CARTESIAN_POINT ( 'NONE',  ( 1443.315223308089571, 942.8521036472124024, -40.44150575064147546 ) ) ;
#2938 = CARTESIAN_POINT ( 'NONE',  ( 618.5246947310788528, 10.02215870699342126, 3.971696331422822634 ) ) ;
#2939 = CARTESIAN_POINT ( 'NONE',  ( 1380.441013518995305, 1002.607269400272571, 78.56285124434496936 ) ) ;
#2940 = CARTESIAN_POINT ( 'NONE',  ( 1407.320677512290558, 996.0088241911473688, 31.37499115320479248 ) ) ;
#2941 = CARTESIAN_POINT ( 'NONE',  ( 1197.101625145907292, 556.5702889972683352, 131.0797747422575128 ) ) ;
#2942 = CARTESIAN_POINT ( 'NONE',  ( 1198.682666979831538, 386.0609605958737802, -47.74772388641861909 ) ) ;
#2943 = EDGE_CURVE ( 'NONE', #2381, #5712, #2476, .T. ) ;
#2944 = CARTESIAN_POINT ( 'NONE',  ( 734.6725590618530077, 30.07340992368041910, -47.64779274598192416 ) ) ;
#2945 = CARTESIAN_POINT ( 'NONE',  ( 1279.602210970789201, 776.1729878114750818, 147.7894621428184223 ) ) ;
#2946 = CARTESIAN_POINT ( 'NONE',  ( 579.4708797977608583, -2.713447896320515085, -34.38311337314889471 ) ) ;
#2947 = CARTESIAN_POINT ( 'NONE',  ( 579.3372527483762724, 15.79996181236659858, 21.83376933156879574 ) ) ;
#2948 = CARTESIAN_POINT ( 'NONE',  ( 1350.334118470924068, 981.7601930548468090, 129.6647771894862160 ) ) ;
#2949 = CARTESIAN_POINT ( 'NONE',  ( 618.4902489268721411, 12.03159564676646553, 10.21094339540551488 ) ) ;
#2950 = CARTESIAN_POINT ( 'NONE',  ( 1113.725277899852699, 259.8041642396735256, -84.32038655429364837 ) ) ;
#2951 = CARTESIAN_POINT ( 'NONE',  ( 560.0000000000000000, 5.955461147700010116, -1.619476495231785718 ) ) ;
#2952 = CARTESIAN_POINT ( 'NONE',  ( 1165.308650249271523, 481.6502616769747078, 88.82890097502311733 ) ) ;
#2953 = CARTESIAN_POINT ( 'NONE',  ( 1220.836672562191779, 322.5715992317268501, -152.9920693154881803 ) ) ;
#2954 = CARTESIAN_POINT ( 'NONE',  ( 960.6684017204833026, 127.3690499075676996, -93.72738937719962848 ) ) ;
#2955 = CARTESIAN_POINT ( 'NONE',  ( 1049.690061853317957, 272.1187573171438885, -6.158603390370743114 ) ) ;
#2956 = CARTESIAN_POINT ( 'NONE',  ( 731.5832972497839819, 75.99595936535401108, 66.76222857960038937 ) ) ;
#2957 = CARTESIAN_POINT ( 'NONE',  ( 1375.373405762895800, 1010.304562964884099, 96.30912087369354424 ) ) ;
#2958 = CARTESIAN_POINT ( 'NONE',  ( 1220.352350883158124, 323.9567764547338697, -152.4385326596326706 ) ) ;
#2959 = CARTESIAN_POINT ( 'NONE',  ( 905.8350285270965969, 94.21877617045264230, -94.07011286927070159 ) ) ;
#2960 = CARTESIAN_POINT ( 'NONE',  ( 560.0000000000001137, -10.55866960608199179, -35.81844260185132356 ) ) ;
#2961 = CARTESIAN_POINT ( 'NONE',  ( 848.4581965617411470, 76.59766763261286826, -76.85574373101205481 ) ) ;
#2962 = CARTESIAN_POINT ( 'NONE',  ( 560.0000000000000000, -9.590917398945576267, -27.37181807848440585 ) ) ;
#2963 = CARTESIAN_POINT ( 'NONE',  ( 732.0065735402305336, 69.73275411514893563, 55.18417756471829705 ) ) ;
#2964 = CARTESIAN_POINT ( 'NONE',  ( 1220.142702595905803, 645.9668672145263599, 166.5104865448469695 ) ) ;
#2965 = CARTESIAN_POINT ( 'NONE',  ( 1271.794656619726766, 665.3799358758398057, 96.58666800283762655 ) ) ;
#2966 = CARTESIAN_POINT ( 'NONE',  ( 787.6836554109949020, 96.20061768832279370, 25.57773194493048763 ) ) ;
#2967 = CARTESIAN_POINT ( 'NONE',  ( 1461.891314113476710, 878.8826868142978128, -89.27262063899684108 ) ) ;
#2968 = CARTESIAN_POINT ( 'NONE',  ( 1265.655357905694245, 378.5816486974460986, -155.9755201317981630 ) ) ;
#2969 = CARTESIAN_POINT ( 'NONE',  ( 954.3114063327433314, 162.0351975841477952, -50.99202824762208053 ) ) ;
#2970 = CARTESIAN_POINT ( 'NONE',  ( 1374.986346968071075, 834.2136381180743001, 29.77016705523450923 ) ) ;
#2971 = CARTESIAN_POINT ( 'NONE',  ( 1158.718370959760023, 500.5466611364420828, 128.3518146594587108 ) ) ;
#2972 = CARTESIAN_POINT ( 'NONE',  ( 1266.613988252427134, 535.9856919691716257, -0.2003193915179279083 ) ) ;
#2973 = CARTESIAN_POINT ( 'NONE',  ( 841.5176009509890491, 133.1290588010828344, 68.34069307803285653 ) ) ;
#2974 = CARTESIAN_POINT ( 'NONE',  ( 733.9124412298218658, 41.40876157525561041, -15.88707592854470008 ) ) ;
#2975 = CARTESIAN_POINT ( 'NONE',  ( 904.3082904731599001, 104.2612142454133419, -68.62498243632988704 ) ) ;
#2976 = CARTESIAN_POINT ( 'NONE',  ( 990.6249418087940057, 274.2969360524452327, 105.7530197055943404 ) ) ;
#2977 = CARTESIAN_POINT ( 'NONE',  ( 1427.094181172904655, 619.9312791690621225, -169.7118251491341709 ) ) ;
#2978 = CARTESIAN_POINT ( 'NONE',  ( 1455.359385555060499, 888.8048645476620777, -77.68930825691754194 ) ) ;
#2979 = CARTESIAN_POINT ( 'NONE',  ( 731.7836152831944219, 72.91396729555260947, 42.00870134589619198 ) ) ;
#2980 = CARTESIAN_POINT ( 'NONE',  ( 731.7828863560097261, 73.04365345181696512, 62.49389414891020778 ) ) ;
#2981 = CARTESIAN_POINT ( 'NONE',  ( 1252.272567160120161, 569.9287037118925809, 52.24398296155980148 ) ) ;
#2982 = CARTESIAN_POINT ( 'NONE',  ( 1010.671856414553645, 180.8009258283756822, -64.77923007689003043 ) ) ;
#2983 = CARTESIAN_POINT ( 'NONE',  ( 1434.312911239368077, 956.1467119359563185, -14.32659611788266041 ) ) ;
#2984 = CARTESIAN_POINT ( 'NONE',  ( 1082.088713791813689, 372.8383673867765538, 98.07577885112739580 ) ) ;
#2985 = CARTESIAN_POINT ( 'NONE',  ( 905.7591673736501434, 94.70057194822166480, -96.24953922778767890 ) ) ;
#2986 = CARTESIAN_POINT ( 'NONE',  ( 733.1394624191384537, 52.68005932596715724, -19.89534486912408440 ) ) ;
#2987 = CARTESIAN_POINT ( 'NONE',  ( 1217.691135695227786, 331.5943945874122960, -135.3440626824531421 ) ) ;
#2988 = CARTESIAN_POINT ( 'NONE',  ( 1414.169125701507710, 985.8950406024024460, 26.38286477653692685 ) ) ;
#2989 = CARTESIAN_POINT ( 'NONE',  ( 1328.448741601324855, 678.6831714001546061, -8.252214714519613636 ) ) ;
#2990 = CARTESIAN_POINT ( 'NONE',  ( 1118.279475233888206, 446.7266344603241350, 143.7017922539789083 ) ) ;
#2991 = CARTESIAN_POINT ( 'NONE',  ( 1323.684382653161720, 810.2987255905840129, 101.3455632769355361 ) ) ;
#2992 = CARTESIAN_POINT ( 'NONE',  ( 731.8629970752742793, 71.85817165881648805, 60.03952889669905346 ) ) ;
#2993 = CARTESIAN_POINT ( 'NONE',  ( 1453.855268769394570, 699.5706070255945406, -159.4685792639350268 ) ) ;
#2994 = CARTESIAN_POINT ( 'NONE',  ( 618.5565545018606599, 7.486742257963067360, -32.78003002588415882 ) ) ;
#2995 = CARTESIAN_POINT ( 'NONE',  ( 1467.960816084791759, 796.8075756876891091, -131.1157376016714693 ) ) ;
#2996 = CARTESIAN_POINT ( 'NONE',  ( 1407.093570690955630, 656.7507217189696576, -117.4433842216072605 ) ) ;
#2997 = CARTESIAN_POINT ( 'NONE',  ( 1382.370735054091938, 999.6757691697783912, 81.47320783913421849 ) ) ;
#2998 = CARTESIAN_POINT ( 'NONE',  ( 1189.246667995697180, 576.9589231842082881, 159.8097139681580927 ) ) ;
#2999 = CARTESIAN_POINT ( 'NONE',  ( 675.8184807804524326, 37.68326115914803154, 31.62599824522251168 ) ) ;
#3000 = LOCAL_TIME ( 2, 53, 2.000000000000000000, #1768 ) ;
#3001 = CARTESIAN_POINT ( 'NONE',  ( 996.7839856707636272, 245.5129398439745501, 31.10699034713948663 ) ) ;
#3002 = CARTESIAN_POINT ( 'NONE',  ( 618.6354926249973687, 2.961557248881745874, -41.55900326840985315 ) ) ;
#3003 = CARTESIAN_POINT ( 'NONE',  ( 1351.746992073961792, 492.0030296698928396, -166.5789511517061783 ) ) ;
#3004 = CARTESIAN_POINT ( 'NONE',  ( 900.1979079111295050, 131.1139468125509211, -40.39629693689886381 ) ) ;
#3005 = CARTESIAN_POINT ( 'NONE',  ( 1003.468697329265297, 214.4130070864881077, 0.7685741045813425654 ) ) ;
#3006 = CARTESIAN_POINT ( 'NONE',  ( 579.3296024121866594, 16.80719772238020226, 34.53613056106023294 ) ) ;
#3007 = CARTESIAN_POINT ( 'NONE',  ( 1388.410585344380252, 1023.935235334997515, 74.89301028788760561 ) ) ;
#3008 = CARTESIAN_POINT ( 'NONE',  ( 1083.424142668958211, 368.0981111993597779, 106.3916214083370164 ) ) ;
#3009 = CARTESIAN_POINT ( 'NONE',  ( 1378.405026991595832, 709.5632564417588810, -43.12247544624948858 ) ) ;
#3010 = CARTESIAN_POINT ( 'NONE',  ( 1157.553161487046282, 503.8891632046278346, 136.0957521321272452 ) ) ;
#3011 = CARTESIAN_POINT ( 'NONE',  ( 676.9888930900002606, 9.572216573698844044, -57.37960180789699649 ) ) ;
#3012 = CARTESIAN_POINT ( 'NONE',  ( 1455.768919131060102, 924.4604941973808536, -63.05858492523977787 ) ) ;
#3013 = CARTESIAN_POINT ( 'NONE',  ( 1265.341466326305181, 679.3525913232060702, 99.57424550535215246 ) ) ;
#3014 = CARTESIAN_POINT ( 'NONE',  ( 1120.795794320838922, 438.7175727977360111, 134.0160846769112197 ) ) ;
#3015 = CARTESIAN_POINT ( 'NONE',  ( 1341.886812591801799, 776.7897488297734299, 53.12823738764571857 ) ) ;
#3016 = CARTESIAN_POINT ( 'NONE',  ( 1446.125923237627603, 938.7012639190280652, -45.66777525900243262 ) ) ;
#3017 = CARTESIAN_POINT ( 'NONE',  ( 1196.931327474426553, 556.9921376308558365, 116.3888586899605144 ) ) ;
#3018 = CARTESIAN_POINT ( 'NONE',  ( 1311.200628958096331, 430.4447433315697822, -164.9247411042501881 ) ) ;
#3019 = CARTESIAN_POINT ( 'NONE',  ( 1194.860372933203962, 396.9684331506960007, -54.71239887897835530 ) ) ;
#3020 = CARTESIAN_POINT ( 'NONE',  ( 905.5374034703665984, 96.19221800117716725, -86.54816155415275603 ) ) ;
#3021 = CARTESIAN_POINT ( 'NONE',  ( 1308.042580581525954, 719.4282292372504344, 73.88001883937378977 ) ) ;
#3022 = CARTESIAN_POINT ( 'NONE',  ( 1324.721134189267559, 686.1218015108213422, 2.584098378755763203 ) ) ;
#3023 = CARTESIAN_POINT ( 'NONE',  ( 1169.089612949394677, 470.8500691273217740, 91.33640278611605368 ) ) ;
#3024 = CARTESIAN_POINT ( 'NONE',  ( 618.2592987811761986, 25.30547149894080050, 45.40307111645044102 ) ) ;
#3025 = CARTESIAN_POINT ( 'NONE',  ( 676.4726031905795480, 21.76196792297830740, -39.92745347934483391 ) ) ;
#3026 = CARTESIAN_POINT ( 'NONE',  ( 1464.548730309542862, 874.8458938927753934, -93.82907001436097971 ) ) ;
#3027 = CARTESIAN_POINT ( 'NONE',  ( 1257.214396054523149, 400.5100300114016250, -115.4673985450139782 ) ) ;
#3028 = CARTESIAN_POINT ( 'NONE',  ( 1311.505711615191331, 832.7186104668043072, 133.6341280642043614 ) ) ;
#3029 = CARTESIAN_POINT ( 'NONE',  ( 840.2965765182265159, 143.0375315995300696, 86.16150628112480092 ) ) ;
#3030 = CARTESIAN_POINT ( 'NONE',  ( 947.1569478162882660, 201.2337689624912400, 57.35431312321420450 ) ) ;
#3031 = CARTESIAN_POINT ( 'NONE',  ( 579.3473544195983322, 14.42163778393324236, 13.85094443418745236 ) ) ;
#3032 = CARTESIAN_POINT ( 'NONE',  ( 1257.109143853446994, 400.7588154921649561, -129.5554404318054935 ) ) ;
#3033 = CARTESIAN_POINT ( 'NONE',  ( 1408.443527003899590, 777.0839073412279276, -66.89966094314937095 ) ) ;
#3034 = CARTESIAN_POINT ( 'NONE',  ( 1099.852322695162229, 309.3911305702064283, 3.299768784209371031 ) ) ;
#3035 = CARTESIAN_POINT ( 'NONE',  ( 675.3196380450091283, 49.42484582453734276, 49.54043706797589408 ) ) ;
#3036 = CARTESIAN_POINT ( 'NONE',  ( 1387.518686479633971, 812.8186547900535288, -0.3603053299501255968 ) ) ;
#3037 = CARTESIAN_POINT ( 'NONE',  ( 787.5089733226949420, 98.19551599661052421, 59.49424333958764777 ) ) ;
#3038 = CARTESIAN_POINT ( 'NONE',  ( 1426.235027836367863, 862.4160667350498670, -36.01404642525616140 ) ) ;
#3039 = CARTESIAN_POINT ( 'NONE',  ( 1190.749765257132594, 573.0527345889995559, 150.1093880092766426 ) ) ;
#3040 = CARTESIAN_POINT ( 'NONE',  ( 849.5028337427859242, 68.13306044170056452, -86.15986940436927455 ) ) ;
#3041 = CARTESIAN_POINT ( 'NONE',  ( 847.3022479222612446, 85.97611053960960703, -62.18421118529919767 ) ) ;
#3042 = CARTESIAN_POINT ( 'NONE',  ( 559.9999999999992042, 11.01669583128408547, 24.38813846355799697 ) ) ;
#3043 = CARTESIAN_POINT ( 'NONE',  ( 1389.503916870398598, 1022.320604087248739, 76.55657377964206489 ) ) ;
#3044 = CARTESIAN_POINT ( 'NONE',  ( 789.3328301484798430, 78.91921735223353096, 15.43652352509863235 ) ) ;
#3045 = CARTESIAN_POINT ( 'NONE',  ( 1429.863316328938936, 962.7178706478712229, -5.358574383982203315 ) ) ;
#3046 = CARTESIAN_POINT ( 'NONE',  ( 618.2167366447216637, 27.45396489733604284, 34.46202796181272276 ) ) ;
#3047 = CARTESIAN_POINT ( 'NONE',  ( 1426.970616110148512, 620.1574271507636240, -170.5521744681229279 ) ) ;
#3048 = CARTESIAN_POINT ( 'NONE',  ( 1386.403770634761258, 694.8238409786205239, -81.61697386158526513 ) ) ;
#3049 = CARTESIAN_POINT ( 'NONE',  ( 792.5002491407464049, 45.35616278873160923, -70.33400914537594417 ) ) ;
#3050 = CARTESIAN_POINT ( 'NONE',  ( 788.9556791053046254, 82.90907072489449092, 25.03282245590082411 ) ) ;
#3051 = CARTESIAN_POINT ( 'NONE',  ( 1290.072286369005496, 625.7193800952858282, 13.36189831662520611 ) ) ;
#3052 = CARTESIAN_POINT ( 'NONE',  ( 1203.253709235505767, 540.6001716599336078, 105.7642015655000449 ) ) ;
#3053 = CARTESIAN_POINT ( 'NONE',  ( 1037.811604267280018, 320.3495061777805404, 112.2850442769468771 ) ) ;
#3054 = CARTESIAN_POINT ( 'NONE',  ( 676.5982220836435772, 19.06170745435601788, -21.01888337370921178 ) ) ;
#3055 = CARTESIAN_POINT ( 'NONE',  ( 846.9379522254764652, 88.93418374710628882, -57.08347713187424688 ) ) ;
#3056 = CARTESIAN_POINT ( 'NONE',  ( 959.6567759414706416, 132.9005846410778702, -82.52287777134401381 ) ) ;
#3057 = CARTESIAN_POINT ( 'NONE',  ( 1116.427874838671187, 250.1433606779586682, -101.1897586890104321 ) ) ;
#3058 = CARTESIAN_POINT ( 'NONE',  ( 732.0683004654970318, 68.81678514247700207, 53.11929069372528289 ) ) ;
#3059 = CARTESIAN_POINT ( 'NONE',  ( 1248.081792848149462, 716.7954115958604007, 170.8699624705930091 ) ) ;
#3060 = CARTESIAN_POINT ( 'NONE',  ( 896.0336081647790252, 158.5429858059168851, 49.15582157040735467 ) ) ;
#3061 = CARTESIAN_POINT ( 'NONE',  ( 845.8930263091215238, 97.42007835166171503, -41.52251112510474940 ) ) ;
#3062 = CARTESIAN_POINT ( 'NONE',  ( 899.4806301669865434, 135.9394989882674167, 0.9844789936317268619 ) ) ;
#3063 = CARTESIAN_POINT ( 'NONE',  ( 786.7581677759173999, 106.0757869939885438, 65.64395579587504415 ) ) ;
#3064 = CARTESIAN_POINT ( 'NONE',  ( 1405.280015322921827, 895.3565418362828723, -6.952471574794819809 ) ) ;
#3065 = CARTESIAN_POINT ( 'NONE',  ( 732.0997660655764321, 68.35057110907173694, 52.07768796198386241 ) ) ;
#3066 = CARTESIAN_POINT ( 'NONE',  ( 734.0149701301209006, 39.88084645700229203, -20.11884827540684739 ) ) ;
#3067 = B_SPLINE_SURFACE_WITH_KNOTS ( 'NONE', 3, 3, ( 
 ( #5838, #3836, #3459, #2538, #4462, #963, #5744, #4799, #493, #1593, #708, #2126, #3519, #4982, #5433, #1653, #1235, #5963, #4027, #768, #2189, #4119, #5013 ),
 ( #2689, #2066, #4058, #677, #3578, #3995, #1623, #3073, #2596, #3105, #1685, #2626, #5519, #5901, #3550, #4518, #3609, #5461, #3137, #3168, #2567, #1205, #4608 ),
 ( #4549, #235, #649, #5043, #738, #2657, #2159, #1144, #4091, #202, #4579, #4493, #1114, #3639, #264, #5993, #5488, #6022, #1716, #2097, #5550, #5074, #3045 ),
 ( #4953, #173, #5933, #1842, #4209, #3232, #4146, #4637, #3795, #5106, #5610, #5703, #4239, #3765, #896, #4701, #329, #4177, #2281, #1363, #5203, #2815, #2339 ),
 ( #3327, #6079, #4732, #5673, #4269, #1776, #3298, #5169, #6173, #1870, #3733, #6050, #5580, #3700, #297, #1747, #1395, #422, #6112, #4670, #1809, #5235, #1297 ),
 ( #3264, #5139, #925, #833, #2845, #2220, #2751, #3669, #1265, #3201, #361, #6144, #5642, #800, #2719, #2250, #1331, #864, #2784, #393, #2311, #3358, #4302 ),
 ( #3828, #454, #5735, #1425, #2373, #5265, #955, #4760, #6209, #1901, #5497, #3083, #1694, #4961, #2075, #6030, #3618, #1184, #687, #4527, #2197, #3529, #4991 ),
 ( #4004, #2666, #2136, #3054, #3587, #2605, #149, #273, #6002, #1243, #4501, #5052, #5910, #4127, #1602, #658, #211, #5528, #4035, #5941, #1724, #717, #1153 ),
 ( #4067, #5972, #1662, #1214, #3558, #3647, #3114, #5022, #4588, #3176, #4472, #2635, #4558, #244, #5442, #1632, #5469, #2168, #4100, #3146, #747, #5558, #1124 ),
 ( #5082, #2575, #776, #181, #2105, #1371, #4710, #1339, #1755, #1817, #3272, #1274, #2319, #6152, #4247, #872, #1783, #3741, #1305, #1850, #3209, #305, #4278 ),
 ( #4185, #5178, #4741, #2824, #6087, #401, #430, #2228, #904, #369, #5114, #5650, #3239, #4616, #2347, #3773, #5711, #2727, #3307, #4154, #6182, #6058, #808 ),
 ( #2258, #3708, #1878, #2792, #5681, #5619, #4645, #5146, #3803, #5211, #1402, #3333, #5243, #2697, #3677, #5588, #840, #337, #2758, #4677, #2288, #4216, #6119 ),
 ( #2477, #3458, #5338, #962, #4798, #2917, #3931, #5837, #5369, #2982, #12, #4768, #462, #2447, #5743, #932, #5806, #1050, #4339, #2380, #3365, #3900, #45 ),
 ( #990, #4310, #5273, #586, #5774, #3835, #1939, #4894, #527, #1498, #75, #3961, #492, #2506, #4401, #4428, #2412, #106, #3425, #2034, #5869, #4369, #6217 ),
 ( #4833, #1908, #3866, #1433, #1972, #1559, #1021, #2885, #3489, #2852, #1467, #2950, #3396, #5306, #4863, #557, #618, #1622, #138, #3994, #4057, #832, #3263 ),
 ( #2750, #3297, #5549, #799, #4669, #5202, #4176, #895, #421, #3668, #2814, #3638, #3167, #5073, #360, #2687, #3199, #4607, #6111, #296, #3732, #5579, #1808 ),
 ( #1330, #5702, #3450, #5331, #4825, #4332, #1931, #5830, #2844, #2404, #4887, #3357, #5363, #551, #1523, #3389, #1043, #518, #4791, #1869, #1394, #2372, #36 ),
 ( #3924, #5234, #6208, #4, #2944, #5264, #954, #2975, #1964, #3892, #2878, #1900, #484, #579, #2439, #5798, #1492, #68, #1014, #2470, #4393, #3858, #1998 ),
 ( #2499, #3827, #5766, #4421, #3794, #5734, #1458, #5298, #2910, #1663, #5561, #4530, #2579, #4994, #276, #5499, #2638, #5056, #2701, #3561, #2201, #1218, #3650 ),
 ( #3086, #1126, #2108, #4561, #5024, #5445, #246, #5975, #3056, #2607, #4963, #1186, #5086, #3589, #1635, #4620, #6033, #1727, #2171, #5471, #780, #689, #2669 ),
 ( #3117, #5912, #1155, #214, #2139, #720, #5532, #4102, #3149, #1604, #4070, #1666, #751, #6004, #4590, #309, #184, #4130, #2232, #1247, #3532, #1697, #660 ),
 ( #3180, #3622, #4038, #5944, #2762, #1375, #4650, #1759, #5717, #3311, #876, #374, #4219, #1883, #3213, #4681, #935, #5623, #1407, #2828, #3808, #5654, #3337 ),
 ( #6188, #5685, #2858, #4190, #4745, #6062, #5248, #5592, #342, #2292, #5216, #3714, #1310, #4773, #404, #4250, #3244, #6092, #5151, #466, #4714, #2323, #2796 ),
 ( #6156, #908, #1822, #844, #3681, #2263, #4158, #2731, #6125, #1279, #1853, #434, #5119, #3744, #813, #1788, #1343, #3276, #5182, #3778, #2351, #4282, #3840 ),
 ( #5811, #6221, #1438, #17, #2385, #1913, #2039, #3936, #50, #532, #4374, #5374, #1472, #3966, #2452, #1977, #2511, #1087, #4314, #3905, #995, #1503, #5748 ),
 ( #3430, #2009, #2921, #1535, #5842, #3463, #5343, #1026, #2954, #3370, #1055, #591, #1944, #2987, #4406, #4868, #5278, #562, #2482, #967, #4899, #4433, #111 ),
 ( #2890, #3871, #80, #5874, #1564, #3494, #5407, #3020, #5779, #4929, #4803, #497, #3401, #2417, #4344, #5311, #4838, #3999, #2542, #5905, #2070, #623, #4466 ),
 ( #1597, #1118, #5437, #3523, #143, #3049, #4285, #2236, #3811, #1763, #3217, #1856, #817, #4254, #5720, #1827, #5688, #3748, #5658, #4654, #2830, #5596, #6160 ),
 ( #3248, #4162, #345, #1410, #5123, #5628, #3340, #3781, #1378, #910, #4718, #2267, #4194, #4223, #3314, #5219, #4747, #2735, #314, #5186, #437, #3718, #3685 ),
 ( #1347, #1284, #6096, #1792, #1314, #5155, #6191, #2354, #6129, #4685, #3280, #1886, #848, #5251, #378, #880, #938, #2862, #2766, #2800, #5315, #1981, #4776 ),
 ( #1508, #84, #999, #5847, #5380, #2517, #2925, #2959, #2044, #2388, #1569, #1092, #1948, #6224, #3843, #5751, #1441, #3373, #2894, #4807, #2421, #4712, #2794 ),
 ( #2290, #6090, #2321, #1757, #5084, #2826, #6154, #6123, #3712, #1308, #5214, #307, #1786, #4280, #2729, #4743, #1852, #906, #2760, #432, #1820, #4188, #1245 ),
 ( #1277, #3776, #3178, #3309, #2699, #3679, #5621, #5683, #811, #4648, #2349, #5652, #1341, #340, #3211, #2261, #6186, #3274, #5180, #874, #1373, #3806, #778 ),
 ( #3242, #4618, #5590, #2230, #6060, #5149, #4156, #5117, #842, #4679, #372, #5746, #3368, #1470, #560, #4404, #2007, #1533, #4801, #3336, #5246, #993, #1405 ),
 ( #5309, #934, #4866, #3934, #5276, #78, #1501, #4372, #4771, #4836, #48, #4312, #5341, #2953, #1024, #3903, #495, #530, #4342, #2480, #6220, #2856, #1053 ),
 ( #1942, #5777, #3461, #464, #15, #2509, #965, #2985, #5840, #5372, #2920, #4897, #1975, #2415, #5715, #2383, #1911, #5809, #3428, #3838, #109, #1436, #589 ),
 ( #2888, #3869, #4431, #2037, #3399, #2450, #3997, #5435, #5996, #4521, #2129, #680, #2162, #5966, #4552, #2599, #1116, #711, #3047, #5903, #3612, #205, #5491 ),
 ( #1178, #238, #4061, #1595, #3521, #5935, #5016, #2629, #4094, #1688, #4955, #1562, #3492, #5463, #2540, #3964, #1656, #5522, #651, #5405, #141, #3581, #3075 ),
 ( #2569, #5872, #1085, #1208, #3108, #1625, #2099, #3552, #3140, #4495, #5046, #4029, #1146, #741, #2660, #3018, #4985, #175, #4582, #4927, #267, #621, #4464 ),
 ( #2068, #1268, #5919, #2052, #2431, #5355, #1579, #1068, #2936, #4851, #3475, #2463, #4386, #1036, #2968, #4880, #3003, #3980, #4448, #125, #5888, #6194, #2297 ),
 ( #6162, #2768, #4319, #380, #1888, #4778, #4687, #5753, #2357, #5126, #3282, #2832, #1829, #4288, #440, #3814, #1349, #5188, #2802, #820, #5722, #1412, #4225 ),
 ( #1858, #2270, #2328, #3783, #1795, #3343, #5253, #940, #1381, #6131, #4257, #3750, #2864, #3720, #2738, #470, #2390, #5690, #5660, #882, #6227, #4197, #4720 ),
 ( #1918, #3846, #3220, #409, #4656, #3316, #5222, #348, #6099, #5630, #913, #1316, #3250, #5157, #850, #5414, #3376, #4935, #973, #4349, #2995, #1951, #3468 ),
 ( #2928, #3501, #2014, #5849, #4409, #5881, #5382, #2046, #85, #4843, #4439, #538, #3407, #1094, #3941, #4906, #598, #2486, #4008, #117, #3877, #3026, #55 ),
 ( #3972, #1572, #630, #2456, #5283, #2897, #2961, #2549, #1541, #1061, #2519, #4475, #152, #2078, #1444, #4380, #4810, #1984, #5318, #502, #2424, #23, #5785 ),
 ( #1478, #1002, #3911, #5817, #3437, #1511, #5349, #1030, #4874, #567, #6200, #1893, #1956, #5257, #362, #5324, #1516, #1450, #5727, #2870, #2935, #1484, #1417 ),
 ( #2364, #3349, #91, #1991, #4357, #4818, #3884, #3443, #3381, #2020, #510, #4850, #2491, #5388, #946, #544, #5290, #61, #4783, #2903, #5823, #2967, #4414 ),
 ( #3947, #1067, #3002, #476, #190, #4447, #4076, #5029, #4015, #3594, #694, #3566, #3979, #4043, #5476, #5420, #4535, #1672, #220, #3092, #5918, #5949, #3537 ),
 ( #5504, #1640, #1161, #2612, #1609, #4999, #726, #2644, #1131, #1191, #251, #124, #6010, #2584, #3032, #1703, #4968, #4941, #636, #665, #3155, #4256, #1983 ),
 ( #439, #3813, #1917, #3910, #4318, #6226, #4873, #3876, #1477, #3845, #3342, #5752, #5221, #1443, #3375, #972, #912, #2896, #4809, #2423, #22, #1001, #1950 ),
 ( #5784, #3406, #5317, #2356, #537, #5816, #2927, #1510, #3436, #566, #4287, #2013, #3940, #6193, #5470, #3085, #1154, #4037, #4934, #659, #4474, #4993, #116 ),
 ( #688, #2578, #2077, #5911, #3588, #4905, #151, #2637, #1093, #1185, #4529, #5498, #1125, #3116, #4502, #2548, #5848, #5381, #597, #5943, #183, #4438, #245 ),
 ( #4007, #2606, #5413, #3025, #5023, #2107, #1634, #629, #5880, #1603, #1665, #3560, #213, #2138, #4069, #5974, #719, #4560, #3531, #2170, #5444, #1571, #1540 ),
 ( #3467, #1060, #2994, #2518, #2045, #3500, #3055, #4962, #3971, #2761, #373, #6124, #3179, #1696, #3621, #5591, #2668, #4101, #2730, #5150, #1246, #5531, #275 ),
 ( #1217, #3148, #1726, #6003, #5055, #3743, #5622, #1758, #2231, #6061, #843, #5085, #5653, #4157, #3680, #4218, #2795, #3649, #1342, #341, #4189, #779, #4129 ),
 ( #1278, #3212, #2200, #2291, #750, #6091, #1309, #5118, #2700, #4589, #6032, #3275, #5560, #4619, #308, #812, #403, #4680, #4649, #5181, #2262, #1787, #3713 ),
 ( #3243, #1821, #875, #4713, #4837, #3870, #49, #3807, #3400, #966, #1976, #3904, #5747, #6155, #1374, #6187, #2322, #3777, #5810, #5778, #1912, #465, #4313 ),
 ( #2451, #4373, #5277, #1882, #3429, #5716, #5310, #1502, #1406, #4867, #1471, #4249, #2384, #1943, #2857, #994, #531, #5342, #3839, #1437, #3369, #5684, #1025 ),
 ( #2827, #3310, #5215, #907, #4744, #5247, #433, #4772, #2350, #2889, #4281, #2416, #4802, #496, #4343, #16, #3553, #3522, #3048, #4496, #2038, #1117, #2600 ),
 ( #1086, #3582, #3965, #2130, #5464, #4522, #2069, #206, #5436, #3493, #561, #79, #5841, #4956, #653, #5373, #1179, #3935, #4062, #2481, #5967, #1657, #4465 ),
 ( #5873, #5492, #4928, #142, #681, #3109, #4405, #622, #5406, #3998, #2008, #110, #1563, #3019, #1596, #176, #5904, #4030, #1534, #2541, #2570, #2100, #5936 ),
 ( #1054, #1626, #3462, #4986, #2986, #1147, #4898, #3077, #590, #2510, #4432, #5109, #2163, #2661, #2692, #4611, #1779, #1750, #1269, #2722, #268, #5583, #835 ),
 ( #5553, #1811, #2192, #364, #3703, #2753, #300, #4672, #3672, #1719, #5017, #4553, #4095, #3204, #803, #3613, #5644, #5997, #2283, #712, #4211, #239, #1689 ),
 ( #4640, #6114, #2223, #4180, #4149, #6053, #3141, #1300, #5523, #332, #2253, #6082, #3642, #2630, #5047, #5613, #3234, #5141, #771, #3735, #1333, #1209, #742 ),
 ( #1238, #4583, #4122, #6025, #3171, #5077, #2407, #39, #898, #3861, #4793, #985, #4735, #4334, #1903, #2912, #4828, #457, #866, #2313, #2818, #3266, #2786 ),
 ( #2847, #2375, #487, #5171, #424, #5706, #7, #2341, #1934, #4364, #3767, #2880, #5800, #1461, #1967, #4272, #4703, #6176, #2442, #5238, #395, #3360, #4241 ),
 ( #5769, #5675, #6146, #521, #3391, #6212, #1397, #3329, #3895, #1844, #3798, #1365, #1873, #3301, #5301, #5206, #4762, #927, #3830, #4304, #5738, #1428, #5268 ),
 ( #957, #4978, #4396, #3926, #3484, #168, #101, #5398, #4514, #5428, #1109, #1078, #1526, #4920, #4052, #2093, #5929, #5333, #1016, #5832, #3453, #41, #4764 ),
 ( #5802, #6184, #1880, #5713, #2854, #947, #4784, #3851, #1418, #3290, #888, #5228, #4325, #1923, #5759, #5291, #2333, #857, #2777, #447, #3758, #3256, #3350 ),
 ( #5258, #2432, #29, #2365, #4694, #2303, #2808, #386, #4232, #3885, #477, #2871, #1388, #2397, #6232, #4263, #1356, #1451, #3382, #4726, #5696, #4817, #572 ),
 ( #1215, #3978, #509, #90, #4446, #3442, #5887, #1578, #123, #3001, #3917, #5854, #5354, #3507, #5323, #2430, #157, #5419, #1546, #1035, #2019, #2554, #3883 ),
 ( #4356, #3031, #3946, #3412, #3474, #2966, #5791, #635, #1100, #3619, #4849, #4940, #1483, #2083, #1007, #2934, #5387, #4014, #1990, #1066, #5917, #4911, #604 ),
 ( #2524, #5529, #543, #2462, #1244, #5651, #2198, #5148, #4678, #810, #6059, #748, #3177, #3742, #1819, #3711, #5116, #841, #371, #1340, #1307, #5083, #777 ),
 ( #2229, #3273, #2728, #6089, #2289, #6153, #2698, #5179, #4217, #873, #4617, #6122, #1785, #2793, #4711, #339, #2667, #4128, #306, #3147, #274, #402, #2320 ),
 ( #4647, #4155, #1851, #4248, #3775, #5620, #1756, #5682, #3678, #5053, #6031, #5589, #1725, #3648, #5559, #3210, #2759, #1276, #2260, #4187, #3241, #5745, #3367 ),
 ( #2855, #2449, #2479, #1881, #992, #3933, #5808, #4403, #2382, #905, #933, #77, #4770, #2952, #47, #5340, #2887, #1023, #14, #4311, #1372, #2825, #431 ),
 ( #3308, #3427, #4742, #3805, #1910, #4371, #463, #6219, #4865, #3868, #1469, #3837, #1404, #1435, #559, #1941, #5776, #4341, #1500, #3398, #1974, #5308, #5275 ),
 ( #5714, #3902, #2006, #2919, #964, #4835, #529, #5213, #2348, #3335, #5245, #4800, #4279, #6185, #494, #2414, #5490, #2628, #3491, #204, #1145, #3580, #1084 ),
 ( #1177, #3107, #3046, #3460, #4896, #5404, #5839, #5371, #5015, #3074, #3520, #3996, #1594, #2598, #4926, #710, #5902, #5434, #5965, #4551, #1532, #1115, #4463 ),
 ( #4984, #1052, #4954, #5462, #140, #679, #4520, #2128, #650, #2568, #4494, #2984, #4060, #1655, #3017, #237, #1624, #174, #588, #2098, #4028, #4430, #2161 ),
 ( #2508, #5934, #108, #620, #3551, #2036, #3963, #5871, #1561, #2539, #2067, #4639, #6113, #4210, #5552, #6081, #5108, #394, #2752, #266, #3734, #2691, #740 ),
 ( #331, #3265, #5643, #865, #1718, #4671, #5612, #1810, #1237, #5140, #2721, #1332, #5170, #1267, #1687, #3139, #3641, #4093, #3611, #2785, #1299, #1749, #2222 ),
 ( #4702, #5995, #5521, #802, #3170, #1207, #5076, #834, #5045, #770, #2659, #3233, #4581, #4148, #3702, #4610, #363, #2282, #2191, #6052, #3671, #5582, #4121 ),
 ( #6024, #299, #3203, #2252, #4179, #1778, #3328, #1843, #1871, #1493, #4303, #3766, #2405, #5674, #6174, #6210, #1902, #5299, #5266, #4792, #5, #3796, #2879 ),
 ( #1364, #2846, #5332, #5704, #3893, #984, #37, #3829, #1965, #956, #5236, #2312, #3299, #5204, #485, #4333, #897, #2945, #2816, #5799, #4240, #3420, #4733 ),
 ( #423, #1932, #1015, #5736, #1459, #1426, #3359, #2340, #4826, #4270, #3859, #5767, #3390, #926, #6145, #1396, #2911, #519, #2440, #4363, #4858, #4761, #455 ),
 ( #2374, #5396, #133, #552, #99, #1553, #3482, #1587, #166, #5895, #4023, #2471, #2028, #3010, #2091, #3955, #1617, #1647, #1044, #5927, #3099, #4976, #3573 ),
 ( #5364, #3545, #5456, #1139, #4948, #5863, #3514, #1076, #3068, #2976, #4394, #2120, #672, #5427, #4918, #612, #4513, #5831, #2532, #5482, #4456, #4050, #2591 ),
 ( #1107, #2060, #69, #197, #5957, #1170, #580, #1999, #3925, #1524, #3451, #4888, #3988, #2500, #3039, #643, #4422, #2561, #4487, #4113, #5037, #258, #2743 ),
 ( #3130, #3225, #4084, #2712, #322, #2680, #1710, #2620, #732, #5603, #3693, #3192, #762, #5132, #4662, #353, #5099, #2651, #4573, #289, #1801, #1198, #2213 ),
 ( #1323, #5007, #2182, #702, #4544, #228, #6016, #2152, #5986, #3602, #5512, #6044, #5543, #1229, #5067, #1739, #92, #2145, #4044, #158, #4480, #2084, #1162 ),
 ( #4016, #2021, #5920, #1069, #2492, #1132, #5000, #1580, #3948, #605, #666, #1610, #5856, #191, #3538, #5389, #2113, #2525, #5950, #5505, #1641, #4449, #3123 ),
 ( #695, #2053, #5030, #2613, #4536, #4077, #3981, #126, #221, #52, #626, #1121, #2990, #1629, #1150, #3080, #2514, #4469, #146, #3907, #684, #4376, #5377 ),
 ( #1505, #3432, #5345, #4902, #2956, #594, #4870, #4586, #2134, #2695, #5970, #242, #271, #2195, #5586, #5556, #5080, #303, #4098, #3174, #4643, #2725, #6000 ),
 ( #1692, #4183, #1272, #335, #4125, #2256, #1241, #5526, #2603, #4065, #1660, #774, #4614, #1182, #3237, #3585, #6085, #4525, #1782, #5495, #3112, #4152, #5020 ),
 ( #2633, #3616, #3706, #2226, #6056, #1753, #806, #3675, #3207, #5112, #1212, #5616, #3144, #4556, #2664, #3645, #1303, #2166, #5144, #209, #715, #5050, #745 ),
 ( #6028, #1722, #2344, #5709, #6215, #4675, #460, #5678, #1906, #2378, #3833, #5209, #2821, #427, #2756, #5741, #5271, #398, #1431, #2850, #1400, #6117, #6179 ),
 ( #2316, #10, #4738, #367, #930, #4214, #4706, #4275, #3801, #3363, #3332, #5241, #4766, #4244, #4307, #2883, #960, #6149, #4796, #490, #2286, #2410, #4337 ),
 ( #1937, #3864, #3770, #838, #1814, #3738, #5772, #1465, #5647, #3394, #1336, #3269, #5174, #869, #2789, #1847, #1368, #3304, #901, #2565, #584, #4460, #2504 ),
 ( #1591, #4367, #1081, #616, #2980, #2003, #2915, #3423, #5899, #3992, #5867, #1048, #3014, #2536, #3517, #3487, #1019, #2064, #1112, #5336, #2032, #1557, #4491 ),
 ( #4831, #4426, #3898, #5304, #3959, #136, #2474, #524, #1496, #5401, #104, #2445, #4923, #5367, #43, #3929, #1970, #4892, #171, #5431, #2948, #4026, #3043 ),
 ( #4861, #2096, #4399, #4951, #647, #555, #1621, #5932, #988, #5804, #73, #5835, #1529, #3456, #3606, #3072, #232, #676, #3134, #2715, #1202, #5486, #2246 ),
 ( #1682, #5040, #3664, #4172, #3549, #5516, #2156, #735, #5460, #3103, #4547, #4088, #4576, #3164, #2654, #765, #1143, #5011, #5990, #5070, #706, #4603, #4633 ),
 ( #5546, #2185, #2595, #261, #4116, #2124, #2683, #292, #2216, #1713, #2624, #6019, #3635, #4142, #4055, #4981, #5102, #1742, #1232, #5575, #1261, #3195, #4517 ),
 ( #795, #200, #325, #6075, #5961, #1651, #3576, #1174, #3914, #3409, #4877, #1804, #2459, #3696, #5820, #3228, #4205, #2306, #2931, #1326, #3259, #1513, #4352 ),
 ( #5351, #3293, #1004, #5198, #891, #6107, #4383, #828, #3880, #5320, #5669, #4697, #5606, #3728, #58, #540, #2426, #3761, #5787, #4846, #1987, #26, #3439 ),
 ( #1032, #5638, #2899, #505, #2963, #1293, #5135, #4813, #356, #1772, #1953, #569, #5165, #2746, #860, #2488, #4411, #2780, #4665, #2277, #389, #1838, #1480 ),
 ( #4235, #6140, #1359, #1575, #2551, #1637, #3503, #1157, #1188, #601, #5946, #2640, #4532, #3119, #1097, #5851, #5884, #5501, #2080, #1543, #186, #3471, #3975 ),
 ( #2521, #3943, #1669, #3563, #3058, #4477, #154, #4072, #5384, #632, #5026, #5416, #3591, #4996, #5977, #1606, #722, #4965, #3028, #87, #1063, #2997, #4504 ),
 ( #2141, #4908, #4442, #4010, #3088, #4937, #5914, #2016, #2581, #2110, #3534, #120, #5447, #2049, #662, #4040, #5473, #216, #691, #2609, #1128, #6035, #1312 ),
 ( #5153, #3246, #5121, #311, #2265, #6094, #846, #2733, #2294, #5656, #4192, #2764, #753, #6064, #3215, #3716, #2173, #4104, #1761, #3151, #4563, #815, #5625 ),
 ( #2671, #1282, #3683, #6006, #4652, #4622, #1699, #1249, #3624, #4160, #3746, #2234, #279, #3278, #4683, #376, #1790, #4132, #1345, #1729, #5534, #4221, #5594 ),
 ( #6127, #1824, #5184, #2703, #878, #248, #3652, #1220, #5058, #4592, #2203, #5563, #3182, #5088, #783, #6158, #2798, #4252, #1854, #3779, #5686, #1376, #3312 ),
 ( #5217, #4716, #406, #2325, #4932, #4959, #4290, #3497, #179, #2073, #656, #4780, #3318, #3345, #3052, #5756, #5224, #3969, #915, #1414, #1446, #3378, #627 ),
 ( #1090, #595, #6229, #3848, #1600, #2834, #4321, #2573, #5254, #5440, #2545, #3527, #5286, #1122, #2515, #472, #3785, #4750, #443, #2042, #4436, #2359, #4499 ),
 ( #1920, #4470, #942, #2866, #5692, #114, #5877, #2393, #3816, #975, #5908, #1567, #5410, #3023, #4002, #147, #1383, #6196, #2991, #1889, #4903, #5723, #2167 ),
 ( #4099, #6029, #3646, #2696, #272, #6057, #3208, #1723, #304, #4526, #3617, #746, #1242, #5939, #1630, #5527, #685, #2103, #2665, #3175, #5496, #3556, #210 ),
 ( #5467, #1213, #2604, #4033, #4587, #5081, #1183, #1151, #2135, #5051, #3145, #3081, #2196, #6001, #4989, #5021, #4066, #1693, #1273, #4126, #5971, #807, #2227 ),
 ( #5557, #4153, #2726, #1661, #775, #716, #4615, #3586, #3113, #2634, #4557, #1754, #3676, #5587, #5113, #243, #4644, #2790, #1876, #1815, #1401, #1432, #839 ),
 ( #5210, #5617, #5679, #902, #5145, #6180, #3802, #5710, #4739, #5648, #1369, #5175, #5242, #2757, #4184, #1907, #931, #3305, #4708, #399, #4308, #1304, #870 ),
 ( #6086, #4767, #4245, #4676, #2822, #2317, #2257, #2379, #2851, #3364, #368, #461, #3707, #6216, #3238, #2287, #6150, #3834, #6118, #3739, #5742, #428, #2345 ),
 ( #5272, #3771, #1848, #4215, #961, #1337, #4276, #2884, #336, #3270, #2411, #2916, #5402, #3488, #5368, #556, #2505, #5836, #4797, #1530, #525, #1558, #617 ),
 ( #74, #3457, #3960, #4338, #5337, #5868, #4368, #44, #4461, #1049, #4893, #3899, #4832, #1971, #2537, #2981, #585, #4427, #3015, #105, #1082, #2033, #5805 ),
 ( #2446, #4924, #137, #2065, #2475, #3993, #1497, #5900, #3424, #1592, #3518, #5432, #1113, #989, #2004, #491, #11, #1938, #3865, #3930, #3395, #5773, #1466 ),
 ( #5305, #1020, #2949, #4862, #4400, #3044, #648, #4952, #2566, #4492, #172, #512, #979, #4820, #5825, #1925, #2494, #2905, #2434, #2970, #1548, #2839, #4359 ),
 ( #5391, #1993, #4755, #31, #2465, #1453, #3919, #4388, #1518, #1959, #3887, #5793, #449, #3445, #1038, #2399, #5357, #4853, #1486, #1895, #3414, #5326, #1420 ),
 ( #1009, #2367, #2938, #6202, #479, #546, #63, #4882, #574, #4416, #94, #4327, #2023, #3950, #5858, #6235, #3477, #4296, #3822, #5729, #3352, #5260, #949 ),
 ( #5761, #2873, #4786, #3853, #3384, #5293, #5890, #1705, #4451, #5032, #4970, #3034, #6012, #1193, #3125, #4046, #638, #2177, #4482, #4079, #2646, #2556, #3629 ),
 ( #1134, #697, #5922, #223, #2615, #2147, #5451, #3062, #668, #3005, #5981, #5507, #160, #1674, #3094, #5952, #128, #193, #3568, #1582, #4538, #3597, #4568 ) ),
 .UNSPECIFIED., .T., .F., .F.,
 ( 4, 1, 1, 1, 1, 1, 1, 1, 1, 1, 1, 1, 1, 1, 1, 1, 1, 1, 1, 1, 1, 1, 1, 1, 1, 1, 1, 1, 1, 1, 1, 1, 1, 1, 1, 1, 1, 1, 1, 1, 1, 1, 1, 1, 1, 1, 1, 1, 1, 1, 1, 1, 1, 1, 1, 1, 1, 1, 1, 1, 1, 1, 1, 1, 1, 1, 1, 1, 1, 1, 1, 1, 1, 1, 1, 1, 1, 1, 1, 1, 1, 1, 1, 1, 1, 1, 1, 1, 1, 1, 1, 1, 1, 1, 1, 1, 1, 1, 1, 1, 1, 1, 1, 1, 1, 1, 1, 1, 1, 1, 1, 1, 1, 1, 1, 1, 1, 1, 1, 1, 1, 1, 1, 1, 1, 1, 4 ),
 ( 4, 1, 1, 1, 1, 1, 1, 1, 1, 1, 1, 1, 1, 1, 1, 1, 1, 1, 1, 1, 4 ),
 ( 0.000000000000000000, 0.01562500000000000000, 0.03125000000000000000, 0.04687500000000000000, 0.06250000000000000000, 0.07812500000000000000, 0.09375000000000000000, 0.1093750000000000000, 0.1171875000000000000, 0.1250000000000000000, 0.1328125000000000000, 0.1406250000000000000, 0.1484375000000000000, 0.1562500000000000000, 0.1640625000000000000, 0.1718750000000000000, 0.1796875000000000000, 0.1875000000000000000, 0.1953125000000000000, 0.2031250000000000000, 0.2070312500000000000, 0.2109375000000000000, 0.2148437500000000000, 0.2187500000000000000, 0.2226562500000000000, 0.2265625000000000000, 0.2304687500000000000, 0.2343750000000000000, 0.2382812500000000000, 0.2421875000000000000, 0.2441406250000000000, 0.2460937500000000000, 0.2480468750000000000, 0.2490234375000000000, 0.2500000000000000000, 0.2519531250000000000, 0.2539062500000000000, 0.2578125000000000000, 0.2617187500000000000, 0.2656250000000000000, 0.2695312500000000000, 0.2734375000000000000, 0.2773437500000000000, 0.2812500000000000000, 0.2851562500000000000, 0.2890625000000000000, 0.2968750000000000000, 0.3046875000000000000, 0.3125000000000000000, 0.3203125000000000000, 0.3281250000000000000, 0.3359375000000000000, 0.3437500000000000000, 0.3515625000000000000, 0.3593750000000000000, 0.3671875000000000000, 0.3750000000000000000, 0.3906250000000000000, 0.4062500000000000000, 0.4218750000000000000, 0.4375000000000000000, 0.4531250000000000000, 0.4687500000000000000, 0.4843750000000000000, 0.5000000000000000000, 0.5156250000000000000, 0.5312500000000000000, 0.5468750000000000000, 0.5625000000000000000, 0.5781250000000000000, 0.5937500000000000000, 0.6093750000000000000, 0.6250000000000000000, 0.6406250000000000000, 0.6562500000000000000, 0.6640625000000000000, 0.6718750000000000000, 0.6796875000000000000, 0.6875000000000000000, 0.6953125000000000000, 0.7031250000000000000, 0.7109375000000000000, 0.7148437500000000000, 0.7187500000000000000, 0.7226562500000000000, 0.7265625000000000000, 0.7304687500000000000, 0.7343750000000000000, 0.7382812500000000000, 0.7421875000000000000, 0.7460937500000000000, 0.7480468750000000000, 0.7500000000000000000, 0.7519531250000000000, 0.7539062500000000000, 0.7578125000000000000, 0.7617187500000000000, 0.7656250000000000000, 0.7695312500000000000, 0.7734375000000000000, 0.7773437500000000000, 0.7812500000000000000, 0.7851562500000000000, 0.7890625000000000000, 0.7929687500000000000, 0.7968750000000000000, 0.8007812500000000000, 0.8046875000000000000, 0.8085937500000000000, 0.8125000000000000000, 0.8203125000000000000, 0.8281250000000000000, 0.8359375000000000000, 0.8437500000000000000, 0.8515625000000000000, 0.8593750000000000000, 0.8671875000000000000, 0.8750000000000000000, 0.8828125000000000000, 0.8906250000000000000, 0.9062500000000000000, 0.9218750000000000000, 0.9375000000000000000, 0.9531250000000000000, 0.9687500000000000000, 0.9843750000000000000, 1.000000000000000000 ),
 ( 0.000000000000000000, 0.04333852684012776818, 0.08717308317991924460, 0.1315563818174493305, 0.1765291643852368308, 0.2221267757322754888, 0.2683850631449340995, 0.3153386076795121618, 0.3630191516787464878, 0.4114550007090829742, 0.4606753753612851110, 0.5107069724963625434, 0.5615736378710077803, 0.6132980006039104870, 0.6658995490811303597, 0.7193921803170038043, 0.7737873112060515979, 0.8290862207547907703, 0.8852772768625633004, 0.9423105660483590551, 1.000000000000000000 ),
 .UNSPECIFIED. ) ;
#3068 = CARTESIAN_POINT ( 'NONE',  ( 942.6191551321524003, 226.0004721169021309, 96.68226259383291676 ) ) ;
#3069 = CARTESIAN_POINT ( 'NONE',  ( 1267.811499129187496, 372.9904690170797039, -159.9404800814336056 ) ) ;
#3070 = CARTESIAN_POINT ( 'NONE',  ( 676.5098294217312969, 20.87873164191978859, -41.63322337625059077 ) ) ;
#3071 = CARTESIAN_POINT ( 'NONE',  ( 675.3993887559349787, 47.42372808832809739, 33.82228911700745044 ) ) ;
#3072 = CARTESIAN_POINT ( 'NONE',  ( 1226.020831049966318, 632.0579437299384153, 148.8016288284990196 ) ) ;
#3073 = CARTESIAN_POINT ( 'NONE',  ( 899.6217281775029733, 135.0139460756334984, -1.030603384495163422 ) ) ;
#3074 = CARTESIAN_POINT ( 'NONE',  ( 992.4115194575927035, 265.9379970638653390, 80.25204345248253901 ) ) ;
#3075 = CARTESIAN_POINT ( 'NONE',  ( 1468.745576970199181, 905.2965748007298998, -84.02305120106542802 ) ) ;
#3076 = CC_DESIGN_SECURITY_CLASSIFICATION ( #4975, ( #4013 ) ) ;
#3077 = CARTESIAN_POINT ( 'NONE',  ( 899.2576738897895439, 137.2767819700340226, -28.61413159964594044 ) ) ;
#3078 = CARTESIAN_POINT ( 'NONE',  ( 560.0000000000004547, 1.927557537202231330, 14.50313869124297739 ) ) ;
#3079 = CARTESIAN_POINT ( 'NONE',  ( 1048.641820381635171, 276.3695500152378486, 1.735620981415737951 ) ) ;
#3080 = CARTESIAN_POINT ( 'NONE',  ( 1220.113503823830342, 646.0353119539107638, 166.1442600667318743 ) ) ;
#3081 = CARTESIAN_POINT ( 'NONE',  ( 1088.885891961878087, 348.5828579500773117, 72.53671485805764974 ) ) ;
#3082 = CARTESIAN_POINT ( 'NONE',  ( 787.2579904891615570, 100.8458462806188862, 65.27193816869697685 ) ) ;
#3083 = CARTESIAN_POINT ( 'NONE',  ( 1106.992951628798892, 283.8687348507976935, -41.96330106470907140 ) ) ;
#3084 = CARTESIAN_POINT ( 'NONE',  ( 1427.152294125389290, 619.8233594838766294, -170.6502564007466276 ) ) ;
#3085 = CARTESIAN_POINT ( 'NONE',  ( 1296.874019684583800, 464.3405690455444983, -124.8347388142270944 ) ) ;
#3086 = CARTESIAN_POINT ( 'NONE',  ( 559.9999999999998863, -9.832543616094211458, -28.56549051101328374 ) ) ;
#3087 = CARTESIAN_POINT ( 'NONE',  ( 579.5054082731955987, -7.583917036778174747, -32.98525429244358520 ) ) ;
#3088 = CARTESIAN_POINT ( 'NONE',  ( 732.0997660655764321, 68.35057110907173694, 52.07768796198386241 ) ) ;
#3089 = CARTESIAN_POINT ( 'NONE',  ( 559.9999999999998863, 10.71102244002477732, 36.59843582617797608 ) ) ;
#3090 = CARTESIAN_POINT ( 'NONE',  ( 788.3741493241686840, 89.05747306399076990, 39.35265240349822591 ) ) ;
#3091 = CARTESIAN_POINT ( 'NONE',  ( 1465.275816130811791, 873.7413043571783646, -90.41399568127181396 ) ) ;
#3092 = CARTESIAN_POINT ( 'NONE',  ( 1439.860880825443928, 723.4554161881939081, -133.8345271484542138 ) ) ;
#3093 = CARTESIAN_POINT ( 'NONE',  ( 1003.138659054161280, 215.8609718939722200, -27.27057965904011994 ) ) ;
#3094 = CARTESIAN_POINT ( 'NONE',  ( 1228.896341422567957, 474.0299600136144136, -0.08040579440100675823 ) ) ;
#3095 = CARTESIAN_POINT ( 'NONE',  ( 1376.469563578987390, 1008.639868108530209, 88.58110068972783324 ) ) ;
#3096 = APPROVAL_STATUS ( 'not_yet_approved' ) ;
#3097 = CARTESIAN_POINT ( 'NONE',  ( 1311.505711615191331, 832.7186104668043072, 133.6341280642043614 ) ) ;
#3098 = CARTESIAN_POINT ( 'NONE',  ( 579.4761528635164041, -3.560667032781818175, -17.03805037189842864 ) ) ;
#3099 = CARTESIAN_POINT ( 'NONE',  ( 1348.523577977886816, 984.6040587403495010, 126.8309746302756764 ) ) ;
#3100 = CARTESIAN_POINT ( 'NONE',  ( 1454.453496982908064, 698.5510720685100523, -159.2463409280047699 ) ) ;
#3101 = CARTESIAN_POINT ( 'NONE',  ( 1452.342924959148604, 821.3611718940134097, -102.6096258441306333 ) ) ;
#3102 = CARTESIAN_POINT ( 'NONE',  ( 993.4401284780452670, 261.1299476057826041, 67.49117785855808904 ) ) ;
#3103 = CARTESIAN_POINT ( 'NONE',  ( 992.0973847886959902, 267.4503592078913243, 101.7867077905738995 ) ) ;
#3104 = CARTESIAN_POINT ( 'NONE',  ( 1097.620232320542073, 317.3687257362922765, 17.44213023715861155 ) ) ;
#3105 = CARTESIAN_POINT ( 'NONE',  ( 1003.735587694081687, 213.1677646719018071, -1.659086906774149606 ) ) ;
#3106 = CARTESIAN_POINT ( 'NONE',  ( 1014.658847775961704, 162.1932913420515945, -100.8101923129515001 ) ) ;
#3107 = CARTESIAN_POINT ( 'NONE',  ( 579.3318249865620828, 16.52740735391376603, 28.52708466332596515 ) ) ;
#3108 = CARTESIAN_POINT ( 'NONE',  ( 734.8370684714819845, 27.52454960342436152, -66.01496780219052596 ) ) ;
#3109 = CARTESIAN_POINT ( 'NONE',  ( 789.6860501815616544, 74.99764792369664690, -27.46714153983886675 ) ) ;
#3110 = CARTESIAN_POINT ( 'NONE',  ( 1278.946918686987601, 649.8713806475893762, 73.26866487400532435 ) ) ;
#3111 = CARTESIAN_POINT ( 'NONE',  ( 843.4123352639735458, 117.5877420507782460, 1.235764307715311983 ) ) ;
#3112 = CARTESIAN_POINT ( 'NONE',  ( 1343.361270146160678, 992.7236866320560011, 142.1188653178823813 ) ) ;
#3113 = CARTESIAN_POINT ( 'NONE',  ( 947.4650077320774244, 199.5506949940027255, 54.04923552186519231 ) ) ;
#3114 = CARTESIAN_POINT ( 'NONE',  ( 847.2346643493575584, 86.64238459110313784, -36.13372389582333000 ) ) ;
#3115 = CARTESIAN_POINT ( 'NONE',  ( 1454.583111463479327, 698.3293234108775778, -160.0182642716578698 ) ) ;
#3116 = CARTESIAN_POINT ( 'NONE',  ( 1208.203376222505540, 358.7475272720263888, -109.9408437351402767 ) ) ;
#3117 = CARTESIAN_POINT ( 'NONE',  ( 560.0000000000006821, -10.02150593637885301, -29.56687458876088925 ) ) ;
#3118 = CARTESIAN_POINT ( 'NONE',  ( 792.1230580569721269, 49.35926512675683142, -59.51634224302851095 ) ) ;
#3119 = CARTESIAN_POINT ( 'NONE',  ( 1162.389807292461001, 490.0436799366559626, 122.6026715522000643 ) ) ;
#3120 = CARTESIAN_POINT ( 'NONE',  ( 1273.590124973349020, 788.1776203970425740, 172.3344306111375204 ) ) ;
#3121 = CARTESIAN_POINT ( 'NONE',  ( 948.1788691273317227, 195.6504778285290342, 46.34313518159473233 ) ) ;
#3122 = CARTESIAN_POINT ( 'NONE',  ( 1446.413920104850149, 712.2767776959414050, -139.3580230279717398 ) ) ;
#3123 = CARTESIAN_POINT ( 'NONE',  ( 1385.087156182207536, 1028.843273242281384, 83.18145479292556388 ) ) ;
#3124 = CARTESIAN_POINT ( 'NONE',  ( 1426.307526991813802, 862.2948749477143338, -51.07112365243563801 ) ) ;
#3125 = CARTESIAN_POINT ( 'NONE',  ( 1228.082081507772273, 476.1439290505659301, 3.278812501001260316 ) ) ;
#3126 = CARTESIAN_POINT ( 'NONE',  ( 1348.523577977886816, 984.6040587403495010, 126.8309746302756764 ) ) ;
#3127 = CALENDAR_DATE ( 2026, 20, 9 ) ;
#3128 = CARTESIAN_POINT ( 'NONE',  ( 1397.188529872001027, 1010.971972877066491, 60.75810761233051238 ) ) ;
#3129 = CARTESIAN_POINT ( 'NONE',  ( 560.0000000000000000, -6.611713623125856643, -15.26791103790021253 ) ) ;
#3130 = CARTESIAN_POINT ( 'NONE',  ( 559.9999999999989768, 11.21111004859621474, 35.01788384694589951 ) ) ;
#3131 = CARTESIAN_POINT ( 'NONE',  ( 1171.894768918034742, 275.9220421583082725, -144.4487684738580811 ) ) ;
#3132 = CARTESIAN_POINT ( 'NONE',  ( 1061.003932001236535, 226.2559851931054311, -83.06268808362793266 ) ) ;
#3133 = CARTESIAN_POINT ( 'NONE',  ( 1312.331080096812229, 831.1888583558157961, 117.6107744318926080 ) ) ;
#3134 = CARTESIAN_POINT ( 'NONE',  ( 1304.888636368644939, 844.9002476086536717, 151.8629978547645010 ) ) ;
#3135 = CARTESIAN_POINT ( 'NONE',  ( 1397.350312746252712, 907.8326427044212323, 26.65162687186974466 ) ) ;
#3136 = CARTESIAN_POINT ( 'NONE',  ( 1203.817657374247119, 371.3474102812932074, -71.65687209236615729 ) ) ;
#3137 = CARTESIAN_POINT ( 'NONE',  ( 1363.488379787078202, 737.0232475198579323, -3.976347308097300193 ) ) ;
#3138 = CARTESIAN_POINT ( 'NONE',  ( 1118.773383116903688, 241.7591175487474118, -115.7516648433467878 ) ) ;
#3139 = CARTESIAN_POINT ( 'NONE',  ( 1226.865951525333685, 630.0414534756582725, 132.3760316277118250 ) ) ;
#3140 = CARTESIAN_POINT ( 'NONE',  ( 960.8521189134934275, 126.3279408804730224, -104.6985546954934279 ) ) ;
#3141 = CARTESIAN_POINT ( 'NONE',  ( 844.2958241958511962, 110.4015378393945497, -14.97691219464863366 ) ) ;
#3142 = CARTESIAN_POINT ( 'NONE',  ( 791.6519591480484905, 54.24314120894124613, -65.92203586585763730 ) ) ;
#3143 = CARTESIAN_POINT ( 'NONE',  ( 579.3606514380926455, 12.59266395429527208, 5.960026034646625170 ) ) ;
#3144 = CARTESIAN_POINT ( 'NONE',  ( 1118.602528897205957, 445.7010290922115701, 143.5126684041339047 ) ) ;
#3145 = CARTESIAN_POINT ( 'NONE',  ( 1043.895478534392396, 295.6904207328506118, 67.66154518731266876 ) ) ;
#3146 = CARTESIAN_POINT ( 'NONE',  ( 1416.209230698280862, 763.8393783045861483, -68.75825199029401347 ) ) ;
#3147 = CARTESIAN_POINT ( 'NONE',  ( 1349.961860417320395, 876.9232170861508848, 73.63509821663176069 ) ) ;
#3148 = CARTESIAN_POINT ( 'NONE',  ( 579.4406466916764202, 1.505502371744228185, -25.88062431816597453 ) ) ;
#3149 = CARTESIAN_POINT ( 'NONE',  ( 959.9020039570426661, 131.5588361441104439, -85.38621040866415512 ) ) ;
#3150 = CARTESIAN_POINT ( 'NONE',  ( 1305.102447582341028, 444.8906699779207088, -138.4256367036641109 ) ) ;
#3151 = CARTESIAN_POINT ( 'NONE',  ( 1337.820422664218313, 897.6633287036853517, 119.4214484642263159 ) ) ;
#3152 = CARTESIAN_POINT ( 'NONE',  ( 1343.785042374208615, 992.0575197735689699, 141.6541290884225646 ) ) ;
#3153 = CARTESIAN_POINT ( 'NONE',  ( 559.9999999999996589, 3.084809775111182706, 17.93438703778014798 ) ) ;
#3154 = CARTESIAN_POINT ( 'NONE',  ( 1120.123838430552951, 236.9293425384986733, -124.4120693796693189 ) ) ;
#3155 = CARTESIAN_POINT ( 'NONE',  ( 1459.105921381845064, 810.7285980682091804, -115.2652752943116923 ) ) ;
#3156 = CARTESIAN_POINT ( 'NONE',  ( 618.4053484687834725, 16.21156049910735675, -11.57503368469197902 ) ) ;
#3157 = CARTESIAN_POINT ( 'NONE',  ( 1387.518686479633971, 812.8186547900535288, -0.3603053299501255968 ) ) ;
#3158 = CARTESIAN_POINT ( 'NONE',  ( 1079.640683341358454, 381.6017788390958003, 120.4966359487061567 ) ) ;
#3159 = CARTESIAN_POINT ( 'NONE',  ( 1141.699788814957401, 372.0727799011924617, -6.969012286353320818 ) ) ;
#3160 = CARTESIAN_POINT ( 'NONE',  ( 787.8716021620645051, 94.36656693824110675, 51.22401821094472041 ) ) ;
#3161 = CARTESIAN_POINT ( 'NONE',  ( 1060.035102698626133, 230.2467929047557789, -53.22990187640701976 ) ) ;
#3162 = CARTESIAN_POINT ( 'NONE',  ( 1365.192930129391698, 605.3642066555629526, -108.8292868250507013 ) ) ;
#3163 = CARTESIAN_POINT ( 'NONE',  ( 1163.255770977878456, 487.5356736206448431, 100.5854773056054796 ) ) ;
#3164 = CARTESIAN_POINT ( 'NONE',  ( 1160.059523278283450, 496.7196779461647793, 133.9897600457607041 ) ) ;
#3165 = CARTESIAN_POINT ( 'NONE',  ( 897.7804727370205455, 147.0905895827863503, 25.14382532166326811 ) ) ;
#3166 = CARTESIAN_POINT ( 'NONE',  ( 1111.700172668589857, 267.0430516649179822, -71.61733196229886289 ) ) ;
#3167 = CARTESIAN_POINT ( 'NONE',  ( 1163.168709073976743, 303.7386145164074378, -94.61810976995066369 ) ) ;
#3168 = CARTESIAN_POINT ( 'NONE',  ( 1388.912671360267495, 810.4388775707030845, -3.705596976062726977 ) ) ;
#3169 = CARTESIAN_POINT ( 'NONE',  ( 1463.822803027944019, 875.9486017215485845, -87.50465047765679572 ) ) ;
#3170 = CARTESIAN_POINT ( 'NONE',  ( 731.6400836389971118, 75.09496033137359916, 54.93755655723395392 ) ) ;
#3171 = CARTESIAN_POINT ( 'NONE',  ( 732.7959894599720201, 57.78649349625234777, -7.406066235961500155 ) ) ;
#3172 = CARTESIAN_POINT ( 'NONE',  ( 1444.137693157881813, 716.1556481532535372, -142.3096200059012233 ) ) ;
#3173 = CARTESIAN_POINT ( 'NONE',  ( 618.2635026853799900, 24.54730706009303631, 16.70104547095220227 ) ) ;
#3174 = CARTESIAN_POINT ( 'NONE',  ( 1320.084491207590190, 927.9415854706385289, 159.3157986339359411 ) ) ;
#3175 = CARTESIAN_POINT ( 'NONE',  ( 1349.964493979883400, 876.9307998901989549, 90.09295216069718037 ) ) ;
#3176 = CARTESIAN_POINT ( 'NONE',  ( 1008.936923462003847, 188.8973682299145196, -49.00935230485967509 ) ) ;
#3177 = CARTESIAN_POINT ( 'NONE',  ( 1130.426639730139868, 407.9916302082318111, 57.25973395767373830 ) ) ;
#3178 = CARTESIAN_POINT ( 'NONE',  ( 618.7486952801474445, -3.418204311187040823, -49.16549971847662448 ) ) ;
#3179 = CARTESIAN_POINT ( 'NONE',  ( 1159.455582423298210, 315.5199767847329895, -95.26449149868172128 ) ) ;
#3180 = CARTESIAN_POINT ( 'NONE',  ( 559.9999999999998863, -10.18543428160989883, -30.35361623998462832 ) ) ;
#3181 = CARTESIAN_POINT ( 'NONE',  ( 1066.804908190509650, 202.7891797532764144, -103.8902666340143526 ) ) ;
#3182 = CARTESIAN_POINT ( 'NONE',  ( 1127.147296239502339, 418.4885470831277985, 99.85497852001820718 ) ) ;
#3183 = CARTESIAN_POINT ( 'NONE',  ( 618.2166073126094261, 27.72607411936222022, 49.46937094713626237 ) ) ;
#3184 = CARTESIAN_POINT ( 'NONE',  ( 788.4728953532778633, 88.01381634904338114, 36.97514638692032207 ) ) ;
#3185 = CARTESIAN_POINT ( 'NONE',  ( 848.7997070353397930, 73.82762166600167575, -80.63647059005505469 ) ) ;
#3186 = CARTESIAN_POINT ( 'NONE',  ( 1015.048178252471644, 160.3756334200481319, -104.4352962585735298 ) ) ;
#3187 = CARTESIAN_POINT ( 'NONE',  ( 1004.850280992164244, 207.8776139476963465, -41.55050575825855219 ) ) ;
#3188 = CARTESIAN_POINT ( 'NONE',  ( 560.0000000000000000, -2.506690375110735225, -0.1250028600824037162 ) ) ;
#3189 = CARTESIAN_POINT ( 'NONE',  ( 892.4655107742747759, 181.8978021018341167, 87.66814092744773745 ) ) ;
#3190 = CARTESIAN_POINT ( 'NONE',  ( 1000.658784002066454, 227.4297706515248763, -5.619774419739301585 ) ) ;
#3191 = CARTESIAN_POINT ( 'NONE',  ( 1202.039696889980178, 543.7516494230508215, 110.7698948065914948 ) ) ;
#3192 = CARTESIAN_POINT ( 'NONE',  ( 1078.693163901872367, 384.9944488807425387, 129.5131590276407962 ) ) ;
#3193 = CARTESIAN_POINT ( 'NONE',  ( 560.0000000000004547, -2.305270157001631404, -24.29026602439077820 ) ) ;
#3194 = CARTESIAN_POINT ( 'NONE',  ( 787.0278035076538572, 103.1829019196473780, 50.61046535122054735 ) ) ;
#3195 = CARTESIAN_POINT ( 'NONE',  ( 1378.705208476733560, 1005.243762527996637, 89.40564549501273461 ) ) ;
#3196 = CARTESIAN_POINT ( 'NONE',  ( 1422.010997177930449, 974.3141701844706404, 10.49717326359999170 ) ) ;
#3197 = CARTESIAN_POINT ( 'NONE',  ( 1352.464686302348809, 978.4100505382468782, 125.0110213751191850 ) ) ;
#3198 = CARTESIAN_POINT ( 'NONE',  ( 618.6691635963221643, 1.522580555062509999, -24.27359496837257424 ) ) ;
#3199 = CARTESIAN_POINT ( 'NONE',  ( 1336.514819929851456, 525.0415323118395463, -112.8155900618555734 ) ) ;
#3200 = LOCAL_TIME ( 2, 53, 2.000000000000000000, #5004 ) ;
#3201 = CARTESIAN_POINT ( 'NONE',  ( 1006.671071612169840, 199.4708277720673379, -28.36304023052593593 ) ) ;
#3202 = CARTESIAN_POINT ( 'NONE',  ( 1118.456504351673402, 242.8913214124233093, -113.8694642656832769 ) ) ;
#3203 = CARTESIAN_POINT ( 'NONE',  ( 618.2100434832042311, 27.95730369279035088, 41.74533513242823801 ) ) ;
#3204 = CARTESIAN_POINT ( 'NONE',  ( 1190.593857783090016, 409.1914495283074871, -35.90081055116785080 ) ) ;
#3205 = CARTESIAN_POINT ( 'NONE',  ( 1445.266035338701158, 714.2295404220068349, -144.4710512817080428 ) ) ;
#3206 = CARTESIAN_POINT ( 'NONE',  ( 1337.090573687295773, 785.6032502948592082, 45.64704853170984222 ) ) ;
#3207 = CARTESIAN_POINT ( 'NONE',  ( 942.4008211241824711, 227.2078783857536166, 105.5533605091771960 ) ) ;
#3208 = CARTESIAN_POINT ( 'NONE',  ( 842.6196774434378085, 124.1780804742997759, 49.61040592458489584 ) ) ;
#3209 = CARTESIAN_POINT ( 'NONE',  ( 1440.752257099797134, 839.5903685771698974, -67.22394281213678369 ) ) ;
#3210 = CARTESIAN_POINT ( 'NONE',  ( 1237.029293066030732, 605.9771731966071684, 87.95316878216036116 ) ) ;
#3211 = CARTESIAN_POINT ( 'NONE',  ( 1267.811499129187496, 372.9904690170797039, -159.9404800814336056 ) ) ;
#3212 = CARTESIAN_POINT ( 'NONE',  ( 579.4367095373313532, 2.053042020592686701, -24.64898439746471936 ) ) ;
#3213 = CARTESIAN_POINT ( 'NONE',  ( 1261.609690263515176, 389.0984173817288934, -133.0917049921090154 ) ) ;
#3214 = CARTESIAN_POINT ( 'NONE',  ( 1166.565910340456412, 292.9149354592063332, -112.7185492231283632 ) ) ;
#3215 = CARTESIAN_POINT ( 'NONE',  ( 1199.794930240934491, 549.5787635155904809, 120.0008028569300791 ) ) ;
#3216 = CARTESIAN_POINT ( 'NONE',  ( 990.1654758081933778, 276.4548527099821058, 115.7210737405838046 ) ) ;
#3217 = CARTESIAN_POINT ( 'NONE',  ( 1068.352456451669013, 196.5111172037676397, -115.5178206677243224 ) ) ;
#3218 = CARTESIAN_POINT ( 'NONE',  ( 1348.999998508231556, 497.9578091426907918, -160.2128776328711695 ) ) ;
#3219 = CARTESIAN_POINT ( 'NONE',  ( 960.9511850148101075, 125.8193179062999718, -97.39802316971419316 ) ) ;
#3220 = CARTESIAN_POINT ( 'NONE',  ( 618.6803877522861512, 0.4258390222355857291, -45.55653176439393093 ) ) ;
#3221 = CARTESIAN_POINT ( 'NONE',  ( 618.4244336222906213, 15.10301822246761461, -14.65905890912859100 ) ) ;
#3222 = CARTESIAN_POINT ( 'NONE',  ( 1333.383454063037334, 668.8594345569412098, -0.3963372221207973056 ) ) ;
#3223 = CARTESIAN_POINT ( 'NONE',  ( 1349.501974029435360, 983.0653762336962700, 124.2056769064900124 ) ) ;
#3224 = CARTESIAN_POINT ( 'NONE',  ( 1200.825827745194829, 546.9026848445020050, 115.7708089985452631 ) ) ;
#3225 = CARTESIAN_POINT ( 'NONE',  ( 579.3293464012371032, 16.81977153187956020, 39.09176727588733513 ) ) ;
#3226 = CARTESIAN_POINT ( 'NONE',  ( 1399.357338536857696, 670.9800387566371001, -112.3424472989719192 ) ) ;
#3227 = CARTESIAN_POINT ( 'NONE',  ( 1289.175581665935624, 757.0625408540369108, 113.7170838304493401 ) ) ;
#3228 = CARTESIAN_POINT ( 'NONE',  ( 1227.967000041516712, 627.4520792084771301, 141.3017994251377161 ) ) ;
#3229 = CARTESIAN_POINT ( 'NONE',  ( 1345.942288445103031, 769.3240150496408205, 42.42428086331825199 ) ) ;
#3230 = CARTESIAN_POINT ( 'NONE',  ( 1306.767035426114489, 841.4421829624918701, 146.6531280429354922 ) ) ;
#3231 = CARTESIAN_POINT ( 'NONE',  ( 734.3213802004989930, 35.31310299796507479, -32.81815690035574562 ) ) ;
#3232 = CARTESIAN_POINT ( 'NONE',  ( 790.2517384334971666, 69.19163533675884992, -8.654826006899412505 ) ) ;
#3233 = CARTESIAN_POINT ( 'NONE',  ( 1080.636325850306548, 378.0364434849009854, 110.8876467645268917 ) ) ;
#3234 = CARTESIAN_POINT ( 'NONE',  ( 1303.401560248353007, 596.8163950514135649, -29.48900600433903563 ) ) ;
#3235 = CARTESIAN_POINT ( 'NONE',  ( 848.3625813940684566, 77.37284611391069689, -75.76163353890376584 ) ) ;
#3236 = CARTESIAN_POINT ( 'NONE',  ( 1384.828025287345554, 927.5146269911920172, 38.09417846253012385 ) ) ;
#3237 = CARTESIAN_POINT ( 'NONE',  ( 1189.408166337357216, 576.5401992546661631, 160.0860573814530596 ) ) ;
#3238 = CARTESIAN_POINT ( 'NONE',  ( 1212.225173666723094, 517.3104021525613234, 68.83105856469970263 ) ) ;
#3239 = CARTESIAN_POINT ( 'NONE',  ( 1158.948019907760681, 317.1854385767493909, -72.04868878364024454 ) ) ;
#3240 = CARTESIAN_POINT ( 'NONE',  ( 560.0000000000000000, 4.436280846840962688, 21.74551815041535008 ) ) ;
#3241 = CARTESIAN_POINT ( 'NONE',  ( 1368.988661472599915, 952.4211551712528490, 74.95203442499703783 ) ) ;
#3242 = CARTESIAN_POINT ( 'NONE',  ( 560.0000000000000000, -10.07361279696974243, -36.53388376408852878 ) ) ;
#3243 = CARTESIAN_POINT ( 'NONE',  ( 559.9999999999998863, -0.8590704086273200923, -20.97270976185660984 ) ) ;
#3244 = CARTESIAN_POINT ( 'NONE',  ( 1346.617471848403966, 503.1353807236949933, -144.5903779959940039 ) ) ;
#3245 = CARTESIAN_POINT ( 'NONE',  ( 1062.314719403334266, 221.0015588347585549, -70.30253173694268298 ) ) ;
#3246 = CARTESIAN_POINT ( 'NONE',  ( 579.3647713009756899, 11.86566762604131675, 31.13609159009621052 ) ) ;
#3247 = CARTESIAN_POINT ( 'NONE',  ( 1221.213953492450401, 643.4333870726969735, 164.3446942665151198 ) ) ;
#3248 = CARTESIAN_POINT ( 'NONE',  ( 560.0000000000000000, -10.89304327373223025, -34.51465997932768914 ) ) ;
#3249 = CARTESIAN_POINT ( 'NONE',  ( 1308.620657955731076, 436.5637717251514687, -150.7134405938242026 ) ) ;
#3250 = CARTESIAN_POINT ( 'NONE',  ( 1168.191299168130627, 287.7062378724064615, -132.5205379480379406 ) ) ;
#3251 = CARTESIAN_POINT ( 'NONE',  ( 1254.739717741818140, 406.9349720830707042, -105.5468561457108905 ) ) ;
#3252 = CARTESIAN_POINT ( 'NONE',  ( 1141.695857245876368, 372.0852540138600375, -6.977163906085570133 ) ) ;
#3253 = CARTESIAN_POINT ( 'NONE',  ( 1266.613988252427134, 535.9856919691716257, -0.2003193915179279083 ) ) ;
#3254 = CARTESIAN_POINT ( 'NONE',  ( 990.6249418087940057, 274.2969360524452327, 105.7530197055943404 ) ) ;
#3255 = CARTESIAN_POINT ( 'NONE',  ( 1084.817769468713777, 363.1188550534881756, 97.81900796258044295 ) ) ;
#3256 = CARTESIAN_POINT ( 'NONE',  ( 1408.741481182853249, 959.6185618422898642, 14.48044143938002470 ) ) ;
#3257 = CARTESIAN_POINT ( 'NONE',  ( 1110.320341175129442, 271.9230001827968977, -85.20516068588626979 ) ) ;
#3258 = CARTESIAN_POINT ( 'NONE',  ( 675.3695834427658156, 48.15862580974646789, 38.25941024082520414 ) ) ;
#3259 = CARTESIAN_POINT ( 'NONE',  ( 1354.265175898829511, 975.5788474052004631, 120.8126691402799793 ) ) ;
#3260 = CARTESIAN_POINT ( 'NONE',  ( 845.2851725658001669, 102.5065478546937783, 1.021740607705788895 ) ) ;
#3261 = CARTESIAN_POINT ( 'NONE',  ( 1257.043893383669683, 697.3643529449977905, 144.9993654291568816 ) ) ;
#3262 = CARTESIAN_POINT ( 'NONE',  ( 903.0549293075953301, 112.4874855076813986, -50.46873965125642059 ) ) ;
#3263 = CARTESIAN_POINT ( 'NONE',  ( 1453.563349533430028, 927.7176778664373842, -52.74319720110250387 ) ) ;
#3264 = CARTESIAN_POINT ( 'NONE',  ( 559.9999999999994316, -4.872975071440194483, -8.653255335284086414 ) ) ;
#3265 = CARTESIAN_POINT ( 'NONE',  ( 579.3298486102357856, 16.78317057136118962, 32.64142672812102575 ) ) ;
#3266 = CARTESIAN_POINT ( 'NONE',  ( 1421.241900864219588, 940.6301925025926494, -11.56092589133256077 ) ) ;
#3267 = CARTESIAN_POINT ( 'NONE',  ( 734.4322196197211952, 33.51236841272783806, -57.63020826499742810 ) ) ;
#3268 = CARTESIAN_POINT ( 'NONE',  ( 947.0135315395790485, 201.9236513435200777, 28.43262658299487100 ) ) ;
#3269 = CARTESIAN_POINT ( 'NONE',  ( 1079.858272008015319, 380.8373065693602371, 128.3096375987147439 ) ) ;
#3270 = CARTESIAN_POINT ( 'NONE',  ( 998.6389377153615214, 236.9448965112909775, 44.39898504631278087 ) ) ;
#3271 = CARTESIAN_POINT ( 'NONE',  ( 676.8234552783663958, 13.45991131152192999, -53.98002509209057820 ) ) ;
#3272 = CARTESIAN_POINT ( 'NONE',  ( 1060.735676481006749, 227.4055440187144939, -58.48233535077386591 ) ) ;
#3273 = CARTESIAN_POINT ( 'NONE',  ( 579.3402194039304050, 15.39697926753684598, 19.16258029241498662 ) ) ;
#3274 = CARTESIAN_POINT ( 'NONE',  ( 1392.884094365467490, 550.1217860696229991, -172.2461204291815022 ) ) ;
#3275 = CARTESIAN_POINT ( 'NONE',  ( 1109.564603549034928, 274.6228940022822940, -81.15748966733187331 ) ) ;
#3276 = CARTESIAN_POINT ( 'NONE',  ( 1384.932034758105829, 565.9932953038205596, -148.3276017484076590 ) ) ;
#3277 = CARTESIAN_POINT ( 'NONE',  ( 1112.373532546201432, 264.6360497078197795, -75.84433626847504684 ) ) ;
#3278 = CARTESIAN_POINT ( 'NONE',  ( 1165.006250941571579, 482.5482280450367512, 110.4344842579498334 ) ) ;
#3279 = CARTESIAN_POINT ( 'NONE',  ( 560.0000000000000000, 10.13852022855824409, 35.81032038436506326 ) ) ;
#3280 = CARTESIAN_POINT ( 'NONE',  ( 1068.923769747921597, 194.1876068202158763, -121.0017884274495117 ) ) ;
#3281 = CARTESIAN_POINT ( 'NONE',  ( 1466.872964730329841, 871.3153711695127868, -93.66342070607343828 ) ) ;
#3282 = CARTESIAN_POINT ( 'NONE',  ( 1067.581527384652418, 199.6070790547091747, -119.8339983083553761 ) ) ;
#3283 = CARTESIAN_POINT ( 'NONE',  ( 734.5227588744421610, 32.30895108612550359, -41.29897211400550106 ) ) ;
#3284 = CARTESIAN_POINT ( 'NONE',  ( 675.8660585711992326, 36.19277683184155592, -6.318352219839057149 ) ) ;
#3285 = CARTESIAN_POINT ( 'NONE',  ( 560.0000000000000000, -2.285464384511758595, 0.6485753070780067020 ) ) ;
#3286 = CARTESIAN_POINT ( 'NONE',  ( 1248.570003944891596, 715.7351147374957918, 167.3994205794467121 ) ) ;
#3287 = CARTESIAN_POINT ( 'NONE',  ( 995.3537481431415017, 252.2666571986325152, 73.34355594317928251 ) ) ;
#3288 = CARTESIAN_POINT ( 'NONE',  ( 560.0000000000004547, -7.026971478233728696, -33.24892428038757686 ) ) ;
#3289 = DESIGN_CONTEXT ( 'detailed design', #4973, 'design' ) ;
#3290 = CARTESIAN_POINT ( 'NONE',  ( 998.2909040872319792, 238.4790922224395047, 16.31344441918900046 ) ) ;
#3291 = CARTESIAN_POINT ( 'NONE',  ( 1287.437921251241733, 486.6688960347145212, -95.07709017651964700 ) ) ;
#3292 = CARTESIAN_POINT ( 'NONE',  ( 840.5916431900793668, 140.6004735498619880, 70.84771562894015062 ) ) ;
#3293 = CARTESIAN_POINT ( 'NONE',  ( 579.3550791962741187, 13.21448068382520269, 34.49174480882936678 ) ) ;
#3294 = CARTESIAN_POINT ( 'NONE',  ( 1144.998872661727546, 361.6244775288204210, 3.353473473835713481 ) ) ;
#3295 = CARTESIAN_POINT ( 'NONE',  ( 1122.238376565495400, 434.1226768737008683, 126.5171519698492801 ) ) ;
#3296 = CARTESIAN_POINT ( 'NONE',  ( 953.4542523458659389, 166.8167924970097999, -12.42519785664455512 ) ) ;
#3297 = CARTESIAN_POINT ( 'NONE',  ( 579.4944067687035840, -6.074197075423354519, -26.61638670794899042 ) ) ;
#3298 = CARTESIAN_POINT ( 'NONE',  ( 846.1437725535188292, 95.52066117254052813, -15.28049314851614326 ) ) ;
#3299 = CARTESIAN_POINT ( 'NONE',  ( 1120.682719205174408, 439.0571590146714698, 123.4978304250440431 ) ) ;
#3300 = CARTESIAN_POINT ( 'NONE',  ( 1220.728956406319412, 322.8823975042981260, -151.3203373495707922 ) ) ;
#3301 = CARTESIAN_POINT ( 'NONE',  ( 1182.293383718505311, 432.9734018848463961, 2.193426260491892155 ) ) ;
#3302 = CARTESIAN_POINT ( 'NONE',  ( 1213.901457388782319, 342.4282232391035450, -131.4568673772425029 ) ) ;
#3303 = CARTESIAN_POINT ( 'NONE',  ( 787.6836554109949020, 96.20061768832279370, 25.57773194493048763 ) ) ;
#3304 = CARTESIAN_POINT ( 'NONE',  ( 1277.353699154713922, 780.6685728143360166, 163.9019074889016849 ) ) ;
#3305 = CARTESIAN_POINT ( 'NONE',  ( 1305.571947802431168, 724.3584267541854160, 81.12070532675220136 ) ) ;
#3306 = CARTESIAN_POINT ( 'NONE',  ( 1350.358660875266878, 495.0120728944052644, -163.4100514386317968 ) ) ;
#3307 = CARTESIAN_POINT ( 'NONE',  ( 1394.759200177632010, 679.4571277760172734, -85.68832972699799200 ) ) ;
#3308 = CARTESIAN_POINT ( 'NONE',  ( 559.9999999999998863, 10.91785148475987910, 23.18766079395595625 ) ) ;
#3309 = CARTESIAN_POINT ( 'NONE',  ( 676.9888930900002606, 9.572216573698844044, -57.37960180789699649 ) ) ;
#3310 = CARTESIAN_POINT ( 'NONE',  ( 579.4215883171739279, 4.154260348572486272, -19.67403657598848454 ) ) ;
#3311 = CARTESIAN_POINT ( 'NONE',  ( 1014.079485840625466, 164.8960437164544430, -95.82646033202826175 ) ) ;
#3312 = CARTESIAN_POINT ( 'NONE',  ( 1398.485240565805952, 1009.056991413823653, 58.12761838192198383 ) ) ;
#3313 = CARTESIAN_POINT ( 'NONE',  ( 579.3433369549802592, 14.85192826570738589, 38.37580445267557394 ) ) ;
#3314 = CARTESIAN_POINT ( 'NONE',  ( 1266.115979198737477, 377.3966289052489174, -151.3986952220926696 ) ) ;
#3315 = CARTESIAN_POINT ( 'NONE',  ( 1425.355973150661157, 623.1322666194719204, -164.3673442888570264 ) ) ;
#3316 = CARTESIAN_POINT ( 'NONE',  ( 791.9426512993611595, 51.18050652200265205, -70.30832103717582982 ) ) ;
#3317 = CARTESIAN_POINT ( 'NONE',  ( 1208.977242862146568, 356.5632239436515647, -95.53576453796068790 ) ) ;
#3318 = CARTESIAN_POINT ( 'NONE',  ( 1127.983720120818134, 415.8245701909671084, 95.37118728555357450 ) ) ;
#3319 = CARTESIAN_POINT ( 'NONE',  ( 1118.814044385957459, 445.0180288222722993, 138.1915906313439280 ) ) ;
#3320 = CARTESIAN_POINT ( 'NONE',  ( 995.7690146376963867, 250.3302868965311916, 69.71723521084828690 ) ) ;
#3321 = CARTESIAN_POINT ( 'NONE',  ( 1262.655410940054026, 386.3656151262894127, -147.3157859415396729 ) ) ;
#3322 = CARTESIAN_POINT ( 'NONE',  ( 1363.191908949404251, 609.3567564805350685, -103.6466710160472360 ) ) ;
#3323 = CARTESIAN_POINT ( 'NONE',  ( 786.8746556980973992, 104.8218083300300094, 58.29025119633688234 ) ) ;
#3324 = CARTESIAN_POINT ( 'NONE',  ( 899.0564051798136234, 138.7221776006419418, 7.026963964685860375 ) ) ;
#3325 = CARTESIAN_POINT ( 'NONE',  ( 1379.377679678508002, 1004.222278025813921, 87.89257925612962197 ) ) ;
#3326 = CARTESIAN_POINT ( 'NONE',  ( 618.6070487920879941, 5.192608857214574769, -11.68764712643974590 ) ) ;
#3327 = CARTESIAN_POINT ( 'NONE',  ( 560.0000000000004547, -4.230003443402755359, -6.326734258837366731 ) ) ;
#3328 = CARTESIAN_POINT ( 'NONE',  ( 840.5510151289403211, 140.9348230696128610, 72.59905353188253230 ) ) ;
#3329 = CARTESIAN_POINT ( 'NONE',  ( 897.0605393184129071, 151.6856659657987620, 1.356635932541788492 ) ) ;
#3330 = CARTESIAN_POINT ( 'NONE',  ( 1301.845651818521446, 452.5771637413216695, -139.6980908372825922 ) ) ;
#3331 = CARTESIAN_POINT ( 'NONE',  ( 1393.561329818415970, 982.6773926744644996, 47.71100182416469693 ) ) ;
#3332 = CARTESIAN_POINT ( 'NONE',  ( 1036.337335690911914, 326.3241455524399726, 121.8979161329358050 ) ) ;
#3333 = CARTESIAN_POINT ( 'NONE',  ( 1111.700172668589857, 267.0430516649179822, -71.61733196229886289 ) ) ;
#3334 = ORIENTED_EDGE ( 'NONE', *, *, #5362, .T. ) ;
#3335 = CARTESIAN_POINT ( 'NONE',  ( 992.7111889212575306, 264.5368549478993145, 76.41960127545293346 ) ) ;
#3336 = CARTESIAN_POINT ( 'NONE',  ( 1454.574085610826160, 698.3449636931158011, -159.7741896484558595 ) ) ;
#3337 = CARTESIAN_POINT ( 'NONE',  ( 1462.209385179149194, 914.9492183548296680, -69.77861577538455151 ) ) ;
#3338 = CARTESIAN_POINT ( 'NONE',  ( 1156.789614974160486, 506.0856373114989992, 148.0900615333009682 ) ) ;
#3339 = CARTESIAN_POINT ( 'NONE',  ( 960.8521189134934275, 126.3279408804730224, -104.6985546954934279 ) ) ;
#3340 = CARTESIAN_POINT ( 'NONE',  ( 849.4836785589066039, 68.31936755901818970, -81.03696702632986160 ) ) ;
#3341 = CARTESIAN_POINT ( 'NONE',  ( 1391.316472314040766, 553.2516887514361770, -166.8176989494689053 ) ) ;
#3342 = CARTESIAN_POINT ( 'NONE',  ( 1063.470945332217298, 216.2594724888164706, -97.84804558954748188 ) ) ;
#3343 = CARTESIAN_POINT ( 'NONE',  ( 792.0265418554790813, 50.29602907846322069, -71.53659219784462664 ) ) ;
#3344 = CARTESIAN_POINT ( 'NONE',  ( 560.0000000000006821, -8.751562515120673069, -23.85701424468624765 ) ) ;
#3345 = CARTESIAN_POINT ( 'NONE',  ( 1167.040323445359718, 476.7210408018691510, 100.9213952976582505 ) ) ;
#3346 = CARTESIAN_POINT ( 'NONE',  ( 892.3848035843980142, 182.4306721991867448, 89.86710302892959135 ) ) ;
#3347 = COORDINATED_UNIVERSAL_TIME_OFFSET ( 5, 30, .AHEAD. ) ;
#3348 = CARTESIAN_POINT ( 'NONE',  ( 946.5395845842188010, 204.6062466120151555, 63.94749179124728755 ) ) ;
#3349 = CARTESIAN_POINT ( 'NONE',  ( 579.4749170874105175, -3.261887127261994035, -35.32147284151248101 ) ) ;
#3350 = CARTESIAN_POINT ( 'NONE',  ( 1416.691282488982779, 982.1703211885132987, 11.72783663557122580 ) ) ;
#3351 = CARTESIAN_POINT ( 'NONE',  ( 1202.538205814538514, 374.9744176120182146, -87.17649145732966076 ) ) ;
#3352 = CARTESIAN_POINT ( 'NONE',  ( 1405.584985070249786, 894.8848329862084938, 8.717820335255462183 ) ) ;
#3353 = CARTESIAN_POINT ( 'NONE',  ( 1379.003944196241036, 1004.790175609280482, 82.10110460254600184 ) ) ;
#3354 = CARTESIAN_POINT ( 'NONE',  ( 1418.256805942496840, 945.1644036572422465, 6.383225111298094667 ) ) ;
#3355 = CARTESIAN_POINT ( 'NONE',  ( 841.3593301407897798, 134.4146442648313382, 71.01239782082205920 ) ) ;
#3356 = CARTESIAN_POINT ( 'NONE',  ( 954.0466864631379167, 163.5779872512259487, -19.09139527643822376 ) ) ;
#3357 = CARTESIAN_POINT ( 'NONE',  ( 1115.075868690305242, 254.9763830336743240, -92.75475973893225046 ) ) ;
#3358 = CARTESIAN_POINT ( 'NONE',  ( 1433.890481721020706, 921.4165002954302963, -26.15097886326199017 ) ) ;
#3359 = CARTESIAN_POINT ( 'NONE',  ( 840.4891577289573661, 141.4443567683464664, 75.35762136841066194 ) ) ;
#3360 = CARTESIAN_POINT ( 'NONE',  ( 1418.089148783022893, 945.4192857970475643, -5.094686247020677072 ) ) ;
#3361 = CARTESIAN_POINT ( 'NONE',  ( 734.2081091163705651, 36.82872493336027020, -52.12837950783322327 ) ) ;
#3362 = CARTESIAN_POINT ( 'NONE',  ( 787.5350577662208025, 97.77889005297828362, 30.53336741359941087 ) ) ;
#3363 = CARTESIAN_POINT ( 'NONE',  ( 990.7526740242529968, 273.7194737286041004, 112.4095206715259252 ) ) ;
#3364 = CARTESIAN_POINT ( 'NONE',  ( 997.9606644209181923, 240.1086480582748379, 50.44967193376152892 ) ) ;
#3365 = CARTESIAN_POINT ( 'NONE',  ( 1446.999968230313243, 829.7671101764087780, -80.57061232178472210 ) ) ;
#3366 = CARTESIAN_POINT ( 'NONE',  ( 560.0000000000000000, 8.432505620716817418, 7.779697710458837179 ) ) ;
#3367 = CARTESIAN_POINT ( 'NONE',  ( 1401.458652139671813, 1004.665859240897248, 44.18889711551298660 ) ) ;
#3368 = CARTESIAN_POINT ( 'NONE',  ( 1171.923820442502347, 275.8309636862992988, -144.2319687506657147 ) ) ;
#3369 = CARTESIAN_POINT ( 'NONE',  ( 1438.479478315462302, 843.1574440255717491, -75.62649206126216939 ) ) ;
#3370 = CARTESIAN_POINT ( 'NONE',  ( 1014.851479444686333, 161.2943918456132906, -102.5344782263569385 ) ) ;
#3371 = CARTESIAN_POINT ( 'NONE',  ( 618.2341535768259746, 26.73313217537000597, 48.29219424974125019 ) ) ;
#3372 = CARTESIAN_POINT ( 'NONE',  ( 1170.996320526611498, 278.7761389819722240, -142.5591282492967480 ) ) ;
#3373 = CARTESIAN_POINT ( 'NONE',  ( 1392.152325895220429, 551.5831777268117548, -169.5134082910283269 ) ) ;
#3374 = CARTESIAN_POINT ( 'NONE',  ( 579.5109763735513297, -8.317525435380995091, -39.97862596509096988 ) ) ;
#3375 = CARTESIAN_POINT ( 'NONE',  ( 1255.672894450825197, 404.4862583759963854, -124.7567705793389337 ) ) ;
#3376 = CARTESIAN_POINT ( 'NONE',  ( 1347.791476886870896, 500.5769193889540816, -157.3063803821582098 ) ) ;
#3377 = CARTESIAN_POINT ( 'NONE',  ( 559.9999999999994316, -9.034210543974202423, -25.02858678547120874 ) ) ;
#3378 = CARTESIAN_POINT ( 'NONE',  ( 1388.642410531638234, 990.1490887863762964, 68.36166125906389368 ) ) ;
#3379 = CARTESIAN_POINT ( 'NONE',  ( 892.3095166481166416, 182.9280368732430873, 92.03306364571923837 ) ) ;
#3380 = CARTESIAN_POINT ( 'NONE',  ( 675.7579852958319862, 39.12002103468773839, 35.19973081702237749 ) ) ;
#3381 = CARTESIAN_POINT ( 'NONE',  ( 958.9185173176109629, 136.8791305016700051, -91.25371743129365143 ) ) ;
#3382 = CARTESIAN_POINT ( 'NONE',  ( 1341.040277994065036, 778.3317927678658634, 34.77228413904563098 ) ) ;
#3383 = CARTESIAN_POINT ( 'NONE',  ( 676.3644713029880222, 24.32775830967723252, -34.74332376655684840 ) ) ;
#3384 = CARTESIAN_POINT ( 'NONE',  ( 733.4583664506141076, 48.17054717880336057, 2.393442205584980442 ) ) ;
#3385 = CARTESIAN_POINT ( 'NONE',  ( 1332.530601958365651, 906.6864973139259973, 121.1371916357431076 ) ) ;
#3386 = CARTESIAN_POINT ( 'NONE',  ( 952.2718348248678240, 173.2807776389465175, 0.9126177922384931529 ) ) ;
#3387 = CARTESIAN_POINT ( 'NONE',  ( 579.3550791962741187, 13.21448068382520269, 34.49174480882936678 ) ) ;
#3388 = CARTESIAN_POINT ( 'NONE',  ( 1370.253641046695975, 724.5690956443618234, -21.79581925946067855 ) ) ;
#3389 = CARTESIAN_POINT ( 'NONE',  ( 1298.473945998596491, 460.5794027587933215, -114.9872797669147815 ) ) ;
#3390 = CARTESIAN_POINT ( 'NONE',  ( 1120.379851776475789, 440.0232755829916300, 125.9103278472791487 ) ) ;
#3391 = CARTESIAN_POINT ( 'NONE',  ( 732.5819862380542418, 60.97177325243954016, 1.007121243329338389 ) ) ;
#3392 = CARTESIAN_POINT ( 'NONE',  ( 1300.167049889344071, 456.5487974268851872, -134.7529226088919074 ) ) ;
#3393 = CARTESIAN_POINT ( 'NONE',  ( 1325.430412628014892, 807.0703813732209255, 78.53741583801399884 ) ) ;
#3394 = CARTESIAN_POINT ( 'NONE',  ( 991.0690774281737276, 272.2445056459195030, 110.1319449777493418 ) ) ;
#3395 = CARTESIAN_POINT ( 'NONE',  ( 1393.245072353235855, 914.2875631882674270, 35.63376124198055805 ) ) ;
#3396 = CARTESIAN_POINT ( 'NONE',  ( 1162.322879727428017, 306.4334017860052768, -90.10785044517314191 ) ) ;
#3397 = CARTESIAN_POINT ( 'NONE',  ( 1441.330645550575355, 945.7829267183656157, -28.39957419587316068 ) ) ;
#3398 = CARTESIAN_POINT ( 'NONE',  ( 1340.172684330823813, 893.6375169646266841, 99.80825962819295682 ) ) ;
#3399 = CARTESIAN_POINT ( 'NONE',  ( 734.9131889884261000, 26.40294602837921545, -66.84786978830818782 ) ) ;
#3400 = CARTESIAN_POINT ( 'NONE',  ( 955.3335529454116113, 156.4524446686490364, -60.58844575980390346 ) ) ;
#3401 = CARTESIAN_POINT ( 'NONE',  ( 1169.870686654602878, 282.3862243208409382, -130.1177950226111193 ) ) ;
#3402 = CARTESIAN_POINT ( 'NONE',  ( 1427.176793530162058, 966.6853256745199587, -9.403517995940386953 ) ) ;
#3403 = CARTESIAN_POINT ( 'NONE',  ( 1226.020831049966318, 632.0579437299384153, 148.8016288284990196 ) ) ;
#3404 = CARTESIAN_POINT ( 'NONE',  ( 734.8370684714819845, 27.52454960342436152, -66.01496780219052596 ) ) ;
#3405 = CARTESIAN_POINT ( 'NONE',  ( 1353.048281188138162, 489.1889071294215796, -165.3074003100494735 ) ) ;
#3406 = CARTESIAN_POINT ( 'NONE',  ( 579.4572304525734125, -0.8008979129715096956, -30.74784708580142834 ) ) ;
#3407 = CARTESIAN_POINT ( 'NONE',  ( 1167.633652603611608, 289.4813386158753019, -130.3775409501960780 ) ) ;
#3408 = CARTESIAN_POINT ( 'NONE',  ( 1378.382061041994575, 579.0637028817681085, -129.9204391005266643 ) ) ;
#3409 = CARTESIAN_POINT ( 'NONE',  ( 992.4637455418594527, 265.7423785169539201, 98.45164115547169104 ) ) ;
#3410 = CARTESIAN_POINT ( 'NONE',  ( 892.2523393061592287, 183.3064537838777426, 93.95485885681061689 ) ) ;
#3411 = CARTESIAN_POINT ( 'NONE',  ( 1294.448926616805011, 746.5546477251750730, 113.7507071536868608 ) ) ;
#3412 = CARTESIAN_POINT ( 'NONE',  ( 675.5300579033623762, 44.24945991689066460, 19.40336599449550192 ) ) ;
#3413 = CARTESIAN_POINT ( 'NONE',  ( 1445.595498740814492, 939.4845944521240426, -44.67576113702823193 ) ) ;
#3414 = CARTESIAN_POINT ( 'NONE',  ( 1401.463832973012813, 901.3647234739995611, 17.67751388976417815 ) ) ;
#3415 = CARTESIAN_POINT ( 'NONE',  ( 1282.505449845016074, 770.3771386255561993, 137.0220371737897551 ) ) ;
#3416 = CARTESIAN_POINT ( 'NONE',  ( 1409.708476682507580, 888.4012820645168631, -0.2390190060001515793 ) ) ;
#3417 = CARTESIAN_POINT ( 'NONE',  ( 1228.598602364523913, 625.9572621293505108, 138.8520907539949860 ) ) ;
#3418 = CARTESIAN_POINT ( 'NONE',  ( 845.8575192068757360, 97.84986246437635771, -9.846262631828317069 ) ) ;
#3419 = PRODUCT ( 'openfan_blade_v09_CFD_SINGLELOFT', 'openfan_blade_v09_CFD_SINGLELOFT', '', ( #1167 ) ) ;
#3420 = CARTESIAN_POINT ( 'NONE',  ( 1376.469563578987390, 1008.639868108530209, 88.58110068972783324 ) ) ;
#3421 = CARTESIAN_POINT ( 'NONE',  ( 1012.310852730644115, 173.0945739732714799, -97.08649968598794544 ) ) ;
#3422 = CARTESIAN_POINT ( 'NONE',  ( 841.3985929709198217, 133.9960120030841040, 45.59046526042038749 ) ) ;
#3423 = CARTESIAN_POINT ( 'NONE',  ( 892.9622971201213204, 178.6651304388610981, 89.56247163160553271 ) ) ;
#3424 = CARTESIAN_POINT ( 'NONE',  ( 949.8934662302075367, 186.2809254445163845, 27.55115064810468439 ) ) ;
#3425 = CARTESIAN_POINT ( 'NONE',  ( 1400.923336910464741, 668.1098067270276033, -101.6027501995971249 ) ) ;
#3426 = CARTESIAN_POINT ( 'NONE',  ( 560.0000000000000000, 6.838322500172676399, 1.513672703255095620 ) ) ;
#3427 = CARTESIAN_POINT ( 'NONE',  ( 579.3336118804604666, 16.29044188353208611, 25.85821836736827706 ) ) ;
#3428 = CARTESIAN_POINT ( 'NONE',  ( 1427.152294125389290, 619.8233594838766294, -170.6502564007466276 ) ) ;
#3429 = CARTESIAN_POINT ( 'NONE',  ( 733.6220708386721299, 45.51595802047342687, -35.57440049563740558 ) ) ;
#3430 = CARTESIAN_POINT ( 'NONE',  ( 560.0000000000002274, -10.78669090151205445, -32.61051135141175905 ) ) ;
#3431 = CARTESIAN_POINT ( 'NONE',  ( 1413.626582160807402, 882.2330395287464171, -24.70454515734303769 ) ) ;
#3432 = CARTESIAN_POINT ( 'NONE',  ( 579.3310224179455190, 16.57303079065323459, 40.86596656429319552 ) ) ;
#3433 = CARTESIAN_POINT ( 'NONE',  ( 991.6602520308675821, 269.4883555362742982, 105.5232141246017363 ) ) ;
#3434 = CARTESIAN_POINT ( 'NONE',  ( 1068.849436767633733, 194.4728196676992127, -125.3169136548533942 ) ) ;
#3435 = CARTESIAN_POINT ( 'NONE',  ( 734.9928276904979612, 25.26431105234319929, -64.22537075617293567 ) ) ;
#3436 = CARTESIAN_POINT ( 'NONE',  ( 957.4613146882945784, 144.8337401723158848, -79.45405162014672840 ) ) ;
#3437 = CARTESIAN_POINT ( 'NONE',  ( 734.4830373302461339, 32.76258322039573301, -58.75600976098559869 ) ) ;
#3438 = CARTESIAN_POINT ( 'NONE',  ( 1339.862853234180875, 517.7819536451464728, -123.3733979143346318 ) ) ;
#3439 = CARTESIAN_POINT ( 'NONE',  ( 1392.585721886193141, 1017.769396553623665, 70.09440236105665178 ) ) ;
#3440 = CARTESIAN_POINT ( 'NONE',  ( 942.2755558453146705, 227.8910792845398703, 105.8719138761199474 ) ) ;
#3441 = CARTESIAN_POINT ( 'NONE',  ( 618.3772696337013031, 18.56597799588351805, 28.75742133129955391 ) ) ;
#3442 = CARTESIAN_POINT ( 'NONE',  ( 787.8384060666858204, 94.55795806969663886, 20.64840708393456836 ) ) ;
#3443 = CARTESIAN_POINT ( 'NONE',  ( 904.0409357239881274, 105.9415527904000243, -82.76627532040285473 ) ) ;
#3444 = CARTESIAN_POINT ( 'NONE',  ( 618.4870540194268642, 11.48360733372591014, -23.80222377530342470 ) ) ;
#3445 = CARTESIAN_POINT ( 'NONE',  ( 1184.389361725308163, 427.0152510836852002, 19.38122545102756078 ) ) ;
#3446 = CARTESIAN_POINT ( 'NONE',  ( 942.9849970799772336, 223.9902671633768705, 89.15814213663693977 ) ) ;
#3447 = CARTESIAN_POINT ( 'NONE',  ( 1390.842435485176793, 1020.343880714983356, 68.64437597063611918 ) ) ;
#3448 = CARTESIAN_POINT ( 'NONE',  ( 1380.068217717771176, 1003.173361003201194, 86.35971380066752090 ) ) ;
#3449 = CARTESIAN_POINT ( 'NONE',  ( 1412.691906693259853, 769.8439258978289672, -60.43730408758931816 ) ) ;
#3450 = CARTESIAN_POINT ( 'NONE',  ( 618.7136448230957058, -1.124571884466993632, -33.74352890952497575 ) ) ;
#3451 = CARTESIAN_POINT ( 'NONE',  ( 1036.031651907650939, 327.5517669660901561, 117.4560492784057288 ) ) ;
#3452 = CARTESIAN_POINT ( 'NONE',  ( 1171.915645760818961, 275.8586042429006966, -143.7552085578600725 ) ) ;
#3453 = CARTESIAN_POINT ( 'NONE',  ( 1397.027451747802161, 908.3324506213110681, 10.95133313343180070 ) ) ;
#3454 = CARTESIAN_POINT ( 'NONE',  ( 579.4572304525734125, -0.8008979129715096956, -30.74784708580142834 ) ) ;
#3455 = CARTESIAN_POINT ( 'NONE',  ( 1130.426639730139868, 407.9916302082318111, 57.25973395767373830 ) ) ;
#3456 = CARTESIAN_POINT ( 'NONE',  ( 1159.557723761608941, 498.1566832358259376, 136.3874820041037310 ) ) ;
#3457 = CARTESIAN_POINT ( 'NONE',  ( 579.4107424022906798, 5.480841337084060960, 13.60767401237631624 ) ) ;
#3458 = CARTESIAN_POINT ( 'NONE',  ( 579.4870796779890725, -5.065972601042337153, -22.69078292058691559 ) ) ;
#3459 = CARTESIAN_POINT ( 'NONE',  ( 618.5415583292037809, 9.035989949755068196, 0.8461039695353430590 ) ) ;
#3460 = CARTESIAN_POINT ( 'NONE',  ( 675.3587345941556350, 48.42830093996659713, 40.13954041723056321 ) ) ;
#3461 = CARTESIAN_POINT ( 'NONE',  ( 618.7398728068279752, -2.942322937664036075, -49.47188996195003341 ) ) ;
#3462 = CARTESIAN_POINT ( 'NONE',  ( 618.4244336222906213, 15.10301822246761461, -14.65905890912859100 ) ) ;
#3463 = CARTESIAN_POINT ( 'NONE',  ( 792.4275062046407356, 46.13196181448773814, -67.72661392994535845 ) ) ;
#3464 = CARTESIAN_POINT ( 'NONE',  ( 1381.580887435405430, 932.6279433853277396, 61.05386226772603209 ) ) ;
#3465 = CARTESIAN_POINT ( 'NONE',  ( 1361.275029992953478, 741.0811051403845795, -18.78397973664521103 ) ) ;
#3466 = CARTESIAN_POINT ( 'NONE',  ( 1302.463331497083573, 849.3651002201277151, 158.0049877705926349 ) ) ;
#3467 = CARTESIAN_POINT ( 'NONE',  ( 560.0000000000004547, -2.305270157001631404, -24.29026602439077820 ) ) ;
#3468 = CARTESIAN_POINT ( 'NONE',  ( 1464.248785252565312, 911.9374337251560974, -77.40767070106947756 ) ) ;
#3469 = CARTESIAN_POINT ( 'NONE',  ( 1457.486683711777914, 885.5732916815123872, -74.65038348945724067 ) ) ;
#3470 = CARTESIAN_POINT ( 'NONE',  ( 560.0000000000000000, -8.598036215794063963, -35.66692828853435060 ) ) ;
#3471 = CARTESIAN_POINT ( 'NONE',  ( 1381.576337173017691, 1000.882537603484025, 83.13605898675697858 ) ) ;
#3472 = CARTESIAN_POINT ( 'NONE',  ( 1155.350026662569462, 510.2086252892139555, 151.2415113013597363 ) ) ;
#3473 = CARTESIAN_POINT ( 'NONE',  ( 559.9999999999996589, 3.482941917734561965, 19.07300926137897790 ) ) ;
#3474 = CARTESIAN_POINT ( 'NONE',  ( 732.1088504089675553, 68.03066406294031765, 22.35760152141759960 ) ) ;
#3475 = CARTESIAN_POINT ( 'NONE',  ( 1068.073866801625400, 197.6127172370535447, -122.1511120800194448 ) ) ;
#3476 = CARTESIAN_POINT ( 'NONE',  ( 1323.546085594530496, 553.1390169479841461, -90.68376781244504059 ) ) ;
#3477 = CARTESIAN_POINT ( 'NONE',  ( 1298.193801754802053, 608.1367564135221073, 10.43106506978492121 ) ) ;
#3478 = CARTESIAN_POINT ( 'NONE',  ( 731.6240051692029738, 75.34497301895711985, 57.31610076093966910 ) ) ;
#3479 = CARTESIAN_POINT ( 'NONE',  ( 1228.896341422567957, 474.0299600136144136, -0.08040579440100675823 ) ) ;
#3480 = CARTESIAN_POINT ( 'NONE',  ( 1039.855193579255456, 312.0672993823426395, 97.07560564337775588 ) ) ;
#3481 = CARTESIAN_POINT ( 'NONE',  ( 902.0065726822199395, 119.3672643905594697, -35.32570382849580426 ) ) ;
#3482 = CARTESIAN_POINT ( 'NONE',  ( 840.4536110142117877, 141.7370593214139660, 76.91035099519262985 ) ) ;
#3483 = CARTESIAN_POINT ( 'NONE',  ( 1427.204086543394624, 619.7286030552404554, -170.2699357354592280 ) ) ;
#3484 = CARTESIAN_POINT ( 'NONE',  ( 732.4804090515521011, 62.48512558173239739, 5.242903769124694691 ) ) ;
#3485 = CARTESIAN_POINT ( 'NONE',  ( 560.0000000000001137, -3.844287743866388052, -27.55320163135126421 ) ) ;
#3486 = CARTESIAN_POINT ( 'NONE',  ( 560.0000000000011369, 10.76219303994530385, 21.58167748074467696 ) ) ;
#3487 = CARTESIAN_POINT ( 'NONE',  ( 1224.297772529610029, 636.1354528562380892, 154.8199482123562518 ) ) ;
#3488 = CARTESIAN_POINT ( 'NONE',  ( 1176.248158718729655, 450.3410880413690052, 57.78277713117707037 ) ) ;
#3489 = CARTESIAN_POINT ( 'NONE',  ( 958.1836653411673979, 140.9576779596984579, -65.78354352857330412 ) ) ;
#3490 = CARTESIAN_POINT ( 'NONE',  ( 560.0000000000000000, 9.091967443411684613, 10.94483042537110862 ) ) ;
#3491 = CARTESIAN_POINT ( 'NONE',  ( 1314.156277030398769, 827.8282575804943235, 111.9940946289784875 ) ) ;
#3492 = CARTESIAN_POINT ( 'NONE',  ( 1171.459212986939065, 277.3040853415311062, -143.8916546739084481 ) ) ;
#3493 = CARTESIAN_POINT ( 'NONE',  ( 1005.726486673258705, 203.7913414528137253, -48.62937929791106484 ) ) ;
#3494 = CARTESIAN_POINT ( 'NONE',  ( 792.4668450311036167, 45.71383494758506316, -68.96482080548837246 ) ) ;
#3495 = CARTESIAN_POINT ( 'NONE',  ( 844.1266168400419474, 111.9299154164602754, 22.70915230388528627 ) ) ;
#3496 = CARTESIAN_POINT ( 'NONE',  ( 579.3709518068951638, 11.17094145758828461, 0.7497428571884984239 ) ) ;
#3497 = CARTESIAN_POINT ( 'NONE',  ( 894.9153803770034301, 165.8714409543153749, 64.08997678129132680 ) ) ;
#3498 = CARTESIAN_POINT ( 'NONE',  ( 579.3459584440589651, 14.48749777186243115, 37.57307051282432298 ) ) ;
#3499 = CARTESIAN_POINT ( 'NONE',  ( 1392.974159995604396, 549.9411133092321506, -173.0690572582733466 ) ) ;
#3500 = CARTESIAN_POINT ( 'NONE',  ( 790.7952646165883834, 63.28063150015092475, -50.64100621157646032 ) ) ;
#3501 = CARTESIAN_POINT ( 'NONE',  ( 579.4830072968147761, -4.394789992567933901, -37.09808019737102569 ) ) ;
#3502 = CARTESIAN_POINT ( 'NONE',  ( 792.0385838570792885, 50.25642784616897529, -57.02793730365959846 ) ) ;
#3503 = CARTESIAN_POINT ( 'NONE',  ( 841.4371353323393805, 133.7827001741785864, 69.69210459920358858 ) ) ;
#3504 = CARTESIAN_POINT ( 'NONE',  ( 579.3304376914057912, 16.65631201306181453, 40.72806818708580323 ) ) ;
#3505 = CARTESIAN_POINT ( 'NONE',  ( 618.3873781381788604, 17.98483725659697186, 27.22375471739882613 ) ) ;
#3506 = APPROVAL_PERSON_ORGANIZATION ( #4110, #3710, #5509 ) ;
#3507 = CARTESIAN_POINT ( 'NONE',  ( 1174.334198887286902, 455.7808691879551475, 40.95197178095617829 ) ) ;
#3508 = CARTESIAN_POINT ( 'NONE',  ( 1389.968823044755482, 688.2615255544484398, -90.19062524806135173 ) ) ;
#3509 = CARTESIAN_POINT ( 'NONE',  ( 560.0000000000000000, 1.932546422866816993, -13.88289477826833185 ) ) ;
#3510 = CARTESIAN_POINT ( 'NONE',  ( 1377.097594923214274, 1007.685881095234663, 86.95475020306652425 ) ) ;
#3511 = FACE_OUTER_BOUND ( 'NONE', #4769, .T. ) ;
#3512 = CARTESIAN_POINT ( 'NONE',  ( 1395.191183378600499, 1013.921652808616386, 64.77946093378770342 ) ) ;
#3513 = CARTESIAN_POINT ( 'NONE',  ( 901.1690432757956160, 124.8629103380890371, -23.21008586406891183 ) ) ;
#3514 = CARTESIAN_POINT ( 'NONE',  ( 840.4115486424595929, 142.0830854487984709, 78.66421770320054918 ) ) ;
#3515 = CARTESIAN_POINT ( 'NONE',  ( 734.0613085443476393, 39.00537098426308802, -48.25013224328470329 ) ) ;
#3516 = CARTESIAN_POINT ( 'NONE',  ( 1397.770581521139547, 1010.112399400828281, 52.48643769104489820 ) ) ;
#3517 = CARTESIAN_POINT ( 'NONE',  ( 1192.842360990568295, 567.6256973933030849, 148.9046892027824640 ) ) ;
#3518 = CARTESIAN_POINT ( 'NONE',  ( 1048.672409512138756, 276.3239613246337854, 32.27579906635997986 ) ) ;
#3519 = CARTESIAN_POINT ( 'NONE',  ( 1145.554743102501789, 359.8536449525085459, 0.3328767393975555211 ) ) ;
#3520 = CARTESIAN_POINT ( 'NONE',  ( 1038.743635289341228, 316.5316591998008562, 86.90529119088094490 ) ) ;
#3521 = CARTESIAN_POINT ( 'NONE',  ( 734.8817226786536594, 26.86566375759110770, -66.61147263600199153 ) ) ;
#3522 = CARTESIAN_POINT ( 'NONE',  ( 1355.281756222290596, 625.1398233794383259, -82.81210245130876046 ) ) ;
#3523 = CARTESIAN_POINT ( 'NONE',  ( 677.0132446918366895, 9.070878402858134848, -53.11005451228312779 ) ) ;
#3524 = CARTESIAN_POINT ( 'NONE',  ( 675.9648299252507968, 34.20235244100678074, 22.64768243601723441 ) ) ;
#3525 = ADVANCED_FACE ( 'NONE', ( #6102 ), #4812, .T. ) ;
#3526 = CARTESIAN_POINT ( 'NONE',  ( 675.7098458376647159, 39.92919035587952692, 4.615984221246695718 ) ) ;
#3527 = CARTESIAN_POINT ( 'NONE',  ( 1086.848711142115008, 355.8622573491587673, 85.21726906300855831 ) ) ;
#3528 = CARTESIAN_POINT ( 'NONE',  ( 840.9951038046725671, 137.3709797890392963, 77.30368401025775427 ) ) ;
#3529 = CARTESIAN_POINT ( 'NONE',  ( 1437.025307565211051, 916.6546933520540961, -32.65385007044298504 ) ) ;
#3530 = CARTESIAN_POINT ( 'NONE',  ( 792.4424739428122848, 45.91353886038159260, -76.55447804506420084 ) ) ;
#3531 = CARTESIAN_POINT ( 'NONE',  ( 1401.545544726260232, 666.9522875094495475, -117.4082358901767691 ) ) ;
#3532 = CARTESIAN_POINT ( 'NONE',  ( 1463.460492550444314, 803.8866286563094263, -115.4600071984979479 ) ) ;
#3533 = CARTESIAN_POINT ( 'NONE',  ( 734.7217418063163450, 29.33906034382097516, -49.77203383749507992 ) ) ;
#3534 = CARTESIAN_POINT ( 'NONE',  ( 1039.855193579255456, 312.0672993823426395, 97.07560564337775588 ) ) ;
#3535 = CARTESIAN_POINT ( 'NONE',  ( 1078.328911265769875, 386.3004510341036735, 134.9523010148457161 ) ) ;
#3536 = CARTESIAN_POINT ( 'NONE',  ( 997.0054065416122739, 244.5640265316453679, 58.88186784740306479 ) ) ;
#3537 = CARTESIAN_POINT ( 'NONE',  ( 1460.116239325186825, 918.0403747163524031, -70.55281096357934700 ) ) ;
#3538 = CARTESIAN_POINT ( 'NONE',  ( 1189.314647503636706, 576.7819574599465113, 158.8751465396697711 ) ) ;
#3539 = CARTESIAN_POINT ( 'NONE',  ( 953.6455689929847495, 165.6723766601442094, -44.53456156425080081 ) ) ;
#3540 = CARTESIAN_POINT ( 'NONE',  ( 560.0000000000000000, -5.827566883106398699, -12.28583523345747608 ) ) ;
#3541 = CARTESIAN_POINT ( 'NONE',  ( 579.3296330281883684, 16.79988988920791826, 35.15597716186569954 ) ) ;
#3542 = DIRECTION ( 'NONE',  ( 0.8280260531902345900, 0.5606896246928446681, -8.924228076024628212E-14 ) ) ;
#3543 = CARTESIAN_POINT ( 'NONE',  ( 893.9986611475637801, 171.8772972620135988, 76.04584105573033526 ) ) ;
#3544 = CARTESIAN_POINT ( 'NONE',  ( 1152.238365569439793, 338.5613809558806224, -35.88601354904047014 ) ) ;
#3545 = CARTESIAN_POINT ( 'NONE',  ( 579.3296030650010380, 16.79307731213707200, 37.30044381453056701 ) ) ;
#3546 = CARTESIAN_POINT ( 'NONE',  ( 734.9655076555484357, 25.64145568454343760, -66.46881185201665687 ) ) ;
#3547 = CARTESIAN_POINT ( 'NONE',  ( 1435.140687971247189, 731.5122605994070000, -124.3141320638012814 ) ) ;
#3548 = CARTESIAN_POINT ( 'NONE',  ( 1267.854824185252482, 673.9013058186166063, 90.25301416227254947 ) ) ;
#3549 = CARTESIAN_POINT ( 'NONE',  ( 731.8947246284456014, 71.38884757235743450, 59.00628364313217844 ) ) ;
#3550 = CARTESIAN_POINT ( 'NONE',  ( 1229.710601337363869, 471.9159909766629539, -3.439624089803273943 ) ) ;
#3551 = CARTESIAN_POINT ( 'NONE',  ( 731.6781738072371581, 74.51275024756783694, 50.90289497616508640 ) ) ;
#3552 = CARTESIAN_POINT ( 'NONE',  ( 905.4666386822453887, 96.61009887511804095, -94.92729471098604677 ) ) ;
#3553 = CARTESIAN_POINT ( 'NONE',  ( 1320.614485018201322, 559.4950187317060681, -82.06004017892338709 ) ) ;
#3554 = CARTESIAN_POINT ( 'NONE',  ( 1046.555942946275991, 284.9048602772318759, 48.01504392614813099 ) ) ;
#3555 = CARTESIAN_POINT ( 'NONE',  ( 1092.785254075332432, 334.5846484510120717, 19.03769430158687825 ) ) ;
#3556 = CARTESIAN_POINT ( 'NONE',  ( 1393.323365244371644, 983.0386488196613755, 58.56510862378088689 ) ) ;
#3557 = CARTESIAN_POINT ( 'NONE',  ( 1038.547470293427978, 317.3677695720328416, 106.7208024841942802 ) ) ;
#3558 = CARTESIAN_POINT ( 'NONE',  ( 734.2029394122364465, 37.07914317294652307, -27.87506089761664896 ) ) ;
#3559 = CARTESIAN_POINT ( 'NONE',  ( 1475.783016626773133, 784.5115168872696358, -142.8139921126459058 ) ) ;
#3560 = CARTESIAN_POINT ( 'NONE',  ( 1111.848343753870267, 266.4644868426611310, -93.25651062894044685 ) ) ;
#3561 = CARTESIAN_POINT ( 'NONE',  ( 1438.096613114941192, 726.4746034773805832, -120.1205180483484583 ) ) ;
#3562 = CARTESIAN_POINT ( 'NONE',  ( 579.5068589328279813, -7.781602017984458719, -33.86198576247092262 ) ) ;
#3563 = CARTESIAN_POINT ( 'NONE',  ( 675.5682008449159639, 43.61880126548048509, 45.90477966197936865 ) ) ;
#3564 = CARTESIAN_POINT ( 'NONE',  ( 1343.366982264834633, 992.7141676341864240, 140.9690215911780911 ) ) ;
#3565 = CARTESIAN_POINT ( 'NONE',  ( 560.0000000000001137, 3.887378198601891377, 20.21110277046109260 ) ) ;
#3566 = CARTESIAN_POINT ( 'NONE',  ( 1115.826168172771304, 252.2562633447997769, -113.1866692042418805 ) ) ;
#3567 = CARTESIAN_POINT ( 'NONE',  ( 1194.860372933203962, 396.9684331506960007, -54.71239887897835530 ) ) ;
#3568 = CARTESIAN_POINT ( 'NONE',  ( 1362.135981789129573, 739.5128824852000662, -0.4114018042096513894 ) ) ;
#3569 = CARTESIAN_POINT ( 'NONE',  ( 1120.966558180180300, 438.1517141495862120, 121.2417408133146921 ) ) ;
#3570 =( NAMED_UNIT ( * ) SI_UNIT ( $, .STERADIAN. ) SOLID_ANGLE_UNIT ( ) );
#3571 = CARTESIAN_POINT ( 'NONE',  ( 1334.261524993676403, 903.7391938782242278, 127.9767909625153521 ) ) ;
#3572 = CARTESIAN_POINT ( 'NONE',  ( 1243.604239161665191, 435.8451547299168283, -60.44603358265121074 ) ) ;
#3573 = CARTESIAN_POINT ( 'NONE',  ( 1388.392913803976626, 1023.961332653746695, 74.83207371924380880 ) ) ;
#3574 = CARTESIAN_POINT ( 'NONE',  ( 1403.728941182564313, 662.9333950817190271, -122.4263283641798665 ) ) ;
#3575 = CARTESIAN_POINT ( 'NONE',  ( 1321.616361120545207, 814.0925870268046083, 89.64778112652147968 ) ) ;
#3576 = CARTESIAN_POINT ( 'NONE',  ( 841.2155292379474076, 135.5819585564066188, 73.51105347274690871 ) ) ;
#3577 = CARTESIAN_POINT ( 'NONE',  ( 1325.951575035371206, 683.6900582081738094, 21.31508404924831623 ) ) ;
#3578 = CARTESIAN_POINT ( 'NONE',  ( 733.5288862571636628, 47.12081800748603655, -0.4154429281467395541 ) ) ;
#3579 = CARTESIAN_POINT ( 'NONE',  ( 1444.462957994326644, 715.6072906102729121, -134.8919756740019125 ) ) ;
#3580 = CARTESIAN_POINT ( 'NONE',  ( 1384.767666342644361, 996.0348537619412355, 68.11202076116352089 ) ) ;
#3581 = CARTESIAN_POINT ( 'NONE',  ( 1470.868352125962929, 865.2461638806285009, -103.5366399462212144 ) ) ;
#3582 = CARTESIAN_POINT ( 'NONE',  ( 579.4144553540104425, 5.144538240120147599, -17.15980578639408094 ) ) ;
#3583 = CARTESIAN_POINT ( 'NONE',  ( 999.4488652017711274, 233.1668105534598965, 37.14473879956526048 ) ) ;
#3584 = CARTESIAN_POINT ( 'NONE',  ( 1180.272670243201446, 438.7635484199746543, 11.82346686316581064 ) ) ;
#3585 = CARTESIAN_POINT ( 'NONE',  ( 1220.284119918243505, 645.6327925213580556, 166.4544676048803353 ) ) ;
#3586 = CARTESIAN_POINT ( 'NONE',  ( 896.0336081647790252, 158.5429858059168851, 49.15582157040735467 ) ) ;
#3587 = CARTESIAN_POINT ( 'NONE',  ( 734.1172437922147083, 38.35640422680246786, -24.34887928360956266 ) ) ;
#3588 = CARTESIAN_POINT ( 'NONE',  ( 734.0613085443476393, 39.00537098426308802, -48.25013224328470329 ) ) ;
#3589 = CARTESIAN_POINT ( 'NONE',  ( 1214.176209974231369, 341.6656976466038032, -119.4468117440844708 ) ) ;
#3590 = CARTESIAN_POINT ( 'NONE',  ( 1442.087991725363509, 719.6613215468256612, -129.4177388057595692 ) ) ;
#3591 = CARTESIAN_POINT ( 'NONE',  ( 1124.585289249213929, 426.6483612732031929, 113.5052809314311162 ) ) ;
#3592 = CARTESIAN_POINT ( 'NONE',  ( 1035.596043502981956, 329.3270937715633409, 125.4528855364219169 ) ) ;
#3593 = CARTESIAN_POINT ( 'NONE',  ( 732.7473938633166881, 58.74265128373328793, 29.65197145242854049 ) ) ;
#3594 = CARTESIAN_POINT ( 'NONE',  ( 1012.310852730644115, 173.0945739732714799, -97.08649968598794544 ) ) ;
#3595 = CARTESIAN_POINT ( 'NONE',  ( 559.9999999999997726, 3.031384953112070679, -10.83221219350456721 ) ) ;
#3596 = APPROVAL ( #3096, 'UNSPECIFIED' ) ;
#3597 = CARTESIAN_POINT ( 'NONE',  ( 1421.379251970721953, 940.4213506036369381, -0.1314348346203946527 ) ) ;
#3598 = CARTESIAN_POINT ( 'NONE',  ( 1079.898265700185448, 380.6793263687015951, 118.0143544773919757 ) ) ;
#3599 = DATE_TIME_ROLE ( 'creation_date' ) ;
#3600 = CARTESIAN_POINT ( 'NONE',  ( 1163.438575167131830, 487.0391992040201217, 117.7161577435051925 ) ) ;
#3601 = CARTESIAN_POINT ( 'NONE',  ( 560.0000000000001137, -7.010117776620860219, -16.82661415515294934 ) ) ;
#3602 = CARTESIAN_POINT ( 'NONE',  ( 990.1431864152903017, 276.5527308847311474, 113.3547247417198776 ) ) ;
#3603 = CARTESIAN_POINT ( 'NONE',  ( 1220.836672562191779, 322.5715992317268501, -152.9920693154881803 ) ) ;
#3604 = CARTESIAN_POINT ( 'NONE',  ( 956.3843470782662735, 150.7136625357007347, -70.10908241350219328 ) ) ;
#3605 = CARTESIAN_POINT ( 'NONE',  ( 944.0712152129598280, 218.0324801799376075, 69.89534798448983111 ) ) ;
#3606 = CARTESIAN_POINT ( 'NONE',  ( 1194.323255601794017, 563.7826205647584175, 143.0838424817332566 ) ) ;
#3607 = CARTESIAN_POINT ( 'NONE',  ( 1221.574446120748689, 493.0388147317284506, 30.16550349151118837 ) ) ;
#3608 = CARTESIAN_POINT ( 'NONE',  ( 1423.248900332207540, 751.8217373226468681, -85.37067073307368048 ) ) ;
#3609 = CARTESIAN_POINT ( 'NONE',  ( 1302.604767870348496, 598.5720344469484644, -3.909988207025580476 ) ) ;
#3610 = CARTESIAN_POINT ( 'NONE',  ( 1169.033863053128471, 285.0524618925280720, -125.6231087490491376 ) ) ;
#3611 = CARTESIAN_POINT ( 'NONE',  ( 1306.800780870091330, 841.3720201012515645, 134.9566738379082835 ) ) ;
#3612 = CARTESIAN_POINT ( 'NONE',  ( 1475.570167062356632, 784.8458159798584575, -142.8547505475935111 ) ) ;
#3613 = CARTESIAN_POINT ( 'NONE',  ( 1270.767279524733340, 526.1199396904894456, -39.08030099048823303 ) ) ;
#3614 = CARTESIAN_POINT ( 'NONE',  ( 848.2376969179093749, 78.38505345553373616, -74.29870648970168645 ) ) ;
#3615 = CARTESIAN_POINT ( 'NONE',  ( 1421.906027811246531, 974.4691888731924792, 1.117883110018513371 ) ) ;
#3616 = CARTESIAN_POINT ( 'NONE',  ( 579.3330081103263183, 16.29223561001998988, 40.84431368823501884 ) ) ;
#3617 = CARTESIAN_POINT ( 'NONE',  ( 1043.361186476604871, 297.8561179972778632, 71.57460542639502421 ) ) ;
#3618 = CARTESIAN_POINT ( 'NONE',  ( 1318.093681403655410, 564.9858959364604516, -54.01709245397854176 ) ) ;
#3619 = CARTESIAN_POINT ( 'NONE',  ( 996.0548055207149218, 248.9172155197897780, 38.55394028369390469 ) ) ;
#3620 = CARTESIAN_POINT ( 'NONE',  ( 579.5055409540450455, -7.541981388990434354, -40.89761800678987669 ) ) ;
#3621 = CARTESIAN_POINT ( 'NONE',  ( 1250.212571485918716, 418.6578758552791442, -105.8346875609548334 ) ) ;
#3622 = CARTESIAN_POINT ( 'NONE',  ( 579.5068589328279813, -7.781602017984458719, -33.86198576247092262 ) ) ;
#3623 = CARTESIAN_POINT ( 'NONE',  ( 1261.609690263515176, 389.0984173817288934, -133.0917049921090154 ) ) ;
#3624 = CARTESIAN_POINT ( 'NONE',  ( 945.2980236172719515, 211.3879214183723150, 77.07515680556812754 ) ) ;
#3625 = CARTESIAN_POINT ( 'NONE',  ( 560.0000000000000000, 10.47014703525080215, 36.33680170635052065 ) ) ;
#3626 = CARTESIAN_POINT ( 'NONE',  ( 560.0000000000001137, 2.562784340875186917, 16.41344016264295647 ) ) ;
#3627 = CARTESIAN_POINT ( 'NONE',  ( 1464.685414175315145, 911.2926204315068617, -74.59994882653563764 ) ) ;
#3628 = CARTESIAN_POINT ( 'NONE',  ( 1395.485449505919405, 799.2043672659827962, -37.48950131820670606 ) ) ;
#3629 = CARTESIAN_POINT ( 'NONE',  ( 1426.375086092696620, 967.8692866683055627, 1.684968892501370163 ) ) ;
#3630 = CARTESIAN_POINT ( 'NONE',  ( 1375.796239406445466, 1009.662665442099069, 90.32107112676411020 ) ) ;
#3631 = CARTESIAN_POINT ( 'NONE',  ( 618.3251440397923488, 21.55519054232426868, 36.35125760476640977 ) ) ;
#3632 = CARTESIAN_POINT ( 'NONE',  ( 1445.198209623496723, 940.0713107480876261, -36.11987041233565776 ) ) ;
#3633 = CARTESIAN_POINT ( 'NONE',  ( 1290.557063533260816, 479.2879735701953337, -105.0846660007592419 ) ) ;
#3634 = CARTESIAN_POINT ( 'NONE',  ( 1285.852738719258923, 763.6953023465540582, 125.2086439050297884 ) ) ;
#3635 = CARTESIAN_POINT ( 'NONE',  ( 1122.610656970923628, 432.9373161662138614, 124.4116127514953973 ) ) ;
#3636 = CARTESIAN_POINT ( 'NONE',  ( 1094.953355736276080, 326.9002093692894277, 34.43743423992441421 ) ) ;
#3637 = CARTESIAN_POINT ( 'NONE',  ( 791.3320353661461013, 57.74720600648210933, -37.65363242727860893 ) ) ;
#3638 = CARTESIAN_POINT ( 'NONE',  ( 1114.401672582589299, 257.3863245836034821, -88.55305983619236088 ) ) ;
#3639 = CARTESIAN_POINT ( 'NONE',  ( 1190.503744368297248, 409.4960559161975198, -9.408830030408413592 ) ) ;
#3640 = CARTESIAN_POINT ( 'NONE',  ( 1262.200034501461232, 387.5658530311300751, -135.4091834067156697 ) ) ;
#3641 = CARTESIAN_POINT ( 'NONE',  ( 1256.006807106302404, 699.6006620759426369, 135.8335116555421678 ) ) ;
#3642 = CARTESIAN_POINT ( 'NONE',  ( 1145.101538203709879, 361.2364082068168614, -24.95420124751476720 ) ) ;
#3643 = CARTESIAN_POINT ( 'NONE',  ( 1462.925495227682632, 877.3117142291722530, -91.07147077753727160 ) ) ;
#3644 = CARTESIAN_POINT ( 'NONE',  ( 732.1953687544217928, 66.73742444993048650, 18.04995928112723647 ) ) ;
#3645 = CARTESIAN_POINT ( 'NONE',  ( 1220.603697675095191, 644.8771502477675313, 165.8802207755480254 ) ) ;
#3646 = CARTESIAN_POINT ( 'NONE',  ( 618.3772696337013031, 18.56597799588351805, 28.75742133129955391 ) ) ;
#3647 = CARTESIAN_POINT ( 'NONE',  ( 791.1243127533942925, 59.94857190033839345, -32.01054417381693185 ) ) ;
#3648 = CARTESIAN_POINT ( 'NONE',  ( 1166.805290310941245, 477.3599011810421189, 80.50029800571115857 ) ) ;
#3649 = CARTESIAN_POINT ( 'NONE',  ( 1365.192930129391698, 605.3642066555629526, -108.8292868250507013 ) ) ;
#3650 = CARTESIAN_POINT ( 'NONE',  ( 1458.849375999811173, 919.9112776063735737, -63.17043714919307007 ) ) ;
#3651 = CARTESIAN_POINT ( 'NONE',  ( 676.9461388746082093, 10.69106233969978170, -47.70029637307433745 ) ) ;
#3652 = CARTESIAN_POINT ( 'NONE',  ( 841.9984057971869333, 129.2252065464892041, 60.28369155901443577 ) ) ;
#3653 = CARTESIAN_POINT ( 'NONE',  ( 1385.076331142013032, 1028.859259654213247, 83.86762277189285442 ) ) ;
#3654 = CARTESIAN_POINT ( 'NONE',  ( 1396.441698643976224, 978.3018245336060090, 52.04380997390791919 ) ) ;
#3655 = CARTESIAN_POINT ( 'NONE',  ( 1118.711808254874313, 241.9517056385813021, -126.3052240975673044 ) ) ;
#3656 = CARTESIAN_POINT ( 'NONE',  ( 1119.760349208963817, 238.2307575864217029, -121.9022259603789706 ) ) ;
#3657 = CARTESIAN_POINT ( 'NONE',  ( 899.2576738897895439, 137.2767819700340226, -28.61413159964594044 ) ) ;
#3658 = CARTESIAN_POINT ( 'NONE',  ( 1145.554743102501789, 359.8536449525085459, 0.3328767393975555211 ) ) ;
#3659 = CARTESIAN_POINT ( 'NONE',  ( 786.7228621067912400, 106.4580113369349874, 68.27150734333619653 ) ) ;
#3660 = PERSON_AND_ORGANIZATION ( #5790, #2188 ) ;
#3661 = CARTESIAN_POINT ( 'NONE',  ( 1166.023752401091542, 479.6333431569384516, 105.6788235010568116 ) ) ;
#3662 = CARTESIAN_POINT ( 'NONE',  ( 1331.280197273822523, 536.3711176435131165, -112.9632293468176982 ) ) ;
#3663 = CARTESIAN_POINT ( 'NONE',  ( 992.7111889212575306, 264.5368549478993145, 76.41960127545293346 ) ) ;
#3664 = CARTESIAN_POINT ( 'NONE',  ( 618.2717344627875491, 24.60002204024292993, 43.78934262099085828 ) ) ;
#3665 = CARTESIAN_POINT ( 'NONE',  ( 676.1845961122332938, 28.96080640477962831, 8.161241192880629214 ) ) ;
#3666 = CARTESIAN_POINT ( 'NONE',  ( 943.9240268682581245, 218.8917858240368446, 91.64824490403810842 ) ) ;
#3667 = CARTESIAN_POINT ( 'NONE',  ( 1440.752257099797134, 839.5903685771698974, -67.22394281213678369 ) ) ;
#3668 = CARTESIAN_POINT ( 'NONE',  ( 1011.875640048924197, 175.1828660146659047, -75.71420651686072745 ) ) ;
#3669 = CARTESIAN_POINT ( 'NONE',  ( 901.1690432757956160, 124.8629103380890371, -23.21008586406891183 ) ) ;
#3670 = CARTESIAN_POINT ( 'NONE',  ( 579.5080452080949271, -7.944247603083168130, -34.50542196244172288 ) ) ;
#3671 = CARTESIAN_POINT ( 'NONE',  ( 1352.294664602829698, 978.6733950434630742, 116.6697760039335350 ) ) ;
#3672 = CARTESIAN_POINT ( 'NONE',  ( 951.7122687821108684, 176.2353502084998240, -24.99091388188940499 ) ) ;
#3673 = CARTESIAN_POINT ( 'NONE',  ( 791.7995664276674006, 52.68802318206848412, -68.19255446870486992 ) ) ;
#3674 = CARTESIAN_POINT ( 'NONE',  ( 1366.099390149139481, 849.3715086090093109, 32.57221534305053723 ) ) ;
#3675 = CARTESIAN_POINT ( 'NONE',  ( 892.3508890554063555, 182.6684954125967693, 95.74333620169083758 ) ) ;
#3676 = CARTESIAN_POINT ( 'NONE',  ( 1132.193781600972216, 402.4148912981924013, 72.77966077864195427 ) ) ;
#3677 = CARTESIAN_POINT ( 'NONE',  ( 1249.777868459889987, 419.8170463162372812, -85.52033648938162003 ) ) ;
#3678 = CARTESIAN_POINT ( 'NONE',  ( 944.9784638998929722, 213.0618232816643456, 55.93251866098968605 ) ) ;
#3679 = CARTESIAN_POINT ( 'NONE',  ( 792.5190390957315003, 45.11645073964456998, -76.16675289207528010 ) ) ;
#3680 = CARTESIAN_POINT ( 'NONE',  ( 1248.863283312494104, 422.1599474313331939, -101.0384610472809044 ) ) ;
#3681 = CARTESIAN_POINT ( 'NONE',  ( 734.8899900265147380, 26.82429355944395155, -57.19448724978830256 ) ) ;
#3682 = CARTESIAN_POINT ( 'NONE',  ( 1259.740125595808649, 393.9522652821165707, -125.6234712132434623 ) ) ;
#3683 = CARTESIAN_POINT ( 'NONE',  ( 618.3251440397923488, 21.55519054232426868, 36.35125760476640977 ) ) ;
#3684 = CARTESIAN_POINT ( 'NONE',  ( 579.3317820397062405, 16.46557557533687444, 40.90836509272201482 ) ) ;
#3685 = CARTESIAN_POINT ( 'NONE',  ( 1467.072807018895219, 907.7669203175327084, -79.39941780772187485 ) ) ;
#3686 = CARTESIAN_POINT ( 'NONE',  ( 1386.939689793234720, 561.9757985266485321, -161.6896989275771261 ) ) ;
#3687 = CARTESIAN_POINT ( 'NONE',  ( 1349.871981500156835, 496.0781842651618945, -154.7312343416645604 ) ) ;
#3688 = CARTESIAN_POINT ( 'NONE',  ( 1237.046404515929680, 452.8326981279930123, -57.32203854461448600 ) ) ;
#3689 = CARTESIAN_POINT ( 'NONE',  ( 1053.912051192131912, 255.0776847507326579, -7.196791896876618466 ) ) ;
#3690 = CARTESIAN_POINT ( 'NONE',  ( 1223.495179394565639, 638.0244165194059178, 148.6390758820674876 ) ) ;
#3691 = APPROVAL_STATUS ( 'not_yet_approved' ) ;
#3692 = CARTESIAN_POINT ( 'NONE',  ( 1041.216625263995638, 306.5492456839828606, 87.23571243353359250 ) ) ;
#3693 = CARTESIAN_POINT ( 'NONE',  ( 1035.795462817407270, 328.5118339351576537, 120.3066335789263093 ) ) ;
#3694 = CARTESIAN_POINT ( 'NONE',  ( 1450.370432904357358, 896.3832512723879518, -68.51671404289473344 ) ) ;
#3695 = CARTESIAN_POINT ( 'NONE',  ( 1383.347090550257690, 998.1930706074311956, 71.51908317994916331 ) ) ;
#3696 = CARTESIAN_POINT ( 'NONE',  ( 1160.952781919889048, 494.1607342016588973, 129.5430816740706916 ) ) ;
#3697 = CARTESIAN_POINT ( 'NONE',  ( 950.4868992438015312, 183.0373528963867500, 20.88947203884144344 ) ) ;
#3698 = CARTESIAN_POINT ( 'NONE',  ( 787.1650016654173214, 101.8266431934705167, 67.45726064800267352 ) ) ;
#3699 = CARTESIAN_POINT ( 'NONE',  ( 1009.870379463139670, 184.5412057446123413, -57.50030978720705122 ) ) ;
#3700 = CARTESIAN_POINT ( 'NONE',  ( 1194.586249140359541, 397.7984642913021958, -28.59061401305819672 ) ) ;
#3701 = CARTESIAN_POINT ( 'NONE',  ( 618.7555671183272352, -3.643615666337983061, -43.17935218235132311 ) ) ;
#3702 = CARTESIAN_POINT ( 'NONE',  ( 1194.055367304920310, 564.4633602479702859, 131.5852878311291647 ) ) ;
#3703 = CARTESIAN_POINT ( 'NONE',  ( 733.0229088098227521, 54.41238293632488165, -15.74486625966226327 ) ) ;
#3704 = CARTESIAN_POINT ( 'NONE',  ( 1462.103600684808725, 915.1054408235185065, -73.91623872877548251 ) ) ;
#3705 = CARTESIAN_POINT ( 'NONE',  ( 1405.655542949090886, 964.3061476621263637, 21.05094927812767480 ) ) ;
#3706 = CARTESIAN_POINT ( 'NONE',  ( 618.2202995574150464, 27.51854151810099580, 49.38466544975754147 ) ) ;
#3707 = CARTESIAN_POINT ( 'NONE',  ( 1134.150965626768993, 396.1808566337816728, 62.24709550484158882 ) ) ;
#3708 = CARTESIAN_POINT ( 'NONE',  ( 579.4845740255482269, -4.721196838602912393, -21.38612347027088845 ) ) ;
#3709 = CARTESIAN_POINT ( 'NONE',  ( 560.0000000000000000, 2.298533394992873458, 15.64601828071891809 ) ) ;
#3710 = APPROVAL ( #3691, 'UNSPECIFIED' ) ;
#3711 = CARTESIAN_POINT ( 'NONE',  ( 1242.346585985229467, 593.3891192996304653, 66.25397187257537723 ) ) ;
#3712 = CARTESIAN_POINT ( 'NONE',  ( 961.3166159707493534, 123.8035341647713921, -104.9021429231600848 ) ) ;
#3713 = CARTESIAN_POINT ( 'NONE',  ( 1448.813520484001174, 934.7322221489042704, -50.58490399213477673 ) ) ;
#3714 = CARTESIAN_POINT ( 'NONE',  ( 1118.456504351673402, 242.8913214124233093, -113.8694642656832769 ) ) ;
#3715 = CARTESIAN_POINT ( 'NONE',  ( 734.4224956941908431, 33.80497036332858585, -37.05318224045662845 ) ) ;
#3716 = CARTESIAN_POINT ( 'NONE',  ( 1232.434574601115401, 616.8789692349039342, 124.7566056431575277 ) ) ;
#3717 = CARTESIAN_POINT ( 'NONE',  ( 1190.213951595401795, 574.4486957471317510, 158.0408961470710949 ) ) ;
#3718 = CARTESIAN_POINT ( 'NONE',  ( 1468.881329694590022, 868.2646066433776468, -97.85465391285246994 ) ) ;
#3719 = CARTESIAN_POINT ( 'NONE',  ( 1348.986475987250060, 497.9985765223463545, -151.9171647988527525 ) ) ;
#3720 = CARTESIAN_POINT ( 'NONE',  ( 1217.213191388022324, 332.9445136047398819, -142.9465982256336076 ) ) ;
#3721 = CARTESIAN_POINT ( 'NONE',  ( 1400.923336910464741, 668.1098067270276033, -101.6027501995971249 ) ) ;
#3722 = CARTESIAN_POINT ( 'NONE',  ( 1424.411290854892286, 935.8158240685328337, -17.99966345471771589 ) ) ;
#3723 = CARTESIAN_POINT ( 'NONE',  ( 1053.214625766611107, 257.9058287971732852, -1.930827066597281094 ) ) ;
#3724 = CARTESIAN_POINT ( 'NONE',  ( 1277.006382077292301, 781.3553197170787143, 157.4879310869287679 ) ) ;
#3725 = CARTESIAN_POINT ( 'NONE',  ( 1364.449885735717544, 959.5643512571673455, 98.40950731436153376 ) ) ;
#3726 = CARTESIAN_POINT ( 'NONE',  ( 1452.984575534567057, 928.5724109110016116, -58.11721333531800582 ) ) ;
#3727 = CARTESIAN_POINT ( 'NONE',  ( 840.9992729414977930, 137.2593312751082237, 56.97423871047286781 ) ) ;
#3728 = CARTESIAN_POINT ( 'NONE',  ( 1161.402700358719358, 492.8716935774753551, 127.3150216995866373 ) ) ;
#3729 = CARTESIAN_POINT ( 'NONE',  ( 1143.886162881793553, 365.1691920018901101, 9.392868273483424346 ) ) ;
#3730 = CARTESIAN_POINT ( 'NONE',  ( 675.5071853426492225, 45.06667176794231722, 49.33404172735900062 ) ) ;
#3731 = CARTESIAN_POINT ( 'NONE',  ( 1110.353032072485803, 271.8583846496044316, -63.14732172013277989 ) ) ;
#3732 = CARTESIAN_POINT ( 'NONE',  ( 1453.263598052627231, 819.9187338526834310, -93.89007162242857873 ) ) ;
#3733 = CARTESIAN_POINT ( 'NONE',  ( 1056.007646922981849, 246.5796290219184073, -22.98708994191721899 ) ) ;
#3734 = CARTESIAN_POINT ( 'NONE',  ( 1355.613625338432485, 973.4539325353968025, 108.0475085904680697 ) ) ;
#3735 = CARTESIAN_POINT ( 'NONE',  ( 1391.216062496404902, 806.4927186214250696, -27.59721781739017388 ) ) ;
#3736 = CARTESIAN_POINT ( 'NONE',  ( 618.6643012982475511, 1.337626423431949485, -44.17774647896721518 ) ) ;
#3737 = CARTESIAN_POINT ( 'NONE',  ( 787.8384060666858204, 94.55795806969663886, 20.64840708393456836 ) ) ;
#3738 = CARTESIAN_POINT ( 'NONE',  ( 786.9015634107515780, 104.6051177471817368, 72.97496254765087542 ) ) ;
#3739 = CARTESIAN_POINT ( 'NONE',  ( 1359.001497470808545, 861.5029104760898235, 68.32090449378475228 ) ) ;
#3740 = CARTESIAN_POINT ( 'NONE',  ( 1067.581527384652418, 199.6070790547091747, -119.8339983083553761 ) ) ;
#3741 = CARTESIAN_POINT ( 'NONE',  ( 1361.400186009717800, 612.9511100793879450, -81.56193054899323158 ) ) ;
#3742 = CARTESIAN_POINT ( 'NONE',  ( 1170.504553150109132, 466.7564961503103973, 60.61164692331006165 ) ) ;
#3743 = CARTESIAN_POINT ( 'NONE',  ( 790.6780662486772826, 64.51810276713895576, -48.35759930385527383 ) ) ;
#3744 = CARTESIAN_POINT ( 'NONE',  ( 1216.710353627628365, 334.4049567706345556, -130.9310778090326437 ) ) ;
#3745 = CARTESIAN_POINT ( 'NONE',  ( 1252.252515852668466, 413.3923348355268104, -95.52573667553602377 ) ) ;
#3746 = CARTESIAN_POINT ( 'NONE',  ( 1040.681034861491298, 308.7201007023746229, 91.12290781003284224 ) ) ;
#3747 = CARTESIAN_POINT ( 'NONE',  ( 840.5529142849607069, 140.9600907446703104, 83.86562983088640522 ) ) ;
#3748 = CARTESIAN_POINT ( 'NONE',  ( 1388.851007848031486, 558.1724064488399790, -159.4334840210960920 ) ) ;
#3749 = CARTESIAN_POINT ( 'NONE',  ( 1263.952703764514808, 383.0157286042783653, -142.2797628814863344 ) ) ;
#3750 = CARTESIAN_POINT ( 'NONE',  ( 1118.711808254874313, 241.9517056385813021, -126.3052240975673044 ) ) ;
#3751 = CARTESIAN_POINT ( 'NONE',  ( 1295.557408632588022, 467.4824428433003050, -104.6383343891796613 ) ) ;
#3752 = CARTESIAN_POINT ( 'NONE',  ( 1000.656093228350528, 227.4422492821312858, -5.626581029679665669 ) ) ;
#3753 = CARTESIAN_POINT ( 'NONE',  ( 579.4415403937043720, 1.217808501950493616, -0.1487193703550057922 ) ) ;
#3754 = CARTESIAN_POINT ( 'NONE',  ( 1189.581942971995431, 576.0871623919745161, 156.9342769269211715 ) ) ;
#3755 = PERSON_AND_ORGANIZATION_ROLE ( 'creator' ) ;
#3756 = CARTESIAN_POINT ( 'NONE',  ( 1262.180519342697380, 686.2264035525013242, 127.9911798188720979 ) ) ;
#3757 = CARTESIAN_POINT ( 'NONE',  ( 904.6550652785388138, 101.9226519727419458, -88.28754348249169936 ) ) ;
#3758 = CARTESIAN_POINT ( 'NONE',  ( 1392.932297563453176, 914.7715410532204032, 19.95434362879738188 ) ) ;
#3759 = CARTESIAN_POINT ( 'NONE',  ( 846.5819075355095720, 91.82487897042402381, -51.93050750837950602 ) ) ;
#3760 = CARTESIAN_POINT ( 'NONE',  ( 675.3295580801645883, 49.16119026144615134, 45.97876798580082180 ) ) ;
#3761 = CARTESIAN_POINT ( 'NONE',  ( 1284.268163485987543, 766.8705506241578860, 143.7633333873557433 ) ) ;
#3762 = CARTESIAN_POINT ( 'NONE',  ( 1424.628953963955382, 970.4479733984225049, 5.209251261192064497 ) ) ;
#3763 = CARTESIAN_POINT ( 'NONE',  ( 1305.872209143055215, 843.0895196964745537, 149.1793217850743360 ) ) ;
#3764 = CARTESIAN_POINT ( 'NONE',  ( 579.4560212034790538, -0.7829507751996194198, -7.066132664488393722 ) ) ;
#3765 = CARTESIAN_POINT ( 'NONE',  ( 1192.541692970303529, 403.6567156599722352, -19.00553064855690621 ) ) ;
#3766 = CARTESIAN_POINT ( 'NONE',  ( 1080.349206269740989, 379.0644704828427507, 113.6384894900411950 ) ) ;
#3767 = CARTESIAN_POINT ( 'NONE',  ( 1049.690061853317957, 272.1187573171438885, -6.158603390370743114 ) ) ;
#3768 = CARTESIAN_POINT ( 'NONE',  ( 1211.738626312686620, 348.6223387895602173, -123.4792906694345618 ) ) ;
#3769 = CARTESIAN_POINT ( 'NONE',  ( 1310.072144661903167, 715.3557858531986540, 46.37074312134486576 ) ) ;
#3770 = CARTESIAN_POINT ( 'NONE',  ( 618.2428292599577162, 26.23975259992583631, 47.36973965985192336 ) ) ;
#3771 = CARTESIAN_POINT ( 'NONE',  ( 579.4046266843378135, 6.328897513592607105, 16.17002926777428584 ) ) ;
#3772 = CARTESIAN_POINT ( 'NONE',  ( 560.0000000000003411, -7.747701492964464975, -34.37185208254744850 ) ) ;
#3773 = CARTESIAN_POINT ( 'NONE',  ( 1289.722377519766042, 481.2925365946484817, -83.80644300229751309 ) ) ;
#3774 = VERTEX_POINT ( 'NONE', #5393 ) ;
#3775 = CARTESIAN_POINT ( 'NONE',  ( 731.8793414742848427, 71.47161456411132008, 35.41047215286857153 ) ) ;
#3776 = CARTESIAN_POINT ( 'NONE',  ( 579.5084706014283711, -7.958777485225472681, -40.64249454659304206 ) ) ;
#3777 = CARTESIAN_POINT ( 'NONE',  ( 1361.204831635914843, 613.3215179408323365, -98.46234652317826885 ) ) ;
#3778 = CARTESIAN_POINT ( 'NONE',  ( 1445.433364936198359, 713.9506774342553399, -137.1112239830068518 ) ) ;
#3779 = CARTESIAN_POINT ( 'NONE',  ( 1341.638928273360534, 891.1443023766581746, 110.1965090211038785 ) ) ;
#3780 = CARTESIAN_POINT ( 'NONE',  ( 1300.979392435373711, 852.0967150269156036, 161.4979167802911491 ) ) ;
#3781 = CARTESIAN_POINT ( 'NONE',  ( 905.7218537612681075, 94.97409691314229008, -90.33546531970294780 ) ) ;
#3782 = CARTESIAN_POINT ( 'NONE',  ( 849.4836785589066039, 68.31936755901818970, -81.03696702632986160 ) ) ;
#3783 = CARTESIAN_POINT ( 'NONE',  ( 676.8234552783663958, 13.45991131152192999, -53.98002509209057820 ) ) ;
#3784 = CARTESIAN_POINT ( 'NONE',  ( 848.1276815275417675, 79.37203865840812966, -53.38921527228108488 ) ) ;
#3785 = CARTESIAN_POINT ( 'NONE',  ( 1268.488535536208019, 672.5486888699876999, 107.3736423951840777 ) ) ;
#3786 = CARTESIAN_POINT ( 'NONE',  ( 786.6497615648393094, 107.2468062011781029, 73.26223279277344602 ) ) ;
#3787 = CARTESIAN_POINT ( 'NONE',  ( 1087.528872710269752, 353.4318044985550387, 80.98607808971200939 ) ) ;
#3788 = CARTESIAN_POINT ( 'NONE',  ( 1066.689715510452515, 203.2201569601389792, -115.4338292059677116 ) ) ;
#3789 = CARTESIAN_POINT ( 'NONE',  ( 1058.417239156533242, 236.7392145551078784, -66.73762189613968587 ) ) ;
#3790 = CARTESIAN_POINT ( 'NONE',  ( 1284.161715122811756, 767.0708664881154846, 131.1330144681454897 ) ) ;
#3791 = CARTESIAN_POINT ( 'NONE',  ( 1387.518686479633971, 812.8186547900535288, -0.3603053299501255968 ) ) ;
#3792 = CARTESIAN_POINT ( 'NONE',  ( 841.2858971480408172, 135.0105587681067618, 72.27902489365757788 ) ) ;
#3793 = CARTESIAN_POINT ( 'NONE',  ( 1272.360987163385062, 522.3836345985137086, -21.15741919841382312 ) ) ;
#3794 = CARTESIAN_POINT ( 'NONE',  ( 734.7217418063163450, 29.33906034382097516, -49.77203383749507992 ) ) ;
#3795 = CARTESIAN_POINT ( 'NONE',  ( 953.4542523458659389, 166.8167924970097999, -12.42519785664455512 ) ) ;
#3796 = CARTESIAN_POINT ( 'NONE',  ( 1377.097594923214274, 1007.685881095234663, 86.95475020306652425 ) ) ;
#3797 = CARTESIAN_POINT ( 'NONE',  ( 1454.159613043141462, 699.0530860890927443, -158.3076794726653986 ) ) ;
#3798 = CARTESIAN_POINT ( 'NONE',  ( 1048.641820381635171, 276.3695500152378486, 1.735620981415737951 ) ) ;
#3799 = CARTESIAN_POINT ( 'NONE',  ( 1064.785310978408461, 210.9341358483032423, -105.3106281868094811 ) ) ;
#3800 = CARTESIAN_POINT ( 'NONE',  ( 1372.904184737494461, 946.2641372414558418, 65.63719790985956593 ) ) ;
#3801 = CARTESIAN_POINT ( 'NONE',  ( 942.7627489264535825, 225.2317730708466286, 102.9175483992116682 ) ) ;
#3802 = CARTESIAN_POINT ( 'NONE',  ( 843.0796482206212659, 120.4406274944819160, 41.56599822429060964 ) ) ;
#3803 = CARTESIAN_POINT ( 'NONE',  ( 957.2980859553832715, 145.8004239207684805, -55.77245773090561443 ) ) ;
#3804 = ORIENTED_EDGE ( 'NONE', *, *, #4444, .T. ) ;
#3805 = CARTESIAN_POINT ( 'NONE',  ( 675.3817118108150908, 47.85860577475041566, 36.36085641058913609 ) ) ;
#3806 = CARTESIAN_POINT ( 'NONE',  ( 1471.280061261953279, 864.6207073908168468, -103.3617670036734353 ) ) ;
#3807 = CARTESIAN_POINT ( 'NONE',  ( 901.4210324374083712, 123.0990509310400398, -54.95989680468607474 ) ) ;
#3808 = CARTESIAN_POINT ( 'NONE',  ( 1464.809440063361762, 801.7657905080167211, -118.2901552046532743 ) ) ;
#3809 = CARTESIAN_POINT ( 'NONE',  ( 731.6874431749462246, 74.45678845828838632, 65.11959776307543279 ) ) ;
#3810 = CARTESIAN_POINT ( 'NONE',  ( 579.4993071800133748, -6.665450977909014085, -40.41401907340220134 ) ) ;
#3811 = CARTESIAN_POINT ( 'NONE',  ( 960.9511850148101075, 125.8193179062999718, -97.39802316971419316 ) ) ;
#3812 = CARTESIAN_POINT ( 'NONE',  ( 1015.460662300742001, 158.4452157660834075, -109.0737304579182734 ) ) ;
#3813 = CARTESIAN_POINT ( 'NONE',  ( 579.4616107456049576, -1.411847002281095387, -31.94732470457337925 ) ) ;
#3814 = CARTESIAN_POINT ( 'NONE',  ( 1308.864637067285912, 435.9703345923661573, -159.1830066188274486 ) ) ;
#3815 = CARTESIAN_POINT ( 'NONE',  ( 1429.595962434660123, 740.9866454111677285, -100.2788536447001064 ) ) ;
#3816 = CARTESIAN_POINT ( 'NONE',  ( 946.5395845842188010, 204.6062466120151555, 63.94749179124728755 ) ) ;
#3817 = CARTESIAN_POINT ( 'NONE',  ( 1385.441331825079033, 1028.320226895798896, 82.14687077884350686 ) ) ;
#3818 = APPROVAL_DATE_TIME ( #2868, #5855 ) ;
#3819 = CARTESIAN_POINT ( 'NONE',  ( 618.3568412796342955, 19.73972916738907557, 31.81125530087483710 ) ) ;
#3820 = CARTESIAN_POINT ( 'NONE',  ( 734.5640762173474059, 31.56513506901042376, -60.49547369990843748 ) ) ;
#3821 = CARTESIAN_POINT ( 'NONE',  ( 1327.688849392073280, 544.1572312109224185, -102.7066264324937634 ) ) ;
#3822 = CARTESIAN_POINT ( 'NONE',  ( 1358.078544853496851, 746.9822325142727095, 10.28322704151350209 ) ) ;
#3823 = CARTESIAN_POINT ( 'NONE',  ( 731.6551183183602234, 74.86416025235482152, 53.17514214136944872 ) ) ;
#3824 = CARTESIAN_POINT ( 'NONE',  ( 952.0741181138427010, 174.3615840072623371, 3.133859324260118040 ) ) ;
#3825 = CARTESIAN_POINT ( 'NONE',  ( 1257.771114079534755, 695.7874442124617644, 142.4768020650062397 ) ) ;
#3826 = CARTESIAN_POINT ( 'NONE',  ( 1340.820213954922338, 654.0190281293686212, -22.09944247314821908 ) ) ;
#3827 = CARTESIAN_POINT ( 'NONE',  ( 579.5016157858170800, -7.065395625156692283, -30.53494300876404566 ) ) ;
#3828 = CARTESIAN_POINT ( 'NONE',  ( 560.0000000000006821, -5.489845566673774435, -10.98704859790722210 ) ) ;
#3829 = CARTESIAN_POINT ( 'NONE',  ( 892.6499784296727285, 180.6786774985494617, 82.36745231631442721 ) ) ;
#3830 = CARTESIAN_POINT ( 'NONE',  ( 1353.104035250693869, 756.1230410488516327, 2.511475364029037927 ) ) ;
#3831 = CARTESIAN_POINT ( 'NONE',  ( 676.5862341091761891, 19.06950228190494556, -44.99086583723520505 ) ) ;
#3832 = CARTESIAN_POINT ( 'NONE',  ( 1128.920116388382212, 412.7931302654543515, 66.61427925067916078 ) ) ;
#3833 = CARTESIAN_POINT ( 'NONE',  ( 1035.967765851992226, 327.8216561125332760, 123.9548041588165717 ) ) ;
#3834 = CARTESIAN_POINT ( 'NONE',  ( 1308.042580581525954, 719.4282292372504344, 73.88001883937378977 ) ) ;
#3835 = CARTESIAN_POINT ( 'NONE',  ( 791.5987066311492981, 54.92058390192167394, -44.92184149238175195 ) ) ;
#3836 = CARTESIAN_POINT ( 'NONE',  ( 579.4396873697548926, 1.474004498371947136, 0.7141697372954340928 ) ) ;
#3837 = CARTESIAN_POINT ( 'NONE',  ( 1083.703600313346669, 367.0600862458608731, 84.63961287478021234 ) ) ;
#3838 = CARTESIAN_POINT ( 'NONE',  ( 1454.532715128971859, 698.4150368702976266, -160.1405558615542759 ) ) ;
#3839 = CARTESIAN_POINT ( 'NONE',  ( 1389.968823044755482, 688.2615255544484398, -90.19062524806135173 ) ) ;
#3840 = CARTESIAN_POINT ( 'NONE',  ( 1463.439742326499982, 913.1322277634781130, -72.16888130148002745 ) ) ;
#3841 = CARTESIAN_POINT ( 'NONE',  ( 840.6746618936281266, 139.9717700593681116, 82.19947623614163490 ) ) ;
#3842 = CARTESIAN_POINT ( 'NONE',  ( 1219.809352011506917, 325.5111769330272296, -151.0402984808857525 ) ) ;
#3843 = CARTESIAN_POINT ( 'NONE',  ( 1267.392946871154663, 374.0788737570380817, -157.3927284843963434 ) ) ;
#3844 = CARTESIAN_POINT ( 'NONE',  ( 1120.522075317963299, 235.5036116183439958, -127.3367600010640359 ) ) ;
#3845 = CARTESIAN_POINT ( 'NONE',  ( 1011.286573568179051, 177.8685944774532004, -90.20906257668895023 ) ) ;
#3846 = CARTESIAN_POINT ( 'NONE',  ( 579.4857879632384083, -4.782318987761343010, -37.69205916237093135 ) ) ;
#3847 = CARTESIAN_POINT ( 'NONE',  ( 791.6869005277241058, 53.98550151150056564, -47.34924457191523572 ) ) ;
#3848 = CARTESIAN_POINT ( 'NONE',  ( 675.7273824893429719, 39.84661402896057325, 36.98343198559295786 ) ) ;
#3849 = CARTESIAN_POINT ( 'NONE',  ( 560.0000000000010232, 11.18211119535065556, 35.74873492138946318 ) ) ;
#3850 = CARTESIAN_POINT ( 'NONE',  ( 559.9999999999997726, 4.708257516349203975, 22.47995500248158152 ) ) ;
#3851 = CARTESIAN_POINT ( 'NONE',  ( 896.2401010943011670, 157.0692133452749886, 13.52593696032186088 ) ) ;
#3852 = CARTESIAN_POINT ( 'NONE',  ( 1421.646677160133549, 754.5458981561647533, -95.88410726024282837 ) ) ;
#3853 = CARTESIAN_POINT ( 'NONE',  ( 676.2735423155760373, 26.83596887323422564, 2.103530339323877563 ) ) ;
#3854 = CARTESIAN_POINT ( 'NONE',  ( 618.2124532210938241, 27.75196040967508182, 37.77986724946352837 ) ) ;
#3855 = CARTESIAN_POINT ( 'NONE',  ( 1426.375086092696620, 967.8692866683055627, 1.684968892501370163 ) ) ;
#3856 = CARTESIAN_POINT ( 'NONE',  ( 1124.155956409976852, 428.0157692967176217, 115.8028513901034700 ) ) ;
#3857 = CARTESIAN_POINT ( 'NONE',  ( 579.4614345551816541, -1.530532363189508027, -9.660875041027225052 ) ) ;
#3858 = CARTESIAN_POINT ( 'NONE',  ( 1457.486683711777914, 885.5732916815123872, -74.65038348945724067 ) ) ;
#3859 = CARTESIAN_POINT ( 'NONE',  ( 1036.692470684327873, 324.8656305150384469, 109.6544003133681429 ) ) ;
#3860 = CARTESIAN_POINT ( 'NONE',  ( 1392.635881706024747, 550.6176246238848080, -171.2333139999865352 ) ) ;
#3861 = CARTESIAN_POINT ( 'NONE',  ( 1001.472202547102597, 223.6347607437801059, -12.87078540286035633 ) ) ;
#3862 = CARTESIAN_POINT ( 'NONE',  ( 1011.795878377514327, 175.4947788793944028, -93.66528331623167958 ) ) ;
#3863 = CARTESIAN_POINT ( 'NONE',  ( 894.3765291078902919, 169.3084732374837245, 44.46140053703572192 ) ) ;
#3864 = CARTESIAN_POINT ( 'NONE',  ( 579.3404894686375428, 15.24743131254106387, 39.19684591106109650 ) ) ;
#3865 = CARTESIAN_POINT ( 'NONE',  ( 1345.942288445103031, 769.3240150496408205, 42.42428086331825199 ) ) ;
#3866 = CARTESIAN_POINT ( 'NONE',  ( 618.6990788424809580, -0.2552437298346981742, -30.58480639029670556 ) ) ;
#3867 = CARTESIAN_POINT ( 'NONE',  ( 1424.535632055432188, 970.5857911289217554, -4.152013243324089053 ) ) ;
#3868 = CARTESIAN_POINT ( 'NONE',  ( 993.0163108891938464, 263.1106956247038511, 72.61854174258046157 ) ) ;
#3869 = CARTESIAN_POINT ( 'NONE',  ( 579.5042835572364766, -7.364250595022286738, -40.88581660181948507 ) ) ;
#3870 = CARTESIAN_POINT ( 'NONE',  ( 790.4482305290662225, 66.94497862857296866, -43.76730925022502561 ) ) ;
#3871 = CARTESIAN_POINT ( 'NONE',  ( 579.5129316523534726, -8.616724446911893764, -37.02619781917069020 ) ) ;
#3872 = CARTESIAN_POINT ( 'NONE',  ( 559.9999999999998863, 5.959212097592208046, -1.632193128544785488 ) ) ;
#3873 = CARTESIAN_POINT ( 'NONE',  ( 1325.986938827304357, 917.8658469624311920, 148.2902400728647478 ) ) ;
#3874 = CARTESIAN_POINT ( 'NONE',  ( 1426.970616110148512, 620.1574271507636240, -170.5521744681229279 ) ) ;
#3875 = CARTESIAN_POINT ( 'NONE',  ( 1220.082944797623668, 324.7360361394947290, -147.3156478779229417 ) ) ;
#3876 = CARTESIAN_POINT ( 'NONE',  ( 903.2440451963994974, 111.1583739482646820, -74.89088626017964145 ) ) ;
#3877 = CARTESIAN_POINT ( 'NONE',  ( 1466.712396855069755, 798.7702617911446623, -128.9838294865524801 ) ) ;
#3878 = CARTESIAN_POINT ( 'NONE',  ( 1455.351673463404268, 816.6361070740609875, -98.31314759817951199 ) ) ;
#3879 = CARTESIAN_POINT ( 'NONE',  ( 1468.162358461823260, 906.1578714938984831, -83.27758777489920305 ) ) ;
#3880 = CARTESIAN_POINT ( 'NONE',  ( 944.1961386143090067, 217.4063375880183742, 88.63910013015296840 ) ) ;
#3881 = CARTESIAN_POINT ( 'NONE',  ( 1190.108334087425419, 574.7193788463044939, 153.7485036473242417 ) ) ;
#3882 = CARTESIAN_POINT ( 'NONE',  ( 618.3671277799206791, 19.14921605919125014, 30.28442520700398077 ) ) ;
#3883 = CARTESIAN_POINT ( 'NONE',  ( 1411.538686128763629, 989.7796719593130774, 22.43455123410404894 ) ) ;
#3884 = CARTESIAN_POINT ( 'NONE',  ( 848.2376969179093749, 78.38505345553373616, -74.29870648970168645 ) ) ;
#3885 = CARTESIAN_POINT ( 'NONE',  ( 997.5243123773886964, 242.0568831476462890, 23.67818244656706028 ) ) ;
#3886 = CARTESIAN_POINT ( 'NONE',  ( 846.1761748092213793, 95.12009446589279094, -45.87229349096701014 ) ) ;
#3887 = CARTESIAN_POINT ( 'NONE',  ( 1050.764894827493436, 267.8392884050456928, 16.47933582482925985 ) ) ;
#3888 = CARTESIAN_POINT ( 'NONE',  ( 840.7337779560298259, 139.4343238660638917, 65.62964665488085814 ) ) ;
#3889 = PLANE ( 'NONE',  #782 ) ;
#3890 = CARTESIAN_POINT ( 'NONE',  ( 618.2915151678671464, 23.46940013744927356, 41.00183981099528552 ) ) ;
#3891 = CARTESIAN_POINT ( 'NONE',  ( 846.1437725535188292, 95.52066117254052813, -15.28049314851614326 ) ) ;
#3892 = CARTESIAN_POINT ( 'NONE',  ( 1012.676133360362201, 171.4470081505467078, -82.94121855892166195 ) ) ;
#3893 = CARTESIAN_POINT ( 'NONE',  ( 731.6240051692029738, 75.34497301895711985, 57.31610076093966910 ) ) ;
#3894 = CARTESIAN_POINT ( 'NONE',  ( 734.9763647356074898, 25.48692790475071490, -66.04078466562910421 ) ) ;
#3895 = CARTESIAN_POINT ( 'NONE',  ( 949.2747668200267981, 189.5579351080359061, 1.482801469865880462 ) ) ;
#3896 = CARTESIAN_POINT ( 'NONE',  ( 1441.669344836547452, 720.3686325436042353, -137.4456479295099314 ) ) ;
#3897 = CARTESIAN_POINT ( 'NONE',  ( 787.2643157627956043, 100.6594190299504845, 40.52518755755278335 ) ) ;
#3898 = CARTESIAN_POINT ( 'NONE',  ( 618.2592987811761986, 25.30547149894080050, 45.40307111645044102 ) ) ;
#3899 = CARTESIAN_POINT ( 'NONE',  ( 1093.604948175260233, 331.7190358549066218, 42.90799409291980737 ) ) ;
#3900 = CARTESIAN_POINT ( 'NONE',  ( 1449.607464690812549, 897.5420524088393677, -58.56691334299854645 ) ) ;
#3901 = CARTESIAN_POINT ( 'NONE',  ( 560.0000000000001137, 10.98586279796777454, 23.73936563210710204 ) ) ;
#3902 = CARTESIAN_POINT ( 'NONE',  ( 579.3326366815819028, 16.42020141490411334, 27.19952285852297535 ) ) ;
#3903 = CARTESIAN_POINT ( 'NONE',  ( 1312.534761215064918, 427.2921107489236761, -167.0946414847288395 ) ) ;
#3904 = CARTESIAN_POINT ( 'NONE',  ( 1108.815851652829224, 277.2977962916844490, -77.10635297043245373 ) ) ;
#3905 = CARTESIAN_POINT ( 'NONE',  ( 1446.413920104850149, 712.2767776959414050, -139.3580230279717398 ) ) ;
#3906 = CARTESIAN_POINT ( 'NONE',  ( 897.4824931865857707, 148.9175506891631926, -4.692954970132471537 ) ) ;
#3907 = CARTESIAN_POINT ( 'NONE',  ( 1320.071797968127157, 927.9629916568899262, 158.9552776920349686 ) ) ;
#3908 = CARTESIAN_POINT ( 'NONE',  ( 618.2717344627875491, 24.60002204024292993, 43.78934262099085828 ) ) ;
#3909 = CARTESIAN_POINT ( 'NONE',  ( 792.5417990833331032, 44.89833351497733105, -73.60917732022217308 ) ) ;
#3910 = CARTESIAN_POINT ( 'NONE',  ( 676.5862341091761891, 19.06950228190494556, -44.99086583723520505 ) ) ;
#3911 = CARTESIAN_POINT ( 'NONE',  ( 618.6569523838668374, 1.751580011391450142, -43.54023243421917755 ) ) ;
#3912 = CARTESIAN_POINT ( 'NONE',  ( 579.4992659518468372, -6.742374738654389077, -29.22535641398006945 ) ) ;
#3913 = CARTESIAN_POINT ( 'NONE',  ( 1472.681571267349227, 789.3860529102101964, -138.8217351067210075 ) ) ;
#3914 = CARTESIAN_POINT ( 'NONE',  ( 944.0580231434345251, 218.1604913639061749, 90.16263792051312009 ) ) ;
#3915 = CARTESIAN_POINT ( 'NONE',  ( 990.1104114213862886, 276.7106936105575983, 115.7431954343184088 ) ) ;
#3916 = CARTESIAN_POINT ( 'NONE',  ( 788.1746100797824965, 91.16584608980713256, 44.10748942272698514 ) ) ;
#3917 = CARTESIAN_POINT ( 'NONE',  ( 1044.597295254357959, 292.7738553334075391, 33.64564820397726663 ) ) ;
#3918 = CARTESIAN_POINT ( 'NONE',  ( 733.2612714265804925, 50.87096865628971898, -24.01369862258525600 ) ) ;
#3919 = CARTESIAN_POINT ( 'NONE',  ( 844.7057318916334907, 107.2197999461611744, 11.86487602226513971 ) ) ;
#3920 = CARTESIAN_POINT ( 'NONE',  ( 786.7415717549791907, 106.2555514344699219, 66.90084511418444890 ) ) ;
#3921 = CARTESIAN_POINT ( 'NONE',  ( 1410.716180378553190, 990.9943478870991385, 24.16466806161545122 ) ) ;
#3922 = CARTESIAN_POINT ( 'NONE',  ( 579.3584394597631899, 12.74208427871380422, 33.30665223176408318 ) ) ;
#3923 = CARTESIAN_POINT ( 'NONE',  ( 1200.731550624802367, 380.1901565979815700, -57.31330514273577137 ) ) ;
#3924 = CARTESIAN_POINT ( 'NONE',  ( 560.0000000000004547, -9.317892175618986528, -26.19740336732803243 ) ) ;
#3925 = CARTESIAN_POINT ( 'NONE',  ( 942.4953674053681425, 226.6802433936238685, 99.11658553119336545 ) ) ;
#3926 = CARTESIAN_POINT ( 'NONE',  ( 675.7098458376647159, 39.92919035587952692, 4.615984221246695718 ) ) ;
#3927 = CARTESIAN_POINT ( 'NONE',  ( 676.5473150556180144, 19.99109627335364081, -43.30309434483102393 ) ) ;
#3928 = CARTESIAN_POINT ( 'NONE',  ( 1207.826288659643296, 528.6955237742980671, 63.75188581273422272 ) ) ;
#3929 = CARTESIAN_POINT ( 'NONE',  ( 1225.233931329708412, 633.9205408437866254, 151.6277673697386490 ) ) ;
#3930 = CARTESIAN_POINT ( 'NONE',  ( 1370.824342196061252, 841.3189894965836402, 39.83601540347523695 ) ) ;
#3931 = CARTESIAN_POINT ( 'NONE',  ( 847.8463785375383850, 81.66247703224442489, -47.93190383606130922 ) ) ;
#3932 = CARTESIAN_POINT ( 'NONE',  ( 560.0000000000000000, 5.952327976422812306, -1.630198811909351564 ) ) ;
#3933 = CARTESIAN_POINT ( 'NONE',  ( 787.1611895845858271, 101.7585787023389514, 44.70627277424153334 ) ) ;
#3934 = CARTESIAN_POINT ( 'NONE',  ( 676.9743793016397149, 9.904210866138614122, -57.67187271047540520 ) ) ;
#3935 = CARTESIAN_POINT ( 'NONE',  ( 1351.369155005277435, 632.9468088107930726, -72.29045597817560065 ) ) ;
#3936 = CARTESIAN_POINT ( 'NONE',  ( 905.3385716545014930, 97.49805327907490948, -83.55487149157562499 ) ) ;
#3937 = CARTESIAN_POINT ( 'NONE',  ( 579.3764306234769492, 10.41377430756035771, -1.842424698708911679 ) ) ;
#3938 = CARTESIAN_POINT ( 'NONE',  ( 675.4423751221294197, 46.59787804717904436, 52.85018406681732017 ) ) ;
#3939 = CARTESIAN_POINT ( 'NONE',  ( 676.9394582321073131, 10.71720438124654962, -57.47721057234912223 ) ) ;
#3940 = CARTESIAN_POINT ( 'NONE',  ( 1162.294055813681098, 306.4815052332986625, -108.0105281235986325 ) ) ;
#3941 = CARTESIAN_POINT ( 'NONE',  ( 1261.876355859614478, 388.3875233570527143, -144.9542242202894613 ) ) ;
#3942 = CARTESIAN_POINT ( 'NONE',  ( 1064.425076207318625, 212.4423957351467607, -86.05225135672033332 ) ) ;
#3943 = CARTESIAN_POINT ( 'NONE',  ( 579.3603333443146539, 12.48247070033681005, 32.66231965768473344 ) ) ;
#3944 = CARTESIAN_POINT ( 'NONE',  ( 840.2748944916850178, 143.2100442705668399, 85.37234084466217610 ) ) ;
#3945 = CARTESIAN_POINT ( 'NONE',  ( 1273.445309162183548, 661.8007398650971709, 91.20387677132556803 ) ) ;
#3946 = CARTESIAN_POINT ( 'NONE',  ( 618.2635026853799900, 24.54730706009303631, 16.70104547095220227 ) ) ;
#3947 = CARTESIAN_POINT ( 'NONE',  ( 560.0000000000001137, -5.534804602215555924, -30.81558443550995108 ) ) ;
#3948 = CARTESIAN_POINT ( 'NONE',  ( 942.2515772862307131, 228.0201688419607251, 104.9453502636581561 ) ) ;
#3949 = CARTESIAN_POINT ( 'NONE',  ( 1279.763627080673814, 504.8295220283016533, -69.80859945085519769 ) ) ;
#3950 = CARTESIAN_POINT ( 'NONE',  ( 1186.428120905605056, 421.1737774696732117, 9.786237456760536801 ) ) ;
#3951 = CARTESIAN_POINT ( 'NONE',  ( 1327.280944830427870, 915.6509807721654397, 136.5480511003112554 ) ) ;
#3952 = CARTESIAN_POINT ( 'NONE',  ( 1362.135981789129573, 739.5128824852000662, -0.4114018042096513894 ) ) ;
#3953 = CARTESIAN_POINT ( 'NONE',  ( 1383.172301220673035, 998.4582160341685722, 79.80641777286221838 ) ) ;
#3954 = CARTESIAN_POINT ( 'NONE',  ( 560.0000000000006821, -5.489845566673774435, -10.98704859790722210 ) ) ;
#3955 = CARTESIAN_POINT ( 'NONE',  ( 1223.495179394565639, 638.0244165194059178, 148.6390758820674876 ) ) ;
#3956 = CARTESIAN_POINT ( 'NONE',  ( 1469.084714048650085, 904.7957373958785183, -83.87364393224250136 ) ) ;
#3957 = CARTESIAN_POINT ( 'NONE',  ( 1457.192372677225194, 922.3583389766885148, -65.54418283596355366 ) ) ;
#3958 = CARTESIAN_POINT ( 'NONE',  ( 893.5703877055111661, 174.6111596392063063, 60.26200815604592265 ) ) ;
#3959 = CARTESIAN_POINT ( 'NONE',  ( 731.8263335836576289, 72.40042493257867307, 61.18568148175122445 ) ) ;
#3960 = CARTESIAN_POINT ( 'NONE',  ( 618.4543921382613689, 14.11454639244838738, 16.42613093766120969 ) ) ;
#3961 = CARTESIAN_POINT ( 'NONE',  ( 1113.049173191388718, 262.2210210862025974, -80.08211010521863216 ) ) ;
#3962 = CARTESIAN_POINT ( 'NONE',  ( 1437.824182803979284, 950.9612684975887760, -21.35911823297511347 ) ) ;
#3963 = CARTESIAN_POINT ( 'NONE',  ( 840.7337779560298259, 139.4343238660638917, 65.62964665488085814 ) ) ;
#3964 = CARTESIAN_POINT ( 'NONE',  ( 1311.924186410071115, 428.7339303125204424, -166.4590720590433932 ) ) ;
#3965 = CARTESIAN_POINT ( 'NONE',  ( 618.4655734898708488, 12.72350971144690490, -20.76602572874899977 ) ) ;
#3966 = CARTESIAN_POINT ( 'NONE',  ( 1217.193207295654247, 333.0214726579827129, -133.0816583865087068 ) ) ;
#3967 = CARTESIAN_POINT ( 'NONE',  ( 676.0775262128447594, 31.51722856105108050, 15.42812146103626603 ) ) ;
#3968 = CARTESIAN_POINT ( 'NONE',  ( 1182.293383718505311, 432.9734018848463961, 2.193426260491892155 ) ) ;
#3969 = CARTESIAN_POINT ( 'NONE',  ( 1294.448926616805011, 746.5546477251750730, 113.7507071536868608 ) ) ;
#3970 = CARTESIAN_POINT ( 'NONE',  ( 1080.817138724369670, 377.4121268523147705, 122.9261331437633373 ) ) ;
#3971 = CARTESIAN_POINT ( 'NONE',  ( 956.3843470782662735, 150.7136625357007347, -70.10908241350219328 ) ) ;
#3972 = CARTESIAN_POINT ( 'NONE',  ( 560.0000000000001137, -6.709796619180920629, -32.75656690763437950 ) ) ;
#3973 = CARTESIAN_POINT ( 'NONE',  ( 1212.075559309848813, 347.6853216968512470, -109.7660106349611766 ) ) ;
#3974 = CARTESIAN_POINT ( 'NONE',  ( 905.2593731514533602, 97.96624942384578105, -93.38813138202750963 ) ) ;
#3975 = CARTESIAN_POINT ( 'NONE',  ( 1393.851926250745692, 1015.899466816493600, 67.47924598583090017 ) ) ;
#3976 = CARTESIAN_POINT ( 'NONE',  ( 892.2379256980555056, 183.4055128650106781, 95.75804878319341640 ) ) ;
#3977 = CARTESIAN_POINT ( 'NONE',  ( 1240.799617613516602, 597.0818665673508576, 94.18670952857682721 ) ) ;
#3978 = CARTESIAN_POINT ( 'NONE',  ( 579.3514683834555399, 13.85680367427688608, 11.21061153852078895 ) ) ;
#3979 = CARTESIAN_POINT ( 'NONE',  ( 1165.287536351543167, 296.9501743132077536, -120.8370057807721167 ) ) ;
#3980 = CARTESIAN_POINT ( 'NONE',  ( 1389.994941384567255, 555.8815757612949255, -168.1290269177750076 ) ) ;
#3981 = CARTESIAN_POINT ( 'NONE',  ( 840.2823393191678178, 143.1518053461578290, 85.92879991992887767 ) ) ;
#3982 = CARTESIAN_POINT ( 'NONE',  ( 1242.234887620887093, 439.3646255779977423, -76.88862145550922378 ) ) ;
#3983 = CARTESIAN_POINT ( 'NONE',  ( 560.0000000000000000, -9.945919705557459523, -37.92623539904675312 ) ) ;
#3984 = CARTESIAN_POINT ( 'NONE',  ( 1377.919138899104155, 1006.437983397491053, 84.83775087569439677 ) ) ;
#3985 = CARTESIAN_POINT ( 'NONE',  ( 560.0000000000000000, -2.285464384511758595, 0.6485753070780067020 ) ) ;
#3986 = CARTESIAN_POINT ( 'NONE',  ( 559.9999999999997726, 7.099196210738042190, 28.69197119599464685 ) ) ;
#3987 = CARTESIAN_POINT ( 'NONE',  ( 1404.284824817311346, 784.1960587656070629, -40.43973293368547672 ) ) ;
#3988 = CARTESIAN_POINT ( 'NONE',  ( 1119.225271828952827, 443.7059448991565773, 134.9173699760195291 ) ) ;
#3989 = CARTESIAN_POINT ( 'NONE',  ( 905.7894547664559468, 94.50396683111618756, -96.18298014204884794 ) ) ;
#3990 = CARTESIAN_POINT ( 'NONE',  ( 1298.495432685292826, 460.5040165351960582, -129.7596317023705126 ) ) ;
#3991 = CARTESIAN_POINT ( 'NONE',  ( 559.9999999999998863, 10.91785148475987910, 23.18766079395595625 ) ) ;
#3992 = CARTESIAN_POINT ( 'NONE',  ( 991.3783395732302779, 270.8026854236199483, 107.7748803501001760 ) ) ;
#3993 = CARTESIAN_POINT ( 'NONE',  ( 789.1475670590345999, 80.87969486673715380, 20.24802596338841809 ) ) ;
#3994 = CARTESIAN_POINT ( 'NONE',  ( 1429.595962434660123, 740.9866454111677285, -100.2788536447001064 ) ) ;
#3995 = CARTESIAN_POINT ( 'NONE',  ( 789.9488310562575180, 72.39912767074221733, -0.6101852201497610650 ) ) ;
#3996 = CARTESIAN_POINT ( 'NONE',  ( 1082.624362420258421, 370.9215657883611357, 93.53798067922748771 ) ) ;
#3997 = CARTESIAN_POINT ( 'NONE',  ( 849.4215911512562798, 68.78612654520564718, -86.30524132536162085 ) ) ;
#3998 = CARTESIAN_POINT ( 'NONE',  ( 1004.850280992164244, 207.8776139476963465, -41.55050575825855219 ) ) ;
#3999 = CARTESIAN_POINT ( 'NONE',  ( 1387.719343548234065, 560.4312689943841406, -156.1572776838851837 ) ) ;
#4000 = CARTESIAN_POINT ( 'NONE',  ( 1249.408487998104874, 576.7072359050127943, 62.72907795719994084 ) ) ;
#4001 = CARTESIAN_POINT ( 'NONE',  ( 1136.738032290816818, 387.8803351130717942, 20.30017132297877680 ) ) ;
#4002 = CARTESIAN_POINT ( 'NONE',  ( 1205.702023639186564, 534.2444723633519743, 95.68298389693654826 ) ) ;
#4003 = CARTESIAN_POINT ( 'NONE',  ( 618.2659327265259890, 24.92866337013490963, 44.55696716978862781 ) ) ;
#4004 = CARTESIAN_POINT ( 'NONE',  ( 559.9999999999993179, -6.100709967876386308, -13.32189094329944368 ) ) ;
#4005 = CARTESIAN_POINT ( 'NONE',  ( 676.9570041918022980, 10.30689332446607764, -57.68654281503423675 ) ) ;
#4006 = CARTESIAN_POINT ( 'NONE',  ( 1463.079368462496859, 877.0778292635399112, -86.01066864826466940 ) ) ;
#4007 = CARTESIAN_POINT ( 'NONE',  ( 560.0000000000001137, -2.810309703868826947, -25.39291917019304634 ) ) ;
#4008 = CARTESIAN_POINT ( 'NONE',  ( 1418.047953499598407, 636.5781837880001603, -153.9236478209923860 ) ) ;
#4009 = CARTESIAN_POINT ( 'NONE',  ( 904.0998542297594440, 105.6292726762815306, -65.61845041376420795 ) ) ;
#4010 = CARTESIAN_POINT ( 'NONE',  ( 675.5849424149060951, 43.22416699698334241, 44.98594850184202443 ) ) ;
#4011 = CARTESIAN_POINT ( 'NONE',  ( 618.2125588810189356, 27.94893716803306916, 49.26094352004312071 ) ) ;
#4012 = CARTESIAN_POINT ( 'NONE',  ( 947.4650077320774244, 199.5506949940027255, 54.04923552186519231 ) ) ;
#4013 = PRODUCT_DEFINITION_FORMATION_WITH_SPECIFIED_SOURCE ( 'ANY', '', #3419, .NOT_KNOWN. ) ;
#4014 = CARTESIAN_POINT ( 'NONE',  ( 1306.489743515574901, 722.5052986913192399, 57.43896961114054278 ) ) ;
#4015 = CARTESIAN_POINT ( 'NONE',  ( 958.6104472562059300, 138.5606787492953345, -88.85505389419891742 ) ) ;
#4016 = CARTESIAN_POINT ( 'NONE',  ( 560.0000000000000000, 11.12095735864282098, 36.22323856434100264 ) ) ;
#4017 = CARTESIAN_POINT ( 'NONE',  ( 1438.479478315462302, 843.1574440255717491, -75.62649206126216939 ) ) ;
#4018 = CARTESIAN_POINT ( 'NONE',  ( 560.0000000000000000, 5.952327976422812306, -1.630198811909351564 ) ) ;
#4019 = CARTESIAN_POINT ( 'NONE',  ( 1037.026919078593664, 323.5059447547425862, 105.5993552821083910 ) ) ;
#4020 = CARTESIAN_POINT ( 'NONE',  ( 1397.364067984578469, 1010.712738312809847, 53.38179061375753776 ) ) ;
#4021 = CARTESIAN_POINT ( 'NONE',  ( 787.4556545197226569, 98.75880356050548414, 60.70131654950883870 ) ) ;
#4022 = CARTESIAN_POINT ( 'NONE',  ( 1281.022708057259251, 501.8830152773318218, -52.52173465696227339 ) ) ;
#4023 = CARTESIAN_POINT ( 'NONE',  ( 1036.501696300316326, 325.6411916425460049, 111.9493420661145251 ) ) ;
#4024 = CARTESIAN_POINT ( 'NONE',  ( 1255.672894450825197, 404.4862583759963854, -124.7567705793389337 ) ) ;
#4025 = CARTESIAN_POINT ( 'NONE',  ( 1390.594131831914865, 987.1846824165065755, 54.48230106059458677 ) ) ;
#4026 = CARTESIAN_POINT ( 'NONE',  ( 1376.397628219894159, 1008.749013818841945, 94.32667911693332030 ) ) ;
#4027 = CARTESIAN_POINT ( 'NONE',  ( 1362.135981789129573, 739.5128824852000662, -0.4114018042096513894 ) ) ;
#4028 = CARTESIAN_POINT ( 'NONE',  ( 1357.541485448841513, 970.4222633828413791, 103.1549199766115805 ) ) ;
#4029 = CARTESIAN_POINT ( 'NONE',  ( 1120.496737518871896, 235.5776120563352549, -133.5017095368370406 ) ) ;
#4030 = CARTESIAN_POINT ( 'NONE',  ( 1347.485796939543889, 640.6955386209064045, -61.73886699300540215 ) ) ;
#4031 = CARTESIAN_POINT ( 'NONE',  ( 1281.696355699375999, 643.9095966757457745, 64.27845243736234693 ) ) ;
#4032 = CARTESIAN_POINT ( 'NONE',  ( 1286.799857120486877, 632.8155754242660578, 24.18109649910464043 ) ) ;
#4033 = CARTESIAN_POINT ( 'NONE',  ( 675.8184807804524326, 37.68326115914803154, 31.62599824522251168 ) ) ;
#4034 = CARTESIAN_POINT ( 'NONE',  ( 559.9999999999996589, 8.175260843528688426, 31.41779072671575790 ) ) ;
#4035 = CARTESIAN_POINT ( 'NONE',  ( 1386.564455944568863, 694.5426415315598661, -64.43214759410822978 ) ) ;
#4036 = CARTESIAN_POINT ( 'NONE',  ( 1471.387019613699294, 864.4582645607603126, -103.8735230850497402 ) ) ;
#4037 = CARTESIAN_POINT ( 'NONE',  ( 1373.251156933867151, 589.2863949129771299, -129.2927037170886422 ) ) ;
#4038 = CARTESIAN_POINT ( 'NONE',  ( 618.7438418280537462, -2.946424517821506495, -40.91887972053721967 ) ) ;
#4039 = CARTESIAN_POINT ( 'NONE',  ( 1460.235176154724059, 917.8647288880625865, -65.90393882658305813 ) ) ;
#4040 = CARTESIAN_POINT ( 'NONE',  ( 1231.451495591318917, 619.2055962207540460, 128.3234828469809088 ) ) ;
#4041 = CARTESIAN_POINT ( 'NONE',  ( 1385.087156182207536, 1028.843273242281384, 83.18145479292556388 ) ) ;
#4042 = CARTESIAN_POINT ( 'NONE',  ( 1349.964493979883400, 876.9307998901989549, 90.09295216069718037 ) ) ;
#4043 = CARTESIAN_POINT ( 'NONE',  ( 1212.959218117111050, 345.1266244324839363, -128.0023292346565995 ) ) ;
#4044 = CARTESIAN_POINT ( 'NONE',  ( 1297.379486631425834, 858.7214675009388429, 166.3483291871250174 ) ) ;
#4045 = CARTESIAN_POINT ( 'NONE',  ( 789.6860501815616544, 74.99764792369664690, -27.46714153983886675 ) ) ;
#4046 = CARTESIAN_POINT ( 'NONE',  ( 1265.656362708841925, 538.2522006694669017, 3.292936372655143717 ) ) ;
#4047 = CARTESIAN_POINT ( 'NONE',  ( 1305.423964553367796, 843.9073278752480292, 139.4393253187955111 ) ) ;
#4048 = CARTESIAN_POINT ( 'NONE',  ( 1394.518197617249825, 1014.915517719403169, 66.13177043157170942 ) ) ;
#4049 = CARTESIAN_POINT ( 'NONE',  ( 618.6227557125415615, 4.266460186575203650, -14.83198525315676619 ) ) ;
#4050 = CARTESIAN_POINT ( 'NONE',  ( 1374.193214850432241, 1012.097632235207129, 94.40975371800381311 ) ) ;
#4051 = CARTESIAN_POINT ( 'NONE',  ( 1475.645786374691397, 784.7275878262803417, -142.1163602532136281 ) ) ;
#4052 = CARTESIAN_POINT ( 'NONE',  ( 1219.589410076199101, 498.1521346516203153, 12.53686189791507921 ) ) ;
#4053 = CARTESIAN_POINT ( 'NONE',  ( 791.1565528449041267, 59.46784728981320001, -57.40963718145234651 ) ) ;
#4054 = CARTESIAN_POINT ( 'NONE',  ( 618.2265928254010987, 26.81013384073778028, 29.05712265576818965 ) ) ;
#4055 = CARTESIAN_POINT ( 'NONE',  ( 1195.459758978679929, 560.8325737285839523, 138.2040510159614541 ) ) ;
#4056 = CARTESIAN_POINT ( 'NONE',  ( 898.2050027520258482, 144.3063190297824008, 19.10298192291966757 ) ) ;
#4057 = CARTESIAN_POINT ( 'NONE',  ( 1451.164810600261490, 823.2186665158051255, -89.43530874228822825 ) ) ;
#4058 = CARTESIAN_POINT ( 'NONE',  ( 618.5471386097683535, 8.709434869668928769, -0.1964238373378722480 ) ) ;
#4059 = CARTESIAN_POINT ( 'NONE',  ( 734.8899900265147380, 26.82429355944395155, -57.19448724978830256 ) ) ;
#4060 = CARTESIAN_POINT ( 'NONE',  ( 1123.210503885810340, 430.9950421951022008, 104.6281552906004748 ) ) ;
#4061 = CARTESIAN_POINT ( 'NONE',  ( 618.7296557234200236, -2.375165018954080942, -49.29275994251533177 ) ) ;
#4062 = CARTESIAN_POINT ( 'NONE',  ( 1382.147788378339555, 702.6580867384088833, -71.25123888822523099 ) ) ;
#4063 = CARTESIAN_POINT ( 'NONE',  ( 1337.845421297499570, 784.2296002221200979, 63.83729603249108209 ) ) ;
#4064 = CARTESIAN_POINT ( 'NONE',  ( 896.6472685620653920, 154.3972978789863078, 7.431864167713572833 ) ) ;
#4065 = CARTESIAN_POINT ( 'NONE',  ( 990.1654758081933778, 276.4548527099821058, 115.7210737405838046 ) ) ;
#4066 = CARTESIAN_POINT ( 'NONE',  ( 1273.445309162183548, 661.8007398650971709, 91.20387677132556803 ) ) ;
#4067 = CARTESIAN_POINT ( 'NONE',  ( 560.0000000000000000, -6.611713623125856643, -15.26791103790021253 ) ) ;
#4068 = CARTESIAN_POINT ( 'NONE',  ( 618.7360862249133788, -2.733388133447841373, -49.45533790951381548 ) ) ;
#4069 = CARTESIAN_POINT ( 'NONE',  ( 1251.567242918598595, 415.1418890084661939, -110.6062453865567932 ) ) ;
#4070 = CARTESIAN_POINT ( 'NONE',  ( 1066.458156101344230, 204.1954664273122830, -101.3247260036236668 ) ) ;
#4071 = CARTESIAN_POINT ( 'NONE',  ( 904.7219819964269618, 101.5446483360952641, -74.77939177015217354 ) ) ;
#4072 = CARTESIAN_POINT ( 'NONE',  ( 893.9986611475637801, 171.8772972620135988, 76.04584105573033526 ) ) ;
#4073 = CARTESIAN_POINT ( 'NONE',  ( 675.3302797521539560, 49.24626063580488022, 57.55438014941212543 ) ) ;
#4074 = CARTESIAN_POINT ( 'NONE',  ( 1356.221037733224421, 866.2496381797177492, 75.01751985005948598 ) ) ;
#4075 = CARTESIAN_POINT ( 'NONE',  ( 579.5119906987981722, -8.488196786302928842, -36.37015150764214866 ) ) ;
#4076 = CARTESIAN_POINT ( 'NONE',  ( 848.0770532934923267, 79.68858925873310284, -72.34277751310287385 ) ) ;
#4077 = CARTESIAN_POINT ( 'NONE',  ( 786.6380379938177612, 107.3817696969726256, 76.24353467772300519 ) ) ;
#4078 = CARTESIAN_POINT ( 'NONE',  ( 1347.485796939543889, 640.6955386209064045, -61.73886699300540215 ) ) ;
#4079 = CARTESIAN_POINT ( 'NONE',  ( 1386.124701599000446, 815.1984320094040868, 2.984986316162475894 ) ) ;
#4080 = CARTESIAN_POINT ( 'NONE',  ( 1302.737217171293651, 848.8549239133341189, 148.4231085456853521 ) ) ;
#4081 = CALENDAR_DATE ( 2026, 20, 9 ) ;
#4082 = CARTESIAN_POINT ( 'NONE',  ( 618.3083392318483220, 22.51281273277210460, 38.67411476839829731 ) ) ;
#4083 = CARTESIAN_POINT ( 'NONE',  ( 734.2029394122364465, 37.07914317294652307, -27.87506089761664896 ) ) ;
#4084 = CARTESIAN_POINT ( 'NONE',  ( 618.2092725201943040, 28.10128822518732861, 47.28616161528105266 ) ) ;
#4085 = CARTESIAN_POINT ( 'NONE',  ( 559.9999999999998863, -9.953136958728451944, -36.59818843234924657 ) ) ;
#4086 = CARTESIAN_POINT ( 'NONE',  ( 676.4357780747275228, 22.63504767138303464, -38.20061205019420214 ) ) ;
#4087 = CARTESIAN_POINT ( 'NONE',  ( 993.0163108891938464, 263.1106956247038511, 72.61854174258046157 ) ) ;
#4088 = CARTESIAN_POINT ( 'NONE',  ( 1081.523517486085439, 374.8886688303757069, 118.5661365905688314 ) ) ;
#4089 = CARTESIAN_POINT ( 'NONE',  ( 1401.463832973012813, 901.3647234739995611, 17.67751388976417815 ) ) ;
#4090 = CARTESIAN_POINT ( 'NONE',  ( 1159.790937278863566, 314.4999845725016030, -76.56661183743609911 ) ) ;
#4091 = CARTESIAN_POINT ( 'NONE',  ( 952.8637154370603639, 170.0452030589659671, -5.754645608830487369 ) ) ;
#4092 = CARTESIAN_POINT ( 'NONE',  ( 905.1328502288474738, 98.84693298882260137, -80.81535296413333924 ) ) ;
#4093 = CARTESIAN_POINT ( 'NONE',  ( 1282.505449845016074, 770.3771386255561993, 137.0220371737897551 ) ) ;
#4094 = CARTESIAN_POINT ( 'NONE',  ( 961.0489305577399364, 125.2548173489560526, -105.6827271930295495 ) ) ;
#4095 = CARTESIAN_POINT ( 'NONE',  ( 1146.827134217566254, 355.7397668660568684, -33.89537717401612582 ) ) ;
#4096 = CARTESIAN_POINT ( 'NONE',  ( 1334.474110871425410, 790.4358502920326828, 72.78093225038011838 ) ) ;
#4097 = CARTESIAN_POINT ( 'NONE',  ( 897.0605393184129071, 151.6856659657987620, 1.356635932541788492 ) ) ;
#4098 = CARTESIAN_POINT ( 'NONE',  ( 1296.713879743305597, 859.9480330188706603, 169.8184958536286331 ) ) ;
#4099 = CARTESIAN_POINT ( 'NONE',  ( 560.0000000000004547, 4.296392203033371437, 21.34723040437809516 ) ) ;
#4100 = CARTESIAN_POINT ( 'NONE',  ( 1389.979468992019747, 688.2560324524038151, -73.30029171048141734 ) ) ;
#4101 = CARTESIAN_POINT ( 'NONE',  ( 1367.203827538367932, 601.3519953756377845, -113.9974518477492325 ) ) ;
#4102 = CARTESIAN_POINT ( 'NONE',  ( 904.8933598937743454, 100.4187230213080113, -77.38255796973956535 ) ) ;
#4103 = CARTESIAN_POINT ( 'NONE',  ( 1302.902723413054218, 450.0969486356850666, -130.6760281099011820 ) ) ;
#4104 = CARTESIAN_POINT ( 'NONE',  ( 1289.218617035575789, 756.9918006201133949, 129.1339751136646612 ) ) ;
#4105 = CARTESIAN_POINT ( 'NONE',  ( 840.4409562305734198, 141.8683117322187002, 85.23378730295212335 ) ) ;
#4106 = CARTESIAN_POINT ( 'NONE',  ( 788.6034884278669779, 86.63333668967349865, 33.80152405816208017 ) ) ;
#4107 = CARTESIAN_POINT ( 'NONE',  ( 1231.951637996448653, 466.0582002099012016, -37.56889311259541131 ) ) ;
#4108 = CARTESIAN_POINT ( 'NONE',  ( 560.0000000000000000, 0.7938912338159422877, -16.90826886564088127 ) ) ;
#4109 = CARTESIAN_POINT ( 'NONE',  ( 560.0000000000003411, 11.21809415571452284, 32.71734981125487707 ) ) ;
#4110 = PERSON_AND_ORGANIZATION ( #5790, #2188 ) ;
#4111 = CARTESIAN_POINT ( 'NONE',  ( 732.3158115524945515, 65.14797982523396058, 44.85132551299294335 ) ) ;
#4112 = CARTESIAN_POINT ( 'NONE',  ( 1324.210688685065634, 551.7218123273588617, -73.64741594067295694 ) ) ;
#4113 = CARTESIAN_POINT ( 'NONE',  ( 1323.019279701618871, 922.9287621156694286, 149.2327800680261305 ) ) ;
#4114 = CARTESIAN_POINT ( 'NONE',  ( 559.9999999999998863, -1.813563996770436448, -23.18817330829897472 ) ) ;
#4115 = CARTESIAN_POINT ( 'NONE',  ( 1196.931327474426553, 556.9921376308558365, 116.3888586899605144 ) ) ;
#4116 = CARTESIAN_POINT ( 'NONE',  ( 731.9233628435721357, 70.96441050068291645, 58.03679884362664865 ) ) ;
#4117 = CARTESIAN_POINT ( 'NONE',  ( 733.2797792796086469, 50.82790037918051951, 9.403004096005870949 ) ) ;
#4118 = CARTESIAN_POINT ( 'NONE',  ( 1061.261352073100625, 225.2736195328631368, -62.42211791619552486 ) ) ;
#4119 = CARTESIAN_POINT ( 'NONE',  ( 1421.379251970721953, 940.4213506036369381, -0.1314348346203946527 ) ) ;
#4120 = CARTESIAN_POINT ( 'NONE',  ( 1464.546946467457246, 874.8485289426445206, -88.95297128692183719 ) ) ;
#4121 = CARTESIAN_POINT ( 'NONE',  ( 1390.804654314297977, 1020.399675922217625, 68.83070832160009900 ) ) ;
#4122 = CARTESIAN_POINT ( 'NONE',  ( 618.3685259037598598, 18.35464889993858861, -5.380385721804463728 ) ) ;
#4123 = CARTESIAN_POINT ( 'NONE',  ( 618.6476507025955698, 2.282883562917719100, -42.70199951685597028 ) ) ;
#4124 = CARTESIAN_POINT ( 'NONE',  ( 560.0000000000004547, 8.407505835166652730, 7.706951132067673349 ) ) ;
#4125 = CARTESIAN_POINT ( 'NONE',  ( 731.5940139100922579, 75.83833068729066440, 66.80544003981175649 ) ) ;
#4126 = CARTESIAN_POINT ( 'NONE',  ( 1352.050582994653041, 873.3695215916865209, 85.06485675591511608 ) ) ;
#4127 = CARTESIAN_POINT ( 'NONE',  ( 1200.731550624802367, 380.1901565979815700, -57.31330514273577137 ) ) ;
#4128 = CARTESIAN_POINT ( 'NONE',  ( 1299.432700966166294, 736.5897943286712461, 79.75720995120764201 ) ) ;
#4129 = CARTESIAN_POINT ( 'NONE',  ( 1450.196402868952873, 932.6899823912777947, -53.09884494941945121 ) ) ;
#4130 = CARTESIAN_POINT ( 'NONE',  ( 1381.942606740163455, 571.9584664584043594, -139.9976794194902254 ) ) ;
#4131 = CARTESIAN_POINT ( 'NONE',  ( 618.7344502342203896, -2.373363882372865330, -38.50886321922673972 ) ) ;
#4132 = CARTESIAN_POINT ( 'NONE',  ( 1290.776716905874309, 753.8825797891372531, 124.5645038239072449 ) ) ;
#4133 = CARTESIAN_POINT ( 'NONE',  ( 731.5940139100922579, 75.83833068729066440, 66.80544003981175649 ) ) ;
#4134 = CARTESIAN_POINT ( 'NONE',  ( 1210.596290462643310, 521.5391027858630650, 75.54012987528579970 ) ) ;
#4135 = CARTESIAN_POINT ( 'NONE',  ( 792.4275062046407356, 46.13196181448773814, -67.72661392994535845 ) ) ;
#4136 = CARTESIAN_POINT ( 'NONE',  ( 1437.879534692665629, 950.8795248663360553, -30.18669393028281789 ) ) ;
#4137 = CARTESIAN_POINT ( 'NONE',  ( 676.3431460832882749, 25.17139753712647732, -2.755026380788066387 ) ) ;
#4138 = CARTESIAN_POINT ( 'NONE',  ( 1079.342755695835649, 382.6686833902805915, 123.3182470008077729 ) ) ;
#4139 = CARTESIAN_POINT ( 'NONE',  ( 894.6906868559433406, 167.3433320797134343, 67.04619763155608325 ) ) ;
#4140 = CARTESIAN_POINT ( 'NONE',  ( 1292.131525207178129, 475.5623475864311445, -110.0734286328375191 ) ) ;
#4141 = CARTESIAN_POINT ( 'NONE',  ( 893.2805924202008327, 176.5196721741392309, 66.59500625386714034 ) ) ;
#4142 = CARTESIAN_POINT ( 'NONE',  ( 1160.513677512809636, 495.4185719501264771, 131.7432214390446461 ) ) ;
#4143 = CARTESIAN_POINT ( 'NONE',  ( 618.5074184071214631, 11.02987780795969464, 7.090166576970714729 ) ) ;
#4144 = CARTESIAN_POINT ( 'NONE',  ( 1307.634674203051645, 839.8448864024383056, 144.1736008771832758 ) ) ;
#4145 = CARTESIAN_POINT ( 'NONE',  ( 1329.788480738865928, 539.6269258667210806, -91.46196391811608351 ) ) ;
#4146 = CARTESIAN_POINT ( 'NONE',  ( 845.8575192068757360, 97.84986246437635771, -9.846262631828317069 ) ) ;
#4147 = CARTESIAN_POINT ( 'NONE',  ( 1305.796096167163341, 443.2490202108663766, -140.8341301380443440 ) ) ;
#4148 = CARTESIAN_POINT ( 'NONE',  ( 1159.190318635783115, 499.1930250431687455, 125.2425813803115489 ) ) ;
#4149 = CARTESIAN_POINT ( 'NONE',  ( 732.9084022447859752, 56.11477469054224088, -11.58157507122072616 ) ) ;
#4150 = CARTESIAN_POINT ( 'NONE',  ( 618.6569523838668374, 1.751580011391450142, -43.54023243421917755 ) ) ;
#4151 = CARTESIAN_POINT ( 'NONE',  ( 1345.038703593488208, 770.9708203321347355, 23.98303411903973625 ) ) ;
#4152 = CARTESIAN_POINT ( 'NONE',  ( 1371.118392811332797, 1016.768228555464248, 103.3585987343458470 ) ) ;
#4153 = CARTESIAN_POINT ( 'NONE',  ( 579.3918143627328163, 8.107253450945192341, 21.26930701322775619 ) ) ;
#4154 = CARTESIAN_POINT ( 'NONE',  ( 1421.132689384543710, 755.4343786291491369, -80.38436476247878204 ) ) ;
#4155 = CARTESIAN_POINT ( 'NONE',  ( 579.3372527483762724, 15.79996181236659858, 21.83376933156879574 ) ) ;
#4156 = CARTESIAN_POINT ( 'NONE',  ( 849.5028337427859242, 68.13306044170056452, -86.15986940436927455 ) ) ;
#4157 = CARTESIAN_POINT ( 'NONE',  ( 1204.785527987322894, 368.5371709574221768, -96.33657788177650616 ) ) ;
#4158 = CARTESIAN_POINT ( 'NONE',  ( 849.1700120747229903, 70.88254523416220820, -73.75891813421101517 ) ) ;
#4159 = CARTESIAN_POINT ( 'NONE',  ( 1381.942606740163455, 571.9584664584043594, -139.9976794194902254 ) ) ;
#4160 = CARTESIAN_POINT ( 'NONE',  ( 994.1141019202814277, 258.0472820628217505, 84.10003758397769502 ) ) ;
#4161 = CARTESIAN_POINT ( 'NONE',  ( 1296.893277168659552, 859.6180084558187673, 169.7690593649009543 ) ) ;
#4162 = CARTESIAN_POINT ( 'NONE',  ( 579.5132263227496878, -8.647670992191688555, -38.50710675798501370 ) ) ;
#4163 = CARTESIAN_POINT ( 'NONE',  ( 1448.044780892875906, 709.4872658717325749, -149.6135229841695207 ) ) ;
#4164 = CARTESIAN_POINT ( 'NONE',  ( 1387.719343548234065, 560.4312689943841406, -156.1572776838851837 ) ) ;
#4165 = CARTESIAN_POINT ( 'NONE',  ( 952.3426628413172921, 172.7905484314260036, -31.54778730076564131 ) ) ;
#4166 = CARTESIAN_POINT ( 'NONE',  ( 733.5988345103235133, 46.07936676578842139, -3.227471015657111586 ) ) ;
#4167 = CARTESIAN_POINT ( 'NONE',  ( 731.6090598613592419, 75.57797242671003346, 59.58723060250203929 ) ) ;
#4168 = PERSON_AND_ORGANIZATION ( #5790, #2188 ) ;
#4169 = CARTESIAN_POINT ( 'NONE',  ( 945.6090546118302882, 209.6893060729055946, 73.81146729531829465 ) ) ;
#4170 = CARTESIAN_POINT ( 'NONE',  ( 1009.368934968275767, 186.8079112480412505, -76.57556347627370030 ) ) ;
#4171 = CARTESIAN_POINT ( 'NONE',  ( 1359.434873186040932, 967.4445910104360564, 98.37906585919807867 ) ) ;
#4172 = CARTESIAN_POINT ( 'NONE',  ( 675.4782242910389414, 45.75014077387605482, 50.96186159963190221 ) ) ;
#4173 = CARTESIAN_POINT ( 'NONE',  ( 1255.148045047004416, 563.1231983643971262, 41.76325139484995930 ) ) ;
#4174 = CARTESIAN_POINT ( 'NONE',  ( 992.4637455418594527, 265.7423785169539201, 98.45164115547169104 ) ) ;
#4175 = CARTESIAN_POINT ( 'NONE',  ( 1009.470247455780623, 186.4085547210535765, -53.86071189220380973 ) ) ;
#4176 = CARTESIAN_POINT ( 'NONE',  ( 848.2679557402711907, 78.22977422534405889, -56.11867997066226366 ) ) ;
#4177 = CARTESIAN_POINT ( 'NONE',  ( 1340.820213954922338, 654.0190281293686212, -22.09944247314821908 ) ) ;
#4178 = CARTESIAN_POINT ( 'NONE',  ( 1463.439742326499982, 913.1322277634781130, -72.16888130148002745 ) ) ;
#4179 = CARTESIAN_POINT ( 'NONE',  ( 731.6306682473509682, 75.24111250774727466, 56.28965293824319360 ) ) ;
#4180 = CARTESIAN_POINT ( 'NONE',  ( 675.9223183902893197, 34.85007433930423559, -9.928411889122049416 ) ) ;
#4181 = CARTESIAN_POINT ( 'NONE',  ( 1116.965279030943066, 248.1883953352546257, -118.5677682452728305 ) ) ;
#4182 = CARTESIAN_POINT ( 'NONE',  ( 1283.550909761559069, 639.8609743716142475, 35.03699867640144561 ) ) ;
#4183 = CARTESIAN_POINT ( 'NONE',  ( 579.3317820397062405, 16.46557557533687444, 40.90836509272201482 ) ) ;
#4184 = CARTESIAN_POINT ( 'NONE',  ( 1210.596290462643310, 521.5391027858630650, 75.54012987528579970 ) ) ;
#4185 = CARTESIAN_POINT ( 'NONE',  ( 560.0000000000000000, -7.306143440316727578, -17.99644150207787519 ) ) ;
#4186 = CARTESIAN_POINT ( 'NONE',  ( 560.0000000000000000, -0.5983406224695474451, 6.391247901603342996 ) ) ;
#4187 = CARTESIAN_POINT ( 'NONE',  ( 1346.010751082132856, 883.6694252776876510, 84.06284030113117467 ) ) ;
#4188 = CARTESIAN_POINT ( 'NONE',  ( 1471.056535085618634, 864.9603060202980487, -102.7481113372173098 ) ) ;
#4189 = CARTESIAN_POINT ( 'NONE',  ( 1445.744786128017267, 831.7347955381836755, -89.90731193994696469 ) ) ;
#4190 = CARTESIAN_POINT ( 'NONE',  ( 676.9581523056195920, 10.40183401118332363, -48.59416937753172050 ) ) ;
#4191 = CARTESIAN_POINT ( 'NONE',  ( 903.4734092995668107, 109.7410597518720152, -56.52975557570386655 ) ) ;
#4192 = CARTESIAN_POINT ( 'NONE',  ( 1040.225633846793698, 310.5658382220577209, 94.41125063757979774 ) ) ;
#4193 = CARTESIAN_POINT ( 'NONE',  ( 1385.343492047398968, 1028.464716612375469, 83.59798377448882434 ) ) ;
#4194 = CARTESIAN_POINT ( 'NONE',  ( 1170.857153533763949, 279.2403206014201373, -135.9318499774739450 ) ) ;
#4195 = CARTESIAN_POINT ( 'NONE',  ( 791.9426512993611595, 51.18050652200265205, -70.30832103717582982 ) ) ;
#4196 = CARTESIAN_POINT ( 'NONE',  ( 792.4668450311036167, 45.71383494758506316, -68.96482080548837246 ) ) ;
#4197 = CARTESIAN_POINT ( 'NONE',  ( 1466.603771817223560, 871.7241411072902793, -97.17177547498816637 ) ) ;
#4198 = CARTESIAN_POINT ( 'NONE',  ( 1063.370290284450220, 216.7203779690357806, -78.19483571235909380 ) ) ;
#4199 = CARTESIAN_POINT ( 'NONE',  ( 1432.502444495322152, 958.8204079818341370, -19.83682056840113361 ) ) ;
#4200 = CARTESIAN_POINT ( 'NONE',  ( 733.5288862571636628, 47.12081800748603655, -0.4154429281467395541 ) ) ;
#4201 = CARTESIAN_POINT ( 'NONE',  ( 1389.018565762460412, 1023.037370270563315, 73.28186848540877918 ) ) ;
#4202 = CARTESIAN_POINT ( 'NONE',  ( 1292.612367727111405, 750.2195246870234087, 119.1592652010328806 ) ) ;
#4203 = CARTESIAN_POINT ( 'NONE',  ( 846.9379522254764652, 88.93418374710628882, -57.08347713187424688 ) ) ;
#4204 = CARTESIAN_POINT ( 'NONE',  ( 840.8213629964717484, 138.7164594961492980, 62.69141500099960496 ) ) ;
#4205 = CARTESIAN_POINT ( 'NONE',  ( 1257.043893383669683, 697.3643529449977905, 144.9993654291568816 ) ) ;
#4206 = CARTESIAN_POINT ( 'NONE',  ( 1383.336488271943381, 819.9584050580097028, 9.675343856041060064 ) ) ;
#4207 = CARTESIAN_POINT ( 'NONE',  ( 1282.657279453081173, 770.0851767313429264, 148.8254713537723148 ) ) ;
#4208 = CARTESIAN_POINT ( 'NONE',  ( 618.6767320451349406, 1.073006649242071564, -25.84991946816163377 ) ) ;
#4209 = CARTESIAN_POINT ( 'NONE',  ( 733.7031403656021666, 44.52603491546479830, -7.448659828652245629 ) ) ;
#4210 = CARTESIAN_POINT ( 'NONE',  ( 1160.670072344975324, 494.9496650232322281, 115.9999375859097199 ) ) ;
#4211 = CARTESIAN_POINT ( 'NONE',  ( 1417.830797731582607, 875.6227280534604915, -33.53137100203153409 ) ) ;
#4212 = CARTESIAN_POINT ( 'NONE',  ( 734.5223373503256425, 32.18166832986683801, -59.60799160736926439 ) ) ;
#4213 = CARTESIAN_POINT ( 'NONE',  ( 1280.349289761497630, 646.8040245402181654, 45.97932551594914941 ) ) ;
#4214 = CARTESIAN_POINT ( 'NONE',  ( 786.8215159278452120, 105.4496505208363573, 74.44322002286737927 ) ) ;
#4215 = CARTESIAN_POINT ( 'NONE',  ( 675.9648299252507968, 34.20235244100678074, 22.64768243601723441 ) ) ;
#4216 = CARTESIAN_POINT ( 'NONE',  ( 1448.030367274223408, 899.9377136290282806, -55.33218763408044794 ) ) ;
#4217 = CARTESIAN_POINT ( 'NONE',  ( 945.4623863287698669, 210.4121561113726955, 48.99349518144804705 ) ) ;
#4218 = CARTESIAN_POINT ( 'NONE',  ( 1290.557063533260816, 479.2879735701953337, -105.0846660007592419 ) ) ;
#4219 = CARTESIAN_POINT ( 'NONE',  ( 1167.838286528318122, 288.8610058773447804, -119.4814038337200088 ) ) ;
#4220 = CARTESIAN_POINT ( 'NONE',  ( 579.4895569337867300, -5.407214317706091400, -23.99754210033650281 ) ) ;
#4221 = CARTESIAN_POINT ( 'NONE',  ( 1385.551947916310155, 994.8435247610350416, 74.84870625817136158 ) ) ;
#4222 = CARTESIAN_POINT ( 'NONE',  ( 1191.952179738402720, 569.9369682146447076, 152.1694844003519336 ) ) ;
#4223 = CARTESIAN_POINT ( 'NONE',  ( 1219.459139892336907, 326.5250049895752795, -143.9871624162711612 ) ) ;
#4224 = CARTESIAN_POINT ( 'NONE',  ( 1386.721089461112342, 562.4234119180665630, -153.3159295970040432 ) ) ;
#4225 = CARTESIAN_POINT ( 'NONE',  ( 1466.195067178502313, 909.0631659118140533, -80.41418510124941577 ) ) ;
#4226 = CARTESIAN_POINT ( 'NONE',  ( 791.8632053002078237, 52.11612139030986413, -52.19201594986110848 ) ) ;
#4227 = CARTESIAN_POINT ( 'NONE',  ( 1382.739671222268271, 820.9631334715553521, -7.711189680268963009 ) ) ;
#4228 = CARTESIAN_POINT ( 'NONE',  ( 1467.231148320440298, 907.5330819920113754, -81.95524059345267176 ) ) ;
#4229 = CARTESIAN_POINT ( 'NONE',  ( 1427.248014511751308, 966.5801465777548174, -0.07733509065233025448 ) ) ;
#4230 = CARTESIAN_POINT ( 'NONE',  ( 1386.091318628705494, 1027.360326830005988, 80.46644324111291269 ) ) ;
#4231 = CARTESIAN_POINT ( 'NONE',  ( 1313.931217798019134, 828.2533875576738183, 127.2384888366892284 ) ) ;
#4232 = CARTESIAN_POINT ( 'NONE',  ( 947.5554574368959493, 198.9591166736120442, 21.63426522198327362 ) ) ;
#4233 = CARTESIAN_POINT ( 'NONE',  ( 1156.660428832593425, 324.4211769133250414, -82.30942237128834904 ) ) ;
#4234 = CARTESIAN_POINT ( 'NONE',  ( 893.1401888142627286, 177.4444436991935845, 69.81026801260132686 ) ) ;
#4235 = CARTESIAN_POINT ( 'NONE',  ( 560.0000000000007958, 7.560657712240489658, 29.85231235208838640 ) ) ;
#4236 = CARTESIAN_POINT ( 'NONE',  ( 579.4378343458056406, 1.730200494793400434, 1.577058844945874005 ) ) ;
#4237 = CARTESIAN_POINT ( 'NONE',  ( 992.0973847886959902, 267.4503592078913243, 101.7867077905738995 ) ) ;
#4238 = CARTESIAN_POINT ( 'NONE',  ( 1148.888014758748341, 349.2347195019900710, -17.79445059157596631 ) ) ;
#4239 = CARTESIAN_POINT ( 'NONE',  ( 1148.888014758748341, 349.2347195019900710, -17.79445059157596631 ) ) ;
#4240 = CARTESIAN_POINT ( 'NONE',  ( 1350.388278452530585, 981.6715078831575738, 121.8114199125730863 ) ) ;
#4241 = CARTESIAN_POINT ( 'NONE',  ( 1424.532748620785924, 970.5900493832324401, -4.156601785054811593 ) ) ;
#4242 = CARTESIAN_POINT ( 'NONE',  ( 1114.998940920466339, 255.2106623873938815, -109.1869187299470951 ) ) ;
#4243 = CARTESIAN_POINT ( 'NONE',  ( 1392.932297563453176, 914.7715410532204032, 19.95434362879738188 ) ) ;
#4244 = CARTESIAN_POINT ( 'NONE',  ( 1156.789614974160486, 506.0856373114989992, 148.0900615333009682 ) ) ;
#4245 = CARTESIAN_POINT ( 'NONE',  ( 618.4201830175840087, 16.09451885121380599, 22.09967401663357123 ) ) ;
#4246 = CARTESIAN_POINT ( 'NONE',  ( 960.2782009622525266, 129.4599238602917524, -101.0429007028917709 ) ) ;
#4247 = CARTESIAN_POINT ( 'NONE',  ( 1247.305844939339522, 426.2349544133446670, -75.49485209721198942 ) ) ;
#4248 = CARTESIAN_POINT ( 'NONE',  ( 675.4238157343544344, 46.82609847089517530, 30.67012241834995123 ) ) ;
#4249 = CARTESIAN_POINT ( 'NONE',  ( 1107.822946971583860, 280.8450999821338314, -71.67840570012683088 ) ) ;
#4250 = CARTESIAN_POINT ( 'NONE',  ( 1305.796096167163341, 443.2490202108663766, -140.8341301380443440 ) ) ;
#4251 = CARTESIAN_POINT ( 'NONE',  ( 734.4727595189127669, 33.05505697252270636, -39.17335338830975644 ) ) ;
#4252 = CARTESIAN_POINT ( 'NONE',  ( 1292.612367727111405, 750.2195246870234087, 119.1592652010328806 ) ) ;
#4253 = CARTESIAN_POINT ( 'NONE',  ( 1386.730883853417254, 1026.415817344809284, 81.49130548824160769 ) ) ;
#4254 = CARTESIAN_POINT ( 'NONE',  ( 1218.812969914898986, 328.3782801688441282, -140.7136375319358876 ) ) ;
#4255 = CARTESIAN_POINT ( 'NONE',  ( 1468.881329694590022, 868.2646066433776468, -97.85465391285246994 ) ) ;
#4256 = CARTESIAN_POINT ( 'NONE',  ( 1458.805156280681558, 883.5706194143092489, -83.85581876031071147 ) ) ;
#4257 = CARTESIAN_POINT ( 'NONE',  ( 1067.101846233182187, 201.5503206997348684, -117.4847647889011313 ) ) ;
#4258 = CARTESIAN_POINT ( 'NONE',  ( 1449.079999889328747, 826.4966429238644423, -85.00163922231338631 ) ) ;
#4259 = CARTESIAN_POINT ( 'NONE',  ( 1302.604767870348496, 598.5720344469484644, -3.909988207025580476 ) ) ;
#4260 = CARTESIAN_POINT ( 'NONE',  ( 1079.008613398264515, 383.8650467096784382, 126.4528606200066605 ) ) ;
#4261 = CARTESIAN_POINT ( 'NONE',  ( 894.9153803770034301, 165.8714409543153749, 64.08997678129132680 ) ) ;
#4262 = CARTESIAN_POINT ( 'NONE',  ( 1013.801670617805939, 166.1478869723602259, -106.3967609837597053 ) ) ;
#4263 = CARTESIAN_POINT ( 'NONE',  ( 1250.583628549188006, 573.8908274370063509, 34.13769462293446821 ) ) ;
#4264 = CARTESIAN_POINT ( 'NONE',  ( 1288.991591641789228, 482.9923781635211526, -100.0820947733292314 ) ) ;
#4265 = CARTESIAN_POINT ( 'NONE',  ( 1121.339763516062931, 436.9611612180440261, 118.3054894573297702 ) ) ;
#4266 = CARTESIAN_POINT ( 'NONE',  ( 1333.383454063037334, 668.8594345569412098, -0.3963372221207973056 ) ) ;
#4267 = CARTESIAN_POINT ( 'NONE',  ( 992.6481575962028501, 264.8823754946064355, 96.77585306594411918 ) ) ;
#4268 = CARTESIAN_POINT ( 'NONE',  ( 1231.338273721717314, 467.6902269820864149, -10.15975716137792340 ) ) ;
#4269 = CARTESIAN_POINT ( 'NONE',  ( 733.8076129424188139, 42.97009174015867927, -11.66918832162015818 ) ) ;
#4270 = CARTESIAN_POINT ( 'NONE',  ( 990.9216028612244145, 272.9082896925317527, 101.2295645385036948 ) ) ;
#4271 = CARTESIAN_POINT ( 'NONE',  ( 905.8420875189730168, 94.16741282722902895, -95.09880636670241927 ) ) ;
#4272 = CARTESIAN_POINT ( 'NONE',  ( 1261.972801347701306, 546.9338645634353497, -7.963071685645691566 ) ) ;
#4273 = CARTESIAN_POINT ( 'NONE',  ( 618.6354926249973687, 2.961557248881745874, -41.55900326840985315 ) ) ;
#4274 = CARTESIAN_POINT ( 'NONE',  ( 1406.455272998238343, 997.2868529839539633, 33.24762767597227509 ) ) ;
#4275 = CARTESIAN_POINT ( 'NONE',  ( 892.6171124648416253, 180.9258058050951661, 93.38034860018703398 ) ) ;
#4276 = CARTESIAN_POINT ( 'NONE',  ( 843.5314413561791298, 116.7685907090064319, 33.49481413256526707 ) ) ;
#4277 = CARTESIAN_POINT ( 'NONE',  ( 1471.037812234146713, 791.9702282082472493, -136.2040625084501926 ) ) ;
#4278 = CARTESIAN_POINT ( 'NONE',  ( 1446.956014404894404, 937.4753858525352825, -39.62289382849773034 ) ) ;
#4279 = CARTESIAN_POINT ( 'NONE',  ( 1124.583831234784611, 426.6161533139521680, 95.02012542148861485 ) ) ;
#4280 = CARTESIAN_POINT ( 'NONE',  ( 1220.728956406319412, 322.8823975042981260, -151.3203373495707922 ) ) ;
#4281 = CARTESIAN_POINT ( 'NONE',  ( 1057.445425374096430, 240.6780476940330686, -60.41287597990314140 ) ) ;
#4282 = CARTESIAN_POINT ( 'NONE',  ( 1464.546946467457246, 874.8485289426445206, -88.95297128692183719 ) ) ;
#4283 = CARTESIAN_POINT ( 'NONE',  ( 990.7526740242529968, 273.7194737286041004, 112.4095206715259252 ) ) ;
#4284 = CARTESIAN_POINT ( 'NONE',  ( 1267.260548631672918, 374.4172521908674298, -160.0335308247023249 ) ) ;
#4285 = CARTESIAN_POINT ( 'NONE',  ( 849.4313856093970116, 68.75118746335297715, -79.22698229885941146 ) ) ;
#4286 = CARTESIAN_POINT ( 'NONE',  ( 579.5122914689943627, -8.509613883743593732, -39.34221098442092313 ) ) ;
#4287 = CARTESIAN_POINT ( 'NONE',  ( 1062.839178845502147, 218.8193698315020868, -94.15194994078591151 ) ) ;
#4288 = CARTESIAN_POINT ( 'NONE',  ( 1218.086462414751168, 330.4444944943937230, -145.7850408172122343 ) ) ;
#4289 = CARTESIAN_POINT ( 'NONE',  ( 1297.015257546583825, 464.0314035026594297, -109.8199033650234071 ) ) ;
#4290 = CARTESIAN_POINT ( 'NONE',  ( 842.1545748269273872, 127.9562273884957904, 57.62754790424635587 ) ) ;
#4291 = CARTESIAN_POINT ( 'NONE',  ( 1298.346106649177955, 856.9412672588974829, 162.9551736778401789 ) ) ;
#4292 = COORDINATED_UNIVERSAL_TIME_OFFSET ( 5, 30, .AHEAD. ) ;
#4293 = CARTESIAN_POINT ( 'NONE',  ( 1401.089325978435227, 1005.211279862495530, 52.84931064884696639 ) ) ;
#4294 = CARTESIAN_POINT ( 'NONE',  ( 1464.248785252565312, 911.9374337251560974, -77.40767070106947756 ) ) ;
#4295 = CARTESIAN_POINT ( 'NONE',  ( 1201.052203040886525, 379.2310195405762556, -81.03700096210174308 ) ) ;
#4296 = CARTESIAN_POINT ( 'NONE',  ( 1329.666199230319762, 676.2773741671894641, 10.45749006492146904 ) ) ;
#4297 = CARTESIAN_POINT ( 'NONE',  ( 1256.006807106302404, 699.6006620759426369, 135.8335116555421678 ) ) ;
#4298 = CARTESIAN_POINT ( 'NONE',  ( 1099.852322695162229, 309.3911305702064283, 3.299768784209371031 ) ) ;
#4299 = CARTESIAN_POINT ( 'NONE',  ( 1258.550363813787271, 694.0977939952050519, 139.8503326892885070 ) ) ;
#4300 = CARTESIAN_POINT ( 'NONE',  ( 1452.896025146738793, 701.2073728910544332, -158.0333730988277807 ) ) ;
#4301 = CARTESIAN_POINT ( 'NONE',  ( 1429.863316328938936, 962.7178706478712229, -5.358574383982203315 ) ) ;
#4302 = CARTESIAN_POINT ( 'NONE',  ( 1437.740100952246848, 951.0854405185640417, -21.19123968415808434 ) ) ;
#4303 = CARTESIAN_POINT ( 'NONE',  ( 1037.026919078593664, 323.5059447547425862, 105.5993552821083910 ) ) ;
#4304 = CARTESIAN_POINT ( 'NONE',  ( 1378.545064008726058, 828.1240729768954907, 2.304380913610952319 ) ) ;
#4305 = CARTESIAN_POINT ( 'NONE',  ( 1116.469577553196359, 249.9582867303938656, -116.2484195249315917 ) ) ;
#4306 = CARTESIAN_POINT ( 'NONE',  ( 894.7225569524904358, 167.0341821057225502, 38.21282482530045144 ) ) ;
#4307 = CARTESIAN_POINT ( 'NONE',  ( 1191.039662462995238, 572.3055847016348707, 155.3534794707212541 ) ) ;
#4308 = CARTESIAN_POINT ( 'NONE',  ( 1378.840488468148806, 936.9368219353798395, 67.02496215103647614 ) ) ;
#4309 =( GEOMETRIC_REPRESENTATION_CONTEXT ( 3 ) GLOBAL_UNCERTAINTY_ASSIGNED_CONTEXT ( ( #4543 ) ) GLOBAL_UNIT_ASSIGNED_CONTEXT ( ( #4510, #1644, #3570 ) ) REPRESENTATION_CONTEXT ( 'NONE', 'WORKASPACE' ) );
#4310 = CARTESIAN_POINT ( 'NONE',  ( 579.4895569337867300, -5.407214317706091400, -23.99754210033650281 ) ) ;
#4311 = CARTESIAN_POINT ( 'NONE',  ( 1342.767864661107751, 889.2062780790344050, 92.75477539917569914 ) ) ;
#4312 = CARTESIAN_POINT ( 'NONE',  ( 1121.267475248833080, 232.8284821826348150, -135.3183679606837302 ) ) ;
#4313 = CARTESIAN_POINT ( 'NONE',  ( 1447.432157344354209, 936.7722182861105011, -48.05719908954616670 ) ) ;
#4314 = CARTESIAN_POINT ( 'NONE',  ( 1419.323518475059473, 634.2380675043336851, -148.5409327275852434 ) ) ;
#4315 = CARTESIAN_POINT ( 'NONE',  ( 1191.039662462995238, 572.3055847016348707, 155.3534794707212541 ) ) ;
#4316 = CARTESIAN_POINT ( 'NONE',  ( 1068.534997758458076, 195.7453937896436287, -124.1603827723245956 ) ) ;
#4317 = CARTESIAN_POINT ( 'NONE',  ( 1311.970416402069759, 428.6316614896809369, -163.6525407513316281 ) ) ;
#4318 = CARTESIAN_POINT ( 'NONE',  ( 734.2081091163705651, 36.82872493336027020, -52.12837950783322327 ) ) ;
#4319 = CARTESIAN_POINT ( 'NONE',  ( 618.6997552603895656, -0.6770846753520052275, -47.24780171723913469 ) ) ;
#4320 = CARTESIAN_POINT ( 'NONE',  ( 958.1836653411673979, 140.9576779596984579, -65.78354352857330412 ) ) ;
#4321 = CARTESIAN_POINT ( 'NONE',  ( 842.3097527412617183, 126.6961819896611985, 54.96956092273743621 ) ) ;
#4322 = CARTESIAN_POINT ( 'NONE',  ( 559.9999999999989768, 11.21111004859621474, 35.01788384694589951 ) ) ;
#4323 = PERSON_AND_ORGANIZATION_ROLE ( 'design_supplier' ) ;
#4324 = CARTESIAN_POINT ( 'NONE',  ( 1127.983720120818134, 415.8245701909671084, 95.37118728555357450 ) ) ;
#4325 = CARTESIAN_POINT ( 'NONE',  ( 1136.738032290816818, 387.8803351130717942, 20.30017132297877680 ) ) ;
#4326 = CARTESIAN_POINT ( 'NONE',  ( 1450.196402868952873, 932.6899823912777947, -53.09884494941945121 ) ) ;
#4327 = CARTESIAN_POINT ( 'NONE',  ( 1098.959831137703986, 312.5809776433740126, 8.957709667086867000 ) ) ;
#4328 = CARTESIAN_POINT ( 'NONE',  ( 579.3304026052898053, 16.71268568933085774, 31.26365001441004665 ) ) ;
#4329 = CARTESIAN_POINT ( 'NONE',  ( 1329.666199230319762, 676.2773741671894641, 10.45749006492146904 ) ) ;
#4330 = CARTESIAN_POINT ( 'NONE',  ( 1332.246273068644086, 907.1796875198627959, 132.9508621513755884 ) ) ;
#4331 = CARTESIAN_POINT ( 'NONE',  ( 676.3946678692167325, 23.93839251984172378, -6.404151771932776960 ) ) ;
#4332 = CARTESIAN_POINT ( 'NONE',  ( 791.8632053002078237, 52.11612139030986413, -52.19201594986110848 ) ) ;
#4333 = CARTESIAN_POINT ( 'NONE',  ( 1224.698779330678235, 635.1739298374462805, 142.7733819077062378 ) ) ;
#4334 = CARTESIAN_POINT ( 'NONE',  ( 1186.402741638516773, 421.1991526631022680, -16.93545166438817517 ) ) ;
#4335 = CARTESIAN_POINT ( 'NONE',  ( 1258.553550098307142, 397.0103434268089586, -134.3105235702967661 ) ) ;
#4336 = CARTESIAN_POINT ( 'NONE',  ( 1242.346585985229467, 593.3891192996304653, 66.25397187257537723 ) ) ;
#4337 = CARTESIAN_POINT ( 'NONE',  ( 1386.730883853417254, 1026.415817344809284, 81.49130548824160769 ) ) ;
#4338 = CARTESIAN_POINT ( 'NONE',  ( 676.0210611613067613, 32.86266035500473492, 19.03788588302697349 ) ) ;
#4339 = CARTESIAN_POINT ( 'NONE',  ( 1398.870560056072236, 671.8886686734200566, -96.31179423165146147 ) ) ;
#4340 = CARTESIAN_POINT ( 'NONE',  ( 560.0000000000000000, 7.984417080040413950, 30.90386929816944317 ) ) ;
#4341 = CARTESIAN_POINT ( 'NONE',  ( 1290.837807923988066, 753.7446758600153771, 108.0659047875297887 ) ) ;
#4342 = CARTESIAN_POINT ( 'NONE',  ( 1427.208506320447441, 619.7202106996787734, -170.5288789201803752 ) ) ;
#4343 = CARTESIAN_POINT ( 'NONE',  ( 1242.234887620887093, 439.3646255779977423, -76.88862145550922378 ) ) ;
#4344 = CARTESIAN_POINT ( 'NONE',  ( 1264.600422860567960, 381.3336917123097010, -144.9203040073726072 ) ) ;
#4345 = CARTESIAN_POINT ( 'NONE',  ( 789.0821152367394689, 81.38427757403717067, -13.24870658800459111 ) ) ;
#4346 = CARTESIAN_POINT ( 'NONE',  ( 786.9800981114427714, 103.7766116069037139, 71.42870532307880183 ) ) ;
#4347 = CARTESIAN_POINT ( 'NONE',  ( 734.8817226786536594, 26.86566375759110770, -66.61147263600199153 ) ) ;
#4348 = CARTESIAN_POINT ( 'NONE',  ( 905.7218537612681075, 94.97409691314229008, -90.33546531970294780 ) ) ;
#4349 = CARTESIAN_POINT ( 'NONE',  ( 1446.539894579650536, 712.0552626539607672, -146.8554917930129591 ) ) ;
#4350 = CARTESIAN_POINT ( 'NONE',  ( 1258.465567255031829, 397.2614883580268952, -120.4866283313959343 ) ) ;
#4351 = CARTESIAN_POINT ( 'NONE',  ( 1014.882941436587203, 161.1089569461686040, -112.5764718785365375 ) ) ;
#4352 = CARTESIAN_POINT ( 'NONE',  ( 1392.005745754158170, 1018.625904907619201, 71.33839278708440190 ) ) ;
#4353 = CARTESIAN_POINT ( 'NONE',  ( 1299.504146181071746, 854.8086554098937313, 159.0867488364495443 ) ) ;
#4354 = CARTESIAN_POINT ( 'NONE',  ( 1086.848711142115008, 355.8622573491587673, 85.21726906300855831 ) ) ;
#4355 = CARTESIAN_POINT ( 'NONE',  ( 1305.702670390627645, 443.4517479292750863, -150.7819568611503769 ) ) ;
#4356 = CARTESIAN_POINT ( 'NONE',  ( 560.0000000000004547, 9.387611526156055319, 12.43400269284775383 ) ) ;
#4357 = CARTESIAN_POINT ( 'NONE',  ( 734.4322196197211952, 33.51236841272783806, -57.63020826499742810 ) ) ;
#4358 = CARTESIAN_POINT ( 'NONE',  ( 733.6220708386721299, 45.51595802047342687, -35.57440049563740558 ) ) ;
#4359 = CARTESIAN_POINT ( 'NONE',  ( 1419.397623217527325, 978.1735990567714225, 15.79322420890703249 ) ) ;
#4360 = CARTESIAN_POINT ( 'NONE',  ( 991.5258047510541246, 270.0800338705973331, 92.07115265059701414 ) ) ;
#4361 = CARTESIAN_POINT ( 'NONE',  ( 1003.468697329265297, 214.4130070864881077, 0.7685741045813425654 ) ) ;
#4362 = CARTESIAN_POINT ( 'NONE',  ( 787.3522520532289946, 99.85010144030094636, 63.06000104070032108 ) ) ;
#4363 = CARTESIAN_POINT ( 'NONE',  ( 1326.392732776982257, 917.1678119186145750, 139.2264204859244501 ) ) ;
#4364 = CARTESIAN_POINT ( 'NONE',  ( 1000.656093228350528, 227.4422492821312858, -5.626581029679665669 ) ) ;
#4365 = CARTESIAN_POINT ( 'NONE',  ( 791.4121663216373008, 56.77143969148556835, -61.93111980713266007 ) ) ;
#4366 = CARTESIAN_POINT ( 'NONE',  ( 618.2520143817621374, 25.23914253126296003, 19.90617901050236682 ) ) ;
#4367 = CARTESIAN_POINT ( 'NONE',  ( 579.3433369549802592, 14.85192826570738589, 38.37580445267557394 ) ) ;
#4368 = CARTESIAN_POINT ( 'NONE',  ( 843.8283745285882560, 114.3545722095728365, 28.10179699243662199 ) ) ;
#4369 = CARTESIAN_POINT ( 'NONE',  ( 1451.182295823997947, 895.1498648618392053, -61.79256005531388496 ) ) ;
#4370 = CARTESIAN_POINT ( 'NONE',  ( 560.0000000000000000, 9.713695610514086809, 14.11715397665973803 ) ) ;
#4371 = CARTESIAN_POINT ( 'NONE',  ( 787.0831260619271461, 102.5914191303159839, 48.08539599461945357 ) ) ;
#4372 = CARTESIAN_POINT ( 'NONE',  ( 905.7894547664559468, 94.50396683111618756, -96.18298014204884794 ) ) ;
#4373 = CARTESIAN_POINT ( 'NONE',  ( 579.4277494104183006, 3.298326998699810719, -21.75295493447187312 ) ) ;
#4374 = CARTESIAN_POINT ( 'NONE',  ( 1067.561033138362291, 199.7235512200390417, -109.2734194884732517 ) ) ;
#4375 = CARTESIAN_POINT ( 'NONE',  ( 1226.938762473741008, 479.0717312011729518, -17.65598680339120108 ) ) ;
#4376 = CARTESIAN_POINT ( 'NONE',  ( 1370.984626247910683, 1016.971429371853219, 103.1408508501435932 ) ) ;
#4377 = CARTESIAN_POINT ( 'NONE',  ( 1390.218816958102934, 1021.264840128051560, 75.14066215089350464 ) ) ;
#4378 = CARTESIAN_POINT ( 'NONE',  ( 560.0000000000001137, -9.395069280970220760, -36.50981381692493954 ) ) ;
#4379 = CARTESIAN_POINT ( 'NONE',  ( 1451.266469710684532, 703.9929629871816132, -150.8192874853685908 ) ) ;
#4380 = CARTESIAN_POINT ( 'NONE',  ( 1304.896236951345827, 445.3597655782448896, -148.5331425018898130 ) ) ;
#4381 = CARTESIAN_POINT ( 'NONE',  ( 1435.940524283312698, 730.1561169052514515, -115.0943562780205411 ) ) ;
#4382 = CARTESIAN_POINT ( 'NONE',  ( 1389.994941384567255, 555.8815757612949255, -168.1290269177750076 ) ) ;
#4383 = CARTESIAN_POINT ( 'NONE',  ( 841.2858971480408172, 135.0105587681067618, 72.27902489365757788 ) ) ;
#4384 = CARTESIAN_POINT ( 'NONE',  ( 731.5832972497839819, 75.99595936535401108, 66.76222857960038937 ) ) ;
#4385 = CARTESIAN_POINT ( 'NONE',  ( 842.3097527412617183, 126.6961819896611985, 54.96956092273743621 ) ) ;
#4386 = CARTESIAN_POINT ( 'NONE',  ( 1170.301810360296486, 280.9859034044763462, -140.2490761660607177 ) ) ;
#4387 = CARTESIAN_POINT ( 'NONE',  ( 1239.628973394891773, 446.1288911469374057, -67.12004686608578652 ) ) ;
#4388 = CARTESIAN_POINT ( 'NONE',  ( 898.6298033933661600, 141.5201260855243959, 13.06191795282177459 ) ) ;
#4389 = CARTESIAN_POINT ( 'NONE',  ( 579.3298486102357856, 16.78317057136118962, 32.64142672812102575 ) ) ;
#4390 = CARTESIAN_POINT ( 'NONE',  ( 1052.865246512221574, 259.3225711587903675, 0.7005629840254790075 ) ) ;
#4391 = CARTESIAN_POINT ( 'NONE',  ( 1284.268163485987543, 766.8705506241578860, 143.7633333873557433 ) ) ;
#4392 = CARTESIAN_POINT ( 'NONE',  ( 1352.025735744856775, 631.6580524535261247, -54.57215150801772552 ) ) ;
#4393 = CARTESIAN_POINT ( 'NONE',  ( 1457.411798267553650, 813.3965047224963882, -102.6710479157744516 ) ) ;
#4394 = CARTESIAN_POINT ( 'NONE',  ( 1036.280945375327065, 326.5385662758602621, 114.5529903022048330 ) ) ;
#4395 = CARTESIAN_POINT ( 'NONE',  ( 618.7521653025884234, -3.600184946999987812, -48.85775745009843973 ) ) ;
#4396 = CARTESIAN_POINT ( 'NONE',  ( 618.3188007421668999, 21.26692065469426041, 4.010316103202004712 ) ) ;
#4397 = CARTESIAN_POINT ( 'NONE',  ( 1375.315323201107503, 585.1680298796844681, -134.3979664612720626 ) ) ;
#4398 = CARTESIAN_POINT ( 'NONE',  ( 560.0000000000009095, 10.20024811496064032, 17.19256003838277280 ) ) ;
#4399 = CARTESIAN_POINT ( 'NONE',  ( 618.2659327265259890, 24.92866337013490963, 44.55696716978862781 ) ) ;
#4400 = CARTESIAN_POINT ( 'NONE',  ( 733.1727425103099449, 52.42046958121802191, 13.60983126263804266 ) ) ;
#4401 = CARTESIAN_POINT ( 'NONE',  ( 1252.252515852668466, 413.3923348355268104, -95.52573667553602377 ) ) ;
#4402 = CARTESIAN_POINT ( 'NONE',  ( 560.0000000000000000, -9.731181254269001712, -36.62411089508756845 ) ) ;
#4403 = CARTESIAN_POINT ( 'NONE',  ( 893.7765726100246866, 173.2540610031392418, 56.00983183767053930 ) ) ;
#4404 = CARTESIAN_POINT ( 'NONE',  ( 1312.551730958960661, 427.2527294659497556, -166.8488888025964059 ) ) ;
#4405 = CARTESIAN_POINT ( 'NONE',  ( 845.2337713010989546, 102.7767419157802351, -30.98552861217477528 ) ) ;
#4406 = CARTESIAN_POINT ( 'NONE',  ( 1263.952703764514808, 383.0157286042783653, -142.2797628814863344 ) ) ;
#4407 = CARTESIAN_POINT ( 'NONE',  ( 618.3685259037598598, 18.35464889993858861, -5.380385721804463728 ) ) ;
#4408 = CARTESIAN_POINT ( 'NONE',  ( 1253.904967413327995, 704.1704295144712660, 155.6079197243931276 ) ) ;
#4409 = CARTESIAN_POINT ( 'NONE',  ( 734.5640762173474059, 31.56513506901042376, -60.49547369990843748 ) ) ;
#4410 = CARTESIAN_POINT ( 'NONE',  ( 1301.401266807274851, 453.6508237924807077, -125.3448335462381493 ) ) ;
#4411 = CARTESIAN_POINT ( 'NONE',  ( 1258.550363813787271, 694.0977939952050519, 139.8503326892885070 ) ) ;
#4412 = CARTESIAN_POINT ( 'NONE',  ( 1220.206871662695676, 645.8134101196746997, 165.1604262027173320 ) ) ;
#4413 = CARTESIAN_POINT ( 'NONE',  ( 1372.667693374822193, 946.6427663935581904, 80.47231049665120395 ) ) ;
#4414 = CARTESIAN_POINT ( 'NONE',  ( 1461.238291457174682, 916.3833288974042262, -72.45727778979501466 ) ) ;
#4415 = CARTESIAN_POINT ( 'NONE',  ( 1434.881476371745293, 848.8143816805028337, -68.45107324681285377 ) ) ;
#4416 = CARTESIAN_POINT ( 'NONE',  ( 1002.666922247338334, 218.1538190048693480, 8.048922117358200623 ) ) ;
#4417 = CARTESIAN_POINT ( 'NONE',  ( 1254.092117654131243, 703.7544124262623200, 143.8246567207732483 ) ) ;
#4418 = CARTESIAN_POINT ( 'NONE',  ( 1421.379251970721953, 940.4213506036369381, -0.1314348346203946527 ) ) ;
#4419 = CARTESIAN_POINT ( 'NONE',  ( 841.5990215217696004, 132.4680289791323844, 66.98067037203408347 ) ) ;
#4420 = CARTESIAN_POINT ( 'NONE',  ( 790.6160860345867150, 65.33311915125455016, -18.30445275985184850 ) ) ;
#4421 = CARTESIAN_POINT ( 'NONE',  ( 676.8913044343568117, 12.01861080296312956, -43.02038619124693497 ) ) ;
#4422 = CARTESIAN_POINT ( 'NONE',  ( 1250.238142033693975, 712.1158029872160569, 160.1002477112081124 ) ) ;
#4423 = CARTESIAN_POINT ( 'NONE',  ( 579.5074069668174843, -7.806810898436568280, -40.78716556108552993 ) ) ;
#4424 = CARTESIAN_POINT ( 'NONE',  ( 560.0000000000001137, -2.810309703868826947, -25.39291917019304634 ) ) ;
#4425 = CARTESIAN_POINT ( 'NONE',  ( 1263.336192858405184, 683.7020306081028593, 107.1344815176545779 ) ) ;
#4426 = CARTESIAN_POINT ( 'NONE',  ( 579.3459584440589651, 14.48749777186243115, 37.57307051282432298 ) ) ;
#4427 = CARTESIAN_POINT ( 'NONE',  ( 1314.833328476939414, 705.8770267822790174, 53.93767072727968070 ) ) ;
#4428 = CARTESIAN_POINT ( 'NONE',  ( 1294.090614217680240, 470.9536156395093371, -99.41608088876549232 ) ) ;
#4429 = CARTESIAN_POINT ( 'NONE',  ( 1457.234506079686753, 922.2961163968329856, -65.65408191823031814 ) ) ;
#4430 = CARTESIAN_POINT ( 'NONE',  ( 1381.903040056098462, 1000.386379874084014, 75.00762500194892368 ) ) ;
#4431 = CARTESIAN_POINT ( 'NONE',  ( 618.7360862249133788, -2.733388133447841373, -49.45533790951381548 ) ) ;
#4432 = CARTESIAN_POINT ( 'NONE',  ( 1054.032672968731049, 254.5118394036697396, -37.37955825240173624 ) ) ;
#4433 = CARTESIAN_POINT ( 'NONE',  ( 1466.033427831502649, 872.5906253791885092, -91.94607896474030895 ) ) ;
#4434 = CARTESIAN_POINT ( 'NONE',  ( 1405.788275595509276, 964.1043038593300025, 32.47742979580446132 ) ) ;
#4435 = CARTESIAN_POINT ( 'NONE',  ( 1140.025964974703584, 377.4051397147853777, 2.080279599509993194 ) ) ;
#4436 = CARTESIAN_POINT ( 'NONE',  ( 1368.545077507851374, 953.1251136618667488, 89.45965488421678913 ) ) ;
#4437 = CARTESIAN_POINT ( 'NONE',  ( 1279.924662799711314, 775.5383233118328690, 157.0346852399734132 ) ) ;
#4438 = CARTESIAN_POINT ( 'NONE',  ( 1453.695343057960145, 891.3326013944418946, -74.65380035596022879 ) ) ;
#4439 = CARTESIAN_POINT ( 'NONE',  ( 1066.324157662691732, 204.7011364209378144, -113.5785752513127846 ) ) ;
#4440 = CARTESIAN_POINT ( 'NONE',  ( 1012.676133360362201, 171.4470081505467078, -82.94121855892166195 ) ) ;
#4441 = CARTESIAN_POINT ( 'NONE',  ( 579.4957528885854572, -6.169511090094249361, -39.80314570165322863 ) ) ;
#4442 = CARTESIAN_POINT ( 'NONE',  ( 618.3083392318483220, 22.51281273277210460, 38.67411476839829731 ) ) ;
#4443 = CARTESIAN_POINT ( 'NONE',  ( 1118.279475233888206, 446.7266344603241350, 143.7017922539789083 ) ) ;
#4444 = EDGE_CURVE ( 'NONE', #5712, #6120, #1491, .T. ) ;
#4445 = CARTESIAN_POINT ( 'NONE',  ( 1088.885891961878087, 348.5828579500773117, 72.53671485805764974 ) ) ;
#4446 = CARTESIAN_POINT ( 'NONE',  ( 732.1953687544217928, 66.73742444993048650, 18.04995928112723647 ) ) ;
#4447 = CARTESIAN_POINT ( 'NONE',  ( 791.5453774621506682, 55.36495631451756338, -64.19386750169216782 ) ) ;
#4448 = CARTESIAN_POINT ( 'NONE',  ( 1424.041391398060568, 625.5476092846940901, -165.7027766496971140 ) ) ;
#4449 = CARTESIAN_POINT ( 'NONE',  ( 1371.127507058313313, 1016.754406152513297, 102.5172839729493006 ) ) ;
#4450 = CARTESIAN_POINT ( 'NONE',  ( 1358.560763619008412, 618.5971749910806921, -91.51383375822300081 ) ) ;
#4451 = CARTESIAN_POINT ( 'NONE',  ( 952.0741181138427010, 174.3615840072623371, 3.133859324260118040 ) ) ;
#4452 = CARTESIAN_POINT ( 'NONE',  ( 892.5960216563167933, 181.0353895115493401, 83.95878924082344952 ) ) ;
#4453 = CARTESIAN_POINT ( 'NONE',  ( 1469.151839673303812, 904.6966063194302023, -84.33513521247819256 ) ) ;
#4454 = CARTESIAN_POINT ( 'NONE',  ( 1381.576337173017691, 1000.882537603484025, 83.13605898675697858 ) ) ;
#4455 = CARTESIAN_POINT ( 'NONE',  ( 846.7142851289207783, 90.87790651628515093, -26.15606291148524676 ) ) ;
#4456 = CARTESIAN_POINT ( 'NONE',  ( 1347.395088586094289, 986.3789177896654792, 129.8228732644097079 ) ) ;
#4457 = CARTESIAN_POINT ( 'NONE',  ( 1354.485635608644316, 486.0696100233930679, -171.2532784321408315 ) ) ;
#4458 = CARTESIAN_POINT ( 'NONE',  ( 1010.795433582147894, 180.1579204784480339, -86.80575589377643553 ) ) ;
#4459 = CARTESIAN_POINT ( 'NONE',  ( 1085.401328029050774, 360.9869637385118040, 71.28742433565597025 ) ) ;
#4460 = CARTESIAN_POINT ( 'NONE',  ( 1374.238045253314567, 1012.029439841477142, 98.40442951835130714 ) ) ;
#4461 = CARTESIAN_POINT ( 'NONE',  ( 949.2875992427062783, 189.5917952198888656, 34.18286062492840216 ) ) ;
#4462 = CARTESIAN_POINT ( 'NONE',  ( 733.4936263538888852, 47.64568259314469145, 0.9889996387191205551 ) ) ;
#4463 = CARTESIAN_POINT ( 'NONE',  ( 1395.371580961086238, 1013.655241782527696, 58.01228039197472697 ) ) ;
#4464 = CARTESIAN_POINT ( 'NONE',  ( 1468.162358461823260, 906.1578714938984831, -83.27758777489920305 ) ) ;
#4465 = CARTESIAN_POINT ( 'NONE',  ( 1440.589032617811654, 946.8781401888310256, -35.32127389614213087 ) ) ;
#4466 = CARTESIAN_POINT ( 'NONE',  ( 1465.389595416928159, 910.2526860568618758, -75.99598797892784319 ) ) ;
#4467 = CARTESIAN_POINT ( 'NONE',  ( 1385.012133174787095, 927.2327249916120309, 53.56243127044668739 ) ) ;
#4468 = CARTESIAN_POINT ( 'NONE',  ( 732.4804090515521011, 62.48512558173239739, 5.242903769124694691 ) ) ;
#4469 = CARTESIAN_POINT ( 'NONE',  ( 1273.397833447592575, 788.5606093686005806, 172.0061176770089730 ) ) ;
#4470 = CARTESIAN_POINT ( 'NONE',  ( 579.3817648367274842, 9.503615334017682770, 25.07155770648406445 ) ) ;
#4471 = CARTESIAN_POINT ( 'NONE',  ( 1327.348609887479370, 915.5413721516122223, 145.2357554815492620 ) ) ;
#4472 = CARTESIAN_POINT ( 'NONE',  ( 1060.035102698626133, 230.2467929047557789, -53.22990187640701976 ) ) ;
#4473 = CARTESIAN_POINT ( 'NONE',  ( 1471.354718647865866, 864.5073249541052292, -103.9570876087200730 ) ) ;
#4474 = CARTESIAN_POINT ( 'NONE',  ( 1454.544976332492979, 817.8991431979848130, -106.7843488407359445 ) ) ;
#4475 = CARTESIAN_POINT ( 'NONE',  ( 1117.343520835156369, 246.8378707020713989, -120.3053423061306830 ) ) ;
#4476 = CARTESIAN_POINT ( 'NONE',  ( 959.0682609002381014, 136.1201109903865358, -75.74842419679772831 ) ) ;
#4477 = CARTESIAN_POINT ( 'NONE',  ( 787.4556545197226569, 98.75880356050548414, 60.70131654950883870 ) ) ;
#4478 = CARTESIAN_POINT ( 'NONE',  ( 1035.517215622929598, 329.6440265222461790, 124.3811400458760232 ) ) ;
#4479 = CARTESIAN_POINT ( 'NONE',  ( 1206.926749594691501, 531.0651754678327734, 90.64364259936662904 ) ) ;
#4480 = CARTESIAN_POINT ( 'NONE',  ( 1343.915953628303214, 991.8506340691416199, 139.2220373339019659 ) ) ;
#4481 = CARTESIAN_POINT ( 'NONE',  ( 1199.213082608833020, 384.4992787651601702, -73.34433517820755810 ) ) ;
#4482 = CARTESIAN_POINT ( 'NONE',  ( 1360.783583791180945, 742.0025174505422001, 3.153543699677997303 ) ) ;
#4483 = CARTESIAN_POINT ( 'NONE',  ( 786.7738782903327319, 105.9056838257713906, 64.46198877596800969 ) ) ;
#4484 = CARTESIAN_POINT ( 'NONE',  ( 1145.554743102501789, 359.8536449525085459, 0.3328767393975555211 ) ) ;
#4485 = CARTESIAN_POINT ( 'NONE',  ( 894.1158232628522455, 171.1096656510432297, 74.52625215095858380 ) ) ;
#4486 = CARTESIAN_POINT ( 'NONE',  ( 1440.370226177454470, 947.2012733898684473, -26.47167604107777805 ) ) ;
#4487 = CARTESIAN_POINT ( 'NONE',  ( 1299.504146181071746, 854.8086554098937313, 159.0867488364495443 ) ) ;
#4488 = CARTESIAN_POINT ( 'NONE',  ( 1015.808210706562249, 156.8063332421590133, -115.8452331548797787 ) ) ;
#4489 = CARTESIAN_POINT ( 'NONE',  ( 1161.343939775980061, 309.5068680425856655, -103.7953850506054181 ) ) ;
#4490 = CARTESIAN_POINT ( 'NONE',  ( 1363.202644930920997, 961.5196779176702648, 89.00393111476086005 ) ) ;
#4491 = CARTESIAN_POINT ( 'NONE',  ( 1388.638861059696410, 1023.598117915183821, 78.17194969855883357 ) ) ;
#4492 = CARTESIAN_POINT ( 'NONE',  ( 1001.061905108005362, 225.6419301606365764, 22.60623349219634903 ) ) ;
#4493 = CARTESIAN_POINT ( 'NONE',  ( 1101.633909934843814, 303.0234322461974443, -8.023227856266043290 ) ) ;
#4494 = CARTESIAN_POINT ( 'NONE',  ( 1038.337807229076816, 318.1799755185893446, 91.12211522781680628 ) ) ;
#4495 = CARTESIAN_POINT ( 'NONE',  ( 1015.248487217929437, 159.4064111789447793, -114.4446704754377180 ) ) ;
#4496 = CARTESIAN_POINT ( 'NONE',  ( 1412.817888818765368, 769.6166479458979666, -76.62540589129669399 ) ) ;
#4497 = CARTESIAN_POINT ( 'NONE',  ( 1411.556610723463109, 989.7532009301579592, 31.67408263200104201 ) ) ;
#4498 = CARTESIAN_POINT ( 'NONE',  ( 1349.061525924412763, 763.5650193338037752, 13.23004642743586601 ) ) ;
#4499 = CARTESIAN_POINT ( 'NONE',  ( 1401.089325978435227, 1005.211279862495530, 52.84931064884696639 ) ) ;
#4500 = CARTESIAN_POINT ( 'NONE',  ( 1159.557723761608941, 498.1566832358259376, 136.3874820041037310 ) ) ;
#4501 = CARTESIAN_POINT ( 'NONE',  ( 1059.156770312553817, 233.8088018433892614, -46.65281056282328365 ) ) ;
#4502 = CARTESIAN_POINT ( 'NONE',  ( 1252.920995309358887, 411.6283495224743660, -115.3311122823642592 ) ) ;
#4503 = CARTESIAN_POINT ( 'NONE',  ( 1118.130502009914380, 244.0564137242797926, -111.8925337634378252 ) ) ;
#4504 = CARTESIAN_POINT ( 'NONE',  ( 1394.518197617249825, 1014.915517719403169, 66.13177043157170942 ) ) ;
#4505 = CARTESIAN_POINT ( 'NONE',  ( 942.2546366158591127, 228.0047198724622604, 105.6038281048443963 ) ) ;
#4506 = CARTESIAN_POINT ( 'NONE',  ( 1301.864700379039959, 731.7563489691716541, 91.98691531861091164 ) ) ;
#4507 = CARTESIAN_POINT ( 'NONE',  ( 618.4447204191280889, 13.92899104740375904, -17.71964266678299182 ) ) ;
#4508 = CARTESIAN_POINT ( 'NONE',  ( 560.0000000000000000, 3.034262609829326163, -10.84337445732629135 ) ) ;
#4509 = CARTESIAN_POINT ( 'NONE',  ( 1352.294664602829698, 978.6733950434630742, 116.6697760039335350 ) ) ;
#4510 =( LENGTH_UNIT ( ) NAMED_UNIT ( * ) SI_UNIT ( .MILLI., .METRE. ) );
#4511 = CARTESIAN_POINT ( 'NONE',  ( 1335.318047424994120, 901.9353189638908361, 125.4234825051436530 ) ) ;
#4512 = CARTESIAN_POINT ( 'NONE',  ( 1430.373514583651968, 855.9089622115584461, -44.94788367376873595 ) ) ;
#4513 = CARTESIAN_POINT ( 'NONE',  ( 1251.192922293328820, 710.0443808062411790, 156.1163158460884688 ) ) ;
#4514 = CARTESIAN_POINT ( 'NONE',  ( 948.6934522372066567, 192.7362523255370661, 8.178214333554473470 ) ) ;
#4515 = CARTESIAN_POINT ( 'NONE',  ( 1112.615739374316263, 263.7232846357962899, -97.23108414899249397 ) ) ;
#4516 = CARTESIAN_POINT ( 'NONE',  ( 1318.487292287079299, 819.8537948977935912, 98.91221676072763103 ) ) ;
#4517 = CARTESIAN_POINT ( 'NONE',  ( 1391.440897832480232, 1019.460071930950107, 72.56608948172744533 ) ) ;
#4518 = CARTESIAN_POINT ( 'NONE',  ( 1267.571613796012571, 533.7191832688765771, -3.693575155690999701 ) ) ;
#4519 = CARTESIAN_POINT ( 'NONE',  ( 1384.062706593066878, 567.7280221707829924, -145.9222150863472791 ) ) ;
#4520 = CARTESIAN_POINT ( 'NONE',  ( 840.8213629964717484, 138.7164594961492980, 62.69141500099960496 ) ) ;
#4521 = CARTESIAN_POINT ( 'NONE',  ( 1015.660011364322372, 157.4923584131664427, -115.9952539825086859 ) ) ;
#4522 = CARTESIAN_POINT ( 'NONE',  ( 789.8976077289579507, 72.76173773779063936, -32.15421499933104599 ) ) ;
#4523 = CARTESIAN_POINT ( 'NONE',  ( 1247.018967569401866, 582.3626043683160560, 71.48343092285409739 ) ) ;
#4524 = CARTESIAN_POINT ( 'NONE',  ( 1414.957517235331352, 950.1762931529107163, 1.405384392169626517 ) ) ;
#4525 = CARTESIAN_POINT ( 'NONE',  ( 1273.590124973349020, 788.1776203970425740, 172.3344306111375204 ) ) ;
#4526 = CARTESIAN_POINT ( 'NONE',  ( 996.1803590429957467, 248.4116259211825763, 66.11967351023682227 ) ) ;
#4527 = CARTESIAN_POINT ( 'NONE',  ( 1408.485474507019717, 777.0249428784024985, -50.44962099488521545 ) ) ;
#4528 = CARTESIAN_POINT ( 'NONE',  ( 618.7398728068279752, -2.942322937664036075, -49.47188996195003341 ) ) ;
#4529 = CARTESIAN_POINT ( 'NONE',  ( 1062.223910495546988, 221.3123813190880469, -90.48630582605014183 ) ) ;
#4530 = CARTESIAN_POINT ( 'NONE',  ( 1116.427874838671187, 250.1433606779586682, -101.1897586890104321 ) ) ;
#4531 = CARTESIAN_POINT ( 'NONE',  ( 1380.327933562151202, 575.1805872411133578, -135.4349573323217726 ) ) ;
#4532 = CARTESIAN_POINT ( 'NONE',  ( 1124.155956409976852, 428.0157692967176217, 115.8028513901034700 ) ) ;
#4533 = CARTESIAN_POINT ( 'NONE',  ( 1118.602528897205957, 445.7010290922115701, 143.5126684041339047 ) ) ;
#4534 = CARTESIAN_POINT ( 'NONE',  ( 1303.717278300382759, 728.0594355123193964, 86.55710227478012087 ) ) ;
#4535 = CARTESIAN_POINT ( 'NONE',  ( 1342.369700643804435, 512.3301119096850016, -143.3800036011807606 ) ) ;
#4536 = CARTESIAN_POINT ( 'NONE',  ( 731.5759801243307265, 76.10254168841146338, 66.55853566731192927 ) ) ;
#4537 = CARTESIAN_POINT ( 'NONE',  ( 1417.830797731582607, 875.6227280534604915, -33.53137100203153409 ) ) ;
#4538 = CARTESIAN_POINT ( 'NONE',  ( 1409.708476682507580, 888.4012820645168631, -0.2390190060001515793 ) ) ;
#4539 = CARTESIAN_POINT ( 'NONE',  ( 1157.976266813614757, 502.6754201539412747, 133.2929025374337755 ) ) ;
#4540 = APPLICATION_PROTOCOL_DEFINITION ( 'international standard', 'config_control_design', 1994, #5618 ) ;
#4541 = CARTESIAN_POINT ( 'NONE',  ( 1230.713976115208197, 620.9510999566099372, 131.0041763873597631 ) ) ;
#4542 = CARTESIAN_POINT ( 'NONE',  ( 1442.783862899038240, 907.9072903422942318, -44.54278116549159705 ) ) ;
#4543 = UNCERTAINTY_MEASURE_WITH_UNIT (LENGTH_MEASURE( 1.000000000000000082E-05 ), #4510, 'distance_accuracy_value', 'NONE');
#4544 = CARTESIAN_POINT ( 'NONE',  ( 731.5696667583395083, 76.18871574692892068, 65.24967581214707479 ) ) ;
#4545 = CARTESIAN_POINT ( 'NONE',  ( 1158.516541107367402, 318.5103147547666822, -90.95485822216464555 ) ) ;
#4546 = CARTESIAN_POINT ( 'NONE',  ( 618.2221177782469113, 27.09711446498581111, 31.22989928173387142 ) ) ;
#4547 = CARTESIAN_POINT ( 'NONE',  ( 1038.074602274427662, 319.2843333091024647, 110.3479814632492406 ) ) ;
#4548 = CARTESIAN_POINT ( 'NONE',  ( 898.6298033933661600, 141.5201260855243959, 13.06191795282177459 ) ) ;
#4549 = CARTESIAN_POINT ( 'NONE',  ( 560.0000000000004547, -2.942211668152364457, -1.674132864091548711 ) ) ;
#4550 = CARTESIAN_POINT ( 'NONE',  ( 1119.091477725649156, 240.6222067499874697, -117.6588030993779626 ) ) ;
#4551 = CARTESIAN_POINT ( 'NONE',  ( 1336.378705029079356, 900.1157933484620344, 110.3029703812299118 ) ) ;
#4552 = CARTESIAN_POINT ( 'NONE',  ( 1267.615642576984555, 373.4964943403831512, -160.6626650305123576 ) ) ;
#4553 = CARTESIAN_POINT ( 'NONE',  ( 1100.876779435725211, 305.6647378370058732, -31.74981816185531969 ) ) ;
#4554 = CARTESIAN_POINT ( 'NONE',  ( 676.0210611613067613, 32.86266035500473492, 19.03788588302697349 ) ) ;
#4555 = CARTESIAN_POINT ( 'NONE',  ( 1419.293516168493852, 978.3273442753860536, 6.414462815337765633 ) ) ;
#4556 = CARTESIAN_POINT ( 'NONE',  ( 1155.661528759634166, 509.3172043427152289, 151.9916276161852977 ) ) ;
#4557 = CARTESIAN_POINT ( 'NONE',  ( 1044.430366246907852, 293.5221006404171931, 63.73375047031775154 ) ) ;
#4558 = CARTESIAN_POINT ( 'NONE',  ( 1156.987467824148780, 323.4314812525053071, -61.51831756224875392 ) ) ;
#4559 = CARTESIAN_POINT ( 'NONE',  ( 1220.781707759293113, 322.7284885932727434, -153.1014635198642679 ) ) ;
#4560 = CARTESIAN_POINT ( 'NONE',  ( 1369.220065309423035, 597.3291692953540633, -119.1393093621485662 ) ) ;
#4561 = CARTESIAN_POINT ( 'NONE',  ( 676.9132987809924771, 11.48648723440856223, -44.89921849063878057 ) ) ;
#4562 = CARTESIAN_POINT ( 'NONE',  ( 1345.820886621914951, 504.8625552438566046, -142.1235907623755566 ) ) ;
#4563 = CARTESIAN_POINT ( 'NONE',  ( 1360.679886986354177, 965.4922883730700960, 106.6393616134429294 ) ) ;
#4564 = CARTESIAN_POINT ( 'NONE',  ( 1078.409877520272175, 386.0114566088557808, 134.9113174262349446 ) ) ;
#4565 = CARTESIAN_POINT ( 'NONE',  ( 1354.133552027864425, 869.8133114314790646, 80.04704887804432190 ) ) ;
#4566 = CARTESIAN_POINT ( 'NONE',  ( 734.9413712277822697, 26.06003497155887416, -59.16325545044964684 ) ) ;
#4567 = CARTESIAN_POINT ( 'NONE',  ( 1343.622804207918762, 648.4037414226478404, -51.13662952078005475 ) ) ;
#4568 = CARTESIAN_POINT ( 'NONE',  ( 1427.248014511751308, 966.5801465777548174, -0.07733509065233025448 ) ) ;
#4569 = CARTESIAN_POINT ( 'NONE',  ( 618.2095655681517883, 28.06661930061452281, 46.19613028454485004 ) ) ;
#4570 = APPROVAL_ROLE ( '' ) ;
#4571 = CARTESIAN_POINT ( 'NONE',  ( 579.3678234452445395, 11.44423819703639467, 30.08928851943572624 ) ) ;
#4572 = CARTESIAN_POINT ( 'NONE',  ( 1109.456652986862082, 275.0624697943714523, -57.50307308443922238 ) ) ;
#4573 = CARTESIAN_POINT ( 'NONE',  ( 1298.346106649177955, 856.9412672588974829, 162.9551736778401789 ) ) ;
#4574 = CARTESIAN_POINT ( 'NONE',  ( 790.6780662486772826, 64.51810276713895576, -48.35759930385527383 ) ) ;
#4575 = CARTESIAN_POINT ( 'NONE',  ( 579.3310826340051563, 16.62445068063604126, 29.88595723935802795 ) ) ;
#4576 = CARTESIAN_POINT ( 'NONE',  ( 1122.238376565495400, 434.1226768737008683, 126.5171519698492801 ) ) ;
#4577 = CARTESIAN_POINT ( 'NONE',  ( 559.9999999999993179, -0.2454635387689624026, 7.596662753996009876 ) ) ;
#4578 = CARTESIAN_POINT ( 'NONE',  ( 1446.956014404894404, 937.4753858525352825, -39.62289382849773034 ) ) ;
#4579 = CARTESIAN_POINT ( 'NONE',  ( 1053.912051192131912, 255.0776847507326579, -7.196791896876618466 ) ) ;
#4580 = CARTESIAN_POINT ( 'NONE',  ( 1168.637194108272979, 286.3159857857735346, -123.5861744076875226 ) ) ;
#4581 = CARTESIAN_POINT ( 'NONE',  ( 1121.339763516062931, 436.9611612180440261, 118.3054894573297702 ) ) ;
#4582 = CARTESIAN_POINT ( 'NONE',  ( 1425.524159392738511, 622.8186356879401728, -168.3793293451736304 ) ) ;
#4583 = CARTESIAN_POINT ( 'NONE',  ( 579.3822291067457400, 9.611525986824744905, -4.421038718537814383 ) ) ;
#4584 = CARTESIAN_POINT ( 'NONE',  ( 848.4581965617411470, 76.59766763261286826, -76.85574373101205481 ) ) ;
#4585 = CARTESIAN_POINT ( 'NONE',  ( 1370.226040107501603, 842.3263607454503017, 22.44957687923429290 ) ) ;
#4586 = CARTESIAN_POINT ( 'NONE',  ( 892.2557045950793508, 183.2902230509266985, 96.01049686330858890 ) ) ;
#4587 = CARTESIAN_POINT ( 'NONE',  ( 732.5539112351743825, 61.61515060807000310, 36.57529985214027590 ) ) ;
#4588 = CARTESIAN_POINT ( 'NONE',  ( 956.3140571554931739, 151.1812468882432086, -44.65576013700639635 ) ) ;
#4589 = CARTESIAN_POINT ( 'NONE',  ( 1008.434550158541697, 191.1640935628379623, -69.64557332387818178 ) ) ;
#4590 = CARTESIAN_POINT ( 'NONE',  ( 1260.798751043419543, 391.2037141480894888, -129.8749494196564456 ) ) ;
#4591 = CARTESIAN_POINT ( 'NONE',  ( 1413.354179209644144, 645.2263569322543617, -133.4525359610788939 ) ) ;
#4592 = CARTESIAN_POINT ( 'NONE',  ( 994.5277084645645118, 256.1186596539224070, 80.52543802066784906 ) ) ;
#4593 = CARTESIAN_POINT ( 'NONE',  ( 618.2202995574150464, 27.51854151810099580, 49.38466544975754147 ) ) ;
#4594 = CARTESIAN_POINT ( 'NONE',  ( 947.7717132929492436, 197.8750309722632892, 50.74809704953554501 ) ) ;
#4595 = CARTESIAN_POINT ( 'NONE',  ( 1388.851007848031486, 558.1724064488399790, -159.4334840210960920 ) ) ;
#4596 = CARTESIAN_POINT ( 'NONE',  ( 789.4785094555890055, 77.19154500094307991, -22.75652307185960410 ) ) ;
#4597 = CARTESIAN_POINT ( 'NONE',  ( 1228.896341422567957, 474.0299600136144136, -0.08040579440100675823 ) ) ;
#4598 = CARTESIAN_POINT ( 'NONE',  ( 840.4115486424595929, 142.0830854487984709, 78.66421770320054918 ) ) ;
#4599 = CARTESIAN_POINT ( 'NONE',  ( 1165.006250941571579, 482.5482280450367512, 110.4344842579498334 ) ) ;
#4600 = CARTESIAN_POINT ( 'NONE',  ( 1416.209230698280862, 763.8393783045861483, -68.75825199029401347 ) ) ;
#4601 = CARTESIAN_POINT ( 'NONE',  ( 1293.711439208708498, 471.8238753909641332, -115.0365408338417410 ) ) ;
#4602 = CARTESIAN_POINT ( 'NONE',  ( 1199.028382218245497, 551.5448153571213652, 105.7086811390593510 ) ) ;
#4603 = CARTESIAN_POINT ( 'NONE',  ( 1378.012229317011816, 1006.296406458666524, 90.94560682004632213 ) ) ;
#4604 = CARTESIAN_POINT ( 'NONE',  ( 1291.590026815033980, 622.4563472588105242, 31.96529217977171200 ) ) ;
#4605 = CARTESIAN_POINT ( 'NONE',  ( 579.3535424747404932, 13.43466342347683806, 35.04877925505458336 ) ) ;
#4606 = CARTESIAN_POINT ( 'NONE',  ( 1365.163150097652533, 605.4420773410103038, -92.34522566581223657 ) ) ;
#4607 = CARTESIAN_POINT ( 'NONE',  ( 1372.716650096234844, 590.3689914008735968, -113.8785691544812408 ) ) ;
#4608 = CARTESIAN_POINT ( 'NONE',  ( 1428.120942930805768, 965.2910064872039584, -1.839639073806030645 ) ) ;
#4609 = CARTESIAN_POINT ( 'NONE',  ( 579.5093699789401853, -8.128141453937233862, -35.12942936805025340 ) ) ;
#4610 = CARTESIAN_POINT ( 'NONE',  ( 1225.933919523650957, 632.2487225535010111, 136.7691374722551814 ) ) ;
#4611 = CARTESIAN_POINT ( 'NONE',  ( 1273.735542316247802, 519.0951602718776030, -49.38165661336268641 ) ) ;
#4612 = CARTESIAN_POINT ( 'NONE',  ( 579.4780058636762305, -3.698836094647674155, -36.02133730030153203 ) ) ;
#4613 = CARTESIAN_POINT ( 'NONE',  ( 1088.987264205168913, 348.1629749625224122, 44.94889942424114082 ) ) ;
#4614 = CARTESIAN_POINT ( 'NONE',  ( 1118.403290890550124, 446.3344318138310314, 143.9942351940077856 ) ) ;
#4615 = CARTESIAN_POINT ( 'NONE',  ( 842.9271311411634997, 121.6799905828004142, 44.24755835731644993 ) ) ;
#4616 = CARTESIAN_POINT ( 'NONE',  ( 1204.846334680491054, 368.3998478072847433, -76.43160672987946214 ) ) ;
#4617 = CARTESIAN_POINT ( 'NONE',  ( 1041.763777869292198, 304.2708237875940540, 57.99225063889780074 ) ) ;
#4618 = CARTESIAN_POINT ( 'NONE',  ( 579.5074069668174843, -7.806810898436568280, -40.78716556108552993 ) ) ;
#4619 = CARTESIAN_POINT ( 'NONE',  ( 1203.657158696343458, 371.7692489949212700, -91.75797094434116730 ) ) ;
#4620 = CARTESIAN_POINT ( 'NONE',  ( 1302.902723413054218, 450.0969486356850666, -130.6760281099011820 ) ) ;
#4621 = CARTESIAN_POINT ( 'NONE',  ( 959.9020039570426661, 131.5588361441104439, -85.38621040866415512 ) ) ;
#4622 = CARTESIAN_POINT ( 'NONE',  ( 787.6674753259873114, 96.52270697868114269, 55.91033979641412088 ) ) ;
#4623 = CARTESIAN_POINT ( 'NONE',  ( 1370.988562949221887, 1016.965443377229917, 103.3797758148101025 ) ) ;
#4624 = CARTESIAN_POINT ( 'NONE',  ( 1090.240537278470811, 343.7421876596397965, 64.08222472930381741 ) ) ;
#4625 = CARTESIAN_POINT ( 'NONE',  ( 1067.101846233182187, 201.5503206997348684, -117.4847647889011313 ) ) ;
#4626 = CARTESIAN_POINT ( 'NONE',  ( 1102.276206339361806, 300.6638235980054787, -40.09993913145108024 ) ) ;
#4627 = ADVANCED_FACE ( 'NONE', ( #3511 ), #3889, .T. ) ;
#4628 = CARTESIAN_POINT ( 'NONE',  ( 899.9027710955921293, 133.1702893602103472, -5.064359465726262499 ) ) ;
#4629 = CARTESIAN_POINT ( 'NONE',  ( 1347.395088586094289, 986.3789177896654792, 129.8228732644097079 ) ) ;
#4630 = CARTESIAN_POINT ( 'NONE',  ( 1337.820422664218313, 897.6633287036853517, 119.4214484642263159 ) ) ;
#4631 = CARTESIAN_POINT ( 'NONE',  ( 733.9178461604918766, 41.13045448406659688, -44.27658343293752097 ) ) ;
#4632 = CARTESIAN_POINT ( 'NONE',  ( 1261.871739426299655, 686.8785194340457565, 112.7357644009812532 ) ) ;
#4633 = CARTESIAN_POINT ( 'NONE',  ( 1390.859059091140125, 1020.319330985098418, 73.81548273245964253 ) ) ;
#4634 = CARTESIAN_POINT ( 'NONE',  ( 560.0000000000007958, -0.9287056804776310237, 5.281439262353986308 ) ) ;
#4635 = CARTESIAN_POINT ( 'NONE',  ( 618.2821376759635541, 24.01366488030509316, 42.35231465610422674 ) ) ;
#4636 = CARTESIAN_POINT ( 'NONE',  ( 1442.831435569333507, 836.3212725558352076, -71.67166021756928274 ) ) ;
#4637 = CARTESIAN_POINT ( 'NONE',  ( 900.3234830056388773, 130.4102384491858118, -11.11719769399466173 ) ) ;
#4638 = CARTESIAN_POINT ( 'NONE',  ( 960.3842282130018475, 128.9226114073563565, -90.65207989926956600 ) ) ;
#4639 = CARTESIAN_POINT ( 'NONE',  ( 1081.548125854846603, 374.7729432555097446, 102.7156236584094984 ) ) ;
#4640 = CARTESIAN_POINT ( 'NONE',  ( 560.0000000000000000, 4.539237534327624779, -6.246169681352919056 ) ) ;
#4641 = CARTESIAN_POINT ( 'NONE',  ( 1418.047953499598407, 636.5781837880001603, -153.9236478209923860 ) ) ;
#4642 = CARTESIAN_POINT ( 'NONE',  ( 787.9973109110229643, 92.87200808866111856, 15.73111297007319465 ) ) ;
#4643 = CARTESIAN_POINT ( 'NONE',  ( 1343.188451017876559, 992.9952899607179688, 142.1503125465167159 ) ) ;
#4644 = CARTESIAN_POINT ( 'NONE',  ( 1275.095274904302187, 658.2231168147416156, 85.82587267661591568 ) ) ;
#4645 = CARTESIAN_POINT ( 'NONE',  ( 847.7052424804687689, 82.81173126190941503, -45.20833688391332572 ) ) ;
#4646 = CARTESIAN_POINT ( 'NONE',  ( 560.0000000000000000, -2.285464384511758595, 0.6485753070780067020 ) ) ;
#4647 = CARTESIAN_POINT ( 'NONE',  ( 559.9999999999993179, 10.52893410063372670, 19.58444352888256645 ) ) ;
#4648 = CARTESIAN_POINT ( 'NONE',  ( 1015.824985867976011, 156.7302650011923788, -115.4542296595215589 ) ) ;
#4649 = CARTESIAN_POINT ( 'NONE',  ( 1395.000768744085462, 678.9991177742359696, -102.1441689488399902 ) ) ;
#4650 = CARTESIAN_POINT ( 'NONE',  ( 849.0296681584649150, 72.02419492305348570, -71.21319780423932855 ) ) ;
#4651 = CARTESIAN_POINT ( 'NONE',  ( 791.5987066311492981, 54.92058390192167394, -44.92184149238175195 ) ) ;
#4652 = CARTESIAN_POINT ( 'NONE',  ( 732.1949032428861983, 66.94060357993073751, 48.92392348416033343 ) ) ;
#4653 = CARTESIAN_POINT ( 'NONE',  ( 618.2261247710731595, 27.18976724991297544, 49.01728833010918152 ) ) ;
#4654 = CARTESIAN_POINT ( 'NONE',  ( 1449.840544537972846, 706.4263983982493755, -147.3886819890342963 ) ) ;
#4655 = CARTESIAN_POINT ( 'NONE',  ( 1468.714123183686524, 795.6268217999154331, -126.4410488238542030 ) ) ;
#4656 = CARTESIAN_POINT ( 'NONE',  ( 734.6097007177060050, 30.89052700644742799, -61.45960196960207611 ) ) ;
#4657 = CARTESIAN_POINT ( 'NONE',  ( 1055.157423207024522, 249.9523683370137235, -45.09088392520632738 ) ) ;
#4658 = CARTESIAN_POINT ( 'NONE',  ( 1100.298036811995644, 307.7980853917341051, 0.4697289099360364428 ) ) ;
#4659 = CARTESIAN_POINT ( 'NONE',  ( 560.0000000000014779, 11.21506990300442119, 34.21500776748623451 ) ) ;
#4660 = PERSON_AND_ORGANIZATION ( #5790, #2188 ) ;
#4661 = CARTESIAN_POINT ( 'NONE',  ( 1085.494284417376093, 360.7017381667178029, 93.62989234753878520 ) ) ;
#4662 = CARTESIAN_POINT ( 'NONE',  ( 1190.108334087425419, 574.7193788463044939, 153.7485036473242417 ) ) ;
#4663 = CARTESIAN_POINT ( 'NONE',  ( 1160.399486398889167, 312.5142673035388725, -99.55139541744418352 ) ) ;
#4664 = CARTESIAN_POINT ( 'NONE',  ( 1082.624362420258421, 370.9215657883611357, 93.53798067922748771 ) ) ;
#4665 = CARTESIAN_POINT ( 'NONE',  ( 1309.483579522123591, 836.4411562573195624, 139.0398843912862503 ) ) ;
#4666 = CARTESIAN_POINT ( 'NONE',  ( 951.6776370783934453, 176.5288511691101405, 7.573599134583894887 ) ) ;
#4667 = CARTESIAN_POINT ( 'NONE',  ( 1038.317301253782944, 318.3004138119007962, 108.5004659167132104 ) ) ;
#4668 = CARTESIAN_POINT ( 'NONE',  ( 560.0000000000001137, -7.601813586514114540, -19.16692534618748667 ) ) ;
#4669 = CARTESIAN_POINT ( 'NONE',  ( 734.5725330952774357, 31.56599110912475226, -43.42394047565711190 ) ) ;
#4670 = CARTESIAN_POINT ( 'NONE',  ( 1400.080825008734791, 791.3730121388002772, -30.44278368908944188 ) ) ;
#4671 = CARTESIAN_POINT ( 'NONE',  ( 786.8275213190474915, 105.3274966468719498, 60.89389192776323512 ) ) ;
#4672 = CARTESIAN_POINT ( 'NONE',  ( 898.8047000774215576, 140.2467091187974404, -22.66457984978151430 ) ) ;
#4673 = CARTESIAN_POINT ( 'NONE',  ( 559.9999999999998863, -6.018497133618429196, -31.65220772267435123 ) ) ;
#4674 = CARTESIAN_POINT ( 'NONE',  ( 579.3557869177254815, 13.26326953567478917, 8.575942122404875079 ) ) ;
#4675 = CARTESIAN_POINT ( 'NONE',  ( 786.7472514569412851, 106.2335750087903250, 75.65251761927304130 ) ) ;
#4676 = CARTESIAN_POINT ( 'NONE',  ( 675.9170228004782075, 35.34035213858946634, 25.65069272990855254 ) ) ;
#4677 = CARTESIAN_POINT ( 'NONE',  ( 1423.248900332207540, 751.8217373226468681, -85.37067073307368048 ) ) ;
#4678 = CARTESIAN_POINT ( 'NONE',  ( 945.9612681679955131, 207.6812258593667195, 42.10409336593355079 ) ) ;
#4679 = CARTESIAN_POINT ( 'NONE',  ( 1015.808210706562249, 156.8063332421590133, -115.8452331548797787 ) ) ;
#4680 = CARTESIAN_POINT ( 'NONE',  ( 1363.191908949404251, 609.3567564805350685, -103.6466710160472360 ) ) ;
#4681 = CARTESIAN_POINT ( 'NONE',  ( 1305.102447582341028, 444.8906699779207088, -138.4256367036641109 ) ) ;
#4682 = CARTESIAN_POINT ( 'NONE',  ( 1292.633938138141502, 474.4014341098322234, -94.21872649722371307 ) ) ;
#4683 = CARTESIAN_POINT ( 'NONE',  ( 1200.825827745194829, 546.9026848445020050, 115.7708089985452631 ) ) ;
#4684 = CARTESIAN_POINT ( 'NONE',  ( 1120.175196626566276, 440.6944121718394740, 136.9642842688514861 ) ) ;
#4685 = CARTESIAN_POINT ( 'NONE',  ( 1015.652931626910004, 157.5435826834849706, -111.6450820568272633 ) ) ;
#4686 = CARTESIAN_POINT ( 'NONE',  ( 905.4392043371857426, 96.83765334348329645, -84.98382061294996959 ) ) ;
#4687 = CARTESIAN_POINT ( 'NONE',  ( 848.9451584815154774, 72.64706516126778979, -82.22575064689524993 ) ) ;
#4688 = CARTESIAN_POINT ( 'NONE',  ( 734.5725330952774357, 31.56599110912475226, -43.42394047565711190 ) ) ;
#4689 = CARTESIAN_POINT ( 'NONE',  ( 1300.028508983656820, 604.1302477482049653, -18.84902158901683222 ) ) ;
#4690 = CARTESIAN_POINT ( 'NONE',  ( 559.9999999999998863, -8.162936632750527721, -35.03040697387226032 ) ) ;
#4691 = CARTESIAN_POINT ( 'NONE',  ( 1003.468697329265297, 214.4130070864881077, 0.7685741045813425654 ) ) ;
#4692 = CARTESIAN_POINT ( 'NONE',  ( 1078.438680702036891, 385.9057529054428528, 132.2028070119743575 ) ) ;
#4693 = CARTESIAN_POINT ( 'NONE',  ( 1398.485240565805952, 1009.056991413823653, 58.12761838192198383 ) ) ;
#4694 = CARTESIAN_POINT ( 'NONE',  ( 732.2846662509236921, 65.40344310112443793, 13.75300298421932688 ) ) ;
#4695 = CARTESIAN_POINT ( 'NONE',  ( 1059.798692743309402, 231.1403069718952850, -75.54954379237300088 ) ) ;
#4696 = CARTESIAN_POINT ( 'NONE',  ( 1395.371580961086238, 1013.655241782527696, 58.01228039197472697 ) ) ;
#4697 = CARTESIAN_POINT ( 'NONE',  ( 1082.420910934035874, 371.6828927954376809, 112.6845890436273692 ) ) ;
#4698 = CARTESIAN_POINT ( 'NONE',  ( 1188.466864146012995, 415.3322793336783434, 0.1904817684545939416 ) ) ;
#4699 = CARTESIAN_POINT ( 'NONE',  ( 1330.428473693463729, 910.2831791347359740, 137.6428126026266341 ) ) ;
#4700 = CARTESIAN_POINT ( 'NONE',  ( 900.7454838818813414, 127.6416850942139689, -17.16685148525422377 ) ) ;
#4701 = CARTESIAN_POINT ( 'NONE',  ( 1272.360987163385062, 522.3836345985137086, -21.15741919841382312 ) ) ;
#4702 = CARTESIAN_POINT ( 'NONE',  ( 560.0000000000003411, 11.27736650453051048, 30.21843627601811733 ) ) ;
#4703 = CARTESIAN_POINT ( 'NONE',  ( 1296.680356966065119, 611.3902429228062374, -8.163677762215394651 ) ) ;
#4704 = CARTESIAN_POINT ( 'NONE',  ( 1215.185207643238527, 338.7521741978922591, -136.0682888023897874 ) ) ;
#4705 = CARTESIAN_POINT ( 'NONE',  ( 1362.019226847174195, 856.3374628407053706, 42.77597800891645363 ) ) ;
#4706 = CARTESIAN_POINT ( 'NONE',  ( 840.5529142849607069, 140.9600907446703104, 83.86562983088640522 ) ) ;
#4707 = EDGE_CURVE ( 'NONE', #6120, #3774, #5846, .T. ) ;
#4708 = CARTESIAN_POINT ( 'NONE',  ( 1331.777874735512569, 795.3994027289922997, 79.91643212568311583 ) ) ;
#4709 = CARTESIAN_POINT ( 'NONE',  ( 1388.459088375843294, 558.9455587376554604, -164.9392270525272011 ) ) ;
#4710 = CARTESIAN_POINT ( 'NONE',  ( 847.4228687443458057, 85.11041760304381398, -39.76236237396037154 ) ) ;
#4711 = CARTESIAN_POINT ( 'NONE',  ( 1205.572575699857225, 534.5481969555730757, 74.14539225310193160 ) ) ;
#4712 = CARTESIAN_POINT ( 'NONE',  ( 1470.634627113196075, 865.6012457661356621, -101.7113786887425135 ) ) ;
#4713 = CARTESIAN_POINT ( 'NONE',  ( 676.3296077784225417, 25.15558199504198811, -33.00383839234260819 ) ) ;
#4714 = CARTESIAN_POINT ( 'NONE',  ( 1465.789752297427867, 800.2244506860211004, -120.3374023515292492 ) ) ;
#4715 = CARTESIAN_POINT ( 'NONE',  ( 1425.365575601204910, 748.2083288591688870, -90.35054736220557459 ) ) ;
#4716 = CARTESIAN_POINT ( 'NONE',  ( 579.3748530922798636, 10.46411861560882173, 27.60110943605098655 ) ) ;
#4717 = CARTESIAN_POINT ( 'NONE',  ( 1250.389435442746617, 711.7928284826969048, 165.8113953612704847 ) ) ;
#4718 = CARTESIAN_POINT ( 'NONE',  ( 1068.647616763295446, 195.3109955588089690, -118.2209223467991706 ) ) ;
#4719 = CARTESIAN_POINT ( 'NONE',  ( 849.4313856093970116, 68.75118746335297715, -79.22698229885941146 ) ) ;
#4720 = CARTESIAN_POINT ( 'NONE',  ( 1465.180591966786096, 910.5613422086853461, -78.86350405757967508 ) ) ;
#4721 = CARTESIAN_POINT ( 'NONE',  ( 1370.816861816078926, 594.1597991260435947, -108.4792925059955735 ) ) ;
#4722 = CARTESIAN_POINT ( 'NONE',  ( 899.4806301669865434, 135.9394989882674167, 0.9844789936317268619 ) ) ;
#4723 = CARTESIAN_POINT ( 'NONE',  ( 1274.870975264119124, 785.6185530824935768, 165.4337727128725533 ) ) ;
#4724 = CARTESIAN_POINT ( 'NONE',  ( 1319.638785062937359, 817.7463050934142075, 112.0756333028938201 ) ) ;
#4725 = CARTESIAN_POINT ( 'NONE',  ( 959.5334347810675126, 133.5241085777535091, -95.82024443660418456 ) ) ;
#4726 = CARTESIAN_POINT ( 'NONE',  ( 1366.099390149139481, 849.3715086090093109, 32.57221534305053723 ) ) ;
#4727 = CARTESIAN_POINT ( 'NONE',  ( 618.5056078157219872, 10.41468827914856909, -26.31248207972923225 ) ) ;
#4728 = CARTESIAN_POINT ( 'NONE',  ( 1037.241116373594878, 322.6352664155544403, 103.0416845022020453 ) ) ;
#4729 = CARTESIAN_POINT ( 'NONE',  ( 1052.515867257832269, 260.7393135204074497, 3.331953034648238887 ) ) ;
#4730 = CARTESIAN_POINT ( 'NONE',  ( 1392.005745754158170, 1018.625904907619201, 71.33839278708440190 ) ) ;
#4731 = CARTESIAN_POINT ( 'NONE',  ( 1435.115101989480081, 954.9620371863788932, -15.93349348379570429 ) ) ;
#4732 = CARTESIAN_POINT ( 'NONE',  ( 618.5907467786622647, 6.150607674521524793, -8.553392232786322325 ) ) ;
#4733 = CARTESIAN_POINT ( 'NONE',  ( 1389.584790750452839, 1022.201169596657110, 71.87091238900482892 ) ) ;
#4734 = CARTESIAN_POINT ( 'NONE',  ( 1475.349748458477961, 785.1931543972538066, -141.2713010595240632 ) ) ;
#4735 = CARTESIAN_POINT ( 'NONE',  ( 1143.389338931535121, 366.6905236369291856, -15.98569769328763535 ) ) ;
#4736 = CARTESIAN_POINT ( 'NONE',  ( 579.4616107456049576, -1.411847002281095387, -31.94732470457337925 ) ) ;
#4737 = CARTESIAN_POINT ( 'NONE',  ( 675.4912054741915881, 45.18808162278634200, 23.14121411715544596 ) ) ;
#4738 = CARTESIAN_POINT ( 'NONE',  ( 618.2341535768259746, 26.73313217537000597, 48.29219424974125019 ) ) ;
#4739 = CARTESIAN_POINT ( 'NONE',  ( 947.7717132929492436, 197.8750309722632892, 50.74809704953554501 ) ) ;
#4740 = CARTESIAN_POINT ( 'NONE',  ( 734.7180481940450818, 29.28655274656189533, -63.75925064088236383 ) ) ;
#4741 = CARTESIAN_POINT ( 'NONE',  ( 618.6691635963221643, 1.522580555062509999, -24.27359496837257424 ) ) ;
#4742 = CARTESIAN_POINT ( 'NONE',  ( 618.2221177782469113, 27.09711446498581111, 31.22989928173387142 ) ) ;
#4743 = CARTESIAN_POINT ( 'NONE',  ( 1312.322763975226053, 427.7965396415393684, -165.3238540563785932 ) ) ;
#4744 = CARTESIAN_POINT ( 'NONE',  ( 733.5130297831349253, 47.13366523030736488, -32.19613223712009642 ) ) ;
#4745 = CARTESIAN_POINT ( 'NONE',  ( 734.8637207157195235, 27.21511113465556875, -56.20955875373634569 ) ) ;
#4746 = CARTESIAN_POINT ( 'NONE',  ( 840.7941202680000288, 139.0020859177413968, 80.45198263012945006 ) ) ;
#4747 = CARTESIAN_POINT ( 'NONE',  ( 1351.976321631246265, 491.5139975891368636, -161.6317176259787232 ) ) ;
#4748 = CARTESIAN_POINT ( 'NONE',  ( 1069.096987035843995, 193.4818590827771345, -123.0548498403152280 ) ) ;
#4749 = CARTESIAN_POINT ( 'NONE',  ( 1011.875640048924197, 175.1828660146659047, -75.71420651686072745 ) ) ;
#4750 = CARTESIAN_POINT ( 'NONE',  ( 1296.299450593936626, 742.8618903851621553, 108.3129470058016182 ) ) ;
#4751 = CARTESIAN_POINT ( 'NONE',  ( 1274.002105424242245, 787.3534146046029036, 168.8760690063861887 ) ) ;
#4752 = CARTESIAN_POINT ( 'NONE',  ( 842.1545748269273872, 127.9562273884957904, 57.62754790424635587 ) ) ;
#4753 = CARTESIAN_POINT ( 'NONE',  ( 1419.293528127986519, 634.2855662041515643, -156.4630629333661034 ) ) ;
#4754 = CARTESIAN_POINT ( 'NONE',  ( 1445.744786128017267, 831.7347955381836755, -89.90731193994696469 ) ) ;
#4755 = CARTESIAN_POINT ( 'NONE',  ( 618.5074184071214631, 11.02987780795969464, 7.090166576970714729 ) ) ;
#4756 = CARTESIAN_POINT ( 'NONE',  ( 1392.925706450477264, 1017.267307582258013, 63.73620534509963420 ) ) ;
#4757 = CARTESIAN_POINT ( 'NONE',  ( 1051.816008188350906, 263.5772078567715084, 8.592324002014663620 ) ) ;
#4758 = CARTESIAN_POINT ( 'NONE',  ( 675.5521731620688115, 43.99790670959235683, 46.78930426756932803 ) ) ;
#4759 = CARTESIAN_POINT ( 'NONE',  ( 1395.885152239779472, 798.5355530937487174, -20.42616481777264070 ) ) ;
#4760 = CARTESIAN_POINT ( 'NONE',  ( 901.5876757419656542, 122.1160193561180165, -29.27190283576462093 ) ) ;
#4761 = CARTESIAN_POINT ( 'NONE',  ( 1375.796239406445466, 1009.662665442099069, 90.32107112676411020 ) ) ;
#4762 = CARTESIAN_POINT ( 'NONE',  ( 1293.363472094399640, 618.5826063793318781, 2.577150875518759765 ) ) ;
#4763 = CARTESIAN_POINT ( 'NONE',  ( 1259.668178940723692, 394.1177693639517656, -137.9467836498309623 ) ) ;
#4764 = CARTESIAN_POINT ( 'NONE',  ( 1419.293516168493852, 978.3273442753860536, 6.414462815337765633 ) ) ;
#4765 = CARTESIAN_POINT ( 'NONE',  ( 1302.934736924692970, 729.6002850395851738, 68.57540382077375796 ) ) ;
#4766 = CARTESIAN_POINT ( 'NONE',  ( 1119.542664491803407, 442.7086174964209135, 139.8163905155822704 ) ) ;
#4767 = CARTESIAN_POINT ( 'NONE',  ( 579.3993827010781388, 7.056219363090555419, 18.30164764443375347 ) ) ;
#4768 = CARTESIAN_POINT ( 'NONE',  ( 1112.373532546201432, 264.6360497078197795, -75.84433626847504684 ) ) ;
#4769 = EDGE_LOOP ( 'NONE', ( #1403, #6218 ) ) ;
#4770 = CARTESIAN_POINT ( 'NONE',  ( 1126.232161467778496, 421.3610881963646762, 83.91423075453009517 ) ) ;
#4771 = CARTESIAN_POINT ( 'NONE',  ( 961.2693135509592821, 124.0558137979150928, -106.0894974812777463 ) ) ;
#4772 = CARTESIAN_POINT ( 'NONE',  ( 900.6795828888400592, 127.9572312638462819, -46.25502210862420327 ) ) ;
#4773 = CARTESIAN_POINT ( 'NONE',  ( 1216.228612441933592, 335.7850483075920920, -128.8013224980798839 ) ) ;
#4774 = CARTESIAN_POINT ( 'NONE',  ( 1036.744496540287855, 324.6741342370273742, 119.4293089264733680 ) ) ;
#4775 = CARTESIAN_POINT ( 'NONE',  ( 849.2436799957093854, 70.22545007017407670, -85.18417829472659264 ) ) ;
#4776 = CARTESIAN_POINT ( 'NONE',  ( 1467.936634229835590, 906.4912208848821820, -81.20348050391757511 ) ) ;
#4777 = CARTESIAN_POINT ( 'NONE',  ( 1171.671098013188384, 276.6420000469519209, -141.4041164902532728 ) ) ;
#4778 = CARTESIAN_POINT ( 'NONE',  ( 792.1221927119141810, 49.28690884776739978, -72.93971058287114317 ) ) ;
#4779 = CARTESIAN_POINT ( 'NONE',  ( 791.7749638301037294, 53.05169024502484376, -49.77732978298735134 ) ) ;
#4780 = CARTESIAN_POINT ( 'NONE',  ( 1086.169649198111756, 358.2886010305095397, 89.43734059833654726 ) ) ;
#4781 = CARTESIAN_POINT ( 'NONE',  ( 1346.136849622413820, 988.3576395420762992, 133.1379384120961333 ) ) ;
#4782 = CARTESIAN_POINT ( 'NONE',  ( 579.3783490351083856, 9.978787887987859762, 26.33467669469457206 ) ) ;
#4783 = CARTESIAN_POINT ( 'NONE',  ( 1414.533519535568985, 643.0466089825467861, -146.4411023700233159 ) ) ;
#4784 = CARTESIAN_POINT ( 'NONE',  ( 842.8575407071272139, 122.1031882641919140, 12.16456075493140432 ) ) ;
#4785 = CARTESIAN_POINT ( 'NONE',  ( 579.4367095373313532, 2.053042020592686701, -24.64898439746471936 ) ) ;
#4786 = CARTESIAN_POINT ( 'NONE',  ( 618.5359780486390946, 9.362545029841204069, 1.888631776408558283 ) ) ;
#4787 = CARTESIAN_POINT ( 'NONE',  ( 991.8142874579643831, 268.7306988858058503, 88.11919462718562102 ) ) ;
#4788 = CARTESIAN_POINT ( 'NONE',  ( 1332.144465823871769, 671.3318900088805776, 3.221706340126704760 ) ) ;
#4789 = CARTESIAN_POINT ( 'NONE',  ( 732.0065735402305336, 69.73275411514893563, 55.18417756471829705 ) ) ;
#4790 = CARTESIAN_POINT ( 'NONE',  ( 1192.541692970303529, 403.6567156599722352, -19.00553064855690621 ) ) ;
#4791 = CARTESIAN_POINT ( 'NONE',  ( 1407.093570690955630, 656.7507217189696576, -117.4433842216072605 ) ) ;
#4792 = CARTESIAN_POINT ( 'NONE',  ( 1328.110296799735806, 914.2346987404132506, 134.0462374393576113 ) ) ;
#4793 = CARTESIAN_POINT ( 'NONE',  ( 1050.757039285434075, 267.7923850660455400, -14.00898269956316078 ) ) ;
#4794 = CARTESIAN_POINT ( 'NONE',  ( 903.8134603800663172, 107.4299895633635487, -80.58975242025059060 ) ) ;
#4795 = CARTESIAN_POINT ( 'NONE',  ( 841.6164045076147886, 132.2177393053227661, 39.94115682575481685 ) ) ;
#4796 = CARTESIAN_POINT ( 'NONE',  ( 1299.488615470914510, 854.8409706434947566, 164.8469838539383545 ) ) ;
#4797 = CARTESIAN_POINT ( 'NONE',  ( 1337.845421297499570, 784.2296002221200979, 63.83729603249108209 ) ) ;
#4798 = CARTESIAN_POINT ( 'NONE',  ( 734.4224956941908431, 33.80497036332858585, -37.05318224045662845 ) ) ;
#4799 = CARTESIAN_POINT ( 'NONE',  ( 899.4806301669865434, 135.9394989882674167, 0.9844789936317268619 ) ) ;
#4800 = CARTESIAN_POINT ( 'NONE',  ( 1083.160579582400260, 369.0028643879903143, 89.07153416639542343 ) ) ;
#4801 = CARTESIAN_POINT ( 'NONE',  ( 1427.204086543394624, 619.7286030552404554, -170.2699357354592280 ) ) ;
#4802 = CARTESIAN_POINT ( 'NONE',  ( 1153.917148668209620, 333.1576967276416212, -69.25032647952767206 ) ) ;
#4803 = CARTESIAN_POINT ( 'NONE',  ( 1068.077158189908005, 197.6291688683742223, -113.1948232648268515 ) ) ;
#4804 = CARTESIAN_POINT ( 'NONE',  ( 1099.488812213506662, 310.6248620855699869, -23.37176043448922513 ) ) ;
#4805 = CARTESIAN_POINT ( 'NONE',  ( 731.7356060225420151, 73.74379525121719325, 63.84494137632174215 ) ) ;
#4806 = CARTESIAN_POINT ( 'NONE',  ( 1475.570167062356632, 784.8458159798584575, -142.8547505475935111 ) ) ;
#4807 = CARTESIAN_POINT ( 'NONE',  ( 1453.599487323850553, 700.0096074814572376, -156.7175104298424912 ) ) ;
#4808 = CARTESIAN_POINT ( 'NONE',  ( 1390.100630761947741, 555.6785659939458810, -163.1184874855925955 ) ) ;
#4809 = CARTESIAN_POINT ( 'NONE',  ( 1408.157517739148261, 654.7819920115796322, -132.4456447713997136 ) ) ;
#4810 = CARTESIAN_POINT ( 'NONE',  ( 1345.841893495607337, 504.8032620421135448, -152.4558883747312166 ) ) ;
#4811 = CARTESIAN_POINT ( 'NONE',  ( 579.4968315206328953, -6.407684924620403066, -27.92252666634042413 ) ) ;
#4812 = B_SPLINE_SURFACE_WITH_KNOTS ( 'NONE', 3, 3, ( 
 ( #5633, #2804, #5063, #2208, #853, #6040, #1319, #4722, #822, #4691, #2740, #4658, #3658, #1832, #4597, #3253, #383, #3222, #2240, #3157, #5569, #6135, #4229 ),
 ( #3188, #3753, #350, #5539, #4200, #1255, #2300, #1352, #5094, #1798, #3723, #411, #5191, #2330, #789, #5663, #4259, #6164, #2709, #1860, #5160, #1225, #758 ),
 ( #2676, #284, #1288, #4137, #4166, #1735, #5128, #4628, #318, #6069, #3689, #4824, #516, #1424, #4268, #5797, #1868, #1457, #35, #6172, #2843, #453, #4301 ),
 ( #5765, #1490, #5201, #4331, #1013, #2909, #3418, #1899, #3296, #2338, #2403, #2371, #4238, #4790, #1841, #3793, #6207, #3826, #3388, #4759, #5297, #983, #5733 ),
 ( #2438, #3764, #5233, #5330, #5701, #1963, #3891, #4700, #3356, #392, #953, #1393, #2310, #6143, #5672, #2877, #483, #894, #1362, #2813, #3, #1930, #4731 ),
 ( #420, #3857, #3326, #924, #2974, #4420, #4974, #3513, #1106, #5894, #1138, #4947, #3544, #1586, #98, #5926, #2027, #4886, #3009, #3987, #3038, #578, #5455 ),
 ( #3954, #2590, #4049, #642, #3066, #5361, #4455, #5426, #2090, #550, #2469, #132, #1522, #2942, #2560, #4022, #5862, #4392, #1552, #4857, #4512, #67, #4486 ),
 ( #1997, #196, #164, #611, #1075, #4917, #1616, #3481, #2119, #2531, #2059, #5956, #1646, #3923, #3572, #5395, #5481, #5829, #2498, #3449, #1042, #2650, #6015 ),
 ( #3129, #3098, #2181, #5006, #4083, #5036, #731, #5542, #1197, #1228, #3161, #4572, #257, #5066, #761, #5985, #4112, #2679, #701, #4600, #1709, #4542, #3632 ),
 ( #3601, #1169, #227, #2151, #288, #2212, #1678, #5511, #2619, #4175, #328, #3731, #5992, #3136, #1775, #737, #2249, #5641, #1745, #5609, #3667, #5578, #4578 ),
 ( #6078, #831, #3198, #1715, #3231, #3637, #2187, #295, #1264, #3699, #4118, #2749, #5105, #234, #798, #6021, #5138, #2280, #263, #2718, #4636, #1329, #6110 ),
 ( #4668, #1296, #4208, #5548, #359, #1807, #2158, #3262, #5168, #1234, #5518, #3166, #4090, #1684, #863, #2783, #4145, #4606, #2219, #3608, #5072, #1204, #6049 ),
 ( #5042, #767, #2656, #2686, #3715, #6157, #1344, #5120, #845, #5655, #3245, #3277, #5183, #877, #2763, #4682, #375, #814, #2797, #4715, #5624, #405, #2324 ),
 ( #2732, #4220, #6093, #1311, #4251, #4651, #2264, #4191, #6126, #5152, #343, #1789, #2293, #1823, #3745, #5661, #6100, #5754, #3721, #2833, #4258, #5631, #883 ),
 ( #1859, #2329, #6163, #941, #3283, #3847, #3784, #5691, #4320, #2898, #4198, #1382, #2803, #3317, #1796, #3751, #5189, #4721, #5223, #3815, #914, #1413, #1317 ),
 ( #3344, #1350, #2865, #5284, #4688, #4779, #503, #2391, #974, #4749, #2769, #1830, #471, #441, #3251, #4289, #5158, #410, #2358, #6195, #6228, #1919, #1445 ),
 ( #3377, #4811, #851, #381, #2298, #4226, #6132, #4009, #1095, #153, #3942, #2079, #1062, #5350, #2425, #1952, #1479, #599, #2996, #1003, #3878, #5786, #118 ),
 ( #1985, #3912, #5913, #4907, #2520, #1512, #2457, #5818, #4476, #4440, #2047, #5383, #631, #3973, #3027, #5882, #3438, #5415, #1031, #4381, #2487, #3469, #1573 ),
 ( #2962, #4936, #4875, #1605, #3533, #3502, #2550, #4844, #5850, #5446, #1127, #3057, #4964, #568, #4350, #4410, #24, #3408, #86, #5319, #2929, #539, #2015 ),
 ( #56, #1542, #4131, #2580, #2140, #3118, #2202, #4071, #1728, #1760, #1156, #277, #3214, #5087, #3682, #4103, #5472, #4531, #4591, #2639, #185, #752, #4039 ),
 ( #6034, #3087, #5976, #5533, #6005, #5593, #5025, #721, #4621, #5945, #1187, #1280, #1667, #2233, #5562, #310, #2172, #4159, #1219, #3590, #661, #2109, #1636 ),
 ( #4995, #3562, #690, #3651, #2670, #6063, #2608, #215, #1248, #5500, #3181, #4503, #1698, #781, #3623, #3150, #4562, #2702, #247, #5057, #4992, #4006, #2577 ),
 ( #5581, #3670, #5551, #739, #1236, #1686, #1266, #4092, #2720, #6080, #2690, #3202, #1176, #265, #3640, #4147, #2597, #4519, #2190, #3579, #4983, #3169, #6051 ),
 ( #678, #4609, #5075, #2160, #4059, #2627, #203, #2127, #4638, #298, #2658, #3138, #4580, #1748, #5994, #5520, #1777, #236, #330, #5107, #2251, #4120, #4178 ),
 ( #801, #2221, #3701, #5014, #5611, #5964, #1298, #1654, #769, #3106, #5489, #4550, #3610, #709, #1206, #5044, #6023, #1717, #189, #3122, #1160, #3091, #219 ),
 ( #2144, #4075, #725, #2643, #4566, #4135, #379, #4686, #347, #1764, #2269, #2707, #2296, #5092, #3749, #881, #3719, #4224, #2206, #1286, #4655, #5156, #3627 ),
 ( #6130, #1315, #5659, #1253, #849, #4196, #6009, #5629, #6098, #3186, #5061, #3656, #1702, #5537, #1348, #3249, #3687, #4164, #5598, #2767, #787, #3281, #6067 ),
 ( #2801, #316, #1828, #5187, #2238, #2327, #4719, #1223, #3219, #408, #5125, #3154, #756, #2674, #819, #2737, #1794, #4595, #282, #6038, #5567, #1733, #21 ),
 ( #5348, #1442, #2831, #1887, #1949, #6225, #3782, #4348, #1380, #3812, #1916, #3844, #1000, #2389, #4842, #2926, #5282, #4808, #54, #4379, #971, #4255, #2895 ),
 ( #1982, #4286, #501, #2422, #3435, #3909, #1029, #5721, #536, #5783, #5815, #1411, #5316, #3875, #6161, #1476, #3405, #3341, #3315, #5252, #1857, #5689, #1509 ),
 ( #2960, #3374, #6192, #4872, #565, #5220, #2455, #939, #911, #2863, #4748, #438, #4777, #2355, #469, #4317, #5267, #4827, #5737, #2441, #520, #38, #1427 ),
 ( #5205, #1966, #4395, #456, #3894, #5300, #1933, #4271, #6211, #70, #486, #5768, #2000, #3300, #1460, #2406, #6, #3860, #2817, #3797, #4734, #6175, #1872 ),
 ( #5705, #5237, #1648, #3011, #3546, #5483, #1045, #5958, #1108, #100, #644, #2061, #3452, #1171, #3069, #229, #1554, #2121, #2977, #3100, #4051, #2092, #3956 ),
 ( #4889, #4423, #4977, #2029, #5457, #5008, #3040, #673, #2562, #4488, #5864, #703, #581, #1140, #2592, #167, #4457, #2501, #3483, #2621, #2153, #5928, #1618 ),
 ( #4085, #1525, #5397, #1077, #4919, #613, #2533, #3989, #5896, #1588, #5987, #1199, #3131, #3603, #1679, #5513, #5879, #3499, #5530, #3115, #3559, #4036, #1633 ),
 ( #1695, #3620, #4528, #5443, #749, #2576, #2636, #1216, #182, #2199, #718, #1570, #5942, #4559, #2106, #2169, #5054, #2547, #3084, #212, #2137, #4473, #150 ),
 ( #2076, #1664, #4068, #4005, #5973, #3530, #2893, #2924, #5814, #1980, #4841, #5750, #1475, #5280, #1507, #937, #1440, #5314, #3874, #1539, #4806, #500, #83 ),
 ( #4378, #2012, #6190, #3939, #4347, #5250, #5782, #970, #2353, #5845, #3434, #5379, #468, #2958, #4284, #1059, #5347, #998, #2860, #2993, #6223, #1915, #436 ),
 ( #1885, #3810, #1947, #5719, #3404, #535, #4775, #1409, #3339, #2387, #4316, #20, #3372, #3842, #2420, #2, #1929, #2309, #923, #4300, #2930, #600, #3879 ),
 ( #3470, #4441, #504, #4876, #119, #2392, #2048, #3974, #1574, #4351, #5883, #5755, #1096, #5285, #25, #4845, #2458, #4382, #57, #1986, #3913, #5819, #4228 ),
 ( #4690, #6134, #6151, #5177, #4740, #5649, #1370, #903, #4246, #400, #3740, #871, #2823, #429, #5680, #1849, #3306, #4709, #2346, #2318, #4277, #6181, #1877 ),
 ( #3772, #1816, #1338, #3271, #2791, #6066, #3185, #1732, #5597, #2736, #4625, #3655, #315, #5566, #1793, #5091, #3218, #3686, #786, #4163, #2706, #1285, #1252 ),
 ( #2237, #5124, #818, #346, #2268, #4195, #6097, #3757, #1863, #4262, #3788, #5666, #5695, #1387, #3321, #5227, #2837, #918, #4753, #1355, #446, #2363, #4294 ),
 ( #3288, #415, #6199, #5195, #3820, #887, #1892, #2807, #4725, #1449, #5289, #2902, #4816, #508, #2429, #4355, #5524, #5078, #4641, #3205, #867, #2224, #6054 ),
 ( #1239, #1780, #3736, #1210, #4212, #3673, #4584, #5110, #301, #5584, #5172, #1270, #1720, #4704, #6115, #1812, #2723, #5554, #2787, #3172, #2754, #1334, #772 ),
 ( #2693, #4612, #4150, #804, #5614, #333, #3235, #1690, #1751, #2254, #1301, #4181, #836, #396, #269, #5142, #2314, #5645, #5998, #6083, #2193, #3643, #3704 ),
 ( #4673, #365, #4123, #2284, #3267, #3142, #3614, #5048, #743, #2662, #6026, #4305, #1968, #3302, #4763, #1017, #5707, #5801, #2913, #3896, #5739, #1494, #2881 ),
 ( #5770, #2946, #4273, #4829, #6147, #40, #522, #4794, #425, #3421, #3799, #1398, #5334, #488, #4335, #3330, #6177, #5239, #4859, #2408, #8, #958, #2443 ),
 ( #1462, #1904, #928, #1845, #2342, #4365, #553, #1935, #6213, #3862, #2848, #4242, #458, #3768, #5676, #3392, #1366, #1874, #1429, #5302, #986, #5207, #899 ),
 ( #2819, #4736, #2376, #3831, #3361, #5269, #169, #2563, #5865, #1527, #102, #2472, #71, #2122, #4024, #3990, #1046, #4397, #1110, #3547, #1555, #2001, #3957 ),
 ( #3485, #3454, #2030, #3927, #5833, #4053, #5930, #134, #614, #4458, #5458, #5399, #5959, #2534, #2062, #2593, #1172, #5365, #5897, #1079, #1589, #2978, #3012 ),
 ( #4921, #1619, #1141, #3070, #3515, #5429, #3041, #4890, #4979, #674, #4949, #4515, #4489, #645, #582, #2094, #1649, #198, #3574, #5484, #3101, #5009, #2502 ),
 ( #4424, #6017, #5573, #5068, #1291, #5604, #1740, #1259, #2744, #826, #2183, #2713, #4663, #230, #5133, #4601, #5514, #6045, #1230, #2622, #354, #2244, #3726 ),
 ( #3193, #1200, #2154, #4086, #4631, #793, #4203, #5988, #3604, #4170, #3132, #323, #6105, #2214, #6073, #4140, #3662, #5038, #3226, #1680, #1770, #3694, #290 ),
 ( #4114, #2652, #763, #5100, #2275, #4574, #1802, #5636, #704, #1324, #259, #3257, #4545, #733, #1711, #3633, #5544, #3162, #2681, #919, #4754, #858, #4326 ),
 ( #5667, #4785, #1485, #3383, #30, #2366, #3759, #2809, #2872, #2838, #4695, #5259, #2304, #1357, #5292, #4264, #3821, #3322, #5760, #3852, #6201, #5728, #978 ),
 ( #5697, #1958, #416, #511, #1452, #2904, #448, #4819, #1419, #1864, #5163, #387, #4233, #3351, #948, #3291, #6138, #1836, #478, #2398, #2433, #5196, #889 ),
 ( #6234, #6168, #4727, #2334, #4358, #1924, #3886, #1894, #5792, #2778, #3789, #1389, #5229, #4295, #4881, #5356, #3476, #4450, #3508, #1037, #4017, #127, #3413 ),
 ( #159, #5450, #3444, #2054, #5889, #2585, #3061, #192, #2969, #5921, #4942, #1133, #573, #4481, #3982, #5325, #1101, #5421, #2493, #2464, #4415, #1008, #2937 ),
 ( #2085, #4852, #5390, #1611, #93, #4969, #1547, #3004, #3539, #2114, #545, #1070, #2022, #4912, #4387, #3949, #5857, #606, #1581, #3033, #2526, #637, #62 ),
 ( #667, #1992, #4507, #2555, #3918, #4045, #5951, #5824, #1517, #3187, #4657, #1673, #2239, #3567, #3688, #317, #2207, #4078, #5599, #1192, #3124, #1287, #4136 ),
 ( #3595, #5031, #3221, #6039, #1734, #4596, #6068, #3657, #4165, #283, #727, #4626, #2645, #5506, #1704, #2675, #5568, #4567, #1765, #1254, #1642, #5093, #252 ),
 ( #5127, #5980, #3156, #788, #2708, #5477, #1163, #5062, #222, #3093, #821, #2739, #2176, #5001, #4107, #696, #349, #2614, #2271, #3628, #4537, #757, #4199 ),
 ( #2146, #5538, #6011, #1224, #5843, #4345, #5780, #81, #4901, #6101, #18, #4804, #1473, #1797, #5662, #968, #2891, #996, #5812, #5312, #3431, #3722, #1351 ),
 ( #5632, #5344, #4407, #3284, #4869, #1978, #4839, #5159, #5190, #5376, #2418, #2453, #1027, #1504, #4375, #498, #4689, #2922, #3465, #1318, #1945, #533, #3402 ),
 ( #3872, #3937, #852, #51, #2513, #2010, #1057, #3906, #382, #3752, #2955, #563, #3252, #2484, #2771, #2299, #1537, #2989, #593, #4227, #6133, #1831, #5466 ),
 ( #2165, #3496, #4958, #1211, #5907, #5999, #3111, #4097, #5938, #1691, #3079, #1120, #4435, #3968, #5409, #2602, #4988, #3022, #5876, #1566, #2133, #4524, #3615 ),
 ( #5525, #683, #208, #3526, #4468, #1599, #241, #4064, #5969, #1149, #2632, #1659, #5019, #3584, #5439, #1181, #3051, #145, #4498, #5494, #714, #2072, #4555 ),
 ( #655, #3143, #5049, #744, #113, #625, #1628, #2041, #1089, #4931, #2544, #3555, #4001, #2572, #178, #2102, #4032, #270, #4151, #4585, #4243, #2194, #1302 ),
 ( #4124, #4674, #397, #5646, #6027, #4642, #1335, #1752, #2315, #805, #2255, #2788, #1367, #2663, #2724, #1271, #4182, #1721, #2225, #3674, #5585, #3705, #2285 ),
 ( #1813, #334, #6084, #1781, #3644, #3737, #868, #6055, #3268, #5615, #5143, #1846, #6148, #5677, #302, #5173, #4213, #3769, #3206, #4705, #3236, #5555, #366 ),
 ( #1240, #5111, #3173, #5079, #6116, #3303, #5208, #773, #837, #2694, #2755, #4613, #5270, #489, #1018, #5834, #900, #959, #5740, #2409, #2820, #459, #1905 ),
 ( #523, #9, #4366, #4737, #2377, #3362, #2444, #4306, #1969, #2002, #1399, #42, #3455, #5335, #3928, #4336, #5708, #4765, #4830, #2882, #426, #987, #4274 ),
 ( #4398, #2343, #6214, #5771, #1936, #1528, #4795, #3863, #4860, #6178, #1430, #1875, #3832, #2473, #5803, #554, #1464, #72, #3393, #5303, #3800, #3331, #5240 ),
 ( #929, #2947, #1495, #2914, #2849, #3897, #3422, #4922, #5010, #1620, #5459, #4459, #5400, #615, #1173, #5931, #3548, #2095, #3575, #1142, #5960, #4025, #2535 ),
 ( #3486, #1650, #4054, #3071, #1111, #4980, #2063, #5485, #135, #3102, #231, #675, #705, #1556, #170, #2594, #3013, #2623, #4516, #5366, #199, #1080, #2123 ),
 ( #3991, #646, #4546, #2155, #2979, #4891, #2564, #3958, #1047, #4087, #5989, #5898, #583, #1590, #2503, #1681, #4425, #103, #5430, #2031, #4490, #5866, #3516 ),
 ( #3042, #4950, #2682, #3258, #1741, #3194, #3727, #2305, #3605, #3663, #2215, #5101, #5515, #3163, #4602, #291, #4632, #3227, #2714, #827, #1201, #5069, #6046 ),
 ( #2745, #1803, #764, #2276, #5605, #2245, #2653, #4141, #2779, #5574, #6074, #4664, #5134, #1771, #1260, #2184, #324, #859, #3133, #794, #4171, #3695, #4696 ),
 ( #1325, #4575, #1292, #388, #355, #5164, #4204, #4234, #6106, #6139, #5637, #5039, #734, #260, #4115, #6018, #1712, #3634, #5545, #1231, #5762, #1926, #5327 ),
 ( #1487, #4328, #3854, #920, #1865, #3323, #3888, #2400, #6236, #4787, #32, #1454, #2435, #480, #5230, #4821, #2840, #3790, #1896, #3385, #1390, #2939, #4756 ),
 ( #450, #4389, #980, #3760, #3823, #5294, #2368, #2906, #513, #4360, #6203, #5730, #1421, #5668, #1960, #5794, #4297, #3415, #1010, #4854, #890, #3353, #547 ),
 ( #2466, #5261, #1358, #1837, #5197, #2335, #3292, #950, #2810, #2874, #4728, #417, #4265, #6169, #5698, #194, #1549, #2087, #4047, #5826, #4509, #3984, #4883 ),
 ( #4944, #3006, #64, #1519, #5358, #4483, #639, #575, #3446, #1039, #4019, #161, #3569, #2971, #2495, #1613, #4417, #5923, #5479, #1583, #5452, #3510, #5423 ),
 ( #2116, #3541, #669, #3035, #3478, #3063, #5392, #2024, #129, #1103, #95, #2557, #4914, #2587, #1072, #5953, #1166, #1135, #1643, #3951, #4971, #3095, #5003 ),
 ( #5859, #698, #2616, #1994, #608, #3920, #2528, #4452, #2056, #5891, #1706, #3598, #2178, #4539, #2148, #319, #2273, #1289, #4080, #285, #3223, #3630, #4201 ),
 ( #4109, #5540, #1226, #5570, #4167, #3659, #1767, #224, #6013, #759, #6070, #3158, #5601, #5634, #5033, #3690, #854, #2741, #1320, #1736, #3126, #5064, #2241 ),
 ( #2710, #2677, #728, #1256, #1799, #5982, #4598, #3189, #5095, #3254, #2209, #4138, #6103, #5508, #6041, #5161, #790, #3724, #5129, #1675, #4629, #1194, #823 ),
 ( #4659, #2647, #4569, #351, #254, #4814, #1447, #3346, #5192, #506, #2331, #4260, #2427, #5255, #2867, #1861, #2805, #6165, #4353, #943, #4781, #5724, #976 ),
 ( #4322, #444, #5693, #384, #885, #3786, #1415, #3379, #5664, #473, #1384, #5287, #3319, #27, #3881, #2394, #2900, #4723, #4291, #6230, #1921, #2301, #4230 ),
 ( #3849, #1954, #5225, #5757, #5788, #2773, #1481, #3410, #916, #1833, #412, #4692, #6136, #5321, #3754, #1353, #3286, #4751, #2835, #2360, #6197, #1890, #3817 ),
 ( #1005, #1064, #5852, #2932, #570, #2017, #3944, #2050, #633, #121, #4478, #4847, #2489, #3472, #2552, #4412, #2081, #2111, #1514, #155, #3564, #5448, #4041 ),
 ( #5385, #3504, #4011, #5915, #5417, #88, #5821, #3976, #4505, #541, #1544, #5885, #4443, #5947, #2998, #4909, #4966, #59, #602, #1638, #2522, #2582, #1607 ),
 ( #663, #1576, #1098, #2460, #4384, #1988, #3029, #4938, #3440, #3915, #5352, #3535, #1129, #187, #1033, #2964, #3059, #4878, #1250, #2734, #754, #4623, #2672 ),
 ( #2204, #3684, #3183, #6065, #4133, #723, #2235, #2641, #1189, #3216, #3592, #4564, #5122, #1762, #280, #5474, #6036, #3120, #4161, #1283, #5502, #1730, #3653 ),
 ( #3089, #4997, #4593, #4073, #1158, #5564, #312, #249, #692, #2174, #2610, #816, #4533, #5089, #5535, #217, #784, #2704, #5595, #5978, #3152, #5027, #4193 ),
 ( #3625, #5059, #4653, #6095, #2142, #1221, #4105, #344, #2266, #1791, #1670, #6007, #1700, #407, #3717, #3247, #2765, #1884, #2352, #2295, #5154, #847, #1408 ),
 ( #3279, #5185, #3371, #6189, #3809, #2799, #3747, #879, #5749, #4283, #5718, #435, #1914, #3338, #4315, #5249, #4717, #467, #2326, #5657, #1439, #1825, #4253 ),
 ( #6159, #6222, #1855, #5279, #4805, #936, #3841, #6128, #5218, #2859, #4774, #1313, #4684, #909, #4222, #5626, #2386, #969, #3780, #377, #5687, #1346, #2892 ),
 ( #1377, #3313, #2829, #499, #2419, #4346, #4746, #19, #4933, #1028, #1601, #82, #1538, #2074, #657, #1946, #2011, #564, #3466, #3873, #1506, #2957, #4871 ),
 ( #1091, #3498, #3024, #3938, #5844, #5378, #5781, #628, #148, #3433, #2546, #3970, #596, #997, #5346, #1123, #4408, #4437, #5411, #4471, #115, #2485, #534 ),
 ( #2516, #1058, #4003, #5909, #2992, #2043, #3528, #5441, #4904, #5878, #3053, #1474, #4960, #4500, #2574, #3403, #1568, #2454, #5813, #5313, #2923, #4840, #4377 ),
 ( #53, #1979, #3908, #5577, #5137, #3698, #1361, #2717, #327, #4237, #5468, #797, #3295, #1744, #1840, #5167, #6142, #1774, #3763, #830, #3197, #180, #5940 ),
 ( #862, #2104, #2308, #2782, #2748, #2685, #5671, #6048, #3666, #5200, #4667, #358, #1263, #294, #5104, #893, #2279, #4207, #3230, #4699, #6109, #391, #1806 ),
 ( #4034, #4605, #4635, #3730, #2812, #3082, #5640, #2248, #1631, #4174, #3557, #1152, #1328, #4990, #2218, #5608, #3261, #686, #4144, #6077, #1295, #3325, #4730 ),
 ( #5796, #3387, #419, #2437, #4823, #1898, #3792, #2370, #2337, #4267, #515, #2468, #1489, #6171, #482, #3417, #3825, #4391, #2876, #4330, #4856, #3448, #1867 ),
 ( #6206, #1041, #3890, #5700, #4789, #4362, #3355, #5329, #34, #1012, #2402, #1, #1928, #1392, #2941, #549, #4299, #66, #1423, #5232, #922, #2842, #2908 ),
 ( #1996, #3922, #5296, #4758, #5828, #5732, #5263, #1521, #982, #1962, #952, #452, #3856, #5360, #5764, #1456, #5925, #1168, #4972, #3571, #1615, #4454, #5955 ),
 ( #700, #1074, #2058, #2618, #5480, #4021, #2973, #3543, #4916, #1645, #5005, #3008, #5454, #1137, #2150, #4541, #5984, #610, #3097, #4511, #226, #131, #4048 ),
 ( #3986, #4885, #4082, #2497, #3065, #3037, #4419, #4485, #671, #1677, #3480, #641, #2530, #3600, #5510, #577, #2589, #5893, #97, #1585, #2026, #3953, #3512 ),
 ( #5425, #1105, #4946, #195, #2118, #2089, #5861, #1551, #2559, #163, #5394, #2678, #2274, #2302, #1708, #825, #3756, #5635, #4231, #4630, #6014, #5065, #5131 ),
 ( #1290, #4571, #3631, #1322, #287, #6072, #5572, #1800, #6104, #2243, #1769, #3255, #5162, #4599, #3224, #856, #730, #2776, #5097, #5541, #321, #1738, #3128 ),
 ( #1196, #1258, #6043, #792, #5035, #760, #2211, #4139, #4169, #2742, #3692, #4661, #2649, #3661, #3191, #352, #2711, #4202, #6137, #1227, #3725, #256, #4693 ),
 ( #385, #5602, #1835, #2180, #4111, #3160, #4752, #4261, #2395, #2933, #5194, #445, #4324, #2869, #542, #1891, #5726, #3411, #4724, #6198, #2461, #917, #1006 ),
 ( #6167, #4782, #3819, #1354, #1482, #977, #4385, #5694, #28, #3287, #5322, #4354, #6231, #1862, #4848, #5226, #2836, #60, #1922, #5758, #2362, #1386, #4293 ),
 ( #3850, #1448, #3882, #3380, #1955, #5288, #1416, #2428, #3348, #3320, #1989, #3787, #5256, #5665, #5789, #475, #886, #2901, #945, #2806, #414, #4815, #507 ),
 ( #2332, #1515, #3441, #5418, #2490, #3916, #2553, #4967, #1065, #5353, #5386, #5822, #5475, #1034, #4479, #3977, #2965, #1099, #4939, #4042, #4413, #1577, #5853 ),
 ( #3565, #2051, #3505, #2999, #5916, #1639, #4879, #2112, #3030, #89, #634, #4445, #571, #5948, #5449, #693, #3945, #4506, #2018, #1159, #2583, #156, #1545 ),
 ( #3473, #4910, #1130, #603, #1608, #3090, #2082, #3060, #4012, #3536, #2523, #188, #122, #664, #4998, #2611, #5886, #4534, #218, #4565, #5060, #3654, #5503 ),
 ( #3153, #2143, #755, #724, #1731, #3184, #5028, #2673, #4594, #2705, #5090, #4624, #2642, #5565, #4134, #785, #250, #1251, #281, #4074, #2205, #6037, #2175 ),
 ( #3626, #1671, #313, #5979, #3593, #4106, #1190, #6008, #3121, #1701, #5536, #1222, #1088, #2631, #4930, #4523, #3110, #3021, #4096, #682, #3464, #1598, #1148 ),
 ( #3078, #2601, #5906, #3524, #1119, #5375, #207, #5968, #624, #2131, #3554, #177, #592, #2543, #713, #4000, #4031, #4987, #4063, #5937, #4467, #112, #4497 ),
 ( #144, #2101, #4957, #4554, #5438, #3050, #5493, #2512, #1658, #3583, #1180, #654, #2571, #1627, #1056, #5018, #240, #2071, #2164, #5465, #1536, #4434, #2988 ),
 ( #5408, #4900, #2040, #3967, #5875, #1565, #3495, #3165, #2684, #5517, #5071, #3636, #1294, #2655, #262, #4173, #5487, #736, #3229, #1683, #1773, #5103, #6076 ),
 ( #4577, #2125, #2247, #1743, #5136, #233, #796, #4056, #3697, #2716, #766, #2625, #5607, #5991, #3607, #829, #4604, #293, #1203, #2157, #3135, #2747, #2217 ),
 ( #4634, #1175, #4143, #3665, #4117, #5041, #5962, #4548, #2186, #6047, #326, #3104, #5576, #6020, #201, #1714, #1652, #3577, #1262, #5012, #4089, #5547, #3196 ),
 ( #707, #1233, #5262, #6205, #2401, #6141, #5731, #3324, #4666, #2369, #4757, #1839, #3729, #2307, #357, #2278, #451, #4329, #1422, #4206, #418, #3354, #3762 ),
 ( #1391, #4236, #5763, #5670, #951, #6237, #1360, #981, #3824, #6108, #4729, #4298, #3294, #2875, #5699, #5231, #481, #4788, #5199, #1897, #1927, #1805, #3855 ),
 ( #6170, #1455, #921, #892, #5639, #1327, #3260, #2841, #3386, #5166, #861, #2781, #5295, #4698, #390, #2811, #2336, #4266, #1866, #3791, #162, #4418, #2057 ) ),
 .UNSPECIFIED., .T., .F., .F.,
 ( 4, 1, 1, 1, 1, 1, 1, 1, 1, 1, 1, 1, 1, 1, 1, 1, 1, 1, 1, 1, 1, 1, 1, 1, 1, 1, 1, 1, 1, 1, 1, 1, 1, 1, 1, 1, 1, 1, 1, 1, 1, 1, 1, 1, 1, 1, 1, 1, 1, 1, 1, 1, 1, 1, 1, 1, 1, 1, 1, 1, 1, 1, 1, 1, 1, 1, 1, 1, 1, 1, 1, 1, 1, 1, 1, 1, 1, 1, 1, 1, 1, 1, 1, 1, 1, 1, 1, 1, 1, 1, 1, 1, 1, 1, 1, 1, 1, 1, 1, 1, 1, 1, 1, 1, 1, 1, 1, 1, 1, 1, 1, 1, 1, 1, 1, 1, 1, 1, 1, 1, 1, 1, 1, 1, 1, 1, 4 ),
 ( 4, 1, 1, 1, 1, 1, 1, 1, 1, 1, 1, 1, 1, 1, 1, 1, 1, 1, 1, 1, 4 ),
 ( 0.000000000000000000, 0.01562500000000000000, 0.03125000000000000000, 0.04687500000000000000, 0.06250000000000000000, 0.07812500000000000000, 0.09375000000000000000, 0.1093750000000000000, 0.1171875000000000000, 0.1250000000000000000, 0.1328125000000000000, 0.1406250000000000000, 0.1484375000000000000, 0.1562500000000000000, 0.1640625000000000000, 0.1718750000000000000, 0.1796875000000000000, 0.1875000000000000000, 0.1953125000000000000, 0.2031250000000000000, 0.2070312500000000000, 0.2109375000000000000, 0.2148437500000000000, 0.2187500000000000000, 0.2226562500000000000, 0.2265625000000000000, 0.2304687500000000000, 0.2343750000000000000, 0.2382812500000000000, 0.2421875000000000000, 0.2441406250000000000, 0.2460937500000000000, 0.2480468750000000000, 0.2490234375000000000, 0.2500000000000000000, 0.2519531250000000000, 0.2539062500000000000, 0.2578125000000000000, 0.2617187500000000000, 0.2656250000000000000, 0.2695312500000000000, 0.2734375000000000000, 0.2773437500000000000, 0.2812500000000000000, 0.2851562500000000000, 0.2890625000000000000, 0.2968750000000000000, 0.3046875000000000000, 0.3125000000000000000, 0.3203125000000000000, 0.3281250000000000000, 0.3359375000000000000, 0.3437500000000000000, 0.3515625000000000000, 0.3593750000000000000, 0.3671875000000000000, 0.3750000000000000000, 0.3906250000000000000, 0.4062500000000000000, 0.4218750000000000000, 0.4375000000000000000, 0.4531250000000000000, 0.4687500000000000000, 0.4843750000000000000, 0.5000000000000000000, 0.5156250000000000000, 0.5312500000000000000, 0.5468750000000000000, 0.5625000000000000000, 0.5781250000000000000, 0.5937500000000000000, 0.6093750000000000000, 0.6250000000000000000, 0.6406250000000000000, 0.6562500000000000000, 0.6640625000000000000, 0.6718750000000000000, 0.6796875000000000000, 0.6875000000000000000, 0.6953125000000000000, 0.7031250000000000000, 0.7109375000000000000, 0.7148437500000000000, 0.7187500000000000000, 0.7226562500000000000, 0.7265625000000000000, 0.7304687500000000000, 0.7343750000000000000, 0.7382812500000000000, 0.7421875000000000000, 0.7460937500000000000, 0.7480468750000000000, 0.7500000000000000000, 0.7519531250000000000, 0.7539062500000000000, 0.7578125000000000000, 0.7617187500000000000, 0.7656250000000000000, 0.7695312500000000000, 0.7734375000000000000, 0.7773437500000000000, 0.7812500000000000000, 0.7851562500000000000, 0.7890625000000000000, 0.7929687500000000000, 0.7968750000000000000, 0.8007812500000000000, 0.8046875000000000000, 0.8085937500000000000, 0.8125000000000000000, 0.8203125000000000000, 0.8281250000000000000, 0.8359375000000000000, 0.8437500000000000000, 0.8515625000000000000, 0.8593750000000000000, 0.8671875000000000000, 0.8750000000000000000, 0.8828125000000000000, 0.8906250000000000000, 0.9062500000000000000, 0.9218750000000000000, 0.9375000000000000000, 0.9531250000000000000, 0.9687500000000000000, 0.9843750000000000000, 1.000000000000000000 ),
 ( 0.000000000000000000, 0.04333852684012776818, 0.08717308317991924460, 0.1315563818174493305, 0.1765291643852368308, 0.2221267757322754888, 0.2683850631449340995, 0.3153386076795121618, 0.3630191516787464878, 0.4114550007090829742, 0.4606753753612851110, 0.5107069724963625434, 0.5615736378710077803, 0.6132980006039104870, 0.6658995490811303597, 0.7193921803170038043, 0.7737873112060515979, 0.8290862207547907703, 0.8852772768625633004, 0.9423105660483590551, 1.000000000000000000 ),
 .UNSPECIFIED. ) ;
#4813 = CARTESIAN_POINT ( 'NONE',  ( 893.7705525676077514, 173.3715784606618797, 79.03308576501970606 ) ) ;
#4814 = CARTESIAN_POINT ( 'NONE',  ( 786.6739094361922753, 106.9861893303865230, 71.54986010498977578 ) ) ;
#4815 = CARTESIAN_POINT ( 'NONE',  ( 1391.761439880136550, 985.4112583306591659, 61.83218626622703340 ) ) ;
#4816 = CARTESIAN_POINT ( 'NONE',  ( 1167.633652603611608, 289.4813386158753019, -130.3775409501960780 ) ) ;
#4817 = CARTESIAN_POINT ( 'NONE',  ( 1405.655542949090886, 964.3061476621263637, 21.05094927812767480 ) ) ;
#4818 = CARTESIAN_POINT ( 'NONE',  ( 791.6519591480484905, 54.24314120894124613, -65.92203586585763730 ) ) ;
#4819 = CARTESIAN_POINT ( 'NONE',  ( 901.4210324374083712, 123.0990509310400398, -54.95989680468607474 ) ) ;
#4820 = CARTESIAN_POINT ( 'NONE',  ( 1182.356887926389163, 432.8387478459040381, 28.99039106553149381 ) ) ;
#4821 = CARTESIAN_POINT ( 'NONE',  ( 1228.109183223798709, 627.0974528799891914, 126.6898904912872865 ) ) ;
#4822 = CARTESIAN_POINT ( 'NONE',  ( 1100.298036811995644, 307.7980853917341051, 0.4697289099360364428 ) ) ;
#4823 = CARTESIAN_POINT ( 'NONE',  ( 731.9780364111146582, 70.15483094635544603, 56.15441501686521519 ) ) ;
#4824 = CARTESIAN_POINT ( 'NONE',  ( 1101.633909934843814, 303.0234322461974443, -8.023227856266043290 ) ) ;
#4825 = CARTESIAN_POINT ( 'NONE',  ( 734.6225266952230868, 30.81994623810107470, -45.53940736037490922 ) ) ;
#4826 = CARTESIAN_POINT ( 'NONE',  ( 942.8215700510024817, 224.8883083043868396, 92.57046425715398641 ) ) ;
#4827 = CARTESIAN_POINT ( 'NONE',  ( 1392.152325895220429, 551.5831777268117548, -169.5134082910283269 ) ) ;
#4828 = CARTESIAN_POINT ( 'NONE',  ( 1300.028508983656820, 604.1302477482049653, -18.84902158901683222 ) ) ;
#4829 = CARTESIAN_POINT ( 'NONE',  ( 676.6700627530412930, 17.08454626666883769, -48.47325346239993848 ) ) ;
#4830 = CARTESIAN_POINT ( 'NONE',  ( 1329.272303635608068, 799.9970707154972160, 67.52120643023535251 ) ) ;
#4831 = CARTESIAN_POINT ( 'NONE',  ( 560.0000000000003411, 9.109288952987235177, 33.68034722095576683 ) ) ;
#4832 = CARTESIAN_POINT ( 'NONE',  ( 1137.215959106715218, 386.4176069046417297, 45.64441144853893206 ) ) ;
#4833 = CARTESIAN_POINT ( 'NONE',  ( 559.9999999999994316, -8.470524211928516678, -22.68241407249344732 ) ) ;
#4834 = CARTESIAN_POINT ( 'NONE',  ( 1442.470781937485071, 944.0991740841537876, -38.86870479672968770 ) ) ;
#4835 = CARTESIAN_POINT ( 'NONE',  ( 787.0278035076538572, 103.1829019196473780, 50.61046535122054735 ) ) ;
#4836 = CARTESIAN_POINT ( 'NONE',  ( 1015.776871756476794, 156.9507758713741339, -116.0107974177228982 ) ) ;
#4837 = CARTESIAN_POINT ( 'NONE',  ( 733.7113194154560460, 44.19225271062525451, -38.26542722215571501 ) ) ;
#4838 = CARTESIAN_POINT ( 'NONE',  ( 1349.871981500156835, 496.0781842651618945, -154.7312343416645604 ) ) ;
#4839 = CARTESIAN_POINT ( 'NONE',  ( 843.9939630769164296, 112.8562244430943338, -9.599703036927149213 ) ) ;
#4840 = CARTESIAN_POINT ( 'NONE',  ( 1377.250493726929108, 1007.453456182865466, 92.57889630626661415 ) ) ;
#4841 = CARTESIAN_POINT ( 'NONE',  ( 1069.037891618732147, 193.7108834530961303, -125.7938691569507341 ) ) ;
#4842 = CARTESIAN_POINT ( 'NONE',  ( 1266.115979198737477, 377.3966289052489174, -151.3986952220926696 ) ) ;
#4843 = CARTESIAN_POINT ( 'NONE',  ( 1013.520207514213780, 167.4600739985351652, -104.7200598279390675 ) ) ;
#4844 = CARTESIAN_POINT ( 'NONE',  ( 904.5161006102910051, 102.8969440780550713, -71.66376662333860281 ) ) ;
#4845 = CARTESIAN_POINT ( 'NONE',  ( 1310.089208634759188, 433.0733707468037323, -162.2721687812380083 ) ) ;
#4846 = CARTESIAN_POINT ( 'NONE',  ( 1332.246273068644086, 907.1796875198627959, 132.9508621513755884 ) ) ;
#4847 = CARTESIAN_POINT ( 'NONE',  ( 1078.318228588089141, 386.3374363940433796, 133.8464025125537091 ) ) ;
#4848 = CARTESIAN_POINT ( 'NONE',  ( 1204.476014044386602, 537.4271580950110092, 100.7301468891042049 ) ) ;
#4849 = CARTESIAN_POINT ( 'NONE',  ( 1043.631449566896663, 296.6922391304460120, 41.71596315243900222 ) ) ;
#4850 = CARTESIAN_POINT ( 'NONE',  ( 1116.469577553196359, 249.9582867303938656, -116.2484195249315917 ) ) ;
#4851 = CARTESIAN_POINT ( 'NONE',  ( 1014.882941436587203, 161.1089569461686040, -112.5764718785365375 ) ) ;
#4852 = CARTESIAN_POINT ( 'NONE',  ( 579.4144553540104425, 5.144538240120147599, -17.15980578639408094 ) ) ;
#4853 = CARTESIAN_POINT ( 'NONE',  ( 1325.951575035371206, 683.6900582081738094, 21.31508404924831623 ) ) ;
#4854 = CARTESIAN_POINT ( 'NONE',  ( 1330.628381274832918, 909.9347127137110647, 126.5835642873143740 ) ) ;
#4855 = CARTESIAN_POINT ( 'NONE',  ( 1423.378617816990982, 972.2944689627029220, -1.842379572880946892 ) ) ;
#4856 = CARTESIAN_POINT ( 'NONE',  ( 1355.175580249887844, 974.1473014520029210, 118.7053392161441963 ) ) ;
#4857 = CARTESIAN_POINT ( 'NONE',  ( 1408.485474507019717, 777.0249428784024985, -50.44962099488521545 ) ) ;
#4858 = CARTESIAN_POINT ( 'NONE',  ( 1349.501974029435360, 983.0653762336962700, 124.2056769064900124 ) ) ;
#4859 = CARTESIAN_POINT ( 'NONE',  ( 1412.768418873118435, 646.2952430526885337, -142.5961427733700759 ) ) ;
#4860 = CARTESIAN_POINT ( 'NONE',  ( 945.4623863287698669, 210.4121561113726955, 48.99349518144804705 ) ) ;
#4861 = CARTESIAN_POINT ( 'NONE',  ( 560.0000000000002274, 8.834920682989460872, 33.04794792338578446 ) ) ;
#4862 = CARTESIAN_POINT ( 'NONE',  ( 676.1312185084284465, 30.23559950362252025, 11.79609598974309748 ) ) ;
#4863 = CARTESIAN_POINT ( 'NONE',  ( 1253.497820588226659, 410.1588313601058076, -100.5490349174224036 ) ) ;
#4864 = CARTESIAN_POINT ( 'NONE',  ( 1448.369899999616564, 935.3873605759816883, -42.44061636939537863 ) ) ;
#4865 = CARTESIAN_POINT ( 'NONE',  ( 944.2882292166131037, 216.8429121460862063, 66.41444663582680619 ) ) ;
#4866 = CARTESIAN_POINT ( 'NONE',  ( 618.7427408560578215, -3.098592023882041691, -49.42649618092050190 ) ) ;
#4867 = CARTESIAN_POINT ( 'NONE',  ( 1007.365759871372802, 196.1472009456840624, -61.52145482064820214 ) ) ;
#4868 = CARTESIAN_POINT ( 'NONE',  ( 1307.855535103025659, 438.3748734325200189, -147.9733010844632304 ) ) ;
#4869 = CARTESIAN_POINT ( 'NONE',  ( 732.7959894599720201, 57.78649349625234777, -7.406066235961500155 ) ) ;
#4870 = CARTESIAN_POINT ( 'NONE',  ( 840.2965765182265159, 143.0375315995300696, 86.16150628112480092 ) ) ;
#4871 = CARTESIAN_POINT ( 'NONE',  ( 1388.638861059696410, 1023.598117915183821, 78.17194969855883357 ) ) ;
#4872 = CARTESIAN_POINT ( 'NONE',  ( 677.0051487259130454, 9.210368451648744070, -56.41855262452821052 ) ) ;
#4873 = CARTESIAN_POINT ( 'NONE',  ( 847.6778975712186366, 82.92773729013104855, -67.23016236722135375 ) ) ;
#4874 = CARTESIAN_POINT ( 'NONE',  ( 959.1568843447529389, 135.5788937877461251, -93.05929533841062096 ) ) ;
#4875 = CARTESIAN_POINT ( 'NONE',  ( 618.7280523767759632, -1.985446311896958083, -36.89739629825685796 ) ) ;
#4876 = CARTESIAN_POINT ( 'NONE',  ( 676.8843252166956290, 12.01758784424821691, -56.06606852089260684 ) ) ;
#4877 = CARTESIAN_POINT ( 'NONE',  ( 1038.547470293427978, 317.3677695720328416, 106.7208024841942802 ) ) ;
#4878 = CARTESIAN_POINT ( 'NONE',  ( 1273.420433450314476, 788.5158992812395127, 172.3886200837833371 ) ) ;
#4879 = CARTESIAN_POINT ( 'NONE',  ( 842.7736831095376147, 122.9267933920899338, 46.93077222157362627 ) ) ;
#4880 = CARTESIAN_POINT ( 'NONE',  ( 1310.089208634759188, 433.0733707468037323, -162.2721687812380083 ) ) ;
#4881 = CARTESIAN_POINT ( 'NONE',  ( 1244.424234390385891, 433.6818279070815265, -84.96801863385070419 ) ) ;
#4882 = CARTESIAN_POINT ( 'NONE',  ( 899.0564051798136234, 138.7221776006419418, 7.026963964685860375 ) ) ;
#4883 = CARTESIAN_POINT ( 'NONE',  ( 1390.804654314297977, 1020.399675922217625, 68.83070832160009900 ) ) ;
#4884 = CARTESIAN_POINT ( 'NONE',  ( 1421.379251970721953, 940.4213506036369381, -0.1314348346203946527 ) ) ;
#4885 = CARTESIAN_POINT ( 'NONE',  ( 579.3622431323509545, 12.21754110925705028, 32.00670616147529302 ) ) ;
#4886 = CARTESIAN_POINT ( 'NONE',  ( 1348.290190537442641, 639.1124709251687364, -43.74515451173564884 ) ) ;
#4887 = CARTESIAN_POINT ( 'NONE',  ( 1064.425076207318625, 212.4423957351467607, -86.05225135672033332 ) ) ;
#4888 = CARTESIAN_POINT ( 'NONE',  ( 1079.008613398264515, 383.8650467096784382, 126.4528606200066605 ) ) ;
#4889 = CARTESIAN_POINT ( 'NONE',  ( 560.0000000000000000, -10.07361279696974243, -36.53388376408852878 ) ) ;
#4890 = CARTESIAN_POINT ( 'NONE',  ( 902.7067602560611022, 114.6769761490531323, -69.26344040322786100 ) ) ;
#4891 = CARTESIAN_POINT ( 'NONE',  ( 787.0831260619271461, 102.5914191303159839, 48.08539599461945357 ) ) ;
#4892 = CARTESIAN_POINT ( 'NONE',  ( 1279.924662799711314, 775.5383233118328690, 157.0346852399734132 ) ) ;
#4893 = CARTESIAN_POINT ( 'NONE',  ( 1047.611837077899509, 280.6239063240234373, 40.14467774125829891 ) ) ;
#4894 = CARTESIAN_POINT ( 'NONE',  ( 903.4734092995668107, 109.7410597518720152, -56.52975557570386655 ) ) ;
#4895 = CARTESIAN_POINT ( 'NONE',  ( 1462.660785766828894, 914.2825902765429191, -70.69217676833081043 ) ) ;
#4896 = CARTESIAN_POINT ( 'NONE',  ( 731.7287703604620219, 73.74410309051246770, 46.39140649686763851 ) ) ;
#4897 = CARTESIAN_POINT ( 'NONE',  ( 1121.215197136787083, 233.0144453433536853, -135.4013271698839560 ) ) ;
#4898 = CARTESIAN_POINT ( 'NONE',  ( 844.9126399637890472, 105.3866333831777382, -25.68176624427862009 ) ) ;
#4899 = CARTESIAN_POINT ( 'NONE',  ( 1468.714123183686524, 795.6268217999154331, -126.4410488238542030 ) ) ;
#4900 = CARTESIAN_POINT ( 'NONE',  ( 579.4168843480633768, 4.629460581032089017, 11.04423585207385550 ) ) ;
#4901 = CARTESIAN_POINT ( 'NONE',  ( 951.0887313606156113, 179.6428902806353847, -18.41226984425851043 ) ) ;
#4902 = CARTESIAN_POINT ( 'NONE',  ( 675.3136917501512926, 49.63393597081389430, 57.64240905694179418 ) ) ;
#4903 = CARTESIAN_POINT ( 'NONE',  ( 1370.605741856739542, 949.8849823913350292, 84.96668795649880224 ) ) ;
#4904 = CARTESIAN_POINT ( 'NONE',  ( 943.6272288392862038, 220.5122806091189034, 94.83165673322601208 ) ) ;
#4905 = CARTESIAN_POINT ( 'NONE',  ( 791.0343026460280953, 60.75839707481452479, -55.16675468701053831 ) ) ;
#4906 = CARTESIAN_POINT ( 'NONE',  ( 1305.702670390627645, 443.4517479292750863, -150.7819568611503769 ) ) ;
#4907 = CARTESIAN_POINT ( 'NONE',  ( 676.8677284944499206, 12.58661530545846041, -41.18152991264994967 ) ) ;
#4908 = CARTESIAN_POINT ( 'NONE',  ( 579.3622431323509545, 12.21754110925705028, 32.00670616147529302 ) ) ;
#4909 = CARTESIAN_POINT ( 'NONE',  ( 1220.113503823830342, 646.0353119539107638, 166.1442600667318743 ) ) ;
#4910 = CARTESIAN_POINT ( 'NONE',  ( 579.3918143627328163, 8.107253450945192341, 21.26930701322775619 ) ) ;
#4911 = CARTESIAN_POINT ( 'NONE',  ( 1399.564595941682001, 973.5583817286275234, 34.31637703764565117 ) ) ;
#4912 = CARTESIAN_POINT ( 'NONE',  ( 1197.026105112333425, 390.7642058204804130, -64.04253332503382978 ) ) ;
#4913 = CARTESIAN_POINT ( 'NONE',  ( 560.0000000000000000, -1.669180731844730037, -22.88406277370848230 ) ) ;
#4914 = CARTESIAN_POINT ( 'NONE',  ( 1120.682719205174408, 439.0571590146714698, 123.4978304250440431 ) ) ;
#4915 = CARTESIAN_POINT ( 'NONE',  ( 1402.881195970323006, 1002.565047487451920, 49.22509337203342739 ) ) ;
#4916 = CARTESIAN_POINT ( 'NONE',  ( 944.6564475644208869, 214.8918953524150197, 83.75696552640540915 ) ) ;
#4917 = CARTESIAN_POINT ( 'NONE',  ( 790.9744083203914897, 61.53682170662247586, -27.97828267453033391 ) ) ;
#4918 = CARTESIAN_POINT ( 'NONE',  ( 1191.424872922505983, 571.2985962078709008, 146.3764540161938612 ) ) ;
#4919 = CARTESIAN_POINT ( 'NONE',  ( 734.9427169274968037, 25.97129222871377863, -66.82223786870940785 ) ) ;
#4920 = CARTESIAN_POINT ( 'NONE',  ( 1180.272670243201446, 438.7635484199746543, 11.82346686316581064 ) ) ;
#4921 = CARTESIAN_POINT ( 'NONE',  ( 559.9999999999997726, -3.324657333960815642, -26.48445646581134838 ) ) ;
#4922 = CARTESIAN_POINT ( 'NONE',  ( 894.0422208204349772, 171.5066145547055498, 50.75989860315858948 ) ) ;
#4923 = CARTESIAN_POINT ( 'NONE',  ( 1121.360165419693431, 436.9202258941114110, 131.2103925420322525 ) ) ;
#4924 = CARTESIAN_POINT ( 'NONE',  ( 579.4168843480633768, 4.629460581032089017, 11.04423585207385550 ) ) ;
#4925 = FACE_OUTER_BOUND ( 'NONE', #1879, .T. ) ;
#4926 = CARTESIAN_POINT ( 'NONE',  ( 1197.981540694970590, 554.2640408576883146, 111.0063609257962725 ) ) ;
#4927 = CARTESIAN_POINT ( 'NONE',  ( 1452.896025146738793, 701.2073728910544332, -158.0333730988277807 ) ) ;
#4928 = CARTESIAN_POINT ( 'NONE',  ( 618.4447204191280889, 13.92899104740375904, -17.71964266678299182 ) ) ;
#4929 = CARTESIAN_POINT ( 'NONE',  ( 1015.048178252471644, 160.3756334200481319, -104.4352962585735298 ) ) ;
#4930 = CARTESIAN_POINT ( 'NONE',  ( 1212.225173666723094, 517.3104021525613234, 68.83105856469970263 ) ) ;
#4931 = CARTESIAN_POINT ( 'NONE',  ( 998.2909040872319792, 238.4790922224395047, 16.31344441918900046 ) ) ;
#4932 = CARTESIAN_POINT ( 'NONE',  ( 732.3158115524945515, 65.14797982523396058, 44.85132551299294335 ) ) ;
#4933 = CARTESIAN_POINT ( 'NONE',  ( 943.2355620135914478, 222.6502402693233478, 98.69241299499870479 ) ) ;
#4934 = CARTESIAN_POINT ( 'NONE',  ( 1405.918381179412791, 658.9034363996140655, -127.4123435763986834 ) ) ;
#4935 = CARTESIAN_POINT ( 'NONE',  ( 1385.604195155634216, 564.6411050303036063, -158.7681540879505917 ) ) ;
#4936 = CARTESIAN_POINT ( 'NONE',  ( 579.5016157858170800, -7.065395625156692283, -30.53494300876404566 ) ) ;
#4937 = CARTESIAN_POINT ( 'NONE',  ( 787.5089733226949420, 98.19551599661052421, 59.49424333958764777 ) ) ;
#4938 = CARTESIAN_POINT ( 'NONE',  ( 892.2557045950793508, 183.2902230509266985, 96.01049686330858890 ) ) ;
#4939 = CARTESIAN_POINT ( 'NONE',  ( 1325.709435268444167, 806.5708253009391910, 95.98158018741024478 ) ) ;
#4940 = CARTESIAN_POINT ( 'NONE',  ( 1088.987264205168913, 348.1629749625224122, 44.94889942424114082 ) ) ;
#4941 = CARTESIAN_POINT ( 'NONE',  ( 1377.440849825069790, 580.9273862556729000, -139.5739201263440634 ) ) ;
#4942 = CARTESIAN_POINT ( 'NONE',  ( 1057.445425374096430, 240.6780476940330686, -60.41287597990314140 ) ) ;
#4943 = CARTESIAN_POINT ( 'NONE',  ( 560.0000000000000000, -8.234380888324864145, -21.67943119635819116 ) ) ;
#4944 = CARTESIAN_POINT ( 'NONE',  ( 560.0000000000002274, 11.26386772599201436, 30.95203906842187891 ) ) ;
#4945 = CARTESIAN_POINT ( 'NONE',  ( 1413.350429468788434, 987.1040906373712005, 28.03531624002067346 ) ) ;
#4946 = CARTESIAN_POINT ( 'NONE',  ( 618.3159526737841816, 22.07688261413690967, 37.61890890072177740 ) ) ;
#4947 = CARTESIAN_POINT ( 'NONE',  ( 1105.654588375711228, 288.6525497612431082, -33.47229369364231388 ) ) ;
#4948 = CARTESIAN_POINT ( 'NONE',  ( 731.5992383218222130, 75.73018409739135848, 60.91719151854456271 ) ) ;
#4949 = CARTESIAN_POINT ( 'NONE',  ( 1062.223910495546988, 221.3123813190880469, -90.48630582605014183 ) ) ;
#4950 = CARTESIAN_POINT ( 'NONE',  ( 579.3326366815819028, 16.42020141490411334, 27.19952285852297535 ) ) ;
#4951 = CARTESIAN_POINT ( 'NONE',  ( 675.4615991699863571, 46.14311583592876076, 51.85554224240065935 ) ) ;
#4952 = CARTESIAN_POINT ( 'NONE',  ( 898.2050027520258482, 144.3063190297824008, 19.10298192291966757 ) ) ;
#4953 = CARTESIAN_POINT ( 'NONE',  ( 559.9999999999995453, -3.586766425089332522, -4.000234290401341930 ) ) ;
#4954 = CARTESIAN_POINT ( 'NONE',  ( 618.2145010904848732, 27.60795672071834161, 36.10932458537748602 ) ) ;
#4955 = CARTESIAN_POINT ( 'NONE',  ( 1068.849436767633733, 194.4728196676992127, -125.3169136548533942 ) ) ;
#4956 = CARTESIAN_POINT ( 'NONE',  ( 1197.026105112333425, 390.7642058204804130, -64.04253332503382978 ) ) ;
#4957 = CARTESIAN_POINT ( 'NONE',  ( 618.4543921382613689, 14.11454639244838738, 16.42613093766120969 ) ) ;
#4958 = CARTESIAN_POINT ( 'NONE',  ( 618.3345649302924585, 20.34051714846186698, 0.8665222803233709747 ) ) ;
#4959 = CARTESIAN_POINT ( 'NONE',  ( 787.8716021620645051, 94.36656693824110675, 51.22401821094472041 ) ) ;
#4960 = CARTESIAN_POINT ( 'NONE',  ( 1121.822278831602489, 435.4486882320121595, 128.7912683537792589 ) ) ;
#4961 = CARTESIAN_POINT ( 'NONE',  ( 1198.682666979831538, 386.0609605958737802, -47.74772388641861909 ) ) ;
#4962 = CARTESIAN_POINT ( 'NONE',  ( 902.1836035313847333, 118.1031467861315036, -63.57308731263905344 ) ) ;
#4963 = CARTESIAN_POINT ( 'NONE',  ( 1066.013512020935195, 205.9992937505045063, -97.95743238864699265 ) ) ;
#4964 = CARTESIAN_POINT ( 'NONE',  ( 1165.703334093562262, 295.6633655804615159, -108.0849655264909899 ) ) ;
#4965 = CARTESIAN_POINT ( 'NONE',  ( 1286.996050878040478, 761.4268723497493738, 135.6238450109132430 ) ) ;
#4966 = CARTESIAN_POINT ( 'NONE',  ( 1248.055119687324122, 716.8528974648232861, 170.4942386571751456 ) ) ;
#4967 = CARTESIAN_POINT ( 'NONE',  ( 895.5881282519721935, 161.4626171077640606, 55.13761057759051454 ) ) ;
#4968 = CARTESIAN_POINT ( 'NONE',  ( 1340.456391854417461, 516.4777494972639715, -138.3024251907627615 ) ) ;
#4969 = CARTESIAN_POINT ( 'NONE',  ( 789.8976077289579507, 72.76173773779063936, -32.15421499933104599 ) ) ;
#4970 = CARTESIAN_POINT ( 'NONE',  ( 1052.515867257832269, 260.7393135204074497, 3.331953034648238887 ) ) ;
#4971 = CARTESIAN_POINT ( 'NONE',  ( 1350.388278452530585, 981.6715078831575738, 121.8114199125730863 ) ) ;
#4972 = CARTESIAN_POINT ( 'NONE',  ( 1310.479959847478085, 834.6068210472137707, 136.3590619535190740 ) ) ;
#4973 = APPLICATION_CONTEXT ( 'configuration controlled 3d designs of mechanical parts and assemblies' ) ;
#4974 = CARTESIAN_POINT ( 'NONE',  ( 846.4311292608138046, 93.18249231311673952, -20.70920037761865728 ) ) ;
#4975 = SECURITY_CLASSIFICATION ( '', '', #944 ) ;
#4976 = CARTESIAN_POINT ( 'NONE',  ( 1375.052558607059154, 1010.792314341595329, 92.23100434172327766 ) ) ;
#4977 = CARTESIAN_POINT ( 'NONE',  ( 618.7454922025242467, -3.247262504413475526, -49.34240993395039254 ) ) ;
#4978 = CARTESIAN_POINT ( 'NONE',  ( 579.3657170489298096, 11.89372714678060561, 3.351558839768508324 ) ) ;
#4979 = CARTESIAN_POINT ( 'NONE',  ( 957.0994115228321562, 146.8094764959613769, -76.36549422727014758 ) ) ;
#4980 = CARTESIAN_POINT ( 'NONE',  ( 787.1611895845858271, 101.7585787023389514, 44.70627277424153334 ) ) ;
#4981 = CARTESIAN_POINT ( 'NONE',  ( 1227.352565425708690, 628.9061933172047247, 143.7176419131811542 ) ) ;
#4982 = CARTESIAN_POINT ( 'NONE',  ( 1188.466864146012995, 415.3322793336783434, 0.1904817684545939416 ) ) ;
#4983 = CARTESIAN_POINT ( 'NONE',  ( 1465.789752297427867, 800.2244506860211004, -120.3374023515292492 ) ) ;
#4984 = CARTESIAN_POINT ( 'NONE',  ( 559.9999999999994316, 11.16394665860480728, 26.79197956961364824 ) ) ;
#4985 = CARTESIAN_POINT ( 'NONE',  ( 1353.001257745004750, 489.2845549172081405, -169.2951562600408124 ) ) ;
#4986 = CARTESIAN_POINT ( 'NONE',  ( 676.0383870466480403, 32.08196008852562642, -17.11725913034300461 ) ) ;
#4987 = CARTESIAN_POINT ( 'NONE',  ( 1311.130919132744339, 713.2653205349266727, 64.80491657872158839 ) ) ;
#4988 = CARTESIAN_POINT ( 'NONE',  ( 1293.363472094399640, 618.5826063793318781, 2.577150875518759765 ) ) ;
#4989 = CARTESIAN_POINT ( 'NONE',  ( 1208.150601325676007, 527.8880047178166706, 85.60691391765686831 ) ) ;
#4990 = CARTESIAN_POINT ( 'NONE',  ( 1160.952781919889048, 494.1607342016588973, 129.5430816740706916 ) ) ;
#4991 = CARTESIAN_POINT ( 'NONE',  ( 1440.370226177454470, 947.2012733898684473, -26.47167604107777805 ) ) ;
#4992 = CARTESIAN_POINT ( 'NONE',  ( 1464.809440063361762, 801.7657905080167211, -118.2901552046532743 ) ) ;
#4993 = CARTESIAN_POINT ( 'NONE',  ( 1455.359385555060499, 888.8048645476620777, -77.68930825691754194 ) ) ;
#4994 = CARTESIAN_POINT ( 'NONE',  ( 1213.116798957898027, 344.7016544578074217, -114.5488686552599518 ) ) ;
#4995 = CARTESIAN_POINT ( 'NONE',  ( 559.9999999999998863, -10.18543428160989883, -30.35361623998462832 ) ) ;
#4996 = CARTESIAN_POINT ( 'NONE',  ( 1162.911204181758194, 488.5500170206213397, 120.1649501341852613 ) ) ;
#4997 = CARTESIAN_POINT ( 'NONE',  ( 579.3330081103263183, 16.29223561001998988, 40.84431368823501884 ) ) ;
#4998 = CARTESIAN_POINT ( 'NONE',  ( 1209.372255680628768, 524.7167769370312271, 80.58109138363221291 ) ) ;
#4999 = CARTESIAN_POINT ( 'NONE',  ( 791.4121663216373008, 56.77143969148556835, -61.93111980713266007 ) ) ;
#5000 = CARTESIAN_POINT ( 'NONE',  ( 840.2748944916850178, 143.2100442705668399, 85.37234084466217610 ) ) ;
#5001 = CARTESIAN_POINT ( 'NONE',  ( 1190.593857783090016, 409.1914495283074871, -35.90081055116785080 ) ) ;
#5002 = CARTESIAN_POINT ( 'NONE',  ( 560.0000000000000000, -6.652511436928899791, -15.41144410320842617 ) ) ;
#5003 = CARTESIAN_POINT ( 'NONE',  ( 1389.584790750452839, 1022.201169596657110, 71.87091238900482892 ) ) ;
#5004 = COORDINATED_UNIVERSAL_TIME_OFFSET ( 5, 30, .AHEAD. ) ;
#5005 = CARTESIAN_POINT ( 'NONE',  ( 1039.577543584989826, 313.1926519674122460, 99.07671213503245156 ) ) ;
#5006 = CARTESIAN_POINT ( 'NONE',  ( 676.6401094548691617, 18.05697875834639987, -24.06962454148856878 ) ) ;
#5007 = CARTESIAN_POINT ( 'NONE',  ( 579.3294568553359341, 16.79950285344733629, 39.90875481122478163 ) ) ;
#5008 = CARTESIAN_POINT ( 'NONE',  ( 792.5032884398852957, 45.27900732227459457, -76.43215756909093272 ) ) ;
#5009 = CARTESIAN_POINT ( 'NONE',  ( 1453.695343057960145, 891.3326013944418946, -74.65380035596022879 ) ) ;
#5010 = CARTESIAN_POINT ( 'NONE',  ( 944.9784638998929722, 213.0618232816643456, 55.93251866098968605 ) ) ;
#5011 = CARTESIAN_POINT ( 'NONE',  ( 1281.838281971713513, 771.7195634107433762, 151.3861653532237028 ) ) ;
#5012 = CARTESIAN_POINT ( 'NONE',  ( 1379.157025300628447, 827.0934991869878559, 19.71479681632563796 ) ) ;
#5013 = CARTESIAN_POINT ( 'NONE',  ( 1427.248014511751308, 966.5801465777548174, -0.07733509065233025448 ) ) ;
#5014 = CARTESIAN_POINT ( 'NONE',  ( 676.9843905192531111, 9.773835697129353406, -50.30150881405953811 ) ) ;
#5015 = CARTESIAN_POINT ( 'NONE',  ( 943.8594269965628882, 219.1931755542406108, 73.39531478788137520 ) ) ;
#5016 = CARTESIAN_POINT ( 'NONE',  ( 849.3505306911795287, 69.36026726782945673, -85.97907715569002107 ) ) ;
#5017 = CARTESIAN_POINT ( 'NONE',  ( 1052.930724566091158, 258.9793448669418581, -29.61476492665114790 ) ) ;
#5018 = CARTESIAN_POINT ( 'NONE',  ( 1252.272567160120161, 569.9287037118925809, 52.24398296155980148 ) ) ;
#5019 = CARTESIAN_POINT ( 'NONE',  ( 1138.375148436864265, 382.6644817084306851, 11.17569230717587381 ) ) ;
#5020 = CARTESIAN_POINT ( 'NONE',  ( 1385.076331142013032, 1028.859259654213247, 83.86762277189285442 ) ) ;
#5021 = CARTESIAN_POINT ( 'NONE',  ( 1242.235059806778281, 593.6846982721378936, 88.94708872617690076 ) ) ;
#5022 = CARTESIAN_POINT ( 'NONE',  ( 902.3574392546244098, 117.0649738320471158, -40.37460527709590963 ) ) ;
#5023 = CARTESIAN_POINT ( 'NONE',  ( 733.9890055365898434, 40.07576737134606759, -46.27020560165080099 ) ) ;
#5024 = CARTESIAN_POINT ( 'NONE',  ( 734.7686350564935083, 28.63726270083097347, -51.94633523168921840 ) ) ;
#5025 = CARTESIAN_POINT ( 'NONE',  ( 848.9381323096368988, 72.76987436782400209, -69.41268527234990415 ) ) ;
#5026 = CARTESIAN_POINT ( 'NONE',  ( 1039.577543584989826, 313.1926519674122460, 99.07671213503245156 ) ) ;
#5027 = CARTESIAN_POINT ( 'NONE',  ( 1371.437956161577404, 1016.282799670685563, 103.0236798339880124 ) ) ;
#5028 = CARTESIAN_POINT ( 'NONE',  ( 843.0796482206212659, 120.4406274944819160, 41.56599822429060964 ) ) ;
#5029 = CARTESIAN_POINT ( 'NONE',  ( 903.8134603800663172, 107.4299895633635487, -80.58975242025059060 ) ) ;
#5030 = CARTESIAN_POINT ( 'NONE',  ( 618.2125588810189356, 27.94893716803306916, 49.26094352004312071 ) ) ;
#5031 = CARTESIAN_POINT ( 'NONE',  ( 579.4007941842871787, 7.039969341641064027, -12.10297959168969051 ) ) ;
#5032 = CARTESIAN_POINT ( 'NONE',  ( 1003.201806964448565, 215.6582495010744367, 3.196235115936834958 ) ) ;
#5033 = CARTESIAN_POINT ( 'NONE',  ( 1192.030314678951527, 569.7253215120820187, 143.0087974703974112 ) ) ;
#5034 = CARTESIAN_POINT ( 'NONE',  ( 1296.685568157052785, 611.3789709697936132, -8.154430293726607104 ) ) ;
#5035 = CARTESIAN_POINT ( 'NONE',  ( 732.2547055626117753, 66.05275907276556779, 46.92055204771153143 ) ) ;
#5036 = CARTESIAN_POINT ( 'NONE',  ( 791.1243127533942925, 59.94857190033839345, -32.01054417381693185 ) ) ;
#5037 = CARTESIAN_POINT ( 'NONE',  ( 1346.136849622413820, 988.3576395420762992, 133.1379384120961333 ) ) ;
#5038 = CARTESIAN_POINT ( 'NONE',  ( 1367.203827538367932, 601.3519953756377845, -113.9974518477492325 ) ) ;
#5039 = CARTESIAN_POINT ( 'NONE',  ( 1082.088713791813689, 372.8383673867765538, 98.07577885112739580 ) ) ;
#5040 = CARTESIAN_POINT ( 'NONE',  ( 579.3500879166873574, 13.91023665626378225, 36.23221212847426642 ) ) ;
#5041 = CARTESIAN_POINT ( 'NONE',  ( 789.5178108080599486, 76.96143389367840371, 10.62298792859056640 ) ) ;
#5042 = CARTESIAN_POINT ( 'NONE',  ( 559.9999999999998863, -7.895554948621160030, -20.33686945142939351 ) ) ;
#5043 = CARTESIAN_POINT ( 'NONE',  ( 676.3431460832882749, 25.17139753712647732, -2.755026380788066387 ) ) ;
#5044 = CARTESIAN_POINT ( 'NONE',  ( 1307.151261066969255, 440.0416779123336823, -145.5054001535263808 ) ) ;
#5045 = CARTESIAN_POINT ( 'NONE',  ( 943.0904492783469095, 223.4110530467260389, 87.00196693642307366 ) ) ;
#5046 = CARTESIAN_POINT ( 'NONE',  ( 1068.534997758458076, 195.7453937896436287, -124.1603827723245956 ) ) ;
#5047 = CARTESIAN_POINT ( 'NONE',  ( 1229.437010516346163, 472.5861689315229341, -27.62772412493564644 ) ) ;
#5048 = CARTESIAN_POINT ( 'NONE',  ( 904.0409357239881274, 105.9415527904000243, -82.76627532040285473 ) ) ;
#5049 = CARTESIAN_POINT ( 'NONE',  ( 618.3035459313958881, 22.16544159144419268, 7.162417537210028939 ) ) ;
#5050 = CARTESIAN_POINT ( 'NONE',  ( 1371.437956161577404, 1016.282799670685563, 103.0236798339880124 ) ) ;
#5051 = CARTESIAN_POINT ( 'NONE',  ( 996.5933110334096909, 246.4859171940553892, 62.50086136204799203 ) ) ;
#5052 = CARTESIAN_POINT ( 'NONE',  ( 1108.334073687607088, 279.0750063728216332, -50.43785746122513558 ) ) ;
#5053 = CARTESIAN_POINT ( 'NONE',  ( 993.9806916936222478, 258.6042462780945925, 61.16173086749826382 ) ) ;
#5054 = CARTESIAN_POINT ( 'NONE',  ( 1354.414729696289669, 486.2224218352453136, -171.6212798995694868 ) ) ;
#5055 = CARTESIAN_POINT ( 'NONE',  ( 733.8479716453124411, 42.16609003959646884, -42.27946475831625150 ) ) ;
#5056 = CARTESIAN_POINT ( 'NONE',  ( 1378.382061041994575, 579.0637028817681085, -129.9204391005266643 ) ) ;
#5057 = CARTESIAN_POINT ( 'NONE',  ( 1443.463917946135552, 717.3126215592461676, -132.5958338358801711 ) ) ;
#5058 = CARTESIAN_POINT ( 'NONE',  ( 945.6090546118302882, 209.6893060729055946, 73.81146729531829465 ) ) ;
#5059 = CARTESIAN_POINT ( 'NONE',  ( 579.3349424683379993, 16.02217194183633708, 40.54756586599297208 ) ) ;
#5060 = CARTESIAN_POINT ( 'NONE',  ( 1376.784331537203570, 940.1698005975571277, 71.50218478246601705 ) ) ;
#5061 = CARTESIAN_POINT ( 'NONE',  ( 1068.077158189908005, 197.6291688683742223, -113.1948232648268515 ) ) ;
#5062 = CARTESIAN_POINT ( 'NONE',  ( 898.8047000774215576, 140.2467091187974404, -22.66457984978151430 ) ) ;
#5063 = CARTESIAN_POINT ( 'NONE',  ( 618.5415583292037809, 9.035989949755068196, 0.8461039695353430590 ) ) ;
#5064 = CARTESIAN_POINT ( 'NONE',  ( 1375.052558607059154, 1010.792314341595329, 92.23100434172327766 ) ) ;
#5065 = CARTESIAN_POINT ( 'NONE',  ( 1384.240174513852253, 996.8361315921509913, 77.58870238985103640 ) ) ;
#5066 = CARTESIAN_POINT ( 'NONE',  ( 1202.447288342232014, 375.2740331264575957, -65.28957685536693134 ) ) ;
#5067 = CARTESIAN_POINT ( 'NONE',  ( 1189.581942971995431, 576.0871623919745161, 156.9342769269211715 ) ) ;
#5068 = CARTESIAN_POINT ( 'NONE',  ( 676.4726031905795480, 21.76196792297830740, -39.92745347934483391 ) ) ;
#5069 = CARTESIAN_POINT ( 'NONE',  ( 1384.767666342644361, 996.0348537619412355, 68.11202076116352089 ) ) ;
#5070 = CARTESIAN_POINT ( 'NONE',  ( 1329.504446148994248, 911.8607742425288052, 140.0152132237797673 ) ) ;
#5071 = CARTESIAN_POINT ( 'NONE',  ( 1048.672409512138756, 276.3239613246337854, 32.27579906635997986 ) ) ;
#5072 = CARTESIAN_POINT ( 'NONE',  ( 1444.915559457923791, 833.0444205867125902, -76.12391699322401450 ) ) ;
#5073 = CARTESIAN_POINT ( 'NONE',  ( 1210.013193285175703, 353.5947695088795513, -100.3072329773409166 ) ) ;
#5074 = CARTESIAN_POINT ( 'NONE',  ( 1424.499231231718340, 935.6819665762340037, -6.643440140971190289 ) ) ;
#5075 = CARTESIAN_POINT ( 'NONE',  ( 618.7514037064752301, -3.397712183148872800, -42.44282942703041783 ) ) ;
#5076 = CARTESIAN_POINT ( 'NONE',  ( 840.5916431900793668, 140.6004735498619880, 70.84771562894015062 ) ) ;
#5077 = CARTESIAN_POINT ( 'NONE',  ( 788.8886481379876159, 83.43118274263210310, -8.473120499951361850 ) ) ;
#5078 = CARTESIAN_POINT ( 'NONE',  ( 1384.456464895092267, 566.9309793533928996, -156.2022637959038036 ) ) ;
#5079 = CARTESIAN_POINT ( 'NONE',  ( 675.5300579033623762, 44.24945991689066460, 19.40336599449550192 ) ) ;
#5080 = CARTESIAN_POINT ( 'NONE',  ( 1248.081792848149462, 716.7954115958604007, 170.8699624705930091 ) ) ;
#5081 = CARTESIAN_POINT ( 'NONE',  ( 788.2746047494523509, 90.10931828698714696, 41.73186960161563519 ) ) ;
#5082 = CARTESIAN_POINT ( 'NONE',  ( 560.0000000000001137, -7.010117776620860219, -16.82661415515294934 ) ) ;
#5083 = CARTESIAN_POINT ( 'NONE',  ( 1396.545248122950625, 978.1448179913591048, 40.99871577273840728 ) ) ;
#5084 = CARTESIAN_POINT ( 'NONE',  ( 734.9763647356074898, 25.48692790475071490, -66.04078466562910421 ) ) ;
#5085 = CARTESIAN_POINT ( 'NONE',  ( 1110.320341175129442, 271.9230001827968977, -85.20516068588626979 ) ) ;
#5086 = CARTESIAN_POINT ( 'NONE',  ( 1166.565910340456412, 292.9149354592063332, -112.7185492231283632 ) ) ;
#5087 = CARTESIAN_POINT ( 'NONE',  ( 1214.176209974231369, 341.6656976466038032, -119.4468117440844708 ) ) ;
#5088 = CARTESIAN_POINT ( 'NONE',  ( 1166.023752401091542, 479.6333431569384516, 105.6788235010568116 ) ) ;
#5089 = CARTESIAN_POINT ( 'NONE',  ( 1155.661528759634166, 509.3172043427152289, 151.9916276161852977 ) ) ;
#5090 = CARTESIAN_POINT ( 'NONE',  ( 1044.963659849894611, 291.3601985556522891, 59.81208267902893283 ) ) ;
#5091 = CARTESIAN_POINT ( 'NONE',  ( 1307.667728630111242, 438.8018046740026534, -156.0674684410554107 ) ) ;
#5092 = CARTESIAN_POINT ( 'NONE',  ( 1217.691135695227786, 331.5943945874122960, -135.3440626824531421 ) ) ;
#5093 = CARTESIAN_POINT ( 'NONE',  ( 1430.787420657236225, 926.1303438607333192, -30.81602501356472956 ) ) ;
#5094 = CARTESIAN_POINT ( 'NONE',  ( 952.4695515358928333, 172.1999712706306696, -1.308623739783131734 ) ) ;
#5095 = CARTESIAN_POINT ( 'NONE',  ( 942.6191551321524003, 226.0004721169021309, 96.68226259383291676 ) ) ;
#5096 = CARTESIAN_POINT ( 'NONE',  ( 1184.339442072388465, 427.1108890295960236, -7.388061362861186865 ) ) ;
#5097 = CARTESIAN_POINT ( 'NONE',  ( 1315.631456490071059, 825.1234254662525700, 122.7349335151038332 ) ) ;
#5098 = LOCAL_TIME ( 2, 53, 2.000000000000000000, #1195 ) ;
#5099 = CARTESIAN_POINT ( 'NONE',  ( 1249.326226956043001, 714.0942831528064971, 163.9901060123662262 ) ) ;
#5100 = CARTESIAN_POINT ( 'NONE',  ( 676.3997997019669128, 23.48893511442700444, -36.47409466833819636 ) ) ;
#5101 = CARTESIAN_POINT ( 'NONE',  ( 1083.160579582400260, 369.0028643879903143, 89.07153416639542343 ) ) ;
#5102 = CARTESIAN_POINT ( 'NONE',  ( 1256.337356586837586, 698.8963915530803206, 147.4841919455541017 ) ) ;
#5103 = CARTESIAN_POINT ( 'NONE',  ( 1408.911088661864824, 959.3607002103403829, 25.95932759619242347 ) ) ;
#5104 = CARTESIAN_POINT ( 'NONE',  ( 1195.459758978679929, 560.8325737285839523, 138.2040510159614541 ) ) ;
#5105 = CARTESIAN_POINT ( 'NONE',  ( 1158.948019907760681, 317.1854385767493909, -72.04868878364024454 ) ) ;
#5106 = CARTESIAN_POINT ( 'NONE',  ( 1005.066286392765733, 206.9587763654154173, -13.80650241778858067 ) ) ;
#5107 = CARTESIAN_POINT ( 'NONE',  ( 1445.433364936198359, 713.9506774342553399, -137.1112239830068518 ) ) ;
#5108 = CARTESIAN_POINT ( 'NONE',  ( 1257.460853495619403, 696.4464330103695602, 129.9990065271305184 ) ) ;
#5109 = CARTESIAN_POINT ( 'NONE',  ( 1102.276206339361806, 300.6638235980054787, -40.09993913145108024 ) ) ;
#5110 = CARTESIAN_POINT ( 'NONE',  ( 904.3516139070304689, 103.9084255345188268, -85.61862098863403503 ) ) ;
#5111 = CARTESIAN_POINT ( 'NONE',  ( 579.3473544195983322, 14.42163778393324236, 13.85094443418745236 ) ) ;
#5112 = CARTESIAN_POINT ( 'NONE',  ( 990.2733433307233781, 275.9529145366556691, 115.3466091732820615 ) ) ;
#5113 = CARTESIAN_POINT ( 'NONE',  ( 1209.372255680628768, 524.7167769370312271, 80.58109138363221291 ) ) ;
#5114 = CARTESIAN_POINT ( 'NONE',  ( 1061.261352073100625, 225.2736195328631368, -62.42211791619552486 ) ) ;
#5115 = EDGE_LOOP ( 'NONE', ( #1909, #2853 ) ) ;
#5116 = CARTESIAN_POINT ( 'NONE',  ( 1274.023687135213549, 660.5221747310952196, 67.98952246040755654 ) ) ;
#5117 = CARTESIAN_POINT ( 'NONE',  ( 905.8140459359271972, 94.34483804402452733, -96.03642014280052308 ) ) ;
#5118 = CARTESIAN_POINT ( 'NONE',  ( 901.6730357513205263, 121.4479449569039531, -57.84637992783052596 ) ) ;
#5119 = CARTESIAN_POINT ( 'NONE',  ( 1168.637194108272979, 286.3159857857735346, -123.5861744076875226 ) ) ;
#5120 = CARTESIAN_POINT ( 'NONE',  ( 903.2643895558173881, 111.1130177507369581, -53.49825033797335294 ) ) ;
#5121 = CARTESIAN_POINT ( 'NONE',  ( 618.3159526737841816, 22.07688261413690967, 37.61890890072177740 ) ) ;
#5122 = CARTESIAN_POINT ( 'NONE',  ( 1118.403290890550124, 446.3344318138310314, 143.9942351940077856 ) ) ;
#5123 = CARTESIAN_POINT ( 'NONE',  ( 734.9904596532579717, 25.31297031060071134, -62.76715093534365764 ) ) ;
#5124 = CARTESIAN_POINT ( 'NONE',  ( 579.4857879632384083, -4.782318987761343010, -37.69205916237093135 ) ) ;
#5125 = CARTESIAN_POINT ( 'NONE',  ( 1068.352456451669013, 196.5111172037676397, -115.5178206677243224 ) ) ;
#5126 = CARTESIAN_POINT ( 'NONE',  ( 1014.496250029244266, 162.9106783813633683, -110.4325405753919966 ) ) ;
#5127 = CARTESIAN_POINT ( 'NONE',  ( 560.0000000000000000, 3.795043338780269337, -8.542539578066444150 ) ) ;
#5128 = CARTESIAN_POINT ( 'NONE',  ( 845.5720211461127747, 100.1728386408549909, -4.410046834892114909 ) ) ;
#5129 = CARTESIAN_POINT ( 'NONE',  ( 1300.713134876417826, 852.5822870299781471, 155.1264709613886623 ) ) ;
#5130 = CALENDAR_DATE ( 2026, 20, 9 ) ;
#5131 = CARTESIAN_POINT ( 'NONE',  ( 1396.087693593145559, 1012.597687138662423, 62.98029665558947698 ) ) ;
#5132 = CARTESIAN_POINT ( 'NONE',  ( 1155.997024519547267, 508.3527022212723523, 146.3024232509015690 ) ) ;
#5133 = CARTESIAN_POINT ( 'NONE',  ( 1251.567242918598595, 415.1418890084661939, -110.6062453865567932 ) ) ;
#5134 = CARTESIAN_POINT ( 'NONE',  ( 1123.897227944575889, 428.8053604700976393, 99.78699306034144456 ) ) ;
#5135 = CARTESIAN_POINT ( 'NONE',  ( 841.3593301407897798, 134.4146442648313382, 71.01239782082205920 ) ) ;
#5136 = CARTESIAN_POINT ( 'NONE',  ( 733.1727425103099449, 52.42046958121802191, 13.60983126263804266 ) ) ;
#5137 = CARTESIAN_POINT ( 'NONE',  ( 731.8947246284456014, 71.38884757235743450, 59.00628364313217844 ) ) ;
#5138 = CARTESIAN_POINT ( 'NONE',  ( 1328.111145200011833, 543.2641072835473324, -86.11349667689390230 ) ) ;
#5139 = CARTESIAN_POINT ( 'NONE',  ( 579.4614345551816541, -1.530532363189508027, -9.660875041027225052 ) ) ;
#5140 = CARTESIAN_POINT ( 'NONE',  ( 991.5258047510541246, 270.0800338705973331, 92.07115265059701414 ) ) ;
#5141 = CARTESIAN_POINT ( 'NONE',  ( 1335.994144917587619, 663.6263430057227879, -29.76798997556900517 ) ) ;
#5142 = CARTESIAN_POINT ( 'NONE',  ( 1304.135222936074342, 447.1603108498264305, -146.3635652698002900 ) ) ;
#5143 = CARTESIAN_POINT ( 'NONE',  ( 1044.597295254357959, 292.7738553334075391, 33.64564820397726663 ) ) ;
#5144 = CARTESIAN_POINT ( 'NONE',  ( 1297.320796189513430, 858.8312530050219493, 169.1956851922995213 ) ) ;
#5145 = CARTESIAN_POINT ( 'NONE',  ( 732.6707006630807655, 59.88143775192133944, 32.42238770105455359 ) ) ;
#5146 = CARTESIAN_POINT ( 'NONE',  ( 903.0549293075953301, 112.4874855076813986, -50.46873965125642059 ) ) ;
#5147 = ORIENTED_EDGE ( 'NONE', *, *, #4707, .T. ) ;
#5148 = CARTESIAN_POINT ( 'NONE',  ( 894.7225569524904358, 167.0341821057225502, 38.21282482530045144 ) ) ;
#5149 = CARTESIAN_POINT ( 'NONE',  ( 792.5032884398852957, 45.27900732227459457, -76.43215756909093272 ) ) ;
#5150 = CARTESIAN_POINT ( 'NONE',  ( 1426.117440392692060, 746.9143757050395607, -105.4522165208116462 ) ) ;
#5151 = CARTESIAN_POINT ( 'NONE',  ( 1417.422717564972118, 637.7369028191994857, -143.7763370075523426 ) ) ;
#5152 = CARTESIAN_POINT ( 'NONE',  ( 1011.073129099660832, 178.9282579542986014, -68.42405381128226338 ) ) ;
#5153 = CARTESIAN_POINT ( 'NONE',  ( 559.9999999999992042, 6.789111897038068832, 27.91312709500869005 ) ) ;
#5154 = CARTESIAN_POINT ( 'NONE',  ( 1344.625432640405961, 990.7363244027052360, 140.3824726663135607 ) ) ;
#5155 = CARTESIAN_POINT ( 'NONE',  ( 792.5417990833331032, 44.89833351497733105, -73.60917732022217308 ) ) ;
#5156 = CARTESIAN_POINT ( 'NONE',  ( 1466.033427831502649, 872.5906253791885092, -91.94607896474030895 ) ) ;
#5157 = CARTESIAN_POINT ( 'NONE',  ( 1216.434258110433120, 335.1760769493243970, -140.3569547977820378 ) ) ;
#5158 = CARTESIAN_POINT ( 'NONE',  ( 1336.514819929851456, 525.0415323118395463, -112.8155900618555734 ) ) ;
#5159 = CARTESIAN_POINT ( 'NONE',  ( 897.9155269664947809, 146.0773777755217395, -10.70816499066197380 ) ) ;
#5160 = CARTESIAN_POINT ( 'NONE',  ( 1411.082858705187618, 886.2402808917255470, -3.224740306170725379 ) ) ;
#5161 = CARTESIAN_POINT ( 'NONE',  ( 1222.767129680441030, 639.7485907181561515, 152.1357095849895131 ) ) ;
#5162 = CARTESIAN_POINT ( 'NONE',  ( 1126.309857349650883, 421.1557535958428957, 104.3361190191600514 ) ) ;
#5163 = CARTESIAN_POINT ( 'NONE',  ( 1059.204583714692490, 233.5481649136275166, -71.78376887398981410 ) ) ;
#5164 = CARTESIAN_POINT ( 'NONE',  ( 786.9248770096529597, 104.2839895237883070, 55.68283178369525643 ) ) ;
#5165 = CARTESIAN_POINT ( 'NONE',  ( 1123.741487744375036, 429.3357990862674569, 118.0475938856509543 ) ) ;
#5166 = CARTESIAN_POINT ( 'NONE',  ( 1003.468697329265297, 214.4130070864881077, 0.7685741045813425654 ) ) ;
#5167 = CARTESIAN_POINT ( 'NONE',  ( 1226.718271165212627, 630.4074648768182669, 146.1811745070128268 ) ) ;
#5168 = CARTESIAN_POINT ( 'NONE',  ( 957.2980859553832715, 145.8004239207684805, -55.77245773090561443 ) ) ;
#5169 = CARTESIAN_POINT ( 'NONE',  ( 900.7454838818813414, 127.6416850942139689, -17.16685148525422377 ) ) ;
#5170 = CARTESIAN_POINT ( 'NONE',  ( 1121.841456722575458, 435.3608720783626609, 114.5009883689769907 ) ) ;
#5171 = CARTESIAN_POINT ( 'NONE',  ( 675.8117050037277522, 37.49121497171839223, -2.691810759236827000 ) ) ;
#5172 = CARTESIAN_POINT ( 'NONE',  ( 1066.004609183408320, 205.9949607465268855, -111.9247649217846714 ) ) ;
#5173 = CARTESIAN_POINT ( 'NONE',  ( 1247.813429772182644, 580.4481350418401462, 44.80234995026892619 ) ) ;
#5174 = CARTESIAN_POINT ( 'NONE',  ( 1120.175196626566276, 440.6944121718394740, 136.9642842688514861 ) ) ;
#5175 = CARTESIAN_POINT ( 'NONE',  ( 1090.240537278470811, 343.7421876596397965, 64.08222472930381741 ) ) ;
#5176 = APPROVAL_PERSON_ORGANIZATION ( #4660, #5855, #1385 ) ;
#5177 = CARTESIAN_POINT ( 'NONE',  ( 676.8531469032044470, 12.75615789054828930, -55.02811061105531110 ) ) ;
#5178 = CARTESIAN_POINT ( 'NONE',  ( 579.4820607976294013, -4.374420417521660553, -20.08087356093323095 ) ) ;
#5179 = CARTESIAN_POINT ( 'NONE',  ( 894.3765291078902919, 169.3084732374837245, 44.46140053703572192 ) ) ;
#5180 = CARTESIAN_POINT ( 'NONE',  ( 1427.094181172904655, 619.9312791690621225, -169.7118251491341709 ) ) ;
#5181 = CARTESIAN_POINT ( 'NONE',  ( 1421.646677160133549, 754.5458981561647533, -95.88410726024282837 ) ) ;
#5182 = CARTESIAN_POINT ( 'NONE',  ( 1418.369357183769807, 635.9944634698503023, -146.1465832237053348 ) ) ;
#5183 = CARTESIAN_POINT ( 'NONE',  ( 1160.632815216345080, 311.8179669865754704, -81.07368555344680772 ) ) ;
#5184 = CARTESIAN_POINT ( 'NONE',  ( 618.3356685878179633, 20.95052215228191628, 34.86453883312139368 ) ) ;
#5185 = CARTESIAN_POINT ( 'NONE',  ( 579.3376085653509335, 15.64903408359334058, 39.95513191068523895 ) ) ;
#5186 = CARTESIAN_POINT ( 'NONE',  ( 1451.266469710684532, 703.9929629871816132, -150.8192874853685908 ) ) ;
#5187 = CARTESIAN_POINT ( 'NONE',  ( 677.0132446918366895, 9.070878402858134848, -53.11005451228312779 ) ) ;
#5188 = CARTESIAN_POINT ( 'NONE',  ( 1388.459088375843294, 558.9455587376554604, -164.9392270525272011 ) ) ;
#5189 = CARTESIAN_POINT ( 'NONE',  ( 1334.820108781342242, 528.7167932961533552, -107.4507014737041004 ) ) ;
#5190 = CARTESIAN_POINT ( 'NONE',  ( 950.4724425817662450, 183.0110575483126354, -11.81356724049511087 ) ) ;
#5191 = CARTESIAN_POINT ( 'NONE',  ( 1146.110613543276031, 358.0828123761966708, -2.687719995040602328 ) ) ;
#5192 = CARTESIAN_POINT ( 'NONE',  ( 942.4953674053681425, 226.6802433936238685, 99.11658553119336545 ) ) ;
#5193 = PERSON_AND_ORGANIZATION_ROLE ( 'classification_officer' ) ;
#5194 = CARTESIAN_POINT ( 'NONE',  ( 1041.750542597929098, 304.3851590621937930, 83.34794293252144826 ) ) ;
#5195 = CARTESIAN_POINT ( 'NONE',  ( 676.7730099213152926, 14.65276704913341987, -52.22743159900576160 ) ) ;
#5196 = CARTESIAN_POINT ( 'NONE',  ( 1445.406243187176415, 903.9239957168881574, -59.19905253150957947 ) ) ;
#5197 = CARTESIAN_POINT ( 'NONE',  ( 731.6400836389971118, 75.09496033137359916, 54.93755655723395392 ) ) ;
#5198 = CARTESIAN_POINT ( 'NONE',  ( 675.5217412760783873, 44.72091821625625840, 48.50237059375385940 ) ) ;
#5199 = CARTESIAN_POINT ( 'NONE',  ( 1360.783583791180945, 742.0025174505422001, 3.153543699677997303 ) ) ;
#5200 = CARTESIAN_POINT ( 'NONE',  ( 992.2853496027724987, 266.5743347221846875, 100.0896486329982764 ) ) ;
#5201 = CARTESIAN_POINT ( 'NONE',  ( 618.5744556713615339, 7.107306965716474245, -5.418595145403474866 ) ) ;
#5202 = CARTESIAN_POINT ( 'NONE',  ( 791.7749638301037294, 53.05169024502484376, -49.77732978298735134 ) ) ;
#5203 = CARTESIAN_POINT ( 'NONE',  ( 1417.958639840418755, 875.4293712152436910, -18.15283497527364887 ) ) ;
#5204 = CARTESIAN_POINT ( 'NONE',  ( 1158.359316944554621, 501.5765944427936915, 130.7398173523850744 ) ) ;
#5205 = CARTESIAN_POINT ( 'NONE',  ( 560.0000000000002274, -10.37211003255066899, -36.18490909434231639 ) ) ;
#5206 = CARTESIAN_POINT ( 'NONE',  ( 1259.092770944413587, 553.7503801721544505, 2.504108731633157614 ) ) ;
#5207 = CARTESIAN_POINT ( 'NONE',  ( 1458.805156280681558, 883.5706194143092489, -83.85581876031071147 ) ) ;
#5208 = CARTESIAN_POINT ( 'NONE',  ( 842.0845919737953409, 128.3994524952886138, 28.74737832610869859 ) ) ;
#5209 = CARTESIAN_POINT ( 'NONE',  ( 1078.878386959917634, 384.3379906954491503, 133.2265700664339931 ) ) ;
#5210 = CARTESIAN_POINT ( 'NONE',  ( 559.9999999999996589, 3.084809775111182706, 17.93438703778014798 ) ) ;
#5211 = CARTESIAN_POINT ( 'NONE',  ( 1010.271548914355208, 182.6691259708858297, -61.14392184409801700 ) ) ;
#5212 = ORIENTED_EDGE ( 'NONE', *, *, #2943, .F. ) ;
#5213 = CARTESIAN_POINT ( 'NONE',  ( 893.4238902008067953, 175.5752347311017729, 63.40737201529035616 ) ) ;
#5214 = CARTESIAN_POINT ( 'NONE',  ( 1069.180315824560466, 193.1411959678692085, -124.3760846189340583 ) ) ;
#5215 = CARTESIAN_POINT ( 'NONE',  ( 618.4870540194268642, 11.48360733372591014, -23.80222377530342470 ) ) ;
#5216 = CARTESIAN_POINT ( 'NONE',  ( 1067.061030469568323, 201.7507078974665262, -105.7410220920624369 ) ) ;
#5217 = CARTESIAN_POINT ( 'NONE',  ( 560.0000000000002274, 5.552997302550017444, 24.74596370466712614 ) ) ;
#5218 = CARTESIAN_POINT ( 'NONE',  ( 943.0014410694320759, 223.9284168855044186, 100.8477588137480012 ) ) ;
#5219 = CARTESIAN_POINT ( 'NONE',  ( 1310.428766241708217, 432.2828618741838227, -157.4372331122125104 ) ) ;
#5220 = CARTESIAN_POINT ( 'NONE',  ( 792.5418693957877849, 44.88794185640899315, -74.87058894469035408 ) ) ;
#5221 = CARTESIAN_POINT ( 'NONE',  ( 1163.267575856104486, 303.3816271314983624, -112.2588945769329598 ) ) ;
#5222 = CARTESIAN_POINT ( 'NONE',  ( 848.6728751651036191, 74.85670996861830417, -79.24580663433050631 ) ) ;
#5223 = CARTESIAN_POINT ( 'NONE',  ( 1402.981546845346202, 664.3210200234844933, -106.8976932494189924 ) ) ;
#5224 = CARTESIAN_POINT ( 'NONE',  ( 1266.840192956991132, 676.1228277854842190, 112.7588247092278095 ) ) ;
#5225 = CARTESIAN_POINT ( 'NONE',  ( 618.2096051466845665, 28.09857981727341780, 48.27640794407093239 ) ) ;
#5226 = CARTESIAN_POINT ( 'NONE',  ( 1237.923963038812872, 603.8876015099646111, 104.6880450630971779 ) ) ;
#5227 = CARTESIAN_POINT ( 'NONE',  ( 1306.608307822960569, 441.3090077444496160, -153.2467514112451852 ) ) ;
#5228 = CARTESIAN_POINT ( 'NONE',  ( 1092.785254075332432, 334.5846484510120717, 19.03769430158687825 ) ) ;
#5229 = CARTESIAN_POINT ( 'NONE',  ( 1155.433800832759744, 328.3275647128614310, -76.51245874960827109 ) ) ;
#5230 = CARTESIAN_POINT ( 'NONE',  ( 1195.867795584661280, 559.7548922367001296, 121.8944968811229472 ) ) ;
#5231 = CARTESIAN_POINT ( 'NONE',  ( 1265.656362708841925, 538.2522006694669017, 3.292936372655143717 ) ) ;
#5232 = CARTESIAN_POINT ( 'NONE',  ( 1333.232719108750189, 905.4955252270624442, 130.4942960754367220 ) ) ;
#5233 = CARTESIAN_POINT ( 'NONE',  ( 618.5907467786622647, 6.150607674521524793, -8.553392232786322325 ) ) ;
#5234 = CARTESIAN_POINT ( 'NONE',  ( 579.4992659518468372, -6.742374738654389077, -29.22535641398006945 ) ) ;
#5235 = CARTESIAN_POINT ( 'NONE',  ( 1430.757124990865577, 926.1762594247725247, -19.66558815209395306 ) ) ;
#5236 = CARTESIAN_POINT ( 'NONE',  ( 1036.864891390998991, 324.1646410606307427, 107.5607709664249541 ) ) ;
#5237 = CARTESIAN_POINT ( 'NONE',  ( 579.5084706014283711, -7.958777485225472681, -40.64249454659304206 ) ) ;
#5238 = CARTESIAN_POINT ( 'NONE',  ( 1382.739671222268271, 820.9631334715553521, -7.711189680268963009 ) ) ;
#5239 = CARTESIAN_POINT ( 'NONE',  ( 1379.570237921906028, 576.6789874792431192, -144.6958152980824650 ) ) ;
#5240 = CARTESIAN_POINT ( 'NONE',  ( 1403.948975562735086, 1000.988151317721417, 38.69664026781499899 ) ) ;
#5241 = CARTESIAN_POINT ( 'NONE',  ( 1079.345088074933756, 382.6706671312715002, 130.9817812614637944 ) ) ;
#5242 = CARTESIAN_POINT ( 'NONE',  ( 1133.033460377656638, 399.7403874122583716, 68.26598081131110973 ) ) ;
#5243 = CARTESIAN_POINT ( 'NONE',  ( 1159.790937278863566, 314.4999845725016030, -76.56661183743609911 ) ) ;
#5244 = ORIENTED_EDGE ( 'NONE', *, *, #1164, .F. ) ;
#5245 = CARTESIAN_POINT ( 'NONE',  ( 1039.151023565863397, 314.8772620302450491, 82.75275686775998452 ) ) ;
#5246 = CARTESIAN_POINT ( 'NONE',  ( 1475.768458337664015, 784.5345638433827844, -142.5913732554685396 ) ) ;
#5247 = CARTESIAN_POINT ( 'NONE',  ( 790.1134863960527355, 70.48068811842608739, -36.82559060905893489 ) ) ;
#5248 = CARTESIAN_POINT ( 'NONE',  ( 849.0991702571853921, 71.45846442945087063, -72.51562051459907821 ) ) ;
#5249 = CARTESIAN_POINT ( 'NONE',  ( 1222.170133489293676, 641.1711111981288695, 161.5775539902533637 ) ) ;
#5250 = CARTESIAN_POINT ( 'NONE',  ( 792.3926687591905420, 46.43616546762341102, -76.26229654264457736 ) ) ;
#5251 = CARTESIAN_POINT ( 'NONE',  ( 1220.082944797623668, 324.7360361394947290, -147.3156478779229417 ) ) ;
#5252 = CARTESIAN_POINT ( 'NONE',  ( 1452.641222825683826, 701.6454329050569640, -154.2230828901323321 ) ) ;
#5253 = CARTESIAN_POINT ( 'NONE',  ( 848.7997070353397930, 73.82762166600167575, -80.63647059005505469 ) ) ;
#5254 = CARTESIAN_POINT ( 'NONE',  ( 946.2288661184779812, 206.3038110363866053, 67.25543982755574746 ) ) ;
#5255 = CARTESIAN_POINT ( 'NONE',  ( 1156.518608567861520, 506.8567415248905945, 142.8292336849084450 ) ) ;
#5256 = CARTESIAN_POINT ( 'NONE',  ( 1129.668608648514009, 410.4580976996804793, 86.33531611729998190 ) ) ;
#5257 = CARTESIAN_POINT ( 'NONE',  ( 1214.629269631873967, 340.3440832497416295, -134.0902310213856765 ) ) ;
#5258 = CARTESIAN_POINT ( 'NONE',  ( 560.0000000000004547, 8.407505835166652730, 7.706951132067673349 ) ) ;
#5259 = CARTESIAN_POINT ( 'NONE',  ( 1109.564603549034928, 274.6228940022822940, -81.15748966733187331 ) ) ;
#5260 = CARTESIAN_POINT ( 'NONE',  ( 1418.256805942496840, 945.1644036572422465, 6.383225111298094667 ) ) ;
#5261 = CARTESIAN_POINT ( 'NONE',  ( 579.3296227922269281, 16.80903763790843541, 33.71573954500901493 ) ) ;
#5262 = CARTESIAN_POINT ( 'NONE',  ( 618.5246947310788528, 10.02215870699342126, 3.971696331422822634 ) ) ;
#5263 = CARTESIAN_POINT ( 'NONE',  ( 841.4371353323393805, 133.7827001741785864, 69.69210459920358858 ) ) ;
#5264 = CARTESIAN_POINT ( 'NONE',  ( 791.9514376262491169, 51.18073444679181705, -54.59915323376792884 ) ) ;
#5265 = CARTESIAN_POINT ( 'NONE',  ( 790.7952827919182255, 63.43471300583529171, -23.14289321458242910 ) ) ;
#5266 = CARTESIAN_POINT ( 'NONE',  ( 1304.384015944597650, 845.8223561469221750, 142.9048359887161439 ) ) ;
#5267 = CARTESIAN_POINT ( 'NONE',  ( 1353.780628330408717, 487.6001261973694341, -167.9847757121161749 ) ) ;
#5268 = CARTESIAN_POINT ( 'NONE',  ( 1421.906027811246531, 974.4691888731924792, 1.117883110018513371 ) ) ;
#5269 = CARTESIAN_POINT ( 'NONE',  ( 791.2821573273837430, 58.14215661371538602, -59.65902364264039903 ) ) ;
#5270 = CARTESIAN_POINT ( 'NONE',  ( 1131.970124494971060, 403.0728092354740966, 47.94541746470361687 ) ) ;
#5271 = CARTESIAN_POINT ( 'NONE',  ( 1249.293975722500136, 714.1679843407056296, 168.6518015901162926 ) ) ;
#5272 = CARTESIAN_POINT ( 'NONE',  ( 560.0000000000004547, 1.927557537202231330, 14.50313869124297739 ) ) ;
#5273 = CARTESIAN_POINT ( 'NONE',  ( 618.6917378015408531, 0.1819754160778599417, -29.00377740577319940 ) ) ;
#5274 = DIRECTION ( 'NONE',  ( 0.000000000000000000, 0.000000000000000000, -1.000000000000000000 ) ) ;
#5275 = CARTESIAN_POINT ( 'NONE',  ( 1397.770581521139547, 1010.112399400828281, 52.48643769104489820 ) ) ;
#5276 = CARTESIAN_POINT ( 'NONE',  ( 734.9427169274968037, 25.97129222871377863, -66.82223786870940785 ) ) ;
#5277 = CARTESIAN_POINT ( 'NONE',  ( 618.5056078157219872, 10.41468827914856909, -26.31248207972923225 ) ) ;
#5278 = CARTESIAN_POINT ( 'NONE',  ( 1348.986475987250060, 497.9985765223463545, -151.9171647988527525 ) ) ;
#5279 = CARTESIAN_POINT ( 'NONE',  ( 675.3951678871111426, 47.71437049953268428, 55.13761091798553338 ) ) ;
#5280 = CARTESIAN_POINT ( 'NONE',  ( 1220.656569820197774, 323.0863007549065742, -153.0106229563590432 ) ) ;
#5281 = CC_DESIGN_PERSON_AND_ORGANIZATION_ASSIGNMENT ( #855, #5193, ( #4975 ) ) ;
#5282 = CARTESIAN_POINT ( 'NONE',  ( 1351.976321631246265, 491.5139975891368636, -161.6317176259787232 ) ) ;
#5283 = CARTESIAN_POINT ( 'NONE',  ( 734.5223373503256425, 32.18166832986683801, -59.60799160736926439 ) ) ;
#5284 = CARTESIAN_POINT ( 'NONE',  ( 676.8194426384833378, 13.74821192636892064, -37.52327814698248432 ) ) ;
#5285 = CARTESIAN_POINT ( 'NONE',  ( 1218.987524277711145, 327.8640706334065271, -148.6163578400342828 ) ) ;
#5286 = CARTESIAN_POINT ( 'NONE',  ( 1128.825389191490785, 413.1437824671399426, 90.85804227409629164 ) ) ;
#5287 = CARTESIAN_POINT ( 'NONE',  ( 1078.693163901872367, 384.9944488807425387, 129.5131590276407962 ) ) ;
#5288 = CARTESIAN_POINT ( 'NONE',  ( 788.0745207650776365, 92.22352121191789820, 46.47413488665760184 ) ) ;
#5289 = CARTESIAN_POINT ( 'NONE',  ( 1066.324157662691732, 204.7011364209378144, -113.5785752513127846 ) ) ;
#5290 = CARTESIAN_POINT ( 'NONE',  ( 1343.840393095913669, 509.1419226708543420, -147.2584939507943886 ) ) ;
#5291 = CARTESIAN_POINT ( 'NONE',  ( 1253.399273401872733, 567.2262890457805042, 23.55804450106880665 ) ) ;
#5292 = CARTESIAN_POINT ( 'NONE',  ( 1247.522345385322296, 425.6403955303583189, -96.22905102141722011 ) ) ;
#5293 = CARTESIAN_POINT ( 'NONE',  ( 789.8265691807438316, 73.69347717656127372, 2.603083919320474227 ) ) ;
#5294 = CARTESIAN_POINT ( 'NONE',  ( 786.8275213190474915, 105.3274966468719498, 60.89389192776323512 ) ) ;
#5295 = CARTESIAN_POINT ( 'NONE',  ( 1145.554743102501789, 359.8536449525085459, 0.3328767393975555211 ) ) ;
#5296 = CARTESIAN_POINT ( 'NONE',  ( 618.2968846792896329, 23.16424123702563520, 40.25486850993866739 ) ) ;
#5297 = CARTESIAN_POINT ( 'NONE',  ( 1417.958639840418755, 875.4293712152436910, -18.15283497527364887 ) ) ;
#5298 = CARTESIAN_POINT ( 'NONE',  ( 904.5161006102910051, 102.8969440780550713, -71.66376662333860281 ) ) ;
#5299 = CARTESIAN_POINT ( 'NONE',  ( 1280.320299660099408, 774.7394071541677931, 145.0861600425427582 ) ) ;
#5300 = CARTESIAN_POINT ( 'NONE',  ( 792.5319740585943009, 44.98508596237842028, -75.68593681671943330 ) ) ;
#5301 = CARTESIAN_POINT ( 'NONE',  ( 1222.014693928507540, 491.8554086944292862, 2.427186896460995946 ) ) ;
#5302 = CARTESIAN_POINT ( 'NONE',  ( 1437.498668055216513, 727.4873890720373311, -129.0969873838502906 ) ) ;
#5303 = CARTESIAN_POINT ( 'NONE',  ( 1349.961860417320395, 876.9232170861508848, 73.63509821663176069 ) ) ;
#5304 = CARTESIAN_POINT ( 'NONE',  ( 675.4423751221294197, 46.59787804717904436, 52.85018406681732017 ) ) ;
#5305 = CARTESIAN_POINT ( 'NONE',  ( 559.9999999999993179, -0.2454635387689624026, 7.596662753996009876 ) ) ;
#5306 = CARTESIAN_POINT ( 'NONE',  ( 1208.977242862146568, 356.5632239436515647, -95.53576453796068790 ) ) ;
#5307 = CARTESIAN_POINT ( 'NONE',  ( 1430.812791919364372, 961.3156857471389003, -7.276322781143148788 ) ) ;
#5308 = CARTESIAN_POINT ( 'NONE',  ( 1386.204084538356256, 993.8531828591269459, 64.70526007871748675 ) ) ;
#5309 = CARTESIAN_POINT ( 'NONE',  ( 559.9999999999998863, -9.953136958728451944, -36.59818843234924657 ) ) ;
#5310 = CARTESIAN_POINT ( 'NONE',  ( 846.1761748092213793, 95.12009446589279094, -45.87229349096701014 ) ) ;
#5311 = CARTESIAN_POINT ( 'NONE',  ( 1308.620657955731076, 436.5637717251514687, -150.7134405938242026 ) ) ;
#5312 = CARTESIAN_POINT ( 'NONE',  ( 1391.216062496404902, 806.4927186214250696, -27.59721781739017388 ) ) ;
#5313 = CARTESIAN_POINT ( 'NONE',  ( 1328.488988929670768, 913.5944160882553433, 142.5339011049267128 ) ) ;
#5314 = CARTESIAN_POINT ( 'NONE',  ( 1392.739502784597107, 550.4083271681466840, -173.0842554344829693 ) ) ;
#5315 = CARTESIAN_POINT ( 'NONE',  ( 1473.853942589771805, 787.5452860956817176, -137.6343722212313025 ) ) ;
#5316 = CARTESIAN_POINT ( 'NONE',  ( 1171.348753039425446, 277.6715550374254917, -139.0916916961131164 ) ) ;
#5317 = CARTESIAN_POINT ( 'NONE',  ( 618.5943883663616134, 5.320714754117879863, -37.17370219062421910 ) ) ;
#5318 = CARTESIAN_POINT ( 'NONE',  ( 1416.947838734752622, 638.6027948532539540, -151.6275708067559549 ) ) ;
#5319 = CARTESIAN_POINT ( 'NONE',  ( 1438.096613114941192, 726.4746034773805832, -120.1205180483484583 ) ) ;
#5320 = CARTESIAN_POINT ( 'NONE',  ( 992.6481575962028501, 264.8823754946064355, 96.77585306594411918 ) ) ;
#5321 = CARTESIAN_POINT ( 'NONE',  ( 1155.567783571516202, 509.5838773208724888, 149.3619584740627317 ) ) ;
#5322 = CARTESIAN_POINT ( 'NONE',  ( 1042.287268106697638, 302.2094813671667453, 79.43053619252626163 ) ) ;
#5323 = CARTESIAN_POINT ( 'NONE',  ( 1212.447708383638201, 516.6951100772980681, 43.11518738418370589 ) ) ;
#5324 = CARTESIAN_POINT ( 'NONE',  ( 1304.135222936074342, 447.1603108498264305, -146.3635652698002900 ) ) ;
#5325 = CARTESIAN_POINT ( 'NONE',  ( 1282.812939729695699, 497.6134141145441845, -79.96750791227519528 ) ) ;
#5326 = CARTESIAN_POINT ( 'NONE',  ( 1415.135877161418421, 949.9051473007873483, 12.89972882172904534 ) ) ;
#5327 = CARTESIAN_POINT ( 'NONE',  ( 1394.153484057422702, 1015.454126454418997, 60.85348474141085262 ) ) ;
#5328 = CARTESIAN_POINT ( 'NONE',  ( 1382.967604509100511, 1031.973425699402242, 87.87452061907160328 ) ) ;
#5329 = CARTESIAN_POINT ( 'NONE',  ( 893.7705525676077514, 173.3715784606618797, 79.03308576501970606 ) ) ;
#5330 = CARTESIAN_POINT ( 'NONE',  ( 676.4462245659573227, 22.70427485358483821, -10.05309727647430762 ) ) ;
#5331 = CARTESIAN_POINT ( 'NONE',  ( 676.8435592913508572, 13.16795144999933598, -39.35499070259846377 ) ) ;
#5332 = CARTESIAN_POINT ( 'NONE',  ( 618.2101356816244788, 27.96654416543398014, 42.49803225483675106 ) ) ;
#5333 = CARTESIAN_POINT ( 'NONE',  ( 1321.020026139895435, 693.5076708261516387, 13.46454609737238961 ) ) ;
#5334 = CARTESIAN_POINT ( 'NONE',  ( 1165.287536351543167, 296.9501743132077536, -120.8370057807721167 ) ) ;
#5335 = CARTESIAN_POINT ( 'NONE',  ( 1170.504553150109132, 466.7564961503103973, 60.61164692331006165 ) ) ;
#5336 = CARTESIAN_POINT ( 'NONE',  ( 1325.986938827304357, 917.8658469624311920, 148.2902400728647478 ) ) ;
#5337 = CARTESIAN_POINT ( 'NONE',  ( 732.9532879151859106, 55.68335225248560505, 21.99346027730821973 ) ) ;
#5338 = CARTESIAN_POINT ( 'NONE',  ( 618.6842776808099416, 0.6255779738039369819, -27.42555148810557597 ) ) ;
#5339 = CARTESIAN_POINT ( 'NONE',  ( 1424.551208905566682, 970.5627872473303341, -4.183122020445008360 ) ) ;
#5340 = CARTESIAN_POINT ( 'NONE',  ( 1234.867166407768536, 611.0960902303120292, 97.03839187273467815 ) ) ;
#5341 = CARTESIAN_POINT ( 'NONE',  ( 1171.894768918034742, 275.9220421583082725, -144.4487684738580811 ) ) ;
#5342 = CARTESIAN_POINT ( 'NONE',  ( 1358.560763619008412, 618.5971749910806921, -91.51383375822300081 ) ) ;
#5343 = CARTESIAN_POINT ( 'NONE',  ( 849.3083000600233845, 69.75769569936844050, -76.27405987208665294 ) ) ;
#5344 = CARTESIAN_POINT ( 'NONE',  ( 579.3822291067457400, 9.611525986824744905, -4.421038718537814383 ) ) ;
#5345 = CARTESIAN_POINT ( 'NONE',  ( 618.2143197531041778, 27.85300245575020384, 49.42385717820441471 ) ) ;
#5346 = CARTESIAN_POINT ( 'NONE',  ( 1193.658457535117122, 565.5082886236160675, 145.7768918995965919 ) ) ;
#5347 = CARTESIAN_POINT ( 'NONE',  ( 1353.811920650203319, 487.5279467239715245, -170.8641526326874214 ) ) ;
#5348 = CARTESIAN_POINT ( 'NONE',  ( 560.0000000000000000, -10.89304327373223025, -34.51465997932768914 ) ) ;
#5349 = CARTESIAN_POINT ( 'NONE',  ( 848.3625813940684566, 77.37284611391069689, -75.76163353890376584 ) ) ;
#5350 = CARTESIAN_POINT ( 'NONE',  ( 1211.044722964244329, 350.6391006038435876, -105.0422074172700633 ) ) ;
#5351 = CARTESIAN_POINT ( 'NONE',  ( 560.0000000000002274, 7.979080248847281176, 30.91578284912081287 ) ) ;
#5352 = CARTESIAN_POINT ( 'NONE',  ( 1035.531097416754847, 329.5897297340483760, 125.4635807441560047 ) ) ;
#5353 = CARTESIAN_POINT ( 'NONE',  ( 996.1803590429957467, 248.4116259211825763, 66.11967351023682227 ) ) ;
#5354 = CARTESIAN_POINT ( 'NONE',  ( 1133.535288980592441, 398.0852686361737938, 38.68884198482125214 ) ) ;
#5355 = CARTESIAN_POINT ( 'NONE',  ( 792.2223597896336287, 48.23012489712665030, -74.33999034087821656 ) ) ;
#5356 = CARTESIAN_POINT ( 'NONE',  ( 1285.372405347744461, 491.5566744385956213, -88.36965903694677138 ) ) ;
#5357 = CARTESIAN_POINT ( 'NONE',  ( 1294.887609379821015, 615.3058700389323121, 21.18977430096929382 ) ) ;
#5358 = CARTESIAN_POINT ( 'NONE',  ( 731.6306682473509682, 75.24111250774727466, 56.28965293824319360 ) ) ;
#5359 = CARTESIAN_POINT ( 'NONE',  ( 618.3512245307614421, 19.36511651064011375, -2.262506598024829785 ) ) ;
#5360 = CARTESIAN_POINT ( 'NONE',  ( 1162.389807292461001, 490.0436799366559626, 122.6026715522000643 ) ) ;
#5361 = CARTESIAN_POINT ( 'NONE',  ( 790.7952827919182255, 63.43471300583529171, -23.14289321458242910 ) ) ;
#5362 = EDGE_CURVE ( 'NONE', #2381, #3774, #6233, .T. ) ;
#5363 = CARTESIAN_POINT ( 'NONE',  ( 1164.011581653561734, 301.0532859617754298, -99.09594913055593679 ) ) ;
#5364 = CARTESIAN_POINT ( 'NONE',  ( 559.9999999999988631, 11.21126449595169028, 33.41883897837090700 ) ) ;
#5365 = CARTESIAN_POINT ( 'NONE',  ( 1373.251156933867151, 589.2863949129771299, -129.2927037170886422 ) ) ;
#5366 = CARTESIAN_POINT ( 'NONE',  ( 1342.767864661107751, 889.2062780790344050, 92.75477539917569914 ) ) ;
#5367 = CARTESIAN_POINT ( 'NONE',  ( 1158.993938848153221, 499.7715304982597786, 138.9675366031964927 ) ) ;
#5368 = CARTESIAN_POINT ( 'NONE',  ( 1214.259705366631806, 512.0287095043142926, 60.41642543315501257 ) ) ;
#5369 = CARTESIAN_POINT ( 'NONE',  ( 957.5929115422184168, 144.1883107894031468, -59.10167318913219958 ) ) ;
#5370 = CARTESIAN_POINT ( 'NONE',  ( 1453.536921030268559, 927.7567074617799108, -59.12072827777882367 ) ) ;
#5371 = CARTESIAN_POINT ( 'NONE',  ( 893.2805924202008327, 176.5196721741392309, 66.59500625386714034 ) ) ;
#5372 = CARTESIAN_POINT ( 'NONE',  ( 1015.734095064524126, 157.1486654840230415, -116.0811393459725736 ) ) ;
#5373 = CARTESIAN_POINT ( 'NONE',  ( 1279.763627080673814, 504.8295220283016533, -69.80859945085519769 ) ) ;
#5374 = CARTESIAN_POINT ( 'NONE',  ( 1119.091477725649156, 240.6222067499874697, -117.6588030993779626 ) ) ;
#5375 = CARTESIAN_POINT ( 'NONE',  ( 788.7647199257023658, 84.92875094334533514, 29.81666518837872459 ) ) ;
#5376 = CARTESIAN_POINT ( 'NONE',  ( 1001.472202547102597, 223.6347607437801059, -12.87078540286035633 ) ) ;
#5377 = CARTESIAN_POINT ( 'NONE',  ( 1384.965757272508654, 1029.022555068860584, 83.68873241091520754 ) ) ;
#5378 = CARTESIAN_POINT ( 'NONE',  ( 787.0521269072932000, 103.0168594713953922, 69.93715056134871588 ) ) ;
#5379 = CARTESIAN_POINT ( 'NONE',  ( 1120.884684709799785, 234.1929904169250278, -134.7658227932190300 ) ) ;
#5380 = CARTESIAN_POINT ( 'NONE',  ( 734.9868562070438429, 25.34067621919583857, -65.32410699055898817 ) ) ;
#5381 = CARTESIAN_POINT ( 'NONE',  ( 1371.232134647978683, 593.3146914404104564, -124.2315985266536558 ) ) ;
#5382 = CARTESIAN_POINT ( 'NONE',  ( 848.5603733624307097, 75.76910969767119752, -78.00188495658906618 ) ) ;
#5383 = CARTESIAN_POINT ( 'NONE',  ( 1115.749487080977360, 252.5684822192634726, -96.94718649448903136 ) ) ;
#5384 = CARTESIAN_POINT ( 'NONE',  ( 944.6564475644208869, 214.8918953524150197, 83.75696552640540915 ) ) ;
#5385 = CARTESIAN_POINT ( 'NONE',  ( 560.0000000000000000, 11.04212790345399142, 36.48590726824359365 ) ) ;
#5386 = CARTESIAN_POINT ( 'NONE',  ( 1043.361186476604871, 297.8561179972778632, 71.57460542639502421 ) ) ;
#5387 = CARTESIAN_POINT ( 'NONE',  ( 1277.172930490497492, 653.6924089461876974, 56.95049171277958067 ) ) ;
#5388 = CARTESIAN_POINT ( 'NONE',  ( 1213.901457388782319, 342.4282232391035450, -131.4568673772425029 ) ) ;
#5389 = CARTESIAN_POINT ( 'NONE',  ( 1220.206871662695676, 645.8134101196746997, 165.1604262027173320 ) ) ;
#5390 = CARTESIAN_POINT ( 'NONE',  ( 618.4655734898708488, 12.72350971144690490, -20.76602572874899977 ) ) ;
#5391 = CARTESIAN_POINT ( 'NONE',  ( 560.0000000000007958, -0.9287056804776310237, 5.281439262353986308 ) ) ;
#5392 = CARTESIAN_POINT ( 'NONE',  ( 840.5209684899102740, 141.1823136008875395, 73.93579771776511222 ) ) ;
#5393 = CARTESIAN_POINT ( 'NONE',  ( 1424.535632055432188, 970.5857911289217554, -4.152013243324089053 ) ) ;
#5394 = CARTESIAN_POINT ( 'NONE',  ( 1040.225633846793698, 310.5658382220577209, 94.41125063757979774 ) ) ;
#5395 = CARTESIAN_POINT ( 'NONE',  ( 1283.915070555461853, 495.0373427947970981, -62.95830435613834908 ) ) ;
#5396 = CARTESIAN_POINT ( 'NONE',  ( 579.3296658667483143, 16.78818564301743166, 36.51348284023531932 ) ) ;
#5397 = CARTESIAN_POINT ( 'NONE',  ( 618.7427408560578215, -3.098592023882041691, -49.42649618092050190 ) ) ;
#5398 = CARTESIAN_POINT ( 'NONE',  ( 896.6472685620653920, 154.3972978789863078, 7.431864167713572833 ) ) ;
#5399 = CARTESIAN_POINT ( 'NONE',  ( 1113.388097343775371, 260.9643783029914630, -101.1772152246797987 ) ) ;
#5400 = CARTESIAN_POINT ( 'NONE',  ( 1127.437259145787039, 417.5196268911943207, 76.04828869110332334 ) ) ;
#5401 = CARTESIAN_POINT ( 'NONE',  ( 991.6602520308675821, 269.4883555362742982, 105.5232141246017363 ) ) ;
#5402 = CARTESIAN_POINT ( 'NONE',  ( 1135.546383323357531, 391.7359040442636342, 54.69145697644616888 ) ) ;
#5403 = CARTESIAN_POINT ( 'NONE',  ( 1427.248014511749034, 966.5801465777553858, -0.07733509065231658486 ) ) ;
#5404 = CARTESIAN_POINT ( 'NONE',  ( 786.9760303817477052, 103.7359713923462294, 53.11058583822668311 ) ) ;
#5405 = CARTESIAN_POINT ( 'NONE',  ( 1453.855268769394570, 699.5706070255945406, -159.4685792639350268 ) ) ;
#5406 = CARTESIAN_POINT ( 'NONE',  ( 952.9897989124009428, 169.2549257257862791, -38.05791785144971584 ) ) ;
#5407 = CARTESIAN_POINT ( 'NONE',  ( 849.3727488780775730, 69.23177607180603843, -77.67238559185601332 ) ) ;
#5408 = CARTESIAN_POINT ( 'NONE',  ( 560.0000000000006821, 0.4468634980643971799, 9.908787024748999528 ) ) ;
#5409 = CARTESIAN_POINT ( 'NONE',  ( 1222.014693928507540, 491.8554086944292862, 2.427186896460995946 ) ) ;
#5410 = CARTESIAN_POINT ( 'NONE',  ( 1129.668608648514009, 410.4580976996804793, 86.33531611729998190 ) ) ;
#5411 = CARTESIAN_POINT ( 'NONE',  ( 1303.783201055311110, 846.9352141098099764, 154.7445411882613655 ) ) ;
#5412 = AXIS2_PLACEMENT_3D ( 'NONE', #4402, #76, #5274 ) ;
#5413 = CARTESIAN_POINT ( 'NONE',  ( 618.5689839703996995, 6.773898189768442712, -34.26593937412162205 ) ) ;
#5414 = CARTESIAN_POINT ( 'NONE',  ( 1306.608307822960569, 441.3090077444496160, -153.2467514112451852 ) ) ;
#5415 = CARTESIAN_POINT ( 'NONE',  ( 1376.476388799457254, 582.8662509112656380, -124.5280609056411976 ) ) ;
#5416 = CARTESIAN_POINT ( 'NONE',  ( 1083.424142668958211, 368.0981111993597779, 106.3916214083370164 ) ) ;
#5417 = CARTESIAN_POINT ( 'NONE',  ( 731.5759801243307265, 76.10254168841146338, 66.55853566731192927 ) ) ;
#5418 = CARTESIAN_POINT ( 'NONE',  ( 675.7883208606845074, 38.39972956549712535, 33.41417145121424426 ) ) ;
#5419 = CARTESIAN_POINT ( 'NONE',  ( 1310.072144661903167, 715.3557858531986540, 46.37074312134486576 ) ) ;
#5420 = CARTESIAN_POINT ( 'NONE',  ( 1301.845651818521446, 452.5771637413216695, -139.6980908372825922 ) ) ;
#5421 = CARTESIAN_POINT ( 'NONE',  ( 1355.281756222290596, 625.1398233794383259, -82.81210245130876046 ) ) ;
#5422 = CARTESIAN_POINT ( 'NONE',  ( 560.0000000000000000, -10.28703783287020634, -31.21761850382335268 ) ) ;
#5423 = CARTESIAN_POINT ( 'NONE',  ( 1390.112971382307933, 1021.421152801788708, 70.55044769287447082 ) ) ;
#5424 = CARTESIAN_POINT ( 'NONE',  ( 1426.106027243091376, 968.2666325928654487, 2.228156022182748330 ) ) ;
#5425 = CARTESIAN_POINT ( 'NONE',  ( 559.9999999999992042, 6.789111897038068832, 27.91312709500869005 ) ) ;
#5426 = CARTESIAN_POINT ( 'NONE',  ( 901.5876757419656542, 122.1160193561180165, -29.27190283576462093 ) ) ;
#5427 = CARTESIAN_POINT ( 'NONE',  ( 1157.065687985581008, 505.2875696452617831, 139.2814949004130938 ) ) ;
#5428 = CARTESIAN_POINT ( 'NONE',  ( 999.0689890195986891, 234.8479892074213353, 8.974446798952767423 ) ) ;
#5429 = CARTESIAN_POINT ( 'NONE',  ( 791.0343026460280953, 60.75839707481452479, -55.16675468701053831 ) ) ;
#5430 = CARTESIAN_POINT ( 'NONE',  ( 1315.986005913437566, 824.4592094272121585, 106.4265056982780209 ) ) ;
#5431 = CARTESIAN_POINT ( 'NONE',  ( 1327.348609887479370, 915.5413721516122223, 145.2357554815492620 ) ) ;
#5432 = CARTESIAN_POINT ( 'NONE',  ( 1094.953355736276080, 326.9002093692894277, 34.43743423992441421 ) ) ;
#5433 = CARTESIAN_POINT ( 'NONE',  ( 1228.896341422567957, 474.0299600136144136, -0.08040579440100675823 ) ) ;
#5434 = CARTESIAN_POINT ( 'NONE',  ( 1287.519081897059777, 760.3690958988330522, 119.4169359101904320 ) ) ;
#5435 = CARTESIAN_POINT ( 'NONE',  ( 905.7111196074122290, 95.01336779420016398, -96.18836269750335077 ) ) ;
#5436 = CARTESIAN_POINT ( 'NONE',  ( 953.6455689929847495, 165.6723766601442094, -44.53456156425080081 ) ) ;
#5437 = CARTESIAN_POINT ( 'NONE',  ( 618.7635493127252175, -4.136974379627119447, -45.58072087236234893 ) ) ;
#5438 = CARTESIAN_POINT ( 'NONE',  ( 732.9532879151859106, 55.68335225248560505, 21.99346027730821973 ) ) ;
#5439 = CARTESIAN_POINT ( 'NONE',  ( 1219.589410076199101, 498.1521346516203153, 12.53686189791507921 ) ) ;
#5440 = CARTESIAN_POINT ( 'NONE',  ( 995.3537481431415017, 252.2666571986325152, 73.34355594317928251 ) ) ;
#5441 = CARTESIAN_POINT ( 'NONE',  ( 893.2490517054745851, 176.7874301521336236, 86.05870023874510366 ) ) ;
#5442 = CARTESIAN_POINT ( 'NONE',  ( 1245.661390140423009, 430.5043803043333810, -68.81245938255383976 ) ) ;
#5443 = CARTESIAN_POINT ( 'NONE',  ( 676.9670536548894688, 10.07345364452639735, -57.71684861018994894 ) ) ;
#5444 = CARTESIAN_POINT ( 'NONE',  ( 1450.146455049929955, 824.8144504944417577, -98.40972406159372099 ) ) ;
#5445 = CARTESIAN_POINT ( 'NONE',  ( 792.1230580569721269, 49.35926512675683142, -59.51634224302851095 ) ) ;
#5446 = CARTESIAN_POINT ( 'NONE',  ( 1013.077272579121995, 169.5746807388393620, -86.59142959790563054 ) ) ;
#5447 = CARTESIAN_POINT ( 'NONE',  ( 1125.019434090842879, 425.2656548175745002, 111.1976621298156260 ) ) ;
#5448 = CARTESIAN_POINT ( 'NONE',  ( 1371.127507058313313, 1016.754406152513297, 102.5172839729493006 ) ) ;
#5449 = CARTESIAN_POINT ( 'NONE',  ( 1208.150601325676007, 527.8880047178166706, 85.60691391765686831 ) ) ;
#5450 = CARTESIAN_POINT ( 'NONE',  ( 579.4215883171739279, 4.154260348572486272, -19.67403657598848454 ) ) ;
#5451 = CARTESIAN_POINT ( 'NONE',  ( 845.2851725658001669, 102.5065478546937783, 1.021740607705788895 ) ) ;
#5452 = CARTESIAN_POINT ( 'NONE',  ( 1351.214875545211498, 980.3715591254723449, 119.5767769110611312 ) ) ;
#5453 = CARTESIAN_POINT ( 'NONE',  ( 1417.594778814691153, 980.8360384343822034, 9.874977803231617557 ) ) ;
#5454 = CARTESIAN_POINT ( 'NONE',  ( 1124.585289249213929, 426.6483612732031929, 113.5052809314311162 ) ) ;
#5455 = CARTESIAN_POINT ( 'NONE',  ( 1437.740100952246848, 951.0854405185640417, -21.19123968415808434 ) ) ;
#5456 = CARTESIAN_POINT ( 'NONE',  ( 618.2100454491217079, 28.02058937582662068, 45.10808025086694073 ) ) ;
#5457 = CARTESIAN_POINT ( 'NONE',  ( 734.9538415850339561, 25.80960460798433331, -66.71018803798627061 ) ) ;
#5458 = CARTESIAN_POINT ( 'NONE',  ( 1062.839178845502147, 218.8193698315020868, -94.15194994078591151 ) ) ;
#5459 = CARTESIAN_POINT ( 'NONE',  ( 1040.864286772725791, 307.9215586214884297, 66.21300180553316750 ) ) ;
#5460 = CARTESIAN_POINT ( 'NONE',  ( 943.7814053246462436, 219.6707700400158956, 93.20418359491614524 ) ) ;
#5461 = CARTESIAN_POINT ( 'NONE',  ( 1334.622442302202899, 666.3869791050018421, -4.014380784368299260 ) ) ;
#5462 = CARTESIAN_POINT ( 'NONE',  ( 675.3483479108506344, 48.68801948288448500, 42.06882121241176975 ) ) ;
#5463 = CARTESIAN_POINT ( 'NONE',  ( 1220.352350883158124, 323.9567764547338697, -152.4385326596326706 ) ) ;
#5464 = CARTESIAN_POINT ( 'NONE',  ( 733.3857305153726429, 49.02311613074756025, -28.11272154173574123 ) ) ;
#5465 = CARTESIAN_POINT ( 'NONE',  ( 1366.643835785497913, 848.4558951401788818, 49.88003749871425896 ) ) ;
#5466 = CARTESIAN_POINT ( 'NONE',  ( 1424.532748620785924, 970.5900493832324401, -4.156601785054811593 ) ) ;
#5467 = CARTESIAN_POINT ( 'NONE',  ( 560.0000000000001137, 3.887378198601891377, 20.21110277046109260 ) ) ;
#5468 = CARTESIAN_POINT ( 'NONE',  ( 1038.074602274427662, 319.2843333091024647, 110.3479814632492406 ) ) ;
#5469 = CARTESIAN_POINT ( 'NONE',  ( 1324.210688685065634, 551.7218123273588617, -73.64741594067295694 ) ) ;
#5470 = CARTESIAN_POINT ( 'NONE',  ( 1254.280937098507593, 408.0988077789871795, -120.0247288842021334 ) ) ;
#5471 = CARTESIAN_POINT ( 'NONE',  ( 1440.275143907052779, 722.7563714967228634, -125.2002029310108071 ) ) ;
#5472 = CARTESIAN_POINT ( 'NONE',  ( 1343.289664017314863, 510.3511500122065172, -134.1857808894102675 ) ) ;
#5473 = CARTESIAN_POINT ( 'NONE',  ( 1261.049449346212214, 688.6789523437041680, 131.6597170363756106 ) ) ;
#5474 = CARTESIAN_POINT ( 'NONE',  ( 1220.284119918243505, 645.6327925213580556, 166.4544676048803353 ) ) ;
#5475 = CARTESIAN_POINT ( 'NONE',  ( 1130.511699018299396, 407.7726441058826481, 81.81154650330191203 ) ) ;
#5476 = CARTESIAN_POINT ( 'NONE',  ( 1258.553550098307142, 397.0103434268089586, -134.3105235702967661 ) ) ;
#5477 = CARTESIAN_POINT ( 'NONE',  ( 789.2787902265228013, 79.30381655424017140, -18.01008843098002998 ) ) ;
#5478 = CARTESIAN_POINT ( 'NONE',  ( 560.0000000000000000, -7.445532165827962068, -18.54578669497416854 ) ) ;
#5479 = CARTESIAN_POINT ( 'NONE',  ( 1304.384015944597650, 845.8223561469221750, 142.9048359887161439 ) ) ;
#5480 = CARTESIAN_POINT ( 'NONE',  ( 732.0683004654970318, 68.81678514247700207, 53.11929069372528289 ) ) ;
#5481 = CARTESIAN_POINT ( 'NONE',  ( 1321.424275368714689, 557.7638516836253757, -64.72528946235271974 ) ) ;
#5482 = CARTESIAN_POINT ( 'NONE',  ( 1324.281038495505300, 920.7740020628284583, 145.5167673839862630 ) ) ;
#5483 = CARTESIAN_POINT ( 'NONE',  ( 792.5190390957315003, 45.11645073964456998, -76.16675289207528010 ) ) ;
#5484 = CARTESIAN_POINT ( 'NONE',  ( 1430.601135767165033, 739.2609256063226439, -114.9129727390353963 ) ) ;
#5485 = CARTESIAN_POINT ( 'NONE',  ( 893.7765726100246866, 173.2540610031392418, 56.00983183767053930 ) ) ;
#5486 = CARTESIAN_POINT ( 'NONE',  ( 1377.250493726929108, 1007.453456182865466, 92.57889630626661415 ) ) ;
#5487 = CARTESIAN_POINT ( 'NONE',  ( 1288.300650438993671, 629.5890507758776948, 42.75120778367429608 ) ) ;
#5488 = CARTESIAN_POINT ( 'NONE',  ( 1304.809535961773690, 593.7912082282241499, -11.08179900391480821 ) ) ;
#5489 = CARTESIAN_POINT ( 'NONE',  ( 1067.561033138362291, 199.7235512200390417, -109.2734194884732517 ) ) ;
#5490 = CARTESIAN_POINT ( 'NONE',  ( 1261.871739426299655, 686.8785194340457565, 112.7357644009812532 ) ) ;
#5491 = CARTESIAN_POINT ( 'NONE',  ( 1469.045408356168764, 904.8537840155814820, -84.32085057616816925 ) ) ;
#5492 = CARTESIAN_POINT ( 'NONE',  ( 579.4075307488668614, 6.105469823846683575, -14.63713299180413685 ) ) ;
#5493 = CARTESIAN_POINT ( 'NONE',  ( 843.8283745285882560, 114.3545722095728365, 28.10179699243662199 ) ) ;
#5494 = CARTESIAN_POINT ( 'NONE',  ( 1374.376091478910439, 835.2413304496504907, 12.36077441661167775 ) ) ;
#5495 = CARTESIAN_POINT ( 'NONE',  ( 1320.264437226997870, 927.6346127342513910, 159.2741086964642250 ) ) ;
#5496 = CARTESIAN_POINT ( 'NONE',  ( 1372.667693374822193, 946.6427663935581904, 80.47231049665120395 ) ) ;
#5497 = CARTESIAN_POINT ( 'NONE',  ( 1058.108068897528710, 238.0617754343240904, -38.76807942134614393 ) ) ;
#5498 = CARTESIAN_POINT ( 'NONE',  ( 1112.615739374316263, 263.7232846357962899, -97.23108414899249397 ) ) ;
#5499 = CARTESIAN_POINT ( 'NONE',  ( 1301.401266807274851, 453.6508237924807077, -125.3448335462381493 ) ) ;
#5500 = CARTESIAN_POINT ( 'NONE',  ( 1014.079485840625466, 164.8960437164544430, -95.82646033202826175 ) ) ;
#5501 = CARTESIAN_POINT ( 'NONE',  ( 1286.056380818704383, 763.3021299542442648, 138.3890221790294390 ) ) ;
#5502 = CARTESIAN_POINT ( 'NONE',  ( 1343.361270146160678, 992.7236866320560011, 142.1188653178823813 ) ) ;
#5503 = CARTESIAN_POINT ( 'NONE',  ( 1406.326596337790761, 997.4768825878481948, 42.25897748714946545 ) ) ;
#5504 = CARTESIAN_POINT ( 'NONE',  ( 559.9999999999998863, -4.957223768990526303, -29.74376810834209550 ) ) ;
#5505 = CARTESIAN_POINT ( 'NONE',  ( 1320.251811737643038, 927.6552864380546453, 158.0028153690255124 ) ) ;
#5506 = CARTESIAN_POINT ( 'NONE',  ( 1192.711390338145975, 403.1248306369091665, -45.33685001602876241 ) ) ;
#5507 = CARTESIAN_POINT ( 'NONE',  ( 1100.298036811995644, 307.7980853917341051, 0.4697289099360364428 ) ) ;
#5508 = CARTESIAN_POINT ( 'NONE',  ( 1157.065687985581008, 505.2875696452617831, 139.2814949004130938 ) ) ;
#5509 = APPROVAL_ROLE ( '' ) ;
#5510 = CARTESIAN_POINT ( 'NONE',  ( 1198.956038741274597, 551.7563671349219021, 123.4272193838821892 ) ) ;
#5511 = CARTESIAN_POINT ( 'NONE',  ( 902.6363186749148326, 115.2347716478638802, -44.41118586426329529 ) ) ;
#5512 = CARTESIAN_POINT ( 'NONE',  ( 1035.605826958813168, 329.2830186200880576, 122.8223965066328134 ) ) ;
#5513 = CARTESIAN_POINT ( 'NONE',  ( 1312.534761215064918, 427.2921107489236761, -167.0946414847288395 ) ) ;
#5514 = CARTESIAN_POINT ( 'NONE',  ( 1333.086072720702759, 532.4560070426533684, -118.0581966387896671 ) ) ;
#5515 = CARTESIAN_POINT ( 'NONE',  ( 1124.583831234784611, 426.6161533139521680, 95.02012542148861485 ) ) ;
#5516 = CARTESIAN_POINT ( 'NONE',  ( 787.1650016654173214, 101.8266431934705167, 67.45726064800267352 ) ) ;
#5517 = CARTESIAN_POINT ( 'NONE',  ( 1000.262424788863427, 229.3718072272968129, 29.89095598523573472 ) ) ;
#5518 = CARTESIAN_POINT ( 'NONE',  ( 1061.788615501352751, 223.1352291477330994, -66.36776814501293131 ) ) ;
#5519 = CARTESIAN_POINT ( 'NONE',  ( 1146.110613543276031, 358.0828123761966708, -2.687719995040602328 ) ) ;
#5520 = CARTESIAN_POINT ( 'NONE',  ( 1306.472438904253750, 441.6481640830016886, -143.1630799435761219 ) ) ;
#5521 = CARTESIAN_POINT ( 'NONE',  ( 618.2101048565834844, 27.93569244121440320, 40.75037433769105633 ) ) ;
#5522 = CARTESIAN_POINT ( 'NONE',  ( 1392.268453543035321, 551.3473950212148793, -172.4384874544155082 ) ) ;
#5523 = CARTESIAN_POINT ( 'NONE',  ( 951.0887313606156113, 179.6428902806353847, -18.41226984425851043 ) ) ;
#5524 = CARTESIAN_POINT ( 'NONE',  ( 1346.759644366964949, 502.8136683936653526, -154.7684365028241302 ) ) ;
#5525 = CARTESIAN_POINT ( 'NONE',  ( 560.0000000000004547, 7.233797916309125497, 3.024054427844504733 ) ) ;
#5526 = CARTESIAN_POINT ( 'NONE',  ( 892.2888794437096749, 183.0737328090048095, 96.01807904606479838 ) ) ;
#5527 = CARTESIAN_POINT ( 'NONE',  ( 1240.799617613516602, 597.0818665673508576, 94.18670952857682721 ) ) ;
#5528 = CARTESIAN_POINT ( 'NONE',  ( 1355.767482777617261, 624.1912909293073426, -65.37457775833239282 ) ) ;
#5529 = CARTESIAN_POINT ( 'NONE',  ( 579.3435395394147918, 14.94416388830861919, 16.50120802449792379 ) ) ;
#5530 = CARTESIAN_POINT ( 'NONE',  ( 1427.208506320447441, 619.7202106996787734, -170.5288789201803752 ) ) ;
#5531 = CARTESIAN_POINT ( 'NONE',  ( 1450.370432904357358, 896.3832512723879518, -68.51671404289473344 ) ) ;
#5532 = CARTESIAN_POINT ( 'NONE',  ( 848.9381323096368988, 72.76987436782400209, -69.41268527234990415 ) ) ;
#5533 = CARTESIAN_POINT ( 'NONE',  ( 676.9310663905844194, 11.05528724631994919, -46.47441219750699304 ) ) ;
#5534 = CARTESIAN_POINT ( 'NONE',  ( 1362.411135491492360, 962.7700693445192428, 102.8696407094021907 ) ) ;
#5535 = CARTESIAN_POINT ( 'NONE',  ( 1189.689149899138101, 575.8109912374007990, 159.5201129770614159 ) ) ;
#5536 = CARTESIAN_POINT ( 'NONE',  ( 1045.672774852423345, 288.4854311486508891, 54.58049304183057160 ) ) ;
#5537 = CARTESIAN_POINT ( 'NONE',  ( 1218.224375311970107, 330.0657625471162646, -137.8459711815352193 ) ) ;
#5538 = CARTESIAN_POINT ( 'NONE',  ( 579.3882698928809987, 8.775109001759751948, -6.988544771106394826 ) ) ;
#5539 = CARTESIAN_POINT ( 'NONE',  ( 676.3085248442654347, 25.99956222569026565, -0.3243138031276973643 ) ) ;
#5540 = CARTESIAN_POINT ( 'NONE',  ( 579.3296658667483143, 16.78818564301743166, 36.51348284023531932 ) ) ;
#5541 = CARTESIAN_POINT ( 'NONE',  ( 1339.573427749093980, 894.6705501193179089, 115.1963080664256722 ) ) ;
#5542 = CARTESIAN_POINT ( 'NONE',  ( 902.3574392546244098, 117.0649738320471158, -40.37460527709590963 ) ) ;
#5543 = CARTESIAN_POINT ( 'NONE',  ( 1118.479193185618897, 446.0869471341448502, 141.0708164739898507 ) ) ;
#5544 = CARTESIAN_POINT ( 'NONE',  ( 1329.479755645705609, 540.2744898763171477, -107.8420240774428152 ) ) ;
#5545 = CARTESIAN_POINT ( 'NONE',  ( 1310.494547559093462, 834.5705438913810212, 123.3162971894230253 ) ) ;
#5546 = CARTESIAN_POINT ( 'NONE',  ( 559.9999999999997726, 8.378345275263638925, 31.93467039156314158 ) ) ;
#5547 = CARTESIAN_POINT ( 'NONE',  ( 1415.135877161418421, 949.9051473007873483, 12.89972882172904534 ) ) ;
#5548 = CARTESIAN_POINT ( 'NONE',  ( 676.7224101720945555, 16.08121600240971816, -30.17792643534019348 ) ) ;
#5549 = CARTESIAN_POINT ( 'NONE',  ( 618.7063428148966295, -0.6888225093069915150, -32.16671392953927011 ) ) ;
#5550 = CARTESIAN_POINT ( 'NONE',  ( 1413.832070759838871, 881.9176578437079570, -9.198557922701960265 ) ) ;
#5551 = CARTESIAN_POINT ( 'NONE',  ( 618.7474142313247967, -3.161290867481885147, -41.69350983191757365 ) ) ;
#5552 = CARTESIAN_POINT ( 'NONE',  ( 1195.867795584661280, 559.7548922367001296, 121.8944968811229472 ) ) ;
#5553 = CARTESIAN_POINT ( 'NONE',  ( 560.0000000000000000, 3.795043338780269337, -8.542539578066444150 ) ) ;
#5554 = CARTESIAN_POINT ( 'NONE',  ( 1383.432607645636608, 568.9734469286142939, -153.8588033015834071 ) ) ;
#5555 = CARTESIAN_POINT ( 'NONE',  ( 1402.601248476849150, 968.9456701126302960, 27.67429213146350975 ) ) ;
#5556 = CARTESIAN_POINT ( 'NONE',  ( 1220.142702595905803, 645.9668672145263599, 166.5104865448469695 ) ) ;
#5557 = CARTESIAN_POINT ( 'NONE',  ( 559.9999999999996589, 3.482941917734561965, 19.07300926137897790 ) ) ;
#5558 = CARTESIAN_POINT ( 'NONE',  ( 1442.783862899038240, 907.9072903422942318, -44.54278116549159705 ) ) ;
#5559 = CARTESIAN_POINT ( 'NONE',  ( 1203.345507684261975, 540.3319986142352036, 84.62804470398495482 ) ) ;
#5560 = CARTESIAN_POINT ( 'NONE',  ( 1157.584284025295119, 321.4790895106132780, -86.63311388525490031 ) ) ;
#5561 = CARTESIAN_POINT ( 'NONE',  ( 1065.479940377819048, 208.1639223691499581, -93.90630544043449390 ) ) ;
#5562 = CARTESIAN_POINT ( 'NONE',  ( 1260.798751043419543, 391.2037141480894888, -129.8749494196564456 ) ) ;
#5563 = CARTESIAN_POINT ( 'NONE',  ( 1085.494284417376093, 360.7017381667178029, 93.62989234753878520 ) ) ;
#5564 = CARTESIAN_POINT ( 'NONE',  ( 786.6969058170973312, 106.7638218119869862, 76.27658847112790852 ) ) ;
#5565 = CARTESIAN_POINT ( 'NONE',  ( 1173.185724685853302, 459.1150548116645496, 72.17378233895280459 ) ) ;
#5566 = CARTESIAN_POINT ( 'NONE',  ( 1217.213191388022324, 332.9445136047398819, -142.9465982256336076 ) ) ;
#5567 = CARTESIAN_POINT ( 'NONE',  ( 1471.114955626728715, 791.8510854995558930, -131.5759616552218176 ) ) ;
#5568 = CARTESIAN_POINT ( 'NONE',  ( 1310.203163536333705, 582.0686140291358015, -50.66812899532239101 ) ) ;
#5569 = CARTESIAN_POINT ( 'NONE',  ( 1409.708476682507580, 888.4012820645168631, -0.2390190060001515793 ) ) ;
#5570 = CARTESIAN_POINT ( 'NONE',  ( 675.3153609154414880, 49.54219652005831165, 51.49153045353325808 ) ) ;
#5571 = CARTESIAN_POINT ( 'NONE',  ( 1261.977764872315220, 546.9221500804889047, -7.953982392968883097 ) ) ;
#5572 = CARTESIAN_POINT ( 'NONE',  ( 841.8417550172918027, 130.4966342916046642, 62.92330987285908606 ) ) ;
#5573 = CARTESIAN_POINT ( 'NONE',  ( 618.5689839703996995, 6.773898189768442712, -34.26593937412162205 ) ) ;
#5574 = CARTESIAN_POINT ( 'NONE',  ( 992.4115194575927035, 265.9379970638653390, 80.25204345248253901 ) ) ;
#5575 = CARTESIAN_POINT ( 'NONE',  ( 1330.428473693463729, 910.2831791347359740, 137.6428126026266341 ) ) ;
#5576 = CARTESIAN_POINT ( 'NONE',  ( 1142.216825407512943, 370.4870510962574599, 18.45066985931388714 ) ) ;
#5577 = CARTESIAN_POINT ( 'NONE',  ( 675.4782242910389414, 45.75014077387605482, 50.96186159963190221 ) ) ;
#5578 = CARTESIAN_POINT ( 'NONE',  ( 1444.880225473609698, 904.7228738817877911, -48.85825703734028735 ) ) ;
#5579 = CARTESIAN_POINT ( 'NONE',  ( 1454.348905913337603, 890.3397189795156237, -68.26194071262757745 ) ) ;
#5580 = CARTESIAN_POINT ( 'NONE',  ( 1150.560402338830272, 343.9069175126198843, -26.84722597611319372 ) ) ;
#5581 = CARTESIAN_POINT ( 'NONE',  ( 559.9999999999995453, -10.32211805689287765, -30.93182874195739274 ) ) ;
#5582 = CARTESIAN_POINT ( 'NONE',  ( 1377.919138899104155, 1006.437983397491053, 84.83775087569439677 ) ) ;
#5583 = CARTESIAN_POINT ( 'NONE',  ( 1430.787420657236225, 926.1303438607333192, -30.81602501356472956 ) ) ;
#5584 = CARTESIAN_POINT ( 'NONE',  ( 1013.263560217142526, 168.6550838879761045, -103.1600924331242481 ) ) ;
#5585 = CARTESIAN_POINT ( 'NONE',  ( 1388.858894701847021, 921.1764809567397378, 28.98785705877155650 ) ) ;
#5586 = CARTESIAN_POINT ( 'NONE',  ( 1189.279780148117879, 576.8732546393672465, 160.1520218262721187 ) ) ;
#5587 = CARTESIAN_POINT ( 'NONE',  ( 1172.163821501421126, 462.0428763209828276, 76.95625862938281614 ) ) ;
#5588 = CARTESIAN_POINT ( 'NONE',  ( 1291.177619477017743, 477.8482079932547322, -89.01488438275427484 ) ) ;
#5589 = CARTESIAN_POINT ( 'NONE',  ( 1085.401328029050774, 360.9869637385118040, 71.28742433565597025 ) ) ;
#5590 = CARTESIAN_POINT ( 'NONE',  ( 618.7454922025242467, -3.247262504413475526, -49.34240993395039254 ) ) ;
#5591 = CARTESIAN_POINT ( 'NONE',  ( 1292.131525207178129, 475.5623475864311445, -110.0734286328375191 ) ) ;
#5592 = CARTESIAN_POINT ( 'NONE',  ( 905.1328502288474738, 98.84693298882260137, -80.81535296413333924 ) ) ;
#5593 = CARTESIAN_POINT ( 'NONE',  ( 792.1927798942878098, 48.61827393770252570, -61.59904728644400507 ) ) ;
#5594 = CARTESIAN_POINT ( 'NONE',  ( 1397.188529872001027, 1010.971972877066491, 60.75810761233051238 ) ) ;
#5595 = CARTESIAN_POINT ( 'NONE',  ( 1297.320796189513430, 858.8312530050219493, 169.1956851922995213 ) ) ;
#5596 = CARTESIAN_POINT ( 'NONE',  ( 1467.847609995105131, 869.8344208648360336, -95.68022052594444915 ) ) ;
#5597 = CARTESIAN_POINT ( 'NONE',  ( 959.9947699064360904, 131.0068515922417589, -99.07752753114546351 ) ) ;
#5598 = CARTESIAN_POINT ( 'NONE',  ( 1421.408583881414643, 630.3993957719767423, -153.8614606050877853 ) ) ;
#5599 = CARTESIAN_POINT ( 'NONE',  ( 1377.921758708046582, 710.4372756216964717, -60.85598116302445959 ) ) ;
#5600 = CARTESIAN_POINT ( 'NONE',  ( 560.0000000000000000, -2.329464653565421983, 0.4947444987439116870 ) ) ;
#5601 = CARTESIAN_POINT ( 'NONE',  ( 1120.045050683554564, 441.0911997496556864, 128.5586531653723910 ) ) ;
#5602 = CARTESIAN_POINT ( 'NONE',  ( 579.3748530922798636, 10.46411861560882173, 27.60110943605098655 ) ) ;
#5603 = CARTESIAN_POINT ( 'NONE',  ( 990.2762060281620506, 275.9293889755518876, 111.0463206289996378 ) ) ;
#5604 = CARTESIAN_POINT ( 'NONE',  ( 790.9146791584630591, 62.02040532014046192, -52.92657326755310265 ) ) ;
#5605 = CARTESIAN_POINT ( 'NONE',  ( 731.7287703604620219, 73.74410309051246770, 46.39140649686763851 ) ) ;
#5606 = CARTESIAN_POINT ( 'NONE',  ( 1123.343166284787912, 430.6043026137319316, 120.2412697296884403 ) ) ;
#5607 = CARTESIAN_POINT ( 'NONE',  ( 1140.552872891075822, 375.7877788451149286, 27.52118706120196379 ) ) ;
#5608 = CARTESIAN_POINT ( 'NONE',  ( 1227.967000041516712, 627.4520792084771301, 141.3017994251377161 ) ) ;
#5609 = CARTESIAN_POINT ( 'NONE',  ( 1419.021449640816627, 759.0385429537149093, -75.40233429111368935 ) ) ;
#5610 = CARTESIAN_POINT ( 'NONE',  ( 1054.958072001203391, 250.8358637886163365, -15.09545614334026631 ) ) ;
#5611 = CARTESIAN_POINT ( 'NONE',  ( 734.9165085484660267, 26.43021986842600057, -58.16401077668644604 ) ) ;
#5612 = CARTESIAN_POINT ( 'NONE',  ( 840.6501268280700288, 140.1200850117020877, 68.57214694492925844 ) ) ;
#5613 = CARTESIAN_POINT ( 'NONE',  ( 1267.816127250371665, 533.1043200492781580, -28.74381939503115291 ) ) ;
#5614 = CARTESIAN_POINT ( 'NONE',  ( 734.4830373302461339, 32.76258322039573301, -58.75600976098559869 ) ) ;
#5615 = CARTESIAN_POINT ( 'NONE',  ( 996.7839856707636272, 245.5129398439745501, 31.10699034713948663 ) ) ;
#5616 = CARTESIAN_POINT ( 'NONE',  ( 1078.576591154937205, 385.4160897659606917, 134.4536058813703505 ) ) ;
#5617 = CARTESIAN_POINT ( 'NONE',  ( 579.3950871917430732, 7.652741981393680781, 19.99868029865313801 ) ) ;
#5618 = APPLICATION_CONTEXT ( 'configuration controlled 3d designs of mechanical parts and assemblies' ) ;
#5619 = CARTESIAN_POINT ( 'NONE',  ( 791.4212897991087630, 56.80116228056793659, -40.07911422589602068 ) ) ;
#5620 = CARTESIAN_POINT ( 'NONE',  ( 787.2643157627956043, 100.6594190299504845, 40.52518755755278335 ) ) ;
#5621 = CARTESIAN_POINT ( 'NONE',  ( 849.5212030848662152, 67.98716012951882703, -85.85898784454153088 ) ) ;
#5622 = CARTESIAN_POINT ( 'NONE',  ( 846.7586917692399311, 90.38933084445741883, -54.50943593797752129 ) ) ;
#5623 = CARTESIAN_POINT ( 'NONE',  ( 1383.169975171002989, 569.5093747304121052, -143.4363372609984992 ) ) ;
#5624 = CARTESIAN_POINT ( 'NONE',  ( 1446.999968230313243, 829.7671101764087780, -80.57061232178472210 ) ) ;
#5625 = CARTESIAN_POINT ( 'NONE',  ( 1396.087693593145559, 1012.597687138662423, 62.98029665558947698 ) ) ;
#5626 = CARTESIAN_POINT ( 'NONE',  ( 1223.236101501332087, 638.6486186655340589, 158.2734553036904686 ) ) ;
#5627 = CC_DESIGN_PERSON_AND_ORGANIZATION_ASSIGNMENT ( #3660, #2149, ( #517 ) ) ;
#5628 = CARTESIAN_POINT ( 'NONE',  ( 792.5263740240347943, 45.07204760052592718, -71.91958109325206294 ) ) ;
#5629 = CARTESIAN_POINT ( 'NONE',  ( 905.5374034703665984, 96.19221800117716725, -86.54816155415275603 ) ) ;
#5630 = CARTESIAN_POINT ( 'NONE',  ( 1013.801670617805939, 166.1478869723602259, -106.3967609837597053 ) ) ;
#5631 = CARTESIAN_POINT ( 'NONE',  ( 1451.182295823997947, 895.1498648618392053, -61.79256005531388496 ) ) ;
#5632 = CARTESIAN_POINT ( 'NONE',  ( 560.0000000000001137, 5.264839449944227923, -3.944094639776065669 ) ) ;
#5633 = CARTESIAN_POINT ( 'NONE',  ( 560.0000000000000000, -2.285473743013877623, 0.6485779851572228694 ) ) ;
#5634 = CARTESIAN_POINT ( 'NONE',  ( 1157.553161487046282, 503.8891632046278346, 136.0957521321272452 ) ) ;
#5635 = CARTESIAN_POINT ( 'NONE',  ( 1289.218617035575789, 756.9918006201133949, 129.1339751136646612 ) ) ;
#5636 = CARTESIAN_POINT ( 'NONE',  ( 901.9270126322046508, 119.7843891958738709, -60.71535851064679434 ) ) ;
#5637 = CARTESIAN_POINT ( 'NONE',  ( 1038.337807229076816, 318.1799755185893446, 91.12211522781680628 ) ) ;
#5638 = CARTESIAN_POINT ( 'NONE',  ( 579.3566564251743785, 12.98866117462184633, 33.92227144749303847 ) ) ;
#5639 = CARTESIAN_POINT ( 'NONE',  ( 733.4936263538888852, 47.64568259314469145, 0.9889996387191205551 ) ) ;
#5640 = CARTESIAN_POINT ( 'NONE',  ( 841.2155292379474076, 135.5819585564066188, 73.51105347274690871 ) ) ;
#5641 = CARTESIAN_POINT ( 'NONE',  ( 1361.400186009717800, 612.9511100793879450, -81.56193054899323158 ) ) ;
#5642 = CARTESIAN_POINT ( 'NONE',  ( 1152.238365569439793, 338.5613809558806224, -35.88601354904047014 ) ) ;
#5643 = CARTESIAN_POINT ( 'NONE',  ( 618.2107848952036875, 27.87445599837729659, 39.44912593241475918 ) ) ;
#5644 = CARTESIAN_POINT ( 'NONE',  ( 1306.793301457038297, 589.4621061113373344, -40.09668713001624241 ) ) ;
#5645 = CARTESIAN_POINT ( 'NONE',  ( 1382.468792024429604, 570.8963452582505624, -151.6047892951101517 ) ) ;
#5646 = CARTESIAN_POINT ( 'NONE',  ( 675.6141512131382569, 42.22385285360510920, 11.97040651291764846 ) ) ;
#5647 = CARTESIAN_POINT ( 'NONE',  ( 943.0014410694320759, 223.9284168855044186, 100.8477588137480012 ) ) ;
#5648 = CARTESIAN_POINT ( 'NONE',  ( 997.4156653442830702, 242.6506013041502854, 55.26925666865162867 ) ) ;
#5649 = CARTESIAN_POINT ( 'NONE',  ( 792.1221927119141810, 49.28690884776739978, -72.93971058287114317 ) ) ;
#5650 = CARTESIAN_POINT ( 'NONE',  ( 1111.025752352989912, 269.4537411336497144, -67.38044988994600715 ) ) ;
#5651 = CARTESIAN_POINT ( 'NONE',  ( 787.5350577662208025, 97.77889005297828362, 30.53336741359941087 ) ) ;
#5652 = CARTESIAN_POINT ( 'NONE',  ( 1121.303050730497262, 232.7034137830006557, -134.6765218758691276 ) ) ;
#5653 = CARTESIAN_POINT ( 'NONE',  ( 1158.516541107367402, 318.5103147547666822, -90.95485822216464555 ) ) ;
#5654 = CARTESIAN_POINT ( 'NONE',  ( 1463.079368462496859, 877.0778292635399112, -86.01066864826466940 ) ) ;
#5655 = CARTESIAN_POINT ( 'NONE',  ( 1010.671856414553645, 180.8009258283756822, -64.77923007689003043 ) ) ;
#5656 = CARTESIAN_POINT ( 'NONE',  ( 993.7619086418412735, 259.6894676550114696, 87.12737562833436300 ) ) ;
#5657 = CARTESIAN_POINT ( 'NONE',  ( 1322.924246700442609, 923.0945173770261363, 154.6870306680669387 ) ) ;
#5658 = CARTESIAN_POINT ( 'NONE',  ( 1422.652056340339868, 628.1106978866574764, -157.1003712777401233 ) ) ;
#5659 = CARTESIAN_POINT ( 'NONE',  ( 618.7621294917163368, -4.038303959847882929, -44.72772675621650507 ) ) ;
#5660 = CARTESIAN_POINT ( 'NONE',  ( 1420.774433846372403, 631.5590410415888982, -159.4192170440160794 ) ) ;
#5661 = CARTESIAN_POINT ( 'NONE',  ( 1294.090614217680240, 470.9536156395093371, -99.41608088876549232 ) ) ;
#5662 = CARTESIAN_POINT ( 'NONE',  ( 1229.437010516346163, 472.5861689315229341, -27.62772412493564644 ) ) ;
#5663 = CARTESIAN_POINT ( 'NONE',  ( 1267.571613796012571, 533.7191832688765771, -3.693575155690999701 ) ) ;
#5664 = CARTESIAN_POINT ( 'NONE',  ( 942.3790520405939333, 227.3189146491261567, 101.5112866669691272 ) ) ;
#5665 = CARTESIAN_POINT ( 'NONE',  ( 1169.089612949394677, 470.8500691273217740, 91.33640278611605368 ) ) ;
#5666 = CARTESIAN_POINT ( 'NONE',  ( 1118.196763599120004, 243.7903286903205924, -124.0920917851316148 ) ) ;
#5667 = CARTESIAN_POINT ( 'NONE',  ( 559.9999999999995453, -1.332420866278060112, -22.08340117107009704 ) ) ;
#5668 = CARTESIAN_POINT ( 'NONE',  ( 1159.822872684304684, 497.3790287631778142, 121.2117847962370121 ) ) ;
#5669 = CARTESIAN_POINT ( 'NONE',  ( 1038.785739618362413, 316.4021190098699776, 104.8969063855610955 ) ) ;
#5670 = CARTESIAN_POINT ( 'NONE',  ( 676.2735423155760373, 26.83596887323422564, 2.103530339323877563 ) ) ;
#5671 = CARTESIAN_POINT ( 'NONE',  ( 841.1464915612446021, 136.1427747003241961, 74.72897027138606063 ) ) ;
#5672 = CARTESIAN_POINT ( 'NONE',  ( 1236.233560686343708, 454.9810560883927906, -30.29723067801132430 ) ) ;
#5673 = CARTESIAN_POINT ( 'NONE',  ( 676.4462245659573227, 22.70427485358483821, -10.05309727647430762 ) ) ;
#5674 = CARTESIAN_POINT ( 'NONE',  ( 1158.718370959760023, 500.5466611364420828, 128.3518146594587108 ) ) ;
#5675 = CARTESIAN_POINT ( 'NONE',  ( 579.3709518068951638, 11.17094145758828461, 0.7497428571884984239 ) ) ;
#5676 = CARTESIAN_POINT ( 'NONE',  ( 1257.109143853446994, 400.7588154921649561, -129.5554404318054935 ) ) ;
#5677 = CARTESIAN_POINT ( 'NONE',  ( 1174.334198887286902, 455.7808691879551475, 40.95197178095617829 ) ) ;
#5678 = CARTESIAN_POINT ( 'NONE',  ( 892.4572064197163854, 181.9728831564440554, 94.92505581819766292 ) ) ;
#5679 = CARTESIAN_POINT ( 'NONE',  ( 618.4072473254873330, 16.84088849240513497, 24.15089361226326403 ) ) ;
#5680 = CARTESIAN_POINT ( 'NONE',  ( 1264.595620247202987, 381.3312179004984159, -153.0003876187998628 ) ) ;
#5681 = CARTESIAN_POINT ( 'NONE',  ( 734.3718703206432110, 34.55989047827284821, -34.93354196338382422 ) ) ;
#5682 = CARTESIAN_POINT ( 'NONE',  ( 894.0422208204349772, 171.5066145547055498, 50.75989860315858948 ) ) ;
#5683 = CARTESIAN_POINT ( 'NONE',  ( 905.8336043678480110, 94.21945057776312638, -95.69753880782222666 ) ) ;
#5684 = CARTESIAN_POINT ( 'NONE',  ( 1443.214464843565338, 907.2533476763454701, -55.03193426051684867 ) ) ;
#5685 = CARTESIAN_POINT ( 'NONE',  ( 579.5080452080949271, -7.944247603083168130, -34.50542196244172288 ) ) ;
#5686 = CARTESIAN_POINT ( 'NONE',  ( 1364.449885735717544, 959.5643512571673455, 98.40950731436153376 ) ) ;
#5687 = CARTESIAN_POINT ( 'NONE',  ( 1347.483555456943350, 986.2423319172968377, 135.2836761570179931 ) ) ;
#5688 = CARTESIAN_POINT ( 'NONE',  ( 1350.873148415184232, 493.9068714586621240, -157.9765150656598678 ) ) ;
#5689 = CARTESIAN_POINT ( 'NONE',  ( 1469.916576802131658, 866.6916860684799531, -100.0853636351414053 ) ) ;
#5690 = CARTESIAN_POINT ( 'NONE',  ( 1386.939689793234720, 561.9757985266485321, -161.6896989275771261 ) ) ;
#5691 = CARTESIAN_POINT ( 'NONE',  ( 903.6823880756106746, 108.3694306173415498, -59.56744236638253653 ) ) ;
#5692 = CARTESIAN_POINT ( 'NONE',  ( 732.4358651450643265, 63.36678411975518799, 40.71198136129267908 ) ) ;
#5693 = CARTESIAN_POINT ( 'NONE',  ( 618.2092725201943040, 28.10128822518732861, 47.28616161528105266 ) ) ;
#5694 = CARTESIAN_POINT ( 'NONE',  ( 895.1400511530621316, 164.3989298027423445, 61.11252513928506147 ) ) ;
#5695 = CARTESIAN_POINT ( 'NONE',  ( 1168.191299168130627, 287.7062378724064615, -132.5205379480379406 ) ) ;
#5696 = CARTESIAN_POINT ( 'NONE',  ( 1388.858894701847021, 921.1764809567397378, 28.98785705877155650 ) ) ;
#5697 = CARTESIAN_POINT ( 'NONE',  ( 559.9999999999998863, -0.8590704086273200923, -20.97270976185660984 ) ) ;
#5698 = CARTESIAN_POINT ( 'NONE',  ( 1194.055367304920310, 564.4633602479702859, 131.5852878311291647 ) ) ;
#5699 = CARTESIAN_POINT ( 'NONE',  ( 1228.082081507772273, 476.1439290505659301, 3.278812501001260316 ) ) ;
#5700 = CARTESIAN_POINT ( 'NONE',  ( 675.5367298493006274, 44.36432999647785635, 47.65125632976173620 ) ) ;
#5701 = CARTESIAN_POINT ( 'NONE',  ( 733.8076129424188139, 42.97009174015867927, -11.66918832162015818 ) ) ;
#5702 = CARTESIAN_POINT ( 'NONE',  ( 579.4968315206328953, -6.407684924620403066, -27.92252666634042413 ) ) ;
#5703 = CARTESIAN_POINT ( 'NONE',  ( 1102.969569177570065, 298.2494501139190106, -16.51622811533394497 ) ) ;
#5704 = CARTESIAN_POINT ( 'NONE',  ( 675.3196380450091283, 49.42484582453734276, 49.54043706797589408 ) ) ;
#5705 = CARTESIAN_POINT ( 'NONE',  ( 560.0000000000002274, -10.21614575986232154, -36.40524062684971796 ) ) ;
#5706 = CARTESIAN_POINT ( 'NONE',  ( 788.7001130646718821, 85.42656932044326368, -3.675248880853803080 ) ) ;
#5707 = CARTESIAN_POINT ( 'NONE',  ( 1343.840393095913669, 509.1419226708543420, -147.2584939507943886 ) ) ;
#5708 = CARTESIAN_POINT ( 'NONE',  ( 1274.023687135213549, 660.5221747310952196, 67.98952246040755654 ) ) ;
#5709 = CARTESIAN_POINT ( 'NONE',  ( 675.3467598098824283, 48.85802038160133520, 57.10461309764476567 ) ) ;
#5710 = CARTESIAN_POINT ( 'NONE',  ( 896.2548796754700788, 157.0926450088569482, 46.16562548492717610 ) ) ;
#5711 = CARTESIAN_POINT ( 'NONE',  ( 1328.111145200011833, 543.2641072835473324, -86.11349667689390230 ) ) ;
#5712 = VERTEX_POINT ( 'NONE', #2648 ) ;
#5713 = CARTESIAN_POINT ( 'NONE',  ( 675.6611838369082079, 41.09549351861721078, 8.287337724764494595 ) ) ;
#5714 = CARTESIAN_POINT ( 'NONE',  ( 559.9999999999992042, 11.01669583128408547, 24.38813846355799697 ) ) ;
#5715 = CARTESIAN_POINT ( 'NONE',  ( 1267.760117930399247, 373.1221101336182073, -160.7786542214905694 ) ) ;
#5716 = CARTESIAN_POINT ( 'NONE',  ( 790.2977161608245069, 68.53456298801995672, -40.68769614958682013 ) ) ;
#5717 = CARTESIAN_POINT ( 'NONE',  ( 960.0956224059948454, 130.4998960411527094, -87.56957775523923715 ) ) ;
#5718 = CARTESIAN_POINT ( 'NONE',  ( 1036.337335690911914, 326.3241455524399726, 121.8979161329358050 ) ) ;
#5719 = CARTESIAN_POINT ( 'NONE',  ( 676.9153041161599731, 11.28529204175857537, -56.96357783813789410 ) ) ;
#5720 = CARTESIAN_POINT ( 'NONE',  ( 1265.322212577151731, 379.4585790132101693, -147.9562979318492921 ) ) ;
#5721 = CARTESIAN_POINT ( 'NONE',  ( 905.7978856436265005, 94.46857620196227856, -92.47931078217436607 ) ) ;
#5722 = CARTESIAN_POINT ( 'NONE',  ( 1471.037812234146713, 791.9702282082472493, -136.2040625084501926 ) ) ;
#5723 = CARTESIAN_POINT ( 'NONE',  ( 1391.761439880136550, 985.4112583306591659, 61.83218626622703340 ) ) ;
#5724 = CARTESIAN_POINT ( 'NONE',  ( 1373.238584360895175, 1013.547767923496053, 96.81547217406688333 ) ) ;
#5725 = PERSON_AND_ORGANIZATION ( #5790, #2188 ) ;
#5726 = CARTESIAN_POINT ( 'NONE',  ( 1266.840192956991132, 676.1228277854842190, 112.7588247092278095 ) ) ;
#5727 = CARTESIAN_POINT ( 'NONE',  ( 1415.903296146156208, 640.5253520327298702, -149.4013647334898280 ) ) ;
#5728 = CARTESIAN_POINT ( 'NONE',  ( 1447.053580205139724, 901.4217000783601179, -62.31147976111467557 ) ) ;
#5729 = CARTESIAN_POINT ( 'NONE',  ( 1383.336488271943381, 819.9584050580097028, 9.675343856041060064 ) ) ;
#5730 = CARTESIAN_POINT ( 'NONE',  ( 1081.024003644236018, 376.6487502024765490, 107.3247946845666831 ) ) ;
#5731 = CARTESIAN_POINT ( 'NONE',  ( 844.9965335293952648, 104.8545669254384620, 6.447242688969101465 ) ) ;
#5732 = CARTESIAN_POINT ( 'NONE',  ( 787.4030658660395829, 99.31381023301455002, 61.89513596570265008 ) ) ;
#5733 = CARTESIAN_POINT ( 'NONE',  ( 1432.480430212689043, 958.8529186593291342, -10.63725114946929828 ) ) ;
#5734 = CARTESIAN_POINT ( 'NONE',  ( 792.0385838570792885, 50.25642784616897529, -57.02793730365959846 ) ) ;
#5735 = CARTESIAN_POINT ( 'NONE',  ( 618.6227557125415615, 4.266460186575203650, -14.83198525315676619 ) ) ;
#5736 = CARTESIAN_POINT ( 'NONE',  ( 675.3177099950167985, 49.47824130036543977, 50.47635504611595536 ) ) ;
#5737 = CARTESIAN_POINT ( 'NONE',  ( 1426.277156379566350, 621.4359614250491859, -167.0193240176632514 ) ) ;
#5738 = CARTESIAN_POINT ( 'NONE',  ( 1401.139526653442772, 901.8668028524740521, 1.977116990924690176 ) ) ;
#5739 = CARTESIAN_POINT ( 'NONE',  ( 1463.189932114551993, 804.3079252941430468, -122.7120529580442962 ) ) ;
#5740 = CARTESIAN_POINT ( 'NONE',  ( 1333.167787823817434, 792.8252230965041463, 56.55029582653883580 ) ) ;
#5741 = CARTESIAN_POINT ( 'NONE',  ( 1221.213953492450401, 643.4333870726969735, 164.3446942665151198 ) ) ;
#5742 = CARTESIAN_POINT ( 'NONE',  ( 1381.580887435405430, 932.6279433853277396, 61.05386226772603209 ) ) ;
#5743 = CARTESIAN_POINT ( 'NONE',  ( 1251.016953144571517, 416.5999648621402685, -90.53376818755252486 ) ) ;
#5744 = CARTESIAN_POINT ( 'NONE',  ( 845.2851725658001669, 102.5065478546937783, 1.021740607705788895 ) ) ;
#5745 = CARTESIAN_POINT ( 'NONE',  ( 1390.594131831914865, 987.1846824165065755, 54.48230106059458677 ) ) ;
#5746 = CARTESIAN_POINT ( 'NONE',  ( 1121.300376295155502, 232.7118892781958266, -135.1275102096104774 ) ) ;
#5747 = CARTESIAN_POINT ( 'NONE',  ( 1156.660428832593425, 324.4211769133250414, -82.30942237128834904 ) ) ;
#5748 = CARTESIAN_POINT ( 'NONE',  ( 1464.049609816759130, 912.2315758721508701, -73.35358032858502497 ) ) ;
#5749 = CARTESIAN_POINT ( 'NONE',  ( 942.7627489264535825, 225.2317730708466286, 102.9175483992116682 ) ) ;
#5750 = CARTESIAN_POINT ( 'NONE',  ( 1121.113886216517812, 233.3754681316009396, -135.3014652032705669 ) ) ;
#5751 = CARTESIAN_POINT ( 'NONE',  ( 1311.970416402069759, 428.6316614896809369, -163.6525407513316281 ) ) ;
#5752 = CARTESIAN_POINT ( 'NONE',  ( 1114.180118648949019, 258.1354180194602463, -105.1540735784764706 ) ) ;
#5753 = CARTESIAN_POINT ( 'NONE',  ( 905.0430081593068508, 99.38269741703588522, -91.61800504006689039 ) ) ;
#5754 = CARTESIAN_POINT ( 'NONE',  ( 1368.929609523056797, 597.9260218460898386, -103.1033574557600190 ) ) ;
#5755 = CARTESIAN_POINT ( 'NONE',  ( 1119.923506480388824, 237.6243895109918185, -131.3271868263074964 ) ) ;
#5756 = CARTESIAN_POINT ( 'NONE',  ( 1236.490098986086196, 607.2810714536640262, 109.9298240464102605 ) ) ;
#5757 = CARTESIAN_POINT ( 'NONE',  ( 675.3032492383368890, 49.86674322930075220, 56.34588821586827834 ) ) ;
#5758 = CARTESIAN_POINT ( 'NONE',  ( 1345.787865684351118, 884.0611860156459443, 100.1646590660378848 ) ) ;
#5759 = CARTESIAN_POINT ( 'NONE',  ( 1217.180625156352107, 504.4061533602330769, 22.67877812067117205 ) ) ;
#5760 = CARTESIAN_POINT ( 'NONE',  ( 1395.000768744085462, 678.9991177742359696, -102.1441689488399902 ) ) ;
#5761 = CARTESIAN_POINT ( 'NONE',  ( 559.9999999999998863, -2.064257110917020022, 1.422158830396849316 ) ) ;
#5762 = CARTESIAN_POINT ( 'NONE',  ( 1357.541485448841513, 970.4222633828413791, 103.1549199766115805 ) ) ;
#5763 = CARTESIAN_POINT ( 'NONE',  ( 618.5359780486390946, 9.362545029841204069, 1.888631776408558283 ) ) ;
#5764 = CARTESIAN_POINT ( 'NONE',  ( 1197.703621186862847, 555.0076117316000364, 128.5693747223324692 ) ) ;
#5765 = CARTESIAN_POINT ( 'NONE',  ( 559.9999999999995453, -3.586766425089332522, -4.000234290401341930 ) ) ;
#5766 = CARTESIAN_POINT ( 'NONE',  ( 618.7280523767759632, -1.985446311896958083, -36.89739629825685796 ) ) ;
#5767 = CARTESIAN_POINT ( 'NONE',  ( 1079.898265700185448, 380.6793263687015951, 118.0143544773919757 ) ) ;
#5768 = CARTESIAN_POINT ( 'NONE',  ( 1121.257111526148037, 232.8691723460715650, -133.8712616945510945 ) ) ;
#5769 = CARTESIAN_POINT ( 'NONE',  ( 559.9999999999996589, 6.612241825830281527, 0.6916853928969159959 ) ) ;
#5770 = CARTESIAN_POINT ( 'NONE',  ( 560.0000000000001137, -5.534804602215555924, -30.81558443550995108 ) ) ;
#5771 = CARTESIAN_POINT ( 'NONE',  ( 675.4561287309709314, 46.03917929809287557, 26.89662900422934655 ) ) ;
#5772 = CARTESIAN_POINT ( 'NONE',  ( 840.6746618936281266, 139.9717700593681116, 82.19947623614163490 ) ) ;
#5773 = CARTESIAN_POINT ( 'NONE',  ( 1408.911088661864824, 959.3607002103403829, 25.95932759619242347 ) ) ;
#5774 = CARTESIAN_POINT ( 'NONE',  ( 734.4727595189127669, 33.05505697252270636, -39.17335338830975644 ) ) ;
#5775 = CARTESIAN_POINT ( 'NONE',  ( 1464.331446539664967, 911.8153595930621123, -77.68057771954538282 ) ) ;
#5776 = CARTESIAN_POINT ( 'NONE',  ( 1263.336192858405184, 683.7020306081028593, 107.1344815176545779 ) ) ;
#5777 = CARTESIAN_POINT ( 'NONE',  ( 579.5055409540450455, -7.541981388990434354, -40.89761800678987669 ) ) ;
#5778 = CARTESIAN_POINT ( 'NONE',  ( 1419.430213575919879, 758.3293447854319993, -91.09124838012868963 ) ) ;
#5779 = CARTESIAN_POINT ( 'NONE',  ( 960.8101200088038922, 126.5930784120951955, -95.45565941979242552 ) ) ;
#5780 = CARTESIAN_POINT ( 'NONE',  ( 844.2958241958511962, 110.4015378393945497, -14.97691219464863366 ) ) ;
#5781 = CARTESIAN_POINT ( 'NONE',  ( 840.9035231705937576, 138.1141261137686058, 78.77082573037108659 ) ) ;
#5782 = CARTESIAN_POINT ( 'NONE',  ( 849.3505306911795287, 69.36026726782945673, -85.97907715569002107 ) ) ;
#5783 = CARTESIAN_POINT ( 'NONE',  ( 1015.652931626910004, 157.5435826834849706, -111.6450820568272633 ) ) ;
#5784 = CARTESIAN_POINT ( 'NONE',  ( 560.0000000000001137, -3.844287743866388052, -27.55320163135126421 ) ) ;
#5785 = CARTESIAN_POINT ( 'NONE',  ( 1462.763327315003380, 914.1311569885299377, -75.01400240103649253 ) ) ;
#5786 = CARTESIAN_POINT ( 'NONE',  ( 1455.929186671138723, 887.9393895684343079, -71.48158606988860697 ) ) ;
#5787 = CARTESIAN_POINT ( 'NONE',  ( 1308.527265208025938, 838.2016422956185124, 141.6580826448519304 ) ) ;
#5788 = CARTESIAN_POINT ( 'NONE',  ( 731.5696667583395083, 76.18871574692892068, 65.24967581214707479 ) ) ;
#5789 = CARTESIAN_POINT ( 'NONE',  ( 1205.702023639186564, 534.2444723633519743, 95.68298389693654826 ) ) ;
#5790 = PERSON ( 'UNSPECIFIED', 'UNSPECIFIED', 'UNSPECIFIED', ('UNSPECIFIED'), ('UNSPECIFIED'), ('UNSPECIFIED') ) ;
#5791 = CARTESIAN_POINT ( 'NONE',  ( 842.0845919737953409, 128.3994524952886138, 28.74737832610869859 ) ) ;
#5792 = CARTESIAN_POINT ( 'NONE',  ( 954.8751181000121733, 158.9560819292466647, -56.32827212767271874 ) ) ;
#5793 = CARTESIAN_POINT ( 'NONE',  ( 1097.620232320542073, 317.3687257362922765, 17.44213023715861155 ) ) ;
#5794 = CARTESIAN_POINT ( 'NONE',  ( 1226.865951525333685, 630.0414534756582725, 132.3760316277118250 ) ) ;
#5795 = CARTESIAN_POINT ( 'NONE',  ( 1395.942660431378272, 1012.811872012485196, 63.29618219453432459 ) ) ;
#5796 = CARTESIAN_POINT ( 'NONE',  ( 560.0000000000002274, 7.979080248847281176, 30.91578284912081287 ) ) ;
#5797 = CARTESIAN_POINT ( 'NONE',  ( 1269.486184894408325, 529.1877557204879849, -10.68140171619402423 ) ) ;
#5798 = CARTESIAN_POINT ( 'NONE',  ( 1299.927400764749109, 457.1390797909141952, -120.1279960640242024 ) ) ;
#5799 = CARTESIAN_POINT ( 'NONE',  ( 1327.280944830427870, 915.6509807721654397, 136.5480511003112554 ) ) ;
#5800 = CARTESIAN_POINT ( 'NONE',  ( 1141.695857245876368, 372.0852540138600375, -6.977163906085570133 ) ) ;
#5801 = CARTESIAN_POINT ( 'NONE',  ( 1381.207537266828467, 573.4127140235420939, -148.6122175117296820 ) ) ;
#5802 = CARTESIAN_POINT ( 'NONE',  ( 559.9999999999998863, 7.833510492831825545, 5.362251188268479574 ) ) ;
#5803 = CARTESIAN_POINT ( 'NONE',  ( 1205.572575699857225, 534.5481969555730757, 74.14539225310193160 ) ) ;
#5804 = CARTESIAN_POINT ( 'NONE',  ( 991.8946374800854073, 268.3957834997297596, 103.5617359698165671 ) ) ;
#5805 = CARTESIAN_POINT ( 'NONE',  ( 1414.169125701507710, 985.8950406024024460, 26.38286477653692685 ) ) ;
#5806 = CARTESIAN_POINT ( 'NONE',  ( 1331.466750019527126, 535.9877142171560536, -96.80462880233629619 ) ) ;
#5807 = CARTESIAN_POINT ( 'NONE',  ( 560.0000000000000000, 5.952327976422812306, -1.630198811909351564 ) ) ;
#5808 = CARTESIAN_POINT ( 'NONE',  ( 841.2261437787683462, 135.4045662524623026, 50.30483686510553554 ) ) ;
#5809 = CARTESIAN_POINT ( 'NONE',  ( 1392.915581821159321, 550.0575567184192778, -173.1893254645358411 ) ) ;
#5810 = CARTESIAN_POINT ( 'NONE',  ( 1392.841694206502325, 682.9733611800774042, -97.03543147845000760 ) ) ;
#5811 = CARTESIAN_POINT ( 'NONE',  ( 560.0000000000004547, -10.64075966947798690, -32.04950802068258753 ) ) ;
#5812 = CARTESIAN_POINT ( 'NONE',  ( 1365.402576923015886, 733.4828728692489221, -29.35961751983977308 ) ) ;
#5813 = CARTESIAN_POINT ( 'NONE',  ( 1304.888636368644939, 844.9002476086536717, 151.8629978547645010 ) ) ;
#5814 = CARTESIAN_POINT ( 'NONE',  ( 961.1731231261832136, 124.5784455173964034, -106.0928403880127178 ) ) ;
#5815 = CARTESIAN_POINT ( 'NONE',  ( 1068.923769747921597, 194.1876068202158763, -121.0017884274495117 ) ) ;
#5816 = CARTESIAN_POINT ( 'NONE',  ( 791.1565528449041267, 59.46784728981320001, -57.40963718145234651 ) ) ;
#5817 = CARTESIAN_POINT ( 'NONE',  ( 676.7302209836684597, 15.66249556775592389, -50.72893487232503418 ) ) ;
#5818 = CARTESIAN_POINT ( 'NONE',  ( 904.3082904731599001, 104.2612142454133419, -68.62498243632988704 ) ) ;
#5819 = CARTESIAN_POINT ( 'NONE',  ( 1469.054870150228453, 868.0008625367687500, -100.9828772443276392 ) ) ;
#5820 = CARTESIAN_POINT ( 'NONE',  ( 1195.984245949371598, 559.4710373774796608, 135.8854179230479531 ) ) ;
#5821 = CARTESIAN_POINT ( 'NONE',  ( 840.2823393191678178, 143.1518053461578290, 85.92879991992887767 ) ) ;
#5822 = CARTESIAN_POINT ( 'NONE',  ( 1088.208466423089703, 351.0036030438311059, 76.75619008615383621 ) ) ;
#5823 = CARTESIAN_POINT ( 'NONE',  ( 1463.189932114551993, 804.3079252941430468, -122.7120529580442962 ) ) ;
#5824 = CARTESIAN_POINT ( 'NONE',  ( 899.7242945855508651, 134.2180865622449346, -34.52062683009544486 ) ) ;
#5825 = CARTESIAN_POINT ( 'NONE',  ( 1221.574446120748689, 493.0388147317284506, 30.16550349151118837 ) ) ;
#5826 = CARTESIAN_POINT ( 'NONE',  ( 1329.194448421285870, 912.3833347615111506, 130.7921555526113195 ) ) ;
#5827 = CARTESIAN_POINT ( 'NONE',  ( 1421.059146031140699, 975.7198633052084915, 2.824150444104873703 ) ) ;
#5828 = CARTESIAN_POINT ( 'NONE',  ( 732.0369489966558376, 69.28212555972910991, 54.16362787485667951 ) ) ;
#5829 = CARTESIAN_POINT ( 'NONE',  ( 1355.767482777617261, 624.1912909293073426, -65.37457775833239282 ) ) ;
#5830 = CARTESIAN_POINT ( 'NONE',  ( 904.0998542297594440, 105.6292726762815306, -65.61845041376420795 ) ) ;
#5831 = CARTESIAN_POINT ( 'NONE',  ( 1277.006382077292301, 781.3553197170787143, 157.4879310869287679 ) ) ;
#5832 = CARTESIAN_POINT ( 'NONE',  ( 1374.376091478910439, 835.2413304496504907, 12.36077441661167775 ) ) ;
#5833 = CARTESIAN_POINT ( 'NONE',  ( 734.1334522845382935, 37.93513851672432224, -50.18105844918551384 ) ) ;
#5834 = CARTESIAN_POINT ( 'NONE',  ( 1245.066879949221175, 586.9495943437153755, 55.49507439316587210 ) ) ;
#5835 = CARTESIAN_POINT ( 'NONE',  ( 1081.197754918313194, 376.0531374482580986, 120.6291463677913214 ) ) ;
#5836 = CARTESIAN_POINT ( 'NONE',  ( 1311.130919132744339, 713.2653205349266727, 64.80491657872158839 ) ) ;
#5837 = CARTESIAN_POINT ( 'NONE',  ( 903.2643895558173881, 111.1130177507369581, -53.49825033797335294 ) ) ;
#5838 = CARTESIAN_POINT ( 'NONE',  ( 560.0000000000000000, -2.285473743013877623, 0.6485779851572228694 ) ) ;
#5839 = CARTESIAN_POINT ( 'NONE',  ( 840.9108828850439750, 137.9837873549394942, 59.77809804072632005 ) ) ;
#5840 = CARTESIAN_POINT ( 'NONE',  ( 961.2331930692121205, 124.2517898777475693, -106.1623099179793002 ) ) ;
#5841 = CARTESIAN_POINT ( 'NONE',  ( 1152.115686878482848, 338.8951378397292160, -60.46809430543073205 ) ) ;
#5842 = CARTESIAN_POINT ( 'NONE',  ( 734.9413712277822697, 26.06003497155887416, -59.16325545044964684 ) ) ;
#5843 = CARTESIAN_POINT ( 'NONE',  ( 732.9084022447859752, 56.11477469054224088, -11.58157507122072616 ) ) ;
#5844 = CARTESIAN_POINT ( 'NONE',  ( 731.8263335836576289, 72.40042493257867307, 61.18568148175122445 ) ) ;
#5845 = CARTESIAN_POINT ( 'NONE',  ( 1015.502760463990967, 158.2231398780563154, -115.5332690719616977 ) ) ;
#5846 = B_SPLINE_CURVE_WITH_KNOTS ( 'NONE', 3,
 ( #576, #5424, #1104, #5860, #1073, #4945, #640, #1995, #4915, #2558, #5795, #2088, #2496, #5328, #3007, #3447, #1011, #4020, #130, #5924, #2940, #3921, #1614, #5453, #5827, #4855, #548 ),
 .UNSPECIFIED., .F., .F.,
 ( 4, 1, 1, 1, 1, 1, 1, 1, 1, 1, 1, 1, 1, 1, 1, 1, 1, 1, 1, 1, 1, 1, 1, 1, 4 ),
 ( 0.7499999999999975575, 0.7704410243535801950, 0.7912980497626439513, 0.8121550768420875421, 0.8330121061513918734, 0.8538691331833664355, 0.8747261594576193344, 0.8955831875128337227, 0.9164402147306824897, 0.9372972405834354426, 0.9581542585482650809, 0.9790112051181132369, 1.000000000000000000, 1.020851137921217733, 1.041707777133230373, 1.062564581556867616, 1.083421482856110174, 1.104278352446224076, 1.125135308911511256, 1.145992224411733762, 1.166849209966770662, 1.187706182414561162, 1.208563144892867536, 1.229420145005407417, 1.249999995987925550 ),
 .UNSPECIFIED. ) ;
#5847 = CARTESIAN_POINT ( 'NONE',  ( 677.0051487259130454, 9.210368451648744070, -56.41855262452821052 ) ) ;
#5848 = CARTESIAN_POINT ( 'NONE',  ( 1334.888997049279851, 528.5473444538527019, -123.1040358819470697 ) ) ;
#5849 = CARTESIAN_POINT ( 'NONE',  ( 676.7730099213152926, 14.65276704913341987, -52.22743159900576160 ) ) ;
#5850 = CARTESIAN_POINT ( 'NONE',  ( 959.3628057319523350, 134.5091077569510105, -79.09394248152206330 ) ) ;
#5851 = CARTESIAN_POINT ( 'NONE',  ( 1229.982283257908193, 622.6825758664410841, 133.6814714018356369 ) ) ;
#5852 = CARTESIAN_POINT ( 'NONE',  ( 618.2108216212848220, 28.04087656671665130, 48.91219032983260462 ) ) ;
#5853 = CARTESIAN_POINT ( 'NONE',  ( 1403.710270170064405, 1001.340671277906040, 47.54885969813274471 ) ) ;
#5854 = CARTESIAN_POINT ( 'NONE',  ( 1090.231790316497609, 343.7132595579382723, 36.27248027647488726 ) ) ;
#5855 = APPROVAL ( #2774, 'UNSPECIFIED' ) ;
#5856 = CARTESIAN_POINT ( 'NONE',  ( 1118.314317852681143, 446.6141208172421102, 142.8363393651217734 ) ) ;
#5857 = CARTESIAN_POINT ( 'NONE',  ( 1317.118928774942560, 567.0739011341270270, -71.63293173895911536 ) ) ;
#5858 = CARTESIAN_POINT ( 'NONE',  ( 1226.452867436602446, 480.3736472559783124, 9.996120616162249561 ) ) ;
#5859 = CARTESIAN_POINT ( 'NONE',  ( 559.9999999999996589, 11.23203886693321607, 32.08462699664617190 ) ) ;
#5860 = CARTESIAN_POINT ( 'NONE',  ( 1420.328792626376526, 976.7984487124426778, 13.90021753713928021 ) ) ;
#5861 = CARTESIAN_POINT ( 'NONE',  ( 841.7077254725185185, 131.5855265018670366, 65.16750338909800178 ) ) ;
#5862 = CARTESIAN_POINT ( 'NONE',  ( 1318.093681403655410, 564.9858959364604516, -54.01709245397854176 ) ) ;
#5863 = CARTESIAN_POINT ( 'NONE',  ( 786.7003789009451111, 106.7009040066800623, 69.81809179026453194 ) ) ;
#5864 = CARTESIAN_POINT ( 'NONE',  ( 1069.199365231991578, 193.0601958163346126, -125.5862024763624021 ) ) ;
#5865 = CARTESIAN_POINT ( 'NONE',  ( 957.8335365867596920, 142.8016909820983358, -82.56787990630114393 ) ) ;
#5866 = CARTESIAN_POINT ( 'NONE',  ( 1386.204084538356256, 993.8531828591269459, 64.70526007871748675 ) ) ;
#5867 = CARTESIAN_POINT ( 'NONE',  ( 1037.144227989705769, 323.0542594079594210, 116.8670655666711866 ) ) ;
#5868 = CARTESIAN_POINT ( 'NONE',  ( 788.9556791053046254, 82.90907072489449092, 25.03282245590082411 ) ) ;
#5869 = CARTESIAN_POINT ( 'NONE',  ( 1449.079999889328747, 826.4966429238644423, -85.00163922231338631 ) ) ;
#5870 = CARTESIAN_POINT ( 'NONE',  ( 1451.893790142607486, 930.1832820297157696, -49.44048544518543054 ) ) ;
#5871 = CARTESIAN_POINT ( 'NONE',  ( 892.9992191486591082, 178.3736565402338670, 73.10716524256889670 ) ) ;
#5872 = CARTESIAN_POINT ( 'NONE',  ( 579.4993071800133748, -6.665450977909014085, -40.41401907340220134 ) ) ;
#5873 = CARTESIAN_POINT ( 'NONE',  ( 560.0000000000004547, 2.215967787631658581, -13.10464815347048173 ) ) ;
#5874 = CARTESIAN_POINT ( 'NONE',  ( 677.0065596779020325, 9.238619222935538389, -52.09996989453190963 ) ) ;
#5875 = CARTESIAN_POINT ( 'NONE',  ( 733.0653112874038015, 54.01849181174344494, 17.81363140069699824 ) ) ;
#5876 = CARTESIAN_POINT ( 'NONE',  ( 1353.104035250693869, 756.1230410488516327, 2.511475364029037927 ) ) ;
#5877 = CARTESIAN_POINT ( 'NONE',  ( 842.4654607839453320, 125.4310081768883549, 52.28148635222889595 ) ) ;
#5878 = CARTESIAN_POINT ( 'NONE',  ( 991.8946374800854073, 268.3957834997297596, 103.5617359698165671 ) ) ;
#5879 = CARTESIAN_POINT ( 'NONE',  ( 1354.475141032843112, 486.0919159118757307, -171.5066937004820886 ) ) ;
#5880 = CARTESIAN_POINT ( 'NONE',  ( 956.7402569785512014, 148.7706716332365033, -73.24560627622915376 ) ) ;
#5881 = CARTESIAN_POINT ( 'NONE',  ( 791.8678636004906366, 51.96856683352931583, -69.20847121952311909 ) ) ;
#5882 = CARTESIAN_POINT ( 'NONE',  ( 1299.927400764749109, 457.1390797909141952, -120.1279960640242024 ) ) ;
#5883 = CARTESIAN_POINT ( 'NONE',  ( 1068.073866801625400, 197.6127172370535447, -122.1511120800194448 ) ) ;
#5884 = CARTESIAN_POINT ( 'NONE',  ( 1259.363798357572250, 692.3338872429407047, 137.1555070483218799 ) ) ;
#5885 = CARTESIAN_POINT ( 'NONE',  ( 1078.298722885055440, 386.4079291989216927, 134.6506003677180558 ) ) ;
#5886 = CARTESIAN_POINT ( 'NONE',  ( 1275.095274904302187, 658.2231168147416156, 85.82587267661591568 ) ) ;
#5887 = CARTESIAN_POINT ( 'NONE',  ( 842.3336931295675640, 126.3695350273871014, 23.19478946361428484 ) ) ;
#5888 = CARTESIAN_POINT ( 'NONE',  ( 1472.681571267349227, 789.3860529102101964, -138.8217351067210075 ) ) ;
#5889 = CARTESIAN_POINT ( 'NONE',  ( 733.5130297831349253, 47.13366523030736488, -32.19613223712009642 ) ) ;
#5890 = CARTESIAN_POINT ( 'NONE',  ( 845.1892254801234685, 103.2870954302097601, 2.831153191864622887 ) ) ;
#5891 = CARTESIAN_POINT ( 'NONE',  ( 990.9216028612244145, 272.9082896925317527, 101.2295645385036948 ) ) ;
#5892 = CARTESIAN_POINT ( 'NONE',  ( 899.4806301669865434, 135.9394989882674167, 0.9844789936317268619 ) ) ;
#5893 = CARTESIAN_POINT ( 'NONE',  ( 1287.949436377476104, 759.5244310741969684, 132.8370332357380335 ) ) ;
#5894 = CARTESIAN_POINT ( 'NONE',  ( 1006.671071612169840, 199.4708277720673379, -28.36304023052593593 ) ) ;
#5895 = CARTESIAN_POINT ( 'NONE',  ( 990.7843412739039195, 273.5508898312460815, 103.3492668323092403 ) ) ;
#5896 = CARTESIAN_POINT ( 'NONE',  ( 961.2693135509592821, 124.0558137979150928, -106.0894974812777463 ) ) ;
#5897 = CARTESIAN_POINT ( 'NONE',  ( 1405.918381179412791, 658.9034363996140655, -127.4123435763986834 ) ) ;
#5898 = CARTESIAN_POINT ( 'NONE',  ( 1083.703600313346669, 367.0600862458608731, 84.63961287478021234 ) ) ;
#5899 = CARTESIAN_POINT ( 'NONE',  ( 943.2355620135914478, 222.6502402693233478, 98.69241299499870479 ) ) ;
#5900 = CARTESIAN_POINT ( 'NONE',  ( 897.7804727370205455, 147.0905895827863503, 25.14382532166326811 ) ) ;
#5901 = CARTESIAN_POINT ( 'NONE',  ( 1189.146166081318370, 413.3859035776465021, -3.008579591831781475 ) ) ;
#5902 = CARTESIAN_POINT ( 'NONE',  ( 1260.413348936363491, 690.0419216100323183, 118.3858572579392501 ) ) ;
#5903 = CARTESIAN_POINT ( 'NONE',  ( 1454.353034090153642, 698.7214168251086903, -160.0508572870351713 ) ) ;
#5904 = CARTESIAN_POINT ( 'NONE',  ( 1313.651063501659337, 574.5928451621056183, -61.17574017689910448 ) ) ;
#5905 = CARTESIAN_POINT ( 'NONE',  ( 1448.569691550287871, 708.5968017270679411, -144.3723427924323346 ) ) ;
#5906 = CARTESIAN_POINT ( 'NONE',  ( 618.4359749871781560, 15.18195283963863851, 19.52288875503411347 ) ) ;
#5907 = CARTESIAN_POINT ( 'NONE',  ( 732.5819862380542418, 60.97177325243954016, 1.007121243329338389 ) ) ;
#5908 = CARTESIAN_POINT ( 'NONE',  ( 1042.824008820124163, 300.0339175186786065, 75.50750705306671762 ) ) ;
#5909 = CARTESIAN_POINT ( 'NONE',  ( 675.4615991699863571, 46.14311583592876076, 51.85554224240065935 ) ) ;
#5910 = CARTESIAN_POINT ( 'NONE',  ( 1155.584996967286997, 327.8995694608171334, -53.98203418002892562 ) ) ;
#5911 = CARTESIAN_POINT ( 'NONE',  ( 676.5098294217312969, 20.87873164191978859, -41.63322337625059077 ) ) ;
#5912 = CARTESIAN_POINT ( 'NONE',  ( 579.5054082731955987, -7.583917036778174747, -32.98525429244358520 ) ) ;
#5913 = CARTESIAN_POINT ( 'NONE',  ( 618.7209759799271751, -1.561861875536835420, -35.31591883144293575 ) ) ;
#5914 = CARTESIAN_POINT ( 'NONE',  ( 841.5990215217696004, 132.4680289791323844, 66.98067037203408347 ) ) ;
#5915 = CARTESIAN_POINT ( 'NONE',  ( 675.3091857428875073, 49.73766437929396034, 57.46803201079779200 ) ) ;
#5916 = CARTESIAN_POINT ( 'NONE',  ( 732.5539112351743825, 61.61515060807000310, 36.57529985214027590 ) ) ;
#5917 = CARTESIAN_POINT ( 'NONE',  ( 1380.821614441012571, 933.8143895397199685, 47.22498625234692327 ) ) ;
#5918 = CARTESIAN_POINT ( 'NONE',  ( 1461.421894009376729, 807.0875448727334742, -119.4948768087522950 ) ) ;
#5919 = CARTESIAN_POINT ( 'NONE',  ( 618.7103965815089168, -1.284665244546591367, -48.12292145070311022 ) ) ;
#5920 = CARTESIAN_POINT ( 'NONE',  ( 618.2108216212848220, 28.04087656671665130, 48.91219032983260462 ) ) ;
#5921 = CARTESIAN_POINT ( 'NONE',  ( 1006.614652294593611, 199.6495793586379648, -55.68647715908699780 ) ) ;
#5922 = CARTESIAN_POINT ( 'NONE',  ( 618.5415583292037809, 9.035989949755068196, 0.8461039695353430590 ) ) ;
#5923 = CARTESIAN_POINT ( 'NONE',  ( 1280.320299660099408, 774.7394071541677931, 145.0861600425427582 ) ) ;
#5924 = CARTESIAN_POINT ( 'NONE',  ( 1403.965744252849390, 1000.963387327667533, 38.64973197656203041 ) ) ;
#5925 = CARTESIAN_POINT ( 'NONE',  ( 1259.363798357572250, 692.3338872429407047, 137.1555070483218799 ) ) ;
#5926 = CARTESIAN_POINT ( 'NONE',  ( 1278.136161453753857, 508.7149693991682966, -42.06278486414967688 ) ) ;
#5927 = CARTESIAN_POINT ( 'NONE',  ( 1325.410968784101897, 918.8443776102345737, 142.1686640393877212 ) ) ;
#5928 = CARTESIAN_POINT ( 'NONE',  ( 1471.375046840105369, 864.4764636689969848, -103.7100233571785424 ) ) ;
#5929 = CARTESIAN_POINT ( 'NONE',  ( 1290.072286369005496, 625.7193800952858282, 13.36189831662520611 ) ) ;
#5930 = CARTESIAN_POINT ( 'NONE',  ( 847.4875171070265196, 84.47258075064507921, -64.70137946554774544 ) ) ;
#5931 = CARTESIAN_POINT ( 'NONE',  ( 1237.029293066030732, 605.9771731966071684, 87.95316878216036116 ) ) ;
#5932 = CARTESIAN_POINT ( 'NONE',  ( 893.2490517054745851, 176.7874301521336236, 86.05870023874510366 ) ) ;
#5933 = CARTESIAN_POINT ( 'NONE',  ( 618.5744556713615339, 7.107306965716474245, -5.418595145403474866 ) ) ;
#5934 = CARTESIAN_POINT ( 'NONE',  ( 579.3304026052898053, 16.71268568933085774, 31.26365001441004665 ) ) ;
#5935 = CARTESIAN_POINT ( 'NONE',  ( 792.3926687591905420, 46.43616546762341102, -76.26229654264457736 ) ) ;
#5936 = CARTESIAN_POINT ( 'NONE',  ( 1437.879534692665629, 950.8795248663360553, -30.18669393028281789 ) ) ;
#5937 = CARTESIAN_POINT ( 'NONE',  ( 1362.476903886974924, 855.5696377746982080, 59.92959928369145217 ) ) ;
#5938 = CARTESIAN_POINT ( 'NONE',  ( 949.2747668200267981, 189.5579351080359061, 1.482801469865880462 ) ) ;
#5939 = CARTESIAN_POINT ( 'NONE',  ( 1170.115773990276466, 467.9103019453500565, 86.53732762986210503 ) ) ;
#5940 = CARTESIAN_POINT ( 'NONE',  ( 1390.859059091140125, 1020.319330985098418, 73.81548273245964253 ) ) ;
#5941 = CARTESIAN_POINT ( 'NONE',  ( 1412.691906693259853, 769.8439258978289672, -60.43730408758931816 ) ) ;
#5942 = CARTESIAN_POINT ( 'NONE',  ( 1171.839940799896340, 276.0953209692474388, -144.5425737339627972 ) ) ;
#5943 = CARTESIAN_POINT ( 'NONE',  ( 1430.601135767165033, 739.2609256063226439, -114.9129727390353963 ) ) ;
#5944 = CARTESIAN_POINT ( 'NONE',  ( 676.9461388746082093, 10.69106233969978170, -47.70029637307433745 ) ) ;
#5945 = CARTESIAN_POINT ( 'NONE',  ( 1013.816022601282270, 166.1257056263652885, -93.45058437724956946 ) ) ;
#5946 = CARTESIAN_POINT ( 'NONE',  ( 1039.303315879284810, 314.3040776630139703, 101.0666507683857702 ) ) ;
#5947 = CARTESIAN_POINT ( 'NONE',  ( 1155.294624817445083, 510.3678431381770793, 152.1684551552582434 ) ) ;
#5948 = CARTESIAN_POINT ( 'NONE',  ( 1171.137901064211974, 464.9818744341700381, 81.75749467064119358 ) ) ;
#5949 = CARTESIAN_POINT ( 'NONE',  ( 1460.553113852708066, 880.9153479370396553, -86.92891878974164399 ) ) ;
#5950 = CARTESIAN_POINT ( 'NONE',  ( 1296.862224742865465, 859.6742707454449146, 168.4275173236477769 ) ) ;
#5951 = CARTESIAN_POINT ( 'NONE',  ( 845.2337713010989546, 102.7767419157802351, -30.98552861217477528 ) ) ;
#5952 = CARTESIAN_POINT ( 'NONE',  ( 1266.613988252427134, 535.9856919691716257, -0.2003193915179279083 ) ) ;
#5953 = CARTESIAN_POINT ( 'NONE',  ( 1224.698779330678235, 635.1739298374462805, 142.7733819077062378 ) ) ;
#5954 = CARTESIAN_POINT ( 'NONE',  ( 1328.454120684948975, 678.6724611590337872, -8.242932248066788148 ) ) ;
#5955 = CARTESIAN_POINT ( 'NONE',  ( 1393.851926250745692, 1015.899466816493600, 67.47924598583090017 ) ) ;
#5956 = CARTESIAN_POINT ( 'NONE',  ( 1108.334073687607088, 279.0750063728216332, -50.43785746122513558 ) ) ;
#5957 = CARTESIAN_POINT ( 'NONE',  ( 731.5871934097991698, 75.91573771239623625, 62.41460953547775858 ) ) ;
#5958 = CARTESIAN_POINT ( 'NONE',  ( 905.8336043678480110, 94.21945057776312638, -95.69753880782222666 ) ) ;
#5959 = CARTESIAN_POINT ( 'NONE',  ( 1162.294055813681098, 306.4815052332986625, -108.0105281235986325 ) ) ;
#5960 = CARTESIAN_POINT ( 'NONE',  ( 1368.988661472599915, 952.4211551712528490, 74.95203442499703783 ) ) ;
#5961 = CARTESIAN_POINT ( 'NONE',  ( 731.9505664020425684, 70.56108471266787774, 57.09752720408382487 ) ) ;
#5962 = CARTESIAN_POINT ( 'NONE',  ( 844.7057318916334907, 107.2197999461611744, 11.86487602226513971 ) ) ;
#5963 = CARTESIAN_POINT ( 'NONE',  ( 1333.383454063037334, 668.8594345569412098, -0.3963372221207973056 ) ) ;
#5964 = CARTESIAN_POINT ( 'NONE',  ( 792.3843798458398169, 46.58867893732778498, -66.58414760286692058 ) ) ;
#5965 = CARTESIAN_POINT ( 'NONE',  ( 1312.331080096812229, 831.1888583558157961, 117.6107744318926080 ) ) ;
#5966 = CARTESIAN_POINT ( 'NONE',  ( 1220.656569820197774, 323.0863007549065742, -153.0106229563590432 ) ) ;
#5967 = CARTESIAN_POINT ( 'NONE',  ( 1430.580094532337853, 855.5772570168320499, -59.77191465853017149 ) ) ;
#5968 = CARTESIAN_POINT ( 'NONE',  ( 896.9121206872675884, 152.7840637086212894, 37.16534650557460395 ) ) ;
#5969 = CARTESIAN_POINT ( 'NONE',  ( 948.6934522372066567, 192.7362523255370661, 8.178214333554473470 ) ) ;
#5970 = CARTESIAN_POINT ( 'NONE',  ( 1035.531097416754847, 329.5897297340483760, 125.4635807441560047 ) ) ;
#5971 = CARTESIAN_POINT ( 'NONE',  ( 1374.721934588306112, 943.4128048755727605, 75.99691075198535373 ) ) ;
#5972 = CARTESIAN_POINT ( 'NONE',  ( 579.4761528635164041, -3.560667032781818175, -17.03805037189842864 ) ) ;
#5973 = CARTESIAN_POINT ( 'NONE',  ( 734.9131889884261000, 26.40294602837921545, -66.84786978830818782 ) ) ;
#5974 = CARTESIAN_POINT ( 'NONE',  ( 1293.711439208708498, 471.8238753909641332, -115.0365408338417410 ) ) ;
#5975 = CARTESIAN_POINT ( 'NONE',  ( 904.7219819964269618, 101.5446483360952641, -74.77939177015217354 ) ) ;
#5976 = CARTESIAN_POINT ( 'NONE',  ( 618.7394732456840529, -2.680839904341170588, -39.86113863777314492 ) ) ;
#5977 = CARTESIAN_POINT ( 'NONE',  ( 1198.326463336962661, 553.3906264161082618, 126.0033933967561524 ) ) ;
#5978 = CARTESIAN_POINT ( 'NONE',  ( 1320.699420934402042, 926.8922712868234157, 158.7434101536710500 ) ) ;
#5979 = CARTESIAN_POINT ( 'NONE',  ( 675.9170228004782075, 35.34035213858946634, 25.65069272990855254 ) ) ;
#5980 = CARTESIAN_POINT ( 'NONE',  ( 579.3944566451413039, 7.918152096162745401, -9.549529126447103167 ) ) ;
#5981 = CARTESIAN_POINT ( 'NONE',  ( 1052.865246512221574, 259.3225711587903675, 0.7005629840254790075 ) ) ;
#5982 = CARTESIAN_POINT ( 'NONE',  ( 786.7003789009451111, 106.7009040066800623, 69.81809179026453194 ) ) ;
#5983 = DATE_AND_TIME ( #4081, #3000 ) ;
#5984 = CARTESIAN_POINT ( 'NONE',  ( 1260.199624492551038, 690.5217102598794554, 134.4217268592155392 ) ) ;
#5985 = CARTESIAN_POINT ( 'NONE',  ( 1286.334945643166066, 489.3099543838108616, -71.65428400868763958 ) ) ;
#5986 = CARTESIAN_POINT ( 'NONE',  ( 942.2886087845754446, 227.8159628385710107, 103.6294675016997360 ) ) ;
#5987 = CARTESIAN_POINT ( 'NONE',  ( 1069.168908408778861, 193.1824247412354509, -125.7800846179788152 ) ) ;
#5988 = CARTESIAN_POINT ( 'NONE',  ( 902.1836035313847333, 118.1031467861315036, -63.57308731263905344 ) ) ;
#5989 = CARTESIAN_POINT ( 'NONE',  ( 1039.564766833640078, 313.1971715036117416, 78.63075073694390937 ) ) ;
#5990 = CARTESIAN_POINT ( 'NONE',  ( 1305.872209143055215, 843.0895196964745537, 149.1793217850743360 ) ) ;
#5991 = CARTESIAN_POINT ( 'NONE',  ( 1182.356887926389163, 432.8387478459040381, 28.99039106553149381 ) ) ;
#5992 = CARTESIAN_POINT ( 'NONE',  ( 1158.107414041747006, 319.8634946990734989, -67.53586337631499248 ) ) ;
#5993 = CARTESIAN_POINT ( 'NONE',  ( 1269.486184894408325, 529.1877557204879849, -10.68140171619402423 ) ) ;
#5994 = CARTESIAN_POINT ( 'NONE',  ( 1262.772567134755263, 386.0795419105526776, -137.6296615982281821 ) ) ;
#5995 = CARTESIAN_POINT ( 'NONE',  ( 579.3296227922269281, 16.80903763790843541, 33.71573954500901493 ) ) ;
#5996 = CARTESIAN_POINT ( 'NONE',  ( 961.1731231261832136, 124.5784455173964034, -106.0928403880127178 ) ) ;
#5997 = CARTESIAN_POINT ( 'NONE',  ( 1339.799082027577242, 656.0337425336817887, -40.47056734766272967 ) ) ;
#5998 = CARTESIAN_POINT ( 'NONE',  ( 1415.903296146156208, 640.5253520327298702, -149.4013647334898280 ) ) ;
#5999 = CARTESIAN_POINT ( 'NONE',  ( 788.5179234679974343, 87.35571040419021926, 1.149926193018425025 ) ) ;
#6000 = CARTESIAN_POINT ( 'NONE',  ( 1384.968118849322536, 1029.019067493840112, 83.88363540874624391 ) ) ;
#6001 = CARTESIAN_POINT ( 'NONE',  ( 1171.137901064211974, 464.9818744341700381, 81.75749467064119358 ) ) ;
#6002 = CARTESIAN_POINT ( 'NONE',  ( 955.8202244052790775, 153.8813410830128987, -39.09459921202877553 ) ) ;
#6003 = CARTESIAN_POINT ( 'NONE',  ( 676.3997997019669128, 23.48893511442700444, -36.47409466833819636 ) ) ;
#6004 = CARTESIAN_POINT ( 'NONE',  ( 1215.057820054910280, 339.1393673492760286, -123.5109706661605316 ) ) ;
#6005 = CARTESIAN_POINT ( 'NONE',  ( 734.8069566477627177, 28.06305404109088641, -53.76896677640568356 ) ) ;
#6006 = CARTESIAN_POINT ( 'NONE',  ( 675.6337115128601454, 42.06756668215877681, 42.29036880098893647 ) ) ;
#6007 = CARTESIAN_POINT ( 'NONE',  ( 1078.878386959917634, 384.3379906954491503, 133.2265700664339931 ) ) ;
#6008 = CARTESIAN_POINT ( 'NONE',  ( 896.5483469019311542, 155.1689491374905003, 42.17454279657851401 ) ) ;
#6009 = CARTESIAN_POINT ( 'NONE',  ( 849.3727488780775730, 69.23177607180603843, -77.67238559185601332 ) ) ;
#6010 = CARTESIAN_POINT ( 'NONE',  ( 1164.273874381954556, 300.1775019895897003, -116.5684734771859894 ) ) ;
#6011 = CARTESIAN_POINT ( 'NONE',  ( 618.3867174017590287, 17.29533344621433244, -8.481791777136587385 ) ) ;
#6012 = CARTESIAN_POINT ( 'NONE',  ( 1144.998872661727546, 361.6244775288204210, 3.353473473835713481 ) ) ;
#6013 = CARTESIAN_POINT ( 'NONE',  ( 942.7282070040719191, 225.4013661590644517, 94.49701618583290497 ) ) ;
#6014 = CARTESIAN_POINT ( 'NONE',  ( 1360.679886986354177, 965.4922883730700960, 106.6393616134429294 ) ) ;
#6015 = CARTESIAN_POINT ( 'NONE',  ( 1442.999539671488265, 943.3183050252411022, -31.73381983950618235 ) ) ;
#6016 = CARTESIAN_POINT ( 'NONE',  ( 840.2845760261725445, 143.1282292204725195, 84.29216909641689881 ) ) ;
#6017 = CARTESIAN_POINT ( 'NONE',  ( 579.4487945050276494, 0.3722841739935462413, -28.33935147764743334 ) ) ;
#6018 = CARTESIAN_POINT ( 'NONE',  ( 1229.381775710554848, 624.0840569203639916, 120.9666705400839533 ) ) ;
#6019 = CARTESIAN_POINT ( 'NONE',  ( 1081.830347821142368, 373.7930302973559265, 116.5697684905799605 ) ) ;
#6020 = CARTESIAN_POINT ( 'NONE',  ( 1184.389361725308163, 427.0152510836852002, 19.38122545102756078 ) ) ;
#6021 = CARTESIAN_POINT ( 'NONE',  ( 1289.722377519766042, 481.2925365946484817, -83.80644300229751309 ) ) ;
#6022 = CARTESIAN_POINT ( 'NONE',  ( 1337.100007843120920, 661.4428731254948843, -11.25123791500578641 ) ) ;
#6023 = CARTESIAN_POINT ( 'NONE',  ( 1348.174304756237916, 499.7598152841207479, -149.3821337987930065 ) ) ;
#6024 = CARTESIAN_POINT ( 'NONE',  ( 560.0000000000002274, 11.26386772599201436, 30.95203906842187891 ) ) ;
#6025 = CARTESIAN_POINT ( 'NONE',  ( 675.8660585711992326, 36.19277683184155592, -6.318352219839057149 ) ) ;
#6026 = CARTESIAN_POINT ( 'NONE',  ( 1065.298958057047912, 208.8535832569541242, -108.1424966723679972 ) ) ;
#6027 = CARTESIAN_POINT ( 'NONE',  ( 732.2846662509236921, 65.40344310112443793, 13.75300298421932688 ) ) ;
#6028 = CARTESIAN_POINT ( 'NONE',  ( 560.0000000000000000, 10.47014703525080215, 36.33680170635052065 ) ) ;
#6029 = CARTESIAN_POINT ( 'NONE',  ( 579.3851326060951124, 9.034842880225616213, 23.80790618891196075 ) ) ;
#6030 = CARTESIAN_POINT ( 'NONE',  ( 1281.022708057259251, 501.8830152773318218, -52.52173465696227339 ) ) ;
#6031 = CARTESIAN_POINT ( 'NONE',  ( 1040.864286772725791, 307.9215586214884297, 66.21300180553316750 ) ) ;
#6032 = CARTESIAN_POINT ( 'NONE',  ( 1059.798692743309402, 231.1403069718952850, -75.54954379237300088 ) ) ;
#6033 = CARTESIAN_POINT ( 'NONE',  ( 1343.289664017314863, 510.3511500122065172, -134.1857808894102675 ) ) ;
#6034 = CARTESIAN_POINT ( 'NONE',  ( 560.0000000000006821, -10.02150593637885301, -29.56687458876088925 ) ) ;
#6035 = CARTESIAN_POINT ( 'NONE',  ( 1383.172301220673035, 998.4582160341685722, 79.80641777286221838 ) ) ;
#6036 = CARTESIAN_POINT ( 'NONE',  ( 1248.238658432489956, 716.4555575858322527, 170.8121636181009251 ) ) ;
#6037 = CARTESIAN_POINT ( 'NONE',  ( 1397.999812172514794, 975.9350718325285925, 48.78709964225870266 ) ) ;
#6038 = CARTESIAN_POINT ( 'NONE',  ( 1449.840544537972846, 706.4263983982493755, -147.3886819890342963 ) ) ;
#6039 = CARTESIAN_POINT ( 'NONE',  ( 676.0383870466480403, 32.08196008852562642, -17.11725913034300461 ) ) ;
#6040 = CARTESIAN_POINT ( 'NONE',  ( 789.8877001185007884, 73.04630242365175263, 0.9964493495853566918 ) ) ;
#6041 = CARTESIAN_POINT ( 'NONE',  ( 1191.424872922505983, 571.2985962078709008, 146.3764540161938612 ) ) ;
#6042 = CARTESIAN_POINT ( 'NONE',  ( 843.7002713707588555, 115.2451474828239242, -4.192287373954291851 ) ) ;
#6043 = CARTESIAN_POINT ( 'NONE',  ( 618.3356685878179633, 20.95052215228191628, 34.86453883312139368 ) ) ;
#6044 = CARTESIAN_POINT ( 'NONE',  ( 1078.438680702036891, 385.9057529054428528, 132.2028070119743575 ) ) ;
#6045 = CARTESIAN_POINT ( 'NONE',  ( 1369.220065309423035, 597.3291692953540633, -119.1393093621485662 ) ) ;
#6046 = CARTESIAN_POINT ( 'NONE',  ( 1396.558052184787357, 1011.903061893127983, 55.26351846180022420 ) ) ;
#6047 = CARTESIAN_POINT ( 'NONE',  ( 1001.862937187112152, 221.9047534131752002, 15.32339734691313282 ) ) ;
#6048 = CARTESIAN_POINT ( 'NONE',  ( 893.4642028576870416, 175.3780927905852707, 83.19682029817215607 ) ) ;
#6049 = CARTESIAN_POINT ( 'NONE',  ( 1449.596678593169372, 933.5756547904261424, -44.87686488021100217 ) ) ;
#6050 = CARTESIAN_POINT ( 'NONE',  ( 1104.309755350351224, 293.4592934307872270, -25.00042303582971925 ) ) ;
#6051 = CARTESIAN_POINT ( 'NONE',  ( 1462.833703511606927, 914.0272254696504888, -70.99438277411506704 ) ) ;
#6052 = CARTESIAN_POINT ( 'NONE',  ( 1329.194448421285870, 912.3833347615111506, 130.7921555526113195 ) ) ;
#6053 = CARTESIAN_POINT ( 'NONE',  ( 789.0821152367394689, 81.38427757403717067, -13.24870658800459111 ) ) ;
#6054 = CARTESIAN_POINT ( 'NONE',  ( 1463.460709603113173, 913.1012633037566957, -76.15115827034478002 ) ) ;
#6055 = CARTESIAN_POINT ( 'NONE',  ( 895.4594133417605235, 162.1942343673015898, 25.80953363339368423 ) ) ;
#6056 = CARTESIAN_POINT ( 'NONE',  ( 731.6127736260232268, 75.56176835834695282, 66.65978982715769519 ) ) ;
#6057 = CARTESIAN_POINT ( 'NONE',  ( 788.1746100797824965, 91.16584608980713256, 44.10748942272698514 ) ) ;
#6058 = CARTESIAN_POINT ( 'NONE',  ( 1446.453716667214394, 902.3327023782840115, -52.09407289687555220 ) ) ;
#6059 = CARTESIAN_POINT ( 'NONE',  ( 1042.683241413439191, 300.5394949518116050, 49.83465729865613270 ) ) ;
#6060 = CARTESIAN_POINT ( 'NONE',  ( 734.9538415850339561, 25.80960460798433331, -66.71018803798627061 ) ) ;
#6061 = CARTESIAN_POINT ( 'NONE',  ( 1008.899900609668862, 188.9943020795182065, -73.11890265653848076 ) ) ;
#6062 = CARTESIAN_POINT ( 'NONE',  ( 792.2937061977311259, 47.54777076399546587, -64.37023549954363943 ) ) ;
#6063 = CARTESIAN_POINT ( 'NONE',  ( 792.2498261459938931, 48.01284612796561646, -63.20566925950623016 ) ) ;
#6064 = CARTESIAN_POINT ( 'NONE',  ( 1164.141869578246087, 485.0244305935175362, 114.4570866188194032 ) ) ;
#6065 = CARTESIAN_POINT ( 'NONE',  ( 675.3198711183656542, 49.49023454484899531, 57.68124243012505303 ) ) ;
#6066 = CARTESIAN_POINT ( 'NONE',  ( 792.0265418554790813, 50.29602907846322069, -71.53659219784462664 ) ) ;
#6067 = CARTESIAN_POINT ( 'NONE',  ( 1465.389595416928159, 910.2526860568618758, -75.99598797892784319 ) ) ;
#6068 = CARTESIAN_POINT ( 'NONE',  ( 844.9126399637890472, 105.3866333831777382, -25.68176624427862009 ) ) ;
#6069 = CARTESIAN_POINT ( 'NONE',  ( 1004.268042775187382, 210.6833870515705769, -6.517792763419533841 ) ) ;
#6070 = CARTESIAN_POINT ( 'NONE',  ( 1036.501696300316326, 325.6411916425460049, 111.9493420661145251 ) ) ;
#6071 = DATE_AND_TIME ( #225, #3200 ) ;
#6072 = CARTESIAN_POINT ( 'NONE',  ( 787.6674753259873114, 96.52270697868114269, 55.91033979641412088 ) ) ;
#6073 = CARTESIAN_POINT ( 'NONE',  ( 1250.212571485918716, 418.6578758552791442, -105.8346875609548334 ) ) ;
#6074 = CARTESIAN_POINT ( 'NONE',  ( 1038.743635289341228, 316.5316591998008562, 86.90529119088094490 ) ) ;
#6075 = CARTESIAN_POINT ( 'NONE',  ( 675.5071853426492225, 45.06667176794231722, 49.33404172735900062 ) ) ;
#6076 = CARTESIAN_POINT ( 'NONE',  ( 1416.788896897285667, 982.0261642972859590, 21.09444481129187210 ) ) ;
#6077 = CARTESIAN_POINT ( 'NONE',  ( 1331.324470645904739, 908.7534397194010580, 135.3138427271301509 ) ) ;
#6078 = CARTESIAN_POINT ( 'NONE',  ( 560.0000000000000000, -7.306143440316727578, -17.99644150207787519 ) ) ;
#6079 = CARTESIAN_POINT ( 'NONE',  ( 579.4560212034790538, -0.7829507751996194198, -7.066132664488393722 ) ) ;
#6080 = CARTESIAN_POINT ( 'NONE',  ( 1014.275240025258427, 163.9825794295665560, -97.54226657635220477 ) ) ;
#6081 = CARTESIAN_POINT ( 'NONE',  ( 1228.109183223798709, 627.0974528799891914, 126.6898904912872865 ) ) ;
#6082 = CARTESIAN_POINT ( 'NONE',  ( 1099.488812213506662, 310.6248620855699869, -23.37176043448922513 ) ) ;
#6083 = CARTESIAN_POINT ( 'NONE',  ( 1443.069362516514275, 717.9791207530747670, -140.2206345999827590 ) ) ;
#6084 = CARTESIAN_POINT ( 'NONE',  ( 618.2758916631745478, 23.80556140997336456, 13.50894892197995922 ) ) ;
#6085 = CARTESIAN_POINT ( 'NONE',  ( 1248.238658432489956, 716.4555575858322527, 170.8121636181009251 ) ) ;
#6086 = CARTESIAN_POINT ( 'NONE',  ( 560.0000000000001137, 2.562784340875186917, 16.41344016264295647 ) ) ;
#6087 = CARTESIAN_POINT ( 'NONE',  ( 734.3213802004989930, 35.31310299796507479, -32.81815690035574562 ) ) ;
#6088 = CARTESIAN_POINT ( 'NONE',  ( 560.0000000000000000, 0.3124538552367709388, 9.493180594309677645 ) ) ;
#6089 = CARTESIAN_POINT ( 'NONE',  ( 675.4561287309709314, 46.03917929809287557, 26.89662900422934655 ) ) ;
#6090 = CARTESIAN_POINT ( 'NONE',  ( 579.5096228794569697, -8.123380919222034535, -40.39313684145572125 ) ) ;
#6091 = CARTESIAN_POINT ( 'NONE',  ( 790.5625196998398678, 65.73809912067936523, -46.06843889722917140 ) ) ;
#6092 = CARTESIAN_POINT ( 'NONE',  ( 1384.062706593066878, 567.7280221707829924, -145.9222150863472791 ) ) ;
#6093 = CARTESIAN_POINT ( 'NONE',  ( 618.6917378015408531, 0.1819754160778599417, -29.00377740577319940 ) ) ;
#6094 = CARTESIAN_POINT ( 'NONE',  ( 787.5801268890296569, 97.44385781652458434, 57.88550932264397630 ) ) ;
#6095 = CARTESIAN_POINT ( 'NONE',  ( 675.3467598098824283, 48.85802038160133520, 57.10461309764476567 ) ) ;
#6096 = CARTESIAN_POINT ( 'NONE',  ( 618.7602016144438721, -4.004538379668888481, -47.56810523157400894 ) ) ;
#6097 = CARTESIAN_POINT ( 'NONE',  ( 848.6728751651036191, 74.85670996861830417, -79.24580663433050631 ) ) ;
#6098 = CARTESIAN_POINT ( 'NONE',  ( 960.8101200088038922, 126.5930784120951955, -95.45565941979242552 ) ) ;
#6099 = CARTESIAN_POINT ( 'NONE',  ( 959.7495316770233558, 132.3453278583996848, -97.35785829984337170 ) ) ;
#6100 = CARTESIAN_POINT ( 'NONE',  ( 1333.142009060137980, 532.3552489153448732, -102.1284017528063259 ) ) ;
#6101 = CARTESIAN_POINT ( 'NONE',  ( 1002.301061078809880, 219.7681428182385162, -20.08177652549255399 ) ) ;
#6102 = FACE_OUTER_BOUND ( 'NONE', #370, .T. ) ;
#6103 = CARTESIAN_POINT ( 'NONE',  ( 1119.658517858244977, 442.3240069986555909, 131.5693944505902095 ) ) ;
#6104 = CARTESIAN_POINT ( 'NONE',  ( 945.2980236172719515, 211.3879214183723150, 77.07515680556812754 ) ) ;
#6105 = CARTESIAN_POINT ( 'NONE',  ( 1159.455582423298210, 315.5199767847329895, -95.26449149868172128 ) ) ;
#6106 = CARTESIAN_POINT ( 'NONE',  ( 943.6494891930884705, 220.3445081177883083, 76.95373582590060835 ) ) ;
#6107 = CARTESIAN_POINT ( 'NONE',  ( 787.3042561207722656, 100.3572487668141520, 64.18022191473481541 ) ) ;
#6108 = CARTESIAN_POINT ( 'NONE',  ( 1003.201806964448565, 215.6582495010744367, 3.196235115936834958 ) ) ;
#6109 = CARTESIAN_POINT ( 'NONE',  ( 1353.378682216335847, 976.9728363643195053, 122.8932287479340886 ) ) ;
#6110 = CARTESIAN_POINT ( 'NONE',  ( 1448.275215847460913, 935.5271900669471279, -42.24929324222413385 ) ) ;
#6111 = CARTESIAN_POINT ( 'NONE',  ( 1405.054635143526184, 660.5047152831922403, -112.2204527026085401 ) ) ;
#6112 = CARTESIAN_POINT ( 'NONE',  ( 1374.324344454833863, 717.0752981208341907, -32.46838327875944685 ) ) ;
#6113 = CARTESIAN_POINT ( 'NONE',  ( 1122.516319268445613, 433.2086430372003178, 109.5803350958709643 ) ) ;
#6114 = CARTESIAN_POINT ( 'NONE',  ( 579.3882698928809987, 8.775109001759751948, -6.988544771106394826 ) ) ;
#6115 = CARTESIAN_POINT ( 'NONE',  ( 1261.182980854049674, 390.1868316111499553, -142.8010521515845426 ) ) ;
#6116 = CARTESIAN_POINT ( 'NONE',  ( 732.1088504089675553, 68.03066406294031765, 22.35760152141759960 ) ) ;
#6117 = CARTESIAN_POINT ( 'NONE',  ( 1372.071890700236281, 1015.319801423555646, 102.1052258476398293 ) ) ;
#6118 = CARTESIAN_POINT ( 'NONE',  ( 1334.474110871425410, 790.4358502920326828, 72.78093225038011838 ) ) ;
#6119 = CARTESIAN_POINT ( 'NONE',  ( 1449.596678593169372, 933.5756547904261424, -44.87686488021100217 ) ) ;
#6120 = VERTEX_POINT ( 'NONE', #791 ) ;
#6121 = PRODUCT_RELATED_PRODUCT_CATEGORY ( 'detail', '', ( #3419 ) ) ;
#6122 = CARTESIAN_POINT ( 'NONE',  ( 1086.570852021261999, 356.8039794821383452, 62.44836617868976703 ) ) ;
#6123 = CARTESIAN_POINT ( 'NONE',  ( 905.8420875189730168, 94.16741282722902895, -95.09880636670241927 ) ) ;
#6124 = CARTESIAN_POINT ( 'NONE',  ( 1111.082082842118325, 269.2018311828558694, -89.24133765125580453 ) ) ;
#6125 = CARTESIAN_POINT ( 'NONE',  ( 960.3842282130018475, 128.9226114073563565, -90.65207989926956600 ) ) ;
#6126 = CARTESIAN_POINT ( 'NONE',  ( 957.8884710598482570, 142.5719987190794882, -62.44186124349744205 ) ) ;
#6127 = CARTESIAN_POINT ( 'NONE',  ( 560.0000000000011369, 5.984854519581330301, 25.87099554080203490 ) ) ;
#6128 = CARTESIAN_POINT ( 'NONE',  ( 892.7914285026740799, 179.7842072969629612, 91.51321719476250394 ) ) ;
#6129 = CARTESIAN_POINT ( 'NONE',  ( 961.2210134834267592, 124.3345394723408504, -102.0269941328539005 ) ) ;
#6130 = CARTESIAN_POINT ( 'NONE',  ( 559.9999999999998863, -10.89290869927434713, -33.19734484790092210 ) ) ;
#6131 = CARTESIAN_POINT ( 'NONE',  ( 1014.123829247063327, 164.6466653392998012, -108.2823649929029273 ) ) ;
#6132 = CARTESIAN_POINT ( 'NONE',  ( 848.4084155804380316, 77.08604446803663279, -58.83304884529908918 ) ) ;
#6133 = CARTESIAN_POINT ( 'NONE',  ( 1405.275236952724526, 895.3640444078466771, -6.960185639853253114 ) ) ;
#6134 = CARTESIAN_POINT ( 'NONE',  ( 579.4922192628727089, -5.677136358528901638, -39.08739385741856154 ) ) ;
#6135 = CARTESIAN_POINT ( 'NONE',  ( 1421.379251970721953, 940.4213506036369381, -0.1314348346203946527 ) ) ;
#6136 = CARTESIAN_POINT ( 'NONE',  ( 1118.479193185618897, 446.0869471341448502, 141.0708164739898507 ) ) ;
#6137 = CARTESIAN_POINT ( 'NONE',  ( 1317.634593649426051, 821.4358373978583359, 117.4068418120021278 ) ) ;
#6138 = CARTESIAN_POINT ( 'NONE',  ( 1325.910860956826355, 548.0119946634933967, -97.56905458465840297 ) ) ;
#6139 = CARTESIAN_POINT ( 'NONE',  ( 992.1137305492831047, 267.3303375789282086, 84.14258895912043101 ) ) ;
#6140 = CARTESIAN_POINT ( 'NONE',  ( 579.3584394597631899, 12.74208427871380422, 33.30665223176408318 ) ) ;
#6141 = CARTESIAN_POINT ( 'NONE',  ( 789.7036728261924736, 74.99440907190971473, 5.813735005590916494 ) ) ;
#6142 = CARTESIAN_POINT ( 'NONE',  ( 1255.608474535708183, 700.4768162553464208, 150.0170857454018858 ) ) ;
#6143 = CARTESIAN_POINT ( 'NONE',  ( 1194.586249140359541, 397.7984642913021958, -28.59061401305819672 ) ) ;
#6144 = CARTESIAN_POINT ( 'NONE',  ( 1105.654588375711228, 288.6525497612431082, -33.47229369364231388 ) ) ;
#6145 = CARTESIAN_POINT ( 'NONE',  ( 1192.555095137737226, 568.3616620948755553, 140.0521294359724322 ) ) ;
#6146 = CARTESIAN_POINT ( 'NONE',  ( 618.3345649302924585, 20.34051714846186698, 0.8665222803233709747 ) ) ;
#6147 = CARTESIAN_POINT ( 'NONE',  ( 734.3667899817537545, 34.48299959020942396, -56.09336323658926204 ) ) ;
#6148 = CARTESIAN_POINT ( 'NONE',  ( 1133.535288980592441, 398.0852686361737938, 38.68884198482125214 ) ) ;
#6149 = CARTESIAN_POINT ( 'NONE',  ( 1275.985093717271411, 783.3994866720163373, 167.3113057593199642 ) ) ;
#6150 = CARTESIAN_POINT ( 'NONE',  ( 1278.946918686987601, 649.8713806475893762, 73.26866487400532435 ) ) ;
#6151 = CARTESIAN_POINT ( 'NONE',  ( 618.6997552603895656, -0.6770846753520052275, -47.24780171723913469 ) ) ;
#6152 = CARTESIAN_POINT ( 'NONE',  ( 1203.817657374247119, 371.3474102812932074, -71.65687209236615729 ) ) ;
#6153 = CARTESIAN_POINT ( 'NONE',  ( 787.3961798044952047, 99.25584939756036817, 35.51239082814414161 ) ) ;
#6154 = CARTESIAN_POINT ( 'NONE',  ( 849.5332093160395743, 67.89392645123223247, -85.31053861060885879 ) ) ;
#6155 = CARTESIAN_POINT ( 'NONE',  ( 1202.538205814538514, 374.9744176120182146, -87.17649145732966076 ) ) ;
#6156 = CARTESIAN_POINT ( 'NONE',  ( 559.9999999999998863, -10.47989762039358475, -31.49353657652725147 ) ) ;
#6157 = CARTESIAN_POINT ( 'NONE',  ( 791.5100016372294931, 55.86093261657936182, -42.49620164811826584 ) ) ;
#6158 = CARTESIAN_POINT ( 'NONE',  ( 1235.066511712167085, 610.6501762134490718, 115.1422495014414693 ) ) ;
#6159 = CARTESIAN_POINT ( 'NONE',  ( 559.9999999999998863, 9.782544746978219408, 35.13365160643340346 ) ) ;
#6160 = CARTESIAN_POINT ( 'NONE',  ( 1466.204593556357167, 909.0490973635314731, -77.62969896935760516 ) ) ;
#6161 = CARTESIAN_POINT ( 'NONE',  ( 1266.879971313319402, 375.4118178279927633, -154.8667941652414868 ) ) ;
#6162 = CARTESIAN_POINT ( 'NONE',  ( 559.9999999999998863, -8.162936632750527721, -35.03040697387226032 ) ) ;
#6163 = CARTESIAN_POINT ( 'NONE',  ( 618.6990788424809580, -0.2552437298346981742, -30.58480639029670556 ) ) ;
#6164 = CARTESIAN_POINT ( 'NONE',  ( 1334.622442302202899, 666.3869791050018421, -4.014380784368299260 ) ) ;
#6165 = CARTESIAN_POINT ( 'NONE',  ( 1275.915035836932702, 783.5340920652030263, 161.5076751377796995 ) ) ;
#6166 = DATE_TIME_ROLE ( 'classification_date' ) ;
#6167 = CARTESIAN_POINT ( 'NONE',  ( 559.9999999999992042, 5.126087946778411286, 23.61196871812633091 ) ) ;
#6168 = CARTESIAN_POINT ( 'NONE',  ( 579.4277494104183006, 3.298326998699810719, -21.75295493447187312 ) ) ;
#6169 = CARTESIAN_POINT ( 'NONE',  ( 1159.190318635783115, 499.1930250431687455, 125.2425813803115489 ) ) ;
#6170 = CARTESIAN_POINT ( 'NONE',  ( 560.0000000000000000, -2.285473743013877623, 0.6485779851572228694 ) ) ;
#6171 = CARTESIAN_POINT ( 'NONE',  ( 1161.402700358719358, 492.8716935774753551, 127.3150216995866373 ) ) ;
#6172 = CARTESIAN_POINT ( 'NONE',  ( 1391.700095656398616, 805.6802052122088753, -10.39638520160794499 ) ) ;
#6173 = CARTESIAN_POINT ( 'NONE',  ( 954.0466864631379167, 163.5779872512259487, -19.09139527643822376 ) ) ;
#6174 = CARTESIAN_POINT ( 'NONE',  ( 1193.473858762107284, 565.9742779218307760, 134.8492240369496926 ) ) ;
#6175 = CARTESIAN_POINT ( 'NONE',  ( 1471.056535085618634, 864.9603060202980487, -102.7481113372173098 ) ) ;
#6176 = CARTESIAN_POINT ( 'NONE',  ( 1328.448741601324855, 678.6831714001546061, -8.252214714519613636 ) ) ;
#6177 = CARTESIAN_POINT ( 'NONE',  ( 1342.369700643804435, 512.3301119096850016, -143.3800036011807606 ) ) ;
#6178 = CARTESIAN_POINT ( 'NONE',  ( 994.6522947727596602, 255.4668507840335963, 53.57439155782434881 ) ) ;
#6179 = CARTESIAN_POINT ( 'NONE',  ( 1385.873608321184292, 1027.681841262838361, 82.85714105844645871 ) ) ;
#6180 = CARTESIAN_POINT ( 'NONE',  ( 788.4728953532778633, 88.01381634904338114, 36.97514638692032207 ) ) ;
#6181 = CARTESIAN_POINT ( 'NONE',  ( 1467.815458836196512, 869.8836474259828719, -99.08158363156306336 ) ) ;
#6182 = CARTESIAN_POINT ( 'NONE',  ( 1442.831435569333507, 836.3212725558352076, -71.67166021756928274 ) ) ;
#6183 = ORIENTED_EDGE ( 'NONE', *, *, #1275, .T. ) ;
#6184 = CARTESIAN_POINT ( 'NONE',  ( 579.3606514380926455, 12.59266395429527208, 5.960026034646625170 ) ) ;
#6185 = CARTESIAN_POINT ( 'NONE',  ( 1163.255770977878456, 487.5356736206448431, 100.5854773056054796 ) ) ;
#6186 = CARTESIAN_POINT ( 'NONE',  ( 1354.411686189811007, 486.2305004365045988, -170.6967300419340177 ) ) ;
#6187 = CARTESIAN_POINT ( 'NONE',  ( 1287.437921251241733, 486.6688960347145212, -95.07709017651964700 ) ) ;
#6188 = CARTESIAN_POINT ( 'NONE',  ( 559.9999999999995453, -10.32211805689287765, -30.93182874195739274 ) ) ;
#6189 = CARTESIAN_POINT ( 'NONE',  ( 675.3700411440582911, 48.30888787394637518, 56.23190457540064102 ) ) ;
#6190 = CARTESIAN_POINT ( 'NONE',  ( 618.7296557234200236, -2.375165018954080942, -49.29275994251533177 ) ) ;
#6191 = CARTESIAN_POINT ( 'NONE',  ( 849.5231696569942414, 67.98961232099779295, -82.95521595592624919 ) ) ;
#6192 = CARTESIAN_POINT ( 'NONE',  ( 618.7562412762380291, -3.809586161593409681, -48.34660791577455541 ) ) ;
#6193 = CARTESIAN_POINT ( 'NONE',  ( 1209.350370321637229, 355.4623785406153047, -114.4077844231794217 ) ) ;
#6194 = CARTESIAN_POINT ( 'NONE',  ( 1469.054870150228453, 868.0008625367687500, -100.9828772443276392 ) ) ;
#6195 = CARTESIAN_POINT ( 'NONE',  ( 1431.727804661462869, 737.3474495153627686, -105.2665013926721826 ) ) ;
#6196 = CARTESIAN_POINT ( 'NONE',  ( 1298.155922557290978, 739.1572724208601812, 102.8637561838518195 ) ) ;
#6197 = CARTESIAN_POINT ( 'NONE',  ( 1343.915953628303214, 991.8506340691416199, 139.2220373339019659 ) ) ;
#6198 = CARTESIAN_POINT ( 'NONE',  ( 1343.705570186269597, 887.6161138017384928, 105.1934793880451906 ) ) ;
#6199 = CARTESIAN_POINT ( 'NONE',  ( 618.6720139269987158, 0.8996995142173235260, -44.84044740245545313 ) ) ;
#6200 = CARTESIAN_POINT ( 'NONE',  ( 1065.699254506765556, 207.2319751072384122, -110.3056860137289021 ) ) ;
#6201 = CARTESIAN_POINT ( 'NONE',  ( 1443.553716754936431, 835.1795212373278900, -85.63125624605261521 ) ) ;
#6202 = CARTESIAN_POINT ( 'NONE',  ( 676.2382739077847873, 27.67889708934668391, 4.529156718268924742 ) ) ;
#6203 = CARTESIAN_POINT ( 'NONE',  ( 1037.532790598299698, 321.4500507698734850, 99.72230163390213420 ) ) ;
#6204 = CC_DESIGN_APPROVAL ( #3596, ( #517 ) ) ;
#6205 = CARTESIAN_POINT ( 'NONE',  ( 676.2382739077847873, 27.67889708934668391, 4.529156718268924742 ) ) ;
#6206 = CARTESIAN_POINT ( 'NONE',  ( 560.0000000000009095, 7.778110276618265040, 30.40262923287834340 ) ) ;
#6207 = CARTESIAN_POINT ( 'NONE',  ( 1308.120165377787544, 586.6124260684559886, -21.83293636434246920 ) ) ;
#6208 = CARTESIAN_POINT ( 'NONE',  ( 618.7209759799271751, -1.561861875536835420, -35.31591883144293575 ) ) ;
#6209 = CARTESIAN_POINT ( 'NONE',  ( 955.2303763552268947, 157.1064785767041485, -32.42731827864432148 ) ) ;
#6210 = CARTESIAN_POINT ( 'NONE',  ( 1225.233553996408546, 633.9074054712352790, 140.1628431404995752 ) ) ;
#6211 = CARTESIAN_POINT ( 'NONE',  ( 961.3166159707493534, 123.8035341647713921, -104.9021429231600848 ) ) ;
#6212 = CARTESIAN_POINT ( 'NONE',  ( 788.5179234679974343, 87.35571040419021926, 1.149926193018425025 ) ) ;
#6213 = CARTESIAN_POINT ( 'NONE',  ( 958.2192695201874812, 140.6958442085041270, -85.72624517130688560 ) ) ;
#6214 = CARTESIAN_POINT ( 'NONE',  ( 618.2420159748188553, 25.84992056612639288, 23.12516859414438386 ) ) ;
#6215 = CARTESIAN_POINT ( 'NONE',  ( 731.6436353839818594, 75.10603568126454377, 66.13060182203865622 ) ) ;
#6216 = CARTESIAN_POINT ( 'NONE',  ( 1174.546749741095482, 455.2156742070127393, 65.79282670732141014 ) ) ;
#6217 = CARTESIAN_POINT ( 'NONE',  ( 1452.239455723563651, 929.6728033368389106, -50.12164950624146798 ) ) ;
#6218 = ORIENTED_EDGE ( 'NONE', *, *, #1275, .F. ) ;
#6219 = CARTESIAN_POINT ( 'NONE',  ( 893.5703877055111661, 174.6111596392063063, 60.26200815604592265 ) ) ;
#6220 = CARTESIAN_POINT ( 'NONE',  ( 1475.783016626773133, 784.5115168872696358, -142.8139921126459058 ) ) ;
#6221 = CARTESIAN_POINT ( 'NONE',  ( 579.5107525083283235, -8.317242910028443958, -35.74535584489400009 ) ) ;
#6222 = CARTESIAN_POINT ( 'NONE',  ( 579.3404894686375428, 15.24743131254106387, 39.19684591106109650 ) ) ;
#6223 = CARTESIAN_POINT ( 'NONE',  ( 1475.089758539515969, 785.6008651006311538, -142.3418749031959862 ) ) ;
#6224 = CARTESIAN_POINT ( 'NONE',  ( 1220.500134696430678, 323.5392223368332338, -149.7561518240884482 ) ) ;
#6225 = CARTESIAN_POINT ( 'NONE',  ( 792.5263740240347943, 45.07204760052592718, -71.91958109325206294 ) ) ;
#6226 = CARTESIAN_POINT ( 'NONE',  ( 791.2821573273837430, 58.14215661371538602, -59.65902364264039903 ) ) ;
#6227 = CARTESIAN_POINT ( 'NONE',  ( 1469.433944636970637, 794.4914632286479446, -133.5800847453663778 ) ) ;
#6228 = CARTESIAN_POINT ( 'NONE',  ( 1453.263598052627231, 819.9187338526834310, -93.89007162242857873 ) ) ;
#6229 = CARTESIAN_POINT ( 'NONE',  ( 618.3568412796342955, 19.73972916738907557, 31.81125530087483710 ) ) ;
#6230 = CARTESIAN_POINT ( 'NONE',  ( 1321.809378454293892, 924.9949799810588047, 152.8631647153066808 ) ) ;
#6231 = CARTESIAN_POINT ( 'NONE',  ( 1128.825389191490785, 413.1437824671399426, 90.85804227409629164 ) ) ;
#6232 = CARTESIAN_POINT ( 'NONE',  ( 1214.792658435367684, 510.6062753296980645, 32.85554692246937236 ) ) ;
#6233 = B_SPLINE_CURVE_WITH_KNOTS ( 'NONE', 3,
 ( #2467, #1520, #5359, #609, #2529, #1737, #6042, #2179, #1707, #3190, #1257, #2617, #3159, #5096, #670, #5571, #5034, #5954, #255, #1676, #3064, #1136, #2588 ),
 .UNSPECIFIED., .F., .F.,
 ( 4, 1, 1, 1, 1, 1, 1, 1, 1, 1, 1, 1, 1, 1, 1, 1, 1, 1, 1, 1, 4 ),
 ( 0.000000000000000000, 0.04333852684012776818, 0.08717308317991924460, 0.1315563818174493305, 0.1765291643852368308, 0.2221267757322754888, 0.2683850631449340995, 0.3153386076795121618, 0.3630191516787464878, 0.4114550007090829742, 0.4606753753612851110, 0.5107069724963625434, 0.5615736378710077803, 0.6132980006039104870, 0.6658995490811303597, 0.7193921803170038043, 0.7737873112060515979, 0.8290862207547907703, 0.8852772768625633004, 0.9423105660483590551, 1.000000000000000000 ),
 .UNSPECIFIED. ) ;
#6234 = CARTESIAN_POINT ( 'NONE',  ( 560.0000000000006821, -0.2396069954464340179, -19.48616359986704083 ) ) ;
#6235 = CARTESIAN_POINT ( 'NONE',  ( 1263.740577439659091, 542.7864659383077424, 10.27866199187034013 ) ) ;
#6236 = CARTESIAN_POINT ( 'NONE',  ( 943.4389270197674477, 221.4991087934878351, 80.58757883947066603 ) ) ;
#6237 = CARTESIAN_POINT ( 'NONE',  ( 789.8265691807438316, 73.69347717656127372, 2.603083919320474227 ) ) ;
ENDSEC;
END-ISO-10303-21;
