ISO-10303-21;
HEADER;
FILE_DESCRIPTION (( 'STEP AP203' ),
    '1' );
FILE_NAME ('openfan_blade_v04_CFD_CAMBERFIX_SINGLELOFT.step',
    '2026-09-16T04:09:00',
    ( '' ),
    ( '' ),
    'SwSTEP 2.0',
    'SolidWorks 2026',
    '' );
FILE_SCHEMA (( 'CONFIG_CONTROL_DESIGN' ));
ENDSEC;

DATA;
#1 = CARTESIAN_POINT ( 'NONE',  ( 1422.103882924546042, 753.7108435791960801, -84.56336586638060737 ) ) ;
#2 = CARTESIAN_POINT ( 'NONE',  ( 1388.847917883084619, 989.8143260360737941, 65.24411005760062210 ) ) ;
#3 = CARTESIAN_POINT ( 'NONE',  ( 1424.310743562146854, 970.9179062957298356, -4.209417779612904198 ) ) ;
#4 = CARTESIAN_POINT ( 'NONE',  ( 950.3194775395315901, 183.9378415586545827, 17.06114277719224503 ) ) ;
#5 = CARTESIAN_POINT ( 'NONE',  ( 1360.506257595452780, 614.6822464421896939, -93.25383915968741633 ) ) ;
#6 = CARTESIAN_POINT ( 'NONE',  ( 1261.658200368094867, 547.6865857730289235, 11.24466232242658847 ) ) ;
#7 = CARTESIAN_POINT ( 'NONE',  ( 1364.290877862282741, 735.4796769762862141, -29.18722271518680955 ) ) ;
#8 = CARTESIAN_POINT ( 'NONE',  ( 1437.821140562874689, 844.0263982317312639, -64.19020102723013110 ) ) ;
#9 = CARTESIAN_POINT ( 'NONE',  ( 1087.332832243200301, 354.0995689781710212, 72.46085498783433820 ) ) ;
#10 = CARTESIAN_POINT ( 'NONE',  ( 1407.595593335066496, 778.4773147920768679, -53.96580486068162941 ) ) ;
#11 = CARTESIAN_POINT ( 'NONE',  ( 1214.376355461558433, 511.7035136573585419, 57.58219423453920172 ) ) ;
#12 = CARTESIAN_POINT ( 'NONE',  ( 1211.061265903976164, 520.2877695617335121, 56.65170685771727932 ) ) ;
#13 = CARTESIAN_POINT ( 'NONE',  ( 1329.830486347951819, 539.4925284185832197, -101.9217010045861969 ) ) ;
#14 = CARTESIAN_POINT ( 'NONE',  ( 1365.416476379683672, 850.4919299192889639, 50.52472394271253364 ) ) ;
#15 = CARTESIAN_POINT ( 'NONE',  ( 1349.999218204731733, 635.6437751842856869, -69.98578568236254682 ) ) ;
#16 = CARTESIAN_POINT ( 'NONE',  ( 1197.359563770206478, 389.8336984405105454, -47.66068891746995462 ) ) ;
#17 = CARTESIAN_POINT ( 'NONE',  ( 1089.500755556862714, 346.3350460946853104, 50.43200582749102523 ) ) ;
#18 = CARTESIAN_POINT ( 'NONE',  ( 1378.734678827624521, 936.9438060652004197, 67.96765068627040307 ) ) ;
#19 = CARTESIAN_POINT ( 'NONE',  ( 579.3624356287791670, 12.15162817930410810, 24.55433809707788839 ) ) ;
#20 = CARTESIAN_POINT ( 'NONE',  ( 842.9511868816744027, 121.4672136338581936, 40.92258784263821525 ) ) ;
#21 = CARTESIAN_POINT ( 'NONE',  ( 1245.759358898929122, 430.1957196357617477, -86.79536776701931444 ) ) ;
#22 = CARTESIAN_POINT ( 'NONE',  ( 999.1785116519146186, 234.3371337394052603, 8.089056376626952982 ) ) ;
#23 = CARTESIAN_POINT ( 'NONE',  ( 579.4835392710745055, -4.629235391781446829, -24.59930911239978713 ) ) ;
#24 = CARTESIAN_POINT ( 'NONE',  ( 1094.211626268614282, 329.4758908354343134, 9.840145039627842038 ) ) ;
#25 = CARTESIAN_POINT ( 'NONE',  ( 1428.019499404685348, 743.6118767343809850, -97.01969975616751185 ) ) ;
#26 = CARTESIAN_POINT ( 'NONE',  ( 1153.257873028957874, 335.2421584306226237, -66.97416122353725143 ) ) ;
#27 = CARTESIAN_POINT ( 'NONE',  ( 1148.849697585539388, 349.3333609762755714, -24.73033615172487387 ) ) ;
#28 = CARTESIAN_POINT ( 'NONE',  ( 946.3072489096482514, 205.8345884067378506, 53.09473225083397807 ) ) ;
#29 = CARTESIAN_POINT ( 'NONE',  ( 996.4787101177216755, 247.0006051885350473, 63.85840654386436199 ) ) ;
#30 = CARTESIAN_POINT ( 'NONE',  ( 579.4689517549412585, -2.586388067417474179, -26.36096378616933578 ) ) ;
#31 = CARTESIAN_POINT ( 'NONE',  ( 1430.972898653569473, 961.0792402390089819, -17.95270522250984513 ) ) ;
#32 = CARTESIAN_POINT ( 'NONE',  ( 1009.785177786541226, 184.9350991117133276, -57.92560558924908776 ) ) ;
#33 = CARTESIAN_POINT ( 'NONE',  ( 1187.385121039882961, 418.4100505706085187, -1.825345309577312669 ) ) ;
#34 = CARTESIAN_POINT ( 'NONE',  ( 618.6707517746995109, 1.112636789872172072, -26.92030842972455673 ) ) ;
#35 = CARTESIAN_POINT ( 'NONE',  ( 732.2028178704107404, 66.78423984190214924, 40.90420227026395850 ) ) ;
#36 = CARTESIAN_POINT ( 'NONE',  ( 559.9999999999998863, 1.046783653067772324, -17.91020263296110571 ) ) ;
#37 = CARTESIAN_POINT ( 'NONE',  ( 1255.549376470133666, 562.1455686249225892, 35.37434758089347753 ) ) ;
#38 = CARTESIAN_POINT ( 'NONE',  ( 846.2319018895992713, 94.69653609772892366, -46.16187491789949604 ) ) ;
#39 = CARTESIAN_POINT ( 'NONE',  ( 676.1178501337915350, 30.50160847267641273, 7.640867510492052261 ) ) ;
#40 = CARTESIAN_POINT ( 'NONE',  ( 1421.726487933065073, 939.8708272650898152, -13.66109180476291840 ) ) ;
#41 = CARTESIAN_POINT ( 'NONE',  ( 1286.735143818533743, 488.3380280406664156, -76.54895302883456054 ) ) ;
#42 = ADVANCED_FACE ( 'NONE', ( #949 ), #3726, .F. ) ;
#43 = CARTESIAN_POINT ( 'NONE',  ( 946.1794735003762753, 206.5375674460851769, 56.42430630606841646 ) ) ;
#44 = CARTESIAN_POINT ( 'NONE',  ( 1430.990553877822094, 854.7663809213987633, -50.97086821096867482 ) ) ;
#45 = CARTESIAN_POINT ( 'NONE',  ( 1213.667825386453160, 513.5431311388800850, 60.95214306687784500 ) ) ;
#46 = CARTESIAN_POINT ( 'NONE',  ( 1335.113839839741786, 789.2031197385720134, 56.53684501818660380 ) ) ;
#47 = CARTESIAN_POINT ( 'NONE',  ( 1159.357912863986712, 315.8290837396377242, -87.44373178194852869 ) ) ;
#48 = CARTESIAN_POINT ( 'NONE',  ( 1386.665449947863863, 924.4705285755760542, 48.21489606839440256 ) ) ;
#49 = CARTESIAN_POINT ( 'NONE',  ( 1055.320736421676884, 249.2749554304012065, -49.58041631863802934 ) ) ;
#50 = CARTESIAN_POINT ( 'NONE',  ( 733.9117498047555728, 41.43358212982275290, -18.50516620583536564 ) ) ;
#51 = CARTESIAN_POINT ( 'NONE',  ( 946.9564950461583521, 202.2672319054300942, 39.10627463064002995 ) ) ;
#52 = CARTESIAN_POINT ( 'NONE',  ( 842.0584401430132857, 128.7093612252122625, 54.94689614047534576 ) ) ;
#53 = CARTESIAN_POINT ( 'NONE',  ( 1276.269705620914465, 655.6513365901442967, 83.10130034602538274 ) ) ;
#54 = CARTESIAN_POINT ( 'NONE',  ( 559.9999999999994316, 7.162369752764462305, 21.16864935341381226 ) ) ;
#55 = CARTESIAN_POINT ( 'NONE',  ( 579.3853418038664813, 8.954282106610689240, 20.00580450124861187 ) ) ;
#56 = CARTESIAN_POINT ( 'NONE',  ( 787.7200545976936610, 95.94408568857564035, 48.61470929329806978 ) ) ;
#57 = CARTESIAN_POINT ( 'NONE',  ( 1440.633623788316072, 839.5982300242376368, -77.14648921088877387 ) ) ;
#58 = CARTESIAN_POINT ( 'NONE',  ( 734.3975418048305528, 34.13853616869539565, -41.81597317503462108 ) ) ;
#59 = CARTESIAN_POINT ( 'NONE',  ( 1417.863029032298982, 980.4398866786159488, 9.855307160283050649 ) ) ;
#60 = CARTESIAN_POINT ( 'NONE',  ( 957.8061180503798369, 143.0045829970835598, -66.11276435248248617 ) ) ;
#61 = CARTESIAN_POINT ( 'NONE',  ( 1438.535933862307502, 914.3362412037333797, -45.96450134970535828 ) ) ;
#62 = CARTESIAN_POINT ( 'NONE',  ( 845.6144950091501187, 99.83022166935361952, -10.24354861166627195 ) ) ;
#63 = CARTESIAN_POINT ( 'NONE',  ( 579.3613589326992042, 12.32531015223891657, 20.63599689106711210 ) ) ;
#64 = CARTESIAN_POINT ( 'NONE',  ( 847.6269795981659172, 83.41116924761666951, -55.40716255768377607 ) ) ;
#65 = CARTESIAN_POINT ( 'NONE',  ( 1374.150761108740880, 944.1536114331419185, 80.20827469884009986 ) ) ;
#66 = CARTESIAN_POINT ( 'NONE',  ( 847.2614505550443482, 86.36302378152376491, -54.37001976672093662 ) ) ;
#67 = CARTESIAN_POINT ( 'NONE',  ( 618.3652039294087217, 18.22497459564399946, -10.18581382828795867 ) ) ;
#68 = CARTESIAN_POINT ( 'NONE',  ( 559.9999999999998863, -7.372111264538181885, -18.81643475493046935 ) ) ;
#69 = CARTESIAN_POINT ( 'NONE',  ( 1099.478018745494410, 310.7106613284822174, -1.095952521847031180 ) ) ;
#70 = CARTESIAN_POINT ( 'NONE',  ( 1329.403154563125327, 540.4355462015956846, -91.86603600486880339 ) ) ;
#71 = CARTESIAN_POINT ( 'NONE',  ( 1320.255382685562381, 816.5675246298449110, 106.0767652046710197 ) ) ;
#72 = CARTESIAN_POINT ( 'NONE',  ( 560.0000000000000000, -3.082614859428735699, -22.68718118550437879 ) ) ;
#73 = CARTESIAN_POINT ( 'NONE',  ( 560.0000000000001137, -0.8688974429916778153, 2.079372608244398624 ) ) ;
#74 = CARTESIAN_POINT ( 'NONE',  ( 1418.673296785509820, 759.5582428207713974, -86.31316488577324719 ) ) ;
#75 = CARTESIAN_POINT ( 'NONE',  ( 1001.891529321731014, 221.7536446621618325, 8.930699454552240013 ) ) ;
#76 = CARTESIAN_POINT ( 'NONE',  ( 1404.839832481831309, 965.5226711378013533, 24.70655500861061782 ) ) ;
#77 = CARTESIAN_POINT ( 'NONE',  ( 1387.490155328504898, 812.7901723572255150, -20.91081067066852484 ) ) ;
#78 = CARTESIAN_POINT ( 'NONE',  ( 1445.118520508551455, 940.1889956130493147, -37.80960830044556786 ) ) ;
#79 = CARTESIAN_POINT ( 'NONE',  ( 1348.976606917371555, 878.5596335941119150, 85.99675750269334173 ) ) ;
#80 = CARTESIAN_POINT ( 'NONE',  ( 1241.245458409731100, 441.9487441768843610, -56.49370682055467796 ) ) ;
#81 = CARTESIAN_POINT ( 'NONE',  ( 999.1914118482636695, 234.3464796574827460, 35.04043607343759703 ) ) ;
#82 = CARTESIAN_POINT ( 'NONE',  ( 895.5058599259672292, 161.9356483418529535, 35.26890635238545002 ) ) ;
#83 = CARTESIAN_POINT ( 'NONE',  ( 1009.536517244585184, 186.0440081724417496, -70.84713964972551992 ) ) ;
#84 = CARTESIAN_POINT ( 'NONE',  ( 1281.992196535345329, 643.2408256031282008, 61.32102060198389637 ) ) ;
#85 = CARTESIAN_POINT ( 'NONE',  ( 560.0000000000001137, 2.189057490946495488, -15.86350295843719138 ) ) ;
#86 = CARTESIAN_POINT ( 'NONE',  ( 846.4215537967686487, 93.27148541905292234, -24.09274142846310696 ) ) ;
#87 = CARTESIAN_POINT ( 'NONE',  ( 1398.204809722599521, 975.6011831956284368, 41.13621011970039376 ) ) ;
#88 = CARTESIAN_POINT ( 'NONE',  ( 995.2386054851372137, 252.7758975959423253, 72.73100348322356012 ) ) ;
#89 = CARTESIAN_POINT ( 'NONE',  ( 1305.606666059847839, 724.2583407773497584, 82.00314981137545089 ) ) ;
#90 = CARTESIAN_POINT ( 'NONE',  ( 1086.502176455847803, 357.0758581827634544, 80.64335652126762000 ) ) ;
#91 = CARTESIAN_POINT ( 'NONE',  ( 1332.968760520673641, 793.1642632864560483, 77.26009281093845971 ) ) ;
#92 = CARTESIAN_POINT ( 'NONE',  ( 579.4381074342242073, 1.738856396981525165, -23.80243360709808442 ) ) ;
#93 = CARTESIAN_POINT ( 'NONE',  ( 1451.051077999471318, 823.2240855837450226, -90.19948917519025144 ) ) ;
#94 = CARTESIAN_POINT ( 'NONE',  ( 559.9999999999996589, 7.236586402912705829, 4.892761546343500356 ) ) ;
#95 = CARTESIAN_POINT ( 'NONE',  ( 1451.363475149336182, 822.7324277531749885, -91.15535497394483855 ) ) ;
#96 = CARTESIAN_POINT ( 'NONE',  ( 1056.569323563379839, 244.2166773505232982, -56.53914901752989408 ) ) ;
#97 = CARTESIAN_POINT ( 'NONE',  ( 733.6055022817266718, 45.98199336378107915, -7.684397388804105944 ) ) ;
#98 = CARTESIAN_POINT ( 'NONE',  ( 1042.630511013276418, 300.7802261051942878, 65.96365084124005307 ) ) ;
#99 = CARTESIAN_POINT ( 'NONE',  ( 1370.253375024564320, 595.2401740942046899, -111.0811548263505415 ) ) ;
#100 = CARTESIAN_POINT ( 'NONE',  ( 1207.974960237530240, 528.3250932010996621, 89.69774317897284277 ) ) ;
#101 = CARTESIAN_POINT ( 'NONE',  ( 1368.478439673897356, 598.7797060421755759, -108.2879426870192106 ) ) ;
#102 = CARTESIAN_POINT ( 'NONE',  ( 618.3558889016765079, 18.77347072272403850, -8.101893082726663309 ) ) ;
#103 = CARTESIAN_POINT ( 'NONE',  ( 1159.586716629472903, 315.1319177565698624, -76.77217045193809497 ) ) ;
#104 = CARTESIAN_POINT ( 'NONE',  ( 560.0000000000005684, -3.397650352190892509, -5.475437331034951782 ) ) ;
#105 = CARTESIAN_POINT ( 'NONE',  ( 1062.479686041522882, 220.3248451250518940, -71.25630800785725683 ) ) ;
#106 = CARTESIAN_POINT ( 'NONE',  ( 787.7227456764899216, 95.91663316063687716, 47.12906878786351683 ) ) ;
#107 = CARTESIAN_POINT ( 'NONE',  ( 560.0000000000000000, -7.599366800381115894, -20.97668588494424569 ) ) ;
#108 = CARTESIAN_POINT ( 'NONE',  ( 1001.389116849609877, 224.0967470793211191, 13.65114555647221373 ) ) ;
#109 = CARTESIAN_POINT ( 'NONE',  ( 1153.929261545129975, 333.1054825914719117, -69.54647889845531950 ) ) ;
#110 = CARTESIAN_POINT ( 'NONE',  ( 676.2174632199977395, 28.13698994700039080, 1.345358934953198693 ) ) ;
#111 = CARTESIAN_POINT ( 'NONE',  ( 675.8772616782957812, 35.89356166536585846, -11.66424740095456514 ) ) ;
#112 = CARTESIAN_POINT ( 'NONE',  ( 1109.892233009559959, 273.4964310188074137, -62.53520825927451199 ) ) ;
#113 = CARTESIAN_POINT ( 'NONE',  ( 895.0596739582962300, 164.8855090605702287, 49.00241899588595373 ) ) ;
#114 = CARTESIAN_POINT ( 'NONE',  ( 676.5951000107273785, 19.13941544678395346, -21.76632168933756617 ) ) ;
#115 = CARTESIAN_POINT ( 'NONE',  ( 559.9999999999992042, 2.638972815790971982, 12.65458709008569471 ) ) ;
#116 = CARTESIAN_POINT ( 'NONE',  ( 1397.324051526247786, 976.9390572721150647, 43.38866835026025370 ) ) ;
#117 = CARTESIAN_POINT ( 'NONE',  ( 1203.505974938705776, 539.9237377142318337, 102.3478765288547834 ) ) ;
#118 = CARTESIAN_POINT ( 'NONE',  ( 1087.293428656892502, 354.2506611313178837, 83.19742550153250704 ) ) ;
#119 = CARTESIAN_POINT ( 'NONE',  ( 676.5095313825222547, 20.96420666156554091, -36.07889829806021709 ) ) ;
#120 = CARTESIAN_POINT ( 'NONE',  ( 787.8076850808292875, 95.01132679392209468, 48.55402584232682273 ) ) ;
#121 = CARTESIAN_POINT ( 'NONE',  ( 788.9262228259398171, 83.20830505303437974, 20.71293894683671866 ) ) ;
#122 = CARTESIAN_POINT ( 'NONE',  ( 1196.831941447788040, 391.2986600236378081, -65.09690655907698442 ) ) ;
#123 = CARTESIAN_POINT ( 'NONE',  ( 1380.171166976046152, 706.2627256480916458, -54.14556423554535769 ) ) ;
#124 = CARTESIAN_POINT ( 'NONE',  ( 1407.836688580571263, 995.2467793615247729, 33.34933618678384448 ) ) ;
#125 = CARTESIAN_POINT ( 'NONE',  ( 559.9999999999995453, 6.667058533260783015, 23.34512002439896250 ) ) ;
#126 = CARTESIAN_POINT ( 'NONE',  ( 1440.770065133159505, 946.6107915205218433, -35.79638158171563589 ) ) ;
#127 = CARTESIAN_POINT ( 'NONE',  ( 1211.583567411724289, 518.9548334764684796, 71.08336367265907541 ) ) ;
#128 = CARTESIAN_POINT ( 'NONE',  ( 1320.747249962317483, 815.6614867481415558, 104.4020112448090174 ) ) ;
#129 = CARTESIAN_POINT ( 'NONE',  ( 788.3583298232506422, 89.20717809035298274, 36.50460751282047056 ) ) ;
#130 = CARTESIAN_POINT ( 'NONE',  ( 790.4419878658804919, 67.04996652706425664, -42.39571459198298697 ) ) ;
#131 = CARTESIAN_POINT ( 'NONE',  ( 903.3018786567145071, 110.8478427747438246, -60.59678828728786470 ) ) ;
#132 = CARTESIAN_POINT ( 'NONE',  ( 618.3128811584844016, 21.40497094750349660, 6.739315188585826455 ) ) ;
#133 = CARTESIAN_POINT ( 'NONE',  ( 1062.688178266142131, 219.4446279296762441, -80.62209558410444288 ) ) ;
#134 = CARTESIAN_POINT ( 'NONE',  ( 676.4515913200094701, 22.56759193230609384, -13.17580000868507106 ) ) ;
#135 = CARTESIAN_POINT ( 'NONE',  ( 1169.382001486362469, 469.9819476792837349, 80.59131298933732523 ) ) ;
#136 = CARTESIAN_POINT ( 'NONE',  ( 618.6371710705330997, 2.860560760409002423, -31.77702561047576779 ) ) ;
#137 = CARTESIAN_POINT ( 'NONE',  ( 675.7572588671664562, 39.05124504172482602, 32.56267997607234577 ) ) ;
#138 = CARTESIAN_POINT ( 'NONE',  ( 1111.910557662464953, 266.2420239814345564, -84.93301343243723522 ) ) ;
#139 = CARTESIAN_POINT ( 'NONE',  ( 1097.257498869758138, 318.5823534724905812, -12.74562239738486014 ) ) ;
#140 = CARTESIAN_POINT ( 'NONE',  ( 1061.491909371519341, 224.3285136479403548, -65.40973610375645819 ) ) ;
#141 = CARTESIAN_POINT ( 'NONE',  ( 1426.213871888149697, 933.0531471905321723, -14.35714121785991892 ) ) ;
#142 = CARTESIAN_POINT ( 'NONE',  ( 903.3415277970148054, 110.6115003012702971, -54.77628478277641477 ) ) ;
#143 = CARTESIAN_POINT ( 'NONE',  ( 894.7111171394730036, 167.1916428855070933, 60.72676852404286763 ) ) ;
#144 = CARTESIAN_POINT ( 'NONE',  ( 560.0000000000000000, 7.079539145073936446, 21.03221227910238866 ) ) ;
#145 = CARTESIAN_POINT ( 'NONE',  ( 676.1178501337915350, 30.50160847267641273, 7.640867510492052261 ) ) ;
#146 = CARTESIAN_POINT ( 'NONE',  ( 1435.218591454817442, 919.3755063629170081, -40.20067772039863030 ) ) ;
#147 = CARTESIAN_POINT ( 'NONE',  ( 733.5440439529401147, 46.69961025069078886, -34.09664401542065804 ) ) ;
#148 = CARTESIAN_POINT ( 'NONE',  ( 951.8304066509807626, 175.6837823948130222, -0.1812833446588243413 ) ) ;
#149 = CARTESIAN_POINT ( 'NONE',  ( 560.0000000000000000, 7.468396644457793165, 8.867306476535512516 ) ) ;
#150 = CARTESIAN_POINT ( 'NONE',  ( 1392.790756341633596, 683.0332153696242585, -83.46282370616302160 ) ) ;
#151 = CARTESIAN_POINT ( 'NONE',  ( 842.1554157973514521, 127.9053752450306263, 44.66731404820146878 ) ) ;
#152 = CARTESIAN_POINT ( 'NONE',  ( 790.8138700586665664, 63.25982390029457036, -25.86582536775956953 ) ) ;
#153 = CARTESIAN_POINT ( 'NONE',  ( 1251.293970411347118, 572.2180959725411640, 52.78800631640960717 ) ) ;
#154 = CARTESIAN_POINT ( 'NONE',  ( 787.8857023710025942, 94.14139597001911852, 32.68630949760575533 ) ) ;
#155 = CARTESIAN_POINT ( 'NONE',  ( 1323.441903110699741, 810.7052918034863751, 104.8138654718466682 ) ) ;
#156 = CARTESIAN_POINT ( 'NONE',  ( 560.0000000000001137, -3.174633288130038089, -22.70549810423196391 ) ) ;
#157 = CARTESIAN_POINT ( 'NONE',  ( 675.9726733137987367, 33.94544818943129627, 17.12349217981372718 ) ) ;
#158 = CARTESIAN_POINT ( 'NONE',  ( 1402.253898844430068, 899.9471451621097913, -1.087741403371375259 ) ) ;
#159 = CARTESIAN_POINT ( 'NONE',  ( 900.1391374414752136, 131.5080821305453469, -42.45676379162879499 ) ) ;
#160 = CARTESIAN_POINT ( 'NONE',  ( 618.6285648097125431, 3.684067442345504428, -17.61259419476866483 ) ) ;
#161 = CARTESIAN_POINT ( 'NONE',  ( 996.5690569578823670, 246.5395832267727769, 42.98059117962323228 ) ) ;
#162 = CARTESIAN_POINT ( 'NONE',  ( 1321.438310947826949, 814.3929652613385315, 107.5798078183357802 ) ) ;
#163 = CARTESIAN_POINT ( 'NONE',  ( 896.2512874032047421, 157.1014289939888329, 43.36040312209013337 ) ) ;
#164 = CARTESIAN_POINT ( 'NONE',  ( 559.9999999999998863, 7.166895450513635524, 22.18081987967582336 ) ) ;
#165 = CARTESIAN_POINT ( 'NONE',  ( 675.8345701026069037, 37.21906485273168386, 26.65559065122102922 ) ) ;
#166 = CARTESIAN_POINT ( 'NONE',  ( 676.3871022484805735, 23.83598291588294416, -33.56392143241929915 ) ) ;
#167 = CARTESIAN_POINT ( 'NONE',  ( 1161.812995590196351, 308.0254845662851153, -90.48674243144844809 ) ) ;
#168 = CARTESIAN_POINT ( 'NONE',  ( 732.4387078090302339, 63.14063762287347714, 9.472264210167155696 ) ) ;
#169 = CARTESIAN_POINT ( 'NONE',  ( 957.7309904726610057, 143.4088111586412708, -66.89335588511485753 ) ) ;
#170 = CARTESIAN_POINT ( 'NONE',  ( 733.8204798286551522, 42.78956396166201159, -15.36196563527987813 ) ) ;
#171 = CARTESIAN_POINT ( 'NONE',  ( 732.2314234157184956, 66.32912988036002844, 35.62294245799073877 ) ) ;
#172 = CARTESIAN_POINT ( 'NONE',  ( 847.5196780538854000, 84.27537890735239046, -55.46281750258086163 ) ) ;
#173 = CARTESIAN_POINT ( 'NONE',  ( 996.7456942232383881, 245.7539059725316406, 60.33946174079321167 ) ) ;
#174 = CARTESIAN_POINT ( 'NONE',  ( 618.5938954316604850, 5.273982361676203823, -31.41881249097252393 ) ) ;
#175 = CARTESIAN_POINT ( 'NONE',  ( 1449.362279935998231, 933.9218146094907524, -45.30611010275996620 ) ) ;
#176 = CARTESIAN_POINT ( 'NONE',  ( 1206.389277084535479, 363.9640752827157257, -84.22799095862129093 ) ) ;
#177 = CARTESIAN_POINT ( 'NONE',  ( 1041.610518117537140, 304.9272447656891245, 80.05173286001583222 ) ) ;
#178 = CARTESIAN_POINT ( 'NONE',  ( 560.0000000000000000, 4.116761661675556461, 17.38976182535274617 ) ) ;
#179 = CARTESIAN_POINT ( 'NONE',  ( 1400.476868039402916, 902.7495556093645064, 15.31228418289744653 ) ) ;
#180 = CARTESIAN_POINT ( 'NONE',  ( 952.6025876819079485, 171.3645273756064000, -38.43513123756376615 ) ) ;
#181 = CARTESIAN_POINT ( 'NONE',  ( 1154.598558486306501, 330.9739510968223613, -72.03495412706625700 ) ) ;
#182 = CARTESIAN_POINT ( 'NONE',  ( 951.7024199390938293, 176.3829733695050948, 1.249989286324139970 ) ) ;
#183 = CARTESIAN_POINT ( 'NONE',  ( 1311.494948936119499, 712.4905483976918958, 46.24062201668263583 ) ) ;
#184 = CARTESIAN_POINT ( 'NONE',  ( 1447.075247490577112, 937.2993025518475179, -41.26687812491055496 ) ) ;
#185 = CARTESIAN_POINT ( 'NONE',  ( 1324.212847157148190, 809.2792899986682187, 93.44013064236354182 ) ) ;
#186 = CARTESIAN_POINT ( 'NONE',  ( 1439.642271941987019, 912.6544765438986815, -41.01036522257138017 ) ) ;
#187 = CARTESIAN_POINT ( 'NONE',  ( 1339.477323753842938, 781.1805276470960280, 57.37882560690234612 ) ) ;
#188 = CARTESIAN_POINT ( 'NONE',  ( 1244.486081029108163, 588.3164614606956775, 66.21563225786354678 ) ) ;
#189 = CARTESIAN_POINT ( 'NONE',  ( 1240.037410078320136, 598.8627107406232426, 100.6525022522608026 ) ) ;
#190 = CARTESIAN_POINT ( 'NONE',  ( 1110.095579339086044, 272.7223534922967474, -78.76331688077057436 ) ) ;
#191 = CARTESIAN_POINT ( 'NONE',  ( 1136.977727744581443, 387.1500039487233948, 43.00779301833397028 ) ) ;
#192 = CARTESIAN_POINT ( 'NONE',  ( 1346.041210158400645, 643.5409470406100354, -60.23129642254801297 ) ) ;
#193 = CARTESIAN_POINT ( 'NONE',  ( 1107.493576544717598, 282.0681480349289814, -49.50694206531544239 ) ) ;
#194 = CARTESIAN_POINT ( 'NONE',  ( 946.5201088314483968, 204.6646942853486166, 48.35988505347159361 ) ) ;
#195 = CARTESIAN_POINT ( 'NONE',  ( 618.3130860766837031, 21.78227779421913013, 31.62153670423094454 ) ) ;
#196 = CARTESIAN_POINT ( 'NONE',  ( 1333.549724943291722, 792.0945366643252328, 75.44613309376666166 ) ) ;
#197 = CARTESIAN_POINT ( 'NONE',  ( 1399.744304886173268, 973.2614799521780924, 45.05860730477618148 ) ) ;
#198 = CARTESIAN_POINT ( 'NONE',  ( 954.6128238276995717, 160.3947928930838600, -53.99841435489087615 ) ) ;
#199 = CARTESIAN_POINT ( 'NONE',  ( 1453.124751603425466, 928.3653990388863804, -52.30558974906059433 ) ) ;
#200 = CARTESIAN_POINT ( 'NONE',  ( 1392.255972450968102, 915.6705604753910848, 22.81843121369816174 ) ) ;
#201 = CARTESIAN_POINT ( 'NONE',  ( 1370.877309808575546, 593.9973946645188789, -111.3207146808272938 ) ) ;
#202 = CARTESIAN_POINT ( 'NONE',  ( 1389.423368785267940, 988.9391951060747488, 65.97482499763040664 ) ) ;
#203 = CARTESIAN_POINT ( 'NONE',  ( 618.3034708233807351, 22.24944133504894239, 25.57604445753726097 ) ) ;
#204 = CARTESIAN_POINT ( 'NONE',  ( 1274.350432010779514, 659.8139587762898373, 90.42706514054256672 ) ) ;
#205 = CARTESIAN_POINT ( 'NONE',  ( 734.0657560573499723, 39.01179509321467975, -42.03602065376038155 ) ) ;
#206 = CARTESIAN_POINT ( 'NONE',  ( 1421.726487933065073, 939.8708272650898152, -13.66109180476291840 ) ) ;
#207 = CARTESIAN_POINT ( 'NONE',  ( 1061.864526044533704, 222.8167407932655237, -67.84819760708812453 ) ) ;
#208 = CARTESIAN_POINT ( 'NONE',  ( 559.9999999999994316, -7.526738489029066947, -20.78834827395656504 ) ) ;
#209 = CARTESIAN_POINT ( 'NONE',  ( 1167.052734952947503, 476.6641910257409336, 97.17049932748223284 ) ) ;
#210 = CARTESIAN_POINT ( 'NONE',  ( 676.2300009405821584, 27.83917622513110146, 0.5592027313833018987 ) ) ;
#211 = CARTESIAN_POINT ( 'NONE',  ( 1274.350432010779514, 659.8139587762898373, 90.42706514054256672 ) ) ;
#212 = CARTESIAN_POINT ( 'NONE',  ( 1421.412962812529031, 975.1973469136431731, 9.141447883932974250 ) ) ;
#213 = CARTESIAN_POINT ( 'NONE',  ( 1055.320736421676884, 249.2749554304012065, -49.58041631863802934 ) ) ;
#214 = CARTESIAN_POINT ( 'NONE',  ( 559.9999999999998863, 0.5682757349539105940, -18.60347034052523085 ) ) ;
#215 = CARTESIAN_POINT ( 'NONE',  ( 1380.685826486979522, 824.4198046832470936, 10.47453866138867795 ) ) ;
#216 = CARTESIAN_POINT ( 'NONE',  ( 1212.336738230535047, 516.9737736081965522, 49.70598233466566285 ) ) ;
#217 = CARTESIAN_POINT ( 'NONE',  ( 1392.074580294403177, 684.3515209322796409, -81.83944864384042717 ) ) ;
#218 = CARTESIAN_POINT ( 'NONE',  ( 732.2294555918711012, 66.36700849391247914, 36.99757224020832780 ) ) ;
#219 = CARTESIAN_POINT ( 'NONE',  ( 1321.786868945721153, 556.9492844685927366, -70.66150763025768811 ) ) ;
#220 = CARTESIAN_POINT ( 'NONE',  ( 579.4010303470928420, 6.771356578246720659, 13.22129260472532408 ) ) ;
#221 = CARTESIAN_POINT ( 'NONE',  ( 1356.323019162356331, 866.0121812237758832, 63.44273530643776127 ) ) ;
#222 = CARTESIAN_POINT ( 'NONE',  ( 1086.891830802093409, 355.6851329918642364, 84.57746837557910169 ) ) ;
#223 = CARTESIAN_POINT ( 'NONE',  ( 733.9092938654922591, 41.31604477547906384, -40.04076043608939273 ) ) ;
#224 = CARTESIAN_POINT ( 'NONE',  ( 1047.979390920147125, 279.1108924717230479, 32.61024908907035069 ) ) ;
#225 = CARTESIAN_POINT ( 'NONE',  ( 998.7701866560765893, 236.2452669480965994, 13.00992476887312677 ) ) ;
#226 = CARTESIAN_POINT ( 'NONE',  ( 1404.122221565281279, 784.3954572708054229, -58.75929587769337559 ) ) ;
#227 = CARTESIAN_POINT ( 'NONE',  ( 1282.186338259287595, 499.1027845270539842, -62.22101662781423670 ) ) ;
#228 = CARTESIAN_POINT ( 'NONE',  ( 787.8483781787770113, 94.54685242023421665, 35.77429376314609755 ) ) ;
#229 = CARTESIAN_POINT ( 'NONE',  ( 1206.244096441883357, 532.8179487324819092, 96.77488685652470224 ) ) ;
#230 = CARTESIAN_POINT ( 'NONE',  ( 1086.075322418460019, 358.6032245589244667, 86.13917537752573139 ) ) ;
#231 = CARTESIAN_POINT ( 'NONE',  ( 896.1271772625410676, 157.9144295367128734, 45.35695158625772194 ) ) ;
#232 = CARTESIAN_POINT ( 'NONE',  ( 579.3623887073497372, 12.15659751968777691, 24.83703374979821632 ) ) ;
#233 = CARTESIAN_POINT ( 'NONE',  ( 579.3896261910451813, 8.357466142281310795, 18.15572914925306236 ) ) ;
#234 = CARTESIAN_POINT ( 'NONE',  ( 1107.735787031848758, 281.1465139963243018, -70.08863496936382376 ) ) ;
#235 = CARTESIAN_POINT ( 'NONE',  ( 1113.124082342483689, 261.9171624225992900, -86.35899489406436658 ) ) ;
#236 = CARTESIAN_POINT ( 'NONE',  ( 1384.954390073905415, 927.1546743891317419, 41.16998895674899472 ) ) ;
#237 = CARTESIAN_POINT ( 'NONE',  ( 1334.669621536619161, 529.0087068264615482, -109.0946467468882730 ) ) ;
#238 = CARTESIAN_POINT ( 'NONE',  ( 732.2306962641245036, 66.34395361609105635, 36.29816878193318530 ) ) ;
#239 = CARTESIAN_POINT ( 'NONE',  ( 947.3023934111689641, 200.4206684182158256, 54.28039368532503772 ) ) ;
#240 = CARTESIAN_POINT ( 'NONE',  ( 1364.715297399803603, 606.2865883936181035, -101.3890615140439166 ) ) ;
#241 = CARTESIAN_POINT ( 'NONE',  ( 843.7863465603534223, 114.5527047001557435, -9.248512188054888838 ) ) ;
#242 = CARTESIAN_POINT ( 'NONE',  ( 1159.289757379453022, 316.0780671155372374, -75.38939910812794665 ) ) ;
#243 = CARTESIAN_POINT ( 'NONE',  ( 579.3713643403576725, 11.03029705985798081, -1.549903000251606544 ) ) ;
#244 = CARTESIAN_POINT ( 'NONE',  ( 791.4644698065390003, 56.35533529438566802, -42.17132842889359523 ) ) ;
#245 = CARTESIAN_POINT ( 'NONE',  ( 1388.781781269101657, 989.9142746375407569, 66.14224041217191541 ) ) ;
#246 = CARTESIAN_POINT ( 'NONE',  ( 1420.271659937923914, 942.0796671646543246, -1.640837015443486147 ) ) ;
#247 = CARTESIAN_POINT ( 'NONE',  ( 1089.300429105222292, 347.0819158963668087, 70.09150108729230055 ) ) ;
#248 = CARTESIAN_POINT ( 'NONE',  ( 845.0360342158005551, 104.5304700763610839, 0.2466293507068599844 ) ) ;
#249 = CARTESIAN_POINT ( 'NONE',  ( 1302.004822903188597, 731.4478887531645341, 94.91136004877461119 ) ) ;
#250 = CARTESIAN_POINT ( 'NONE',  ( 899.4364781513287426, 136.1082311405078542, -35.20209230425468405 ) ) ;
#251 = CARTESIAN_POINT ( 'NONE',  ( 1322.015118152136438, 556.4315299451045576, -84.91603063873347423 ) ) ;
#252 = CARTESIAN_POINT ( 'NONE',  ( 1418.307966983161577, 945.0626095965149034, 2.624070425814101437 ) ) ;
#253 = CARTESIAN_POINT ( 'NONE',  ( 1248.308799585057841, 579.2628962709543430, 48.14163855772794420 ) ) ;
#254 = CARTESIAN_POINT ( 'NONE',  ( 791.2750976415385367, 58.37353553916906890, -36.65009096346457085 ) ) ;
#255 = CARTESIAN_POINT ( 'NONE',  ( 1042.249614562380430, 302.3311059502207172, 71.36837953119999156 ) ) ;
#256 = CARTESIAN_POINT ( 'NONE',  ( 579.4733746861206782, -3.268691426184953563, -16.24605478890565280 ) ) ;
#257 = CARTESIAN_POINT ( 'NONE',  ( 1178.695041281520162, 443.3084327539506830, 42.14341058119983785 ) ) ;
#258 = CC_DESIGN_APPROVAL ( #2423, ( #6803 ) ) ;
#259 = CARTESIAN_POINT ( 'NONE',  ( 732.2738191179377054, 65.65827968556401117, 26.90423599311845138 ) ) ;
#260 = CARTESIAN_POINT ( 'NONE',  ( 1391.376292619511787, 985.9722414032695497, 64.03921933021183577 ) ) ;
#261 = CARTESIAN_POINT ( 'NONE',  ( 579.4525374498538213, -0.2858415107779370135, -25.55459468668300360 ) ) ;
#262 = CARTESIAN_POINT ( 'NONE',  ( 1178.695041281520162, 443.3084327539506830, 42.14341058119983785 ) ) ;
#263 = CARTESIAN_POINT ( 'NONE',  ( 1316.806964046826806, 701.8860936700104958, 27.79794811279477074 ) ) ;
#264 = CARTESIAN_POINT ( 'NONE',  ( 1236.790640709487434, 453.4700267493855108, -59.26681055161380840 ) ) ;
#265 = CARTESIAN_POINT ( 'NONE',  ( 1436.463334271934400, 917.4835244059868273, -34.99241758486947163 ) ) ;
#266 = CARTESIAN_POINT ( 'NONE',  ( 732.2566828159076522, 65.92659004483159890, 29.81080930773208593 ) ) ;
#267 = CARTESIAN_POINT ( 'NONE',  ( 1372.252524812004367, 947.1393930930264560, 84.83995812404833714 ) ) ;
#268 = CARTESIAN_POINT ( 'NONE',  ( 1104.980589001941098, 290.9835220136715748, -58.04035169783635695 ) ) ;
#269 = CARTESIAN_POINT ( 'NONE',  ( 1090.652566141432089, 342.2494879958065326, 60.12964858716335215 ) ) ;
#270 = CARTESIAN_POINT ( 'NONE',  ( 1343.932029361591731, 887.1754884765803126, 101.1668113841334673 ) ) ;
#271 = CARTESIAN_POINT ( 'NONE',  ( 675.8542278338132974, 36.75376145751265966, 25.26317227233292684 ) ) ;
#272 = CARTESIAN_POINT ( 'NONE',  ( 1388.168257213957077, 691.5271705936690978, -84.39107570207764297 ) ) ;
#273 = CARTESIAN_POINT ( 'NONE',  ( 1453.034377137625370, 892.3110919165719679, -66.68311127011106976 ) ) ;
#274 = CARTESIAN_POINT ( 'NONE',  ( 1054.205566458149406, 253.8706573978608105, -15.98871947233459068 ) ) ;
#275 = CARTESIAN_POINT ( 'NONE',  ( 1413.425116873933348, 986.9937923016530021, 20.00548843030206569 ) ) ;
#276 = CARTESIAN_POINT ( 'NONE',  ( 618.6371710705330997, 2.860560760409002423, -31.77702561047576779 ) ) ;
#277 = CARTESIAN_POINT ( 'NONE',  ( 1087.077363280278178, 355.0153859214369731, 75.34050441506595064 ) ) ;
#278 = CARTESIAN_POINT ( 'NONE',  ( 895.8701572032975946, 159.5993016971569318, 49.38940716705457135 ) ) ;
#279 = CARTESIAN_POINT ( 'NONE',  ( 1248.201835177439307, 423.8597874012961597, -93.03018521929952556 ) ) ;
#280 = CARTESIAN_POINT ( 'NONE',  ( 1404.813405506859908, 895.9219733167026334, -6.996386617348201220 ) ) ;
#281 = CARTESIAN_POINT ( 'NONE',  ( 957.4587056001602150, 144.9219963068672996, -58.20185695819080252 ) ) ;
#282 = CARTESIAN_POINT ( 'NONE',  ( 1141.356599181950969, 373.1505272895185499, -7.466437118836507736 ) ) ;
#283 = CARTESIAN_POINT ( 'NONE',  ( 1010.945028676022162, 179.5219852333038659, -66.93329445722977766 ) ) ;
#284 = CARTESIAN_POINT ( 'NONE',  ( 1236.622851743060892, 606.9421642986595771, 106.1127440472263856 ) ) ;
#285 = CARTESIAN_POINT ( 'NONE',  ( 1099.478018745494410, 310.7106613284822174, -1.095952521847031180 ) ) ;
#286 = CARTESIAN_POINT ( 'NONE',  ( 579.3824041629416115, 9.360516038083535051, 21.28539514609675010 ) ) ;
#287 = CARTESIAN_POINT ( 'NONE',  ( 560.0000000000000000, -1.381111564429927219, 0.5665364073611958151 ) ) ;
#288 = CARTESIAN_POINT ( 'NONE',  ( 1131.717687799241958, 403.9072553726134629, 76.25403799481300382 ) ) ;
#289 = CARTESIAN_POINT ( 'NONE',  ( 1314.648002174733392, 572.4018254154955230, -66.24935220762090182 ) ) ;
#290 = CARTESIAN_POINT ( 'NONE',  ( 1361.454181611063404, 612.8082078256524028, -84.60184667622981181 ) ) ;
#291 = CARTESIAN_POINT ( 'NONE',  ( 579.3736644043054866, 10.71514859807498432, -3.300750609367601562 ) ) ;
#292 = CARTESIAN_POINT ( 'NONE',  ( 997.4365790375771894, 242.4805201360871934, 30.40667757115995329 ) ) ;
#293 = CARTESIAN_POINT ( 'NONE',  ( 1325.864105062314820, 548.1092940178828030, -82.00372232351233492 ) ) ;
#294 = CARTESIAN_POINT ( 'NONE',  ( 675.6249610104638350, 42.13685533404454731, 31.17266775469929740 ) ) ;
#295 = CARTESIAN_POINT ( 'NONE',  ( 847.1542843648629741, 87.31314978337803723, -36.09573542086587139 ) ) ;
#296 = CARTESIAN_POINT ( 'NONE',  ( 1369.177368942212979, 844.0700694958046597, 40.43071261254051763 ) ) ;
#297 = CARTESIAN_POINT ( 'NONE',  ( 560.0000000000000000, 7.438158784589434802, 17.22742673643531219 ) ) ;
#298 = CARTESIAN_POINT ( 'NONE',  ( 1351.082644025260834, 874.9692750127813952, 91.39199999819634002 ) ) ;
#299 = CARTESIAN_POINT ( 'NONE',  ( 1444.357228380155675, 833.7441843208902128, -82.81311852617758973 ) ) ;
#300 = CARTESIAN_POINT ( 'NONE',  ( 1254.691257021427191, 564.1767286284344891, 38.84376936014775339 ) ) ;
#301 = CARTESIAN_POINT ( 'NONE',  ( 1179.229499847573607, 441.7389952122552472, 17.90908927793691063 ) ) ;
#302 = CARTESIAN_POINT ( 'NONE',  ( 1004.655818441877500, 208.7755423857642540, -43.83284263344134501 ) ) ;
#303 = CARTESIAN_POINT ( 'NONE',  ( 734.0688545068982194, 39.09751398007519185, -23.89105588265341140 ) ) ;
#304 = CARTESIAN_POINT ( 'NONE',  ( 995.7958693914222295, 250.1599853805147688, 55.26585067976921550 ) ) ;
#305 = CARTESIAN_POINT ( 'NONE',  ( 946.4417766263049998, 205.1148806202685648, 64.46616014888712698 ) ) ;
#306 = CARTESIAN_POINT ( 'NONE',  ( 1238.577739292511524, 448.8317653564388934, -65.27691996838458977 ) ) ;
#307 = CARTESIAN_POINT ( 'NONE',  ( 1247.266296720780019, 581.7519374906895564, 69.76372302454227281 ) ) ;
#308 = CARTESIAN_POINT ( 'NONE',  ( 788.0038862850217356, 92.86616895238809377, 24.33877960561129328 ) ) ;
#309 = CARTESIAN_POINT ( 'NONE',  ( 902.9774161068738749, 112.9537872991917595, -61.84719417268198782 ) ) ;
#310 = CARTESIAN_POINT ( 'NONE',  ( 894.7149792253910618, 167.1668263466141582, 60.29901371431650858 ) ) ;
#311 = CARTESIAN_POINT ( 'NONE',  ( 1333.549724943291722, 792.0945366643252328, 75.44613309376666166 ) ) ;
#312 = CARTESIAN_POINT ( 'NONE',  ( 1107.155844911392478, 283.2163202754389317, -67.70357561810627089 ) ) ;
#313 = CARTESIAN_POINT ( 'NONE',  ( 1161.707000270544768, 308.3538680139054122, -92.71199722199214932 ) ) ;
#314 = CARTESIAN_POINT ( 'NONE',  ( 1429.649622942567248, 963.0334528988489637, -8.177420272157020165 ) ) ;
#315 = CARTESIAN_POINT ( 'NONE',  ( 675.6629094677772400, 41.10996704899406495, 14.26851125594890668 ) ) ;
#316 = CARTESIAN_POINT ( 'NONE',  ( 1403.087801358408342, 664.0717993706718971, -109.9150639711648410 ) ) ;
#317 = CARTESIAN_POINT ( 'NONE',  ( 1403.115173743566402, 1002.219509225316301, 45.25242530783934569 ) ) ;
#318 = CARTESIAN_POINT ( 'NONE',  ( 1131.717687799241958, 403.9072553726134629, 76.25403799481300382 ) ) ;
#319 = CARTESIAN_POINT ( 'NONE',  ( 579.4525374498538213, -0.2858415107779370135, -25.55459468668300360 ) ) ;
#320 = CARTESIAN_POINT ( 'NONE',  ( 1366.654791735444633, 602.4317954945183828, -97.26517836859068211 ) ) ;
#321 = CARTESIAN_POINT ( 'NONE',  ( 949.7301918780167398, 187.0655362484232285, -6.259801535363751057 ) ) ;
#322 = CARTESIAN_POINT ( 'NONE',  ( 1451.078463320020546, 931.3873561683689104, -48.19599750166904073 ) ) ;
#323 = CARTESIAN_POINT ( 'NONE',  ( 579.3630215269507744, 12.06425216225455088, 25.95197867237121159 ) ) ;
#324 = CARTESIAN_POINT ( 'NONE',  ( 618.5196176171043589, 10.00464168311075142, -0.04332554700033867945 ) ) ;
#325 = CARTESIAN_POINT ( 'NONE',  ( 1172.218519951040435, 461.8661364082881278, 77.41340339834404460 ) ) ;
#326 = CARTESIAN_POINT ( 'NONE',  ( 676.2300009405821584, 27.83917622513110146, 0.5592027313833018987 ) ) ;
#327 = CARTESIAN_POINT ( 'NONE',  ( 1043.922814360475968, 295.5582806740663955, 67.86368086233321151 ) ) ;
#328 = CARTESIAN_POINT ( 'NONE',  ( 1054.013420778359887, 254.5726977691658703, -41.59839660510976955 ) ) ;
#329 = CARTESIAN_POINT ( 'NONE',  ( 1446.167292984463757, 938.6401691419752069, -39.66230181099635388 ) ) ;
#330 = CARTESIAN_POINT ( 'NONE',  ( 1356.651261297513429, 749.5450624272853020, -8.278612914575084858 ) ) ;
#331 = CARTESIAN_POINT ( 'NONE',  ( 1174.332701586954727, 455.7806060209265979, 47.32677937611710917 ) ) ;
#332 = CARTESIAN_POINT ( 'NONE',  ( 957.0496811446921583, 147.1620719015946577, -53.96829241461583848 ) ) ;
#333 = CARTESIAN_POINT ( 'NONE',  ( 1087.077363280278178, 355.0153859214369731, 75.34050441506595064 ) ) ;
#334 = CARTESIAN_POINT ( 'NONE',  ( 1415.687691904121721, 983.6524230532919546, 21.64044365700799943 ) ) ;
#335 = CARTESIAN_POINT ( 'NONE',  ( 956.1091246021921961, 152.3057227749304730, -44.54211641940155175 ) ) ;
#336 = CARTESIAN_POINT ( 'NONE',  ( 1408.655312419192796, 959.7254053604779074, 24.19606841081275306 ) ) ;
#337 = CARTESIAN_POINT ( 'NONE',  ( 1351.067256217471140, 874.9886681415100611, 79.26712528107071876 ) ) ;
#338 = CARTESIAN_POINT ( 'NONE',  ( 1241.281633110204893, 595.9189769781152108, 96.85632183100368309 ) ) ;
#339 = CARTESIAN_POINT ( 'NONE',  ( 733.8009768310911340, 42.91084554072210722, -38.57337061271294942 ) ) ;
#340 = CARTESIAN_POINT ( 'NONE',  ( 789.0441990417954230, 81.96203672530414508, 17.57168297130217027 ) ) ;
#341 = CARTESIAN_POINT ( 'NONE',  ( 1253.078123277703753, 567.9689440024244504, 26.73364854845896943 ) ) ;
#342 = CARTESIAN_POINT ( 'NONE',  ( 1150.056712468917567, 345.4342106208614496, -53.64689963961031793 ) ) ;
#343 = CARTESIAN_POINT ( 'NONE',  ( 1414.771387440090848, 766.2276240021351441, -69.33714845861445042 ) ) ;
#344 = CARTESIAN_POINT ( 'NONE',  ( 1131.262450449881726, 405.3372425489727675, 63.33228168872295782 ) ) ;
#345 = CARTESIAN_POINT ( 'NONE',  ( 1129.952726341309472, 409.5265241653071939, 87.07882891609322940 ) ) ;
#346 = CARTESIAN_POINT ( 'NONE',  ( 1436.315605767816123, 917.7090640169363951, -42.13948783997774683 ) ) ;
#347 = CARTESIAN_POINT ( 'NONE',  ( 788.5242839986526633, 87.45415943782838042, 31.75729081530378295 ) ) ;
#348 = CARTESIAN_POINT ( 'NONE',  ( 1090.128557071069963, 344.0873519218120578, 44.55138222748194465 ) ) ;
#349 = CARTESIAN_POINT ( 'NONE',  ( 1452.394189613565459, 893.2843694321616113, -66.60769049916930840 ) ) ;
#350 = CARTESIAN_POINT ( 'NONE',  ( 1309.339460377135993, 716.8079364705024545, 69.14583360895282738 ) ) ;
#351 = CARTESIAN_POINT ( 'NONE',  ( 1286.121330508773326, 489.7625635860960642, -88.20340648971620112 ) ) ;
#352 = CARTESIAN_POINT ( 'NONE',  ( 579.4739519845675204, -3.282020979277359807, -26.21658027833206717 ) ) ;
#353 = CARTESIAN_POINT ( 'NONE',  ( 1343.637365426815222, 648.3594819475766826, -37.85272072800930943 ) ) ;
#354 = CARTESIAN_POINT ( 'NONE',  ( 1312.895174016752435, 709.6952816260090913, 41.30257140423577766 ) ) ;
#355 = CARTESIAN_POINT ( 'NONE',  ( 1429.616509414992834, 740.8823465575433147, -103.1384044226302592 ) ) ;
#356 = CARTESIAN_POINT ( 'NONE',  ( 560.0000000000004547, 7.180368880424717659, 20.72801492245277899 ) ) ;
#357 = CARTESIAN_POINT ( 'NONE',  ( 1167.585569512514894, 475.1373748526613667, 97.05024480930278230 ) ) ;
#358 = CARTESIAN_POINT ( 'NONE',  ( 947.3898522683917918, 199.9425742905856112, 53.16800284375622709 ) ) ;
#359 = CARTESIAN_POINT ( 'NONE',  ( 734.0250743774086004, 39.61078453988861270, -41.53877136092261679 ) ) ;
#360 = CARTESIAN_POINT ( 'NONE',  ( 1112.546446430079186, 264.0107572966672365, -76.65353821231559550 ) ) ;
#361 = CARTESIAN_POINT ( 'NONE',  ( 950.0638522996687243, 185.2397254236599906, -10.68090737047582905 ) ) ;
#362 = CARTESIAN_POINT ( 'NONE',  ( 1451.536002808545163, 930.7116621664158629, -49.02416286793930311 ) ) ;
#363 = CARTESIAN_POINT ( 'NONE',  ( 1388.925868486985564, 989.6952082062715590, 66.19668241169016198 ) ) ;
#364 = CARTESIAN_POINT ( 'NONE',  ( 1427.986503287240112, 965.4895468619345138, -4.737838838174586620 ) ) ;
#365 = CARTESIAN_POINT ( 'NONE',  ( 788.2196183777523402, 90.67449351981055372, 40.48768473275970337 ) ) ;
#366 = CARTESIAN_POINT ( 'NONE',  ( 1405.612515112286019, 894.6731641355570446, 3.513810047179092955 ) ) ;
#367 = CARTESIAN_POINT ( 'NONE',  ( 675.7646305306361683, 38.87968637087995205, 31.97727047541425094 ) ) ;
#368 = CARTESIAN_POINT ( 'NONE',  ( 1395.581194312542038, 798.9761124281258162, -40.22408617990441115 ) ) ;
#369 = CARTESIAN_POINT ( 'NONE',  ( 618.6608780914085628, 1.746124043857244068, -23.78573720177347539 ) ) ;
#370 = CARTESIAN_POINT ( 'NONE',  ( 1426.332233150961883, 967.9325718613652043, -1.284450076450871059 ) ) ;
#371 = CARTESIAN_POINT ( 'NONE',  ( 1443.106819600363451, 835.7157360283659955, -74.19826062423331337 ) ) ;
#372 = CARTESIAN_POINT ( 'NONE',  ( 1390.698750537736260, 987.0032308640929841, 60.67057843631247493 ) ) ;
#373 = CARTESIAN_POINT ( 'NONE',  ( 1109.649913961877701, 274.3623403819130999, -61.24315877853160117 ) ) ;
#374 = CARTESIAN_POINT ( 'NONE',  ( 618.4345409105295630, 14.88319411499245959, 13.84551880829404169 ) ) ;
#375 = CARTESIAN_POINT ( 'NONE',  ( 1399.996043558827978, 1006.825838536768060, 53.72061286768968813 ) ) ;
#376 = CARTESIAN_POINT ( 'NONE',  ( 1403.865611976488708, 1001.111262559093916, 49.26108949381252700 ) ) ;
#377 = CARTESIAN_POINT ( 'NONE',  ( 842.0177285913995320, 129.0420519007461735, 55.06486679647878901 ) ) ;
#378 = CARTESIAN_POINT ( 'NONE',  ( 790.6252517765263974, 65.12367828147323223, -44.39911595703385672 ) ) ;
#379 = CARTESIAN_POINT ( 'NONE',  ( 732.9882060874936087, 55.14175462118208060, 15.51625458799000512 ) ) ;
#380 = CARTESIAN_POINT ( 'NONE',  ( 1251.465242728019803, 571.7881210054780468, 33.83197302884311597 ) ) ;
#381 = CARTESIAN_POINT ( 'NONE',  ( 1435.915042839198804, 953.7806851049161878, -27.33060333513648388 ) ) ;
#382 = CARTESIAN_POINT ( 'NONE',  ( 579.4752269289314199, -3.523922894036997544, -17.09685807421915982 ) ) ;
#383 = CARTESIAN_POINT ( 'NONE',  ( 842.2071339395581617, 127.4786021653675760, 41.85017982075422083 ) ) ;
#384 = CARTESIAN_POINT ( 'NONE',  ( 842.3141612531572946, 126.6306372241485860, 52.88538098412394106 ) ) ;
#385 = CARTESIAN_POINT ( 'NONE',  ( 1196.659177032826619, 391.8402226960623125, -44.67713539323526106 ) ) ;
#386 = CARTESIAN_POINT ( 'NONE',  ( 1247.951234875946966, 580.1305863829295504, 66.82883678924930848 ) ) ;
#387 = CARTESIAN_POINT ( 'NONE',  ( 1452.387219637500266, 929.4545857388924333, -53.01992385782995143 ) ) ;
#388 = CARTESIAN_POINT ( 'NONE',  ( 1382.969760723772424, 930.2829125498905114, 57.30513953409035821 ) ) ;
#389 = CARTESIAN_POINT ( 'NONE',  ( 676.2484291421377520, 27.09691646640715845, -29.72301320713665618 ) ) ;
#390 = CARTESIAN_POINT ( 'NONE',  ( 734.3500335711531761, 34.83793276111838821, -42.39238588550484366 ) ) ;
#391 = CARTESIAN_POINT ( 'NONE',  ( 1431.951498961971083, 924.3373455127033367, -26.16566273479489624 ) ) ;
#392 = CARTESIAN_POINT ( 'NONE',  ( 1248.308799585057841, 579.2628962709543430, 48.14163855772794420 ) ) ;
#393 = CARTESIAN_POINT ( 'NONE',  ( 676.6496533339158077, 17.68826822403533328, -37.02916482504002715 ) ) ;
#394 = CARTESIAN_POINT ( 'NONE',  ( 732.2221193607630312, 66.48672974008061942, 38.57840063989899448 ) ) ;
#395 = CARTESIAN_POINT ( 'NONE',  ( 1407.132849829630686, 996.2862079448083250, 41.12164738069226644 ) ) ;
#396 = CARTESIAN_POINT ( 'NONE',  ( 790.8013111049857571, 63.27442300105131068, -46.06499963850518498 ) ) ;
#397 = CARTESIAN_POINT ( 'NONE',  ( 1261.496800333462033, 548.0367103528632242, -8.238716270833009503 ) ) ;
#398 = CARTESIAN_POINT ( 'NONE',  ( 903.2570709530538124, 111.1663268647283189, -53.80000960160616330 ) ) ;
#399 = CARTESIAN_POINT ( 'NONE',  ( 1359.168451660187657, 744.9105235022848319, -15.29498153291057250 ) ) ;
#400 = CARTESIAN_POINT ( 'NONE',  ( 1332.259916350306639, 534.2423400286136257, -99.39555734098462381 ) ) ;
#401 = CARTESIAN_POINT ( 'NONE',  ( 994.9305904694177798, 254.2132351771525975, 73.78903801808608875 ) ) ;
#402 = CARTESIAN_POINT ( 'NONE',  ( 579.4360741377436170, 1.898996558756691488, -1.092772883036744025 ) ) ;
#403 = CARTESIAN_POINT ( 'NONE',  ( 1275.770441291210318, 656.7340851461153761, 84.93764407540766115 ) ) ;
#404 = CARTESIAN_POINT ( 'NONE',  ( 1357.953658351274726, 747.1636464718303614, 4.142041296805807349 ) ) ;
#405 = CARTESIAN_POINT ( 'NONE',  ( 1352.549883559893260, 872.4633140301563117, 86.29224866428981500 ) ) ;
#406 = CARTESIAN_POINT ( 'NONE',  ( 844.6957264339691847, 107.1550164934383673, -26.91237078739073141 ) ) ;
#407 = CARTESIAN_POINT ( 'NONE',  ( 1009.650579146392147, 185.5636011229437088, -56.76718129839830596 ) ) ;
#408 = CARTESIAN_POINT ( 'NONE',  ( 1331.798164545370810, 671.9856836959494331, -2.843689882120546297 ) ) ;
#409 = CARTESIAN_POINT ( 'NONE',  ( 676.7118701482688721, 16.31765358211337258, -30.10755824793576352 ) ) ;
#410 = CARTESIAN_POINT ( 'NONE',  ( 732.2268271900867376, 66.41129093164170172, 37.75102628784686942 ) ) ;
#411 = DIRECTION ( 'NONE',  ( 0.000000000000000000, 0.000000000000000000, -1.000000000000000000 ) ) ;
#412 = CARTESIAN_POINT ( 'NONE',  ( 956.5416466547644632, 149.9411344743834320, -48.69800934465614262 ) ) ;
#413 = CARTESIAN_POINT ( 'NONE',  ( 1254.691257021427191, 564.1767286284344891, 38.84376936014775339 ) ) ;
#414 = CARTESIAN_POINT ( 'NONE',  ( 1421.749329766143774, 754.3083078291715537, -91.45264999754770940 ) ) ;
#415 = CARTESIAN_POINT ( 'NONE',  ( 1220.385072009553141, 496.1030342428257995, 29.72719687124394028 ) ) ;
#416 = CARTESIAN_POINT ( 'NONE',  ( 1177.003634762769707, 448.1210990008868862, 30.90512179125760284 ) ) ;
#417 = CARTESIAN_POINT ( 'NONE',  ( 1427.778627411010120, 930.6772966031700207, -26.20498123295784865 ) ) ;
#418 = CARTESIAN_POINT ( 'NONE',  ( 579.4733746861206782, -3.268691426184953563, -16.24605478890565280 ) ) ;
#419 = CARTESIAN_POINT ( 'NONE',  ( 1271.944017224030176, 665.0237449194245301, 86.81241896657292045 ) ) ;
#420 = CARTESIAN_POINT ( 'NONE',  ( 1088.699561681524301, 349.2302202915951739, 75.62636581400620628 ) ) ;
#421 = CARTESIAN_POINT ( 'NONE',  ( 790.7463247472497869, 63.97427478905484577, -24.33568427663468015 ) ) ;
#422 = CARTESIAN_POINT ( 'NONE',  ( 1409.080962510017798, 993.4092364783364246, 36.61763013109796816 ) ) ;
#423 = CARTESIAN_POINT ( 'NONE',  ( 1410.864685720237503, 990.7750352683464143, 26.04078581514162494 ) ) ;
#424 = CARTESIAN_POINT ( 'NONE',  ( 579.4666978023700494, -2.272289578259779397, -26.37294991859842241 ) ) ;
#425 = CARTESIAN_POINT ( 'NONE',  ( 1212.962317733722102, 515.3749260025944068, 64.32841852401466554 ) ) ;
#426 = CARTESIAN_POINT ( 'NONE',  ( 1106.053950990224394, 287.1502480708898588, -62.96370544848073081 ) ) ;
#427 = CARTESIAN_POINT ( 'NONE',  ( 957.5157862749936157, 144.5714330319142107, -68.09127859361667845 ) ) ;
#428 = CARTESIAN_POINT ( 'NONE',  ( 618.5887166332155402, 6.012450612758968305, -11.19930143158633662 ) ) ;
#429 = CARTESIAN_POINT ( 'NONE',  ( 1336.256277444203079, 787.0992133148422454, 52.86068983824021927 ) ) ;
#430 = CARTESIAN_POINT ( 'NONE',  ( 995.0046230118009589, 253.8691479166130307, 68.80259122304846642 ) ) ;
#431 = CARTESIAN_POINT ( 'NONE',  ( 1209.455548773723649, 524.4800730889062379, 81.30576188973527962 ) ) ;
#432 = CARTESIAN_POINT ( 'NONE',  ( 560.0000000000000000, -2.858643259193899944, -22.45611684884120862 ) ) ;
#433 = CARTESIAN_POINT ( 'NONE',  ( 1448.778862560946436, 898.7753261514246788, -57.63482839028833382 ) ) ;
#434 = CARTESIAN_POINT ( 'NONE',  ( 843.0781608949096153, 120.3317314072700412, 9.027961568815397797 ) ) ;
#435 = CARTESIAN_POINT ( 'NONE',  ( 1112.774839927614721, 263.1944958726049890, -77.96233769880669229 ) ) ;
#436 = CARTESIAN_POINT ( 'NONE',  ( 1389.423368785267940, 988.9391951060747488, 65.97482499763040664 ) ) ;
#437 = CARTESIAN_POINT ( 'NONE',  ( 1052.855713536431040, 259.3429008593929552, -5.845449905402132273 ) ) ;
#438 = CARTESIAN_POINT ( 'NONE',  ( 1210.543870516336028, 521.6543485237114055, 76.17172837456533330 ) ) ;
#439 = PERSON_AND_ORGANIZATION ( #4301, #6142 ) ;
#440 = CARTESIAN_POINT ( 'NONE',  ( 1333.271763206060541, 532.0336912694377816, -108.7009760260132225 ) ) ;
#441 = CARTESIAN_POINT ( 'NONE',  ( 789.4511136461112528, 77.48860020799212123, -26.72798032665506440 ) ) ;
#442 = CARTESIAN_POINT ( 'NONE',  ( 1203.841070449407198, 371.2651933902105270, -74.08773837904681159 ) ) ;
#443 = CARTESIAN_POINT ( 'NONE',  ( 845.0360342158005551, 104.5304700763610839, 0.2466293507068599844 ) ) ;
#444 = CARTESIAN_POINT ( 'NONE',  ( 676.6989828242099065, 16.63196019972301798, -28.91189896977240181 ) ) ;
#445 = CARTESIAN_POINT ( 'NONE',  ( 1296.124658107232563, 743.1785945859069216, 103.6382536055978392 ) ) ;
#446 = ORIENTED_EDGE ( 'NONE', *, *, #3267, .T. ) ;
#447 = CARTESIAN_POINT ( 'NONE',  ( 847.3626525170412833, 85.61680332933384818, -39.55415794621684711 ) ) ;
#448 = CARTESIAN_POINT ( 'NONE',  ( 1049.566014929521089, 272.6787892627306746, 19.70526973665787196 ) ) ;
#449 = CARTESIAN_POINT ( 'NONE',  ( 733.8723493094131527, 41.86012786898313465, -39.55861500729984925 ) ) ;
#450 = CARTESIAN_POINT ( 'NONE',  ( 1048.293734957924698, 277.8365326079793931, 30.02123162814368484 ) ) ;
#451 = CARTESIAN_POINT ( 'NONE',  ( 1146.541767137624447, 356.6288551319038334, -36.87043026236976573 ) ) ;
#452 = CARTESIAN_POINT ( 'NONE',  ( 676.6323051109119433, 18.24653218865240945, -24.12220274164989320 ) ) ;
#453 = CARTESIAN_POINT ( 'NONE',  ( 946.3072489096482514, 205.8345884067378506, 53.09473225083397807 ) ) ;
#454 = CARTESIAN_POINT ( 'NONE',  ( 732.4491082737508805, 63.13713048065051936, 38.21925143776403644 ) ) ;
#455 = CARTESIAN_POINT ( 'NONE',  ( 955.0391237722629967, 158.1531683708835772, -34.13638131661097930 ) ) ;
#456 = CARTESIAN_POINT ( 'NONE',  ( 1382.969760723772424, 930.2829125498905114, 57.30513953409035821 ) ) ;
#457 = CARTESIAN_POINT ( 'NONE',  ( 902.6949003782924592, 114.7977988037061294, -61.06783509794261988 ) ) ;
#458 = CARTESIAN_POINT ( 'NONE',  ( 732.6808680818475068, 59.70120378931279959, 27.91164622134861872 ) ) ;
#459 = CARTESIAN_POINT ( 'NONE',  ( 559.9999999999998863, 0.5682757349539105940, -18.60347034052523085 ) ) ;
#460 = CARTESIAN_POINT ( 'NONE',  ( 1149.949416303143153, 345.8305163804316749, -30.48670037716522430 ) ) ;
#461 = CARTESIAN_POINT ( 'NONE',  ( 1173.296970607912272, 458.7511847649323045, 53.94503811250298497 ) ) ;
#462 = CARTESIAN_POINT ( 'NONE',  ( 1347.892876496283179, 880.4108048746996928, 89.45566724624229948 ) ) ;
#463 = CARTESIAN_POINT ( 'NONE',  ( 1244.671483806013839, 587.8941660841978774, 80.96141925935435779 ) ) ;
#464 = CARTESIAN_POINT ( 'NONE',  ( 579.4450430927821571, 0.7660143388217977023, -24.70754561810283789 ) ) ;
#465 = CARTESIAN_POINT ( 'NONE',  ( 1048.279869581910134, 277.8283991633768437, 3.665062967847425135 ) ) ;
#466 = CARTESIAN_POINT ( 'NONE',  ( 734.4409377342848302, 33.50635674888074789, -39.94459088988738671 ) ) ;
#467 = CARTESIAN_POINT ( 'NONE',  ( 1349.239926786237902, 763.1910826341382972, 12.98664722647979630 ) ) ;
#468 = CARTESIAN_POINT ( 'NONE',  ( 1253.034593402338714, 411.3328752293987236, -100.8877695543631745 ) ) ;
#469 = CARTESIAN_POINT ( 'NONE',  ( 1401.800722431363965, 970.1389462832180470, 32.13337620512231041 ) ) ;
#470 = CARTESIAN_POINT ( 'NONE',  ( 787.7286349881665046, 95.85213713274978886, 48.79242223173882564 ) ) ;
#471 = CARTESIAN_POINT ( 'NONE',  ( 1388.537590697679661, 811.0138628621996304, -9.220659619443797084 ) ) ;
#472 = APPLICATION_PROTOCOL_DEFINITION ( 'international standard', 'config_control_design', 1994, #3890 ) ;
#473 = CARTESIAN_POINT ( 'NONE',  ( 1327.436421154259278, 803.3420379479637177, 81.96484280243406317 ) ) ;
#474 = CARTESIAN_POINT ( 'NONE',  ( 1450.023679970052171, 824.8358481620902012, -90.82662634709743088 ) ) ;
#475 = CARTESIAN_POINT ( 'NONE',  ( 579.3894890286286454, 8.529225486823099445, -11.91553372559916646 ) ) ;
#476 = CARTESIAN_POINT ( 'NONE',  ( 1419.876962871203659, 757.5122623288351633, -79.93608324965852319 ) ) ;
#477 = CARTESIAN_POINT ( 'NONE',  ( 618.5280119852191092, 9.521587035248472830, -1.395855202337075163 ) ) ;
#478 = CARTESIAN_POINT ( 'NONE',  ( 1205.288571247732307, 367.1167552524065059, -80.08421762021968959 ) ) ;
#479 = CARTESIAN_POINT ( 'NONE',  ( 560.0000000000004547, 7.180368880424717659, 20.72801492245277899 ) ) ;
#480 = ORIENTED_EDGE ( 'NONE', *, *, #2517, .T. ) ;
#481 = CARTESIAN_POINT ( 'NONE',  ( 1324.694335340850557, 550.6455287629829627, -78.77500706880668702 ) ) ;
#482 = CARTESIAN_POINT ( 'NONE',  ( 579.4118039292339972, 5.272667234394048386, 8.720109365644919563 ) ) ;
#483 = CARTESIAN_POINT ( 'NONE',  ( 1326.614335549502812, 546.4625750707671159, -95.34177361595919820 ) ) ;
#484 = CARTESIAN_POINT ( 'NONE',  ( 844.6550405516190949, 107.6257052991056611, 7.257290660217980083 ) ) ;
#485 = CARTESIAN_POINT ( 'NONE',  ( 1233.352158559252530, 462.3952996134510727, -46.94793156843275028 ) ) ;
#486 = CARTESIAN_POINT ( 'NONE',  ( 1387.123807426858548, 693.4645153943378091, -70.57044953043356372 ) ) ;
#487 = CARTESIAN_POINT ( 'NONE',  ( 787.8163674523734699, 94.89461078853594245, 38.61267471635257920 ) ) ;
#488 = CARTESIAN_POINT ( 'NONE',  ( 1207.974960237530240, 528.3250932010996621, 89.69774317897284277 ) ) ;
#489 = CARTESIAN_POINT ( 'NONE',  ( 618.3986645671702718, 16.93411527258390237, 19.97715765922301401 ) ) ;
#490 = CC_DESIGN_PERSON_AND_ORGANIZATION_ASSIGNMENT ( #4360, #4292, ( #3944 ) ) ;
#491 = CARTESIAN_POINT ( 'NONE',  ( 1359.866669733654589, 859.9600536300848717, 53.03460056714928328 ) ) ;
#492 = CARTESIAN_POINT ( 'NONE',  ( 1293.293838477014333, 472.7961173032516058, -104.5336577714500237 ) ) ;
#493 = CARTESIAN_POINT ( 'NONE',  ( 732.7139869657105464, 59.20947396489481207, 26.53065941568433672 ) ) ;
#494 = CARTESIAN_POINT ( 'NONE',  ( 1432.227856184797247, 852.8139175701285239, -63.13316309799639470 ) ) ;
#495 = CARTESIAN_POINT ( 'NONE',  ( 790.3455669959497527, 68.21151112696331609, -15.12827695538753758 ) ) ;
#496 = CARTESIAN_POINT ( 'NONE',  ( 842.5751702379409380, 124.4505244313151451, 25.78624512422711845 ) ) ;
#497 = CARTESIAN_POINT ( 'NONE',  ( 732.2482748195208160, 66.10179327070568434, 42.52365249199525721 ) ) ;
#498 = CARTESIAN_POINT ( 'NONE',  ( 787.7870023927879402, 95.22042477926022741, 42.60285966202504682 ) ) ;
#499 = CARTESIAN_POINT ( 'NONE',  ( 618.3663951429402914, 18.77799607658974423, 25.63285301226624568 ) ) ;
#500 = CARTESIAN_POINT ( 'NONE',  ( 790.7412578750210059, 63.90535046751507053, -45.50665337240560149 ) ) ;
#501 = CARTESIAN_POINT ( 'NONE',  ( 897.1597794912482868, 151.0434669598368771, -1.896536954928689900 ) ) ;
#502 = CARTESIAN_POINT ( 'NONE',  ( 1113.115091635795807, 261.9724913747210167, -81.15885472667432055 ) ) ;
#503 = CARTESIAN_POINT ( 'NONE',  ( 788.4789716830050565, 87.78761586244166892, 1.235993135435938362 ) ) ;
#504 = CARTESIAN_POINT ( 'NONE',  ( 1402.764264702800119, 664.6710620555953710, -107.4787666562386903 ) ) ;
#505 = CARTESIAN_POINT ( 'NONE',  ( 900.2654481252700407, 130.7935144551303495, -15.51008097511872919 ) ) ;
#506 = CARTESIAN_POINT ( 'NONE',  ( 1404.965064014992777, 999.4875925448415046, 40.44604635625571376 ) ) ;
#507 = CARTESIAN_POINT ( 'NONE',  ( 946.6211909863079654, 204.1369852675717596, 63.17143266778501953 ) ) ;
#508 = CARTESIAN_POINT ( 'NONE',  ( 1112.245308559552996, 265.0463305370320768, -85.95500692136252496 ) ) ;
#509 = CARTESIAN_POINT ( 'NONE',  ( 618.3757865702366416, 17.60769806991845599, -12.25035314987487745 ) ) ;
#510 = CARTESIAN_POINT ( 'NONE',  ( 618.6683250194890888, 1.277212760537358882, -25.87262880355953243 ) ) ;
#511 = CARTESIAN_POINT ( 'NONE',  ( 1388.537590697679661, 811.0138628621996304, -9.220659619443797084 ) ) ;
#512 = CARTESIAN_POINT ( 'NONE',  ( 1061.864526044533704, 222.8167407932655237, -67.84819760708812453 ) ) ;
#513 = CARTESIAN_POINT ( 'NONE',  ( 1167.429782940455198, 475.5830753388012795, 93.59542368765787046 ) ) ;
#514 = CARTESIAN_POINT ( 'NONE',  ( 1403.614650145142150, 1001.481882819010139, 43.75852199065910497 ) ) ;
#515 = CARTESIAN_POINT ( 'NONE',  ( 734.2573973934811420, 36.28677850583216014, -30.67233928859448611 ) ) ;
#516 = CARTESIAN_POINT ( 'NONE',  ( 676.0809848964771618, 31.37650872022470239, 10.00693828836114108 ) ) ;
#517 = CARTESIAN_POINT ( 'NONE',  ( 732.2054512909390951, 66.74425772743448704, 42.53349273621645210 ) ) ;
#518 = CARTESIAN_POINT ( 'NONE',  ( 1156.388993308038835, 325.2754768907066705, -78.35832902382428244 ) ) ;
#519 = CARTESIAN_POINT ( 'NONE',  ( 1182.351880172886922, 432.8307945250438706, 23.17646837588613096 ) ) ;
#520 = CARTESIAN_POINT ( 'NONE',  ( 1052.671628093960862, 260.0118485840181961, -32.55391251008341413 ) ) ;
#521 = CARTESIAN_POINT ( 'NONE',  ( 579.4786520135106684, -3.993003805920332550, -18.81399334452996186 ) ) ;
#522 = CARTESIAN_POINT ( 'NONE',  ( 946.3582463007774095, 205.5543889855592852, 51.92131170815027019 ) ) ;
#523 = CARTESIAN_POINT ( 'NONE',  ( 1393.551404096760052, 982.6685408299541677, 60.63457927697291439 ) ) ;
#524 = CARTESIAN_POINT ( 'NONE',  ( 1106.080463366505001, 287.1176195647913687, -41.61972008027412073 ) ) ;
#525 = CARTESIAN_POINT ( 'NONE',  ( 1091.790029125826550, 338.1842612481633523, 51.67375625983476795 ) ) ;
#526 = CARTESIAN_POINT ( 'NONE',  ( 618.3016432860470104, 22.23077204858921974, 18.55974487186968602 ) ) ;
#527 = CARTESIAN_POINT ( 'NONE',  ( 1159.851950566194773, 314.2562637560768621, -88.98336408528044217 ) ) ;
#528 = CARTESIAN_POINT ( 'NONE',  ( 1249.619144734361953, 576.1825002640367757, 59.79453097571867914 ) ) ;
#529 = CARTESIAN_POINT ( 'NONE',  ( 676.1873969386946328, 28.53592264923691602, -27.65527641557506655 ) ) ;
#530 = CARTESIAN_POINT ( 'NONE',  ( 560.0000000000004547, -5.431594017233400074, -11.51143066835008000 ) ) ;
#531 = CARTESIAN_POINT ( 'NONE',  ( 1308.380279166909531, 718.7086161326180900, 57.41085955030460042 ) ) ;
#532 = CARTESIAN_POINT ( 'NONE',  ( 1368.316595837092564, 953.3244471839127527, 85.53169156652553795 ) ) ;
#533 = CARTESIAN_POINT ( 'NONE',  ( 842.9062270222140114, 121.8321736166704028, 41.82603838939687790 ) ) ;
#534 = CARTESIAN_POINT ( 'NONE',  ( 790.6252517765263974, 65.12367828147323223, -44.39911595703385672 ) ) ;
#535 = CARTESIAN_POINT ( 'NONE',  ( 579.3675450931042406, 11.54990881336744835, 1.969830797838637793 ) ) ;
#536 = CARTESIAN_POINT ( 'NONE',  ( 618.6720179206035937, 0.9451089095133167195, -29.16713823222085367 ) ) ;
#537 = CARTESIAN_POINT ( 'NONE',  ( 732.5605218609528038, 61.30569009431796701, 0.8592300563238035593 ) ) ;
#538 = CARTESIAN_POINT ( 'NONE',  ( 618.6551902060768953, 1.837489980622684538, -31.31694513524677959 ) ) ;
#539 = CARTESIAN_POINT ( 'NONE',  ( 560.0000000000001137, 1.001640456528646972, -17.93757430924733853 ) ) ;
#540 = CARTESIAN_POINT ( 'NONE',  ( 1054.889159773041683, 251.0994418324926016, -21.04003425942590155 ) ) ;
#541 = PERSON_AND_ORGANIZATION ( #4301, #6142 ) ;
#542 = CARTESIAN_POINT ( 'NONE',  ( 895.1219510406702966, 164.4735270008600025, 46.89428022546322694 ) ) ;
#543 = CARTESIAN_POINT ( 'NONE',  ( 1130.721250260648048, 407.0811145303472927, 83.73700946728310157 ) ) ;
#544 = CARTESIAN_POINT ( 'NONE',  ( 847.5196780538854000, 84.27537890735239046, -55.46281750258086163 ) ) ;
#545 = CARTESIAN_POINT ( 'NONE',  ( 732.7676701892045230, 58.20537477829952877, -10.46361528354197823 ) ) ;
#546 = CARTESIAN_POINT ( 'NONE',  ( 1158.704421349146287, 317.9436324799777367, -72.53605223877970332 ) ) ;
#547 = CARTESIAN_POINT ( 'NONE',  ( 1265.826944177685846, 537.8199156093650117, -4.678787563454167575 ) ) ;
#548 = CARTESIAN_POINT ( 'NONE',  ( 847.6437470620312524, 83.32576264557064860, -44.77692814773212859 ) ) ;
#549 = CARTESIAN_POINT ( 'NONE',  ( 841.9955791320223852, 129.2278849691231528, 52.67777613451948326 ) ) ;
#550 = CARTESIAN_POINT ( 'NONE',  ( 1413.771002385791235, 986.4829888156464222, 19.19133029371645094 ) ) ;
#551 = CARTESIAN_POINT ( 'NONE',  ( 1412.483025473911994, 953.9109454498751575, 15.51752471335604078 ) ) ;
#552 = CARTESIAN_POINT ( 'NONE',  ( 1417.584889104950207, 761.4158941366982845, -84.43084027953385373 ) ) ;
#553 = CARTESIAN_POINT ( 'NONE',  ( 898.5917840787145678, 141.7627076455347890, 7.840540545599648858 ) ) ;
#554 = CARTESIAN_POINT ( 'NONE',  ( 1145.447167770743363, 360.1158532477096514, -31.10366997959432567 ) ) ;
#555 = CARTESIAN_POINT ( 'NONE',  ( 956.5416466547644632, 149.9411344743834320, -48.69800934465614262 ) ) ;
#556 = CARTESIAN_POINT ( 'NONE',  ( 895.0097573024040685, 165.2163853271849234, 50.99563043738390888 ) ) ;
#557 = CARTESIAN_POINT ( 'NONE',  ( 846.7359698585999013, 90.71547433969944052, -29.23886426847492359 ) ) ;
#558 = CARTESIAN_POINT ( 'NONE',  ( 843.2927527349419279, 118.6925320237202186, 33.78190447645840777 ) ) ;
#559 = CARTESIAN_POINT ( 'NONE',  ( 1408.587020384291918, 994.1386898698696086, 31.51865695292198311 ) ) ;
#560 = CARTESIAN_POINT ( 'NONE',  ( 1424.140846717010845, 750.2266981869363462, -95.23799011778285717 ) ) ;
#561 = CARTESIAN_POINT ( 'NONE',  ( 618.4224843264618130, 15.57295763240301234, 15.88594207124796220 ) ) ;
#562 = CARTESIAN_POINT ( 'NONE',  ( 1315.843541837429484, 569.8099715947189452, -69.44272287076142902 ) ) ;
#563 = CARTESIAN_POINT ( 'NONE',  ( 1406.184526055812739, 780.8860951344380510, -50.86120509315123428 ) ) ;
#564 = CARTESIAN_POINT ( 'NONE',  ( 1044.620373491200098, 292.6903629758731427, 41.28261632880217746 ) ) ;
#565 = CARTESIAN_POINT ( 'NONE',  ( 1044.629872811269479, 292.6902610726252192, 61.31652004038259207 ) ) ;
#566 = CARTESIAN_POINT ( 'NONE',  ( 894.7890394158799836, 166.6801683423198028, 57.93829427967371259 ) ) ;
#567 = CARTESIAN_POINT ( 'NONE',  ( 1407.533791244213717, 995.6940979395172917, 40.21857352463253932 ) ) ;
#568 = CARTESIAN_POINT ( 'NONE',  ( 618.3065368938964639, 22.17462173768381462, 31.06183209968653713 ) ) ;
#569 = CARTESIAN_POINT ( 'NONE',  ( 1393.659110842003656, 681.4216876586679064, -94.79587203182225608 ) ) ;
#570 = CARTESIAN_POINT ( 'NONE',  ( 843.2069547353780763, 119.2793316152749554, 5.340220083866359602 ) ) ;
#571 = CARTESIAN_POINT ( 'NONE',  ( 1112.968647660270790, 262.5001053164297673, -79.43538761044101193 ) ) ;
#572 = CARTESIAN_POINT ( 'NONE',  ( 1292.183942827959527, 621.1153058603091495, 5.844914693130794703 ) ) ;
#573 = CARTESIAN_POINT ( 'NONE',  ( 1208.502669644406069, 357.8952930736097642, -96.03708121413052368 ) ) ;
#574 = CARTESIAN_POINT ( 'NONE',  ( 1410.073090564598715, 774.2373460244132275, -70.63904476040904967 ) ) ;
#575 = CARTESIAN_POINT ( 'NONE',  ( 1336.477220260963122, 662.6480283576070178, -16.94087136097338941 ) ) ;
#576 = CARTESIAN_POINT ( 'NONE',  ( 1271.544662967139175, 665.8902914045409034, 88.63747132136168716 ) ) ;
#577 = CARTESIAN_POINT ( 'NONE',  ( 1273.226078772020401, 662.2530541228766197, 95.81712576746140542 ) ) ;
#578 = CARTESIAN_POINT ( 'NONE',  ( 1010.247720007976682, 182.7286583152469461, -73.92387618690393936 ) ) ;
#579 = CARTESIAN_POINT ( 'NONE',  ( 1337.268822088210982, 661.0459218413221834, -36.58404524283652393 ) ) ;
#580 = CARTESIAN_POINT ( 'NONE',  ( 1394.962230189075171, 679.0359368398451352, -88.41852156967678411 ) ) ;
#581 = CARTESIAN_POINT ( 'NONE',  ( 1334.129466922678148, 667.3332491222927274, -9.906334599466019242 ) ) ;
#582 = CARTESIAN_POINT ( 'NONE',  ( 579.4831156389888065, -4.595081304690365798, -21.85303699596006766 ) ) ;
#583 = CARTESIAN_POINT ( 'NONE',  ( 560.0000000000001137, 7.165595645954707216, 21.92585702052144114 ) ) ;
#584 = APPLICATION_CONTEXT ( 'configuration controlled 3d designs of mechanical parts and assemblies' ) ;
#585 = CARTESIAN_POINT ( 'NONE',  ( 1428.736543132948555, 964.3818885336727362, -6.295631521225017124 ) ) ;
#586 = CARTESIAN_POINT ( 'NONE',  ( 1138.956791098094527, 380.8456677897389682, 31.06106219230172272 ) ) ;
#587 = CARTESIAN_POINT ( 'NONE',  ( 733.6672311575124468, 44.88194305545732732, -36.41105747100773726 ) ) ;
#588 = CARTESIAN_POINT ( 'NONE',  ( 1050.212034545040751, 270.0599165102858024, 14.56924266675905244 ) ) ;
#589 = CARTESIAN_POINT ( 'NONE',  ( 1176.099527079583140, 450.7136931781144540, 36.36406459710769212 ) ) ;
#590 = CARTESIAN_POINT ( 'NONE',  ( 1427.612830882304024, 966.0413860125250949, -11.12574425769241593 ) ) ;
#591 = CARTESIAN_POINT ( 'NONE',  ( 1059.951824285462862, 230.5755136087453252, -55.14794700072804545 ) ) ;
#592 = CARTESIAN_POINT ( 'NONE',  ( 1087.448911007857305, 353.6834954374883750, 71.08723327554581317 ) ) ;
#593 = CARTESIAN_POINT ( 'NONE',  ( 579.4694658776179494, -2.729407654067857791, -14.55063138672479184 ) ) ;
#594 = CARTESIAN_POINT ( 'NONE',  ( 1410.242547212601721, 991.6938089885150021, 33.92518146217427244 ) ) ;
#595 = CARTESIAN_POINT ( 'NONE',  ( 946.8432905153513275, 202.8888066027013224, 41.41710659144789730 ) ) ;
#596 = CARTESIAN_POINT ( 'NONE',  ( 734.0657560573499723, 39.01179509321467975, -42.03602065376038155 ) ) ;
#597 = CARTESIAN_POINT ( 'NONE',  ( 732.8154549136493188, 57.70434937238305650, 22.38930052887737432 ) ) ;
#598 = CARTESIAN_POINT ( 'NONE',  ( 1441.703763723920474, 945.2319060838945006, -37.34263552137517195 ) ) ;
#599 = CARTESIAN_POINT ( 'NONE',  ( 790.7463247472497869, 63.97427478905484577, -24.33568427663468015 ) ) ;
#600 = CARTESIAN_POINT ( 'NONE',  ( 1380.197741197612913, 934.6363114858154404, 53.53650582405070679 ) ) ;
#601 = CARTESIAN_POINT ( 'NONE',  ( 894.9553165444553997, 165.5849655205319095, 60.61856315252868654 ) ) ;
#602 = CARTESIAN_POINT ( 'NONE',  ( 1089.683901126150431, 345.7111546111065081, 67.24052260297406747 ) ) ;
#603 = CARTESIAN_POINT ( 'NONE',  ( 1041.780551438685961, 304.2380849921169670, 76.55622361958754141 ) ) ;
#604 = CARTESIAN_POINT ( 'NONE',  ( 675.8169346110361175, 37.63609461008307022, 27.86286926935417796 ) ) ;
#605 = CARTESIAN_POINT ( 'NONE',  ( 1392.099792651197959, 684.2913354494922942, -91.92932283887942901 ) ) ;
#606 = CARTESIAN_POINT ( 'NONE',  ( 791.5693693235136834, 55.22739763597116536, -45.54663137872701384 ) ) ;
#607 = CARTESIAN_POINT ( 'NONE',  ( 675.6959770411560839, 40.28574033479240057, 8.015470609100942667 ) ) ;
#608 = CARTESIAN_POINT ( 'NONE',  ( 1370.087986870865961, 595.5770873373556924, -107.2016402704966112 ) ) ;
#609 = CARTESIAN_POINT ( 'NONE',  ( 559.9999999999996589, 7.014488179597456075, 23.37033576110209765 ) ) ;
#610 = CARTESIAN_POINT ( 'NONE',  ( 732.2405002277282620, 66.18130046943339551, 32.78703010711975452 ) ) ;
#611 = CARTESIAN_POINT ( 'NONE',  ( 1010.518186739008684, 181.4699360136946211, -74.55356229452077343 ) ) ;
#612 = CARTESIAN_POINT ( 'NONE',  ( 947.0263413392691518, 201.9306763104546008, 58.57559906166729036 ) ) ;
#613 = CARTESIAN_POINT ( 'NONE',  ( 676.5319409978162639, 20.43973627404952254, -36.46567074744600490 ) ) ;
#614 = CARTESIAN_POINT ( 'NONE',  ( 1334.888372106140196, 665.7965758559447522, -29.60433654665916237 ) ) ;
#615 = CARTESIAN_POINT ( 'NONE',  ( 1442.376241335021632, 836.8644449164847856, -72.81213313408338195 ) ) ;
#616 = CARTESIAN_POINT ( 'NONE',  ( 1408.203282416331376, 890.5989570260021537, -2.350507906415065129 ) ) ;
#617 = CARTESIAN_POINT ( 'NONE',  ( 1444.538338288888554, 833.4650225510524706, -76.86969090901757795 ) ) ;
#618 = CARTESIAN_POINT ( 'NONE',  ( 732.2002485849087634, 66.82326897268049493, 41.32909651665048756 ) ) ;
#619 = EDGE_CURVE ( 'NONE', #3692, #2105, #3612, .T. ) ;
#620 = CARTESIAN_POINT ( 'NONE',  ( 1424.310743562146854, 970.9179062957298356, -4.209417779612904198 ) ) ;
#621 = CARTESIAN_POINT ( 'NONE',  ( 844.4669534145509715, 109.1536751061903203, 10.77163648203395674 ) ) ;
#622 = CARTESIAN_POINT ( 'NONE',  ( 1325.967665101009061, 547.8641738883122798, -93.93857601516216960 ) ) ;
#623 = CARTESIAN_POINT ( 'NONE',  ( 676.1550107769895703, 29.62001934271263082, 5.279142493985805373 ) ) ;
#624 = CARTESIAN_POINT ( 'NONE',  ( 1091.537082454587789, 339.0456741247825221, 31.91688266228038984 ) ) ;
#625 = CARTESIAN_POINT ( 'NONE',  ( 1187.661679610701640, 417.5693073572177809, -26.50906260614124577 ) ) ;
#626 = CARTESIAN_POINT ( 'NONE',  ( 1156.815895078888389, 323.9598543154226604, -63.72979545228700715 ) ) ;
#627 = CARTESIAN_POINT ( 'NONE',  ( 1270.811816376170100, 667.4806625290935926, 92.14516964889885742 ) ) ;
#628 = CARTESIAN_POINT ( 'NONE',  ( 676.5759072113212369, 19.59915600547849834, -20.59114811716790783 ) ) ;
#629 = CARTESIAN_POINT ( 'NONE',  ( 1284.901623103309021, 636.9312375412547453, 50.51745158888739695 ) ) ;
#630 = CARTESIAN_POINT ( 'NONE',  ( 1278.086923698004512, 651.6954076184557607, 60.54958289943379413 ) ) ;
#631 = CARTESIAN_POINT ( 'NONE',  ( 1331.557493134331253, 535.7492089782832636, -105.4043923998139860 ) ) ;
#632 = CARTESIAN_POINT ( 'NONE',  ( 732.7814934347095459, 58.20818254200382569, 23.76879993951483883 ) ) ;
#633 = CARTESIAN_POINT ( 'NONE',  ( 1429.287711530259003, 857.4366355142781231, -57.87375309714325056 ) ) ;
#634 = CARTESIAN_POINT ( 'NONE',  ( 1239.557515268739962, 446.3303642121878738, -50.27053607290039849 ) ) ;
#635 = CARTESIAN_POINT ( 'NONE',  ( 1172.280824947383735, 461.6658061250446394, 60.59259817713991225 ) ) ;
#636 = CARTESIAN_POINT ( 'NONE',  ( 995.0541574369997306, 253.6365036106166713, 73.43481312967554686 ) ) ;
#637 = CARTESIAN_POINT ( 'NONE',  ( 1378.107509610366833, 937.9302051844701964, 69.49996792414503943 ) ) ;
#638 = CARTESIAN_POINT ( 'NONE',  ( 675.6204753685976812, 42.27754793856342275, 34.53807509153888589 ) ) ;
#639 = CARTESIAN_POINT ( 'NONE',  ( 1356.195792001217342, 866.2371962765678290, 76.00243662946739676 ) ) ;
#640 = CARTESIAN_POINT ( 'NONE',  ( 1156.388993308038835, 325.2754768907066705, -78.35832902382428244 ) ) ;
#641 = CARTESIAN_POINT ( 'NONE',  ( 1062.921314962358792, 218.5206555996519171, -77.17414947782833679 ) ) ;
#642 = CARTESIAN_POINT ( 'NONE',  ( 1394.692208663308747, 911.8395013068600292, 16.86941837503706410 ) ) ;
#643 = CARTESIAN_POINT ( 'NONE',  ( 1113.124082342483689, 261.9171624225992900, -86.35899489406436658 ) ) ;
#644 = CARTESIAN_POINT ( 'NONE',  ( 1319.516017803745399, 561.8487557897531133, -78.85332706715932716 ) ) ;
#645 = CARTESIAN_POINT ( 'NONE',  ( 675.6240677821643885, 42.13904421354770591, 28.77015840179283046 ) ) ;
#646 = CARTESIAN_POINT ( 'NONE',  ( 791.2780143608686103, 58.27109975502155237, -49.19955528045849746 ) ) ;
#647 = CARTESIAN_POINT ( 'NONE',  ( 1302.004822903188597, 731.4478887531645341, 94.91136004877461119 ) ) ;
#648 = CARTESIAN_POINT ( 'NONE',  ( 1446.914985097688259, 829.7227924337369132, -86.50381974444972855 ) ) ;
#649 = CARTESIAN_POINT ( 'NONE',  ( 1001.405593228671137, 223.9360835570151664, -16.14541205448604444 ) ) ;
#650 = CARTESIAN_POINT ( 'NONE',  ( 1448.915732823719509, 934.5812750777639621, -44.53187722585738584 ) ) ;
#651 = CARTESIAN_POINT ( 'NONE',  ( 790.2162712105834999, 69.57811452971445476, -12.03887462075568138 ) ) ;
#652 = CARTESIAN_POINT ( 'NONE',  ( 1112.296502134168577, 264.9030795648135950, -75.44949700566128570 ) ) ;
#653 = CARTESIAN_POINT ( 'NONE',  ( 1367.532049972023060, 954.5585280293892083, 87.46830830066842566 ) ) ;
#654 = CARTESIAN_POINT ( 'NONE',  ( 560.0000000000001137, 2.103247359995584986, -16.07129344804397064 ) ) ;
#655 = CARTESIAN_POINT ( 'NONE',  ( 1186.110184591713278, 422.0628197404696493, 4.394549440994659051 ) ) ;
#656 = CARTESIAN_POINT ( 'NONE',  ( 1106.605385279654911, 285.1804990156047097, -65.37957353351717416 ) ) ;
#657 = CARTESIAN_POINT ( 'NONE',  ( 898.8662187676700341, 139.9641996940133026, 3.934766914800317927 ) ) ;
#658 = CARTESIAN_POINT ( 'NONE',  ( 895.9020981179502314, 159.3212136948228022, 24.82574701519669702 ) ) ;
#659 = CARTESIAN_POINT ( 'NONE',  ( 1051.324419133737592, 265.4750457297757293, -22.40414578065324847 ) ) ;
#660 = CARTESIAN_POINT ( 'NONE',  ( 1109.649913961877701, 274.3623403819130999, -61.24315877853160117 ) ) ;
#661 = CARTESIAN_POINT ( 'NONE',  ( 560.0000000000002274, 7.325488601107523756, 19.21195111746813922 ) ) ;
#662 = CARTESIAN_POINT ( 'NONE',  ( 1282.186338259287595, 499.1027845270539842, -62.22101662781423670 ) ) ;
#663 = CARTESIAN_POINT ( 'NONE',  ( 1215.796850910532839, 508.0153799074861354, 50.86229761699119223 ) ) ;
#664 = CARTESIAN_POINT ( 'NONE',  ( 1406.355509442968469, 997.4341836931694161, 37.01090848424344415 ) ) ;
#665 = CARTESIAN_POINT ( 'NONE',  ( 579.3665432435219600, 11.57918943989958827, 26.02173102629598134 ) ) ;
#666 = CARTESIAN_POINT ( 'NONE',  ( 618.5855838837793499, 5.735265476637982474, -31.12579048992472153 ) ) ;
#667 = CARTESIAN_POINT ( 'NONE',  ( 1136.004510799812124, 390.2502991454614971, 49.00707921126018363 ) ) ;
#668 = CARTESIAN_POINT ( 'NONE',  ( 1151.943822523080371, 339.4254798112078788, -61.71647987170437943 ) ) ;
#669 = CARTESIAN_POINT ( 'NONE',  ( 1404.781434447333822, 783.2813548944507147, -47.74238615568599187 ) ) ;
#670 = CARTESIAN_POINT ( 'NONE',  ( 1132.438928845690270, 401.5839439271442757, 53.92481309918175469 ) ) ;
#671 = CARTESIAN_POINT ( 'NONE',  ( 945.9295063329899449, 207.9130297283803941, 67.28764770812608731 ) ) ;
#672 = CARTESIAN_POINT ( 'NONE',  ( 1437.420510524928204, 916.0306379177955023, -44.05942771140043845 ) ) ;
#673 = CARTESIAN_POINT ( 'NONE',  ( 579.3863676254245547, 8.811665534520694010, 19.57518604710149646 ) ) ;
#674 = CARTESIAN_POINT ( 'NONE',  ( 1236.869198987476011, 606.3585320357141200, 103.9064652724633788 ) ) ;
#675 = CARTESIAN_POINT ( 'NONE',  ( 1090.465480288504295, 342.9180839339122144, 61.54097532976749818 ) ) ;
#676 = CARTESIAN_POINT ( 'NONE',  ( 1325.967665101009061, 547.8641738883122798, -93.93857601516216960 ) ) ;
#677 = CARTESIAN_POINT ( 'NONE',  ( 847.8303256031704223, 81.77558349939111793, -54.32221474773384529 ) ) ;
#678 = CARTESIAN_POINT ( 'NONE',  ( 1367.097529163738727, 847.6102379996174250, 32.46901484992439890 ) ) ;
#679 = CARTESIAN_POINT ( 'NONE',  ( 676.6770026466647323, 17.04480748372109744, -36.80452646652468474 ) ) ;
#680 = CARTESIAN_POINT ( 'NONE',  ( 618.4597637695707135, 12.79636088508475034, -23.05367610929536681 ) ) ;
#681 = CARTESIAN_POINT ( 'NONE',  ( 900.8027539849302912, 127.2716501574462313, -22.56117688737723981 ) ) ;
#682 = CARTESIAN_POINT ( 'NONE',  ( 1299.854997376960910, 735.7300449572053367, 89.49687765092235736 ) ) ;
#683 = CARTESIAN_POINT ( 'NONE',  ( 791.3175301401026900, 57.85813864022639308, -49.11346938826722663 ) ) ;
#684 = CARTESIAN_POINT ( 'NONE',  ( 946.9597041912462601, 202.2942227914867885, 59.64667493872553905 ) ) ;
#685 = CARTESIAN_POINT ( 'NONE',  ( 956.9768640109019771, 147.5054190956061575, -67.14065418816844044 ) ) ;
#686 = CARTESIAN_POINT ( 'NONE',  ( 1396.388012492971711, 676.4114954532270758, -91.60712491990970818 ) ) ;
#687 = CARTESIAN_POINT ( 'NONE',  ( 733.6055022817266718, 45.98199336378107915, -7.684397388804105944 ) ) ;
#688 = CARTESIAN_POINT ( 'NONE',  ( 847.7799722408253729, 82.21075576241004512, -47.44950652014680514 ) ) ;
#689 = CARTESIAN_POINT ( 'NONE',  ( 1086.074145298681287, 358.6075796262359745, 84.85322390484117250 ) ) ;
#690 = CARTESIAN_POINT ( 'NONE',  ( 560.0000000000000000, -1.381111564429927219, 0.5665364073611958151 ) ) ;
#691 = CARTESIAN_POINT ( 'NONE',  ( 559.9999999999997726, 0.1475862481228443213, 5.086723918875788009 ) ) ;
#692 = CARTESIAN_POINT ( 'NONE',  ( 733.2238705532316771, 51.43151887766485686, -26.68547083788010710 ) ) ;
#693 = CARTESIAN_POINT ( 'NONE',  ( 1388.168257213957077, 691.5271705936690978, -84.39107570207764297 ) ) ;
#694 = CARTESIAN_POINT ( 'NONE',  ( 1407.338163856590199, 891.9594266995234193, -0.3981348588606771211 ) ) ;
#695 = CARTESIAN_POINT ( 'NONE',  ( 997.6791744385541278, 241.3458775633286848, 27.07549848759770938 ) ) ;
#696 = CARTESIAN_POINT ( 'NONE',  ( 618.3399526414970069, 19.72542378462795654, -3.899169691343730815 ) ) ;
#697 = CARTESIAN_POINT ( 'NONE',  ( 1418.400961673351958, 760.0318951297838339, -76.86661192173808388 ) ) ;
#698 = CARTESIAN_POINT ( 'NONE',  ( 1240.446377907359647, 597.8851175818905404, 86.33241923469275036 ) ) ;
#699 = CARTESIAN_POINT ( 'NONE',  ( 676.5565023351817899, 20.06369112615443129, -19.41798360802423673 ) ) ;
#700 = CARTESIAN_POINT ( 'NONE',  ( 732.8838126475806121, 56.69032534640357568, 19.63792476305017232 ) ) ;
#701 = CARTESIAN_POINT ( 'NONE',  ( 1171.785634645600567, 463.0862668637524848, 63.90708062256142341 ) ) ;
#702 = CARTESIAN_POINT ( 'NONE',  ( 1369.016332167233713, 952.2280511960423155, 89.34763794812630522 ) ) ;
#703 = CARTESIAN_POINT ( 'NONE',  ( 1009.088501240835285, 188.1297246493941486, -68.86845531044433244 ) ) ;
#704 = CARTESIAN_POINT ( 'NONE',  ( 579.4050341164648898, 6.214416273369140598, 11.53228482501835117 ) ) ;
#705 = CARTESIAN_POINT ( 'NONE',  ( 1005.287362550612443, 205.8319120444126042, -48.19661838828269396 ) ) ;
#706 = CARTESIAN_POINT ( 'NONE',  ( 1318.337937037519623, 564.4271379156703006, -60.78717895168037444 ) ) ;
#707 = CARTESIAN_POINT ( 'NONE',  ( 1379.024916019118564, 936.4810435261470047, 56.64215828599436264 ) ) ;
#708 = CARTESIAN_POINT ( 'NONE',  ( 1086.891830802093409, 355.6851329918642364, 84.57746837557910169 ) ) ;
#709 = CARTESIAN_POINT ( 'NONE',  ( 618.4501507361735548, 13.34157387217402047, -22.12335187013226090 ) ) ;
#710 = CC_DESIGN_PERSON_AND_ORGANIZATION_ASSIGNMENT ( #5961, #2130, ( #3734 ) ) ;
#711 = CARTESIAN_POINT ( 'NONE',  ( 1267.027208871926860, 675.6922221416082266, 108.9170970813753030 ) ) ;
#712 = CARTESIAN_POINT ( 'NONE',  ( 618.3813710688566516, 17.92091686509147763, 23.04407885675575329 ) ) ;
#713 = CARTESIAN_POINT ( 'NONE',  ( 945.7306006134527934, 209.0053747536443041, 66.14710953433318252 ) ) ;
#714 = CARTESIAN_POINT ( 'NONE',  ( 732.6160196700277538, 60.66280230958158626, 30.67073975311935286 ) ) ;
#715 = CARTESIAN_POINT ( 'NONE',  ( 1008.112576869914847, 192.6710489319998487, -64.59550894038643776 ) ) ;
#716 = CARTESIAN_POINT ( 'NONE',  ( 1294.850729704610103, 469.1256046547384813, -103.2072244775312413 ) ) ;
#717 = CARTESIAN_POINT ( 'NONE',  ( 1318.978499286916531, 697.5516213841127637, 20.48039701000212531 ) ) ;
#718 = CARTESIAN_POINT ( 'NONE',  ( 618.6467396233572344, 2.317964473545725212, -31.59261021577881934 ) ) ;
#719 = CARTESIAN_POINT ( 'NONE',  ( 1274.387979101311203, 517.5580725835231988, -36.13386042860496161 ) ) ;
#720 = CARTESIAN_POINT ( 'NONE',  ( 842.1707833665972203, 127.7783793950013376, 43.74977655580519809 ) ) ;
#721 = CARTESIAN_POINT ( 'NONE',  ( 734.2250589382279031, 36.67333662432843511, -42.98425257784484899 ) ) ;
#722 = CARTESIAN_POINT ( 'NONE',  ( 842.6056357383374689, 124.2752603037358057, 48.87290354025448380 ) ) ;
#723 = CARTESIAN_POINT ( 'NONE',  ( 579.4579528161067401, -1.045801948862779218, -26.04005854378390694 ) ) ;
#724 = CARTESIAN_POINT ( 'NONE',  ( 957.1444600369301270, 146.6428856084905874, -55.03913038090954046 ) ) ;
#725 = CARTESIAN_POINT ( 'NONE',  ( 899.9817981663444471, 132.6526490959388980, -11.63287590410963013 ) ) ;
#726 = CARTESIAN_POINT ( 'NONE',  ( 1330.547544287074743, 537.9550100537643402, -94.80846242724075523 ) ) ;
#727 = CARTESIAN_POINT ( 'NONE',  ( 1167.109126047910422, 476.5025059793669016, 97.42257113426479975 ) ) ;
#728 = CARTESIAN_POINT ( 'NONE',  ( 1144.594462771278586, 362.8875824183342047, -1.416754081859035175 ) ) ;
#729 = CARTESIAN_POINT ( 'NONE',  ( 789.3446660922943465, 78.78798529906006820, 9.744264402067662090 ) ) ;
#730 = CARTESIAN_POINT ( 'NONE',  ( 618.4239311978085425, 14.83494203649513388, -19.25814119056423834 ) ) ;
#731 = CARTESIAN_POINT ( 'NONE',  ( 1282.906605555032456, 497.3677973064413891, -79.88281579884130679 ) ) ;
#732 = CARTESIAN_POINT ( 'NONE',  ( 899.0506254471570173, 138.7556795083804104, 1.335291513411786646 ) ) ;
#733 = CARTESIAN_POINT ( 'NONE',  ( 579.3615661652939934, 12.34157378301819818, 11.71851437875213087 ) ) ;
#734 = CARTESIAN_POINT ( 'NONE',  ( 791.3051889087491872, 58.05412216732695185, -37.42917326993433136 ) ) ;
#735 = CARTESIAN_POINT ( 'NONE',  ( 1371.153425093266378, 948.8626544115900288, 78.29685343703403078 ) ) ;
#736 = CARTESIAN_POINT ( 'NONE',  ( 1414.771387440090848, 766.2276240021351441, -69.33714845861445042 ) ) ;
#737 = CARTESIAN_POINT ( 'NONE',  ( 998.9539299836026203, 235.4541639395156096, 37.43396932301056523 ) ) ;
#738 = CARTESIAN_POINT ( 'NONE',  ( 787.8653978176402006, 94.36181136772886191, 34.35863204374570756 ) ) ;
#739 = CARTESIAN_POINT ( 'NONE',  ( 1401.315818622153074, 1004.876795631003802, 52.79450941680747889 ) ) ;
#740 = CARTESIAN_POINT ( 'NONE',  ( 1008.687806870387249, 189.9937522133329821, -67.19272768019276043 ) ) ;
#741 = CARTESIAN_POINT ( 'NONE',  ( 579.4030245434063318, 6.493821545134982998, 12.37644514062995249 ) ) ;
#742 = CARTESIAN_POINT ( 'NONE',  ( 1394.692208663308747, 911.8395013068600292, 16.86941837503706410 ) ) ;
#743 = CARTESIAN_POINT ( 'NONE',  ( 899.6050373198987700, 135.0044782501236966, -37.04270434372622844 ) ) ;
#744 = CARTESIAN_POINT ( 'NONE',  ( 1352.377766620227703, 630.9187317857054040, -61.55617610048626176 ) ) ;
#745 = CARTESIAN_POINT ( 'NONE',  ( 1276.309098582341448, 655.5525954551575296, 67.99268710612176392 ) ) ;
#746 = CARTESIAN_POINT ( 'NONE',  ( 732.2254458761514115, 66.44299084806459632, 42.68752427985451448 ) ) ;
#747 = CARTESIAN_POINT ( 'NONE',  ( 732.6160196700277538, 60.66280230958158626, 30.67073975311935286 ) ) ;
#748 = CARTESIAN_POINT ( 'NONE',  ( 1409.080962510017798, 993.4092364783364246, 36.61763013109796816 ) ) ;
#749 = CARTESIAN_POINT ( 'NONE',  ( 1445.507964323246824, 939.6138652553644306, -43.36719950916474176 ) ) ;
#750 = CARTESIAN_POINT ( 'NONE',  ( 1402.234359634457405, 665.6476817865858493, -105.6981027236062829 ) ) ;
#751 = CARTESIAN_POINT ( 'NONE',  ( 1369.562349911753472, 843.4016014284777611, 25.66784867011030613 ) ) ;
#752 = CARTESIAN_POINT ( 'NONE',  ( 1453.698538569806033, 927.5180308415973514, -53.76593759343663947 ) ) ;
#753 = CARTESIAN_POINT ( 'NONE',  ( 1005.527233219935397, 204.7972479058572901, -23.81400736220640013 ) ) ;
#754 = CARTESIAN_POINT ( 'NONE',  ( 560.0000000000002274, 7.325488601107523756, 19.21195111746813922 ) ) ;
#755 = CARTESIAN_POINT ( 'NONE',  ( 847.5729332513625423, 83.84613570273633343, -55.48407644358088930 ) ) ;
#756 = CARTESIAN_POINT ( 'NONE',  ( 1329.353543045168635, 799.8207357745594663, 88.21440500344799318 ) ) ;
#757 = CARTESIAN_POINT ( 'NONE',  ( 791.0583539225560799, 60.57227014008543620, -48.44955586281081850 ) ) ;
#758 = CARTESIAN_POINT ( 'NONE',  ( 1444.538338288888554, 833.4650225510524706, -76.86969090901757795 ) ) ;
#759 = CARTESIAN_POINT ( 'NONE',  ( 1366.028811090678801, 603.6806333316397968, -95.82836669870218316 ) ) ;
#760 = CARTESIAN_POINT ( 'NONE',  ( 1366.682013296011519, 955.8970841635078841, 90.98039151477523490 ) ) ;
#761 = CARTESIAN_POINT ( 'NONE',  ( 559.9999999999998863, 7.463820974818281329, 8.589579426281723329 ) ) ;
#762 = CARTESIAN_POINT ( 'NONE',  ( 579.3815936371424868, 9.472982926037726514, 21.69741123257450610 ) ) ;
#763 = CARTESIAN_POINT ( 'NONE',  ( 1414.413951273629209, 950.9777905540992151, 11.20438058122646119 ) ) ;
#764 = CARTESIAN_POINT ( 'NONE',  ( 1237.678279405183503, 451.1661910999994802, -62.28568824458707098 ) ) ;
#765 = CARTESIAN_POINT ( 'NONE',  ( 1413.124481305007748, 769.0291026504754655, -76.40623933749880337 ) ) ;
#766 = CARTESIAN_POINT ( 'NONE',  ( 1419.615981701845840, 943.0756737906970102, -0.2209300189690794891 ) ) ;
#767 = CARTESIAN_POINT ( 'NONE',  ( 1009.511086481935877, 186.2146708885807982, -55.62311282174930227 ) ) ;
#768 = CARTESIAN_POINT ( 'NONE',  ( 946.1413375331907218, 206.7479361859136304, 57.50938640898028353 ) ) ;
#769 = CARTESIAN_POINT ( 'NONE',  ( 1356.236632886719235, 623.2188879829485586, -71.51768387009867922 ) ) ;
#770 = CARTESIAN_POINT ( 'NONE',  ( 1413.392303125342778, 987.0422516230000838, 26.77929464769214363 ) ) ;
#771 = CARTESIAN_POINT ( 'NONE',  ( 842.2673866393724893, 126.9816891247197645, 38.94828747608742248 ) ) ;
#772 = CARTESIAN_POINT ( 'NONE',  ( 1371.271492696041605, 948.6822992183834913, 86.44547861598910288 ) ) ;
#773 = CARTESIAN_POINT ( 'NONE',  ( 1204.679130917517114, 368.8311161963932818, -89.79095692484905555 ) ) ;
#774 = CARTESIAN_POINT ( 'NONE',  ( 1315.904249644627043, 703.7055524337338284, 47.27412121726285932 ) ) ;
#775 = CARTESIAN_POINT ( 'NONE',  ( 952.3025214547355972, 173.0030359640173003, -35.71016302244265006 ) ) ;
#776 = CARTESIAN_POINT ( 'NONE',  ( 1430.990553877822094, 854.7663809213987633, -50.97086821096867482 ) ) ;
#777 = CARTESIAN_POINT ( 'NONE',  ( 842.2673866393724893, 126.9816891247197645, 38.94828747608742248 ) ) ;
#778 = CARTESIAN_POINT ( 'NONE',  ( 895.3637393192044556, 162.9110360438059502, 57.47912742930688523 ) ) ;
#779 = CARTESIAN_POINT ( 'NONE',  ( 994.7565241577818824, 255.0271405703672372, 73.80021858764852993 ) ) ;
#780 = CARTESIAN_POINT ( 'NONE',  ( 675.8258483762180049, 37.42525194937562105, 27.25768509742292522 ) ) ;
#781 = CARTESIAN_POINT ( 'NONE',  ( 787.7177203303955366, 95.97015012863820971, 47.59136582520767433 ) ) ;
#782 = CARTESIAN_POINT ( 'NONE',  ( 997.5621787758968821, 241.9455186863601455, 51.84009059516138507 ) ) ;
#783 = CARTESIAN_POINT ( 'NONE',  ( 1324.408642294901938, 551.2433101873252781, -90.46326080428120520 ) ) ;
#784 = CARTESIAN_POINT ( 'NONE',  ( 1453.698538569806033, 927.5180308415973514, -53.76593759343663947 ) ) ;
#785 = CARTESIAN_POINT ( 'NONE',  ( 1090.769998833158979, 341.7912244615657755, 38.70607296137980313 ) ) ;
#786 = CARTESIAN_POINT ( 'NONE',  ( 618.6420738609452883, 2.583229332169322046, -31.69647847282890751 ) ) ;
#787 = CARTESIAN_POINT ( 'NONE',  ( 953.7867867943039073, 164.9953629178299934, -21.54708632742419283 ) ) ;
#788 = CARTESIAN_POINT ( 'NONE',  ( 1324.702244748545127, 808.3779109445522408, 91.65276421464614032 ) ) ;
#789 = CARTESIAN_POINT ( 'NONE',  ( 788.2439765366423217, 90.41618679317535623, 39.70673876371837707 ) ) ;
#790 = CARTESIAN_POINT ( 'NONE',  ( 790.8629317977208757, 62.62699385970027777, -46.63960733845669182 ) ) ;
#791 = CARTESIAN_POINT ( 'NONE',  ( 1422.827468315910664, 752.4757025254709788, -86.03094662606757481 ) ) ;
#792 = CARTESIAN_POINT ( 'NONE',  ( 559.9999999999998863, -7.522182302541048138, -20.38345338046513433 ) ) ;
#793 = CARTESIAN_POINT ( 'NONE',  ( 1203.375062840270857, 540.2632304305727757, 102.2942499789086526 ) ) ;
#794 = CARTESIAN_POINT ( 'NONE',  ( 560.0000000000000000, 7.317860646648564504, 24.57117483896571741 ) ) ;
#795 = CARTESIAN_POINT ( 'NONE',  ( 1209.455548773723649, 524.4800730889062379, 81.30576188973527962 ) ) ;
#796 = CARTESIAN_POINT ( 'NONE',  ( 733.3846359255721836, 49.26051727367815403, 0.4860927394029960769 ) ) ;
#797 = CARTESIAN_POINT ( 'NONE',  ( 842.7021338036610132, 123.4931253220975123, 46.28689969705492757 ) ) ;
#798 = CARTESIAN_POINT ( 'NONE',  ( 579.3979906824517911, 7.346807724650669336, -14.95527474400930501 ) ) ;
#799 = CARTESIAN_POINT ( 'NONE',  ( 1438.249676245005730, 843.3461556129544761, -73.33404536553304354 ) ) ;
#800 = CARTESIAN_POINT ( 'NONE',  ( 579.4304975279244445, 2.673854316884970661, 1.149017232608693595 ) ) ;
#801 = CARTESIAN_POINT ( 'NONE',  ( 947.4339813548457414, 199.6463803498313894, 29.88652881857735011 ) ) ;
#802 = CARTESIAN_POINT ( 'NONE',  ( 956.7544193880232797, 148.7778499978301738, -50.78443568335583080 ) ) ;
#803 = CARTESIAN_POINT ( 'NONE',  ( 1370.581299383292617, 949.7625379328750341, 79.88856761885681124 ) ) ;
#804 = CARTESIAN_POINT ( 'NONE',  ( 1320.630736425302530, 559.4559783957113268, -67.37626467196055557 ) ) ;
#805 = CARTESIAN_POINT ( 'NONE',  ( 1094.139826949169674, 329.7867144822468504, 34.85254845636577414 ) ) ;
#806 = CARTESIAN_POINT ( 'NONE',  ( 1305.318718601622550, 724.8209913679868350, 68.66553470241161961 ) ) ;
#807 = CARTESIAN_POINT ( 'NONE',  ( 579.3710649568398594, 10.95261586421773181, 25.30600485852048820 ) ) ;
#808 = CARTESIAN_POINT ( 'NONE',  ( 1290.292757284779100, 479.8956629783375547, -97.93330736836492179 ) ) ;
#809 = CARTESIAN_POINT ( 'NONE',  ( 949.2259418112348612, 189.9117835835654091, 30.10129710766762656 ) ) ;
#810 = CARTESIAN_POINT ( 'NONE',  ( 1349.239926786237902, 763.1910826341382972, 12.98664722647979630 ) ) ;
#811 = CARTESIAN_POINT ( 'NONE',  ( 579.4042782964344269, 6.470150477376778397, -16.83720772503760799 ) ) ;
#812 = CARTESIAN_POINT ( 'NONE',  ( 579.4714486538736082, -3.003182908346907709, -15.39707858910956872 ) ) ;
#813 = CARTESIAN_POINT ( 'NONE',  ( 560.0000000000002274, 7.458513349019809446, 16.68902791483584025 ) ) ;
#814 = UNCERTAINTY_MEASURE_WITH_UNIT (LENGTH_MEASURE( 1.000000000000000082E-05 ), #5780, 'distance_accuracy_value', 'NONE');
#815 = CARTESIAN_POINT ( 'NONE',  ( 1325.524853859487621, 806.8709048452392381, 100.9777202540200278 ) ) ;
#816 = CARTESIAN_POINT ( 'NONE',  ( 1056.145228384237498, 245.9345040032638678, -54.24651420101354660 ) ) ;
#817 = CARTESIAN_POINT ( 'NONE',  ( 1173.417649440267269, 458.4302053769575878, 70.92138822500844242 ) ) ;
#818 = CARTESIAN_POINT ( 'NONE',  ( 560.0000000000002274, 3.951673525938101506, 16.82655075878676598 ) ) ;
#819 = CARTESIAN_POINT ( 'NONE',  ( 1441.920969352167958, 909.1940009693112188, -51.54505529737328828 ) ) ;
#820 = CARTESIAN_POINT ( 'NONE',  ( 676.6897166763966425, 16.74538989112887322, -36.64870046426521810 ) ) ;
#821 = CARTESIAN_POINT ( 'NONE',  ( 1386.144042808153245, 925.2837403026730954, 38.12894742833165651 ) ) ;
#822 = CARTESIAN_POINT ( 'NONE',  ( 957.3472550450454719, 145.4866609312691708, -68.20990246611469843 ) ) ;
#823 = CARTESIAN_POINT ( 'NONE',  ( 1348.976606917371555, 878.5596335941119150, 85.99675750269334173 ) ) ;
#824 = CARTESIAN_POINT ( 'NONE',  ( 1328.792181844127981, 800.8543784610797047, 90.03626347499350402 ) ) ;
#825 = CARTESIAN_POINT ( 'NONE',  ( 1110.095579339086044, 272.7223534922967474, -78.76331688077057436 ) ) ;
#826 = CARTESIAN_POINT ( 'NONE',  ( 950.0638522996687243, 185.2397254236599906, -10.68090737047582905 ) ) ;
#827 = CARTESIAN_POINT ( 'NONE',  ( 1424.223256946495894, 750.0934459534653342, -88.75470664402811849 ) ) ;
#828 = CARTESIAN_POINT ( 'NONE',  ( 1000.934109931606940, 226.1371982598888906, -11.35419926038152205 ) ) ;
#829 = CARTESIAN_POINT ( 'NONE',  ( 1399.117253795573106, 671.3882915271281036, -97.42343735089733059 ) ) ;
#830 = CARTESIAN_POINT ( 'NONE',  ( 1399.836137383935011, 1007.061987865865945, 53.51430445638413858 ) ) ;
#831 = CARTESIAN_POINT ( 'NONE',  ( 560.0000000000000000, 0.2223061559400220377, 5.307655232305635629 ) ) ;
#832 = CARTESIAN_POINT ( 'NONE',  ( 1406.321147929902963, 997.4849287520306689, 42.93239856664029475 ) ) ;
#833 = CARTESIAN_POINT ( 'NONE',  ( 1360.490808897701754, 742.4927078250597106, -2.842820294164057238 ) ) ;
#834 = CARTESIAN_POINT ( 'NONE',  ( 1089.127368835663674, 347.7006536953387013, 71.49831892655269883 ) ) ;
#835 = CARTESIAN_POINT ( 'NONE',  ( 579.4015108264021592, 6.856249280270557023, -16.03560291128722071 ) ) ;
#836 = CARTESIAN_POINT ( 'NONE',  ( 956.7544193880232797, 148.7778499978301738, -50.78443568335583080 ) ) ;
#837 = CARTESIAN_POINT ( 'NONE',  ( 1183.925865970132918, 428.2761591235330911, -7.685961062761461626 ) ) ;
#838 = CARTESIAN_POINT ( 'NONE',  ( 1386.144042808153245, 925.2837403026730954, 38.12894742833165651 ) ) ;
#839 = CARTESIAN_POINT ( 'NONE',  ( 734.2754337540511642, 36.01698145337768153, -31.36029380242027287 ) ) ;
#840 = CARTESIAN_POINT ( 'NONE',  ( 1347.245948280322409, 881.5157818616679606, 91.37268570370636667 ) ) ;
#841 = CARTESIAN_POINT ( 'NONE',  ( 1387.123807426858548, 693.4645153943378091, -70.57044953043356372 ) ) ;
#842 = CARTESIAN_POINT ( 'NONE',  ( 1407.704777302077218, 961.1692686249785993, 26.37516280539631452 ) ) ;
#843 = AXIS2_PLACEMENT_3D ( 'NONE', #4510, #5599, #1155 ) ;
#844 = CARTESIAN_POINT ( 'NONE',  ( 1170.796992925306313, 465.9224201422918554, 70.60297421369638471 ) ) ;
#845 = CARTESIAN_POINT ( 'NONE',  ( 895.5607666970900027, 161.6260015879570346, 55.25149764594802093 ) ) ;
#846 = CARTESIAN_POINT ( 'NONE',  ( 1060.280258104082804, 229.1907651258918008, -73.45918491586949983 ) ) ;
#847 = CARTESIAN_POINT ( 'NONE',  ( 999.6706893174387005, 232.1111374686491899, 30.26689585827683260 ) ) ;
#848 = CARTESIAN_POINT ( 'NONE',  ( 948.5016266278807961, 193.7928757553575565, 11.65615747866315566 ) ) ;
#849 = CARTESIAN_POINT ( 'NONE',  ( 789.6294635248301574, 75.60679569677043332, -30.18934755927696756 ) ) ;
#850 = CARTESIAN_POINT ( 'NONE',  ( 1437.519518673514540, 915.8791426650794847, -37.00842045071119202 ) ) ;
#851 = CARTESIAN_POINT ( 'NONE',  ( 1375.541871646530353, 941.9595871061626440, 65.99618599909460670 ) ) ;
#852 = CARTESIAN_POINT ( 'NONE',  ( 1169.539834134870489, 469.5399287046295740, 92.10687046247994658 ) ) ;
#853 = CARTESIAN_POINT ( 'NONE',  ( 1151.305593584376538, 341.4576133341045079, -59.05503258163096092 ) ) ;
#854 = CARTESIAN_POINT ( 'NONE',  ( 1212.382157247834584, 516.8812882970631790, 67.14241102557254237 ) ) ;
#855 = CARTESIAN_POINT ( 'NONE',  ( 560.0000000000000000, 7.164983649110307162, 22.42793272245587133 ) ) ;
#856 = CARTESIAN_POINT ( 'NONE',  ( 675.8430692899845553, 37.01799307846383158, 26.05747472836047862 ) ) ;
#857 = CARTESIAN_POINT ( 'NONE',  ( 1058.355493320677851, 236.9814797617240174, -65.41553614397862759 ) ) ;
#858 = CARTESIAN_POINT ( 'NONE',  ( 1062.688178266142131, 219.4446279296762441, -80.62209558410444288 ) ) ;
#859 = CARTESIAN_POINT ( 'NONE',  ( 1189.957872702541181, 411.0389882402936337, -14.22109030125266216 ) ) ;
#860 = CARTESIAN_POINT ( 'NONE',  ( 560.0000000000000000, 7.468396644457793165, 8.867306476535512516 ) ) ;
#861 = CARTESIAN_POINT ( 'NONE',  ( 1112.942326306046198, 262.5609164836296827, -87.03941370670698063 ) ) ;
#862 = CARTESIAN_POINT ( 'NONE',  ( 1403.432814771034828, 1001.750417174420704, 44.38846425254012473 ) ) ;
#863 = CARTESIAN_POINT ( 'NONE',  ( 1352.549883559893260, 872.4633140301563117, 86.29224866428981500 ) ) ;
#864 = CARTESIAN_POINT ( 'NONE',  ( 618.5855838837793499, 5.735265476637982474, -31.12579048992472153 ) ) ;
#865 = CARTESIAN_POINT ( 'NONE',  ( 1397.755750572212946, 673.8941565297548095, -94.51072008267664160 ) ) ;
#866 = CARTESIAN_POINT ( 'NONE',  ( 732.7106856522337921, 59.05636184437469183, -7.654483917708604146 ) ) ;
#867 = CARTESIAN_POINT ( 'NONE',  ( 1112.968647660270790, 262.5001053164297673, -79.43538761044101193 ) ) ;
#868 = CARTESIAN_POINT ( 'NONE',  ( 1319.963002868071953, 817.1074209761309248, 108.5709294119380672 ) ) ;
#869 = CARTESIAN_POINT ( 'NONE',  ( 1304.158804478882985, 595.1717029845585785, -16.60463804043547853 ) ) ;
#870 = CARTESIAN_POINT ( 'NONE',  ( 996.9743768239482051, 244.6868461584066381, 57.91185431346016088 ) ) ;
#871 = CARTESIAN_POINT ( 'NONE',  ( 1171.660053390847224, 463.4667149964467399, 80.63943280822262238 ) ) ;
#872 = CARTESIAN_POINT ( 'NONE',  ( 560.0000000000002274, 3.822318919508504553, -12.23408168076810831 ) ) ;
#873 = CARTESIAN_POINT ( 'NONE',  ( 618.6586089384583147, 1.886067342050619100, -23.26236481911742615 ) ) ;
#874 = CARTESIAN_POINT ( 'NONE',  ( 1049.454383855925698, 273.0617690938661326, -6.849971671007475393 ) ) ;
#875 = CARTESIAN_POINT ( 'NONE',  ( 675.6574701824785052, 41.24746056683023454, 15.52270351957759331 ) ) ;
#876 = CARTESIAN_POINT ( 'NONE',  ( 734.3402782290077084, 35.04632906679596971, -34.11049503105673608 ) ) ;
#877 = CARTESIAN_POINT ( 'NONE',  ( 1402.784273016210818, 1002.708183191874923, 46.13800226007337812 ) ) ;
#878 = CARTESIAN_POINT ( 'NONE',  ( 618.6403354373220509, 2.987599114992438576, -19.65210752212905021 ) ) ;
#879 = CARTESIAN_POINT ( 'NONE',  ( 579.4070555760578145, 5.933363679289664461, 10.68842237153246622 ) ) ;
#880 = CARTESIAN_POINT ( 'NONE',  ( 1352.840274575980175, 871.9604398283798901, 73.91290161283225757 ) ) ;
#881 = CARTESIAN_POINT ( 'NONE',  ( 1300.600272692610361, 734.2513389980908869, 100.4278232909683055 ) ) ;
#882 = CARTESIAN_POINT ( 'NONE',  ( 846.5475262048350942, 92.14071731757985617, -49.02154705391131984 ) ) ;
#883 = CARTESIAN_POINT ( 'NONE',  ( 1288.841006006855196, 628.3882349702871579, 36.19967861500352768 ) ) ;
#884 = CARTESIAN_POINT ( 'NONE',  ( 1094.211626268614282, 329.4758908354343134, 9.840145039627842038 ) ) ;
#885 = CARTESIAN_POINT ( 'NONE',  ( 560.0000000000000000, 2.889332507372085690, -14.43339293254123135 ) ) ;
#886 = CARTESIAN_POINT ( 'NONE',  ( 956.1091246021921961, 152.3057227749304730, -44.54211641940155175 ) ) ;
#887 = CARTESIAN_POINT ( 'NONE',  ( 1397.324051526247786, 976.9390572721150647, 43.38866835026025370 ) ) ;
#888 = CARTESIAN_POINT ( 'NONE',  ( 618.3322492971327620, 20.67845517213481088, 30.47652263386603977 ) ) ;
#889 = CARTESIAN_POINT ( 'NONE',  ( 560.0000000000001137, 2.189057490946495488, -15.86350295843719138 ) ) ;
#890 = CARTESIAN_POINT ( 'NONE',  ( 732.6538702000765397, 60.10148001174188437, 29.06041785490287310 ) ) ;
#891 = CARTESIAN_POINT ( 'NONE',  ( 1332.519154844809236, 533.6648169626299705, -107.3080820260451986 ) ) ;
#892 = CARTESIAN_POINT ( 'NONE',  ( 579.3912042096341111, 8.138211155698311217, 17.45246830467119636 ) ) ;
#893 = CARTESIAN_POINT ( 'NONE',  ( 1058.755225238342518, 235.3639672314791653, -67.25679903850790708 ) ) ;
#894 = CARTESIAN_POINT ( 'NONE',  ( 734.3266419612313030, 35.18190385732124525, -42.58997782204097859 ) ) ;
#895 = CARTESIAN_POINT ( 'NONE',  ( 1393.844400791320368, 801.9533778815118694, -22.23763346695042742 ) ) ;
#896 = CARTESIAN_POINT ( 'NONE',  ( 1411.629970659110086, 989.6448629969913782, 24.22330216019140892 ) ) ;
#897 = CARTESIAN_POINT ( 'NONE',  ( 1252.791034801565502, 411.9542515465512906, -103.3379615000497154 ) ) ;
#898 = CARTESIAN_POINT ( 'NONE',  ( 675.6249610104638350, 42.13685533404454731, 31.17266775469929740 ) ) ;
#899 = CARTESIAN_POINT ( 'NONE',  ( 560.0000000000002274, 4.859236579691612157, 19.85227337974621875 ) ) ;
#900 = CARTESIAN_POINT ( 'NONE',  ( 618.5775880941440619, 6.179133582228257815, -30.79699892920877957 ) ) ;
#901 = CARTESIAN_POINT ( 'NONE',  ( 1207.122505236984580, 361.8649218108098466, -86.84638180742531688 ) ) ;
#902 = CARTESIAN_POINT ( 'NONE',  ( 618.3475008104605877, 19.27241765732320999, -6.005771807847681387 ) ) ;
#903 = CARTESIAN_POINT ( 'NONE',  ( 1447.993358357883608, 828.0330817873320939, -83.17716482891434282 ) ) ;
#904 = CARTESIAN_POINT ( 'NONE',  ( 1267.848861462226296, 673.9107113025924036, 108.7709459461018469 ) ) ;
#905 = CARTESIAN_POINT ( 'NONE',  ( 1100.325168800860183, 307.6834376844805661, -6.572853939986246452 ) ) ;
#906 = CARTESIAN_POINT ( 'NONE',  ( 1274.799303475433817, 658.8403295102516495, 88.60518947089610720 ) ) ;
#907 = CARTESIAN_POINT ( 'NONE',  ( 1002.910320936560424, 217.0022786292670673, -0.4751640731442091647 ) ) ;
#908 = CARTESIAN_POINT ( 'NONE',  ( 732.4902485417555908, 62.53194452162296102, 36.19151004987121212 ) ) ;
#909 = CARTESIAN_POINT ( 'NONE',  ( 1002.918823323004176, 216.8748399398670301, -30.28983879609666729 ) ) ;
#910 = CARTESIAN_POINT ( 'NONE',  ( 902.7566591595597174, 114.4577765661986319, -46.99104350254516049 ) ) ;
#911 = CARTESIAN_POINT ( 'NONE',  ( 560.0000000000000000, 6.238792681244744287, -3.003924660270067548 ) ) ;
#912 = CARTESIAN_POINT ( 'NONE',  ( 1328.229183892530500, 542.9809260055247933, -88.63685571290554321 ) ) ;
#913 = CARTESIAN_POINT ( 'NONE',  ( 1204.665621556455790, 536.9086316939753942, 93.77815383277724948 ) ) ;
#914 = CARTESIAN_POINT ( 'NONE',  ( 1411.466980372354101, 989.8855669403637876, 31.13546899299307924 ) ) ;
#915 = CARTESIAN_POINT ( 'NONE',  ( 579.4767000282680556, -3.726246172175625926, -17.80899149535511228 ) ) ;
#916 = CARTESIAN_POINT ( 'NONE',  ( 559.9999999999996589, 1.407768882121344101, 8.868494798413381730 ) ) ;
#917 = CARTESIAN_POINT ( 'NONE',  ( 1372.252524812004367, 947.1393930930264560, 84.83995812404833714 ) ) ;
#918 = CARTESIAN_POINT ( 'NONE',  ( 1447.981378500008987, 935.9611289003619277, -47.03019493030205922 ) ) ;
#919 = CARTESIAN_POINT ( 'NONE',  ( 1395.821684724786337, 910.0705209710524741, 26.20660007597327024 ) ) ;
#920 = CARTESIAN_POINT ( 'NONE',  ( 675.9467252673108533, 34.23634329675067534, -16.42902872691496086 ) ) ;
#921 = CARTESIAN_POINT ( 'NONE',  ( 902.0729483662133816, 118.9443365387899831, -38.41154051990688600 ) ) ;
#922 = CARTESIAN_POINT ( 'NONE',  ( 1300.795394781326195, 733.8523200586378152, 85.77376588313427419 ) ) ;
#923 = CARTESIAN_POINT ( 'NONE',  ( 1324.556424891083907, 808.6537238673178081, 102.9207147856981805 ) ) ;
#924 = CARTESIAN_POINT ( 'NONE',  ( 1312.359024907795401, 577.3907038026399050, -42.95704992745456963 ) ) ;
#925 = CARTESIAN_POINT ( 'NONE',  ( 1134.557632868942619, 394.8595487676877838, 58.04571760641413647 ) ) ;
#926 = CARTESIAN_POINT ( 'NONE',  ( 1251.879927968187985, 414.3161043066868388, -101.8290647569971128 ) ) ;
#927 = CARTESIAN_POINT ( 'NONE',  ( 1400.353871658622666, 972.3355321770451383, 43.58293708413584255 ) ) ;
#928 = CARTESIAN_POINT ( 'NONE',  ( 1280.724986074848175, 502.5292379869128467, -73.89000775436906565 ) ) ;
#929 = CARTESIAN_POINT ( 'NONE',  ( 1429.737297961725744, 740.6777432027860186, -101.9948078599153973 ) ) ;
#930 = CARTESIAN_POINT ( 'NONE',  ( 1312.359024907795401, 577.3907038026399050, -42.95704992745456963 ) ) ;
#931 = CARTESIAN_POINT ( 'NONE',  ( 1213.632843869082990, 513.6063814733715844, 42.79126851238606832 ) ) ;
#932 = CARTESIAN_POINT ( 'NONE',  ( 1370.764670781223231, 594.2213289169504833, -111.4850465916364328 ) ) ;
#933 = CARTESIAN_POINT ( 'NONE',  ( 1129.054522923700006, 412.3837775217081116, 82.22255345108835911 ) ) ;
#934 = CARTESIAN_POINT ( 'NONE',  ( 1354.287105330994336, 869.4964765087031537, 81.15577455304925536 ) ) ;
#935 = CARTESIAN_POINT ( 'NONE',  ( 618.5698755546661687, 6.608563609112245274, -30.44751694160600763 ) ) ;
#936 = CARTESIAN_POINT ( 'NONE',  ( 579.4837327990989024, -4.675501711436730545, -22.73256262998672383 ) ) ;
#937 = CARTESIAN_POINT ( 'NONE',  ( 1425.953662378904255, 968.4916449171561226, -7.679997670555800404 ) ) ;
#938 = CARTESIAN_POINT ( 'NONE',  ( 675.6403093606837729, 41.80269551077390844, 36.79804277272219082 ) ) ;
#939 = CARTESIAN_POINT ( 'NONE',  ( 579.4827723909747874, -4.518110076878118164, -25.03898064859478012 ) ) ;
#940 = CARTESIAN_POINT ( 'NONE',  ( 842.0177285913995320, 129.0420519007461735, 55.06486679647878901 ) ) ;
#941 = CARTESIAN_POINT ( 'NONE',  ( 1052.409684162303392, 261.1510203420609173, -2.455290603724106901 ) ) ;
#942 = CARTESIAN_POINT ( 'NONE',  ( 560.0000000000002274, 4.323075478851356124, 17.97941773587907122 ) ) ;
#943 = CARTESIAN_POINT ( 'NONE',  ( 788.1804036717120425, 91.09002154226472214, 41.99949779443886655 ) ) ;
#944 = CARTESIAN_POINT ( 'NONE',  ( 789.3316188332092906, 78.75028932740319476, -24.20921788537606290 ) ) ;
#945 = CARTESIAN_POINT ( 'NONE',  ( 1417.670863763161378, 761.2781850246880140, -75.35677115483890987 ) ) ;
#946 = CARTESIAN_POINT ( 'NONE',  ( 1424.310743562146854, 970.9179062957298356, -4.209417779612904198 ) ) ;
#947 = CARTESIAN_POINT ( 'NONE',  ( 1158.411320723770814, 318.8776769891126150, -71.10568261735406281 ) ) ;
#948 = CARTESIAN_POINT ( 'NONE',  ( 1391.284753247613708, 986.1129776363891324, 59.28559431507018473 ) ) ;
#949 = FACE_OUTER_BOUND ( 'NONE', #1018, .T. ) ;
#950 = CARTESIAN_POINT ( 'NONE',  ( 791.2114925126232947, 59.04818578616769287, -35.09065947305943212 ) ) ;
#951 = CARTESIAN_POINT ( 'NONE',  ( 1344.309017178132081, 772.2845934369257748, 43.03929333014459502 ) ) ;
#952 = CARTESIAN_POINT ( 'NONE',  ( 1206.853178739489977, 531.2372047259473220, 94.89094549777051668 ) ) ;
#953 = CARTESIAN_POINT ( 'NONE',  ( 1288.627195973339212, 483.8350835509926355, -94.23749090919646676 ) ) ;
#954 = CARTESIAN_POINT ( 'NONE',  ( 1000.155468269980929, 229.8502010963397595, 25.50387671847837368 ) ) ;
#955 = CARTESIAN_POINT ( 'NONE',  ( 1423.079158112963114, 867.1986358773900747, -46.16987077761316272 ) ) ;
#956 = CARTESIAN_POINT ( 'NONE',  ( 1285.209991561665220, 491.9472243681764780, -71.82287704781724358 ) ) ;
#957 = CARTESIAN_POINT ( 'NONE',  ( 787.8251375138272579, 94.79922050970203884, 37.77212768583937930 ) ) ;
#958 = CARTESIAN_POINT ( 'NONE',  ( 1373.012793334949947, 945.9436767007721301, 83.28253076133771060 ) ) ;
#959 = CARTESIAN_POINT ( 'NONE',  ( 790.6788617592634409, 64.68781729882226728, -22.80455757547727913 ) ) ;
#960 = CARTESIAN_POINT ( 'NONE',  ( 1278.646116467211641, 650.4975711309605231, 73.99622660183143807 ) ) ;
#961 = CARTESIAN_POINT ( 'NONE',  ( 791.0583539225560799, 60.57227014008543620, -48.44955586281081850 ) ) ;
#962 = CARTESIAN_POINT ( 'NONE',  ( 1381.954535532841419, 931.8796302758047432, 59.83788065828402125 ) ) ;
#963 = CARTESIAN_POINT ( 'NONE',  ( 1352.711750138109664, 630.2320966884794871, -76.35573586773175236 ) ) ;
#964 = CARTESIAN_POINT ( 'NONE',  ( 1208.338896098647638, 358.3544495926462332, -98.44652060968329010 ) ) ;
#965 = CARTESIAN_POINT ( 'NONE',  ( 900.5554484674628384, 128.8926525494111672, -19.36558643765967247 ) ) ;
#966 = CARTESIAN_POINT ( 'NONE',  ( 1359.866669733654589, 859.9600536300848717, 53.03460056714928328 ) ) ;
#967 = CARTESIAN_POINT ( 'NONE',  ( 732.2254458761514115, 66.44299084806459632, 42.68752427985451448 ) ) ;
#968 = CARTESIAN_POINT ( 'NONE',  ( 1270.009710517681242, 669.2214274219405752, 95.84219812559339857 ) ) ;
#969 = CARTESIAN_POINT ( 'NONE',  ( 1044.629872811269479, 292.6902610726252192, 61.31652004038259207 ) ) ;
#970 = CARTESIAN_POINT ( 'NONE',  ( 1059.800545120352581, 231.1314727248794156, -71.68441746146665139 ) ) ;
#971 = CARTESIAN_POINT ( 'NONE',  ( 1062.066933508712282, 221.9963605303354086, -68.99999193955227383 ) ) ;
#972 = CARTESIAN_POINT ( 'NONE',  ( 579.3693412229838486, 11.30600325318951960, 0.2076609485369118602 ) ) ;
#973 = CARTESIAN_POINT ( 'NONE',  ( 1062.802738982365554, 219.0132976132104261, -73.83349919291384822 ) ) ;
#974 = CARTESIAN_POINT ( 'NONE',  ( 1367.554191191380824, 954.5265420284938500, 90.70708450159609981 ) ) ;
#975 = CARTESIAN_POINT ( 'NONE',  ( 559.9999999999996589, -2.398555543830622749, -2.451398989256595051 ) ) ;
#976 = CARTESIAN_POINT ( 'NONE',  ( 1354.923263361607269, 868.4101523615344149, 79.43632909918682117 ) ) ;
#977 = CARTESIAN_POINT ( 'NONE',  ( 1252.562621046302866, 412.5460782868750584, -103.0721841731805597 ) ) ;
#978 = CARTESIAN_POINT ( 'NONE',  ( 733.0457685565313568, 54.07005011210658552, -21.44422868542547533 ) ) ;
#979 = CARTESIAN_POINT ( 'NONE',  ( 1287.755799180514714, 485.9226539891738526, -79.69897199527663645 ) ) ;
#980 = CARTESIAN_POINT ( 'NONE',  ( 1360.490808897701754, 742.4927078250597106, -2.842820294164057238 ) ) ;
#981 = LOCAL_TIME ( 9, 39, 0.000000000000000000, #1588 ) ;
#982 = CARTESIAN_POINT ( 'NONE',  ( 1445.565897699517336, 903.6560055693295226, -51.89134980293282950 ) ) ;
#983 = CARTESIAN_POINT ( 'NONE',  ( 675.6250597473107291, 42.15484396993756633, 33.07663545782720860 ) ) ;
#984 = CARTESIAN_POINT ( 'NONE',  ( 1360.140108416501562, 615.4302592276241057, -81.32197652519818121 ) ) ;
#985 = CARTESIAN_POINT ( 'NONE',  ( 1140.465375497298737, 376.0401621632852880, 22.14719684976657277 ) ) ;
#986 = CARTESIAN_POINT ( 'NONE',  ( 894.7577722545211145, 166.8827037387502514, 61.35542457065472632 ) ) ;
#987 = CARTESIAN_POINT ( 'NONE',  ( 1421.017675642829317, 755.5570599248641201, -90.26151630442888063 ) ) ;
#988 = CARTESIAN_POINT ( 'NONE',  ( 1318.125222042827318, 699.2729349881072949, 40.03616106911474759 ) ) ;
#989 = CARTESIAN_POINT ( 'NONE',  ( 1092.098385260134137, 337.0368820667350747, 27.08006988295655404 ) ) ;
#990 = CARTESIAN_POINT ( 'NONE',  ( 1339.707587648390927, 656.1791477887505835, -43.46586678348472788 ) ) ;
#991 = CARTESIAN_POINT ( 'NONE',  ( 1413.323363281570437, 768.6994920968434144, -66.28536968314355704 ) ) ;
#992 = CARTESIAN_POINT ( 'NONE',  ( 1394.795600601151818, 980.7798519148974492, 49.87933634524183191 ) ) ;
#993 = CARTESIAN_POINT ( 'NONE',  ( 1273.226078772020401, 662.2530541228766197, 95.81712576746140542 ) ) ;
#994 = CARTESIAN_POINT ( 'NONE',  ( 733.9510601411900552, 40.84933777124093979, -19.85138145668682697 ) ) ;
#995 = CARTESIAN_POINT ( 'NONE',  ( 843.2065394581741202, 119.3930779800449073, 35.55751090382889856 ) ) ;
#996 = CARTESIAN_POINT ( 'NONE',  ( 1453.289396446797355, 928.1222516474465465, -54.08939828163686059 ) ) ;
#997 = CARTESIAN_POINT ( 'NONE',  ( 998.2483767594179653, 238.7448640160131959, 44.62877486879912681 ) ) ;
#998 = CARTESIAN_POINT ( 'NONE',  ( 900.7172414347331824, 127.7259385245229026, -47.65692554381224966 ) ) ;
#999 = CARTESIAN_POINT ( 'NONE',  ( 733.7558937191804489, 43.74887525861558402, -13.11196376621407467 ) ) ;
#1000 = CARTESIAN_POINT ( 'NONE',  ( 947.0726876624671604, 201.6292431987420741, 36.79028888664218044 ) ) ;
#1001 = CARTESIAN_POINT ( 'NONE',  ( 1391.776045526333974, 985.3666212735990939, 58.04363603511546188 ) ) ;
#1002 = CARTESIAN_POINT ( 'NONE',  ( 579.3833287891217196, 9.233993584544254674, 20.86507427814213855 ) ) ;
#1003 = CARTESIAN_POINT ( 'NONE',  ( 1157.109442142985245, 322.9826547557681238, -80.73571173707381377 ) ) ;
#1004 = CARTESIAN_POINT ( 'NONE',  ( 1096.470383044496430, 321.3970073201872992, -7.147126042612415908 ) ) ;
#1005 = CARTESIAN_POINT ( 'NONE',  ( 579.4827723909747874, -4.518110076878118164, -25.03898064859478012 ) ) ;
#1006 = CARTESIAN_POINT ( 'NONE',  ( 1258.059937036813835, 556.1734026382863476, 5.638651401310745825 ) ) ;
#1007 = CARTESIAN_POINT ( 'NONE',  ( 1452.242460534809197, 893.5136793056094575, -64.47795251497879576 ) ) ;
#1008 = CARTESIAN_POINT ( 'NONE',  ( 1203.694267663632218, 539.4352242327958038, 102.2166565064527219 ) ) ;
#1009 = CARTESIAN_POINT ( 'NONE',  ( 1332.573543889820030, 670.4383024223125176, -5.200641636690472858 ) ) ;
#1010 = DATE_AND_TIME ( #6510, #3375 ) ;
#1011 = CARTESIAN_POINT ( 'NONE',  ( 1395.554255648214848, 979.6274398050754826, 47.93920565105540987 ) ) ;
#1012 = CARTESIAN_POINT ( 'NONE',  ( 1207.373947073234604, 361.1146657808242821, -96.96163745560376412 ) ) ;
#1013 = CARTESIAN_POINT ( 'NONE',  ( 1100.604049846604312, 306.6190269977851699, -34.73788985720079125 ) ) ;
#1014 = CARTESIAN_POINT ( 'NONE',  ( 1443.106819600363451, 835.7157360283659955, -74.19826062423331337 ) ) ;
#1015 = CARTESIAN_POINT ( 'NONE',  ( 899.2356729848841042, 137.5429435006630285, -1.262127444547089805 ) ) ;
#1016 = CARTESIAN_POINT ( 'NONE',  ( 1248.163487027383553, 423.9900226651537309, -81.09697375859670387 ) ) ;
#1017 = CARTESIAN_POINT ( 'NONE',  ( 1168.140551108265754, 473.5446975755723429, 89.30495827746489113 ) ) ;
#1018 = EDGE_LOOP ( 'NONE', ( #446, #7023 ) ) ;
#1019 = CARTESIAN_POINT ( 'NONE',  ( 1060.206504644644610, 229.5429716687506527, -56.75992558207907024 ) ) ;
#1020 = CARTESIAN_POINT ( 'NONE',  ( 789.2234668175632351, 80.06832322054084727, 12.87078469400697323 ) ) ;
#1021 = CARTESIAN_POINT ( 'NONE',  ( 559.9999999999998863, -2.551198860518067324, -22.20041470098012226 ) ) ;
#1022 = CARTESIAN_POINT ( 'NONE',  ( 1319.241921747570132, 697.0442424716277401, 36.42669887626319536 ) ) ;
#1023 = CARTESIAN_POINT ( 'NONE',  ( 997.9900353753362197, 239.8922252619082656, 22.91857448863535751 ) ) ;
#1024 = CARTESIAN_POINT ( 'NONE',  ( 1148.648858838301066, 349.9175946354749840, -47.22144131697256597 ) ) ;
#1025 = CARTESIAN_POINT ( 'NONE',  ( 1439.642271941987019, 912.6544765438986815, -41.01036522257138017 ) ) ;
#1026 = CARTESIAN_POINT ( 'NONE',  ( 1394.203016242966214, 981.6799889925326852, 51.41842195151283335 ) ) ;
#1027 = CARTESIAN_POINT ( 'NONE',  ( 1351.082644025260834, 874.9692750127813952, 91.39199999819634002 ) ) ;
#1028 = CARTESIAN_POINT ( 'NONE',  ( 1152.211365842769965, 338.6259716519488734, -41.85732872747725253 ) ) ;
#1029 = CARTESIAN_POINT ( 'NONE',  ( 1046.740768564078962, 284.1324166111219824, 42.99434973720734376 ) ) ;
#1030 = CARTESIAN_POINT ( 'NONE',  ( 1400.897474979943809, 971.5108779247360644, 34.37230547859572027 ) ) ;
#1031 = CARTESIAN_POINT ( 'NONE',  ( 1061.745528079149381, 223.2570734401806476, -79.12893019526885041 ) ) ;
#1032 = CARTESIAN_POINT ( 'NONE',  ( 788.6376138912461329, 86.25719735290063284, 28.59206230828020878 ) ) ;
#1033 = CARTESIAN_POINT ( 'NONE',  ( 1386.661661496764737, 694.3000799196719299, -81.38443823812905009 ) ) ;
#1034 = CARTESIAN_POINT ( 'NONE',  ( 1396.521099257191963, 797.3834488573246517, -28.70576775429875838 ) ) ;
#1035 = CARTESIAN_POINT ( 'NONE',  ( 1173.813304486532388, 457.2702353607915597, 50.62788675368675939 ) ) ;
#1036 = CARTESIAN_POINT ( 'NONE',  ( 732.2294555918711012, 66.36700849391247914, 36.99757224020832780 ) ) ;
#1037 = CARTESIAN_POINT ( 'NONE',  ( 1172.218519951040435, 461.8661364082881278, 77.41340339834404460 ) ) ;
#1038 = CARTESIAN_POINT ( 'NONE',  ( 579.4426708159251120, 1.098995673079196767, -24.41380753884146415 ) ) ;
#1039 = CARTESIAN_POINT ( 'NONE',  ( 1377.102820590981992, 830.5262785434094894, 5.473291292822623610 ) ) ;
#1040 = CARTESIAN_POINT ( 'NONE',  ( 903.4602718681755960, 109.8298881181788289, -56.79890009614346980 ) ) ;
#1041 = CARTESIAN_POINT ( 'NONE',  ( 618.3169361843949901, 21.14368961162945837, 4.600719777828744306 ) ) ;
#1042 = CARTESIAN_POINT ( 'NONE',  ( 579.4815107109391192, -4.337204272079048017, -25.43573441378359945 ) ) ;
#1043 = CARTESIAN_POINT ( 'NONE',  ( 1365.603184298945735, 733.0808373044142172, -16.75059418725441063 ) ) ;
#1044 = DIRECTION ( 'NONE',  ( 1.000000000000000000, 0.000000000000000000, 0.000000000000000000 ) ) ;
#1045 = CARTESIAN_POINT ( 'NONE',  ( 1170.045940037161245, 468.0770205911130688, 75.72650708549500109 ) ) ;
#1046 = CARTESIAN_POINT ( 'NONE',  ( 1062.011883038286214, 222.1777627492883767, -80.02527224286242813 ) ) ;
#1047 = CARTESIAN_POINT ( 'NONE',  ( 1432.691506223472061, 958.5412017618432401, -21.30582072739706234 ) ) ;
#1048 = CARTESIAN_POINT ( 'NONE',  ( 676.7056809346030377, 16.46874422991096054, -29.50959355190797950 ) ) ;
#1049 = CARTESIAN_POINT ( 'NONE',  ( 1302.069916856785767, 599.7013052051773911, -9.642121011140149633 ) ) ;
#1050 = CARTESIAN_POINT ( 'NONE',  ( 957.3457840227196129, 145.5401858590547874, -57.16189655064557940 ) ) ;
#1051 = CARTESIAN_POINT ( 'NONE',  ( 842.0830995322388617, 128.5076997201927895, 49.29005530217521169 ) ) ;
#1052 = CARTESIAN_POINT ( 'NONE',  ( 676.6673935295386855, 17.39935809217118035, -26.50336429652564973 ) ) ;
#1053 = CARTESIAN_POINT ( 'NONE',  ( 1348.388338310165409, 764.7740388807977752, 31.16961140456519175 ) ) ;
#1054 = CARTESIAN_POINT ( 'NONE',  ( 1286.121330508773326, 489.7625635860960642, -88.20340648971620112 ) ) ;
#1055 = CARTESIAN_POINT ( 'NONE',  ( 618.4902278808485789, 11.69221862676477386, 4.688886622463129150 ) ) ;
#1056 = CARTESIAN_POINT ( 'NONE',  ( 733.0457685565313568, 54.07005011210658552, -21.44422868542547533 ) ) ;
#1057 = CARTESIAN_POINT ( 'NONE',  ( 1060.397353968309517, 228.7691966148408085, -57.96918460814963225 ) ) ;
#1058 = CARTESIAN_POINT ( 'NONE',  ( 1374.545218492423373, 943.5272574828543384, 68.66378140842941491 ) ) ;
#1059 = CARTESIAN_POINT ( 'NONE',  ( 895.6246579765496563, 161.2089686166797264, 54.23723931832572731 ) ) ;
#1060 = CARTESIAN_POINT ( 'NONE',  ( 1348.585592740687844, 638.4855384692535836, -51.48656801950453143 ) ) ;
#1061 = CARTESIAN_POINT ( 'NONE',  ( 1361.691017499779718, 856.8534189986785350, 60.67595560830759638 ) ) ;
#1062 = CARTESIAN_POINT ( 'NONE',  ( 842.4336812738297340, 125.6124840674008567, 31.42427706605889526 ) ) ;
#1063 = CARTESIAN_POINT ( 'NONE',  ( 1111.495293022696387, 267.7256845201499118, -83.50234761333301492 ) ) ;
#1064 = CARTESIAN_POINT ( 'NONE',  ( 843.5562973350935181, 116.5515534948921044, 28.44269924352184020 ) ) ;
#1065 = CARTESIAN_POINT ( 'NONE',  ( 1355.469045047081863, 624.7311242165729936, -82.57435233176965994 ) ) ;
#1066 = CARTESIAN_POINT ( 'NONE',  ( 1341.217591370898390, 653.1881947618472850, -30.93546309114415394 ) ) ;
#1067 = CARTESIAN_POINT ( 'NONE',  ( 1383.751715069839520, 929.0464451184294603, 44.26550927923736367 ) ) ;
#1068 = CARTESIAN_POINT ( 'NONE',  ( 579.3625789393659034, 12.14148618038888827, 23.19969825244482564 ) ) ;
#1069 = CARTESIAN_POINT ( 'NONE',  ( 1277.239862188055895, 653.5473859756320962, 79.44569299164460574 ) ) ;
#1070 = CARTESIAN_POINT ( 'NONE',  ( 559.9999999999998863, -2.551198860518067324, -22.20041470098012226 ) ) ;
#1071 = CARTESIAN_POINT ( 'NONE',  ( 949.4077357257851872, 188.8305059730881794, -1.813528586326282444 ) ) ;
#1072 = CARTESIAN_POINT ( 'NONE',  ( 1447.262856434970217, 829.1815940174608386, -81.76146639228446134 ) ) ;
#1073 = CARTESIAN_POINT ( 'NONE',  ( 1137.574214169049128, 385.2072870443331567, 16.73477743224479397 ) ) ;
#1074 = CARTESIAN_POINT ( 'NONE',  ( 579.4783076810581406, -3.889642664781413295, -25.90397957048412181 ) ) ;
#1075 = CARTESIAN_POINT ( 'NONE',  ( 1241.351924325838127, 441.6322028434781259, -74.08401833473079989 ) ) ;
#1076 = CARTESIAN_POINT ( 'NONE',  ( 1102.037766467027268, 301.5634928012543128, -17.48746686355240954 ) ) ;
#1077 = DATE_TIME_ROLE ( 'creation_date' ) ;
#1078 = CARTESIAN_POINT ( 'NONE',  ( 1394.795600601151818, 980.7798519148974492, 49.87933634524183191 ) ) ;
#1079 = CARTESIAN_POINT ( 'NONE',  ( 618.3457136133260974, 19.92483169721771930, 29.24164717476831754 ) ) ;
#1080 = CARTESIAN_POINT ( 'NONE',  ( 734.1526904831162028, 37.73406841540348466, -42.80302420017549281 ) ) ;
#1081 = CARTESIAN_POINT ( 'NONE',  ( 579.3789152338430313, 9.993675778400707088, -6.784644879498078929 ) ) ;
#1082 = CARTESIAN_POINT ( 'NONE',  ( 1158.411320723770814, 318.8776769891126150, -71.10568261735406281 ) ) ;
#1083 = CARTESIAN_POINT ( 'NONE',  ( 1409.068400976072326, 889.2384873524807745, -4.302880953969453692 ) ) ;
#1084 = CARTESIAN_POINT ( 'NONE',  ( 1010.329208281364004, 182.3936470853217600, -62.54219095986747590 ) ) ;
#1085 = CARTESIAN_POINT ( 'NONE',  ( 1294.778383398001779, 745.8664108564141770, 108.7859753112103078 ) ) ;
#1086 = CARTESIAN_POINT ( 'NONE',  ( 1451.789910765777904, 930.3366910698168795, -49.21945018991459619 ) ) ;
#1087 = CARTESIAN_POINT ( 'NONE',  ( 1291.835031484557248, 621.8954892534709415, 25.52423521972822584 ) ) ;
#1088 = CARTESIAN_POINT ( 'NONE',  ( 901.3104251298733516, 123.8466078720237675, -52.37843683481965940 ) ) ;
#1089 = CARTESIAN_POINT ( 'NONE',  ( 1142.511401977729520, 369.5227911469478386, 10.32945417142997435 ) ) ;
#1090 = CARTESIAN_POINT ( 'NONE',  ( 1144.393353527627141, 363.4733927562715508, -25.25528060077197523 ) ) ;
#1091 = CARTESIAN_POINT ( 'NONE',  ( 1060.206504644644610, 229.5429716687506527, -56.75992558207907024 ) ) ;
#1092 = CARTESIAN_POINT ( 'NONE',  ( 1403.432814771034828, 1001.750417174420704, 44.38846425254012473 ) ) ;
#1093 = CARTESIAN_POINT ( 'NONE',  ( 1434.370572248179542, 920.6626045723998004, -30.94135414870939726 ) ) ;
#1094 = CARTESIAN_POINT ( 'NONE',  ( 1281.992196535345329, 643.2408256031282008, 61.32102060198389637 ) ) ;
#1095 = CARTESIAN_POINT ( 'NONE',  ( 1245.237794675288569, 586.5360481459808852, 62.58838089094241752 ) ) ;
#1096 = CARTESIAN_POINT ( 'NONE',  ( 1290.923760924169528, 478.4031240864161987, -99.31302010731531027 ) ) ;
#1097 = CARTESIAN_POINT ( 'NONE',  ( 1411.816170450450045, 989.3698832732077335, 30.34541885942078920 ) ) ;
#1098 = CARTESIAN_POINT ( 'NONE',  ( 560.0000000000002274, 1.812246432278154185, -16.56500657004309573 ) ) ;
#1099 = CARTESIAN_POINT ( 'NONE',  ( 676.5172938501715407, 21.00051065492321456, -17.07640772529128625 ) ) ;
#1100 = CARTESIAN_POINT ( 'NONE',  ( 1090.128557071069963, 344.0873519218120578, 44.55138222748194465 ) ) ;
#1101 = CARTESIAN_POINT ( 'NONE',  ( 1305.052888892563942, 725.3636050035918288, 83.85388275872165309 ) ) ;
#1102 = CARTESIAN_POINT ( 'NONE',  ( 1128.232677961306536, 415.0056177178882990, 88.20152701999673184 ) ) ;
#1103 = CARTESIAN_POINT ( 'NONE',  ( 1379.953467415525893, 935.0268870472991694, 64.91261828416375579 ) ) ;
#1104 = CARTESIAN_POINT ( 'NONE',  ( 1422.488004538063478, 753.0475557898791976, -92.63565377545056378 ) ) ;
#1105 = CARTESIAN_POINT ( 'NONE',  ( 560.0000000000007958, 6.927906052333721476, 1.722940618982364169 ) ) ;
#1106 = CARTESIAN_POINT ( 'NONE',  ( 1367.945966383402492, 599.8552241103676579, -100.4794192035107159 ) ) ;
#1107 = CARTESIAN_POINT ( 'NONE',  ( 1402.253898844430068, 899.9471451621097913, -1.087741403371375259 ) ) ;
#1108 = CARTESIAN_POINT ( 'NONE',  ( 1449.645060041584202, 825.4357576411147193, -86.72276968525179086 ) ) ;
#1109 = CARTESIAN_POINT ( 'NONE',  ( 733.4857364973973972, 47.56044036176836443, -32.91208582484168943 ) ) ;
#1110 = CARTESIAN_POINT ( 'NONE',  ( 1054.205566458149406, 253.8706573978608105, -15.98871947233459068 ) ) ;
#1111 = COORDINATED_UNIVERSAL_TIME_OFFSET ( 5, 30, .AHEAD. ) ;
#1112 = CARTESIAN_POINT ( 'NONE',  ( 1130.094387697701222, 409.0641726580282125, 72.93217136245944232 ) ) ;
#1113 = CARTESIAN_POINT ( 'NONE',  ( 732.4789414133648506, 62.69917008489085930, 36.84799611514977613 ) ) ;
#1114 = CARTESIAN_POINT ( 'NONE',  ( 791.1889432816117278, 59.20230450206576478, -49.14452621361926532 ) ) ;
#1115 = CARTESIAN_POINT ( 'NONE',  ( 1425.729807725916544, 933.7895717939720726, -22.07310980287070734 ) ) ;
#1116 = CARTESIAN_POINT ( 'NONE',  ( 957.0496811446921583, 147.1620719015946577, -53.96829241461583848 ) ) ;
#1117 = CARTESIAN_POINT ( 'NONE',  ( 1228.148447468548511, 475.9481113223584430, -4.283533228542236060 ) ) ;
#1118 = CARTESIAN_POINT ( 'NONE',  ( 1159.586716629472903, 315.1319177565698624, -76.77217045193809497 ) ) ;
#1119 = CARTESIAN_POINT ( 'NONE',  ( 1344.325797354225870, 886.5029204629774995, 99.52380019366306385 ) ) ;
#1120 = FACE_OUTER_BOUND ( 'NONE', #1528, .T. ) ;
#1121 = CARTESIAN_POINT ( 'NONE',  ( 789.0441990417954230, 81.96203672530414508, 17.57168297130217027 ) ) ;
#1122 = CARTESIAN_POINT ( 'NONE',  ( 1441.419092071538671, 838.3633704268964948, -78.37653592431685468 ) ) ;
#1123 = CARTESIAN_POINT ( 'NONE',  ( 1412.483025473911994, 953.9109454498751575, 15.51752471335604078 ) ) ;
#1124 = CARTESIAN_POINT ( 'NONE',  ( 1415.289277051380850, 879.4478439029692254, -30.27804292464086444 ) ) ;
#1125 = CARTESIAN_POINT ( 'NONE',  ( 1415.977710371141939, 764.1684235150576114, -71.85126746337903114 ) ) ;
#1126 = CARTESIAN_POINT ( 'NONE',  ( 1271.544662967139175, 665.8902914045409034, 88.63747132136168716 ) ) ;
#1127 = CARTESIAN_POINT ( 'NONE',  ( 579.4674381489026018, -2.449311752448639190, -13.70615917722911448 ) ) ;
#1128 = CARTESIAN_POINT ( 'NONE',  ( 1411.028471693094843, 990.5331562562826093, 32.13348656602864395 ) ) ;
#1129 = CARTESIAN_POINT ( 'NONE',  ( 732.3056568290357973, 65.16635028694560106, 22.52533401652602052 ) ) ;
#1130 = CARTESIAN_POINT ( 'NONE',  ( 1450.365244425289120, 932.4406373415514508, -50.32830258963028314 ) ) ;
#1131 = CARTESIAN_POINT ( 'NONE',  ( 1283.927633358527373, 639.0434903093855610, 54.11256963109941154 ) ) ;
#1132 = CARTESIAN_POINT ( 'NONE',  ( 676.1045213065693815, 30.49328089331758562, -24.41753120353230955 ) ) ;
#1133 = CARTESIAN_POINT ( 'NONE',  ( 618.6162448244962206, 4.407570876998144982, -15.58271324863875762 ) ) ;
#1134 = CARTESIAN_POINT ( 'NONE',  ( 1243.746594178500118, 590.0679608460768577, 69.83324820072132866 ) ) ;
#1135 = CARTESIAN_POINT ( 'NONE',  ( 1204.844741669815676, 536.4497066678170540, 100.2508938694611089 ) ) ;
#1136 = CARTESIAN_POINT ( 'NONE',  ( 675.8078593229594162, 37.85113301653159112, 28.47025427027865874 ) ) ;
#1137 = CARTESIAN_POINT ( 'NONE',  ( 1128.052131642970835, 415.5810367716999281, 89.67355484629410967 ) ) ;
#1138 = CARTESIAN_POINT ( 'NONE',  ( 732.5992956799522062, 60.91054794498452196, 31.36674860845081625 ) ) ;
#1139 = CARTESIAN_POINT ( 'NONE',  ( 1041.663345523731550, 304.7124428531803915, 80.16754151272920126 ) ) ;
#1140 = CARTESIAN_POINT ( 'NONE',  ( 1246.766223317558797, 427.5835925647371027, -89.46921819507397799 ) ) ;
#1141 = CARTESIAN_POINT ( 'NONE',  ( 1354.152505020419994, 754.1457462078883509, -1.233551531142398572 ) ) ;
#1142 = CARTESIAN_POINT ( 'NONE',  ( 1062.659892086061063, 219.5941990252527205, -72.47730087686267098 ) ) ;
#1143 = CC_DESIGN_PERSON_AND_ORGANIZATION_ASSIGNMENT ( #541, #4836, ( #6803 ) ) ;
#1144 = CARTESIAN_POINT ( 'NONE',  ( 896.1619638141489759, 157.6085831417420025, 18.59750377214885830 ) ) ;
#1145 = CARTESIAN_POINT ( 'NONE',  ( 676.7151827501874095, 16.14521141177853991, -36.19147267132661483 ) ) ;
#1146 = CARTESIAN_POINT ( 'NONE',  ( 618.5780588535794777, 6.630956468815119464, -9.513989734241915741 ) ) ;
#1147 = CARTESIAN_POINT ( 'NONE',  ( 1350.505016106907760, 875.9489552909105896, 81.01000357485020231 ) ) ;
#1148 = CARTESIAN_POINT ( 'NONE',  ( 1131.355384400337698, 405.0622895308974876, 79.21057441558367884 ) ) ;
#1149 = CARTESIAN_POINT ( 'NONE',  ( 1205.666916610061207, 366.0032827945398708, -92.42504287627627946 ) ) ;
#1150 = CARTESIAN_POINT ( 'NONE',  ( 732.8944990940784692, 56.31631377247317971, -16.02151587975098579 ) ) ;
#1151 = CARTESIAN_POINT ( 'NONE',  ( 791.3336849232892973, 57.75153893813749306, -38.20870974659388963 ) ) ;
#1152 = CARTESIAN_POINT ( 'NONE',  ( 1299.996308219280536, 604.1978123074879932, -2.652759450074598568 ) ) ;
#1153 = CARTESIAN_POINT ( 'NONE',  ( 1290.833256026637855, 478.6389112997065354, -89.34208170570676089 ) ) ;
#1154 = CARTESIAN_POINT ( 'NONE',  ( 675.6177478641382095, 42.34695139427900301, 35.45486277904048933 ) ) ;
#1155 = DIRECTION ( 'NONE',  ( -0.5606896251993318536, 0.8280260528472717096, 0.000000000000000000 ) ) ;
#1156 = CARTESIAN_POINT ( 'NONE',  ( 1403.037819631145339, 898.7221460159346407, 9.402125163900334925 ) ) ;
#1157 = CARTESIAN_POINT ( 'NONE',  ( 559.9999999999998863, -1.307993081840544525, -21.01332459952157095 ) ) ;
#1158 = CARTESIAN_POINT ( 'NONE',  ( 789.3446660922943465, 78.78798529906006820, 9.744264402067662090 ) ) ;
#1159 = CARTESIAN_POINT ( 'NONE',  ( 842.7473635361311608, 123.0386506400031266, 19.55161548706817953 ) ) ;
#1160 = CARTESIAN_POINT ( 'NONE',  ( 844.2971717649364791, 110.3941797354184615, -19.96807014524459234 ) ) ;
#1161 = CARTESIAN_POINT ( 'NONE',  ( 1359.487307813129291, 616.7327914208082120, -79.69784940106740123 ) ) ;
#1162 = CARTESIAN_POINT ( 'NONE',  ( 1239.829181779922465, 599.3473554507017980, 89.74805217800749801 ) ) ;
#1163 = CARTESIAN_POINT ( 'NONE',  ( 1429.593252417064832, 856.9633543768402433, -48.20074255401299723 ) ) ;
#1164 = CARTESIAN_POINT ( 'NONE',  ( 1337.083667312880380, 785.5877257126510358, 64.58831657380105185 ) ) ;
#1165 = CARTESIAN_POINT ( 'NONE',  ( 947.0726876624671604, 201.6292431987420741, 36.79028888664218044 ) ) ;
#1166 = CARTESIAN_POINT ( 'NONE',  ( 1061.416702021431774, 224.5898687884192668, -77.84362181446680040 ) ) ;
#1167 = CARTESIAN_POINT ( 'NONE',  ( 675.9199627037547771, 35.19517663560520759, 20.69292750565652028 ) ) ;
#1168 = CARTESIAN_POINT ( 'NONE',  ( 1380.744913970245307, 705.1903433923401963, -68.97575490242790863 ) ) ;
#1169 = CARTESIAN_POINT ( 'NONE',  ( 1426.824804701446055, 861.3164975254293267, -42.63282306818740608 ) ) ;
#1170 = CARTESIAN_POINT ( 'NONE',  ( 1408.587020384291918, 994.1386898698696086, 31.51865695292198311 ) ) ;
#1171 = CARTESIAN_POINT ( 'NONE',  ( 1128.595580127799622, 413.8479638648118453, 91.16963123435363059 ) ) ;
#1172 = CARTESIAN_POINT ( 'NONE',  ( 1044.786627569739494, 292.0549135364782956, 59.99092621456454566 ) ) ;
#1173 = CARTESIAN_POINT ( 'NONE',  ( 1400.472069283757264, 1006.122844073606302, 51.53375139634471935 ) ) ;
#1174 = CARTESIAN_POINT ( 'NONE',  ( 1397.906144718056339, 976.0536647451704084, 49.49518950066628520 ) ) ;
#1175 = CARTESIAN_POINT ( 'NONE',  ( 1108.923766309024586, 276.9037622324480026, -74.73540908079417022 ) ) ;
#1176 = CARTESIAN_POINT ( 'NONE',  ( 1370.087986870865961, 595.5770873373556924, -107.2016402704966112 ) ) ;
#1177 = CARTESIAN_POINT ( 'NONE',  ( 997.9900353753362197, 239.8922252619082656, 22.91857448863535751 ) ) ;
#1178 = CARTESIAN_POINT ( 'NONE',  ( 1062.829152053787766, 218.8807447879394488, -79.56819855910946160 ) ) ;
#1179 = CARTESIAN_POINT ( 'NONE',  ( 790.0599108688962815, 71.07087590580457004, -37.30498695289136180 ) ) ;
#1180 = CARTESIAN_POINT ( 'NONE',  ( 1428.215134365435688, 930.0131153915789355, -18.56267419304696276 ) ) ;
#1181 = APPROVAL_PERSON_ORGANIZATION ( #6026, #7110, #2199 ) ;
#1182 = CARTESIAN_POINT ( 'NONE',  ( 579.3612529474658004, 12.34244577349274330, 20.18873432895381370 ) ) ;
#1183 = CARTESIAN_POINT ( 'NONE',  ( 1403.087801358408342, 664.0717993706718971, -109.9150639711648410 ) ) ;
#1184 = CARTESIAN_POINT ( 'NONE',  ( 732.4491082737508805, 63.13713048065051936, 38.21925143776403644 ) ) ;
#1185 = CARTESIAN_POINT ( 'NONE',  ( 1331.557493134331253, 535.7492089782832636, -105.4043923998139860 ) ) ;
#1186 = CARTESIAN_POINT ( 'NONE',  ( 1366.894421157280931, 730.6864766844054202, -36.06336481693798390 ) ) ;
#1187 = CARTESIAN_POINT ( 'NONE',  ( 1447.215549035213826, 901.1500570136972783, -54.90408790674175066 ) ) ;
#1188 = CARTESIAN_POINT ( 'NONE',  ( 845.6144950091501187, 99.83022166935361952, -10.24354861166627195 ) ) ;
#1189 = CARTESIAN_POINT ( 'NONE',  ( 1397.081885995392440, 675.1344382826951005, -93.10469927854028072 ) ) ;
#1190 = CARTESIAN_POINT ( 'NONE',  ( 945.7631385230417891, 208.8276092662283929, 65.33720672225021531 ) ) ;
#1191 = CARTESIAN_POINT ( 'NONE',  ( 1426.397089743796641, 967.8367916896760335, -1.420231743568283855 ) ) ;
#1192 = CARTESIAN_POINT ( 'NONE',  ( 951.0678922398930126, 179.8493501117145286, 8.421068497409216036 ) ) ;
#1193 = CARTESIAN_POINT ( 'NONE',  ( 846.4669465794518146, 92.79297367791620843, -48.33594691735859072 ) ) ;
#1194 = CARTESIAN_POINT ( 'NONE',  ( 1355.434843206309552, 751.8008818118524914, 11.15517719390877716 ) ) ;
#1195 = CARTESIAN_POINT ( 'NONE',  ( 788.1279573345983636, 91.53441764838188988, 17.13680222693857402 ) ) ;
#1196 = CARTESIAN_POINT ( 'NONE',  ( 1268.668890728995848, 531.0591742123926906, -35.48987269192834759 ) ) ;
#1197 = CARTESIAN_POINT ( 'NONE',  ( 1202.746640442479475, 374.4007200725057487, -69.71895530391462614 ) ) ;
#1198 = CARTESIAN_POINT ( 'NONE',  ( 1042.630511013276418, 300.7802261051942878, 65.96365084124005307 ) ) ;
#1199 = CARTESIAN_POINT ( 'NONE',  ( 1410.444594105250189, 773.6137966753123010, -60.14432544875580078 ) ) ;
#1200 = CARTESIAN_POINT ( 'NONE',  ( 1177.499118390283002, 446.7351253631430836, 48.50543534896281983 ) ) ;
#1201 = CARTESIAN_POINT ( 'NONE',  ( 996.0874751684327748, 248.7942248419856810, 50.54765221682879428 ) ) ;
#1202 = CARTESIAN_POINT ( 'NONE',  ( 1042.885597744690813, 299.7583178217436739, 76.01170939326608789 ) ) ;
#1203 = CARTESIAN_POINT ( 'NONE',  ( 1449.620543239615245, 897.4980771124104422, -62.97177760210277597 ) ) ;
#1204 = CARTESIAN_POINT ( 'NONE',  ( 788.8097708559246257, 84.43849018903310366, 23.85906050693496994 ) ) ;
#1205 = CARTESIAN_POINT ( 'NONE',  ( 1151.305593584376538, 341.4576133341045079, -59.05503258163096092 ) ) ;
#1206 = CARTESIAN_POINT ( 'NONE',  ( 1316.071740111345207, 569.3406784285332378, -54.14840622798786285 ) ) ;
#1207 = CARTESIAN_POINT ( 'NONE',  ( 842.4336812738297340, 125.6124840674008567, 31.42427706605889526 ) ) ;
#1208 = CARTESIAN_POINT ( 'NONE',  ( 787.8668831326293684, 94.38535926867730552, 47.95473087313221328 ) ) ;
#1209 = CARTESIAN_POINT ( 'NONE',  ( 1090.465480288504295, 342.9180839339122144, 61.54097532976749818 ) ) ;
#1210 = CARTESIAN_POINT ( 'NONE',  ( 1041.942205694926770, 303.5814926912451028, 74.79095282298280267 ) ) ;
#1211 = CARTESIAN_POINT ( 'NONE',  ( 560.0000000000002274, 4.323075478851356124, 17.97941773587907122 ) ) ;
#1212 = CARTESIAN_POINT ( 'NONE',  ( 846.5475262048350942, 92.14071731757985617, -49.02154705391131984 ) ) ;
#1213 = CARTESIAN_POINT ( 'NONE',  ( 734.3716907432586822, 34.51920316298720337, -42.16175860105953177 ) ) ;
#1214 = CARTESIAN_POINT ( 'NONE',  ( 1253.078123277703753, 567.9689440024244504, 26.73364854845896943 ) ) ;
#1215 = CARTESIAN_POINT ( 'NONE',  ( 1010.888251145406002, 179.7558467910960189, -73.84855288023149456 ) ) ;
#1216 = CARTESIAN_POINT ( 'NONE',  ( 900.5194467422892330, 129.0195911994188975, -45.95483675846622873 ) ) ;
#1217 = CARTESIAN_POINT ( 'NONE',  ( 846.1801125929436012, 95.23380655649727089, -20.07892196325778045 ) ) ;
#1218 = CARTESIAN_POINT ( 'NONE',  ( 1169.810045780881410, 468.7537849330598192, 77.39308102090001285 ) ) ;
#1219 = CARTESIAN_POINT ( 'NONE',  ( 1062.210205926387516, 221.3747656955369791, -80.54261120892566339 ) ) ;
#1220 = CARTESIAN_POINT ( 'NONE',  ( 1327.372334358027501, 803.4690913776108800, 95.44829522201413852 ) ) ;
#1221 = CARTESIAN_POINT ( 'NONE',  ( 902.6949003782924592, 114.7977988037061294, -61.06783509794261988 ) ) ;
#1222 = CARTESIAN_POINT ( 'NONE',  ( 1410.005053960170244, 887.7575747690785875, -18.70971182700734303 ) ) ;
#1223 = CARTESIAN_POINT ( 'NONE',  ( 734.3800146108542322, 34.44631667137318232, -36.19331181254952412 ) ) ;
#1224 = CARTESIAN_POINT ( 'NONE',  ( 1148.849697585539388, 349.3333609762755714, -24.73033615172487387 ) ) ;
#1225 = CARTESIAN_POINT ( 'NONE',  ( 1207.122505236984580, 361.8649218108098466, -86.84638180742531688 ) ) ;
#1226 = CARTESIAN_POINT ( 'NONE',  ( 1237.199789260055923, 605.5756625477246189, 102.2486179494626413 ) ) ;
#1227 = CARTESIAN_POINT ( 'NONE',  ( 618.5154183553569283, 10.24609623927376489, 0.6329603083321370116 ) ) ;
#1228 = CARTESIAN_POINT ( 'NONE',  ( 1001.891529321731014, 221.7536446621618325, 8.930699454552240013 ) ) ;
#1229 = CARTESIAN_POINT ( 'NONE',  ( 1054.526724921508048, 252.4924117616522778, -44.81578397618172005 ) ) ;
#1230 = CARTESIAN_POINT ( 'NONE',  ( 1389.705513145250734, 688.6978668139735191, -87.39198681201801833 ) ) ;
#1231 = CARTESIAN_POINT ( 'NONE',  ( 1367.176554322736820, 955.1201274291481695, 90.94464135671940141 ) ) ;
#1232 = CARTESIAN_POINT ( 'NONE',  ( 1264.629130704970294, 540.6549071834346023, -0.1408048760627612639 ) ) ;
#1233 = CARTESIAN_POINT ( 'NONE',  ( 1367.097529163738727, 847.6102379996174250, 32.46901484992439890 ) ) ;
#1234 = CARTESIAN_POINT ( 'NONE',  ( 1098.883746286601991, 312.7679872389173283, -23.83972007416058858 ) ) ;
#1235 = CARTESIAN_POINT ( 'NONE',  ( 579.4801965229514735, -4.203046284578376479, -19.68269162778958759 ) ) ;
#1236 = CARTESIAN_POINT ( 'NONE',  ( 1299.429524748158428, 736.5796592534611591, 91.27095199942718295 ) ) ;
#1237 = CARTESIAN_POINT ( 'NONE',  ( 955.2526021239611964, 156.9867381824850554, -36.21984872499510999 ) ) ;
#1238 = CARTESIAN_POINT ( 'NONE',  ( 1252.136913398397382, 570.2228151812659007, 49.29410316578890416 ) ) ;
#1239 = CARTESIAN_POINT ( 'NONE',  ( 1331.719202351981494, 795.4546096570725240, 67.62853861637040609 ) ) ;
#1240 = CARTESIAN_POINT ( 'NONE',  ( 946.0655345675605759, 207.1693197988100223, 66.69024062617552318 ) ) ;
#1241 = CARTESIAN_POINT ( 'NONE',  ( 579.4499762576316471, 0.07418610192479234422, -25.27647987851482014 ) ) ;
#1242 = CARTESIAN_POINT ( 'NONE',  ( 842.1233818635990929, 128.1805129980877211, 54.56912522057350401 ) ) ;
#1243 = CARTESIAN_POINT ( 'NONE',  ( 618.4345409105295630, 14.88319411499245959, 13.84551880829404169 ) ) ;
#1244 = CARTESIAN_POINT ( 'NONE',  ( 1408.564093133945789, 776.8131965321293819, -67.70652662308111758 ) ) ;
#1245 = CARTESIAN_POINT ( 'NONE',  ( 1152.787508888821776, 336.7909243767004455, -44.67760333464273970 ) ) ;
#1246 = CARTESIAN_POINT ( 'NONE',  ( 1044.151277981680096, 294.5968906121682380, 46.74799670617445457 ) ) ;
#1247 = CARTESIAN_POINT ( 'NONE',  ( 1401.315818622153074, 1004.876795631003802, 52.79450941680747889 ) ) ;
#1248 = CARTESIAN_POINT ( 'NONE',  ( 1317.052158625588163, 567.1898477064867166, -72.60544634955296317 ) ) ;
#1249 = CARTESIAN_POINT ( 'NONE',  ( 947.8301243423402411, 197.5376199825910533, 47.62022813165827984 ) ) ;
#1250 = CARTESIAN_POINT ( 'NONE',  ( 1319.885538314325458, 817.2492297996573143, 107.8223467247223368 ) ) ;
#1251 = CARTESIAN_POINT ( 'NONE',  ( 1211.924863072900280, 518.0686575847082622, 69.39427428071174120 ) ) ;
#1252 = CARTESIAN_POINT ( 'NONE',  ( 579.4403593990227819, 1.423340630717166544, -24.11242550220105230 ) ) ;
#1253 = CARTESIAN_POINT ( 'NONE',  ( 1452.580278377482500, 929.1694767244765671, -51.10749775082302904 ) ) ;
#1254 = CARTESIAN_POINT ( 'NONE',  ( 788.1279573345983636, 91.53441764838188988, 17.13680222693857402 ) ) ;
#1255 = CARTESIAN_POINT ( 'NONE',  ( 579.4769579906513854, -3.702004990581433841, -26.02656371767077204 ) ) ;
#1256 = CARTESIAN_POINT ( 'NONE',  ( 1313.835542062724699, 574.1892591118460132, -47.45332365569282729 ) ) ;
#1257 = CARTESIAN_POINT ( 'NONE',  ( 1271.175070916388677, 666.6923193618306414, 90.39569537447331982 ) ) ;
#1258 = CARTESIAN_POINT ( 'NONE',  ( 1062.349429763716216, 220.8114065268987645, -80.80657135321850149 ) ) ;
#1259 = CARTESIAN_POINT ( 'NONE',  ( 1394.784700111277061, 980.7953119224235934, 57.28897031381374205 ) ) ;
#1260 = CARTESIAN_POINT ( 'NONE',  ( 1010.040176119623652, 183.6959649117297602, -73.15655760781352512 ) ) ;
#1261 = CARTESIAN_POINT ( 'NONE',  ( 1010.185874360913090, 183.0629717453938099, -61.40990448923262335 ) ) ;
#1262 = CARTESIAN_POINT ( 'NONE',  ( 1268.843912009835776, 530.6793883953453133, -15.98412405338205744 ) ) ;
#1263 = CARTESIAN_POINT ( 'NONE',  ( 1010.649283556840601, 180.9008397243001980, -64.70675910415575061 ) ) ;
#1264 = CARTESIAN_POINT ( 'NONE',  ( 618.3060744625321377, 22.19811058466350673, 30.50210173369650590 ) ) ;
#1265 = CARTESIAN_POINT ( 'NONE',  ( 579.4318920253605256, 2.480069863444373635, 0.5885945607137368363 ) ) ;
#1266 = CARTESIAN_POINT ( 'NONE',  ( 579.4193639999641618, 4.220527705004084140, 5.630252044544739043 ) ) ;
#1267 = CARTESIAN_POINT ( 'NONE',  ( 789.6294635248301574, 75.60679569677043332, -30.18934755927696756 ) ) ;
#1268 = CARTESIAN_POINT ( 'NONE',  ( 1445.507964323246824, 939.6138652553644306, -43.36719950916474176 ) ) ;
#1269 = CARTESIAN_POINT ( 'NONE',  ( 1263.435553694983128, 543.4798822763671069, 4.404745760159262780 ) ) ;
#1270 = CARTESIAN_POINT ( 'NONE',  ( 1412.397499260793438, 988.5113772859359642, 22.41296155150187985 ) ) ;
#1271 = CARTESIAN_POINT ( 'NONE',  ( 560.0000000000000000, -7.238601070250348712, -18.03474802372566188 ) ) ;
#1272 = CARTESIAN_POINT ( 'NONE',  ( 732.2314234157184956, 66.32912988036002844, 35.62294245799073877 ) ) ;
#1273 = CARTESIAN_POINT ( 'NONE',  ( 618.6224586933365117, 4.043251389866663992, -16.59664050395339174 ) ) ;
#1274 = CARTESIAN_POINT ( 'NONE',  ( 560.0000000000009095, 2.150583802177201687, 11.13885376258552462 ) ) ;
#1275 = CARTESIAN_POINT ( 'NONE',  ( 1396.446467690492909, 978.2721374801327556, 45.64668538237334872 ) ) ;
#1276 = CARTESIAN_POINT ( 'NONE',  ( 1206.244096441883357, 532.8179487324819092, 96.77488685652470224 ) ) ;
#1277 = CARTESIAN_POINT ( 'NONE',  ( 955.9308326781849701, 153.2090855701740111, -61.78276588737798392 ) ) ;
#1278 = CARTESIAN_POINT ( 'NONE',  ( 579.4070555760578145, 5.933363679289664461, 10.68842237153246622 ) ) ;
#1279 = CARTESIAN_POINT ( 'NONE',  ( 1294.167215456257964, 616.8137081973081877, -1.291534063228314100 ) ) ;
#1280 = CARTESIAN_POINT ( 'NONE',  ( 1193.819367329349006, 399.9272345455374875, -53.65054357749791336 ) ) ;
#1281 = CARTESIAN_POINT ( 'NONE',  ( 1153.367650444899255, 334.9431155514083116, -47.48741688992383558 ) ) ;
#1282 = CARTESIAN_POINT ( 'NONE',  ( 787.9293087908165489, 93.66978291558680780, 29.35144659621624896 ) ) ;
#1283 = CARTESIAN_POINT ( 'NONE',  ( 559.9999999999996589, 7.014488179597456075, 23.37033576110209765 ) ) ;
#1284 = CARTESIAN_POINT ( 'NONE',  ( 618.3061893054511984, 22.19341427885823137, 30.79936731353614121 ) ) ;
#1285 = CARTESIAN_POINT ( 'NONE',  ( 896.1898405248418840, 157.5039595011841698, 44.35662148648947323 ) ) ;
#1286 = CARTESIAN_POINT ( 'NONE',  ( 1090.838826973027608, 341.5837983839129492, 58.72014084844214210 ) ) ;
#1287 = CARTESIAN_POINT ( 'NONE',  ( 560.0000000000000000, -1.959370718895292462, -21.67020562170749542 ) ) ;
#1288 = CARTESIAN_POINT ( 'NONE',  ( 903.4373804166298214, 109.9721604911881059, -59.00070032005817211 ) ) ;
#1289 = CARTESIAN_POINT ( 'NONE',  ( 1410.116940715173314, 957.5065319153277414, 12.20014968507943109 ) ) ;
#1290 = CARTESIAN_POINT ( 'NONE',  ( 1403.169751029432291, 663.9227464015108353, -109.2964867899980987 ) ) ;
#1291 = CARTESIAN_POINT ( 'NONE',  ( 1105.154575324114603, 290.4260618693951983, -36.32114891018546388 ) ) ;
#1292 = CARTESIAN_POINT ( 'NONE',  ( 579.3617021543765304, 12.27319181194190989, 21.49423882487214144 ) ) ;
#1293 = CARTESIAN_POINT ( 'NONE',  ( 1010.624080141729223, 180.9778855791177534, -74.62369904340350502 ) ) ;
#1294 = CARTESIAN_POINT ( 'NONE',  ( 947.1481795022912138, 201.2643066374756984, 56.45904144054123464 ) ) ;
#1295 = CARTESIAN_POINT ( 'NONE',  ( 790.9911605161200896, 61.27860090333940946, -47.87814774301400433 ) ) ;
#1296 = CARTESIAN_POINT ( 'NONE',  ( 1387.490155328504898, 812.7901723572255150, -20.91081067066852484 ) ) ;
#1297 = CARTESIAN_POINT ( 'NONE',  ( 1443.829984824868916, 834.5787038746416329, -75.55819924503003904 ) ) ;
#1298 = CARTESIAN_POINT ( 'NONE',  ( 847.8352480007974918, 81.75809483228107410, -48.35783371326829183 ) ) ;
#1299 = CARTESIAN_POINT ( 'NONE',  ( 1344.000887788399268, 887.0581220790912766, 101.8800613371517443 ) ) ;
#1300 = CARTESIAN_POINT ( 'NONE',  ( 560.0000000000000000, 5.111308995621533846, 21.37860958377109100 ) ) ;
#1301 = CARTESIAN_POINT ( 'NONE',  ( 1395.997848121903417, 978.9524359677750454, 53.95627467182681158 ) ) ;
#1302 = CARTESIAN_POINT ( 'NONE',  ( 789.5903673832077629, 76.19238852075206125, 3.505436802988864731 ) ) ;
#1303 = CARTESIAN_POINT ( 'NONE',  ( 1424.967099061005456, 864.2300852486467875, -49.80984739065410594 ) ) ;
#1304 = CARTESIAN_POINT ( 'NONE',  ( 1358.286525734809629, 619.1103312909223177, -88.65798361576560183 ) ) ;
#1305 = CARTESIAN_POINT ( 'NONE',  ( 1389.143209142837804, 989.3649333414008424, 66.13722989844225708 ) ) ;
#1306 = CARTESIAN_POINT ( 'NONE',  ( 1186.110184591713278, 422.0628197404696493, 4.394549440994659051 ) ) ;
#1307 = CARTESIAN_POINT ( 'NONE',  ( 1247.291525052262614, 426.2540496594307911, -77.96193518138977652 ) ) ;
#1308 = CARTESIAN_POINT ( 'NONE',  ( 995.3664051594778357, 252.1725085368545649, 63.08711555539314730 ) ) ;
#1309 = CARTESIAN_POINT ( 'NONE',  ( 901.9200431087787138, 119.9468894752740482, -36.51475565778937948 ) ) ;
#1310 = CARTESIAN_POINT ( 'NONE',  ( 788.8097708559246257, 84.43849018903310366, 23.85906050693496994 ) ) ;
#1311 = CARTESIAN_POINT ( 'NONE',  ( 842.3469227460035427, 126.3260856021942971, 35.19583349055397292 ) ) ;
#1312 = CARTESIAN_POINT ( 'NONE',  ( 946.2519761374253449, 206.1510056594781872, 65.67067041892101997 ) ) ;
#1313 = CARTESIAN_POINT ( 'NONE',  ( 1396.623295906689464, 675.9666278433953721, -99.97188792814868918 ) ) ;
#1314 = CARTESIAN_POINT ( 'NONE',  ( 1093.348317013401584, 332.6153413710799214, 40.44342574803356172 ) ) ;
#1315 = CARTESIAN_POINT ( 'NONE',  ( 1288.289947210383616, 629.5615470537954934, 20.23107732178338836 ) ) ;
#1316 = CARTESIAN_POINT ( 'NONE',  ( 733.1168650883678310, 53.01606661366975715, -23.65228616142862350 ) ) ;
#1317 = CARTESIAN_POINT ( 'NONE',  ( 1438.578826663756672, 914.2699973357433691, -39.01302664846161861 ) ) ;
#1318 = CARTESIAN_POINT ( 'NONE',  ( 675.6269686151268843, 42.05340939177249027, 26.63014041825648803 ) ) ;
#1319 = CARTESIAN_POINT ( 'NONE',  ( 1348.691987031867029, 879.0506463136653110, 96.68467803440950092 ) ) ;
#1320 = CARTESIAN_POINT ( 'NONE',  ( 1133.620341196854952, 397.8455873782644403, 64.08137235355003725 ) ) ;
#1321 = CARTESIAN_POINT ( 'NONE',  ( 618.3881428963395592, 17.53562038686587599, 21.84837406658558834 ) ) ;
#1322 = CARTESIAN_POINT ( 'NONE',  ( 1244.229491103419832, 434.1659934502804390, -82.55311928000929811 ) ) ;
#1323 = CARTESIAN_POINT ( 'NONE',  ( 1294.363080883263819, 470.2827624622294707, -100.7841883280152189 ) ) ;
#1324 = CARTESIAN_POINT ( 'NONE',  ( 997.2575254305621684, 243.3180800803566797, 32.91015045388810734 ) ) ;
#1325 = CARTESIAN_POINT ( 'NONE',  ( 1295.287750355454818, 468.0863648311153611, -106.2120705935138574 ) ) ;
#1326 = CARTESIAN_POINT ( 'NONE',  ( 1104.544381171986061, 292.6064524078941531, -32.77002439219311469 ) ) ;
#1327 = CARTESIAN_POINT ( 'NONE',  ( 946.1413375331907218, 206.7479361859136304, 57.50938640898028353 ) ) ;
#1328 = CARTESIAN_POINT ( 'NONE',  ( 1089.127368835663674, 347.7006536953387013, 71.49831892655269883 ) ) ;
#1329 = CARTESIAN_POINT ( 'NONE',  ( 1008.884004768916952, 189.0811330426150789, -68.01149719857443188 ) ) ;
#1330 = CARTESIAN_POINT ( 'NONE',  ( 1205.651971740862564, 366.0755225063114153, -81.53575494965822656 ) ) ;
#1331 = CARTESIAN_POINT ( 'NONE',  ( 1062.277593703341836, 221.1433101021046639, -70.11415522562535330 ) ) ;
#1332 = CARTESIAN_POINT ( 'NONE',  ( 560.0000000000001137, 7.157616629799091079, 22.66091663327427952 ) ) ;
#1333 = CARTESIAN_POINT ( 'NONE',  ( 1360.490808897701754, 742.4927078250597106, -2.842820294164057238 ) ) ;
#1334 = CARTESIAN_POINT ( 'NONE',  ( 1089.487467726258956, 346.4132333895988154, 68.67054411150890303 ) ) ;
#1335 = CARTESIAN_POINT ( 'NONE',  ( 899.0506254471570173, 138.7556795083804104, 1.335291513411786646 ) ) ;
#1336 = CARTESIAN_POINT ( 'NONE',  ( 1377.867840640840541, 710.4861121490265532, -62.59218881544379087 ) ) ;
#1337 = CARTESIAN_POINT ( 'NONE',  ( 676.2173095256899842, 27.83041710939343005, -28.69890854833770533 ) ) ;
#1338 = CARTESIAN_POINT ( 'NONE',  ( 733.3601374295178630, 49.62405568578793691, 1.394222474483561847 ) ) ;
#1339 = CARTESIAN_POINT ( 'NONE',  ( 1091.096528118385322, 340.6224655332271141, 35.79276468515379861 ) ) ;
#1340 = CARTESIAN_POINT ( 'NONE',  ( 1443.932126735244765, 906.1378551813324975, -48.91009539704419495 ) ) ;
#1341 = CARTESIAN_POINT ( 'NONE',  ( 1168.740101131485289, 471.8242831715742227, 85.43421825840685813 ) ) ;
#1342 = CARTESIAN_POINT ( 'NONE',  ( 1441.785344267836081, 909.3989917841785200, -44.99162363635677764 ) ) ;
#1343 = CARTESIAN_POINT ( 'NONE',  ( 1366.665167567515709, 848.3597272568417793, 47.15403811599220063 ) ) ;
#1344 = CARTESIAN_POINT ( 'NONE',  ( 1132.039911857826837, 402.8568136295112936, 57.06481544345522394 ) ) ;
#1345 = CARTESIAN_POINT ( 'NONE',  ( 995.2386054851372137, 252.7758975959423253, 72.73100348322356012 ) ) ;
#1346 = CARTESIAN_POINT ( 'NONE',  ( 1449.350551433568398, 933.9391352538128785, -48.95140410389483066 ) ) ;
#1347 = CARTESIAN_POINT ( 'NONE',  ( 1178.095238630854055, 445.0270530895087973, 45.32250879022786449 ) ) ;
#1348 = CARTESIAN_POINT ( 'NONE',  ( 948.2199413460367623, 195.3364989673125933, 16.18773728049271909 ) ) ;
#1349 = CARTESIAN_POINT ( 'NONE',  ( 845.1494812415049864, 103.4714515700464403, -33.63085037679726241 ) ) ;
#1350 = CARTESIAN_POINT ( 'NONE',  ( 1351.106184431620022, 633.4559074687923612, -58.21535874792567000 ) ) ;
#1351 = CARTESIAN_POINT ( 'NONE',  ( 1207.970338646575101, 528.3196774165160150, 74.13807231922157825 ) ) ;
#1352 = CARTESIAN_POINT ( 'NONE',  ( 1271.723955311631471, 665.5099339250991761, 101.3669202392545259 ) ) ;
#1353 = CARTESIAN_POINT ( 'NONE',  ( 947.6591855859747966, 198.4713878024442693, 49.82486391101659962 ) ) ;
#1354 = CARTESIAN_POINT ( 'NONE',  ( 1267.035423562819005, 675.6744025790310388, 108.4333121392867270 ) ) ;
#1355 = CARTESIAN_POINT ( 'NONE',  ( 997.8248205568548883, 240.7204918065768595, 49.03652134830312548 ) ) ;
#1356 = CARTESIAN_POINT ( 'NONE',  ( 676.3145446579883355, 25.54047913189187469, -31.71629431530227805 ) ) ;
#1357 = CARTESIAN_POINT ( 'NONE',  ( 847.7335413193459317, 82.55393742212153541, -55.00050259558253174 ) ) ;
#1358 = CARTESIAN_POINT ( 'NONE',  ( 579.3615661652939934, 12.34157378301819818, 11.71851437875213087 ) ) ;
#1359 = CARTESIAN_POINT ( 'NONE',  ( 1451.278192612995781, 822.8646049756105185, -92.18233184449228190 ) ) ;
#1360 = CARTESIAN_POINT ( 'NONE',  ( 1270.811816376170100, 667.4806625290935926, 92.14516964889885742 ) ) ;
#1361 = CARTESIAN_POINT ( 'NONE',  ( 1171.660053390847224, 463.4667149964467399, 80.63943280822262238 ) ) ;
#1362 = CARTESIAN_POINT ( 'NONE',  ( 676.4879505892215548, 21.46969926085538560, -35.65920851605287112 ) ) ;
#1363 = CARTESIAN_POINT ( 'NONE',  ( 734.4077871833733298, 34.02055392756642505, -37.65987382573024433 ) ) ;
#1364 = CARTESIAN_POINT ( 'NONE',  ( 1000.475916343139374, 228.2766891700254348, -6.533272217979570584 ) ) ;
#1365 = CARTESIAN_POINT ( 'NONE',  ( 618.6715269092346716, 1.050050678948747374, -27.45734563546517037 ) ) ;
#1366 = CARTESIAN_POINT ( 'NONE',  ( 732.1988496274620957, 66.84433210787709356, 41.71522548607997294 ) ) ;
#1367 = CARTESIAN_POINT ( 'NONE',  ( 560.0000000000000000, -1.299176757273317273, 0.8087598939924603991 ) ) ;
#1368 = CARTESIAN_POINT ( 'NONE',  ( 1376.222350220092039, 940.8951098117142919, 74.10498476191862949 ) ) ;
#1369 = CARTESIAN_POINT ( 'NONE',  ( 1227.129059882061711, 478.5945447727967235, 0.07334662856355660121 ) ) ;
#1370 = CARTESIAN_POINT ( 'NONE',  ( 788.1992106547031653, 90.89134684530182540, 41.24758747338710663 ) ) ;
#1371 = CARTESIAN_POINT ( 'NONE',  ( 1103.948112359348443, 294.6712706271461002, -53.02403822240801645 ) ) ;
#1372 = CARTESIAN_POINT ( 'NONE',  ( 900.7172414347331824, 127.7259385245229026, -47.65692554381224966 ) ) ;
#1373 = CARTESIAN_POINT ( 'NONE',  ( 1096.473384921077695, 321.3863244004916169, -7.141428515789750797 ) ) ;
#1374 = CARTESIAN_POINT ( 'NONE',  ( 1310.449452623209481, 714.5777068722203467, 49.95895404528131678 ) ) ;
#1375 = CARTESIAN_POINT ( 'NONE',  ( 676.6839206173359571, 16.99828125674263291, -27.70781231655244170 ) ) ;
#1376 = CARTESIAN_POINT ( 'NONE',  ( 787.7870023927879402, 95.22042477926022741, 42.60285966202504682 ) ) ;
#1377 = CARTESIAN_POINT ( 'NONE',  ( 1155.129832094636640, 329.3303959149963589, -55.86553061527912689 ) ) ;
#1378 = CARTESIAN_POINT ( 'NONE',  ( 676.0083963526190018, 33.09825659603122716, 14.74771287515649121 ) ) ;
#1379 = CARTESIAN_POINT ( 'NONE',  ( 842.2335021232446479, 127.2611927698976899, 40.56288344526866041 ) ) ;
#1380 = CARTESIAN_POINT ( 'NONE',  ( 675.7174099517430932, 39.97769134331290530, 34.56411774288847738 ) ) ;
#1381 = CARTESIAN_POINT ( 'NONE',  ( 1448.254665364913080, 899.5727327435649840, -61.07607314556429401 ) ) ;
#1382 = CARTESIAN_POINT ( 'NONE',  ( 949.4058007946766793, 188.9292081086286714, 27.92109381710490723 ) ) ;
#1383 = CARTESIAN_POINT ( 'NONE',  ( 1416.284367218654324, 982.7712533591865167, 13.42087522967866420 ) ) ;
#1384 = CARTESIAN_POINT ( 'NONE',  ( 789.5515287278440155, 76.42901543855860780, -28.71383547028050387 ) ) ;
#1385 = CARTESIAN_POINT ( 'NONE',  ( 1429.593252417064832, 856.9633543768402433, -48.20074255401299723 ) ) ;
#1386 = CARTESIAN_POINT ( 'NONE',  ( 560.0000000000000000, 7.483517110713732379, 16.02549463054476320 ) ) ;
#1387 = CARTESIAN_POINT ( 'NONE',  ( 895.4768850623061098, 162.1727975551123109, 56.32035359649513850 ) ) ;
#1388 = CARTESIAN_POINT ( 'NONE',  ( 733.2725141397044126, 50.71170769078228346, -27.96499491902869394 ) ) ;
#1389 = CARTESIAN_POINT ( 'NONE',  ( 618.3881428963395592, 17.53562038686587599, 21.84837406658558834 ) ) ;
#1390 = CARTESIAN_POINT ( 'NONE',  ( 618.3061224347551388, 22.19242686378313323, 30.17949883737399119 ) ) ;
#1391 = CARTESIAN_POINT ( 'NONE',  ( 1133.852547098342939, 397.1058404887484699, 62.57180255198498031 ) ) ;
#1392 = CARTESIAN_POINT ( 'NONE',  ( 733.6045445279025898, 45.80678477129174553, -35.26153729988919849 ) ) ;
#1393 = CARTESIAN_POINT ( 'NONE',  ( 1429.876408121298482, 740.4398917872199490, -102.6214164832632747 ) ) ;
#1394 = CARTESIAN_POINT ( 'NONE',  ( 676.3804123401281458, 24.26253974732679808, -8.873770599270518034 ) ) ;
#1395 = CARTESIAN_POINT ( 'NONE',  ( 675.6524461536788522, 41.37527961835075985, 16.77629755837235592 ) ) ;
#1396 = CARTESIAN_POINT ( 'NONE',  ( 1451.471146026861334, 822.5616863710181406, -92.24280572980562454 ) ) ;
#1397 = CARTESIAN_POINT ( 'NONE',  ( 842.1311545612365990, 128.1071314362361875, 46.42519842854873247 ) ) ;
#1398 = CARTESIAN_POINT ( 'NONE',  ( 1086.380715596096934, 357.5114782608580413, 85.93078939043259368 ) ) ;
#1399 = CARTESIAN_POINT ( 'NONE',  ( 1375.103014758769177, 942.6556364769826359, 77.16447443384974747 ) ) ;
#1400 = CARTESIAN_POINT ( 'NONE',  ( 1158.920346171081519, 317.2215456234122826, -86.12730587273729554 ) ) ;
#1401 = CARTESIAN_POINT ( 'NONE',  ( 579.3713643403576725, 11.03029705985798081, -1.549903000251606544 ) ) ;
#1402 = CARTESIAN_POINT ( 'NONE',  ( 847.8352480007974918, 81.75809483228107410, -48.35783371326829183 ) ) ;
#1403 = CARTESIAN_POINT ( 'NONE',  ( 1095.701278478722770, 324.1475636497100936, -1.514444526903982569 ) ) ;
#1404 = CARTESIAN_POINT ( 'NONE',  ( 676.7407964548641530, 15.56919694519269903, -33.94513514464964032 ) ) ;
#1405 = CARTESIAN_POINT ( 'NONE',  ( 1203.314446807132981, 540.4199155995685260, 101.5653929262419695 ) ) ;
#1406 = CARTESIAN_POINT ( 'NONE',  ( 1101.178689278572847, 304.6334175771271475, -12.03585004006139236 ) ) ;
#1407 = CARTESIAN_POINT ( 'NONE',  ( 1376.837084317917288, 939.9282753410369651, 72.57025903163690828 ) ) ;
#1408 = CARTESIAN_POINT ( 'NONE',  ( 1425.781732980450442, 968.7455501345382345, -0.1319401852781590667 ) ) ;
#1409 = CARTESIAN_POINT ( 'NONE',  ( 1242.666222024870422, 592.6413856092678998, 89.83331371355684780 ) ) ;
#1410 = CARTESIAN_POINT ( 'NONE',  ( 559.9999999999994316, 4.359939027545703283, -10.73449561546350317 ) ) ;
#1411 = CARTESIAN_POINT ( 'NONE',  ( 902.6843733215873726, 114.9322987773094411, -46.03037107118941407 ) ) ;
#1412 = CARTESIAN_POINT ( 'NONE',  ( 676.2300009405821584, 27.83917622513110146, 0.5592027313833018987 ) ) ;
#1413 = CARTESIAN_POINT ( 'NONE',  ( 1411.629970659110086, 989.6448629969913782, 24.22330216019140892 ) ) ;
#1414 = CARTESIAN_POINT ( 'NONE',  ( 847.6016818146039213, 83.66930560968157238, -43.89913111238039534 ) ) ;
#1415 = CARTESIAN_POINT ( 'NONE',  ( 894.9627639378713866, 165.5292352979724910, 52.98321241220477162 ) ) ;
#1416 = CARTESIAN_POINT ( 'NONE',  ( 1283.189062214510614, 496.7298296862904863, -65.42838411085580219 ) ) ;
#1417 = CARTESIAN_POINT ( 'NONE',  ( 843.9142885119268840, 113.6433004520418848, 21.35417215348195086 ) ) ;
#1418 = CARTESIAN_POINT ( 'NONE',  ( 1088.298283277142218, 350.6412112902848435, 62.23059277021534541 ) ) ;
#1419 = CARTESIAN_POINT ( 'NONE',  ( 559.9999999999998863, 5.827015692461187335, 22.30183107857034841 ) ) ;
#1420 = CARTESIAN_POINT ( 'NONE',  ( 579.4403593990227819, 1.423340630717166544, -24.11242550220105230 ) ) ;
#1421 = CARTESIAN_POINT ( 'NONE',  ( 1095.476510826272943, 325.0099585097252657, 25.57111629327921065 ) ) ;
#1422 = CARTESIAN_POINT ( 'NONE',  ( 896.3453864095966992, 156.4006040155048538, 14.46559366619932696 ) ) ;
#1423 = CARTESIAN_POINT ( 'NONE',  ( 1347.346473185313471, 640.9365815509921731, -63.50875065327206670 ) ) ;
#1424 = CARTESIAN_POINT ( 'NONE',  ( 1008.639899703581477, 190.2791444874385718, -48.85772669272200375 ) ) ;
#1425 = CARTESIAN_POINT ( 'NONE',  ( 946.6267382606049523, 204.0785231611955339, 46.02919662858435856 ) ) ;
#1426 = CARTESIAN_POINT ( 'NONE',  ( 788.0541336753876749, 92.41227976624924167, 45.27861799639796203 ) ) ;
#1427 = CARTESIAN_POINT ( 'NONE',  ( 899.9563786162915449, 132.7044229000526627, -40.67138409607831306 ) ) ;
#1428 = CARTESIAN_POINT ( 'NONE',  ( 1399.744304886173268, 973.2614799521780924, 45.05860730477618148 ) ) ;
#1429 = CARTESIAN_POINT ( 'NONE',  ( 1402.875922374069887, 664.4609911355385066, -109.8355918684382999 ) ) ;
#1430 = CARTESIAN_POINT ( 'NONE',  ( 1402.059622478549045, 969.7444445747496502, 39.53345741454252504 ) ) ;
#1431 = CARTESIAN_POINT ( 'NONE',  ( 790.3543673252356712, 67.97167749179577356, -41.31690045796791821 ) ) ;
#1432 = CARTESIAN_POINT ( 'NONE',  ( 579.4755013982768332, -3.498496895444927812, -26.13079035344837919 ) ) ;
#1433 = CARTESIAN_POINT ( 'NONE',  ( 1191.258191466868993, 407.3135156839120441, -20.39311378257462692 ) ) ;
#1434 = CARTESIAN_POINT ( 'NONE',  ( 1340.107532758975367, 780.0069663172785113, 40.66974438029290440 ) ) ;
#1435 = CARTESIAN_POINT ( 'NONE',  ( 957.5157862749936157, 144.5714330319142107, -68.09127859361667845 ) ) ;
#1436 = CARTESIAN_POINT ( 'NONE',  ( 1168.973998772919231, 471.1529714769705492, 83.74253232606257313 ) ) ;
#1437 = CARTESIAN_POINT ( 'NONE',  ( 842.7354446397505399, 123.2211810832249199, 45.42160358620802185 ) ) ;
#1438 = CARTESIAN_POINT ( 'NONE',  ( 847.0667702185606913, 87.94018225705201530, -52.89159988495535458 ) ) ;
#1439 = CARTESIAN_POINT ( 'NONE',  ( 1062.479686041522882, 220.3248451250518940, -71.25630800785725683 ) ) ;
#1440 = CARTESIAN_POINT ( 'NONE',  ( 1404.813405506859908, 895.9219733167026334, -6.996386617348201220 ) ) ;
#1441 = CARTESIAN_POINT ( 'NONE',  ( 1368.147157091977533, 953.5943847924730790, 90.22337733446431685 ) ) ;
#1442 = CARTESIAN_POINT ( 'NONE',  ( 1161.577906908677733, 308.7859255635511886, -86.69943375342555214 ) ) ;
#1443 = CARTESIAN_POINT ( 'NONE',  ( 1086.380715596096934, 357.5114782608580413, 85.93078939043259368 ) ) ;
#1444 = CARTESIAN_POINT ( 'NONE',  ( 1099.759641459396107, 309.7043025930047406, -2.923175964266728322 ) ) ;
#1445 = CARTESIAN_POINT ( 'NONE',  ( 560.0000000000002274, 4.859236579691612157, 19.85227337974621875 ) ) ;
#1446 = CARTESIAN_POINT ( 'NONE',  ( 618.3576510781736033, 19.27833263372061623, 27.59487857843161152 ) ) ;
#1447 = CARTESIAN_POINT ( 'NONE',  ( 844.4900142500091533, 108.8263659519564044, -23.46653376822091985 ) ) ;
#1448 = CARTESIAN_POINT ( 'NONE',  ( 1288.267858788658941, 484.7107878764798556, -81.29323379486282874 ) ) ;
#1449 = CARTESIAN_POINT ( 'NONE',  ( 618.5154183553569283, 10.24609623927376489, 0.6329603083321370116 ) ) ;
#1450 = CARTESIAN_POINT ( 'NONE',  ( 734.3256201674307704, 35.26594659065823834, -33.42526205832281505 ) ) ;
#1451 = CARTESIAN_POINT ( 'NONE',  ( 787.7779225936382090, 95.32057039884431049, 43.48888604853905804 ) ) ;
#1452 = ORIENTED_EDGE ( 'NONE', *, *, #5788, .T. ) ;
#1453 = CARTESIAN_POINT ( 'NONE',  ( 1443.394246295622906, 906.9549438836988884, -47.93187659103210052 ) ) ;
#1454 = CARTESIAN_POINT ( 'NONE',  ( 949.5867923307519050, 187.9404582671254218, 25.74265963497222032 ) ) ;
#1455 = CARTESIAN_POINT ( 'NONE',  ( 675.6269686151268843, 42.05340939177249027, 26.63014041825648803 ) ) ;
#1456 = CARTESIAN_POINT ( 'NONE',  ( 995.9665256099361841, 249.3841004622667583, 68.83387367411145874 ) ) ;
#1457 = CARTESIAN_POINT ( 'NONE',  ( 676.3871022484805735, 23.83598291588294416, -33.56392143241929915 ) ) ;
#1458 = ADVANCED_FACE ( 'NONE', ( #1120 ), #2275, .T. ) ;
#1459 = CARTESIAN_POINT ( 'NONE',  ( 1371.706804351261098, 839.7510504417476795, 33.72959915512734597 ) ) ;
#1460 = CARTESIAN_POINT ( 'NONE',  ( 1369.556787327139773, 725.7851903895000305, -42.84282681360084410 ) ) ;
#1461 = CARTESIAN_POINT ( 'NONE',  ( 901.9200431087787138, 119.9468894752740482, -36.51475565778937948 ) ) ;
#1462 = CARTESIAN_POINT ( 'NONE',  ( 1407.094560868880080, 996.3427530557053160, 35.17839858657586660 ) ) ;
#1463 = CARTESIAN_POINT ( 'NONE',  ( 1270.919731607423500, 667.2530853410082727, 103.3534767356249944 ) ) ;
#1464 = CARTESIAN_POINT ( 'NONE',  ( 1195.964136704888233, 393.8313545773137889, -41.68378192908100033 ) ) ;
#1465 = CARTESIAN_POINT ( 'NONE',  ( 1334.129384945421634, 791.0272418529216338, 73.63451846897174846 ) ) ;
#1466 = CARTESIAN_POINT ( 'NONE',  ( 996.9078121107228299, 244.9543061657898875, 37.93547623715475936 ) ) ;
#1467 = CARTESIAN_POINT ( 'NONE',  ( 579.4608576815593324, -1.454106776984284366, -26.21970404752464034 ) ) ;
#1468 = B_SPLINE_CURVE_WITH_KNOTS ( 'NONE', 3,
 ( #1773, #6619, #1736, #6686, #4982, #1630, #2242, #4405, #6069, #3821, #3964, #4948, #6104, #6035, #6140, #1086, #2208, #4911, #3291, #5457, #3325, #5529, #4441, #5494, #3395, #585, #6177, #1191, #7124 ),
 .UNSPECIFIED., .F., .F.,
 ( 4, 1, 1, 1, 1, 1, 1, 1, 1, 1, 1, 1, 1, 1, 1, 1, 1, 1, 1, 1, 1, 1, 1, 1, 1, 1, 4 ),
 ( 0.2492000020003170557, 0.2501742526055081295, 0.2710220969320584761, 0.2918699190119981024, 0.3127176225534131770, 0.3335652144828315513, 0.3544127260423551307, 0.3752601959796255104, 0.3961076469285659818, 0.4169550604901990920, 0.4378024109190526425, 0.4586495171450773456, 0.4794957394472501577, 0.5003060813181208211, 0.5180330503492215355, 0.5388807351557749481, 0.5597286586792983298, 0.5805765416082107055, 0.6014243861242885014, 0.6222722082147574829, 0.6431200163314517715, 0.6639678078853867849, 0.6848155682557627300, 0.7056633579516823351, 0.7265112574653831423, 0.7473591577052818291, 0.7491999999999917614 ),
 .UNSPECIFIED. ) ;
#1469 = CARTESIAN_POINT ( 'NONE',  ( 1360.453255642561089, 858.9670176173317486, 64.07316790854687838 ) ) ;
#1470 = CARTESIAN_POINT ( 'NONE',  ( 1155.904465414310380, 326.8176577757535028, -76.69836706389193637 ) ) ;
#1471 = CARTESIAN_POINT ( 'NONE',  ( 1010.954911223383078, 179.4494859707190244, -73.29082835172282273 ) ) ;
#1472 = CARTESIAN_POINT ( 'NONE',  ( 790.4556592150029246, 67.04774032034127629, -17.69231823901564127 ) ) ;
#1473 = CARTESIAN_POINT ( 'NONE',  ( 1403.620874649602911, 967.3741515703125060, 27.66687197219403060 ) ) ;
#1474 = CARTESIAN_POINT ( 'NONE',  ( 734.3019483738407871, 35.54484761120658476, -42.75172017574711703 ) ) ;
#1475 = CARTESIAN_POINT ( 'NONE',  ( 845.5254890298340342, 100.4213520192558349, -38.49655424686515914 ) ) ;
#1476 = CARTESIAN_POINT ( 'NONE',  ( 579.3624198401768126, 12.16575157830549792, 22.74049917632455475 ) ) ;
#1477 = CARTESIAN_POINT ( 'NONE',  ( 1275.770441291210318, 656.7340851461153761, 84.93764407540766115 ) ) ;
#1478 = CARTESIAN_POINT ( 'NONE',  ( 560.0000000000001137, -3.174633288130038089, -22.70549810423196391 ) ) ;
#1479 = CARTESIAN_POINT ( 'NONE',  ( 1330.211756975691969, 675.1300967322416682, -15.50243485590533332 ) ) ;
#1480 = CARTESIAN_POINT ( 'NONE',  ( 1424.911464062134428, 748.9187954613129250, -90.08562213499823201 ) ) ;
#1481 = CARTESIAN_POINT ( 'NONE',  ( 1222.576894338143802, 490.3738688383219824, -1.354361537241626223 ) ) ;
#1482 = CARTESIAN_POINT ( 'NONE',  ( 1252.037544826395333, 413.9326309286749961, -94.61254814806103752 ) ) ;
#1483 = CARTESIAN_POINT ( 'NONE',  ( 1236.848348180697712, 606.4085816033441461, 106.4290889772481421 ) ) ;
#1484 = CARTESIAN_POINT ( 'NONE',  ( 560.0000000000000000, -1.551194976129342207, 0.06371961399579298413 ) ) ;
#1485 = CARTESIAN_POINT ( 'NONE',  ( 1173.124972600019191, 459.2688090445594753, 72.53660637779329079 ) ) ;
#1486 = CARTESIAN_POINT ( 'NONE',  ( 1187.385121039882961, 418.4100505706085187, -1.825345309577312669 ) ) ;
#1487 = CARTESIAN_POINT ( 'NONE',  ( 1131.355384400337698, 405.0622895308974876, 79.21057441558367884 ) ) ;
#1488 = CARTESIAN_POINT ( 'NONE',  ( 952.3025214547355972, 173.0030359640173003, -35.71016302244265006 ) ) ;
#1489 = CARTESIAN_POINT ( 'NONE',  ( 1419.135841594081967, 758.7774239524378572, -78.39060026632586187 ) ) ;
#1490 = CARTESIAN_POINT ( 'NONE',  ( 618.3400770349435334, 19.71859628753044191, -3.897779326559013491 ) ) ;
#1491 = CARTESIAN_POINT ( 'NONE',  ( 1110.608570706757973, 270.9360169783739707, -66.46399656913926890 ) ) ;
#1492 = CARTESIAN_POINT ( 'NONE',  ( 1400.977883914494214, 1005.375857374842553, 50.38804638670142566 ) ) ;
#1493 = CARTESIAN_POINT ( 'NONE',  ( 618.6503490678356911, 2.388428644436906723, -21.53130016414935355 ) ) ;
#1494 = CARTESIAN_POINT ( 'NONE',  ( 1406.756937239223362, 962.6090884730999733, 28.55818345049692297 ) ) ;
#1495 = CARTESIAN_POINT ( 'NONE',  ( 994.8531051152416467, 254.5750978620829414, 73.93413275074544799 ) ) ;
#1496 = CARTESIAN_POINT ( 'NONE',  ( 895.4768850623061098, 162.1727975551123109, 56.32035359649513850 ) ) ;
#1497 = CARTESIAN_POINT ( 'NONE',  ( 1157.461632245250485, 321.8618937966214730, -81.83773746137961780 ) ) ;
#1498 = CARTESIAN_POINT ( 'NONE',  ( 676.0264106897019474, 32.67099097864937818, 13.56120985632605525 ) ) ;
#1499 = CARTESIAN_POINT ( 'NONE',  ( 1046.105484368573343, 286.6569456107793599, 25.01696669941546958 ) ) ;
#1500 = CARTESIAN_POINT ( 'NONE',  ( 579.3894890286286454, 8.529225486823099445, -11.91553372559916646 ) ) ;
#1501 = CARTESIAN_POINT ( 'NONE',  ( 1320.630736425302530, 559.4559783957113268, -67.37626467196055557 ) ) ;
#1502 = CARTESIAN_POINT ( 'NONE',  ( 1087.704369605774673, 352.7683316898557564, 68.24552460462139436 ) ) ;
#1503 = CARTESIAN_POINT ( 'NONE',  ( 675.7476662035786603, 39.27356812401567510, 33.17814787231687745 ) ) ;
#1504 = CARTESIAN_POINT ( 'NONE',  ( 579.4632867088639614, -1.875475204495286041, -12.02228018926474817 ) ) ;
#1505 = CARTESIAN_POINT ( 'NONE',  ( 1174.654849728934778, 454.8850602834223764, 63.96498389832864007 ) ) ;
#1506 = CARTESIAN_POINT ( 'NONE',  ( 734.1081038174316973, 38.38901498242429255, -42.47284407220030999 ) ) ;
#1507 = CARTESIAN_POINT ( 'NONE',  ( 1176.315514935287410, 450.1265581300777399, 54.88703424380555163 ) ) ;
#1508 = CARTESIAN_POINT ( 'NONE',  ( 1242.296834175028607, 439.1801238952840549, -76.93948809574965253 ) ) ;
#1509 = CARTESIAN_POINT ( 'NONE',  ( 676.6770026466647323, 17.04480748372109744, -36.80452646652468474 ) ) ;
#1510 = CARTESIAN_POINT ( 'NONE',  ( 1056.664205889106142, 243.9037838051092137, -33.50889285340454649 ) ) ;
#1511 = CARTESIAN_POINT ( 'NONE',  ( 947.3111519493719470, 200.3203684144362455, 32.18504291970402420 ) ) ;
#1512 = CARTESIAN_POINT ( 'NONE',  ( 559.9999999999998863, 7.247115691398763992, 19.94616317314196507 ) ) ;
#1513 = CARTESIAN_POINT ( 'NONE',  ( 788.3288785686355595, 89.51815453856214333, 37.30767952120035602 ) ) ;
#1514 = CARTESIAN_POINT ( 'NONE',  ( 790.6825708327816074, 64.52154943202856430, -44.95446310095854869 ) ) ;
#1515 = CARTESIAN_POINT ( 'NONE',  ( 1419.750413792450672, 942.8725794806363183, -9.415651610492906443 ) ) ;
#1516 = CARTESIAN_POINT ( 'NONE',  ( 1251.200241439191586, 416.1082130246236375, -91.27302566011125862 ) ) ;
#1517 = CARTESIAN_POINT ( 'NONE',  ( 1325.641422360291472, 684.2520324237704017, -1.228262054620598009 ) ) ;
#1518 = CARTESIAN_POINT ( 'NONE',  ( 1426.356323037760376, 746.4521299911665437, -93.06964921186052209 ) ) ;
#1519 = CARTESIAN_POINT ( 'NONE',  ( 1344.205996779919133, 886.7080342665479975, 101.9408316901903788 ) ) ;
#1520 = CARTESIAN_POINT ( 'NONE',  ( 1228.148447468548511, 475.9481113223584430, -4.283533228542236060 ) ) ;
#1521 = CARTESIAN_POINT ( 'NONE',  ( 1397.906144718056339, 976.0536647451704084, 49.49518950066628520 ) ) ;
#1522 = SECURITY_CLASSIFICATION_LEVEL ( 'unclassified' ) ;
#1523 = CARTESIAN_POINT ( 'NONE',  ( 791.2393357387404649, 58.67529421586445437, -49.21372789673463188 ) ) ;
#1524 = CARTESIAN_POINT ( 'NONE',  ( 1369.556787327139773, 725.7851903895000305, -42.84282681360084410 ) ) ;
#1525 = CARTESIAN_POINT ( 'NONE',  ( 1299.996308219280536, 604.1978123074879932, -2.652759450074598568 ) ) ;
#1526 = CARTESIAN_POINT ( 'NONE',  ( 1420.621366084131751, 756.2415044348011861, -81.49053826405022960 ) ) ;
#1527 = CARTESIAN_POINT ( 'NONE',  ( 579.3626150292352577, 12.13267103842508021, 23.70114383285969595 ) ) ;
#1528 = EDGE_LOOP ( 'NONE', ( #5424, #4265 ) ) ;
#1529 = CARTESIAN_POINT ( 'NONE',  ( 1287.244959251743012, 487.1315669558279637, -78.12039953432044115 ) ) ;
#1530 = CARTESIAN_POINT ( 'NONE',  ( 733.0942732306444896, 53.56833500693540628, 11.40514392284787704 ) ) ;
#1531 = CARTESIAN_POINT ( 'NONE',  ( 790.5690632878055339, 65.71396863988023540, -43.82382293278354979 ) ) ;
#1532 = CARTESIAN_POINT ( 'NONE',  ( 897.6519045105089845, 147.9220518272368565, 21.57361608595258673 ) ) ;
#1533 = CARTESIAN_POINT ( 'NONE',  ( 1308.861987710972926, 584.9464695084299137, -49.88790661124934900 ) ) ;
#1534 = CARTESIAN_POINT ( 'NONE',  ( 1107.969428820669464, 280.3677294889960763, -52.12504664230121421 ) ) ;
#1535 = CARTESIAN_POINT ( 'NONE',  ( 675.6247739813588851, 42.11729528732192307, 28.13088493507283872 ) ) ;
#1536 = CARTESIAN_POINT ( 'NONE',  ( 1241.707329640426906, 594.9115249864901216, 95.05720572120219458 ) ) ;
#1537 = CARTESIAN_POINT ( 'NONE',  ( 843.1353805653615154, 119.9712639407025563, 37.05447813784201827 ) ) ;
#1538 = CARTESIAN_POINT ( 'NONE',  ( 1278.986818174379323, 649.7430862429929448, 56.83511430835095268 ) ) ;
#1539 = CARTESIAN_POINT ( 'NONE',  ( 1452.927497797316164, 928.6567033240809224, -53.68573563824587325 ) ) ;
#1540 = CARTESIAN_POINT ( 'NONE',  ( 618.3928947968640841, 17.26462842091788374, 20.99860586487194780 ) ) ;
#1541 = CARTESIAN_POINT ( 'NONE',  ( 1413.124481305007748, 769.0291026504754655, -76.40623933749880337 ) ) ;
#1542 = CARTESIAN_POINT ( 'NONE',  ( 734.3019483738407871, 35.54484761120658476, -42.75172017574711703 ) ) ;
#1543 = CARTESIAN_POINT ( 'NONE',  ( 1375.644494102487670, 714.5955260760139254, -43.00452938381514656 ) ) ;
#1544 = CARTESIAN_POINT ( 'NONE',  ( 732.3056568290357973, 65.16635028694560106, 22.52533401652602052 ) ) ;
#1545 = CARTESIAN_POINT ( 'NONE',  ( 1127.918541819737129, 416.0061176586843885, 91.68815502099080561 ) ) ;
#1546 = CARTESIAN_POINT ( 'NONE',  ( 1369.932836316420207, 950.7824552889184133, 81.60123208790321314 ) ) ;
#1547 = CARTESIAN_POINT ( 'NONE',  ( 732.5473305034215628, 61.68103543233232244, 33.47065120016897311 ) ) ;
#1548 = CARTESIAN_POINT ( 'NONE',  ( 955.6298542125057338, 154.8485313394492380, -60.25543419957126190 ) ) ;
#1549 = CARTESIAN_POINT ( 'NONE',  ( 843.6313775657699807, 115.8158702736356673, -5.628489797195324940 ) ) ;
#1550 = CARTESIAN_POINT ( 'NONE',  ( 1447.993358357883608, 828.0330817873320939, -83.17716482891434282 ) ) ;
#1551 = CC_DESIGN_PERSON_AND_ORGANIZATION_ASSIGNMENT ( #439, #2703, ( #3512 ) ) ;
#1552 = CARTESIAN_POINT ( 'NONE',  ( 675.7301122177204888, 39.44745706389113593, 3.040398941981094616 ) ) ;
#1553 = CARTESIAN_POINT ( 'NONE',  ( 1062.921314962358792, 218.5206555996519171, -77.17414947782833679 ) ) ;
#1554 = CARTESIAN_POINT ( 'NONE',  ( 1399.996043558827978, 1006.825838536768060, 53.72061286768968813 ) ) ;
#1555 = CARTESIAN_POINT ( 'NONE',  ( 560.0000000000005684, -1.890870144725666391, -0.9420837447611191129 ) ) ;
#1556 = CARTESIAN_POINT ( 'NONE',  ( 0.000000000000000000, 0.000000000000000000, 0.000000000000000000 ) ) ;
#1557 = CARTESIAN_POINT ( 'NONE',  ( 1294.734299055616248, 469.3897223018119575, -107.1930896279213812 ) ) ;
#1558 = CARTESIAN_POINT ( 'NONE',  ( 1420.746695893159767, 870.8662139667270594, -41.56288858900134642 ) ) ;
#1559 = CARTESIAN_POINT ( 'NONE',  ( 1110.133284610798682, 272.6349691049368857, -63.83257803977017630 ) ) ;
#1560 = CARTESIAN_POINT ( 'NONE',  ( 1300.685903810323452, 602.7024577920747106, -4.985175971627840319 ) ) ;
#1561 = CARTESIAN_POINT ( 'NONE',  ( 1446.117423306309547, 902.8181876098137764, -52.90295972600071650 ) ) ;
#1562 = CARTESIAN_POINT ( 'NONE',  ( 994.8862826907590033, 254.4225017914390037, 70.44254506165832197 ) ) ;
#1563 = ORIENTED_EDGE ( 'NONE', *, *, #5788, .F. ) ;
#1564 = CARTESIAN_POINT ( 'NONE',  ( 1286.735143818533743, 488.3380280406664156, -76.54895302883456054 ) ) ;
#1565 = CARTESIAN_POINT ( 'NONE',  ( 1095.476510826272943, 325.0099585097252657, 25.57111629327921065 ) ) ;
#1566 = CARTESIAN_POINT ( 'NONE',  ( 733.8362856217137278, 42.39097452978681702, -39.07141741908744592 ) ) ;
#1567 = CARTESIAN_POINT ( 'NONE',  ( 1346.751751539975885, 767.7871803497926066, 35.90894526202671955 ) ) ;
#1568 = CARTESIAN_POINT ( 'NONE',  ( 789.0740580942760971, 81.47289859751005281, -18.02486202158124939 ) ) ;
#1569 = CARTESIAN_POINT ( 'NONE',  ( 955.6816855035820026, 154.6419391044695715, -40.38053196034442038 ) ) ;
#1570 = CARTESIAN_POINT ( 'NONE',  ( 559.9999999999998863, 7.403933269176599552, 18.03891280886023551 ) ) ;
#1571 = CARTESIAN_POINT ( 'NONE',  ( 842.5578988353089471, 124.6604898764157241, 49.79444295054126712 ) ) ;
#1572 = CARTESIAN_POINT ( 'NONE',  ( 1411.816170450450045, 989.3698832732077335, 30.34541885942078920 ) ) ;
#1573 = CARTESIAN_POINT ( 'NONE',  ( 847.3627666018710443, 85.54283757000379751, -54.98316210520232517 ) ) ;
#1574 = CARTESIAN_POINT ( 'NONE',  ( 1337.083667312880380, 785.5877257126510358, 64.58831657380105185 ) ) ;
#1575 = CARTESIAN_POINT ( 'NONE',  ( 733.5440439529401147, 46.69961025069078886, -34.09664401542065804 ) ) ;
#1576 = CARTESIAN_POINT ( 'NONE',  ( 560.0000000000000000, -4.334416551277871399, -8.240430417147443620 ) ) ;
#1577 = CARTESIAN_POINT ( 'NONE',  ( 1335.113839839741786, 789.2031197385720134, 56.53684501818660380 ) ) ;
#1578 = CARTESIAN_POINT ( 'NONE',  ( 787.7667753212593880, 95.44522453108831428, 48.82879293531954801 ) ) ;
#1579 = CARTESIAN_POINT ( 'NONE',  ( 1086.042893136542261, 358.7192492422743157, 85.86482105076416360 ) ) ;
#1580 = CARTESIAN_POINT ( 'NONE',  ( 1238.746197972179971, 601.9131089582594996, 95.34235276488229260 ) ) ;
#1581 = CARTESIAN_POINT ( 'NONE',  ( 1132.169987131251673, 402.4658541215360970, 73.22202347784178755 ) ) ;
#1582 = CARTESIAN_POINT ( 'NONE',  ( 1060.037776799523044, 230.1716922830354406, -72.57309760867453008 ) ) ;
#1583 = CARTESIAN_POINT ( 'NONE',  ( 1258.059937036813835, 556.1734026382863476, 5.638651401310745825 ) ) ;
#1584 = CARTESIAN_POINT ( 'NONE',  ( 903.4728830111691877, 109.7441981958472184, -57.86696979931009821 ) ) ;
#1585 = CARTESIAN_POINT ( 'NONE',  ( 579.3659797543128889, 11.76122543489153749, 3.736356915463831196 ) ) ;
#1586 = CARTESIAN_POINT ( 'NONE',  ( 1402.234359634457405, 665.6476817865858493, -105.6981027236062829 ) ) ;
#1587 = CARTESIAN_POINT ( 'NONE',  ( 1370.778596589324479, 723.5530996143425000, -30.55552941443611203 ) ) ;
#1588 = COORDINATED_UNIVERSAL_TIME_OFFSET ( 5, 30, .AHEAD. ) ;
#1589 = CARTESIAN_POINT ( 'NONE',  ( 1300.795394781326195, 733.8523200586378152, 85.77376588313427419 ) ) ;
#1590 = CARTESIAN_POINT ( 'NONE',  ( 559.9999999999998863, -5.578885142187855806, -23.62430687900008763 ) ) ;
#1591 = CARTESIAN_POINT ( 'NONE',  ( 1364.290877862282741, 735.4796769762862141, -29.18722271518680955 ) ) ;
#1592 = CARTESIAN_POINT ( 'NONE',  ( 559.9999999999998863, -7.426141386524027332, -19.20580939724994352 ) ) ;
#1593 = CARTESIAN_POINT ( 'NONE',  ( 1052.855713536431040, 259.3429008593929552, -5.845449905402132273 ) ) ;
#1594 = CARTESIAN_POINT ( 'NONE',  ( 1010.049310876961954, 183.7009937192023017, -60.25741905051335578 ) ) ;
#1595 = CARTESIAN_POINT ( 'NONE',  ( 1086.502176455847803, 357.0758581827634544, 80.64335652126762000 ) ) ;
#1596 = CARTESIAN_POINT ( 'NONE',  ( 902.4562140353305040, 116.4294630097346754, -43.16746807781829887 ) ) ;
#1597 = CARTESIAN_POINT ( 'NONE',  ( 676.0505587716542095, 32.09822114249893588, 11.98049864821739519 ) ) ;
#1598 = CARTESIAN_POINT ( 'NONE',  ( 790.4419878658804919, 67.04996652706425664, -42.39571459198298697 ) ) ;
#1599 = CARTESIAN_POINT ( 'NONE',  ( 733.1659750519870613, 52.50474846888178604, 8.670440090293162427 ) ) ;
#1600 = CARTESIAN_POINT ( 'NONE',  ( 898.6566717490461542, 141.2175601102510427, -25.75332234801795295 ) ) ;
#1601 = CARTESIAN_POINT ( 'NONE',  ( 734.2573973934811420, 36.28677850583216014, -30.67233928859448611 ) ) ;
#1602 = CARTESIAN_POINT ( 'NONE',  ( 1170.374045926738972, 467.1357544869743492, 73.46053276757160688 ) ) ;
#1603 = DESIGN_CONTEXT ( 'detailed design', #3890, 'design' ) ;
#1604 = CARTESIAN_POINT ( 'NONE',  ( 1272.827284805437330, 663.1179219964525373, 97.62457901468286536 ) ) ;
#1605 = CARTESIAN_POINT ( 'NONE',  ( 1006.636403690857946, 199.6242960128545576, -32.98495406847412426 ) ) ;
#1606 = CARTESIAN_POINT ( 'NONE',  ( 788.6947613310140923, 85.65344843443004663, 27.01218231857791352 ) ) ;
#1607 = CARTESIAN_POINT ( 'NONE',  ( 732.2943144242651670, 65.34107008113701909, 23.98502253493956360 ) ) ;
#1608 = CARTESIAN_POINT ( 'NONE',  ( 1158.920346171081519, 317.2215456234122826, -86.12730587273729554 ) ) ;
#1609 = CARTESIAN_POINT ( 'NONE',  ( 1404.870399407637478, 965.4747962207584351, 32.93629109680162514 ) ) ;
#1610 = CARTESIAN_POINT ( 'NONE',  ( 1241.351924325838127, 441.6322028434781259, -74.08401833473079989 ) ) ;
#1611 = CARTESIAN_POINT ( 'NONE',  ( 676.4778518231777298, 21.94157338745702646, -14.73638029427648277 ) ) ;
#1612 = CARTESIAN_POINT ( 'NONE',  ( 895.5813311508323977, 161.4372781927760911, 33.17390144791235684 ) ) ;
#1613 = CARTESIAN_POINT ( 'NONE',  ( 1322.309460993046287, 812.7845581358016034, 99.66540369894387652 ) ) ;
#1614 = CARTESIAN_POINT ( 'NONE',  ( 1330.561194933640309, 797.5971656492439479, 84.55495574032353545 ) ) ;
#1615 = CARTESIAN_POINT ( 'NONE',  ( 1448.444530873622625, 935.2771457935687067, -47.69071576397661261 ) ) ;
#1616 = CARTESIAN_POINT ( 'NONE',  ( 618.3331508332121302, 20.13746492934761179, -1.784225386131475410 ) ) ;
#1617 = CARTESIAN_POINT ( 'NONE',  ( 1207.801869177942081, 359.9166163936615703, -90.02863484950169948 ) ) ;
#1618 = CARTESIAN_POINT ( 'NONE',  ( 1377.102820590981992, 830.5262785434094894, 5.473291292822623610 ) ) ;
#1619 = CARTESIAN_POINT ( 'NONE',  ( 903.3702451939353750, 110.4054362686290176, -59.93760604956978710 ) ) ;
#1620 = CARTESIAN_POINT ( 'NONE',  ( 1270.670591136390840, 526.3560628695555579, -22.73930990898249505 ) ) ;
#1621 = CARTESIAN_POINT ( 'NONE',  ( 946.5201088314483968, 204.6646942853486166, 48.35988505347159361 ) ) ;
#1622 = CARTESIAN_POINT ( 'NONE',  ( 842.4096736554945437, 125.8567690644373300, 51.83959813810289319 ) ) ;
#1623 = CARTESIAN_POINT ( 'NONE',  ( 1333.792647192748973, 530.9050112912258328, -109.5621495029485004 ) ) ;
#1624 = CARTESIAN_POINT ( 'NONE',  ( 898.3752156918411629, 143.0630856001132258, -21.86758835626095987 ) ) ;
#1625 = CARTESIAN_POINT ( 'NONE',  ( 791.3855365897367165, 57.20000015158193207, -39.76904367101681714 ) ) ;
#1626 = CARTESIAN_POINT ( 'NONE',  ( 579.3647012044981466, 11.83401730064474577, 26.16263541897498968 ) ) ;
#1627 = CARTESIAN_POINT ( 'NONE',  ( 1144.594462771278586, 362.8875824183342047, -1.416754081859035175 ) ) ;
#1628 = CARTESIAN_POINT ( 'NONE',  ( 1449.798486184173726, 933.2776255222119062, -46.04740048924401918 ) ) ;
#1629 = CARTESIAN_POINT ( 'NONE',  ( 1236.698317757965015, 606.7632648470060985, 104.9841969109381523 ) ) ;
#1630 = CARTESIAN_POINT ( 'NONE',  ( 1431.080076547275439, 960.9209599992973381, -18.17890848681841121 ) ) ;
#1631 = CARTESIAN_POINT ( 'NONE',  ( 1288.841006006855196, 628.3882349702871579, 36.19967861500352768 ) ) ;
#1632 = CARTESIAN_POINT ( 'NONE',  ( 1245.759358898929122, 430.1957196357617477, -86.79536776701931444 ) ) ;
#1633 = CARTESIAN_POINT ( 'NONE',  ( 676.0809848964771618, 31.37650872022470239, 10.00693828836114108 ) ) ;
#1634 = CARTESIAN_POINT ( 'NONE',  ( 618.3071109621708956, 21.79196459929527308, 10.67021839069951383 ) ) ;
#1635 = CARTESIAN_POINT ( 'NONE',  ( 1430.972898653569473, 961.0792402390089819, -17.95270522250984513 ) ) ;
#1636 = CARTESIAN_POINT ( 'NONE',  ( 618.6537543630839764, 2.182433553278814387, -22.22097566000918434 ) ) ;
#1637 = CARTESIAN_POINT ( 'NONE',  ( 618.3022823568611557, 22.27980684008378631, 23.41358383533784249 ) ) ;
#1638 = CARTESIAN_POINT ( 'NONE',  ( 579.4611809806740439, -1.584037982676935741, -11.18211900438989659 ) ) ;
#1639 = CARTESIAN_POINT ( 'NONE',  ( 1046.129736763180745, 286.6095901136262682, 48.21075052455793752 ) ) ;
#1640 = CARTESIAN_POINT ( 'NONE',  ( 732.2836460607840081, 65.50591204999044237, 25.44524374473024508 ) ) ;
#1641 = CARTESIAN_POINT ( 'NONE',  ( 1061.096025922749959, 225.8891835334293035, -76.53428827185179273 ) ) ;
#1642 = CARTESIAN_POINT ( 'NONE',  ( 998.7182557175459579, 236.5532652267561105, 39.82597220961596207 ) ) ;
#1643 = CARTESIAN_POINT ( 'NONE',  ( 1104.980589001941098, 290.9835220136715748, -58.04035169783635695 ) ) ;
#1644 = CARTESIAN_POINT ( 'NONE',  ( 1278.235163970839949, 508.4533130866233250, -49.28521680886903056 ) ) ;
#1645 = CARTESIAN_POINT ( 'NONE',  ( 788.0038862850217356, 92.86616895238809377, 24.33877960561129328 ) ) ;
#1646 = CARTESIAN_POINT ( 'NONE',  ( 1209.816875813710112, 523.5418981772587586, 79.59349362548563533 ) ) ;
#1647 = CARTESIAN_POINT ( 'NONE',  ( 787.7465817248025814, 95.66141309104632739, 45.56106735427857046 ) ) ;
#1648 = CARTESIAN_POINT ( 'NONE',  ( 997.2164225488689908, 243.5578350746402521, 55.46805643824809806 ) ) ;
#1649 = CARTESIAN_POINT ( 'NONE',  ( 1421.017675642829317, 755.5570599248641201, -90.26151630442888063 ) ) ;
#1650 = CARTESIAN_POINT ( 'NONE',  ( 1011.099520034586931, 178.7962135766564984, -69.56103362790709355 ) ) ;
#1651 = CARTESIAN_POINT ( 'NONE',  ( 618.3270586030120057, 20.51062997866824134, 0.3380006534467371870 ) ) ;
#1652 = CARTESIAN_POINT ( 'NONE',  ( 559.9999999999998863, -7.135997019002525477, -22.79308710225009094 ) ) ;
#1653 = CARTESIAN_POINT ( 'NONE',  ( 1005.946252195059287, 202.7619329817309506, -52.46596955964223952 ) ) ;
#1654 = CARTESIAN_POINT ( 'NONE',  ( 790.0896741554598748, 70.91613843591260036, -8.936310053995773828 ) ) ;
#1655 = PERSON_AND_ORGANIZATION_ROLE ( 'creator' ) ;
#1656 = CARTESIAN_POINT ( 'NONE',  ( 1206.745813728496387, 531.5019630889065638, 81.26705738062297257 ) ) ;
#1657 = CARTESIAN_POINT ( 'NONE',  ( 579.3795004201813299, 9.766695098526813723, 22.90752429145948810 ) ) ;
#1658 = CARTESIAN_POINT ( 'NONE',  ( 1207.728282171009596, 360.1004095427411471, -97.71624569053844311 ) ) ;
#1659 = CARTESIAN_POINT ( 'NONE',  ( 1051.982301637313640, 262.8069054670563105, -27.51397631281745149 ) ) ;
#1660 = CARTESIAN_POINT ( 'NONE',  ( 1441.645648761719940, 838.0131564027238937, -71.42207465078956830 ) ) ;
#1661 = CARTESIAN_POINT ( 'NONE',  ( 1229.171670670615413, 473.2917263187227945, -8.633674311924560030 ) ) ;
#1662 = CARTESIAN_POINT ( 'NONE',  ( 676.7175074313308869, 16.17856293803213319, -30.70831664528605032 ) ) ;
#1663 = CARTESIAN_POINT ( 'NONE',  ( 1295.006577736673535, 745.4107507799026280, 107.6879680057389805 ) ) ;
#1664 = CARTESIAN_POINT ( 'NONE',  ( 1402.154622262361727, 1003.638050992080139, 48.05251974115490299 ) ) ;
#1665 = CARTESIAN_POINT ( 'NONE',  ( 560.0000000000006821, 1.074509945868504568, 7.859974527229804053 ) ) ;
#1666 = CARTESIAN_POINT ( 'NONE',  ( 1007.921017543413654, 193.5629696136949178, -63.64190940605168834 ) ) ;
#1667 = CARTESIAN_POINT ( 'NONE',  ( 1000.891684531427472, 226.4166328148650109, 18.38231935340978396 ) ) ;
#1668 = CARTESIAN_POINT ( 'NONE',  ( 896.0154322800362934, 158.5741385322174892, 22.05429120305906210 ) ) ;
#1669 = CARTESIAN_POINT ( 'NONE',  ( 1265.033044013728158, 539.6654683326158874, -21.95058166735982752 ) ) ;
#1670 = CARTESIAN_POINT ( 'NONE',  ( 956.4330443966966868, 150.5349078743149107, -47.65914703300203570 ) ) ;
#1671 = CARTESIAN_POINT ( 'NONE',  ( 560.0000000000000000, 7.382756734923376918, 18.43995445270067890 ) ) ;
#1672 = CARTESIAN_POINT ( 'NONE',  ( 734.0688545068982194, 39.09751398007519185, -23.89105588265341140 ) ) ;
#1673 = CARTESIAN_POINT ( 'NONE',  ( 1135.038094511277450, 393.3289357466834417, 55.02736035041425566 ) ) ;
#1674 = CARTESIAN_POINT ( 'NONE',  ( 895.5813311508323977, 161.4372781927760911, 33.17390144791235684 ) ) ;
#1675 = CARTESIAN_POINT ( 'NONE',  ( 1426.251815604902959, 746.6238996716289194, -98.53829099180775586 ) ) ;
#1676 = CARTESIAN_POINT ( 'NONE',  ( 788.7521398511049711, 85.04729998800134183, 25.43404002335219261 ) ) ;
#1677 = CARTESIAN_POINT ( 'NONE',  ( 1196.062643032470305, 393.5019634846644294, -62.27772748954776461 ) ) ;
#1678 = CARTESIAN_POINT ( 'NONE',  ( 1378.805144379422245, 708.7772950407445478, -50.82332846477361699 ) ) ;
#1679 = CARTESIAN_POINT ( 'NONE',  ( 1131.649081645039360, 404.1036815410187728, 60.19571516910713171 ) ) ;
#1680 = CARTESIAN_POINT ( 'NONE',  ( 675.6202071302922150, 42.28848924851639168, 36.62089309650075108 ) ) ;
#1681 = CARTESIAN_POINT ( 'NONE',  ( 947.4800295855151262, 199.4499183180817568, 52.05047170358152897 ) ) ;
#1682 = CARTESIAN_POINT ( 'NONE',  ( 675.6187325691967089, 42.32192669888990366, 35.07203373660216528 ) ) ;
#1683 = CARTESIAN_POINT ( 'NONE',  ( 1173.417649440267269, 458.4302053769575878, 70.92138822500844242 ) ) ;
#1684 = CARTESIAN_POINT ( 'NONE',  ( 1325.303405464315574, 549.3039174603866286, -92.47084192375339740 ) ) ;
#1685 = CARTESIAN_POINT ( 'NONE',  ( 1292.183942827959527, 621.1153058603091495, 5.844914693130794703 ) ) ;
#1686 = CARTESIAN_POINT ( 'NONE',  ( 847.9662409025918350, 80.68639189635156583, -51.13064853189765557 ) ) ;
#1687 = CARTESIAN_POINT ( 'NONE',  ( 1374.566147044215541, 834.8576930009249963, 12.16610059275829769 ) ) ;
#1688 = CARTESIAN_POINT ( 'NONE',  ( 618.6600505716336329, 1.562210887843591189, -31.08915978238249167 ) ) ;
#1689 = CARTESIAN_POINT ( 'NONE',  ( 1006.285107674345340, 201.1827189987621978, -54.55143711148769370 ) ) ;
#1690 = CARTESIAN_POINT ( 'NONE',  ( 1191.258191466868993, 407.3135156839120441, -20.39311378257462692 ) ) ;
#1691 = CARTESIAN_POINT ( 'NONE',  ( 1403.757098493717876, 1001.271515195812867, 43.51610737457043143 ) ) ;
#1692 = CARTESIAN_POINT ( 'NONE',  ( 1043.922814360475968, 295.5582806740663955, 67.86368086233321151 ) ) ;
#1693 = CARTESIAN_POINT ( 'NONE',  ( 1449.151989919731932, 826.2059494785327161, -89.67371144688097218 ) ) ;
#1694 = CARTESIAN_POINT ( 'NONE',  ( 1050.684994613581466, 268.0688078528926326, -17.25270034418005238 ) ) ;
#1695 = CARTESIAN_POINT ( 'NONE',  ( 1248.163487027383553, 423.9900226651537309, -81.09697375859670387 ) ) ;
#1696 = CARTESIAN_POINT ( 'NONE',  ( 1227.638753675304997, 477.2713280475775264, -2.105093299989340139 ) ) ;
#1697 = CARTESIAN_POINT ( 'NONE',  ( 791.4106889667307314, 56.93154933772971305, -40.55754336911110869 ) ) ;
#1698 = CARTESIAN_POINT ( 'NONE',  ( 579.3623887073497372, 12.15659751968777691, 24.83703374979821632 ) ) ;
#1699 = CARTESIAN_POINT ( 'NONE',  ( 560.0000000000000000, 5.637992561695619465, -6.112578469840326711 ) ) ;
#1700 = CARTESIAN_POINT ( 'NONE',  ( 1141.483479054234294, 372.7970906984849080, 16.23037732814561451 ) ) ;
#1701 = CARTESIAN_POINT ( 'NONE',  ( 1447.008441839249599, 937.3979610917801892, -45.61268230339369012 ) ) ;
#1702 = CARTESIAN_POINT ( 'NONE',  ( 1352.931740255530940, 756.4092371052915951, 18.19450044966151836 ) ) ;
#1703 = CARTESIAN_POINT ( 'NONE',  ( 1098.062104058280056, 315.7054723190496475, -18.30940977811081183 ) ) ;
#1704 = CARTESIAN_POINT ( 'NONE',  ( 1009.077002784288766, 188.2399227097720882, -52.23624502453851903 ) ) ;
#1705 = CARTESIAN_POINT ( 'NONE',  ( 675.6236716013837622, 42.15314716631974790, 29.39672079436667573 ) ) ;
#1706 = CARTESIAN_POINT ( 'NONE',  ( 1281.188933922450815, 501.4631699899971977, -59.00544180824091001 ) ) ;
#1707 = CARTESIAN_POINT ( 'NONE',  ( 1092.178048150915174, 336.7975476255140279, 48.85812739715041886 ) ) ;
#1708 = CARTESIAN_POINT ( 'NONE',  ( 675.6362595986133783, 41.79551954526174740, 21.80674130876072425 ) ) ;
#1709 = CARTESIAN_POINT ( 'NONE',  ( 1292.445028615466072, 474.8041593766089363, -102.6834698371382188 ) ) ;
#1710 = CARTESIAN_POINT ( 'NONE',  ( 897.1306379132474831, 151.3381724992879640, 29.46709844461030414 ) ) ;
#1711 = CARTESIAN_POINT ( 'NONE',  ( 845.5254890298340342, 100.4213520192558349, -38.49655424686515914 ) ) ;
#1712 = CARTESIAN_POINT ( 'NONE',  ( 1152.211365842769965, 338.6259716519488734, -41.85732872747725253 ) ) ;
#1713 = CARTESIAN_POINT ( 'NONE',  ( 895.4319119388902664, 162.4239724259583113, 37.37609823941101439 ) ) ;
#1714 = CARTESIAN_POINT ( 'NONE',  ( 1086.587207128397495, 356.7734937191378322, 85.45720713234197774 ) ) ;
#1715 = CARTESIAN_POINT ( 'NONE',  ( 675.7989699913481445, 38.06215877378967605, 29.07613266214218228 ) ) ;
#1716 = CARTESIAN_POINT ( 'NONE',  ( 1321.499803768556148, 814.2755095293649674, 102.0843813257377235 ) ) ;
#1717 = CARTESIAN_POINT ( 'NONE',  ( 560.0000000000001137, 4.196875951325474752, 17.59322637567062486 ) ) ;
#1718 = CARTESIAN_POINT ( 'NONE',  ( 894.7310264841536309, 167.0593468376545445, 61.27112150832591198 ) ) ;
#1719 = CARTESIAN_POINT ( 'NONE',  ( 1447.008441839249599, 937.3979610917801892, -45.61268230339369012 ) ) ;
#1720 = CARTESIAN_POINT ( 'NONE',  ( 1429.429069588656148, 741.2044200845963360, -100.9216140650680984 ) ) ;
#1721 = CARTESIAN_POINT ( 'NONE',  ( 732.4040905382792062, 63.66468925654783817, 12.36140417091180410 ) ) ;
#1722 = CARTESIAN_POINT ( 'NONE',  ( 1452.917918497102619, 892.4878280710269109, -66.26535386541702621 ) ) ;
#1723 = CARTESIAN_POINT ( 'NONE',  ( 1416.045915608278165, 878.2659513701346441, -19.83483811965407639 ) ) ;
#1724 = CARTESIAN_POINT ( 'NONE',  ( 1400.405769030247939, 1006.220756242387665, 53.55462439021487597 ) ) ;
#1725 = CARTESIAN_POINT ( 'NONE',  ( 995.0541574369997306, 253.6365036106166713, 73.43481312967554686 ) ) ;
#1726 = CARTESIAN_POINT ( 'NONE',  ( 732.2370229557838002, 66.23624684699638010, 33.52573411778869428 ) ) ;
#1727 = CARTESIAN_POINT ( 'NONE',  ( 676.6213250209221997, 18.35257924568245613, -37.12736433899100064 ) ) ;
#1728 = CARTESIAN_POINT ( 'NONE',  ( 560.0000000000000000, 5.337122493483589913, 21.38862958051633001 ) ) ;
#1729 = CARTESIAN_POINT ( 'NONE',  ( 1249.865117460194369, 419.5443252383128652, -97.03196946708040116 ) ) ;
#1730 = CARTESIAN_POINT ( 'NONE',  ( 950.7646973764649374, 181.4061965367253606, -19.44258446561082820 ) ) ;
#1731 = CARTESIAN_POINT ( 'NONE',  ( 1397.081885995392440, 675.1344382826951005, -93.10469927854028072 ) ) ;
#1732 = CARTESIAN_POINT ( 'NONE',  ( 1230.716483109040155, 469.2812597341950891, -15.13979174262308902 ) ) ;
#1733 = CARTESIAN_POINT ( 'NONE',  ( 1389.865445685170243, 988.2674595912292261, 65.63651180725966583 ) ) ;
#1734 = CARTESIAN_POINT ( 'NONE',  ( 1159.888707629535702, 314.1700474570806136, -78.10874008110445743 ) ) ;
#1735 = CARTESIAN_POINT ( 'NONE',  ( 945.7153668003652456, 209.0883330031329876, 66.67529442729806988 ) ) ;
#1736 = CARTESIAN_POINT ( 'NONE',  ( 1425.107613470180695, 969.7410893636393894, -5.900392117486880750 ) ) ;
#1737 = CARTESIAN_POINT ( 'NONE',  ( 1051.523006830631857, 264.7454517754222252, 4.337340548078033819 ) ) ;
#1738 = CARTESIAN_POINT ( 'NONE',  ( 559.9999999999998863, -1.675749603735590121, -21.39344337054383516 ) ) ;
#1739 = CARTESIAN_POINT ( 'NONE',  ( 1350.446117299476100, 760.9854636963870007, 25.25811672777868111 ) ) ;
#1740 = CARTESIAN_POINT ( 'NONE',  ( 579.3621955759895172, 12.26205766714227252, 9.942017429284854657 ) ) ;
#1741 = CARTESIAN_POINT ( 'NONE',  ( 950.4087278063201438, 183.3530451069055971, -15.07480914013040163 ) ) ;
#1742 = CARTESIAN_POINT ( 'NONE',  ( 734.2144741450049423, 36.92768617554227717, -29.07425947664293275 ) ) ;
#1743 = CARTESIAN_POINT ( 'NONE',  ( 1371.669794918873095, 948.0504026583083714, 76.79565465150436410 ) ) ;
#1744 = CARTESIAN_POINT ( 'NONE',  ( 1107.493576544717598, 282.0681480349289814, -49.50694206531544239 ) ) ;
#1745 = CARTESIAN_POINT ( 'NONE',  ( 579.4030245434063318, 6.493821545134982998, 12.37644514062995249 ) ) ;
#1746 = CARTESIAN_POINT ( 'NONE',  ( 1380.197741197612913, 934.6363114858154404, 53.53650582405070679 ) ) ;
#1747 = CARTESIAN_POINT ( 'NONE',  ( 1294.963051160082159, 745.4985541988680779, 110.2316796832492543 ) ) ;
#1748 = CARTESIAN_POINT ( 'NONE',  ( 902.5534597504756675, 115.7232393226991860, -60.28572306034494233 ) ) ;
#1749 = CARTESIAN_POINT ( 'NONE',  ( 1412.603399747896219, 988.2073035882045815, 28.56071521969159832 ) ) ;
#1750 = CARTESIAN_POINT ( 'NONE',  ( 845.3964101703577398, 101.4681175895797480, -36.89243586511037876 ) ) ;
#1751 = CARTESIAN_POINT ( 'NONE',  ( 1437.288675297871578, 951.7521056347455897, -23.41278824060129438 ) ) ;
#1752 = CARTESIAN_POINT ( 'NONE',  ( 1331.719202351981494, 795.4546096570725240, 67.62853861637040609 ) ) ;
#1753 = CARTESIAN_POINT ( 'NONE',  ( 732.2831368759494808, 65.58376439056590357, 42.05249911416989050 ) ) ;
#1754 = CARTESIAN_POINT ( 'NONE',  ( 1379.953467415525893, 935.0268870472991694, 64.91261828416375579 ) ) ;
#1755 = CARTESIAN_POINT ( 'NONE',  ( 1041.671375992390949, 304.6812231808439719, 77.88347041107766699 ) ) ;
#1756 = CARTESIAN_POINT ( 'NONE',  ( 1379.347601788744441, 935.9797950223853604, 66.43971473931917160 ) ) ;
#1757 = CARTESIAN_POINT ( 'NONE',  ( 1167.222354464870705, 476.1779714377887558, 97.47031784497234241 ) ) ;
#1758 = CARTESIAN_POINT ( 'NONE',  ( 676.3439505669011851, 24.84921324257635789, -32.51190393203387430 ) ) ;
#1759 = CARTESIAN_POINT ( 'NONE',  ( 676.7013551441448271, 16.47113437524699009, -36.46688457283161000 ) ) ;
#1760 = CARTESIAN_POINT ( 'NONE',  ( 618.3071109621708956, 21.79196459929527308, 10.67021839069951383 ) ) ;
#1761 = CARTESIAN_POINT ( 'NONE',  ( 847.7838149684725977, 82.14953716191701005, -54.68805264167082214 ) ) ;
#1762 = CARTESIAN_POINT ( 'NONE',  ( 579.4134101631076419, 5.195454614029621609, -19.18211961193658155 ) ) ;
#1763 = APPROVAL_PERSON_ORGANIZATION ( #6542, #2423, #7151 ) ;
#1764 = CARTESIAN_POINT ( 'NONE',  ( 1299.429524748158428, 736.5796592534611591, 91.27095199942718295 ) ) ;
#1765 = CARTESIAN_POINT ( 'NONE',  ( 1370.764670781223231, 594.2213289169504833, -111.4850465916364328 ) ) ;
#1766 = CARTESIAN_POINT ( 'NONE',  ( 1088.975510668351944, 348.2438648335356106, 72.88335231608076015 ) ) ;
#1767 = CARTESIAN_POINT ( 'NONE',  ( 1449.620543239615245, 897.4980771124104422, -62.97177760210277597 ) ) ;
#1768 = CARTESIAN_POINT ( 'NONE',  ( 1000.934109931606940, 226.1371982598888906, -11.35419926038152205 ) ) ;
#1769 = CARTESIAN_POINT ( 'NONE',  ( 1290.833256026637855, 478.6389112997065354, -89.34208170570676089 ) ) ;
#1770 = CARTESIAN_POINT ( 'NONE',  ( 1101.178689278572847, 304.6334175771271475, -12.03585004006139236 ) ) ;
#1771 = CARTESIAN_POINT ( 'NONE',  ( 1160.816350508160212, 311.2177225022540483, -81.85192426540797328 ) ) ;
#1772 = CARTESIAN_POINT ( 'NONE',  ( 1389.460102737333727, 988.8847083611033213, 63.54680259543789589 ) ) ;
#1773 = CARTESIAN_POINT ( 'NONE',  ( 1424.310743562146854, 970.9179062957298356, -4.209417779612904198 ) ) ;
#1774 = CARTESIAN_POINT ( 'NONE',  ( 1002.398553701615583, 219.3890141337958823, 4.222035724675086144 ) ) ;
#1775 = CARTESIAN_POINT ( 'NONE',  ( 1058.355493320677851, 236.9814797617240174, -65.41553614397862759 ) ) ;
#1776 = CARTESIAN_POINT ( 'NONE',  ( 618.5112190936094976, 10.48755079543677837, 1.309246163664612661 ) ) ;
#1777 = CARTESIAN_POINT ( 'NONE',  ( 1227.021338659960747, 478.8321674851120520, -21.21167163228220787 ) ) ;
#1778 = CARTESIAN_POINT ( 'NONE',  ( 1203.841070449407198, 371.2651933902105270, -74.08773837904681159 ) ) ;
#1779 = CARTESIAN_POINT ( 'NONE',  ( 1349.968573625984391, 876.8652322339314651, 82.71452813767841405 ) ) ;
#1780 = CARTESIAN_POINT ( 'NONE',  ( 618.6285648097125431, 3.684067442345504428, -17.61259419476866483 ) ) ;
#1781 = CARTESIAN_POINT ( 'NONE',  ( 560.0000000000000000, 2.395299006302448852, 11.89645870202903843 ) ) ;
#1782 = CARTESIAN_POINT ( 'NONE',  ( 1275.438336038581610, 657.4418795536237212, 71.70503382611362042 ) ) ;
#1783 = CARTESIAN_POINT ( 'NONE',  ( 1296.954309621440871, 741.5258470492117340, 107.9913642486411760 ) ) ;
#1784 = CARTESIAN_POINT ( 'NONE',  ( 790.8013111049857571, 63.27442300105131068, -46.06499963850518498 ) ) ;
#1785 = CARTESIAN_POINT ( 'NONE',  ( 1047.666725341494157, 280.3784246682774324, 35.20283026167437868 ) ) ;
#1786 = CARTESIAN_POINT ( 'NONE',  ( 676.1586383853762072, 29.21465824066617856, -26.59220192095528645 ) ) ;
#1787 = CARTESIAN_POINT ( 'NONE',  ( 560.0000000000002274, -5.182156140198985739, -10.75543360448589247 ) ) ;
#1788 = CARTESIAN_POINT ( 'NONE',  ( 895.3614000559887245, 162.8898200020501577, 39.46285460202391704 ) ) ;
#1789 = CARTESIAN_POINT ( 'NONE',  ( 1239.231049690720283, 600.7705231514579509, 102.5526366448352320 ) ) ;
#1790 = CARTESIAN_POINT ( 'NONE',  ( 579.4102178518800201, 5.640923595218962028, -18.41083060662566240 ) ) ;
#1791 = CARTESIAN_POINT ( 'NONE',  ( 1388.723206032989765, 990.0034557416321377, 65.96099890324934734 ) ) ;
#1792 = CARTESIAN_POINT ( 'NONE',  ( 560.0000000000001137, 4.196875951325474752, 17.59322637567062486 ) ) ;
#1793 = CARTESIAN_POINT ( 'NONE',  ( 842.0212351123544749, 129.0179332196124165, 51.68016632949004219 ) ) ;
#1794 = CARTESIAN_POINT ( 'NONE',  ( 1090.275926948810593, 343.5955094094759943, 62.95755538985396527 ) ) ;
#1795 = CARTESIAN_POINT ( 'NONE',  ( 1326.614335549502812, 546.4625750707671159, -95.34177361595919820 ) ) ;
#1796 = CARTESIAN_POINT ( 'NONE',  ( 1428.019499404685348, 743.6118767343809850, -97.01969975616751185 ) ) ;
#1797 = CARTESIAN_POINT ( 'NONE',  ( 1135.792082102426775, 390.8895321457647469, 29.01746943736895190 ) ) ;
#1798 = CARTESIAN_POINT ( 'NONE',  ( 1453.801148440076531, 927.3664966557530533, -54.11322672438271297 ) ) ;
#1799 = CARTESIAN_POINT ( 'NONE',  ( 790.5445458612933862, 66.10803415489749568, -19.73894390939320687 ) ) ;
#1800 = CARTESIAN_POINT ( 'NONE',  ( 946.2601341392755785, 206.0937133056975483, 54.23598635283744329 ) ) ;
#1801 = CARTESIAN_POINT ( 'NONE',  ( 1452.670466485289353, 892.8645702151079604, -66.89048703962492937 ) ) ;
#1802 = CARTESIAN_POINT ( 'NONE',  ( 1088.841460238184709, 348.7231464000586811, 74.24930821839400608 ) ) ;
#1803 = CARTESIAN_POINT ( 'NONE',  ( 1448.021723471022824, 827.9828041044294196, -88.09087261515101375 ) ) ;
#1804 = CARTESIAN_POINT ( 'NONE',  ( 1291.339249769630896, 477.4417396674247698, -90.82898397619396746 ) ) ;
#1805 = CARTESIAN_POINT ( 'NONE',  ( 733.5320882132401721, 47.07215253203554539, -4.959857108632503397 ) ) ;
#1806 = CARTESIAN_POINT ( 'NONE',  ( 957.4587056001602150, 144.9219963068672996, -58.20185695819080252 ) ) ;
#1807 = CARTESIAN_POINT ( 'NONE',  ( 1127.918541819737129, 416.0061176586843885, 91.68815502099080561 ) ) ;
#1808 = CARTESIAN_POINT ( 'NONE',  ( 560.0000000000000000, -1.381029150388595861, 0.5665085222802833664 ) ) ;
#1809 = CARTESIAN_POINT ( 'NONE',  ( 950.6918043288417266, 181.9038698126722693, 12.73676347133271847 ) ) ;
#1810 = CARTESIAN_POINT ( 'NONE',  ( 676.0791058176206434, 31.09476150908216141, -23.30916131029445992 ) ) ;
#1811 = CARTESIAN_POINT ( 'NONE',  ( 1006.632900649127009, 199.5630873389493161, -56.60969849330809467 ) ) ;
#1812 = CARTESIAN_POINT ( 'NONE',  ( 1099.478018745494410, 310.7106613284822174, -1.095952521847031180 ) ) ;
#1813 = CARTESIAN_POINT ( 'NONE',  ( 1279.888914366730432, 647.7859178582207278, 53.14172253564576920 ) ) ;
#1814 = CARTESIAN_POINT ( 'NONE',  ( 1360.795447036450014, 614.1226391049895028, -82.95399381316940435 ) ) ;
#1815 = CARTESIAN_POINT ( 'NONE',  ( 732.2325829777282706, 66.30885611914210642, 34.94135704233765694 ) ) ;
#1816 = CARTESIAN_POINT ( 'NONE',  ( 1440.798275008261498, 946.5691311963735188, -29.99667119564813333 ) ) ;
#1817 = CARTESIAN_POINT ( 'NONE',  ( 843.7339689963309866, 115.1081679353485612, 24.89766182385559290 ) ) ;
#1818 = CARTESIAN_POINT ( 'NONE',  ( 842.3069328898250205, 126.6556755595111809, 37.06188406843764938 ) ) ;
#1819 = CARTESIAN_POINT ( 'NONE',  ( 995.7377236670316734, 250.4492805304121532, 70.23529979326188766 ) ) ;
#1820 = CARTESIAN_POINT ( 'NONE',  ( 1204.247754929856228, 370.0656872599861913, -88.65770412586392979 ) ) ;
#1821 = CARTESIAN_POINT ( 'NONE',  ( 1407.704777302077218, 961.1692686249785993, 26.37516280539631452 ) ) ;
#1822 = CARTESIAN_POINT ( 'NONE',  ( 1048.858611045493717, 275.4794404403400563, -1.608978906353046190 ) ) ;
#1823 = CARTESIAN_POINT ( 'NONE',  ( 618.4239311978085425, 14.83494203649513388, -19.25814119056423834 ) ) ;
#1824 = CARTESIAN_POINT ( 'NONE',  ( 1407.595593335066496, 778.4773147920768679, -53.96580486068162941 ) ) ;
#1825 = CARTESIAN_POINT ( 'NONE',  ( 1306.330528011634669, 722.8008896221759869, 64.91082083396028679 ) ) ;
#1826 = CARTESIAN_POINT ( 'NONE',  ( 579.3647012044981466, 11.83401730064474577, 26.16263541897498968 ) ) ;
#1827 = CARTESIAN_POINT ( 'NONE',  ( 1366.594102751256287, 956.0349187921243583, 90.74601540633578622 ) ) ;
#1828 = CARTESIAN_POINT ( 'NONE',  ( 1408.313904362901212, 994.5420274224132982, 38.41532038244506708 ) ) ;
#1829 = CARTESIAN_POINT ( 'NONE',  ( 1307.209546581790619, 721.0591194766146828, 76.48064674678580843 ) ) ;
#1830 = CARTESIAN_POINT ( 'NONE',  ( 1442.180486213183030, 837.1664154356988092, -79.55335141179364200 ) ) ;
#1831 = CARTESIAN_POINT ( 'NONE',  ( 1333.492113684986634, 531.5675665434006305, -103.6089112015872189 ) ) ;
#1832 = CARTESIAN_POINT ( 'NONE',  ( 1092.786545890990055, 334.5744136350312488, 21.30890003652065801 ) ) ;
#1833 = CARTESIAN_POINT ( 'NONE',  ( 1451.507510750208667, 822.5055070930596912, -91.71343536441182209 ) ) ;
#1834 = CARTESIAN_POINT ( 'NONE',  ( 1399.238942725924289, 792.7434124155511199, -35.11433743782685468 ) ) ;
#1835 = CARTESIAN_POINT ( 'NONE',  ( 1344.894187437418395, 885.5333588764092383, 101.5493103718616936 ) ) ;
#1836 = CARTESIAN_POINT ( 'NONE',  ( 995.4257717842879174, 251.8938688869279474, 61.89547671632129067 ) ) ;
#1837 = CARTESIAN_POINT ( 'NONE',  ( 734.2763865856425127, 35.92048971139109170, -42.87480484168598593 ) ) ;
#1838 = CARTESIAN_POINT ( 'NONE',  ( 1302.414776780176908, 730.6294099933041934, 93.09499760456249362 ) ) ;
#1839 = CARTESIAN_POINT ( 'NONE',  ( 1452.387219637500266, 929.4545857388924333, -53.01992385782995143 ) ) ;
#1840 = CARTESIAN_POINT ( 'NONE',  ( 560.0000000000004547, -7.503428206609674689, -19.98750939024358786 ) ) ;
#1841 = CARTESIAN_POINT ( 'NONE',  ( 734.4077871833733298, 34.02055392756642505, -37.65987382573024433 ) ) ;
#1842 = CARTESIAN_POINT ( 'NONE',  ( 1294.674432066004783, 746.0742123943138040, 109.9262209790762626 ) ) ;
#1843 = CARTESIAN_POINT ( 'NONE',  ( 560.0000000000000000, 7.445330514744246564, 17.04468691680459358 ) ) ;
#1844 = CARTESIAN_POINT ( 'NONE',  ( 1097.800415295897892, 316.7054587241493095, 9.892671415916765909 ) ) ;
#1845 = CARTESIAN_POINT ( 'NONE',  ( 1193.819367329349006, 399.9272345455374875, -53.65054357749791336 ) ) ;
#1846 = CARTESIAN_POINT ( 'NONE',  ( 676.2808244000525519, 26.33376955211135950, -30.72906196610973950 ) ) ;
#1847 = CARTESIAN_POINT ( 'NONE',  ( 1320.467500776024281, 816.1794257567001978, 108.4919910839027040 ) ) ;
#1848 = CARTESIAN_POINT ( 'NONE',  ( 1425.781732980450442, 968.7455501345382345, -0.1319401852781590667 ) ) ;
#1849 = CARTESIAN_POINT ( 'NONE',  ( 895.7379331888230354, 160.4038778462646917, 28.99349012173006201 ) ) ;
#1850 = CARTESIAN_POINT ( 'NONE',  ( 1440.197295378231047, 840.2903952676031167, -68.67597396972099943 ) ) ;
#1851 = CARTESIAN_POINT ( 'NONE',  ( 1205.700259373016934, 534.2197611166301385, 87.93718230606592101 ) ) ;
#1852 = CARTESIAN_POINT ( 'NONE',  ( 1242.953917381798647, 437.5138869057191187, -62.67578803466373927 ) ) ;
#1853 = CARTESIAN_POINT ( 'NONE',  ( 1283.927633358527373, 639.0434903093855610, 54.11256963109941154 ) ) ;
#1854 = CARTESIAN_POINT ( 'NONE',  ( 560.0000000000000000, 7.483517110713732379, 16.02549463054476320 ) ) ;
#1855 = CARTESIAN_POINT ( 'NONE',  ( 1270.919731607423500, 667.2530853410082727, 103.3534767356249944 ) ) ;
#1856 = CARTESIAN_POINT ( 'NONE',  ( 676.4462163156086945, 22.44872453755804642, -34.82782348675856099 ) ) ;
#1857 = CARTESIAN_POINT ( 'NONE',  ( 1389.140866861666609, 920.5773753133904620, 42.18341905126762015 ) ) ;
#1858 = CARTESIAN_POINT ( 'NONE',  ( 788.2486048503881193, 90.24380237305845753, 11.07489981036381366 ) ) ;
#1859 = CARTESIAN_POINT ( 'NONE',  ( 1433.051123285551284, 922.6680407315187722, -36.27552177966212810 ) ) ;
#1860 = CARTESIAN_POINT ( 'NONE',  ( 1353.656730583655872, 628.3666881154546218, -64.88434413054126537 ) ) ;
#1861 = CARTESIAN_POINT ( 'NONE',  ( 1273.692782819134436, 661.2293018798711728, 79.20796070073386375 ) ) ;
#1862 = CARTESIAN_POINT ( 'NONE',  ( 1296.954309621440871, 741.5258470492117340, 107.9913642486411760 ) ) ;
#1863 = CARTESIAN_POINT ( 'NONE',  ( 787.7159094365157443, 95.98889906440389552, 48.34519457041798063 ) ) ;
#1864 = CARTESIAN_POINT ( 'NONE',  ( 1408.697674808375041, 993.9752754924951432, 37.51642913119976441 ) ) ;
#1865 = CARTESIAN_POINT ( 'NONE',  ( 1090.652566141432089, 342.2494879958065326, 60.12964858716335215 ) ) ;
#1866 = CARTESIAN_POINT ( 'NONE',  ( 1438.249676245005730, 843.3461556129544761, -73.33404536553304354 ) ) ;
#1867 = CARTESIAN_POINT ( 'NONE',  ( 1011.087074603473070, 178.8470051757963120, -71.13158047582146537 ) ) ;
#1868 = CARTESIAN_POINT ( 'NONE',  ( 618.3045158573549998, 21.97886328292549862, 13.17882278450966460 ) ) ;
#1869 = CARTESIAN_POINT ( 'NONE',  ( 903.2442566367150221, 111.2211172469273066, -61.03173915148205708 ) ) ;
#1870 = CARTESIAN_POINT ( 'NONE',  ( 790.4556592150029246, 67.04774032034127629, -17.69231823901564127 ) ) ;
#1871 = CARTESIAN_POINT ( 'NONE',  ( 787.7982495920718975, 95.09416123448333735, 40.99587000860073971 ) ) ;
#1872 = CARTESIAN_POINT ( 'NONE',  ( 579.3815936371424868, 9.472982926037726514, 21.69741123257450610 ) ) ;
#1873 = CARTESIAN_POINT ( 'NONE',  ( 846.8844496263005794, 89.41553323582586188, -51.54554136637458583 ) ) ;
#1874 = CARTESIAN_POINT ( 'NONE',  ( 1364.110009569800241, 607.5086070213478706, -91.28658928140718842 ) ) ;
#1875 = CARTESIAN_POINT ( 'NONE',  ( 1010.484244189048695, 181.6700912164131694, -63.63984248441011005 ) ) ;
#1876 = CARTESIAN_POINT ( 'NONE',  ( 945.7112933758746749, 209.1100688421999507, 67.10858404351566264 ) ) ;
#1877 = CARTESIAN_POINT ( 'NONE',  ( 560.0000000000000000, 6.734092495412528301, 0.1478368864124350868 ) ) ;
#1878 = CARTESIAN_POINT ( 'NONE',  ( 996.7456942232383881, 245.7539059725316406, 60.33946174079321167 ) ) ;
#1879 = CARTESIAN_POINT ( 'NONE',  ( 789.6731424159445396, 75.31783269295151229, 1.429720061539239362 ) ) ;
#1880 = CARTESIAN_POINT ( 'NONE',  ( 1103.444444056379780, 296.4704176071564916, -50.47529709178177626 ) ) ;
#1881 = CARTESIAN_POINT ( 'NONE',  ( 1320.760114869892504, 559.1518193264087131, -81.90642986588225938 ) ) ;
#1882 = CARTESIAN_POINT ( 'NONE',  ( 844.8447111226317929, 106.0848435116223101, 3.749001792803291710 ) ) ;
#1883 = CARTESIAN_POINT ( 'NONE',  ( 1440.918260699546181, 839.1568220955031165, -70.03953676316554322 ) ) ;
#1884 = CARTESIAN_POINT ( 'NONE',  ( 842.1032020229007458, 128.3405642375843456, 48.26642213552000271 ) ) ;
#1885 = CARTESIAN_POINT ( 'NONE',  ( 1285.209991561665220, 491.9472243681764780, -71.82287704781724358 ) ) ;
#1886 = CARTESIAN_POINT ( 'NONE',  ( 1216.512047803903215, 506.1584860397671832, 47.51090028808102517 ) ) ;
#1887 = CARTESIAN_POINT ( 'NONE',  ( 1274.572372721226429, 659.3207883504890106, 75.42721473087551942 ) ) ;
#1888 = CARTESIAN_POINT ( 'NONE',  ( 1392.222849043127326, 984.6864024308021044, 62.92773598613025854 ) ) ;
#1889 = CARTESIAN_POINT ( 'NONE',  ( 1327.852529989106870, 543.7792257203198005, -97.93934913757432525 ) ) ;
#1890 = CARTESIAN_POINT ( 'NONE',  ( 1343.093529241749138, 774.5224629535774739, 46.61525882985285563 ) ) ;
#1891 = CARTESIAN_POINT ( 'NONE',  ( 896.5366926048907317, 155.1413134059182539, 10.34830192714079722 ) ) ;
#1892 = CARTESIAN_POINT ( 'NONE',  ( 1424.967099061005456, 864.2300852486467875, -49.80984739065410594 ) ) ;
#1893 = CARTESIAN_POINT ( 'NONE',  ( 1441.686486497291980, 945.2574210802922607, -31.62649504189440819 ) ) ;
#1894 = CARTESIAN_POINT ( 'NONE',  ( 787.8857023710025942, 94.14139597001911852, 32.68630949760575533 ) ) ;
#1895 = CARTESIAN_POINT ( 'NONE',  ( 1043.175214545000472, 298.5856405551344892, 74.49744770058538279 ) ) ;
#1896 = CARTESIAN_POINT ( 'NONE',  ( 1041.610518117537140, 304.9272447656891245, 80.05173286001583222 ) ) ;
#1897 = CARTESIAN_POINT ( 'NONE',  ( 842.9511868816744027, 121.4672136338581936, 40.92258784263821525 ) ) ;
#1898 = CARTESIAN_POINT ( 'NONE',  ( 1086.044093747392708, 358.7151014140468419, 85.42864748368164385 ) ) ;
#1899 = CARTESIAN_POINT ( 'NONE',  ( 1211.583567411724289, 518.9548334764684796, 71.08336367265907541 ) ) ;
#1900 = CARTESIAN_POINT ( 'NONE',  ( 1391.031960508551720, 686.2565814873017871, -89.92586048098793583 ) ) ;
#1901 = CC_DESIGN_SECURITY_CLASSIFICATION ( #3512, ( #3944 ) ) ;
#1902 = CARTESIAN_POINT ( 'NONE',  ( 1370.784165066542982, 594.1851298160320312, -110.1928380291258946 ) ) ;
#1903 = CARTESIAN_POINT ( 'NONE',  ( 1045.681009687924416, 288.3811338758408738, 29.51768753262785694 ) ) ;
#1904 = CARTESIAN_POINT ( 'NONE',  ( 1161.450883634611273, 309.1664981626557278, -92.91616008336906418 ) ) ;
#1905 = CARTESIAN_POINT ( 'NONE',  ( 787.8028013781745358, 95.04330320604685767, 40.22601163380210210 ) ) ;
#1906 = CARTESIAN_POINT ( 'NONE',  ( 1274.799303475433817, 658.8403295102516495, 88.60518947089610720 ) ) ;
#1907 = CARTESIAN_POINT ( 'NONE',  ( 1423.276910593597222, 751.7013988644180245, -93.88268513205264298 ) ) ;
#1908 = CARTESIAN_POINT ( 'NONE',  ( 1112.296502134168577, 264.9030795648135950, -75.44949700566128570 ) ) ;
#1909 = CARTESIAN_POINT ( 'NONE',  ( 579.3761297033381652, 10.37676677225927158, -5.047304023280492657 ) ) ;
#1910 = CARTESIAN_POINT ( 'NONE',  ( 1112.036982684486929, 265.8293576005323189, -74.28298136158011289 ) ) ;
#1911 = CARTESIAN_POINT ( 'NONE',  ( 732.2011275420111360, 66.80972242263293026, 42.32867655638950311 ) ) ;
#1912 = CARTESIAN_POINT ( 'NONE',  ( 560.0000000000000000, 3.511579751663724380, 15.38378380801793632 ) ) ;
#1913 = CARTESIAN_POINT ( 'NONE',  ( 732.5152814131262176, 62.15787657800925814, 34.85785692634667043 ) ) ;
#1914 = CARTESIAN_POINT ( 'NONE',  ( 1264.629130704970294, 540.6549071834346023, -0.1408048760627612639 ) ) ;
#1915 = CARTESIAN_POINT ( 'NONE',  ( 732.4789414133648506, 62.69917008489085930, 36.84799611514977613 ) ) ;
#1916 = CARTESIAN_POINT ( 'NONE',  ( 1313.465754176096198, 574.9649324681968210, -63.02766433299465376 ) ) ;
#1917 = CARTESIAN_POINT ( 'NONE',  ( 579.4276773187073104, 3.199291700159700991, -22.12685582172711918 ) ) ;
#1918 = CARTESIAN_POINT ( 'NONE',  ( 845.0360342158005551, 104.5304700763610839, 0.2466293507068599844 ) ) ;
#1919 = CARTESIAN_POINT ( 'NONE',  ( 1090.769998833158979, 341.7912244615657755, 38.70607296137980313 ) ) ;
#1920 = CARTESIAN_POINT ( 'NONE',  ( 1444.472690311265978, 905.3166915468736988, -49.89331323580165645 ) ) ;
#1921 = CARTESIAN_POINT ( 'NONE',  ( 1402.419755571411088, 1003.246502303636817, 47.07341180300149119 ) ) ;
#1922 = CARTESIAN_POINT ( 'NONE',  ( 902.2256917793055209, 117.9419198379928133, -40.31534187559414306 ) ) ;
#1923 = CARTESIAN_POINT ( 'NONE',  ( 560.0000000000000000, 1.904396916672128848, 10.38217076896122393 ) ) ;
#1924 = CARTESIAN_POINT ( 'NONE',  ( 1209.807113036965120, 523.5465762801113669, 63.62926716558362017 ) ) ;
#1925 = CARTESIAN_POINT ( 'NONE',  ( 946.8761411341547500, 202.7492503053495625, 60.75668029792473845 ) ) ;
#1926 = CARTESIAN_POINT ( 'NONE',  ( 618.5698755546661687, 6.608563609112245274, -30.44751694160600763 ) ) ;
#1927 = CARTESIAN_POINT ( 'NONE',  ( 1217.231442693407189, 504.2907020307887365, 44.16389847452919781 ) ) ;
#1928 = CARTESIAN_POINT ( 'NONE',  ( 1218.333840733286934, 501.3943178321071059, 18.83961243998388468 ) ) ;
#1929 = CARTESIAN_POINT ( 'NONE',  ( 676.0234731627984957, 32.41274839339397573, -20.67847449620079558 ) ) ;
#1930 = CARTESIAN_POINT ( 'NONE',  ( 1007.202669030147263, 196.9832614063284382, -37.53753494262845436 ) ) ;
#1931 = CARTESIAN_POINT ( 'NONE',  ( 1088.298283277142218, 350.6412112902848435, 62.23059277021534541 ) ) ;
#1932 = CARTESIAN_POINT ( 'NONE',  ( 732.3961098768247666, 63.91244340810060720, 39.78446902860466139 ) ) ;
#1933 = CARTESIAN_POINT ( 'NONE',  ( 1349.999218204731733, 635.6437751842856869, -69.98578568236254682 ) ) ;
#1934 = CARTESIAN_POINT ( 'NONE',  ( 1307.736829164252185, 720.0066841701830072, 74.64612269432483060 ) ) ;
#1935 = CARTESIAN_POINT ( 'NONE',  ( 1399.862258868298568, 1007.023411675724901, 53.26101922539661615 ) ) ;
#1936 = CARTESIAN_POINT ( 'NONE',  ( 732.6538702000765397, 60.10148001174188437, 29.06041785490287310 ) ) ;
#1937 = CARTESIAN_POINT ( 'NONE',  ( 1444.534051846727834, 941.0521385308323943, -41.86852269504382207 ) ) ;
#1938 = CARTESIAN_POINT ( 'NONE',  ( 1295.295920649974278, 468.0639657833169167, -107.3697494108970005 ) ) ;
#1939 = CARTESIAN_POINT ( 'NONE',  ( 560.0000000000000000, -2.896673411419580013, -3.963924808614477158 ) ) ;
#1940 = CARTESIAN_POINT ( 'NONE',  ( 1337.405237936168305, 784.9834796343433254, 49.19229611787953615 ) ) ;
#1941 = CARTESIAN_POINT ( 'NONE',  ( 902.9774161068738749, 112.9537872991917595, -61.84719417268198782 ) ) ;
#1942 = CARTESIAN_POINT ( 'NONE',  ( 1299.009994180166359, 737.4174468970767293, 93.03846995830502919 ) ) ;
#1943 = CARTESIAN_POINT ( 'NONE',  ( 1044.318376832030708, 293.9533464639472413, 63.97049279423927715 ) ) ;
#1944 = CARTESIAN_POINT ( 'NONE',  ( 790.9261458408874432, 61.96229537203412008, -47.24983969836893039 ) ) ;
#1945 = CARTESIAN_POINT ( 'NONE',  ( 1417.791126380790729, 945.8488409725197243, -5.143491297237292592 ) ) ;
#1946 = CARTESIAN_POINT ( 'NONE',  ( 1112.036982684486929, 265.8293576005323189, -74.28298136158011289 ) ) ;
#1947 = CARTESIAN_POINT ( 'NONE',  ( 949.4077357257851872, 188.8305059730881794, -1.813528586326282444 ) ) ;
#1948 = CARTESIAN_POINT ( 'NONE',  ( 1011.099520034586931, 178.7962135766564984, -69.56103362790709355 ) ) ;
#1949 = CARTESIAN_POINT ( 'NONE',  ( 1203.312444361315102, 540.4254721968147805, 102.0271200104905347 ) ) ;
#1950 = CARTESIAN_POINT ( 'NONE',  ( 560.0000000000000000, 7.195970760989650827, 4.360363780632087405 ) ) ;
#1951 = CARTESIAN_POINT ( 'NONE',  ( 732.5306697544350527, 61.92892134568195672, 34.17056529108037921 ) ) ;
#1952 = CARTESIAN_POINT ( 'NONE',  ( 1383.287880859100369, 819.9770567292439409, 3.886233514967921909 ) ) ;
#1953 = CARTESIAN_POINT ( 'NONE',  ( 675.7572588671664562, 39.05124504172482602, 32.56267997607234577 ) ) ;
#1954 = CARTESIAN_POINT ( 'NONE',  ( 1426.394917329516147, 861.9850490721893266, -52.51859029302176651 ) ) ;
#1955 = CARTESIAN_POINT ( 'NONE',  ( 676.6839206173359571, 16.99828125674263291, -27.70781231655244170 ) ) ;
#1956 = CARTESIAN_POINT ( 'NONE',  ( 1227.638753675304997, 477.2713280475775264, -2.105093299989340139 ) ) ;
#1957 = CARTESIAN_POINT ( 'NONE',  ( 1134.503445396944244, 394.9989747563228093, 38.30844533402166974 ) ) ;
#1958 = CARTESIAN_POINT ( 'NONE',  ( 1394.236548140944251, 680.3717879021374983, -86.76397557483355172 ) ) ;
#1959 = CARTESIAN_POINT ( 'NONE',  ( 1086.920146654882728, 355.5788285817503720, 76.93343996629984360 ) ) ;
#1960 = CARTESIAN_POINT ( 'NONE',  ( 1433.801417528568663, 850.3467245080272505, -56.47265056795779259 ) ) ;
#1961 = CARTESIAN_POINT ( 'NONE',  ( 1253.835635038925602, 566.2019225084834488, 42.32338301499810740 ) ) ;
#1962 = CARTESIAN_POINT ( 'NONE',  ( 995.9300577839520656, 249.5315048315838169, 53.09898166086075832 ) ) ;
#1963 = CARTESIAN_POINT ( 'NONE',  ( 1373.633074121995605, 944.9679679707796822, 81.73534362084866700 ) ) ;
#1964 = CARTESIAN_POINT ( 'NONE',  ( 1442.918606230097566, 836.0060328523777571, -80.67718058921714430 ) ) ;
#1965 = CARTESIAN_POINT ( 'NONE',  ( 897.5204562649169020, 148.7834857824489063, 23.54362958056929500 ) ) ;
#1966 = CARTESIAN_POINT ( 'NONE',  ( 1397.201344200901985, 907.8931436756693074, 10.82494751975523251 ) ) ;
#1967 = CARTESIAN_POINT ( 'NONE',  ( 1054.919509669978879, 250.9007006450042923, -47.20771722973719164 ) ) ;
#1968 = CARTESIAN_POINT ( 'NONE',  ( 618.6224586933365117, 4.043251389866663992, -16.59664050395339174 ) ) ;
#1969 = CARTESIAN_POINT ( 'NONE',  ( 1088.043736200868580, 351.5528563301360805, 64.75780135641265645 ) ) ;
#1970 = CARTESIAN_POINT ( 'NONE',  ( 1403.373680418938193, 1001.837746744924175, 50.17874957344789522 ) ) ;
#1971 = CARTESIAN_POINT ( 'NONE',  ( 1439.844917607041907, 947.9770487507647658, -34.23795620381853411 ) ) ;
#1972 = CARTESIAN_POINT ( 'NONE',  ( 1211.924863072900280, 518.0686575847082622, 69.39427428071174120 ) ) ;
#1973 = CARTESIAN_POINT ( 'NONE',  ( 559.9999999999998863, -5.996869215601384084, -23.55271116694896705 ) ) ;
#1974 = CARTESIAN_POINT ( 'NONE',  ( 1167.050856792117429, 476.6695390041323890, 96.72881800581389200 ) ) ;
#1975 = CARTESIAN_POINT ( 'NONE',  ( 1212.382157247834584, 516.8812882970631790, 67.14241102557254237 ) ) ;
#1976 = CARTESIAN_POINT ( 'NONE',  ( 1417.584889104950207, 761.4158941366982845, -84.43084027953385373 ) ) ;
#1977 = CARTESIAN_POINT ( 'NONE',  ( 1452.917918497102619, 892.4878280710269109, -66.26535386541702621 ) ) ;
#1978 = CARTESIAN_POINT ( 'NONE',  ( 618.5405763602827847, 8.797905039572901487, -3.424977894129048295 ) ) ;
#1979 = CARTESIAN_POINT ( 'NONE',  ( 895.8190429556166237, 159.8688617798365499, 26.90773196385831767 ) ) ;
#1980 = CARTESIAN_POINT ( 'NONE',  ( 734.2763865856425127, 35.92048971139109170, -42.87480484168598593 ) ) ;
#1981 = CARTESIAN_POINT ( 'NONE',  ( 1203.312444361315102, 540.4254721968147805, 102.0271200104905347 ) ) ;
#1982 = CARTESIAN_POINT ( 'NONE',  ( 618.3048077664511766, 22.19114616210023527, 26.58064064829445883 ) ) ;
#1983 = CARTESIAN_POINT ( 'NONE',  ( 788.2196183777523402, 90.67449351981055372, 40.48768473275970337 ) ) ;
#1984 = CARTESIAN_POINT ( 'NONE',  ( 1204.247754929856228, 370.0656872599861913, -88.65770412586392979 ) ) ;
#1985 = CARTESIAN_POINT ( 'NONE',  ( 897.3840520194826240, 149.5696989197286655, -5.939740651753376177 ) ) ;
#1986 = CARTESIAN_POINT ( 'NONE',  ( 957.7019230197857951, 143.5928087630215373, -60.25125656940898011 ) ) ;
#1987 = CARTESIAN_POINT ( 'NONE',  ( 1096.470383044496430, 321.3970073201872992, -7.147126042612415908 ) ) ;
#1988 = CARTESIAN_POINT ( 'NONE',  ( 903.4602718681755960, 109.8298881181788289, -56.79890009614346980 ) ) ;
#1989 = CARTESIAN_POINT ( 'NONE',  ( 1041.843989343563862, 303.9794692946011310, 79.94422385585781399 ) ) ;
#1990 = CARTESIAN_POINT ( 'NONE',  ( 899.4214455443892575, 136.3254401331861629, -3.857243265751303163 ) ) ;
#1991 = CARTESIAN_POINT ( 'NONE',  ( 842.7354446397505399, 123.2211810832249199, 45.42160358620802185 ) ) ;
#1992 = CARTESIAN_POINT ( 'NONE',  ( 996.4787101177216755, 247.0006051885350473, 63.85840654386436199 ) ) ;
#1993 = CARTESIAN_POINT ( 'NONE',  ( 732.9669749965263463, 55.23945689365262268, -18.75268807262253645 ) ) ;
#1994 = CARTESIAN_POINT ( 'NONE',  ( 676.6916890221148151, 16.80943663406450739, -28.31068651717783524 ) ) ;
#1995 = CARTESIAN_POINT ( 'NONE',  ( 843.6325415462227966, 115.8064914252124566, -5.625294179202440681 ) ) ;
#1996 = CARTESIAN_POINT ( 'NONE',  ( 1248.599433541872259, 422.8580315051166281, -82.67485940097380137 ) ) ;
#1997 = CARTESIAN_POINT ( 'NONE',  ( 1268.943578398324007, 671.5349227984027038, 100.1956987094712019 ) ) ;
#1998 = CARTESIAN_POINT ( 'NONE',  ( 676.6323051109119433, 18.24653218865240945, -24.12220274164989320 ) ) ;
#1999 = CARTESIAN_POINT ( 'NONE',  ( 999.6706893174387005, 232.1111374686491899, 30.26689585827683260 ) ) ;
#2000 = CARTESIAN_POINT ( 'NONE',  ( 559.9999999999998863, 7.421925499690431138, 17.63314433691217431 ) ) ;
#2001 = CARTESIAN_POINT ( 'NONE',  ( 996.2860551329433747, 247.8978161604193247, 66.23423166971555531 ) ) ;
#2002 = CARTESIAN_POINT ( 'NONE',  ( 1442.180486213183030, 837.1664154356988092, -79.55335141179364200 ) ) ;
#2003 = CARTESIAN_POINT ( 'NONE',  ( 1373.400201286532365, 836.8595966840464371, 29.27731106779501502 ) ) ;
#2004 = CARTESIAN_POINT ( 'NONE',  ( 732.4762546664505862, 62.57371423422967638, 6.591923348493448742 ) ) ;
#2005 = CARTESIAN_POINT ( 'NONE',  ( 1191.668085459371696, 406.0898435378208546, -44.81014706361393962 ) ) ;
#2006 = CARTESIAN_POINT ( 'NONE',  ( 790.9487530124134764, 61.83234456150778868, -28.92996980992930744 ) ) ;
#2007 = CARTESIAN_POINT ( 'NONE',  ( 1376.714661433551100, 940.1148874849229742, 62.84304814767201464 ) ) ;
#2008 = CARTESIAN_POINT ( 'NONE',  ( 579.3687203152660459, 11.27779598014269880, 25.72358147426564656 ) ) ;
#2009 = CARTESIAN_POINT ( 'NONE',  ( 789.7932134602376664, 73.88040607369367763, -33.09173538746362908 ) ) ;
#2010 = CARTESIAN_POINT ( 'NONE',  ( 676.4778518231777298, 21.94157338745702646, -14.73638029427648277 ) ) ;
#2011 = CARTESIAN_POINT ( 'NONE',  ( 1045.826371703436735, 287.8395407184244164, 50.82543733244194328 ) ) ;
#2012 = CARTESIAN_POINT ( 'NONE',  ( 791.1282792475220731, 59.83830750063011550, -48.90743141286875328 ) ) ;
#2013 = CARTESIAN_POINT ( 'NONE',  ( 675.8851356219017816, 36.02073018677234018, 23.08025240285065749 ) ) ;
#2014 = CARTESIAN_POINT ( 'NONE',  ( 1444.076676597286223, 905.9193996133056999, -54.93111284742885658 ) ) ;
#2015 = CARTESIAN_POINT ( 'NONE',  ( 1062.767094440317805, 219.1282458466193077, -80.17771356400017169 ) ) ;
#2016 = CARTESIAN_POINT ( 'NONE',  ( 1193.908402520385380, 399.7207161273692009, -32.63953124612999801 ) ) ;
#2017 = CARTESIAN_POINT ( 'NONE',  ( 579.3621955759895172, 12.26205766714227252, 9.942017429284854657 ) ) ;
#2018 = CARTESIAN_POINT ( 'NONE',  ( 903.0466439042646698, 112.5034265219990175, -61.81818961565023329 ) ) ;
#2019 = CARTESIAN_POINT ( 'NONE',  ( 1297.525464513657653, 740.3818642401947727, 98.85516770079551918 ) ) ;
#2020 = CARTESIAN_POINT ( 'NONE',  ( 1172.519213041360899, 461.0044865754576904, 75.78713997331131225 ) ) ;
#2021 = CARTESIAN_POINT ( 'NONE',  ( 1060.803464549132741, 227.0736566942676973, -75.39480408099377939 ) ) ;
#2022 = CARTESIAN_POINT ( 'NONE',  ( 1000.475916343139374, 228.2766891700254348, -6.533272217979570584 ) ) ;
#2023 = CARTESIAN_POINT ( 'NONE',  ( 1160.199356994747177, 313.1812348315464192, -79.36223066521857561 ) ) ;
#2024 = CARTESIAN_POINT ( 'NONE',  ( 1183.922152134088492, 428.2867631532453174, -7.692502830855751483 ) ) ;
#2025 = CARTESIAN_POINT ( 'NONE',  ( 1368.633735280142446, 598.4820671505412975, -102.4255594995568259 ) ) ;
#2026 = CARTESIAN_POINT ( 'NONE',  ( 1237.067990019507079, 605.8888819733730315, 106.2879945673118698 ) ) ;
#2027 = CARTESIAN_POINT ( 'NONE',  ( 1268.843912009835776, 530.6793883953453133, -15.98412405338205744 ) ) ;
#2028 = CARTESIAN_POINT ( 'NONE',  ( 947.2212697416592846, 200.8644126237892635, 55.37753293089996731 ) ) ;
#2029 = CARTESIAN_POINT ( 'NONE',  ( 1418.307966983161577, 945.0626095965149034, 2.624070425814101437 ) ) ;
#2030 = CARTESIAN_POINT ( 'NONE',  ( 1394.784700111277061, 980.7953119224235934, 57.28897031381374205 ) ) ;
#2031 = CARTESIAN_POINT ( 'NONE',  ( 1148.648858838301066, 349.9175946354749840, -47.22144131697256597 ) ) ;
#2032 = CARTESIAN_POINT ( 'NONE',  ( 1418.400961673351958, 760.0318951297838339, -76.86661192173808388 ) ) ;
#2033 = CARTESIAN_POINT ( 'NONE',  ( 732.6578599570369761, 59.84665591182928068, -4.827380731669019376 ) ) ;
#2034 = CARTESIAN_POINT ( 'NONE',  ( 1204.204652786630504, 370.2233345444697648, -75.57485972164585064 ) ) ;
#2035 = CARTESIAN_POINT ( 'NONE',  ( 732.2221193607630312, 66.48672974008061942, 38.57840063989899448 ) ) ;
#2036 = CARTESIAN_POINT ( 'NONE',  ( 560.0000000000003411, -6.766394080104094044, -15.95830127036487767 ) ) ;
#2037 = CARTESIAN_POINT ( 'NONE',  ( 1315.904249644627043, 703.7055524337338284, 47.27412121726285932 ) ) ;
#2038 = CARTESIAN_POINT ( 'NONE',  ( 945.7847616529143124, 208.7055472088023578, 67.65201060071093764 ) ) ;
#2039 = CARTESIAN_POINT ( 'NONE',  ( 1326.273272764017975, 805.4929485470414647, 99.10295716387020093 ) ) ;
#2040 = CARTESIAN_POINT ( 'NONE',  ( 790.6825708327816074, 64.52154943202856430, -44.95446310095854869 ) ) ;
#2041 = CARTESIAN_POINT ( 'NONE',  ( 559.9999999999996589, 1.407768882121344101, 8.868494798413381730 ) ) ;
#2042 = CARTESIAN_POINT ( 'NONE',  ( 1432.691506223472061, 958.5412017618432401, -21.30582072739706234 ) ) ;
#2043 = CARTESIAN_POINT ( 'NONE',  ( 791.0150453465007558, 61.13012275733720458, -30.45983690272681343 ) ) ;
#2044 = CARTESIAN_POINT ( 'NONE',  ( 1130.280018077958175, 408.4718724318721002, 71.35573333153921283 ) ) ;
#2045 = CARTESIAN_POINT ( 'NONE',  ( 1402.033542800311352, 1003.816861058358199, 52.01307685396983516 ) ) ;
#2046 = CARTESIAN_POINT ( 'NONE',  ( 579.4653746375795436, -2.164188686841162390, -12.86342858152330138 ) ) ;
#2047 = CARTESIAN_POINT ( 'NONE',  ( 1309.339460377135993, 716.8079364705024545, 69.14583360895282738 ) ) ;
#2048 = CARTESIAN_POINT ( 'NONE',  ( 1293.961427837446763, 471.2170663738590974, -105.8857559934695018 ) ) ;
#2049 = CARTESIAN_POINT ( 'NONE',  ( 1046.435000092426435, 285.3720508933525366, 45.60074869407446130 ) ) ;
#2050 = CARTESIAN_POINT ( 'NONE',  ( 1197.616072604029796, 389.0528520614311674, -67.90170762642647162 ) ) ;
#2051 = CARTESIAN_POINT ( 'NONE',  ( 1403.169751029432291, 663.9227464015108353, -109.2964867899980987 ) ) ;
#2052 = CARTESIAN_POINT ( 'NONE',  ( 954.1295156124775758, 163.1229386668183281, -25.06092695522506730 ) ) ;
#2053 = CARTESIAN_POINT ( 'NONE',  ( 1133.252853620276710, 398.9876812472164147, 47.65268107231944583 ) ) ;
#2054 = CARTESIAN_POINT ( 'NONE',  ( 1391.284753247613708, 986.1129776363891324, 59.28559431507018473 ) ) ;
#2055 = CARTESIAN_POINT ( 'NONE',  ( 1354.923263361607269, 868.4101523615344149, 79.43632909918682117 ) ) ;
#2056 = CARTESIAN_POINT ( 'NONE',  ( 1109.221677506722017, 275.8403523823185424, -75.82591514328430549 ) ) ;
#2057 = CARTESIAN_POINT ( 'NONE',  ( 579.4839857915192169, -4.702638193065459049, -23.65764948574892301 ) ) ;
#2058 = CARTESIAN_POINT ( 'NONE',  ( 1356.646652776118344, 749.5535262133846572, -8.285786105849384242 ) ) ;
#2059 = CARTESIAN_POINT ( 'NONE',  ( 1207.472808419941657, 360.8610151071306973, -88.33279612088551858 ) ) ;
#2060 = CARTESIAN_POINT ( 'NONE',  ( 1203.932078706347738, 538.8181678263373442, 101.9165772264794754 ) ) ;
#2061 = CARTESIAN_POINT ( 'NONE',  ( 1300.685903810323452, 602.7024577920747106, -4.985175971627840319 ) ) ;
#2062 = CARTESIAN_POINT ( 'NONE',  ( 895.9971957072162922, 158.7660838025036583, 47.37504312828140485 ) ) ;
#2063 = DATE_AND_TIME ( #7016, #981 ) ;
#2064 = PRODUCT_DEFINITION_SHAPE ( 'NONE', 'NONE',  #6803 ) ;
#2065 = CARTESIAN_POINT ( 'NONE',  ( 1375.103014758769177, 942.6556364769826359, 77.16447443384974747 ) ) ;
#2066 = CARTESIAN_POINT ( 'NONE',  ( 1429.860142313663800, 927.5153507487849538, -30.27877246543275547 ) ) ;
#2067 = CARTESIAN_POINT ( 'NONE',  ( 1447.075247490577112, 937.2993025518475179, -41.26687812491055496 ) ) ;
#2068 = CARTESIAN_POINT ( 'NONE',  ( 1099.478018745494410, 310.7106613284822174, -1.095952521847031180 ) ) ;
#2069 = CARTESIAN_POINT ( 'NONE',  ( 1421.366094132588842, 754.9702378935436400, -83.04143124627998418 ) ) ;
#2070 = CARTESIAN_POINT ( 'NONE',  ( 1401.516342006613968, 1004.580662834753525, 49.19888982843355762 ) ) ;
#2071 = ORIENTED_EDGE ( 'NONE', *, *, #3267, .F. ) ;
#2072 = CARTESIAN_POINT ( 'NONE',  ( 560.0000000000001137, -6.895587520582788343, -16.47365255393555117 ) ) ;
#2073 = CARTESIAN_POINT ( 'NONE',  ( 1218.680156688840043, 500.5294013969769935, 37.48678296773177721 ) ) ;
#2074 = CARTESIAN_POINT ( 'NONE',  ( 1059.561857727465849, 232.0975546862148349, -70.74272335663860645 ) ) ;
#2075 = CARTESIAN_POINT ( 'NONE',  ( 1370.440977787158999, 841.9124484990992414, 37.07465172345194304 ) ) ;
#2076 = CARTESIAN_POINT ( 'NONE',  ( 1215.614557164279631, 508.4580768822349910, 32.47380072471840151 ) ) ;
#2077 = CARTESIAN_POINT ( 'NONE',  ( 1102.303420973694301, 300.5467327336118615, -44.44953345167063219 ) ) ;
#2078 = CARTESIAN_POINT ( 'NONE',  ( 1435.217086177602141, 848.1207712422951772, -59.21289830394319864 ) ) ;
#2079 = CARTESIAN_POINT ( 'NONE',  ( 618.3024704707182764, 22.27897746294245351, 23.96352044317336905 ) ) ;
#2080 = CARTESIAN_POINT ( 'NONE',  ( 996.2860551329433747, 247.8978161604193247, 66.23423166971555531 ) ) ;
#2081 = CARTESIAN_POINT ( 'NONE',  ( 846.6309087290262596, 91.56970747167429181, -27.52889565211244616 ) ) ;
#2082 = CARTESIAN_POINT ( 'NONE',  ( 997.6746510852416350, 241.4209279275974609, 50.63811220775364319 ) ) ;
#2083 = CARTESIAN_POINT ( 'NONE',  ( 732.3176683570019350, 64.98181005336087424, 21.06772583517326325 ) ) ;
#2084 = CARTESIAN_POINT ( 'NONE',  ( 1294.427888168482696, 470.1140529306015878, -106.7211236846992932 ) ) ;
#2085 = CARTESIAN_POINT ( 'NONE',  ( 948.3426833046490856, 194.7372574448099556, 41.03493802622201514 ) ) ;
#2086 = CARTESIAN_POINT ( 'NONE',  ( 1439.664640944685743, 912.6216175237944981, -47.85903821438653694 ) ) ;
#2087 = CARTESIAN_POINT ( 'NONE',  ( 1010.722291013382346, 180.5224510713715063, -74.54192837930597193 ) ) ;
#2088 = CARTESIAN_POINT ( 'NONE',  ( 1275.976329661319824, 513.7990594275162266, -41.63444026328009784 ) ) ;
#2089 = CARTESIAN_POINT ( 'NONE',  ( 579.3611378810710448, 12.39280933330607049, 13.49688067514529877 ) ) ;
#2090 = CARTESIAN_POINT ( 'NONE',  ( 842.1032020229007458, 128.3405642375843456, 48.26642213552000271 ) ) ;
#2091 = CARTESIAN_POINT ( 'NONE',  ( 1132.415282835315793, 401.6843315395113336, 71.69112199721898548 ) ) ;
#2092 = CARTESIAN_POINT ( 'NONE',  ( 1203.431183905836406, 372.4025870385822259, -86.46598867932870291 ) ) ;
#2093 = CARTESIAN_POINT ( 'NONE',  ( 1450.950651229762116, 895.4762117475332843, -61.63415144237139032 ) ) ;
#2094 = CARTESIAN_POINT ( 'NONE',  ( 998.7701866560765893, 236.2452669480965994, 13.00992476887312677 ) ) ;
#2095 = CARTESIAN_POINT ( 'NONE',  ( 676.7377918587466183, 15.61727203664210606, -35.22590434997319164 ) ) ;
#2096 = CARTESIAN_POINT ( 'NONE',  ( 787.7200545976936610, 95.94408568857564035, 48.61470929329806978 ) ) ;
#2097 = CARTESIAN_POINT ( 'NONE',  ( 1386.782552914543658, 814.0103431126235591, -4.859612336465049864 ) ) ;
#2098 = COORDINATED_UNIVERSAL_TIME_OFFSET ( 5, 30, .AHEAD. ) ;
#2099 = CARTESIAN_POINT ( 'NONE',  ( 1207.967795855737904, 359.4150394686936352, -98.14171788199033131 ) ) ;
#2100 = CARTESIAN_POINT ( 'NONE',  ( 618.4010108863426467, 16.14861993026418929, -16.30524000920238237 ) ) ;
#2101 = CARTESIAN_POINT ( 'NONE',  ( 1444.472690311265978, 905.3166915468736988, -49.89331323580165645 ) ) ;
#2102 = CARTESIAN_POINT ( 'NONE',  ( 1144.594462771278586, 362.8875824183342047, -1.416754081859035175 ) ) ;
#2103 = CARTESIAN_POINT ( 'NONE',  ( 1158.704421349146287, 317.9436324799777367, -72.53605223877970332 ) ) ;
#2104 = CARTESIAN_POINT ( 'NONE',  ( 1369.157755518988779, 952.0014122419262321, 83.51407256066271145 ) ) ;
#2105 = VERTEX_POINT ( 'NONE', #620 ) ;
#2106 = CARTESIAN_POINT ( 'NONE',  ( 956.2882708036386248, 151.3264562198352792, -46.27444528332132734 ) ) ;
#2107 = CARTESIAN_POINT ( 'NONE',  ( 1346.751751539975885, 767.7871803497926066, 35.90894526202671955 ) ) ;
#2108 = CARTESIAN_POINT ( 'NONE',  ( 1059.800545120352581, 231.1314727248794156, -71.68441746146665139 ) ) ;
#2109 = CARTESIAN_POINT ( 'NONE',  ( 999.9125233513111652, 230.9832652206985131, 27.88295529418357432 ) ) ;
#2110 = CARTESIAN_POINT ( 'NONE',  ( 1234.763486183818259, 458.7317525665299627, -52.13020656291182320 ) ) ;
#2111 = CARTESIAN_POINT ( 'NONE',  ( 847.0518096715520642, 88.14697107527892683, -34.39284354611598360 ) ) ;
#2112 = CARTESIAN_POINT ( 'NONE',  ( 560.0000000000000000, 7.438158784589434802, 17.22742673643531219 ) ) ;
#2113 = CARTESIAN_POINT ( 'NONE',  ( 1350.459236262452578, 876.0337555175885882, 93.12158013720768679 ) ) ;
#2114 = CARTESIAN_POINT ( 'NONE',  ( 560.0000000000002274, -5.182156140198985739, -10.75543360448589247 ) ) ;
#2115 = CARTESIAN_POINT ( 'NONE',  ( 948.6934925765784783, 192.8206193540595166, 36.65430427098569766 ) ) ;
#2116 = CARTESIAN_POINT ( 'NONE',  ( 947.1906900277163004, 200.9814728279334588, 34.48717705606476613 ) ) ;
#2117 = CARTESIAN_POINT ( 'NONE',  ( 1402.176370175776356, 665.7473888534296975, -109.0458848383169226 ) ) ;
#2118 = CARTESIAN_POINT ( 'NONE',  ( 1091.790029125826550, 338.1842612481633523, 51.67375625983476795 ) ) ;
#2119 = CARTESIAN_POINT ( 'NONE',  ( 789.9680876633350408, 72.03789348737635123, -35.92380774789486253 ) ) ;
#2120 = CARTESIAN_POINT ( 'NONE',  ( 901.0027113768137497, 125.9609679484621552, -25.10902003977399488 ) ) ;
#2121 = CARTESIAN_POINT ( 'NONE',  ( 996.9078121107228299, 244.9543061657898875, 37.93547623715475936 ) ) ;
#2122 = CARTESIAN_POINT ( 'NONE',  ( 1204.665621556455790, 536.9086316939753942, 93.77815383277724948 ) ) ;
#2123 = CARTESIAN_POINT ( 'NONE',  ( 1305.052888892563942, 725.3636050035918288, 83.85388275872165309 ) ) ;
#2124 = CARTESIAN_POINT ( 'NONE',  ( 1008.496051596805160, 190.8858914096479964, -66.37422499882561056 ) ) ;
#2125 = CARTESIAN_POINT ( 'NONE',  ( 788.5649695302455484, 86.87271306195087561, -2.018194708451034991 ) ) ;
#2126 = CARTESIAN_POINT ( 'NONE',  ( 560.0000000000000000, -7.418296537526212653, -22.04534115349932577 ) ) ;
#2127 = CARTESIAN_POINT ( 'NONE',  ( 1256.375870106469620, 560.1606342473271525, 12.63360398965010312 ) ) ;
#2128 = CARTESIAN_POINT ( 'NONE',  ( 618.6648355166450983, 1.292030898321570254, -30.75091296903795879 ) ) ;
#2129 = CARTESIAN_POINT ( 'NONE',  ( 1003.942706359342196, 212.1874412175722284, -9.847364714223838078 ) ) ;
#2130 = PERSON_AND_ORGANIZATION_ROLE ( 'design_owner' ) ;
#2131 = CARTESIAN_POINT ( 'NONE',  ( 1042.923565399384870, 299.5884004623312080, 61.93496150291457525 ) ) ;
#2132 = CARTESIAN_POINT ( 'NONE',  ( 1160.775638833717267, 311.3149152180052965, -91.66441312748963810 ) ) ;
#2133 = CARTESIAN_POINT ( 'NONE',  ( 1190.290030979749190, 410.0379598721094112, -38.79785756365282623 ) ) ;
#2134 = CARTESIAN_POINT ( 'NONE',  ( 1448.458472054904405, 935.2565574666414250, -43.72624949154102580 ) ) ;
#2135 = CARTESIAN_POINT ( 'NONE',  ( 579.4332865227964930, 2.286285410003777052, 0.02817188881878012613 ) ) ;
#2136 = CARTESIAN_POINT ( 'NONE',  ( 1364.110009569800241, 607.5086070213478706, -91.28658928140718842 ) ) ;
#2137 = CARTESIAN_POINT ( 'NONE',  ( 842.0550429428899406, 128.7402695299366258, 50.44069229935033150 ) ) ;
#2138 = CARTESIAN_POINT ( 'NONE',  ( 1202.259510939348274, 375.7961939515894301, -67.79090962447372704 ) ) ;
#2139 = CARTESIAN_POINT ( 'NONE',  ( 1409.608505867774738, 958.2774525139381012, 22.02084936384524028 ) ) ;
#2140 = CARTESIAN_POINT ( 'NONE',  ( 1320.167689123416039, 816.7309947658434339, 108.6267120498030323 ) ) ;
#2141 = CARTESIAN_POINT ( 'NONE',  ( 955.1355075496159088, 157.5440512043098238, -57.37177154974861537 ) ) ;
#2142 = CARTESIAN_POINT ( 'NONE',  ( 789.2234668175632351, 80.06832322054084727, 12.87078469400697323 ) ) ;
#2143 = CARTESIAN_POINT ( 'NONE',  ( 1192.851727825403486, 402.6990621706272577, -49.75035378310595036 ) ) ;
#2144 = CARTESIAN_POINT ( 'NONE',  ( 902.2256917793055209, 117.9419198379928133, -40.31534187559414306 ) ) ;
#2145 = CARTESIAN_POINT ( 'NONE',  ( 842.1707833665972203, 127.7783793950013376, 43.74977655580519809 ) ) ;
#2146 = CARTESIAN_POINT ( 'NONE',  ( 946.8761411341547500, 202.7492503053495625, 60.75668029792473845 ) ) ;
#2147 = CARTESIAN_POINT ( 'NONE',  ( 1239.557515268739962, 446.3303642121878738, -50.27053607290039849 ) ) ;
#2148 = CARTESIAN_POINT ( 'NONE',  ( 1360.453255642561089, 858.9670176173317486, 64.07316790854687838 ) ) ;
#2149 = CARTESIAN_POINT ( 'NONE',  ( 1245.997924729266970, 584.7357680599122887, 58.96200981419698905 ) ) ;
#2150 = CARTESIAN_POINT ( 'NONE',  ( 676.6026526714467764, 18.78891913275615622, -37.12431588325482323 ) ) ;
#2151 = CARTESIAN_POINT ( 'NONE',  ( 618.4105322763780350, 16.25583005080773447, 17.92919089705123881 ) ) ;
#2152 = CARTESIAN_POINT ( 'NONE',  ( 790.0599108688962815, 71.07087590580457004, -37.30498695289136180 ) ) ;
#2153 = CARTESIAN_POINT ( 'NONE',  ( 1055.588031987158502, 248.2663023091541845, -26.05541339674895696 ) ) ;
#2154 = CARTESIAN_POINT ( 'NONE',  ( 996.7372907760252474, 245.7521946508659028, 40.45181827584057999 ) ) ;
#2155 = CARTESIAN_POINT ( 'NONE',  ( 732.2268271900867376, 66.41129093164170172, 37.75102628784686942 ) ) ;
#2156 = CARTESIAN_POINT ( 'NONE',  ( 1243.812780250076003, 589.9268241610582209, 84.53227229094426320 ) ) ;
#2157 = CARTESIAN_POINT ( 'NONE',  ( 1109.513814100275113, 274.7977852755780646, -76.84831708427920205 ) ) ;
#2158 = CARTESIAN_POINT ( 'NONE',  ( 1413.923830799041752, 951.7234566486215499, 3.477403590141391110 ) ) ;
#2159 = CARTESIAN_POINT ( 'NONE',  ( 1207.472808419941657, 360.8610151071306973, -88.33279612088551858 ) ) ;
#2160 = CARTESIAN_POINT ( 'NONE',  ( 1181.536118935313880, 435.1262664507445947, 5.041613259198604702 ) ) ;
#2161 = CARTESIAN_POINT ( 'NONE',  ( 1452.674855532152151, 892.8569160102624664, -65.56059943246938815 ) ) ;
#2162 = CARTESIAN_POINT ( 'NONE',  ( 1418.688512121447047, 874.1103967435974482, -25.61659389038791090 ) ) ;
#2163 = PERSON_AND_ORGANIZATION ( #4301, #6142 ) ;
#2164 = CARTESIAN_POINT ( 'NONE',  ( 618.3020636235097527, 22.27892134621728104, 22.68291428275817978 ) ) ;
#2165 = CARTESIAN_POINT ( 'NONE',  ( 788.1000181078967444, 91.93313659362576118, 44.38178324207004977 ) ) ;
#2166 = CARTESIAN_POINT ( 'NONE',  ( 1062.349429763716216, 220.8114065268987645, -80.80657135321850149 ) ) ;
#2167 = CARTESIAN_POINT ( 'NONE',  ( 1145.447167770743363, 360.1158532477096514, -31.10366997959432567 ) ) ;
#2168 = CARTESIAN_POINT ( 'NONE',  ( 1362.782570844106885, 610.1574441479090183, -87.95598571685687261 ) ) ;
#2169 = CARTESIAN_POINT ( 'NONE',  ( 1100.325168800860183, 307.6834376844805661, -6.572853939986246452 ) ) ;
#2170 = CARTESIAN_POINT ( 'NONE',  ( 1159.289757379453022, 316.0780671155372374, -75.38939910812794665 ) ) ;
#2171 = CARTESIAN_POINT ( 'NONE',  ( 675.6187325691967089, 42.32192669888990366, 35.07203373660216528 ) ) ;
#2172 = CARTESIAN_POINT ( 'NONE',  ( 560.0000000000000000, 3.841857171808555016, -12.20666952667343885 ) ) ;
#2173 = CARTESIAN_POINT ( 'NONE',  ( 1358.619027247263375, 618.4652581049114133, -77.53394712463641270 ) ) ;
#2174 = CARTESIAN_POINT ( 'NONE',  ( 844.0051702464741084, 112.9050124874794960, 19.58619967616398583 ) ) ;
#2175 = CARTESIAN_POINT ( 'NONE',  ( 1108.222515160727653, 279.4068657644148743, -72.03908105204693868 ) ) ;
#2176 = CARTESIAN_POINT ( 'NONE',  ( 733.2383337287759559, 51.43119381783475319, 5.938853260499086240 ) ) ;
#2177 = CARTESIAN_POINT ( 'NONE',  ( 1334.888372106140196, 665.7965758559447522, -29.60433654665916237 ) ) ;
#2178 = CARTESIAN_POINT ( 'NONE',  ( 902.3533275406044822, 117.1042960450798489, -41.90202139423607264 ) ) ;
#2179 = CARTESIAN_POINT ( 'NONE',  ( 895.0895769429711208, 164.6877403395951376, 47.96010546700599519 ) ) ;
#2180 = CARTESIAN_POINT ( 'NONE',  ( 788.1339119238421063, 91.57789524208487819, 43.55054478134276508 ) ) ;
#2181 = CARTESIAN_POINT ( 'NONE',  ( 901.1537378399006002, 124.9710063769229578, -27.01628308337050655 ) ) ;
#2182 = CARTESIAN_POINT ( 'NONE',  ( 788.6376138912461329, 86.25719735290063284, 28.59206230828020878 ) ) ;
#2183 = CARTESIAN_POINT ( 'NONE',  ( 996.5690569578823670, 246.5395832267727769, 42.98059117962323228 ) ) ;
#2184 = CARTESIAN_POINT ( 'NONE',  ( 734.0250743774086004, 39.61078453988861270, -41.53877136092261679 ) ) ;
#2185 = CARTESIAN_POINT ( 'NONE',  ( 1047.047516980343289, 282.8887469132001797, 40.39370301358064808 ) ) ;
#2186 = CARTESIAN_POINT ( 'NONE',  ( 1411.600875641707489, 771.6296856234625920, -73.55367622884909906 ) ) ;
#2187 = CARTESIAN_POINT ( 'NONE',  ( 1277.263124695398119, 510.7537413224470129, -46.01405664898854297 ) ) ;
#2188 = CARTESIAN_POINT ( 'NONE',  ( 947.1906900277163004, 200.9814728279334588, 34.48717705606476613 ) ) ;
#2189 = CARTESIAN_POINT ( 'NONE',  ( 1330.561194933640309, 797.5971656492439479, 84.55495574032353545 ) ) ;
#2190 = CARTESIAN_POINT ( 'NONE',  ( 1267.709038531209444, 674.2131836379240895, 104.9760259972448324 ) ) ;
#2191 = CARTESIAN_POINT ( 'NONE',  ( 1045.088494668784506, 290.8311673109555500, 57.35802372983647501 ) ) ;
#2192 = CARTESIAN_POINT ( 'NONE',  ( 1395.851694741137408, 677.3868422356197243, -98.65497328767206398 ) ) ;
#2193 = CARTESIAN_POINT ( 'NONE',  ( 732.5168407774070829, 61.96230897679403427, 3.720445470421332335 ) ) ;
#2194 = CARTESIAN_POINT ( 'NONE',  ( 1399.836744271798580, 670.0637543107594638, -99.09817602746016973 ) ) ;
#2195 = CARTESIAN_POINT ( 'NONE',  ( 1323.395455515218373, 688.7349674534535779, 5.969890150544701513 ) ) ;
#2196 = CARTESIAN_POINT ( 'NONE',  ( 676.7013551441448271, 16.47113437524699009, -36.46688457283161000 ) ) ;
#2197 = CARTESIAN_POINT ( 'NONE',  ( 789.9680876633350408, 72.03789348737635123, -35.92380774789486253 ) ) ;
#2198 = CARTESIAN_POINT ( 'NONE',  ( 1308.378568604708107, 586.0215689029131454, -30.45793755808627523 ) ) ;
#2199 = APPROVAL_ROLE ( '' ) ;
#2200 = CARTESIAN_POINT ( 'NONE',  ( 1271.944017224030176, 665.0237449194245301, 86.81241896657292045 ) ) ;
#2201 = CARTESIAN_POINT ( 'NONE',  ( 788.1597239022463555, 91.30761760396578097, 42.76069136586644248 ) ) ;
#2202 = CARTESIAN_POINT ( 'NONE',  ( 1161.072007951306887, 310.3715818868795964, -92.34117709895208748 ) ) ;
#2203 = CARTESIAN_POINT ( 'NONE',  ( 1300.270583584699580, 603.5767758697285217, -22.45369877045272489 ) ) ;
#2204 = CARTESIAN_POINT ( 'NONE',  ( 579.4821509591623681, -4.466411494382851011, -20.98720326855407947 ) ) ;
#2205 = CARTESIAN_POINT ( 'NONE',  ( 1003.424806640005954, 214.6028557381923747, -5.165545777626037172 ) ) ;
#2206 = CARTESIAN_POINT ( 'NONE',  ( 1448.915732823719509, 934.5812750777639621, -44.53187722585738584 ) ) ;
#2207 = CARTESIAN_POINT ( 'NONE',  ( 1400.472069283757264, 1006.122844073606302, 51.53375139634471935 ) ) ;
#2208 = CARTESIAN_POINT ( 'NONE',  ( 1449.798838195437156, 933.2771056722191361, -46.14150766776769075 ) ) ;
#2209 = CARTESIAN_POINT ( 'NONE',  ( 844.2806726824605903, 110.6669334501605277, 14.29175747250456752 ) ) ;
#2210 = CARTESIAN_POINT ( 'NONE',  ( 579.4316771621794260, 2.639815069238227174, -22.82071070858889072 ) ) ;
#2211 = CARTESIAN_POINT ( 'NONE',  ( 844.2806726824605903, 110.6669334501605277, 14.29175747250456752 ) ) ;
#2212 = CARTESIAN_POINT ( 'NONE',  ( 1143.362002196523690, 366.7597020097548466, -19.36169711746140365 ) ) ;
#2213 = CARTESIAN_POINT ( 'NONE',  ( 560.0000000000001137, -6.895587520582788343, -16.47365255393555117 ) ) ;
#2214 = CARTESIAN_POINT ( 'NONE',  ( 1372.164984705549159, 947.2714533451655825, 75.33038299314146968 ) ) ;
#2215 = CARTESIAN_POINT ( 'NONE',  ( 1351.106184431620022, 633.4559074687923612, -58.21535874792567000 ) ) ;
#2216 = CARTESIAN_POINT ( 'NONE',  ( 1311.516803844488322, 712.4622136786575766, 61.82723715528557307 ) ) ;
#2217 = CARTESIAN_POINT ( 'NONE',  ( 1358.679221938394448, 861.9881279696490992, 56.49547958717121077 ) ) ;
#2218 = CARTESIAN_POINT ( 'NONE',  ( 1009.785999945831236, 184.8810752133045980, -72.02913392978229012 ) ) ;
#2219 = CARTESIAN_POINT ( 'NONE',  ( 1215.796850910532839, 508.0153799074861354, 50.86229761699119223 ) ) ;
#2220 = CARTESIAN_POINT ( 'NONE',  ( 1436.315605767816123, 917.7090640169363951, -42.13948783997774683 ) ) ;
#2221 = CARTESIAN_POINT ( 'NONE',  ( 1403.383975266565812, 785.6670402041806938, -44.60375789803639890 ) ) ;
#2222 = CARTESIAN_POINT ( 'NONE',  ( 618.3015152153764120, 22.25632960667497073, 19.63873517224052989 ) ) ;
#2223 = CARTESIAN_POINT ( 'NONE',  ( 1389.143209142837804, 989.3649333414008424, 66.13722989844225708 ) ) ;
#2224 = CARTESIAN_POINT ( 'NONE',  ( 788.3288785686355595, 89.51815453856214333, 37.30767952120035602 ) ) ;
#2225 = CARTESIAN_POINT ( 'NONE',  ( 1268.304840591997845, 672.9207022110689422, 102.6334177741285743 ) ) ;
#2226 = CARTESIAN_POINT ( 'NONE',  ( 1133.151551250198509, 399.3389655156484537, 67.10812870713468214 ) ) ;
#2227 = CARTESIAN_POINT ( 'NONE',  ( 579.3625263415924564, 12.13442451177724379, 25.59268930524933694 ) ) ;
#2228 = CARTESIAN_POINT ( 'NONE',  ( 1361.241403641623947, 613.2157869224423621, -94.73907458869844334 ) ) ;
#2229 = CARTESIAN_POINT ( 'NONE',  ( 1047.714999351985398, 280.1213906811402694, 8.965506586389770050 ) ) ;
#2230 = CARTESIAN_POINT ( 'NONE',  ( 847.9369448557126816, 80.92679064051311855, -50.19866477342136335 ) ) ;
#2231 = CARTESIAN_POINT ( 'NONE',  ( 1138.492654222984811, 382.2792843692495808, 10.63847471335956030 ) ) ;
#2232 = CARTESIAN_POINT ( 'NONE',  ( 1011.087074603473070, 178.8470051757963120, -71.13158047582146537 ) ) ;
#2233 = CARTESIAN_POINT ( 'NONE',  ( 1341.217591370898390, 653.1881947618472850, -30.93546309114415394 ) ) ;
#2234 = CARTESIAN_POINT ( 'NONE',  ( 842.1882416898306474, 127.6343435593895492, 42.80736286402251523 ) ) ;
#2235 = CARTESIAN_POINT ( 'NONE',  ( 618.3548117425050350, 19.43290828348603938, 28.10361559438168300 ) ) ;
#2236 = CARTESIAN_POINT ( 'NONE',  ( 676.6213250209221997, 18.35257924568245613, -37.12736433899100064 ) ) ;
#2237 = CARTESIAN_POINT ( 'NONE',  ( 1390.149522787101887, 808.2496138442944584, -27.40999944107270281 ) ) ;
#2238 = CARTESIAN_POINT ( 'NONE',  ( 1247.727315628449787, 425.1226233181839689, -79.52370991729574712 ) ) ;
#2239 = CARTESIAN_POINT ( 'NONE',  ( 951.8304066509807626, 175.6837823948130222, -0.1812833446588243413 ) ) ;
#2240 = CARTESIAN_POINT ( 'NONE',  ( 903.0932398686801434, 112.2442201939860240, -51.85690888637254403 ) ) ;
#2241 = CARTESIAN_POINT ( 'NONE',  ( 1267.119704313544617, 675.4915614675770712, 107.7688870241184844 ) ) ;
#2242 = CARTESIAN_POINT ( 'NONE',  ( 1433.381933919376024, 957.5215786154170701, -22.63751115316513562 ) ) ;
#2243 = CARTESIAN_POINT ( 'NONE',  ( 560.0000000000004547, 0.6567418063833054820, 6.604642920477656887 ) ) ;
#2244 = CARTESIAN_POINT ( 'NONE',  ( 901.1302927178686559, 125.0246337939575341, -50.99994338020774620 ) ) ;
#2245 = CARTESIAN_POINT ( 'NONE',  ( 844.4669534145509715, 109.1536751061903203, 10.77163648203395674 ) ) ;
#2246 = CARTESIAN_POINT ( 'NONE',  ( 559.9999999999998863, 5.953948676615835822, -4.570764564117065554 ) ) ;
#2247 = CARTESIAN_POINT ( 'NONE',  ( 1324.694335340850557, 550.6455287629829627, -78.77500706880668702 ) ) ;
#2248 = CARTESIAN_POINT ( 'NONE',  ( 1169.586692174637164, 469.3945972043402435, 79.02293588269820646 ) ) ;
#2249 = CARTESIAN_POINT ( 'NONE',  ( 1438.578826663756672, 914.2699973357433691, -39.01302664846161861 ) ) ;
#2250 = CARTESIAN_POINT ( 'NONE',  ( 1281.026398809374996, 645.3353399118489051, 64.93606559795583166 ) ) ;
#2251 = CARTESIAN_POINT ( 'NONE',  ( 787.9779713091895701, 93.14511614956570895, 26.00777959158150665 ) ) ;
#2252 = CARTESIAN_POINT ( 'NONE',  ( 1399.539407655167906, 670.5994382402768679, -104.9107332133729358 ) ) ;
#2253 = CARTESIAN_POINT ( 'NONE',  ( 948.8703308406873020, 191.8546378031007293, 34.46190177294023727 ) ) ;
#2254 = CARTESIAN_POINT ( 'NONE',  ( 1103.948112359348443, 294.6712706271461002, -53.02403822240801645 ) ) ;
#2255 = CARTESIAN_POINT ( 'NONE',  ( 1377.445878295025295, 711.2794597921147215, -47.48148439287635370 ) ) ;
#2256 = CARTESIAN_POINT ( 'NONE',  ( 1332.841846381157666, 793.3871446686443960, 63.92786279117760984 ) ) ;
#2257 = CARTESIAN_POINT ( 'NONE',  ( 995.4864078976830797, 251.6205778293540902, 71.57779419720884562 ) ) ;
#2258 = CARTESIAN_POINT ( 'NONE',  ( 1172.824297011113231, 460.1303032488347071, 74.15931345444555234 ) ) ;
#2259 = CARTESIAN_POINT ( 'NONE',  ( 1389.460102737333727, 988.8847083611033213, 63.54680259543789589 ) ) ;
#2260 = CARTESIAN_POINT ( 'NONE',  ( 1210.895282057731038, 520.7419394598954341, 74.47085143278404473 ) ) ;
#2261 = CARTESIAN_POINT ( 'NONE',  ( 1444.877317310995522, 904.7031603822558736, -56.15454700178591452 ) ) ;
#2262 = CARTESIAN_POINT ( 'NONE',  ( 579.4815107109391192, -4.337204272079048017, -25.43573441378359945 ) ) ;
#2263 = CARTESIAN_POINT ( 'NONE',  ( 1389.822949343457594, 919.4969288400627647, 28.84583901521868654 ) ) ;
#2264 = CARTESIAN_POINT ( 'NONE',  ( 1011.027805912235749, 179.1157862585038174, -72.41015530326070859 ) ) ;
#2265 = CARTESIAN_POINT ( 'NONE',  ( 1281.811820915706448, 499.9578284941893571, -76.91104576683873972 ) ) ;
#2266 = CARTESIAN_POINT ( 'NONE',  ( 1169.586692174637164, 469.3945972043402435, 79.02293588269820646 ) ) ;
#2267 = CARTESIAN_POINT ( 'NONE',  ( 903.0466439042646698, 112.5034265219990175, -61.81818961565023329 ) ) ;
#2268 = CARTESIAN_POINT ( 'NONE',  ( 1394.422060828830581, 981.3461442288627268, 58.39821430527835844 ) ) ;
#2269 = CARTESIAN_POINT ( 'NONE',  ( 1111.093322548591004, 269.1615435671466798, -82.07336662935691152 ) ) ;
#2270 = CARTESIAN_POINT ( 'NONE',  ( 950.4087278063201438, 183.3530451069055971, -15.07480914013040163 ) ) ;
#2271 = CARTESIAN_POINT ( 'NONE',  ( 1009.916915407830516, 184.3196200653601124, -59.09250745545475780 ) ) ;
#2272 = CARTESIAN_POINT ( 'NONE',  ( 1424.223458270351330, 936.0766889321259896, -10.13290977571048046 ) ) ;
#2273 = CARTESIAN_POINT ( 'NONE',  ( 734.3800146108542322, 34.44631667137318232, -36.19331181254952412 ) ) ;
#2274 = CARTESIAN_POINT ( 'NONE',  ( 1267.321283103254927, 675.0543074739099438, 106.6690281624302941 ) ) ;
#2275 = PLANE ( 'NONE',  #843 ) ;
#2276 = CARTESIAN_POINT ( 'NONE',  ( 676.1924206744918138, 28.73181687001540752, 2.918350346528524319 ) ) ;
#2277 = CARTESIAN_POINT ( 'NONE',  ( 1440.633623788316072, 839.5982300242376368, -77.14648921088877387 ) ) ;
#2278 = CARTESIAN_POINT ( 'NONE',  ( 1140.465375497298737, 376.0401621632852880, 22.14719684976657277 ) ) ;
#2279 = CARTESIAN_POINT ( 'NONE',  ( 1387.744015094304359, 922.7673761751398160, 34.06775634788115781 ) ) ;
#2280 = CARTESIAN_POINT ( 'NONE',  ( 1304.470234040261857, 594.4693979729137254, -36.34234282518504244 ) ) ;
#2281 = CARTESIAN_POINT ( 'NONE',  ( 1202.259510939348274, 375.7961939515894301, -67.79090962447372704 ) ) ;
#2282 = CARTESIAN_POINT ( 'NONE',  ( 560.0000000000001137, 7.356970538806198334, 18.83149156885468045 ) ) ;
#2283 = CARTESIAN_POINT ( 'NONE',  ( 1058.135819060751373, 237.9381385065110805, -43.35257708428576962 ) ) ;
#2284 = CARTESIAN_POINT ( 'NONE',  ( 897.1306379132474831, 151.3381724992879640, 29.46709844461030414 ) ) ;
#2285 = CARTESIAN_POINT ( 'NONE',  ( 946.9564950461583521, 202.2672319054300942, 39.10627463064002995 ) ) ;
#2286 = CARTESIAN_POINT ( 'NONE',  ( 1267.848861462226296, 673.9107113025924036, 108.7709459461018469 ) ) ;
#2287 = CARTESIAN_POINT ( 'NONE',  ( 1291.630963165878711, 476.7301241936365273, -100.8682083833326431 ) ) ;
#2288 = CARTESIAN_POINT ( 'NONE',  ( 1312.607379638123575, 710.2855714928086854, 58.17909852087100830 ) ) ;
#2289 = CARTESIAN_POINT ( 'NONE',  ( 579.4071783446281643, 6.065413392479976906, -17.62907819937085918 ) ) ;
#2290 = CARTESIAN_POINT ( 'NONE',  ( 901.3057769475387886, 123.9743117183304548, -28.92068213963365508 ) ) ;
#2291 = CARTESIAN_POINT ( 'NONE',  ( 732.2738191179377054, 65.65827968556401117, 26.90423599311845138 ) ) ;
#2292 = CARTESIAN_POINT ( 'NONE',  ( 1390.517984506083621, 987.2761316197813812, 65.01435132839458220 ) ) ;
#2293 = CARTESIAN_POINT ( 'NONE',  ( 1331.788251034906580, 795.3378829784795698, 80.89807689139139768 ) ) ;
#2294 = CARTESIAN_POINT ( 'NONE',  ( 732.2145394508722802, 66.60547078667509879, 39.50263996971542468 ) ) ;
#2295 = CARTESIAN_POINT ( 'NONE',  ( 1398.832908618760712, 974.6459026322553427, 47.27346206423858632 ) ) ;
#2296 = CARTESIAN_POINT ( 'NONE',  ( 676.3683421404277851, 24.27640586649498999, -33.12099649959808545 ) ) ;
#2297 = CARTESIAN_POINT ( 'NONE',  ( 560.0000000000003411, -6.737108941001118012, -23.21271365186270330 ) ) ;
#2298 = CARTESIAN_POINT ( 'NONE',  ( 788.1808450579567307, 90.96817298041217725, 14.37737209922299897 ) ) ;
#2299 = CARTESIAN_POINT ( 'NONE',  ( 1161.810895239188540, 308.0280483419296047, -91.58844062651998286 ) ) ;
#2300 = CARTESIAN_POINT ( 'NONE',  ( 1197.616072604029796, 389.0528520614311674, -67.90170762642647162 ) ) ;
#2301 = CARTESIAN_POINT ( 'NONE',  ( 1431.951498961971083, 924.3373455127033367, -26.16566273479489624 ) ) ;
#2302 = CARTESIAN_POINT ( 'NONE',  ( 895.0596739582962300, 164.8855090605702287, 49.00241899588595373 ) ) ;
#2303 = CARTESIAN_POINT ( 'NONE',  ( 957.2576850880495840, 145.9741709051294549, -68.07581717739925864 ) ) ;
#2304 = CARTESIAN_POINT ( 'NONE',  ( 560.0000000000000000, 5.037615332088328124, 20.57702418202729078 ) ) ;
#2305 = CARTESIAN_POINT ( 'NONE',  ( 1400.684102185022311, 668.4928492552326134, -106.8066389614057385 ) ) ;
#2306 = CARTESIAN_POINT ( 'NONE',  ( 1111.303199997810225, 268.4516509204567569, -70.49826404262452684 ) ) ;
#2307 = CARTESIAN_POINT ( 'NONE',  ( 618.5653709796075645, 7.365203585470933234, -7.488492754058092338 ) ) ;
#2308 = CARTESIAN_POINT ( 'NONE',  ( 1292.338332436737346, 475.0783690309931444, -93.60754186235071472 ) ) ;
#2309 = CARTESIAN_POINT ( 'NONE',  ( 1267.709038531209444, 674.2131836379240895, 104.9760259972448324 ) ) ;
#2310 = CARTESIAN_POINT ( 'NONE',  ( 560.0000000000000000, 4.541983288603975488, -10.20605022137176476 ) ) ;
#2311 = CARTESIAN_POINT ( 'NONE',  ( 1050.212034545040751, 270.0599165102858024, 14.56924266675905244 ) ) ;
#2312 = CARTESIAN_POINT ( 'NONE',  ( 1006.986329908137805, 197.9162962881883630, -58.62381086850179202 ) ) ;
#2313 = CARTESIAN_POINT ( 'NONE',  ( 733.3112516960636640, 50.34939268462260742, 3.211088505449192443 ) ) ;
#2314 = CARTESIAN_POINT ( 'NONE',  ( 1001.405593228671137, 223.9360835570151664, -16.14541205448604444 ) ) ;
#2315 = CARTESIAN_POINT ( 'NONE',  ( 1203.112126819134801, 373.3536891081146223, -71.16588712848991349 ) ) ;
#2316 = CARTESIAN_POINT ( 'NONE',  ( 1087.570476521530054, 353.2479649962650683, 69.69389445689077434 ) ) ;
#2317 = CARTESIAN_POINT ( 'NONE',  ( 734.1077039041545049, 38.51922345525384372, -25.23950082429255559 ) ) ;
#2318 = CARTESIAN_POINT ( 'NONE',  ( 843.6448669725997433, 115.8320157165083799, 26.66874441880028357 ) ) ;
#2319 = CARTESIAN_POINT ( 'NONE',  ( 618.3018016051527184, 22.27742251654225569, 21.78116731341241774 ) ) ;
#2320 = CARTESIAN_POINT ( 'NONE',  ( 1129.465261918366650, 411.0783091867649546, 88.74540824704824615 ) ) ;
#2321 = CARTESIAN_POINT ( 'NONE',  ( 1060.803464549132741, 227.0736566942676973, -75.39480408099377939 ) ) ;
#2322 = CARTESIAN_POINT ( 'NONE',  ( 1094.139826949169674, 329.7867144822468504, 34.85254845636577414 ) ) ;
#2323 = CARTESIAN_POINT ( 'NONE',  ( 1382.202998068659326, 702.5065454273074010, -72.12274181032445597 ) ) ;
#2324 = CARTESIAN_POINT ( 'NONE',  ( 1439.034406845195917, 949.1740104863872602, -26.71804853536156088 ) ) ;
#2325 = CARTESIAN_POINT ( 'NONE',  ( 579.3609012646119254, 12.41699364586916587, 15.27653538052593518 ) ) ;
#2326 = CARTESIAN_POINT ( 'NONE',  ( 618.3186330241458109, 21.45899925849317924, 31.40522103495148443 ) ) ;
#2327 = CARTESIAN_POINT ( 'NONE',  ( 560.0000000000002274, 1.812246432278154185, -16.56500657004309573 ) ) ;
#2328 = CARTESIAN_POINT ( 'NONE',  ( 788.3869294236719725, 88.90525536013385022, 35.70635920212929193 ) ) ;
#2329 = CARTESIAN_POINT ( 'NONE',  ( 1267.321283103254927, 675.0543074739099438, 106.6690281624302941 ) ) ;
#2330 = CARTESIAN_POINT ( 'NONE',  ( 1090.082970885807526, 344.2849808409885100, 64.37835200498487609 ) ) ;
#2331 = CARTESIAN_POINT ( 'NONE',  ( 618.5341348678530267, 8.606681895467195531, -28.64765574070170828 ) ) ;
#2332 = CARTESIAN_POINT ( 'NONE',  ( 1370.547584130292080, 594.6584649371326350, -109.0212453471753236 ) ) ;
#2333 = CARTESIAN_POINT ( 'NONE',  ( 1346.820829657896638, 767.6451346732727643, 20.15485542014923581 ) ) ;
#2334 = CARTESIAN_POINT ( 'NONE',  ( 1334.723983183940391, 528.8887233266983685, -110.2527778808872938 ) ) ;
#2335 = CARTESIAN_POINT ( 'NONE',  ( 846.3177161852338486, 94.11546818791602220, -22.37362098184878434 ) ) ;
#2336 = CARTESIAN_POINT ( 'NONE',  ( 1367.554191191380824, 954.5265420284938500, 90.70708450159609981 ) ) ;
#2337 = CARTESIAN_POINT ( 'NONE',  ( 675.6236716013837622, 42.15314716631974790, 29.39672079436667573 ) ) ;
#2338 = CARTESIAN_POINT ( 'NONE',  ( 1161.450883634611273, 309.1664981626557278, -92.91616008336906418 ) ) ;
#2339 = CARTESIAN_POINT ( 'NONE',  ( 1043.817762760506639, 295.9843222935234621, 69.12683404623632555 ) ) ;
#2340 = CARTESIAN_POINT ( 'NONE',  ( 676.5554908932704166, 19.88923040681315513, -36.79070877964376507 ) ) ;
#2341 = CARTESIAN_POINT ( 'NONE',  ( 1142.349544472590196, 369.9860717027375472, -13.43255627392456653 ) ) ;
#2342 = CARTESIAN_POINT ( 'NONE',  ( 1422.103882924546042, 753.7108435791960801, -84.56336586638060737 ) ) ;
#2343 = CARTESIAN_POINT ( 'NONE',  ( 1233.839668972671461, 461.1732865831544359, -28.09030362075601417 ) ) ;
#2344 = CARTESIAN_POINT ( 'NONE',  ( 1251.200241439191586, 416.1082130246236375, -91.27302566011125862 ) ) ;
#2345 = CARTESIAN_POINT ( 'NONE',  ( 1388.723206032989765, 990.0034557416321377, 65.96099890324934734 ) ) ;
#2346 = CARTESIAN_POINT ( 'NONE',  ( 560.0000000000000000, -2.489680717703668389, -2.722350206115924820 ) ) ;
#2347 = CARTESIAN_POINT ( 'NONE',  ( 844.6550405516190949, 107.6257052991056611, 7.257290660217980083 ) ) ;
#2348 = CARTESIAN_POINT ( 'NONE',  ( 1434.130189866994215, 921.0288651899494425, -38.24526611308554180 ) ) ;
#2349 = CARTESIAN_POINT ( 'NONE',  ( 845.9363540458954276, 97.09093552650210768, -43.16353191337962869 ) ) ;
#2350 = CARTESIAN_POINT ( 'NONE',  ( 1002.910320936560424, 217.0022786292670673, -0.4751640731442091647 ) ) ;
#2351 = CARTESIAN_POINT ( 'NONE',  ( 675.6629094677772400, 41.10996704899406495, 14.26851125594890668 ) ) ;
#2352 = CARTESIAN_POINT ( 'NONE',  ( 1446.619734851846260, 937.9720033034187736, -40.46091931243614681 ) ) ;
#2353 = CARTESIAN_POINT ( 'NONE',  ( 1393.363302695121774, 982.9555021207987693, 53.66036767712204636 ) ) ;
#2354 = CARTESIAN_POINT ( 'NONE',  ( 1107.019652549908187, 283.7616307991550002, -46.88546714005984484 ) ) ;
#2355 = CARTESIAN_POINT ( 'NONE',  ( 618.4165053334104414, 15.91478061747833905, 16.90696727483049244 ) ) ;
#2356 = CARTESIAN_POINT ( 'NONE',  ( 1379.024916019118564, 936.4810435261470047, 56.64215828599436264 ) ) ;
#2357 = CARTESIAN_POINT ( 'NONE',  ( 1347.546374149221492, 881.0060974437574259, 98.44424794732466921 ) ) ;
#2358 = CARTESIAN_POINT ( 'NONE',  ( 1289.715126852648837, 481.2619330002999050, -96.66946980653960964 ) ) ;
#2359 = CARTESIAN_POINT ( 'NONE',  ( 897.2595995052719218, 150.4930307065634167, 27.49255063311591485 ) ) ;
#2360 = CARTESIAN_POINT ( 'NONE',  ( 1415.849731331372595, 948.7978945655280540, -0.8459484484664618886 ) ) ;
#2361 = CARTESIAN_POINT ( 'NONE',  ( 1351.345137429995248, 632.9584860768209182, -73.17787078258898248 ) ) ;
#2362 = CARTESIAN_POINT ( 'NONE',  ( 846.8412483065839069, 89.85932351484267144, -30.95082007643582500 ) ) ;
#2363 = CARTESIAN_POINT ( 'NONE',  ( 579.3609962147950228, 12.40819633187449789, 14.38732554568540678 ) ) ;
#2364 = CARTESIAN_POINT ( 'NONE',  ( 1042.005354301820944, 303.3251415501718498, 79.53107883109677800 ) ) ;
#2365 = CARTESIAN_POINT ( 'NONE',  ( 560.0000000000001137, 4.072362432862656867, 17.20855943502131069 ) ) ;
#2366 = CARTESIAN_POINT ( 'NONE',  ( 1127.919546372573450, 416.0031640694826933, 91.24426875921572844 ) ) ;
#2367 = CARTESIAN_POINT ( 'NONE',  ( 1399.288722185096731, 973.9535312967419713, 46.16604598342625820 ) ) ;
#2368 = CARTESIAN_POINT ( 'NONE',  ( 1246.268483043983224, 428.8749172140092014, -88.16273203931119440 ) ) ;
#2369 = CARTESIAN_POINT ( 'NONE',  ( 1208.502669644406069, 357.8952930736097642, -96.03708121413052368 ) ) ;
#2370 = CARTESIAN_POINT ( 'NONE',  ( 788.2486048503881193, 90.24380237305845753, 11.07489981036381366 ) ) ;
#2371 = CARTESIAN_POINT ( 'NONE',  ( 1010.954911223383078, 179.4494859707190244, -73.29082835172282273 ) ) ;
#2372 = CARTESIAN_POINT ( 'NONE',  ( 954.4066780464346493, 161.6086858769245680, -27.86120619155225242 ) ) ;
#2373 = CARTESIAN_POINT ( 'NONE',  ( 1042.460080271417837, 301.4741534372624301, 68.53630874597199352 ) ) ;
#2374 = CARTESIAN_POINT ( 'NONE',  ( 902.9073749111265670, 113.4102564266345183, -61.77215282196129209 ) ) ;
#2375 = CARTESIAN_POINT ( 'NONE',  ( 1044.172951249345715, 294.5431107568895754, 65.28560474046517470 ) ) ;
#2376 = CARTESIAN_POINT ( 'NONE',  ( 1427.415711146602234, 744.6376242288534968, -100.3160786086215950 ) ) ;
#2377 = CARTESIAN_POINT ( 'NONE',  ( 1249.034979651235517, 421.7271820964380709, -84.23148422730209006 ) ) ;
#2378 = CARTESIAN_POINT ( 'NONE',  ( 957.7019230197857951, 143.5928087630215373, -60.25125656940898011 ) ) ;
#2379 = CARTESIAN_POINT ( 'NONE',  ( 579.3623727766586171, 12.15720805125311799, 25.10921544811506578 ) ) ;
#2380 = CARTESIAN_POINT ( 'NONE',  ( 560.0000000000000000, -3.149761008325052902, -4.735824381969122143 ) ) ;
#2381 = CARTESIAN_POINT ( 'NONE',  ( 1096.972849709791944, 319.6627491173842373, 15.41143203197716893 ) ) ;
#2382 = CARTESIAN_POINT ( 'NONE',  ( 1004.350769299193303, 210.1975565943334914, -41.62293155431455460 ) ) ;
#2383 = CARTESIAN_POINT ( 'NONE',  ( 1007.352215946467595, 196.2128305157935984, -60.64095538810381214 ) ) ;
#2384 = CARTESIAN_POINT ( 'NONE',  ( 1327.173773524210219, 681.2144062010863763, 11.34307312380774313 ) ) ;
#2385 = CARTESIAN_POINT ( 'NONE',  ( 559.9999999999998863, 7.516863561368491986, 10.45851381630942534 ) ) ;
#2386 = CARTESIAN_POINT ( 'NONE',  ( 1009.650579146392147, 185.5636011229437088, -56.76718129839830596 ) ) ;
#2387 = CARTESIAN_POINT ( 'NONE',  ( 579.3619521302346129, 12.23654244052033313, 21.90462347970087009 ) ) ;
#2388 = CARTESIAN_POINT ( 'NONE',  ( 1155.722185072437924, 327.4435933713670011, -58.65186871749234143 ) ) ;
#2389 = CARTESIAN_POINT ( 'NONE',  ( 1403.932250141769146, 966.8998712040959163, 35.13117833797467426 ) ) ;
#2390 = CARTESIAN_POINT ( 'NONE',  ( 618.3015758984548711, 22.27131549704071034, 20.71005517935730111 ) ) ;
#2391 = CARTESIAN_POINT ( 'NONE',  ( 787.8668831326293684, 94.38535926867730552, 47.95473087313221328 ) ) ;
#2392 = CARTESIAN_POINT ( 'NONE',  ( 901.9113815803062835, 119.9199781333026777, -56.34604708581880317 ) ) ;
#2393 = CARTESIAN_POINT ( 'NONE',  ( 999.4302552052611190, 233.2325211463837888, 32.65327166942778092 ) ) ;
#2394 = CARTESIAN_POINT ( 'NONE',  ( 732.4387078090302339, 63.14063762287347714, 9.472264210167155696 ) ) ;
#2395 = CARTESIAN_POINT ( 'NONE',  ( 1437.110809080452100, 952.0147783422941075, -29.47876958046865070 ) ) ;
#2396 = CARTESIAN_POINT ( 'NONE',  ( 1154.539446013818861, 331.2108608232801430, -53.07846310402686640 ) ) ;
#2397 = CARTESIAN_POINT ( 'NONE',  ( 995.9300577839520656, 249.5315048315838169, 53.09898166086075832 ) ) ;
#2398 = CARTESIAN_POINT ( 'NONE',  ( 1345.496456512370059, 884.5052530431854620, 100.9956097377371265 ) ) ;
#2399 = CARTESIAN_POINT ( 'NONE',  ( 1399.288722185096731, 973.9535312967419713, 46.16604598342625820 ) ) ;
#2400 = CARTESIAN_POINT ( 'NONE',  ( 1203.372918097714319, 540.2677654598445542, 100.9275172020218605 ) ) ;
#2401 = CARTESIAN_POINT ( 'NONE',  ( 560.0000000000003411, 3.794190536927621427, 16.31978740961198326 ) ) ;
#2402 = CARTESIAN_POINT ( 'NONE',  ( 1284.011866991426814, 494.7528333814901771, -82.81075626455522354 ) ) ;
#2403 = CARTESIAN_POINT ( 'NONE',  ( 903.3702451939353750, 110.4054362686290176, -59.93760604956978710 ) ) ;
#2404 = CARTESIAN_POINT ( 'NONE',  ( 560.0000000000002274, 7.350433680468444031, 6.481513698743722962 ) ) ;
#2405 = CARTESIAN_POINT ( 'NONE',  ( 1453.838706539610257, 927.3110308802062036, -54.35047383505870044 ) ) ;
#2406 = CARTESIAN_POINT ( 'NONE',  ( 1056.182734438028547, 245.8555669727543886, -30.20379897511644884 ) ) ;
#2407 = CARTESIAN_POINT ( 'NONE',  ( 842.1426383556015480, 128.0111179264368104, 45.55319836100631647 ) ) ;
#2408 = CARTESIAN_POINT ( 'NONE',  ( 1041.843989343563862, 303.9794692946011310, 79.94422385585781399 ) ) ;
#2409 = CARTESIAN_POINT ( 'NONE',  ( 1044.038436811078782, 295.0889014581082961, 66.58698364177955398 ) ) ;
#2410 = CARTESIAN_POINT ( 'NONE',  ( 1292.445028615466072, 474.8041593766089363, -102.6834698371382188 ) ) ;
#2411 = CARTESIAN_POINT ( 'NONE',  ( 897.6173904119776807, 148.0369444599496660, -9.960710314712532210 ) ) ;
#2412 = CARTESIAN_POINT ( 'NONE',  ( 1249.904679947980185, 419.4697082887885244, -87.18330436759660529 ) ) ;
#2413 = CARTESIAN_POINT ( 'NONE',  ( 1424.911464062134428, 748.9187954613129250, -90.08562213499823201 ) ) ;
#2414 = CARTESIAN_POINT ( 'NONE',  ( 994.7565241577818824, 255.0271405703672372, 73.80021858764852993 ) ) ;
#2415 = CARTESIAN_POINT ( 'NONE',  ( 845.0360342158005551, 104.5304700763610839, 0.2466293507068599844 ) ) ;
#2416 = CARTESIAN_POINT ( 'NONE',  ( 618.3639543998481258, 18.92116897895413175, 26.13409929341770876 ) ) ;
#2417 = CARTESIAN_POINT ( 'NONE',  ( 898.5917840787145678, 141.7627076455347890, 7.840540545599648858 ) ) ;
#2418 = CARTESIAN_POINT ( 'NONE',  ( 1150.676289114842348, 343.4613511552995533, -56.36410593988647122 ) ) ;
#2419 = CARTESIAN_POINT ( 'NONE',  ( 1200.021692533551004, 382.1641635021794627, -76.05504597903082242 ) ) ;
#2420 = CARTESIAN_POINT ( 'NONE',  ( 1416.355943659633340, 948.0278200882437432, 6.906373841404054303 ) ) ;
#2421 = CARTESIAN_POINT ( 'NONE',  ( 1247.532796619457940, 581.1007208221161591, 51.74166005183146666 ) ) ;
#2422 = CARTESIAN_POINT ( 'NONE',  ( 1360.140108416501562, 615.4302592276241057, -81.32197652519818121 ) ) ;
#2423 = APPROVAL ( #3846, 'UNSPECIFIED' ) ;
#2424 = CARTESIAN_POINT ( 'NONE',  ( 675.6241901274429438, 42.14991544626588649, 30.59139863408838167 ) ) ;
#2425 = CARTESIAN_POINT ( 'NONE',  ( 1443.472596233723834, 942.6196954500333050, -34.86813456312432180 ) ) ;
#2426 = CARTESIAN_POINT ( 'NONE',  ( 732.8495297334170573, 57.19887297638167922, 21.01287733872522523 ) ) ;
#2427 = CARTESIAN_POINT ( 'NONE',  ( 1398.204809722599521, 975.6011831956284368, 41.13621011970039376 ) ) ;
#2428 = CARTESIAN_POINT ( 'NONE',  ( 995.4864078976830797, 251.6205778293540902, 71.57779419720884562 ) ) ;
#2429 = CARTESIAN_POINT ( 'NONE',  ( 1060.037776799523044, 230.1716922830354406, -72.57309760867453008 ) ) ;
#2430 = CARTESIAN_POINT ( 'NONE',  ( 1253.835635038925602, 566.2019225084834488, 42.32338301499810740 ) ) ;
#2431 = CARTESIAN_POINT ( 'NONE',  ( 1093.490967460770889, 332.0540362063476323, 15.55920747574331031 ) ) ;
#2432 = CARTESIAN_POINT ( 'NONE',  ( 1434.130189866994215, 921.0288651899494425, -38.24526611308554180 ) ) ;
#2433 = CARTESIAN_POINT ( 'NONE',  ( 1432.390565146693916, 852.5649549105860387, -53.72177591123850959 ) ) ;
#2434 = CARTESIAN_POINT ( 'NONE',  ( 1396.446467690492909, 978.2721374801327556, 45.64668538237334872 ) ) ;
#2435 = CARTESIAN_POINT ( 'NONE',  ( 1402.744332079746755, 1002.767167939372598, 51.11744905098067449 ) ) ;
#2436 = CARTESIAN_POINT ( 'NONE',  ( 1245.919020638664051, 584.9411648495793088, 75.63924633697418187 ) ) ;
#2437 = CARTESIAN_POINT ( 'NONE',  ( 997.6746510852416350, 241.4209279275974609, 50.63811220775364319 ) ) ;
#2438 = CARTESIAN_POINT ( 'NONE',  ( 1389.705513145250734, 688.6978668139735191, -87.39198681201801833 ) ) ;
#2439 = CARTESIAN_POINT ( 'NONE',  ( 847.7838149684725977, 82.14953716191701005, -54.68805264167082214 ) ) ;
#2440 = CARTESIAN_POINT ( 'NONE',  ( 1338.560306474684467, 782.8562538491038367, 45.53278972562299742 ) ) ;
#2441 = CARTESIAN_POINT ( 'NONE',  ( 791.3953922916456349, 57.04380838880310023, -48.75854678856913438 ) ) ;
#2442 = CARTESIAN_POINT ( 'NONE',  ( 618.5887166332155402, 6.012450612758968305, -11.19930143158633662 ) ) ;
#2443 = CARTESIAN_POINT ( 'NONE',  ( 946.1794735003762753, 206.5375674460851769, 56.42430630606841646 ) ) ;
#2444 = CARTESIAN_POINT ( 'NONE',  ( 579.3809090765332712, 9.568848405759242226, 22.10070313746971493 ) ) ;
#2445 = CARTESIAN_POINT ( 'NONE',  ( 1290.292757284779100, 479.8956629783375547, -97.93330736836492179 ) ) ;
#2446 = CARTESIAN_POINT ( 'NONE',  ( 1329.978660973843944, 539.1879218439313490, -93.37928256395974813 ) ) ;
#2447 = CARTESIAN_POINT ( 'NONE',  ( 843.6313775657699807, 115.8158702736356673, -5.628489797195324940 ) ) ;
#2448 = CARTESIAN_POINT ( 'NONE',  ( 734.4228183672132673, 33.78946864848982301, -38.42694690637934940 ) ) ;
#2449 = CARTESIAN_POINT ( 'NONE',  ( 618.3065368938964639, 22.17462173768381462, 31.06183209968653713 ) ) ;
#2450 = CARTESIAN_POINT ( 'NONE',  ( 560.0000000000000000, 6.300278327167604608, -2.652063747119560944 ) ) ;
#2451 = CARTESIAN_POINT ( 'NONE',  ( 996.8569793985980141, 245.2345192619632996, 59.13079709040226106 ) ) ;
#2452 = CARTESIAN_POINT ( 'NONE',  ( 1407.338163856590199, 891.9594266995234193, -0.3981348588606771211 ) ) ;
#2453 = CARTESIAN_POINT ( 'NONE',  ( 788.1597239022463555, 91.30761760396578097, 42.76069136586644248 ) ) ;
#2454 = CARTESIAN_POINT ( 'NONE',  ( 618.4133309590023373, 15.44127764648005297, -17.95561757572447803 ) ) ;
#2455 = CARTESIAN_POINT ( 'NONE',  ( 1155.285922881545957, 328.7865941520809656, -74.51484817240159941 ) ) ;
#2456 = CARTESIAN_POINT ( 'NONE',  ( 579.4318920253605256, 2.480069863444373635, 0.5885945607137368363 ) ) ;
#2457 = CARTESIAN_POINT ( 'NONE',  ( 1280.800075191737051, 645.8093020031110427, 49.44443037325182644 ) ) ;
#2458 = CARTESIAN_POINT ( 'NONE',  ( 1439.481255653726748, 841.4162223540783998, -67.32516275696166019 ) ) ;
#2459 = CARTESIAN_POINT ( 'NONE',  ( 1205.073130034205633, 535.8497201969209982, 91.63097544840502451 ) ) ;
#2460 = CARTESIAN_POINT ( 'NONE',  ( 1284.197360654566182, 494.3436489688275515, -68.63216552690334993 ) ) ;
#2461 = CARTESIAN_POINT ( 'NONE',  ( 1179.297503613264553, 441.5822166681937802, 38.97100612373166939 ) ) ;
#2462 = CARTESIAN_POINT ( 'NONE',  ( 946.7335170762305552, 203.4918873226107223, 43.72572201793131796 ) ) ;
#2463 = CARTESIAN_POINT ( 'NONE',  ( 618.3251888584247808, 21.08104390198494116, 31.00546587864527837 ) ) ;
#2464 = CARTESIAN_POINT ( 'NONE',  ( 733.9856560361588436, 40.19159432535386856, -41.02174204397843482 ) ) ;
#2465 = CARTESIAN_POINT ( 'NONE',  ( 999.1914118482636695, 234.3464796574827460, 35.04043607343759703 ) ) ;
#2466 = CARTESIAN_POINT ( 'NONE',  ( 675.6959770411560839, 40.28574033479240057, 8.015470609100942667 ) ) ;
#2467 = CARTESIAN_POINT ( 'NONE',  ( 1426.394917329516147, 861.9850490721893266, -52.51859029302176651 ) ) ;
#2468 = CARTESIAN_POINT ( 'NONE',  ( 901.4584354755871800, 122.9735606177941065, -30.82112520746959206 ) ) ;
#2469 = CARTESIAN_POINT ( 'NONE',  ( 946.4291213452225975, 205.1648636755316204, 50.33879982047029955 ) ) ;
#2470 = CARTESIAN_POINT ( 'NONE',  ( 1392.969766529685558, 983.5518910245970119, 61.76611585291658457 ) ) ;
#2471 = CARTESIAN_POINT ( 'NONE',  ( 1279.271393461934849, 649.1414771662964540, 71.57858010974413787 ) ) ;
#2472 = CARTESIAN_POINT ( 'NONE',  ( 1388.749435662502719, 989.9637648471007196, 65.65552606138446379 ) ) ;
#2473 = CARTESIAN_POINT ( 'NONE',  ( 579.3873773919394807, 8.671212137741544979, 19.14642788921918992 ) ) ;
#2474 = CARTESIAN_POINT ( 'NONE',  ( 618.4912471207677527, 11.01562791715472045, -25.74842399422810502 ) ) ;
#2475 = CARTESIAN_POINT ( 'NONE',  ( 1208.457324531570521, 358.0169526934284931, -98.26733442036379529 ) ) ;
#2476 = CARTESIAN_POINT ( 'NONE',  ( 1102.037766467027268, 301.5634928012543128, -17.48746686355240954 ) ) ;
#2477 = CARTESIAN_POINT ( 'NONE',  ( 732.3578511670440321, 64.36759070316738018, 16.70886958971862413 ) ) ;
#2478 = CARTESIAN_POINT ( 'NONE',  ( 791.3569687484599626, 57.44584981156739900, -48.96305478793100008 ) ) ;
#2479 = CARTESIAN_POINT ( 'NONE',  ( 1129.262997808220462, 411.7181620679938874, 80.51291522094793152 ) ) ;
#2480 = CARTESIAN_POINT ( 'NONE',  ( 1328.278372689835578, 801.8005096412580315, 91.84849892534447235 ) ) ;
#2481 = CARTESIAN_POINT ( 'NONE',  ( 1289.715126852648837, 481.2619330002999050, -96.66946980653960964 ) ) ;
#2482 = CARTESIAN_POINT ( 'NONE',  ( 1450.224724360679375, 932.6481572763181020, -46.75420075230481842 ) ) ;
#2483 = CARTESIAN_POINT ( 'NONE',  ( 579.3736230955344126, 10.72095693908316250, -3.301824158168377377 ) ) ;
#2484 = CARTESIAN_POINT ( 'NONE',  ( 734.4409377342848302, 33.50635674888074789, -39.94459088988738671 ) ) ;
#2485 = CARTESIAN_POINT ( 'NONE',  ( 675.6173818430866049, 42.35709337443598343, 36.12909808284840096 ) ) ;
#2486 = CARTESIAN_POINT ( 'NONE',  ( 899.1431492160204471, 138.1493115045217337, 0.03658203443234842034 ) ) ;
#2487 = CARTESIAN_POINT ( 'NONE',  ( 618.3663951429402914, 18.77799607658974423, 25.63285301226624568 ) ) ;
#2488 = CARTESIAN_POINT ( 'NONE',  ( 1299.996308219280536, 604.1978123074879932, -2.652759450074598568 ) ) ;
#2489 = CARTESIAN_POINT ( 'NONE',  ( 1088.975510668351944, 348.2438648335356106, 72.88335231608076015 ) ) ;
#2490 = CARTESIAN_POINT ( 'NONE',  ( 559.9999999999998863, 2.547765194706560266, -15.15290235983963463 ) ) ;
#2491 = CARTESIAN_POINT ( 'NONE',  ( 559.9999999999998863, -7.077278410173834189, -17.25157366232566503 ) ) ;
#2492 = CARTESIAN_POINT ( 'NONE',  ( 560.0000000000000000, 6.238792681244744287, -3.003924660270067548 ) ) ;
#2493 = CARTESIAN_POINT ( 'NONE',  ( 1175.387294749649982, 452.7561602361860196, 40.73789264179220737 ) ) ;
#2494 = CARTESIAN_POINT ( 'NONE',  ( 1327.042959115338590, 545.5531732090602191, -85.29576903261870768 ) ) ;
#2495 = CARTESIAN_POINT ( 'NONE',  ( 1270.009710517681242, 669.2214274219405752, 95.84219812559339857 ) ) ;
#2496 = CARTESIAN_POINT ( 'NONE',  ( 734.1836414920953757, 37.38788142135971526, -27.94243570261465237 ) ) ;
#2497 = CARTESIAN_POINT ( 'NONE',  ( 1414.978452031343977, 984.6998280095848486, 23.22593648293467794 ) ) ;
#2498 = CARTESIAN_POINT ( 'NONE',  ( 1207.446250140019401, 529.6816195357097286, 77.13817162199197242 ) ) ;
#2499 = CARTESIAN_POINT ( 'NONE',  ( 842.4940457877198696, 125.1754802810731633, 50.77827539741014817 ) ) ;
#2500 = CARTESIAN_POINT ( 'NONE',  ( 618.5775880941440619, 6.179133582228257815, -30.79699892920877957 ) ) ;
#2501 = CARTESIAN_POINT ( 'NONE',  ( 1287.850019675533531, 630.5372938564891001, 39.77068424820638626 ) ) ;
#2502 = CARTESIAN_POINT ( 'NONE',  ( 1346.820829657896638, 767.6451346732727643, 20.15485542014923581 ) ) ;
#2503 = CARTESIAN_POINT ( 'NONE',  ( 1348.666069658253718, 638.3036656563799625, -66.76149632466599826 ) ) ;
#2504 = CARTESIAN_POINT ( 'NONE',  ( 1106.548444431916323, 285.4453950320271360, -44.25680890482691865 ) ) ;
#2505 = CARTESIAN_POINT ( 'NONE',  ( 1043.258446313969444, 298.2267335875603749, 57.71503093332140111 ) ) ;
#2506 = CARTESIAN_POINT ( 'NONE',  ( 995.9665256099361841, 249.3841004622667583, 68.83387367411145874 ) ) ;
#2507 = CARTESIAN_POINT ( 'NONE',  ( 579.4071783446281643, 6.065413392479976906, -17.62907819937085918 ) ) ;
#2508 = CARTESIAN_POINT ( 'NONE',  ( 1400.353871658622666, 972.3355321770451383, 43.58293708413584255 ) ) ;
#2509 = CARTESIAN_POINT ( 'NONE',  ( 957.3472550450454719, 145.4866609312691708, -68.20990246611469843 ) ) ;
#2510 = CARTESIAN_POINT ( 'NONE',  ( 1167.095118422435689, 476.5426269235509267, 96.12273702277181542 ) ) ;
#2511 = CARTESIAN_POINT ( 'NONE',  ( 788.4788143854306099, 87.93510931436904343, 33.06740132769119356 ) ) ;
#2512 = CARTESIAN_POINT ( 'NONE',  ( 1285.144489029380793, 492.0732079755829318, -85.73750638169370575 ) ) ;
#2513 = CARTESIAN_POINT ( 'NONE',  ( 1253.132989004728415, 411.0720589172684072, -102.7413818545819169 ) ) ;
#2514 = CARTESIAN_POINT ( 'NONE',  ( 952.9917653864229123, 169.3389876610344515, -13.03623112791349570 ) ) ;
#2515 = CARTESIAN_POINT ( 'NONE',  ( 1045.348592535753824, 289.7315514907911052, 33.12516307748425248 ) ) ;
#2516 = CARTESIAN_POINT ( 'NONE',  ( 1295.179281664433802, 468.3386954993952713, -107.5506255000050686 ) ) ;
#2517 = EDGE_CURVE ( 'NONE', #2105, #3692, #1468, .T. ) ;
#2518 = CARTESIAN_POINT ( 'NONE',  ( 894.9553165444553997, 165.5849655205319095, 60.61856315252868654 ) ) ;
#2519 = CARTESIAN_POINT ( 'NONE',  ( 995.3664051594778357, 252.1725085368545649, 63.08711555539314730 ) ) ;
#2520 = CARTESIAN_POINT ( 'NONE',  ( 618.3618929767819736, 19.04132991028540900, 26.62298864227009432 ) ) ;
#2521 = CARTESIAN_POINT ( 'NONE',  ( 1248.704058701795930, 422.5569048005664285, -94.23150696815179117 ) ) ;
#2522 = CARTESIAN_POINT ( 'NONE',  ( 1407.397927817611389, 891.8575117975276498, -12.87184728787797461 ) ) ;
#2523 = CARTESIAN_POINT ( 'NONE',  ( 1446.571701638198647, 830.2681242376042974, -80.49389086149221839 ) ) ;
#2524 = CARTESIAN_POINT ( 'NONE',  ( 1298.209866594852429, 608.0458867183739358, -15.44312797636837153 ) ) ;
#2525 = CARTESIAN_POINT ( 'NONE',  ( 957.9051873915879014, 142.4770402234527467, -63.65612819712954007 ) ) ;
#2526 = CARTESIAN_POINT ( 'NONE',  ( 675.6233776451134645, 42.21159166262393825, 36.77012593180231903 ) ) ;
#2527 = CARTESIAN_POINT ( 'NONE',  ( 1145.646200144937893, 359.5374941261968047, -7.269857537725440189 ) ) ;
#2528 = CARTESIAN_POINT ( 'NONE',  ( 675.7763886950991719, 38.60206040563916474, 30.84349023753013697 ) ) ;
#2529 =( NAMED_UNIT ( * ) PLANE_ANGLE_UNIT ( ) SI_UNIT ( $, .RADIAN. ) );
#2530 = CARTESIAN_POINT ( 'NONE',  ( 842.6423627304864112, 123.9784885951526547, 47.99326556539210742 ) ) ;
#2531 = CARTESIAN_POINT ( 'NONE',  ( 1308.861987710972926, 584.9464695084299137, -49.88790661124934900 ) ) ;
#2532 = CARTESIAN_POINT ( 'NONE',  ( 618.6630117859838265, 1.613578547378593298, -24.30995125414460389 ) ) ;
#2533 = CARTESIAN_POINT ( 'NONE',  ( 1187.385121039882961, 418.4100505706085187, -1.825345309577312669 ) ) ;
#2534 = CARTESIAN_POINT ( 'NONE',  ( 1009.916915407830516, 184.3196200653601124, -59.09250745545475780 ) ) ;
#2535 = CARTESIAN_POINT ( 'NONE',  ( 787.7933351252479497, 95.14951315211379779, 41.78042428961065013 ) ) ;
#2536 = CARTESIAN_POINT ( 'NONE',  ( 1413.566566335167636, 986.7848998345945120, 26.37673403367832137 ) ) ;
#2537 = CARTESIAN_POINT ( 'NONE',  ( 846.9468440586261977, 89.00074723972781499, -32.67237899332609885 ) ) ;
#2538 = CARTESIAN_POINT ( 'NONE',  ( 1416.574343914489191, 982.3430159742271144, 19.68530234986163663 ) ) ;
#2539 = CARTESIAN_POINT ( 'NONE',  ( 1394.203016242966214, 981.6799889925326852, 51.41842195151283335 ) ) ;
#2540 = CARTESIAN_POINT ( 'NONE',  ( 895.3637393192044556, 162.9110360438059502, 57.47912742930688523 ) ) ;
#2541 = CARTESIAN_POINT ( 'NONE',  ( 955.4812707095102269, 155.6586362339569405, -59.43062371511435771 ) ) ;
#2542 = CARTESIAN_POINT ( 'NONE',  ( 950.0121637352133348, 185.6166656812054327, 20.67476659576949061 ) ) ;
#2543 = CARTESIAN_POINT ( 'NONE',  ( 1286.379758135226894, 633.7051647601467721, 27.48325650570783907 ) ) ;
#2544 = CARTESIAN_POINT ( 'NONE',  ( 579.4015108264021592, 6.856249280270557023, -16.03560291128722071 ) ) ;
#2545 = CARTESIAN_POINT ( 'NONE',  ( 847.1542843648629741, 87.31314978337803723, -36.09573542086587139 ) ) ;
#2546 = CARTESIAN_POINT ( 'NONE',  ( 1274.572372721226429, 659.3207883504890106, 75.42721473087551942 ) ) ;
#2547 = CARTESIAN_POINT ( 'NONE',  ( 1088.049199315734995, 351.5519918974787856, 80.01359681311795669 ) ) ;
#2548 = CARTESIAN_POINT ( 'NONE',  ( 845.3964101703577398, 101.4681175895797480, -36.89243586511037876 ) ) ;
#2549 = CARTESIAN_POINT ( 'NONE',  ( 843.0796045118213442, 120.4243900010686161, 38.23787307540669644 ) ) ;
#2550 = CARTESIAN_POINT ( 'NONE',  ( 1401.571319868608498, 666.8604099264124443, -108.1903581985361029 ) ) ;
#2551 = CARTESIAN_POINT ( 'NONE',  ( 1046.129736763180745, 286.6095901136262682, 48.21075052455793752 ) ) ;
#2552 = CARTESIAN_POINT ( 'NONE',  ( 1200.021692533551004, 382.1641635021794627, -76.05504597903082242 ) ) ;
#2553 = CARTESIAN_POINT ( 'NONE',  ( 618.6420738609452883, 2.583229332169322046, -31.69647847282890751 ) ) ;
#2554 = CARTESIAN_POINT ( 'NONE',  ( 1421.368045554950413, 869.8968848622185988, -31.34448744418526189 ) ) ;
#2555 = CARTESIAN_POINT ( 'NONE',  ( 1175.387294749649982, 452.7561602361860196, 40.73789264179220737 ) ) ;
#2556 = CARTESIAN_POINT ( 'NONE',  ( 1161.596907659104545, 308.7028119834492941, -92.92596743050694386 ) ) ;
#2557 = CARTESIAN_POINT ( 'NONE',  ( 894.8443155638968847, 166.3155114817971594, 56.55848644679534232 ) ) ;
#2558 = CARTESIAN_POINT ( 'NONE',  ( 1128.339228725735438, 414.6646703024985641, 91.69053017074195111 ) ) ;
#2559 = CARTESIAN_POINT ( 'NONE',  ( 1406.321147929902963, 997.4849287520306689, 42.93239856664029475 ) ) ;
#2560 = CARTESIAN_POINT ( 'NONE',  ( 1110.402805033683762, 271.6262735182536403, -79.75820531314816719 ) ) ;
#2561 = CARTESIAN_POINT ( 'NONE',  ( 1331.678274417785815, 535.5038299802417896, -97.72231714789381840 ) ) ;
#2562 = CARTESIAN_POINT ( 'NONE',  ( 1050.060670763632515, 270.6016716378537694, -12.07010845647167052 ) ) ;
#2563 = CARTESIAN_POINT ( 'NONE',  ( 676.7414341900241652, 15.54147923667275322, -34.60434785536231317 ) ) ;
#2564 = CARTESIAN_POINT ( 'NONE',  ( 1041.742186748987706, 304.3924150529609278, 80.12722029692939429 ) ) ;
#2565 = CARTESIAN_POINT ( 'NONE',  ( 845.2282392366216754, 102.9688860118812244, -3.252433301867532212 ) ) ;
#2566 = CARTESIAN_POINT ( 'NONE',  ( 895.8122973029414879, 159.9788975595442935, 50.38273036630904755 ) ) ;
#2567 = CARTESIAN_POINT ( 'NONE',  ( 1424.683448326173448, 970.3674961565625381, 2.177255423571899939 ) ) ;
#2568 = CARTESIAN_POINT ( 'NONE',  ( 842.6729592941144347, 123.7304157163052452, 47.13753519909931100 ) ) ;
#2569 = CARTESIAN_POINT ( 'NONE',  ( 1398.374820208636265, 794.2068458429251905, -46.49603151270560630 ) ) ;
#2570 = CARTESIAN_POINT ( 'NONE',  ( 956.8568714727508677, 148.2174863782389025, -51.83682242945685914 ) ) ;
#2571 = CARTESIAN_POINT ( 'NONE',  ( 560.0000000000000000, -1.381029150388595861, 0.5665085222802833664 ) ) ;
#2572 = CARTESIAN_POINT ( 'NONE',  ( 1204.565419993863770, 369.1893470168254225, -77.08501388733324688 ) ) ;
#2573 = CARTESIAN_POINT ( 'NONE',  ( 1041.942205694926770, 303.5814926912451028, 74.79095282298280267 ) ) ;
#2574 = CARTESIAN_POINT ( 'NONE',  ( 1405.078434012934167, 999.3201678098581624, 45.56550708977223962 ) ) ;
#2575 = CARTESIAN_POINT ( 'NONE',  ( 1157.216785425914850, 322.6829911647112112, -65.55822103835599535 ) ) ;
#2576 = CARTESIAN_POINT ( 'NONE',  ( 676.0264106897019474, 32.67099097864937818, 13.56120985632605525 ) ) ;
#2577 = CARTESIAN_POINT ( 'NONE',  ( 560.0000000000005684, 7.117886782831735815, 23.06012579147417085 ) ) ;
#2578 = CARTESIAN_POINT ( 'NONE',  ( 1088.535604185340162, 349.8157796343112409, 77.02697442989175158 ) ) ;
#2579 = CARTESIAN_POINT ( 'NONE',  ( 1109.221677506722017, 275.8403523823185424, -75.82591514328430549 ) ) ;
#2580 = CARTESIAN_POINT ( 'NONE',  ( 1179.903291541630551, 439.8464995484756059, 35.80095226781266149 ) ) ;
#2581 = CARTESIAN_POINT ( 'NONE',  ( 618.3094498705092974, 21.63168603760615127, 8.882721636677940680 ) ) ;
#2582 = CARTESIAN_POINT ( 'NONE',  ( 1101.515253963682653, 303.3628239549558998, -40.06937502210791990 ) ) ;
#2583 = CARTESIAN_POINT ( 'NONE',  ( 791.0811574269192761, 60.43059637471833412, -32.00020167344904110 ) ) ;
#2584 = CARTESIAN_POINT ( 'NONE',  ( 1170.045940037161245, 468.0770205911130688, 75.72650708549500109 ) ) ;
#2585 = CARTESIAN_POINT ( 'NONE',  ( 895.2302817737720488, 163.7840650048236739, 58.65189239221696482 ) ) ;
#2586 = CARTESIAN_POINT ( 'NONE',  ( 560.0000000000004547, -5.431594017233400074, -11.51143066835008000 ) ) ;
#2587 = CARTESIAN_POINT ( 'NONE',  ( 1381.954535532841419, 931.8796302758047432, 59.83788065828402125 ) ) ;
#2588 = CARTESIAN_POINT ( 'NONE',  ( 618.6026428771995143, 4.788825840073926976, -31.65693616915343256 ) ) ;
#2589 = CARTESIAN_POINT ( 'NONE',  ( 998.0154749719322353, 239.8311583197325092, 47.03385477349812049 ) ) ;
#2590 = CARTESIAN_POINT ( 'NONE',  ( 954.3399595232851880, 161.8827044033952234, -52.15038819018661087 ) ) ;
#2591 = CARTESIAN_POINT ( 'NONE',  ( 1453.801148440076531, 927.3664966557530533, -54.11322672438271297 ) ) ;
#2592 = CARTESIAN_POINT ( 'NONE',  ( 1436.132517127073925, 953.4595192261627972, -21.19285469555924095 ) ) ;
#2593 = CARTESIAN_POINT ( 'NONE',  ( 1311.494948936119499, 712.4905483976918958, 46.24062201668263583 ) ) ;
#2594 = CARTESIAN_POINT ( 'NONE',  ( 1452.884876177620527, 892.5387083361587202, -67.05916904453192728 ) ) ;
#2595 = CARTESIAN_POINT ( 'NONE',  ( 1346.470656103343345, 882.8399883891545414, 93.51633181995255484 ) ) ;
#2596 = CARTESIAN_POINT ( 'NONE',  ( 560.0000000000001137, 4.448822412965097506, 18.36599967079101958 ) ) ;
#2597 = CARTESIAN_POINT ( 'NONE',  ( 1109.802031361998615, 273.7695565896100334, -77.80913397035054402 ) ) ;
#2598 = CARTESIAN_POINT ( 'NONE',  ( 1062.277593703341836, 221.1433101021046639, -70.11415522562535330 ) ) ;
#2599 = CARTESIAN_POINT ( 'NONE',  ( 1294.167215456257964, 616.8137081973081877, -1.291534063228314100 ) ) ;
#2600 = CARTESIAN_POINT ( 'NONE',  ( 579.4838958549260042, -4.684677602688326559, -24.13265693979609949 ) ) ;
#2601 = CARTESIAN_POINT ( 'NONE',  ( 1128.339228725735438, 414.6646703024985641, 91.69053017074195111 ) ) ;
#2602 = CARTESIAN_POINT ( 'NONE',  ( 733.4582696567290441, 48.16778573573689215, -2.237435557340700765 ) ) ;
#2603 = CARTESIAN_POINT ( 'NONE',  ( 1090.082970885807526, 344.2849808409885100, 64.37835200498487609 ) ) ;
#2604 = CALENDAR_DATE ( 2026, 16, 9 ) ;
#2605 = CARTESIAN_POINT ( 'NONE',  ( 1374.625321896950027, 943.4070528984002522, 78.68490400955973030 ) ) ;
#2606 = CARTESIAN_POINT ( 'NONE',  ( 1191.668085459371696, 406.0898435378208546, -44.81014706361393962 ) ) ;
#2607 = CARTESIAN_POINT ( 'NONE',  ( 1060.957962002319618, 226.4957189087978406, -61.64018809179399483 ) ) ;
#2608 = CARTESIAN_POINT ( 'NONE',  ( 676.2300009405821584, 27.83917622513110146, 0.5592027313833018987 ) ) ;
#2609 = CARTESIAN_POINT ( 'NONE',  ( 1204.926536310796337, 368.1543212865993837, -78.59471156176324769 ) ) ;
#2610 = CARTESIAN_POINT ( 'NONE',  ( 618.3066952820097413, 22.11982274001442406, 28.17101552721572943 ) ) ;
#2611 = CARTESIAN_POINT ( 'NONE',  ( 1157.517442709240186, 321.7253610710098997, -66.93006893555936188 ) ) ;
#2612 = CARTESIAN_POINT ( 'NONE',  ( 1285.880383666165471, 634.8086667412121642, 46.92891866767626396 ) ) ;
#2613 = CARTESIAN_POINT ( 'NONE',  ( 1446.597194454761848, 902.0904568487554798, -58.71820921207367405 ) ) ;
#2614 = CARTESIAN_POINT ( 'NONE',  ( 1256.698332071860477, 559.4260468465088252, 30.75657659685893108 ) ) ;
#2615 = CARTESIAN_POINT ( 'NONE',  ( 1274.138933637257651, 518.1133250443880343, -54.08011820213578602 ) ) ;
#2616 = CARTESIAN_POINT ( 'NONE',  ( 1283.189062214510614, 496.7298296862904863, -65.42838411085580219 ) ) ;
#2617 = CARTESIAN_POINT ( 'NONE',  ( 995.6914678985975797, 250.6489177569298192, 56.99268161768556240 ) ) ;
#2618 = CARTESIAN_POINT ( 'NONE',  ( 1170.993668143600644, 465.3769714156579766, 85.36455303233628911 ) ) ;
#2619 = CARTESIAN_POINT ( 'NONE',  ( 954.6160315583600777, 160.4648483502428746, -29.95698027588606749 ) ) ;
#2620 = CARTESIAN_POINT ( 'NONE',  ( 675.8542278338132974, 36.75376145751265966, 25.26317227233292684 ) ) ;
#2621 = CARTESIAN_POINT ( 'NONE',  ( 675.6478214030162235, 41.49379787123260854, 18.03122490121061006 ) ) ;
#2622 = CARTESIAN_POINT ( 'NONE',  ( 902.8132606750961031, 114.0244320369290563, -61.54889535079642826 ) ) ;
#2623 = CARTESIAN_POINT ( 'NONE',  ( 1247.951234875946966, 580.1305863829295504, 66.82883678924930848 ) ) ;
#2624 = CARTESIAN_POINT ( 'NONE',  ( 1383.676063675451815, 699.7953777259521075, -75.24203172895029468 ) ) ;
#2625 = CARTESIAN_POINT ( 'NONE',  ( 1295.179281664433802, 468.3386954993952713, -107.5506255000050686 ) ) ;
#2626 = CARTESIAN_POINT ( 'NONE',  ( 676.4515913200094701, 22.56759193230609384, -13.17580000868507106 ) ) ;
#2627 = CARTESIAN_POINT ( 'NONE',  ( 1044.859913766871614, 291.7170454519215355, 38.55663699570708047 ) ) ;
#2628 = CARTESIAN_POINT ( 'NONE',  ( 1298.083016767551499, 739.2685384382931488, 96.77716822122265228 ) ) ;
#2629 = CARTESIAN_POINT ( 'NONE',  ( 1303.930820938104489, 727.6031461605451796, 87.56574529558992026 ) ) ;
#2630 = CARTESIAN_POINT ( 'NONE',  ( 1288.627195973339212, 483.8350835509926355, -94.23749090919646676 ) ) ;
#2631 = CARTESIAN_POINT ( 'NONE',  ( 1296.175139112393936, 612.4587825363221327, -8.389160665611012035 ) ) ;
#2632 = CARTESIAN_POINT ( 'NONE',  ( 1250.772071422275985, 417.2193723243676118, -89.87200914243018701 ) ) ;
#2633 = CARTESIAN_POINT ( 'NONE',  ( 896.5366926048907317, 155.1413134059182539, 10.34830192714079722 ) ) ;
#2634 = CARTESIAN_POINT ( 'NONE',  ( 1425.615015928658522, 747.7177604958633310, -91.49428645795030945 ) ) ;
#2635 = CARTESIAN_POINT ( 'NONE',  ( 1400.405769030247939, 1006.220756242387665, 53.55462439021487597 ) ) ;
#2636 = CARTESIAN_POINT ( 'NONE',  ( 845.4212670543754484, 101.4005072418579374, -6.748544603722689494 ) ) ;
#2637 = DATE_AND_TIME ( #6473, #4297 ) ;
#2638 = CARTESIAN_POINT ( 'NONE',  ( 1062.210205926387516, 221.3747656955369791, -80.54261120892566339 ) ) ;
#2639 = CARTESIAN_POINT ( 'NONE',  ( 1234.763486183818259, 458.7317525665299627, -52.13020656291182320 ) ) ;
#2640 = CARTESIAN_POINT ( 'NONE',  ( 1325.864105062314820, 548.1092940178828030, -82.00372232351233492 ) ) ;
#2641 = CARTESIAN_POINT ( 'NONE',  ( 897.3855629968594485, 149.5598678497835294, -5.936034979442453619 ) ) ;
#2642 = CARTESIAN_POINT ( 'NONE',  ( 1060.957962002319618, 226.4957189087978406, -61.64018809179399483 ) ) ;
#2643 = CARTESIAN_POINT ( 'NONE',  ( 732.2145394508722802, 66.60547078667509879, 39.50263996971542468 ) ) ;
#2644 = ORIENTED_EDGE ( 'NONE', *, *, #5515, .T. ) ;
#2645 = CARTESIAN_POINT ( 'NONE',  ( 1286.056532429800200, 489.9439235160074304, -74.45470413002172450 ) ) ;
#2646 = CARTESIAN_POINT ( 'NONE',  ( 1322.614991754741141, 690.3124153191128016, 25.63460771918408199 ) ) ;
#2647 = CARTESIAN_POINT ( 'NONE',  ( 579.4450430927821571, 0.7660143388217977023, -24.70754561810283789 ) ) ;
#2648 = CARTESIAN_POINT ( 'NONE',  ( 844.0051702464741084, 112.9050124874794960, 19.58619967616398583 ) ) ;
#2649 = CARTESIAN_POINT ( 'NONE',  ( 1342.065341089560206, 776.4026989889615606, 34.58991340377606605 ) ) ;
#2650 = CARTESIAN_POINT ( 'NONE',  ( 618.3757865702366416, 17.60769806991845599, -12.25035314987487745 ) ) ;
#2651 = CARTESIAN_POINT ( 'NONE',  ( 1354.943040742340827, 625.8000698202318972, -68.20412901695327434 ) ) ;
#2652 = CARTESIAN_POINT ( 'NONE',  ( 1326.694278097423648, 804.7088644658099383, 84.48776277992027417 ) ) ;
#2653 = CARTESIAN_POINT ( 'NONE',  ( 1351.601768455395586, 874.0827465584312677, 89.68541973064432682 ) ) ;
#2654 = CARTESIAN_POINT ( 'NONE',  ( 1007.202669030147263, 196.9832614063284382, -37.53753494262845436 ) ) ;
#2655 = CARTESIAN_POINT ( 'NONE',  ( 732.7814934347095459, 58.20818254200382569, 23.76879993951483883 ) ) ;
#2656 = CARTESIAN_POINT ( 'NONE',  ( 734.1918902216739298, 37.15915704386981133, -42.95850088905083197 ) ) ;
#2657 = CARTESIAN_POINT ( 'NONE',  ( 559.9999999999998863, 3.365642398691251369, 14.93261521644480894 ) ) ;
#2658 = CARTESIAN_POINT ( 'NONE',  ( 1057.005959234440979, 242.4477008828435771, -58.82820884031477959 ) ) ;
#2659 = CARTESIAN_POINT ( 'NONE',  ( 1430.243195559336073, 926.9323676801686815, -22.72921669404055578 ) ) ;
#2660 = CARTESIAN_POINT ( 'NONE',  ( 732.3303527355936922, 64.78745860148178792, 19.61360412258747488 ) ) ;
#2661 = CARTESIAN_POINT ( 'NONE',  ( 1167.052734952947503, 476.6641910257409336, 97.17049932748223284 ) ) ;
#2662 = CARTESIAN_POINT ( 'NONE',  ( 618.3062161852975578, 22.13309975668284935, 27.60403165418042448 ) ) ;
#2663 = CARTESIAN_POINT ( 'NONE',  ( 1396.464519763563203, 978.2435331751861440, 52.84044157230607652 ) ) ;
#2664 = CARTESIAN_POINT ( 'NONE',  ( 1447.136021856131038, 901.2718930750626214, -59.49642655295544813 ) ) ;
#2665 = CARTESIAN_POINT ( 'NONE',  ( 675.7498458480413319, 38.96636808207796321, 0.5640871446325096406 ) ) ;
#2666 = CARTESIAN_POINT ( 'NONE',  ( 1427.148294111269479, 745.0999719886247021, -94.87620545570570130 ) ) ;
#2667 = CARTESIAN_POINT ( 'NONE',  ( 1219.726408054965532, 497.7772240312552299, 12.07406463814456998 ) ) ;
#2668 = CARTESIAN_POINT ( 'NONE',  ( 1208.369022723064290, 358.2828552121538905, -94.31995358765590254 ) ) ;
#2669 = CARTESIAN_POINT ( 'NONE',  ( 1267.532149389106280, 674.5973192248962960, 109.0917886117346143 ) ) ;
#2670 = CARTESIAN_POINT ( 'NONE',  ( 899.7011894471041842, 134.4919797850777456, -7.746578083765107259 ) ) ;
#2671 = COORDINATED_UNIVERSAL_TIME_OFFSET ( 5, 30, .AHEAD. ) ;
#2672 = CARTESIAN_POINT ( 'NONE',  ( 618.3022823568611557, 22.27980684008378631, 23.41358383533784249 ) ) ;
#2673 = CARTESIAN_POINT ( 'NONE',  ( 1452.927497797316164, 928.6567033240809224, -53.68573563824587325 ) ) ;
#2674 = CARTESIAN_POINT ( 'NONE',  ( 844.8785154129074044, 105.6706866766184589, -29.74221031644086821 ) ) ;
#2675 = CARTESIAN_POINT ( 'NONE',  ( 847.6016818146039213, 83.66930560968157238, -43.89913111238039534 ) ) ;
#2676 = CARTESIAN_POINT ( 'NONE',  ( 676.2676564484194159, 26.94457207840062551, -1.798828175045549926 ) ) ;
#2677 = CARTESIAN_POINT ( 'NONE',  ( 847.7313344013056167, 82.60921336640235779, -46.55062384919860818 ) ) ;
#2678 = CARTESIAN_POINT ( 'NONE',  ( 675.6258080769290473, 42.12924887575489663, 32.39128464151558973 ) ) ;
#2679 = CARTESIAN_POINT ( 'NONE',  ( 559.9999999999998863, -6.988557550321990774, -16.86175736468588227 ) ) ;
#2680 = CARTESIAN_POINT ( 'NONE',  ( 1258.144811249034092, 556.0023516004595194, 24.99482524696860608 ) ) ;
#2681 = CARTESIAN_POINT ( 'NONE',  ( 733.7216241172570790, 44.07998342898745392, -37.34187863180390110 ) ) ;
#2682 = CARTESIAN_POINT ( 'NONE',  ( 559.9999999999997726, 0.1475862481228443213, 5.086723918875788009 ) ) ;
#2683 = CARTESIAN_POINT ( 'NONE',  ( 559.9999999999994316, 4.359939027545703283, -10.73449561546350317 ) ) ;
#2684 = CARTESIAN_POINT ( 'NONE',  ( 1321.786868945721153, 556.9492844685927366, -70.66150763025768811 ) ) ;
#2685 = CARTESIAN_POINT ( 'NONE',  ( 1351.067256217471140, 874.9886681415100611, 79.26712528107071876 ) ) ;
#2686 = CARTESIAN_POINT ( 'NONE',  ( 1170.749944728995388, 466.0750272809992794, 86.95791008784564724 ) ) ;
#2687 = CARTESIAN_POINT ( 'NONE',  ( 1404.781434447333822, 783.2813548944507147, -47.74238615568599187 ) ) ;
#2688 = CARTESIAN_POINT ( 'NONE',  ( 618.4045963371793277, 16.59536637713017981, 18.95253604495918509 ) ) ;
#2689 = CARTESIAN_POINT ( 'NONE',  ( 1308.380279166909531, 718.7086161326180900, 57.41085955030460042 ) ) ;
#2690 = CARTESIAN_POINT ( 'NONE',  ( 1207.373947073234604, 361.1146657808242821, -96.96163745560376412 ) ) ;
#2691 = CARTESIAN_POINT ( 'NONE',  ( 896.7475985413800572, 153.8485278679728765, 35.41533280850745058 ) ) ;
#2692 = CARTESIAN_POINT ( 'NONE',  ( 1435.211681494932691, 848.1224569070798225, -68.28556727785228020 ) ) ;
#2693 = CARTESIAN_POINT ( 'NONE',  ( 559.9999999999994316, -3.907533707889142782, -6.984116619008751137 ) ) ;
#2694 = CARTESIAN_POINT ( 'NONE',  ( 895.7379331888230354, 160.4038778462646917, 28.99349012173006201 ) ) ;
#2695 = CARTESIAN_POINT ( 'NONE',  ( 894.9326631484098016, 165.7294615765249546, 54.06224807657776665 ) ) ;
#2696 = CARTESIAN_POINT ( 'NONE',  ( 732.5306697544350527, 61.92892134568195672, 34.17056529108037921 ) ) ;
#2697 = CARTESIAN_POINT ( 'NONE',  ( 846.7972784024750581, 90.12041930367138320, -50.91793686725300461 ) ) ;
#2698 = CARTESIAN_POINT ( 'NONE',  ( 1181.536118935313880, 435.1262664507445947, 5.041613259198604702 ) ) ;
#2699 = CARTESIAN_POINT ( 'NONE',  ( 1208.108594089643930, 359.0341750353146040, -92.05965582594376428 ) ) ;
#2700 = CARTESIAN_POINT ( 'NONE',  ( 1048.279869581910134, 277.8283991633768437, 3.665062967847425135 ) ) ;
#2701 = CARTESIAN_POINT ( 'NONE',  ( 1252.819236012133160, 411.8958759633475211, -99.10576575780554265 ) ) ;
#2702 = CARTESIAN_POINT ( 'NONE',  ( 559.9999999999994316, -3.907533707889142782, -6.984116619008751137 ) ) ;
#2703 = PERSON_AND_ORGANIZATION_ROLE ( 'classification_officer' ) ;
#2704 = CARTESIAN_POINT ( 'NONE',  ( 995.6914678985975797, 250.6489177569298192, 56.99268161768556240 ) ) ;
#2705 = CARTESIAN_POINT ( 'NONE',  ( 618.3392822688401793, 20.28133437108350279, 29.86929431635939025 ) ) ;
#2706 = CARTESIAN_POINT ( 'NONE',  ( 734.2250589382279031, 36.67333662432843511, -42.98425257784484899 ) ) ;
#2707 = CARTESIAN_POINT ( 'NONE',  ( 789.0740580942760971, 81.47289859751005281, -18.02486202158124939 ) ) ;
#2708 = CARTESIAN_POINT ( 'NONE',  ( 676.7118701482688721, 16.31765358211337258, -30.10755824793576352 ) ) ;
#2709 = CARTESIAN_POINT ( 'NONE',  ( 1410.803331431700371, 886.5101820005660329, -8.200563769162844352 ) ) ;
#2710 = CARTESIAN_POINT ( 'NONE',  ( 676.7227553017684158, 16.04704628814903344, -31.31904084125071464 ) ) ;
#2711 = CARTESIAN_POINT ( 'NONE',  ( 579.3624198401768126, 12.16575157830549792, 22.74049917632455475 ) ) ;
#2712 = CARTESIAN_POINT ( 'NONE',  ( 560.0000000000000000, 3.031560170592746850, -14.16554004614403794 ) ) ;
#2713 = CARTESIAN_POINT ( 'NONE',  ( 902.5332416012111025, 115.9241693754016183, -44.11781096106601296 ) ) ;
#2714 = CARTESIAN_POINT ( 'NONE',  ( 1373.400201286532365, 836.8595966840464371, 29.27731106779501502 ) ) ;
#2715 = CARTESIAN_POINT ( 'NONE',  ( 1007.665448235002941, 194.7531703330138839, -62.32249211069231620 ) ) ;
#2716 = CARTESIAN_POINT ( 'NONE',  ( 1050.864501079426645, 267.4149131450187156, 9.446302005435446958 ) ) ;
#2717 = CARTESIAN_POINT ( 'NONE',  ( 844.1178757888043265, 111.8527564824847502, -16.42420460021102713 ) ) ;
#2718 = CARTESIAN_POINT ( 'NONE',  ( 902.5332416012111025, 115.9241693754016183, -44.11781096106601296 ) ) ;
#2719 = CARTESIAN_POINT ( 'NONE',  ( 559.9999999999998863, 7.421925499690431138, 17.63314433691217431 ) ) ;
#2720 = CARTESIAN_POINT ( 'NONE',  ( 1043.572497890892919, 296.9777987804140480, 71.70519260178681975 ) ) ;
#2721 = CARTESIAN_POINT ( 'NONE',  ( 618.6036164305180591, 5.145338826128575072, -13.55877339296139006 ) ) ;
#2722 = CARTESIAN_POINT ( 'NONE',  ( 1310.426507878876919, 714.6383068807757581, 65.48279176057179995 ) ) ;
#2723 = CARTESIAN_POINT ( 'NONE',  ( 787.9293087908165489, 93.66978291558680780, 29.35144659621624896 ) ) ;
#2724 = CARTESIAN_POINT ( 'NONE',  ( 579.4551927042330135, -0.6583884984336932922, -25.81342518930685515 ) ) ;
#2725 = CARTESIAN_POINT ( 'NONE',  ( 948.6934925765784783, 192.8206193540595166, 36.65430427098569766 ) ) ;
#2726 = CARTESIAN_POINT ( 'NONE',  ( 953.8137294580330945, 164.7535658032458343, -48.36013779794018319 ) ) ;
#2727 = CARTESIAN_POINT ( 'NONE',  ( 579.4611809806740439, -1.584037982676935741, -11.18211900438989659 ) ) ;
#2728 = CARTESIAN_POINT ( 'NONE',  ( 732.3176683570019350, 64.98181005336087424, 21.06772583517326325 ) ) ;
#2729 = CARTESIAN_POINT ( 'NONE',  ( 997.0952075559048353, 244.1232145457742320, 56.68884927543447105 ) ) ;
#2730 = CARTESIAN_POINT ( 'NONE',  ( 1237.199789260055923, 605.5756625477246189, 102.2486179494626413 ) ) ;
#2731 = CARTESIAN_POINT ( 'NONE',  ( 947.7454928332003874, 197.9999655085937604, 48.72032126736972657 ) ) ;
#2732 = CARTESIAN_POINT ( 'NONE',  ( 901.6815967664203981, 121.4205147769902737, -54.96031628972906447 ) ) ;
#2733 = CARTESIAN_POINT ( 'NONE',  ( 1325.641422360291472, 684.2520324237704017, -1.228262054620598009 ) ) ;
#2734 = CARTESIAN_POINT ( 'NONE',  ( 1450.351684068250734, 896.3858446412883723, -60.44163386256724380 ) ) ;
#2735 = CARTESIAN_POINT ( 'NONE',  ( 675.7121774885777086, 39.88679479761907487, 5.524725690224333796 ) ) ;
#2736 = CARTESIAN_POINT ( 'NONE',  ( 1452.580278377482500, 929.1694767244765671, -51.10749775082302904 ) ) ;
#2737 = CARTESIAN_POINT ( 'NONE',  ( 733.4294765810934678, 48.39137411668259148, -31.70503882461892786 ) ) ;
#2738 = CARTESIAN_POINT ( 'NONE',  ( 1426.213871888149697, 933.0531471905321723, -14.35714121785991892 ) ) ;
#2739 = CARTESIAN_POINT ( 'NONE',  ( 1241.139392368553445, 596.2435016734349347, 82.73485115940364665 ) ) ;
#2740 = CARTESIAN_POINT ( 'NONE',  ( 1170.444656617965848, 466.9494837400828828, 88.60075282032137522 ) ) ;
#2741 = CARTESIAN_POINT ( 'NONE',  ( 957.2576850880495840, 145.9741709051294549, -68.07581717739925864 ) ) ;
#2742 = CARTESIAN_POINT ( 'NONE',  ( 1423.718707360607368, 936.8445370599500848, -17.88252480650868037 ) ) ;
#2743 = CARTESIAN_POINT ( 'NONE',  ( 618.6667635014537154, 1.377846662554058632, -25.35328806605139462 ) ) ;
#2744 = CARTESIAN_POINT ( 'NONE',  ( 560.0000000000005684, -1.890870144725666391, -0.9420837447611191129 ) ) ;
#2745 = CARTESIAN_POINT ( 'NONE',  ( 902.9557773788386612, 113.1490196569618547, -49.90421841362748978 ) ) ;
#2746 = CARTESIAN_POINT ( 'NONE',  ( 1367.017281626237946, 955.3684225295601209, 88.86821124314973019 ) ) ;
#2747 = CARTESIAN_POINT ( 'NONE',  ( 1415.851659429681831, 983.4102759243226046, 14.40043208717762013 ) ) ;
#2748 = CARTESIAN_POINT ( 'NONE',  ( 1410.882627756974443, 956.3420108964627389, 19.12689952098172341 ) ) ;
#2749 = CARTESIAN_POINT ( 'NONE',  ( 1444.076676597286223, 905.9193996133056999, -54.93111284742885658 ) ) ;
#2750 = CARTESIAN_POINT ( 'NONE',  ( 1049.566014929521089, 272.6787892627306746, 19.70526973665787196 ) ) ;
#2751 = CARTESIAN_POINT ( 'NONE',  ( 951.1349650344155862, 179.3819067979380293, -23.77249507002016671 ) ) ;
#2752 = CARTESIAN_POINT ( 'NONE',  ( 1008.881716359555185, 189.1509339381508141, -50.73783681687506686 ) ) ;
#2753 = CARTESIAN_POINT ( 'NONE',  ( 579.3615081560802764, 12.30248562930765210, 21.07123328438519394 ) ) ;
#2754 = CARTESIAN_POINT ( 'NONE',  ( 1199.489340756345200, 383.7323586515744864, -56.54354609688743949 ) ) ;
#2755 = CARTESIAN_POINT ( 'NONE',  ( 948.3426833046490856, 194.7372574448099556, 41.03493802622201514 ) ) ;
#2756 = CARTESIAN_POINT ( 'NONE',  ( 1204.302997702647644, 537.8556510606472330, 101.3185392180498781 ) ) ;
#2757 = CARTESIAN_POINT ( 'NONE',  ( 1410.102686385932657, 991.9003553611363486, 27.86214862078617571 ) ) ;
#2758 = CARTESIAN_POINT ( 'NONE',  ( 559.9999999999998863, -3.837241722733352844, -23.17217659650395944 ) ) ;
#2759 = CARTESIAN_POINT ( 'NONE',  ( 1364.172515592699028, 852.6160700506969761, 53.90206492827640261 ) ) ;
#2760 = CARTESIAN_POINT ( 'NONE',  ( 1317.052158625588163, 567.1898477064867166, -72.60544634955296317 ) ) ;
#2761 = CARTESIAN_POINT ( 'NONE',  ( 1348.585592740687844, 638.4855384692535836, -51.48656801950453143 ) ) ;
#2762 = CARTESIAN_POINT ( 'NONE',  ( 618.3029265658810800, 22.10389884977915642, 15.32751218495044654 ) ) ;
#2763 = CARTESIAN_POINT ( 'NONE',  ( 579.3853418038664813, 8.954282106610689240, 20.00580450124861187 ) ) ;
#2764 = CARTESIAN_POINT ( 'NONE',  ( 1400.134084593176340, 1006.621979632190687, 52.37088758792938137 ) ) ;
#2765 = CARTESIAN_POINT ( 'NONE',  ( 1378.734678827624521, 936.9438060652004197, 67.96765068627040307 ) ) ;
#2766 = CARTESIAN_POINT ( 'NONE',  ( 675.6182860662712528, 42.33516157012052616, 36.40330776573276239 ) ) ;
#2767 = CARTESIAN_POINT ( 'NONE',  ( 1445.469319799851064, 903.8038586685811424, -57.04873911235807782 ) ) ;
#2768 = CARTESIAN_POINT ( 'NONE',  ( 896.7362925431912117, 153.8280234372687119, 6.248880361450932952 ) ) ;
#2769 = CARTESIAN_POINT ( 'NONE',  ( 1293.842224475524517, 471.5178996851828970, -98.55027341824244047 ) ) ;
#2770 = CARTESIAN_POINT ( 'NONE',  ( 1379.661504616948605, 826.1572051009002280, -1.179421702032112274 ) ) ;
#2771 = CARTESIAN_POINT ( 'NONE',  ( 791.5462606715187803, 55.46465978052567891, -47.15627440542563420 ) ) ;
#2772 = CARTESIAN_POINT ( 'NONE',  ( 1432.227856184797247, 852.8139175701285239, -63.13316309799639470 ) ) ;
#2773 = CARTESIAN_POINT ( 'NONE',  ( 733.6799244250826177, 44.87695553227504774, -10.40321956282912375 ) ) ;
#2774 = CARTESIAN_POINT ( 'NONE',  ( 995.5467305185736677, 251.3268438002674259, 59.51623572788530225 ) ) ;
#2775 = CARTESIAN_POINT ( 'NONE',  ( 895.6744546926479416, 160.8836221708275218, 53.26517139928498779 ) ) ;
#2776 = CARTESIAN_POINT ( 'NONE',  ( 1161.274431890641154, 309.7275949665436201, -92.71221706630836934 ) ) ;
#2777 = CARTESIAN_POINT ( 'NONE',  ( 1187.661679610701640, 417.5693073572177809, -26.50906260614124577 ) ) ;
#2778 = CARTESIAN_POINT ( 'NONE',  ( 1289.810269476196481, 481.0599927484861951, -86.17698729217315190 ) ) ;
#2779 = CARTESIAN_POINT ( 'NONE',  ( 1099.759641459396107, 309.7043025930047406, -2.923175964266728322 ) ) ;
#2780 = CARTESIAN_POINT ( 'NONE',  ( 1447.215549035213826, 901.1500570136972783, -54.90408790674175066 ) ) ;
#2781 = CARTESIAN_POINT ( 'NONE',  ( 994.8053225142573410, 254.8007425822263485, 71.68925969406133447 ) ) ;
#2782 = CARTESIAN_POINT ( 'NONE',  ( 1409.680386817327417, 992.5240070735929976, 28.86532096212448906 ) ) ;
#2783 = CARTESIAN_POINT ( 'NONE',  ( 1139.624151527795448, 378.7198058890624566, 27.09652309119033831 ) ) ;
#2784 = CARTESIAN_POINT ( 'NONE',  ( 618.5147713360706803, 9.692115949049885160, -27.45436178220974099 ) ) ;
#2785 = CARTESIAN_POINT ( 'NONE',  ( 1295.884793554582757, 613.1135040079024066, 11.38503500871659924 ) ) ;
#2786 = CARTESIAN_POINT ( 'NONE',  ( 1282.942297349617547, 641.1618605513722287, 40.87326109729669810 ) ) ;
#2787 = CARTESIAN_POINT ( 'NONE',  ( 618.3558889016765079, 18.77347072272403850, -8.101893082726663309 ) ) ;
#2788 = CARTESIAN_POINT ( 'NONE',  ( 791.1790528600928383, 59.39259151471775766, -34.31585765322147807 ) ) ;
#2789 = CARTESIAN_POINT ( 'NONE',  ( 1129.918642808214827, 409.6249329569741349, 74.47549259289542078 ) ) ;
#2790 = CARTESIAN_POINT ( 'NONE',  ( 1240.398476147723159, 444.1473281106179343, -53.38771480792173207 ) ) ;
#2791 = CARTESIAN_POINT ( 'NONE',  ( 675.8851356219017816, 36.02073018677234018, 23.08025240285065749 ) ) ;
#2792 = CARTESIAN_POINT ( 'NONE',  ( 1173.296970607912272, 458.7511847649323045, 53.94503811250298497 ) ) ;
#2793 = CARTESIAN_POINT ( 'NONE',  ( 676.5319409978162639, 20.43973627404952254, -36.46567074744600490 ) ) ;
#2794 = CARTESIAN_POINT ( 'NONE',  ( 1338.280444705918626, 783.3842140925560216, 60.97996778093862247 ) ) ;
#2795 = CARTESIAN_POINT ( 'NONE',  ( 953.0697978390749086, 168.8138414324502889, -42.46837360716843079 ) ) ;
#2796 = CARTESIAN_POINT ( 'NONE',  ( 846.6309087290262596, 91.56970747167429181, -27.52889565211244616 ) ) ;
#2797 = CARTESIAN_POINT ( 'NONE',  ( 996.2443129594291804, 248.0597539993143243, 48.02700502614256806 ) ) ;
#2798 = CARTESIAN_POINT ( 'NONE',  ( 895.0902288736912169, 164.7007220261532154, 59.72995194782735950 ) ) ;
#2799 = CARTESIAN_POINT ( 'NONE',  ( 1132.664783738481447, 400.8894930657623945, 70.15809838042213187 ) ) ;
#2800 = CARTESIAN_POINT ( 'NONE',  ( 841.9955791320223852, 129.2278849691231528, 52.67777613451948326 ) ) ;
#2801 = CARTESIAN_POINT ( 'NONE',  ( 675.8258483762180049, 37.42525194937562105, 27.25768509742292522 ) ) ;
#2802 = CARTESIAN_POINT ( 'NONE',  ( 1202.152409318659693, 376.0636826504069177, -82.74381664351388110 ) ) ;
#2803 = CARTESIAN_POINT ( 'NONE',  ( 618.6648355166450983, 1.292030898321570254, -30.75091296903795879 ) ) ;
#2804 = CARTESIAN_POINT ( 'NONE',  ( 1314.662859064314944, 706.1660904164519934, 35.14431537154460017 ) ) ;
#2805 = CARTESIAN_POINT ( 'NONE',  ( 1369.376531066830694, 596.9983868667516163, -104.7495212784654086 ) ) ;
#2806 = CARTESIAN_POINT ( 'NONE',  ( 1433.723811922349114, 850.4618574088761989, -65.73953396697490348 ) ) ;
#2807 = CARTESIAN_POINT ( 'NONE',  ( 952.9917653864229123, 169.3389876610344515, -13.03623112791349570 ) ) ;
#2808 = CARTESIAN_POINT ( 'NONE',  ( 1404.102525990838558, 1000.761388105647598, 42.61803337273755687 ) ) ;
#2809 = CARTESIAN_POINT ( 'NONE',  ( 1402.564542955272600, 665.0335273728860557, -109.5318877486132720 ) ) ;
#2810 = CARTESIAN_POINT ( 'NONE',  ( 895.7179475699259683, 160.5988936613792077, 52.31008343402137939 ) ) ;
#2811 = CARTESIAN_POINT ( 'NONE',  ( 618.6026428771995143, 4.788825840073926976, -31.65693616915343256 ) ) ;
#2812 = CARTESIAN_POINT ( 'NONE',  ( 1186.394269010481821, 421.2014633443557159, -20.27481715909656756 ) ) ;
#2813 = CARTESIAN_POINT ( 'NONE',  ( 1446.117423306309547, 902.8181876098137764, -52.90295972600071650 ) ) ;
#2814 = CARTESIAN_POINT ( 'NONE',  ( 1385.907623310972667, 815.5041712556231914, -2.675166530492457895 ) ) ;
#2815 = CARTESIAN_POINT ( 'NONE',  ( 903.0223924441293093, 112.7105479206335872, -50.88084294345167535 ) ) ;
#2816 = CARTESIAN_POINT ( 'NONE',  ( 787.7177203303955366, 95.97015012863820971, 47.59136582520767433 ) ) ;
#2817 = CARTESIAN_POINT ( 'NONE',  ( 560.0000000000000000, 5.140449169693366294, -8.172731654152469716 ) ) ;
#2818 = CARTESIAN_POINT ( 'NONE',  ( 1295.884793554582757, 613.1135040079024066, 11.38503500871659924 ) ) ;
#2819 = CARTESIAN_POINT ( 'NONE',  ( 676.3683421404277851, 24.27640586649498999, -33.12099649959808545 ) ) ;
#2820 = CARTESIAN_POINT ( 'NONE',  ( 789.4670156184098460, 77.49551449225404554, 6.622601843441414005 ) ) ;
#2821 = CARTESIAN_POINT ( 'NONE',  ( 1214.506748760682285, 511.3359919422903772, 38.20190863443347240 ) ) ;
#2822 = CARTESIAN_POINT ( 'NONE',  ( 1390.149522787101887, 808.2496138442944584, -27.40999944107270281 ) ) ;
#2823 = CARTESIAN_POINT ( 'NONE',  ( 579.4778308640619571, -3.880944025428204380, -18.38223263711730127 ) ) ;
#2824 = CC_DESIGN_DATE_AND_TIME_ASSIGNMENT ( #3316, #4326, ( #3512 ) ) ;
#2825 = CARTESIAN_POINT ( 'NONE',  ( 1299.009994180166359, 737.4174468970767293, 93.03846995830502919 ) ) ;
#2826 = CARTESIAN_POINT ( 'NONE',  ( 1436.463334271934400, 917.4835244059868273, -34.99241758486947163 ) ) ;
#2827 = CARTESIAN_POINT ( 'NONE',  ( 1389.140866861666609, 920.5773753133904620, 42.18341905126762015 ) ) ;
#2828 = CARTESIAN_POINT ( 'NONE',  ( 675.6435798830445947, 41.60338924652082682, 19.28941768239728916 ) ) ;
#2829 = CARTESIAN_POINT ( 'NONE',  ( 1448.021723471022824, 827.9828041044294196, -88.09087261515101375 ) ) ;
#2830 = CARTESIAN_POINT ( 'NONE',  ( 1340.677496073974680, 778.9707863173888427, 53.78474566061384365 ) ) ;
#2831 = CARTESIAN_POINT ( 'NONE',  ( 1056.145228384237498, 245.9345040032638678, -54.24651420101354660 ) ) ;
#2832 = CARTESIAN_POINT ( 'NONE',  ( 1433.330889956774854, 922.2419567363984925, -28.90006735104973146 ) ) ;
#2833 = CARTESIAN_POINT ( 'NONE',  ( 618.3016432860470104, 22.23077204858921974, 18.55974487186968602 ) ) ;
#2834 = CARTESIAN_POINT ( 'NONE',  ( 732.2482748195208160, 66.10179327070568434, 42.52365249199525721 ) ) ;
#2835 = CARTESIAN_POINT ( 'NONE',  ( 1132.415282835315793, 401.6843315395113336, 71.69112199721898548 ) ) ;
#2836 = CARTESIAN_POINT ( 'NONE',  ( 1203.790053948089280, 539.1835948512479035, 98.27759766812003761 ) ) ;
#2837 = CARTESIAN_POINT ( 'NONE',  ( 1211.241226433536440, 519.8437077255964596, 72.77514113824081221 ) ) ;
#2838 = CARTESIAN_POINT ( 'NONE',  ( 618.5253311993050147, 9.099871569472009369, -28.13077701559067023 ) ) ;
#2839 = CARTESIAN_POINT ( 'NONE',  ( 1252.819236012133160, 411.8958759633475211, -99.10576575780554265 ) ) ;
#2840 = CARTESIAN_POINT ( 'NONE',  ( 1136.673937251947791, 388.0776521940014732, 22.86430282104291223 ) ) ;
#2841 = CARTESIAN_POINT ( 'NONE',  ( 1429.876408121298482, 740.4398917872199490, -102.6214164832632747 ) ) ;
#2842 = CARTESIAN_POINT ( 'NONE',  ( 676.1873969386946328, 28.53592264923691602, -27.65527641557506655 ) ) ;
#2843 = CARTESIAN_POINT ( 'NONE',  ( 1391.183983324772498, 806.4955668857589899, -15.73916582462117297 ) ) ;
#2844 = CARTESIAN_POINT ( 'NONE',  ( 842.1554157973514521, 127.9053752450306263, 44.66731404820146878 ) ) ;
#2845 = CARTESIAN_POINT ( 'NONE',  ( 1207.967795855737904, 359.4150394686936352, -98.14171788199033131 ) ) ;
#2846 = CARTESIAN_POINT ( 'NONE',  ( 842.6423627304864112, 123.9784885951526547, 47.99326556539210742 ) ) ;
#2847 = CARTESIAN_POINT ( 'NONE',  ( 1451.305670744498912, 894.9381964889945493, -65.27341645328129971 ) ) ;
#2848 = CARTESIAN_POINT ( 'NONE',  ( 844.2971717649364791, 110.3941797354184615, -19.96807014524459234 ) ) ;
#2849 = CARTESIAN_POINT ( 'NONE',  ( 902.9557773788386612, 113.1490196569618547, -49.90421841362748978 ) ) ;
#2850 = CARTESIAN_POINT ( 'NONE',  ( 1336.477220260963122, 662.6480283576070178, -16.94087136097338941 ) ) ;
#2851 = CARTESIAN_POINT ( 'NONE',  ( 1445.899727966572527, 831.3245919809397719, -79.30134689627450939 ) ) ;
#2852 = CARTESIAN_POINT ( 'NONE',  ( 1086.146954874279118, 358.3470319334518877, 83.92833906109264319 ) ) ;
#2853 = CARTESIAN_POINT ( 'NONE',  ( 560.0000000000000000, -4.859964825778167352, -23.90308833156191781 ) ) ;
#2854 = CARTESIAN_POINT ( 'NONE',  ( 1183.593610237102212, 429.2730482735139503, 16.89657447974050086 ) ) ;
#2855 = CARTESIAN_POINT ( 'NONE',  ( 1057.895538342134614, 238.8451791133281006, -63.24227685261020326 ) ) ;
#2856 = CARTESIAN_POINT ( 'NONE',  ( 789.5903673832077629, 76.19238852075206125, 3.505436802988864731 ) ) ;
#2857 = CARTESIAN_POINT ( 'NONE',  ( 1429.285060716947100, 963.5718381428958992, -14.55175987972316243 ) ) ;
#2858 = CARTESIAN_POINT ( 'NONE',  ( 676.6588158052130666, 17.60713930029520569, -25.90438243969425969 ) ) ;
#2859 = CARTESIAN_POINT ( 'NONE',  ( 1240.134726341914075, 598.6234347567769873, 88.04520857969487224 ) ) ;
#2860 = CARTESIAN_POINT ( 'NONE',  ( 846.8412483065839069, 89.85932351484267144, -30.95082007643582500 ) ) ;
#2861 = CARTESIAN_POINT ( 'NONE',  ( 618.4224843264618130, 15.57295763240301234, 15.88594207124796220 ) ) ;
#2862 = CARTESIAN_POINT ( 'NONE',  ( 675.6307172429529828, 41.94587281435264003, 24.31817687142964601 ) ) ;
#2863 = CARTESIAN_POINT ( 'NONE',  ( 618.3186330241458109, 21.45899925849317924, 31.40522103495148443 ) ) ;
#2864 = CARTESIAN_POINT ( 'NONE',  ( 902.2807057902207362, 117.5077039812752560, -58.53422450741456373 ) ) ;
#2865 = CARTESIAN_POINT ( 'NONE',  ( 897.0024318977987150, 152.1783603189415714, 31.44498225676000658 ) ) ;
#2866 = CARTESIAN_POINT ( 'NONE',  ( 1239.488687287608627, 446.4676158044738372, -68.23782639898084312 ) ) ;
#2867 = CARTESIAN_POINT ( 'NONE',  ( 1151.639729455557244, 340.4466865011260666, -39.02896902317393568 ) ) ;
#2868 = CARTESIAN_POINT ( 'NONE',  ( 1399.096382576152337, 974.2468314590751106, 38.87930276489080228 ) ) ;
#2869 = CARTESIAN_POINT ( 'NONE',  ( 1167.899866316156704, 474.2370220274616486, 96.47332363178792036 ) ) ;
#2870 = CARTESIAN_POINT ( 'NONE',  ( 997.4488356097137967, 242.4741621870256552, 53.04392448468548338 ) ) ;
#2871 = CARTESIAN_POINT ( 'NONE',  ( 1086.146954874279118, 358.3470319334518877, 83.92833906109264319 ) ) ;
#2872 = CARTESIAN_POINT ( 'NONE',  ( 1245.919020638664051, 584.9411648495793088, 75.63924633697418187 ) ) ;
#2873 = CARTESIAN_POINT ( 'NONE',  ( 1388.781781269101657, 989.9142746375407569, 66.14224041217191541 ) ) ;
#2874 = CARTESIAN_POINT ( 'NONE',  ( 1360.506257595452780, 614.6822464421896939, -93.25383915968741633 ) ) ;
#2875 = CARTESIAN_POINT ( 'NONE',  ( 1369.376531066830694, 596.9983868667516163, -104.7495212784654086 ) ) ;
#2876 = CARTESIAN_POINT ( 'NONE',  ( 732.3776225286369481, 64.06659769398999060, 14.77399434320510530 ) ) ;
#2877 = CARTESIAN_POINT ( 'NONE',  ( 847.7335413193459317, 82.55393742212153541, -55.00050259558253174 ) ) ;
#2878 = CARTESIAN_POINT ( 'NONE',  ( 1423.625866428436666, 866.3465625642522809, -36.06798096436939005 ) ) ;
#2879 = CARTESIAN_POINT ( 'NONE',  ( 675.6247739813588851, 42.11729528732192307, 28.13088493507283872 ) ) ;
#2880 = CARTESIAN_POINT ( 'NONE',  ( 579.4706470580958921, -2.822420008832430938, -26.33214360179735181 ) ) ;
#2881 = CARTESIAN_POINT ( 'NONE',  ( 1404.266577973176709, 1000.519116250966590, 48.34879348713522518 ) ) ;
#2882 = CARTESIAN_POINT ( 'NONE',  ( 1293.293838477014333, 472.7961173032516058, -104.5336577714500237 ) ) ;
#2883 = CARTESIAN_POINT ( 'NONE',  ( 1427.612830882304024, 966.0413860125250949, -11.12574425769241593 ) ) ;
#2884 = CARTESIAN_POINT ( 'NONE',  ( 1010.049310876961954, 183.7009937192023017, -60.25741905051335578 ) ) ;
#2885 = CARTESIAN_POINT ( 'NONE',  ( 1270.670591136390840, 526.3560628695555579, -22.73930990898249505 ) ) ;
#2886 = CARTESIAN_POINT ( 'NONE',  ( 1250.339624648824611, 418.3412767464132571, -88.54000602912942952 ) ) ;
#2887 = CARTESIAN_POINT ( 'NONE',  ( 1127.958351623469980, 415.8797223262423017, 90.64490901312110793 ) ) ;
#2888 = CARTESIAN_POINT ( 'NONE',  ( 560.0000000000000000, -7.429847935190101893, -18.93896882615659649 ) ) ;
#2889 = CARTESIAN_POINT ( 'NONE',  ( 1259.894148293248918, 551.8618551760052924, 18.10874108139971739 ) ) ;
#2890 = CARTESIAN_POINT ( 'NONE',  ( 676.0546958636758745, 31.67277606331668593, -22.18832852222467267 ) ) ;
#2891 = CARTESIAN_POINT ( 'NONE',  ( 733.6045445279025898, 45.80678477129174553, -35.26153729988919849 ) ) ;
#2892 = CARTESIAN_POINT ( 'NONE',  ( 1144.244803944706064, 364.0013510272089547, 0.5360825950964812625 ) ) ;
#2893 = CARTESIAN_POINT ( 'NONE',  ( 1135.070789020312759, 393.1896554353387501, 34.17520347084871446 ) ) ;
#2894 = CARTESIAN_POINT ( 'NONE',  ( 1142.349544472590196, 369.9860717027375472, -13.43255627392456653 ) ) ;
#2895 = CARTESIAN_POINT ( 'NONE',  ( 1417.670863763161378, 761.2781850246880140, -75.35677115483890987 ) ) ;
#2896 = CARTESIAN_POINT ( 'NONE',  ( 1392.979867084457965, 983.5379042583193723, 54.73245861481095886 ) ) ;
#2897 = CARTESIAN_POINT ( 'NONE',  ( 734.0296422188173437, 39.68083783729603198, -22.54274487513693970 ) ) ;
#2898 = CARTESIAN_POINT ( 'NONE',  ( 897.0024318977987150, 152.1783603189415714, 31.44498225676000658 ) ) ;
#2899 = CARTESIAN_POINT ( 'NONE',  ( 579.3608587347031289, 12.41846970180392695, 16.16766897579023166 ) ) ;
#2900 = CARTESIAN_POINT ( 'NONE',  ( 1390.517984506083621, 987.2761316197813812, 65.01435132839458220 ) ) ;
#2901 = CARTESIAN_POINT ( 'NONE',  ( 1423.276910593597222, 751.7013988644180245, -93.88268513205264298 ) ) ;
#2902 = CARTESIAN_POINT ( 'NONE',  ( 1414.183838101119591, 985.8733133152065875, 25.00121907699852741 ) ) ;
#2903 = CARTESIAN_POINT ( 'NONE',  ( 675.7713615500132391, 38.44390054169880955, -1.903940018668042411 ) ) ;
#2904 = CARTESIAN_POINT ( 'NONE',  ( 953.5599634012949082, 166.1386327331698283, -46.41935996597579361 ) ) ;
#2905 = CARTESIAN_POINT ( 'NONE',  ( 955.0391237722629967, 158.1531683708835772, -34.13638131661097930 ) ) ;
#2906 = CARTESIAN_POINT ( 'NONE',  ( 560.0000000000004547, 7.527195822932957192, 14.44189369715234328 ) ) ;
#2907 = CARTESIAN_POINT ( 'NONE',  ( 618.3097562434610381, 21.98206657081083293, 31.60770348128625429 ) ) ;
#2908 = CARTESIAN_POINT ( 'NONE',  ( 1319.868090682214415, 817.2817309359085129, 108.3027917400515463 ) ) ;
#2909 = CARTESIAN_POINT ( 'NONE',  ( 1306.680928598311311, 722.1142039674108446, 78.31789470684563526 ) ) ;
#2910 = CARTESIAN_POINT ( 'NONE',  ( 894.7111171394730036, 167.1916428855070933, 60.72676852404286763 ) ) ;
#2911 = CARTESIAN_POINT ( 'NONE',  ( 1246.323173670909910, 583.9844721726403804, 73.87451546956771153 ) ) ;
#2912 = CARTESIAN_POINT ( 'NONE',  ( 618.5409162282135185, 8.227016151701519675, -29.02448269551700122 ) ) ;
#2913 = CARTESIAN_POINT ( 'NONE',  ( 676.7151827501874095, 16.14521141177853991, -36.19147267132661483 ) ) ;
#2914 = CARTESIAN_POINT ( 'NONE',  ( 947.7292351785757774, 198.0268093175242825, 24.54249151856867428 ) ) ;
#2915 = CARTESIAN_POINT ( 'NONE',  ( 734.3500335711531761, 34.83793276111838821, -42.39238588550484366 ) ) ;
#2916 = CARTESIAN_POINT ( 'NONE',  ( 1129.918642808214827, 409.6249329569741349, 74.47549259289542078 ) ) ;
#2917 = CARTESIAN_POINT ( 'NONE',  ( 957.4335339921457262, 145.0177508532348440, -68.21867751480107245 ) ) ;
#2918 = CARTESIAN_POINT ( 'NONE',  ( 1208.234261752430257, 527.6517097260615401, 88.03739606467343037 ) ) ;
#2919 = CARTESIAN_POINT ( 'NONE',  ( 791.1282792475220731, 59.83830750063011550, -48.90743141286875328 ) ) ;
#2920 = CARTESIAN_POINT ( 'NONE',  ( 560.0000000000002274, -7.470664134242595900, -19.59556450242975245 ) ) ;
#2921 = ADVANCED_BREP_SHAPE_REPRESENTATION ( 'openfan_blade_v04_CFD_CAMBERFIX_SINGLELOFT', ( #3281, #4874 ), #5222 ) ;
#2922 = CARTESIAN_POINT ( 'NONE',  ( 790.0896741554598748, 70.91613843591260036, -8.936310053995773828 ) ) ;
#2923 = CARTESIAN_POINT ( 'NONE',  ( 1331.678274417785815, 535.5038299802417896, -97.72231714789381840 ) ) ;
#2924 = CARTESIAN_POINT ( 'NONE',  ( 841.9684957106892398, 129.4477225078460094, 54.31538997734865148 ) ) ;
#2925 = CARTESIAN_POINT ( 'NONE',  ( 1265.228037441328070, 539.2374113963998070, -2.409796219758463920 ) ) ;
#2926 = CARTESIAN_POINT ( 'NONE',  ( 1324.885852375103923, 685.7804058830527083, 18.47674626887861393 ) ) ;
#2927 = CARTESIAN_POINT ( 'NONE',  ( 733.1770406744242337, 52.12481152100216519, -25.39310371046123294 ) ) ;
#2928 = CARTESIAN_POINT ( 'NONE',  ( 1435.211681494932691, 848.1224569070798225, -68.28556727785228020 ) ) ;
#2929 = CARTESIAN_POINT ( 'NONE',  ( 1423.044122397274577, 972.7884515608238871, 5.653041848560611982 ) ) ;
#2930 = CARTESIAN_POINT ( 'NONE',  ( 675.6524461536788522, 41.37527961835075985, 16.77629755837235592 ) ) ;
#2931 = CARTESIAN_POINT ( 'NONE',  ( 847.5126312027776976, 84.39521796748856275, -42.15423776571435610 ) ) ;
#2932 = CARTESIAN_POINT ( 'NONE',  ( 732.2306962641245036, 66.34395361609105635, 36.29816878193318530 ) ) ;
#2933 = CARTESIAN_POINT ( 'NONE',  ( 1058.884595593180620, 234.9026116954753149, -48.23998104909018281 ) ) ;
#2934 = CARTESIAN_POINT ( 'NONE',  ( 1340.677496073974680, 778.9707863173888427, 53.78474566061384365 ) ) ;
#2935 = CARTESIAN_POINT ( 'NONE',  ( 560.0000000000004547, 7.527195822932957192, 14.44189369715234328 ) ) ;
#2936 = CARTESIAN_POINT ( 'NONE',  ( 1236.848348180697712, 606.4085816033441461, 106.4290889772481421 ) ) ;
#2937 = CARTESIAN_POINT ( 'NONE',  ( 1297.999405955192742, 739.4407299786394105, 106.2650191000987689 ) ) ;
#2938 = CARTESIAN_POINT ( 'NONE',  ( 1109.802031361998615, 273.7695565896100334, -77.80913397035054402 ) ) ;
#2939 = CARTESIAN_POINT ( 'NONE',  ( 1367.919660115514489, 846.2176380840321599, 43.78784229496926628 ) ) ;
#2940 = CARTESIAN_POINT ( 'NONE',  ( 1276.506428709547436, 512.5109420380423444, -61.49877712353226400 ) ) ;
#2941 = CARTESIAN_POINT ( 'NONE',  ( 955.4669841600597238, 155.8152856987625228, -38.30037458183547727 ) ) ;
#2942 = CARTESIAN_POINT ( 'NONE',  ( 1304.321153759814479, 726.8126995249838274, 72.41236630019339771 ) ) ;
#2943 = CARTESIAN_POINT ( 'NONE',  ( 1368.147157091977533, 953.5943847924730790, 90.22337733446431685 ) ) ;
#2944 = CARTESIAN_POINT ( 'NONE',  ( 733.3229148326632867, 49.96629104251002218, -29.22819638789059837 ) ) ;
#2945 = CARTESIAN_POINT ( 'NONE',  ( 1045.235746711779484, 290.2342096421528481, 56.04968371678774020 ) ) ;
#2946 = CARTESIAN_POINT ( 'NONE',  ( 787.7227456764899216, 95.91663316063687716, 47.12906878786351683 ) ) ;
#2947 = CARTESIAN_POINT ( 'NONE',  ( 1045.235746711779484, 290.2342096421528481, 56.04968371678774020 ) ) ;
#2948 = CARTESIAN_POINT ( 'NONE',  ( 618.5027265740957318, 10.36927797367655124, -26.61192938845346490 ) ) ;
#2949 = CARTESIAN_POINT ( 'NONE',  ( 1449.645060041584202, 825.4357576411147193, -86.72276968525179086 ) ) ;
#2950 = CARTESIAN_POINT ( 'NONE',  ( 842.9557458758627035, 121.3327292290657624, 12.73025486372509718 ) ) ;
#2951 = CARTESIAN_POINT ( 'NONE',  ( 957.6659389163974083, 143.7595834673536217, -67.40314356039183963 ) ) ;
#2952 = CARTESIAN_POINT ( 'NONE',  ( 1195.043999823870990, 396.4673936233583049, -37.67399310451168049 ) ) ;
#2953 = CARTESIAN_POINT ( 'NONE',  ( 1392.979867084457965, 983.5379042583193723, 54.73245861481095886 ) ) ;
#2954 = CARTESIAN_POINT ( 'NONE',  ( 1451.471146026861334, 822.5616863710181406, -92.24280572980562454 ) ) ;
#2955 = CARTESIAN_POINT ( 'NONE',  ( 1376.222350220092039, 940.8951098117142919, 74.10498476191862949 ) ) ;
#2956 = CARTESIAN_POINT ( 'NONE',  ( 1061.096025922749959, 225.8891835334293035, -76.53428827185179273 ) ) ;
#2957 = CARTESIAN_POINT ( 'NONE',  ( 1111.782687456909116, 266.7375713015842962, -73.08004129885890165 ) ) ;
#2958 = CARTESIAN_POINT ( 'NONE',  ( 1250.772071422275985, 417.2193723243676118, -89.87200914243018701 ) ) ;
#2959 = CARTESIAN_POINT ( 'NONE',  ( 1399.879980831462262, 1006.997239892712969, 53.66886250013086368 ) ) ;
#2960 = FACE_OUTER_BOUND ( 'NONE', #6442, .T. ) ;
#2961 = CARTESIAN_POINT ( 'NONE',  ( 675.7829016450706376, 38.44520609770128061, 30.26838067172386104 ) ) ;
#2962 = CARTESIAN_POINT ( 'NONE',  ( 898.3197455862665493, 143.5454704815509217, 11.75409830984302317 ) ) ;
#2963 = CARTESIAN_POINT ( 'NONE',  ( 1102.950354784415367, 298.2354837646540773, -47.90565875237499682 ) ) ;
#2964 = CARTESIAN_POINT ( 'NONE',  ( 1440.791981148025798, 910.9092524853998611, -49.71767793789519629 ) ) ;
#2965 = CARTESIAN_POINT ( 'NONE',  ( 1098.635314140499304, 313.7220102624891069, 4.390450319856557648 ) ) ;
#2966 = CARTESIAN_POINT ( 'NONE',  ( 1281.714596331499934, 643.8252377625328791, 45.76645608491303108 ) ) ;
#2967 = CARTESIAN_POINT ( 'NONE',  ( 734.3097814003751864, 35.50304389463516941, -32.73789393811331649 ) ) ;
#2968 = CARTESIAN_POINT ( 'NONE',  ( 1323.669429149894540, 810.2801115241762773, 95.33640024571899119 ) ) ;
#2969 = CARTESIAN_POINT ( 'NONE',  ( 1108.446270955441832, 278.6636784846447767, -54.74344164991253336 ) ) ;
#2970 = CARTESIAN_POINT ( 'NONE',  ( 1313.701259682791033, 708.1023476295204091, 54.53794105054345209 ) ) ;
#2971 = CARTESIAN_POINT ( 'NONE',  ( 1304.321153759814479, 726.8126995249838274, 72.41236630019339771 ) ) ;
#2972 = CARTESIAN_POINT ( 'NONE',  ( 1238.408855302146321, 602.7160131989555794, 104.2462796317349785 ) ) ;
#2973 = CARTESIAN_POINT ( 'NONE',  ( 1060.533486496745354, 228.1662915992750982, -74.38482098278288390 ) ) ;
#2974 = CARTESIAN_POINT ( 'NONE',  ( 1390.385491738332803, 918.6199517336614235, 39.17624993021582469 ) ) ;
#2975 = CARTESIAN_POINT ( 'NONE',  ( 675.7121774885777086, 39.88679479761907487, 5.524725690224333796 ) ) ;
#2976 = CARTESIAN_POINT ( 'NONE',  ( 1003.952988903429514, 212.0520554207417092, -38.65023103666582216 ) ) ;
#2977 = CARTESIAN_POINT ( 'NONE',  ( 1199.489340756345200, 383.7323586515744864, -56.54354609688743949 ) ) ;
#2978 = CARTESIAN_POINT ( 'NONE',  ( 618.3018016051527184, 22.27742251654225569, 21.78116731341241774 ) ) ;
#2979 = CARTESIAN_POINT ( 'NONE',  ( 787.9954862470087846, 93.02901016493957798, 46.23749024688952858 ) ) ;
#2980 = CARTESIAN_POINT ( 'NONE',  ( 1306.147665815264645, 723.1785617912595399, 80.15827545087742578 ) ) ;
#2981 = CARTESIAN_POINT ( 'NONE',  ( 579.3883526234156989, 8.535163459075079118, 18.72065762914986919 ) ) ;
#2982 = CARTESIAN_POINT ( 'NONE',  ( 900.9204195250282510, 126.3970177810262498, -49.33046982229078736 ) ) ;
#2983 = CARTESIAN_POINT ( 'NONE',  ( 1208.521621147594260, 357.8349015022731123, -97.82272073010435065 ) ) ;
#2984 = CARTESIAN_POINT ( 'NONE',  ( 1212.982674715118264, 515.2955743553325192, 46.24170818763361979 ) ) ;
#2985 = CARTESIAN_POINT ( 'NONE',  ( 1161.707000270544768, 308.3538680139054122, -92.71199722199214932 ) ) ;
#2986 = CARTESIAN_POINT ( 'NONE',  ( 1235.439128583829870, 457.0211366712100016, -34.49769697867223783 ) ) ;
#2987 = CARTESIAN_POINT ( 'NONE',  ( 579.3619521302346129, 12.23654244052033313, 21.90462347970087009 ) ) ;
#2988 = CARTESIAN_POINT ( 'NONE',  ( 842.7742741045753974, 122.9049019168434569, 44.53539424796970536 ) ) ;
#2989 = CARTESIAN_POINT ( 'NONE',  ( 1110.732809675475892, 270.4485606926272112, -80.84684615449339162 ) ) ;
#2990 = CARTESIAN_POINT ( 'NONE',  ( 1206.018507729518205, 365.0256234939054139, -82.92320237963730278 ) ) ;
#2991 = CARTESIAN_POINT ( 'NONE',  ( 1206.759871427904727, 362.9032925436541177, -85.50663062768610700 ) ) ;
#2992 = CARTESIAN_POINT ( 'NONE',  ( 579.3625263415924564, 12.13442451177724379, 25.59268930524933694 ) ) ;
#2993 = CARTESIAN_POINT ( 'NONE',  ( 1385.907623310972667, 815.5041712556231914, -2.675166530492457895 ) ) ;
#2994 = CARTESIAN_POINT ( 'NONE',  ( 947.3023934111689641, 200.4206684182158256, 54.28039368532503772 ) ) ;
#2995 = CARTESIAN_POINT ( 'NONE',  ( 789.7146472044755683, 74.87930121249955562, 0.3924170698355093911 ) ) ;
#2996 = CARTESIAN_POINT ( 'NONE',  ( 560.0000000000000000, 5.037615332088328124, 20.57702418202729078 ) ) ;
#2997 = CARTESIAN_POINT ( 'NONE',  ( 899.6050373198987700, 135.0044782501236966, -37.04270434372622844 ) ) ;
#2998 = CARTESIAN_POINT ( 'NONE',  ( 790.2529128106247072, 69.03928516361766299, -39.99476886902896666 ) ) ;
#2999 = CARTESIAN_POINT ( 'NONE',  ( 1051.965487375423436, 262.9517150518547055, 0.9390319027898859083 ) ) ;
#3000 = CARTESIAN_POINT ( 'NONE',  ( 560.0000000000002274, 7.495888704244053180, 9.663295684909476435 ) ) ;
#3001 = CARTESIAN_POINT ( 'NONE',  ( 956.6490597514765568, 149.3539432182778057, -49.73889640542394375 ) ) ;
#3002 = CARTESIAN_POINT ( 'NONE',  ( 946.0486334140406370, 207.2593539826914650, 59.84362223763756106 ) ) ;
#3003 = EDGE_CURVE ( 'NONE', #5901, #4737, #4214, .T. ) ;
#3004 = CARTESIAN_POINT ( 'NONE',  ( 734.1461019141656834, 37.94787281215327823, -26.59104387793961877 ) ) ;
#3005 = CARTESIAN_POINT ( 'NONE',  ( 1286.863569649008468, 632.6764940331411253, 43.34552178789564891 ) ) ;
#3006 = CARTESIAN_POINT ( 'NONE',  ( 1296.146668065097174, 743.1372787914955325, 109.1235943296251349 ) ) ;
#3007 = CARTESIAN_POINT ( 'NONE',  ( 1329.509438942845463, 799.5242276599515208, 75.02249066636191799 ) ) ;
#3008 = CARTESIAN_POINT ( 'NONE',  ( 618.3322492971327620, 20.67845517213481088, 30.47652263386603977 ) ) ;
#3009 = CARTESIAN_POINT ( 'NONE',  ( 1364.715297399803603, 606.2865883936181035, -101.3890615140439166 ) ) ;
#3010 = CARTESIAN_POINT ( 'NONE',  ( 1216.512047803903215, 506.1584860397671832, 47.51090028808102517 ) ) ;
#3011 = CARTESIAN_POINT ( 'NONE',  ( 1046.627906010623747, 284.5352753994778254, 19.64370121488853371 ) ) ;
#3012 = CARTESIAN_POINT ( 'NONE',  ( 845.0312418087910373, 104.4309372022564162, -31.97232404435765929 ) ) ;
#3013 = CARTESIAN_POINT ( 'NONE',  ( 901.7661112941786996, 120.9561790827071519, -34.61958051130076086 ) ) ;
#3014 = CARTESIAN_POINT ( 'NONE',  ( 895.2926967718924516, 163.3441401081062452, 41.55878993407978328 ) ) ;
#3015 = CARTESIAN_POINT ( 'NONE',  ( 1349.685916570158270, 877.3539137252441833, 94.87728604001010524 ) ) ;
#3016 = CARTESIAN_POINT ( 'NONE',  ( 1090.275926948810593, 343.5955094094759943, 62.95755538985396527 ) ) ;
#3017 = CARTESIAN_POINT ( 'NONE',  ( 1236.698317757965015, 606.7632648470060985, 104.9841969109381523 ) ) ;
#3018 = CARTESIAN_POINT ( 'NONE',  ( 1334.906327213895338, 789.5966918708993489, 71.21977707882420816 ) ) ;
#3019 = CARTESIAN_POINT ( 'NONE',  ( 559.9999999999998863, 0.1134790952910085388, -19.25616931645399887 ) ) ;
#3020 = CARTESIAN_POINT ( 'NONE',  ( 1161.776837984181157, 308.1337611520083328, -92.24929273314289446 ) ) ;
#3021 = CARTESIAN_POINT ( 'NONE',  ( 788.0587107154452724, 92.27702180099187501, 21.01163570508379408 ) ) ;
#3022 = CARTESIAN_POINT ( 'NONE',  ( 903.1147965264226514, 112.0607810082528886, -61.66177316132655761 ) ) ;
#3023 = CARTESIAN_POINT ( 'NONE',  ( 995.3002289126677624, 252.4832086843431398, 64.33420666545532640 ) ) ;
#3024 = CARTESIAN_POINT ( 'NONE',  ( 1089.300429105222292, 347.0819158963668087, 70.09150108729230055 ) ) ;
#3025 = CARTESIAN_POINT ( 'NONE',  ( 1448.894227052576525, 898.6010755371084997, -61.96606150566427829 ) ) ;
#3026 = CARTESIAN_POINT ( 'NONE',  ( 618.6720486182969125, 0.9986449796742311591, -28.01105461578086775 ) ) ;
#3027 = CARTESIAN_POINT ( 'NONE',  ( 897.1597794912482868, 151.0434669598368771, -1.896536954928689900 ) ) ;
#3028 = CARTESIAN_POINT ( 'NONE',  ( 618.6720179206035937, 0.9451089095133167195, -29.16713823222085367 ) ) ;
#3029 = CARTESIAN_POINT ( 'NONE',  ( 1127.959149497415183, 415.8762843384802750, 91.95968470634946357 ) ) ;
#3030 = CARTESIAN_POINT ( 'NONE',  ( 560.0000000000000000, 1.560463464774746400, 9.328542543548078214 ) ) ;
#3031 = CARTESIAN_POINT ( 'NONE',  ( 1303.930820938104489, 727.6031461605451796, 87.56574529558992026 ) ) ;
#3032 = CARTESIAN_POINT ( 'NONE',  ( 1002.739297881456423, 217.7998837576738822, 1.089471514854431611 ) ) ;
#3033 = CARTESIAN_POINT ( 'NONE',  ( 1395.148296061445080, 980.2429891033838203, 56.18180533898185303 ) ) ;
#3034 = CARTESIAN_POINT ( 'NONE',  ( 1276.506428709547436, 512.5109420380423444, -61.49877712353226400 ) ) ;
#3035 = CARTESIAN_POINT ( 'NONE',  ( 560.0000000000000000, -7.238601070250348712, -18.03474802372566188 ) ) ;
#3036 = CARTESIAN_POINT ( 'NONE',  ( 1385.907623310972667, 815.5041712556231914, -2.675166530492457895 ) ) ;
#3037 = CARTESIAN_POINT ( 'NONE',  ( 895.8190429556166237, 159.8688617798365499, 26.90773196385831767 ) ) ;
#3038 = CARTESIAN_POINT ( 'NONE',  ( 618.6586089384583147, 1.886067342050619100, -23.26236481911742615 ) ) ;
#3039 = CARTESIAN_POINT ( 'NONE',  ( 1129.442993196202451, 411.1433867317367117, 78.92714508811585006 ) ) ;
#3040 = CARTESIAN_POINT ( 'NONE',  ( 559.9999999999996589, -6.595899951125021587, -15.31779018903954537 ) ) ;
#3041 = CARTESIAN_POINT ( 'NONE',  ( 1287.850019675533531, 630.5372938564891001, 39.77068424820638626 ) ) ;
#3042 = CARTESIAN_POINT ( 'NONE',  ( 1088.043736200868580, 351.5528563301360805, 64.75780135641265645 ) ) ;
#3043 = CARTESIAN_POINT ( 'NONE',  ( 1326.874709078289015, 804.3854971391662048, 97.26041295719737434 ) ) ;
#3044 = CARTESIAN_POINT ( 'NONE',  ( 1158.523020203933129, 318.4856516279370453, -84.95883619860724423 ) ) ;
#3045 = CARTESIAN_POINT ( 'NONE',  ( 1179.297503613264553, 441.5822166681937802, 38.97100612373166939 ) ) ;
#3046 = CARTESIAN_POINT ( 'NONE',  ( 560.0000000000002274, 7.350433680468444031, 6.481513698743722962 ) ) ;
#3047 = CARTESIAN_POINT ( 'NONE',  ( 844.8785154129074044, 105.6706866766184589, -29.74221031644086821 ) ) ;
#3048 = CARTESIAN_POINT ( 'NONE',  ( 1281.188933922450815, 501.4631699899971977, -59.00544180824091001 ) ) ;
#3049 = CARTESIAN_POINT ( 'NONE',  ( 618.3020636235097527, 22.27892134621728104, 22.68291428275817978 ) ) ;
#3050 = CARTESIAN_POINT ( 'NONE',  ( 579.3710649568398594, 10.95261586421773181, 25.30600485852048820 ) ) ;
#3051 = CARTESIAN_POINT ( 'NONE',  ( 1315.843541837429484, 569.8099715947189452, -69.44272287076142902 ) ) ;
#3052 = CARTESIAN_POINT ( 'NONE',  ( 1359.432498814426708, 860.7100856715718464, 66.90709144630780258 ) ) ;
#3053 = CARTESIAN_POINT ( 'NONE',  ( 732.1988496274620957, 66.84433210787709356, 41.71522548607997294 ) ) ;
#3054 = CARTESIAN_POINT ( 'NONE',  ( 1358.625917986778859, 862.0874338991187642, 69.17647331300564417 ) ) ;
#3055 = CARTESIAN_POINT ( 'NONE',  ( 579.4316771621794260, 2.639815069238227174, -22.82071070858889072 ) ) ;
#3056 = CARTESIAN_POINT ( 'NONE',  ( 1113.047093679346517, 262.1890972689655541, -86.81490269098965484 ) ) ;
#3057 = CARTESIAN_POINT ( 'NONE',  ( 952.6027223515915239, 171.4645258352487076, -8.756777042278367063 ) ) ;
#3058 = CARTESIAN_POINT ( 'NONE',  ( 1387.744015094304359, 922.7673761751398160, 34.06775634788115781 ) ) ;
#3059 = CARTESIAN_POINT ( 'NONE',  ( 957.4335339921457262, 145.0177508532348440, -68.21867751480107245 ) ) ;
#3060 = CARTESIAN_POINT ( 'NONE',  ( 1129.603764100623039, 410.6300237879463566, 77.42778262083612617 ) ) ;
#3061 = CARTESIAN_POINT ( 'NONE',  ( 1405.557017470102210, 998.6133960894860593, 44.74203550555996145 ) ) ;
#3062 = CARTESIAN_POINT ( 'NONE',  ( 1290.923760924169528, 478.4031240864161987, -99.31302010731531027 ) ) ;
#3063 = CARTESIAN_POINT ( 'NONE',  ( 732.6572974105122285, 59.85488331164975051, -4.829609300580270492 ) ) ;
#3064 = CARTESIAN_POINT ( 'NONE',  ( 1010.649283556840601, 180.9008397243001980, -64.70675910415575061 ) ) ;
#3065 = CARTESIAN_POINT ( 'NONE',  ( 1140.383845069817653, 376.2509008060360429, -1.463481217821125391 ) ) ;
#3066 = CARTESIAN_POINT ( 'NONE',  ( 734.4379687764280789, 33.54468910888962796, -40.66004535697153699 ) ) ;
#3067 = CARTESIAN_POINT ( 'NONE',  ( 579.3627269275139042, 12.10627553824863156, 25.79078820932472382 ) ) ;
#3068 = CARTESIAN_POINT ( 'NONE',  ( 1409.068400976072326, 889.2384873524807745, -4.302880953969453692 ) ) ;
#3069 = CARTESIAN_POINT ( 'NONE',  ( 1329.947970295190999, 798.7262461000285612, 86.38604571243511998 ) ) ;
#3070 = CARTESIAN_POINT ( 'NONE',  ( 676.2174632199977395, 28.13698994700039080, 1.345358934953198693 ) ) ;
#3071 = CARTESIAN_POINT ( 'NONE',  ( 1243.015056264475788, 591.8153705346207971, 88.08064756622898983 ) ) ;
#3072 = CARTESIAN_POINT ( 'NONE',  ( 1310.756184526215293, 580.8394839599958459, -55.41408628746795983 ) ) ;
#3073 = CARTESIAN_POINT ( 'NONE',  ( 1009.511086481935877, 186.2146708885807982, -55.62311282174930227 ) ) ;
#3074 = CARTESIAN_POINT ( 'NONE',  ( 1296.179606416781098, 612.4491208434951659, -8.381884117006789481 ) ) ;
#3075 = CARTESIAN_POINT ( 'NONE',  ( 997.0812111779214320, 244.1429354025157750, 35.42098000663531110 ) ) ;
#3076 = CARTESIAN_POINT ( 'NONE',  ( 618.6649823246306141, 1.490225803796628945, -24.83309107628744172 ) ) ;
#3077 = CARTESIAN_POINT ( 'NONE',  ( 787.7982495920718975, 95.09416123448333735, 40.99587000860073971 ) ) ;
#3078 = CARTESIAN_POINT ( 'NONE',  ( 1385.717723580101392, 696.0527574995692248, -67.30436937787692386 ) ) ;
#3079 = CARTESIAN_POINT ( 'NONE',  ( 1392.886199813650364, 914.6871138915854544, 33.17832564702161591 ) ) ;
#3080 = CARTESIAN_POINT ( 'NONE',  ( 1375.541871646530353, 941.9595871061626440, 65.99618599909460670 ) ) ;
#3081 = CARTESIAN_POINT ( 'NONE',  ( 1350.459236262452578, 876.0337555175885882, 93.12158013720768679 ) ) ;
#3082 = CARTESIAN_POINT ( 'NONE',  ( 1109.513814100275113, 274.7977852755780646, -76.84831708427920205 ) ) ;
#3083 = CARTESIAN_POINT ( 'NONE',  ( 1320.735804704689599, 694.0627979409011914, 31.62479319720342019 ) ) ;
#3084 = CARTESIAN_POINT ( 'NONE',  ( 843.0781608949096153, 120.3317314072700412, 9.027961568815397797 ) ) ;
#3085 = CARTESIAN_POINT ( 'NONE',  ( 559.9999999999998863, 2.547765194706560266, -15.15290235983963463 ) ) ;
#3086 = CARTESIAN_POINT ( 'NONE',  ( 1357.535282404541249, 620.6276503224627277, -74.81534593643142728 ) ) ;
#3087 = CARTESIAN_POINT ( 'NONE',  ( 732.2649080396270165, 65.79741133555900490, 28.35579290238332106 ) ) ;
#3088 = CARTESIAN_POINT ( 'NONE',  ( 675.7174099517430932, 39.97769134331290530, 34.56411774288847738 ) ) ;
#3089 = CARTESIAN_POINT ( 'NONE',  ( 1196.062643032470305, 393.5019634846644294, -62.27772748954776461 ) ) ;
#3090 = CARTESIAN_POINT ( 'NONE',  ( 579.3912042096341111, 8.138211155698311217, 17.45246830467119636 ) ) ;
#3091 = CARTESIAN_POINT ( 'NONE',  ( 579.4639508238511780, -1.889386859034811295, -26.33745217989076792 ) ) ;
#3092 = CARTESIAN_POINT ( 'NONE',  ( 1091.404338266296463, 339.5626575925633119, 54.49318783789262710 ) ) ;
#3093 = CARTESIAN_POINT ( 'NONE',  ( 954.8939707793397247, 158.8611270189950915, -55.83761176008659532 ) ) ;
#3094 = CARTESIAN_POINT ( 'NONE',  ( 1370.877309808575546, 593.9973946645188789, -111.3207146808272938 ) ) ;
#3095 = CARTESIAN_POINT ( 'NONE',  ( 900.2654481252700407, 130.7935144551303495, -15.51008097511872919 ) ) ;
#3096 = CARTESIAN_POINT ( 'NONE',  ( 1134.503445396944244, 394.9989747563228093, 38.30844533402166974 ) ) ;
#3097 = CARTESIAN_POINT ( 'NONE',  ( 1334.409444887052132, 529.5690420339668663, -110.3528582068152133 ) ) ;
#3098 = CARTESIAN_POINT ( 'NONE',  ( 1205.408397630422996, 534.9783774358234041, 89.71424767081596485 ) ) ;
#3099 = CARTESIAN_POINT ( 'NONE',  ( 945.8398507502671464, 208.4037145585027702, 67.56208162126894479 ) ) ;
#3100 = CARTESIAN_POINT ( 'NONE',  ( 1210.183109121376901, 522.5910097798379184, 77.88002710431138098 ) ) ;
#3101 = CARTESIAN_POINT ( 'NONE',  ( 846.9740772875086350, 88.69039271228625410, -52.19628025945279859 ) ) ;
#3102 = CARTESIAN_POINT ( 'NONE',  ( 676.7374320293155279, 15.66309063956192205, -33.26845936876538445 ) ) ;
#3103 = CARTESIAN_POINT ( 'NONE',  ( 1049.451755331607046, 273.0723756212507283, -6.855185665805031192 ) ) ;
#3104 = CARTESIAN_POINT ( 'NONE',  ( 618.6709441366817828, 0.9804265280883081024, -29.73612614685949040 ) ) ;
#3105 = CARTESIAN_POINT ( 'NONE',  ( 1294.963051160082159, 745.4985541988680779, 110.2316796832492543 ) ) ;
#3106 = CARTESIAN_POINT ( 'NONE',  ( 1302.069916856785767, 599.7013052051773911, -9.642121011140149633 ) ) ;
#3107 = CARTESIAN_POINT ( 'NONE',  ( 1303.390064041197775, 728.6825069367149581, 89.41815356276346449 ) ) ;
#3108 = CARTESIAN_POINT ( 'NONE',  ( 1426.332233166187052, 967.9325718388810174, -1.284450053318290097 ) ) ;
#3109 = CARTESIAN_POINT ( 'NONE',  ( 996.6450929993307000, 246.2238232497992101, 61.53101526342236127 ) ) ;
#3110 = CARTESIAN_POINT ( 'NONE',  ( 1423.079158112963114, 867.1986358773900747, -46.16987077761316272 ) ) ;
#3111 = CARTESIAN_POINT ( 'NONE',  ( 1157.817133441219312, 320.7707623324391193, -68.30814860913264397 ) ) ;
#3112 = CARTESIAN_POINT ( 'NONE',  ( 1426.332233166187052, 967.9325718388810174, -1.284450053318290097 ) ) ;
#3113 = CARTESIAN_POINT ( 'NONE',  ( 1363.448562035855957, 608.8284634686403933, -89.63628793779504633 ) ) ;
#3114 = CARTESIAN_POINT ( 'NONE',  ( 1086.726716500516886, 356.2719407989907268, 78.70991565427378589 ) ) ;
#3115 = CARTESIAN_POINT ( 'NONE',  ( 1409.364053544304397, 992.9911678336168279, 35.91916665857692692 ) ) ;
#3116 = CARTESIAN_POINT ( 'NONE',  ( 1442.678980231484957, 908.0414945639812458, -46.62873502386863578 ) ) ;
#3117 = CARTESIAN_POINT ( 'NONE',  ( 579.4090854345662365, 5.650886669729361600, 9.844468473217581561 ) ) ;
#3118 = CARTESIAN_POINT ( 'NONE',  ( 1349.685916570158270, 877.3539137252441833, 94.87728604001010524 ) ) ;
#3119 = CARTESIAN_POINT ( 'NONE',  ( 1156.750187569277841, 324.1257096485830402, -79.56763469307075809 ) ) ;
#3120 = CARTESIAN_POINT ( 'NONE',  ( 1410.882627756974443, 956.3420108964627389, 19.12689952098172341 ) ) ;
#3121 = CARTESIAN_POINT ( 'NONE',  ( 896.1619638141489759, 157.6085831417420025, 18.59750377214885830 ) ) ;
#3122 = CARTESIAN_POINT ( 'NONE',  ( 1100.604049846604312, 306.6190269977851699, -34.73788985720079125 ) ) ;
#3123 = CARTESIAN_POINT ( 'NONE',  ( 1108.446270955441832, 278.6636784846447767, -54.74344164991253336 ) ) ;
#3124 = CARTESIAN_POINT ( 'NONE',  ( 842.1882416898306474, 127.6343435593895492, 42.80736286402251523 ) ) ;
#3125 = CARTESIAN_POINT ( 'NONE',  ( 618.3251888584247808, 21.08104390198494116, 31.00546587864527837 ) ) ;
#3126 = CARTESIAN_POINT ( 'NONE',  ( 1149.949416303143153, 345.8305163804316749, -30.48670037716522430 ) ) ;
#3127 = CARTESIAN_POINT ( 'NONE',  ( 1175.137758515852966, 453.5012877906976314, 61.29318451925028910 ) ) ;
#3128 = CARTESIAN_POINT ( 'NONE',  ( 1173.813304486532388, 457.2702353607915597, 50.62788675368675939 ) ) ;
#3129 = CARTESIAN_POINT ( 'NONE',  ( 1450.023679970052171, 824.8358481620902012, -90.82662634709743088 ) ) ;
#3130 = CARTESIAN_POINT ( 'NONE',  ( 1310.426507878876919, 714.6383068807757581, 65.48279176057179995 ) ) ;
#3131 = CARTESIAN_POINT ( 'NONE',  ( 1006.285107674345340, 201.1827189987621978, -54.55143711148769370 ) ) ;
#3132 = CARTESIAN_POINT ( 'NONE',  ( 560.0000000000002274, -6.570901345790734815, -23.32217193664095589 ) ) ;
#3133 = CARTESIAN_POINT ( 'NONE',  ( 1274.387979101311203, 517.5580725835231988, -36.13386042860496161 ) ) ;
#3134 = CARTESIAN_POINT ( 'NONE',  ( 1250.138024340063112, 574.9310892683607790, 39.78482861011843852 ) ) ;
#3135 = CARTESIAN_POINT ( 'NONE',  ( 1208.173577774439991, 358.8267042031754954, -98.39544887173934740 ) ) ;
#3136 = CARTESIAN_POINT ( 'NONE',  ( 1296.855817018581092, 741.7188226892060356, 101.1789382961560051 ) ) ;
#3137 = CARTESIAN_POINT ( 'NONE',  ( 1397.429574538008865, 976.7775870147975183, 50.60862167511461251 ) ) ;
#3138 = CARTESIAN_POINT ( 'NONE',  ( 1158.523020203933129, 318.4856516279370453, -84.95883619860724423 ) ) ;
#3139 = CARTESIAN_POINT ( 'NONE',  ( 1359.168451660187657, 744.9105235022848319, -15.29498153291057250 ) ) ;
#3140 = CARTESIAN_POINT ( 'NONE',  ( 559.9999999999994316, -7.526738489029066947, -20.78834827395656504 ) ) ;
#3141 = CARTESIAN_POINT ( 'NONE',  ( 843.7863465603534223, 114.5527047001557435, -9.248512188054888838 ) ) ;
#3142 = CARTESIAN_POINT ( 'NONE',  ( 1251.623901960595731, 415.0079685671977927, -92.83169666827124900 ) ) ;
#3143 = CARTESIAN_POINT ( 'NONE',  ( 618.3080280496919841, 22.08564991747854833, 31.45632190971321052 ) ) ;
#3144 = CARTESIAN_POINT ( 'NONE',  ( 1265.826944177685846, 537.8199156093650117, -4.678787563454167575 ) ) ;
#3145 = CARTESIAN_POINT ( 'NONE',  ( 618.3752412855321836, 18.26906658253606253, 24.08149308554680701 ) ) ;
#3146 = CARTESIAN_POINT ( 'NONE',  ( 1099.478018745494410, 310.7106613284822174, -1.095952521847031180 ) ) ;
#3147 = CARTESIAN_POINT ( 'NONE',  ( 1131.525426924265275, 404.5202203982393030, 77.74220503576891872 ) ) ;
#3148 = CARTESIAN_POINT ( 'NONE',  ( 1400.746313364930074, 790.1583776216696151, -51.65292987536486180 ) ) ;
#3149 = CARTESIAN_POINT ( 'NONE',  ( 734.3097814003751864, 35.50304389463516941, -32.73789393811331649 ) ) ;
#3150 = CARTESIAN_POINT ( 'NONE',  ( 560.0000000000000000, -1.381029150388595861, 0.5665085222802833664 ) ) ;
#3151 = CARTESIAN_POINT ( 'NONE',  ( 579.4826695105236922, -4.535917872832139430, -21.41973725587433464 ) ) ;
#3152 = CARTESIAN_POINT ( 'NONE',  ( 579.3625789393659034, 12.14148618038888827, 23.19969825244482564 ) ) ;
#3153 = ORIENTED_EDGE ( 'NONE', *, *, #3003, .F. ) ;
#3154 = CARTESIAN_POINT ( 'NONE',  ( 1009.223274570461513, 187.5575899506628161, -53.36049763331391205 ) ) ;
#3155 = CARTESIAN_POINT ( 'NONE',  ( 618.4406281486452599, 14.53489499095025117, 12.82600386951253668 ) ) ;
#3156 = CARTESIAN_POINT ( 'NONE',  ( 1393.551404096760052, 982.6685408299541677, 60.63457927697291439 ) ) ;
#3157 = CARTESIAN_POINT ( 'NONE',  ( 1393.659110842003656, 681.4216876586679064, -94.79587203182225608 ) ) ;
#3158 = CARTESIAN_POINT ( 'NONE',  ( 676.0505587716542095, 32.09822114249893588, 11.98049864821739519 ) ) ;
#3159 = CARTESIAN_POINT ( 'NONE',  ( 579.3938994133744700, 7.915656317499928818, -13.58603833219038215 ) ) ;
#3160 = CARTESIAN_POINT ( 'NONE',  ( 1059.259734596501858, 233.3816311591043302, -50.68335543877243765 ) ) ;
#3161 = CARTESIAN_POINT ( 'NONE',  ( 1206.745813728496387, 531.5019630889065638, 81.26705738062297257 ) ) ;
#3162 = CARTESIAN_POINT ( 'NONE',  ( 579.3755362081071780, 10.32942723337405155, 24.29727912969617876 ) ) ;
#3163 = CARTESIAN_POINT ( 'NONE',  ( 733.9903908439059705, 40.26463134142748856, -21.19727638295421812 ) ) ;
#3164 = CARTESIAN_POINT ( 'NONE',  ( 1090.838826973027608, 341.5837983839129492, 58.72014084844214210 ) ) ;
#3165 = CARTESIAN_POINT ( 'NONE',  ( 1112.245308559552996, 265.0463305370320768, -85.95500692136252496 ) ) ;
#3166 = CARTESIAN_POINT ( 'NONE',  ( 1134.557632868942619, 394.8595487676877838, 58.04571760641413647 ) ) ;
#3167 = CARTESIAN_POINT ( 'NONE',  ( 1106.605385279654911, 285.1804990156047097, -65.37957353351717416 ) ) ;
#3168 = CARTESIAN_POINT ( 'NONE',  ( 1252.968604561962366, 411.4948855893197788, -103.3932858477888459 ) ) ;
#3169 = CARTESIAN_POINT ( 'NONE',  ( 1005.527233219935397, 204.7972479058572901, -23.81400736220640013 ) ) ;
#3170 = CARTESIAN_POINT ( 'NONE',  ( 1400.897474979943809, 971.5108779247360644, 34.37230547859572027 ) ) ;
#3171 = CARTESIAN_POINT ( 'NONE',  ( 994.7405463156636642, 255.1023306850057111, 73.50284854388105771 ) ) ;
#3172 = LOCAL_TIME ( 9, 39, 0.000000000000000000, #1111 ) ;
#3173 = CARTESIAN_POINT ( 'NONE',  ( 1369.157755518988779, 952.0014122419262321, 83.51407256066271145 ) ) ;
#3174 = CARTESIAN_POINT ( 'NONE',  ( 560.0000000000001137, 4.678250325565441514, 19.12388773433150391 ) ) ;
#3175 = CARTESIAN_POINT ( 'NONE',  ( 1363.321959774430297, 609.0657567688296012, -98.79516346879114508 ) ) ;
#3176 = CARTESIAN_POINT ( 'NONE',  ( 949.7301918780167398, 187.0655362484232285, -6.259801535363751057 ) ) ;
#3177 = CARTESIAN_POINT ( 'NONE',  ( 1250.339624648824611, 418.3412767464132571, -88.54000602912942952 ) ) ;
#3178 = CARTESIAN_POINT ( 'NONE',  ( 1351.683762918018601, 758.6912477299373450, 5.857741011463427405 ) ) ;
#3179 = CARTESIAN_POINT ( 'NONE',  ( 1427.148294111269479, 745.0999719886247021, -94.87620545570570130 ) ) ;
#3180 = CARTESIAN_POINT ( 'NONE',  ( 994.8531051152416467, 254.5750978620829414, 73.93413275074544799 ) ) ;
#3181 = CARTESIAN_POINT ( 'NONE',  ( 618.5405763602827847, 8.797905039572901487, -3.424977894129048295 ) ) ;
#3182 = CARTESIAN_POINT ( 'NONE',  ( 618.3721595189581421, 18.44537722409091174, 24.60288895176364932 ) ) ;
#3183 = CARTESIAN_POINT ( 'NONE',  ( 1251.879927968187985, 414.3161043066868388, -101.8290647569971128 ) ) ;
#3184 = CARTESIAN_POINT ( 'NONE',  ( 898.9546905237664305, 139.2642812177211340, -29.58075430693046570 ) ) ;
#3185 = CARTESIAN_POINT ( 'NONE',  ( 1246.855220521496449, 427.3867553037555354, -76.42592487448521865 ) ) ;
#3186 = CARTESIAN_POINT ( 'NONE',  ( 1331.798164545370810, 671.9856836959494331, -2.843689882120546297 ) ) ;
#3187 = CARTESIAN_POINT ( 'NONE',  ( 791.3336849232892973, 57.75153893813749306, -38.20870974659388963 ) ) ;
#3188 = CARTESIAN_POINT ( 'NONE',  ( 995.0046230118009589, 253.8691479166130307, 68.80259122304846642 ) ) ;
#3189 = DIRECTION ( 'NONE',  ( 1.000000000000000000, -0.000000000000000000, 0.000000000000000000 ) ) ;
#3190 = CARTESIAN_POINT ( 'NONE',  ( 579.4786520135106684, -3.993003805920332550, -18.81399334452996186 ) ) ;
#3191 = CARTESIAN_POINT ( 'NONE',  ( 949.7685541051646396, 186.9474971728525077, 23.56890545170758600 ) ) ;
#3192 = CARTESIAN_POINT ( 'NONE',  ( 1086.249182670660048, 357.9816626621754381, 86.15434271257029764 ) ) ;
#3193 = CARTESIAN_POINT ( 'NONE',  ( 1448.894564521972370, 934.6125364112245961, -48.32186257489797043 ) ) ;
#3194 = CARTESIAN_POINT ( 'NONE',  ( 1138.458598396023262, 382.4326580636694644, 34.03963881094506405 ) ) ;
#3195 = CARTESIAN_POINT ( 'NONE',  ( 789.3316188332092906, 78.75028932740319476, -24.20921788537606290 ) ) ;
#3196 = CARTESIAN_POINT ( 'NONE',  ( 1443.472596233723834, 942.6196954500333050, -34.86813456312432180 ) ) ;
#3197 = CARTESIAN_POINT ( 'NONE',  ( 1350.505016106907760, 875.9489552909105896, 81.01000357485020231 ) ) ;
#3198 = CARTESIAN_POINT ( 'NONE',  ( 1242.052331631423385, 594.0949431744859339, 93.30274173632459167 ) ) ;
#3199 = CARTESIAN_POINT ( 'NONE',  ( 1197.359563770206478, 389.8336984405105454, -47.66068891746995462 ) ) ;
#3200 = CARTESIAN_POINT ( 'NONE',  ( 896.3121480228739983, 156.7025136688212399, 42.36556931313215557 ) ) ;
#3201 = CARTESIAN_POINT ( 'NONE',  ( 559.9999999999998863, -5.297826587274387933, -23.63795164167957097 ) ) ;
#3202 = CARTESIAN_POINT ( 'NONE',  ( 1135.038094511277450, 393.3289357466834417, 55.02736035041425566 ) ) ;
#3203 = CARTESIAN_POINT ( 'NONE',  ( 1057.443655129419540, 240.6746970088904618, -61.03738979713929780 ) ) ;
#3204 = CARTESIAN_POINT ( 'NONE',  ( 953.7867867943039073, 164.9953629178299934, -21.54708632742419283 ) ) ;
#3205 = CARTESIAN_POINT ( 'NONE',  ( 1044.384881373058988, 293.6474972175691960, 44.00512438823849237 ) ) ;
#3206 = CARTESIAN_POINT ( 'NONE',  ( 1041.587639993038465, 305.0204307180057981, 79.76400394914541891 ) ) ;
#3207 = CARTESIAN_POINT ( 'NONE',  ( 1042.109470007700565, 302.9015540793993750, 72.99802235025542529 ) ) ;
#3208 = CARTESIAN_POINT ( 'NONE',  ( 1132.664783738481447, 400.8894930657623945, 70.15809838042213187 ) ) ;
#3209 = CARTESIAN_POINT ( 'NONE',  ( 579.4474824895470420, 0.4245109811343238948, -24.99454052276880844 ) ) ;
#3210 = CARTESIAN_POINT ( 'NONE',  ( 1298.209866594852429, 608.0458867183739358, -15.44312797636837153 ) ) ;
#3211 = CARTESIAN_POINT ( 'NONE',  ( 791.5689699366324703, 55.22762186279360463, -46.36631543138449985 ) ) ;
#3212 = CARTESIAN_POINT ( 'NONE',  ( 1421.059629243048221, 975.7191496860299367, 2.783273620055803033 ) ) ;
#3213 = CARTESIAN_POINT ( 'NONE',  ( 1062.889202074138666, 218.6431755586446855, -78.59553014850004615 ) ) ;
#3214 = CARTESIAN_POINT ( 'NONE',  ( 1320.467500776024281, 816.1794257567001978, 108.4919910839027040 ) ) ;
#3215 = CARTESIAN_POINT ( 'NONE',  ( 1003.424806640005954, 214.6028557381923747, -5.165545777626037172 ) ) ;
#3216 = APPROVAL_DATE_TIME ( #1010, #2423 ) ;
#3217 = CARTESIAN_POINT ( 'NONE',  ( 1043.069907204364199, 298.9933712396394299, 60.06572079328877578 ) ) ;
#3218 = CARTESIAN_POINT ( 'NONE',  ( 1369.309344211484131, 597.1224553333611311, -109.7001218637405060 ) ) ;
#3219 = CARTESIAN_POINT ( 'NONE',  ( 1231.704516383366808, 466.6726069864742499, -40.64086717101147883 ) ) ;
#3220 = CARTESIAN_POINT ( 'NONE',  ( 1446.669395453589459, 901.9797040043434890, -53.91315205586135306 ) ) ;
#3221 = CARTESIAN_POINT ( 'NONE',  ( 1420.927338174001989, 941.0836605386117526, -3.060744011917892582 ) ) ;
#3222 = CARTESIAN_POINT ( 'NONE',  ( 579.4815594631656950, -4.387167578111745847, -20.55395797150475801 ) ) ;
#3223 = CARTESIAN_POINT ( 'NONE',  ( 842.0212351123544749, 129.0179332196124165, 51.68016632949004219 ) ) ;
#3224 = CARTESIAN_POINT ( 'NONE',  ( 1422.143678905377783, 974.1182258903197635, 7.570927090087155698 ) ) ;
#3225 = CARTESIAN_POINT ( 'NONE',  ( 734.2144741450049423, 36.92768617554227717, -29.07425947664293275 ) ) ;
#3226 = CARTESIAN_POINT ( 'NONE',  ( 1000.891684531427472, 226.4166328148650109, 18.38231935340978396 ) ) ;
#3227 = CARTESIAN_POINT ( 'NONE',  ( 1203.012588832913252, 373.6008969505812729, -85.28393977822804572 ) ) ;
#3228 = CARTESIAN_POINT ( 'NONE',  ( 1293.851886641668898, 617.5218737926461472, 18.44292274483976968 ) ) ;
#3229 = CARTESIAN_POINT ( 'NONE',  ( 618.4010108863426467, 16.14861993026418929, -16.30524000920238237 ) ) ;
#3230 = CARTESIAN_POINT ( 'NONE',  ( 618.6403354373220509, 2.987599114992438576, -19.65210752212905021 ) ) ;
#3231 = CARTESIAN_POINT ( 'NONE',  ( 675.6240677821643885, 42.13904421354770591, 28.77015840179283046 ) ) ;
#3232 = CARTESIAN_POINT ( 'NONE',  ( 560.0000000000000000, 5.337122493483589913, 21.38862958051633001 ) ) ;
#3233 = CARTESIAN_POINT ( 'NONE',  ( 1378.805144379422245, 708.7772950407445478, -50.82332846477361699 ) ) ;
#3234 = CARTESIAN_POINT ( 'NONE',  ( 896.6211356119760012, 154.6772516726175581, 37.39807691845032167 ) ) ;
#3235 = CARTESIAN_POINT ( 'NONE',  ( 996.7372907760252474, 245.7521946508659028, 40.45181827584057999 ) ) ;
#3236 = CARTESIAN_POINT ( 'NONE',  ( 1251.299745202637268, 415.8212780988345685, -100.5368608645208610 ) ) ;
#3237 = CARTESIAN_POINT ( 'NONE',  ( 1335.890162923368734, 787.7852217515546727, 68.20403643294250173 ) ) ;
#3238 = CARTESIAN_POINT ( 'NONE',  ( 1198.407830144592708, 386.7857768793055584, -70.66087292757043770 ) ) ;
#3239 = CARTESIAN_POINT ( 'NONE',  ( 579.4590637996501528, -1.290741809355792080, -10.34234802877503689 ) ) ;
#3240 = CARTESIAN_POINT ( 'NONE',  ( 1278.086923698004512, 651.6954076184557607, 60.54958289943379413 ) ) ;
#3241 = CARTESIAN_POINT ( 'NONE',  ( 946.0486334140406370, 207.2593539826914650, 59.84362223763756106 ) ) ;
#3242 = CARTESIAN_POINT ( 'NONE',  ( 1329.947970295190999, 798.7262461000285612, 86.38604571243511998 ) ) ;
#3243 = CARTESIAN_POINT ( 'NONE',  ( 1447.681265635667387, 900.4436039563893246, -60.27149663006731828 ) ) ;
#3244 = CARTESIAN_POINT ( 'NONE',  ( 1094.948552381280479, 326.8398403952933791, 4.148284363044271394 ) ) ;
#3245 = CARTESIAN_POINT ( 'NONE',  ( 1400.597892232726963, 668.6620801737452666, -101.0162448765040040 ) ) ;
#3246 = CARTESIAN_POINT ( 'NONE',  ( 675.7498458480413319, 38.96636808207796321, 0.5640871446325096406 ) ) ;
#3247 = CARTESIAN_POINT ( 'NONE',  ( 1113.201422496593295, 261.6567586133099894, -83.13328047357353512 ) ) ;
#3248 = CARTESIAN_POINT ( 'NONE',  ( 899.9817981663444471, 132.6526490959388980, -11.63287590410963013 ) ) ;
#3249 = CARTESIAN_POINT ( 'NONE',  ( 1207.970338646575101, 528.3196774165160150, 74.13807231922157825 ) ) ;
#3250 = CARTESIAN_POINT ( 'NONE',  ( 1010.405391523545404, 181.9945732489357511, -74.34893584098217900 ) ) ;
#3251 = CARTESIAN_POINT ( 'NONE',  ( 1304.470234040261857, 594.4693979729137254, -36.34234282518504244 ) ) ;
#3252 = CARTESIAN_POINT ( 'NONE',  ( 1447.996193443942047, 935.9392502013514559, -42.90484662935622850 ) ) ;
#3253 = CARTESIAN_POINT ( 'NONE',  ( 1002.910320936560424, 217.0022786292670673, -0.4751640731442091647 ) ) ;
#3254 = CARTESIAN_POINT ( 'NONE',  ( 560.0000000000002274, -7.470664134242595900, -19.59556450242975245 ) ) ;
#3255 = CARTESIAN_POINT ( 'NONE',  ( 1086.288572090572870, 357.8404472267006895, 82.52935110872709856 ) ) ;
#3256 = CARTESIAN_POINT ( 'NONE',  ( 560.0000000000000000, 6.178631720296636765, -3.347806327877286492 ) ) ;
#3257 = CARTESIAN_POINT ( 'NONE',  ( 1156.815895078888389, 323.9598543154226604, -63.72979545228700715 ) ) ;
#3258 = CARTESIAN_POINT ( 'NONE',  ( 1395.821684724786337, 910.0705209710524741, 26.20660007597327024 ) ) ;
#3259 = CARTESIAN_POINT ( 'NONE',  ( 1392.890893821807140, 682.8354280028603398, -93.39430537550707356 ) ) ;
#3260 = CARTESIAN_POINT ( 'NONE',  ( 579.4193639999641618, 4.220527705004084140, 5.630252044544739043 ) ) ;
#3261 = CARTESIAN_POINT ( 'NONE',  ( 1147.673538345686211, 353.0238566476323854, -42.55318730947610106 ) ) ;
#3262 = CARTESIAN_POINT ( 'NONE',  ( 1444.370215968024240, 941.2940912438078840, -36.47942587951658311 ) ) ;
#3263 = CARTESIAN_POINT ( 'NONE',  ( 732.2443395295057371, 66.12072381872080484, 32.04155463006506466 ) ) ;
#3264 = CARTESIAN_POINT ( 'NONE',  ( 1403.865611976488708, 1001.111262559093916, 49.26108949381252700 ) ) ;
#3265 = CARTESIAN_POINT ( 'NONE',  ( 1406.184526055812739, 780.8860951344380510, -50.86120509315123428 ) ) ;
#3266 = CARTESIAN_POINT ( 'NONE',  ( 560.0000000000006821, 3.124315811536257481, 14.17194203385691154 ) ) ;
#3267 = EDGE_CURVE ( 'NONE', #4737, #5901, #5158, .T. ) ;
#3268 = CARTESIAN_POINT ( 'NONE',  ( 1399.096382576152337, 974.2468314590751106, 38.87930276489080228 ) ) ;
#3269 = CARTESIAN_POINT ( 'NONE',  ( 1366.388492145664259, 602.9488518379615698, -104.4669637481048454 ) ) ;
#3270 = CARTESIAN_POINT ( 'NONE',  ( 896.8747321274668138, 153.0153141280518696, 33.42927320160678306 ) ) ;
#3271 = CARTESIAN_POINT ( 'NONE',  ( 733.4857364973973972, 47.56044036176836443, -32.91208582484168943 ) ) ;
#3272 = CARTESIAN_POINT ( 'NONE',  ( 1399.238942725924289, 792.7434124155511199, -35.11433743782685468 ) ) ;
#3273 = CARTESIAN_POINT ( 'NONE',  ( 1174.332701586954727, 455.7806060209265979, 47.32677937611710917 ) ) ;
#3274 = CARTESIAN_POINT ( 'NONE',  ( 560.0000000000002274, 7.162636657472952528, 21.58391585321887618 ) ) ;
#3275 = CARTESIAN_POINT ( 'NONE',  ( 1398.372718296018093, 975.3449564981107187, 48.38329036639937897 ) ) ;
#3276 = CARTESIAN_POINT ( 'NONE',  ( 1394.403958776362060, 680.0509897041569047, -96.13159069024361258 ) ) ;
#3277 = CARTESIAN_POINT ( 'NONE',  ( 896.9439968796274343, 152.4620133664368780, 2.166958801901018639 ) ) ;
#3278 = CARTESIAN_POINT ( 'NONE',  ( 618.6686348242490112, 1.091060231158515803, -30.26934742063599515 ) ) ;
#3279 = CARTESIAN_POINT ( 'NONE',  ( 948.7936834049359049, 192.1929421573262005, 7.146023127827247912 ) ) ;
#3280 = CARTESIAN_POINT ( 'NONE',  ( 1451.599024364986008, 894.4909225478194230, -63.01381083983846310 ) ) ;
#3281 = MANIFOLD_SOLID_BREP ( 'Loft1', #5565 ) ;
#3282 = CARTESIAN_POINT ( 'NONE',  ( 618.5529194687169365, 8.085334598601015443, -5.458073734068795702 ) ) ;
#3283 = CARTESIAN_POINT ( 'NONE',  ( 732.2497459786245599, 66.03554660778807772, 31.04572366989958354 ) ) ;
#3284 = CARTESIAN_POINT ( 'NONE',  ( 1240.742936927647406, 597.1934543180570927, 98.70636740505510431 ) ) ;
#3285 = CARTESIAN_POINT ( 'NONE',  ( 1370.253375024564320, 595.2401740942046899, -111.0811548263505415 ) ) ;
#3286 = CARTESIAN_POINT ( 'NONE',  ( 1144.393353527627141, 363.4733927562715508, -25.25528060077197523 ) ) ;
#3287 = CARTESIAN_POINT ( 'NONE',  ( 1289.295592854876759, 482.2782484501267959, -84.54392463690905402 ) ) ;
#3288 = CARTESIAN_POINT ( 'NONE',  ( 733.3846359255721836, 49.26051727367815403, 0.4860927394029960769 ) ) ;
#3289 = CARTESIAN_POINT ( 'NONE',  ( 1111.303199997810225, 268.4516509204567569, -70.49826404262452684 ) ) ;
#3290 = CARTESIAN_POINT ( 'NONE',  ( 1319.996643412946469, 817.0443144017267514, 107.1646975146028780 ) ) ;
#3291 = CARTESIAN_POINT ( 'NONE',  ( 1444.896138263993407, 940.5174095588560021, -37.43234133836050859 ) ) ;
#3292 = CARTESIAN_POINT ( 'NONE',  ( 1350.446117299476100, 760.9854636963870007, 25.25811672777868111 ) ) ;
#3293 = CARTESIAN_POINT ( 'NONE',  ( 955.3323739229372222, 156.4703811867892682, -58.56355893570543003 ) ) ;
#3294 = CARTESIAN_POINT ( 'NONE',  ( 1184.846700851579726, 425.6828027268344954, 10.63536175302715137 ) ) ;
#3295 = CARTESIAN_POINT ( 'NONE',  ( 1302.355959229607379, 599.0543351458761663, -29.42328642078109979 ) ) ;
#3296 = CARTESIAN_POINT ( 'NONE',  ( 559.9999999999998863, -6.988557550321990774, -16.86175736468588227 ) ) ;
#3297 = CARTESIAN_POINT ( 'NONE',  ( 787.8028013781745358, 95.04330320604685767, 40.22601163380210210 ) ) ;
#3298 = CARTESIAN_POINT ( 'NONE',  ( 733.9117498047555728, 41.43358212982275290, -18.50516620583536564 ) ) ;
#3299 = CARTESIAN_POINT ( 'NONE',  ( 1362.931860758433913, 854.7345790133435912, 57.28556274083280897 ) ) ;
#3300 = CARTESIAN_POINT ( 'NONE',  ( 1043.922570918384281, 295.5265225825086191, 49.48334303735536821 ) ) ;
#3301 = CARTESIAN_POINT ( 'NONE',  ( 1205.147942423290488, 367.4891196231838535, -91.03123528483848759 ) ) ;
#3302 = CARTESIAN_POINT ( 'NONE',  ( 579.4010303470928420, 6.771356578246720659, 13.22129260472532408 ) ) ;
#3303 = CARTESIAN_POINT ( 'NONE',  ( 1104.460473407034215, 292.8411729770472789, -55.54737326007008136 ) ) ;
#3304 = CARTESIAN_POINT ( 'NONE',  ( 579.4632867088639614, -1.875475204495286041, -12.02228018926474817 ) ) ;
#3305 = CARTESIAN_POINT ( 'NONE',  ( 1401.800722431363965, 970.1389462832180470, 32.13337620512231041 ) ) ;
#3306 = CARTESIAN_POINT ( 'NONE',  ( 1396.944922618378314, 977.5137758974277631, 51.72436255934415072 ) ) ;
#3307 = CARTESIAN_POINT ( 'NONE',  ( 894.7490544295596919, 166.9433011580721313, 59.02380187776059017 ) ) ;
#3308 = CARTESIAN_POINT ( 'NONE',  ( 1132.911666322353994, 400.1031213667915267, 68.62897467367356796 ) ) ;
#3309 = CARTESIAN_POINT ( 'NONE',  ( 1203.836381388549626, 371.2430641070725983, -87.56633485428977792 ) ) ;
#3310 = CARTESIAN_POINT ( 'NONE',  ( 788.3975707941299333, 88.65452060422782665, 4.503297548597530842 ) ) ;
#3311 = CARTESIAN_POINT ( 'NONE',  ( 1293.337879179270203, 472.7127274780813195, -96.69085444815816288 ) ) ;
#3312 = CARTESIAN_POINT ( 'NONE',  ( 949.0957483089877087, 190.5386559391727417, 2.655678025521392982 ) ) ;
#3313 = CARTESIAN_POINT ( 'NONE',  ( 903.3018786567145071, 110.8478427747438246, -60.59678828728786470 ) ) ;
#3314 = CARTESIAN_POINT ( 'NONE',  ( 1318.278180186727923, 564.5319557803477437, -75.74799432686481282 ) ) ;
#3315 = CARTESIAN_POINT ( 'NONE',  ( 1429.649622942567248, 963.0334528988489637, -8.177420272157020165 ) ) ;
#3316 = DATE_AND_TIME ( #4868, #3172 ) ;
#3317 = CARTESIAN_POINT ( 'NONE',  ( 1087.704369605774673, 352.7683316898557564, 68.24552460462139436 ) ) ;
#3318 = CARTESIAN_POINT ( 'NONE',  ( 842.6729592941144347, 123.7304157163052452, 47.13753519909931100 ) ) ;
#3319 = CARTESIAN_POINT ( 'NONE',  ( 847.4494752103926203, 84.84194459798577270, -55.32424968246010621 ) ) ;
#3320 = CARTESIAN_POINT ( 'NONE',  ( 788.9597704972117072, 82.68272574094524430, -14.86965701192796097 ) ) ;
#3321 = CARTESIAN_POINT ( 'NONE',  ( 1111.071219324029244, 269.2813420137538287, -69.15840655151821181 ) ) ;
#3322 = CARTESIAN_POINT ( 'NONE',  ( 1386.782552914543658, 814.0103431126235591, -4.859612336465049864 ) ) ;
#3323 = CARTESIAN_POINT ( 'NONE',  ( 1449.362279935998231, 933.9218146094907524, -45.30611010275996620 ) ) ;
#3324 = CARTESIAN_POINT ( 'NONE',  ( 1344.841626437986633, 885.6220104688862875, 97.95186950876524179 ) ) ;
#3325 = CARTESIAN_POINT ( 'NONE',  ( 1440.128132604791290, 947.5587970368897004, -28.77319011972192442 ) ) ;
#3326 = CARTESIAN_POINT ( 'NONE',  ( 950.0121637352133348, 185.6166656812054327, 20.67476659576949061 ) ) ;
#3327 = CARTESIAN_POINT ( 'NONE',  ( 579.4351838981465335, 2.148266957020767531, -23.37689937574179666 ) ) ;
#3328 = CARTESIAN_POINT ( 'NONE',  ( 618.4776926081028705, 12.41246879148193294, 6.723454692179457126 ) ) ;
#3329 = CARTESIAN_POINT ( 'NONE',  ( 1361.717037671492790, 740.2182957378017818, -22.26104119339804654 ) ) ;
#3330 = CARTESIAN_POINT ( 'NONE',  ( 1441.785344267836081, 909.3989917841785200, -44.99162363635677764 ) ) ;
#3331 = CARTESIAN_POINT ( 'NONE',  ( 1206.211461827215771, 532.8908757825345219, 84.62608393704702792 ) ) ;
#3332 = CARTESIAN_POINT ( 'NONE',  ( 1318.337937037519623, 564.4271379156703006, -60.78717895168037444 ) ) ;
#3333 = CARTESIAN_POINT ( 'NONE',  ( 1175.725251720180268, 451.8178801236684876, 58.08734085218247856 ) ) ;
#3334 = CARTESIAN_POINT ( 'NONE',  ( 1357.495499388589906, 864.0096936451000147, 59.97011568041993712 ) ) ;
#3335 = CARTESIAN_POINT ( 'NONE',  ( 1205.666916610061207, 366.0032827945398708, -92.42504287627627946 ) ) ;
#3336 = CARTESIAN_POINT ( 'NONE',  ( 579.3970612915304628, 7.323226209462994518, 14.91263718568331242 ) ) ;
#3337 = CARTESIAN_POINT ( 'NONE',  ( 789.7099823187148786, 74.75786848694859543, -31.64849843163901255 ) ) ;
#3338 = CARTESIAN_POINT ( 'NONE',  ( 676.5369490428970494, 20.53104306684110725, -18.24679505212463937 ) ) ;
#3339 = CARTESIAN_POINT ( 'NONE',  ( 618.3019292103226690, 22.19639117349871782, 17.48336204611573663 ) ) ;
#3340 = CARTESIAN_POINT ( 'NONE',  ( 579.3665432435219600, 11.57918943989958827, 26.02173102629598134 ) ) ;
#3341 = CARTESIAN_POINT ( 'NONE',  ( 732.5821795756606889, 61.16408264216654800, 32.06631756598968508 ) ) ;
#3342 = CARTESIAN_POINT ( 'NONE',  ( 1320.255382685562381, 816.5675246298449110, 106.0767652046710197 ) ) ;
#3343 = CARTESIAN_POINT ( 'NONE',  ( 1133.387507724868328, 398.5873262272490933, 65.59174164386037376 ) ) ;
#3344 = CARTESIAN_POINT ( 'NONE',  ( 1419.479054771986512, 758.1830326873277954, -87.68959268077571778 ) ) ;
#3345 = CARTESIAN_POINT ( 'NONE',  ( 1182.719085944492463, 431.7352113217490910, -1.342563863720846351 ) ) ;
#3346 = CARTESIAN_POINT ( 'NONE',  ( 676.7407964548641530, 15.56919694519269903, -33.94513514464964032 ) ) ;
#3347 = CARTESIAN_POINT ( 'NONE',  ( 947.9480695408681186, 196.8268105285392835, 20.73528334920726479 ) ) ;
#3348 = CARTESIAN_POINT ( 'NONE',  ( 847.8859056792023239, 81.32880643419836986, -53.77651522223862912 ) ) ;
#3349 = CARTESIAN_POINT ( 'NONE',  ( 954.0741678963422601, 163.3329742980959054, -50.27614417638044131 ) ) ;
#3350 = CARTESIAN_POINT ( 'NONE',  ( 846.0098010743315626, 96.61789460685626807, -17.20035279185907839 ) ) ;
#3351 = CARTESIAN_POINT ( 'NONE',  ( 560.0000000000000000, 7.382756734923376918, 18.43995445270067890 ) ) ;
#3352 = PRODUCT_RELATED_PRODUCT_CATEGORY ( 'detail', '', ( #3734 ) ) ;
#3353 = CARTESIAN_POINT ( 'NONE',  ( 1273.584690327790895, 661.4751929139218873, 94.02416557749833714 ) ) ;
#3354 = CARTESIAN_POINT ( 'NONE',  ( 1330.632094917461700, 537.7550922087714298, -103.5301606683217699 ) ) ;
#3355 = CARTESIAN_POINT ( 'NONE',  ( 1415.289277051380850, 879.4478439029692254, -30.27804292464086444 ) ) ;
#3356 = CARTESIAN_POINT ( 'NONE',  ( 1110.840582089679401, 270.1062811540394932, -67.80845956218612969 ) ) ;
#3357 = CARTESIAN_POINT ( 'NONE',  ( 1003.081343991664653, 216.2046735008602241, -2.039799661142849718 ) ) ;
#3358 = CARTESIAN_POINT ( 'NONE',  ( 847.6863106900827916, 82.97769577870603541, -45.66039987270769274 ) ) ;
#3359 = CARTESIAN_POINT ( 'NONE',  ( 841.9802054659045325, 129.3531419895238059, 53.40039357688597477 ) ) ;
#3360 = CARTESIAN_POINT ( 'NONE',  ( 560.0000000000000000, 6.238792681244744287, -3.003924660270067548 ) ) ;
#3361 = CARTESIAN_POINT ( 'NONE',  ( 1293.851886641668898, 617.5218737926461472, 18.44292274483976968 ) ) ;
#3362 = CARTESIAN_POINT ( 'NONE',  ( 1286.911122055157648, 487.8941794224752471, -90.15496507272250426 ) ) ;
#3363 = CARTESIAN_POINT ( 'NONE',  ( 898.0503806733894407, 145.3106882507093189, 15.67479289865200975 ) ) ;
#3364 = CARTESIAN_POINT ( 'NONE',  ( 1425.729807725916544, 933.7895717939720726, -22.07310980287070734 ) ) ;
#3365 = CARTESIAN_POINT ( 'NONE',  ( 1443.394246295622906, 906.9549438836988884, -47.93187659103210052 ) ) ;
#3366 = CARTESIAN_POINT ( 'NONE',  ( 1042.719883957441652, 300.4166710002533591, 64.66294064095609428 ) ) ;
#3367 = CARTESIAN_POINT ( 'NONE',  ( 618.6345355603698408, 3.331333814868226106, -18.63131021251140851 ) ) ;
#3368 = CARTESIAN_POINT ( 'NONE',  ( 675.9199627037547771, 35.19517663560520759, 20.69292750565652028 ) ) ;
#3369 = CARTESIAN_POINT ( 'NONE',  ( 1381.377728781413225, 932.7803249229572202, 50.43779301209362131 ) ) ;
#3370 = CARTESIAN_POINT ( 'NONE',  ( 1450.979237331934428, 931.5338930393313603, -51.15430964842708050 ) ) ;
#3371 = CARTESIAN_POINT ( 'NONE',  ( 788.6947613310140923, 85.65344843443004663, 27.01218231857791352 ) ) ;
#3372 = CARTESIAN_POINT ( 'NONE',  ( 1279.648323356725996, 505.0766510629548520, -70.82845008920139662 ) ) ;
#3373 = CARTESIAN_POINT ( 'NONE',  ( 846.5259965595025733, 92.42251923029301963, -25.81211665817835055 ) ) ;
#3374 = CARTESIAN_POINT ( 'NONE',  ( 1210.430440829671852, 521.9268928237049749, 60.13995612865484475 ) ) ;
#3375 = LOCAL_TIME ( 9, 39, 0.000000000000000000, #6610 ) ;
#3376 = CARTESIAN_POINT ( 'NONE',  ( 1042.245761591784003, 302.3505424777703752, 78.73705031250571551 ) ) ;
#3377 = CARTESIAN_POINT ( 'NONE',  ( 896.0626708106480010, 158.3371507417408282, 46.36409961499246180 ) ) ;
#3378 = CARTESIAN_POINT ( 'NONE',  ( 1344.841626437986633, 885.6220104688862875, 97.95186950876524179 ) ) ;
#3379 = CARTESIAN_POINT ( 'NONE',  ( 1173.124972600019191, 459.2688090445594753, 72.53660637779329079 ) ) ;
#3380 = CARTESIAN_POINT ( 'NONE',  ( 1361.956425130533489, 611.7895259746808279, -96.16035811506635866 ) ) ;
#3381 = CARTESIAN_POINT ( 'NONE',  ( 1161.744790142601232, 308.2482443232121909, -88.83544075439101562 ) ) ;
#3382 = CARTESIAN_POINT ( 'NONE',  ( 1254.715509990275905, 564.0919227815828663, 19.66351541500805311 ) ) ;
#3383 = CARTESIAN_POINT ( 'NONE',  ( 1113.175270734525839, 261.7379655280711290, -85.72762810472488582 ) ) ;
#3384 = CARTESIAN_POINT ( 'NONE',  ( 1106.053950990224394, 287.1502480708898588, -62.96370544848073081 ) ) ;
#3385 = CARTESIAN_POINT ( 'NONE',  ( 953.3847438854284064, 167.1919383773604579, -17.30524810273893976 ) ) ;
#3386 = CARTESIAN_POINT ( 'NONE',  ( 1393.363302695121774, 982.9555021207987693, 53.66036767712204636 ) ) ;
#3387 = CARTESIAN_POINT ( 'NONE',  ( 1112.660420492454477, 263.5648875825938831, -86.88635797038409692 ) ) ;
#3388 = CARTESIAN_POINT ( 'NONE',  ( 559.9999999999998863, 5.163142009168753432, 20.96366353072112787 ) ) ;
#3389 = CARTESIAN_POINT ( 'NONE',  ( 1425.121093259077497, 748.5538835605301529, -96.76991032896019362 ) ) ;
#3390 = CARTESIAN_POINT ( 'NONE',  ( 1302.355959229607379, 599.0543351458761663, -29.42328642078109979 ) ) ;
#3391 = CARTESIAN_POINT ( 'NONE',  ( 847.6863106900827916, 82.97769577870603541, -45.66039987270769274 ) ) ;
#3392 = CARTESIAN_POINT ( 'NONE',  ( 1368.182275651857253, 728.3327957342519312, -23.66881131865277510 ) ) ;
#3393 = CARTESIAN_POINT ( 'NONE',  ( 1423.536246217560119, 751.2659151848791907, -87.43441855545252395 ) ) ;
#3394 = CARTESIAN_POINT ( 'NONE',  ( 945.7306006134527934, 209.0053747536443041, 66.14710953433318252 ) ) ;
#3395 = CARTESIAN_POINT ( 'NONE',  ( 1430.961531996484382, 961.0960265103702795, -10.87602127443440558 ) ) ;
#3396 = CARTESIAN_POINT ( 'NONE',  ( 1423.044122397274577, 972.7884515608238871, 5.653041848560611982 ) ) ;
#3397 = CARTESIAN_POINT ( 'NONE',  ( 1108.624580746195988, 277.9716237228444697, -73.60451676247993191 ) ) ;
#3398 = CARTESIAN_POINT ( 'NONE',  ( 1002.398553701615583, 219.3890141337958823, 4.222035724675086144 ) ) ;
#3399 = CARTESIAN_POINT ( 'NONE',  ( 842.6766677983148384, 123.6180422171951676, 22.04268472522036149 ) ) ;
#3400 = CARTESIAN_POINT ( 'NONE',  ( 788.9597704972117072, 82.68272574094524430, -14.86965701192796097 ) ) ;
#3401 = CARTESIAN_POINT ( 'NONE',  ( 1445.717159983864576, 939.3049252476555466, -38.86791550016239682 ) ) ;
#3402 = CARTESIAN_POINT ( 'NONE',  ( 579.3613589326992042, 12.32531015223891657, 20.63599689106711210 ) ) ;
#3403 = CARTESIAN_POINT ( 'NONE',  ( 1381.548172418074273, 703.7280262211500030, -57.46029397543317430 ) ) ;
#3404 = CARTESIAN_POINT ( 'NONE',  ( 788.7521398511049711, 85.04729998800134183, 25.43404002335219261 ) ) ;
#3405 = CARTESIAN_POINT ( 'NONE',  ( 1208.586883853917925, 526.7174658650972106, 70.59646046966055621 ) ) ;
#3406 = CARTESIAN_POINT ( 'NONE',  ( 1269.063049626454131, 671.2782986369078344, 107.0107168196914671 ) ) ;
#3407 = CARTESIAN_POINT ( 'NONE',  ( 1250.567125901854070, 417.7224329813968779, -98.76717277369260728 ) ) ;
#3408 = CARTESIAN_POINT ( 'NONE',  ( 675.9374274899331567, 34.78109965135552528, 19.50194969098552278 ) ) ;
#3409 = CARTESIAN_POINT ( 'NONE',  ( 733.3229148326632867, 49.96629104251002218, -29.22819638789059837 ) ) ;
#3410 = CARTESIAN_POINT ( 'NONE',  ( 1006.918557020029880, 198.3083704100696423, -35.26379320775080117 ) ) ;
#3411 = CARTESIAN_POINT ( 'NONE',  ( 1305.318718601622550, 724.8209913679868350, 68.66553470241161961 ) ) ;
#3412 = CARTESIAN_POINT ( 'NONE',  ( 1336.256277444203079, 787.0992133148422454, 52.86068983824021927 ) ) ;
#3413 = CARTESIAN_POINT ( 'NONE',  ( 1205.550975524305841, 534.6168584887792576, 98.61315043405282665 ) ) ;
#3414 = CARTESIAN_POINT ( 'NONE',  ( 945.7199600236787091, 209.0618755511556230, 67.42581616803123268 ) ) ;
#3415 = CARTESIAN_POINT ( 'NONE',  ( 997.5621787758968821, 241.9455186863601455, 51.84009059516138507 ) ) ;
#3416 = CARTESIAN_POINT ( 'NONE',  ( 1086.288572090572870, 357.8404472267006895, 82.52935110872709856 ) ) ;
#3417 = CARTESIAN_POINT ( 'NONE',  ( 947.6591855859747966, 198.4713878024442693, 49.82486391101659962 ) ) ;
#3418 = CARTESIAN_POINT ( 'NONE',  ( 560.0000000000003411, 7.142550780634358887, 22.87349269654375661 ) ) ;
#3419 = CARTESIAN_POINT ( 'NONE',  ( 1156.750187569277841, 324.1257096485830402, -79.56763469307075809 ) ) ;
#3420 = CARTESIAN_POINT ( 'NONE',  ( 618.6551902060768953, 1.837489980622684538, -31.31694513524677959 ) ) ;
#3421 = CARTESIAN_POINT ( 'NONE',  ( 1406.396795271125711, 963.1563956854747630, 20.96141670868142270 ) ) ;
#3422 = CARTESIAN_POINT ( 'NONE',  ( 579.4755013982768332, -3.498496895444927812, -26.13079035344837919 ) ) ;
#3423 = CARTESIAN_POINT ( 'NONE',  ( 1439.664640944685743, 912.6216175237944981, -47.85903821438653694 ) ) ;
#3424 = CARTESIAN_POINT ( 'NONE',  ( 1434.700173841392598, 955.5748028052792051, -18.40274619963063785 ) ) ;
#3425 = CARTESIAN_POINT ( 'NONE',  ( 559.9999999999998863, 7.403933269176599552, 18.03891280886023551 ) ) ;
#3426 = CARTESIAN_POINT ( 'NONE',  ( 559.9999999999998863, -5.578885142187855806, -23.62430687900008763 ) ) ;
#3427 = CARTESIAN_POINT ( 'NONE',  ( 732.4660294135389904, 62.88895038775287105, 37.51773033423756232 ) ) ;
#3428 = CARTESIAN_POINT ( 'NONE',  ( 1367.413727892982024, 600.9035578500548809, -106.3628181813687519 ) ) ;
#3429 = CARTESIAN_POINT ( 'NONE',  ( 1445.230917535520348, 832.3761726611620588, -78.12320740961618526 ) ) ;
#3430 = CARTESIAN_POINT ( 'NONE',  ( 1192.569536974408720, 403.5564937102014937, -26.54149777236515106 ) ) ;
#3431 = CARTESIAN_POINT ( 'NONE',  ( 1397.755750572212946, 673.8941565297548095, -94.51072008267664160 ) ) ;
#3432 = CARTESIAN_POINT ( 'NONE',  ( 1128.052131642970835, 415.5810367716999281, 89.67355484629410967 ) ) ;
#3433 = CARTESIAN_POINT ( 'NONE',  ( 1227.638753675304997, 477.2713280475775264, -2.105093299989340139 ) ) ;
#3434 = CARTESIAN_POINT ( 'NONE',  ( 1263.435553694983128, 543.4798822763671069, 4.404745760159262780 ) ) ;
#3435 = CARTESIAN_POINT ( 'NONE',  ( 1275.484627604429988, 514.9288619497167474, -58.33439772990180927 ) ) ;
#3436 = CARTESIAN_POINT ( 'NONE',  ( 846.0817522224430149, 95.91302001080553907, -44.66641842971872478 ) ) ;
#3437 = CARTESIAN_POINT ( 'NONE',  ( 1331.022785200921589, 673.5330649695863485, -0.4867381275506198479 ) ) ;
#3438 = CARTESIAN_POINT ( 'NONE',  ( 675.8475265603655089, 36.60651220303557096, -9.244298993268580844 ) ) ;
#3439 = CARTESIAN_POINT ( 'NONE',  ( 1288.267858788658941, 484.7107878764798556, -81.29323379486282874 ) ) ;
#3440 = CARTESIAN_POINT ( 'NONE',  ( 946.2172972255009427, 206.3291628721659094, 55.35030280901673905 ) ) ;
#3441 = CARTESIAN_POINT ( 'NONE',  ( 1365.416476379683672, 850.4919299192889639, 50.52472394271253364 ) ) ;
#3442 = CARTESIAN_POINT ( 'NONE',  ( 787.9068319356304073, 93.91288307646296118, 31.02028348603963792 ) ) ;
#3443 = CARTESIAN_POINT ( 'NONE',  ( 1128.971906271062608, 412.6492998131693071, 90.21990711213403813 ) ) ;
#3444 = CARTESIAN_POINT ( 'NONE',  ( 1395.851694741137408, 677.3868422356197243, -98.65497328767206398 ) ) ;
#3445 = CARTESIAN_POINT ( 'NONE',  ( 1286.863569649008468, 632.6764940331411253, 43.34552178789564891 ) ) ;
#3446 = CARTESIAN_POINT ( 'NONE',  ( 1430.750565617272741, 855.1365897071559630, -60.51357427732524741 ) ) ;
#3447 = CARTESIAN_POINT ( 'NONE',  ( 846.7359698585999013, 90.71547433969944052, -29.23886426847492359 ) ) ;
#3448 = CARTESIAN_POINT ( 'NONE',  ( 1209.807113036965120, 523.5465762801113669, 63.62926716558362017 ) ) ;
#3449 = CARTESIAN_POINT ( 'NONE',  ( 894.8583945826511581, 166.2210292778661085, 61.11310063031244511 ) ) ;
#3450 = CARTESIAN_POINT ( 'NONE',  ( 1358.024379984424513, 863.1146702210039621, 70.87895504873641528 ) ) ;
#3451 = CARTESIAN_POINT ( 'NONE',  ( 675.6172497349009518, 42.35985007649646406, 35.81008237823609619 ) ) ;
#3452 = CARTESIAN_POINT ( 'NONE',  ( 1247.266296720780019, 581.7519374906895564, 69.76372302454227281 ) ) ;
#3453 = CARTESIAN_POINT ( 'NONE',  ( 1420.260718555904077, 756.8489632170314962, -89.00644334819787673 ) ) ;
#3454 = CARTESIAN_POINT ( 'NONE',  ( 1450.485560436590504, 824.1136910245619447, -88.71669424056376840 ) ) ;
#3455 = CARTESIAN_POINT ( 'NONE',  ( 842.7473635361311608, 123.0386506400031266, 19.55161548706817953 ) ) ;
#3456 = CARTESIAN_POINT ( 'NONE',  ( 1370.878178718674917, 593.9966209277043845, -110.8723667715989905 ) ) ;
#3457 = CARTESIAN_POINT ( 'NONE',  ( 1277.263124695398119, 510.7537413224470129, -46.01405664898854297 ) ) ;
#3458 = CARTESIAN_POINT ( 'NONE',  ( 1393.773215192492671, 982.3328297607703234, 52.55279168826034208 ) ) ;
#3459 = CARTESIAN_POINT ( 'NONE',  ( 1453.516901486064398, 927.7862723619386998, -54.31296439926394726 ) ) ;
#3460 = CARTESIAN_POINT ( 'NONE',  ( 1351.601768455395586, 874.0827465584312677, 89.68541973064432682 ) ) ;
#3461 = CARTESIAN_POINT ( 'NONE',  ( 1061.416702021431774, 224.5898687884192668, -77.84362181446680040 ) ) ;
#3462 = CARTESIAN_POINT ( 'NONE',  ( 847.6437470620312524, 83.32576264557064860, -44.77692814773212859 ) ) ;
#3463 = CARTESIAN_POINT ( 'NONE',  ( 579.4443454539801905, 0.7502490556882370765, -4.460104130326166150 ) ) ;
#3464 = CARTESIAN_POINT ( 'NONE',  ( 1160.512465123122638, 312.1849419534168533, -80.58424873721521919 ) ) ;
#3465 = CARTESIAN_POINT ( 'NONE',  ( 1041.587639993038465, 305.0204307180057981, 79.76400394914541891 ) ) ;
#3466 = CARTESIAN_POINT ( 'NONE',  ( 1052.187585768863300, 262.0513676969578114, -0.7581293504671104966 ) ) ;
#3467 = CARTESIAN_POINT ( 'NONE',  ( 618.4902278808485789, 11.69221862676477386, 4.688886622463129150 ) ) ;
#3468 = CARTESIAN_POINT ( 'NONE',  ( 560.0000000000000000, 2.889332507372085690, -14.43339293254123135 ) ) ;
#3469 = CARTESIAN_POINT ( 'NONE',  ( 618.5027265740957318, 10.36927797367655124, -26.61192938845346490 ) ) ;
#3470 = CARTESIAN_POINT ( 'NONE',  ( 844.9721230825723524, 105.0497144930859577, 1.413573418240273050 ) ) ;
#3471 = CARTESIAN_POINT ( 'NONE',  ( 1045.102661870378597, 290.7307146890919398, 35.83669674180731590 ) ) ;
#3472 = CARTESIAN_POINT ( 'NONE',  ( 579.4809050835970083, -4.298955360563387451, -20.11862736763076853 ) ) ;
#3473 = CARTESIAN_POINT ( 'NONE',  ( 1168.973998772919231, 471.1529714769705492, 83.74253232606257313 ) ) ;
#3474 = CARTESIAN_POINT ( 'NONE',  ( 1357.535282404541249, 620.6276503224627277, -74.81534593643142728 ) ) ;
#3475 = CARTESIAN_POINT ( 'NONE',  ( 1312.607379638123575, 710.2855714928086854, 58.17909852087100830 ) ) ;
#3476 = CARTESIAN_POINT ( 'NONE',  ( 1243.011932812521763, 591.8080865039718219, 73.45959906733196476 ) ) ;
#3477 = CARTESIAN_POINT ( 'NONE',  ( 732.3214325691159274, 65.01556901103390373, 41.39260703228192284 ) ) ;
#3478 = CARTESIAN_POINT ( 'NONE',  ( 902.0300259855138165, 119.1452972930946430, -57.03787864595559398 ) ) ;
#3479 = CARTESIAN_POINT ( 'NONE',  ( 1047.356391705795431, 281.6365812923326644, 37.79421917925188268 ) ) ;
#3480 = CARTESIAN_POINT ( 'NONE',  ( 1235.915157364641118, 455.7424004836186668, -56.22297536182013999 ) ) ;
#3481 = CARTESIAN_POINT ( 'NONE',  ( 1317.202030397506405, 566.8900377817203662, -57.47742221025734466 ) ) ;
#3482 = CARTESIAN_POINT ( 'NONE',  ( 842.3894907839709276, 125.9760396541267085, 33.31017499260895676 ) ) ;
#3483 = CARTESIAN_POINT ( 'NONE',  ( 579.3635954282513012, 11.98494511819252750, 26.10581377032929140 ) ) ;
#3484 = CARTESIAN_POINT ( 'NONE',  ( 676.1310295295028254, 29.86667477907336377, -25.51238585562929373 ) ) ;
#3485 = CARTESIAN_POINT ( 'NONE',  ( 1332.968760520673641, 793.1642632864560483, 77.26009281093845971 ) ) ;
#3486 = CARTESIAN_POINT ( 'NONE',  ( 618.3813710688566516, 17.92091686509147763, 23.04407885675575329 ) ) ;
#3487 = CARTESIAN_POINT ( 'NONE',  ( 733.8009768310911340, 42.91084554072210722, -38.57337061271294942 ) ) ;
#3488 = CARTESIAN_POINT ( 'NONE',  ( 579.4799217188852936, -4.113988319134457505, -25.71613631319900506 ) ) ;
#3489 = CARTESIAN_POINT ( 'NONE',  ( 1316.806964046826806, 701.8860936700104958, 27.79794811279477074 ) ) ;
#3490 = CARTESIAN_POINT ( 'NONE',  ( 1453.074034679861597, 892.2509789671440785, -66.96764396275975173 ) ) ;
#3491 = CARTESIAN_POINT ( 'NONE',  ( 1055.588031987158502, 248.2663023091541845, -26.05541339674895696 ) ) ;
#3492 = CARTESIAN_POINT ( 'NONE',  ( 894.9873252094191685, 165.3656687849777427, 51.97428860715830012 ) ) ;
#3493 = CARTESIAN_POINT ( 'NONE',  ( 734.2505551828846819, 36.29970601345305425, -42.95421864885105379 ) ) ;
#3494 = CARTESIAN_POINT ( 'NONE',  ( 1303.390064041197775, 728.6825069367149581, 89.41815356276346449 ) ) ;
#3495 = CARTESIAN_POINT ( 'NONE',  ( 847.1626215778439928, 87.16365998131021797, -53.64738745262378927 ) ) ;
#3496 = CARTESIAN_POINT ( 'NONE',  ( 618.3475008104605877, 19.27241765732320999, -6.005771807847681387 ) ) ;
#3497 = CARTESIAN_POINT ( 'NONE',  ( 1061.674626832501872, 223.5870215950684212, -66.64433058242838115 ) ) ;
#3498 = CARTESIAN_POINT ( 'NONE',  ( 579.4837327990989024, -4.675501711436730545, -22.73256262998672383 ) ) ;
#3499 = CARTESIAN_POINT ( 'NONE',  ( 1319.868090682214415, 817.2817309359085129, 108.3027917400515463 ) ) ;
#3500 = CARTESIAN_POINT ( 'NONE',  ( 560.0000000000000000, 7.528714338179661958, 10.70805916150541393 ) ) ;
#3501 = CARTESIAN_POINT ( 'NONE',  ( 1405.928831217589732, 998.0643018029331870, 43.83786954756101295 ) ) ;
#3502 = CARTESIAN_POINT ( 'NONE',  ( 1098.635314140499304, 313.7220102624891069, 4.390450319856557648 ) ) ;
#3503 = CARTESIAN_POINT ( 'NONE',  ( 1433.051123285551284, 922.6680407315187722, -36.27552177966212810 ) ) ;
#3504 = CARTESIAN_POINT ( 'NONE',  ( 676.2484291421377520, 27.09691646640715845, -29.72301320713665618 ) ) ;
#3505 = CARTESIAN_POINT ( 'NONE',  ( 560.0000000000000000, 7.081725317606846204, 23.21528079727539406 ) ) ;
#3506 = CARTESIAN_POINT ( 'NONE',  ( 579.4277071022997916, 3.062573706012080343, 2.272390122788973787 ) ) ;
#3507 = CARTESIAN_POINT ( 'NONE',  ( 1133.665053623488802, 397.6729005470295988, 44.53345987064287925 ) ) ;
#3508 = CARTESIAN_POINT ( 'NONE',  ( 676.6916890221148151, 16.80943663406450739, -28.31068651717783524 ) ) ;
#3509 = CARTESIAN_POINT ( 'NONE',  ( 1391.776045526333974, 985.3666212735990939, 58.04363603511546188 ) ) ;
#3510 = CARTESIAN_POINT ( 'NONE',  ( 1107.969428820669464, 280.3677294889960763, -52.12504664230121421 ) ) ;
#3511 = CARTESIAN_POINT ( 'NONE',  ( 1386.665449947863863, 924.4705285755760542, 48.21489606839440256 ) ) ;
#3512 = SECURITY_CLASSIFICATION ( '', '', #1522 ) ;
#3513 = CARTESIAN_POINT ( 'NONE',  ( 675.6332295352958681, 41.87676301457818084, 23.06632388229590802 ) ) ;
#3514 = CARTESIAN_POINT ( 'NONE',  ( 1324.556424891083907, 808.6537238673178081, 102.9207147856981805 ) ) ;
#3515 = CARTESIAN_POINT ( 'NONE',  ( 846.8844496263005794, 89.41553323582586188, -51.54554136637458583 ) ) ;
#3516 = CARTESIAN_POINT ( 'NONE',  ( 1285.880383666165471, 634.8086667412121642, 46.92891866767626396 ) ) ;
#3517 = CARTESIAN_POINT ( 'NONE',  ( 842.9557458758627035, 121.3327292290657624, 12.73025486372509718 ) ) ;
#3518 = CARTESIAN_POINT ( 'NONE',  ( 899.2176977722697302, 137.5411828459315302, -32.72441763647385216 ) ) ;
#3519 = CARTESIAN_POINT ( 'NONE',  ( 579.4674381489026018, -2.449311752448639190, -13.70615917722911448 ) ) ;
#3520 = CARTESIAN_POINT ( 'NONE',  ( 675.6307172429529828, 41.94587281435264003, 24.31817687142964601 ) ) ;
#3521 = CARTESIAN_POINT ( 'NONE',  ( 559.9999999999997726, 6.117037372867490497, 22.73528126829497609 ) ) ;
#3522 = CARTESIAN_POINT ( 'NONE',  ( 1277.239862188055895, 653.5473859756320962, 79.44569299164460574 ) ) ;
#3523 = CARTESIAN_POINT ( 'NONE',  ( 994.7434847067974033, 255.0889807440572383, 73.07349934686570236 ) ) ;
#3524 = CARTESIAN_POINT ( 'NONE',  ( 1279.271393461934849, 649.1414771662964540, 71.57858010974413787 ) ) ;
#3525 = CARTESIAN_POINT ( 'NONE',  ( 790.2529128106247072, 69.03928516361766299, -39.99476886902896666 ) ) ;
#3526 = CARTESIAN_POINT ( 'NONE',  ( 1295.149720194368683, 468.4152313927767750, -105.0273020411304401 ) ) ;
#3527 = CARTESIAN_POINT ( 'NONE',  ( 1045.102661870378597, 290.7307146890919398, 35.83669674180731590 ) ) ;
#3528 = CARTESIAN_POINT ( 'NONE',  ( 734.3266419612313030, 35.18190385732124525, -42.58997782204097859 ) ) ;
#3529 = CARTESIAN_POINT ( 'NONE',  ( 1436.132517127073925, 953.4595192261627972, -21.19285469555924095 ) ) ;
#3530 = CARTESIAN_POINT ( 'NONE',  ( 1372.164984705549159, 947.2714533451655825, 75.33038299314146968 ) ) ;
#3531 = CARTESIAN_POINT ( 'NONE',  ( 560.0000000000002274, 4.942370757257539715, 20.21209848238544993 ) ) ;
#3532 = CARTESIAN_POINT ( 'NONE',  ( 956.4164969399528218, 150.5634182164592403, -64.18210615985211120 ) ) ;
#3533 = CARTESIAN_POINT ( 'NONE',  ( 1364.761776774391819, 606.2081897367710326, -92.87910109357456179 ) ) ;
#3534 = CARTESIAN_POINT ( 'NONE',  ( 579.4839857915192169, -4.702638193065459049, -23.65764948574892301 ) ) ;
#3535 = CARTESIAN_POINT ( 'NONE',  ( 787.7159094365157443, 95.98889906440389552, 48.34519457041798063 ) ) ;
#3536 = CARTESIAN_POINT ( 'NONE',  ( 560.0000000000000000, -0.4552577358111427053, 3.300016248073703196 ) ) ;
#3537 = CARTESIAN_POINT ( 'NONE',  ( 1132.169987131251673, 402.4658541215360970, 73.22202347784178755 ) ) ;
#3538 = CARTESIAN_POINT ( 'NONE',  ( 1385.032693707401677, 816.9979993986230511, -0.4907207245198661472 ) ) ;
#3539 = CARTESIAN_POINT ( 'NONE',  ( 618.3598577392109519, 19.15616915591787617, 27.10766308690844895 ) ) ;
#3540 = CARTESIAN_POINT ( 'NONE',  ( 1346.041210158400645, 643.5409470406100354, -60.23129642254801297 ) ) ;
#3541 = CARTESIAN_POINT ( 'NONE',  ( 1107.155844911392478, 283.2163202754389317, -67.70357561810627089 ) ) ;
#3542 = CARTESIAN_POINT ( 'NONE',  ( 1329.477064353281548, 676.6177884751921283, 4.235620249580690277 ) ) ;
#3543 = CARTESIAN_POINT ( 'NONE',  ( 579.3618551926037981, 12.30541764770779700, 10.83073744524691584 ) ) ;
#3544 = CARTESIAN_POINT ( 'NONE',  ( 902.6097378898188026, 115.4221875858588362, -45.07241580714944007 ) ) ;
#3545 = CARTESIAN_POINT ( 'NONE',  ( 1205.408397630422996, 534.9783774358234041, 89.71424767081596485 ) ) ;
#3546 = CARTESIAN_POINT ( 'NONE',  ( 791.0811574269192761, 60.43059637471833412, -32.00020167344904110 ) ) ;
#3547 = CARTESIAN_POINT ( 'NONE',  ( 1137.962261975567799, 384.0137397283411360, 37.02598185702666456 ) ) ;
#3548 = CARTESIAN_POINT ( 'NONE',  ( 1043.699230865185200, 296.4344516927543509, 52.21448225846015845 ) ) ;
#3549 = CARTESIAN_POINT ( 'NONE',  ( 895.0902288736912169, 164.7007220261532154, 59.72995194782735950 ) ) ;
#3550 = CARTESIAN_POINT ( 'NONE',  ( 1449.831563596920887, 933.2287768218169504, -49.60710909179589834 ) ) ;
#3551 = CARTESIAN_POINT ( 'NONE',  ( 560.0000000000009095, 2.150583802177201687, 11.13885376258552462 ) ) ;
#3552 = CARTESIAN_POINT ( 'NONE',  ( 1290.224492936028810, 625.3653884400714560, 13.01986123797414763 ) ) ;
#3553 = CARTESIAN_POINT ( 'NONE',  ( 1004.350769299193303, 210.1975565943334914, -41.62293155431455460 ) ) ;
#3554 = CARTESIAN_POINT ( 'NONE',  ( 579.4694658776179494, -2.729407654067857791, -14.55063138672479184 ) ) ;
#3555 = CARTESIAN_POINT ( 'NONE',  ( 1395.554255648214848, 979.6274398050754826, 47.93920565105540987 ) ) ;
#3556 = CARTESIAN_POINT ( 'NONE',  ( 1371.271492696041605, 948.6822992183834913, 86.44547861598910288 ) ) ;
#3557 = CARTESIAN_POINT ( 'NONE',  ( 1173.705601026373188, 457.6051268041946969, 69.31171985527979018 ) ) ;
#3558 = CARTESIAN_POINT ( 'NONE',  ( 1045.577911889476582, 288.8469189786882225, 53.00228647514251890 ) ) ;
#3559 = CARTESIAN_POINT ( 'NONE',  ( 1414.661716990623745, 766.4051624153056537, -79.22847466629542623 ) ) ;
#3560 = CARTESIAN_POINT ( 'NONE',  ( 1010.810352346683771, 180.1150398058169344, -74.27374107349410792 ) ) ;
#3561 = CARTESIAN_POINT ( 'NONE',  ( 675.6574701824785052, 41.24746056683023454, 15.52270351957759331 ) ) ;
#3562 = CARTESIAN_POINT ( 'NONE',  ( 791.2780143608686103, 58.27109975502155237, -49.19955528045849746 ) ) ;
#3563 = CARTESIAN_POINT ( 'NONE',  ( 1086.587207128397495, 356.7734937191378322, 85.45720713234197774 ) ) ;
#3564 = CARTESIAN_POINT ( 'NONE',  ( 842.1187159221285583, 128.2110888000599687, 47.31950734712894047 ) ) ;
#3565 = CARTESIAN_POINT ( 'NONE',  ( 842.7021338036610132, 123.4931253220975123, 46.28689969705492757 ) ) ;
#3566 = CARTESIAN_POINT ( 'NONE',  ( 1249.253429242002312, 421.1316259872596675, -95.54958141907499680 ) ) ;
#3567 = CARTESIAN_POINT ( 'NONE',  ( 676.7278009940127959, 15.91821509968242765, -31.94712230635040484 ) ) ;
#3568 = CARTESIAN_POINT ( 'NONE',  ( 1224.034609210755889, 486.5881400828957339, -8.014537479650845953 ) ) ;
#3569 = CARTESIAN_POINT ( 'NONE',  ( 1345.496456512370059, 884.5052530431854620, 100.9956097377371265 ) ) ;
#3570 = CARTESIAN_POINT ( 'NONE',  ( 734.4348264343593655, 33.60368347072566308, -39.19399407643263089 ) ) ;
#3571 = CARTESIAN_POINT ( 'NONE',  ( 1319.885538314325458, 817.2492297996573143, 107.8223467247223368 ) ) ;
#3572 = CARTESIAN_POINT ( 'NONE',  ( 560.0000000000000000, 7.359688717927378221, 19.24869377643415191 ) ) ;
#3573 = CARTESIAN_POINT ( 'NONE',  ( 1396.464519763563203, 978.2435331751861440, 52.84044157230607652 ) ) ;
#3574 = CARTESIAN_POINT ( 'NONE',  ( 579.4304975279244445, 2.673854316884970661, 1.149017232608693595 ) ) ;
#3575 = CARTESIAN_POINT ( 'NONE',  ( 579.3795004201813299, 9.766695098526813723, 22.90752429145948810 ) ) ;
#3576 = CARTESIAN_POINT ( 'NONE',  ( 1405.590303545391407, 781.8893958654969083, -61.76874707650241447 ) ) ;
#3577 = CARTESIAN_POINT ( 'NONE',  ( 954.3399595232851880, 161.8827044033952234, -52.15038819018661087 ) ) ;
#3578 = CARTESIAN_POINT ( 'NONE',  ( 1141.359964378368659, 373.1398469444745842, -7.460297661181954254 ) ) ;
#3579 = CARTESIAN_POINT ( 'NONE',  ( 1402.712228437081194, 968.7541689170298014, 29.88864031043160807 ) ) ;
#3580 = CARTESIAN_POINT ( 'NONE',  ( 1110.372418993734755, 271.7802203654698587, -65.14092070971111070 ) ) ;
#3581 = CARTESIAN_POINT ( 'NONE',  ( 894.9326631484098016, 165.7294615765249546, 54.06224807657776665 ) ) ;
#3582 = CARTESIAN_POINT ( 'NONE',  ( 1059.635933336151311, 231.8563018639109430, -53.12385357180596657 ) ) ;
#3583 = CARTESIAN_POINT ( 'NONE',  ( 1138.458598396023262, 382.4326580636694644, 34.03963881094506405 ) ) ;
#3584 = CARTESIAN_POINT ( 'NONE',  ( 1242.266013343842587, 593.5749132094869083, 77.14329460631087443 ) ) ;
#3585 = CARTESIAN_POINT ( 'NONE',  ( 1301.146948347107582, 733.1603670986613679, 98.56155411565509894 ) ) ;
#3586 = CARTESIAN_POINT ( 'NONE',  ( 902.1530225444444113, 118.3420017941550668, -57.75998735716796517 ) ) ;
#3587 = CARTESIAN_POINT ( 'NONE',  ( 732.8838126475806121, 56.69032534640357568, 19.63792476305017232 ) ) ;
#3588 = CARTESIAN_POINT ( 'NONE',  ( 1047.164271516903227, 282.3573042340260031, 14.29105700106022958 ) ) ;
#3589 = CARTESIAN_POINT ( 'NONE',  ( 1054.526724921508048, 252.4924117616522778, -44.81578397618172005 ) ) ;
#3590 = CARTESIAN_POINT ( 'NONE',  ( 560.0000000000000000, -5.677341508107532242, -12.26904420024407827 ) ) ;
#3591 = CARTESIAN_POINT ( 'NONE',  ( 1242.266013343842587, 593.5749132094869083, 77.14329460631087443 ) ) ;
#3592 = CARTESIAN_POINT ( 'NONE',  ( 946.7676936028544787, 203.3397623871081805, 61.91792209834403593 ) ) ;
#3593 = CARTESIAN_POINT ( 'NONE',  ( 953.0697978390749086, 168.8138414324502889, -42.46837360716843079 ) ) ;
#3594 = CARTESIAN_POINT ( 'NONE',  ( 1091.087973247246964, 340.6933498990824774, 56.84173270816229717 ) ) ;
#3595 = CARTESIAN_POINT ( 'NONE',  ( 1041.590370706554268, 305.0096248027988963, 79.32847398609666811 ) ) ;
#3596 = CARTESIAN_POINT ( 'NONE',  ( 732.6323448503662803, 60.42074635866554644, 29.97931095002968860 ) ) ;
#3597 = CARTESIAN_POINT ( 'NONE',  ( 1108.222515160727653, 279.4068657644148743, -72.03908105204693868 ) ) ;
#3598 = CARTESIAN_POINT ( 'NONE',  ( 1403.190589065994800, 663.8834880628725159, -109.7445515331798163 ) ) ;
#3599 = CARTESIAN_POINT ( 'NONE',  ( 1053.528630361488922, 256.6149681017523108, -10.92169162958879802 ) ) ;
#3600 = CARTESIAN_POINT ( 'NONE',  ( 997.6791744385541278, 241.3458775633286848, 27.07549848759770938 ) ) ;
#3601 = CARTESIAN_POINT ( 'NONE',  ( 559.9999999999998863, -5.996869215601384084, -23.55271116694896705 ) ) ;
#3602 = CARTESIAN_POINT ( 'NONE',  ( 579.3615081560802764, 12.30248562930765210, 21.07123328438519394 ) ) ;
#3603 = CARTESIAN_POINT ( 'NONE',  ( 1209.107984996039932, 525.3825597413284640, 83.01161810298773958 ) ) ;
#3604 = CARTESIAN_POINT ( 'NONE',  ( 1397.472711182669627, 674.4034041408023086, -101.4113917874417012 ) ) ;
#3605 = CARTESIAN_POINT ( 'NONE',  ( 903.1705437397318974, 111.7352667284636709, -52.83096512771150088 ) ) ;
#3606 = CARTESIAN_POINT ( 'NONE',  ( 559.9999999999998863, 6.244036765320000626, -3.004830642166570698 ) ) ;
#3607 = CARTESIAN_POINT ( 'NONE',  ( 1293.337879179270203, 472.7127274780813195, -96.69085444815816288 ) ) ;
#3608 = CARTESIAN_POINT ( 'NONE',  ( 1127.919546372573450, 416.0031640694826933, 91.24426875921572844 ) ) ;
#3609 = CC_DESIGN_APPROVAL ( #7110, ( #3944 ) ) ;
#3610 = CARTESIAN_POINT ( 'NONE',  ( 1189.957872702541181, 411.0389882402936337, -14.22109030125266216 ) ) ;
#3611 = CARTESIAN_POINT ( 'NONE',  ( 895.9320100933039157, 159.1933593454795073, 48.38669529632209532 ) ) ;
#3612 = B_SPLINE_CURVE_WITH_KNOTS ( 'NONE', 3,
 ( #3759, #5969, #4877, #3224, #7089, #6001, #334, #2536, #914, #3115, #5319, #2574, #4775, #6989, #1664, #514, #6723, #3855, #2782, #3926, #550, #2747, #3891, #6583, #4476, #4369, #3 ),
 .UNSPECIFIED., .F., .F.,
 ( 4, 1, 1, 1, 1, 1, 1, 1, 1, 1, 1, 1, 1, 1, 1, 1, 1, 1, 1, 1, 1, 1, 1, 1, 4 ),
 ( 0.7491999999999917614, 0.7682070519699388811, 0.7890549424293812342, 0.8099028377410991686, 0.8307507311410471385, 0.8515986187266246787, 0.8724465054721479707, 0.8932943942103003243, 0.9141422844599972342, 0.9349901784595532339, 0.9558380728659425785, 0.9766859678813749612, 1.000000000000000000, 1.020847858669528208, 1.041695716516788606, 1.062543576587340777, 1.083391437262387846, 1.104239293827574908, 1.125087149511426077, 1.145935000585399210, 1.166782853679790621, 1.187630714053318659, 1.208478565342923750, 1.229326402445080069, 1.249200002000317111 ),
 .UNSPECIFIED. ) ;
#3613 = CARTESIAN_POINT ( 'NONE',  ( 1171.419017387626354, 464.1577863103692607, 82.22688762530698625 ) ) ;
#3614 = CARTESIAN_POINT ( 'NONE',  ( 1306.640785734973178, 589.7627117988508871, -43.16371691736258498 ) ) ;
#3615 = CARTESIAN_POINT ( 'NONE',  ( 1110.372418993734755, 271.7802203654698587, -65.14092070971111070 ) ) ;
#3616 = CARTESIAN_POINT ( 'NONE',  ( 949.7320592562534785, 187.0553960650735235, -6.255607016376186991 ) ) ;
#3617 = CARTESIAN_POINT ( 'NONE',  ( 618.3036455070100601, 22.04555364953616348, 14.25276400785515563 ) ) ;
#3618 = CARTESIAN_POINT ( 'NONE',  ( 1419.876962871203659, 757.5122623288351633, -79.93608324965852319 ) ) ;
#3619 = CARTESIAN_POINT ( 'NONE',  ( 1129.054522923700006, 412.3837775217081116, 82.22255345108835911 ) ) ;
#3620 = CARTESIAN_POINT ( 'NONE',  ( 1200.928451086310133, 379.6095021004394425, -62.43272365675630198 ) ) ;
#3621 = CARTESIAN_POINT ( 'NONE',  ( 1318.125222042827318, 699.2729349881072949, 40.03616106911474759 ) ) ;
#3622 = CARTESIAN_POINT ( 'NONE',  ( 560.0000000000002274, 7.458513349019809446, 16.68902791483584025 ) ) ;
#3623 = CARTESIAN_POINT ( 'NONE',  ( 1088.323720755931390, 350.5721921772495193, 78.48613244849799742 ) ) ;
#3624 = CARTESIAN_POINT ( 'NONE',  ( 955.7797486137485521, 154.0318836073844579, -61.03312604670938413 ) ) ;
#3625 = CARTESIAN_POINT ( 'NONE',  ( 1181.325911170845529, 435.7703691266712553, 28.42895046628684597 ) ) ;
#3626 = CARTESIAN_POINT ( 'NONE',  ( 1136.673937251947791, 388.0776521940014732, 22.86430282104291223 ) ) ;
#3627 = CARTESIAN_POINT ( 'NONE',  ( 1427.835475126874144, 859.7200105646485326, -55.20765864937897760 ) ) ;
#3628 = CARTESIAN_POINT ( 'NONE',  ( 676.5951000107273785, 19.13941544678395346, -21.76632168933756617 ) ) ;
#3629 = CARTESIAN_POINT ( 'NONE',  ( 842.3069328898250205, 126.6556755595111809, 37.06188406843764938 ) ) ;
#3630 = CARTESIAN_POINT ( 'NONE',  ( 1088.323720755931390, 350.5721921772495193, 78.48613244849799742 ) ) ;
#3631 = CARTESIAN_POINT ( 'NONE',  ( 1380.744913970245307, 705.1903433923401963, -68.97575490242790863 ) ) ;
#3632 = CARTESIAN_POINT ( 'NONE',  ( 997.8248205568548883, 240.7204918065768595, 49.03652134830312548 ) ) ;
#3633 = CARTESIAN_POINT ( 'NONE',  ( 1368.478439673897356, 598.7797060421755759, -108.2879426870192106 ) ) ;
#3634 = CARTESIAN_POINT ( 'NONE',  ( 1359.432498814426708, 860.7100856715718464, 66.90709144630780258 ) ) ;
#3635 = CARTESIAN_POINT ( 'NONE',  ( 1443.081492597608985, 907.4312248005838910, -53.38522351058413307 ) ) ;
#3636 = CARTESIAN_POINT ( 'NONE',  ( 1453.838706539610257, 927.3110308802062036, -54.35047383505870044 ) ) ;
#3637 = CARTESIAN_POINT ( 'NONE',  ( 733.6799244250826177, 44.87695553227504774, -10.40321956282912375 ) ) ;
#3638 = CARTESIAN_POINT ( 'NONE',  ( 1404.839832481831309, 965.5226711378013533, 24.70655500861061782 ) ) ;
#3639 = CARTESIAN_POINT ( 'NONE',  ( 847.6808185326995044, 82.97807701756306642, -55.24502332640013691 ) ) ;
#3640 = CARTESIAN_POINT ( 'NONE',  ( 675.6237165904244648, 42.15627494463225844, 30.00198756656762811 ) ) ;
#3641 = CARTESIAN_POINT ( 'NONE',  ( 1243.015056264475788, 591.8153705346207971, 88.08064756622898983 ) ) ;
#3642 = CARTESIAN_POINT ( 'NONE',  ( 1445.965000339840572, 831.2165903341652893, -85.14025028519928640 ) ) ;
#3643 = CARTESIAN_POINT ( 'NONE',  ( 847.7799722408253729, 82.21075576241004512, -47.44950652014680514 ) ) ;
#3644 = CARTESIAN_POINT ( 'NONE',  ( 1182.719085944492463, 431.7352113217490910, -1.342563863720846351 ) ) ;
#3645 = CARTESIAN_POINT ( 'NONE',  ( 1062.659892086061063, 219.5941990252527205, -72.47730087686267098 ) ) ;
#3646 = CARTESIAN_POINT ( 'NONE',  ( 1086.249182670660048, 357.9816626621754381, 86.15434271257029764 ) ) ;
#3647 = CARTESIAN_POINT ( 'NONE',  ( 789.7561519930065970, 74.44076973204759895, -0.6448859218682206906 ) ) ;
#3648 = CARTESIAN_POINT ( 'NONE',  ( 1243.401249154443349, 590.9010593534329701, 86.31183962534508680 ) ) ;
#3649 = CARTESIAN_POINT ( 'NONE',  ( 1359.643359093436402, 744.0528731999810361, -0.5173722410543840633 ) ) ;
#3650 = CARTESIAN_POINT ( 'NONE',  ( 895.7179475699259683, 160.5988936613792077, 52.31008343402137939 ) ) ;
#3651 = CARTESIAN_POINT ( 'NONE',  ( 1372.271283974626613, 720.7881229913159586, -49.52632245032857838 ) ) ;
#3652 = CARTESIAN_POINT ( 'NONE',  ( 791.3051889087491872, 58.05412216732695185, -37.42917326993433136 ) ) ;
#3653 = CARTESIAN_POINT ( 'NONE',  ( 1187.385121039882961, 418.4100505706085187, -1.825345309577312669 ) ) ;
#3654 = CARTESIAN_POINT ( 'NONE',  ( 1441.645648761719940, 838.0131564027238937, -71.42207465078956830 ) ) ;
#3655 = CARTESIAN_POINT ( 'NONE',  ( 1128.799309415852349, 413.1985341426988043, 84.13274072082106159 ) ) ;
#3656 = CARTESIAN_POINT ( 'NONE',  ( 560.0000000000000000, -5.134944032384826329, -23.62279876053609939 ) ) ;
#3657 = CARTESIAN_POINT ( 'NONE',  ( 1445.717159983864576, 939.3049252476555466, -38.86791550016239682 ) ) ;
#3658 = CARTESIAN_POINT ( 'NONE',  ( 999.9125233513111652, 230.9832652206985131, 27.88295529418357432 ) ) ;
#3659 = CARTESIAN_POINT ( 'NONE',  ( 946.4291213452225975, 205.1648636755316204, 50.33879982047029955 ) ) ;
#3660 = CARTESIAN_POINT ( 'NONE',  ( 560.0000000000001137, 5.558699487194010302, 21.83899465520277872 ) ) ;
#3661 = CARTESIAN_POINT ( 'NONE',  ( 1247.254101355623789, 426.3181859634256625, -90.71453263905388553 ) ) ;
#3662 = CARTESIAN_POINT ( 'NONE',  ( 1094.939621898334735, 326.9285583836730211, 29.27730326891716928 ) ) ;
#3663 = CARTESIAN_POINT ( 'NONE',  ( 1429.860142313663800, 927.5153507487849538, -30.27877246543275547 ) ) ;
#3664 = CARTESIAN_POINT ( 'NONE',  ( 676.6139072937495484, 18.68802105683283443, -22.94292205233028525 ) ) ;
#3665 = CARTESIAN_POINT ( 'NONE',  ( 618.3015758984548711, 22.27131549704071034, 20.71005517935730111 ) ) ;
#3666 = CARTESIAN_POINT ( 'NONE',  ( 560.0000000000006821, 6.403730791995291938, 23.09748764205258809 ) ) ;
#3667 = CARTESIAN_POINT ( 'NONE',  ( 1237.892570221526512, 450.6522755059045835, -43.99606214609780608 ) ) ;
#3668 = CARTESIAN_POINT ( 'NONE',  ( 1308.443851370254606, 718.5955053580443064, 72.20047533445270460 ) ) ;
#3669 = CARTESIAN_POINT ( 'NONE',  ( 1207.728282171009596, 360.1004095427411471, -97.71624569053844311 ) ) ;
#3670 = CARTESIAN_POINT ( 'NONE',  ( 843.3801401281632479, 117.9826098426089942, 32.00566496271233774 ) ) ;
#3671 = CARTESIAN_POINT ( 'NONE',  ( 1319.516017803745399, 561.8487557897531133, -78.85332706715932716 ) ) ;
#3672 = CARTESIAN_POINT ( 'NONE',  ( 1161.810895239188540, 308.0280483419296047, -91.58844062651998286 ) ) ;
#3673 = CARTESIAN_POINT ( 'NONE',  ( 1104.544381171986061, 292.6064524078941531, -32.77002439219311469 ) ) ;
#3674 = CARTESIAN_POINT ( 'NONE',  ( 842.6251491872586712, 124.0404771494907976, 23.91350230960946277 ) ) ;
#3675 = CARTESIAN_POINT ( 'NONE',  ( 1252.968604561962366, 411.4948855893197788, -103.3932858477888459 ) ) ;
#3676 = CARTESIAN_POINT ( 'NONE',  ( 1086.726716500516886, 356.2719407989907268, 78.70991565427378589 ) ) ;
#3677 = CARTESIAN_POINT ( 'NONE',  ( 1331.180066212561997, 796.4576882885811528, 82.72426799576621193 ) ) ;
#3678 = CARTESIAN_POINT ( 'NONE',  ( 579.4499762576316471, 0.07418610192479234422, -25.27647987851482014 ) ) ;
#3679 = CARTESIAN_POINT ( 'NONE',  ( 1450.648786170849917, 932.0219030867301626, -47.45942754032046196 ) ) ;
#3680 = CARTESIAN_POINT ( 'NONE',  ( 1185.147501339949940, 424.7746908064685272, -14.00319118942491237 ) ) ;
#3681 = CARTESIAN_POINT ( 'NONE',  ( 957.8047059842842827, 143.0308819334186126, -61.31399845947763794 ) ) ;
#3682 = CARTESIAN_POINT ( 'NONE',  ( 841.9941243464711533, 129.2354012447031550, 55.04575818729722414 ) ) ;
#3683 = CARTESIAN_POINT ( 'NONE',  ( 579.4332865227964930, 2.286285410003777052, 0.02817188881878012613 ) ) ;
#3684 = CARTESIAN_POINT ( 'NONE',  ( 1397.429574538008865, 976.7775870147975183, 50.60862167511461251 ) ) ;
#3685 = CARTESIAN_POINT ( 'NONE',  ( 1099.196396031592712, 311.7170200639598079, 0.7312709205726659611 ) ) ;
#3686 = CARTESIAN_POINT ( 'NONE',  ( 895.6744546926479416, 160.8836221708275218, 53.26517139928498779 ) ) ;
#3687 = CARTESIAN_POINT ( 'NONE',  ( 1003.952988903429514, 212.0520554207417092, -38.65023103666582216 ) ) ;
#3688 = CARTESIAN_POINT ( 'NONE',  ( 579.4809050835970083, -4.298955360563387451, -20.11862736763076853 ) ) ;
#3689 = CARTESIAN_POINT ( 'NONE',  ( 1000.478164265681244, 228.2662583343711731, -6.528547335458275036 ) ) ;
#3690 = CARTESIAN_POINT ( 'NONE',  ( 1362.782570844106885, 610.1574441479090183, -87.95598571685687261 ) ) ;
#3691 = CARTESIAN_POINT ( 'NONE',  ( 945.9857727737529558, 207.6058876605771388, 61.16661465974971179 ) ) ;
#3692 = VERTEX_POINT ( 'NONE', #5704 ) ;
#3693 = CARTESIAN_POINT ( 'NONE',  ( 618.6562270972609667, 2.031978398048534640, -22.74054183610367375 ) ) ;
#3694 = CARTESIAN_POINT ( 'NONE',  ( 1093.743166623109346, 331.2042221400508879, 37.64464181765444550 ) ) ;
#3695 = CARTESIAN_POINT ( 'NONE',  ( 1043.402103952739481, 297.6677686232970359, 73.06127115558493301 ) ) ;
#3696 = CARTESIAN_POINT ( 'NONE',  ( 901.6815967664203981, 121.4205147769902737, -54.96031628972906447 ) ) ;
#3697 = CARTESIAN_POINT ( 'NONE',  ( 789.1234767288103740, 81.12457225761721702, 15.48111749346214339 ) ) ;
#3698 = CARTESIAN_POINT ( 'NONE',  ( 579.3855228828676900, 9.079509356774552842, -10.22332456107488596 ) ) ;
#3699 = CARTESIAN_POINT ( 'NONE',  ( 1200.928451086310133, 379.6095021004394425, -62.43272365675630198 ) ) ;
#3700 = CARTESIAN_POINT ( 'NONE',  ( 1169.810045780881410, 468.7537849330598192, 77.39308102090001285 ) ) ;
#3701 = CARTESIAN_POINT ( 'NONE',  ( 1131.180428567416584, 405.6195176290992777, 80.68684911305062712 ) ) ;
#3702 = CARTESIAN_POINT ( 'NONE',  ( 1006.918557020029880, 198.3083704100696423, -35.26379320775080117 ) ) ;
#3703 = CARTESIAN_POINT ( 'NONE',  ( 579.3883526234156989, 8.535163459075079118, 18.72065762914986919 ) ) ;
#3704 = CARTESIAN_POINT ( 'NONE',  ( 791.1889432816117278, 59.20230450206576478, -49.14452621361926532 ) ) ;
#3705 = CARTESIAN_POINT ( 'NONE',  ( 1280.063894369562377, 647.4227393891159181, 68.55839147264795486 ) ) ;
#3706 = CARTESIAN_POINT ( 'NONE',  ( 1153.257873028957874, 335.2421584306226237, -66.97416122353725143 ) ) ;
#3707 = CARTESIAN_POINT ( 'NONE',  ( 1062.829152053787766, 218.8807447879394488, -79.56819855910946160 ) ) ;
#3708 = CARTESIAN_POINT ( 'NONE',  ( 1006.356058958927065, 200.9318073319718110, -30.70049535715743971 ) ) ;
#3709 = CARTESIAN_POINT ( 'NONE',  ( 997.0812111779214320, 244.1429354025157750, 35.42098000663531110 ) ) ;
#3710 = CARTESIAN_POINT ( 'NONE',  ( 1086.920146654882728, 355.5788285817503720, 76.93343996629984360 ) ) ;
#3711 = CARTESIAN_POINT ( 'NONE',  ( 1376.837084317917288, 939.9282753410369651, 72.57025903163690828 ) ) ;
#3712 = CARTESIAN_POINT ( 'NONE',  ( 901.7953726822327098, 120.6773569439729528, -55.66586114523644824 ) ) ;
#3713 = CARTESIAN_POINT ( 'NONE',  ( 560.0000000000000000, -7.516908833066079154, -21.20714587158006736 ) ) ;
#3714 = CARTESIAN_POINT ( 'NONE',  ( 1354.152505020419994, 754.1457462078883509, -1.233551531142398572 ) ) ;
#3715 = CARTESIAN_POINT ( 'NONE',  ( 1011.047279926080137, 179.0435431815891434, -68.17635423212001911 ) ) ;
#3716 = CARTESIAN_POINT ( 'NONE',  ( 1167.383448912511767, 475.7164209333795384, 97.34090958523657378 ) ) ;
#3717 = CARTESIAN_POINT ( 'NONE',  ( 1363.038488608679700, 737.8024122445601733, -9.810902965930827335 ) ) ;
#3718 = CARTESIAN_POINT ( 'NONE',  ( 788.2993959097743755, 89.82961073506315586, 38.11231877361778686 ) ) ;
#3719 = APPROVAL_DATE_TIME ( #2063, #6359 ) ;
#3720 = CARTESIAN_POINT ( 'NONE',  ( 1112.490374650268222, 264.1715489328925628, -86.56049012551936528 ) ) ;
#3721 = CARTESIAN_POINT ( 'NONE',  ( 1435.915042839198804, 953.7806851049161878, -27.33060333513648388 ) ) ;
#3722 = CARTESIAN_POINT ( 'NONE',  ( 956.6490597514765568, 149.3539432182778057, -49.73889640542394375 ) ) ;
#3723 = CARTESIAN_POINT ( 'NONE',  ( 1299.996308219280536, 604.1978123074879932, -2.652759450074598568 ) ) ;
#3724 = CARTESIAN_POINT ( 'NONE',  ( 1393.512066488308619, 681.7054298945276969, -85.10821149325359158 ) ) ;
#3725 = CARTESIAN_POINT ( 'NONE',  ( 1369.932836316420207, 950.7824552889184133, 81.60123208790321314 ) ) ;
#3726 = PLANE ( 'NONE',  #4642 ) ;
#3727 = CARTESIAN_POINT ( 'NONE',  ( 1325.278284682137155, 549.3794582124088492, -80.38561386286556854 ) ) ;
#3728 = CARTESIAN_POINT ( 'NONE',  ( 898.0503806733894407, 145.3106882507093189, 15.67479289865200975 ) ) ;
#3729 = CARTESIAN_POINT ( 'NONE',  ( 1157.109442142985245, 322.9826547557681238, -80.73571173707381377 ) ) ;
#3730 = CARTESIAN_POINT ( 'NONE',  ( 1094.538917221955899, 328.3605092464645736, 32.06151380992090338 ) ) ;
#3731 = CARTESIAN_POINT ( 'NONE',  ( 1434.436789778867251, 955.9637682076610190, -24.61204452617505467 ) ) ;
#3732 = CARTESIAN_POINT ( 'NONE',  ( 1243.814752959814996, 435.2792608011745870, -65.76048944827934406 ) ) ;
#3733 = CARTESIAN_POINT ( 'NONE',  ( 1373.204530093373251, 945.6361690806388651, 72.33580715920116688 ) ) ;
#3734 = PRODUCT ( 'openfan_blade_v04_CFD_CAMBERFIX_SINGLELOFT', 'openfan_blade_v04_CFD_CAMBERFIX_SINGLELOFT', '', ( #4939 ) ) ;
#3735 = CARTESIAN_POINT ( 'NONE',  ( 842.6056357383374689, 124.2752603037358057, 48.87290354025448380 ) ) ;
#3736 = CARTESIAN_POINT ( 'NONE',  ( 1057.028205823831058, 242.4282381699042617, -35.97977724736214356 ) ) ;
#3737 = CARTESIAN_POINT ( 'NONE',  ( 675.8680809608308664, 36.42517392631163631, 24.27229330933259277 ) ) ;
#3738 = CARTESIAN_POINT ( 'NONE',  ( 676.5804480291856180, 19.30635470043196023, -37.02665295908062859 ) ) ;
#3739 = CARTESIAN_POINT ( 'NONE',  ( 788.5242839986526633, 87.45415943782838042, 31.75729081530378295 ) ) ;
#3740 = CARTESIAN_POINT ( 'NONE',  ( 1281.811820915706448, 499.9578284941893571, -76.91104576683873972 ) ) ;
#3741 = CARTESIAN_POINT ( 'NONE',  ( 559.9999999999998863, -4.675333095020023144, -9.245968975705894266 ) ) ;
#3742 = CARTESIAN_POINT ( 'NONE',  ( 787.9779713091895701, 93.14511614956570895, 26.00777959158150665 ) ) ;
#3743 = CARTESIAN_POINT ( 'NONE',  ( 842.0830995322388617, 128.5076997201927895, 49.29005530217521169 ) ) ;
#3744 = CARTESIAN_POINT ( 'NONE',  ( 895.9971957072162922, 158.7660838025036583, 47.37504312828140485 ) ) ;
#3745 = CARTESIAN_POINT ( 'NONE',  ( 1008.305186162995028, 191.7741761429709584, -65.51481272220065932 ) ) ;
#3746 = CARTESIAN_POINT ( 'NONE',  ( 1049.451755331607046, 273.0723756212507283, -6.855185665805031192 ) ) ;
#3747 = CARTESIAN_POINT ( 'NONE',  ( 1425.615015928658522, 747.7177604958633310, -91.49428645795030945 ) ) ;
#3748 = CARTESIAN_POINT ( 'NONE',  ( 732.5168407774070829, 61.96230897679403427, 3.720445470421332335 ) ) ;
#3749 = CARTESIAN_POINT ( 'NONE',  ( 1334.096115584436120, 530.2557037172224454, -106.0675202696457404 ) ) ;
#3750 = CARTESIAN_POINT ( 'NONE',  ( 1086.145717610819020, 358.3515893208332272, 86.22973077362259176 ) ) ;
#3751 = CARTESIAN_POINT ( 'NONE',  ( 618.5280119852191092, 9.521587035248472830, -1.395855202337075163 ) ) ;
#3752 = SHAPE_DEFINITION_REPRESENTATION ( #2064, #2921 ) ;
#3753 = CARTESIAN_POINT ( 'NONE',  ( 1428.921585646909080, 742.0678789553180650, -102.4071634637019486 ) ) ;
#3754 = CARTESIAN_POINT ( 'NONE',  ( 1192.851727825403486, 402.6990621706272577, -49.75035378310595036 ) ) ;
#3755 = CARTESIAN_POINT ( 'NONE',  ( 1248.599433541872259, 422.8580315051166281, -82.67485940097380137 ) ) ;
#3756 = CARTESIAN_POINT ( 'NONE',  ( 560.0000000000000000, -1.551194976129342207, 0.06371961399579298413 ) ) ;
#3757 = CARTESIAN_POINT ( 'NONE',  ( 560.0000000000001137, -7.309341811406483203, -18.42642086668461587 ) ) ;
#3758 = CARTESIAN_POINT ( 'NONE',  ( 1322.309460993046287, 812.7845581358016034, 99.66540369894387652 ) ) ;
#3759 = CARTESIAN_POINT ( 'NONE',  ( 1426.332233150961883, 967.9325718613652043, -1.284450076450871059 ) ) ;
#3760 = CARTESIAN_POINT ( 'NONE',  ( 1390.653848499983724, 686.9666897904951384, -78.63062187567658157 ) ) ;
#3761 = CARTESIAN_POINT ( 'NONE',  ( 733.0351111469786929, 54.44598610841835296, 13.68817801965196246 ) ) ;
#3762 = CARTESIAN_POINT ( 'NONE',  ( 955.6298542125057338, 154.8485313394492380, -60.25543419957126190 ) ) ;
#3763 = CARTESIAN_POINT ( 'NONE',  ( 579.4118039292339972, 5.272667234394048386, 8.720109365644919563 ) ) ;
#3764 = CARTESIAN_POINT ( 'NONE',  ( 1310.756184526215293, 580.8394839599958459, -55.41408628746795983 ) ) ;
#3765 = CARTESIAN_POINT ( 'NONE',  ( 1008.064276416461098, 192.9645289378827329, -44.33157545953622503 ) ) ;
#3766 = CARTESIAN_POINT ( 'NONE',  ( 579.3612529474658004, 12.34244577349274330, 20.18873432895381370 ) ) ;
#3767 = CARTESIAN_POINT ( 'NONE',  ( 1088.535604185340162, 349.8157796343112409, 77.02697442989175158 ) ) ;
#3768 = CARTESIAN_POINT ( 'NONE',  ( 790.6115597572312481, 65.39950004289745777, -21.27225500027376270 ) ) ;
#3769 = CARTESIAN_POINT ( 'NONE',  ( 618.4105322763780350, 16.25583005080773447, 17.92919089705123881 ) ) ;
#3770 = CARTESIAN_POINT ( 'NONE',  ( 957.1348504987229262, 146.6434541575806634, -67.75594626281616684 ) ) ;
#3771 = CARTESIAN_POINT ( 'NONE',  ( 560.0000000000006821, 3.124315811536257481, 14.17194203385691154 ) ) ;
#3772 = CARTESIAN_POINT ( 'NONE',  ( 1152.592883731540724, 337.3588857680666706, -64.35083195662504352 ) ) ;
#3773 = CARTESIAN_POINT ( 'NONE',  ( 1423.625866428436666, 866.3465625642522809, -36.06798096436939005 ) ) ;
#3774 = CARTESIAN_POINT ( 'NONE',  ( 842.4794556496307223, 125.2363934210430330, 29.54096264285159634 ) ) ;
#3775 = CARTESIAN_POINT ( 'NONE',  ( 1323.050550556488133, 811.4198071197417903, 97.38103569459059372 ) ) ;
#3776 = CARTESIAN_POINT ( 'NONE',  ( 675.7906159074252628, 38.26095484305206895, 29.67679670278074155 ) ) ;
#3777 = CARTESIAN_POINT ( 'NONE',  ( 1362.650234079440679, 610.4056383913499531, -97.51358259542067231 ) ) ;
#3778 = CARTESIAN_POINT ( 'NONE',  ( 1323.395455515218373, 688.7349674534535779, 5.969890150544701513 ) ) ;
#3779 = CARTESIAN_POINT ( 'NONE',  ( 957.9051873915879014, 142.4770402234527467, -63.65612819712954007 ) ) ;
#3780 = CARTESIAN_POINT ( 'NONE',  ( 999.1785116519146186, 234.3371337394052603, 8.089056376626952982 ) ) ;
#3781 = CARTESIAN_POINT ( 'NONE',  ( 1453.124751603425466, 928.3653990388863804, -52.30558974906059433 ) ) ;
#3782 = CARTESIAN_POINT ( 'NONE',  ( 1004.463287488393462, 209.7594349135102902, -14.52236629607000040 ) ) ;
#3783 = CARTESIAN_POINT ( 'NONE',  ( 1373.767411639959164, 944.7507310721815657, 70.77939328235758865 ) ) ;
#3784 = CARTESIAN_POINT ( 'NONE',  ( 676.6026526714467764, 18.78891913275615622, -37.12431588325482323 ) ) ;
#3785 = CARTESIAN_POINT ( 'NONE',  ( 1268.668890728995848, 531.0591742123926906, -35.48987269192834759 ) ) ;
#3786 = CARTESIAN_POINT ( 'NONE',  ( 1393.512066488308619, 681.7054298945276969, -85.10821149325359158 ) ) ;
#3787 = CARTESIAN_POINT ( 'NONE',  ( 1188.666459169309519, 414.7389520612868523, -8.033100216383568082 ) ) ;
#3788 = CARTESIAN_POINT ( 'NONE',  ( 1422.827468315910664, 752.4757025254709788, -86.03094662606757481 ) ) ;
#3789 = CARTESIAN_POINT ( 'NONE',  ( 1368.316595837092564, 953.3244471839127527, 85.53169156652553795 ) ) ;
#3790 = CARTESIAN_POINT ( 'NONE',  ( 1416.944088658866576, 762.5188023604878254, -73.85373104515410603 ) ) ;
#3791 = CARTESIAN_POINT ( 'NONE',  ( 844.1269994517448367, 111.9153224286147008, 17.23183711123514072 ) ) ;
#3792 = CARTESIAN_POINT ( 'NONE',  ( 1287.498152835092924, 486.5055113643846880, -91.58129038895206975 ) ) ;
#3793 = CARTESIAN_POINT ( 'NONE',  ( 1141.483479054234294, 372.7970906984849080, 16.23037732814561451 ) ) ;
#3794 = CARTESIAN_POINT ( 'NONE',  ( 1002.918823323004176, 216.8748399398670301, -30.28983879609666729 ) ) ;
#3795 = CARTESIAN_POINT ( 'NONE',  ( 1157.216785425914850, 322.6829911647112112, -65.55822103835599535 ) ) ;
#3796 = CARTESIAN_POINT ( 'NONE',  ( 1272.945374399111415, 662.8510002834410670, 82.40868395821343029 ) ) ;
#3797 = CARTESIAN_POINT ( 'NONE',  ( 1272.337983446850558, 664.1787869308624295, 99.47459194504970981 ) ) ;
#3798 = CARTESIAN_POINT ( 'NONE',  ( 1349.840999519693696, 635.9805042755742761, -54.85561544589111094 ) ) ;
#3799 = CARTESIAN_POINT ( 'NONE',  ( 998.2483767594179653, 238.7448640160131959, 44.62877486879912681 ) ) ;
#3800 = CARTESIAN_POINT ( 'NONE',  ( 1044.151277981680096, 294.5968906121682380, 46.74799670617445457 ) ) ;
#3801 = CARTESIAN_POINT ( 'NONE',  ( 1249.253429242002312, 421.1316259872596675, -95.54958141907499680 ) ) ;
#3802 = CARTESIAN_POINT ( 'NONE',  ( 559.9999999999992042, 2.638972815790971982, 12.65458709008569471 ) ) ;
#3803 = CARTESIAN_POINT ( 'NONE',  ( 1354.085373086190202, 627.4913972126536237, -79.48605056873341823 ) ) ;
#3804 = CARTESIAN_POINT ( 'NONE',  ( 579.4562330325859421, -0.8984126537870578133, -9.223016950501378375 ) ) ;
#3805 = CARTESIAN_POINT ( 'NONE',  ( 1399.995450686304139, 972.8811843800292536, 36.62215173809181579 ) ) ;
#3806 = CARTESIAN_POINT ( 'NONE',  ( 1390.698750537736260, 987.0032308640929841, 60.67057843631247493 ) ) ;
#3807 = CARTESIAN_POINT ( 'NONE',  ( 997.0952075559048353, 244.1232145457742320, 56.68884927543447105 ) ) ;
#3808 = CARTESIAN_POINT ( 'NONE',  ( 1421.749329766143774, 754.3083078291715537, -91.45264999754770940 ) ) ;
#3809 = CARTESIAN_POINT ( 'NONE',  ( 1368.633735280142446, 598.4820671505412975, -102.4255594995568259 ) ) ;
#3810 = CARTESIAN_POINT ( 'NONE',  ( 1093.490967460770889, 332.0540362063476323, 15.55920747574331031 ) ) ;
#3811 = CARTESIAN_POINT ( 'NONE',  ( 1252.447367263426031, 412.8655409308963726, -96.74984829847875289 ) ) ;
#3812 = CARTESIAN_POINT ( 'NONE',  ( 1338.838982536552066, 657.9348964067918359, -23.95397361518727664 ) ) ;
#3813 = CARTESIAN_POINT ( 'NONE',  ( 1130.538452995655234, 407.6473212740210670, 69.21337171123008147 ) ) ;
#3814 = CARTESIAN_POINT ( 'NONE',  ( 1392.969766529685558, 983.5518910245970119, 61.76611585291658457 ) ) ;
#3815 = CARTESIAN_POINT ( 'NONE',  ( 559.9999999999998863, -5.297826587274387933, -23.63795164167957097 ) ) ;
#3816 = CARTESIAN_POINT ( 'NONE',  ( 1412.634466449266711, 883.6226474046910653, -24.51505395155185951 ) ) ;
#3817 = CARTESIAN_POINT ( 'NONE',  ( 956.9549631386261126, 147.6807496580423731, -52.89855268866497084 ) ) ;
#3818 = CARTESIAN_POINT ( 'NONE',  ( 1361.338258701967106, 740.9325424501383850, -5.168268347273730079 ) ) ;
#3819 = CARTESIAN_POINT ( 'NONE',  ( 618.6696684498516561, 1.188602398688238138, -26.39351023062945956 ) ) ;
#3820 = CARTESIAN_POINT ( 'NONE',  ( 579.3625175428404646, 12.14251136853002322, 24.17217852816470014 ) ) ;
#3821 = CARTESIAN_POINT ( 'NONE',  ( 1440.578916260693177, 946.8930800439057975, -35.50365946173032938 ) ) ;
#3822 = CARTESIAN_POINT ( 'NONE',  ( 1256.698332071860477, 559.4260468465088252, 30.75657659685893108 ) ) ;
#3823 = CARTESIAN_POINT ( 'NONE',  ( 1246.268483043983224, 428.8749172140092014, -88.16273203931119440 ) ) ;
#3824 = CARTESIAN_POINT ( 'NONE',  ( 1397.931175505103965, 906.7530174215702345, 21.24318509195065730 ) ) ;
#3825 = CARTESIAN_POINT ( 'NONE',  ( 1001.890182346297138, 221.6742023316900259, -20.90788659089925261 ) ) ;
#3826 = CARTESIAN_POINT ( 'NONE',  ( 791.1356017651014554, 59.85380602542316808, -33.28600414414066222 ) ) ;
#3827 = CARTESIAN_POINT ( 'NONE',  ( 1207.446250140019401, 529.6816195357097286, 77.13817162199197242 ) ) ;
#3828 = CARTESIAN_POINT ( 'NONE',  ( 618.6162448244962206, 4.407570876998144982, -15.58271324863875762 ) ) ;
#3829 = CARTESIAN_POINT ( 'NONE',  ( 1249.619144734361953, 576.1825002640367757, 59.79453097571867914 ) ) ;
#3830 = CARTESIAN_POINT ( 'NONE',  ( 895.4319119388902664, 162.4239724259583113, 37.37609823941101439 ) ) ;
#3831 = CARTESIAN_POINT ( 'NONE',  ( 847.1626215778439928, 87.16365998131021797, -53.64738745262378927 ) ) ;
#3832 = CARTESIAN_POINT ( 'NONE',  ( 1385.432901884208604, 926.4090067797072834, 51.23907875836251691 ) ) ;
#3833 = CARTESIAN_POINT ( 'NONE',  ( 618.4501507361735548, 13.34157387217402047, -22.12335187013226090 ) ) ;
#3834 = CARTESIAN_POINT ( 'NONE',  ( 954.8270408698730307, 159.3120066088520730, -32.04905106107462842 ) ) ;
#3835 = CARTESIAN_POINT ( 'NONE',  ( 895.6587178014310666, 160.9265645508444891, 31.08238328960723962 ) ) ;
#3836 = CARTESIAN_POINT ( 'NONE',  ( 1244.239484842277307, 588.9167390639636324, 82.74723361162179458 ) ) ;
#3837 = CARTESIAN_POINT ( 'NONE',  ( 994.8862826907590033, 254.4225017914390037, 70.44254506165832197 ) ) ;
#3838 = CARTESIAN_POINT ( 'NONE',  ( 1306.147665815264645, 723.1785617912595399, 80.15827545087742578 ) ) ;
#3839 = CARTESIAN_POINT ( 'NONE',  ( 846.6292552903043998, 91.47940514674277779, -49.67396055699379787 ) ) ;
#3840 = CARTESIAN_POINT ( 'NONE',  ( 732.6072844479394917, 60.60404038000196181, -1.991363269984427475 ) ) ;
#3841 = CARTESIAN_POINT ( 'NONE',  ( 1161.577906908677733, 308.7859255635511886, -86.69943375342555214 ) ) ;
#3842 = CARTESIAN_POINT ( 'NONE',  ( 1290.224492936028810, 625.3653884400714560, 13.01986123797414763 ) ) ;
#3843 = CARTESIAN_POINT ( 'NONE',  ( 1294.363080883263819, 470.2827624622294707, -100.7841883280152189 ) ) ;
#3844 = CARTESIAN_POINT ( 'NONE',  ( 1105.511288618845128, 289.0881450866344267, -60.51212855275668545 ) ) ;
#3845 = CARTESIAN_POINT ( 'NONE',  ( 845.8100239610182598, 98.24134904796605383, -13.73066999696130175 ) ) ;
#3846 = APPROVAL_STATUS ( 'not_yet_approved' ) ;
#3847 = CARTESIAN_POINT ( 'NONE',  ( 995.6170004154369053, 250.9976391433415586, 58.26499916895377851 ) ) ;
#3848 = CARTESIAN_POINT ( 'NONE',  ( 895.6246579765496563, 161.2089686166797264, 54.23723931832572731 ) ) ;
#3849 = CARTESIAN_POINT ( 'NONE',  ( 1450.611570442663378, 823.9119357049160044, -91.53527914742635119 ) ) ;
#3850 = CARTESIAN_POINT ( 'NONE',  ( 675.8772616782957812, 35.89356166536585846, -11.66424740095456514 ) ) ;
#3851 = CARTESIAN_POINT ( 'NONE',  ( 1328.229183892530500, 542.9809260055247933, -88.63685571290554321 ) ) ;
#3852 = CARTESIAN_POINT ( 'NONE',  ( 1144.944121597851108, 361.7738138094594547, -3.369590758814552167 ) ) ;
#3853 = CARTESIAN_POINT ( 'NONE',  ( 957.2422022902288745, 146.1074069786971279, -56.10568675460925903 ) ) ;
#3854 = CARTESIAN_POINT ( 'NONE',  ( 1320.747249962317483, 815.6614867481415558, 104.4020112448090174 ) ) ;
#3855 = CARTESIAN_POINT ( 'NONE',  ( 1407.660241192874992, 995.5073567423105487, 33.76363555683465734 ) ) ;
#3856 = CARTESIAN_POINT ( 'NONE',  ( 789.1234767288103740, 81.12457225761721702, 15.48111749346214339 ) ) ;
#3857 = CARTESIAN_POINT ( 'NONE',  ( 618.5253311993050147, 9.099871569472009369, -28.13077701559067023 ) ) ;
#3858 = CARTESIAN_POINT ( 'NONE',  ( 733.0942732306444896, 53.56833500693540628, 11.40514392284787704 ) ) ;
#3859 = CARTESIAN_POINT ( 'NONE',  ( 1045.681009687924416, 288.3811338758408738, 29.51768753262785694 ) ) ;
#3860 = CARTESIAN_POINT ( 'NONE',  ( 1300.270583584699580, 603.5767758697285217, -22.45369877045272489 ) ) ;
#3861 = CARTESIAN_POINT ( 'NONE',  ( 1157.517442709240186, 321.7253610710098997, -66.93006893555936188 ) ) ;
#3862 = CARTESIAN_POINT ( 'NONE',  ( 995.5467305185736677, 251.3268438002674259, 59.51623572788530225 ) ) ;
#3863 = CARTESIAN_POINT ( 'NONE',  ( 790.8813627464478486, 62.54582022407208086, -27.39623199900434614 ) ) ;
#3864 = CARTESIAN_POINT ( 'NONE',  ( 579.3950900755196471, 7.597803439516759738, 15.75948920094163341 ) ) ;
#3865 = CARTESIAN_POINT ( 'NONE',  ( 675.6397254250904325, 41.70398263919552306, 20.54865208334557636 ) ) ;
#3866 = CARTESIAN_POINT ( 'NONE',  ( 1330.632094917461700, 537.7550922087714298, -103.5301606683217699 ) ) ;
#3867 = CARTESIAN_POINT ( 'NONE',  ( 1402.996149184303931, 968.3218365456526726, 37.33024426775152449 ) ) ;
#3868 = CARTESIAN_POINT ( 'NONE',  ( 618.4409978426625685, 13.86196031360822190, -21.18019439158533856 ) ) ;
#3869 = CARTESIAN_POINT ( 'NONE',  ( 901.1537378399006002, 124.9710063769229578, -27.01628308337050655 ) ) ;
#3870 = CARTESIAN_POINT ( 'NONE',  ( 1209.194716071058110, 525.1379301143734892, 67.10866606034726090 ) ) ;
#3871 = CARTESIAN_POINT ( 'NONE',  ( 732.2054512909390951, 66.74425772743448704, 42.53349273621645210 ) ) ;
#3872 = CARTESIAN_POINT ( 'NONE',  ( 1331.180066212561997, 796.4576882885811528, 82.72426799576621193 ) ) ;
#3873 = CARTESIAN_POINT ( 'NONE',  ( 1167.429782940455198, 475.5830753388012795, 93.59542368765787046 ) ) ;
#3874 = CARTESIAN_POINT ( 'NONE',  ( 1356.812738887593468, 865.1837084439175669, 74.29142808889614003 ) ) ;
#3875 = CARTESIAN_POINT ( 'NONE',  ( 945.7443883587953906, 208.9272443102866532, 67.61203252135119612 ) ) ;
#3876 = CARTESIAN_POINT ( 'NONE',  ( 901.5691602403423985, 122.1550214037903572, -54.22494674340359211 ) ) ;
#3877 = CARTESIAN_POINT ( 'NONE',  ( 559.9999999999990905, 6.729565826508978610, 0.1428575054944348499 ) ) ;
#3878 = CARTESIAN_POINT ( 'NONE',  ( 1161.358751734032012, 309.4880763634656091, -84.82596952902144949 ) ) ;
#3879 = CARTESIAN_POINT ( 'NONE',  ( 579.3634936874408368, 12.09297439179909439, 7.278910601847375261 ) ) ;
#3880 = CARTESIAN_POINT ( 'NONE',  ( 734.3975418048305528, 34.13853616869539565, -41.81597317503462108 ) ) ;
#3881 = CARTESIAN_POINT ( 'NONE',  ( 579.4484803712721259, 0.1764950863886173282, -6.143935937397063007 ) ) ;
#3882 = CARTESIAN_POINT ( 'NONE',  ( 1349.968573625984391, 876.8652322339314651, 82.71452813767841405 ) ) ;
#3883 = CARTESIAN_POINT ( 'NONE',  ( 1171.419017387626354, 464.1577863103692607, 82.22688762530698625 ) ) ;
#3884 = CARTESIAN_POINT ( 'NONE',  ( 1451.674519011975008, 930.5071015324639347, -52.08783787096760420 ) ) ;
#3885 = CARTESIAN_POINT ( 'NONE',  ( 1230.101805923881329, 470.8336196847811834, -34.24148803570117394 ) ) ;
#3886 = CARTESIAN_POINT ( 'NONE',  ( 560.0000000000001137, -7.309341811406483203, -18.42642086668461587 ) ) ;
#3887 = CARTESIAN_POINT ( 'NONE',  ( 1052.409684162303392, 261.1510203420609173, -2.455290603724106901 ) ) ;
#3888 = CARTESIAN_POINT ( 'NONE',  ( 1364.761776774391819, 606.2081897367710326, -92.87910109357456179 ) ) ;
#3889 = CARTESIAN_POINT ( 'NONE',  ( 732.2074001744526868, 66.71443489377578828, 40.30037781884897186 ) ) ;
#3890 = APPLICATION_CONTEXT ( 'configuration controlled 3d designs of mechanical parts and assemblies' ) ;
#3891 = CARTESIAN_POINT ( 'NONE',  ( 1417.955598746578062, 980.3031797882382534, 9.641345320535309682 ) ) ;
#3892 = CARTESIAN_POINT ( 'NONE',  ( 1224.601362688155405, 485.1567504169776726, 11.00258192927334910 ) ) ;
#3893 = CARTESIAN_POINT ( 'NONE',  ( 1445.469319799851064, 903.8038586685811424, -57.04873911235807782 ) ) ;
#3894 = CARTESIAN_POINT ( 'NONE',  ( 1414.413951273629209, 950.9777905540992151, 11.20438058122646119 ) ) ;
#3895 = CARTESIAN_POINT ( 'NONE',  ( 1366.894421157280931, 730.6864766844054202, -36.06336481693798390 ) ) ;
#3896 = CARTESIAN_POINT ( 'NONE',  ( 1416.944088658866576, 762.5188023604878254, -73.85373104515410603 ) ) ;
#3897 = CARTESIAN_POINT ( 'NONE',  ( 1042.546639687870538, 301.1216701247977880, 67.23895577861092931 ) ) ;
#3898 = CARTESIAN_POINT ( 'NONE',  ( 560.0000000000001137, -6.152633752650193522, -13.78905481048967729 ) ) ;
#3899 = CARTESIAN_POINT ( 'NONE',  ( 675.9024835582707738, 35.60949911988971195, 21.88580795230812726 ) ) ;
#3900 = CARTESIAN_POINT ( 'NONE',  ( 1089.812575831461800, 345.2186818971384241, 47.49065750381121376 ) ) ;
#3901 = CARTESIAN_POINT ( 'NONE',  ( 559.9999999999998863, -3.500154796975027960, -22.94812994924021154 ) ) ;
#3902 = CARTESIAN_POINT ( 'NONE',  ( 1214.376355461558433, 511.7035136573585419, 57.58219423453920172 ) ) ;
#3903 = CARTESIAN_POINT ( 'NONE',  ( 953.3114916063633473, 167.4944578616218678, -44.45047996892726161 ) ) ;
#3904 = CARTESIAN_POINT ( 'NONE',  ( 1196.659177032826619, 391.8402226960623125, -44.67713539323526106 ) ) ;
#3905 = CARTESIAN_POINT ( 'NONE',  ( 787.9530998685061149, 93.41317092801695310, 27.67911263539720679 ) ) ;
#3906 = CARTESIAN_POINT ( 'NONE',  ( 560.0000000000006821, 6.887853484230623380, 23.44853077405246466 ) ) ;
#3907 = CARTESIAN_POINT ( 'NONE',  ( 732.5473305034215628, 61.68103543233232244, 33.47065120016897311 ) ) ;
#3908 = CARTESIAN_POINT ( 'NONE',  ( 1128.508463976680332, 414.1262890134924533, 86.19529822679227493 ) ) ;
#3909 = CARTESIAN_POINT ( 'NONE',  ( 842.9949280093163679, 121.1120884337857433, 40.02161357263731389 ) ) ;
#3910 = CARTESIAN_POINT ( 'NONE',  ( 1086.145717610819020, 358.3515893208332272, 86.22973077362259176 ) ) ;
#3911 = CARTESIAN_POINT ( 'NONE',  ( 579.4351838981465335, 2.148266957020767531, -23.37689937574179666 ) ) ;
#3912 = CARTESIAN_POINT ( 'NONE',  ( 791.5462606715187803, 55.46465978052567891, -47.15627440542563420 ) ) ;
#3913 = CARTESIAN_POINT ( 'NONE',  ( 842.8394000092423539, 122.2848365545395097, 16.44554416640614036 ) ) ;
#3914 = CARTESIAN_POINT ( 'NONE',  ( 1334.738665272854178, 528.8578895930342014, -109.7893582811128965 ) ) ;
#3915 = CARTESIAN_POINT ( 'NONE',  ( 1442.648043582035825, 943.8373942389104059, -38.87969913816587564 ) ) ;
#3916 = CARTESIAN_POINT ( 'NONE',  ( 676.3804123401281458, 24.26253974732679808, -8.873770599270518034 ) ) ;
#3917 = CARTESIAN_POINT ( 'NONE',  ( 1300.313627834711269, 734.8142623411608838, 87.65635456751702748 ) ) ;
#3918 = CARTESIAN_POINT ( 'NONE',  ( 791.2393357387404649, 58.67529421586445437, -49.21372789673463188 ) ) ;
#3919 = CARTESIAN_POINT ( 'NONE',  ( 579.3785575291333316, 9.901868404077610819, 23.33471002524900939 ) ) ;
#3920 = CARTESIAN_POINT ( 'NONE',  ( 1009.536517244585184, 186.0440081724417496, -70.84713964972551992 ) ) ;
#3921 = CARTESIAN_POINT ( 'NONE',  ( 898.1114809453233647, 144.7932275073303003, -17.93027885445430769 ) ) ;
#3922 = CARTESIAN_POINT ( 'NONE',  ( 903.0223924441293093, 112.7105479206335872, -50.88084294345167535 ) ) ;
#3923 = CARTESIAN_POINT ( 'NONE',  ( 579.4484803712721259, 0.1764950863886173282, -6.143935937397063007 ) ) ;
#3924 = CARTESIAN_POINT ( 'NONE',  ( 791.3855365897367165, 57.20000015158193207, -39.76904367101681714 ) ) ;
#3925 = CARTESIAN_POINT ( 'NONE',  ( 1389.063018637045616, 989.4877317479359817, 64.57207372937536149 ) ) ;
#3926 = CARTESIAN_POINT ( 'NONE',  ( 1411.712641236288164, 989.5227751454739291, 24.01510068072856896 ) ) ;
#3927 = CARTESIAN_POINT ( 'NONE',  ( 579.4277071022997916, 3.062573706012080343, 2.272390122788973787 ) ) ;
#3928 = CARTESIAN_POINT ( 'NONE',  ( 1059.078256282259645, 234.0555995815512631, -68.69481587234309927 ) ) ;
#3929 = CARTESIAN_POINT ( 'NONE',  ( 579.4235267330243460, 3.644520097877088638, 3.956265421629951984 ) ) ;
#3930 = CARTESIAN_POINT ( 'NONE',  ( 618.3055408566809774, 21.90358802109095393, 12.10359252264663077 ) ) ;
#3931 = CARTESIAN_POINT ( 'NONE',  ( 579.3820085828807578, 9.566218369665939747, -8.511837228885420714 ) ) ;
#3932 = CARTESIAN_POINT ( 'NONE',  ( 1245.403038521867074, 431.1563392056539783, -71.37141722016740175 ) ) ;
#3933 = CARTESIAN_POINT ( 'NONE',  ( 1392.602870870271090, 984.1105827028275144, 55.79743996042276422 ) ) ;
#3934 = CARTESIAN_POINT ( 'NONE',  ( 1319.481228143831004, 561.9483216009153921, -64.08605224529694055 ) ) ;
#3935 = CARTESIAN_POINT ( 'NONE',  ( 1364.172515592699028, 852.6160700506969761, 53.90206492827640261 ) ) ;
#3936 = CARTESIAN_POINT ( 'NONE',  ( 1089.500755556862714, 346.3350460946853104, 50.43200582749102523 ) ) ;
#3937 = CARTESIAN_POINT ( 'NONE',  ( 1322.309349540088306, 812.7898814958580260, 106.4890472636087537 ) ) ;
#3938 = CARTESIAN_POINT ( 'NONE',  ( 1451.674519011975008, 930.5071015324639347, -52.08783787096760420 ) ) ;
#3939 = CARTESIAN_POINT ( 'NONE',  ( 998.9539299836026203, 235.4541639395156096, 37.43396932301056523 ) ) ;
#3940 = CARTESIAN_POINT ( 'NONE',  ( 1237.678279405183503, 451.1661910999994802, -62.28568824458707098 ) ) ;
#3941 = CARTESIAN_POINT ( 'NONE',  ( 1313.835542062724699, 574.1892591118460132, -47.45332365569282729 ) ) ;
#3942 = CARTESIAN_POINT ( 'NONE',  ( 946.7335170762305552, 203.4918873226107223, 43.72572201793131796 ) ) ;
#3943 = CARTESIAN_POINT ( 'NONE',  ( 1309.412801844953947, 716.6472469198458839, 53.67698610996197317 ) ) ;
#3944 = PRODUCT_DEFINITION_FORMATION_WITH_SPECIFIED_SOURCE ( 'ANY', '', #3734, .NOT_KNOWN. ) ;
#3945 = CARTESIAN_POINT ( 'NONE',  ( 1168.358181976324659, 472.9242269153626239, 95.44518236914480269 ) ) ;
#3946 = CARTESIAN_POINT ( 'NONE',  ( 1351.345137429995248, 632.9584860768209182, -73.17787078258898248 ) ) ;
#3947 = CARTESIAN_POINT ( 'NONE',  ( 732.5992956799522062, 60.91054794498452196, 31.36674860845081625 ) ) ;
#3948 = CARTESIAN_POINT ( 'NONE',  ( 1167.207116522824663, 476.2215652158261605, 95.12747935643939456 ) ) ;
#3949 = CARTESIAN_POINT ( 'NONE',  ( 788.3869294236719725, 88.90525536013385022, 35.70635920212929193 ) ) ;
#3950 = CARTESIAN_POINT ( 'NONE',  ( 1108.624580746195988, 277.9716237228444697, -73.60451676247993191 ) ) ;
#3951 = CARTESIAN_POINT ( 'NONE',  ( 847.9406604428893388, 80.88857303700316947, -53.01059014181616647 ) ) ;
#3952 = CARTESIAN_POINT ( 'NONE',  ( 1408.251588705626546, 960.3392511710459303, 16.56251188552920794 ) ) ;
#3953 = CARTESIAN_POINT ( 'NONE',  ( 1062.767094440317805, 219.1282458466193077, -80.17771356400017169 ) ) ;
#3954 = CARTESIAN_POINT ( 'NONE',  ( 1280.724986074848175, 502.5292379869128467, -73.89000775436906565 ) ) ;
#3955 = CARTESIAN_POINT ( 'NONE',  ( 1310.534960183597377, 581.3457913111207063, -37.30713286020129260 ) ) ;
#3956 = CARTESIAN_POINT ( 'NONE',  ( 1325.170893758670218, 807.5147126804703248, 89.90953808834464667 ) ) ;
#3957 = CARTESIAN_POINT ( 'NONE',  ( 1161.274431890641154, 309.7275949665436201, -92.71221706630836934 ) ) ;
#3958 = CARTESIAN_POINT ( 'NONE',  ( 1131.525426924265275, 404.5202203982393030, 77.74220503576891872 ) ) ;
#3959 = CARTESIAN_POINT ( 'NONE',  ( 1159.357912863986712, 315.8290837396377242, -87.44373178194852869 ) ) ;
#3960 = CARTESIAN_POINT ( 'NONE',  ( 579.4831156389888065, -4.595081304690365798, -21.85303699596006766 ) ) ;
#3961 = CARTESIAN_POINT ( 'NONE',  ( 1054.889159773041683, 251.0994418324926016, -21.04003425942590155 ) ) ;
#3962 = CARTESIAN_POINT ( 'NONE',  ( 618.6722887474167010, 0.9577277926373429784, -28.58636782162302481 ) ) ;
#3963 = CARTESIAN_POINT ( 'NONE',  ( 1295.446837234601844, 744.5317787819053592, 105.9911638743776905 ) ) ;
#3964 = CARTESIAN_POINT ( 'NONE',  ( 1443.091433368483649, 943.1825965072531517, -39.61952633621793751 ) ) ;
#3965 = CARTESIAN_POINT ( 'NONE',  ( 733.3112516960636640, 50.34939268462260742, 3.211088505449192443 ) ) ;
#3966 = CARTESIAN_POINT ( 'NONE',  ( 1107.735787031848758, 281.1465139963243018, -70.08863496936382376 ) ) ;
#3967 = CARTESIAN_POINT ( 'NONE',  ( 1186.959088945370468, 419.6306562615970961, 0.2459108516574697034 ) ) ;
#3968 = CARTESIAN_POINT ( 'NONE',  ( 1188.953295213630327, 413.8680673038745113, -32.69661685924486250 ) ) ;
#3969 = CARTESIAN_POINT ( 'NONE',  ( 1287.244959251743012, 487.1315669558279637, -78.12039953432044115 ) ) ;
#3970 = CARTESIAN_POINT ( 'NONE',  ( 618.3030214657702572, 22.26630902002580470, 25.05291534397272812 ) ) ;
#3971 = CARTESIAN_POINT ( 'NONE',  ( 1153.367650444899255, 334.9431155514083116, -47.48741688992383558 ) ) ;
#3972 = CARTESIAN_POINT ( 'NONE',  ( 1405.811883036306654, 964.0446471541876008, 30.74529012686630125 ) ) ;
#3973 = CARTESIAN_POINT ( 'NONE',  ( 1377.868103898184245, 938.3006121596233697, 59.73772170385652203 ) ) ;
#3974 = CARTESIAN_POINT ( 'NONE',  ( 1239.231049690720283, 600.7705231514579509, 102.5526366448352320 ) ) ;
#3975 = CARTESIAN_POINT ( 'NONE',  ( 1422.488004538063478, 753.0475557898791976, -92.63565377545056378 ) ) ;
#3976 = CARTESIAN_POINT ( 'NONE',  ( 1093.743166623109346, 331.2042221400508879, 37.64464181765444550 ) ) ;
#3977 = CARTESIAN_POINT ( 'NONE',  ( 789.8792114918933294, 72.97417217365826048, -34.51763515294958040 ) ) ;
#3978 = CARTESIAN_POINT ( 'NONE',  ( 1438.159952941533220, 950.4654034098589364, -25.07005923721952811 ) ) ;
#3979 = CARTESIAN_POINT ( 'NONE',  ( 675.6362595986133783, 41.79551954526174740, 21.80674130876072425 ) ) ;
#3980 = CARTESIAN_POINT ( 'NONE',  ( 1270.001704792586679, 669.2434073519340245, 105.2860275928769056 ) ) ;
#3981 = CARTESIAN_POINT ( 'NONE',  ( 1399.836137383935011, 1007.061987865865945, 53.51430445638413858 ) ) ;
#3982 = CARTESIAN_POINT ( 'NONE',  ( 1278.179664882685756, 651.5091962783409372, 75.80972142967021909 ) ) ;
#3983 = CARTESIAN_POINT ( 'NONE',  ( 1390.059098218963982, 987.9748843428529881, 62.13669296086283111 ) ) ;
#3984 = CARTESIAN_POINT ( 'NONE',  ( 1245.510862359184785, 585.9073186470955079, 77.40758803867406357 ) ) ;
#3985 = CARTESIAN_POINT ( 'NONE',  ( 1286.911122055157648, 487.8941794224752471, -90.15496507272250426 ) ) ;
#3986 = CARTESIAN_POINT ( 'NONE',  ( 1252.447367263426031, 412.8655409308963726, -96.74984829847875289 ) ) ;
#3987 = CARTESIAN_POINT ( 'NONE',  ( 1218.333840733286934, 501.3943178321071059, 18.83961243998388468 ) ) ;
#3988 = CARTESIAN_POINT ( 'NONE',  ( 1208.457324531570521, 358.0169526934284931, -98.26733442036379529 ) ) ;
#3989 = CARTESIAN_POINT ( 'NONE',  ( 1056.664205889106142, 243.9037838051092137, -33.50889285340454649 ) ) ;
#3990 = CARTESIAN_POINT ( 'NONE',  ( 675.6292484122733413, 42.06841207839747199, 36.87337324039251030 ) ) ;
#3991 = CARTESIAN_POINT ( 'NONE',  ( 946.2172972255009427, 206.3291628721659094, 55.35030280901673905 ) ) ;
#3992 = CARTESIAN_POINT ( 'NONE',  ( 579.4723238582275826, -3.055479958657474349, -26.28385442356373858 ) ) ;
#3993 = CARTESIAN_POINT ( 'NONE',  ( 1242.360136674701153, 593.3661807488306295, 91.56617403541922329 ) ) ;
#3994 = CARTESIAN_POINT ( 'NONE',  ( 1450.453376367302781, 896.2328613509789648, -64.12378145742007973 ) ) ;
#3995 = CARTESIAN_POINT ( 'NONE',  ( 1225.516367511749195, 482.7401930201124287, -14.63356594331859384 ) ) ;
#3996 = CARTESIAN_POINT ( 'NONE',  ( 559.9999999999998863, -7.522182302541048138, -20.38345338046513433 ) ) ;
#3997 = CARTESIAN_POINT ( 'NONE',  ( 789.9646689536424446, 72.23745728421503998, -5.826888364219352745 ) ) ;
#3998 = CARTESIAN_POINT ( 'NONE',  ( 579.4839060490634211, -4.695615757707608751, -23.18687593914187772 ) ) ;
#3999 = CARTESIAN_POINT ( 'NONE',  ( 579.3624109138755784, 12.15072792667728585, 25.36354611653579738 ) ) ;
#4000 = CARTESIAN_POINT ( 'NONE',  ( 560.0000000000000000, 4.834004109120252579, 19.47833791999048714 ) ) ;
#4001 = CARTESIAN_POINT ( 'NONE',  ( 618.5028162616766849, 10.96997438357729493, 2.660607857943533272 ) ) ;
#4002 = CARTESIAN_POINT ( 'NONE',  ( 789.5515287278440155, 76.42901543855860780, -28.71383547028050387 ) ) ;
#4003 = CARTESIAN_POINT ( 'NONE',  ( 1199.208423604162590, 384.4933255540030359, -73.37425254393258456 ) ) ;
#4004 = CARTESIAN_POINT ( 'NONE',  ( 1099.196396031592712, 311.7170200639598079, 0.7312709205726659611 ) ) ;
#4005 = CARTESIAN_POINT ( 'NONE',  ( 1419.135841594081967, 758.7774239524378572, -78.39060026632586187 ) ) ;
#4006 = CARTESIAN_POINT ( 'NONE',  ( 1239.510145316368153, 600.1032468362955115, 91.49286357494469257 ) ) ;
#4007 = CARTESIAN_POINT ( 'NONE',  ( 901.7661112941786996, 120.9561790827071519, -34.61958051130076086 ) ) ;
#4008 = CARTESIAN_POINT ( 'NONE',  ( 897.2595995052719218, 150.4930307065634167, 27.49255063311591485 ) ) ;
#4009 = CARTESIAN_POINT ( 'NONE',  ( 1043.479611048522656, 297.3273791935464487, 54.94660922364791134 ) ) ;
#4010 = CARTESIAN_POINT ( 'NONE',  ( 1402.033542800311352, 1003.816861058358199, 52.01307685396983516 ) ) ;
#4011 = CARTESIAN_POINT ( 'NONE',  ( 790.7412578750210059, 63.90535046751507053, -45.50665337240560149 ) ) ;
#4012 = CARTESIAN_POINT ( 'NONE',  ( 1415.775042531897498, 983.5234237062758211, 21.45465087620298306 ) ) ;
#4013 = CARTESIAN_POINT ( 'NONE',  ( 843.4833924539029795, 117.0227627565762987, -1.989293698378455488 ) ) ;
#4014 = CARTESIAN_POINT ( 'NONE',  ( 899.4364781513287426, 136.1082311405078542, -35.20209230425468405 ) ) ;
#4015 = CARTESIAN_POINT ( 'NONE',  ( 1240.398476147723159, 444.1473281106179343, -53.38771480792173207 ) ) ;
#4016 = CARTESIAN_POINT ( 'NONE',  ( 559.9999999999996589, 7.537692820444178210, 13.64416035392898507 ) ) ;
#4017 = CARTESIAN_POINT ( 'NONE',  ( 842.1233818635990929, 128.1805129980877211, 54.56912522057350401 ) ) ;
#4018 = CARTESIAN_POINT ( 'NONE',  ( 1408.564093133945789, 776.8131965321293819, -67.70652662308111758 ) ) ;
#4019 = CARTESIAN_POINT ( 'NONE',  ( 675.8345701026069037, 37.21906485273168386, 26.65559065122102922 ) ) ;
#4020 = CARTESIAN_POINT ( 'NONE',  ( 896.2512874032047421, 157.1014289939888329, 43.36040312209013337 ) ) ;
#4021 = CARTESIAN_POINT ( 'NONE',  ( 846.4669465794518146, 92.79297367791620843, -48.33594691735859072 ) ) ;
#4022 = CARTESIAN_POINT ( 'NONE',  ( 559.9999999999998863, -7.135997019002525477, -22.79308710225009094 ) ) ;
#4023 = CARTESIAN_POINT ( 'NONE',  ( 579.3646331549399520, 11.94164579379493851, 5.505967979854440308 ) ) ;
#4024 = CARTESIAN_POINT ( 'NONE',  ( 903.1812695301226768, 111.6294377938624933, -61.39312196793056842 ) ) ;
#4025 = CARTESIAN_POINT ( 'NONE',  ( 579.4590637996501528, -1.290741809355792080, -10.34234802877503689 ) ) ;
#4026 = CARTESIAN_POINT ( 'NONE',  ( 1042.546639687870538, 301.1216701247977880, 67.23895577861092931 ) ) ;
#4027 = CARTESIAN_POINT ( 'NONE',  ( 1062.477634785719374, 220.2932533060621836, -80.92441530476526168 ) ) ;
#4028 = CARTESIAN_POINT ( 'NONE',  ( 618.3598577392109519, 19.15616915591787617, 27.10766308690844895 ) ) ;
#4029 = CARTESIAN_POINT ( 'NONE',  ( 1159.851950566194773, 314.2562637560768621, -88.98336408528044217 ) ) ;
#4030 = CARTESIAN_POINT ( 'NONE',  ( 791.4367806120435489, 56.65234836486866499, -41.35706095098485946 ) ) ;
#4031 = CARTESIAN_POINT ( 'NONE',  ( 1160.199356994747177, 313.1812348315464192, -79.36223066521857561 ) ) ;
#4032 = CARTESIAN_POINT ( 'NONE',  ( 894.7160932593186544, 167.1583396643312938, 61.05688039898366526 ) ) ;
#4033 = CARTESIAN_POINT ( 'NONE',  ( 560.0000000000000000, -1.381029150388595861, 0.5665085222802833664 ) ) ;
#4034 = CARTESIAN_POINT ( 'NONE',  ( 1327.173773524210219, 681.2144062010863763, 11.34307312380774313 ) ) ;
#4035 = CARTESIAN_POINT ( 'NONE',  ( 1312.297012461227723, 577.4988156346934147, -59.77998990978682770 ) ) ;
#4036 = CARTESIAN_POINT ( 'NONE',  ( 1414.661716990623745, 766.4051624153056537, -79.22847466629542623 ) ) ;
#4037 = CARTESIAN_POINT ( 'NONE',  ( 579.3630215269507744, 12.06425216225455088, 25.95197867237121159 ) ) ;
#4038 = CARTESIAN_POINT ( 'NONE',  ( 676.2300009405821584, 27.83917622513110146, 0.5592027313833018987 ) ) ;
#4039 = CARTESIAN_POINT ( 'NONE',  ( 1403.620874649602911, 967.3741515703125060, 27.66687197219403060 ) ) ;
#4040 = CARTESIAN_POINT ( 'NONE',  ( 1158.115586596802586, 319.8200055331242311, -69.69843115667012512 ) ) ;
#4041 = CARTESIAN_POINT ( 'NONE',  ( 1239.154029066938165, 600.9469643999847221, 93.34485401704641561 ) ) ;
#4042 = CARTESIAN_POINT ( 'NONE',  ( 1008.064276416461098, 192.9645289378827329, -44.33157545953622503 ) ) ;
#4043 = CARTESIAN_POINT ( 'NONE',  ( 1387.900791518351753, 922.5276715559622289, 45.19667551067765032 ) ) ;
#4044 = CARTESIAN_POINT ( 'NONE',  ( 1172.280824947383735, 461.6658061250446394, 60.59259817713991225 ) ) ;
#4045 = CARTESIAN_POINT ( 'NONE',  ( 895.2302817737720488, 163.7840650048236739, 58.65189239221696482 ) ) ;
#4046 = CARTESIAN_POINT ( 'NONE',  ( 676.4879505892215548, 21.46969926085538560, -35.65920851605287112 ) ) ;
#4047 = CARTESIAN_POINT ( 'NONE',  ( 1284.901623103309021, 636.9312375412547453, 50.51745158888739695 ) ) ;
#4048 = CARTESIAN_POINT ( 'NONE',  ( 1138.492654222984811, 382.2792843692495808, 10.63847471335956030 ) ) ;
#4049 = CARTESIAN_POINT ( 'NONE',  ( 1194.555940157235000, 397.8174074813079528, -56.55094931400387281 ) ) ;
#4050 = CARTESIAN_POINT ( 'NONE',  ( 1384.320194261106508, 698.6253001379203624, -64.03322369046674112 ) ) ;
#4051 = CARTESIAN_POINT ( 'NONE',  ( 1377.868103898184245, 938.3006121596233697, 59.73772170385652203 ) ) ;
#4052 = CARTESIAN_POINT ( 'NONE',  ( 1322.309349540088306, 812.7898814958580260, 106.4890472636087537 ) ) ;
#4053 = CARTESIAN_POINT ( 'NONE',  ( 841.9702833468996914, 129.4322669496631022, 54.65875223502692393 ) ) ;
#4054 = CARTESIAN_POINT ( 'NONE',  ( 560.0000000000002274, 3.951673525938101506, 16.82655075878676598 ) ) ;
#4055 = CARTESIAN_POINT ( 'NONE',  ( 1399.949174679875796, 1006.895054464969689, 52.92128041953899498 ) ) ;
#4056 = CARTESIAN_POINT ( 'NONE',  ( 1134.163225308214805, 396.1160672640017992, 60.56013501466339477 ) ) ;
#4057 = CARTESIAN_POINT ( 'NONE',  ( 676.2808244000525519, 26.33376955211135950, -30.72906196610973950 ) ) ;
#4058 = CARTESIAN_POINT ( 'NONE',  ( 1113.201422496593295, 261.6567586133099894, -83.13328047357353512 ) ) ;
#4059 = CARTESIAN_POINT ( 'NONE',  ( 895.9020981179502314, 159.3212136948228022, 24.82574701519669702 ) ) ;
#4060 = CARTESIAN_POINT ( 'NONE',  ( 1429.737297961725744, 740.6777432027860186, -101.9948078599153973 ) ) ;
#4061 = CARTESIAN_POINT ( 'NONE',  ( 1403.383975266565812, 785.6670402041806938, -44.60375789803639890 ) ) ;
#4062 = CARTESIAN_POINT ( 'NONE',  ( 1392.209967158460358, 984.7074298835192394, 56.88882149854192960 ) ) ;
#4063 = CARTESIAN_POINT ( 'NONE',  ( 618.3639543998481258, 18.92116897895413175, 26.13409929341770876 ) ) ;
#4064 = CARTESIAN_POINT ( 'NONE',  ( 1396.623295906689464, 675.9666278433953721, -99.97188792814868918 ) ) ;
#4065 = CARTESIAN_POINT ( 'NONE',  ( 579.3761297033381652, 10.37676677225927158, -5.047304023280492657 ) ) ;
#4066 = CARTESIAN_POINT ( 'NONE',  ( 618.6696684498516561, 1.188602398688238138, -26.39351023062945956 ) ) ;
#4067 = CARTESIAN_POINT ( 'NONE',  ( 1291.840453224354633, 476.2560264823606531, -92.22551613537828530 ) ) ;
#4068 = CARTESIAN_POINT ( 'NONE',  ( 1343.908524660873127, 887.2157306434806969, 101.6221360266932834 ) ) ;
#4069 = CARTESIAN_POINT ( 'NONE',  ( 1299.996308219280536, 604.1978123074879932, -2.652759450074598568 ) ) ;
#4070 = CARTESIAN_POINT ( 'NONE',  ( 842.7742741045753974, 122.9049019168434569, 44.53539424796970536 ) ) ;
#4071 = CARTESIAN_POINT ( 'NONE',  ( 1051.965487375423436, 262.9517150518547055, 0.9390319027898859083 ) ) ;
#4072 = CARTESIAN_POINT ( 'NONE',  ( 1347.346473185313471, 640.9365815509921731, -63.50875065327206670 ) ) ;
#4073 = CARTESIAN_POINT ( 'NONE',  ( 579.4238652038171722, 3.733881797777583778, -21.41212744587406291 ) ) ;
#4074 = CARTESIAN_POINT ( 'NONE',  ( 1357.953658351274726, 747.1636464718303614, 4.142041296805807349 ) ) ;
#4075 = CARTESIAN_POINT ( 'NONE',  ( 1213.632843869082990, 513.6063814733715844, 42.79126851238606832 ) ) ;
#4076 = CARTESIAN_POINT ( 'NONE',  ( 847.4641608981148693, 84.79010544966249086, -41.28303703362454513 ) ) ;
#4077 = CARTESIAN_POINT ( 'NONE',  ( 1392.209967158460358, 984.7074298835192394, 56.88882149854192960 ) ) ;
#4078 = CARTESIAN_POINT ( 'NONE',  ( 1411.881083301309900, 771.1615106783264082, -63.22052550299368789 ) ) ;
#4079 = CARTESIAN_POINT ( 'NONE',  ( 1314.800132135366084, 705.9091736433603046, 50.90293699271806815 ) ) ;
#4080 = CARTESIAN_POINT ( 'NONE',  ( 1088.597485418335964, 349.5695953982124138, 59.24928312592967927 ) ) ;
#4081 = CARTESIAN_POINT ( 'NONE',  ( 1402.744332079746755, 1002.767167939372598, 51.11744905098067449 ) ) ;
#4082 = CARTESIAN_POINT ( 'NONE',  ( 1363.321959774430297, 609.0657567688296012, -98.79516346879114508 ) ) ;
#4083 = CARTESIAN_POINT ( 'NONE',  ( 676.0083963526190018, 33.09825659603122716, 14.74771287515649121 ) ) ;
#4084 = CARTESIAN_POINT ( 'NONE',  ( 618.3128811584844016, 21.40497094750349660, 6.739315188585826455 ) ) ;
#4085 = CARTESIAN_POINT ( 'NONE',  ( 1314.648002174733392, 572.4018254154955230, -66.24935220762090182 ) ) ;
#4086 = CARTESIAN_POINT ( 'NONE',  ( 1439.913394902793925, 947.8759215275018732, -28.35937842488517191 ) ) ;
#4087 = CARTESIAN_POINT ( 'NONE',  ( 895.1671923925858891, 164.1742912373066474, 45.45778209690231364 ) ) ;
#4088 = CARTESIAN_POINT ( 'NONE',  ( 1170.053814056428564, 468.0683573434740765, 90.30299023285948579 ) ) ;
#4089 = CARTESIAN_POINT ( 'NONE',  ( 1203.375062840270857, 540.2632304305727757, 102.2942499789086526 ) ) ;
#4090 = CARTESIAN_POINT ( 'NONE',  ( 1398.832908618760712, 974.6459026322553427, 47.27346206423858632 ) ) ;
#4091 = CARTESIAN_POINT ( 'NONE',  ( 1236.628045261362331, 606.9297151217933788, 105.6352741243879052 ) ) ;
#4092 = CARTESIAN_POINT ( 'NONE',  ( 1246.726173504753206, 583.0305060577537688, 72.11262965782549372 ) ) ;
#4093 = CARTESIAN_POINT ( 'NONE',  ( 1007.352215946467595, 196.2128305157935984, -60.64095538810381214 ) ) ;
#4094 = CARTESIAN_POINT ( 'NONE',  ( 957.6659389163974083, 143.7595834673536217, -67.40314356039183963 ) ) ;
#4095 = CARTESIAN_POINT ( 'NONE',  ( 559.9999999999998863, 7.516863561368491986, 10.45851381630942534 ) ) ;
#4096 = CARTESIAN_POINT ( 'NONE',  ( 676.6355228231866477, 18.02007505379926755, -37.09457244055108305 ) ) ;
#4097 = CARTESIAN_POINT ( 'NONE',  ( 1239.829181779922465, 599.3473554507017980, 89.74805217800749801 ) ) ;
#4098 = CARTESIAN_POINT ( 'NONE',  ( 675.7706514078035980, 38.73790719351889322, 31.40895977826857433 ) ) ;
#4099 = CARTESIAN_POINT ( 'NONE',  ( 1449.831563596920887, 933.2287768218169504, -49.60710909179589834 ) ) ;
#4100 = CARTESIAN_POINT ( 'NONE',  ( 732.7106856522337921, 59.05636184437469183, -7.654483917708604146 ) ) ;
#4101 = CARTESIAN_POINT ( 'NONE',  ( 791.5274189638705593, 55.67961013820565341, -43.85491145741904973 ) ) ;
#4102 = CARTESIAN_POINT ( 'NONE',  ( 732.6572974105122285, 59.85488331164975051, -4.829609300580270492 ) ) ;
#4103 = CARTESIAN_POINT ( 'NONE',  ( 1331.109939726417451, 536.7359507710517619, -96.22316158111406992 ) ) ;
#4104 = CARTESIAN_POINT ( 'NONE',  ( 1294.683455929082584, 746.0560227800181110, 109.4469762674263791 ) ) ;
#4105 = CARTESIAN_POINT ( 'NONE',  ( 560.0000000000000000, -5.843673531066720273, -12.77155817243963831 ) ) ;
#4106 = CARTESIAN_POINT ( 'NONE',  ( 1275.276525334448706, 657.8052789472895938, 86.77369555951548818 ) ) ;
#4107 = CARTESIAN_POINT ( 'NONE',  ( 1420.271659937923914, 942.0796671646543246, -1.640837015443486147 ) ) ;
#4108 = CARTESIAN_POINT ( 'NONE',  ( 1044.038436811078782, 295.0889014581082961, 66.58698364177955398 ) ) ;
#4109 = CARTESIAN_POINT ( 'NONE',  ( 1438.014737360647132, 950.6798576798327076, -31.07739899520020543 ) ) ;
#4110 = CARTESIAN_POINT ( 'NONE',  ( 900.9204195250282510, 126.3970177810262498, -49.33046982229078736 ) ) ;
#4111 = CARTESIAN_POINT ( 'NONE',  ( 560.0000000000000000, -1.381111564429927219, 0.5665364073611958151 ) ) ;
#4112 = CARTESIAN_POINT ( 'NONE',  ( 1287.755799180514714, 485.9226539891738526, -79.69897199527663645 ) ) ;
#4113 = CARTESIAN_POINT ( 'NONE',  ( 1348.462765422368193, 879.4373550171804936, 87.67537238423453516 ) ) ;
#4114 = CARTESIAN_POINT ( 'NONE',  ( 1008.639899703581477, 190.2791444874385718, -48.85772669272200375 ) ) ;
#4115 = CARTESIAN_POINT ( 'NONE',  ( 1390.385491738332803, 918.6199517336614235, 39.17624993021582469 ) ) ;
#4116 = CARTESIAN_POINT ( 'NONE',  ( 1302.319476267513437, 730.8092792517186354, 79.98504419707379043 ) ) ;
#4117 = CARTESIAN_POINT ( 'NONE',  ( 1130.976405153917767, 406.2692028968806994, 82.18813679964898711 ) ) ;
#4118 = CARTESIAN_POINT ( 'NONE',  ( 790.8629317977208757, 62.62699385970027777, -46.63960733845669182 ) ) ;
#4119 = CARTESIAN_POINT ( 'NONE',  ( 560.0000000000000000, 1.904396916672128848, 10.38217076896122393 ) ) ;
#4120 = CARTESIAN_POINT ( 'NONE',  ( 1392.255972450968102, 915.6705604753910848, 22.81843121369816174 ) ) ;
#4121 = CARTESIAN_POINT ( 'NONE',  ( 789.4511136461112528, 77.48860020799212123, -26.72798032665506440 ) ) ;
#4122 = CARTESIAN_POINT ( 'NONE',  ( 955.2526021239611964, 156.9867381824850554, -36.21984872499510999 ) ) ;
#4123 = CARTESIAN_POINT ( 'NONE',  ( 1130.871239525560668, 406.5855030903735496, 66.51533406425667749 ) ) ;
#4124 = CARTESIAN_POINT ( 'NONE',  ( 842.4940457877198696, 125.1754802810731633, 50.77827539741014817 ) ) ;
#4125 = CARTESIAN_POINT ( 'NONE',  ( 618.4409978426625685, 13.86196031360822190, -21.18019439158533856 ) ) ;
#4126 = CARTESIAN_POINT ( 'NONE',  ( 788.4788143854306099, 87.93510931436904343, 33.06740132769119356 ) ) ;
#4127 = CARTESIAN_POINT ( 'NONE',  ( 618.3060744625321377, 22.19811058466350673, 30.50210173369650590 ) ) ;
#4128 = CARTESIAN_POINT ( 'NONE',  ( 948.0265143401118166, 196.4647440053674643, 45.06169840984524910 ) ) ;
#4129 = CARTESIAN_POINT ( 'NONE',  ( 1446.339008149487427, 938.3865803043776168, -44.61984785280783683 ) ) ;
#4130 = CARTESIAN_POINT ( 'NONE',  ( 1334.723983183940391, 528.8887233266983685, -110.2527778808872938 ) ) ;
#4131 = CARTESIAN_POINT ( 'NONE',  ( 676.3426330508646060, 25.16166368147897714, -6.517335394573350094 ) ) ;
#4132 = CARTESIAN_POINT ( 'NONE',  ( 1135.070789020312759, 393.1896554353387501, 34.17520347084871446 ) ) ;
#4133 = CARTESIAN_POINT ( 'NONE',  ( 1010.518186739008684, 181.4699360136946211, -74.55356229452077343 ) ) ;
#4134 = CARTESIAN_POINT ( 'NONE',  ( 1168.740101131485289, 471.8242831715742227, 85.43421825840685813 ) ) ;
#4135 = CARTESIAN_POINT ( 'NONE',  ( 1171.929781911241889, 462.6936450014957813, 79.03262300321713951 ) ) ;
#4136 = CARTESIAN_POINT ( 'NONE',  ( 1328.466359270342309, 542.4489143309540395, -99.18683654355164947 ) ) ;
#4137 = CARTESIAN_POINT ( 'NONE',  ( 1424.308359335402429, 970.9214273201479273, -4.212992748302495372 ) ) ;
#4138 = CARTESIAN_POINT ( 'NONE',  ( 1206.389277084535479, 363.9640752827157257, -84.22799095862129093 ) ) ;
#4139 = CARTESIAN_POINT ( 'NONE',  ( 1048.858611045493717, 275.4794404403400563, -1.608978906353046190 ) ) ;
#4140 = CARTESIAN_POINT ( 'NONE',  ( 847.9662409025918350, 80.68639189635156583, -51.13064853189765557 ) ) ;
#4141 = CARTESIAN_POINT ( 'NONE',  ( 1086.075322418460019, 358.6032245589244667, 86.13917537752573139 ) ) ;
#4142 = CARTESIAN_POINT ( 'NONE',  ( 1187.385121039882961, 418.4100505706085187, -1.825345309577312669 ) ) ;
#4143 = CARTESIAN_POINT ( 'NONE',  ( 788.2707284782779880, 90.13284685081950443, 38.91526438842274871 ) ) ;
#4144 = CARTESIAN_POINT ( 'NONE',  ( 1408.203282416331376, 890.5989570260021537, -2.350507906415065129 ) ) ;
#4145 = CARTESIAN_POINT ( 'NONE',  ( 1043.817762760506639, 295.9843222935234621, 69.12683404623632555 ) ) ;
#4146 = CARTESIAN_POINT ( 'NONE',  ( 1150.056712468917567, 345.4342106208614496, -53.64689963961031793 ) ) ;
#4147 = CARTESIAN_POINT ( 'NONE',  ( 1382.249487299215389, 821.7382805571390918, -7.790552847416641669 ) ) ;
#4148 = CARTESIAN_POINT ( 'NONE',  ( 1363.462992326308722, 853.8185388356350813, 42.70036861362103053 ) ) ;
#4149 = CARTESIAN_POINT ( 'NONE',  ( 559.9999999999998863, -7.372111264538181885, -18.81643475493046935 ) ) ;
#4150 = CARTESIAN_POINT ( 'NONE',  ( 618.3055772383064550, 22.15781700715009706, 27.08136753495970694 ) ) ;
#4151 = CARTESIAN_POINT ( 'NONE',  ( 955.8955894842463294, 153.4727390062372194, -42.46175948890154217 ) ) ;
#4152 = CARTESIAN_POINT ( 'NONE',  ( 1391.634514007731468, 916.6555943343680610, 36.17334415300751260 ) ) ;
#4153 = CARTESIAN_POINT ( 'NONE',  ( 895.2250088381413207, 163.7919216056518508, 43.66683123410291500 ) ) ;
#4154 = CARTESIAN_POINT ( 'NONE',  ( 1403.373680418938193, 1001.837746744924175, 50.17874957344789522 ) ) ;
#4155 = CARTESIAN_POINT ( 'NONE',  ( 560.0000000000000000, -1.959370718895292462, -21.67020562170749542 ) ) ;
#4156 = CARTESIAN_POINT ( 'NONE',  ( 1408.655312419192796, 959.7254053604779074, 24.19606841081275306 ) ) ;
#4157 = CARTESIAN_POINT ( 'NONE',  ( 1417.863029032298982, 980.4398866786159488, 9.855307160283050649 ) ) ;
#4158 = CARTESIAN_POINT ( 'NONE',  ( 1379.299603525841349, 707.8506724161593411, -65.79782186788601450 ) ) ;
#4159 = CARTESIAN_POINT ( 'NONE',  ( 734.0296422188173437, 39.68083783729603198, -22.54274487513693970 ) ) ;
#4160 = CARTESIAN_POINT ( 'NONE',  ( 1355.165349152656972, 867.9893544354110873, 66.90898929646675697 ) ) ;
#4161 = CARTESIAN_POINT ( 'NONE',  ( 1043.402103952739481, 297.6677686232970359, 73.06127115558493301 ) ) ;
#4162 = CARTESIAN_POINT ( 'NONE',  ( 1005.287362550612443, 205.8319120444126042, -48.19661838828269396 ) ) ;
#4163 = CARTESIAN_POINT ( 'NONE',  ( 948.0265143401118166, 196.4647440053674643, 45.06169840984524910 ) ) ;
#4164 = CARTESIAN_POINT ( 'NONE',  ( 1044.620373491200098, 292.6903629758731427, 41.28261632880217746 ) ) ;
#4165 = CARTESIAN_POINT ( 'NONE',  ( 1252.791034801565502, 411.9542515465512906, -103.3379615000497154 ) ) ;
#4166 = CARTESIAN_POINT ( 'NONE',  ( 1294.683455929082584, 746.0560227800181110, 109.4469762674263791 ) ) ;
#4167 = CARTESIAN_POINT ( 'NONE',  ( 998.4832437029288030, 237.6493373389440933, 42.22389733948347157 ) ) ;
#4168 = CARTESIAN_POINT ( 'NONE',  ( 618.5147713360706803, 9.692115949049885160, -27.45436178220974099 ) ) ;
#4169 = CARTESIAN_POINT ( 'NONE',  ( 1403.047722839831977, 664.1482154726808176, -108.6277167669229726 ) ) ;
#4170 = CARTESIAN_POINT ( 'NONE',  ( 1003.942706359342196, 212.1874412175722284, -9.847364714223838078 ) ) ;
#4171 = CARTESIAN_POINT ( 'NONE',  ( 1176.099527079583140, 450.7136931781144540, 36.36406459710769212 ) ) ;
#4172 = CARTESIAN_POINT ( 'NONE',  ( 791.3175301401026900, 57.85813864022639308, -49.11346938826722663 ) ) ;
#4173 = CARTESIAN_POINT ( 'NONE',  ( 946.0992865646154542, 206.9800301264322968, 58.63486040067918736 ) ) ;
#4174 = CARTESIAN_POINT ( 'NONE',  ( 996.6450929993307000, 246.2238232497992101, 61.53101526342236127 ) ) ;
#4175 = CARTESIAN_POINT ( 'NONE',  ( 1363.997987310197686, 607.7173374363160292, -100.0618623059651071 ) ) ;
#4176 = CARTESIAN_POINT ( 'NONE',  ( 675.7947461076347508, 37.87790070489388228, -4.362217018785783829 ) ) ;
#4177 = CARTESIAN_POINT ( 'NONE',  ( 1010.807464050683393, 180.1636675763400888, -65.79159812139901931 ) ) ;
#4178 = CARTESIAN_POINT ( 'NONE',  ( 1097.257498869758138, 318.5823534724905812, -12.74562239738486014 ) ) ;
#4179 = CARTESIAN_POINT ( 'NONE',  ( 847.9710049499702791, 80.64512766313175973, -52.06438792453921849 ) ) ;
#4180 = CARTESIAN_POINT ( 'NONE',  ( 1400.174561110325612, 1006.562203939502751, 53.67928901305341327 ) ) ;
#4181 = CARTESIAN_POINT ( 'NONE',  ( 1334.129466922678148, 667.3332491222927274, -9.906334599466019242 ) ) ;
#4182 = CARTESIAN_POINT ( 'NONE',  ( 1131.935820404670267, 403.2120210715943358, 74.74459977994582971 ) ) ;
#4183 =( NAMED_UNIT ( * ) SI_UNIT ( $, .STERADIAN. ) SOLID_ANGLE_UNIT ( ) );
#4184 = CARTESIAN_POINT ( 'NONE',  ( 732.4660294135389904, 62.88895038775287105, 37.51773033423756232 ) ) ;
#4185 = CARTESIAN_POINT ( 'NONE',  ( 618.3877298580134720, 16.91494607933152494, -14.29096551649087843 ) ) ;
#4186 = CARTESIAN_POINT ( 'NONE',  ( 847.4641608981148693, 84.79010544966249086, -41.28303703362454513 ) ) ;
#4187 = FACE_OUTER_BOUND ( 'NONE', #6480, .T. ) ;
#4188 = CARTESIAN_POINT ( 'NONE',  ( 1362.117171969025549, 611.4852362649661472, -86.27348240783420863 ) ) ;
#4189 = CARTESIAN_POINT ( 'NONE',  ( 787.7647761373515323, 95.46470948470744133, 44.46944130934303274 ) ) ;
#4190 = ORIENTED_EDGE ( 'NONE', *, *, #5515, .F. ) ;
#4191 = CARTESIAN_POINT ( 'NONE',  ( 1201.652901809804234, 377.5340272274547146, -65.36696056972144220 ) ) ;
#4192 = CARTESIAN_POINT ( 'NONE',  ( 675.9904790552867553, 33.52319874491796980, 15.93522365959968212 ) ) ;
#4193 = CARTESIAN_POINT ( 'NONE',  ( 1351.844123713990712, 873.6618082633103768, 76.89931834553944157 ) ) ;
#4194 = CARTESIAN_POINT ( 'NONE',  ( 1043.572497890892919, 296.9777987804140480, 71.70519260178681975 ) ) ;
#4195 = CARTESIAN_POINT ( 'NONE',  ( 901.5691602403423985, 122.1550214037903572, -54.22494674340359211 ) ) ;
#4196 = CARTESIAN_POINT ( 'NONE',  ( 618.4467406784831383, 14.18510482804467721, 11.80745245680554945 ) ) ;
#4197 = CARTESIAN_POINT ( 'NONE',  ( 788.3207870942268300, 89.47322194289755259, 7.783306542865536137 ) ) ;
#4198 = CARTESIAN_POINT ( 'NONE',  ( 1270.553878994993511, 526.5977209925720217, -42.13964051066685101 ) ) ;
#4199 = CARTESIAN_POINT ( 'NONE',  ( 1155.129832094636640, 329.3303959149963589, -55.86553061527912689 ) ) ;
#4200 = CARTESIAN_POINT ( 'NONE',  ( 579.3608788864346479, 12.41123186113728316, 17.05281668173523002 ) ) ;
#4201 = CARTESIAN_POINT ( 'NONE',  ( 1347.546374149221492, 881.0060974437574259, 98.44424794732466921 ) ) ;
#4202 = CARTESIAN_POINT ( 'NONE',  ( 953.3114916063633473, 167.4944578616218678, -44.45047996892726161 ) ) ;
#4203 = CARTESIAN_POINT ( 'NONE',  ( 1005.985344155819803, 202.6607574841320911, -27.64632541935546683 ) ) ;
#4204 = CARTESIAN_POINT ( 'NONE',  ( 1381.152283182856308, 933.1413918329765238, 61.86706672706735333 ) ) ;
#4205 = CARTESIAN_POINT ( 'NONE',  ( 579.3613274181947190, 12.37065978209481543, 12.60675866132644352 ) ) ;
#4206 = CARTESIAN_POINT ( 'NONE',  ( 560.0000000000002274, -4.953336192893285528, -23.61125515810129372 ) ) ;
#4207 = CARTESIAN_POINT ( 'NONE',  ( 896.6211356119760012, 154.6772516726175581, 37.39807691845032167 ) ) ;
#4208 = CARTESIAN_POINT ( 'NONE',  ( 846.2319018895992713, 94.69653609772892366, -46.16187491789949604 ) ) ;
#4209 = CARTESIAN_POINT ( 'NONE',  ( 957.5937757737771108, 144.1493911855189651, -67.81115857252325441 ) ) ;
#4210 = CARTESIAN_POINT ( 'NONE',  ( 1370.778596589324479, 723.5530996143425000, -30.55552941443611203 ) ) ;
#4211 = CARTESIAN_POINT ( 'NONE',  ( 997.4365790375771894, 242.4805201360871934, 30.40667757115995329 ) ) ;
#4212 = CARTESIAN_POINT ( 'NONE',  ( 1208.338896098647638, 358.3544495926462332, -98.44652060968329010 ) ) ;
#4213 = CARTESIAN_POINT ( 'NONE',  ( 789.8792114918933294, 72.97417217365826048, -34.51763515294958040 ) ) ;
#4214 = B_SPLINE_CURVE_WITH_KNOTS ( 'NONE', 3,
 ( #3360, #3256, #6652, #1699, #2817, #2310, #2172, #2712, #654, #36, #5563, #5017, #72, #2853, #5052, #107, #2888, #5089, #5740, #4105, #4654, #5778, #6795, #2380, #2346, #6317, #4690, #1808 ),
 .UNSPECIFIED., .F., .F.,
 ( 4, 1, 1, 1, 1, 1, 1, 1, 1, 1, 1, 1, 1, 1, 1, 1, 1, 1, 1, 1, 1, 1, 1, 1, 1, 4 ),
 ( 0.2599999664873547389, 0.2702760459425869177, 0.2910662295506090680, 0.3118550415072448567, 0.3326434147795221397, 0.3534318449294782116, 0.3742201675632327862, 0.3950076933346280406, 0.4157935952912852340, 0.4365774012314544428, 0.4573565843599975977, 0.4781192635245509748, 0.4987738095781771852, 0.5184052409794657201, 0.5388669941603478897, 0.5596267864016438720, 0.5804112418623721403, 0.6012002357046543066, 0.6219905565956507232, 0.6427813126785678621, 0.6635722533073860063, 0.6843632302402608003, 0.7051541765795814598, 0.7259451413986074408, 0.7467361040943355510, 0.7599999999292812447 ),
 .UNSPECIFIED. ) ;
#4215 = CARTESIAN_POINT ( 'NONE',  ( 1323.669429149894540, 810.2801115241762773, 95.33640024571899119 ) ) ;
#4216 = CARTESIAN_POINT ( 'NONE',  ( 788.2993959097743755, 89.82961073506315586, 38.11231877361778686 ) ) ;
#4217 = CARTESIAN_POINT ( 'NONE',  ( 1009.304577226094921, 187.1240494066817917, -69.79873779214511842 ) ) ;
#4218 = CARTESIAN_POINT ( 'NONE',  ( 618.3399526414970069, 19.72542378462795654, -3.899169691343730815 ) ) ;
#4219 = CARTESIAN_POINT ( 'NONE',  ( 1010.484244189048695, 181.6700912164131694, -63.63984248441011005 ) ) ;
#4220 = CARTESIAN_POINT ( 'NONE',  ( 1000.031210289924275, 230.3535950662362950, -1.683995880449839611 ) ) ;
#4221 = CARTESIAN_POINT ( 'NONE',  ( 1450.950651229762116, 895.4762117475332843, -61.63415144237139032 ) ) ;
#4222 = CARTESIAN_POINT ( 'NONE',  ( 1367.176554322736820, 955.1201274291481695, 90.94464135671940141 ) ) ;
#4223 = CARTESIAN_POINT ( 'NONE',  ( 951.9583933628675823, 174.9845914201209780, -1.612555975641788653 ) ) ;
#4224 = CARTESIAN_POINT ( 'NONE',  ( 1171.929781911241889, 462.6936450014957813, 79.03262300321713951 ) ) ;
#4225 = CARTESIAN_POINT ( 'NONE',  ( 1144.244803944706064, 364.0013510272089547, 0.5360825950964812625 ) ) ;
#4226 = CARTESIAN_POINT ( 'NONE',  ( 1328.278372689835578, 801.8005096412580315, 91.84849892534447235 ) ) ;
#4227 = CARTESIAN_POINT ( 'NONE',  ( 1427.778627411010120, 930.6772966031700207, -26.20498123295784865 ) ) ;
#4228 = CARTESIAN_POINT ( 'NONE',  ( 734.2929741219287507, 35.75450177880524905, -32.04909192893380521 ) ) ;
#4229 = CARTESIAN_POINT ( 'NONE',  ( 1417.794108441164553, 945.8443063227073253, -5.139260874651423450 ) ) ;
#4230 = CARTESIAN_POINT ( 'NONE',  ( 1447.996193443942047, 935.9392502013514559, -42.90484662935622850 ) ) ;
#4231 = CARTESIAN_POINT ( 'NONE',  ( 1345.627781459009384, 884.2794209560117906, 95.77984992412532961 ) ) ;
#4232 = CARTESIAN_POINT ( 'NONE',  ( 579.4778308640619571, -3.880944025428204380, -18.38223263711730127 ) ) ;
#4233 = CARTESIAN_POINT ( 'NONE',  ( 1217.953930875468131, 502.4149176386145541, 40.82387681561156967 ) ) ;
#4234 = CARTESIAN_POINT ( 'NONE',  ( 675.6976216490610341, 40.44130524142809691, 35.28449461109208585 ) ) ;
#4235 = CARTESIAN_POINT ( 'NONE',  ( 618.5478766171892175, 7.837501919743061762, -29.39177023725962101 ) ) ;
#4236 = CARTESIAN_POINT ( 'NONE',  ( 1409.608505867774738, 958.2774525139381012, 22.02084936384524028 ) ) ;
#4237 = CARTESIAN_POINT ( 'NONE',  ( 675.6814461136440286, 40.64577497846133269, 10.51295072840464329 ) ) ;
#4238 = CARTESIAN_POINT ( 'NONE',  ( 560.0000000000006821, 4.839389341848420401, -9.215508625089363193 ) ) ;
#4239 = CARTESIAN_POINT ( 'NONE',  ( 1059.635933336151311, 231.8563018639109430, -53.12385357180596657 ) ) ;
#4240 = CARTESIAN_POINT ( 'NONE',  ( 1373.767411639959164, 944.7507310721815657, 70.77939328235758865 ) ) ;
#4241 = CARTESIAN_POINT ( 'NONE',  ( 788.1000181078967444, 91.93313659362576118, 44.38178324207004977 ) ) ;
#4242 = CARTESIAN_POINT ( 'NONE',  ( 1438.159952941533220, 950.4654034098589364, -25.07005923721952811 ) ) ;
#4243 = CARTESIAN_POINT ( 'NONE',  ( 1334.906327213895338, 789.5966918708993489, 71.21977707882420816 ) ) ;
#4244 = CARTESIAN_POINT ( 'NONE',  ( 1451.956741087427417, 893.9490192439536713, -66.10206855291923489 ) ) ;
#4245 = CARTESIAN_POINT ( 'NONE',  ( 1092.178048150915174, 336.7975476255140279, 48.85812739715041886 ) ) ;
#4246 = CARTESIAN_POINT ( 'NONE',  ( 1199.208423604162590, 384.4933255540030359, -73.37425254393258456 ) ) ;
#4247 = CARTESIAN_POINT ( 'NONE',  ( 1451.363475149336182, 822.7324277531749885, -91.15535497394483855 ) ) ;
#4248 = CARTESIAN_POINT ( 'NONE',  ( 790.5445458612933862, 66.10803415489749568, -19.73894390939320687 ) ) ;
#4249 = CARTESIAN_POINT ( 'NONE',  ( 1212.336738230535047, 516.9737736081965522, 49.70598233466566285 ) ) ;
#4250 = CARTESIAN_POINT ( 'NONE',  ( 842.0550429428899406, 128.7402695299366258, 50.44069229935033150 ) ) ;
#4251 = CARTESIAN_POINT ( 'NONE',  ( 675.8078593229594162, 37.85113301653159112, 28.47025427027865874 ) ) ;
#4252 = CARTESIAN_POINT ( 'NONE',  ( 901.9113815803062835, 119.9199781333026777, -56.34604708581880317 ) ) ;
#4253 = CARTESIAN_POINT ( 'NONE',  ( 1330.547544287074743, 537.9550100537643402, -94.80846242724075523 ) ) ;
#4254 = CARTESIAN_POINT ( 'NONE',  ( 1382.245151093634149, 821.7456734957338540, -7.797449984977212090 ) ) ;
#4255 = CARTESIAN_POINT ( 'NONE',  ( 618.6686348242490112, 1.091060231158515803, -30.26934742063599515 ) ) ;
#4256 = CARTESIAN_POINT ( 'NONE',  ( 1295.597387072666834, 744.2330719921468472, 109.7584042944008047 ) ) ;
#4257 = CARTESIAN_POINT ( 'NONE',  ( 1003.081343991664653, 216.2046735008602241, -2.039799661142849718 ) ) ;
#4258 = CARTESIAN_POINT ( 'NONE',  ( 1355.565120684849717, 867.3141312356185608, 77.71738278259178401 ) ) ;
#4259 = CARTESIAN_POINT ( 'NONE',  ( 1208.490450925304003, 526.9862754932219104, 86.38186802693888922 ) ) ;
#4260 = CARTESIAN_POINT ( 'NONE',  ( 898.6566717490461542, 141.2175601102510427, -25.75332234801795295 ) ) ;
#4261 = CARTESIAN_POINT ( 'NONE',  ( 559.9999999999998863, -7.160907212647044773, -17.64270327321791498 ) ) ;
#4262 = CARTESIAN_POINT ( 'NONE',  ( 1002.910320936560424, 217.0022786292670673, -0.4751640731442091647 ) ) ;
#4263 = CARTESIAN_POINT ( 'NONE',  ( 1111.071219324029244, 269.2813420137538287, -69.15840655151821181 ) ) ;
#4264 = CARTESIAN_POINT ( 'NONE',  ( 1321.499803768556148, 814.2755095293649674, 102.0843813257377235 ) ) ;
#4265 = ORIENTED_EDGE ( 'NONE', *, *, #2517, .F. ) ;
#4266 = CARTESIAN_POINT ( 'NONE',  ( 1009.077002784288766, 188.2399227097720882, -52.23624502453851903 ) ) ;
#4267 = CARTESIAN_POINT ( 'NONE',  ( 1367.919660115514489, 846.2176380840321599, 43.78784229496926628 ) ) ;
#4268 = CARTESIAN_POINT ( 'NONE',  ( 1288.070454401756933, 485.1518217486421349, -92.94378529352334795 ) ) ;
#4269 = CARTESIAN_POINT ( 'NONE',  ( 560.0000000000006821, 1.074509945868504568, 7.859974527229804053 ) ) ;
#4270 = CARTESIAN_POINT ( 'NONE',  ( 1284.495571649309341, 637.7924661273132187, 34.76466002671996591 ) ) ;
#4271 = CARTESIAN_POINT ( 'NONE',  ( 1395.581194312542038, 798.9761124281258162, -40.22408617990441115 ) ) ;
#4272 = CARTESIAN_POINT ( 'NONE',  ( 734.1077039041545049, 38.51922345525384372, -25.23950082429255559 ) ) ;
#4273 = CARTESIAN_POINT ( 'NONE',  ( 1300.313627834711269, 734.8142623411608838, 87.65635456751702748 ) ) ;
#4274 = CARTESIAN_POINT ( 'NONE',  ( 1326.874709078289015, 804.3854971391662048, 97.26041295719737434 ) ) ;
#4275 = CARTESIAN_POINT ( 'NONE',  ( 1133.852547098342939, 397.1058404887484699, 62.57180255198498031 ) ) ;
#4276 = CARTESIAN_POINT ( 'NONE',  ( 1211.697476716885149, 518.6347289960926901, 53.17030963730829285 ) ) ;
#4277 = CARTESIAN_POINT ( 'NONE',  ( 1062.011883038286214, 222.1777627492883767, -80.02527224286242813 ) ) ;
#4278 = CARTESIAN_POINT ( 'NONE',  ( 1175.725251720180268, 451.8178801236684876, 58.08734085218247856 ) ) ;
#4279 = CARTESIAN_POINT ( 'NONE',  ( 845.6584510445220531, 99.34326549861434330, -40.08007094773309120 ) ) ;
#4280 = CARTESIAN_POINT ( 'NONE',  ( 791.3569687484599626, 57.44584981156739900, -48.96305478793100008 ) ) ;
#4281 = CARTESIAN_POINT ( 'NONE',  ( 1056.182734438028547, 245.8555669727543886, -30.20379897511644884 ) ) ;
#4282 = CARTESIAN_POINT ( 'NONE',  ( 618.3023558111601687, 22.15413855031838963, 16.40516315945330561 ) ) ;
#4283 = CARTESIAN_POINT ( 'NONE',  ( 1042.249614562380430, 302.3311059502207172, 71.36837953119999156 ) ) ;
#4284 = CARTESIAN_POINT ( 'NONE',  ( 1304.489162907995478, 726.4887362645265512, 85.70973996126555505 ) ) ;
#4285 = CARTESIAN_POINT ( 'NONE',  ( 618.5550202742540478, 7.437952884456345615, -29.75015892020593711 ) ) ;
#4286 = CARTESIAN_POINT ( 'NONE',  ( 1384.854814803807130, 817.2897842589981110, -14.37409544255888250 ) ) ;
#4287 = CARTESIAN_POINT ( 'NONE',  ( 1452.043651636777668, 929.9619667260523102, -50.00417587071995484 ) ) ;
#4288 = CARTESIAN_POINT ( 'NONE',  ( 999.5989192567262762, 232.3729311501966208, 3.190618053187477265 ) ) ;
#4289 = CARTESIAN_POINT ( 'NONE',  ( 791.5689699366324703, 55.22762186279360463, -46.36631543138449985 ) ) ;
#4290 = CARTESIAN_POINT ( 'NONE',  ( 1203.505974938705776, 539.9237377142318337, 102.3478765288547834 ) ) ;
#4291 = CARTESIAN_POINT ( 'NONE',  ( 676.2676564484194159, 26.94457207840062551, -1.798828175045549926 ) ) ;
#4292 = PERSON_AND_ORGANIZATION_ROLE ( 'design_supplier' ) ;
#4293 = CARTESIAN_POINT ( 'NONE',  ( 1369.881143817515067, 595.9822133981109573, -110.5769598522455226 ) ) ;
#4294 = CARTESIAN_POINT ( 'NONE',  ( 675.9868520896593509, 33.28175840303233457, -18.76397953230556936 ) ) ;
#4295 = CARTESIAN_POINT ( 'NONE',  ( 579.4794429790759978, -4.100716475925028526, -19.24764662956398809 ) ) ;
#4296 = CARTESIAN_POINT ( 'NONE',  ( 1420.271659937923914, 942.0796671646543246, -1.640837015443486147 ) ) ;
#4297 = LOCAL_TIME ( 9, 39, 0.000000000000000000, #2098 ) ;
#4298 = CARTESIAN_POINT ( 'NONE',  ( 1442.376241335021632, 836.8644449164847856, -72.81213313408338195 ) ) ;
#4299 = CARTESIAN_POINT ( 'NONE',  ( 675.6230493997508120, 42.21109264924263016, 33.85145069080729030 ) ) ;
#4300 = CARTESIAN_POINT ( 'NONE',  ( 734.2390869565941784, 36.56028795503858220, -29.98606309322335051 ) ) ;
#4301 = PERSON ( 'UNSPECIFIED', 'UNSPECIFIED', 'UNSPECIFIED', ('UNSPECIFIED'), ('UNSPECIFIED'), ('UNSPECIFIED') ) ;
#4302 = CARTESIAN_POINT ( 'NONE',  ( 1048.609479254832650, 276.5565168720559655, 27.43755274667313770 ) ) ;
#4303 = CARTESIAN_POINT ( 'NONE',  ( 579.3627269275139042, 12.10627553824863156, 25.79078820932472382 ) ) ;
#4304 = CARTESIAN_POINT ( 'NONE',  ( 1443.634248017274786, 834.8809007647769249, -81.74825845847037442 ) ) ;
#4305 = CARTESIAN_POINT ( 'NONE',  ( 1218.680156688840043, 500.5294013969769935, 37.48678296773177721 ) ) ;
#4306 = CARTESIAN_POINT ( 'NONE',  ( 1272.486942137765709, 522.0227893137918045, -48.69384101718727464 ) ) ;
#4307 = CARTESIAN_POINT ( 'NONE',  ( 1385.717723580101392, 696.0527574995692248, -67.30436937787692386 ) ) ;
#4308 = CARTESIAN_POINT ( 'NONE',  ( 1240.784059904027345, 597.0851994535003087, 84.55368720339583888 ) ) ;
#4309 = CARTESIAN_POINT ( 'NONE',  ( 1170.444656617965848, 466.9494837400828828, 88.60075282032137522 ) ) ;
#4310 = CARTESIAN_POINT ( 'NONE',  ( 1435.414158878147191, 919.0773157887281286, -32.97098578907555577 ) ) ;
#4311 = CARTESIAN_POINT ( 'NONE',  ( 998.7182557175459579, 236.5532652267561105, 39.82597220961596207 ) ) ;
#4312 = CARTESIAN_POINT ( 'NONE',  ( 1111.910557662464953, 266.2420239814345564, -84.93301343243723522 ) ) ;
#4313 = CARTESIAN_POINT ( 'NONE',  ( 1175.137758515852966, 453.5012877906976314, 61.29318451925028910 ) ) ;
#4314 = CARTESIAN_POINT ( 'NONE',  ( 560.0000000000001137, 1.001640456528646972, -17.93757430924733853 ) ) ;
#4315 = CARTESIAN_POINT ( 'NONE',  ( 954.4066780464346493, 161.6086858769245680, -27.86120619155225242 ) ) ;
#4316 = CARTESIAN_POINT ( 'NONE',  ( 675.6478214030162235, 41.49379787123260854, 18.03122490121061006 ) ) ;
#4317 = CARTESIAN_POINT ( 'NONE',  ( 1238.252278557850332, 603.0831306566483363, 97.58049515759246617 ) ) ;
#4318 = CARTESIAN_POINT ( 'NONE',  ( 1378.107509610366833, 937.9302051844701964, 69.49996792414503943 ) ) ;
#4319 = CARTESIAN_POINT ( 'NONE',  ( 1157.461632245250485, 321.8618937966214730, -81.83773746137961780 ) ) ;
#4320 = CARTESIAN_POINT ( 'NONE',  ( 788.4789716830050565, 87.78761586244166892, 1.235993135435938362 ) ) ;
#4321 = CARTESIAN_POINT ( 'NONE',  ( 559.9999999999996589, -7.306926798719603156, -22.43850080680187631 ) ) ;
#4322 = ADVANCED_FACE ( 'NONE', ( #2960 ), #6511, .T. ) ;
#4323 = CARTESIAN_POINT ( 'NONE',  ( 1413.923830799041752, 951.7234566486215499, 3.477403590141391110 ) ) ;
#4324 = CARTESIAN_POINT ( 'NONE',  ( 1450.485560436590504, 824.1136910245619447, -88.71669424056376840 ) ) ;
#4325 = CARTESIAN_POINT ( 'NONE',  ( 1393.844400791320368, 801.9533778815118694, -22.23763346695042742 ) ) ;
#4326 = DATE_TIME_ROLE ( 'classification_date' ) ;
#4327 = CARTESIAN_POINT ( 'NONE',  ( 1130.280018077958175, 408.4718724318721002, 71.35573333153921283 ) ) ;
#4328 = CARTESIAN_POINT ( 'NONE',  ( 618.6119572823535009, 4.273159963855487575, -31.82067496348845026 ) ) ;
#4329 = CARTESIAN_POINT ( 'NONE',  ( 1143.362002196523690, 366.7597020097548466, -19.36169711746140365 ) ) ;
#4330 = CARTESIAN_POINT ( 'NONE',  ( 676.6989828242099065, 16.63196019972301798, -28.91189896977240181 ) ) ;
#4331 = CARTESIAN_POINT ( 'NONE',  ( 1187.811153134395227, 417.1894448796198844, -3.896601470812095069 ) ) ;
#4332 = CARTESIAN_POINT ( 'NONE',  ( 1290.323467263305247, 479.8453086905760756, -87.78498311867237192 ) ) ;
#4333 = CARTESIAN_POINT ( 'NONE',  ( 1237.707788629065135, 604.3726239227703445, 99.96019665042265956 ) ) ;
#4334 = CARTESIAN_POINT ( 'NONE',  ( 1415.977710371141939, 764.1684235150576114, -71.85126746337903114 ) ) ;
#4335 = CARTESIAN_POINT ( 'NONE',  ( 732.9882060874936087, 55.14175462118208060, 15.51625458799000512 ) ) ;
#4336 = CARTESIAN_POINT ( 'NONE',  ( 1155.904465414310380, 326.8176577757535028, -76.69836706389193637 ) ) ;
#4337 = CARTESIAN_POINT ( 'NONE',  ( 1183.593610237102212, 429.2730482735139503, 16.89657447974050086 ) ) ;
#4338 = CARTESIAN_POINT ( 'NONE',  ( 1431.623960558360750, 924.8359956500831913, -33.62863798024019957 ) ) ;
#4339 = CARTESIAN_POINT ( 'NONE',  ( 1108.924971215282312, 276.9529292923400590, -57.35690089873547493 ) ) ;
#4340 = CARTESIAN_POINT ( 'NONE',  ( 1404.102525990838558, 1000.761388105647598, 42.61803337273755687 ) ) ;
#4341 = CARTESIAN_POINT ( 'NONE',  ( 1301.597429587565557, 732.2611795766218847, 96.72938748016046873 ) ) ;
#4342 = CARTESIAN_POINT ( 'NONE',  ( 1105.615756302328464, 288.7781487782355612, -38.97401458655838269 ) ) ;
#4343 = CARTESIAN_POINT ( 'NONE',  ( 1046.435000092426435, 285.3720508933525366, 45.60074869407446130 ) ) ;
#4344 = CARTESIAN_POINT ( 'NONE',  ( 618.3019292103226690, 22.19639117349871782, 17.48336204611573663 ) ) ;
#4345 = CARTESIAN_POINT ( 'NONE',  ( 1428.313372382679745, 743.1057044678843795, -101.6099162732262187 ) ) ;
#4346 = CARTESIAN_POINT ( 'NONE',  ( 1092.956277938113999, 334.0163668131747841, 43.24371826369705474 ) ) ;
#4347 = CARTESIAN_POINT ( 'NONE',  ( 676.2173095256899842, 27.83041710939343005, -28.69890854833770533 ) ) ;
#4348 = CARTESIAN_POINT ( 'NONE',  ( 1373.417053813558596, 718.6959397245529999, -37.37821846478098564 ) ) ;
#4349 = CARTESIAN_POINT ( 'NONE',  ( 1358.679221938394448, 861.9881279696490992, 56.49547958717121077 ) ) ;
#4350 = CARTESIAN_POINT ( 'NONE',  ( 1168.140551108265754, 473.5446975755723429, 89.30495827746489113 ) ) ;
#4351 = CARTESIAN_POINT ( 'NONE',  ( 842.8163318832423556, 122.5628095585281301, 43.63970060720716049 ) ) ;
#4352 = CARTESIAN_POINT ( 'NONE',  ( 1366.682013296011519, 955.8970841635078841, 90.98039151477523490 ) ) ;
#4353 = CARTESIAN_POINT ( 'NONE',  ( 1442.918606230097566, 836.0060328523777571, -80.67718058921714430 ) ) ;
#4354 = CARTESIAN_POINT ( 'NONE',  ( 1222.576894338143802, 490.3738688383219824, -1.354361537241626223 ) ) ;
#4355 = CARTESIAN_POINT ( 'NONE',  ( 1011.047279926080137, 179.0435431815891434, -68.17635423212001911 ) ) ;
#4356 = CARTESIAN_POINT ( 'NONE',  ( 788.3207870942268300, 89.47322194289755259, 7.783306542865536137 ) ) ;
#4357 = CARTESIAN_POINT ( 'NONE',  ( 1453.490294279043155, 927.8255658669733066, -53.18728783513970626 ) ) ;
#4358 = CARTESIAN_POINT ( 'NONE',  ( 579.4526937803859710, -0.4078953394095943263, -7.824240856257285159 ) ) ;
#4359 = CARTESIAN_POINT ( 'NONE',  ( 1320.846104087883759, 815.4827744580064746, 108.1874344289420122 ) ) ;
#4360 = PERSON_AND_ORGANIZATION ( #4301, #6142 ) ;
#4361 = CARTESIAN_POINT ( 'NONE',  ( 579.3610408509372292, 12.38009771204036014, 18.67948711323759525 ) ) ;
#4362 = CARTESIAN_POINT ( 'NONE',  ( 1271.723955311631471, 665.5099339250991761, 101.3669202392545259 ) ) ;
#4363 = CARTESIAN_POINT ( 'NONE',  ( 1452.670466485289353, 892.8645702151079604, -66.89048703962492937 ) ) ;
#4364 = CARTESIAN_POINT ( 'NONE',  ( 1001.890182346297138, 221.6742023316900259, -20.90788659089925261 ) ) ;
#4365 = CARTESIAN_POINT ( 'NONE',  ( 734.3538576649925744, 34.84239070273056171, -34.79587852668683468 ) ) ;
#4366 = CARTESIAN_POINT ( 'NONE',  ( 1360.490808897701754, 742.4927078250597106, -2.842820294164057238 ) ) ;
#4367 = CARTESIAN_POINT ( 'NONE',  ( 1291.339249769630896, 477.4417396674247698, -90.82898397619396746 ) ) ;
#4368 = CARTESIAN_POINT ( 'NONE',  ( 1167.095118422435689, 476.5426269235509267, 96.12273702277181542 ) ) ;
#4369 = CARTESIAN_POINT ( 'NONE',  ( 1423.616219943244914, 971.9435782984247680, -2.734977663980190599 ) ) ;
#4370 = CARTESIAN_POINT ( 'NONE',  ( 1008.881716359555185, 189.1509339381508141, -50.73783681687506686 ) ) ;
#4371 = CARTESIAN_POINT ( 'NONE',  ( 897.6519045105089845, 147.9220518272368565, 21.57361608595258673 ) ) ;
#4372 = CARTESIAN_POINT ( 'NONE',  ( 1201.569474056948593, 377.7330302976758389, -80.96288510052522724 ) ) ;
#4373 = CARTESIAN_POINT ( 'NONE',  ( 1400.476868039402916, 902.7495556093645064, 15.31228418289744653 ) ) ;
#4374 = CARTESIAN_POINT ( 'NONE',  ( 897.8598347154721750, 146.4449747509168844, -13.95745986693383323 ) ) ;
#4375 = CARTESIAN_POINT ( 'NONE',  ( 1442.678980231484957, 908.0414945639812458, -46.62873502386863578 ) ) ;
#4376 = CARTESIAN_POINT ( 'NONE',  ( 1130.094387697701222, 409.0641726580282125, 72.93217136245944232 ) ) ;
#4377 = CARTESIAN_POINT ( 'NONE',  ( 946.9597041912462601, 202.2942227914867885, 59.64667493872553905 ) ) ;
#4378 = CARTESIAN_POINT ( 'NONE',  ( 1314.950388489311308, 571.7720406969544911, -50.80994310210687104 ) ) ;
#4379 = CARTESIAN_POINT ( 'NONE',  ( 1401.125156915997877, 971.1639261500089333, 41.74118526315019295 ) ) ;
#4380 = CARTESIAN_POINT ( 'NONE',  ( 1172.785547050636524, 460.2180658914295464, 57.26840526499827178 ) ) ;
#4381 = CARTESIAN_POINT ( 'NONE',  ( 956.4164969399528218, 150.5634182164592403, -64.18210615985211120 ) ) ;
#4382 = CARTESIAN_POINT ( 'NONE',  ( 1313.701259682791033, 708.1023476295204091, 54.53794105054345209 ) ) ;
#4383 = CARTESIAN_POINT ( 'NONE',  ( 1105.511288618845128, 289.0881450866344267, -60.51212855275668545 ) ) ;
#4384 = CARTESIAN_POINT ( 'NONE',  ( 1006.636403690857946, 199.6242960128545576, -32.98495406847412426 ) ) ;
#4385 = CARTESIAN_POINT ( 'NONE',  ( 1309.412801844953947, 716.6472469198458839, 53.67698610996197317 ) ) ;
#4386 = CARTESIAN_POINT ( 'NONE',  ( 947.5700085257751653, 198.9582785094181077, 50.93554402378858725 ) ) ;
#4387 = CARTESIAN_POINT ( 'NONE',  ( 579.3626150292352577, 12.13267103842508021, 23.70114383285969595 ) ) ;
#4388 = CARTESIAN_POINT ( 'NONE',  ( 732.5821795756606889, 61.16408264216654800, 32.06631756598968508 ) ) ;
#4389 = CARTESIAN_POINT ( 'NONE',  ( 733.9092938654922591, 41.31604477547906384, -40.04076043608939273 ) ) ;
#4390 = CARTESIAN_POINT ( 'NONE',  ( 1000.031210289924275, 230.3535950662362950, -1.683995880449839611 ) ) ;
#4391 = CARTESIAN_POINT ( 'NONE',  ( 676.7377918587466183, 15.61727203664210606, -35.22590434997319164 ) ) ;
#4392 = CARTESIAN_POINT ( 'NONE',  ( 1415.849731331372595, 948.7978945655280540, -0.8459484484664618886 ) ) ;
#4393 = CARTESIAN_POINT ( 'NONE',  ( 734.3716907432586822, 34.51920316298720337, -42.16175860105953177 ) ) ;
#4394 = CARTESIAN_POINT ( 'NONE',  ( 900.3268575907118247, 130.2798316003129457, -44.22038511476930722 ) ) ;
#4395 = CARTESIAN_POINT ( 'NONE',  ( 560.0000000000005684, -3.397650352190892509, -5.475437331034951782 ) ) ;
#4396 = APPROVAL_DATE_TIME ( #6060, #7110 ) ;
#4397 = CARTESIAN_POINT ( 'NONE',  ( 1042.719883957441652, 300.4166710002533591, 64.66294064095609428 ) ) ;
#4398 = CARTESIAN_POINT ( 'NONE',  ( 788.1339119238421063, 91.57789524208487819, 43.55054478134276508 ) ) ;
#4399 = CARTESIAN_POINT ( 'NONE',  ( 734.1918902216739298, 37.15915704386981133, -42.95850088905083197 ) ) ;
#4400 = CARTESIAN_POINT ( 'NONE',  ( 1228.548517777825737, 474.8666758860338746, -27.75080662916226970 ) ) ;
#4401 = CARTESIAN_POINT ( 'NONE',  ( 1158.996520642255064, 317.0126392894083551, -73.96947053290895724 ) ) ;
#4402 = CARTESIAN_POINT ( 'NONE',  ( 845.0999453490286442, 104.0112256596362101, -0.9203147168265531919 ) ) ;
#4403 = CARTESIAN_POINT ( 'NONE',  ( 1249.034979651235517, 421.7271820964380709, -84.23148422730209006 ) ) ;
#4404 = CARTESIAN_POINT ( 'NONE',  ( 1399.949174679875796, 1006.895054464969689, 52.92128041953899498 ) ) ;
#4405 = CARTESIAN_POINT ( 'NONE',  ( 1435.731296337211916, 954.0520418126686764, -27.01563329918507961 ) ) ;
#4406 = CARTESIAN_POINT ( 'NONE',  ( 1418.446026231207043, 979.5789168162573333, 15.57157126157514249 ) ) ;
#4407 = CARTESIAN_POINT ( 'NONE',  ( 1439.571711435962243, 841.2677274225748079, -75.46386346249242649 ) ) ;
#4408 = CARTESIAN_POINT ( 'NONE',  ( 579.4152261127519523, 4.797516144194087673, 7.318311931382342372 ) ) ;
#4409 = CARTESIAN_POINT ( 'NONE',  ( 579.3627169790862581, 12.19474220192102720, 8.757173327047397038 ) ) ;
#4410 = CARTESIAN_POINT ( 'NONE',  ( 898.1114809453233647, 144.7932275073303003, -17.93027885445430769 ) ) ;
#4411 = CARTESIAN_POINT ( 'NONE',  ( 1390.653848499983724, 686.9666897904951384, -78.63062187567658157 ) ) ;
#4412 = CARTESIAN_POINT ( 'NONE',  ( 1129.603764100623039, 410.6300237879463566, 77.42778262083612617 ) ) ;
#4413 = CARTESIAN_POINT ( 'NONE',  ( 1439.913394902793925, 947.8759215275018732, -28.35937842488517191 ) ) ;
#4414 = CARTESIAN_POINT ( 'NONE',  ( 1092.566389346993901, 335.4097250569981270, 46.04878710523472307 ) ) ;
#4415 = CARTESIAN_POINT ( 'NONE',  ( 618.3023558111601687, 22.15413855031838963, 16.40516315945330561 ) ) ;
#4416 = CARTESIAN_POINT ( 'NONE',  ( 1445.965000339840572, 831.2165903341652893, -85.14025028519928640 ) ) ;
#4417 = CARTESIAN_POINT ( 'NONE',  ( 1251.293970411347118, 572.2180959725411640, 52.78800631640960717 ) ) ;
#4418 = CARTESIAN_POINT ( 'NONE',  ( 1439.844917607041907, 947.9770487507647658, -34.23795620381853411 ) ) ;
#4419 = CARTESIAN_POINT ( 'NONE',  ( 1279.212228065527825, 506.1411036237327608, -52.53537985986191927 ) ) ;
#4420 = CARTESIAN_POINT ( 'NONE',  ( 675.6332295352958681, 41.87676301457818084, 23.06632388229590802 ) ) ;
#4421 = CARTESIAN_POINT ( 'NONE',  ( 841.9786798155996621, 129.3627368918346292, 54.90546326661905852 ) ) ;
#4422 = CARTESIAN_POINT ( 'NONE',  ( 560.0000000000000000, 4.568939709819020756, 18.74886029780799390 ) ) ;
#4423 = CARTESIAN_POINT ( 'NONE',  ( 618.3062637296465027, 22.18007695542193147, 29.84102398589502414 ) ) ;
#4424 = CARTESIAN_POINT ( 'NONE',  ( 896.1271772625410676, 157.9144295367128734, 45.35695158625772194 ) ) ;
#4425 = CARTESIAN_POINT ( 'NONE',  ( 1392.890893821807140, 682.8354280028603398, -93.39430537550707356 ) ) ;
#4426 = CARTESIAN_POINT ( 'NONE',  ( 1422.677371437832107, 973.3300691254686399, -0.7245233516249350858 ) ) ;
#4427 = CARTESIAN_POINT ( 'NONE',  ( 618.6709441366817828, 0.9804265280883081024, -29.73612614685949040 ) ) ;
#4428 = CARTESIAN_POINT ( 'NONE',  ( 1180.372667198072122, 438.4615959865743093, 11.45953972799328646 ) ) ;
#4429 = CARTESIAN_POINT ( 'NONE',  ( 1161.744790142601232, 308.2482443232121909, -88.83544075439101562 ) ) ;
#4430 = CARTESIAN_POINT ( 'NONE',  ( 733.3752373361054424, 49.19279837972279523, -30.47617158723053521 ) ) ;
#4431 = CARTESIAN_POINT ( 'NONE',  ( 676.4189593410648058, 23.34505867274079804, -11.22304148065828322 ) ) ;
#4432 = APPROVAL_PERSON_ORGANIZATION ( #5520, #6359, #4804 ) ;
#4433 = CARTESIAN_POINT ( 'NONE',  ( 1240.784059904027345, 597.0851994535003087, 84.55368720339583888 ) ) ;
#4434 = CARTESIAN_POINT ( 'NONE',  ( 788.1804036717120425, 91.09002154226472214, 41.99949779443886655 ) ) ;
#4435 = CARTESIAN_POINT ( 'NONE',  ( 1453.516901486064398, 927.7862723619386998, -54.31296439926394726 ) ) ;
#4436 = CARTESIAN_POINT ( 'NONE',  ( 1392.837192351081967, 803.6608550005510097, -33.86236735627080208 ) ) ;
#4437 = CARTESIAN_POINT ( 'NONE',  ( 1420.621366084131751, 756.2415044348011861, -81.49053826405022960 ) ) ;
#4438 = CARTESIAN_POINT ( 'NONE',  ( 1265.228037441328070, 539.2374113963998070, -2.409796219758463920 ) ) ;
#4439 = CARTESIAN_POINT ( 'NONE',  ( 1249.904679947980185, 419.4697082887885244, -87.18330436759660529 ) ) ;
#4440 = CARTESIAN_POINT ( 'NONE',  ( 1344.051965003802707, 886.9706192873952659, 100.5466323737734768 ) ) ;
#4441 = CARTESIAN_POINT ( 'NONE',  ( 1435.477482190684896, 954.4268743696839010, -19.93357529837937747 ) ) ;
#4442 = CARTESIAN_POINT ( 'NONE',  ( 618.4652321538638944, 13.12589006924418378, 8.753720359043077437 ) ) ;
#4443 = CARTESIAN_POINT ( 'NONE',  ( 954.8939707793397247, 158.8611270189950915, -55.83761176008659532 ) ) ;
#4444 = CARTESIAN_POINT ( 'NONE',  ( 1096.972849709791944, 319.6627491173842373, 15.41143203197716893 ) ) ;
#4445 = CARTESIAN_POINT ( 'NONE',  ( 898.3752156918411629, 143.0630856001132258, -21.86758835626095987 ) ) ;
#4446 = CARTESIAN_POINT ( 'NONE',  ( 956.2882708036386248, 151.3264562198352792, -46.27444528332132734 ) ) ;
#4447 = CARTESIAN_POINT ( 'NONE',  ( 1325.646241550314244, 806.6391527895443687, 88.15925017616669379 ) ) ;
#4448 = CARTESIAN_POINT ( 'NONE',  ( 1441.686486497291980, 945.2574210802922607, -31.62649504189440819 ) ) ;
#4449 = CARTESIAN_POINT ( 'NONE',  ( 1384.200015114908410, 928.3480268909781898, 54.26896814678903525 ) ) ;
#4450 = CARTESIAN_POINT ( 'NONE',  ( 579.3609962147950228, 12.40819633187449789, 14.38732554568540678 ) ) ;
#4451 = CARTESIAN_POINT ( 'NONE',  ( 847.0667702185606913, 87.94018225705201530, -52.89159988495535458 ) ) ;
#4452 = CARTESIAN_POINT ( 'NONE',  ( 560.0000000000000000, 2.395299006302448852, 11.89645870202903843 ) ) ;
#4453 = CARTESIAN_POINT ( 'NONE',  ( 733.2725141397044126, 50.71170769078228346, -27.96499491902869394 ) ) ;
#4454 = CARTESIAN_POINT ( 'NONE',  ( 1057.028205823831058, 242.4282381699042617, -35.97977724736214356 ) ) ;
#4455 = CARTESIAN_POINT ( 'NONE',  ( 1089.193675027099061, 347.4346047513906797, 53.37641622059897628 ) ) ;
#4456 = CARTESIAN_POINT ( 'NONE',  ( 1087.293428656892502, 354.2506611313178837, 83.19742550153250704 ) ) ;
#4457 = CARTESIAN_POINT ( 'NONE',  ( 1407.132849829630686, 996.2862079448083250, 41.12164738069226644 ) ) ;
#4458 = CARTESIAN_POINT ( 'NONE',  ( 1167.899866316156704, 474.2370220274616486, 96.47332363178792036 ) ) ;
#4459 = CARTESIAN_POINT ( 'NONE',  ( 1345.627781459009384, 884.2794209560117906, 95.77984992412532961 ) ) ;
#4460 = CARTESIAN_POINT ( 'NONE',  ( 997.3338309455888293, 243.0104616615060422, 54.25241479933274746 ) ) ;
#4461 = CARTESIAN_POINT ( 'NONE',  ( 1203.012588832913252, 373.6008969505812729, -85.28393977822804572 ) ) ;
#4462 = CARTESIAN_POINT ( 'NONE',  ( 1208.369022723064290, 358.2828552121538905, -94.31995358765590254 ) ) ;
#4463 = CARTESIAN_POINT ( 'NONE',  ( 1288.289947210383616, 629.5615470537954934, 20.23107732178338836 ) ) ;
#4464 = CARTESIAN_POINT ( 'NONE',  ( 560.0000000000002274, -6.936131059611285288, -23.04472915762798024 ) ) ;
#4465 = CARTESIAN_POINT ( 'NONE',  ( 1385.172242149436670, 697.0412899490680729, -78.35094218726597148 ) ) ;
#4466 = CARTESIAN_POINT ( 'NONE',  ( 579.4443454539801905, 0.7502490556882370765, -4.460104130326166150 ) ) ;
#4467 = CARTESIAN_POINT ( 'NONE',  ( 1206.467523978255485, 532.2252687123282158, 82.97847132829045336 ) ) ;
#4468 = CARTESIAN_POINT ( 'NONE',  ( 618.6270166278125089, 3.432446231454955310, -31.86522462437928738 ) ) ;
#4469 = CARTESIAN_POINT ( 'NONE',  ( 1404.602028779440843, 1000.023722731006956, 47.44550190532757483 ) ) ;
#4470 = CARTESIAN_POINT ( 'NONE',  ( 734.1081038174316973, 38.38901498242429255, -42.47284407220030999 ) ) ;
#4471 = CARTESIAN_POINT ( 'NONE',  ( 1099.725839995497608, 309.7577897582953028, -29.32670891185177808 ) ) ;
#4472 = CARTESIAN_POINT ( 'NONE',  ( 1061.313924743806865, 225.0510142004075362, -64.15450838885486462 ) ) ;
#4473 = CARTESIAN_POINT ( 'NONE',  ( 1004.989304486257879, 207.3060893185466114, -19.18369434738934842 ) ) ;
#4474 = CARTESIAN_POINT ( 'NONE',  ( 791.4367806120435489, 56.65234836486866499, -41.35706095098485946 ) ) ;
#4475 = CARTESIAN_POINT ( 'NONE',  ( 894.7490544295596919, 166.9433011580721313, 59.02380187776059017 ) ) ;
#4476 = CARTESIAN_POINT ( 'NONE',  ( 1422.201042613655090, 974.0335112053917328, 0.2980375858879672490 ) ) ;
#4477 = CARTESIAN_POINT ( 'NONE',  ( 844.8447111226317929, 106.0848435116223101, 3.749001792803291710 ) ) ;
#4478 = CARTESIAN_POINT ( 'NONE',  ( 846.3611300094160015, 93.64987560377545606, -47.38862557184524604 ) ) ;
#4479 = CARTESIAN_POINT ( 'NONE',  ( 1419.790764412710359, 977.5930083947383764, 12.64217680991546544 ) ) ;
#4480 = CARTESIAN_POINT ( 'NONE',  ( 1413.425116873933348, 986.9937923016530021, 20.00548843030206569 ) ) ;
#4481 = CARTESIAN_POINT ( 'NONE',  ( 1392.837192351081967, 803.6608550005510097, -33.86236735627080208 ) ) ;
#4482 = CARTESIAN_POINT ( 'NONE',  ( 1358.619027247263375, 618.4652581049114133, -77.53394712463641270 ) ) ;
#4483 = CARTESIAN_POINT ( 'NONE',  ( 1403.757098493717876, 1001.271515195812867, 43.51610737457043143 ) ) ;
#4484 = CARTESIAN_POINT ( 'NONE',  ( 559.9999999999996589, -5.918115718140191994, -13.02825773575992940 ) ) ;
#4485 = CARTESIAN_POINT ( 'NONE',  ( 948.8703308406873020, 191.8546378031007293, 34.46190177294023727 ) ) ;
#4486 = CARTESIAN_POINT ( 'NONE',  ( 1132.438928845690270, 401.5839439271442757, 53.92481309918175469 ) ) ;
#4487 = CARTESIAN_POINT ( 'NONE',  ( 1450.453376367302781, 896.2328613509789648, -64.12378145742007973 ) ) ;
#4488 = CARTESIAN_POINT ( 'NONE',  ( 1046.740768564078962, 284.1324166111219824, 42.99434973720734376 ) ) ;
#4489 = CARTESIAN_POINT ( 'NONE',  ( 899.7785873000933634, 133.8681255874914484, -38.86901220591797568 ) ) ;
#4490 = CARTESIAN_POINT ( 'NONE',  ( 1057.394882280452975, 240.9417854925277140, -38.44429691111652403 ) ) ;
#4491 = CARTESIAN_POINT ( 'NONE',  ( 842.3469227460035427, 126.3260856021942971, 35.19583349055397292 ) ) ;
#4492 = CARTESIAN_POINT ( 'NONE',  ( 946.2519761374253449, 206.1510056594781872, 65.67067041892101997 ) ) ;
#4493 = CARTESIAN_POINT ( 'NONE',  ( 1245.510862359184785, 585.9073186470955079, 77.40758803867406357 ) ) ;
#4494 = CARTESIAN_POINT ( 'NONE',  ( 1367.532049972023060, 954.5585280293892083, 87.46830830066842566 ) ) ;
#4495 = CARTESIAN_POINT ( 'NONE',  ( 1306.680928598311311, 722.1142039674108446, 78.31789470684563526 ) ) ;
#4496 = CARTESIAN_POINT ( 'NONE',  ( 955.3323739229372222, 156.4703811867892682, -58.56355893570543003 ) ) ;
#4497 = CARTESIAN_POINT ( 'NONE',  ( 676.7288173462412715, 15.82396898008175690, -35.78846890739730924 ) ) ;
#4498 = CARTESIAN_POINT ( 'NONE',  ( 1177.003634762769707, 448.1210990008868862, 30.90512179125760284 ) ) ;
#4499 = CARTESIAN_POINT ( 'NONE',  ( 1295.327539338995848, 467.9906235279332805, -106.9048452126390458 ) ) ;
#4500 = CARTESIAN_POINT ( 'NONE',  ( 560.0000000000002274, 1.416369054887799850, -17.25722503636655247 ) ) ;
#4501 = CARTESIAN_POINT ( 'NONE',  ( 1347.336673959788868, 640.9776715205698565, -48.09748973501191216 ) ) ;
#4502 = CARTESIAN_POINT ( 'NONE',  ( 1087.448911007857305, 353.6834954374883750, 71.08723327554581317 ) ) ;
#4503 = CARTESIAN_POINT ( 'NONE',  ( 1010.405391523545404, 181.9945732489357511, -74.34893584098217900 ) ) ;
#4504 = CARTESIAN_POINT ( 'NONE',  ( 618.3576510781736033, 19.27833263372061623, 27.59487857843161152 ) ) ;
#4505 = CARTESIAN_POINT ( 'NONE',  ( 1291.630963165878711, 476.7301241936365273, -100.8682083833326431 ) ) ;
#4506 = CARTESIAN_POINT ( 'NONE',  ( 676.7175074313308869, 16.17856293803213319, -30.70831664528605032 ) ) ;
#4507 = CARTESIAN_POINT ( 'NONE',  ( 1416.045915608278165, 878.2659513701346441, -19.83483811965407639 ) ) ;
#4508 = CARTESIAN_POINT ( 'NONE',  ( 676.7325966022052626, 15.79222480538143536, -32.59430856903405527 ) ) ;
#4509 = CARTESIAN_POINT ( 'NONE',  ( 1203.514270523018695, 539.9002233744137129, 99.88270928148556038 ) ) ;
#4510 = CARTESIAN_POINT ( 'NONE',  ( 1453.814119577207975, 927.3473408893650003, -54.41032209631644889 ) ) ;
#4511 = CARTESIAN_POINT ( 'NONE',  ( 1355.434843206309552, 751.8008818118524914, 11.15517719390877716 ) ) ;
#4512 = CARTESIAN_POINT ( 'NONE',  ( 1355.469045047081863, 624.7311242165729936, -82.57435233176965994 ) ) ;
#4513 = CARTESIAN_POINT ( 'NONE',  ( 1143.548129099509424, 366.2204759427276031, 4.447211314034256624 ) ) ;
#4514 = CARTESIAN_POINT ( 'NONE',  ( 559.9999999999998863, 7.423110599528591536, 7.806028724519405770 ) ) ;
#4515 = CARTESIAN_POINT ( 'NONE',  ( 1050.684994613581466, 268.0688078528926326, -17.25270034418005238 ) ) ;
#4516 = CARTESIAN_POINT ( 'NONE',  ( 847.4140336723041855, 85.19833370397628869, -40.41856395676142455 ) ) ;
#4517 = CARTESIAN_POINT ( 'NONE',  ( 1299.854997376960910, 735.7300449572053367, 89.49687765092235736 ) ) ;
#4518 = CARTESIAN_POINT ( 'NONE',  ( 1093.348317013401584, 332.6153413710799214, 40.44342574803356172 ) ) ;
#4519 = CARTESIAN_POINT ( 'NONE',  ( 675.6286068758248575, 42.00568907103266980, 25.57150124603889196 ) ) ;
#4520 = CARTESIAN_POINT ( 'NONE',  ( 1205.550975524305841, 534.6168584887792576, 98.61315043405282665 ) ) ;
#4521 = CARTESIAN_POINT ( 'NONE',  ( 618.5938954316604850, 5.273982361676203823, -31.41881249097252393 ) ) ;
#4522 = CARTESIAN_POINT ( 'NONE',  ( 1217.953930875468131, 502.4149176386145541, 40.82387681561156967 ) ) ;
#4523 = CARTESIAN_POINT ( 'NONE',  ( 579.4134101631076419, 5.195454614029621609, -19.18211961193658155 ) ) ;
#4524 = CARTESIAN_POINT ( 'NONE',  ( 1314.950388489311308, 571.7720406969544911, -50.80994310210687104 ) ) ;
#4525 = CARTESIAN_POINT ( 'NONE',  ( 787.9068319356304073, 93.91288307646296118, 31.02028348603963792 ) ) ;
#4526 = CARTESIAN_POINT ( 'NONE',  ( 1042.565347605043826, 301.0554412321132531, 77.46896820190865185 ) ) ;
#4527 = CARTESIAN_POINT ( 'NONE',  ( 1239.488687287608627, 446.4676158044738372, -68.23782639898084312 ) ) ;
#4528 = CARTESIAN_POINT ( 'NONE',  ( 1343.908524660873127, 887.2157306434806969, 101.6221360266932834 ) ) ;
#4529 = CARTESIAN_POINT ( 'NONE',  ( 1357.420914095994249, 864.1451464525119945, 72.58427075466885015 ) ) ;
#4530 = CARTESIAN_POINT ( 'NONE',  ( 1295.006577736673535, 745.4107507799026280, 107.6879680057389805 ) ) ;
#4531 = CARTESIAN_POINT ( 'NONE',  ( 1245.096476080346747, 586.8882034143583724, 79.18099812649352032 ) ) ;
#4532 = CARTESIAN_POINT ( 'NONE',  ( 846.3611300094160015, 93.64987560377545606, -47.38862557184524604 ) ) ;
#4533 = CARTESIAN_POINT ( 'NONE',  ( 957.8061180503798369, 143.0045829970835598, -66.11276435248248617 ) ) ;
#4534 = CARTESIAN_POINT ( 'NONE',  ( 1416.284367218654324, 982.7712533591865167, 13.42087522967866420 ) ) ;
#4535 = CARTESIAN_POINT ( 'NONE',  ( 1403.190589065994800, 663.8834880628725159, -109.7445515331798163 ) ) ;
#4536 = CARTESIAN_POINT ( 'NONE',  ( 901.0027113768137497, 125.9609679484621552, -25.10902003977399488 ) ) ;
#4537 = CARTESIAN_POINT ( 'NONE',  ( 579.3635954282513012, 11.98494511819252750, 26.10581377032929140 ) ) ;
#4538 = CARTESIAN_POINT ( 'NONE',  ( 732.2342675437624848, 66.28044548020076832, 34.24724165476033733 ) ) ;
#4539 = CC_DESIGN_PERSON_AND_ORGANIZATION_ASSIGNMENT ( #2163, #1655, ( #3944 ) ) ;
#4540 = CARTESIAN_POINT ( 'NONE',  ( 618.6321217083265083, 3.145215058625693505, -31.83352982451497581 ) ) ;
#4541 = CARTESIAN_POINT ( 'NONE',  ( 1394.025687814111961, 981.9481682291199149, 59.51003688816718551 ) ) ;
#4542 = CARTESIAN_POINT ( 'NONE',  ( 1009.785999945831236, 184.8810752133045980, -72.02913392978229012 ) ) ;
#4543 = CARTESIAN_POINT ( 'NONE',  ( 618.6707517746995109, 1.112636789872172072, -26.92030842972455673 ) ) ;
#4544 = CARTESIAN_POINT ( 'NONE',  ( 1272.511629003819053, 521.9987940283375565, -29.46624366792293870 ) ) ;
#4545 = CARTESIAN_POINT ( 'NONE',  ( 1010.807464050683393, 180.1636675763400888, -65.79159812139901931 ) ) ;
#4546 = CARTESIAN_POINT ( 'NONE',  ( 787.7152821361844417, 95.99593641293080282, 48.00039195626754207 ) ) ;
#4547 = CARTESIAN_POINT ( 'NONE',  ( 560.0000000000000000, 6.476183487875680989, -1.603197415349147281 ) ) ;
#4548 = CARTESIAN_POINT ( 'NONE',  ( 579.4235267330243460, 3.644520097877088638, 3.956265421629951984 ) ) ;
#4549 = CARTESIAN_POINT ( 'NONE',  ( 1277.541240697773219, 510.0623227279488106, -64.63786719878353892 ) ) ;
#4550 = CARTESIAN_POINT ( 'NONE',  ( 1057.443655129419540, 240.6746970088904618, -61.03738979713929780 ) ) ;
#4551 = CARTESIAN_POINT ( 'NONE',  ( 618.5154183553569283, 10.24609623927376489, 0.6329603083321370116 ) ) ;
#4552 = CARTESIAN_POINT ( 'NONE',  ( 732.3303527355936922, 64.78745860148178792, 19.61360412258747488 ) ) ;
#4553 = CARTESIAN_POINT ( 'NONE',  ( 1325.278284682137155, 549.3794582124088492, -80.38561386286556854 ) ) ;
#4554 = CARTESIAN_POINT ( 'NONE',  ( 895.0327109171603297, 165.0640706582082373, 50.01917637074998169 ) ) ;
#4555 = B_SPLINE_CURVE_WITH_KNOTS ( 'NONE', 3,
 ( #2571, #5240, #4840, #1412, #6948, #5316, #443, #7053, #6910, #4262, #5279, #2068, #2102, #3653, #6477, #5932, #1525, #3186, #980, #6402, #6323, #4772, #370 ),
 .UNSPECIFIED., .F., .F.,
 ( 4, 1, 1, 1, 1, 1, 1, 1, 1, 1, 1, 1, 1, 1, 1, 1, 1, 1, 1, 1, 4 ),
 ( 0.000000000000000000, 0.04338888484837007814, 0.08726842559578262826, 0.1316960813084128157, 0.1767150319844623674, 0.2223617072268375405, 0.2686719341565118047, 0.3156798230351277046, 0.3634152511743036218, 0.4119045823900138181, 0.4611748235201702517, 0.5112512299445975961, 0.5621552213387537300, 0.6139078069358639977, 0.6665256094627641792, 0.7200190046928943710, 0.7743952586301823260, 0.8296472257035070186, 0.8857501462024645056, 0.9426252945750567269, 1.000000000000000000 ),
 .UNSPECIFIED. ) ;
#4556 = CARTESIAN_POINT ( 'NONE',  ( 1352.377766620227703, 630.9187317857054040, -61.55617610048626176 ) ) ;
#4557 = CARTESIAN_POINT ( 'NONE',  ( 1047.356391705795431, 281.6365812923326644, 37.79421917925188268 ) ) ;
#4558 = CARTESIAN_POINT ( 'NONE',  ( 1088.893659266715304, 348.5089132250026296, 56.31041326876087538 ) ) ;
#4559 = CARTESIAN_POINT ( 'NONE',  ( 579.3687203152660459, 11.27779598014269880, 25.72358147426564656 ) ) ;
#4560 = CARTESIAN_POINT ( 'NONE',  ( 733.9470329086227594, 40.76049176664130158, -40.52698105678093299 ) ) ;
#4561 = CARTESIAN_POINT ( 'NONE',  ( 1391.634514007731468, 916.6555943343680610, 36.17334415300751260 ) ) ;
#4562 = CARTESIAN_POINT ( 'NONE',  ( 843.3420348456922966, 118.1763201514980750, 1.667603725011902682 ) ) ;
#4563 = CARTESIAN_POINT ( 'NONE',  ( 1437.420510524928204, 916.0306379177955023, -44.05942771140043845 ) ) ;
#4564 = CARTESIAN_POINT ( 'NONE',  ( 1107.019652549908187, 283.7616307991550002, -46.88546714005984484 ) ) ;
#4565 = CARTESIAN_POINT ( 'NONE',  ( 560.0000000000004547, 7.541615366797857156, 12.84801083608196492 ) ) ;
#4566 = CARTESIAN_POINT ( 'NONE',  ( 1204.302997702647644, 537.8556510606472330, 101.3185392180498781 ) ) ;
#4567 = CARTESIAN_POINT ( 'NONE',  ( 1044.939245684252683, 291.4362138106233147, 58.67058961175004583 ) ) ;
#4568 = CARTESIAN_POINT ( 'NONE',  ( 841.9721567864701228, 129.4184204678782919, 53.89069044147130683 ) ) ;
#4569 = CARTESIAN_POINT ( 'NONE',  ( 618.3843077915259983, 17.75397494954852817, 22.53029055851411044 ) ) ;
#4570 = CARTESIAN_POINT ( 'NONE',  ( 1447.503288466696404, 936.6671719327255232, -46.33821285104939136 ) ) ;
#4571 = CARTESIAN_POINT ( 'NONE',  ( 1334.096115584436120, 530.2557037172224454, -106.0675202696457404 ) ) ;
#4572 = CARTESIAN_POINT ( 'NONE',  ( 896.3453864095966992, 156.4006040155048538, 14.46559366619932696 ) ) ;
#4573 = CARTESIAN_POINT ( 'NONE',  ( 1429.911909162428856, 740.3788608787696148, -103.0432358636789445 ) ) ;
#4574 = CARTESIAN_POINT ( 'NONE',  ( 559.9999999999998863, -4.675333095020023144, -9.245968975705894266 ) ) ;
#4575 = CARTESIAN_POINT ( 'NONE',  ( 1371.153425093266378, 948.8626544115900288, 78.29685343703403078 ) ) ;
#4576 = CARTESIAN_POINT ( 'NONE',  ( 579.4689517549412585, -2.586388067417474179, -26.36096378616933578 ) ) ;
#4577 = CARTESIAN_POINT ( 'NONE',  ( 1131.935820404670267, 403.2120210715943358, 74.74459977994582971 ) ) ;
#4578 = CARTESIAN_POINT ( 'NONE',  ( 560.0000000000002274, -4.558023028347970573, -23.51637306832325791 ) ) ;
#4579 = CARTESIAN_POINT ( 'NONE',  ( 676.7227553017684158, 16.04704628814903344, -31.31904084125071464 ) ) ;
#4580 = CARTESIAN_POINT ( 'NONE',  ( 734.3933756034195994, 34.24237591874211972, -36.91424112796570256 ) ) ;
#4581 = CARTESIAN_POINT ( 'NONE',  ( 1236.696117919083008, 606.7688020039004186, 106.3783365371111813 ) ) ;
#4582 = CARTESIAN_POINT ( 'NONE',  ( 789.7146472044755683, 74.87930121249955562, 0.3924170698355093911 ) ) ;
#4583 = CARTESIAN_POINT ( 'NONE',  ( 733.2383337287759559, 51.43119381783475319, 5.938853260499086240 ) ) ;
#4584 = CARTESIAN_POINT ( 'NONE',  ( 1379.299603525841349, 707.8506724161593411, -65.79782186788601450 ) ) ;
#4585 = CARTESIAN_POINT ( 'NONE',  ( 560.0000000000004547, -0.3655452573326410382, -19.89692742328741915 ) ) ;
#4586 = CARTESIAN_POINT ( 'NONE',  ( 1237.067990019507079, 605.8888819733730315, 106.2879945673118698 ) ) ;
#4587 = CARTESIAN_POINT ( 'NONE',  ( 1227.129059882061711, 478.5945447727967235, 0.07334662856355660121 ) ) ;
#4588 = CARTESIAN_POINT ( 'NONE',  ( 618.3045158573549998, 21.97886328292549862, 13.17882278450966460 ) ) ;
#4589 = CARTESIAN_POINT ( 'NONE',  ( 579.4794429790759978, -4.100716475925028526, -19.24764662956398809 ) ) ;
#4590 = CARTESIAN_POINT ( 'NONE',  ( 946.0992865646154542, 206.9800301264322968, 58.63486040067918736 ) ) ;
#4591 = CARTESIAN_POINT ( 'NONE',  ( 1388.534628754342066, 690.8675524482705441, -73.81964232301137940 ) ) ;
#4592 = CARTESIAN_POINT ( 'NONE',  ( 732.8154549136493188, 57.70434937238305650, 22.38930052887737432 ) ) ;
#4593 = CARTESIAN_POINT ( 'NONE',  ( 1330.611853592903344, 797.4939563492346224, 71.32086828501208231 ) ) ;
#4594 = CARTESIAN_POINT ( 'NONE',  ( 675.6771663099361831, 40.92435237359505606, 35.93645368248616734 ) ) ;
#4595 = CARTESIAN_POINT ( 'NONE',  ( 1247.723144657778448, 425.1013258858491781, -91.87314092043784797 ) ) ;
#4596 = CARTESIAN_POINT ( 'NONE',  ( 843.8238324298898760, 114.3781398120308666, 23.12539629848961553 ) ) ;
#4597 = CARTESIAN_POINT ( 'NONE',  ( 1374.566147044215541, 834.8576930009249963, 12.16610059275829769 ) ) ;
#4598 = CARTESIAN_POINT ( 'NONE',  ( 1377.867840640840541, 710.4861121490265532, -62.59218881544379087 ) ) ;
#4599 = CARTESIAN_POINT ( 'NONE',  ( 1242.097307142491900, 439.7374971161517578, -59.58735064054312858 ) ) ;
#4600 = CARTESIAN_POINT ( 'NONE',  ( 1328.388576899694272, 801.5884704589030889, 78.78307755006365198 ) ) ;
#4601 = CARTESIAN_POINT ( 'NONE',  ( 1238.408855302146321, 602.7160131989555794, 104.2462796317349785 ) ) ;
#4602 = CARTESIAN_POINT ( 'NONE',  ( 560.0000000000001137, 7.157616629799091079, 22.66091663327427952 ) ) ;
#4603 = CARTESIAN_POINT ( 'NONE',  ( 1045.088494668784506, 290.8311673109555500, 57.35802372983647501 ) ) ;
#4604 = CARTESIAN_POINT ( 'NONE',  ( 1267.119704313544617, 675.4915614675770712, 107.7688870241184844 ) ) ;
#4605 = CARTESIAN_POINT ( 'NONE',  ( 1307.736829164252185, 720.0066841701830072, 74.64612269432483060 ) ) ;
#4606 = CARTESIAN_POINT ( 'NONE',  ( 1322.015118152136438, 556.4315299451045576, -84.91603063873347423 ) ) ;
#4607 = CARTESIAN_POINT ( 'NONE',  ( 1062.889202074138666, 218.6431755586446855, -78.59553014850004615 ) ) ;
#4608 = CARTESIAN_POINT ( 'NONE',  ( 998.3741714748512095, 238.0963090948025354, 17.95526876473144284 ) ) ;
#4609 = CARTESIAN_POINT ( 'NONE',  ( 560.0000000000000000, -6.198157813795035942, -23.49203620504808754 ) ) ;
#4610 = CARTESIAN_POINT ( 'NONE',  ( 1375.644494102487670, 714.5955260760139254, -43.00452938381514656 ) ) ;
#4611 = CARTESIAN_POINT ( 'NONE',  ( 1205.700259373016934, 534.2197611166301385, 87.93718230606592101 ) ) ;
#4612 = CARTESIAN_POINT ( 'NONE',  ( 1353.669768810328151, 870.5506967730607357, 82.87347384640672487 ) ) ;
#4613 = CARTESIAN_POINT ( 'NONE',  ( 902.1530225444444113, 118.3420017941550668, -57.75998735716796517 ) ) ;
#4614 = CARTESIAN_POINT ( 'NONE',  ( 957.2422022902288745, 146.1074069786971279, -56.10568675460925903 ) ) ;
#4615 = CARTESIAN_POINT ( 'NONE',  ( 560.0000000000000000, -7.516908833066079154, -21.20714587158006736 ) ) ;
#4616 = CARTESIAN_POINT ( 'NONE',  ( 560.0000000000003411, 7.142550780634358887, 22.87349269654375661 ) ) ;
#4617 = CARTESIAN_POINT ( 'NONE',  ( 951.8304066509807626, 175.6837823948130222, -0.1812833446588243413 ) ) ;
#4618 = CARTESIAN_POINT ( 'NONE',  ( 1395.555577174023938, 979.6242789391665156, 55.07025611058310943 ) ) ;
#4619 = CARTESIAN_POINT ( 'NONE',  ( 1419.615981701845840, 943.0756737906970102, -0.2209300189690794891 ) ) ;
#4620 = CARTESIAN_POINT ( 'NONE',  ( 1427.835475126874144, 859.7200105646485326, -55.20765864937897760 ) ) ;
#4621 = CARTESIAN_POINT ( 'NONE',  ( 1200.856510937532221, 379.7728653380187893, -78.73333987860958416 ) ) ;
#4622 = CARTESIAN_POINT ( 'NONE',  ( 618.5028162616766849, 10.96997438357729493, 2.660607857943533272 ) ) ;
#4623 = CARTESIAN_POINT ( 'NONE',  ( 559.9999999999998863, -7.160907212647044773, -17.64270327321791498 ) ) ;
#4624 = CARTESIAN_POINT ( 'NONE',  ( 559.9999999999998863, 7.247115691398763992, 19.94616317314196507 ) ) ;
#4625 = CARTESIAN_POINT ( 'NONE',  ( 1244.679357928591799, 433.0348660737556088, -68.83519062434214675 ) ) ;
#4626 = CARTESIAN_POINT ( 'NONE',  ( 949.0476034042623041, 190.8861273050553677, 32.28015439030588141 ) ) ;
#4627 = CARTESIAN_POINT ( 'NONE',  ( 1355.165349152656972, 867.9893544354110873, 66.90898929646675697 ) ) ;
#4628 = CARTESIAN_POINT ( 'NONE',  ( 1087.692610542385637, 352.8251328245963236, 81.62985812358029136 ) ) ;
#4629 = CARTESIAN_POINT ( 'NONE',  ( 1157.805526684340748, 320.7679043187815182, -82.86829336520722222 ) ) ;
#4630 = CC_DESIGN_DATE_AND_TIME_ASSIGNMENT ( #2637, #1077, ( #6803 ) ) ;
#4631 = CARTESIAN_POINT ( 'NONE',  ( 1137.468777252483733, 385.5857598211853201, 40.01426944981351852 ) ) ;
#4632 = CARTESIAN_POINT ( 'NONE',  ( 1410.116940715173314, 957.5065319153277414, 12.20014968507943109 ) ) ;
#4633 = CARTESIAN_POINT ( 'NONE',  ( 618.4133309590023373, 15.44127764648005297, -17.95561757572447803 ) ) ;
#4634 = CARTESIAN_POINT ( 'NONE',  ( 790.8138700586665664, 63.25982390029457036, -25.86582536775956953 ) ) ;
#4635 = CARTESIAN_POINT ( 'NONE',  ( 1330.611853592903344, 797.4939563492346224, 71.32086828501208231 ) ) ;
#4636 = CARTESIAN_POINT ( 'NONE',  ( 675.6976216490610341, 40.44130524142809691, 35.28449461109208585 ) ) ;
#4637 = CARTESIAN_POINT ( 'NONE',  ( 1127.959149497415183, 415.8762843384802750, 91.95968470634946357 ) ) ;
#4638 = CARTESIAN_POINT ( 'NONE',  ( 997.3338309455888293, 243.0104616615060422, 54.25241479933274746 ) ) ;
#4639 = CARTESIAN_POINT ( 'NONE',  ( 675.6177478641382095, 42.34695139427900301, 35.45486277904048933 ) ) ;
#4640 = CARTESIAN_POINT ( 'NONE',  ( 1358.024379984424513, 863.1146702210039621, 70.87895504873641528 ) ) ;
#4641 = CARTESIAN_POINT ( 'NONE',  ( 1006.986329908137805, 197.9162962881883630, -58.62381086850179202 ) ) ;
#4642 = AXIS2_PLACEMENT_3D ( 'NONE', #3656, #3189, #411 ) ;
#4643 = CARTESIAN_POINT ( 'NONE',  ( 1010.888251145406002, 179.7558467910960189, -73.84855288023149456 ) ) ;
#4644 = CARTESIAN_POINT ( 'NONE',  ( 1402.712228437081194, 968.7541689170298014, 29.88864031043160807 ) ) ;
#4645 = CARTESIAN_POINT ( 'NONE',  ( 579.4706470580958921, -2.822420008832430938, -26.33214360179735181 ) ) ;
#4646 = CARTESIAN_POINT ( 'NONE',  ( 1236.794656000632813, 453.5023407592739204, -39.78568780538651595 ) ) ;
#4647 = CARTESIAN_POINT ( 'NONE',  ( 1324.212847157148190, 809.2792899986682187, 93.44013064236354182 ) ) ;
#4648 = CARTESIAN_POINT ( 'NONE',  ( 895.7611223204442013, 160.3152271436170224, 51.35802871462901464 ) ) ;
#4649 = CARTESIAN_POINT ( 'NONE',  ( 559.9999999999998863, -3.837241722733352844, -23.17217659650395944 ) ) ;
#4650 = CARTESIAN_POINT ( 'NONE',  ( 1365.404053308841867, 604.9267525538118662, -94.40352573647049894 ) ) ;
#4651 = CARTESIAN_POINT ( 'NONE',  ( 675.8200710451872055, 37.26680618667337797, -6.809762989280673473 ) ) ;
#4652 = CARTESIAN_POINT ( 'NONE',  ( 791.5274189638705593, 55.67961013820565341, -43.85491145741904973 ) ) ;
#4653 = CARTESIAN_POINT ( 'NONE',  ( 675.6182860662712528, 42.33516157012052616, 36.40330776573276239 ) ) ;
#4654 = CARTESIAN_POINT ( 'NONE',  ( 560.0000000000000000, -5.186082919474896080, -10.75762736742424686 ) ) ;
#4655 = CARTESIAN_POINT ( 'NONE',  ( 1243.812780250076003, 589.9268241610582209, 84.53227229094426320 ) ) ;
#4656 = CARTESIAN_POINT ( 'NONE',  ( 1052.187585768863300, 262.0513676969578114, -0.7581293504671104966 ) ) ;
#4657 = CARTESIAN_POINT ( 'NONE',  ( 1405.214760671012073, 999.1188406949745513, 45.64459747103553156 ) ) ;
#4658 = CARTESIAN_POINT ( 'NONE',  ( 676.0234731627984957, 32.41274839339397573, -20.67847449620079558 ) ) ;
#4659 = CARTESIAN_POINT ( 'NONE',  ( 1436.717556267024747, 845.7551121470039561, -70.81386769292411998 ) ) ;
#4660 = CARTESIAN_POINT ( 'NONE',  ( 789.6731424159445396, 75.31783269295151229, 1.429720061539239362 ) ) ;
#4661 = CARTESIAN_POINT ( 'NONE',  ( 559.9999999999998863, -7.077278410173834189, -17.25157366232566503 ) ) ;
#4662 = CARTESIAN_POINT ( 'NONE',  ( 1269.526944426034106, 670.2690976061240917, 97.89490704958998890 ) ) ;
#4663 = CARTESIAN_POINT ( 'NONE',  ( 579.4752269289314199, -3.523922894036997544, -17.09685807421915982 ) ) ;
#4664 = CARTESIAN_POINT ( 'NONE',  ( 1415.775042531897498, 983.5234237062758211, 21.45465087620298306 ) ) ;
#4665 = CARTESIAN_POINT ( 'NONE',  ( 996.2443129594291804, 248.0597539993143243, 48.02700502614256806 ) ) ;
#4666 = CARTESIAN_POINT ( 'NONE',  ( 842.3141612531572946, 126.6306372241485860, 52.88538098412394106 ) ) ;
#4667 = CARTESIAN_POINT ( 'NONE',  ( 846.9740772875086350, 88.69039271228625410, -52.19628025945279859 ) ) ;
#4668 = CARTESIAN_POINT ( 'NONE',  ( 1252.136913398397382, 570.2228151812659007, 49.29410316578890416 ) ) ;
#4669 = CARTESIAN_POINT ( 'NONE',  ( 1369.562349911753472, 843.4016014284777611, 25.66784867011030613 ) ) ;
#4670 = CARTESIAN_POINT ( 'NONE',  ( 1402.667961341630644, 786.8779602344484374, -55.72741110609837989 ) ) ;
#4671 = CARTESIAN_POINT ( 'NONE',  ( 901.6120247986601726, 121.9665225915896940, -32.72172029986361252 ) ) ;
#4672 = CARTESIAN_POINT ( 'NONE',  ( 579.3609538394695164, 12.39630045157041138, 17.93684745430120486 ) ) ;
#4673 = CARTESIAN_POINT ( 'NONE',  ( 559.9999999999998863, 5.827015692461187335, 22.30183107857034841 ) ) ;
#4674 = CARTESIAN_POINT ( 'NONE',  ( 1294.674432066004783, 746.0742123943138040, 109.9262209790762626 ) ) ;
#4675 = CARTESIAN_POINT ( 'NONE',  ( 948.1683306722869702, 195.6896424713974625, 43.23445132215534414 ) ) ;
#4676 = CARTESIAN_POINT ( 'NONE',  ( 579.3623727766586171, 12.15720805125311799, 25.10921544811506578 ) ) ;
#4677 = CARTESIAN_POINT ( 'NONE',  ( 1174.274468925909787, 455.9750517524115025, 66.10228442726136677 ) ) ;
#4678 = CARTESIAN_POINT ( 'NONE',  ( 1245.075452071569543, 431.9700856764292780, -84.92390905529886425 ) ) ;
#4679 = CARTESIAN_POINT ( 'NONE',  ( 1295.327539338995848, 467.9906235279332805, -106.9048452126390458 ) ) ;
#4680 = CARTESIAN_POINT ( 'NONE',  ( 1338.838982536552066, 657.9348964067918359, -23.95397361518727664 ) ) ;
#4681 = CARTESIAN_POINT ( 'NONE',  ( 788.0877654816218865, 91.96527143607943344, 19.34998708518317301 ) ) ;
#4682 = CARTESIAN_POINT ( 'NONE',  ( 847.6269795981659172, 83.41116924761666951, -55.40716255768377607 ) ) ;
#4683 = CARTESIAN_POINT ( 'NONE',  ( 1087.332832243200301, 354.0995689781710212, 72.46085498783433820 ) ) ;
#4684 = CARTESIAN_POINT ( 'NONE',  ( 1395.148296061445080, 980.2429891033838203, 56.18180533898185303 ) ) ;
#4685 = CARTESIAN_POINT ( 'NONE',  ( 1329.830486347951819, 539.4925284185832197, -101.9217010045861969 ) ) ;
#4686 = CARTESIAN_POINT ( 'NONE',  ( 579.4839060490634211, -4.695615757707608751, -23.18687593914187772 ) ) ;
#4687 = CARTESIAN_POINT ( 'NONE',  ( 732.6072844479394917, 60.60404038000196181, -1.991363269984427475 ) ) ;
#4688 = CARTESIAN_POINT ( 'NONE',  ( 903.4131562552257719, 110.1406605503905780, -55.77115827172309537 ) ) ;
#4689 = CARTESIAN_POINT ( 'NONE',  ( 618.3061893054511984, 22.19341427885823137, 30.79936731353614121 ) ) ;
#4690 = CARTESIAN_POINT ( 'NONE',  ( 560.0000000000000000, -1.525493560723956143, 0.1397005879727994115 ) ) ;
#4691 = CARTESIAN_POINT ( 'NONE',  ( 579.3809090765332712, 9.568848405759242226, 22.10070313746971493 ) ) ;
#4692 = CARTESIAN_POINT ( 'NONE',  ( 1331.798164545370810, 671.9856836959494331, -2.843689882120546297 ) ) ;
#4693 = CARTESIAN_POINT ( 'NONE',  ( 1208.782569978998254, 526.2276006869661842, 84.70574040202403410 ) ) ;
#4694 = CARTESIAN_POINT ( 'NONE',  ( 618.4322649033746302, 14.35927667628524418, -20.22486513907411165 ) ) ;
#4695 = CARTESIAN_POINT ( 'NONE',  ( 1391.362592976626047, 685.6620955458440676, -80.23105773083638326 ) ) ;
#4696 = CARTESIAN_POINT ( 'NONE',  ( 560.0000000000000000, -1.381111564429927219, 0.5665364073611958151 ) ) ;
#4697 = CARTESIAN_POINT ( 'NONE',  ( 1134.082306922055523, 396.3420995445594031, 41.41553912216812705 ) ) ;
#4698 = CARTESIAN_POINT ( 'NONE',  ( 1447.534592805220882, 936.6209417071227108, -42.08328836884832214 ) ) ;
#4699 = CARTESIAN_POINT ( 'NONE',  ( 618.3040550120664420, 22.22454850233944512, 26.08462310595692557 ) ) ;
#4700 = CARTESIAN_POINT ( 'NONE',  ( 1059.259734596501858, 233.3816311591043302, -50.68335543877243765 ) ) ;
#4701 = CARTESIAN_POINT ( 'NONE',  ( 897.3896123204103787, 149.6409777206796718, 25.51734330342477364 ) ) ;
#4702 = CARTESIAN_POINT ( 'NONE',  ( 675.6256618846040283, 42.09120938578933391, 27.48742494203975539 ) ) ;
#4703 = CARTESIAN_POINT ( 'NONE',  ( 1373.012793334949947, 945.9436767007721301, 83.28253076133771060 ) ) ;
#4704 = CARTESIAN_POINT ( 'NONE',  ( 1420.260718555904077, 756.8489632170314962, -89.00644334819787673 ) ) ;
#4705 = CARTESIAN_POINT ( 'NONE',  ( 949.7685541051646396, 186.9474971728525077, 23.56890545170758600 ) ) ;
#4706 = CARTESIAN_POINT ( 'NONE',  ( 1219.726408054965532, 497.7772240312552299, 12.07406463814456998 ) ) ;
#4707 = CARTESIAN_POINT ( 'NONE',  ( 1405.590303545391407, 781.8893958654969083, -61.76874707650241447 ) ) ;
#4708 = CARTESIAN_POINT ( 'NONE',  ( 1198.064917203924551, 387.8130358694932625, -50.63276105718919951 ) ) ;
#4709 = CARTESIAN_POINT ( 'NONE',  ( 1170.796992925306313, 465.9224201422918554, 70.60297421369638471 ) ) ;
#4710 = CARTESIAN_POINT ( 'NONE',  ( 618.3392822688401793, 20.28133437108350279, 29.86929431635939025 ) ) ;
#4711 = CARTESIAN_POINT ( 'NONE',  ( 899.7785873000933634, 133.8681255874914484, -38.86901220591797568 ) ) ;
#4712 = CARTESIAN_POINT ( 'NONE',  ( 560.0000000000001137, 3.600658597652334425, 15.68936838387389265 ) ) ;
#4713 = CARTESIAN_POINT ( 'NONE',  ( 1252.562621046302866, 412.5460782868750584, -103.0721841731805597 ) ) ;
#4714 = CARTESIAN_POINT ( 'NONE',  ( 1294.778383398001779, 745.8664108564141770, 108.7859753112103078 ) ) ;
#4715 = CARTESIAN_POINT ( 'NONE',  ( 1408.697674808375041, 993.9752754924951432, 37.51642913119976441 ) ) ;
#4716 = CARTESIAN_POINT ( 'NONE',  ( 955.1355075496159088, 157.5440512043098238, -57.37177154974861537 ) ) ;
#4717 = CARTESIAN_POINT ( 'NONE',  ( 1370.878178718674917, 593.9966209277043845, -110.8723667715989905 ) ) ;
#4718 = CARTESIAN_POINT ( 'NONE',  ( 559.9999999999996589, -2.398555543830622749, -2.451398989256595051 ) ) ;
#4719 = CARTESIAN_POINT ( 'NONE',  ( 579.3618551926037981, 12.30541764770779700, 10.83073744524691584 ) ) ;
#4720 = CARTESIAN_POINT ( 'NONE',  ( 1429.821553405272425, 740.5326860431290470, -103.2090731951938523 ) ) ;
#4721 = CARTESIAN_POINT ( 'NONE',  ( 1298.571313094372272, 738.2934796542557478, 94.85180881237849349 ) ) ;
#4722 = CARTESIAN_POINT ( 'NONE',  ( 675.7763886950991719, 38.60206040563916474, 30.84349023753013697 ) ) ;
#4723 = CARTESIAN_POINT ( 'NONE',  ( 1445.114598829909937, 832.5536851185806881, -83.91414188417205366 ) ) ;
#4724 = CARTESIAN_POINT ( 'NONE',  ( 618.6722887474167010, 0.9577277926373429784, -28.58636782162302481 ) ) ;
#4725 = CARTESIAN_POINT ( 'NONE',  ( 1419.750413792450672, 942.8725794806363183, -9.415651610492906443 ) ) ;
#4726 = CARTESIAN_POINT ( 'NONE',  ( 1062.894469881125360, 218.6370794443998022, -75.37559376582136395 ) ) ;
#4727 = CARTESIAN_POINT ( 'NONE',  ( 732.2122786131623116, 66.64097184715953404, 42.65415773623881535 ) ) ;
#4728 = CARTESIAN_POINT ( 'NONE',  ( 1146.706080893398166, 356.1614438519719670, -13.10622137362517492 ) ) ;
#4729 = CARTESIAN_POINT ( 'NONE',  ( 1405.557017470102210, 998.6133960894860593, 44.74203550555996145 ) ) ;
#4730 = CARTESIAN_POINT ( 'NONE',  ( 1144.594462771278586, 362.8875824183342047, -1.416754081859035175 ) ) ;
#4731 = CARTESIAN_POINT ( 'NONE',  ( 579.3785575291333316, 9.901868404077610819, 23.33471002524900939 ) ) ;
#4732 = CARTESIAN_POINT ( 'NONE',  ( 1434.436789778867251, 955.9637682076610190, -24.61204452617505467 ) ) ;
#4733 = CARTESIAN_POINT ( 'NONE',  ( 1009.368382242219695, 186.8805787102137401, -54.48827133316488869 ) ) ;
#4734 = CARTESIAN_POINT ( 'NONE',  ( 1224.038616448819312, 486.5777703650029480, -8.007679566527265536 ) ) ;
#4735 = CARTESIAN_POINT ( 'NONE',  ( 1158.996520642255064, 317.0126392894083551, -73.96947053290895724 ) ) ;
#4736 = CARTESIAN_POINT ( 'NONE',  ( 1238.746197972179971, 601.9131089582594996, 95.34235276488229260 ) ) ;
#4737 = VERTEX_POINT ( 'NONE', #3150 ) ;
#4738 = CARTESIAN_POINT ( 'NONE',  ( 955.6816855035820026, 154.6419391044695715, -40.38053196034442038 ) ) ;
#4739 = CARTESIAN_POINT ( 'NONE',  ( 1047.979390920147125, 279.1108924717230479, 32.61024908907035069 ) ) ;
#4740 = CARTESIAN_POINT ( 'NONE',  ( 946.3582463007774095, 205.5543889855592852, 51.92131170815027019 ) ) ;
#4741 = CARTESIAN_POINT ( 'NONE',  ( 732.4271249737425933, 63.45864447062668745, 38.96084952104600774 ) ) ;
#4742 = CARTESIAN_POINT ( 'NONE',  ( 1059.320228438265303, 233.0757095730488970, -69.73904422940692882 ) ) ;
#4743 = CARTESIAN_POINT ( 'NONE',  ( 1139.624151527795448, 378.7198058890624566, 27.09652309119033831 ) ) ;
#4744 = CARTESIAN_POINT ( 'NONE',  ( 560.0000000000000000, 7.096369217087693748, 3.306605370774899022 ) ) ;
#4745 = CARTESIAN_POINT ( 'NONE',  ( 789.1980513786796791, 80.16155476842199334, -21.14016930605876254 ) ) ;
#4746 = CARTESIAN_POINT ( 'NONE',  ( 1156.317138977035938, 325.5484800564888133, -61.43133851698329551 ) ) ;
#4747 = CARTESIAN_POINT ( 'NONE',  ( 1329.509438942845463, 799.5242276599515208, 75.02249066636191799 ) ) ;
#4748 = CARTESIAN_POINT ( 'NONE',  ( 1087.692610542385637, 352.8251328245963236, 81.62985812358029136 ) ) ;
#4749 = CARTESIAN_POINT ( 'NONE',  ( 1104.460473407034215, 292.8411729770472789, -55.54737326007008136 ) ) ;
#4750 = CARTESIAN_POINT ( 'NONE',  ( 1409.593765235221326, 992.6519297664668784, 35.41992795750231693 ) ) ;
#4751 = CARTESIAN_POINT ( 'NONE',  ( 1400.684102185022311, 668.4928492552326134, -106.8066389614057385 ) ) ;
#4752 = CARTESIAN_POINT ( 'NONE',  ( 1409.593765235221326, 992.6519297664668784, 35.41992795750231693 ) ) ;
#4753 = CARTESIAN_POINT ( 'NONE',  ( 1243.250828270613738, 436.7049638355971979, -79.74719136065664316 ) ) ;
#4754 = CARTESIAN_POINT ( 'NONE',  ( 676.6635394992102874, 17.36167162643907247, -36.93210198592569782 ) ) ;
#4755 = CARTESIAN_POINT ( 'NONE',  ( 1428.215134365435688, 930.0131153915789355, -18.56267419304696276 ) ) ;
#4756 = CARTESIAN_POINT ( 'NONE',  ( 842.6766677983148384, 123.6180422171951676, 22.04268472522036149 ) ) ;
#4757 = CARTESIAN_POINT ( 'NONE',  ( 579.4723238582275826, -3.055479958657474349, -26.28385442356373858 ) ) ;
#4758 = CARTESIAN_POINT ( 'NONE',  ( 1347.245948280322409, 881.5157818616679606, 91.37268570370636667 ) ) ;
#4759 = CARTESIAN_POINT ( 'NONE',  ( 1203.932078706347738, 538.8181678263373442, 101.9165772264794754 ) ) ;
#4760 = CARTESIAN_POINT ( 'NONE',  ( 618.3691794774603068, 18.61685531029497653, 25.12143308830601285 ) ) ;
#4761 = CARTESIAN_POINT ( 'NONE',  ( 1205.147942423290488, 367.4891196231838535, -91.03123528483848759 ) ) ;
#4762 = CARTESIAN_POINT ( 'NONE',  ( 1398.430106332645437, 672.6530830555408329, -95.92599850333688494 ) ) ;
#4763 = CARTESIAN_POINT ( 'NONE',  ( 1263.252537881571470, 543.8803177492094392, -15.11587867966842680 ) ) ;
#4764 = CARTESIAN_POINT ( 'NONE',  ( 1332.858028189604283, 532.9443945507199487, -101.3130003850574354 ) ) ;
#4765 = CARTESIAN_POINT ( 'NONE',  ( 945.7847616529143124, 208.7055472088023578, 67.65201060071093764 ) ) ;
#4766 = CARTESIAN_POINT ( 'NONE',  ( 1230.716483109040155, 469.2812597341950891, -15.13979174262308902 ) ) ;
#4767 = CARTESIAN_POINT ( 'NONE',  ( 1329.353543045168635, 799.8207357745594663, 88.21440500344799318 ) ) ;
#4768 = CARTESIAN_POINT ( 'NONE',  ( 618.5112190936094976, 10.48755079543677837, 1.309246163664612661 ) ) ;
#4769 = CARTESIAN_POINT ( 'NONE',  ( 1327.824064266541882, 802.6371637709071365, 93.64726985991919150 ) ) ;
#4770 = CARTESIAN_POINT ( 'NONE',  ( 951.9402778394944562, 174.9815017255666305, -32.25288195968731486 ) ) ;
#4771 = CARTESIAN_POINT ( 'NONE',  ( 734.2754337540511642, 36.01698145337768153, -31.36029380242027287 ) ) ;
#4772 = CARTESIAN_POINT ( 'NONE',  ( 1420.271659937923914, 942.0796671646543246, -1.640837015443486147 ) ) ;
#4773 = CARTESIAN_POINT ( 'NONE',  ( 1289.810269476196481, 481.0599927484861951, -86.17698729217315190 ) ) ;
#4774 = CARTESIAN_POINT ( 'NONE',  ( 1167.772833869885972, 474.5993819578843045, 91.49047139288454389 ) ) ;
#4775 = CARTESIAN_POINT ( 'NONE',  ( 1403.807923206390342, 1001.196457295093069, 50.52806905099456714 ) ) ;
#4776 = CARTESIAN_POINT ( 'NONE',  ( 791.1790528600928383, 59.39259151471775766, -34.31585765322147807 ) ) ;
#4777 = CARTESIAN_POINT ( 'NONE',  ( 1217.231442693407189, 504.2907020307887365, 44.16389847452919781 ) ) ;
#4778 = CARTESIAN_POINT ( 'NONE',  ( 841.9941243464711533, 129.2354012447031550, 55.04575818729722414 ) ) ;
#4779 = CARTESIAN_POINT ( 'NONE',  ( 787.9954862470087846, 93.02901016493957798, 46.23749024688952858 ) ) ;
#4780 = CARTESIAN_POINT ( 'NONE',  ( 1327.243019974675008, 545.0999806817601439, -96.67710814127065078 ) ) ;
#4781 = CARTESIAN_POINT ( 'NONE',  ( 1345.527835589129381, 770.0405401060089616, 39.47213551529387132 ) ) ;
#4782 = CARTESIAN_POINT ( 'NONE',  ( 675.9868520896593509, 33.28175840303233457, -18.76397953230556936 ) ) ;
#4783 = CARTESIAN_POINT ( 'NONE',  ( 1242.953917381798647, 437.5138869057191187, -62.67578803466373927 ) ) ;
#4784 = CARTESIAN_POINT ( 'NONE',  ( 675.6256618846040283, 42.09120938578933391, 27.48742494203975539 ) ) ;
#4785 = CARTESIAN_POINT ( 'NONE',  ( 787.9315511957908029, 93.70274051746392274, 47.15247011549865164 ) ) ;
#4786 = CARTESIAN_POINT ( 'NONE',  ( 1426.824804701446055, 861.3164975254293267, -42.63282306818740608 ) ) ;
#4787 = CARTESIAN_POINT ( 'NONE',  ( 896.4951920566999206, 155.5029993390365348, 39.39276730225088130 ) ) ;
#4788 = CARTESIAN_POINT ( 'NONE',  ( 676.5554908932704166, 19.88923040681315513, -36.79070877964376507 ) ) ;
#4789 = CARTESIAN_POINT ( 'NONE',  ( 732.7476824387100578, 58.70960257743173827, 25.14971721304598873 ) ) ;
#4790 = CARTESIAN_POINT ( 'NONE',  ( 900.5194467422892330, 129.0195911994188975, -45.95483675846622873 ) ) ;
#4791 = CARTESIAN_POINT ( 'NONE',  ( 1295.287750355454818, 468.0863648311153611, -106.2120705935138574 ) ) ;
#4792 = CARTESIAN_POINT ( 'NONE',  ( 676.4189593410648058, 23.34505867274079804, -11.22304148065828322 ) ) ;
#4793 = CARTESIAN_POINT ( 'NONE',  ( 1412.397499260793438, 988.5113772859359642, 22.41296155150187985 ) ) ;
#4794 = CARTESIAN_POINT ( 'NONE',  ( 1453.691730568828234, 927.5280848927586703, -54.44266217752956294 ) ) ;
#4795 = CARTESIAN_POINT ( 'NONE',  ( 1269.526944426034106, 670.2690976061240917, 97.89490704958998890 ) ) ;
#4796 = CARTESIAN_POINT ( 'NONE',  ( 579.3843184059826399, 9.096820316101300818, 20.43715565819229951 ) ) ;
#4797 = CARTESIAN_POINT ( 'NONE',  ( 1395.124893123128913, 678.7243580748059912, -97.39888596222597528 ) ) ;
#4798 = CARTESIAN_POINT ( 'NONE',  ( 1445.899727966572527, 831.3245919809397719, -79.30134689627450939 ) ) ;
#4799 = CARTESIAN_POINT ( 'NONE',  ( 788.7517773299538248, 84.88819658802715651, -8.480280136602498686 ) ) ;
#4800 = CARTESIAN_POINT ( 'NONE',  ( 1450.351684068250734, 896.3858446412883723, -60.44163386256724380 ) ) ;
#4801 = CARTESIAN_POINT ( 'NONE',  ( 1366.881905487895438, 955.5831025976551700, 91.04019334238434169 ) ) ;
#4802 = CARTESIAN_POINT ( 'NONE',  ( 789.8394434107327697, 73.56069736353437349, -2.718195741438176771 ) ) ;
#4803 = CARTESIAN_POINT ( 'NONE',  ( 1276.760704505405329, 654.5865373657355804, 81.27023367027959466 ) ) ;
#4804 = APPROVAL_ROLE ( '' ) ;
#4805 = CARTESIAN_POINT ( 'NONE',  ( 1404.602028779440843, 1000.023722731006956, 47.44550190532757483 ) ) ;
#4806 = CARTESIAN_POINT ( 'NONE',  ( 1233.352158559252530, 462.3952996134510727, -46.94793156843275028 ) ) ;
#4807 = CARTESIAN_POINT ( 'NONE',  ( 1360.795447036450014, 614.1226391049895028, -82.95399381316940435 ) ) ;
#4808 = CARTESIAN_POINT ( 'NONE',  ( 1408.203282416331376, 890.5989570260021537, -2.350507906415065129 ) ) ;
#4809 = CARTESIAN_POINT ( 'NONE',  ( 559.9999999999998863, -7.426141386524027332, -19.20580939724994352 ) ) ;
#4810 = CARTESIAN_POINT ( 'NONE',  ( 559.9999999999994316, 7.162369752764462305, 21.16864935341381226 ) ) ;
#4811 = CARTESIAN_POINT ( 'NONE',  ( 1203.112126819134801, 373.3536891081146223, -71.16588712848991349 ) ) ;
#4812 = CARTESIAN_POINT ( 'NONE',  ( 1343.093529241749138, 774.5224629535774739, 46.61525882985285563 ) ) ;
#4813 = CARTESIAN_POINT ( 'NONE',  ( 676.4063630125650661, 23.38381674408429234, -33.99276295114785285 ) ) ;
#4814 = CARTESIAN_POINT ( 'NONE',  ( 1348.388338310165409, 764.7740388807977752, 31.16961140456519175 ) ) ;
#4815 = CARTESIAN_POINT ( 'NONE',  ( 1190.290030979749190, 410.0379598721094112, -38.79785756365282623 ) ) ;
#4816 = CARTESIAN_POINT ( 'NONE',  ( 560.0000000000002274, -6.379249087972438836, -14.55260347681451272 ) ) ;
#4817 = CARTESIAN_POINT ( 'NONE',  ( 1042.923565399384870, 299.5884004623312080, 61.93496150291457525 ) ) ;
#4818 = CARTESIAN_POINT ( 'NONE',  ( 1301.146948347107582, 733.1603670986613679, 98.56155411565509894 ) ) ;
#4819 = CARTESIAN_POINT ( 'NONE',  ( 901.3057769475387886, 123.9743117183304548, -28.92068213963365508 ) ) ;
#4820 = CARTESIAN_POINT ( 'NONE',  ( 675.8430692899845553, 37.01799307846383158, 26.05747472836047862 ) ) ;
#4821 = CARTESIAN_POINT ( 'NONE',  ( 618.6202292816548152, 3.812998215634666010, -31.87387473996666643 ) ) ;
#4822 = CARTESIAN_POINT ( 'NONE',  ( 1045.826371703436735, 287.8395407184244164, 50.82543733244194328 ) ) ;
#4823 = CARTESIAN_POINT ( 'NONE',  ( 1410.073090564598715, 774.2373460244132275, -70.63904476040904967 ) ) ;
#4824 = CARTESIAN_POINT ( 'NONE',  ( 903.1147965264226514, 112.0607810082528886, -61.66177316132655761 ) ) ;
#4825 = CARTESIAN_POINT ( 'NONE',  ( 733.8204798286551522, 42.78956396166201159, -15.36196563527987813 ) ) ;
#4826 = CARTESIAN_POINT ( 'NONE',  ( 1410.102686385932657, 991.9003553611363486, 27.86214862078617571 ) ) ;
#4827 = CARTESIAN_POINT ( 'NONE',  ( 1370.581299383292617, 949.7625379328750341, 79.88856761885681124 ) ) ;
#4828 = CARTESIAN_POINT ( 'NONE',  ( 788.2707284782779880, 90.13284685081950443, 38.91526438842274871 ) ) ;
#4829 = CARTESIAN_POINT ( 'NONE',  ( 1327.243019974675008, 545.0999806817601439, -96.67710814127065078 ) ) ;
#4830 = CARTESIAN_POINT ( 'NONE',  ( 1141.356599181950969, 373.1505272895185499, -7.466437118836507736 ) ) ;
#4831 = CARTESIAN_POINT ( 'NONE',  ( 957.8047059842842827, 143.0308819334186126, -61.31399845947763794 ) ) ;
#4832 = CARTESIAN_POINT ( 'NONE',  ( 843.3420348456922966, 118.1763201514980750, 1.667603725011902682 ) ) ;
#4833 = CARTESIAN_POINT ( 'NONE',  ( 1452.043651636777668, 929.9619667260523102, -50.00417587071995484 ) ) ;
#4834 = CARTESIAN_POINT ( 'NONE',  ( 1167.585569512514894, 475.1373748526613667, 97.05024480930278230 ) ) ;
#4835 = CARTESIAN_POINT ( 'NONE',  ( 676.2425386611666909, 27.54136250326180857, -0.2269534721865950067 ) ) ;
#4836 = PERSON_AND_ORGANIZATION_ROLE ( 'creator' ) ;
#4837 = CARTESIAN_POINT ( 'NONE',  ( 1401.571319868608498, 666.8604099264124443, -108.1903581985361029 ) ) ;
#4838 = CARTESIAN_POINT ( 'NONE',  ( 1102.303420973694301, 300.5467327336118615, -44.44953345167063219 ) ) ;
#4839 = CARTESIAN_POINT ( 'NONE',  ( 1440.918260699546181, 839.1568220955031165, -70.03953676316554322 ) ) ;
#4840 = CARTESIAN_POINT ( 'NONE',  ( 618.5154183553569283, 10.24609623927376489, 0.6329603083321370116 ) ) ;
#4841 = CARTESIAN_POINT ( 'NONE',  ( 1061.137054352326913, 225.7689818406609845, -62.89347950843225732 ) ) ;
#4842 = CARTESIAN_POINT ( 'NONE',  ( 787.7465817248025814, 95.66141309104632739, 45.56106735427857046 ) ) ;
#4843 = CARTESIAN_POINT ( 'NONE',  ( 1202.746640442479475, 374.4007200725057487, -69.71895530391462614 ) ) ;
#4844 = CARTESIAN_POINT ( 'NONE',  ( 1375.528914436088144, 833.2248880249330796, 23.72337002740017198 ) ) ;
#4845 = CARTESIAN_POINT ( 'NONE',  ( 1203.431183905836406, 372.4025870385822259, -86.46598867932870291 ) ) ;
#4846 = CARTESIAN_POINT ( 'NONE',  ( 1416.574343914489191, 982.3430159742271144, 19.68530234986163663 ) ) ;
#4847 = CARTESIAN_POINT ( 'NONE',  ( 732.8944990940784692, 56.31631377247317971, -16.02151587975098579 ) ) ;
#4848 = CARTESIAN_POINT ( 'NONE',  ( 618.6345355603698408, 3.331333814868226106, -18.63131021251140851 ) ) ;
#4849 = CARTESIAN_POINT ( 'NONE',  ( 732.2405002277282620, 66.18130046943339551, 32.78703010711975452 ) ) ;
#4850 = CARTESIAN_POINT ( 'NONE',  ( 1374.150761108740880, 944.1536114331419185, 80.20827469884009986 ) ) ;
#4851 = CARTESIAN_POINT ( 'NONE',  ( 1057.394882280452975, 240.9417854925277140, -38.44429691111652403 ) ) ;
#4852 = CARTESIAN_POINT ( 'NONE',  ( 1135.521082902025000, 391.7903215966747439, 52.01420975378866984 ) ) ;
#4853 = CARTESIAN_POINT ( 'NONE',  ( 618.3029265658810800, 22.10389884977915642, 15.32751218495044654 ) ) ;
#4854 = CARTESIAN_POINT ( 'NONE',  ( 956.9768640109019771, 147.5054190956061575, -67.14065418816844044 ) ) ;
#4855 = CARTESIAN_POINT ( 'NONE',  ( 1384.200015114908410, 928.3480268909781898, 54.26896814678903525 ) ) ;
#4856 = CARTESIAN_POINT ( 'NONE',  ( 618.4697976770050900, 12.22792589762243587, -23.96797721183619601 ) ) ;
#4857 = CARTESIAN_POINT ( 'NONE',  ( 1150.883228562268414, 342.8562315958043314, -35.24148767139544702 ) ) ;
#4858 = CARTESIAN_POINT ( 'NONE',  ( 1211.061265903976164, 520.2877695617335121, 56.65170685771727932 ) ) ;
#4859 = CARTESIAN_POINT ( 'NONE',  ( 787.7779225936382090, 95.32057039884431049, 43.48888604853905804 ) ) ;
#4860 = CARTESIAN_POINT ( 'NONE',  ( 1089.683901126150431, 345.7111546111065081, 67.24052260297406747 ) ) ;
#4861 = CARTESIAN_POINT ( 'NONE',  ( 1448.894564521972370, 934.6125364112245961, -48.32186257489797043 ) ) ;
#4862 = CARTESIAN_POINT ( 'NONE',  ( 949.0957483089877087, 190.5386559391727417, 2.655678025521392982 ) ) ;
#4863 = CARTESIAN_POINT ( 'NONE',  ( 1426.356323037760376, 746.4521299911665437, -93.06964921186052209 ) ) ;
#4864 = CARTESIAN_POINT ( 'NONE',  ( 1139.429391204461581, 379.2932056985133045, 4.571727589490063082 ) ) ;
#4865 = CARTESIAN_POINT ( 'NONE',  ( 957.8742774285452697, 142.6397168160558238, -65.01191303772743879 ) ) ;
#4866 = CARTESIAN_POINT ( 'NONE',  ( 1128.046769719564736, 415.5967327602543833, 92.03926411164867716 ) ) ;
#4867 = CARTESIAN_POINT ( 'NONE',  ( 676.3053391496773656, 26.04898124091332789, -4.156509753758832026 ) ) ;
#4868 = CALENDAR_DATE ( 2026, 16, 9 ) ;
#4869 = CARTESIAN_POINT ( 'NONE',  ( 787.8348243391134247, 94.69400747560924003, 36.91815764359847662 ) ) ;
#4870 = CARTESIAN_POINT ( 'NONE',  ( 579.4666978023700494, -2.272289578259779397, -26.37294991859842241 ) ) ;
#4871 = CARTESIAN_POINT ( 'NONE',  ( 675.9467252673108533, 34.23634329675067534, -16.42902872691496086 ) ) ;
#4872 = CARTESIAN_POINT ( 'NONE',  ( 1204.204652786630504, 370.2233345444697648, -75.57485972164585064 ) ) ;
#4873 = CARTESIAN_POINT ( 'NONE',  ( 899.1431492160204471, 138.1493115045217337, 0.03658203443234842034 ) ) ;
#4874 = AXIS2_PLACEMENT_3D ( 'NONE', #1556, #5484, #1044 ) ;
#4875 = CARTESIAN_POINT ( 'NONE',  ( 1445.230917535520348, 832.3761726611620588, -78.12320740961618526 ) ) ;
#4876 = CARTESIAN_POINT ( 'NONE',  ( 1402.007392301104574, 1003.855480097597365, 48.07898790789722909 ) ) ;
#4877 = CARTESIAN_POINT ( 'NONE',  ( 1424.262633331828511, 970.9889554507730054, 3.063668930680551128 ) ) ;
#4878 = CARTESIAN_POINT ( 'NONE',  ( 1060.397353968309517, 228.7691966148408085, -57.96918460814963225 ) ) ;
#4879 = CARTESIAN_POINT ( 'NONE',  ( 1417.375298063174114, 981.1601674383509817, 17.92029176541154456 ) ) ;
#4880 = CARTESIAN_POINT ( 'NONE',  ( 1058.755225238342518, 235.3639672314791653, -67.25679903850790708 ) ) ;
#4881 = CARTESIAN_POINT ( 'NONE',  ( 1259.894148293248918, 551.8618551760052924, 18.10874108139971739 ) ) ;
#4882 = CARTESIAN_POINT ( 'NONE',  ( 732.9669749965263463, 55.23945689365262268, -18.75268807262253645 ) ) ;
#4883 = CARTESIAN_POINT ( 'NONE',  ( 955.8955894842463294, 153.4727390062372194, -42.46175948890154217 ) ) ;
#4884 = CARTESIAN_POINT ( 'NONE',  ( 995.6170004154369053, 250.9976391433415586, 58.26499916895377851 ) ) ;
#4885 = CARTESIAN_POINT ( 'NONE',  ( 1326.273272764017975, 805.4929485470414647, 99.10295716387020093 ) ) ;
#4886 = CARTESIAN_POINT ( 'NONE',  ( 618.6099574273596318, 4.775279711536887461, -14.57029928013101738 ) ) ;
#4887 = CARTESIAN_POINT ( 'NONE',  ( 788.5806985958573705, 86.85834815261593178, 30.17215420418690641 ) ) ;
#4888 = CARTESIAN_POINT ( 'NONE',  ( 560.0000000000002274, 7.539585656214257803, 12.05091516176872268 ) ) ;
#4889 = CARTESIAN_POINT ( 'NONE',  ( 1427.415711146602234, 744.6376242288534968, -100.3160786086215950 ) ) ;
#4890 = CARTESIAN_POINT ( 'NONE',  ( 1411.028471693094843, 990.5331562562826093, 32.13348656602864395 ) ) ;
#4891 = CARTESIAN_POINT ( 'NONE',  ( 1153.929261545129975, 333.1054825914719117, -69.54647889845531950 ) ) ;
#4892 = CARTESIAN_POINT ( 'NONE',  ( 1434.700173841392598, 955.5748028052792051, -18.40274619963063785 ) ) ;
#4893 = CARTESIAN_POINT ( 'NONE',  ( 1333.974940789589482, 791.3004293979311115, 60.22744909868588792 ) ) ;
#4894 = CARTESIAN_POINT ( 'NONE',  ( 1402.419755571411088, 1003.246502303636817, 47.07341180300149119 ) ) ;
#4895 = CARTESIAN_POINT ( 'NONE',  ( 1209.816875813710112, 523.5418981772587586, 79.59349362548563533 ) ) ;
#4896 = CARTESIAN_POINT ( 'NONE',  ( 1289.170429137585643, 482.5500767711611161, -95.46438113252747826 ) ) ;
#4897 = CARTESIAN_POINT ( 'NONE',  ( 1351.683762918018601, 758.6912477299373450, 5.857741011463427405 ) ) ;
#4898 = CARTESIAN_POINT ( 'NONE',  ( 1112.774839927614721, 263.1944958726049890, -77.96233769880669229 ) ) ;
#4899 = CARTESIAN_POINT ( 'NONE',  ( 788.3975707941299333, 88.65452060422782665, 4.503297548597530842 ) ) ;
#4900 = CARTESIAN_POINT ( 'NONE',  ( 1429.429069588656148, 741.2044200845963360, -100.9216140650680984 ) ) ;
#4901 = CARTESIAN_POINT ( 'NONE',  ( 953.8137294580330945, 164.7535658032458343, -48.36013779794018319 ) ) ;
#4902 = CARTESIAN_POINT ( 'NONE',  ( 560.0000000000000000, -2.896673411419580013, -3.963924808614477158 ) ) ;
#4903 = CARTESIAN_POINT ( 'NONE',  ( 1087.846060069581881, 352.2608459862686914, 66.76696129670831681 ) ) ;
#4904 = CARTESIAN_POINT ( 'NONE',  ( 1272.827284805437330, 663.1179219964525373, 97.62457901468286536 ) ) ;
#4905 = CARTESIAN_POINT ( 'NONE',  ( 618.6202292816548152, 3.812998215634666010, -31.87387473996666643 ) ) ;
#4906 = CARTESIAN_POINT ( 'NONE',  ( 1002.391132881423687, 219.3365667760597262, -25.63069808409926154 ) ) ;
#4907 = CARTESIAN_POINT ( 'NONE',  ( 618.6649823246306141, 1.490225803796628945, -24.83309107628744172 ) ) ;
#4908 = CARTESIAN_POINT ( 'NONE',  ( 1422.242107333979448, 939.0864620464568588, -5.895440196529814436 ) ) ;
#4909 = CARTESIAN_POINT ( 'NONE',  ( 1206.018507729518205, 365.0256234939054139, -82.92320237963730278 ) ) ;
#4910 = CARTESIAN_POINT ( 'NONE',  ( 1203.790053948089280, 539.1835948512479035, 98.27759766812003761 ) ) ;
#4911 = CARTESIAN_POINT ( 'NONE',  ( 1447.286818749806571, 936.9868542617366529, -41.62468197726823860 ) ) ;
#4912 = CARTESIAN_POINT ( 'NONE',  ( 1445.118520508551455, 940.1889956130493147, -37.80960830044556786 ) ) ;
#4913 = CARTESIAN_POINT ( 'NONE',  ( 618.4549269041231128, 13.71645596631041819, 10.45010573247687091 ) ) ;
#4914 = CARTESIAN_POINT ( 'NONE',  ( 901.4576412874957896, 122.8840731902903656, -53.44988746356963105 ) ) ;
#4915 = CARTESIAN_POINT ( 'NONE',  ( 1001.389116849609877, 224.0967470793211191, 13.65114555647221373 ) ) ;
#4916 = CARTESIAN_POINT ( 'NONE',  ( 788.1808450579567307, 90.96817298041217725, 14.37737209922299897 ) ) ;
#4917 = CARTESIAN_POINT ( 'NONE',  ( 788.8530227319805590, 83.81410052886165829, -11.68463260577943252 ) ) ;
#4918 = CARTESIAN_POINT ( 'NONE',  ( 1246.418967366588731, 428.5192419887249571, -74.90559045517704817 ) ) ;
#4919 = CARTESIAN_POINT ( 'NONE',  ( 1351.844123713990712, 873.6618082633103768, 76.89931834553944157 ) ) ;
#4920 = CARTESIAN_POINT ( 'NONE',  ( 1394.025687814111961, 981.9481682291199149, 59.51003688816718551 ) ) ;
#4921 = CARTESIAN_POINT ( 'NONE',  ( 1238.721479153336759, 448.5005053669109998, -47.13713975228146325 ) ) ;
#4922 = CARTESIAN_POINT ( 'NONE',  ( 948.5175209077987120, 193.7819343522976112, 38.84790705425103141 ) ) ;
#4923 = CARTESIAN_POINT ( 'NONE',  ( 842.3894907839709276, 125.9760396541267085, 33.31017499260895676 ) ) ;
#4924 = CARTESIAN_POINT ( 'NONE',  ( 1009.304577226094921, 187.1240494066817917, -69.79873779214511842 ) ) ;
#4925 = CARTESIAN_POINT ( 'NONE',  ( 618.4165053334104414, 15.91478061747833905, 16.90696727483049244 ) ) ;
#4926 = CARTESIAN_POINT ( 'NONE',  ( 1440.791981148025798, 910.9092524853998611, -49.71767793789519629 ) ) ;
#4927 = CARTESIAN_POINT ( 'NONE',  ( 1347.336673959788868, 640.9776715205698565, -48.09748973501191216 ) ) ;
#4928 = CARTESIAN_POINT ( 'NONE',  ( 842.5266360730996666, 124.8489219224776861, 27.66178561894695420 ) ) ;
#4929 = CARTESIAN_POINT ( 'NONE',  ( 579.3833287891217196, 9.233993584544254674, 20.86507427814213855 ) ) ;
#4930 = CARTESIAN_POINT ( 'NONE',  ( 732.2074001744526868, 66.71443489377578828, 40.30037781884897186 ) ) ;
#4931 = CARTESIAN_POINT ( 'NONE',  ( 1044.939245684252683, 291.4362138106233147, 58.67058961175004583 ) ) ;
#4932 = CARTESIAN_POINT ( 'NONE',  ( 1059.561857727465849, 232.0975546862148349, -70.74272335663860645 ) ) ;
#4933 = CARTESIAN_POINT ( 'NONE',  ( 675.7301122177204888, 39.44745706389113593, 3.040398941981094616 ) ) ;
#4934 = CARTESIAN_POINT ( 'NONE',  ( 1451.078463320020546, 931.3873561683689104, -48.19599750166904073 ) ) ;
#4935 = CARTESIAN_POINT ( 'NONE',  ( 1047.714999351985398, 280.1213906811402694, 8.965506586389770050 ) ) ;
#4936 = CARTESIAN_POINT ( 'NONE',  ( 1113.211539078775559, 261.6137560555233676, -84.68423616620967209 ) ) ;
#4937 = CARTESIAN_POINT ( 'NONE',  ( 845.7953791483458872, 98.23342934966302664, -41.63652189066739595 ) ) ;
#4938 = CARTESIAN_POINT ( 'NONE',  ( 1424.223458270351330, 936.0766889321259896, -10.13290977571048046 ) ) ;
#4939 = MECHANICAL_CONTEXT ( 'NONE', #584, 'mechanical' ) ;
#4940 = CARTESIAN_POINT ( 'NONE',  ( 1404.465495846274052, 1000.225354472795289, 41.69560839923891393 ) ) ;
#4941 = CARTESIAN_POINT ( 'NONE',  ( 1325.524853859487621, 806.8709048452392381, 100.9777202540200278 ) ) ;
#4942 = CARTESIAN_POINT ( 'NONE',  ( 1252.289287578860922, 413.2545303720049219, -102.6233947502478117 ) ) ;
#4943 = CARTESIAN_POINT ( 'NONE',  ( 1188.953295213630327, 413.8680673038745113, -32.69661685924486250 ) ) ;
#4944 = CARTESIAN_POINT ( 'NONE',  ( 902.8254117957728795, 114.0063061029771632, -47.95741117389025732 ) ) ;
#4945 = CARTESIAN_POINT ( 'NONE',  ( 579.4360741377436170, 1.898996558756691488, -1.092772883036744025 ) ) ;
#4946 = CARTESIAN_POINT ( 'NONE',  ( 957.1444600369301270, 146.6428856084905874, -55.03913038090954046 ) ) ;
#4947 = CARTESIAN_POINT ( 'NONE',  ( 1203.372918097714319, 540.2677654598445542, 100.9275172020218605 ) ) ;
#4948 = CARTESIAN_POINT ( 'NONE',  ( 1445.610260257046775, 939.4627946906934994, -43.55449411765751222 ) ) ;
#4949 = CARTESIAN_POINT ( 'NONE',  ( 1180.511411491259196, 438.1040874028047369, 32.63836926072414713 ) ) ;
#4950 = CARTESIAN_POINT ( 'NONE',  ( 1446.339008149487427, 938.3865803043776168, -44.61984785280783683 ) ) ;
#4951 = CARTESIAN_POINT ( 'NONE',  ( 560.0000000000004547, 0.6567418063833054820, 6.604642920477656887 ) ) ;
#4952 = CARTESIAN_POINT ( 'NONE',  ( 1228.548517777825737, 474.8666758860338746, -27.75080662916226970 ) ) ;
#4953 = CARTESIAN_POINT ( 'NONE',  ( 579.4767000282680556, -3.726246172175625926, -17.80899149535511228 ) ) ;
#4954 = CARTESIAN_POINT ( 'NONE',  ( 995.4257717842879174, 251.8938688869279474, 61.89547671632129067 ) ) ;
#4955 = CARTESIAN_POINT ( 'NONE',  ( 1353.656730583655872, 628.3666881154546218, -64.88434413054126537 ) ) ;
#4956 = CARTESIAN_POINT ( 'NONE',  ( 998.4832437029288030, 237.6493373389440933, 42.22389733948347157 ) ) ;
#4957 = CARTESIAN_POINT ( 'NONE',  ( 842.4794556496307223, 125.2363934210430330, 29.54096264285159634 ) ) ;
#4958 = CARTESIAN_POINT ( 'NONE',  ( 1295.597387072666834, 744.2330719921468472, 109.7584042944008047 ) ) ;
#4959 = CARTESIAN_POINT ( 'NONE',  ( 956.5961126046679510, 149.5840276361086296, -65.14617929404062124 ) ) ;
#4960 = CARTESIAN_POINT ( 'NONE',  ( 1403.932250141769146, 966.8998712040959163, 35.13117833797467426 ) ) ;
#4961 = CARTESIAN_POINT ( 'NONE',  ( 789.7932134602376664, 73.88040607369367763, -33.09173538746362908 ) ) ;
#4962 = CARTESIAN_POINT ( 'NONE',  ( 1237.892570221526512, 450.6522755059045835, -43.99606214609780608 ) ) ;
#4963 = CARTESIAN_POINT ( 'NONE',  ( 579.3608587347031289, 12.41846970180392695, 16.16766897579023166 ) ) ;
#4964 = CARTESIAN_POINT ( 'NONE',  ( 675.8169346110361175, 37.63609461008307022, 27.86286926935417796 ) ) ;
#4965 = CARTESIAN_POINT ( 'NONE',  ( 1204.213072083812676, 538.0844440532088129, 96.06953899461748847 ) ) ;
#4966 = CARTESIAN_POINT ( 'NONE',  ( 947.5700085257751653, 198.9582785094181077, 50.93554402378858725 ) ) ;
#4967 = CARTESIAN_POINT ( 'NONE',  ( 1007.921017543413654, 193.5629696136949178, -63.64190940605168834 ) ) ;
#4968 = CARTESIAN_POINT ( 'NONE',  ( 948.7936834049359049, 192.1929421573262005, 7.146023127827247912 ) ) ;
#4969 = CARTESIAN_POINT ( 'NONE',  ( 579.4838958549260042, -4.684677602688326559, -24.13265693979609949 ) ) ;
#4970 = CARTESIAN_POINT ( 'NONE',  ( 896.7362925431912117, 153.8280234372687119, 6.248880361450932952 ) ) ;
#4971 = CARTESIAN_POINT ( 'NONE',  ( 1208.108594089643930, 359.0341750353146040, -92.05965582594376428 ) ) ;
#4972 = CARTESIAN_POINT ( 'NONE',  ( 676.1586383853762072, 29.21465824066617856, -26.59220192095528645 ) ) ;
#4973 = CARTESIAN_POINT ( 'NONE',  ( 790.2162712105834999, 69.57811452971445476, -12.03887462075568138 ) ) ;
#4974 = CARTESIAN_POINT ( 'NONE',  ( 1372.666209061332893, 946.4829520575710831, 73.86056300477950742 ) ) ;
#4975 = CARTESIAN_POINT ( 'NONE',  ( 1171.208150406441746, 464.7622413507946817, 83.79341893418363441 ) ) ;
#4976 = CARTESIAN_POINT ( 'NONE',  ( 618.6270166278125089, 3.432446231454955310, -31.86522462437928738 ) ) ;
#4977 = CARTESIAN_POINT ( 'NONE',  ( 951.1349650344155862, 179.3819067979380293, -23.77249507002016671 ) ) ;
#4978 = CARTESIAN_POINT ( 'NONE',  ( 1327.042959115338590, 545.5531732090602191, -85.29576903261870768 ) ) ;
#4979 = CARTESIAN_POINT ( 'NONE',  ( 1052.187585768863300, 262.0513676969578114, -0.7581293504671104966 ) ) ;
#4980 = CARTESIAN_POINT ( 'NONE',  ( 579.4834753912057295, -4.642191811129031009, -22.28976418317004260 ) ) ;
#4981 = CARTESIAN_POINT ( 'NONE',  ( 579.3624356287791670, 12.15162817930410810, 24.55433809707788839 ) ) ;
#4982 = CARTESIAN_POINT ( 'NONE',  ( 1428.832044237142100, 964.2408525686868188, -13.63421219013807217 ) ) ;
#4983 = CARTESIAN_POINT ( 'NONE',  ( 1181.325911170845529, 435.7703691266712553, 28.42895046628684597 ) ) ;
#4984 = CARTESIAN_POINT ( 'NONE',  ( 790.3543673252356712, 67.97167749179577356, -41.31690045796791821 ) ) ;
#4985 = CARTESIAN_POINT ( 'NONE',  ( 618.4652321538638944, 13.12589006924418378, 8.753720359043077437 ) ) ;
#4986 = CARTESIAN_POINT ( 'NONE',  ( 1365.077158674716657, 851.0621561705848990, 38.13077747192031808 ) ) ;
#4987 = CARTESIAN_POINT ( 'NONE',  ( 1051.982301637313640, 262.8069054670563105, -27.51397631281745149 ) ) ;
#4988 = CARTESIAN_POINT ( 'NONE',  ( 734.2390869565941784, 36.56028795503858220, -29.98606309322335051 ) ) ;
#4989 = CARTESIAN_POINT ( 'NONE',  ( 1325.170893758670218, 807.5147126804703248, 89.90953808834464667 ) ) ;
#4990 = CARTESIAN_POINT ( 'NONE',  ( 901.6120247986601726, 121.9665225915896940, -32.72172029986361252 ) ) ;
#4991 = CARTESIAN_POINT ( 'NONE',  ( 732.7139869657105464, 59.20947396489481207, 26.53065941568433672 ) ) ;
#4992 = CARTESIAN_POINT ( 'NONE',  ( 1089.193675027099061, 347.4346047513906797, 53.37641622059897628 ) ) ;
#4993 = CARTESIAN_POINT ( 'NONE',  ( 1206.259040255371247, 364.3075406998681274, -94.06018917592083994 ) ) ;
#4994 = CARTESIAN_POINT ( 'NONE',  ( 1215.085319201317361, 509.8627759206799510, 54.21923013749737663 ) ) ;
#4995 = CARTESIAN_POINT ( 'NONE',  ( 1004.968203499789297, 207.3194582140859268, -46.02574365661132560 ) ) ;
#4996 = CARTESIAN_POINT ( 'NONE',  ( 1238.721479153336759, 448.5005053669109998, -47.13713975228146325 ) ) ;
#4997 = CARTESIAN_POINT ( 'NONE',  ( 1245.237794675288569, 586.5360481459808852, 62.58838089094241752 ) ) ;
#4998 = CARTESIAN_POINT ( 'NONE',  ( 787.8076850808292875, 95.01132679392209468, 48.55402584232682273 ) ) ;
#4999 = CARTESIAN_POINT ( 'NONE',  ( 1304.489162907995478, 726.4887362645265512, 85.70973996126555505 ) ) ;
#5000 = CARTESIAN_POINT ( 'NONE',  ( 1237.707788629065135, 604.3726239227703445, 99.96019665042265956 ) ) ;
#5001 = CARTESIAN_POINT ( 'NONE',  ( 896.0626708106480010, 158.3371507417408282, 46.36409961499246180 ) ) ;
#5002 = CARTESIAN_POINT ( 'NONE',  ( 790.5690632878055339, 65.71396863988023540, -43.82382293278354979 ) ) ;
#5003 = CARTESIAN_POINT ( 'NONE',  ( 957.8742774285452697, 142.6397168160558238, -65.01191303772743879 ) ) ;
#5004 = CARTESIAN_POINT ( 'NONE',  ( 1342.065341089560206, 776.4026989889615606, 34.58991340377606605 ) ) ;
#5005 = CARTESIAN_POINT ( 'NONE',  ( 1428.865271876876704, 742.1675095013077907, -99.25951152355624174 ) ) ;
#5006 = CARTESIAN_POINT ( 'NONE',  ( 618.4697976770050900, 12.22792589762243587, -23.96797721183619601 ) ) ;
#5007 = CARTESIAN_POINT ( 'NONE',  ( 676.3426330508646060, 25.16166368147897714, -6.517335394573350094 ) ) ;
#5008 = CARTESIAN_POINT ( 'NONE',  ( 1325.646241550314244, 806.6391527895443687, 88.15925017616669379 ) ) ;
#5009 = CARTESIAN_POINT ( 'NONE',  ( 1429.309798396081305, 741.4055014027662764, -102.8594356311438958 ) ) ;
#5010 = CARTESIAN_POINT ( 'NONE',  ( 1208.490450925304003, 526.9862754932219104, 86.38186802693888922 ) ) ;
#5011 = CARTESIAN_POINT ( 'NONE',  ( 1111.495293022696387, 267.7256845201499118, -83.50234761333301492 ) ) ;
#5012 = CARTESIAN_POINT ( 'NONE',  ( 1227.021338659960747, 478.8321674851120520, -21.21167163228220787 ) ) ;
#5013 = CARTESIAN_POINT ( 'NONE',  ( 734.3402782290077084, 35.04632906679596971, -34.11049503105673608 ) ) ;
#5014 = CARTESIAN_POINT ( 'NONE',  ( 845.0360342158005551, 104.5304700763610839, 0.2466293507068599844 ) ) ;
#5015 = CARTESIAN_POINT ( 'NONE',  ( 1010.185874360913090, 183.0629717453938099, -61.40990448923262335 ) ) ;
#5016 = CARTESIAN_POINT ( 'NONE',  ( 841.9721567864701228, 129.4184204678782919, 53.89069044147130683 ) ) ;
#5017 = CARTESIAN_POINT ( 'NONE',  ( 560.0000000000000000, -1.507608553610650270, -21.29783366036696535 ) ) ;
#5018 = CARTESIAN_POINT ( 'NONE',  ( 676.1550107769895703, 29.62001934271263082, 5.279142493985805373 ) ) ;
#5019 = CARTESIAN_POINT ( 'NONE',  ( 1202.152409318659693, 376.0636826504069177, -82.74381664351388110 ) ) ;
#5020 = CARTESIAN_POINT ( 'NONE',  ( 951.0678922398930126, 179.8493501117145286, 8.421068497409216036 ) ) ;
#5021 = CARTESIAN_POINT ( 'NONE',  ( 1250.138024340063112, 574.9310892683607790, 39.78482861011843852 ) ) ;
#5022 = CARTESIAN_POINT ( 'NONE',  ( 1099.725839995497608, 309.7577897582953028, -29.32670891185177808 ) ) ;
#5023 = CARTESIAN_POINT ( 'NONE',  ( 902.4562140353305040, 116.4294630097346754, -43.16746807781829887 ) ) ;
#5024 = CARTESIAN_POINT ( 'NONE',  ( 1324.702244748545127, 808.3779109445522408, 91.65276421464614032 ) ) ;
#5025 = CARTESIAN_POINT ( 'NONE',  ( 1198.774992455633765, 385.7788077258173303, -53.59306723706097841 ) ) ;
#5026 = CARTESIAN_POINT ( 'NONE',  ( 1250.455096857829403, 574.2037485099242531, 56.28814335554399406 ) ) ;
#5027 = CARTESIAN_POINT ( 'NONE',  ( 560.0000000000004547, 7.541615366797857156, 12.84801083608196492 ) ) ;
#5028 = CARTESIAN_POINT ( 'NONE',  ( 902.4147679611713784, 116.6309107915608934, -59.40033491214006034 ) ) ;
#5029 = CARTESIAN_POINT ( 'NONE',  ( 949.0476034042623041, 190.8861273050553677, 32.28015439030588141 ) ) ;
#5030 = CARTESIAN_POINT ( 'NONE',  ( 1278.588670151242468, 507.5839199269669280, -67.74873625759985885 ) ) ;
#5031 = CARTESIAN_POINT ( 'NONE',  ( 676.4975794399464348, 21.47104483837511069, -15.90640137111460817 ) ) ;
#5032 = CARTESIAN_POINT ( 'NONE',  ( 895.5058599259672292, 161.9356483418529535, 35.26890635238545002 ) ) ;
#5033 = CARTESIAN_POINT ( 'NONE',  ( 1400.772071549011571, 1005.679800934623927, 53.28932605553059432 ) ) ;
#5034 = CARTESIAN_POINT ( 'NONE',  ( 1245.096476080346747, 586.8882034143583724, 79.18099812649352032 ) ) ;
#5035 = CARTESIAN_POINT ( 'NONE',  ( 945.7631385230417891, 208.8276092662283929, 65.33720672225021531 ) ) ;
#5036 = CARTESIAN_POINT ( 'NONE',  ( 1277.711957262446276, 652.5235432554524095, 77.62597543317393445 ) ) ;
#5037 = CARTESIAN_POINT ( 'NONE',  ( 955.4812707095102269, 155.6586362339569405, -59.43062371511435771 ) ) ;
#5038 = CARTESIAN_POINT ( 'NONE',  ( 1453.490294279043155, 927.8255658669733066, -53.18728783513970626 ) ) ;
#5039 = CARTESIAN_POINT ( 'NONE',  ( 559.9999999999998863, 7.423110599528591536, 7.806028724519405770 ) ) ;
#5040 = CARTESIAN_POINT ( 'NONE',  ( 560.0000000000002274, -6.570901345790734815, -23.32217193664095589 ) ) ;
#5041 = CARTESIAN_POINT ( 'NONE',  ( 845.6584510445220531, 99.34326549861434330, -40.08007094773309120 ) ) ;
#5042 = CARTESIAN_POINT ( 'NONE',  ( 1368.182275651857253, 728.3327957342519312, -23.66881131865277510 ) ) ;
#5043 = CARTESIAN_POINT ( 'NONE',  ( 995.4837254881417721, 251.6219968457111804, 60.71980712489816057 ) ) ;
#5044 = CARTESIAN_POINT ( 'NONE',  ( 1453.802720113779742, 927.3641756091124080, -54.46099689620428563 ) ) ;
#5045 = CARTESIAN_POINT ( 'NONE',  ( 1404.908462620825730, 999.5711814448146697, 46.54422664647851349 ) ) ;
#5046 = CARTESIAN_POINT ( 'NONE',  ( 1061.745528079149381, 223.2570734401806476, -79.12893019526885041 ) ) ;
#5047 = CARTESIAN_POINT ( 'NONE',  ( 1098.062104058280056, 315.7054723190496475, -18.30940977811081183 ) ) ;
#5048 = CARTESIAN_POINT ( 'NONE',  ( 1290.323467263305247, 479.8453086905760756, -87.78498311867237192 ) ) ;
#5049 = CARTESIAN_POINT ( 'NONE',  ( 899.7011894471041842, 134.4919797850777456, -7.746578083765107259 ) ) ;
#5050 = CARTESIAN_POINT ( 'NONE',  ( 847.8903682697537079, 81.30764815048439687, -49.27520476834369845 ) ) ;
#5051 = CARTESIAN_POINT ( 'NONE',  ( 618.3062637296465027, 22.18007695542193147, 29.84102398589502414 ) ) ;
#5052 = CARTESIAN_POINT ( 'NONE',  ( 559.9999999999998863, -7.295529401301567241, -23.30837672727842858 ) ) ;
#5053 = CARTESIAN_POINT ( 'NONE',  ( 618.4776926081028705, 12.41246879148193294, 6.723454692179457126 ) ) ;
#5054 = CARTESIAN_POINT ( 'NONE',  ( 618.4912471207677527, 11.01562791715472045, -25.74842399422810502 ) ) ;
#5055 = CARTESIAN_POINT ( 'NONE',  ( 1267.532149389106280, 674.5973192248962960, 109.0917886117346143 ) ) ;
#5056 = CARTESIAN_POINT ( 'NONE',  ( 1226.113385961079530, 481.2313441664432503, 4.437127834197611698 ) ) ;
#5057 = CARTESIAN_POINT ( 'NONE',  ( 1340.107532758975367, 780.0069663172785113, 40.66974438029290440 ) ) ;
#5058 = CARTESIAN_POINT ( 'NONE',  ( 579.3789152338430313, 9.993675778400707088, -6.784644879498078929 ) ) ;
#5059 = CARTESIAN_POINT ( 'NONE',  ( 1009.223274570461513, 187.5575899506628161, -53.36049763331391205 ) ) ;
#5060 = CARTESIAN_POINT ( 'NONE',  ( 579.3617021543765304, 12.27319181194190989, 21.49423882487214144 ) ) ;
#5061 = CARTESIAN_POINT ( 'NONE',  ( 1007.776148430126000, 194.3084560274760122, -42.06974335752269667 ) ) ;
#5062 = CARTESIAN_POINT ( 'NONE',  ( 1092.956277938113999, 334.0163668131747841, 43.24371826369705474 ) ) ;
#5063 = CARTESIAN_POINT ( 'NONE',  ( 579.3609538394695164, 12.39630045157041138, 17.93684745430120486 ) ) ;
#5064 = CARTESIAN_POINT ( 'NONE',  ( 1168.358181976324659, 472.9242269153626239, 95.44518236914480269 ) ) ;
#5065 = CARTESIAN_POINT ( 'NONE',  ( 1111.093322548591004, 269.1615435671466798, -82.07336662935691152 ) ) ;
#5066 = CARTESIAN_POINT ( 'NONE',  ( 1362.931860758433913, 854.7345790133435912, 57.28556274083280897 ) ) ;
#5067 = CARTESIAN_POINT ( 'NONE',  ( 1407.071247372115977, 779.3614257169443817, -64.75230917289179899 ) ) ;
#5068 = CARTESIAN_POINT ( 'NONE',  ( 1349.840999519693696, 635.9805042755742761, -54.85561544589111094 ) ) ;
#5069 = CARTESIAN_POINT ( 'NONE',  ( 1357.495499388589906, 864.0096936451000147, 59.97011568041993712 ) ) ;
#5070 = CARTESIAN_POINT ( 'NONE',  ( 1361.060274460086930, 857.9217551732713218, 49.57970284113785908 ) ) ;
#5071 = CARTESIAN_POINT ( 'NONE',  ( 946.0655345675605759, 207.1693197988100223, 66.69024062617552318 ) ) ;
#5072 = CARTESIAN_POINT ( 'NONE',  ( 788.4148868395390082, 88.61013870783521895, 34.91184489708387417 ) ) ;
#5073 = CARTESIAN_POINT ( 'NONE',  ( 675.6230493997508120, 42.21109264924263016, 33.85145069080729030 ) ) ;
#5074 = CARTESIAN_POINT ( 'NONE',  ( 560.0000000000001137, 4.072362432862656867, 17.20855943502131069 ) ) ;
#5075 = CARTESIAN_POINT ( 'NONE',  ( 1288.070454401756933, 485.1518217486421349, -92.94378529352334795 ) ) ;
#5076 = CARTESIAN_POINT ( 'NONE',  ( 1113.211539078775559, 261.6137560555233676, -84.68423616620967209 ) ) ;
#5077 = CARTESIAN_POINT ( 'NONE',  ( 1215.614557164279631, 508.4580768822349910, 32.47380072471840151 ) ) ;
#5078 = CARTESIAN_POINT ( 'NONE',  ( 1010.810352346683771, 180.1150398058169344, -74.27374107349410792 ) ) ;
#5079 = CARTESIAN_POINT ( 'NONE',  ( 618.5972409456610421, 5.516714842672426400, -12.54750435284068466 ) ) ;
#5080 = CARTESIAN_POINT ( 'NONE',  ( 1129.758292502788208, 410.1366677340366209, 75.96021871541287851 ) ) ;
#5081 = CARTESIAN_POINT ( 'NONE',  ( 1334.610933748612297, 529.1328641410557339, -110.4312611848212242 ) ) ;
#5082 = CARTESIAN_POINT ( 'NONE',  ( 618.3508301292472424, 19.64568660358974128, 28.65317323579025910 ) ) ;
#5083 = CARTESIAN_POINT ( 'NONE',  ( 1332.519154844809236, 533.6648169626299705, -107.3080820260451986 ) ) ;
#5084 = CARTESIAN_POINT ( 'NONE',  ( 559.9999999999998863, 5.953948676615835822, -4.570764564117065554 ) ) ;
#5085 = CARTESIAN_POINT ( 'NONE',  ( 1449.798486184173726, 933.2776255222119062, -46.04740048924401918 ) ) ;
#5086 = CARTESIAN_POINT ( 'NONE',  ( 1413.418374115399502, 882.3978714246138679, -14.02686248934776714 ) ) ;
#5087 = CARTESIAN_POINT ( 'NONE',  ( 1366.654791735444633, 602.4317954945183828, -97.26517836859068211 ) ) ;
#5088 = CARTESIAN_POINT ( 'NONE',  ( 1267.035423562819005, 675.6744025790310388, 108.4333121392867270 ) ) ;
#5089 = CARTESIAN_POINT ( 'NONE',  ( 560.0000000000000000, -7.005293204940167051, -16.84304486084712948 ) ) ;
#5090 = CARTESIAN_POINT ( 'NONE',  ( 1142.511401977729520, 369.5227911469478386, 10.32945417142997435 ) ) ;
#5091 = CARTESIAN_POINT ( 'NONE',  ( 1323.300059342021996, 553.6463286473076550, -87.92517734963641374 ) ) ;
#5092 = CARTESIAN_POINT ( 'NONE',  ( 899.1431492160204471, 138.1493115045217337, 0.03658203443234842034 ) ) ;
#5093 = CARTESIAN_POINT ( 'NONE',  ( 1312.895174016752435, 709.6952816260090913, 41.30257140423577766 ) ) ;
#5094 = CARTESIAN_POINT ( 'NONE',  ( 1417.791126380790729, 945.8488409725197243, -5.143491297237292592 ) ) ;
#5095 = CARTESIAN_POINT ( 'NONE',  ( 1361.454181611063404, 612.8082078256524028, -84.60184667622981181 ) ) ;
#5096 = CARTESIAN_POINT ( 'NONE',  ( 618.3034708233807351, 22.24944133504894239, 25.57604445753726097 ) ) ;
#5097 = CARTESIAN_POINT ( 'NONE',  ( 1007.488639738279630, 195.6494633462494619, -39.80583592480251554 ) ) ;
#5098 = CARTESIAN_POINT ( 'NONE',  ( 1047.047516980343289, 282.8887469132001797, 40.39370301358064808 ) ) ;
#5099 = CARTESIAN_POINT ( 'NONE',  ( 1243.746594178500118, 590.0679608460768577, 69.83324820072132866 ) ) ;
#5100 = CARTESIAN_POINT ( 'NONE',  ( 1042.565347605043826, 301.0554412321132531, 77.46896820190865185 ) ) ;
#5101 = CARTESIAN_POINT ( 'NONE',  ( 1445.114598829909937, 832.5536851185806881, -83.91414188417205366 ) ) ;
#5102 = CARTESIAN_POINT ( 'NONE',  ( 1369.177368942212979, 844.0700694958046597, 40.43071261254051763 ) ) ;
#5103 = CARTESIAN_POINT ( 'NONE',  ( 1379.661504616948605, 826.1572051009002280, -1.179421702032112274 ) ) ;
#5104 = CARTESIAN_POINT ( 'NONE',  ( 1005.612044517377058, 204.3190591517748373, -50.33458776720210892 ) ) ;
#5105 = CARTESIAN_POINT ( 'NONE',  ( 1280.198172542226303, 503.8077823927784493, -55.78038750434068049 ) ) ;
#5106 = CARTESIAN_POINT ( 'NONE',  ( 732.2943144242651670, 65.34107008113701909, 23.98502253493956360 ) ) ;
#5107 = CARTESIAN_POINT ( 'NONE',  ( 1369.016332167233713, 952.2280511960423155, 89.34763794812630522 ) ) ;
#5108 = CARTESIAN_POINT ( 'NONE',  ( 579.3873773919394807, 8.671212137741544979, 19.14642788921918992 ) ) ;
#5109 = CARTESIAN_POINT ( 'NONE',  ( 842.0584401430132857, 128.7093612252122625, 54.94689614047534576 ) ) ;
#5110 = CARTESIAN_POINT ( 'NONE',  ( 841.9802054659045325, 129.3531419895238059, 53.40039357688597477 ) ) ;
#5111 = CARTESIAN_POINT ( 'NONE',  ( 1278.179664882685756, 651.5091962783409372, 75.80972142967021909 ) ) ;
#5112 = CARTESIAN_POINT ( 'NONE',  ( 1447.981378500008987, 935.9611289003619277, -47.03019493030205922 ) ) ;
#5113 = CARTESIAN_POINT ( 'NONE',  ( 1401.430263179941903, 667.1290398167582225, -103.3004185060031261 ) ) ;
#5114 = CARTESIAN_POINT ( 'NONE',  ( 1372.059291923307228, 839.1388852535201295, 18.87997173624130909 ) ) ;
#5115 = CARTESIAN_POINT ( 'NONE',  ( 1295.295920649974278, 468.0639657833169167, -107.3697494108970005 ) ) ;
#5116 = CARTESIAN_POINT ( 'NONE',  ( 1373.417053813558596, 718.6959397245529999, -37.37821846478098564 ) ) ;
#5117 = CARTESIAN_POINT ( 'NONE',  ( 895.0327109171603297, 165.0640706582082373, 50.01917637074998169 ) ) ;
#5118 = CARTESIAN_POINT ( 'NONE',  ( 1112.811889681038338, 263.0251567811093310, -87.05374612945203694 ) ) ;
#5119 = CARTESIAN_POINT ( 'NONE',  ( 947.2212697416592846, 200.8644126237892635, 55.37753293089996731 ) ) ;
#5120 = CARTESIAN_POINT ( 'NONE',  ( 560.0000000000000000, -4.187928002409496919, -23.36580225866122973 ) ) ;
#5121 = CARTESIAN_POINT ( 'NONE',  ( 1329.403154563125327, 540.4355462015956846, -91.86603600486880339 ) ) ;
#5122 = CARTESIAN_POINT ( 'NONE',  ( 1004.463287488393462, 209.7594349135102902, -14.52236629607000040 ) ) ;
#5123 = CARTESIAN_POINT ( 'NONE',  ( 1367.288059410835103, 601.1682982972855598, -98.78089547814253990 ) ) ;
#5124 = CARTESIAN_POINT ( 'NONE',  ( 1366.594102751256287, 956.0349187921243583, 90.74601540633578622 ) ) ;
#5125 = CARTESIAN_POINT ( 'NONE',  ( 733.3846359255721836, 49.26051727367815403, 0.4860927394029960769 ) ) ;
#5126 = CARTESIAN_POINT ( 'NONE',  ( 894.8583945826511581, 166.2210292778661085, 61.11310063031244511 ) ) ;
#5127 = CARTESIAN_POINT ( 'NONE',  ( 1352.931740255530940, 756.4092371052915951, 18.19450044966151836 ) ) ;
#5128 = CARTESIAN_POINT ( 'NONE',  ( 845.0312418087910373, 104.4309372022564162, -31.97232404435765929 ) ) ;
#5129 = CARTESIAN_POINT ( 'NONE',  ( 1416.231876925318829, 763.7252456323490151, -82.05030292812423909 ) ) ;
#5130 = CARTESIAN_POINT ( 'NONE',  ( 1051.523006830631857, 264.7454517754222252, 4.337340548078033819 ) ) ;
#5131 = CARTESIAN_POINT ( 'NONE',  ( 956.8568714727508677, 148.2174863782389025, -51.83682242945685914 ) ) ;
#5132 = CARTESIAN_POINT ( 'NONE',  ( 1042.460080271417837, 301.4741534372624301, 68.53630874597199352 ) ) ;
#5133 = CARTESIAN_POINT ( 'NONE',  ( 1243.814752959814996, 435.2792608011745870, -65.76048944827934406 ) ) ;
#5134 = CARTESIAN_POINT ( 'NONE',  ( 1178.095238630854055, 445.0270530895087973, 45.32250879022786449 ) ) ;
#5135 = CARTESIAN_POINT ( 'NONE',  ( 1276.309098582341448, 655.5525954551575296, 67.99268710612176392 ) ) ;
#5136 = CARTESIAN_POINT ( 'NONE',  ( 1370.154584097923362, 950.4383737944223185, 87.98679360501841984 ) ) ;
#5137 = CARTESIAN_POINT ( 'NONE',  ( 1203.836381388549626, 371.2430641070725983, -87.56633485428977792 ) ) ;
#5138 = CARTESIAN_POINT ( 'NONE',  ( 618.4406281486452599, 14.53489499095025117, 12.82600386951253668 ) ) ;
#5139 = CARTESIAN_POINT ( 'NONE',  ( 1372.059291923307228, 839.1388852535201295, 18.87997173624130909 ) ) ;
#5140 = CARTESIAN_POINT ( 'NONE',  ( 1275.484627604429988, 514.9288619497167474, -58.33439772990180927 ) ) ;
#5141 = CARTESIAN_POINT ( 'NONE',  ( 1007.776148430126000, 194.3084560274760122, -42.06974335752269667 ) ) ;
#5142 = CARTESIAN_POINT ( 'NONE',  ( 895.2250088381413207, 163.7919216056518508, 43.66683123410291500 ) ) ;
#5143 = CARTESIAN_POINT ( 'NONE',  ( 1389.865445685170243, 988.2674595912292261, 65.63651180725966583 ) ) ;
#5144 = CARTESIAN_POINT ( 'NONE',  ( 1246.323173670909910, 583.9844721726403804, 73.87451546956771153 ) ) ;
#5145 = CARTESIAN_POINT ( 'NONE',  ( 1041.614585881111680, 304.9115517260098613, 78.76954226109126012 ) ) ;
#5146 = CARTESIAN_POINT ( 'NONE',  ( 947.9142615155292333, 197.0780080818677220, 46.52297665938872484 ) ) ;
#5147 = CARTESIAN_POINT ( 'NONE',  ( 846.0817522224430149, 95.91302001080553907, -44.66641842971872478 ) ) ;
#5148 = CARTESIAN_POINT ( 'NONE',  ( 847.8859056792023239, 81.32880643419836986, -53.77651522223862912 ) ) ;
#5149 = CARTESIAN_POINT ( 'NONE',  ( 948.2199413460367623, 195.3364989673125933, 16.18773728049271909 ) ) ;
#5150 = CARTESIAN_POINT ( 'NONE',  ( 1113.047093679346517, 262.1890972689655541, -86.81490269098965484 ) ) ;
#5151 = CARTESIAN_POINT ( 'NONE',  ( 1275.976329661319824, 513.7990594275162266, -41.63444026328009784 ) ) ;
#5152 = CARTESIAN_POINT ( 'NONE',  ( 1129.442993196202451, 411.1433867317367117, 78.92714508811585006 ) ) ;
#5153 = CARTESIAN_POINT ( 'NONE',  ( 1451.278192612995781, 822.8646049756105185, -92.18233184449228190 ) ) ;
#5154 = CARTESIAN_POINT ( 'NONE',  ( 1395.997848121903417, 978.9524359677750454, 53.95627467182681158 ) ) ;
#5155 = CARTESIAN_POINT ( 'NONE',  ( 579.4608576815593324, -1.454106776984284366, -26.21970404752464034 ) ) ;
#5156 = CARTESIAN_POINT ( 'NONE',  ( 675.8200710451872055, 37.26680618667337797, -6.809762989280673473 ) ) ;
#5157 = CARTESIAN_POINT ( 'NONE',  ( 1159.888707629535702, 314.1700474570806136, -78.10874008110445743 ) ) ;
#5158 = B_SPLINE_CURVE_WITH_KNOTS ( 'NONE', 3,
 ( #4033, #1367, #6248, #3536, #831, #5161, #3030, #6865, #5234, #1912, #178, #4000, #1300, #794, #144, #3572, #1843, #5634, #6904, #3500, #761, #6213, #1950, #5669, #1877, #4547, #2450, #6760 ),
 .UNSPECIFIED., .F., .F.,
 ( 4, 1, 1, 1, 1, 1, 1, 1, 1, 1, 1, 1, 1, 1, 1, 1, 1, 1, 1, 1, 1, 1, 1, 1, 1, 4 ),
 ( 0.7599999999292812447, 0.7675270796434513487, 0.7883180573078706344, 0.8091090318304984264, 0.8299000022548570499, 0.8506909688511151701, 0.8714819313998591888, 0.8922728904821169982, 0.9130638499417821352, 0.9338548116948940381, 0.9546457761809666875, 0.9754367448853162870, 1.000000000000000000, 1.020790513004243394, 1.041581042337266005, 1.062371588516170640, 1.083162166663527159, 1.103952713239440886, 1.124743230869314381, 1.145533721163912722, 1.166324183190236230, 1.187114634141617664, 1.207905138918758725, 1.228695566755496404, 1.249485807659787007, 1.259999966487354683 ),
 .UNSPECIFIED. ) ;
#5159 = CARTESIAN_POINT ( 'NONE',  ( 1450.224724360679375, 932.6481572763181020, -46.75420075230481842 ) ) ;
#5160 = CARTESIAN_POINT ( 'NONE',  ( 1086.044093747392708, 358.7151014140468419, 85.42864748368164385 ) ) ;
#5161 = CARTESIAN_POINT ( 'NONE',  ( 560.0000000000000000, 0.8949311465199194515, 7.317000765331059142 ) ) ;
#5162 = CARTESIAN_POINT ( 'NONE',  ( 618.3618929767819736, 19.04132991028540900, 26.62298864227009432 ) ) ;
#5163 = CARTESIAN_POINT ( 'NONE',  ( 1419.790764412710359, 977.5930083947383764, 12.64217680991546544 ) ) ;
#5164 = CARTESIAN_POINT ( 'NONE',  ( 1235.915157364641118, 455.7424004836186668, -56.22297536182013999 ) ) ;
#5165 = CARTESIAN_POINT ( 'NONE',  ( 1443.594330894105042, 942.4399177873096960, -40.39313925506350955 ) ) ;
#5166 = CARTESIAN_POINT ( 'NONE',  ( 733.3846359255721836, 49.26051727367815403, 0.4860927394029960769 ) ) ;
#5167 = CARTESIAN_POINT ( 'NONE',  ( 1337.405237936168305, 784.9834796343433254, 49.19229611787953615 ) ) ;
#5168 = CARTESIAN_POINT ( 'NONE',  ( 1446.167292984463757, 938.6401691419752069, -39.66230181099635388 ) ) ;
#5169 = CARTESIAN_POINT ( 'NONE',  ( 579.3622076576566542, 12.19868480144948819, 22.31563304338566311 ) ) ;
#5170 = CARTESIAN_POINT ( 'NONE',  ( 1435.217086177602141, 848.1207712422951772, -59.21289830394319864 ) ) ;
#5171 = CARTESIAN_POINT ( 'NONE',  ( 843.5562973350935181, 116.5515534948921044, 28.44269924352184020 ) ) ;
#5172 = CARTESIAN_POINT ( 'NONE',  ( 1407.094560868880080, 996.3427530557053160, 35.17839858657586660 ) ) ;
#5173 = CARTESIAN_POINT ( 'NONE',  ( 1168.954735232765643, 471.2155843493914631, 93.87094022692842543 ) ) ;
#5174 = CARTESIAN_POINT ( 'NONE',  ( 1158.155866062177665, 319.6535466173161808, -83.89258118370044315 ) ) ;
#5175 = CARTESIAN_POINT ( 'NONE',  ( 1414.978452031343977, 984.6998280095848486, 23.22593648293467794 ) ) ;
#5176 = CARTESIAN_POINT ( 'NONE',  ( 1419.454605378653014, 978.0894478250197608, 6.310168248720377626 ) ) ;
#5177 = CARTESIAN_POINT ( 'NONE',  ( 1054.013420778359887, 254.5726977691658703, -41.59839660510976955 ) ) ;
#5178 = CARTESIAN_POINT ( 'NONE',  ( 1058.135819060751373, 237.9381385065110805, -43.35257708428576962 ) ) ;
#5179 = CARTESIAN_POINT ( 'NONE',  ( 732.2497459786245599, 66.03554660778807772, 31.04572366989958354 ) ) ;
#5180 = CARTESIAN_POINT ( 'NONE',  ( 946.6211909863079654, 204.1369852675717596, 63.17143266778501953 ) ) ;
#5181 = CARTESIAN_POINT ( 'NONE',  ( 732.1990105046212420, 66.84172897954806558, 42.05195408433424120 ) ) ;
#5182 = CARTESIAN_POINT ( 'NONE',  ( 1407.926870174534997, 995.1135992455882615, 39.31560235640046130 ) ) ;
#5183 = CARTESIAN_POINT ( 'NONE',  ( 994.7623304444507539, 255.0012753562735952, 72.53367187560452578 ) ) ;
#5184 = CARTESIAN_POINT ( 'NONE',  ( 843.0796045118213442, 120.4243900010686161, 38.23787307540669644 ) ) ;
#5185 = CARTESIAN_POINT ( 'NONE',  ( 1200.856510937532221, 379.7728653380187893, -78.73333987860958416 ) ) ;
#5186 = CARTESIAN_POINT ( 'NONE',  ( 618.6511258721101285, 2.068230151241989390, -31.46592943885530858 ) ) ;
#5187 = CARTESIAN_POINT ( 'NONE',  ( 1280.800075191737051, 645.8093020031110427, 49.44443037325182644 ) ) ;
#5188 = CARTESIAN_POINT ( 'NONE',  ( 1370.784165066542982, 594.1851298160320312, -110.1928380291258946 ) ) ;
#5189 = CARTESIAN_POINT ( 'NONE',  ( 1421.368045554950413, 869.8968848622185988, -31.34448744418526189 ) ) ;
#5190 = CARTESIAN_POINT ( 'NONE',  ( 894.9627639378713866, 165.5292352979724910, 52.98321241220477162 ) ) ;
#5191 = CARTESIAN_POINT ( 'NONE',  ( 895.8122973029414879, 159.9788975595442935, 50.38273036630904755 ) ) ;
#5192 = CARTESIAN_POINT ( 'NONE',  ( 1204.679130917517114, 368.8311161963932818, -89.79095692484905555 ) ) ;
#5193 = CARTESIAN_POINT ( 'NONE',  ( 1332.537423783583790, 670.4885003435495037, -22.57374717819192611 ) ) ;
#5194 = CARTESIAN_POINT ( 'NONE',  ( 734.3669567995613079, 34.64464873527527544, -35.48853111475489897 ) ) ;
#5195 = CARTESIAN_POINT ( 'NONE',  ( 676.7374320293155279, 15.66309063956192205, -33.26845936876538445 ) ) ;
#5196 = CARTESIAN_POINT ( 'NONE',  ( 1086.042893136542261, 358.7192492422743157, 85.86482105076416360 ) ) ;
#5197 = CARTESIAN_POINT ( 'NONE',  ( 1408.203282416331376, 890.5989570260021537, -2.350507906415065129 ) ) ;
#5198 = CARTESIAN_POINT ( 'NONE',  ( 1353.085823073359052, 871.5479488200223841, 84.58644091005584187 ) ) ;
#5199 = CARTESIAN_POINT ( 'NONE',  ( 899.1431492160204471, 138.1493115045217337, 0.03658203443234842034 ) ) ;
#5200 = CARTESIAN_POINT ( 'NONE',  ( 895.7611223204442013, 160.3152271436170224, 51.35802871462901464 ) ) ;
#5201 = CARTESIAN_POINT ( 'NONE',  ( 1054.919509669978879, 250.9007006450042923, -47.20771722973719164 ) ) ;
#5202 = CARTESIAN_POINT ( 'NONE',  ( 1356.861123028729253, 621.9538725030761270, -85.61484223428563212 ) ) ;
#5203 = CARTESIAN_POINT ( 'NONE',  ( 1297.932217245517450, 608.6737051975181885, 4.352595880030148301 ) ) ;
#5204 = CARTESIAN_POINT ( 'NONE',  ( 732.3437376793928024, 64.58286333850200833, 18.16123182879987752 ) ) ;
#5205 = CARTESIAN_POINT ( 'NONE',  ( 1203.476971381440308, 372.3084063953805867, -72.62016966227434978 ) ) ;
#5206 = CARTESIAN_POINT ( 'NONE',  ( 995.2216328549022819, 252.8519984901337239, 65.67566807279625607 ) ) ;
#5207 = CARTESIAN_POINT ( 'NONE',  ( 791.0150453465007558, 61.13012275733720458, -30.45983690272681343 ) ) ;
#5208 = CARTESIAN_POINT ( 'NONE',  ( 1048.293734957924698, 277.8365326079793931, 30.02123162814368484 ) ) ;
#5209 = CARTESIAN_POINT ( 'NONE',  ( 1354.012525542000503, 869.9583048211981122, 70.38354796758120813 ) ) ;
#5210 = CARTESIAN_POINT ( 'NONE',  ( 732.2831368759494808, 65.58376439056590357, 42.05249911416989050 ) ) ;
#5211 = CARTESIAN_POINT ( 'NONE',  ( 1329.117165971618306, 541.0385063112154285, -100.4937408470197511 ) ) ;
#5212 = CARTESIAN_POINT ( 'NONE',  ( 1341.882928267561738, 776.7513849571653282, 50.19654580555416601 ) ) ;
#5213 = CARTESIAN_POINT ( 'NONE',  ( 1092.786545890990055, 334.5744136350312488, 21.30890003652065801 ) ) ;
#5214 = CARTESIAN_POINT ( 'NONE',  ( 1312.297012461227723, 577.4988156346934147, -59.77998990978682770 ) ) ;
#5215 = CARTESIAN_POINT ( 'NONE',  ( 1381.548172418074273, 703.7280262211500030, -57.46029397543317430 ) ) ;
#5216 = CARTESIAN_POINT ( 'NONE',  ( 1171.294713864433106, 464.4945627746317882, 67.22924063562705044 ) ) ;
#5217 = CARTESIAN_POINT ( 'NONE',  ( 1370.154584097923362, 950.4383737944223185, 87.98679360501841984 ) ) ;
#5218 = CARTESIAN_POINT ( 'NONE',  ( 1398.372718296018093, 975.3449564981107187, 48.38329036639937897 ) ) ;
#5219 = CARTESIAN_POINT ( 'NONE',  ( 1388.847917883084619, 989.8143260360737941, 65.24411005760062210 ) ) ;
#5220 = CARTESIAN_POINT ( 'NONE',  ( 788.4148868395390082, 88.61013870783521895, 34.91184489708387417 ) ) ;
#5221 = CARTESIAN_POINT ( 'NONE',  ( 579.4238652038171722, 3.733881797777583778, -21.41212744587406291 ) ) ;
#5222 =( GEOMETRIC_REPRESENTATION_CONTEXT ( 3 ) GLOBAL_UNCERTAINTY_ASSIGNED_CONTEXT ( ( #814 ) ) GLOBAL_UNIT_ASSIGNED_CONTEXT ( ( #5780, #2529, #4183 ) ) REPRESENTATION_CONTEXT ( 'NONE', 'WORKASPACE' ) );
#5223 = CARTESIAN_POINT ( 'NONE',  ( 903.2442566367150221, 111.2211172469273066, -61.03173915148205708 ) ) ;
#5224 = CARTESIAN_POINT ( 'NONE',  ( 947.5591420090578367, 198.9597542420655714, 27.59378775953806340 ) ) ;
#5225 = CARTESIAN_POINT ( 'NONE',  ( 1453.023266537791869, 892.3283277381694916, -67.09159103768354271 ) ) ;
#5226 = CARTESIAN_POINT ( 'NONE',  ( 1042.363294306537227, 301.8683306710849479, 69.89999722220242973 ) ) ;
#5227 = CARTESIAN_POINT ( 'NONE',  ( 732.5152814131262176, 62.15787657800925814, 34.85785692634667043 ) ) ;
#5228 = CARTESIAN_POINT ( 'NONE',  ( 1158.155866062177665, 319.6535466173161808, -83.89258118370044315 ) ) ;
#5229 = CARTESIAN_POINT ( 'NONE',  ( 1400.772071549011571, 1005.679800934623927, 53.28932605553059432 ) ) ;
#5230 = CARTESIAN_POINT ( 'NONE',  ( 957.5824244612083476, 144.2457007454116535, -59.22068245391523078 ) ) ;
#5231 = CARTESIAN_POINT ( 'NONE',  ( 843.4833924539029795, 117.0227627565762987, -1.989293698378455488 ) ) ;
#5232 = CARTESIAN_POINT ( 'NONE',  ( 560.0000000000005684, -7.483744470586866981, -21.62956916690465548 ) ) ;
#5233 = CARTESIAN_POINT ( 'NONE',  ( 1041.590370706554268, 305.0096248027988963, 79.32847398609666811 ) ) ;
#5234 = CARTESIAN_POINT ( 'NONE',  ( 560.0000000000000000, 2.865120100438138806, 13.35919781533231010 ) ) ;
#5235 = CARTESIAN_POINT ( 'NONE',  ( 560.0000000000001137, 4.678250325565441514, 19.12388773433150391 ) ) ;
#5236 = CARTESIAN_POINT ( 'NONE',  ( 1265.228037441328070, 539.2374113963998070, -2.409796219758463920 ) ) ;
#5237 = CARTESIAN_POINT ( 'NONE',  ( 996.5581840093317396, 246.6296539070536085, 62.70067826299821689 ) ) ;
#5238 = CARTESIAN_POINT ( 'NONE',  ( 1402.667961341630644, 786.8779602344484374, -55.72741110609837989 ) ) ;
#5239 = CARTESIAN_POINT ( 'NONE',  ( 1439.481255653726748, 841.4162223540783998, -67.32516275696166019 ) ) ;
#5240 = CARTESIAN_POINT ( 'NONE',  ( 579.4318920253605256, 2.480069863444373635, 0.5885945607137368363 ) ) ;
#5241 = CARTESIAN_POINT ( 'NONE',  ( 1338.560306474684467, 782.8562538491038367, 45.53278972562299742 ) ) ;
#5242 = CARTESIAN_POINT ( 'NONE',  ( 1157.817133441219312, 320.7707623324391193, -68.30814860913264397 ) ) ;
#5243 = CARTESIAN_POINT ( 'NONE',  ( 1042.363294306537227, 301.8683306710849479, 69.89999722220242973 ) ) ;
#5244 = CARTESIAN_POINT ( 'NONE',  ( 1200.207374340600609, 381.6753157582741096, -59.48898195181146775 ) ) ;
#5245 = CARTESIAN_POINT ( 'NONE',  ( 788.9262228259398171, 83.20830505303437974, 20.71293894683671866 ) ) ;
#5246 = CARTESIAN_POINT ( 'NONE',  ( 1130.871239525560668, 406.5855030903735496, 66.51533406425667749 ) ) ;
#5247 = CARTESIAN_POINT ( 'NONE',  ( 579.3755362081071780, 10.32942723337405155, 24.29727912969617876 ) ) ;
#5248 = CARTESIAN_POINT ( 'NONE',  ( 1328.466359270342309, 542.4489143309540395, -99.18683654355164947 ) ) ;
#5249 = CARTESIAN_POINT ( 'NONE',  ( 733.0351111469786929, 54.44598610841835296, 13.68817801965196246 ) ) ;
#5250 = CARTESIAN_POINT ( 'NONE',  ( 579.3634936874408368, 12.09297439179909439, 7.278910601847375261 ) ) ;
#5251 = CARTESIAN_POINT ( 'NONE',  ( 733.2238705532316771, 51.43151887766485686, -26.68547083788010710 ) ) ;
#5252 = CARTESIAN_POINT ( 'NONE',  ( 790.8813627464478486, 62.54582022407208086, -27.39623199900434614 ) ) ;
#5253 = CARTESIAN_POINT ( 'NONE',  ( 787.8653978176402006, 94.36181136772886191, 34.35863204374570756 ) ) ;
#5254 = CARTESIAN_POINT ( 'NONE',  ( 1206.853178739489977, 531.2372047259473220, 94.89094549777051668 ) ) ;
#5255 = CARTESIAN_POINT ( 'NONE',  ( 1429.287711530259003, 857.4366355142781231, -57.87375309714325056 ) ) ;
#5256 = CARTESIAN_POINT ( 'NONE',  ( 1045.382189016685743, 289.6404844060522805, 54.74319418916759616 ) ) ;
#5257 = CARTESIAN_POINT ( 'NONE',  ( 842.5266360730996666, 124.8489219224776861, 27.66178561894695420 ) ) ;
#5258 = CARTESIAN_POINT ( 'NONE',  ( 787.7152821361844417, 95.99593641293080282, 48.00039195626754207 ) ) ;
#5259 = CARTESIAN_POINT ( 'NONE',  ( 1381.152283182856308, 933.1413918329765238, 61.86706672706735333 ) ) ;
#5260 = CARTESIAN_POINT ( 'NONE',  ( 1057.895538342134614, 238.8451791133281006, -63.24227685261020326 ) ) ;
#5261 = CARTESIAN_POINT ( 'NONE',  ( 1113.175270734525839, 261.7379655280711290, -85.72762810472488582 ) ) ;
#5262 = CARTESIAN_POINT ( 'NONE',  ( 676.3053391496773656, 26.04898124091332789, -4.156509753758832026 ) ) ;
#5263 = CARTESIAN_POINT ( 'NONE',  ( 618.3055408566809774, 21.90358802109095393, 12.10359252264663077 ) ) ;
#5264 = CARTESIAN_POINT ( 'NONE',  ( 559.9999999999998863, -5.789461398559861749, -23.59691592128973525 ) ) ;
#5265 = CARTESIAN_POINT ( 'NONE',  ( 1169.182456521341919, 470.5546563221549832, 82.14820587222200743 ) ) ;
#5266 = CARTESIAN_POINT ( 'NONE',  ( 732.4902485417555908, 62.53194452162296102, 36.19151004987121212 ) ) ;
#5267 = CARTESIAN_POINT ( 'NONE',  ( 1450.365244425289120, 932.4406373415514508, -50.32830258963028314 ) ) ;
#5268 = CARTESIAN_POINT ( 'NONE',  ( 1356.646652776118344, 749.5535262133846572, -8.285786105849384242 ) ) ;
#5269 = CARTESIAN_POINT ( 'NONE',  ( 1366.028811090678801, 603.6806333316397968, -95.82836669870218316 ) ) ;
#5270 = CARTESIAN_POINT ( 'NONE',  ( 1225.516367511749195, 482.7401930201124287, -14.63356594331859384 ) ) ;
#5271 = CARTESIAN_POINT ( 'NONE',  ( 1449.802892259334840, 897.2196034719814861, -59.41705408456002147 ) ) ;
#5272 = CARTESIAN_POINT ( 'NONE',  ( 1344.510098766256760, 886.1890059780698721, 101.8236944663754429 ) ) ;
#5273 = CARTESIAN_POINT ( 'NONE',  ( 1187.811153134395227, 417.1894448796198844, -3.896601470812095069 ) ) ;
#5274 = CARTESIAN_POINT ( 'NONE',  ( 1044.472367012396717, 293.3288511589928476, 62.64562697932088753 ) ) ;
#5275 = CARTESIAN_POINT ( 'NONE',  ( 618.5154183553569283, 10.24609623927376489, 0.6329603083321370116 ) ) ;
#5276 = CARTESIAN_POINT ( 'NONE',  ( 559.9999999999998863, 5.163142009168753432, 20.96366353072112787 ) ) ;
#5277 = CARTESIAN_POINT ( 'NONE',  ( 1053.389706916582782, 257.1007481468040510, -37.51908992236273122 ) ) ;
#5278 = CARTESIAN_POINT ( 'NONE',  ( 1392.790756341633596, 683.0332153696242585, -83.46282370616302160 ) ) ;
#5279 = CARTESIAN_POINT ( 'NONE',  ( 1052.187585768863300, 262.0513676969578114, -0.7581293504671104966 ) ) ;
#5280 = CARTESIAN_POINT ( 'NONE',  ( 1090.447000590122798, 342.9474310787637705, 41.62895114333830549 ) ) ;
#5281 = CARTESIAN_POINT ( 'NONE',  ( 902.8908603304439566, 113.5760738847743596, -48.92915471353603607 ) ) ;
#5282 = CARTESIAN_POINT ( 'NONE',  ( 618.3048077664511766, 22.19114616210023527, 26.58064064829445883 ) ) ;
#5283 = CARTESIAN_POINT ( 'NONE',  ( 1008.351906592312275, 191.6228077580542504, -46.59489461032327995 ) ) ;
#5284 = CARTESIAN_POINT ( 'NONE',  ( 843.8238324298898760, 114.3781398120308666, 23.12539629848961553 ) ) ;
#5285 = CARTESIAN_POINT ( 'NONE',  ( 1301.462494638706175, 732.5203423844878898, 83.21420225011945604 ) ) ;
#5286 = CARTESIAN_POINT ( 'NONE',  ( 675.7345597954104051, 39.57633053254145494, 33.84209007378252210 ) ) ;
#5287 = CARTESIAN_POINT ( 'NONE',  ( 1448.444530873622625, 935.2771457935687067, -47.69071576397661261 ) ) ;
#5288 = CARTESIAN_POINT ( 'NONE',  ( 1138.956791098094527, 380.8456677897389682, 31.06106219230172272 ) ) ;
#5289 = CARTESIAN_POINT ( 'NONE',  ( 1178.106270864411727, 444.9594631170836010, 24.39449697456232968 ) ) ;
#5290 = CARTESIAN_POINT ( 'NONE',  ( 952.8332147588379257, 170.1053276859261416, -40.46035927923932718 ) ) ;
#5291 = CARTESIAN_POINT ( 'NONE',  ( 1388.534628754342066, 690.8675524482705441, -73.81964232301137940 ) ) ;
#5292 = CARTESIAN_POINT ( 'NONE',  ( 1043.479611048522656, 297.3273791935464487, 54.94660922364791134 ) ) ;
#5293 = CARTESIAN_POINT ( 'NONE',  ( 1042.885597744690813, 299.7583178217436739, 76.01170939326608789 ) ) ;
#5294 = CARTESIAN_POINT ( 'NONE',  ( 1278.588670151242468, 507.5839199269669280, -67.74873625759985885 ) ) ;
#5295 = CARTESIAN_POINT ( 'NONE',  ( 618.3928947968640841, 17.26462842091788374, 20.99860586487194780 ) ) ;
#5296 = CARTESIAN_POINT ( 'NONE',  ( 1450.611570442663378, 823.9119357049160044, -91.53527914742635119 ) ) ;
#5297 = CARTESIAN_POINT ( 'NONE',  ( 843.2927527349419279, 118.6925320237202186, 33.78190447645840777 ) ) ;
#5298 = CARTESIAN_POINT ( 'NONE',  ( 1416.231876925318829, 763.7252456323490151, -82.05030292812423909 ) ) ;
#5299 = CARTESIAN_POINT ( 'NONE',  ( 560.0000000000000000, -6.198157813795035942, -23.49203620504808754 ) ) ;
#5300 = CARTESIAN_POINT ( 'NONE',  ( 953.3847438854284064, 167.1919383773604579, -17.30524810273893976 ) ) ;
#5301 = CARTESIAN_POINT ( 'NONE',  ( 1091.537082454587789, 339.0456741247825221, 31.91688266228038984 ) ) ;
#5302 = CARTESIAN_POINT ( 'NONE',  ( 1370.551264045234802, 594.6462962347358143, -111.3930410054764195 ) ) ;
#5303 = CARTESIAN_POINT ( 'NONE',  ( 675.6250597473107291, 42.15484396993756633, 33.07663545782720860 ) ) ;
#5304 = CARTESIAN_POINT ( 'NONE',  ( 895.9320100933039157, 159.1933593454795073, 48.38669529632209532 ) ) ;
#5305 = CARTESIAN_POINT ( 'NONE',  ( 1009.088501240835285, 188.1297246493941486, -68.86845531044433244 ) ) ;
#5306 = CARTESIAN_POINT ( 'NONE',  ( 1292.835746199395771, 473.9014103495356380, -95.06410551351396521 ) ) ;
#5307 = CARTESIAN_POINT ( 'NONE',  ( 1259.766655825722637, 552.1327021042526439, -1.318897191234628119 ) ) ;
#5308 = CARTESIAN_POINT ( 'NONE',  ( 791.5537998370618880, 55.39606751899697912, -44.70502148898366102 ) ) ;
#5309 = CARTESIAN_POINT ( 'NONE',  ( 1167.222354464870705, 476.1779714377887558, 97.47031784497234241 ) ) ;
#5310 = CARTESIAN_POINT ( 'NONE',  ( 1410.803331431700371, 886.5101820005660329, -8.200563769162844352 ) ) ;
#5311 = CARTESIAN_POINT ( 'NONE',  ( 1302.880197430147746, 729.7002658975928853, 91.26256566709643891 ) ) ;
#5312 = CARTESIAN_POINT ( 'NONE',  ( 1329.477064353281548, 676.6177884751921283, 4.235620249580690277 ) ) ;
#5313 = CARTESIAN_POINT ( 'NONE',  ( 618.3548117425050350, 19.43290828348603938, 28.10361559438168300 ) ) ;
#5314 = CARTESIAN_POINT ( 'NONE',  ( 1339.707587648390927, 656.1791477887505835, -43.46586678348472788 ) ) ;
#5315 = CARTESIAN_POINT ( 'NONE',  ( 1158.115586596802586, 319.8200055331242311, -69.69843115667012512 ) ) ;
#5316 = CARTESIAN_POINT ( 'NONE',  ( 789.7146472044755683, 74.87930121249955562, 0.3924170698355093911 ) ) ;
#5317 = CARTESIAN_POINT ( 'NONE',  ( 1394.962230189075171, 679.0359368398451352, -88.41852156967678411 ) ) ;
#5318 = CARTESIAN_POINT ( 'NONE',  ( 1346.470656103343345, 882.8399883891545414, 93.51633181995255484 ) ) ;
#5319 = CARTESIAN_POINT ( 'NONE',  ( 1407.351586376032401, 995.9631779635280964, 40.71839065500672206 ) ) ;
#5320 = CARTESIAN_POINT ( 'NONE',  ( 1389.711375996159404, 688.7015036141808650, -76.49841001091951398 ) ) ;
#5321 = CARTESIAN_POINT ( 'NONE',  ( 618.4467406784831383, 14.18510482804467721, 11.80745245680554945 ) ) ;
#5322 = CARTESIAN_POINT ( 'NONE',  ( 842.5578988353089471, 124.6604898764157241, 49.79444295054126712 ) ) ;
#5323 = CARTESIAN_POINT ( 'NONE',  ( 1447.136021856131038, 901.2718930750626214, -59.49642655295544813 ) ) ;
#5324 = CARTESIAN_POINT ( 'NONE',  ( 949.5867923307519050, 187.9404582671254218, 25.74265963497222032 ) ) ;
#5325 = CARTESIAN_POINT ( 'NONE',  ( 1135.792082102426775, 390.8895321457647469, 29.01746943736895190 ) ) ;
#5326 = CARTESIAN_POINT ( 'NONE',  ( 1417.995645835913592, 875.1920951188437812, -35.96064563847200901 ) ) ;
#5327 = CARTESIAN_POINT ( 'NONE',  ( 559.9999999999996589, -6.595899951125021587, -15.31779018903954537 ) ) ;
#5328 = CARTESIAN_POINT ( 'NONE',  ( 579.3611134882519309, 12.36679657952652533, 19.28173550114033930 ) ) ;
#5329 = CARTESIAN_POINT ( 'NONE',  ( 1130.387627981603373, 408.1425501992506497, 85.36145627972433658 ) ) ;
#5330 = CARTESIAN_POINT ( 'NONE',  ( 1345.682085467700745, 644.2793111184656709, -43.55758571353835151 ) ) ;
#5331 = CARTESIAN_POINT ( 'NONE',  ( 1212.962317733722102, 515.3749260025944068, 64.32841852401466554 ) ) ;
#5332 = CARTESIAN_POINT ( 'NONE',  ( 618.6119572823535009, 4.273159963855487575, -31.82067496348845026 ) ) ;
#5333 = CARTESIAN_POINT ( 'NONE',  ( 579.3950900755196471, 7.597803439516759738, 15.75948920094163341 ) ) ;
#5334 = CARTESIAN_POINT ( 'NONE',  ( 790.1547867120158344, 70.07206740543806234, -38.66063450720347561 ) ) ;
#5335 = CARTESIAN_POINT ( 'NONE',  ( 1208.537910865546792, 357.7907212009587283, -97.16176802143176872 ) ) ;
#5336 = CARTESIAN_POINT ( 'NONE',  ( 846.0098010743315626, 96.61789460685626807, -17.20035279185907839 ) ) ;
#5337 = CARTESIAN_POINT ( 'NONE',  ( 1281.714596331499934, 643.8252377625328791, 45.76645608491303108 ) ) ;
#5338 = CARTESIAN_POINT ( 'NONE',  ( 1112.811889681038338, 263.0251567811093310, -87.05374612945203694 ) ) ;
#5339 = CARTESIAN_POINT ( 'NONE',  ( 618.3066952820097413, 22.11982274001442406, 28.17101552721572943 ) ) ;
#5340 = CARTESIAN_POINT ( 'NONE',  ( 1406.725015552674449, 996.8884973244983030, 42.02703644449557885 ) ) ;
#5341 = CARTESIAN_POINT ( 'NONE',  ( 676.4668852405210373, 21.96389754293342023, -35.24109936596200754 ) ) ;
#5342 = CARTESIAN_POINT ( 'NONE',  ( 1183.922152134088492, 428.2867631532453174, -7.692502830855751483 ) ) ;
#5343 = CARTESIAN_POINT ( 'NONE',  ( 734.3933756034195994, 34.24237591874211972, -36.91424112796570256 ) ) ;
#5344 = CARTESIAN_POINT ( 'NONE',  ( 1384.854814803807130, 817.2897842589981110, -14.37409544255888250 ) ) ;
#5345 = CARTESIAN_POINT ( 'NONE',  ( 847.9369448557126816, 80.92679064051311855, -50.19866477342136335 ) ) ;
#5346 = CARTESIAN_POINT ( 'NONE',  ( 894.7956208681531507, 166.6335285393344918, 61.31481648324987077 ) ) ;
#5347 = CARTESIAN_POINT ( 'NONE',  ( 1426.882733351923434, 967.1195935432238002, -2.436959921358420988 ) ) ;
#5348 = CARTESIAN_POINT ( 'NONE',  ( 842.9062270222140114, 121.8321736166704028, 41.82603838939687790 ) ) ;
#5349 = CARTESIAN_POINT ( 'NONE',  ( 844.9721230825723524, 105.0497144930859577, 1.413573418240273050 ) ) ;
#5350 = CARTESIAN_POINT ( 'NONE',  ( 1273.942893831050696, 660.6980660895134179, 92.23496012543762390 ) ) ;
#5351 = CARTESIAN_POINT ( 'NONE',  ( 1101.515253963682653, 303.3628239549558998, -40.06937502210791990 ) ) ;
#5352 = CARTESIAN_POINT ( 'NONE',  ( 1326.452198247329761, 546.8341529360893674, -83.63766536206921387 ) ) ;
#5353 = CARTESIAN_POINT ( 'NONE',  ( 1404.817574781580106, 895.9154250377413291, -6.990855860107026309 ) ) ;
#5354 = CARTESIAN_POINT ( 'NONE',  ( 618.6683250194890888, 1.277212760537358882, -25.87262880355953243 ) ) ;
#5355 = CARTESIAN_POINT ( 'NONE',  ( 1268.304840591997845, 672.9207022110689422, 102.6334177741285743 ) ) ;
#5356 = CARTESIAN_POINT ( 'NONE',  ( 1109.892233009559959, 273.4964310188074137, -62.53520825927451199 ) ) ;
#5357 = CARTESIAN_POINT ( 'NONE',  ( 897.5204562649169020, 148.7834857824489063, 23.54362958056929500 ) ) ;
#5358 = CARTESIAN_POINT ( 'NONE',  ( 1041.742186748987706, 304.3924150529609278, 80.12722029692939429 ) ) ;
#5359 = CARTESIAN_POINT ( 'NONE',  ( 618.5409162282135185, 8.227016151701519675, -29.02448269551700122 ) ) ;
#5360 = CARTESIAN_POINT ( 'NONE',  ( 843.9142885119268840, 113.6433004520418848, 21.35417215348195086 ) ) ;
#5361 = CARTESIAN_POINT ( 'NONE',  ( 947.9480695408681186, 196.8268105285392835, 20.73528334920726479 ) ) ;
#5362 = CARTESIAN_POINT ( 'NONE',  ( 1398.374820208636265, 794.2068458429251905, -46.49603151270560630 ) ) ;
#5363 = CARTESIAN_POINT ( 'NONE',  ( 1433.801417528568663, 850.3467245080272505, -56.47265056795779259 ) ) ;
#5364 = CARTESIAN_POINT ( 'NONE',  ( 1087.846060069581881, 352.2608459862686914, 66.76696129670831681 ) ) ;
#5365 = CARTESIAN_POINT ( 'NONE',  ( 1130.976405153917767, 406.2692028968806994, 82.18813679964898711 ) ) ;
#5366 = CARTESIAN_POINT ( 'NONE',  ( 1152.787508888821776, 336.7909243767004455, -44.67760333464273970 ) ) ;
#5367 = CARTESIAN_POINT ( 'NONE',  ( 618.3843077915259983, 17.75397494954852817, 22.53029055851411044 ) ) ;
#5368 = CARTESIAN_POINT ( 'NONE',  ( 1333.792647192748973, 530.9050112912258328, -109.5621495029485004 ) ) ;
#5369 = CARTESIAN_POINT ( 'NONE',  ( 896.4951920566999206, 155.5029993390365348, 39.39276730225088130 ) ) ;
#5370 = CARTESIAN_POINT ( 'NONE',  ( 845.7953791483458872, 98.23342934966302664, -41.63652189066739595 ) ) ;
#5371 = CARTESIAN_POINT ( 'NONE',  ( 847.6808185326995044, 82.97807701756306642, -55.24502332640013691 ) ) ;
#5372 = CARTESIAN_POINT ( 'NONE',  ( 900.8027539849302912, 127.2716501574462313, -22.56117688737723981 ) ) ;
#5373 = CARTESIAN_POINT ( 'NONE',  ( 1090.447000590122798, 342.9474310787637705, 41.62895114333830549 ) ) ;
#5374 = CARTESIAN_POINT ( 'NONE',  ( 618.3055772383064550, 22.15781700715009706, 27.08136753495970694 ) ) ;
#5375 = CARTESIAN_POINT ( 'NONE',  ( 1396.944922618378314, 977.5137758974277631, 51.72436255934415072 ) ) ;
#5376 = CARTESIAN_POINT ( 'NONE',  ( 1008.687806870387249, 189.9937522133329821, -67.19272768019276043 ) ) ;
#5377 = CARTESIAN_POINT ( 'NONE',  ( 1224.034609210755889, 486.5881400828957339, -8.014537479650845953 ) ) ;
#5378 = CARTESIAN_POINT ( 'NONE',  ( 1291.840453224354633, 476.2560264823606531, -92.22551613537828530 ) ) ;
#5379 = CARTESIAN_POINT ( 'NONE',  ( 732.4762546664505862, 62.57371423422967638, 6.591923348493448742 ) ) ;
#5380 = CARTESIAN_POINT ( 'NONE',  ( 1448.774167084399323, 826.8049665496354237, -84.79284130210928083 ) ) ;
#5381 = CARTESIAN_POINT ( 'NONE',  ( 894.7577722545211145, 166.8827037387502514, 61.35542457065472632 ) ) ;
#5382 = CARTESIAN_POINT ( 'NONE',  ( 733.5320882132401721, 47.07215253203554539, -4.959857108632503397 ) ) ;
#5383 = CARTESIAN_POINT ( 'NONE',  ( 997.2164225488689908, 243.5578350746402521, 55.46805643824809806 ) ) ;
#5384 = CARTESIAN_POINT ( 'NONE',  ( 1293.961427837446763, 471.2170663738590974, -105.8857559934695018 ) ) ;
#5385 = CARTESIAN_POINT ( 'NONE',  ( 951.5274117421640767, 177.2371347183601245, -28.04464713436310319 ) ) ;
#5386 = CARTESIAN_POINT ( 'NONE',  ( 1440.197295378231047, 840.2903952676031167, -68.67597396972099943 ) ) ;
#5387 = CARTESIAN_POINT ( 'NONE',  ( 788.6566832612804774, 85.89811553795475163, -5.254635746542377639 ) ) ;
#5388 = CARTESIAN_POINT ( 'NONE',  ( 956.9549631386261126, 147.6807496580423731, -52.89855268866497084 ) ) ;
#5389 = CARTESIAN_POINT ( 'NONE',  ( 1204.213072083812676, 538.0844440532088129, 96.06953899461748847 ) ) ;
#5390 = CARTESIAN_POINT ( 'NONE',  ( 1359.487307813129291, 616.7327914208082120, -79.69784940106740123 ) ) ;
#5391 = CARTESIAN_POINT ( 'NONE',  ( 1000.155468269980929, 229.8502010963397595, 25.50387671847837368 ) ) ;
#5392 = CARTESIAN_POINT ( 'NONE',  ( 1128.175570895816691, 415.1861726102945909, 91.94319051342137072 ) ) ;
#5393 = CARTESIAN_POINT ( 'NONE',  ( 846.6292552903043998, 91.47940514674277779, -49.67396055699379787 ) ) ;
#5394 = CARTESIAN_POINT ( 'NONE',  ( 579.4090854345662365, 5.650886669729361600, 9.844468473217581561 ) ) ;
#5395 = CARTESIAN_POINT ( 'NONE',  ( 1420.746695893159767, 870.8662139667270594, -41.56288858900134642 ) ) ;
#5396 = CARTESIAN_POINT ( 'NONE',  ( 618.6459131115317405, 2.654770155468933357, -20.67511213422126559 ) ) ;
#5397 = CARTESIAN_POINT ( 'NONE',  ( 1241.632277056377461, 595.0760086216807849, 80.26183258308549284 ) ) ;
#5398 = CARTESIAN_POINT ( 'NONE',  ( 675.7345597954104051, 39.57633053254145494, 33.84209007378252210 ) ) ;
#5399 = CARTESIAN_POINT ( 'NONE',  ( 1106.548444431916323, 285.4453950320271360, -44.25680890482691865 ) ) ;
#5400 = CARTESIAN_POINT ( 'NONE',  ( 579.3896261910451813, 8.357466142281310795, 18.15572914925306236 ) ) ;
#5401 = CARTESIAN_POINT ( 'NONE',  ( 734.1526904831162028, 37.73406841540348466, -42.80302420017549281 ) ) ;
#5402 = CARTESIAN_POINT ( 'NONE',  ( 1361.691017499779718, 856.8534189986785350, 60.67595560830759638 ) ) ;
#5403 = CARTESIAN_POINT ( 'NONE',  ( 1282.906605555032456, 497.3677973064413891, -79.88281579884130679 ) ) ;
#5404 = CARTESIAN_POINT ( 'NONE',  ( 1103.791131200390737, 295.2979920356521575, -28.31331106582280199 ) ) ;
#5405 = CARTESIAN_POINT ( 'NONE',  ( 1132.843784547531413, 400.2924630241145110, 50.78498589239794114 ) ) ;
#5406 = CARTESIAN_POINT ( 'NONE',  ( 1128.799309415852349, 413.1985341426988043, 84.13274072082106159 ) ) ;
#5407 = CARTESIAN_POINT ( 'NONE',  ( 842.8609937640475209, 122.1996513570323657, 42.73179406694887206 ) ) ;
#5408 = CARTESIAN_POINT ( 'NONE',  ( 676.4462163156086945, 22.44872453755804642, -34.82782348675856099 ) ) ;
#5409 = CARTESIAN_POINT ( 'NONE',  ( 732.5605218609528038, 61.30569009431796701, 0.8592300563238035593 ) ) ;
#5410 = CARTESIAN_POINT ( 'NONE',  ( 903.4131562552257719, 110.1406605503905780, -55.77115827172309537 ) ) ;
#5411 = CARTESIAN_POINT ( 'NONE',  ( 579.3675450931042406, 11.54990881336744835, 1.969830797838637793 ) ) ;
#5412 = CARTESIAN_POINT ( 'NONE',  ( 1161.812995590196351, 308.0254845662851153, -90.48674243144844809 ) ) ;
#5413 = CARTESIAN_POINT ( 'NONE',  ( 1383.751715069839520, 929.0464451184294603, 44.26550927923736367 ) ) ;
#5414 = CARTESIAN_POINT ( 'NONE',  ( 894.7310264841536309, 167.0593468376545445, 61.27112150832591198 ) ) ;
#5415 = CARTESIAN_POINT ( 'NONE',  ( 1188.666459169309519, 414.7389520612868523, -8.033100216383568082 ) ) ;
#5416 = APPLICATION_PROTOCOL_DEFINITION ( 'international standard', 'config_control_design', 1994, #584 ) ;
#5417 = CARTESIAN_POINT ( 'NONE',  ( 1241.632277056377461, 595.0760086216807849, 80.26183258308549284 ) ) ;
#5418 = CARTESIAN_POINT ( 'NONE',  ( 1428.313372382679745, 743.1057044678843795, -101.6099162732262187 ) ) ;
#5419 = CARTESIAN_POINT ( 'NONE',  ( 1342.198330851171704, 651.2088995890727574, -50.24935432592990736 ) ) ;
#5420 = CARTESIAN_POINT ( 'NONE',  ( 1445.565897699517336, 903.6560055693295226, -51.89134980293282950 ) ) ;
#5421 = CARTESIAN_POINT ( 'NONE',  ( 789.7561519930065970, 74.44076973204759895, -0.6448859218682206906 ) ) ;
#5422 = CARTESIAN_POINT ( 'NONE',  ( 847.5586304612913864, 84.02042843466389854, -43.02506986152589974 ) ) ;
#5423 = CARTESIAN_POINT ( 'NONE',  ( 1390.059098218963982, 987.9748843428529881, 62.13669296086283111 ) ) ;
#5424 = ORIENTED_EDGE ( 'NONE', *, *, #619, .F. ) ;
#5425 = CARTESIAN_POINT ( 'NONE',  ( 902.3533275406044822, 117.1042960450798489, -41.90202139423607264 ) ) ;
#5426 = CARTESIAN_POINT ( 'NONE',  ( 1221.614201408862073, 492.9119387663594694, 24.19870743819775427 ) ) ;
#5427 = CARTESIAN_POINT ( 'NONE',  ( 1246.766223317558797, 427.5835925647371027, -89.46921819507397799 ) ) ;
#5428 = CARTESIAN_POINT ( 'NONE',  ( 1421.412962812529031, 975.1973469136431731, 9.141447883932974250 ) ) ;
#5429 = CARTESIAN_POINT ( 'NONE',  ( 951.9402778394944562, 174.9815017255666305, -32.25288195968731486 ) ) ;
#5430 = CARTESIAN_POINT ( 'NONE',  ( 1155.722185072437924, 327.4435933713670011, -58.65186871749234143 ) ) ;
#5431 = CARTESIAN_POINT ( 'NONE',  ( 732.2370229557838002, 66.23624684699638010, 33.52573411778869428 ) ) ;
#5432 = CARTESIAN_POINT ( 'NONE',  ( 618.3508301292472424, 19.64568660358974128, 28.65317323579025910 ) ) ;
#5433 = CARTESIAN_POINT ( 'NONE',  ( 676.4975794399464348, 21.47104483837511069, -15.90640137111460817 ) ) ;
#5434 = CARTESIAN_POINT ( 'NONE',  ( 1402.059622478549045, 969.7444445747496502, 39.53345741454252504 ) ) ;
#5435 = CARTESIAN_POINT ( 'NONE',  ( 1044.384881373058988, 293.6474972175691960, 44.00512438823849237 ) ) ;
#5436 = CARTESIAN_POINT ( 'NONE',  ( 1160.364966222992507, 312.6225331737624629, -90.54115096744084212 ) ) ;
#5437 = CARTESIAN_POINT ( 'NONE',  ( 618.3986645671702718, 16.93411527258390237, 19.97715765922301401 ) ) ;
#5438 = CARTESIAN_POINT ( 'NONE',  ( 1442.648043582035825, 943.8373942389104059, -38.87969913816587564 ) ) ;
#5439 = CARTESIAN_POINT ( 'NONE',  ( 618.5972409456610421, 5.516714842672426400, -12.54750435284068466 ) ) ;
#5440 = CARTESIAN_POINT ( 'NONE',  ( 1307.352879299896358, 720.7597729184543596, 61.15458318136199978 ) ) ;
#5441 = CARTESIAN_POINT ( 'NONE',  ( 675.6258080769290473, 42.12924887575489663, 32.39128464151558973 ) ) ;
#5442 = CARTESIAN_POINT ( 'NONE',  ( 1089.487467726258956, 346.4132333895988154, 68.67054411150890303 ) ) ;
#5443 = CARTESIAN_POINT ( 'NONE',  ( 618.5623660500559708, 7.027946458742018621, -30.10009320735333915 ) ) ;
#5444 = CARTESIAN_POINT ( 'NONE',  ( 999.5989192567262762, 232.3729311501966208, 3.190618053187477265 ) ) ;
#5445 = CARTESIAN_POINT ( 'NONE',  ( 1062.894469881125360, 218.6370794443998022, -75.37559376582136395 ) ) ;
#5446 = CARTESIAN_POINT ( 'NONE',  ( 560.0000000000007958, 6.927906052333721476, 1.722940618982364169 ) ) ;
#5447 = CARTESIAN_POINT ( 'NONE',  ( 847.9406604428893388, 80.88857303700316947, -53.01059014181616647 ) ) ;
#5448 = CARTESIAN_POINT ( 'NONE',  ( 1192.569536974408720, 403.5564937102014937, -26.54149777236515106 ) ) ;
#5449 = CARTESIAN_POINT ( 'NONE',  ( 1272.363806075205503, 664.1128734584600579, 84.94588628610168257 ) ) ;
#5450 = CARTESIAN_POINT ( 'NONE',  ( 1043.175214545000472, 298.5856405551344892, 74.49744770058538279 ) ) ;
#5451 = CARTESIAN_POINT ( 'NONE',  ( 902.8132606750961031, 114.0244320369290563, -61.54889535079642826 ) ) ;
#5452 = CARTESIAN_POINT ( 'NONE',  ( 579.3855228828676900, 9.079509356774552842, -10.22332456107488596 ) ) ;
#5453 = CARTESIAN_POINT ( 'NONE',  ( 579.4826695105236922, -4.535917872832139430, -21.41973725587433464 ) ) ;
#5454 = CARTESIAN_POINT ( 'NONE',  ( 1363.038488608679700, 737.8024122445601733, -9.810902965930827335 ) ) ;
#5455 = CARTESIAN_POINT ( 'NONE',  ( 1249.469983503602180, 420.5979035015349154, -85.74042779135378112 ) ) ;
#5456 = CARTESIAN_POINT ( 'NONE',  ( 1128.232677961306536, 415.0056177178882990, 88.20152701999673184 ) ) ;
#5457 = CARTESIAN_POINT ( 'NONE',  ( 1442.495875566019777, 944.0621158603013328, -33.11197476948741780 ) ) ;
#5458 = CARTESIAN_POINT ( 'NONE',  ( 1245.983239601957393, 429.6502962974762454, -73.39075247106372046 ) ) ;
#5459 = CARTESIAN_POINT ( 'NONE',  ( 579.4152261127519523, 4.797516144194087673, 7.318311931382342372 ) ) ;
#5460 = CARTESIAN_POINT ( 'NONE',  ( 1344.205996779919133, 886.7080342665479975, 101.9408316901903788 ) ) ;
#5461 = CARTESIAN_POINT ( 'NONE',  ( 1447.503288466696404, 936.6671719327255232, -46.33821285104939136 ) ) ;
#5462 = CARTESIAN_POINT ( 'NONE',  ( 1375.528914436088144, 833.2248880249330796, 23.72337002740017198 ) ) ;
#5463 = CARTESIAN_POINT ( 'NONE',  ( 732.4040905382792062, 63.66468925654783817, 12.36140417091180410 ) ) ;
#5464 = CARTESIAN_POINT ( 'NONE',  ( 1400.746313364930074, 790.1583776216696151, -51.65292987536486180 ) ) ;
#5465 = CARTESIAN_POINT ( 'NONE',  ( 1438.768644346116844, 842.5366499018654167, -65.98087957568554884 ) ) ;
#5466 = CARTESIAN_POINT ( 'NONE',  ( 1301.462494638706175, 732.5203423844878898, 83.21420225011945604 ) ) ;
#5467 = CARTESIAN_POINT ( 'NONE',  ( 895.5607666970900027, 161.6260015879570346, 55.25149764594802093 ) ) ;
#5468 = CARTESIAN_POINT ( 'NONE',  ( 1428.205184158663997, 859.1459759495207891, -45.42241646311273229 ) ) ;
#5469 = CARTESIAN_POINT ( 'NONE',  ( 1338.280444705918626, 783.3842140925560216, 60.97996778093862247 ) ) ;
#5470 = CARTESIAN_POINT ( 'NONE',  ( 579.3609012646119254, 12.41699364586916587, 15.27653538052593518 ) ) ;
#5471 = CARTESIAN_POINT ( 'NONE',  ( 1398.430824611284152, 672.6397915934709317, -103.0315989456310177 ) ) ;
#5472 = CARTESIAN_POINT ( 'NONE',  ( 1250.455096857829403, 574.2037485099242531, 56.28814335554399406 ) ) ;
#5473 = CARTESIAN_POINT ( 'NONE',  ( 1433.723811922349114, 850.4618574088761989, -65.73953396697490348 ) ) ;
#5474 = CARTESIAN_POINT ( 'NONE',  ( 1428.205184158663997, 859.1459759495207891, -45.42241646311273229 ) ) ;
#5475 = CARTESIAN_POINT ( 'NONE',  ( 1278.986818174379323, 649.7430862429929448, 56.83511430835095268 ) ) ;
#5476 = CARTESIAN_POINT ( 'NONE',  ( 1267.109369739107706, 675.5140324441878192, 109.1861394411770334 ) ) ;
#5477 = CARTESIAN_POINT ( 'NONE',  ( 1367.017281626237946, 955.3684225295601209, 88.86821124314973019 ) ) ;
#5478 = CARTESIAN_POINT ( 'NONE',  ( 579.3863676254245547, 8.811665534520694010, 19.57518604710149646 ) ) ;
#5479 = CARTESIAN_POINT ( 'NONE',  ( 560.0000000000000000, -2.251314242453991366, -21.93882017856090627 ) ) ;
#5480 = CARTESIAN_POINT ( 'NONE',  ( 560.0000000000005684, -7.483744470586866981, -21.62956916690465548 ) ) ;
#5481 = CARTESIAN_POINT ( 'NONE',  ( 1422.677371437832107, 973.3300691254686399, -0.7245233516249350858 ) ) ;
#5482 = CARTESIAN_POINT ( 'NONE',  ( 1334.479329323477032, 529.4228359940848350, -107.9041378617546769 ) ) ;
#5483 = CARTESIAN_POINT ( 'NONE',  ( 1431.320079703216834, 960.5665235036821059, -11.60631716250043510 ) ) ;
#5484 = DIRECTION ( 'NONE',  ( 0.000000000000000000, 0.000000000000000000, 1.000000000000000000 ) ) ;
#5485 = CARTESIAN_POINT ( 'NONE',  ( 1405.604199685624280, 998.5437174260525808, 38.87123843799724199 ) ) ;
#5486 = CARTESIAN_POINT ( 'NONE',  ( 946.7676936028544787, 203.3397623871081805, 61.91792209834403593 ) ) ;
#5487 = CARTESIAN_POINT ( 'NONE',  ( 1450.984966326787799, 823.3252264383297643, -91.93602081890105637 ) ) ;
#5488 = CARTESIAN_POINT ( 'NONE',  ( 560.0000000000004547, 5.628459960298950016, -6.129723810206216150 ) ) ;
#5489 = CARTESIAN_POINT ( 'NONE',  ( 1327.635590959047249, 544.2680819782723347, -86.96599300284124467 ) ) ;
#5490 = CARTESIAN_POINT ( 'NONE',  ( 618.3130860766837031, 21.78227779421913013, 31.62153670423094454 ) ) ;
#5491 = CARTESIAN_POINT ( 'NONE',  ( 1426.332233166187052, 967.9325718388810174, -1.284450053318290097 ) ) ;
#5492 = CARTESIAN_POINT ( 'NONE',  ( 1395.681816840211241, 677.7113488410079754, -90.04264164617256938 ) ) ;
#5493 = CARTESIAN_POINT ( 'NONE',  ( 1366.742062060232911, 955.8015897387224413, 89.78247542423845573 ) ) ;
#5494 = CARTESIAN_POINT ( 'NONE',  ( 1433.200595330925808, 957.7893793181142428, -15.43463078698430380 ) ) ;
#5495 = CARTESIAN_POINT ( 'NONE',  ( 1397.931175505103965, 906.7530174215702345, 21.24318509195065730 ) ) ;
#5496 = CARTESIAN_POINT ( 'NONE',  ( 1391.031960508551720, 686.2565814873017871, -89.92586048098793583 ) ) ;
#5497 = CARTESIAN_POINT ( 'NONE',  ( 1224.601362688155405, 485.1567504169776726, 11.00258192927334910 ) ) ;
#5498 = CARTESIAN_POINT ( 'NONE',  ( 1423.718707360607368, 936.8445370599500848, -17.88252480650868037 ) ) ;
#5499 = CARTESIAN_POINT ( 'NONE',  ( 791.2114925126232947, 59.04818578616769287, -35.09065947305943212 ) ) ;
#5500 = CARTESIAN_POINT ( 'NONE',  ( 842.1426383556015480, 128.0111179264368104, 45.55319836100631647 ) ) ;
#5501 = CARTESIAN_POINT ( 'NONE',  ( 1154.539446013818861, 331.2108608232801430, -53.07846310402686640 ) ) ;
#5502 = CARTESIAN_POINT ( 'NONE',  ( 559.9999999999998863, 3.365642398691251369, 14.93261521644480894 ) ) ;
#5503 = CARTESIAN_POINT ( 'NONE',  ( 1132.843784547531413, 400.2924630241145110, 50.78498589239794114 ) ) ;
#5504 = CARTESIAN_POINT ( 'NONE',  ( 1397.472711182669627, 674.4034041408023086, -101.4113917874417012 ) ) ;
#5505 = CARTESIAN_POINT ( 'NONE',  ( 675.9549936124404894, 34.36463581033192582, 18.31226865863476050 ) ) ;
#5506 = CARTESIAN_POINT ( 'NONE',  ( 899.9563786162915449, 132.7044229000526627, -40.67138409607831306 ) ) ;
#5507 = CARTESIAN_POINT ( 'NONE',  ( 790.6788617592634409, 64.68781729882226728, -22.80455757547727913 ) ) ;
#5508 = CARTESIAN_POINT ( 'NONE',  ( 1247.532796619457940, 581.1007208221161591, 51.74166005183146666 ) ) ;
#5509 = CARTESIAN_POINT ( 'NONE',  ( 1244.671483806013839, 587.8941660841978774, 80.96141925935435779 ) ) ;
#5510 = CARTESIAN_POINT ( 'NONE',  ( 1389.063018637045616, 989.4877317479359817, 64.57207372937536149 ) ) ;
#5511 = CARTESIAN_POINT ( 'NONE',  ( 1210.543870516336028, 521.6543485237114055, 76.17172837456533330 ) ) ;
#5512 = CARTESIAN_POINT ( 'NONE',  ( 1247.723144657778448, 425.1013258858491781, -91.87314092043784797 ) ) ;
#5513 = CARTESIAN_POINT ( 'NONE',  ( 618.3216499021376649, 20.84618147546436617, 2.466403071570572259 ) ) ;
#5514 = CARTESIAN_POINT ( 'NONE',  ( 1062.802738982365554, 219.0132976132104261, -73.83349919291384822 ) ) ;
#5515 = EDGE_CURVE ( 'NONE', #4737, #3692, #4555, .T. ) ;
#5516 = CARTESIAN_POINT ( 'NONE',  ( 896.9439968796274343, 152.4620133664368780, 2.166958801901018639 ) ) ;
#5517 = CARTESIAN_POINT ( 'NONE',  ( 676.7288173462412715, 15.82396898008175690, -35.78846890739730924 ) ) ;
#5518 = CARTESIAN_POINT ( 'NONE',  ( 1383.676063675451815, 699.7953777259521075, -75.24203172895029468 ) ) ;
#5519 = CARTESIAN_POINT ( 'NONE',  ( 618.5653709796075645, 7.365203585470933234, -7.488492754058092338 ) ) ;
#5520 = PERSON_AND_ORGANIZATION ( #4301, #6142 ) ;
#5521 = CARTESIAN_POINT ( 'NONE',  ( 787.8163674523734699, 94.89461078853594245, 38.61267471635257920 ) ) ;
#5522 = CARTESIAN_POINT ( 'NONE',  ( 947.0855549100911048, 201.6073222686208055, 57.52316439638674694 ) ) ;
#5523 = CARTESIAN_POINT ( 'NONE',  ( 957.1348504987229262, 146.6434541575806634, -67.75594626281616684 ) ) ;
#5524 = CARTESIAN_POINT ( 'NONE',  ( 1051.324419133737592, 265.4750457297757293, -22.40414578065324847 ) ) ;
#5525 = CARTESIAN_POINT ( 'NONE',  ( 1363.448562035855957, 608.8284634686403933, -89.63628793779504633 ) ) ;
#5526 = CARTESIAN_POINT ( 'NONE',  ( 1267.029113185428514, 534.9746276057738896, -9.209382251941812925 ) ) ;
#5527 = CARTESIAN_POINT ( 'NONE',  ( 1328.819712664471581, 541.7004888286463711, -90.27975196773979860 ) ) ;
#5528 = CARTESIAN_POINT ( 'NONE',  ( 1236.869198987476011, 606.3585320357141200, 103.9064652724633788 ) ) ;
#5529 = CARTESIAN_POINT ( 'NONE',  ( 1437.787040962577294, 951.0161195638883100, -24.37840058398267118 ) ) ;
#5530 = CARTESIAN_POINT ( 'NONE',  ( 897.8281092064268023, 146.7673204163804144, 18.95034271765769063 ) ) ;
#5531 = CARTESIAN_POINT ( 'NONE',  ( 559.9999999999998863, -0.8665100271663347398, -20.51691123600419431 ) ) ;
#5532 = CARTESIAN_POINT ( 'NONE',  ( 898.3197455862665493, 143.5454704815509217, 11.75409830984302317 ) ) ;
#5533 = CARTESIAN_POINT ( 'NONE',  ( 1410.005053960170244, 887.7575747690785875, -18.70971182700734303 ) ) ;
#5534 = CARTESIAN_POINT ( 'NONE',  ( 1286.056532429800200, 489.9439235160074304, -74.45470413002172450 ) ) ;
#5535 = CARTESIAN_POINT ( 'NONE',  ( 1169.382001486362469, 469.9819476792837349, 80.59131298933732523 ) ) ;
#5536 = CARTESIAN_POINT ( 'NONE',  ( 1280.198172542226303, 503.8077823927784493, -55.78038750434068049 ) ) ;
#5537 = CARTESIAN_POINT ( 'NONE',  ( 1176.315514935287410, 450.1265581300777399, 54.88703424380555163 ) ) ;
#5538 = CARTESIAN_POINT ( 'NONE',  ( 559.9999999999996589, 7.537692820444178210, 13.64416035392898507 ) ) ;
#5539 = CARTESIAN_POINT ( 'NONE',  ( 1367.413727892982024, 600.9035578500548809, -106.3628181813687519 ) ) ;
#5540 = CARTESIAN_POINT ( 'NONE',  ( 1413.392303125342778, 987.0422516230000838, 26.77929464769214363 ) ) ;
#5541 = CARTESIAN_POINT ( 'NONE',  ( 845.2710215667893863, 102.4851790221916588, -35.26953867379051388 ) ) ;
#5542 = CARTESIAN_POINT ( 'NONE',  ( 733.9903908439059705, 40.26463134142748856, -21.19727638295421812 ) ) ;
#5543 = CARTESIAN_POINT ( 'NONE',  ( 1172.785547050636524, 460.2180658914295464, 57.26840526499827178 ) ) ;
#5544 = CARTESIAN_POINT ( 'NONE',  ( 842.2159319121600447, 127.4278153336807833, 53.82412741178642790 ) ) ;
#5545 = CARTESIAN_POINT ( 'NONE',  ( 788.3583298232506422, 89.20717809035298274, 36.50460751282047056 ) ) ;
#5546 = CARTESIAN_POINT ( 'NONE',  ( 732.2028178704107404, 66.78423984190214924, 40.90420227026395850 ) ) ;
#5547 = CARTESIAN_POINT ( 'NONE',  ( 1407.926870174534997, 995.1135992455882615, 39.31560235640046130 ) ) ;
#5548 = CARTESIAN_POINT ( 'NONE',  ( 1059.320228438265303, 233.0757095730488970, -69.73904422940692882 ) ) ;
#5549 = CARTESIAN_POINT ( 'NONE',  ( 734.4348264343593655, 33.60368347072566308, -39.19399407643263089 ) ) ;
#5550 = CARTESIAN_POINT ( 'NONE',  ( 1284.495571649309341, 637.7924661273132187, 34.76466002671996591 ) ) ;
#5551 = CARTESIAN_POINT ( 'NONE',  ( 791.5062537086805605, 55.88347939958279653, -47.77332302701356781 ) ) ;
#5552 = CARTESIAN_POINT ( 'NONE',  ( 1411.600875641707489, 771.6296856234625920, -73.55367622884909906 ) ) ;
#5553 = CARTESIAN_POINT ( 'NONE',  ( 900.5554484674628384, 128.8926525494111672, -19.36558643765967247 ) ) ;
#5554 = CARTESIAN_POINT ( 'NONE',  ( 618.3030214657702572, 22.26630902002580470, 25.05291534397272812 ) ) ;
#5555 = CARTESIAN_POINT ( 'NONE',  ( 1453.691730568828234, 927.5280848927586703, -54.44266217752956294 ) ) ;
#5556 = CARTESIAN_POINT ( 'NONE',  ( 996.3918003674629063, 247.4054506860424567, 65.02986042425362712 ) ) ;
#5557 = CARTESIAN_POINT ( 'NONE',  ( 1160.364966222992507, 312.6225331737624629, -90.54115096744084212 ) ) ;
#5558 = CARTESIAN_POINT ( 'NONE',  ( 897.8598347154721750, 146.4449747509168844, -13.95745986693383323 ) ) ;
#5559 = CARTESIAN_POINT ( 'NONE',  ( 1204.565419993863770, 369.1893470168254225, -77.08501388733324688 ) ) ;
#5560 = CARTESIAN_POINT ( 'NONE',  ( 789.7146472044755683, 74.87930121249955562, 0.3924170698355093911 ) ) ;
#5561 = CARTESIAN_POINT ( 'NONE',  ( 1061.674626832501872, 223.5870215950684212, -66.64433058242838115 ) ) ;
#5562 = CARTESIAN_POINT ( 'NONE',  ( 1400.134084593176340, 1006.621979632190687, 52.37088758792938137 ) ) ;
#5563 = CARTESIAN_POINT ( 'NONE',  ( 560.0000000000000000, -0.1485448683849612539, -19.65926094961037052 ) ) ;
#5564 = CARTESIAN_POINT ( 'NONE',  ( 733.1659750519870613, 52.50474846888178604, 8.670440090293162427 ) ) ;
#5565 = CLOSED_SHELL ( 'NONE', ( #4322, #1458, #42, #6500 ) ) ;
#5566 = CARTESIAN_POINT ( 'NONE',  ( 1392.099792651197959, 684.2913354494922942, -91.92932283887942901 ) ) ;
#5567 = CARTESIAN_POINT ( 'NONE',  ( 1258.144811249034092, 556.0023516004595194, 24.99482524696860608 ) ) ;
#5568 = CARTESIAN_POINT ( 'NONE',  ( 1414.719952774184549, 985.0815795347656376, 17.00196825209891927 ) ) ;
#5569 = CARTESIAN_POINT ( 'NONE',  ( 559.9999999999994316, 5.261181648146062706, -7.679554792087881943 ) ) ;
#5570 = CARTESIAN_POINT ( 'NONE',  ( 618.6562270972609667, 2.031978398048534640, -22.74054183610367375 ) ) ;
#5571 = CARTESIAN_POINT ( 'NONE',  ( 1169.182456521341919, 470.5546563221549832, 82.14820587222200743 ) ) ;
#5572 = CARTESIAN_POINT ( 'NONE',  ( 1242.097307142491900, 439.7374971161517578, -59.58735064054312858 ) ) ;
#5573 = CARTESIAN_POINT ( 'NONE',  ( 579.3990448336899135, 7.047623920106465434, 14.06672418015878634 ) ) ;
#5574 = CARTESIAN_POINT ( 'NONE',  ( 1307.352879299896358, 720.7597729184543596, 61.15458318136199978 ) ) ;
#5575 = CARTESIAN_POINT ( 'NONE',  ( 790.9261458408874432, 61.96229537203412008, -47.24983969836893039 ) ) ;
#5576 = CARTESIAN_POINT ( 'NONE',  ( 1136.489750210291277, 388.7045142025563109, 46.00525647373213900 ) ) ;
#5577 = CARTESIAN_POINT ( 'NONE',  ( 676.1310295295028254, 29.86667477907336377, -25.51238585562929373 ) ) ;
#5578 = CARTESIAN_POINT ( 'NONE',  ( 1106.080463366505001, 287.1176195647913687, -41.61972008027412073 ) ) ;
#5579 = CARTESIAN_POINT ( 'NONE',  ( 946.8432905153513275, 202.8888066027013224, 41.41710659144789730 ) ) ;
#5580 = CARTESIAN_POINT ( 'NONE',  ( 1168.954735232765643, 471.2155843493914631, 93.87094022692842543 ) ) ;
#5581 = CARTESIAN_POINT ( 'NONE',  ( 1132.911666322353994, 400.1031213667915267, 68.62897467367356796 ) ) ;
#5582 = CARTESIAN_POINT ( 'NONE',  ( 579.3625175428404646, 12.14251136853002322, 24.17217852816470014 ) ) ;
#5583 = CARTESIAN_POINT ( 'NONE',  ( 1044.786627569739494, 292.0549135364782956, 59.99092621456454566 ) ) ;
#5584 = CARTESIAN_POINT ( 'NONE',  ( 1202.587440852891405, 374.8179454261386354, -84.04544384542242597 ) ) ;
#5585 = CARTESIAN_POINT ( 'NONE',  ( 1402.764264702800119, 664.6710620555953710, -107.4787666562386903 ) ) ;
#5586 = CARTESIAN_POINT ( 'NONE',  ( 1414.719952774184549, 985.0815795347656376, 17.00196825209891927 ) ) ;
#5587 = CARTESIAN_POINT ( 'NONE',  ( 1161.776837984181157, 308.1337611520083328, -92.24929273314289446 ) ) ;
#5588 = CARTESIAN_POINT ( 'NONE',  ( 1354.085373086190202, 627.4913972126536237, -79.48605056873341823 ) ) ;
#5589 = CARTESIAN_POINT ( 'NONE',  ( 1232.271754549543175, 465.2436651711118429, -21.62814319507592842 ) ) ;
#5590 = CARTESIAN_POINT ( 'NONE',  ( 787.8088097668370438, 94.97709688457290156, 39.43314511006560963 ) ) ;
#5591 = CARTESIAN_POINT ( 'NONE',  ( 676.6496533339158077, 17.68826822403533328, -37.02916482504002715 ) ) ;
#5592 = CARTESIAN_POINT ( 'NONE',  ( 675.7476662035786603, 39.27356812401567510, 33.17814787231687745 ) ) ;
#5593 = CARTESIAN_POINT ( 'NONE',  ( 1399.539407655167906, 670.5994382402768679, -104.9107332133729358 ) ) ;
#5594 = CARTESIAN_POINT ( 'NONE',  ( 675.8475265603655089, 36.60651220303557096, -9.244298993268580844 ) ) ;
#5595 = CARTESIAN_POINT ( 'NONE',  ( 579.4834753912057295, -4.642191811129031009, -22.28976418317004260 ) ) ;
#5596 = CARTESIAN_POINT ( 'NONE',  ( 1147.773184835786878, 352.7623620708297381, -18.92868483768518573 ) ) ;
#5597 = CARTESIAN_POINT ( 'NONE',  ( 1449.285802195169708, 898.0052500284962207, -58.50296705768273853 ) ) ;
#5598 = CARTESIAN_POINT ( 'NONE',  ( 618.3065103981415405, 22.15857486536656040, 29.37797281073742894 ) ) ;
#5599 = DIRECTION ( 'NONE',  ( 0.8280260528472717096, 0.5606896251993318536, 5.525203601392005407E-14 ) ) ;
#5600 = CARTESIAN_POINT ( 'NONE',  ( 1050.864501079426645, 267.4149131450187156, 9.446302005435446958 ) ) ;
#5601 = CARTESIAN_POINT ( 'NONE',  ( 1325.303405464315574, 549.3039174603866286, -92.47084192375339740 ) ) ;
#5602 = CARTESIAN_POINT ( 'NONE',  ( 1424.683448326173448, 970.3674961565625381, 2.177255423571899939 ) ) ;
#5603 = CARTESIAN_POINT ( 'NONE',  ( 1406.396795271125711, 963.1563956854747630, 20.96141670868142270 ) ) ;
#5604 = CARTESIAN_POINT ( 'NONE',  ( 950.7646973764649374, 181.4061965367253606, -19.44258446561082820 ) ) ;
#5605 = CARTESIAN_POINT ( 'NONE',  ( 847.3626525170412833, 85.61680332933384818, -39.55415794621684711 ) ) ;
#5606 = CARTESIAN_POINT ( 'NONE',  ( 1403.115173743566402, 1002.219509225316301, 45.25242530783934569 ) ) ;
#5607 = CARTESIAN_POINT ( 'NONE',  ( 1432.390565146693916, 852.5649549105860387, -53.72177591123850959 ) ) ;
#5608 = CARTESIAN_POINT ( 'NONE',  ( 1282.958381140925439, 641.1454775821931662, 57.71329885222938572 ) ) ;
#5609 = CARTESIAN_POINT ( 'NONE',  ( 1376.714661433551100, 940.1148874849229742, 62.84304814767201464 ) ) ;
#5610 = CARTESIAN_POINT ( 'NONE',  ( 1204.844741669815676, 536.4497066678170540, 100.2508938694611089 ) ) ;
#5611 = CARTESIAN_POINT ( 'NONE',  ( 790.9911605161200896, 61.27860090333940946, -47.87814774301400433 ) ) ;
#5612 = CARTESIAN_POINT ( 'NONE',  ( 559.9999999999998863, 2.882035517385869383, 13.41284042954942990 ) ) ;
#5613 = CARTESIAN_POINT ( 'NONE',  ( 1238.577739292511524, 448.8317653564388934, -65.27691996838458977 ) ) ;
#5614 = CARTESIAN_POINT ( 'NONE',  ( 1105.615756302328464, 288.7781487782355612, -38.97401458655838269 ) ) ;
#5615 = CARTESIAN_POINT ( 'NONE',  ( 1088.893659266715304, 348.5089132250026296, 56.31041326876087538 ) ) ;
#5616 = CARTESIAN_POINT ( 'NONE',  ( 787.7667753212593880, 95.44522453108831428, 48.82879293531954801 ) ) ;
#5617 = CARTESIAN_POINT ( 'NONE',  ( 1382.202998068659326, 702.5065454273074010, -72.12274181032445597 ) ) ;
#5618 = CARTESIAN_POINT ( 'NONE',  ( 1379.347601788744441, 935.9797950223853604, 66.43971473931917160 ) ) ;
#5619 = CARTESIAN_POINT ( 'NONE',  ( 1203.514270523018695, 539.9002233744137129, 99.88270928148556038 ) ) ;
#5620 = CARTESIAN_POINT ( 'NONE',  ( 1305.606666059847839, 724.2583407773497584, 82.00314981137545089 ) ) ;
#5621 = CARTESIAN_POINT ( 'NONE',  ( 1287.498152835092924, 486.5055113643846880, -91.58129038895206975 ) ) ;
#5622 = CARTESIAN_POINT ( 'NONE',  ( 791.4657815622102817, 56.30706178304038190, -48.21187053487754781 ) ) ;
#5623 = CARTESIAN_POINT ( 'NONE',  ( 675.6707046700264527, 40.91399274478219183, 12.59717502139140421 ) ) ;
#5624 = CARTESIAN_POINT ( 'NONE',  ( 676.6897166763966425, 16.74538989112887322, -36.64870046426521810 ) ) ;
#5625 = CARTESIAN_POINT ( 'NONE',  ( 560.0000000000000000, -4.334416551277871399, -8.240430417147443620 ) ) ;
#5626 = CARTESIAN_POINT ( 'NONE',  ( 1087.570476521530054, 353.2479649962650683, 69.69389445689077434 ) ) ;
#5627 = CARTESIAN_POINT ( 'NONE',  ( 559.9999999999998863, -5.789461398559861749, -23.59691592128973525 ) ) ;
#5628 = CARTESIAN_POINT ( 'NONE',  ( 1352.074242601009018, 873.2757530129376846, 87.98800522871864871 ) ) ;
#5629 = CARTESIAN_POINT ( 'NONE',  ( 1206.878961590668041, 362.5320709035633513, -95.73621721816274999 ) ) ;
#5630 = CARTESIAN_POINT ( 'NONE',  ( 1448.271531610120292, 899.5459080973944310, -56.77045773502001680 ) ) ;
#5631 = CARTESIAN_POINT ( 'NONE',  ( 845.4212670543754484, 101.4005072418579374, -6.748544603722689494 ) ) ;
#5632 = CARTESIAN_POINT ( 'NONE',  ( 1062.066933508712282, 221.9963605303354086, -68.99999193955227383 ) ) ;
#5633 = CARTESIAN_POINT ( 'NONE',  ( 1167.207116522824663, 476.2215652158261605, 95.12747935643939456 ) ) ;
#5634 = CARTESIAN_POINT ( 'NONE',  ( 560.0000000000000000, 7.524630121670060845, 14.95048516030602670 ) ) ;
#5635 = CARTESIAN_POINT ( 'NONE',  ( 1297.932217245517450, 608.6737051975181885, 4.352595880030148301 ) ) ;
#5636 = CARTESIAN_POINT ( 'NONE',  ( 1404.122221565281279, 784.3954572708054229, -58.75929587769337559 ) ) ;
#5637 = CARTESIAN_POINT ( 'NONE',  ( 1443.081492597608985, 907.4312248005838910, -53.38522351058413307 ) ) ;
#5638 = CARTESIAN_POINT ( 'NONE',  ( 676.1924206744918138, 28.73181687001540752, 2.918350346528524319 ) ) ;
#5639 = CARTESIAN_POINT ( 'NONE',  ( 947.7292351785757774, 198.0268093175242825, 24.54249151856867428 ) ) ;
#5640 = CARTESIAN_POINT ( 'NONE',  ( 732.7676701892045230, 58.20537477829952877, -10.46361528354197823 ) ) ;
#5641 = CARTESIAN_POINT ( 'NONE',  ( 1110.133284610798682, 272.6349691049368857, -63.83257803977017630 ) ) ;
#5642 = CARTESIAN_POINT ( 'NONE',  ( 1349.469107668345259, 877.7183543496901166, 84.35906812575287006 ) ) ;
#5643 = CARTESIAN_POINT ( 'NONE',  ( 1153.951822486878427, 333.0824919214746274, -50.28730377573383237 ) ) ;
#5644 = CARTESIAN_POINT ( 'NONE',  ( 675.9726733137987367, 33.94544818943129627, 17.12349217981372718 ) ) ;
#5645 = CARTESIAN_POINT ( 'NONE',  ( 895.3614000559887245, 162.8898200020501577, 39.46285460202391704 ) ) ;
#5646 = CARTESIAN_POINT ( 'NONE',  ( 842.2159319121600447, 127.4278153336807833, 53.82412741178642790 ) ) ;
#5647 = CARTESIAN_POINT ( 'NONE',  ( 560.0000000000000000, -2.858643259193899944, -22.45611684884120862 ) ) ;
#5648 = CARTESIAN_POINT ( 'NONE',  ( 1317.012690459721625, 701.4933126250643909, 43.65190675193603909 ) ) ;
#5649 = CARTESIAN_POINT ( 'NONE',  ( 733.3752373361054424, 49.19279837972279523, -30.47617158723053521 ) ) ;
#5650 = CARTESIAN_POINT ( 'NONE',  ( 1057.764088277972633, 239.4450842164116580, -40.90189706739571562 ) ) ;
#5651 = CARTESIAN_POINT ( 'NONE',  ( 996.4043569628740897, 247.3105216032247426, 45.50776621676571665 ) ) ;
#5652 = CARTESIAN_POINT ( 'NONE',  ( 1268.343082666388909, 672.8393003262445973, 108.1365480487892796 ) ) ;
#5653 = CARTESIAN_POINT ( 'NONE',  ( 1380.552739949792112, 934.0843706588904070, 63.38996815352515313 ) ) ;
#5654 = CARTESIAN_POINT ( 'NONE',  ( 841.9684957106892398, 129.4477225078460094, 54.31538997734865148 ) ) ;
#5655 = CARTESIAN_POINT ( 'NONE',  ( 843.0376632333573070, 120.7650590886292008, 39.12580900718837995 ) ) ;
#5656 = CARTESIAN_POINT ( 'NONE',  ( 559.9999999999998863, -1.675749603735590121, -21.39344337054383516 ) ) ;
#5657 = CARTESIAN_POINT ( 'NONE',  ( 560.0000000000002274, -6.936131059611285288, -23.04472915762798024 ) ) ;
#5658 = CARTESIAN_POINT ( 'NONE',  ( 896.0154322800362934, 158.5741385322174892, 22.05429120305906210 ) ) ;
#5659 = CARTESIAN_POINT ( 'NONE',  ( 1208.537910865546792, 357.7907212009587283, -97.16176802143176872 ) ) ;
#5660 = CARTESIAN_POINT ( 'NONE',  ( 1377.445878295025295, 711.2794597921147215, -47.48148439287635370 ) ) ;
#5661 = CARTESIAN_POINT ( 'NONE',  ( 618.3027023115542988, 22.27531711929654179, 24.51268826384151467 ) ) ;
#5662 = CARTESIAN_POINT ( 'NONE',  ( 1429.616509414992834, 740.8823465575433147, -103.1384044226302592 ) ) ;
#5663 = CARTESIAN_POINT ( 'NONE',  ( 1170.993668143600644, 465.3769714156579766, 85.36455303233628911 ) ) ;
#5664 = CARTESIAN_POINT ( 'NONE',  ( 1206.259040255371247, 364.3075406998681274, -94.06018917592083994 ) ) ;
#5665 = CARTESIAN_POINT ( 'NONE',  ( 1111.539668127745927, 267.6061260371672006, -71.80948822871721404 ) ) ;
#5666 = CARTESIAN_POINT ( 'NONE',  ( 618.5529194687169365, 8.085334598601015443, -5.458073734068795702 ) ) ;
#5667 = CARTESIAN_POINT ( 'NONE',  ( 1398.430106332645437, 672.6530830555408329, -95.92599850333688494 ) ) ;
#5668 = CARTESIAN_POINT ( 'NONE',  ( 732.1990105046212420, 66.84172897954806558, 42.05195408433424120 ) ) ;
#5669 = CARTESIAN_POINT ( 'NONE',  ( 560.0000000000000000, 6.991315726125090890, 2.251229388591015290 ) ) ;
#5670 = CARTESIAN_POINT ( 'NONE',  ( 789.4670156184098460, 77.49551449225404554, 6.622601843441414005 ) ) ;
#5671 = CARTESIAN_POINT ( 'NONE',  ( 1348.666069658253718, 638.3036656563799625, -66.76149632466599826 ) ) ;
#5672 = CARTESIAN_POINT ( 'NONE',  ( 1386.661661496764737, 694.3000799196719299, -81.38443823812905009 ) ) ;
#5673 = CARTESIAN_POINT ( 'NONE',  ( 1405.612515112286019, 894.6731641355570446, 3.513810047179092955 ) ) ;
#5674 = CARTESIAN_POINT ( 'NONE',  ( 1384.954390073905415, 927.1546743891317419, 41.16998895674899472 ) ) ;
#5675 = CARTESIAN_POINT ( 'NONE',  ( 618.6630117859838265, 1.613578547378593298, -24.30995125414460389 ) ) ;
#5676 = CARTESIAN_POINT ( 'NONE',  ( 1087.212390099749882, 354.5313390441577894, 73.86172555246392335 ) ) ;
#5677 = CARTESIAN_POINT ( 'NONE',  ( 790.9487530124134764, 61.83234456150778868, -28.92996980992930744 ) ) ;
#5678 = CARTESIAN_POINT ( 'NONE',  ( 949.2259418112348612, 189.9117835835654091, 30.10129710766762656 ) ) ;
#5679 = CARTESIAN_POINT ( 'NONE',  ( 732.2566828159076522, 65.92659004483159890, 29.81080930773208593 ) ) ;
#5680 = CARTESIAN_POINT ( 'NONE',  ( 1346.387391819264849, 882.9845064181890848, 99.99214421619892335 ) ) ;
#5681 = CARTESIAN_POINT ( 'NONE',  ( 956.0862455429888769, 152.3626949096320402, -62.53702495580423459 ) ) ;
#5682 = CARTESIAN_POINT ( 'NONE',  ( 1405.811883036306654, 964.0446471541876008, 30.74529012686630125 ) ) ;
#5683 = CARTESIAN_POINT ( 'NONE',  ( 1180.372667198072122, 438.4615959865743093, 11.45953972799328646 ) ) ;
#5684 = CARTESIAN_POINT ( 'NONE',  ( 1149.447681255254565, 347.3736357056561133, -50.90673463838882640 ) ) ;
#5685 = CARTESIAN_POINT ( 'NONE',  ( 1440.798275008261498, 946.5691311963735188, -29.99667119564813333 ) ) ;
#5686 = CARTESIAN_POINT ( 'NONE',  ( 1043.922570918384281, 295.5265225825086191, 49.48334303735536821 ) ) ;
#5687 = CARTESIAN_POINT ( 'NONE',  ( 1237.777286573289985, 604.2103901905680914, 105.3526759034747471 ) ) ;
#5688 = CARTESIAN_POINT ( 'NONE',  ( 1210.895282057731038, 520.7419394598954341, 74.47085143278404473 ) ) ;
#5689 = CARTESIAN_POINT ( 'NONE',  ( 1334.129384945421634, 791.0272418529216338, 73.63451846897174846 ) ) ;
#5690 = CARTESIAN_POINT ( 'NONE',  ( 733.6672311575124468, 44.88194305545732732, -36.41105747100773726 ) ) ;
#5691 = CARTESIAN_POINT ( 'NONE',  ( 791.5062537086805605, 55.88347939958279653, -47.77332302701356781 ) ) ;
#5692 = CARTESIAN_POINT ( 'NONE',  ( 1344.429984386646311, 772.0481793926637692, 27.35612032339808763 ) ) ;
#5693 = CARTESIAN_POINT ( 'NONE',  ( 1208.521621147594260, 357.8349015022731123, -97.82272073010435065 ) ) ;
#5694 = CARTESIAN_POINT ( 'NONE',  ( 954.1295156124775758, 163.1229386668183281, -25.06092695522506730 ) ) ;
#5695 = CARTESIAN_POINT ( 'NONE',  ( 1042.005354301820944, 303.3251415501718498, 79.53107883109677800 ) ) ;
#5696 = CARTESIAN_POINT ( 'NONE',  ( 1239.510145316368153, 600.1032468362955115, 91.49286357494469257 ) ) ;
#5697 = CARTESIAN_POINT ( 'NONE',  ( 1294.990348469420951, 468.7846961989279180, -107.4838391033456162 ) ) ;
#5698 = CARTESIAN_POINT ( 'NONE',  ( 1395.555577174023938, 979.6242789391665156, 55.07025611058310943 ) ) ;
#5699 = CARTESIAN_POINT ( 'NONE',  ( 902.4147679611713784, 116.6309107915608934, -59.40033491214006034 ) ) ;
#5700 = CARTESIAN_POINT ( 'NONE',  ( 788.7517773299538248, 84.88819658802715651, -8.480280136602498686 ) ) ;
#5701 = CARTESIAN_POINT ( 'NONE',  ( 903.0932398686801434, 112.2442201939860240, -51.85690888637254403 ) ) ;
#5702 = CARTESIAN_POINT ( 'NONE',  ( 903.2570709530538124, 111.1663268647283189, -53.80000960160616330 ) ) ;
#5703 = CARTESIAN_POINT ( 'NONE',  ( 1267.109369739107706, 675.5140324441878192, 109.1861394411770334 ) ) ;
#5704 = CARTESIAN_POINT ( 'NONE',  ( 1426.332233150961883, 967.9325718613652043, -1.284450076450871059 ) ) ;
#5705 = CARTESIAN_POINT ( 'NONE',  ( 560.0000000000002274, 4.775450526693319375, 19.49153956632358131 ) ) ;
#5706 = CARTESIAN_POINT ( 'NONE',  ( 1378.098947479227036, 828.8366971083122507, 17.08740129741835290 ) ) ;
#5707 = CARTESIAN_POINT ( 'NONE',  ( 1437.110809080452100, 952.0147783422941075, -29.47876958046865070 ) ) ;
#5708 = CARTESIAN_POINT ( 'NONE',  ( 1242.296834175028607, 439.1801238952840549, -76.93948809574965253 ) ) ;
#5709 = CARTESIAN_POINT ( 'NONE',  ( 618.3080280496919841, 22.08564991747854833, 31.45632190971321052 ) ) ;
#5710 = CARTESIAN_POINT ( 'NONE',  ( 560.0000000000000000, -1.211028152730512009, 1.069353200726598674 ) ) ;
#5711 = CARTESIAN_POINT ( 'NONE',  ( 947.3111519493719470, 200.3203684144362455, 32.18504291970402420 ) ) ;
#5712 = CARTESIAN_POINT ( 'NONE',  ( 791.2436961125613379, 58.70663214145406528, -35.86966499369449224 ) ) ;
#5713 = CARTESIAN_POINT ( 'NONE',  ( 894.9873252094191685, 165.3656687849777427, 51.97428860715830012 ) ) ;
#5714 = CARTESIAN_POINT ( 'NONE',  ( 1442.575468705579169, 943.9445727665477079, -33.24541815786798082 ) ) ;
#5715 = CARTESIAN_POINT ( 'NONE',  ( 675.9374274899331567, 34.78109965135552528, 19.50194969098552278 ) ) ;
#5716 = CARTESIAN_POINT ( 'NONE',  ( 1237.777286573289985, 604.2103901905680914, 105.3526759034747471 ) ) ;
#5717 = CARTESIAN_POINT ( 'NONE',  ( 1131.649081645039360, 404.1036815410187728, 60.19571516910713171 ) ) ;
#5718 = CARTESIAN_POINT ( 'NONE',  ( 1348.691987031867029, 879.0506463136653110, 96.68467803440950092 ) ) ;
#5719 = CARTESIAN_POINT ( 'NONE',  ( 1008.884004768916952, 189.0811330426150789, -68.01149719857443188 ) ) ;
#5720 = CARTESIAN_POINT ( 'NONE',  ( 788.8677616757097439, 83.82587774666363600, 22.28584694669808641 ) ) ;
#5721 = CARTESIAN_POINT ( 'NONE',  ( 579.3659797543128889, 11.76122543489153749, 3.736356915463831196 ) ) ;
#5722 = CARTESIAN_POINT ( 'NONE',  ( 1376.450399226737545, 713.0952422097859653, -59.36210190577342871 ) ) ;
#5723 = CARTESIAN_POINT ( 'NONE',  ( 676.5759072113212369, 19.59915600547849834, -20.59114811716790783 ) ) ;
#5724 = CARTESIAN_POINT ( 'NONE',  ( 1303.328597737740438, 728.7944373168102175, 76.16836238104912127 ) ) ;
#5725 = CARTESIAN_POINT ( 'NONE',  ( 842.4096736554945437, 125.8567690644373300, 51.83959813810289319 ) ) ;
#5726 = CARTESIAN_POINT ( 'NONE',  ( 1332.382625351644947, 794.2434798088119123, 79.07714876599700915 ) ) ;
#5727 = CARTESIAN_POINT ( 'NONE',  ( 1203.314446807132981, 540.4199155995685260, 101.5653929262419695 ) ) ;
#5728 = CARTESIAN_POINT ( 'NONE',  ( 1380.552739949792112, 934.0843706588904070, 63.38996815352515313 ) ) ;
#5729 = CARTESIAN_POINT ( 'NONE',  ( 1439.571711435962243, 841.2677274225748079, -75.46386346249242649 ) ) ;
#5730 = CARTESIAN_POINT ( 'NONE',  ( 1452.242460534809197, 893.5136793056094575, -64.47795251497879576 ) ) ;
#5731 = CARTESIAN_POINT ( 'NONE',  ( 1091.096528118385322, 340.6224655332271141, 35.79276468515379861 ) ) ;
#5732 = CARTESIAN_POINT ( 'NONE',  ( 579.4739519845675204, -3.282020979277359807, -26.21658027833206717 ) ) ;
#5733 = CARTESIAN_POINT ( 'NONE',  ( 1433.330889956774854, 922.2419567363984925, -28.90006735104973146 ) ) ;
#5734 = CARTESIAN_POINT ( 'NONE',  ( 560.0000000000001137, 7.356970538806198334, 18.83149156885468045 ) ) ;
#5735 = CARTESIAN_POINT ( 'NONE',  ( 1302.880197430147746, 729.7002658975928853, 91.26256566709643891 ) ) ;
#5736 = CARTESIAN_POINT ( 'NONE',  ( 1060.533486496745354, 228.1662915992750982, -74.38482098278288390 ) ) ;
#5737 = CARTESIAN_POINT ( 'NONE',  ( 957.3457840227196129, 145.5401858590547874, -57.16189655064557940 ) ) ;
#5738 = CARTESIAN_POINT ( 'NONE',  ( 791.4955282764119602, 56.02150636433366060, -43.00574674861292834 ) ) ;
#5739 = CARTESIAN_POINT ( 'NONE',  ( 945.7199600236787091, 209.0618755511556230, 67.42581616803123268 ) ) ;
#5740 = CARTESIAN_POINT ( 'NONE',  ( 560.0000000000000000, -6.461779229254418055, -14.79986792411714802 ) ) ;
#5741 = CARTESIAN_POINT ( 'NONE',  ( 1044.318376832030708, 293.9533464639472413, 63.97049279423927715 ) ) ;
#5742 = CARTESIAN_POINT ( 'NONE',  ( 1299.306712628237847, 605.6931668229013894, -0.3203429285213567623 ) ) ;
#5743 = CARTESIAN_POINT ( 'NONE',  ( 1171.208150406441746, 464.7622413507946817, 83.79341893418363441 ) ) ;
#5744 = CARTESIAN_POINT ( 'NONE',  ( 560.0000000000000000, 3.322327840326701587, -13.46353785587168694 ) ) ;
#5745 = CARTESIAN_POINT ( 'NONE',  ( 954.6128238276995717, 160.3947928930838600, -53.99841435489087615 ) ) ;
#5746 = CARTESIAN_POINT ( 'NONE',  ( 1167.383448912511767, 475.7164209333795384, 97.34090958523657378 ) ) ;
#5747 = CARTESIAN_POINT ( 'NONE',  ( 560.0000000000001137, -0.8688974429916778153, 2.079372608244398624 ) ) ;
#5748 = CARTESIAN_POINT ( 'NONE',  ( 788.0587107154452724, 92.27702180099187501, 21.01163570508379408 ) ) ;
#5749 = CARTESIAN_POINT ( 'NONE',  ( 1009.368382242219695, 186.8805787102137401, -54.48827133316488869 ) ) ;
#5750 = CARTESIAN_POINT ( 'NONE',  ( 1270.432504644633809, 668.3038774204281935, 93.93834670232386941 ) ) ;
#5751 = CARTESIAN_POINT ( 'NONE',  ( 1444.370215968024240, 941.2940912438078840, -36.47942587951658311 ) ) ;
#5752 = CARTESIAN_POINT ( 'NONE',  ( 999.4302552052611190, 233.2325211463837888, 32.65327166942778092 ) ) ;
#5753 = CARTESIAN_POINT ( 'NONE',  ( 1268.343082666388909, 672.8393003262445973, 108.1365480487892796 ) ) ;
#5754 = CARTESIAN_POINT ( 'NONE',  ( 1303.328597737740438, 728.7944373168102175, 76.16836238104912127 ) ) ;
#5755 = CARTESIAN_POINT ( 'NONE',  ( 946.4417766263049998, 205.1148806202685648, 64.46616014888712698 ) ) ;
#5756 = CARTESIAN_POINT ( 'NONE',  ( 956.2474471427980234, 151.4846690002294736, -63.32887920577424978 ) ) ;
#5757 = CARTESIAN_POINT ( 'NONE',  ( 618.4284894664334615, 15.22941180380798443, 14.86562299044762625 ) ) ;
#5758 = CARTESIAN_POINT ( 'NONE',  ( 1321.173908215497022, 693.1692483492312249, 13.20731170731360571 ) ) ;
#5759 = CARTESIAN_POINT ( 'NONE',  ( 1102.950354784415367, 298.2354837646540773, -47.90565875237499682 ) ) ;
#5760 = CARTESIAN_POINT ( 'NONE',  ( 560.0000000000001137, -6.152633752650193522, -13.78905481048967729 ) ) ;
#5761 = CARTESIAN_POINT ( 'NONE',  ( 1405.604199685624280, 998.5437174260525808, 38.87123843799724199 ) ) ;
#5762 = CARTESIAN_POINT ( 'NONE',  ( 1299.915516323829479, 735.6177069176791292, 102.3356438903556693 ) ) ;
#5763 = CARTESIAN_POINT ( 'NONE',  ( 953.5599634012949082, 166.1386327331698283, -46.41935996597579361 ) ) ;
#5764 = CARTESIAN_POINT ( 'NONE',  ( 1133.151551250198509, 399.3389655156484537, 67.10812870713468214 ) ) ;
#5765 = CARTESIAN_POINT ( 'NONE',  ( 1127.958351623469980, 415.8797223262423017, 90.64490901312110793 ) ) ;
#5766 = CARTESIAN_POINT ( 'NONE',  ( 1308.443851370254606, 718.5955053580443064, 72.20047533445270460 ) ) ;
#5767 = CARTESIAN_POINT ( 'NONE',  ( 1436.717556267024747, 845.7551121470039561, -70.81386769292411998 ) ) ;
#5768 = CARTESIAN_POINT ( 'NONE',  ( 791.4319488681670691, 56.66115766719885727, -48.50610621354688590 ) ) ;
#5769 = CARTESIAN_POINT ( 'NONE',  ( 1310.449452623209481, 714.5777068722203467, 49.95895404528131678 ) ) ;
#5770 = CARTESIAN_POINT ( 'NONE',  ( 847.5729332513625423, 83.84613570273633343, -55.48407644358088930 ) ) ;
#5771 = CARTESIAN_POINT ( 'NONE',  ( 732.2325829777282706, 66.30885611914210642, 34.94135704233765694 ) ) ;
#5772 = CARTESIAN_POINT ( 'NONE',  ( 579.3802332116442813, 9.662511252121218419, 22.50198840567473013 ) ) ;
#5773 = CARTESIAN_POINT ( 'NONE',  ( 1060.280258104082804, 229.1907651258918008, -73.45918491586949983 ) ) ;
#5774 = CARTESIAN_POINT ( 'NONE',  ( 1331.109939726417451, 536.7359507710517619, -96.22316158111406992 ) ) ;
#5775 = CARTESIAN_POINT ( 'NONE',  ( 1261.496800333462033, 548.0367103528632242, -8.238716270833009503 ) ) ;
#5776 = CARTESIAN_POINT ( 'NONE',  ( 1399.836744271798580, 670.0637543107594638, -99.09817602746016973 ) ) ;
#5777 = CARTESIAN_POINT ( 'NONE',  ( 1267.027208871926860, 675.6922221416082266, 108.9170970813753030 ) ) ;
#5778 = CARTESIAN_POINT ( 'NONE',  ( 560.0000000000000000, -4.508066722465223108, -8.750027731844648216 ) ) ;
#5779 = CARTESIAN_POINT ( 'NONE',  ( 1209.107984996039932, 525.3825597413284640, 83.01161810298773958 ) ) ;
#5780 =( LENGTH_UNIT ( ) NAMED_UNIT ( * ) SI_UNIT ( .MILLI., .METRE. ) );
#5781 = CARTESIAN_POINT ( 'NONE',  ( 579.3802332116442813, 9.662511252121218419, 22.50198840567473013 ) ) ;
#5782 = CARTESIAN_POINT ( 'NONE',  ( 1194.555940157235000, 397.8174074813079528, -56.55094931400387281 ) ) ;
#5783 = CARTESIAN_POINT ( 'NONE',  ( 1443.932126735244765, 906.1378551813324975, -48.91009539704419495 ) ) ;
#5784 = CARTESIAN_POINT ( 'NONE',  ( 1420.271659937923914, 942.0796671646543246, -1.640837015443486147 ) ) ;
#5785 = CARTESIAN_POINT ( 'NONE',  ( 947.5591420090578367, 198.9597542420655714, 27.59378775953806340 ) ) ;
#5786 = CARTESIAN_POINT ( 'NONE',  ( 676.6757926219499950, 17.19565924129508261, -27.10493980165004047 ) ) ;
#5787 = CARTESIAN_POINT ( 'NONE',  ( 1298.571313094372272, 738.2934796542557478, 94.85180881237849349 ) ) ;
#5788 = EDGE_CURVE ( 'NONE', #5901, #2105, #5859, .T. ) ;
#5789 = CARTESIAN_POINT ( 'NONE',  ( 1440.712749625823335, 911.0283663071885485, -43.00667635805864819 ) ) ;
#5790 = CARTESIAN_POINT ( 'NONE',  ( 1179.903291541630551, 439.8464995484756059, 35.80095226781266149 ) ) ;
#5791 = CARTESIAN_POINT ( 'NONE',  ( 1321.438310947826949, 814.3929652613385315, 107.5798078183357802 ) ) ;
#5792 = CARTESIAN_POINT ( 'NONE',  ( 1043.258446313969444, 298.2267335875603749, 57.71503093332140111 ) ) ;
#5793 = CARTESIAN_POINT ( 'NONE',  ( 579.3734004771297350, 10.62702853962947280, 24.81484615520509251 ) ) ;
#5794 = CARTESIAN_POINT ( 'NONE',  ( 1363.997987310197686, 607.7173374363160292, -100.0618623059651071 ) ) ;
#5795 = CARTESIAN_POINT ( 'NONE',  ( 897.3896123204103787, 149.6409777206796718, 25.51734330342477364 ) ) ;
#5796 = CARTESIAN_POINT ( 'NONE',  ( 618.3169361843949901, 21.14368961162945837, 4.600719777828744306 ) ) ;
#5797 = CARTESIAN_POINT ( 'NONE',  ( 676.0791058176206434, 31.09476150908216141, -23.30916131029445992 ) ) ;
#5798 = CARTESIAN_POINT ( 'NONE',  ( 1241.245458409731100, 441.9487441768843610, -56.49370682055467796 ) ) ;
#5799 = CARTESIAN_POINT ( 'NONE',  ( 1352.840274575980175, 871.9604398283798901, 73.91290161283225757 ) ) ;
#5800 = CARTESIAN_POINT ( 'NONE',  ( 996.1492279625347237, 248.5343081817628104, 67.49376338117927787 ) ) ;
#5801 = CARTESIAN_POINT ( 'NONE',  ( 1004.968203499789297, 207.3194582140859268, -46.02574365661132560 ) ) ;
#5802 = CARTESIAN_POINT ( 'NONE',  ( 1134.163225308214805, 396.1160672640017992, 60.56013501466339477 ) ) ;
#5803 = CARTESIAN_POINT ( 'NONE',  ( 1344.051965003802707, 886.9706192873952659, 100.5466323737734768 ) ) ;
#5804 = CARTESIAN_POINT ( 'NONE',  ( 1133.620341196854952, 397.8455873782644403, 64.08137235355003725 ) ) ;
#5805 = CARTESIAN_POINT ( 'NONE',  ( 1155.285922881545957, 328.7865941520809656, -74.51484817240159941 ) ) ;
#5806 = LOCAL_TIME ( 9, 39, 0.000000000000000000, #2671 ) ;
#5807 = CARTESIAN_POINT ( 'NONE',  ( 1429.911909162428856, 740.3788608787696148, -103.0432358636789445 ) ) ;
#5808 = CARTESIAN_POINT ( 'NONE',  ( 1391.183983324772498, 806.4955668857589899, -15.73916582462117297 ) ) ;
#5809 = CARTESIAN_POINT ( 'NONE',  ( 1365.077158674716657, 851.0621561705848990, 38.13077747192031808 ) ) ;
#5810 = CARTESIAN_POINT ( 'NONE',  ( 1402.875922374069887, 664.4609911355385066, -109.8355918684382999 ) ) ;
#5811 = CARTESIAN_POINT ( 'NONE',  ( 895.0097573024040685, 165.2163853271849234, 50.99563043738390888 ) ) ;
#5812 = CARTESIAN_POINT ( 'NONE',  ( 560.0000000000002274, 4.775450526693319375, 19.49153956632358131 ) ) ;
#5813 = CARTESIAN_POINT ( 'NONE',  ( 1424.140846717010845, 750.2266981869363462, -95.23799011778285717 ) ) ;
#5814 = CARTESIAN_POINT ( 'NONE',  ( 1292.338332436737346, 475.0783690309931444, -93.60754186235071472 ) ) ;
#5815 = CARTESIAN_POINT ( 'NONE',  ( 897.3840520194826240, 149.5696989197286655, -5.939740651753376177 ) ) ;
#5816 = CARTESIAN_POINT ( 'NONE',  ( 957.8764515794287036, 142.6372719015835173, -62.44620428064783368 ) ) ;
#5817 = CARTESIAN_POINT ( 'NONE',  ( 1399.862258868298568, 1007.023411675724901, 53.26101922539661615 ) ) ;
#5818 = CARTESIAN_POINT ( 'NONE',  ( 1229.171670670615413, 473.2917263187227945, -8.633674311924560030 ) ) ;
#5819 = CARTESIAN_POINT ( 'NONE',  ( 947.3898522683917918, 199.9425742905856112, 53.16800284375622709 ) ) ;
#5820 = CARTESIAN_POINT ( 'NONE',  ( 733.3601374295178630, 49.62405568578793691, 1.394222474483561847 ) ) ;
#5821 = CARTESIAN_POINT ( 'NONE',  ( 675.7706514078035980, 38.73790719351889322, 31.40895977826857433 ) ) ;
#5822 = CARTESIAN_POINT ( 'NONE',  ( 1374.578646119238556, 716.5407016934744888, -55.02087713194926266 ) ) ;
#5823 = CARTESIAN_POINT ( 'NONE',  ( 1247.291525052262614, 426.2540496594307911, -77.96193518138977652 ) ) ;
#5824 = CARTESIAN_POINT ( 'NONE',  ( 1360.490808897701754, 742.4927078250597106, -2.842820294164057238 ) ) ;
#5825 = CARTESIAN_POINT ( 'NONE',  ( 842.5751702379409380, 124.4505244313151451, 25.78624512422711845 ) ) ;
#5826 = CARTESIAN_POINT ( 'NONE',  ( 1247.727315628449787, 425.1226233181839689, -79.52370991729574712 ) ) ;
#5827 = CARTESIAN_POINT ( 'NONE',  ( 1168.470297329215327, 472.5985380168766028, 87.25928203297644359 ) ) ;
#5828 = CARTESIAN_POINT ( 'NONE',  ( 560.0000000000002274, -6.379249087972438836, -14.55260347681451272 ) ) ;
#5829 = CARTESIAN_POINT ( 'NONE',  ( 1370.440977787158999, 841.9124484990992414, 37.07465172345194304 ) ) ;
#5830 = CARTESIAN_POINT ( 'NONE',  ( 1374.545218492423373, 943.5272574828543384, 68.66378140842941491 ) ) ;
#5831 = CARTESIAN_POINT ( 'NONE',  ( 788.0541336753876749, 92.41227976624924167, 45.27861799639796203 ) ) ;
#5832 = CARTESIAN_POINT ( 'NONE',  ( 732.2122786131623116, 66.64097184715953404, 42.65415773623881535 ) ) ;
#5833 = CARTESIAN_POINT ( 'NONE',  ( 560.0000000000000000, -2.251314242453991366, -21.93882017856090627 ) ) ;
#5834 = CARTESIAN_POINT ( 'NONE',  ( 1048.609479254832650, 276.5565168720559655, 27.43755274667313770 ) ) ;
#5835 = CARTESIAN_POINT ( 'NONE',  ( 1216.962871635005740, 504.9555289084328820, 25.64333245537435957 ) ) ;
#5836 = CARTESIAN_POINT ( 'NONE',  ( 1438.014737360647132, 950.6798576798327076, -31.07739899520020543 ) ) ;
#5837 = CARTESIAN_POINT ( 'NONE',  ( 1356.236632886719235, 623.2188879829485586, -71.51768387009867922 ) ) ;
#5838 = CARTESIAN_POINT ( 'NONE',  ( 996.0874751684327748, 248.7942248419856810, 50.54765221682879428 ) ) ;
#5839 = CARTESIAN_POINT ( 'NONE',  ( 1130.721250260648048, 407.0811145303472927, 83.73700946728310157 ) ) ;
#5840 = CARTESIAN_POINT ( 'NONE',  ( 1407.071247372115977, 779.3614257169443817, -64.75230917289179899 ) ) ;
#5841 = CARTESIAN_POINT ( 'NONE',  ( 947.9142615155292333, 197.0780080818677220, 46.52297665938872484 ) ) ;
#5842 = CARTESIAN_POINT ( 'NONE',  ( 560.0000000000002274, -4.558023028347970573, -23.51637306832325791 ) ) ;
#5843 = CARTESIAN_POINT ( 'NONE',  ( 560.0000000000001137, 3.600658597652334425, 15.68936838387389265 ) ) ;
#5844 = CARTESIAN_POINT ( 'NONE',  ( 579.4276773187073104, 3.199291700159700991, -22.12685582172711918 ) ) ;
#5845 = CARTESIAN_POINT ( 'NONE',  ( 1451.551348898168726, 822.4361402584480629, -92.09212750915871482 ) ) ;
#5846 = CARTESIAN_POINT ( 'NONE',  ( 845.8100239610182598, 98.24134904796605383, -13.73066999696130175 ) ) ;
#5847 = CARTESIAN_POINT ( 'NONE',  ( 560.0000000000002274, 7.495888704244053180, 9.663295684909476435 ) ) ;
#5848 = CARTESIAN_POINT ( 'NONE',  ( 1010.624080141729223, 180.9778855791177534, -74.62369904340350502 ) ) ;
#5849 = CARTESIAN_POINT ( 'NONE',  ( 1348.462765422368193, 879.4373550171804936, 87.67537238423453516 ) ) ;
#5850 = CARTESIAN_POINT ( 'NONE',  ( 1375.639778336736981, 941.8113813896275133, 75.63677031528330019 ) ) ;
#5851 = CARTESIAN_POINT ( 'NONE',  ( 559.9999999999998863, -3.500154796975027960, -22.94812994924021154 ) ) ;
#5852 = CARTESIAN_POINT ( 'NONE',  ( 1425.953662378904255, 968.4916449171561226, -7.679997670555800404 ) ) ;
#5853 = CARTESIAN_POINT ( 'NONE',  ( 1160.816350508160212, 311.2177225022540483, -81.85192426540797328 ) ) ;
#5854 = CARTESIAN_POINT ( 'NONE',  ( 788.6558381768708159, 85.90694589443761231, -5.257334908550182817 ) ) ;
#5855 = CARTESIAN_POINT ( 'NONE',  ( 579.4835392710745055, -4.629235391781446829, -24.59930911239978713 ) ) ;
#5856 = CARTESIAN_POINT ( 'NONE',  ( 1237.345111510611332, 605.2330954915912571, 105.9741599182381435 ) ) ;
#5857 = CARTESIAN_POINT ( 'NONE',  ( 1420.927338174001989, 941.0836605386117526, -3.060744011917892582 ) ) ;
#5858 = CARTESIAN_POINT ( 'NONE',  ( 1375.639778336736981, 941.8113813896275133, 75.63677031528330019 ) ) ;
#5859 = B_SPLINE_CURVE_WITH_KNOTS ( 'NONE', 3,
 ( #911, #291, #1490, #6986, #2033, #5387, #1995, #2641, #3616, #3689, #874, #1373, #3578, #837, #4734, #5898, #3074, #6439, #330, #4147, #5353, #4229, #946 ),
 .UNSPECIFIED., .F., .F.,
 ( 4, 1, 1, 1, 1, 1, 1, 1, 1, 1, 1, 1, 1, 1, 1, 1, 1, 1, 1, 1, 4 ),
 ( 0.000000000000000000, 0.04338888484837007814, 0.08726842559578262826, 0.1316960813084128157, 0.1767150319844623674, 0.2223617072268375405, 0.2686719341565118047, 0.3156798230351277046, 0.3634152511743036218, 0.4119045823900138181, 0.4611748235201702517, 0.5112512299445975961, 0.5621552213387537300, 0.6139078069358639977, 0.6665256094627641792, 0.7200190046928943710, 0.7743952586301823260, 0.8296472257035070186, 0.8857501462024645056, 0.9426252945750567269, 1.000000000000000000 ),
 .UNSPECIFIED. ) ;
#5860 = CARTESIAN_POINT ( 'NONE',  ( 560.0000000000002274, 4.942370757257539715, 20.21209848238544993 ) ) ;
#5861 = CARTESIAN_POINT ( 'NONE',  ( 1274.138933637257651, 518.1133250443880343, -54.08011820213578602 ) ) ;
#5862 = CARTESIAN_POINT ( 'NONE',  ( 847.5126312027776976, 84.39521796748856275, -42.15423776571435610 ) ) ;
#5863 = CARTESIAN_POINT ( 'NONE',  ( 1144.594462771278586, 362.8875824183342047, -1.416754081859035175 ) ) ;
#5864 = CARTESIAN_POINT ( 'NONE',  ( 618.6667635014537154, 1.377846662554058632, -25.35328806605139462 ) ) ;
#5865 = CARTESIAN_POINT ( 'NONE',  ( 618.3062161852975578, 22.13309975668284935, 27.60403165418042448 ) ) ;
#5866 = CARTESIAN_POINT ( 'NONE',  ( 1323.917389665834889, 552.3300181970354288, -76.62877163911086598 ) ) ;
#5867 = CARTESIAN_POINT ( 'NONE',  ( 1345.527835589129381, 770.0405401060089616, 39.47213551529387132 ) ) ;
#5868 = CARTESIAN_POINT ( 'NONE',  ( 732.3961098768247666, 63.91244340810060720, 39.78446902860466139 ) ) ;
#5869 = CARTESIAN_POINT ( 'NONE',  ( 1108.923766309024586, 276.9037622324480026, -74.73540908079417022 ) ) ;
#5870 = CARTESIAN_POINT ( 'NONE',  ( 675.6233776451134645, 42.21159166262393825, 36.77012593180231903 ) ) ;
#5871 = CARTESIAN_POINT ( 'NONE',  ( 1049.032605259239290, 274.8411931948609777, 23.99799869955794307 ) ) ;
#5872 = CARTESIAN_POINT ( 'NONE',  ( 951.5274117421640767, 177.2371347183601245, -28.04464713436310319 ) ) ;
#5873 = CARTESIAN_POINT ( 'NONE',  ( 1058.884595593180620, 234.9026116954753149, -48.23998104909018281 ) ) ;
#5874 = CARTESIAN_POINT ( 'NONE',  ( 1208.586883853917925, 526.7174658650972106, 70.59646046966055621 ) ) ;
#5875 = CARTESIAN_POINT ( 'NONE',  ( 1299.027599997515836, 737.3891621338957520, 104.3185566016764909 ) ) ;
#5876 = CARTESIAN_POINT ( 'NONE',  ( 1343.637365426815222, 648.3594819475766826, -37.85272072800930943 ) ) ;
#5877 = CARTESIAN_POINT ( 'NONE',  ( 1091.404338266296463, 339.5626575925633119, 54.49318783789262710 ) ) ;
#5878 = CARTESIAN_POINT ( 'NONE',  ( 1369.881143817515067, 595.9822133981109573, -110.5769598522455226 ) ) ;
#5879 = CARTESIAN_POINT ( 'NONE',  ( 1248.783580830929168, 578.1603394958415265, 63.30830946481960808 ) ) ;
#5880 = CARTESIAN_POINT ( 'NONE',  ( 1005.946252195059287, 202.7619329817309506, -52.46596955964223952 ) ) ;
#5881 = CARTESIAN_POINT ( 'NONE',  ( 1253.120997717206819, 411.1054219395979885, -102.0550261187588177 ) ) ;
#5882 = CARTESIAN_POINT ( 'NONE',  ( 1195.043999823870990, 396.4673936233583049, -37.67399310451168049 ) ) ;
#5883 = CARTESIAN_POINT ( 'NONE',  ( 1134.082306922055523, 396.3420995445594031, 41.41553912216812705 ) ) ;
#5884 = CARTESIAN_POINT ( 'NONE',  ( 1334.610933748612297, 529.1328641410557339, -110.4312611848212242 ) ) ;
#5885 = CARTESIAN_POINT ( 'NONE',  ( 1402.007392301104574, 1003.855480097597365, 48.07898790789722909 ) ) ;
#5886 = CARTESIAN_POINT ( 'NONE',  ( 1355.565120684849717, 867.3141312356185608, 77.71738278259178401 ) ) ;
#5887 = CARTESIAN_POINT ( 'NONE',  ( 1329.117165971618306, 541.0385063112154285, -100.4937408470197511 ) ) ;
#5888 = CARTESIAN_POINT ( 'NONE',  ( 676.7325966022052626, 15.79222480538143536, -32.59430856903405527 ) ) ;
#5889 = CARTESIAN_POINT ( 'NONE',  ( 675.7713615500132391, 38.44390054169880955, -1.903940018668042411 ) ) ;
#5890 = CARTESIAN_POINT ( 'NONE',  ( 1161.358751734032012, 309.4880763634656091, -84.82596952902144949 ) ) ;
#5891 = CARTESIAN_POINT ( 'NONE',  ( 560.0000000000005684, 7.117886782831735815, 23.06012579147417085 ) ) ;
#5892 = CARTESIAN_POINT ( 'NONE',  ( 1144.944121597851108, 361.7738138094594547, -3.369590758814552167 ) ) ;
#5893 = CARTESIAN_POINT ( 'NONE',  ( 1407.533791244213717, 995.6940979395172917, 40.21857352463253932 ) ) ;
#5894 = CARTESIAN_POINT ( 'NONE',  ( 951.8304066509807626, 175.6837823948130222, -0.1812833446588243413 ) ) ;
#5895 = CARTESIAN_POINT ( 'NONE',  ( 1242.360136674701153, 593.3661807488306295, 91.56617403541922329 ) ) ;
#5896 = CARTESIAN_POINT ( 'NONE',  ( 1272.486942137765709, 522.0227893137918045, -48.69384101718727464 ) ) ;
#5897 = CARTESIAN_POINT ( 'NONE',  ( 1445.016944733436958, 904.4899194928847237, -50.88568105813383369 ) ) ;
#5898 = CARTESIAN_POINT ( 'NONE',  ( 1261.501065840190677, 548.0266435441525346, -8.231606825705847896 ) ) ;
#5899 = CARTESIAN_POINT ( 'NONE',  ( 1448.458472054904405, 935.2565574666414250, -43.72624949154102580 ) ) ;
#5900 = CARTESIAN_POINT ( 'NONE',  ( 995.1243483775608638, 253.3084062363436431, 67.15676254736698070 ) ) ;
#5901 = VERTEX_POINT ( 'NONE', #2492 ) ;
#5902 = CARTESIAN_POINT ( 'NONE',  ( 676.6588158052130666, 17.60713930029520569, -25.90438243969425969 ) ) ;
#5903 = CARTESIAN_POINT ( 'NONE',  ( 579.4050341164648898, 6.214416273369140598, 11.53228482501835117 ) ) ;
#5904 = CARTESIAN_POINT ( 'NONE',  ( 1272.337983446850558, 664.1787869308624295, 99.47459194504970981 ) ) ;
#5905 = CARTESIAN_POINT ( 'NONE',  ( 1361.956425130533489, 611.7895259746808279, -96.16035811506635866 ) ) ;
#5906 = CARTESIAN_POINT ( 'NONE',  ( 844.1269994517448367, 111.9153224286147008, 17.23183711123514072 ) ) ;
#5907 = CARTESIAN_POINT ( 'NONE',  ( 675.9101626666300717, 35.10766224979627737, -14.06129445820836033 ) ) ;
#5908 = CARTESIAN_POINT ( 'NONE',  ( 1244.679357928591799, 433.0348660737556088, -68.83519062434214675 ) ) ;
#5909 = CARTESIAN_POINT ( 'NONE',  ( 1272.363806075205503, 664.1128734584600579, 84.94588628610168257 ) ) ;
#5910 = CARTESIAN_POINT ( 'NONE',  ( 1327.372334358027501, 803.4690913776108800, 95.44829522201413852 ) ) ;
#5911 = CARTESIAN_POINT ( 'NONE',  ( 676.5369490428970494, 20.53104306684110725, -18.24679505212463937 ) ) ;
#5912 = CARTESIAN_POINT ( 'NONE',  ( 1174.274468925909787, 455.9750517524115025, 66.10228442726136677 ) ) ;
#5913 = CARTESIAN_POINT ( 'NONE',  ( 1428.921585646909080, 742.0678789553180650, -102.4071634637019486 ) ) ;
#5914 = CARTESIAN_POINT ( 'NONE',  ( 843.2065394581741202, 119.3930779800449073, 35.55751090382889856 ) ) ;
#5915 = CARTESIAN_POINT ( 'NONE',  ( 1318.278180186727923, 564.5319557803477437, -75.74799432686481282 ) ) ;
#5916 = CARTESIAN_POINT ( 'NONE',  ( 1112.942326306046198, 262.5609164836296827, -87.03941370670698063 ) ) ;
#5917 = CARTESIAN_POINT ( 'NONE',  ( 1418.688512121447047, 874.1103967435974482, -25.61659389038791090 ) ) ;
#5918 = CARTESIAN_POINT ( 'NONE',  ( 1382.567201220446805, 930.9094526300250436, 47.33593576994022101 ) ) ;
#5919 = CARTESIAN_POINT ( 'NONE',  ( 995.1243483775608638, 253.3084062363436431, 67.15676254736698070 ) ) ;
#5920 = CARTESIAN_POINT ( 'NONE',  ( 675.7989699913481445, 38.06215877378967605, 29.07613266214218228 ) ) ;
#5921 = CARTESIAN_POINT ( 'NONE',  ( 1449.350551433568398, 933.9391352538128785, -48.95140410389483066 ) ) ;
#5922 = CARTESIAN_POINT ( 'NONE',  ( 559.9999999999998863, 6.244036765320000626, -3.004830642166570698 ) ) ;
#5923 = CARTESIAN_POINT ( 'NONE',  ( 1160.512465123122638, 312.1849419534168533, -80.58424873721521919 ) ) ;
#5924 = CARTESIAN_POINT ( 'NONE',  ( 1412.015260388623346, 954.6225716929866394, 7.819475144585303461 ) ) ;
#5925 = CARTESIAN_POINT ( 'NONE',  ( 1161.102280040350706, 310.3067063298732364, -83.24608467396414824 ) ) ;
#5926 = CARTESIAN_POINT ( 'NONE',  ( 1344.894187437418395, 885.5333588764092383, 101.5493103718616936 ) ) ;
#5927 = CARTESIAN_POINT ( 'NONE',  ( 1422.242107333979448, 939.0864620464568588, -5.895440196529814436 ) ) ;
#5928 = CARTESIAN_POINT ( 'NONE',  ( 732.5646779927448051, 61.42350600779535341, 32.76842705458353322 ) ) ;
#5929 = CARTESIAN_POINT ( 'NONE',  ( 1294.427888168482696, 470.1140529306015878, -106.7211236846992932 ) ) ;
#5930 = CARTESIAN_POINT ( 'NONE',  ( 579.3938994133744700, 7.915656317499928818, -13.58603833219038215 ) ) ;
#5931 = CARTESIAN_POINT ( 'NONE',  ( 1203.476971381440308, 372.3084063953805867, -72.62016966227434978 ) ) ;
#5932 = CARTESIAN_POINT ( 'NONE',  ( 1265.228037441328070, 539.2374113963998070, -2.409796219758463920 ) ) ;
#5933 = CARTESIAN_POINT ( 'NONE',  ( 1288.781358341278064, 483.4953891164791457, -82.91177328628687349 ) ) ;
#5934 = CARTESIAN_POINT ( 'NONE',  ( 1296.855817018581092, 741.7188226892060356, 101.1789382961560051 ) ) ;
#5935 = CARTESIAN_POINT ( 'NONE',  ( 847.3102000069588939, 86.04385865656672649, -38.68308546150100824 ) ) ;
#5936 = CARTESIAN_POINT ( 'NONE',  ( 1219.409068111852093, 498.6369720507852321, 34.15769444963149226 ) ) ;
#5937 = CARTESIAN_POINT ( 'NONE',  ( 1128.595580127799622, 413.8479638648118453, 91.16963123435363059 ) ) ;
#5938 = CARTESIAN_POINT ( 'NONE',  ( 787.7286349881665046, 95.85213713274978886, 48.79242223173882564 ) ) ;
#5939 = CARTESIAN_POINT ( 'NONE',  ( 1446.042119412229340, 902.9337020084519736, -57.90280273811580969 ) ) ;
#5940 = CARTESIAN_POINT ( 'NONE',  ( 1000.481088025436179, 228.3315561602630339, 22.33641054810984272 ) ) ;
#5941 = CARTESIAN_POINT ( 'NONE',  ( 1342.198330851171704, 651.2088995890727574, -50.24935432592990736 ) ) ;
#5942 = CARTESIAN_POINT ( 'NONE',  ( 1440.712749625823335, 911.0283663071885485, -43.00667635805864819 ) ) ;
#5943 = CARTESIAN_POINT ( 'NONE',  ( 1393.773215192492671, 982.3328297607703234, 52.55279168826034208 ) ) ;
#5944 = CARTESIAN_POINT ( 'NONE',  ( 1043.706737162330455, 296.4344181845555113, 70.39944879741379680 ) ) ;
#5945 = CARTESIAN_POINT ( 'NONE',  ( 676.5172938501715407, 21.00051065492321456, -17.07640772529128625 ) ) ;
#5946 = CARTESIAN_POINT ( 'NONE',  ( 732.6808680818475068, 59.70120378931279959, 27.91164622134861872 ) ) ;
#5947 = CARTESIAN_POINT ( 'NONE',  ( 847.4494752103926203, 84.84194459798577270, -55.32424968246010621 ) ) ;
#5948 = CARTESIAN_POINT ( 'NONE',  ( 948.1683306722869702, 195.6896424713974625, 43.23445132215534414 ) ) ;
#5949 = CARTESIAN_POINT ( 'NONE',  ( 900.3268575907118247, 130.2798316003129457, -44.22038511476930722 ) ) ;
#5950 = CARTESIAN_POINT ( 'NONE',  ( 733.8725468080367591, 42.01607801234115414, -17.15864286014122442 ) ) ;
#5951 = CARTESIAN_POINT ( 'NONE',  ( 579.3613274181947190, 12.37065978209481543, 12.60675866132644352 ) ) ;
#5952 = CARTESIAN_POINT ( 'NONE',  ( 894.8948157018886604, 165.9809258530915486, 55.23530698901190306 ) ) ;
#5953 = CARTESIAN_POINT ( 'NONE',  ( 947.4800295855151262, 199.4499183180817568, 52.05047170358152897 ) ) ;
#5954 = CARTESIAN_POINT ( 'NONE',  ( 1344.000887788399268, 887.0581220790912766, 101.8800613371517443 ) ) ;
#5955 = CARTESIAN_POINT ( 'NONE',  ( 676.4063630125650661, 23.38381674408429234, -33.99276295114785285 ) ) ;
#5956 = CARTESIAN_POINT ( 'NONE',  ( 1251.623901960595731, 415.0079685671977927, -92.83169666827124900 ) ) ;
#5957 = CARTESIAN_POINT ( 'NONE',  ( 559.9999999999990905, 6.729565826508978610, 0.1428575054944348499 ) ) ;
#5958 = CARTESIAN_POINT ( 'NONE',  ( 1401.430263179941903, 667.1290398167582225, -103.3004185060031261 ) ) ;
#5959 = CARTESIAN_POINT ( 'NONE',  ( 618.3071409199521895, 22.13946340344198660, 31.28299228122410369 ) ) ;
#5960 = CARTESIAN_POINT ( 'NONE',  ( 1426.332233166187052, 967.9325718388810174, -1.284450053318290097 ) ) ;
#5961 = PERSON_AND_ORGANIZATION ( #4301, #6142 ) ;
#5962 = CARTESIAN_POINT ( 'NONE',  ( 1328.388576899694272, 801.5884704589030889, 78.78307755006365198 ) ) ;
#5963 = CARTESIAN_POINT ( 'NONE',  ( 1453.289396446797355, 928.1222516474465465, -54.08939828163686059 ) ) ;
#5964 = CARTESIAN_POINT ( 'NONE',  ( 1052.671628093960862, 260.0118485840181961, -32.55391251008341413 ) ) ;
#5965 = CARTESIAN_POINT ( 'NONE',  ( 1421.366094132588842, 754.9702378935436400, -83.04143124627998418 ) ) ;
#5966 = CARTESIAN_POINT ( 'NONE',  ( 1426.882733351923434, 967.1195935432238002, -2.436959921358420988 ) ) ;
#5967 = CARTESIAN_POINT ( 'NONE',  ( 1289.295592854876759, 482.2782484501267959, -84.54392463690905402 ) ) ;
#5968 = CARTESIAN_POINT ( 'NONE',  ( 945.9052423555349378, 208.0487969925086986, 62.65235984269845915 ) ) ;
#5969 = CARTESIAN_POINT ( 'NONE',  ( 1425.662576485242198, 968.9215203647047474, 0.1175221039756847857 ) ) ;
#5970 = CARTESIAN_POINT ( 'NONE',  ( 1438.768644346116844, 842.5366499018654167, -65.98087957568554884 ) ) ;
#5971 = CARTESIAN_POINT ( 'NONE',  ( 1220.385072009553141, 496.1030342428257995, 29.72719687124394028 ) ) ;
#5972 = CARTESIAN_POINT ( 'NONE',  ( 675.6202071302922150, 42.28848924851639168, 36.62089309650075108 ) ) ;
#5973 = CARTESIAN_POINT ( 'NONE',  ( 1008.305186162995028, 191.7741761429709584, -65.51481272220065932 ) ) ;
#5974 = CARTESIAN_POINT ( 'NONE',  ( 618.4549269041231128, 13.71645596631041819, 10.45010573247687091 ) ) ;
#5975 = CARTESIAN_POINT ( 'NONE',  ( 560.0000000000002274, 3.822318919508504553, -12.23408168076810831 ) ) ;
#5976 = CARTESIAN_POINT ( 'NONE',  ( 1411.881083301309900, 771.1615106783264082, -63.22052550299368789 ) ) ;
#5977 = CARTESIAN_POINT ( 'NONE',  ( 618.3027023115542988, 22.27531711929654179, 24.51268826384151467 ) ) ;
#5978 = CARTESIAN_POINT ( 'NONE',  ( 1207.681762913078046, 529.0864350889208936, 91.37821180151161116 ) ) ;
#5979 = CARTESIAN_POINT ( 'NONE',  ( 846.4215537967686487, 93.27148541905292234, -24.09274142846310696 ) ) ;
#5980 = CARTESIAN_POINT ( 'NONE',  ( 896.8747321274668138, 153.0153141280518696, 33.42927320160678306 ) ) ;
#5981 = CARTESIAN_POINT ( 'NONE',  ( 1333.271763206060541, 532.0336912694377816, -108.7009760260132225 ) ) ;
#5982 = CARTESIAN_POINT ( 'NONE',  ( 618.4045963371793277, 16.59536637713017981, 18.95253604495918509 ) ) ;
#5983 = CARTESIAN_POINT ( 'NONE',  ( 1006.632900649127009, 199.5630873389493161, -56.60969849330809467 ) ) ;
#5984 = CARTESIAN_POINT ( 'NONE',  ( 846.1801125929436012, 95.23380655649727089, -20.07892196325778045 ) ) ;
#5985 = CARTESIAN_POINT ( 'NONE',  ( 1245.997924729266970, 584.7357680599122887, 58.96200981419698905 ) ) ;
#5986 = CARTESIAN_POINT ( 'NONE',  ( 1168.470297329215327, 472.5985380168766028, 87.25928203297644359 ) ) ;
#5987 = CARTESIAN_POINT ( 'NONE',  ( 996.9743768239482051, 244.6868461584066381, 57.91185431346016088 ) ) ;
#5988 = CARTESIAN_POINT ( 'NONE',  ( 1446.597194454761848, 902.0904568487554798, -58.71820921207367405 ) ) ;
#5989 = CARTESIAN_POINT ( 'NONE',  ( 1140.383845069817653, 376.2509008060360429, -1.463481217821125391 ) ) ;
#5990 = CARTESIAN_POINT ( 'NONE',  ( 676.7414341900241652, 15.54147923667275322, -34.60434785536231317 ) ) ;
#5991 = CARTESIAN_POINT ( 'NONE',  ( 1221.141057497784914, 494.1029654529311870, 5.341970152640715064 ) ) ;
#5992 = CARTESIAN_POINT ( 'NONE',  ( 1370.547584130292080, 594.6584649371326350, -109.0212453471753236 ) ) ;
#5993 = CARTESIAN_POINT ( 'NONE',  ( 1396.521099257191963, 797.3834488573246517, -28.70576775429875838 ) ) ;
#5994 = CARTESIAN_POINT ( 'NONE',  ( 995.7958693914222295, 250.1599853805147688, 55.26585067976921550 ) ) ;
#5995 = CARTESIAN_POINT ( 'NONE',  ( 560.0000000000002274, -4.953336192893285528, -23.61125515810129372 ) ) ;
#5996 = CARTESIAN_POINT ( 'NONE',  ( 559.9999999999994316, 5.261181648146062706, -7.679554792087881943 ) ) ;
#5997 = CARTESIAN_POINT ( 'NONE',  ( 1288.781358341278064, 483.4953891164791457, -82.91177328628687349 ) ) ;
#5998 = CARTESIAN_POINT ( 'NONE',  ( 789.8394434107327697, 73.56069736353437349, -2.718195741438176771 ) ) ;
#5999 = CARTESIAN_POINT ( 'NONE',  ( 1448.271531610120292, 899.5459080973944310, -56.77045773502001680 ) ) ;
#6000 = CARTESIAN_POINT ( 'NONE',  ( 1041.780551438685961, 304.2380849921169670, 76.55622361958754141 ) ) ;
#6001 = CARTESIAN_POINT ( 'NONE',  ( 1417.823628479204217, 980.4980733883249968, 16.92755427913610689 ) ) ;
#6002 = CARTESIAN_POINT ( 'NONE',  ( 1059.951824285462862, 230.5755136087453252, -55.14794700072804545 ) ) ;
#6003 = CARTESIAN_POINT ( 'NONE',  ( 1049.032605259239290, 274.8411931948609777, 23.99799869955794307 ) ) ;
#6004 = CARTESIAN_POINT ( 'NONE',  ( 1245.075452071569543, 431.9700856764292780, -84.92390905529886425 ) ) ;
#6005 = CARTESIAN_POINT ( 'NONE',  ( 1378.098947479227036, 828.8366971083122507, 17.08740129741835290 ) ) ;
#6006 = CARTESIAN_POINT ( 'NONE',  ( 1344.318983353713747, 646.9773477063998826, -55.82613231206985915 ) ) ;
#6007 = CARTESIAN_POINT ( 'NONE',  ( 676.6673935295386855, 17.39935809217118035, -26.50336429652564973 ) ) ;
#6008 = CARTESIAN_POINT ( 'NONE',  ( 1327.436421154259278, 803.3420379479637177, 81.96484280243406317 ) ) ;
#6009 = CARTESIAN_POINT ( 'NONE',  ( 1373.633074121995605, 944.9679679707796822, 81.73534362084866700 ) ) ;
#6010 = CARTESIAN_POINT ( 'NONE',  ( 1278.235163970839949, 508.4533130866233250, -49.28521680886903056 ) ) ;
#6011 = CARTESIAN_POINT ( 'NONE',  ( 579.3931202440184052, 7.871482179812414159, 16.60781479324899834 ) ) ;
#6012 = CARTESIAN_POINT ( 'NONE',  ( 1382.567201220446805, 930.9094526300250436, 47.33593576994022101 ) ) ;
#6013 = CARTESIAN_POINT ( 'NONE',  ( 1365.502270128665032, 604.7167222931163906, -102.8372837282776118 ) ) ;
#6014 = CARTESIAN_POINT ( 'NONE',  ( 579.3990448336899135, 7.047623920106465434, 14.06672418015878634 ) ) ;
#6015 = CARTESIAN_POINT ( 'NONE',  ( 1443.594330894105042, 942.4399177873096960, -40.39313925506350955 ) ) ;
#6016 = CARTESIAN_POINT ( 'NONE',  ( 618.5780588535794777, 6.630956468815119464, -9.513989734241915741 ) ) ;
#6017 = CARTESIAN_POINT ( 'NONE',  ( 1246.763748456273333, 582.9220070318483522, 55.34323202742658054 ) ) ;
#6018 = CARTESIAN_POINT ( 'NONE',  ( 1401.516342006613968, 1004.580662834753525, 49.19888982843355762 ) ) ;
#6019 = CARTESIAN_POINT ( 'NONE',  ( 1089.884198634483255, 344.9953216419126534, 65.80803202338594815 ) ) ;
#6020 = CARTESIAN_POINT ( 'NONE',  ( 1247.254101355623789, 426.3181859634256625, -90.71453263905388553 ) ) ;
#6021 = CARTESIAN_POINT ( 'NONE',  ( 957.8764515794287036, 142.6372719015835173, -62.44620428064783368 ) ) ;
#6022 = CARTESIAN_POINT ( 'NONE',  ( 1179.229499847573607, 441.7389952122552472, 17.90908927793691063 ) ) ;
#6023 = CARTESIAN_POINT ( 'NONE',  ( 579.4799217188852936, -4.113988319134457505, -25.71613631319900506 ) ) ;
#6024 = CARTESIAN_POINT ( 'NONE',  ( 1004.989304486257879, 207.3060893185466114, -19.18369434738934842 ) ) ;
#6025 = CARTESIAN_POINT ( 'NONE',  ( 945.9295063329899449, 207.9130297283803941, 67.28764770812608731 ) ) ;
#6026 = PERSON_AND_ORGANIZATION ( #4301, #6142 ) ;
#6027 = CARTESIAN_POINT ( 'NONE',  ( 1170.374045926738972, 467.1357544869743492, 73.46053276757160688 ) ) ;
#6028 = CARTESIAN_POINT ( 'NONE',  ( 1207.317546407097097, 530.0318697876466558, 93.10581749634140181 ) ) ;
#6029 = CARTESIAN_POINT ( 'NONE',  ( 579.4639508238511780, -1.889386859034811295, -26.33745217989076792 ) ) ;
#6030 = CARTESIAN_POINT ( 'NONE',  ( 1429.285060716947100, 963.5718381428958992, -14.55175987972316243 ) ) ;
#6031 = CARTESIAN_POINT ( 'NONE',  ( 1110.608570706757973, 270.9360169783739707, -66.46399656913926890 ) ) ;
#6032 = CARTESIAN_POINT ( 'NONE',  ( 676.2425386611666909, 27.54136250326180857, -0.2269534721865950067 ) ) ;
#6033 = CARTESIAN_POINT ( 'NONE',  ( 1205.651971740862564, 366.0755225063114153, -81.53575494965822656 ) ) ;
#6034 = CARTESIAN_POINT ( 'NONE',  ( 894.7261829082310669, 167.0935036299539718, 59.79021869819679580 ) ) ;
#6035 = CARTESIAN_POINT ( 'NONE',  ( 1450.524337072690514, 932.2056894292952620, -50.54881623347068853 ) ) ;
#6036 = CARTESIAN_POINT ( 'NONE',  ( 1320.735804704689599, 694.0627979409011914, 31.62479319720342019 ) ) ;
#6037 = CARTESIAN_POINT ( 'NONE',  ( 618.5341348678530267, 8.606681895467195531, -28.64765574070170828 ) ) ;
#6038 = CARTESIAN_POINT ( 'NONE',  ( 1097.800415295897892, 316.7054587241493095, 9.892671415916765909 ) ) ;
#6039 = CARTESIAN_POINT ( 'NONE',  ( 732.8284616285129687, 57.29899198965841123, -13.25580748108567342 ) ) ;
#6040 = CARTESIAN_POINT ( 'NONE',  ( 847.3102000069588939, 86.04385865656672649, -38.68308546150100824 ) ) ;
#6041 = CARTESIAN_POINT ( 'NONE',  ( 732.2342675437624848, 66.28044548020076832, 34.24724165476033733 ) ) ;
#6042 = CARTESIAN_POINT ( 'NONE',  ( 846.5259965595025733, 92.42251923029301963, -25.81211665817835055 ) ) ;
#6043 = CARTESIAN_POINT ( 'NONE',  ( 732.7476824387100578, 58.70960257743173827, 25.14971721304598873 ) ) ;
#6044 = CARTESIAN_POINT ( 'NONE',  ( 996.4043569628740897, 247.3105216032247426, 45.50776621676571665 ) ) ;
#6045 = CARTESIAN_POINT ( 'NONE',  ( 1249.865117460194369, 419.5443252383128652, -97.03196946708040116 ) ) ;
#6046 = CARTESIAN_POINT ( 'NONE',  ( 1387.900791518351753, 922.5276715559622289, 45.19667551067765032 ) ) ;
#6047 = CARTESIAN_POINT ( 'NONE',  ( 1055.729536012927838, 247.6187047874708753, -51.92807960237080067 ) ) ;
#6048 = CARTESIAN_POINT ( 'NONE',  ( 1425.449779400593115, 863.4786014876251556, -39.82684826385342802 ) ) ;
#6049 = CARTESIAN_POINT ( 'NONE',  ( 1133.665053623488802, 397.6729005470295988, 44.53345987064287925 ) ) ;
#6050 = CARTESIAN_POINT ( 'NONE',  ( 1089.884198634483255, 344.9953216419126534, 65.80803202338594815 ) ) ;
#6051 = CARTESIAN_POINT ( 'NONE',  ( 618.3065103981415405, 22.15857486536656040, 29.37797281073742894 ) ) ;
#6052 = CARTESIAN_POINT ( 'NONE',  ( 1357.420914095994249, 864.1451464525119945, 72.58427075466885015 ) ) ;
#6053 = CARTESIAN_POINT ( 'NONE',  ( 1443.634248017274786, 834.8809007647769249, -81.74825845847037442 ) ) ;
#6054 = CARTESIAN_POINT ( 'NONE',  ( 579.3693412229838486, 11.30600325318951960, 0.2076609485369118602 ) ) ;
#6055 = CARTESIAN_POINT ( 'NONE',  ( 1010.945028676022162, 179.5219852333038659, -66.93329445722977766 ) ) ;
#6056 = CARTESIAN_POINT ( 'NONE',  ( 1094.948552381280479, 326.8398403952933791, 4.148284363044271394 ) ) ;
#6057 = CARTESIAN_POINT ( 'NONE',  ( 847.8303256031704223, 81.77558349939111793, -54.32221474773384529 ) ) ;
#6058 = CARTESIAN_POINT ( 'NONE',  ( 1152.592883731540724, 337.3588857680666706, -64.35083195662504352 ) ) ;
#6059 = CARTESIAN_POINT ( 'NONE',  ( 733.7558937191804489, 43.74887525861558402, -13.11196376621407467 ) ) ;
#6060 = DATE_AND_TIME ( #2604, #5806 ) ;
#6061 = CARTESIAN_POINT ( 'NONE',  ( 618.3024704707182764, 22.27897746294245351, 23.96352044317336905 ) ) ;
#6062 = CARTESIAN_POINT ( 'NONE',  ( 1131.180428567416584, 405.6195176290992777, 80.68684911305062712 ) ) ;
#6063 = CARTESIAN_POINT ( 'NONE',  ( 1452.394189613565459, 893.2843694321616113, -66.60769049916930840 ) ) ;
#6064 = CARTESIAN_POINT ( 'NONE',  ( 560.0000000000006821, 4.839389341848420401, -9.215508625089363193 ) ) ;
#6065 = CARTESIAN_POINT ( 'NONE',  ( 1362.117171969025549, 611.4852362649661472, -86.27348240783420863 ) ) ;
#6066 = CARTESIAN_POINT ( 'NONE',  ( 733.4091344216266180, 48.89697886156837825, -0.4220369956775698039 ) ) ;
#6067 = CARTESIAN_POINT ( 'NONE',  ( 1111.539668127745927, 267.6061260371672006, -71.80948822871721404 ) ) ;
#6068 = CARTESIAN_POINT ( 'NONE',  ( 787.7319841220223680, 95.81794455157819357, 46.46029146312532276 ) ) ;
#6069 = CARTESIAN_POINT ( 'NONE',  ( 1438.131651227220800, 950.5071993620882722, -31.30799655584469576 ) ) ;
#6070 = CARTESIAN_POINT ( 'NONE',  ( 1319.241921747570132, 697.0442424716277401, 36.42669887626319536 ) ) ;
#6071 = CARTESIAN_POINT ( 'NONE',  ( 733.7665244889632277, 43.41832249805144528, -38.05562402961336232 ) ) ;
#6072 = CARTESIAN_POINT ( 'NONE',  ( 1291.835031484557248, 621.8954892534709415, 25.52423521972822584 ) ) ;
#6073 = CARTESIAN_POINT ( 'NONE',  ( 1332.537423783583790, 670.4885003435495037, -22.57374717819192611 ) ) ;
#6074 = CARTESIAN_POINT ( 'NONE',  ( 1389.711375996159404, 688.7015036141808650, -76.49841001091951398 ) ) ;
#6075 = CARTESIAN_POINT ( 'NONE',  ( 1372.666209061332893, 946.4829520575710831, 73.86056300477950742 ) ) ;
#6076 = CARTESIAN_POINT ( 'NONE',  ( 1317.202030397506405, 566.8900377817203662, -57.47742221025734466 ) ) ;
#6077 = CARTESIAN_POINT ( 'NONE',  ( 896.7475985413800572, 153.8485278679728765, 35.41533280850745058 ) ) ;
#6078 = CARTESIAN_POINT ( 'NONE',  ( 1210.430440829671852, 521.9268928237049749, 60.13995612865484475 ) ) ;
#6079 = CARTESIAN_POINT ( 'NONE',  ( 847.2614505550443482, 86.36302378152376491, -54.37001976672093662 ) ) ;
#6080 = CARTESIAN_POINT ( 'NONE',  ( 843.4680189192547459, 117.2687138041776507, 30.22382377541569554 ) ) ;
#6081 = CARTESIAN_POINT ( 'NONE',  ( 1440.770065133159505, 946.6107915205218433, -35.79638158171563589 ) ) ;
#6082 = CARTESIAN_POINT ( 'NONE',  ( 579.4653746375795436, -2.164188686841162390, -12.86342858152330138 ) ) ;
#6083 = CARTESIAN_POINT ( 'NONE',  ( 1275.438336038581610, 657.4418795536237212, 71.70503382611362042 ) ) ;
#6084 = CARTESIAN_POINT ( 'NONE',  ( 560.0000000000000000, 7.081725317606846204, 23.21528079727539406 ) ) ;
#6085 = CARTESIAN_POINT ( 'NONE',  ( 579.3843184059826399, 9.096820316101300818, 20.43715565819229951 ) ) ;
#6086 = CARTESIAN_POINT ( 'NONE',  ( 1294.768788597942603, 745.8860430824641981, 110.1871752766227530 ) ) ;
#6087 = CARTESIAN_POINT ( 'NONE',  ( 787.7319841220223680, 95.81794455157819357, 46.46029146312532276 ) ) ;
#6088 = CARTESIAN_POINT ( 'NONE',  ( 618.3783303505369986, 18.09343027193347808, 23.56151804721061893 ) ) ;
#6089 = CARTESIAN_POINT ( 'NONE',  ( 994.7940053796151005, 254.8514419205998252, 73.94245263885507313 ) ) ;
#6090 = CARTESIAN_POINT ( 'NONE',  ( 901.4576412874957896, 122.8840731902903656, -53.44988746356963105 ) ) ;
#6091 = CARTESIAN_POINT ( 'NONE',  ( 1259.766655825722637, 552.1327021042526439, -1.318897191234628119 ) ) ;
#6092 = CARTESIAN_POINT ( 'NONE',  ( 1252.037544826395333, 413.9326309286749961, -94.61254814806103752 ) ) ;
#6093 = CARTESIAN_POINT ( 'NONE',  ( 618.3094498705092974, 21.63168603760615127, 8.882721636677940680 ) ) ;
#6094 = CARTESIAN_POINT ( 'NONE',  ( 903.4373804166298214, 109.9721604911881059, -59.00070032005817211 ) ) ;
#6095 = CARTESIAN_POINT ( 'NONE',  ( 790.3455669959497527, 68.21151112696331609, -15.12827695538753758 ) ) ;
#6096 = CARTESIAN_POINT ( 'NONE',  ( 1326.157818491925809, 805.6969138083561575, 86.34376571437863390 ) ) ;
#6097 = CARTESIAN_POINT ( 'NONE',  ( 579.3772353087496185, 10.08873293463284782, 23.80105064645709945 ) ) ;
#6098 = CARTESIAN_POINT ( 'NONE',  ( 902.5534597504756675, 115.7232393226991860, -60.28572306034494233 ) ) ;
#6099 = CARTESIAN_POINT ( 'NONE',  ( 732.8284616285129687, 57.29899198965841123, -13.25580748108567342 ) ) ;
#6100 = CARTESIAN_POINT ( 'NONE',  ( 579.4815594631656950, -4.387167578111745847, -20.55395797150475801 ) ) ;
#6101 = CARTESIAN_POINT ( 'NONE',  ( 1332.573543889820030, 670.4383024223125176, -5.200641636690472858 ) ) ;
#6102 = CARTESIAN_POINT ( 'NONE',  ( 1061.491909371519341, 224.3285136479403548, -65.40973610375645819 ) ) ;
#6103 = CARTESIAN_POINT ( 'NONE',  ( 618.3061224347551388, 22.19242686378313323, 30.17949883737399119 ) ) ;
#6104 = CARTESIAN_POINT ( 'NONE',  ( 1448.369611578541026, 935.3877865570171934, -47.63365311352015397 ) ) ;
#6105 = CARTESIAN_POINT ( 'NONE',  ( 1380.685826486979522, 824.4198046832470936, 10.47453866138867795 ) ) ;
#6106 = CARTESIAN_POINT ( 'NONE',  ( 1324.408642294901938, 551.2433101873252781, -90.46326080428120520 ) ) ;
#6107 = CARTESIAN_POINT ( 'NONE',  ( 1418.446026231207043, 979.5789168162573333, 15.57157126157514249 ) ) ;
#6108 = CARTESIAN_POINT ( 'NONE',  ( 732.3776225286369481, 64.06659769398999060, 14.77399434320510530 ) ) ;
#6109 = CARTESIAN_POINT ( 'NONE',  ( 843.9484693275575182, 113.2320007922410241, -12.84709020970783655 ) ) ;
#6110 = CARTESIAN_POINT ( 'NONE',  ( 1245.983239601957393, 429.6502962974762454, -73.39075247106372046 ) ) ;
#6111 = CARTESIAN_POINT ( 'NONE',  ( 1205.961333409004737, 533.5410986832166600, 86.26195154025005252 ) ) ;
#6112 = CARTESIAN_POINT ( 'NONE',  ( 579.4714486538736082, -3.003182908346907709, -15.39707858910956872 ) ) ;
#6113 = CARTESIAN_POINT ( 'NONE',  ( 579.3970612915304628, 7.323226209462994518, 14.91263718568331242 ) ) ;
#6114 = CARTESIAN_POINT ( 'NONE',  ( 1306.330528011634669, 722.8008896221759869, 64.91082083396028679 ) ) ;
#6115 = CARTESIAN_POINT ( 'NONE',  ( 1425.121093259077497, 748.5538835605301529, -96.76991032896019362 ) ) ;
#6116 = CARTESIAN_POINT ( 'NONE',  ( 1311.516803844488322, 712.4622136786575766, 61.82723715528557307 ) ) ;
#6117 = CARTESIAN_POINT ( 'NONE',  ( 560.0000000000002274, 1.416369054887799850, -17.25722503636655247 ) ) ;
#6118 = CARTESIAN_POINT ( 'NONE',  ( 954.6160315583600777, 160.4648483502428746, -29.95698027588606749 ) ) ;
#6119 = CARTESIAN_POINT ( 'NONE',  ( 1356.323019162356331, 866.0121812237758832, 63.44273530643776127 ) ) ;
#6120 = CARTESIAN_POINT ( 'NONE',  ( 675.6292484122733413, 42.06841207839747199, 36.87337324039251030 ) ) ;
#6121 = CARTESIAN_POINT ( 'NONE',  ( 1210.183109121376901, 522.5910097798379184, 77.88002710431138098 ) ) ;
#6122 = CARTESIAN_POINT ( 'NONE',  ( 945.8217588503348452, 208.5066271330176733, 64.16585185404076697 ) ) ;
#6123 = CARTESIAN_POINT ( 'NONE',  ( 896.1898405248418840, 157.5039595011841698, 44.35662148648947323 ) ) ;
#6124 = CARTESIAN_POINT ( 'NONE',  ( 1128.046769719564736, 415.5967327602543833, 92.03926411164867716 ) ) ;
#6125 = CARTESIAN_POINT ( 'NONE',  ( 1418.673296785509820, 759.5582428207713974, -86.31316488577324719 ) ) ;
#6126 = CARTESIAN_POINT ( 'NONE',  ( 1011.027805912235749, 179.1157862585038174, -72.41015530326070859 ) ) ;
#6127 = CARTESIAN_POINT ( 'NONE',  ( 1092.098385260134137, 337.0368820667350747, 27.08006988295655404 ) ) ;
#6128 = CARTESIAN_POINT ( 'NONE',  ( 1253.132989004728415, 411.0720589172684072, -102.7413818545819169 ) ) ;
#6129 = CARTESIAN_POINT ( 'NONE',  ( 579.4167422388464956, 4.729682956582655251, -19.94015997583002431 ) ) ;
#6130 = CARTESIAN_POINT ( 'NONE',  ( 1102.904842443000462, 298.4650433996669676, -22.92046664836949788 ) ) ;
#6131 = CARTESIAN_POINT ( 'NONE',  ( 1373.204530093373251, 945.6361690806388651, 72.33580715920116688 ) ) ;
#6132 = CARTESIAN_POINT ( 'NONE',  ( 1452.884876177620527, 892.5387083361587202, -67.05916904453192728 ) ) ;
#6133 = CARTESIAN_POINT ( 'NONE',  ( 1327.824064266541882, 802.6371637709071365, 93.64726985991919150 ) ) ;
#6134 = CARTESIAN_POINT ( 'NONE',  ( 1398.430824611284152, 672.6397915934709317, -103.0315989456310177 ) ) ;
#6135 = CARTESIAN_POINT ( 'NONE',  ( 675.9101626666300717, 35.10766224979627737, -14.06129445820836033 ) ) ;
#6136 = CARTESIAN_POINT ( 'NONE',  ( 1423.536246217560119, 751.2659151848791907, -87.43441855545252395 ) ) ;
#6137 = CARTESIAN_POINT ( 'NONE',  ( 1146.706080893398166, 356.1614438519719670, -13.10622137362517492 ) ) ;
#6138 = CARTESIAN_POINT ( 'NONE',  ( 1365.404053308841867, 604.9267525538118662, -94.40352573647049894 ) ) ;
#6139 = CARTESIAN_POINT ( 'NONE',  ( 994.7434847067974033, 255.0889807440572383, 73.07349934686570236 ) ) ;
#6140 = CARTESIAN_POINT ( 'NONE',  ( 1455.062464649700132, 925.5037857449312924, -56.63107186594717035 ) ) ;
#6141 = CARTESIAN_POINT ( 'NONE',  ( 1143.548129099509424, 366.2204759427276031, 4.447211314034256624 ) ) ;
#6142 = ORGANIZATION ( 'UNSPECIFIED', 'UNSPECIFIED', '' ) ;
#6143 = CARTESIAN_POINT ( 'NONE',  ( 1361.241403641623947, 613.2157869224423621, -94.73907458869844334 ) ) ;
#6144 = CARTESIAN_POINT ( 'NONE',  ( 950.6918043288417266, 181.9038698126722693, 12.73676347133271847 ) ) ;
#6145 = CARTESIAN_POINT ( 'NONE',  ( 788.0877654816218865, 91.96527143607943344, 19.34998708518317301 ) ) ;
#6146 = CARTESIAN_POINT ( 'NONE',  ( 1002.391132881423687, 219.3365667760597262, -25.63069808409926154 ) ) ;
#6147 = CARTESIAN_POINT ( 'NONE',  ( 1323.917389665834889, 552.3300181970354288, -76.62877163911086598 ) ) ;
#6148 = CARTESIAN_POINT ( 'NONE',  ( 1129.758292502788208, 410.1366677340366209, 75.96021871541287851 ) ) ;
#6149 = CARTESIAN_POINT ( 'NONE',  ( 1384.320194261106508, 698.6253001379203624, -64.03322369046674112 ) ) ;
#6150 = CARTESIAN_POINT ( 'NONE',  ( 1215.085319201317361, 509.8627759206799510, 54.21923013749737663 ) ) ;
#6151 = CARTESIAN_POINT ( 'NONE',  ( 946.6267382606049523, 204.0785231611955339, 46.02919662858435856 ) ) ;
#6152 = CARTESIAN_POINT ( 'NONE',  ( 1270.001704792586679, 669.2434073519340245, 105.2860275928769056 ) ) ;
#6153 = CARTESIAN_POINT ( 'NONE',  ( 560.0000000000000000, -4.187928002409496919, -23.36580225866122973 ) ) ;
#6154 = CARTESIAN_POINT ( 'NONE',  ( 732.8495297334170573, 57.19887297638167922, 21.01287733872522523 ) ) ;
#6155 = CARTESIAN_POINT ( 'NONE',  ( 1277.541240697773219, 510.0623227279488106, -64.63786719878353892 ) ) ;
#6156 = CARTESIAN_POINT ( 'NONE',  ( 618.6036164305180591, 5.145338826128575072, -13.55877339296139006 ) ) ;
#6157 = CARTESIAN_POINT ( 'NONE',  ( 1171.785634645600567, 463.0862668637524848, 63.90708062256142341 ) ) ;
#6158 = CARTESIAN_POINT ( 'NONE',  ( 1296.146668065097174, 743.1372787914955325, 109.1235943296251349 ) ) ;
#6159 = CARTESIAN_POINT ( 'NONE',  ( 1151.943822523080371, 339.4254798112078788, -61.71647987170437943 ) ) ;
#6160 = CARTESIAN_POINT ( 'NONE',  ( 618.3783303505369986, 18.09343027193347808, 23.56151804721061893 ) ) ;
#6161 = CARTESIAN_POINT ( 'NONE',  ( 1296.124658107232563, 743.1785945859069216, 103.6382536055978392 ) ) ;
#6162 = CARTESIAN_POINT ( 'NONE',  ( 1332.382625351644947, 794.2434798088119123, 79.07714876599700915 ) ) ;
#6163 = CARTESIAN_POINT ( 'NONE',  ( 733.7216241172570790, 44.07998342898745392, -37.34187863180390110 ) ) ;
#6164 = CARTESIAN_POINT ( 'NONE',  ( 1452.674855532152151, 892.8569160102624664, -65.56059943246938815 ) ) ;
#6165 = CARTESIAN_POINT ( 'NONE',  ( 1251.465242728019803, 571.7881210054780468, 33.83197302884311597 ) ) ;
#6166 = CARTESIAN_POINT ( 'NONE',  ( 560.0000000000001137, -6.390376413623431340, -23.41523462465741545 ) ) ;
#6167 = CARTESIAN_POINT ( 'NONE',  ( 1352.711750138109664, 630.2320966884794871, -76.35573586773175236 ) ) ;
#6168 = CARTESIAN_POINT ( 'NONE',  ( 1193.908402520385380, 399.7207161273692009, -32.63953124612999801 ) ) ;
#6169 = CARTESIAN_POINT ( 'NONE',  ( 1349.469107668345259, 877.7183543496901166, 84.35906812575287006 ) ) ;
#6170 = CARTESIAN_POINT ( 'NONE',  ( 1450.984966326787799, 823.3252264383297643, -91.93602081890105637 ) ) ;
#6171 = CARTESIAN_POINT ( 'NONE',  ( 1242.666222024870422, 592.6413856092678998, 89.83331371355684780 ) ) ;
#6172 = CARTESIAN_POINT ( 'NONE',  ( 1450.979237331934428, 931.5338930393313603, -51.15430964842708050 ) ) ;
#6173 = CARTESIAN_POINT ( 'NONE',  ( 1205.288571247732307, 367.1167552524065059, -80.08421762021968959 ) ) ;
#6174 = CARTESIAN_POINT ( 'NONE',  ( 1304.158804478882985, 595.1717029845585785, -16.60463804043547853 ) ) ;
#6175 = CARTESIAN_POINT ( 'NONE',  ( 1450.648786170849917, 932.0219030867301626, -47.45942754032046196 ) ) ;
#6176 = CARTESIAN_POINT ( 'NONE',  ( 1041.614585881111680, 304.9115517260098613, 78.76954226109126012 ) ) ;
#6177 = CARTESIAN_POINT ( 'NONE',  ( 1427.196692828379810, 966.6559384043378031, -3.093413692423666816 ) ) ;
#6178 = CARTESIAN_POINT ( 'NONE',  ( 1226.113385961079530, 481.2313441664432503, 4.437127834197611698 ) ) ;
#6179 = CARTESIAN_POINT ( 'NONE',  ( 1244.229491103419832, 434.1659934502804390, -82.55311928000929811 ) ) ;
#6180 = CARTESIAN_POINT ( 'NONE',  ( 1344.510098766256760, 886.1890059780698721, 101.8236944663754429 ) ) ;
#6181 = CARTESIAN_POINT ( 'NONE',  ( 951.4473825198051600, 177.7762281011764287, 4.115184632484426785 ) ) ;
#6182 = CARTESIAN_POINT ( 'NONE',  ( 1266.837141769206937, 535.3949456374533611, -28.74514330080751279 ) ) ;
#6183 = CARTESIAN_POINT ( 'NONE',  ( 1326.452198247329761, 546.8341529360893674, -83.63766536206921387 ) ) ;
#6184 = CARTESIAN_POINT ( 'NONE',  ( 787.8088097668370438, 94.97709688457290156, 39.43314511006560963 ) ) ;
#6185 = CARTESIAN_POINT ( 'NONE',  ( 1198.064917203924551, 387.8130358694932625, -50.63276105718919951 ) ) ;
#6186 = CARTESIAN_POINT ( 'NONE',  ( 618.4284894664334615, 15.22941180380798443, 14.86562299044762625 ) ) ;
#6187 = CARTESIAN_POINT ( 'NONE',  ( 1407.836688580571263, 995.2467793615247729, 33.34933618678384448 ) ) ;
#6188 = CARTESIAN_POINT ( 'NONE',  ( 560.0000000000006821, 6.403730791995291938, 23.09748764205258809 ) ) ;
#6189 = CARTESIAN_POINT ( 'NONE',  ( 676.4668852405210373, 21.96389754293342023, -35.24109936596200754 ) ) ;
#6190 = CARTESIAN_POINT ( 'NONE',  ( 1406.756937239223362, 962.6090884730999733, 28.55818345049692297 ) ) ;
#6191 = CARTESIAN_POINT ( 'NONE',  ( 618.4597637695707135, 12.79636088508475034, -23.05367610929536681 ) ) ;
#6192 = CARTESIAN_POINT ( 'NONE',  ( 618.6099574273596318, 4.775279711536887461, -14.57029928013101738 ) ) ;
#6193 = CARTESIAN_POINT ( 'NONE',  ( 1132.039911857826837, 402.8568136295112936, 57.06481544345522394 ) ) ;
#6194 = CARTESIAN_POINT ( 'NONE',  ( 1297.999405955192742, 739.4407299786394105, 106.2650191000987689 ) ) ;
#6195 = CARTESIAN_POINT ( 'NONE',  ( 1005.612044517377058, 204.3190591517748373, -50.33458776720210892 ) ) ;
#6196 = CARTESIAN_POINT ( 'NONE',  ( 1277.711957262446276, 652.5235432554524095, 77.62597543317393445 ) ) ;
#6197 = CARTESIAN_POINT ( 'NONE',  ( 1167.772833869885972, 474.5993819578843045, 91.49047139288454389 ) ) ;
#6198 = CARTESIAN_POINT ( 'NONE',  ( 947.8301243423402411, 197.5376199825910533, 47.62022813165827984 ) ) ;
#6199 = CARTESIAN_POINT ( 'NONE',  ( 559.9999999999998863, -1.307993081840544525, -21.01332459952157095 ) ) ;
#6200 = CARTESIAN_POINT ( 'NONE',  ( 1451.599024364986008, 894.4909225478194230, -63.01381083983846310 ) ) ;
#6201 = CARTESIAN_POINT ( 'NONE',  ( 1046.105484368573343, 286.6569456107793599, 25.01696669941546958 ) ) ;
#6202 = CARTESIAN_POINT ( 'NONE',  ( 1253.085089106197984, 411.1942777269210296, -103.2046411787516433 ) ) ;
#6203 = CARTESIAN_POINT ( 'NONE',  ( 1151.639729455557244, 340.4466865011260666, -39.02896902317393568 ) ) ;
#6204 = CARTESIAN_POINT ( 'NONE',  ( 1206.211461827215771, 532.8908757825345219, 84.62608393704702792 ) ) ;
#6205 = CARTESIAN_POINT ( 'NONE',  ( 1334.409444887052132, 529.5690420339668663, -110.3528582068152133 ) ) ;
#6206 = CARTESIAN_POINT ( 'NONE',  ( 1374.625321896950027, 943.4070528984002522, 78.68490400955973030 ) ) ;
#6207 = CARTESIAN_POINT ( 'NONE',  ( 847.3627666018710443, 85.54283757000379751, -54.98316210520232517 ) ) ;
#6208 = CARTESIAN_POINT ( 'NONE',  ( 1263.252537881571470, 543.8803177492094392, -15.11587867966842680 ) ) ;
#6209 = CARTESIAN_POINT ( 'NONE',  ( 1328.819712664471581, 541.7004888286463711, -90.27975196773979860 ) ) ;
#6210 = CARTESIAN_POINT ( 'NONE',  ( 579.4402465351462297, 1.319582670641945121, -2.774706600983142035 ) ) ;
#6211 = CARTESIAN_POINT ( 'NONE',  ( 957.5824244612083476, 144.2457007454116535, -59.22068245391523078 ) ) ;
#6212 = CARTESIAN_POINT ( 'NONE',  ( 1388.749435662502719, 989.9637648471007196, 65.65552606138446379 ) ) ;
#6213 = CARTESIAN_POINT ( 'NONE',  ( 560.0000000000000000, 7.353314814706050306, 6.473567143014272496 ) ) ;
#6214 = CARTESIAN_POINT ( 'NONE',  ( 951.4473825198051600, 177.7762281011764287, 4.115184632484426785 ) ) ;
#6215 = CARTESIAN_POINT ( 'NONE',  ( 579.4042782964344269, 6.470150477376778397, -16.83720772503760799 ) ) ;
#6216 = CARTESIAN_POINT ( 'NONE',  ( 790.1547867120158344, 70.07206740543806234, -38.66063450720347561 ) ) ;
#6217 = CARTESIAN_POINT ( 'NONE',  ( 1359.643359093436402, 744.0528731999810361, -0.5173722410543840633 ) ) ;
#6218 = CARTESIAN_POINT ( 'NONE',  ( 997.2575254305621684, 243.3180800803566797, 32.91015045388810734 ) ) ;
#6219 = CARTESIAN_POINT ( 'NONE',  ( 1445.016944733436958, 904.4899194928847237, -50.88568105813383369 ) ) ;
#6220 = CARTESIAN_POINT ( 'NONE',  ( 995.3002289126677624, 252.4832086843431398, 64.33420666545532640 ) ) ;
#6221 = CARTESIAN_POINT ( 'NONE',  ( 955.4669841600597238, 155.8152856987625228, -38.30037458183547727 ) ) ;
#6222 = CARTESIAN_POINT ( 'NONE',  ( 1412.603399747896219, 988.2073035882045815, 28.56071521969159832 ) ) ;
#6223 = CARTESIAN_POINT ( 'NONE',  ( 1131.262450449881726, 405.3372425489727675, 63.33228168872295782 ) ) ;
#6224 = CARTESIAN_POINT ( 'NONE',  ( 1169.539834134870489, 469.5399287046295740, 92.10687046247994658 ) ) ;
#6225 = CARTESIAN_POINT ( 'NONE',  ( 846.7972784024750581, 90.12041930367138320, -50.91793686725300461 ) ) ;
#6226 = CARTESIAN_POINT ( 'NONE',  ( 559.9999999999992042, 1.656778544936940101, 9.625640765966915424 ) ) ;
#6227 = CARTESIAN_POINT ( 'NONE',  ( 1095.701278478722770, 324.1475636497100936, -1.514444526903982569 ) ) ;
#6228 = CARTESIAN_POINT ( 'NONE',  ( 952.6025876819079485, 171.3645273756064000, -38.43513123756376615 ) ) ;
#6229 = CARTESIAN_POINT ( 'NONE',  ( 559.9999999999996589, -5.918115718140191994, -13.02825773575992940 ) ) ;
#6230 = CARTESIAN_POINT ( 'NONE',  ( 732.2836460607840081, 65.50591204999044237, 25.44524374473024508 ) ) ;
#6231 = CARTESIAN_POINT ( 'NONE',  ( 1128.971906271062608, 412.6492998131693071, 90.21990711213403813 ) ) ;
#6232 = CARTESIAN_POINT ( 'NONE',  ( 1356.812738887593468, 865.1837084439175669, 74.29142808889614003 ) ) ;
#6233 = CARTESIAN_POINT ( 'NONE',  ( 1319.963002868071953, 817.1074209761309248, 108.5709294119380672 ) ) ;
#6234 = CARTESIAN_POINT ( 'NONE',  ( 1086.074145298681287, 358.6075796262359745, 84.85322390484117250 ) ) ;
#6235 = CARTESIAN_POINT ( 'NONE',  ( 1278.646116467211641, 650.4975711309605231, 73.99622660183143807 ) ) ;
#6236 = CARTESIAN_POINT ( 'NONE',  ( 1446.042119412229340, 902.9337020084519736, -57.90280273811580969 ) ) ;
#6237 = CARTESIAN_POINT ( 'NONE',  ( 734.4228473481416586, 33.76574545031216701, -41.32276486077967093 ) ) ;
#6238 = CARTESIAN_POINT ( 'NONE',  ( 1286.379758135226894, 633.7051647601467721, 27.48325650570783907 ) ) ;
#6239 = CARTESIAN_POINT ( 'NONE',  ( 1451.551348898168726, 822.4361402584480629, -92.09212750915871482 ) ) ;
#6240 = CARTESIAN_POINT ( 'NONE',  ( 1150.883228562268414, 342.8562315958043314, -35.24148767139544702 ) ) ;
#6241 = CARTESIAN_POINT ( 'NONE',  ( 1371.669794918873095, 948.0504026583083714, 76.79565465150436410 ) ) ;
#6242 = CARTESIAN_POINT ( 'NONE',  ( 1429.821553405272425, 740.5326860431290470, -103.2090731951938523 ) ) ;
#6243 = CARTESIAN_POINT ( 'NONE',  ( 1208.782569978998254, 526.2276006869661842, 84.70574040202403410 ) ) ;
#6244 = CARTESIAN_POINT ( 'NONE',  ( 1426.251815604902959, 746.6238996716289194, -98.53829099180775586 ) ) ;
#6245 = CARTESIAN_POINT ( 'NONE',  ( 847.7313344013056167, 82.60921336640235779, -46.55062384919860818 ) ) ;
#6246 = CARTESIAN_POINT ( 'NONE',  ( 618.6720486182969125, 0.9986449796742311591, -28.01105461578086775 ) ) ;
#6247 = CARTESIAN_POINT ( 'NONE',  ( 1294.768788597942603, 745.8860430824641981, 110.1871752766227530 ) ) ;
#6248 = CARTESIAN_POINT ( 'NONE',  ( 560.0000000000000000, -0.9907558780927860909, 1.719985454074856923 ) ) ;
#6249 = CARTESIAN_POINT ( 'NONE',  ( 1416.355943659633340, 948.0278200882437432, 6.906373841404054303 ) ) ;
#6250 = CARTESIAN_POINT ( 'NONE',  ( 1376.450399226737545, 713.0952422097859653, -59.36210190577342871 ) ) ;
#6251 = CARTESIAN_POINT ( 'NONE',  ( 1444.534051846727834, 941.0521385308323943, -41.86852269504382207 ) ) ;
#6252 = CARTESIAN_POINT ( 'NONE',  ( 1299.306712628237847, 605.6931668229013894, -0.3203429285213567623 ) ) ;
#6253 = CARTESIAN_POINT ( 'NONE',  ( 788.0307750341909241, 92.57706318617441354, 22.67398389689297389 ) ) ;
#6254 = CARTESIAN_POINT ( 'NONE',  ( 1060.586859596151498, 228.0008461605150103, -59.18270000243813911 ) ) ;
#6255 = CARTESIAN_POINT ( 'NONE',  ( 1347.892876496283179, 880.4108048746996928, 89.45566724624229948 ) ) ;
#6256 = CARTESIAN_POINT ( 'NONE',  ( 902.0729483662133816, 118.9443365387899831, -38.41154051990688600 ) ) ;
#6257 = CARTESIAN_POINT ( 'NONE',  ( 675.9549936124404894, 34.36463581033192582, 18.31226865863476050 ) ) ;
#6258 = CARTESIAN_POINT ( 'NONE',  ( 1209.194716071058110, 525.1379301143734892, 67.10866606034726090 ) ) ;
#6259 = CARTESIAN_POINT ( 'NONE',  ( 1042.245761591784003, 302.3505424777703752, 78.73705031250571551 ) ) ;
#6260 = CARTESIAN_POINT ( 'NONE',  ( 1447.681265635667387, 900.4436039563893246, -60.27149663006731828 ) ) ;
#6261 = CARTESIAN_POINT ( 'NONE',  ( 843.7339689963309866, 115.1081679353485612, 24.89766182385559290 ) ) ;
#6262 = CARTESIAN_POINT ( 'NONE',  ( 1137.574214169049128, 385.2072870443331567, 16.73477743224479397 ) ) ;
#6263 = CARTESIAN_POINT ( 'NONE',  ( 579.3979906824517911, 7.346807724650669336, -14.95527474400930501 ) ) ;
#6264 = CARTESIAN_POINT ( 'NONE',  ( 1410.444594105250189, 773.6137966753123010, -60.14432544875580078 ) ) ;
#6265 = CARTESIAN_POINT ( 'NONE',  ( 579.3610408509372292, 12.38009771204036014, 18.67948711323759525 ) ) ;
#6266 = CARTESIAN_POINT ( 'NONE',  ( 995.7377236670316734, 250.4492805304121532, 70.23529979326188766 ) ) ;
#6267 = CARTESIAN_POINT ( 'NONE',  ( 894.7160932593186544, 167.1583396643312938, 61.05688039898366526 ) ) ;
#6268 = CARTESIAN_POINT ( 'NONE',  ( 947.7454928332003874, 197.9999655085937604, 48.72032126736972657 ) ) ;
#6269 = CARTESIAN_POINT ( 'NONE',  ( 945.7153668003652456, 209.0883330031329876, 66.67529442729806988 ) ) ;
#6270 = CARTESIAN_POINT ( 'NONE',  ( 1045.382189016685743, 289.6404844060522805, 54.74319418916759616 ) ) ;
#6271 = CARTESIAN_POINT ( 'NONE',  ( 559.9999999999998863, -0.8665100271663347398, -20.51691123600419431 ) ) ;
#6272 = CARTESIAN_POINT ( 'NONE',  ( 618.6600505716336329, 1.562210887843591189, -31.08915978238249167 ) ) ;
#6273 = CARTESIAN_POINT ( 'NONE',  ( 1282.942297349617547, 641.1618605513722287, 40.87326109729669810 ) ) ;
#6274 = CARTESIAN_POINT ( 'NONE',  ( 957.5937757737771108, 144.1493911855189651, -67.81115857252325441 ) ) ;
#6275 = CARTESIAN_POINT ( 'NONE',  ( 1425.449779400593115, 863.4786014876251556, -39.82684826385342802 ) ) ;
#6276 = CARTESIAN_POINT ( 'NONE',  ( 560.0000000000001137, 7.287224842109812251, 19.57976005868696490 ) ) ;
#6277 = CARTESIAN_POINT ( 'NONE',  ( 675.7829016450706376, 38.44520609770128061, 30.26838067172386104 ) ) ;
#6278 = CARTESIAN_POINT ( 'NONE',  ( 902.0300259855138165, 119.1452972930946430, -57.03787864595559398 ) ) ;
#6279 = CARTESIAN_POINT ( 'NONE',  ( 1050.060670763632515, 270.6016716378537694, -12.07010845647167052 ) ) ;
#6280 = CARTESIAN_POINT ( 'NONE',  ( 1249.469983503602180, 420.5979035015349154, -85.74042779135378112 ) ) ;
#6281 = CARTESIAN_POINT ( 'NONE',  ( 1448.778862560946436, 898.7753261514246788, -57.63482839028833382 ) ) ;
#6282 = CARTESIAN_POINT ( 'NONE',  ( 1236.628045261362331, 606.9297151217933788, 105.6352741243879052 ) ) ;
#6283 = CARTESIAN_POINT ( 'NONE',  ( 1331.798164545370810, 671.9856836959494331, -2.843689882120546297 ) ) ;
#6284 = CARTESIAN_POINT ( 'NONE',  ( 895.8701572032975946, 159.5993016971569318, 49.38940716705457135 ) ) ;
#6285 = CARTESIAN_POINT ( 'NONE',  ( 1331.022785200921589, 673.5330649695863485, -0.4867381275506198479 ) ) ;
#6286 = CARTESIAN_POINT ( 'NONE',  ( 845.1494812415049864, 103.4714515700464403, -33.63085037679726241 ) ) ;
#6287 = CARTESIAN_POINT ( 'NONE',  ( 618.4802853458936625, 11.63455852319236072, -24.86735577036417766 ) ) ;
#6288 = CARTESIAN_POINT ( 'NONE',  ( 1383.287880859100369, 819.9770567292439409, 3.886233514967921909 ) ) ;
#6289 = CARTESIAN_POINT ( 'NONE',  ( 1249.089600948765337, 577.4138672323721266, 44.55480837362082980 ) ) ;
#6290 = CARTESIAN_POINT ( 'NONE',  ( 1391.362592976626047, 685.6620955458440676, -80.23105773083638326 ) ) ;
#6291 = CARTESIAN_POINT ( 'NONE',  ( 1129.262997808220462, 411.7181620679938874, 80.51291522094793152 ) ) ;
#6292 = CARTESIAN_POINT ( 'NONE',  ( 1436.638107142265198, 845.8865009899980123, -61.94190411294993481 ) ) ;
#6293 = CARTESIAN_POINT ( 'NONE',  ( 1341.882928267561738, 776.7513849571653282, 50.19654580555416601 ) ) ;
#6294 = CARTESIAN_POINT ( 'NONE',  ( 579.3608788864346479, 12.41123186113728316, 17.05281668173523002 ) ) ;
#6295 = CARTESIAN_POINT ( 'NONE',  ( 559.9999999999997726, 6.117037372867490497, 22.73528126829497609 ) ) ;
#6296 = CARTESIAN_POINT ( 'NONE',  ( 1395.124893123128913, 678.7243580748059912, -97.39888596222597528 ) ) ;
#6297 = CARTESIAN_POINT ( 'NONE',  ( 675.9904790552867553, 33.52319874491796980, 15.93522365959968212 ) ) ;
#6298 = CARTESIAN_POINT ( 'NONE',  ( 1412.015260388623346, 954.6225716929866394, 7.819475144585303461 ) ) ;
#6299 = CARTESIAN_POINT ( 'NONE',  ( 1313.465754176096198, 574.9649324681968210, -63.02766433299465376 ) ) ;
#6300 = CARTESIAN_POINT ( 'NONE',  ( 1382.928966946319406, 701.1861439896144930, -60.75003462811936572 ) ) ;
#6301 = CARTESIAN_POINT ( 'NONE',  ( 1243.011932812521763, 591.8080865039718219, 73.45959906733196476 ) ) ;
#6302 = CARTESIAN_POINT ( 'NONE',  ( 1240.742936927647406, 597.1934543180570927, 98.70636740505510431 ) ) ;
#6303 = CARTESIAN_POINT ( 'NONE',  ( 1236.696117919083008, 606.7688020039004186, 106.3783365371111813 ) ) ;
#6304 = CARTESIAN_POINT ( 'NONE',  ( 843.0376632333573070, 120.7650590886292008, 39.12580900718837995 ) ) ;
#6305 = CARTESIAN_POINT ( 'NONE',  ( 843.1353805653615154, 119.9712639407025563, 37.05447813784201827 ) ) ;
#6306 = CARTESIAN_POINT ( 'NONE',  ( 1356.861123028729253, 621.9538725030761270, -85.61484223428563212 ) ) ;
#6307 = CARTESIAN_POINT ( 'NONE',  ( 903.1812695301226768, 111.6294377938624933, -61.39312196793056842 ) ) ;
#6308 = CARTESIAN_POINT ( 'NONE',  ( 1362.255211930167661, 855.8808048400686630, 46.14473780372743761 ) ) ;
#6309 = CARTESIAN_POINT ( 'NONE',  ( 734.2505551828846819, 36.29970601345305425, -42.95421864885105379 ) ) ;
#6310 = CARTESIAN_POINT ( 'NONE',  ( 1392.602870870271090, 984.1105827028275144, 55.79743996042276422 ) ) ;
#6311 = CARTESIAN_POINT ( 'NONE',  ( 788.1992106547031653, 90.89134684530182540, 41.24758747338710663 ) ) ;
#6312 = CARTESIAN_POINT ( 'NONE',  ( 956.2474471427980234, 151.4846690002294736, -63.32887920577424978 ) ) ;
#6313 = CARTESIAN_POINT ( 'NONE',  ( 791.4644698065390003, 56.35533529438566802, -42.17132842889359523 ) ) ;
#6314 = CARTESIAN_POINT ( 'NONE',  ( 1407.397927817611389, 891.8575117975276498, -12.87184728787797461 ) ) ;
#6315 = CARTESIAN_POINT ( 'NONE',  ( 1446.571701638198647, 830.2681242376042974, -80.49389086149221839 ) ) ;
#6316 = CARTESIAN_POINT ( 'NONE',  ( 1343.932029361591731, 887.1754884765803126, 101.1668113841334673 ) ) ;
#6317 = CARTESIAN_POINT ( 'NONE',  ( 560.0000000000000000, -1.895833567666743491, -0.9563155596846321105 ) ) ;
#6318 = CARTESIAN_POINT ( 'NONE',  ( 1354.287105330994336, 869.4964765087031537, 81.15577455304925536 ) ) ;
#6319 = CARTESIAN_POINT ( 'NONE',  ( 1186.959088945370468, 419.6306562615970961, 0.2459108516574697034 ) ) ;
#6320 = CARTESIAN_POINT ( 'NONE',  ( 1302.414776780176908, 730.6294099933041934, 93.09499760456249362 ) ) ;
#6321 = CARTESIAN_POINT ( 'NONE',  ( 1004.655818441877500, 208.7755423857642540, -43.83284263344134501 ) ) ;
#6322 = CARTESIAN_POINT ( 'NONE',  ( 1285.144489029380793, 492.0732079755829318, -85.73750638169370575 ) ) ;
#6323 = CARTESIAN_POINT ( 'NONE',  ( 1408.203282416331376, 890.5989570260021537, -2.350507906415065129 ) ) ;
#6324 = CARTESIAN_POINT ( 'NONE',  ( 1212.982674715118264, 515.2955743553325192, 46.24170818763361979 ) ) ;
#6325 = CARTESIAN_POINT ( 'NONE',  ( 734.2929741219287507, 35.75450177880524905, -32.04909192893380521 ) ) ;
#6326 = CARTESIAN_POINT ( 'NONE',  ( 842.1187159221285583, 128.2110888000599687, 47.31950734712894047 ) ) ;
#6327 = CARTESIAN_POINT ( 'NONE',  ( 1354.943040742340827, 625.8000698202318972, -68.20412901695327434 ) ) ;
#6328 = CARTESIAN_POINT ( 'NONE',  ( 1094.538917221955899, 328.3605092464645736, 32.06151380992090338 ) ) ;
#6329 = CARTESIAN_POINT ( 'NONE',  ( 787.8483781787770113, 94.54685242023421665, 35.77429376314609755 ) ) ;
#6330 = CARTESIAN_POINT ( 'NONE',  ( 1170.749944728995388, 466.0750272809992794, 86.95791008784564724 ) ) ;
#6331 = CARTESIAN_POINT ( 'NONE',  ( 787.7423915629204885, 95.70486881314532468, 48.86313266318489923 ) ) ;
#6332 = CARTESIAN_POINT ( 'NONE',  ( 1248.201835177439307, 423.8597874012961597, -93.03018521929952556 ) ) ;
#6333 = CARTESIAN_POINT ( 'NONE',  ( 1137.962261975567799, 384.0137397283411360, 37.02598185702666456 ) ) ;
#6334 = CARTESIAN_POINT ( 'NONE',  ( 1408.251588705626546, 960.3392511710459303, 16.56251188552920794 ) ) ;
#6335 = CARTESIAN_POINT ( 'NONE',  ( 676.0546958636758745, 31.67277606331668593, -22.18832852222467267 ) ) ;
#6336 = CARTESIAN_POINT ( 'NONE',  ( 1198.774992455633765, 385.7788077258173303, -53.59306723706097841 ) ) ;
#6337 = CARTESIAN_POINT ( 'NONE',  ( 1302.319476267513437, 730.8092792517186354, 79.98504419707379043 ) ) ;
#6338 = CARTESIAN_POINT ( 'NONE',  ( 732.3214325691159274, 65.01556901103390373, 41.39260703228192284 ) ) ;
#6339 = CARTESIAN_POINT ( 'NONE',  ( 676.1045213065693815, 30.49328089331758562, -24.41753120353230955 ) ) ;
#6340 = CARTESIAN_POINT ( 'NONE',  ( 579.3624109138755784, 12.15072792667728585, 25.36354611653579738 ) ) ;
#6341 = CARTESIAN_POINT ( 'NONE',  ( 1246.726173504753206, 583.0305060577537688, 72.11262965782549372 ) ) ;
#6342 = CARTESIAN_POINT ( 'NONE',  ( 1366.620547729456575, 955.9930081944557969, 90.33662173614384017 ) ) ;
#6343 = CARTESIAN_POINT ( 'NONE',  ( 896.3121480228739983, 156.7025136688212399, 42.36556931313215557 ) ) ;
#6344 = CARTESIAN_POINT ( 'NONE',  ( 1323.300059342021996, 553.6463286473076550, -87.92517734963641374 ) ) ;
#6345 = CARTESIAN_POINT ( 'NONE',  ( 579.4769579906513854, -3.702004990581433841, -26.02656371767077204 ) ) ;
#6346 = CARTESIAN_POINT ( 'NONE',  ( 1431.320079703216834, 960.5665235036821059, -11.60631716250043510 ) ) ;
#6347 = CARTESIAN_POINT ( 'NONE',  ( 618.3036455070100601, 22.04555364953616348, 14.25276400785515563 ) ) ;
#6348 = CARTESIAN_POINT ( 'NONE',  ( 1010.722291013382346, 180.5224510713715063, -74.54192837930597193 ) ) ;
#6349 = CARTESIAN_POINT ( 'NONE',  ( 618.3040550120664420, 22.22454850233944512, 26.08462310595692557 ) ) ;
#6350 = CARTESIAN_POINT ( 'NONE',  ( 1243.401249154443349, 590.9010593534329701, 86.31183962534508680 ) ) ;
#6351 = CARTESIAN_POINT ( 'NONE',  ( 902.2807057902207362, 117.5077039812752560, -58.53422450741456373 ) ) ;
#6352 = CARTESIAN_POINT ( 'NONE',  ( 560.0000000000006821, 6.502315086006978717, -1.433400531587518900 ) ) ;
#6353 = CARTESIAN_POINT ( 'NONE',  ( 618.6715269092346716, 1.050050678948747374, -27.45734563546517037 ) ) ;
#6354 = CARTESIAN_POINT ( 'NONE',  ( 560.0000000000006821, 6.502315086006978717, -1.433400531587518900 ) ) ;
#6355 = CARTESIAN_POINT ( 'NONE',  ( 1207.801869177942081, 359.9166163936615703, -90.02863484950169948 ) ) ;
#6356 = CARTESIAN_POINT ( 'NONE',  ( 1167.050856792117429, 476.6695390041323890, 96.72881800581389200 ) ) ;
#6357 = CARTESIAN_POINT ( 'NONE',  ( 1053.528630361488922, 256.6149681017523108, -10.92169162958879802 ) ) ;
#6358 = CARTESIAN_POINT ( 'NONE',  ( 842.8163318832423556, 122.5628095585281301, 43.63970060720716049 ) ) ;
#6359 = APPROVAL ( #7049, 'UNSPECIFIED' ) ;
#6360 = CARTESIAN_POINT ( 'NONE',  ( 560.0000000000000000, -1.211028152730512009, 1.069353200726598674 ) ) ;
#6361 = CARTESIAN_POINT ( 'NONE',  ( 1088.841460238184709, 348.7231464000586811, 74.24930821839400608 ) ) ;
#6362 = CARTESIAN_POINT ( 'NONE',  ( 733.1168650883678310, 53.01606661366975715, -23.65228616142862350 ) ) ;
#6363 = CARTESIAN_POINT ( 'NONE',  ( 902.6097378898188026, 115.4221875858588362, -45.07241580714944007 ) ) ;
#6364 = CARTESIAN_POINT ( 'NONE',  ( 579.4318920253605256, 2.480069863444373635, 0.5885945607137368363 ) ) ;
#6365 = CARTESIAN_POINT ( 'NONE',  ( 1174.857933518932441, 454.2742610605732807, 44.02616227623320810 ) ) ;
#6366 = CARTESIAN_POINT ( 'NONE',  ( 791.3602122107789683, 57.46976926203905123, -38.98769257869957983 ) ) ;
#6367 = CARTESIAN_POINT ( 'NONE',  ( 675.6256372461332376, 42.12670372334944346, 31.76587770096880803 ) ) ;
#6368 = CARTESIAN_POINT ( 'NONE',  ( 676.6139072937495484, 18.68802105683283443, -22.94292205233028525 ) ) ;
#6369 = CARTESIAN_POINT ( 'NONE',  ( 732.9532176375740846, 55.66075580180709181, 16.88863928682103932 ) ) ;
#6370 = CARTESIAN_POINT ( 'NONE',  ( 1273.692782819134436, 661.2293018798711728, 79.20796070073386375 ) ) ;
#6371 = CARTESIAN_POINT ( 'NONE',  ( 996.1492279625347237, 248.5343081817628104, 67.49376338117927787 ) ) ;
#6372 = CARTESIAN_POINT ( 'NONE',  ( 618.5550202742540478, 7.437952884456345615, -29.75015892020593711 ) ) ;
#6373 = CARTESIAN_POINT ( 'NONE',  ( 788.9850651534192139, 82.58671113689044319, 19.14124642333514714 ) ) ;
#6374 = CARTESIAN_POINT ( 'NONE',  ( 998.3741714748512095, 238.0963090948025354, 17.95526876473144284 ) ) ;
#6375 = CARTESIAN_POINT ( 'NONE',  ( 1103.444444056379780, 296.4704176071564916, -50.47529709178177626 ) ) ;
#6376 = CARTESIAN_POINT ( 'NONE',  ( 1153.951822486878427, 333.0824919214746274, -50.28730377573383237 ) ) ;
#6377 = CARTESIAN_POINT ( 'NONE',  ( 559.9999999999996589, 7.508908591835785629, 15.23447861784768342 ) ) ;
#6378 = CARTESIAN_POINT ( 'NONE',  ( 732.3602163333507633, 64.44200861405552416, 40.61210025927313438 ) ) ;
#6379 = CARTESIAN_POINT ( 'NONE',  ( 1055.729536012927838, 247.6187047874708753, -51.92807960237080067 ) ) ;
#6380 = CARTESIAN_POINT ( 'NONE',  ( 1358.625917986778859, 862.0874338991187642, 69.17647331300564417 ) ) ;
#6381 = CARTESIAN_POINT ( 'NONE',  ( 1370.551264045234802, 594.6462962347358143, -111.3930410054764195 ) ) ;
#6382 = CARTESIAN_POINT ( 'NONE',  ( 579.3931202440184052, 7.871482179812414159, 16.60781479324899834 ) ) ;
#6383 = CARTESIAN_POINT ( 'NONE',  ( 1358.286525734809629, 619.1103312909223177, -88.65798361576560183 ) ) ;
#6384 = CARTESIAN_POINT ( 'NONE',  ( 1451.507510750208667, 822.5055070930596912, -91.71343536441182209 ) ) ;
#6385 = CARTESIAN_POINT ( 'NONE',  ( 1306.260813554594733, 590.6136840724595913, -23.54644198868871996 ) ) ;
#6386 = CARTESIAN_POINT ( 'NONE',  ( 947.4339813548457414, 199.6463803498313894, 29.88652881857735011 ) ) ;
#6387 = CARTESIAN_POINT ( 'NONE',  ( 1294.990348469420951, 468.7846961989279180, -107.4838391033456162 ) ) ;
#6388 = B_SPLINE_SURFACE_WITH_KNOTS ( 'NONE', 3, 3, ( 
 ( #4696, #6364, #1449, #2608, #3288, #5560, #5014, #4873, #2239, #3253, #4979, #69, #1627, #33, #1696, #4438, #1152, #6649, #4366, #2814, #616, #4296, #5491 ),
 ( #3756, #2135, #6515, #6032, #6066, #5421, #4402, #1015, #6580, #3357, #3887, #2779, #3852, #4331, #1117, #547, #1560, #6101, #3818, #3322, #1083, #3221, #5966 ),
 ( #2744, #4945, #477, #2676, #7121, #5998, #7086, #7157, #6547, #2205, #1593, #2169, #6616, #3787, #1661, #5526, #1049, #581, #5454, #511, #2709, #4908, #6933 ),
 ( #4718, #6210, #1978, #5262, #1805, #3997, #5631, #5049, #3057, #4170, #3599, #1770, #6137, #859, #1732, #1262, #6174, #2850, #6892, #5808, #5086, #2272, #314 ),
 ( #1939, #3463, #5666, #4131, #687, #2922, #1188, #725, #2514, #5122, #274, #2476, #5596, #1433, #6720, #2885, #6385, #4680, #3392, #895, #4507, #141, #6346 ),
 ( #104, #3923, #2307, #1394, #3637, #651, #5846, #3095, #5300, #4473, #3961, #6683, #1224, #3430, #2343, #4544, #6757, #1066, #4210, #1034, #5917, #4755, #6564 ),
 ( #2693, #7104, #6016, #4792, #999, #495, #5336, #965, #3204, #3169, #2153, #5404, #460, #2016, #6423, #3133, #6498, #353, #4348, #3272, #2554, #2659, #4892 ),
 ( #1576, #3804, #428, #2626, #4825, #1472, #5984, #5372, #2052, #6969, #4281, #3673, #4857, #5882, #7038, #2088, #930, #7071, #1543, #7005, #3773, #391, #2592 ),
 ( #3741, #3239, #5439, #1611, #5950, #4248, #6461, #2120, #4315, #3708, #1510, #6532, #2867, #6702, #4962, #2187, #3941, #4927, #2255, #2221, #6048, #2832, #1751 ),
 ( #6738, #2727, #6156, #5031, #50, #6666, #86, #3869, #6118, #4384, #4454, #5614, #1712, #3904, #4996, #1644, #4524, #2761, #1678, #669, #1169, #6598, #3978 ),
 ( #1787, #3304, #6192, #1099, #7139, #5507, #3373, #2290, #3834, #3410, #4490, #5578, #1245, #16, #634, #4419, #1206, #5068, #123, #563, #5474, #6632, #2324 ),
 ( #530, #6082, #1133, #3338, #5542, #599, #2796, #2468, #2905, #1930, #5650, #2504, #1281, #4708, #4015, #5105, #3481, #1350, #5215, #1824, #1385, #265, #4086 ),
 ( #3590, #3519, #1968, #6922, #4159, #4634, #3447, #4671, #4122, #6883, #5178, #4564, #6376, #6336, #5798, #3048, #706, #744, #6300, #6776, #776, #850, #5685 ),
 ( #6229, #3554, #160, #5723, #303, #5252, #2362, #3013, #2941, #5141, #6846, #193, #2396, #2977, #4599, #227, #6813, #1860, #4050, #6264, #2433, #1317, #1893 ),
 ( #5760, #812, #4848, #3628, #4272, #2006, #6996, #1461, #1569, #3765, #5873, #1534, #4199, #6488, #4783, #2616, #1501, #2651, #4307, #5976, #5363, #1025, #6523 ),
 ( #4816, #418, #3230, #3664, #7063, #2043, #2111, #921, #4883, #7029, #3160, #3123, #5430, #3699, #3732, #6414, #2684, #5837, #486, #991, #2078, #5942, #3196 ),
 ( #5327, #382, #5396, #452, #7095, #2583, #2545, #2144, #886, #1424, #4239, #4339, #4746, #6451, #5908, #956, #6959, #3086, #5291, #343, #6555, #3330, #3262 ),
 ( #7130, #4953, #6589, #6694, #1742, #3826, #6657, #2178, #4446, #2752, #591, #6624, #626, #2281, #3932, #5534, #6147, #4482, #6074, #1125, #8, #4375, #78 ),
 ( #2213, #2823, #1636, #2858, #4988, #2788, #6040, #5023, #1670, #1704, #1091, #660, #3795, #1197, #6110, #41, #2247, #1161, #4411, #3896, #5465, #3365, #3401 ),
 ( #3296, #521, #5570, #6007, #1601, #5499, #5605, #2718, #555, #5059, #1057, #112, #3861, #2315, #4918, #3969, #4553, #2422, #6290, #2895, #2458, #1340, #5168 ),
 ( #4661, #4589, #3038, #5786, #839, #5712, #4516, #3544, #3001, #5749, #6254, #5641, #5242, #5205, #6873, #4112, #293, #1814, #217, #697, #1850, #1920, #2352 ),
 ( #4623, #1235, #6802, #1375, #6325, #254, #4076, #6767, #802, #767, #6729, #3580, #4040, #1778, #1307, #3439, #6183, #5095, #150, #4005, #1883, #6219, #184 ),
 ( #1271, #3472, #5675, #3508, #2967, #734, #2931, #6836, #5131, #2386, #2642, #1491, #947, #2034, #5826, #5933, #2494, #4188, #3724, #3618, #3654, #982, #4698 ),
 ( #3757, #3222, #3076, #444, #1450, #3187, #5422, #6987, #5388, #7054, #4841, #6516, #2103, #2572, #1016, #5967, #6912, #3690, #1958, #1526, #4298, #1561, #4230 ),
 ( #4149, #6403, #5864, #6949, #876, #6366, #1414, #5281, #332, #2534, #6440, #4263, #4735, #2609, #1996, #4773, #912, #3113, #5317, #2069, #371, #6478, #5899 ),
 ( #4809, #3151, #5354, #409, #7021, #3924, #548, #2745, #4946, #1594, #6102, #3289, #2170, #478, #4403, #4332, #5527, #2136, #5492, #1, #6548, #2780, #2206 ),
 ( #3254, #582, #3819, #1662, #6617, #1697, #3358, #2815, #3853, #5015, #5561, #6067, #1118, #6033, #5455, #1153, #70, #3888, #7122, #3788, #617, #7087, #3323 ),
 ( #6581, #4980, #34, #2710, #2273, #4474, #2677, #2240, #1050, #1084, #512, #6684, #1734, #4909, #4439, #4367, #6650, #6138, #1189, #3393, #4875, #5999, #1628 ),
 ( #792, #3498, #1365, #6793, #4580, #244, #688, #6829, #1806, #1875, #5632, #1910, #4031, #176, #2886, #4067, #726, #759, #3431, #6863, #2851, #6281, #5159 ),
 ( #208, #3998, #6246, #4508, #1841, #5738, #1298, #5702, #6211, #1263, #1331, #652, #3464, #2991, #2958, #2308, #4103, #5087, #5667, #2413, #6315, #5597, #6175 ),
 ( #4615, #3534, #3962, #5195, #2448, #4652, #5050, #142, #2378, #4545, #105, #6721, #1771, #1225, #2344, #6758, #2923, #5123, #829, #2634, #6469, #5271, #322 ),
 ( #5232, #2600, #3028, #1404, #3570, #5308, #5345, #4688, #3681, #283, #3645, #435, #5925, #2059, #3142, #3607, #400, #6978, #5776, #1518, #903, #4800, #362 ),
 ( #7046, #5855, #3104, #2563, #2484, #6431, #4140, #1988, #5816, #3715, #973, #867, #5890, #6355, #1482, #6941, #4764, #2025, #7012, #3179, #5380, #4221, #4833 ),
 ( #6507, #939, #4255, #2095, #3066, #4289, #4179, #6902, #2525, #1948, #4726, #6395, #1442, #4971, #3811, #3843, #6540, #2805, #5958, #25, #1108, #3280, #2736 ),
 ( #1652, #1042, #2128, #5517, #7148, #2771, #5447, #6094, #4865, #2232, #1553, #3247, #4429, #2668, #2701, #6642, #3749, #608, #1586, #5005, #4324, #1007, #3781 ),
 ( #4464, #6023, #1688, #1145, #3880, #5551, #3348, #1619, #60, #2264, #3213, #4936, #5412, #573, #468, #7079, #5482, #5992, #504, #4900, #7112, #2161, #4357 ),
 ( #6572, #1074, #538, #2196, #4393, #6608, #6057, #3313, #169, #2371, #1178, #3383, #2299, #5659, #6675, #1325, #237, #5188, #6786, #4060, #95, #1722, #752 ),
 ( #5040, #1255, #6823, #5624, #2915, #6748, #1761, #1869, #2951, #1215, #3953, #643, #5587, #5693, #6128, #4499, #3914, #3456, #1290, #2841, #1833, #6712, #1798 ),
 ( #6166, #3422, #718, #679, #3528, #2441, #2877, #4024, #6274, #5078, #133, #5150, #2985, #3988, #6202, #5115, #2334, #201, #4535, #4573, #6239, #3490, #2405 ),
 ( #4609, #5732, #786, #6425, #1474, #2478, #3639, #3022, #1435, #6348, #6935, #861, #2556, #4212, #3675, #2516, #5884, #932, #316, #4720, #1396, #5225, #6971 ),
 ( #3601, #4757, #276, #393, #1980, #4172, #4682, #2018, #3059, #5848, #6894, #5338, #1904, #3135, #897, #6387, #3097, #5302, #5810, #355, #1359, #2594, #4794 ),
 ( #5264, #4645, #6857, #4096, #6309, #3562, #5770, #1941, #822, #4133, #2166, #6512, #2776, #2099, #977, #1557, #6577, #3285, #7050, #6613, #5487, #4363, #4435 ),
 ( #1590, #30, #4976, #2236, #2706, #1523, #544, #7154, #2741, #3250, #2638, #3720, #2202, #1658, #4942, #5929, #1623, #4293, #7083, #3753, #3849, #6063, #5963 ),
 ( #3815, #4870, #4905, #3784, #4399, #1114, #3319, #5451, #5523, #578, #1046, #508, #2132, #1012, #3183, #5384, #440, #3218, #4837, #5418, #474, #7118, #2673 ),
 ( #5995, #6029, #4328, #6544, #1080, #2919, #6207, #1221, #685, #1260, #5046, #138, #5557, #5629, #6791, #2882, #5083, #101, #2305, #2376, #1693, #2847, #1839 ),
 ( #4578, #5155, #2811, #2340, #4470, #757, #66, #6098, #6680, #4542, #3461, #5011, #4029, #5664, #6754, #2410, #1185, #3428, #5593, #6244, #1803, #3994, #3884 ),
 ( #5120, #723, #174, #613, #205, #1295, #3495, #5699, #6646, #3920, #2956, #2269, #3959, #1149, #1729, #4505, #3354, #6717, #6134, #3389, #648, #1767, #6172 ),
 ( #4649, #6392, #864, #6827, #359, #1944, #1438, #6351, #3532, #4217, #2021, #2989, #1400, #4761, #3566, #3062, #4685, #6860, #3604, #5813, #3642, #3025, #5267 ),
 ( #5851, #319, #900, #1362, #6428, #790, #3101, #4613, #6312, #5305, #5736, #2560, #3138, #5192, #2521, #2445, #5887, #240, #4064, #1907, #4723, #6975, #4099 ),
 ( #1478, #3678, #935, #5341, #6898, #396, #1873, #6278, #6938, #1329, #5773, #825, #5228, #1984, #279, #2481, #4136, #4175, #2192, #1104, #7042, #3243, #5921 ),
 ( #432, #3209, #5443, #5408, #4389, #500, #2697, #4252, #6465, #5376, #1582, #2597, #6604, #3309, #5512, #4896, #7144, #3175, #4797, #3808, #6053, #2664, #4861 ),
 ( #1070, #464, #4285, #7009, #6536, #1514, #7108, #3712, #7075, #2124, #970, #2157, #4319, #2092, #6020, #2630, #4829, #3777, #3276, #1649, #4353, #5988, #1615 ),
 ( #5479, #1038, #6568, #5955, #6503, #534, #3839, #2732, #1548, #3745, #4932, #2056, #1003, #4461, #1140, #5075, #1795, #3380, #569, #3453, #1830, #6236, #5112 ),
 ( #1287, #1252, #2912, #166, #3487, #5002, #1212, #3876, #5037, #715, #5548, #1175, #3419, #5584, #2368, #5621, #676, #2228, #4425, #3344, #6709, #2767, #4570 ),
 ( #5656, #92, #2331, #2296, #6639, #6783, #4021, #6090, #4496, #4967, #6672, #3950, #640, #2802, #21, #3985, #1684, #2874, #605, #6125, #57, #2261, #1719 ),
 ( #6199, #3911, #2838, #1758, #6163, #130, #4532, #6745, #4716, #6967, #893, #3597, #1470, #6890, #4678, #351, #783, #6931, #1900, #1976, #5729, #2014, #4129 ),
 ( #6271, #3055, #4168, #1356, #5690, #1431, #4208, #6421, #3093, #4093, #857, #234, #5805, #5185, #1322, #2512, #6344, #6383, #2438, #5298, #1866, #3635, #749 ),
 ( #6820, #5844, #2948, #4057, #1392, #3525, #5147, #2982, #198, #4641, #5260, #312, #6854, #2552, #4753, #2402, #4606, #6306, #272, #3559, #5767, #819, #1937 ),
 ( #3019, #5221, #2474, #389, #1575, #5334, #6496, #998, #2590, #5983, #3203, #3167, #4891, #4246, #1508, #5403, #7103, #1065, #1033, #1541, #2692, #4926, #6015 ),
 ( #459, #7036, #6459, #4347, #3271, #2152, #5370, #4790, #6563, #3131, #2658, #426, #3706, #3238, #1610, #3740, #3671, #3803, #7138, #2186, #5473, #2086, #5438 ),
 ( #4314, #7003, #4856, #529, #7070, #2119, #4279, #5949, #2726, #5880, #6531, #4383, #3772, #2050, #6597, #928, #5915, #963, #2624, #4823, #494, #6737, #598 ),
 ( #6117, #4523, #6191, #1786, #5649, #3977, #1711, #159, #2904, #5104, #2831, #1643, #668, #122, #2866, #3372, #2760, #2361, #2323, #1244, #3446, #4563, #6081 ),
 ( #1098, #6631, #3833, #5577, #3409, #4961, #1750, #5506, #3903, #705, #6047, #3303, #1205, #1677, #5613, #5030, #562, #15, #1168, #5067, #633, #2220, #4418 ),
 ( #85, #2289, #3868, #1132, #4453, #3337, #5541, #4489, #2795, #4995, #49, #2254, #6665, #6701, #3940, #6155, #4085, #2503, #4158, #4707, #3627, #6921, #6845 ),
 ( #3085, #811, #6775, #5797, #5251, #849, #1349, #743, #5290, #302, #1967, #6375, #342, #4049, #264, #2940, #6299, #1423, #4598, #226, #2467, #2432, #5836 ),
 ( #885, #2544, #1823, #6335, #6812, #1384, #3012, #4014, #6228, #3553, #3589, #5759, #5684, #1280, #3480, #5140, #5214, #192, #5722, #4670, #1892, #1859, #2395 ),
 ( #6882, #6263, #4633, #1929, #1316, #4121, #3047, #3518, #775, #2976, #5177, #2077, #1024, #2143, #2110, #2615, #3764, #6006, #7094, #5464, #955, #4338, #381 ),
 ( #5975, #3159, #3229, #4782, #1056, #3195, #6487, #6995, #5429, #7028, #7062, #2582, #3261, #2005, #485, #4306, #1533, #5941, #6522, #5362, #5395, #3663, #3731 ),
 ( #2683, #1500, #6554, #920, #4882, #4745, #6450, #1600, #5872, #3794, #520, #3122, #451, #4815, #6958, #4198, #6413, #990, #1460, #4271, #5326, #417, #2042 ),
 ( #4238, #3698, #2650, #5907, #4847, #1568, #1160, #4445, #2751, #6146, #4987, #5022, #554, #3968, #7129, #1196, #2280, #6656, #3895, #4481, #1124, #3364, #1635 ),
 ( #5569, #3931, #6623, #111, #6039, #3400, #2717, #4410, #5604, #3825, #659, #1234, #1090, #625, #4952, #6182, #3295, #2177, #7, #2822, #6693, #5498, #2857 ),
 ( #6728, #5058, #2787, #3438, #5640, #4917, #6109, #4374, #1741, #2314, #4515, #1703, #2212, #6588, #1777, #1669, #3860, #6073, #3329, #77, #5533, #40, #590 ),
 ( #2246, #1909, #902, #4651, #866, #4799, #3141, #6430, #361, #828, #2562, #4178, #2894, #3680, #5270, #4763, #2524, #6862, #399, #5344, #6314, #4725, #937 ),
 ( #3606, #2483, #696, #6940, #4102, #5854, #2447, #5815, #321, #1364, #3103, #1987, #282, #2024, #3568, #5775, #6394, #6468, #2058, #4254, #1440, #5094, #6977 ),
 ( #6354, #243, #7011, #5889, #4687, #6901, #5231, #3027, #1947, #4220, #4139, #1403, #3065, #3644, #1481, #5307, #2599, #1517, #3714, #2770, #1107, #4392, #5481 ),
 ( #5957, #972, #1651, #3246, #537, #503, #4832, #5516, #3312, #4288, #2700, #6056, #4864, #2160, #5991, #1006, #572, #2195, #3178, #1618, #6506, #4323, #3212 ),
 ( #5446, #5411, #7147, #1552, #3748, #4899, #6607, #4970, #3279, #3780, #4935, #24, #2231, #4428, #2667, #2127, #3842, #6641, #467, #1687, #6539, #5924, #7078 ),
 ( #7111, #1585, #1041, #2735, #5379, #4356, #434, #2633, #7045, #2094, #6571, #3810, #1073, #6022, #3987, #3382, #4463, #717, #2333, #5114, #642, #1289, #59 ),
 ( #94, #4023, #132, #607, #168, #2370, #2950, #4572, #5149, #4608, #6674, #1832, #2840, #6785, #6822, #1214, #6238, #3489, #5692, #751, #200, #3952, #4534 ),
 ( #2404, #3879, #6093, #6747, #1721, #2298, #3913, #1144, #3347, #1177, #6201, #6127, #1797, #4498, #5077, #6165, #5550, #2804, #5004, #678, #2263, #3421, #5586 ),
 ( #5039, #6711, #1760, #5623, #2876, #1254, #3455, #5658, #2914, #3600, #1903, #5301, #4132, #4171, #6856, #3134, #6273, #354, #1434, #5809, #3058, #3638, #275 ),
 ( #860, #2017, #5263, #315, #2477, #4681, #4756, #4059, #5224, #4211, #2515, #5731, #3096, #2555, #931, #6970, #5337, #2593, #2440, #6424, #821, #1473, #4793 ),
 ( #5847, #4719, #1868, #3561, #6934, #3021, #3674, #1979, #6386, #1324, #3527, #785, #5883, #6893, #2984, #392, #5187, #5769, #1940, #6308, #236, #4644, #896 ),
 ( #4095, #1358, #6347, #1395, #2660, #6599, #496, #2694, #1511, #3709, #2627, #5373, #6049, #3273, #4249, #5508, #7105, #4385, #429, #7006, #1067, #3305, #7072 ),
 ( #7140, #5951, #2762, #4316, #2728, #1645, #4928, #3835, #2188, #2121, #564, #1100, #2053, #1035, #6462, #6017, #5475, #531, #1577, #966, #5918, #3170, #4826 ),
 ( #7039, #2089, #4282, #6499, #1544, #3742, #3774, #1612, #1000, #2154, #3205, #6533, #5405, #461, #4858, #5985, #3240, #5440, #4893, #4349, #6565, #3805, #6739 ),
 ( #4565, #2363, #3339, #6703, #5106, #3905, #1207, #5032, #51, #161, #1246, #17, #670, #5543, #3374, #4997, #6777, #1825, #2256, #5069, #600, #2868, #1170 ),
 ( #4016, #2325, #2833, #3979, #6230, #1282, #3482, #1713, #5579, #5651, #5686, #4455, #6193, #635, #3448, #6667, #745, #3411, #1752, #6119, #707, #87, #124 ),
 ( #2906, #4963, #2222, #4420, #2291, #4525, #4491, #1788, #3942, #2797, #6633, #5615, #1679, #6157, #3870, #1134, #6083, #2942, #4635, #4160, #4051, #887, #1462 ),
 ( #6377, #4200, #3665, #3520, #3087, #1894, #3629, #3014, #1425, #5838, #5292, #6884, #344, #5216, #5874, #6301, #2546, #5724, #4747, #6960, #2007, #2434, #6814 ),
 ( #1386, #4672, #2978, #6415, #266, #5253, #777, #5142, #194, #2397, #2505, #1931, #4123, #4709, #1351, #3591, #1861, #6337, #4600, #5799, #851, #3555, #5761 ),
 ( #813, #6265, #3049, #1318, #5179, #228, #6847, #4087, #2469, #304, #6923, #1969, #7030, #1602, #3827, #5397, #3796, #5466, #6008, #4919, #1058, #992, #6590 ),
 ( #2112, #5328, #1637, #4784, #3263, #6489, #383, #7131, #522, #2617, #4817, #5364, #2044, #2584, #7096, #6997, #5909, #922, #2652, #2685, #4240, #1026, #6452 ),
 ( #2719, #6556, #2079, #1535, #4849, #957, #3124, #2179, #453, #4884, #7064, #1502, #4376, #3700, #3161, #4308, #419, #4273, #6524, #3197, #3733, #5943, #4340 ),
 ( #1570, #3766, #5977, #3231, #5431, #487, #2145, #113, #6625, #3862, #3366, #2316, #2789, #2248, #6730, #698, #1126, #4517, #4447, #1779, #6075, #2353, #4483 ),
 ( #1671, #3402, #3970, #1705, #6041, #6184, #151, #4554, #3440, #6658, #1198, #592, #6148, #5535, #3331, #2859, #6695, #1236, #4989, #5642, #2214, #2896, #1092 ),
 ( #2282, #2753, #5096, #6768, #1815, #3297, #5500, #556, #43, #4954, #3897, #9, #4412, #5571, #6111, #1162, #627, #2825, #5024, #79, #1743, #3933, #5606 ),
 ( #661, #5060, #4699, #2424, #1272, #3077, #6913, #5713, #768, #1308, #5132, #5676, #3039, #3473, #1851, #4006, #5750, #5787, #185, #4113, #735, #4077, #877 ),
 ( #6804, #2387, #5282, #294, #2932, #2535, #6326, #1415, #4590, #6220, #5243, #333, #6291, #1341, #3545, #4041, #2495, #6837, #2968, #6255, #803, #3509, #1921 ),
 ( #4624, #5169, #4150, #6367, #218, #1376, #1884, #3581, #3002, #5206, #255, #1959, #3619, #5827, #2459, #4736, #4662, #6874, #6950, #840, #3725, #948, #4876 ),
 ( #6404, #2711, #5865, #2678, #410, #1451, #1051, #7088, #3691, #5900, #6441, #3114, #3655, #1017, #913, #6988, #1997, #5934, #3758, #5318, #2104, #372, #2070 ),
 ( #479, #3152, #2610, #983, #2035, #4189, #2137, #6479, #5968, #3188, #2573, #1595, #6549, #4774, #5389, #4333, #5355, #445, #4264, #4231, #3789, #5423, #1492 ),
 ( #4810, #1527, #7022, #4299, #2643, #4842, #3223, #7055, #6517, #1562, #6000, #3255, #5456, #513, #4910, #1226, #2309, #3963, #3854, #3324, #653, #1772, #2207 ),
 ( #6618, #3820, #5598, #6582, #3889, #6068, #549, #4475, #1190, #2781, #7123, #2852, #3432, #5633, #4509, #5528, #2274, #1663, #71, #1119, #2746, #3925, #5562 ),
 ( #583, #4981, #5051, #2171, #35, #106, #3359, #6034, #3394, #6722, #6176, #689, #2887, #4368, #4947, #1629, #2241, #1085, #3290, #4440, #5493, #2, #4404 ),
 ( #6651, #1698, #6103, #1154, #618, #2816, #5016, #6685, #1735, #6139, #5233, #5160, #3608, #6356, #1405, #6282, #5088, #4104, #3571, #6316, #6830, #6212, #5817 ),
 ( #6794, #2379, #1264, #6759, #1366, #4546, #2924, #143, #1876, #6864, #3465, #5196, #1807, #209, #1949, #284, #5777, #1842, #3499, #4068, #5124, #2345, #830 ),
 ( #1332, #3999, #4689, #2485, #5668, #3535, #6903, #4032, #5739, #2414, #177, #4141, #3029, #727, #793, #4581, #5703, #6247, #868, #1299, #760, #245, #2959 ),
 ( #4616, #2992, #2449, #4653, #1911, #2096, #4421, #5414, #7080, #6979, #6432, #3750, #4866, #5309, #4290, #1483, #6508, #3105, #6634, #1519, #4801, #363, #1554 ),
 ( #5891, #3067, #5959, #1680, #3871, #470, #3682, #5381, #4765, #3180, #2564, #3646, #7047, #3716, #1008, #2026, #2669, #6396, #3214, #5272, #4222, #2223, #4180 ),
 ( #6084, #323, #3143, #2526, #4727, #6942, #940, #5346, #7013, #401, #1989, #1443, #2601, #4834, #2060, #5856, #904, #4256, #6470, #5926, #974, #436, #2635 ),
 ( #1283, #3483, #2907, #6120, #746, #5616, #52, #3449, #671, #636, #2364, #1714, #1171, #2869, #4566, #5687, #5652, #6158, #162, #2398, #2943, #5143, #5033 ),
 ( #3906, #1826, #195, #6778, #2834, #4998, #4017, #601, #5071, #88, #3376, #708, #6231, #3945, #1135, #4601, #6815, #1862, #4052, #6704, #5107, #2292, #1247 ),
 ( #125, #3340, #2326, #6740, #1753, #1208, #5544, #2798, #4492, #2257, #4526, #4456, #6668, #5580, #3413, #1789, #3980, #6194, #6848, #4201, #5217, #6961, #2045 ),
 ( #3666, #2008, #3125, #6416, #6338, #4785, #384, #2585, #305, #6266, #5293, #4748, #345, #852, #229, #6998, #1463, #5875, #923, #1319, #3556, #6924, #2435 ),
 ( #3521, #3050, #888, #4636, #6378, #2979, #5725, #778, #5180, #2506, #1895, #2547, #5329, #4088, #5254, #6302, #1352, #5762, #815, #3015, #267, #2470, #1970 ),
 ( #4673, #6885, #4710, #3088, #1932, #1426, #4124, #1387, #3592, #5800, #4161, #3630, #5839, #4309, #7031, #6453, #3797, #7065, #4885, #2113, #958, #523, #3264 ),
 ( #6525, #3162, #6557, #5398, #6490, #4241, #1571, #5467, #2146, #2080, #2720, #3767, #5365, #2686, #5978, #1536, #1604, #4818, #4274, #1027, #6009, #4920, #7097 ),
 ( #3232, #7132, #5432, #1503, #454, #2180, #3735, #1059, #4377, #6591, #5944, #420, #3701, #2618, #488, #3198, #993, #4341, #5910, #2653, #4850, #6436, #4805 ),
 ( #5276, #4731, #5313, #1953, #4184, #2453, #2530, #3686, #6945, #1992, #4145, #6361, #1487, #5743, #6907, #5895, #6399, #249, #4769, #6983, #2605, #2030, #7017 ),
 ( #2996, #3575, #1446, #367, #1915, #943, #2568, #3650, #6474, #5237, #327, #2489, #3147, #3613, #4259, #1409, #5350, #6320, #4226, #405, #2065, #3033, #4657 ),
 ( #5860, #5781, #3539, #5821, #908, #1370, #797, #5200, #6868, #3109, #4108, #834, #288, #871, #4693, #3071, #211, #5311, #6866, #5198, #5858, #4618, #4729 ),
 ( #1445, #4691, #5162, #2528, #6944, #365, #1991, #2566, #2028, #1878, #6398, #247, #4182, #4224, #5779, #3648, #906, #3107, #4767, #6981, #1368, #1301, #3501 ),
 ( #5705, #762, #2416, #2961, #1913, #6832, #4070, #6284, #2994, #2451, #5741, #1334, #3537, #325, #795, #4655, #4106, #3031, #3069, #6318, #1407, #3573, #832 ),
 ( #5235, #286, #2487, #6905, #1951, #4143, #6358, #3611, #5819, #870, #5274, #602, #2835, #6600, #1646, #3836, #403, #4999, #2189, #976, #6434, #3306, #6669 ),
 ( #4422, #4929, #6472, #1715, #3907, #3718, #6635, #2062, #1681, #2729, #565, #6050, #2799, #2258, #6121, #5509, #53, #1101, #3872, #4258, #637, #3684, #4457 ),
 ( #7141, #6085, #3182, #1136, #5928, #2224, #5348, #3377, #4386, #5383, #1172, #2603, #5581, #1485, #438, #5034, #4803, #89, #2293, #7015, #18, #1521, #5893 ),
 ( #942, #2763, #3145, #4964, #3341, #5545, #1897, #231, #1353, #4638, #4567, #3016, #5764, #817, #5688, #4493, #3522, #2980, #5726, #6232, #5618, #5218, #5182 ),
 ( #1792, #673, #6160, #780, #3947, #2328, #6705, #1285, #6268, #2870, #4603, #1209, #6780, #3557, #6851, #2436, #6196, #2909, #3485, #4529, #1754, #4090, #1828 ),
 ( #2365, #5108, #712, #4019, #747, #5072, #6304, #163, #1249, #3415, #2945, #269, #1320, #6742, #127, #5144, #3982, #6817, #196, #3450, #5653, #2399, #1864 ),
 ( #4054, #3703, #5367, #4820, #6418, #7033, #2549, #3200, #5841, #2082, #5256, #3164, #4275, #5912, #1972, #6341, #960, #1934, #1465, #6380, #4204, #1428, #422 ),
 ( #6887, #5400, #1389, #2620, #890, #4126, #1537, #6492, #4163, #3632, #6926, #3594, #5802, #1505, #854, #307, #2471, #3668, #4243, #3052, #2587, #2508, #4750 ),
 ( #4712, #3090, #5295, #3737, #5946, #347, #995, #4787, #4675, #6964, #2011, #5877, #925, #3127, #5331, #386, #7000, #2047, #6455, #2148, #456, #4379, #594 ),
 ( #5502, #6011, #489, #2791, #4991, #4887, #558, #3234, #2755, #3799, #1639, #525, #1673, #3333, #45, #6593, #2250, #2722, #1164, #1061, #4449, #5434, #1128 ),
 ( #3266, #3864, #2688, #3899, #6043, #2182, #7099, #6077, #4922, #4956, #4343, #1707, #4852, #5537, #11, #3829, #1094, #2216, #5469, #3299, #6527, #6660, #1572 ),
 ( #6559, #6113, #3769, #3368, #2655, #1606, #7067, #5980, #2115, #4311, #1029, #4414, #7134, #6627, #6150, #5026, #5608, #3475, #187, #3935, #3511, #2389, #6222 ),
 ( #115, #5573, #2355, #5715, #4592, #3404, #5171, #2898, #4485, #737, #5098, #5062, #6806, #1200, #663, #153, #1853, #2970, #2934, #3441, #4043, #6839, #770 ),
 ( #1781, #220, #2861, #6257, #2426, #1310, #2318, #2284, #4626, #81, #4557, #4518, #6732, #5134, #1886, #1238, #629, #4079, #6293, #1343, #2827, #3972, #6697 ),
 ( #1274, #1745, #6186, #5644, #700, #6770, #1817, #4008, #5678, #5752, #6915, #3694, #6952, #257, #4777, #6991, #2612, #2037, #4812, #4267, #4115, #1494, #2497 ),
 ( #1923, #5903, #374, #4192, #6482, #5245, #5284, #4701, #6444, #1999, #4739, #805, #3547, #2461, #4233, #1961, #3005, #7025, #951, #296, #4152, #842, #4664 ),
 ( #6876, #879, #3155, #1378, #6369, #6406, #1417, #5357, #1454, #3658, #5208, #6328, #3583, #5790, #2073, #413, #3041, #3621, #5867, #5829, #3079, #336, #2538 ),
 ( #916, #3117, #5321, #2576, #4335, #1121, #2174, #4371, #3191, #5391, #4302, #7058, #586, #4949, #5936, #37, #1631, #6070, #2107, #7091, #6551, #2139, #4879 ),
 ( #1665, #482, #4913, #1597, #3761, #3856, #3791, #5530, #3326, #6584, #6003, #1565, #2783, #4983, #5971, #3822, #6519, #6036, #1053, #2714, #3258, #2748, #4406 ),
 ( #2243, #5459, #4442, #516, #1530, #1020, #2209, #3728, #4, #3226, #448, #6620, #985, #7126, #5426, #2680, #1087, #2646, #3292, #4844, #5495, #551, #5163 ),
 ( #691, #1266, #5053, #145, #5564, #729, #621, #2962, #1809, #108, #2311, #2381, #1700, #2854, #6796, #2889, #3361, #2926, #5127, #5706, #179, #763, #212 ),
 ( #6687, #4548, #3467, #5018, #4583, #5670, #2347, #2417, #1192, #1228, #5600, #1844, #5090, #6761, #3892, #6653, #2818, #4034, #4511, #6105, #1156, #6249, #3396 ),
 ( #73, #3927, #4001, #2276, #3965, #1302, #4477, #6724, #6214, #1774, #1737, #3502, #6141, #655, #6178, #3434, #5635, #5312, #404, #1952, #366, #2029, #2567 ),
 ( #6360, #3574, #4768, #3070, #5820, #1879, #5349, #1335, #6982, #3032, #4071, #3685, #4225, #6319, #1369, #1914, #5742, #6285, #3649, #3538, #2452, #4619, #1408 ),
 ( #287, #6435, #5275, #326, #796, #2995, #248, #5199, #5894, #907, #4656, #3146, #4730, #1486, #6867, #5236, #2488, #4692, #833, #6906, #4144, #4107, #3108 ) ),
 .UNSPECIFIED., .T., .F., .F.,
 ( 4, 1, 1, 1, 1, 1, 1, 1, 1, 1, 1, 1, 1, 1, 1, 1, 1, 1, 1, 1, 1, 1, 1, 1, 1, 1, 1, 1, 1, 1, 1, 1, 1, 1, 1, 1, 1, 1, 1, 1, 1, 1, 1, 1, 1, 1, 1, 1, 1, 1, 1, 1, 1, 1, 1, 1, 1, 1, 1, 1, 1, 1, 1, 1, 1, 1, 1, 1, 1, 1, 1, 1, 1, 1, 1, 1, 1, 1, 1, 1, 1, 1, 1, 1, 1, 1, 1, 1, 1, 1, 1, 1, 1, 1, 1, 1, 1, 1, 1, 1, 1, 1, 1, 1, 1, 1, 1, 1, 1, 1, 1, 1, 1, 1, 1, 1, 1, 1, 1, 1, 1, 1, 1, 1, 1, 1, 1, 1, 1, 1, 1, 1, 1, 1, 1, 1, 1, 1, 1, 1, 1, 1, 1, 1, 1, 1, 4 ),
 ( 4, 1, 1, 1, 1, 1, 1, 1, 1, 1, 1, 1, 1, 1, 1, 1, 1, 1, 1, 1, 4 ),
 ( 0.000000000000000000, 0.01562500000000000000, 0.03125000000000000000, 0.04687500000000000000, 0.06250000000000000000, 0.07812500000000000000, 0.09375000000000000000, 0.1015625000000000000, 0.1093750000000000000, 0.1171875000000000000, 0.1250000000000000000, 0.1328125000000000000, 0.1406250000000000000, 0.1484375000000000000, 0.1562500000000000000, 0.1640625000000000000, 0.1718750000000000000, 0.1757812500000000000, 0.1796875000000000000, 0.1835937500000000000, 0.1875000000000000000, 0.1914062500000000000, 0.1953125000000000000, 0.1992187500000000000, 0.2031250000000000000, 0.2070312500000000000, 0.2109375000000000000, 0.2148437500000000000, 0.2187500000000000000, 0.2226562500000000000, 0.2265625000000000000, 0.2304687500000000000, 0.2343750000000000000, 0.2382812500000000000, 0.2421875000000000000, 0.2441406250000000000, 0.2460937500000000000, 0.2480468750000000000, 0.2500000000000000000, 0.2519531250000000000, 0.2539062500000000000, 0.2558593750000000000, 0.2578125000000000000, 0.2617187500000000000, 0.2656250000000000000, 0.2695312500000000000, 0.2734375000000000000, 0.2773437500000000000, 0.2812500000000000000, 0.2851562500000000000, 0.2890625000000000000, 0.2929687500000000000, 0.2968750000000000000, 0.3007812500000000000, 0.3046875000000000000, 0.3125000000000000000, 0.3203125000000000000, 0.3281250000000000000, 0.3359375000000000000, 0.3437500000000000000, 0.3515625000000000000, 0.3593750000000000000, 0.3671875000000000000, 0.3750000000000000000, 0.3828125000000000000, 0.3906250000000000000, 0.4062500000000000000, 0.4218750000000000000, 0.4375000000000000000, 0.4531250000000000000, 0.4687500000000000000, 0.4843750000000000000, 0.5000000000000000000, 0.5156250000000000000, 0.5312500000000000000, 0.5468750000000000000, 0.5625000000000000000, 0.5781250000000000000, 0.5937500000000000000, 0.6093750000000000000, 0.6171875000000000000, 0.6250000000000000000, 0.6328125000000000000, 0.6406250000000000000, 0.6484375000000000000, 0.6562500000000000000, 0.6640625000000000000, 0.6718750000000000000, 0.6796875000000000000, 0.6875000000000000000, 0.6953125000000000000, 0.6992187500000000000, 0.7031250000000000000, 0.7070312500000000000, 0.7109375000000000000, 0.7148437500000000000, 0.7187500000000000000, 0.7226562500000000000, 0.7265625000000000000, 0.7304687500000000000, 0.7343750000000000000, 0.7382812500000000000, 0.7421875000000000000, 0.7441406250000000000, 0.7460937500000000000, 0.7480468750000000000, 0.7500000000000000000, 0.7519531250000000000, 0.7539062500000000000, 0.7558593750000000000, 0.7578125000000000000, 0.7617187500000000000, 0.7656250000000000000, 0.7695312500000000000, 0.7734375000000000000, 0.7773437500000000000, 0.7812500000000000000, 0.7851562500000000000, 0.7890625000000000000, 0.7929687500000000000, 0.7968750000000000000, 0.8007812500000000000, 0.8046875000000000000, 0.8085937500000000000, 0.8125000000000000000, 0.8164062500000000000, 0.8203125000000000000, 0.8242187500000000000, 0.8281250000000000000, 0.8320312500000000000, 0.8359375000000000000, 0.8437500000000000000, 0.8515625000000000000, 0.8593750000000000000, 0.8671875000000000000, 0.8750000000000000000, 0.8828125000000000000, 0.8906250000000000000, 0.8984375000000000000, 0.9062500000000000000, 0.9140625000000000000, 0.9218750000000000000, 0.9375000000000000000, 0.9531250000000000000, 0.9687500000000000000, 0.9843750000000000000, 1.000000000000000000 ),
 ( 0.000000000000000000, 0.04338888484837007814, 0.08726842559578262826, 0.1316960813084128157, 0.1767150319844623674, 0.2223617072268375405, 0.2686719341565118047, 0.3156798230351277046, 0.3634152511743036218, 0.4119045823900138181, 0.4611748235201702517, 0.5112512299445975961, 0.5621552213387537300, 0.6139078069358639977, 0.6665256094627641792, 0.7200190046928943710, 0.7743952586301823260, 0.8296472257035070186, 0.8857501462024645056, 0.9426252945750567269, 1.000000000000000000 ),
 .UNSPECIFIED. ) ;
#6389 = CARTESIAN_POINT ( 'NONE',  ( 1236.622851743060892, 606.9421642986595771, 106.1127440472263856 ) ) ;
#6390 = CARTESIAN_POINT ( 'NONE',  ( 1087.212390099749882, 354.5313390441577894, 73.86172555246392335 ) ) ;
#6391 = CARTESIAN_POINT ( 'NONE',  ( 1353.085823073359052, 871.5479488200223841, 84.58644091005584187 ) ) ;
#6392 = CARTESIAN_POINT ( 'NONE',  ( 579.4551927042330135, -0.6583884984336932922, -25.81342518930685515 ) ) ;
#6393 = CARTESIAN_POINT ( 'NONE',  ( 903.3415277970148054, 110.6115003012702971, -54.77628478277641477 ) ) ;
#6394 = CARTESIAN_POINT ( 'NONE',  ( 1296.175139112393936, 612.4587825363221327, -8.389160665611012035 ) ) ;
#6395 = CARTESIAN_POINT ( 'NONE',  ( 1113.115091635795807, 261.9724913747210167, -81.15885472667432055 ) ) ;
#6396 = CARTESIAN_POINT ( 'NONE',  ( 1295.244926753927984, 744.9361959701119531, 110.0809051162124064 ) ) ;
#6397 = CARTESIAN_POINT ( 'NONE',  ( 845.0999453490286442, 104.0112256596362101, -0.9203147168265531919 ) ) ;
#6398 = CARTESIAN_POINT ( 'NONE',  ( 1044.172951249345715, 294.5431107568895754, 65.28560474046517470 ) ) ;
#6399 = CARTESIAN_POINT ( 'NONE',  ( 1273.584690327790895, 661.4751929139218873, 94.02416557749833714 ) ) ;
#6400 = CARTESIAN_POINT ( 'NONE',  ( 789.1980513786796791, 80.16155476842199334, -21.14016930605876254 ) ) ;
#6401 = CARTESIAN_POINT ( 'NONE',  ( 676.6757926219499950, 17.19565924129508261, -27.10493980165004047 ) ) ;
#6402 = CARTESIAN_POINT ( 'NONE',  ( 1385.907623310972667, 815.5041712556231914, -2.675166530492457895 ) ) ;
#6403 = CARTESIAN_POINT ( 'NONE',  ( 579.4821509591623681, -4.466411494382851011, -20.98720326855407947 ) ) ;
#6404 = CARTESIAN_POINT ( 'NONE',  ( 559.9999999999996589, 7.210097578560080045, 20.32240524146394378 ) ) ;
#6405 = CARTESIAN_POINT ( 'NONE',  ( 1322.947730359211619, 554.4323469453399866, -73.93187435676546215 ) ) ;
#6406 = CARTESIAN_POINT ( 'NONE',  ( 788.9850651534192139, 82.58671113689044319, 19.14124642333514714 ) ) ;
#6407 = CARTESIAN_POINT ( 'NONE',  ( 579.3611759573967674, 12.35567864850738040, 19.73534557607545992 ) ) ;
#6408 = CARTESIAN_POINT ( 'NONE',  ( 1366.881905487895438, 955.5831025976551700, 91.04019334238434169 ) ) ;
#6409 = CARTESIAN_POINT ( 'NONE',  ( 732.3602163333507633, 64.44200861405552416, 40.61210025927313438 ) ) ;
#6410 = CARTESIAN_POINT ( 'NONE',  ( 1008.112576869914847, 192.6710489319998487, -64.59550894038643776 ) ) ;
#6411 = CARTESIAN_POINT ( 'NONE',  ( 1255.549376470133666, 562.1455686249225892, 35.37434758089347753 ) ) ;
#6412 = CARTESIAN_POINT ( 'NONE',  ( 559.9999999999996589, 7.236586402912705829, 4.892761546343500356 ) ) ;
#6413 = CARTESIAN_POINT ( 'NONE',  ( 1306.640785734973178, 589.7627117988508871, -43.16371691736258498 ) ) ;
#6414 = CARTESIAN_POINT ( 'NONE',  ( 1284.197360654566182, 494.3436489688275515, -68.63216552690334993 ) ) ;
#6415 = CARTESIAN_POINT ( 'NONE',  ( 675.6286068758248575, 42.00568907103266980, 25.57150124603889196 ) ) ;
#6416 = CARTESIAN_POINT ( 'NONE',  ( 675.6771663099361831, 40.92435237359505606, 35.93645368248616734 ) ) ;
#6417 = CARTESIAN_POINT ( 'NONE',  ( 733.8725468080367591, 42.01607801234115414, -17.15864286014122442 ) ) ;
#6418 = CARTESIAN_POINT ( 'NONE',  ( 732.6323448503662803, 60.42074635866554644, 29.97931095002968860 ) ) ;
#6419 = CARTESIAN_POINT ( 'NONE',  ( 1451.305670744498912, 894.9381964889945493, -65.27341645328129971 ) ) ;
#6420 = CARTESIAN_POINT ( 'NONE',  ( 675.9024835582707738, 35.60949911988971195, 21.88580795230812726 ) ) ;
#6421 = CARTESIAN_POINT ( 'NONE',  ( 901.1302927178686559, 125.0246337939575341, -50.99994338020774620 ) ) ;
#6422 = CARTESIAN_POINT ( 'NONE',  ( 1253.085089106197984, 411.1942777269210296, -103.2046411787516433 ) ) ;
#6423 = CARTESIAN_POINT ( 'NONE',  ( 1235.439128583829870, 457.0211366712100016, -34.49769697867223783 ) ) ;
#6424 = CARTESIAN_POINT ( 'NONE',  ( 1363.462992326308722, 853.8185388356350813, 42.70036861362103053 ) ) ;
#6425 = CARTESIAN_POINT ( 'NONE',  ( 676.6635394992102874, 17.36167162643907247, -36.93210198592569782 ) ) ;
#6426 = CARTESIAN_POINT ( 'NONE',  ( 559.9999999999996589, 7.210097578560080045, 20.32240524146394378 ) ) ;
#6427 = CARTESIAN_POINT ( 'NONE',  ( 1275.276525334448706, 657.8052789472895938, 86.77369555951548818 ) ) ;
#6428 = CARTESIAN_POINT ( 'NONE',  ( 733.9856560361588436, 40.19159432535386856, -41.02174204397843482 ) ) ;
#6429 = CARTESIAN_POINT ( 'NONE',  ( 1367.288059410835103, 601.1682982972855598, -98.78089547814253990 ) ) ;
#6430 = CARTESIAN_POINT ( 'NONE',  ( 897.6173904119776807, 148.0369444599496660, -9.960710314712532210 ) ) ;
#6431 = CARTESIAN_POINT ( 'NONE',  ( 791.5693693235136834, 55.22739763597116536, -45.54663137872701384 ) ) ;
#6432 = CARTESIAN_POINT ( 'NONE',  ( 1041.663345523731550, 304.7124428531803915, 80.16754151272920126 ) ) ;
#6433 = CARTESIAN_POINT ( 'NONE',  ( 789.9646689536424446, 72.23745728421503998, -5.826888364219352745 ) ) ;
#6434 = CARTESIAN_POINT ( 'NONE',  ( 1377.469891250567116, 938.9330272205291976, 71.03458093245340876 ) ) ;
#6435 = CARTESIAN_POINT ( 'NONE',  ( 579.4318920253605256, 2.480069863444373635, 0.5885945607137368363 ) ) ;
#6436 = CARTESIAN_POINT ( 'NONE',  ( 1394.422060828830581, 981.3461442288627268, 58.39821430527835844 ) ) ;
#6437 = CARTESIAN_POINT ( 'NONE',  ( 899.2176977722697302, 137.5411828459315302, -32.72441763647385216 ) ) ;
#6438 = CARTESIAN_POINT ( 'NONE',  ( 1060.774085473221930, 227.2415841202859497, -60.40540222140315052 ) ) ;
#6439 = CARTESIAN_POINT ( 'NONE',  ( 1327.917413575947648, 679.7093349648645244, -8.380011836108893775 ) ) ;
#6440 = CARTESIAN_POINT ( 'NONE',  ( 1061.313924743806865, 225.0510142004075362, -64.15450838885486462 ) ) ;
#6441 = CARTESIAN_POINT ( 'NONE',  ( 1042.109470007700565, 302.9015540793993750, 72.99802235025542529 ) ) ;
#6442 = EDGE_LOOP ( 'NONE', ( #3153, #1452, #480, #4190 ) ) ;
#6443 = CARTESIAN_POINT ( 'NONE',  ( 956.4330443966966868, 150.5349078743149107, -47.65914703300203570 ) ) ;
#6444 = CARTESIAN_POINT ( 'NONE',  ( 949.4058007946766793, 188.9292081086286714, 27.92109381710490723 ) ) ;
#6445 = CARTESIAN_POINT ( 'NONE',  ( 1130.387627981603373, 408.1425501992506497, 85.36145627972433658 ) ) ;
#6446 = CARTESIAN_POINT ( 'NONE',  ( 894.7956208681531507, 166.6335285393344918, 61.31481648324987077 ) ) ;
#6447 = CARTESIAN_POINT ( 'NONE',  ( 901.7953726822327098, 120.6773569439729528, -55.66586114523644824 ) ) ;
#6448 = CARTESIAN_POINT ( 'NONE',  ( 1394.142546326403135, 912.7112606661223708, 30.18626132787337468 ) ) ;
#6449 = CARTESIAN_POINT ( 'NONE',  ( 842.8394000092423539, 122.2848365545395097, 16.44554416640614036 ) ) ;
#6450 = CARTESIAN_POINT ( 'NONE',  ( 844.4900142500091533, 108.8263659519564044, -23.46653376822091985 ) ) ;
#6451 = CARTESIAN_POINT ( 'NONE',  ( 1201.652901809804234, 377.5340272274547146, -65.36696056972144220 ) ) ;
#6452 = CARTESIAN_POINT ( 'NONE',  ( 1404.465495846274052, 1000.225354472795289, 41.69560839923891393 ) ) ;
#6453 = CARTESIAN_POINT ( 'NONE',  ( 1241.281633110204893, 595.9189769781152108, 96.85632183100368309 ) ) ;
#6454 = CARTESIAN_POINT ( 'NONE',  ( 1316.071740111345207, 569.3406784285332378, -54.14840622798786285 ) ) ;
#6455 = CARTESIAN_POINT ( 'NONE',  ( 1335.890162923368734, 787.7852217515546727, 68.20403643294250173 ) ) ;
#6456 = CARTESIAN_POINT ( 'NONE',  ( 559.9999999999996589, 7.531402212976696653, 11.25403044913072037 ) ) ;
#6457 = CARTESIAN_POINT ( 'NONE',  ( 1449.151989919731932, 826.2059494785327161, -89.67371144688097218 ) ) ;
#6458 = CARTESIAN_POINT ( 'NONE',  ( 1135.521082902025000, 391.7903215966747439, 52.01420975378866984 ) ) ;
#6459 = CARTESIAN_POINT ( 'NONE',  ( 618.4802853458936625, 11.63455852319236072, -24.86735577036417766 ) ) ;
#6460 = CARTESIAN_POINT ( 'NONE',  ( 618.6467396233572344, 2.317964473545725212, -31.59261021577881934 ) ) ;
#6461 = CARTESIAN_POINT ( 'NONE',  ( 846.3177161852338486, 94.11546818791602220, -22.37362098184878434 ) ) ;
#6462 = CARTESIAN_POINT ( 'NONE',  ( 1211.697476716885149, 518.6347289960926901, 53.17030963730829285 ) ) ;
#6463 = CARTESIAN_POINT ( 'NONE',  ( 945.9052423555349378, 208.0487969925086986, 62.65235984269845915 ) ) ;
#6464 = CARTESIAN_POINT ( 'NONE',  ( 732.5646779927448051, 61.42350600779535341, 32.76842705458353322 ) ) ;
#6465 = CARTESIAN_POINT ( 'NONE',  ( 955.9308326781849701, 153.2090855701740111, -61.78276588737798392 ) ) ;
#6466 = CARTESIAN_POINT ( 'NONE',  ( 788.6558381768708159, 85.90694589443761231, -5.257334908550182817 ) ) ;
#6467 = CARTESIAN_POINT ( 'NONE',  ( 734.4228183672132673, 33.78946864848982301, -38.42694690637934940 ) ) ;
#6468 = CARTESIAN_POINT ( 'NONE',  ( 1327.912825529925612, 679.7184701582937123, -8.387343526531855886 ) ) ;
#6469 = CARTESIAN_POINT ( 'NONE',  ( 1447.262856434970217, 829.1815940174608386, -81.76146639228446134 ) ) ;
#6470 = CARTESIAN_POINT ( 'NONE',  ( 1320.846104087883759, 815.4827744580064746, 108.1874344289420122 ) ) ;
#6471 = CARTESIAN_POINT ( 'NONE',  ( 579.4402465351462297, 1.319582670641945121, -2.774706600983142035 ) ) ;
#6472 = CARTESIAN_POINT ( 'NONE',  ( 618.3691794774603068, 18.61685531029497653, 25.12143308830601285 ) ) ;
#6473 = CALENDAR_DATE ( 2026, 16, 9 ) ;
#6474 = CARTESIAN_POINT ( 'NONE',  ( 947.0855549100911048, 201.6073222686208055, 57.52316439638674694 ) ) ;
#6475 = CARTESIAN_POINT ( 'NONE',  ( 1146.541767137624447, 356.6288551319038334, -36.87043026236976573 ) ) ;
#6476 = CARTESIAN_POINT ( 'NONE',  ( 1060.586859596151498, 228.0008461605150103, -59.18270000243813911 ) ) ;
#6477 = CARTESIAN_POINT ( 'NONE',  ( 1227.638753675304997, 477.2713280475775264, -2.105093299989340139 ) ) ;
#6478 = CARTESIAN_POINT ( 'NONE',  ( 1446.669395453589459, 901.9797040043434890, -53.91315205586135306 ) ) ;
#6479 = CARTESIAN_POINT ( 'NONE',  ( 894.8443155638968847, 166.3155114817971594, 56.55848644679534232 ) ) ;
#6480 = EDGE_LOOP ( 'NONE', ( #1563, #2071, #2644, #7056 ) ) ;
#6481 = CARTESIAN_POINT ( 'NONE',  ( 1246.418967366588731, 428.5192419887249571, -74.90559045517704817 ) ) ;
#6482 = CARTESIAN_POINT ( 'NONE',  ( 732.9183975735486456, 56.17728275824161699, 18.26285388449324643 ) ) ;
#6483 = CARTESIAN_POINT ( 'NONE',  ( 618.3071409199521895, 22.13946340344198660, 31.28299228122410369 ) ) ;
#6484 = CARTESIAN_POINT ( 'NONE',  ( 846.7124571890227571, 90.80646712408304211, -50.30330424755776875 ) ) ;
#6485 = CARTESIAN_POINT ( 'NONE',  ( 1417.375298063174114, 981.1601674383509817, 17.92029176541154456 ) ) ;
#6486 = CARTESIAN_POINT ( 'NONE',  ( 1314.662859064314944, 706.1660904164519934, 35.14431537154460017 ) ) ;
#6487 = CARTESIAN_POINT ( 'NONE',  ( 844.6957264339691847, 107.1550164934383673, -26.91237078739073141 ) ) ;
#6488 = CARTESIAN_POINT ( 'NONE',  ( 1200.207374340600609, 381.6753157582741096, -59.48898195181146775 ) ) ;
#6489 = CARTESIAN_POINT ( 'NONE',  ( 787.8348243391134247, 94.69400747560924003, 36.91815764359847662 ) ) ;
#6490 = CARTESIAN_POINT ( 'NONE',  ( 732.4271249737425933, 63.45864447062668745, 38.96084952104600774 ) ) ;
#6491 = CARTESIAN_POINT ( 'NONE',  ( 901.4584354755871800, 122.9735606177941065, -30.82112520746959206 ) ) ;
#6492 = CARTESIAN_POINT ( 'NONE',  ( 896.3931283680369688, 156.1716712142747383, 41.04165064050212663 ) ) ;
#6493 = CARTESIAN_POINT ( 'NONE',  ( 1246.763748456273333, 582.9220070318483522, 55.34323202742658054 ) ) ;
#6494 = CARTESIAN_POINT ( 'NONE',  ( 1369.309344211484131, 597.1224553333611311, -109.7001218637405060 ) ) ;
#6495 = CARTESIAN_POINT ( 'NONE',  ( 1281.026398809374996, 645.3353399118489051, 64.93606559795583166 ) ) ;
#6496 = CARTESIAN_POINT ( 'NONE',  ( 845.9363540458954276, 97.09093552650210768, -43.16353191337962869 ) ) ;
#6497 = CARTESIAN_POINT ( 'NONE',  ( 1062.590853925062902, 219.8364173055620086, -80.87385302988154478 ) ) ;
#6498 = CARTESIAN_POINT ( 'NONE',  ( 1310.534960183597377, 581.3457913111207063, -37.30713286020129260 ) ) ;
#6499 = CARTESIAN_POINT ( 'NONE',  ( 675.6435798830445947, 41.60338924652082682, 19.28941768239728916 ) ) ;
#6500 = ADVANCED_FACE ( 'NONE', ( #4187 ), #6388, .T. ) ;
#6501 = CARTESIAN_POINT ( 'NONE',  ( 579.3622076576566542, 12.19868480144948819, 22.31563304338566311 ) ) ;
#6502 = CARTESIAN_POINT ( 'NONE',  ( 1377.469891250567116, 938.9330272205291976, 71.03458093245340876 ) ) ;
#6503 = CARTESIAN_POINT ( 'NONE',  ( 733.8362856217137278, 42.39097452978681702, -39.07141741908744592 ) ) ;
#6504 = CARTESIAN_POINT ( 'NONE',  ( 1382.245151093634149, 821.7456734957338540, -7.797449984977212090 ) ) ;
#6505 = CARTESIAN_POINT ( 'NONE',  ( 1451.536002808545163, 930.7116621664158629, -49.02416286793930311 ) ) ;
#6506 = CARTESIAN_POINT ( 'NONE',  ( 1399.714364747438367, 903.9409991878003439, 4.859619795199047410 ) ) ;
#6507 = CARTESIAN_POINT ( 'NONE',  ( 559.9999999999996589, -7.306926798719603156, -22.43850080680187631 ) ) ;
#6508 = CARTESIAN_POINT ( 'NONE',  ( 1267.282468793856424, 675.1387217175850992, 109.2358533101654388 ) ) ;
#6509 = CARTESIAN_POINT ( 'NONE',  ( 952.2154116059385842, 173.5804934155016213, -4.472185547458670030 ) ) ;
#6510 = CALENDAR_DATE ( 2026, 16, 9 ) ;
#6511 = B_SPLINE_SURFACE_WITH_KNOTS ( 'NONE', 3, 3, ( 
 ( #690, #1265, #1227, #210, #5125, #4582, #2415, #2486, #4617, #6831, #3466, #285, #728, #4142, #3433, #2925, #4069, #6283, #1333, #2993, #5197, #246, #5960 ),
 ( #1484, #3683, #324, #4835, #7048, #3647, #6397, #6943, #4223, #4257, #941, #1444, #5892, #5273, #1520, #3144, #2061, #1009, #6980, #2097, #3068, #5857, #5347 ),
 ( #1555, #402, #3751, #4291, #2602, #4802, #2565, #1990, #6509, #3215, #437, #905, #2527, #5415, #5818, #7014, #3106, #4181, #3717, #471, #5310, #5927, #364 ),
 ( #975, #6471, #3181, #4867, #5382, #6433, #2636, #2670, #7081, #2129, #6357, #1406, #4728, #3610, #4766, #2027, #869, #575, #1043, #2843, #6574, #4938, #3315 ),
 ( #4902, #4466, #3282, #5007, #97, #1654, #62, #3248, #2807, #3782, #1110, #1076, #7114, #1690, #5589, #1620, #6643, #3812, #5042, #4325, #1723, #2738, #5483 ),
 ( #4395, #3881, #5519, #3916, #2773, #4973, #3845, #505, #3385, #6024, #540, #6130, #27, #5448, #6541, #7150, #2198, #2233, #1587, #5993, #2162, #1180, #6609 ),
 ( #2702, #4358, #1146, #4431, #6059, #6095, #3350, #5553, #787, #753, #3491, #6713, #3126, #6168, #2986, #719, #3955, #5876, #5116, #1834, #5189, #6749, #3424 ),
 ( #5625, #6787, #2442, #134, #170, #1870, #1217, #681, #5694, #4203, #2406, #1326, #6240, #2952, #4646, #5151, #924, #5330, #4610, #6963, #2878, #2301, #3529 ),
 ( #4574, #4025, #5079, #2010, #6417, #1799, #2335, #4536, #2372, #6824, #3989, #1291, #6203, #1464, #3667, #3457, #1256, #4501, #5660, #4061, #6275, #5733, #7032 ),
 ( #6558, #1638, #2721, #5433, #3298, #3768, #5979, #2181, #2619, #1605, #3736, #4342, #1028, #385, #4921, #6010, #4378, #1060, #3233, #2687, #4786, #1093, #4242 ),
 ( #2114, #1504, #4886, #5945, #994, #959, #6042, #4819, #7098, #3702, #4851, #524, #5366, #3199, #2147, #6999, #6454, #3798, #6592, #3265, #5468, #4310, #7133 ),
 ( #2586, #2046, #3828, #5911, #3163, #421, #2081, #6491, #455, #2654, #7066, #5399, #3971, #6185, #2790, #5536, #6076, #2215, #3403, #10, #1163, #2826, #4413 ),
 ( #6659, #1127, #1273, #699, #2897, #152, #557, #4990, #1237, #5097, #2283, #2354, #5643, #5025, #80, #1706, #3332, #4556, #6769, #6731, #44, #6626, #1816 ),
 ( #4484, #593, #1780, #628, #1672, #3863, #2860, #4007, #6221, #5061, #6696, #1744, #5501, #2754, #5572, #662, #3934, #4955, #6149, #1199, #5607, #2249, #4448 ),
 ( #3898, #6112, #3367, #114, #2317, #5677, #2537, #1309, #4738, #4042, #2933, #3510, #1377, #5244, #1852, #1416, #804, #6327, #3078, #4078, #1960, #186, #5714 ),
 ( #5828, #256, #878, #6368, #3004, #5207, #6838, #6256, #4151, #5283, #4700, #2969, #2388, #3620, #5133, #2460, #219, #769, #841, #6951, #5170, #5789, #2425 ),
 ( #3040, #4663, #6875, #1998, #2496, #3546, #295, #1922, #335, #4114, #3582, #6914, #6805, #4191, #4625, #1885, #6405, #3474, #4591, #736, #6292, #1342, #5751 ),
 ( #2036, #915, #1493, #6518, #3225, #6990, #6550, #5425, #2106, #4370, #6002, #7090, #3257, #2138, #7057, #2645, #5866, #2173, #5320, #4334, #7024, #3116, #4912 ),
 ( #2072, #4232, #7125, #5902, #4300, #4776, #5935, #1596, #6443, #4266, #1019, #373, #2575, #4843, #5458, #1564, #481, #5390, #3760, #3790, #5970, #1453, #3657 ),
 ( #2679, #3190, #3693, #1052, #515, #950, #447, #2713, #412, #3154, #4878, #5356, #2611, #4811, #6481, #1529, #3727, #984, #4695, #945, #5239, #5783, #329 ),
 ( #2491, #4295, #873, #6401, #4771, #7052, #6514, #6363, #3722, #4733, #6476, #1559, #3111, #5931, #3185, #979, #2640, #4807, #6909, #2032, #5386, #2101, #6985 ),
 ( #4261, #7019, #369, #1955, #4228, #6947, #4186, #1411, #836, #3073, #6438, #3615, #5315, #442, #5823, #1448, #5352, #290, #5278, #1489, #4839, #5897, #2067 ),
 ( #3035, #3688, #2532, #1994, #3149, #3652, #5862, #910, #2570, #407, #2607, #6031, #1082, #4872, #2238, #5997, #4978, #6065, #3786, #476, #1660, #5420, #6579 ),
 ( #3886, #6100, #4907, #4330, #6682, #1151, #7120, #4944, #3817, #32, #6648, #3356, #546, #5559, #1695, #3287, #5489, #2168, #6546, #4437, #615, #2813, #3252 ),
 ( #68, #2204, #2743, #1048, #5013, #7156, #2675, #7085, #1116, #2271, #4472, #3321, #4401, #6615, #3755, #2778, #3851, #5525, #580, #5965, #1014, #3220, #2134 ),
 ( #1592, #5453, #510, #2708, #4365, #1625, #3462, #2849, #724, #2884, #140, #2306, #242, #6173, #2377, #5048, #6209, #1874, #6719, #2342, #1297, #1187, #650 ),
 ( #2920, #3960, #4066, #4506, #5194, #6828, #3391, #3922, #4614, #1261, #3497, #5665, #103, #1330, #6280, #1769, #5121, #3533, #686, #791, #758, #6792, #175 ),
 ( #1840, #5595, #4543, #4579, #1223, #4030, #6245, #5701, #5737, #6756, #207, #2957, #5157, #2990, #2412, #1804, #2446, #4650, #1731, #6136, #3429, #5630, #5085 ),
 ( #3996, #936, #6353, #3567, #5343, #6313, #3643, #3605, #281, #4219, #971, #1946, #2023, #4138, #3177, #5378, #4253, #5269, #865, #827, #4798, #433, #2482 ),
 ( #3140, #4686, #3026, #5888, #1363, #6861, #1402, #398, #5230, #3064, #2598, #1908, #5923, #6900, #2632, #5814, #5774, #320, #4762, #1480, #2523, #7010, #3679 ),
 ( #3713, #2057, #4724, #3102, #6467, #4101, #6939, #6393, #1986, #4177, #1439, #360, #5853, #901, #1516, #5306, #2561, #6429, #6976, #3747, #1072, #6640, #4934 ),
 ( #5480, #4969, #536, #3346, #5549, #7146, #2230, #5410, #4831, #6055, #1142, #4898, #7109, #2159, #5956, #3311, #7077, #1106, #2194, #4863, #1550, #2734, #6505 ),
 ( #2126, #23, #4427, #5990, #466, #606, #1686, #1040, #6021, #4355, #5514, #571, #3878, #1617, #6092, #2769, #6570, #3809, #3245, #2666, #7044, #2093, #4287 ),
 ( #4321, #1005, #3278, #4391, #6538, #3211, #6606, #1584, #3779, #1650, #5445, #502, #3841, #2699, #3986, #1323, #1831, #2875, #5113, #1796, #2949, #6200, #1253 ),
 ( #4022, #2262, #2803, #4497, #6237, #3912, #3951, #1288, #5003, #1867, #641, #4058, #3381, #4462, #2839, #716, #4571, #1176, #750, #6784, #3454, #5730, #199 ),
 ( #5657, #3488, #6272, #2913, #58, #5691, #5148, #2403, #4533, #6126, #4607, #5076, #167, #2369, #6821, #3526, #6673, #2332, #5585, #1720, #93, #6164, #5038 ),
 ( #2297, #6710, #3420, #1759, #1213, #5622, #677, #131, #6746, #1471, #3707, #5261, #3672, #5335, #5881, #4791, #6968, #1902, #4169, #929, #4247, #1977, #784 ),
 ( #3132, #6345, #5186, #820, #390, #5768, #2439, #5223, #4094, #4643, #2015, #235, #3020, #2983, #2513, #4679, #6891, #4717, #2051, #1393, #6384, #273, #2591 ),
 ( #7004, #1432, #6460, #1509, #894, #6855, #1357, #6307, #4209, #3560, #858, #3056, #313, #2475, #6422, #1938, #4130, #3094, #3598, #5807, #5845, #6932, #3636 ),
 ( #5299, #352, #2553, #4754, #1542, #4280, #5371, #4824, #427, #2087, #6497, #5916, #7037, #964, #3168, #2625, #5081, #1765, #1183, #6242, #2954, #6789, #5044 ),
 ( #1973, #3992, #136, #5591, #1837, #683, #64, #2267, #2917, #1293, #4027, #5118, #2338, #6752, #4165, #5697, #6205, #6381, #1429, #5662, #5153, #6132, #5555 ),
 ( #5627, #2880, #4540, #6678, #3493, #646, #755, #309, #2509, #611, #1258, #3387, #3957, #2845, #4713, #6928, #6715, #99, #2809, #5009, #6170, #1801, #3459 ),
 ( #3426, #4576, #4468, #1727, #721, #3918, #172, #2374, #2303, #4503, #1219, #7001, #7068, #3669, #7101, #2084, #5368, #5878, #2117, #5913, #5296, #349, #996 ),
 ( #3201, #424, #4821, #2150, #2656, #3704, #5947, #2622, #3770, #7034, #4277, #3165, #6965, #2690, #926, #2048, #5981, #6494, #2550, #4345, #3129, #4244, #1539 ),
 ( #4206, #3091, #5332, #3738, #5401, #2012, #1573, #457, #4854, #6561, #1031, #4312, #5436, #6529, #3236, #492, #891, #3633, #4751, #4889, #6457, #6419, #387 ),
 ( #5842, #1467, #2588, #4788, #1506, #961, #6079, #1748, #6595, #2218, #1166, #1063, #527, #4993, #3407, #1709, #631, #5539, #2252, #1675, #2829, #4487, #3938 ),
 ( #6153, #6663, #4521, #2793, #596, #5611, #3831, #5028, #4959, #83, #1641, #5065, #47, #3335, #6045, #2287, #3866, #3269, #5471, #6115, #6699, #1203, #3370 ),
 ( #2758, #2724, #666, #119, #2184, #5575, #4451, #2864, #4381, #4924, #2321, #7136, #1608, #3301, #3801, #1096, #13, #6013, #5504, #560, #4416, #6629, #1130 ),
 ( #3901, #261, #2500, #4046, #2464, #4118, #4667, #3586, #5756, #703, #2973, #6879, #3044, #773, #6735, #808, #5211, #3009, #1313, #2901, #5101, #1381, #3550 ),
 ( #156, #1241, #1926, #6189, #4560, #1784, #3515, #3478, #5681, #5719, #846, #190, #5174, #1820, #6332, #2358, #5248, #5794, #3444, #3975, #299, #6260, #1346 ),
 ( #5647, #6773, #6809, #1856, #223, #4011, #6225, #2392, #1277, #740, #2429, #2938, #4629, #5137, #4595, #6842, #1889, #4082, #6296, #414, #4304, #5323, #3193 ),
 ( #1021, #2647, #6372, #6918, #449, #2040, #6484, #6447, #3624, #6520, #2108, #3082, #1497, #4845, #3661, #953, #4780, #6955, #7060, #987, #1964, #2613, #5287 ),
 ( #5833, #7026, #4235, #4813, #1566, #378, #5393, #3696, #3762, #5973, #2074, #2579, #3729, #3227, #5427, #4268, #483, #5905, #3157, #4704, #2002, #5939, #918 ),
 ( #4155, #1420, #5359, #1457, #339, #1531, #882, #4195, #2541, #6410, #4742, #5869, #3119, #6993, #3823, #3792, #622, #6143, #3259, #6654, #1122, #3893, #5461 ),
 ( #1738, #7127, #6037, #2819, #6071, #6552, #1193, #4914, #3293, #1666, #3928, #3397, #518, #5019, #1632, #3362, #5601, #5, #5566, #74, #2277, #6688, #1701 ),
 ( #1157, #3327, #3857, #7092, #2681, #1598, #4478, #1088, #2141, #2715, #4880, #2175, #4336, #4372, #6004, #1054, #6106, #6585, #5496, #552, #4407, #2749, #4950 ),
 ( #5531, #2210, #2784, #6621, #587, #4984, #38, #2244, #4443, #2383, #1775, #3966, #2455, #4621, #6179, #6322, #5091, #1304, #1230, #5129, #799, #5637, #1268 ),
 ( #4585, #1917, #3469, #1846, #2891, #2998, #3436, #4110, #5745, #2312, #2855, #3541, #181, #2419, #6798, #6725, #251, #5202, #693, #4036, #4659, #6763, #6251 ),
 ( #6870, #4073, #5054, #3504, #147, #6216, #2349, #1372, #3577, #1811, #4550, #656, #109, #4003, #5708, #731, #1881, #4512, #5672, #765, #2928, #2964, #5165 ),
 ( #214, #6834, #6287, #1337, #1109, #1179, #4937, #1216, #3349, #1689, #7149, #3384, #26, #6573, #1075, #2265, #644, #5588, #4465, #5552, #2806, #3423, #3915 ),
 ( #539, #6129, #5006, #2842, #2737, #2197, #5041, #4394, #4901, #1653, #96, #3844, #6058, #2300, #7113, #3954, #3314, #6167, #5518, #574, #2772, #61, #6676 ),
 ( #4500, #1762, #680, #4972, #4430, #4213, #1475, #6849, #5763, #6195, #816, #268, #6159, #6886, #4527, #6779, #1248, #3946, #5617, #4018, #6741, #672, #126 ),
 ( #2327, #1790, #709, #3484, #2944, #2009, #2548, #1427, #4202, #4162, #6379, #4749, #853, #3089, #306, #5294, #3051, #1933, #3631, #5840, #5255, #346, #1971 ),
 ( #889, #2507, #4125, #6339, #1388, #6962, #6925, #4711, #3593, #5801, #213, #1371, #2418, #6833, #764, #4549, #289, #5671, #4584, #3576, #4620, #146, #6908 ),
 ( #2490, #6215, #4694, #1810, #692, #1267, #6286, #2997, #6762, #6321, #5201, #1880, #4146, #5782, #6869, #3034, #1916, #4072, #1336, #5636, #1954, #2348, #4109 ),
 ( #3468, #835, #730, #2890, #2927, #4002, #5128, #250, #180, #2382, #1229, #2963, #6797, #1845, #5164, #3435, #4035, #3540, #6250, #5238, #1303, #3503, #5707 ),
 ( #5744, #798, #2454, #4658, #6362, #441, #2674, #6437, #1488, #3687, #328, #4838, #2031, #3754, #2639, #5861, #3072, #7051, #5822, #3148, #3110, #6946, #3721 ),
 ( #872, #5930, #2100, #4294, #978, #944, #406, #3184, #4770, #7018, #5277, #5351, #6513, #2606, #4806, #5896, #2531, #5419, #3651, #2569, #1558, #2066, #4732 ),
 ( #1410, #475, #4185, #4871, #1993, #6400, #1447, #4260, #5385, #909, #5964, #1013, #6475, #2133, #3219, #7084, #3614, #5314, #1524, #368, #6984, #4227, #1047 ),
 ( #6064, #5452, #509, #6135, #1150, #2707, #2848, #1624, #4977, #4906, #1659, #4471, #2167, #4943, #3885, #3785, #3251, #579, #1186, #4436, #3355, #1115, #31 ),
 ( #5996, #6545, #67, #3850, #6099, #3320, #7119, #3921, #1730, #4364, #5524, #6681, #3286, #2777, #4400, #6578, #3390, #614, #1591, #2237, #3816, #2742, #6030 ),
 ( #5488, #1081, #102, #5594, #545, #6647, #6614, #5558, #2270, #649, #1694, #5047, #4329, #2812, #5012, #7155, #2203, #5193, #6718, #1296, #1222, #206, #2883 ),
 ( #5084, #4065, #3496, #5156, #4100, #5700, #241, #2411, #826, #1768, #6279, #139, #2341, #6755, #3995, #6208, #3210, #1479, #3139, #4286, #2522, #1515, #5852 ),
 ( #5922, #6899, #4218, #4176, #3063, #6466, #1549, #1985, #3176, #2022, #3746, #1004, #4830, #5342, #5377, #397, #2631, #7043, #5268, #6504, #280, #1945, #4137 ),
 ( #6352, #1401, #1616, #2903, #3840, #2125, #4013, #501, #1071, #4390, #1822, #6227, #5989, #3345, #4354, #6091, #1279, #2733, #1141, #5103, #158, #2360, #4426 ),
 ( #3877, #6054, #6605, #2665, #5409, #4320, #4562, #3277, #4862, #5444, #465, #3244, #7076, #2698, #6537, #1583, #1685, #3778, #4897, #1039, #7145, #2158, #6569 ),
 ( #1105, #535, #5513, #4933, #2193, #3310, #570, #2768, #4968, #22, #2229, #884, #4048, #5683, #4706, #6957, #3552, #5758, #810, #4597, #1966, #6298, #5176 ),
 ( #4744, #5721, #5796, #2975, #2004, #4197, #3084, #1891, #848, #225, #3588, #2431, #6262, #301, #1928, #6920, #1315, #6811, #2502, #5139, #742, #4632, #4157 ),
 ( #6412, #6844, #4084, #2466, #2394, #1858, #3517, #1422, #1348, #6374, #3011, #5213, #3626, #5289, #5835, #341, #2543, #263, #6881, #4669, #4120, #6334, #1383 ),
 ( #3046, #5250, #2581, #4237, #5463, #4916, #6449, #3121, #5361, #1023, #1499, #989, #5325, #416, #2076, #380, #4270, #6486, #2649, #1233, #6692, #5603, #5568 ),
 ( #4514, #4409, #1634, #6727, #6108, #1195, #1159, #1668, #5639, #695, #3859, #624, #2893, #589, #2821, #5021, #2786, #5093, #5057, #4986, #2279, #76, #4480 ),
 ( #149, #1740, #3930, #2351, #6587, #6145, #3399, #658, #5785, #292, #6911, #1339, #1957, #2493, #4075, #6289, #2966, #183, #5241, #4148, #838, #4039, #1270 ),
 ( #3000, #3543, #4588, #875, #5204, #5748, #6801, #3037, #801, #6218, #3471, #1919, #4697, #6365, #6324, #253, #2457, #1374, #5167, #6872, #5674, #3579, #1413 ),
 ( #2385, #733, #3617, #2930, #4552, #6253, #5825, #1849, #5711, #3075, #6766, #5280, #3507, #331, #216, #2421, #1813, #3943, #3412, #5070, #5413, #469, #423 ),
 ( #6456, #4205, #4853, #2621, #2083, #308, #5257, #6927, #2116, #1466, #4164, #348, #6528, #3128, #4276, #6493, #1538, #2689, #46, #491, #6012, #1030, #2757 ),
 ( #4888, #7100, #4415, #2828, #1129, #2251, #4957, #1674, #1165, #3235, #5435, #3900, #5503, #2792, #12, #2149, #630, #5574, #6560, #2217, #3369, #7135, #6628 ),
 ( #5027, #4450, #4344, #3865, #1607, #6594, #1062, #82, #2285, #2183, #3800, #3936, #4486, #4380, #6078, #1095, #6661, #6114, #6698, #3334, #1746, #3268, #559 ),
 ( #5538, #5470, #526, #1708, #1640, #2723, #4923, #3830, #595, #6044, #3300, #4992, #1344, #4044, #1924, #188, #5135, #806, #1239, #221, #2356, #2427, #6187 ),
 ( #2935, #2899, #6733, #3513, #259, #3442, #1311, #5645, #2462, #4665, #3548, #4558, #5717, #701, #6258, #5099, #1782, #2971, #4593, #4627, #3973, #116, #5172 ),
 ( #6771, #6294, #2390, #2862, #6877, #154, #1818, #6807, #6151, #1201, #4009, #4080, #6223, #6840, #3405, #3476, #1887, #5754, #3007, #5209, #5609, #1275, #664 ),
 ( #1854, #5063, #2319, #4519, #5679, #738, #771, #4153, #1621, #1962, #5792, #1418, #5246, #844, #3249, #3584, #6370, #4116, #5962, #880, #3080, #1011, #5485 ),
 ( #3622, #4361, #2164, #1455, #3283, #6329, #1379, #7116, #3659, #5994, #3217, #3042, #3813, #6027, #2498, #5417, #6575, #5285, #473, #4193, #5830, #1078, #506 ),
 ( #297, #6953, #2672, #4702, #6543, #4869, #7082, #542, #4740, #2704, #2131, #4903, #4327, #1045, #6916, #2739, #5449, #1589, #7152, #337, #3783, #2539, #4940 ),
 ( #2000, #6407, #6061, #2879, #610, #6611, #2234, #6751, #28, #3847, #6644, #3317, #1112, #1218, #1656, #4433, #2200, #3917, #6096, #1147, #6131, #3458, #2808 ),
 ( #3425, #1182, #5661, #645, #1726, #5521, #720, #2302, #1800, #2774, #4397, #5626, #2916, #2266, #4467, #6677, #576, #682, #5008, #3882, #4974, #3386, #1691 ),
 ( #3351, #63, #5554, #2337, #4538, #5590, #2844, #5117, #3991, #5043, #98, #4502, #5080, #135, #6204, #6714, #1257, #1764, #3956, #6169, #3530, #2953, #862 ),
 ( #5734, #3602, #203, #3640, #5771, #1905, #2407, #5811, #2443, #1836, #4026, #4683, #3060, #5265, #6895, #4097, #1360, #1942, #788, #823, #6241, #6310, #317 ),
 ( #754, #1292, #6349, #6788, #171, #1871, #1397, #3492, #1327, #2519, #2373, #6390, #5152, #1436, #4611, #5696, #6825, #4721, #4647, #5849, #4575, #4062, #6936 ),
 ( #6276, #2987, #1982, #898, #238, #6858, #3564, #5190, #4173, #3023, #5226, #277, #2479, #4134, #3098, #6972, #968, #2628, #4215, #462, #4827, #1001, #4894 ),
 ( #1512, #6501, #5374, #6534, #1036, #498, #2090, #2695, #3241, #7040, #4283, #3710, #933, #5986, #7106, #1580, #4795, #2019, #3775, #4758, #1546, #2054, #5885 ),
 ( #6426, #1476, #2662, #5441, #2155, #4859, #3743, #5952, #7073, #5919, #3207, #3676, #5406, #4350, #2122, #4317, #6566, #3136, #1613, #2595, #3173, #3806, #6018 ),
 ( #356, #1068, #5339, #5303, #394, #7007, #4250, #2557, #6463, #430, #1210, #90, #3908, #6197, #4965, #5000, #2225, #6161, #1716, #4459, #532, #3983, #7142 ),
 ( #54, #4387, #6601, #5073, #2294, #1647, #1793, #566, #6122, #3837, #603, #3416, #1102, #3873, #2836, #2730, #2190, #6670, #128, #3378, #4494, #2259, #1173 ),
 ( #3274, #5582, #6051, #638, #4930, #6087, #2800, #3307, #5035, #6706, #1755, #2871, #1137, #3948, #5619, #674, #2329, #4530, #3342, #6743, #5477, #5510, #2764 ),
 ( #6636, #19, #4423, #1682, #5546, #2946, #5110, #6888, #713, #5183, #5145, #6234, #5765, #2510, #2400, #3017, #4604, #4714, #6929, #5803, #6818, #5219, #4055 ),
 ( #164, #232, #1390, #4639, #6852, #781, #4568, #310, #6269, #3523, #3595, #1898, #2366, #1974, #5727, #4091, #1354, #4166, #1250, #270, #6342, #2472, #1935 ),
 ( #855, #4676, #4127, #3451, #3053, #5258, #5654, #2910, #6781, #3171, #3206, #1579, #1545, #2661, #1981, #6389, #711, #4674, #2908, #4528, #1827, #1791, #3981 ),
 ( #4602, #6340, #1284, #6816, #5181, #1863, #4053, #6267, #3414, #779, #1896, #230, #4637, #6850, #4089, #6303, #5476, #6086, #6233, #5954, #4352, #2873, #6603 ),
 ( #3418, #2227, #568, #2766, #6638, #56, #6708, #1718, #3875, #6089, #1139, #3910, #6124, #1757, #117, #2936, #6662, #1747, #2140, #5460, #6408, #7059, #375 ),
 ( #2577, #4303, #6483, #5972, #517, #5938, #4778, #986, #2038, #1495, #5358, #3192, #5392, #5746, #6689, #4586, #5055, #6799, #1847, #6180, #1231, #1305, #6764 ),
 ( #3505, #4037, #5709, #5870, #5832, #6331, #377, #6446, #3099, #6896, #2408, #1398, #2558, #357, #4759, #6973, #2286, #4958, #4359, #1835, #2336, #202, #1724 ),
 ( #609, #4537, #6750, #3990, #967, #1578, #5109, #5126, #6025, #1725, #5695, #3563, #5937, #4458, #2756, #5716, #5753, #3006, #5791, #3569, #1441, #1733, #5229 ),
 ( #6690, #1626, #5490, #938, #497, #120, #1242, #2518, #1240, #1345, #6259, #222, #3443, #5064, #5610, #2972, #3406, #1783, #3937, #5680, #702, #2900, #739 ),
 ( #6808, #665, #2863, #6734, #5210, #2391, #5646, #3549, #1312, #2428, #5100, #118, #2320, #5173, #4520, #3974, #6152, #2937, #155, #2357, #5136, #260, #4010 ),
 ( #6188, #4559, #2463, #4594, #3477, #6772, #4666, #4045, #5755, #1819, #1202, #4628, #6878, #6224, #1276, #189, #1855, #6841, #3514, #5718, #772, #1888, #4081 ),
 ( #6295, #807, #3008, #4234, #6409, #4779, #1622, #2540, #507, #1456, #5450, #6576, #6445, #6954, #952, #3284, #4362, #6992, #4941, #3118, #917, #3814, #4154 ),
 ( #1419, #5793, #2705, #1380, #5868, #5831, #2499, #1496, #5486, #6371, #3695, #3623, #543, #2740, #6028, #338, #5904, #881, #2039, #3081, #4703, #3156, #376 ),
 ( #3660, #5247, #1079, #5286, #4741, #2165, #5322, #845, #1925, #2001, #4194, #2578, #4117, #6330, #6917, #7117, #4904, #3585, #3043, #298, #1963, #4541, #2881 ),
 ( #1728, #6097, #5082, #5592, #1184, #4398, #722, #3848, #684, #5556, #6612, #6679, #6062, #5663, #100, #6753, #577, #7153, #1220, #3460, #65, #2268, #4469 ),
 ( #3388, #3919, #2235, #137, #3427, #2201, #2846, #2775, #612, #29, #2339, #1802, #1148, #4975, #2918, #3993, #3353, #647, #6133, #5628, #6206, #1259, #5045 ),
 ( #2304, #1657, #4504, #6716, #1113, #4434, #3318, #2810, #5522, #6645, #1692, #1766, #3958, #3883, #5010, #6171, #6790, #1838, #2480, #863, #1399, #4684, #6859 ),
 ( #3531, #5772, #4028, #4098, #5266, #6311, #3565, #4648, #1294, #4174, #2409, #1328, #318, #1361, #6243, #3641, #204, #5735, #824, #6391, #5850, #5698, #3061 ),
 ( #899, #2444, #2520, #4722, #6937, #1983, #1437, #5191, #5119, #173, #2375, #3024, #4577, #4135, #3603, #6350, #1906, #3494, #756, #4612, #2955, #5154, #6826 ),
 ( #5812, #1872, #4063, #6277, #5227, #789, #2988, #278, #239, #6897, #1943, #5442, #1581, #1037, #431, #2156, #6427, #2629, #3242, #934, #3711, #2663, #2559 ),
 ( #3174, #7107, #499, #3776, #2696, #4828, #4351, #5304, #358, #5987, #7041, #4860, #2091, #2020, #4895, #6567, #1477, #4284, #1614, #2055, #6502, #5375, #5340 ),
 ( #6974, #1002, #4760, #5920, #1547, #4216, #5407, #3744, #5953, #3807, #969, #6019, #3208, #6535, #3100, #463, #7074, #2123, #3677, #5886, #4318, #3137, #395 ),
 ( #2596, #4796, #7008, #4251, #6464, #1513, #533, #5001, #4966, #1648, #5583, #2330, #3308, #3379, #5511, #4531, #6744, #5620, #6637, #639, #2765, #1174, #567 ),
 ( #1211, #55, #6671, #604, #4388, #129, #20, #4424, #3417, #4460, #4931, #1794, #2226, #1683, #2260, #3984, #1069, #3838, #6162, #3874, #1756, #3275, #5547 ),
 ( #1717, #5478, #6088, #2801, #1138, #3949, #3909, #6123, #2731, #7143, #2191, #675, #3343, #6602, #2837, #2872, #5036, #4495, #91, #6052, #1103, #2295, #6707 ),
 ( #5074, #2473, #3486, #165, #714, #5220, #5655, #4020, #6198, #782, #2947, #1865, #5804, #6853, #1899, #2911, #5111, #1829, #311, #4640, #5728, #2367, #4715 ),
 ( #818, #2981, #4569, #856, #3596, #6782, #5184, #6343, #5146, #2437, #6270, #1286, #1391, #4677, #1251, #4092, #6235, #4605, #5689, #3054, #5259, #197, #748 ),
 ( #2401, #233, #1321, #271, #1936, #2511, #6305, #6930, #4128, #1355, #3558, #6819, #4056, #6889, #1975, #3452, #3524, #5766, #3018, #3634, #962, #927, #4752 ),
 ( #5843, #892, #1540, #7069, #458, #3739, #5914, #5369, #5948, #2589, #4822, #3092, #3166, #4313, #425, #2623, #3705, #350, #3237, #1469, #388, #6530, #7035 ),
 ( #2657, #6382, #5437, #2013, #493, #6966, #5297, #4207, #2085, #997, #2551, #2118, #3202, #4278, #7102, #5879, #6495, #3130, #1574, #5402, #4855, #1430, #4890 ),
 ( #3771, #5333, #5982, #6420, #4789, #1032, #3670, #2691, #7002, #4167, #2049, #4245, #6458, #1507, #3902, #528, #84, #6116, #2794, #5066, #3832, #3867, #1097 ),
 ( #5612, #3336, #2151, #1167, #632, #3371, #6080, #3270, #2725, #1642, #4488, #6700, #667, #6596, #4994, #5472, #6630, #2288, #7137, #2759, #48, #4960, #1749 ),
 ( #3802, #6014, #4925, #3408, #597, #1676, #1064, #2865, #2253, #3939, #2185, #4346, #5576, #6562, #2219, #4417, #1131, #4382, #2830, #14, #6046, #1609, #5540 ),
 ( #4452, #3302, #561, #5505, #6154, #1204, #6664, #1710, #5029, #2465, #3479, #1314, #191, #1347, #3010, #4668, #4047, #6880, #5212, #6810, #1857, #5682, #2902 ),
 ( #3551, #741, #5757, #157, #3587, #5720, #6261, #2359, #809, #2393, #1785, #3976, #4631, #262, #1927, #6843, #3516, #774, #1890, #2939, #2974, #6190, #5175 ),
 ( #4119, #704, #1243, #6297, #6736, #121, #4596, #5795, #1382, #847, #224, #2322, #6333, #3045, #4522, #2430, #3445, #5648, #6774, #5102, #4561, #1821, #4012 ),
 ( #6226, #1278, #5138, #4083, #7027, #6373, #5360, #1965, #5324, #2109, #450, #3730, #3194, #2580, #4305, #300, #2501, #988, #4781, #2075, #6994, #4156, #4846 ),
 ( #2041, #5394, #4196, #1498, #379, #340, #2648, #1532, #4705, #954, #5834, #3662, #5288, #7061, #6521, #6411, #883, #1022, #1567, #1459, #6448, #4236, #6485 ),
 ( #4269, #3763, #5974, #3158, #5249, #3697, #5906, #6919, #2542, #5940, #5871, #1421, #4743, #3625, #415, #2614, #6956, #3083, #4814, #2003, #919, #3120, #6107 ),
 ( #4951, #4408, #4985, #1633, #3858, #2142, #2211, #3363, #6622, #1667, #2750, #6553, #2278, #519, #6586, #5567, #6072, #7093, #1739, #5462, #3824, #1123, #4479 ),
 ( #2682, #3260, #3328, #39, #1599, #1158, #2245, #5532, #6144, #4915, #588, #4444, #3793, #4337, #6655, #4881, #3228, #7128, #1702, #6005, #4373, #3894, #5428 ),
 ( #6691, #3929, #1055, #623, #2176, #2820, #484, #553, #5020, #75, #2716, #6038, #1089, #3294, #5497, #6, #2785, #2384, #1194, #215, #6835, #2420, #2929 ),
 ( #5747, #3506, #4622, #5638, #2313, #2856, #1882, #657, #6181, #3398, #5130, #2965, #4513, #1306, #5056, #1269, #5203, #3542, #4074, #6288, #5673, #252, #5602 ),
 ( #5710, #800, #1776, #110, #1338, #4660, #3470, #732, #182, #6726, #2999, #4004, #2892, #3967, #4587, #1232, #6252, #3437, #6217, #6800, #694, #766, #1848 ),
 ( #4111, #2456, #4551, #4038, #5166, #6871, #1918, #5092, #148, #2350, #6765, #1812, #5863, #2533, #1956, #7020, #3723, #408, #5824, #3036, #4808, #5784, #3112 ) ),
 .UNSPECIFIED., .T., .F., .F.,
 ( 4, 1, 1, 1, 1, 1, 1, 1, 1, 1, 1, 1, 1, 1, 1, 1, 1, 1, 1, 1, 1, 1, 1, 1, 1, 1, 1, 1, 1, 1, 1, 1, 1, 1, 1, 1, 1, 1, 1, 1, 1, 1, 1, 1, 1, 1, 1, 1, 1, 1, 1, 1, 1, 1, 1, 1, 1, 1, 1, 1, 1, 1, 1, 1, 1, 1, 1, 1, 1, 1, 1, 1, 1, 1, 1, 1, 1, 1, 1, 1, 1, 1, 1, 1, 1, 1, 1, 1, 1, 1, 1, 1, 1, 1, 1, 1, 1, 1, 1, 1, 1, 1, 1, 1, 1, 1, 1, 1, 1, 1, 1, 1, 1, 1, 1, 1, 1, 1, 1, 1, 1, 1, 1, 1, 1, 1, 1, 1, 1, 1, 1, 1, 1, 1, 1, 1, 1, 1, 1, 1, 1, 1, 1, 1, 1, 1, 4 ),
 ( 4, 1, 1, 1, 1, 1, 1, 1, 1, 1, 1, 1, 1, 1, 1, 1, 1, 1, 1, 1, 4 ),
 ( 0.000000000000000000, 0.01562500000000000000, 0.03125000000000000000, 0.04687500000000000000, 0.06250000000000000000, 0.07812500000000000000, 0.09375000000000000000, 0.1015625000000000000, 0.1093750000000000000, 0.1171875000000000000, 0.1250000000000000000, 0.1328125000000000000, 0.1406250000000000000, 0.1484375000000000000, 0.1562500000000000000, 0.1640625000000000000, 0.1718750000000000000, 0.1757812500000000000, 0.1796875000000000000, 0.1835937500000000000, 0.1875000000000000000, 0.1914062500000000000, 0.1953125000000000000, 0.1992187500000000000, 0.2031250000000000000, 0.2070312500000000000, 0.2109375000000000000, 0.2148437500000000000, 0.2187500000000000000, 0.2226562500000000000, 0.2265625000000000000, 0.2304687500000000000, 0.2343750000000000000, 0.2382812500000000000, 0.2421875000000000000, 0.2441406250000000000, 0.2460937500000000000, 0.2480468750000000000, 0.2500000000000000000, 0.2519531250000000000, 0.2539062500000000000, 0.2558593750000000000, 0.2578125000000000000, 0.2617187500000000000, 0.2656250000000000000, 0.2695312500000000000, 0.2734375000000000000, 0.2773437500000000000, 0.2812500000000000000, 0.2851562500000000000, 0.2890625000000000000, 0.2929687500000000000, 0.2968750000000000000, 0.3007812500000000000, 0.3046875000000000000, 0.3125000000000000000, 0.3203125000000000000, 0.3281250000000000000, 0.3359375000000000000, 0.3437500000000000000, 0.3515625000000000000, 0.3593750000000000000, 0.3671875000000000000, 0.3750000000000000000, 0.3828125000000000000, 0.3906250000000000000, 0.4062500000000000000, 0.4218750000000000000, 0.4375000000000000000, 0.4531250000000000000, 0.4687500000000000000, 0.4843750000000000000, 0.5000000000000000000, 0.5156250000000000000, 0.5312500000000000000, 0.5468750000000000000, 0.5625000000000000000, 0.5781250000000000000, 0.5937500000000000000, 0.6093750000000000000, 0.6171875000000000000, 0.6250000000000000000, 0.6328125000000000000, 0.6406250000000000000, 0.6484375000000000000, 0.6562500000000000000, 0.6640625000000000000, 0.6718750000000000000, 0.6796875000000000000, 0.6875000000000000000, 0.6953125000000000000, 0.6992187500000000000, 0.7031250000000000000, 0.7070312500000000000, 0.7109375000000000000, 0.7148437500000000000, 0.7187500000000000000, 0.7226562500000000000, 0.7265625000000000000, 0.7304687500000000000, 0.7343750000000000000, 0.7382812500000000000, 0.7421875000000000000, 0.7441406250000000000, 0.7460937500000000000, 0.7480468750000000000, 0.7500000000000000000, 0.7519531250000000000, 0.7539062500000000000, 0.7558593750000000000, 0.7578125000000000000, 0.7617187500000000000, 0.7656250000000000000, 0.7695312500000000000, 0.7734375000000000000, 0.7773437500000000000, 0.7812500000000000000, 0.7851562500000000000, 0.7890625000000000000, 0.7929687500000000000, 0.7968750000000000000, 0.8007812500000000000, 0.8046875000000000000, 0.8085937500000000000, 0.8125000000000000000, 0.8164062500000000000, 0.8203125000000000000, 0.8242187500000000000, 0.8281250000000000000, 0.8320312500000000000, 0.8359375000000000000, 0.8437500000000000000, 0.8515625000000000000, 0.8593750000000000000, 0.8671875000000000000, 0.8750000000000000000, 0.8828125000000000000, 0.8906250000000000000, 0.8984375000000000000, 0.9062500000000000000, 0.9140625000000000000, 0.9218750000000000000, 0.9375000000000000000, 0.9531250000000000000, 0.9687500000000000000, 0.9843750000000000000, 1.000000000000000000 ),
 ( 0.000000000000000000, 0.04338888484837007814, 0.08726842559578262826, 0.1316960813084128157, 0.1767150319844623674, 0.2223617072268375405, 0.2686719341565118047, 0.3156798230351277046, 0.3634152511743036218, 0.4119045823900138181, 0.4611748235201702517, 0.5112512299445975961, 0.5621552213387537300, 0.6139078069358639977, 0.6665256094627641792, 0.7200190046928943710, 0.7743952586301823260, 0.8296472257035070186, 0.8857501462024645056, 0.9426252945750567269, 1.000000000000000000 ),
 .UNSPECIFIED. ) ;
#6512 = CARTESIAN_POINT ( 'NONE',  ( 1112.660420492454477, 263.5648875825938831, -86.88635797038409692 ) ) ;
#6513 = CARTESIAN_POINT ( 'NONE',  ( 1147.673538345686211, 353.0238566476323854, -42.55318730947610106 ) ) ;
#6514 = CARTESIAN_POINT ( 'NONE',  ( 847.4140336723041855, 85.19833370397628869, -40.41856395676142455 ) ) ;
#6515 = CARTESIAN_POINT ( 'NONE',  ( 618.5196176171043589, 10.00464168311075142, -0.04332554700033867945 ) ) ;
#6516 = CARTESIAN_POINT ( 'NONE',  ( 1110.840582089679401, 270.1062811540394932, -67.80845956218612969 ) ) ;
#6517 = CARTESIAN_POINT ( 'NONE',  ( 945.8217588503348452, 208.5066271330176733, 64.16585185404076697 ) ) ;
#6518 = CARTESIAN_POINT ( 'NONE',  ( 676.6471745622712888, 17.88855818258893038, -25.10928202747179228 ) ) ;
#6519 = CARTESIAN_POINT ( 'NONE',  ( 1290.166792772597773, 625.5131596859203000, 31.44968702406231742 ) ) ;
#6520 = CARTESIAN_POINT ( 'NONE',  ( 1008.496051596805160, 190.8858914096479964, -66.37422499882561056 ) ) ;
#6521 = CARTESIAN_POINT ( 'NONE',  ( 1219.409068111852093, 498.6369720507852321, 34.15769444963149226 ) ) ;
#6522 = CARTESIAN_POINT ( 'NONE',  ( 1372.271283974626613, 720.7881229913159586, -49.52632245032857838 ) ) ;
#6523 = CARTESIAN_POINT ( 'NONE',  ( 1442.575468705579169, 943.9445727665477079, -33.24541815786798082 ) ) ;
#6524 = CARTESIAN_POINT ( 'NONE',  ( 1326.157818491925809, 805.6969138083561575, 86.34376571437863390 ) ) ;
#6525 = CARTESIAN_POINT ( 'NONE',  ( 560.0000000000001137, 5.558699487194010302, 21.83899465520277872 ) ) ;
#6526 = CC_DESIGN_APPROVAL ( #6359, ( #3512 ) ) ;
#6527 = CARTESIAN_POINT ( 'NONE',  ( 1385.432901884208604, 926.4090067797072834, 51.23907875836251691 ) ) ;
#6528 = CARTESIAN_POINT ( 'NONE',  ( 1133.252853620276710, 398.9876812472164147, 47.65268107231944583 ) ) ;
#6529 = CARTESIAN_POINT ( 'NONE',  ( 1206.878961590668041, 362.5320709035633513, -95.73621721816274999 ) ) ;
#6530 = CARTESIAN_POINT ( 'NONE',  ( 1401.125156915997877, 971.1639261500089333, 41.74118526315019295 ) ) ;
#6531 = CARTESIAN_POINT ( 'NONE',  ( 1056.569323563379839, 244.2166773505232982, -56.53914901752989408 ) ) ;
#6532 = CARTESIAN_POINT ( 'NONE',  ( 1105.154575324114603, 290.4260618693951983, -36.32114891018546388 ) ) ;
#6533 = CARTESIAN_POINT ( 'NONE',  ( 1089.812575831461800, 345.2186818971384241, 47.49065750381121376 ) ) ;
#6534 = CARTESIAN_POINT ( 'NONE',  ( 675.6256372461332376, 42.12670372334944346, 31.76587770096880803 ) ) ;
#6535 = CARTESIAN_POINT ( 'NONE',  ( 1172.824297011113231, 460.1303032488347071, 74.15931345444555234 ) ) ;
#6536 = CARTESIAN_POINT ( 'NONE',  ( 733.8723493094131527, 41.86012786898313465, -39.55861500729984925 ) ) ;
#6537 = CARTESIAN_POINT ( 'NONE',  ( 1221.141057497784914, 494.1029654529311870, 5.341970152640715064 ) ) ;
#6538 = CARTESIAN_POINT ( 'NONE',  ( 734.4379687764280789, 33.54468910888962796, -40.66004535697153699 ) ) ;
#6539 = CARTESIAN_POINT ( 'NONE',  ( 1397.201344200901985, 907.8931436756693074, 10.82494751975523251 ) ) ;
#6540 = CARTESIAN_POINT ( 'NONE',  ( 1333.492113684986634, 531.5675665434006305, -103.6089112015872189 ) ) ;
#6541 = CARTESIAN_POINT ( 'NONE',  ( 1233.839668972671461, 461.1732865831544359, -28.09030362075601417 ) ) ;
#6542 = PERSON_AND_ORGANIZATION ( #4301, #6142 ) ;
#6543 = CARTESIAN_POINT ( 'NONE',  ( 732.2443395295057371, 66.12072381872080484, 32.04155463006506466 ) ) ;
#6544 = CARTESIAN_POINT ( 'NONE',  ( 676.5804480291856180, 19.30635470043196023, -37.02665295908062859 ) ) ;
#6545 = CARTESIAN_POINT ( 'NONE',  ( 579.3820085828807578, 9.566218369665939747, -8.511837228885420714 ) ) ;
#6546 = CARTESIAN_POINT ( 'NONE',  ( 1394.236548140944251, 680.3717879021374983, -86.76397557483355172 ) ) ;
#6547 = CARTESIAN_POINT ( 'NONE',  ( 952.2154116059385842, 173.5804934155016213, -4.472185547458670030 ) ) ;
#6548 = CARTESIAN_POINT ( 'NONE',  ( 1443.829984824868916, 834.5787038746416329, -75.55819924503003904 ) ) ;
#6549 = CARTESIAN_POINT ( 'NONE',  ( 1128.508463976680332, 414.1262890134924533, 86.19529822679227493 ) ) ;
#6550 = CARTESIAN_POINT ( 'NONE',  ( 847.2400716914415852, 86.61478563095744221, -37.52316692994061498 ) ) ;
#6551 = CARTESIAN_POINT ( 'NONE',  ( 1394.142546326403135, 912.7112606661223708, 30.18626132787337468 ) ) ;
#6552 = CARTESIAN_POINT ( 'NONE',  ( 790.5140086272496092, 66.29267234250265517, -43.22384944451155064 ) ) ;
#6553 = CARTESIAN_POINT ( 'NONE',  ( 1096.153389267508373, 322.5910924556179111, 20.94419941835248622 ) ) ;
#6554 = CARTESIAN_POINT ( 'NONE',  ( 618.3877298580134720, 16.91494607933152494, -14.29096551649087843 ) ) ;
#6555 = CARTESIAN_POINT ( 'NONE',  ( 1436.638107142265198, 845.8865009899980123, -61.94190411294993481 ) ) ;
#6556 = CARTESIAN_POINT ( 'NONE',  ( 579.3611759573967674, 12.35567864850738040, 19.73534557607545992 ) ) ;
#6557 = CARTESIAN_POINT ( 'NONE',  ( 618.3457136133260974, 19.92483169721771930, 29.24164717476831754 ) ) ;
#6558 = CARTESIAN_POINT ( 'NONE',  ( 559.9999999999998863, -4.929808843846966937, -10.00047303236625140 ) ) ;
#6559 = CARTESIAN_POINT ( 'NONE',  ( 559.9999999999998863, 2.882035517385869383, 13.41284042954942990 ) ) ;
#6560 = CARTESIAN_POINT ( 'NONE',  ( 1333.974940789589482, 791.3004293979311115, 60.22744909868588792 ) ) ;
#6561 = CARTESIAN_POINT ( 'NONE',  ( 1010.040176119623652, 183.6959649117297602, -73.15655760781352512 ) ) ;
#6562 = CARTESIAN_POINT ( 'NONE',  ( 1177.499118390283002, 446.7351253631430836, 48.50543534896281983 ) ) ;
#6563 = CARTESIAN_POINT ( 'NONE',  ( 954.0741678963422601, 163.3329742980959054, -50.27614417638044131 ) ) ;
#6564 = CARTESIAN_POINT ( 'NONE',  ( 1432.999273047241786, 958.0866919281867240, -15.02029272581682307 ) ) ;
#6565 = CARTESIAN_POINT ( 'NONE',  ( 1381.377728781413225, 932.7803249229572202, 50.43779301209362131 ) ) ;
#6566 = CARTESIAN_POINT ( 'NONE',  ( 1268.943578398324007, 671.5349227984027038, 100.1956987094712019 ) ) ;
#6567 = CARTESIAN_POINT ( 'NONE',  ( 1244.239484842277307, 588.9167390639636324, 82.74723361162179458 ) ) ;
#6568 = CARTESIAN_POINT ( 'NONE',  ( 618.5478766171892175, 7.837501919743061762, -29.39177023725962101 ) ) ;
#6569 = CARTESIAN_POINT ( 'NONE',  ( 1421.059629243048221, 975.7191496860299367, 2.783273620055803033 ) ) ;
#6570 = CARTESIAN_POINT ( 'NONE',  ( 1332.858028189604283, 532.9443945507199487, -101.3130003850574354 ) ) ;
#6571 = CARTESIAN_POINT ( 'NONE',  ( 1047.164271516903227, 282.3573042340260031, 14.29105700106022958 ) ) ;
#6572 = CARTESIAN_POINT ( 'NONE',  ( 560.0000000000003411, -6.737108941001118012, -23.21271365186270330 ) ) ;
#6573 = CARTESIAN_POINT ( 'NONE',  ( 1198.407830144592708, 386.7857768793055584, -70.66087292757043770 ) ) ;
#6574 = CARTESIAN_POINT ( 'NONE',  ( 1413.418374115399502, 882.3978714246138679, -14.02686248934776714 ) ) ;
#6575 = CARTESIAN_POINT ( 'NONE',  ( 1272.945374399111415, 662.8510002834410670, 82.40868395821343029 ) ) ;
#6576 = CARTESIAN_POINT ( 'NONE',  ( 1088.049199315734995, 351.5519918974787856, 80.01359681311795669 ) ) ;
#6577 = CARTESIAN_POINT ( 'NONE',  ( 1334.133499281209197, 530.1664603039012036, -110.0536757099911114 ) ) ;
#6578 = CARTESIAN_POINT ( 'NONE',  ( 1266.837141769206937, 535.3949456374533611, -28.74514330080751279 ) ) ;
#6579 = CARTESIAN_POINT ( 'NONE',  ( 1447.534592805220882, 936.6209417071227108, -42.08328836884832214 ) ) ;
#6580 = CARTESIAN_POINT ( 'NONE',  ( 951.9583933628675823, 174.9845914201209780, -1.612555975641788653 ) ) ;
#6581 = CARTESIAN_POINT ( 'NONE',  ( 560.0000000000004547, -7.503428206609674689, -19.98750939024358786 ) ) ;
#6582 = CARTESIAN_POINT ( 'NONE',  ( 675.6204753685976812, 42.27754793856342275, 34.53807509153888589 ) ) ;
#6583 = CARTESIAN_POINT ( 'NONE',  ( 1420.083497486505621, 977.1607003927001642, 4.916435592280816280 ) ) ;
#6584 = CARTESIAN_POINT ( 'NONE',  ( 1000.481088025436179, 228.3315561602630339, 22.33641054810984272 ) ) ;
#6585 = CARTESIAN_POINT ( 'NONE',  ( 1359.515293597724622, 616.6590657447488866, -91.22351174775265292 ) ) ;
#6586 = CARTESIAN_POINT ( 'NONE',  ( 1221.614201408862073, 492.9119387663594694, 24.19870743819775427 ) ) ;
#6587 = CARTESIAN_POINT ( 'NONE',  ( 732.3578511670440321, 64.36759070316738018, 16.70886958971862413 ) ) ;
#6588 = CARTESIAN_POINT ( 'NONE',  ( 1186.394269010481821, 421.2014633443557159, -20.27481715909656756 ) ) ;
#6589 = CARTESIAN_POINT ( 'NONE',  ( 618.6503490678356911, 2.388428644436906723, -21.53130016414935355 ) ) ;
#6590 = CARTESIAN_POINT ( 'NONE',  ( 1404.965064014992777, 999.4875925448415046, 40.44604635625571376 ) ) ;
#6591 = CARTESIAN_POINT ( 'NONE',  ( 996.3918003674629063, 247.4054506860424567, 65.02986042425362712 ) ) ;
#6592 = CARTESIAN_POINT ( 'NONE',  ( 1380.171166976046152, 706.2627256480916458, -54.14556423554535769 ) ) ;
#6593 = CARTESIAN_POINT ( 'NONE',  ( 1248.783580830929168, 578.1603394958415265, 63.30830946481960808 ) ) ;
#6594 = CARTESIAN_POINT ( 'NONE',  ( 787.9530998685061149, 93.41317092801695310, 27.67911263539720679 ) ) ;
#6595 = CARTESIAN_POINT ( 'NONE',  ( 956.7849461794422723, 148.5531223390264302, -66.18420544919878523 ) ) ;
#6596 = CARTESIAN_POINT ( 'NONE',  ( 1176.906195470705370, 448.4340535946555519, 51.69349802445174902 ) ) ;
#6597 = CARTESIAN_POINT ( 'NONE',  ( 1240.414910961814257, 444.0639797299061797, -71.17925696729568585 ) ) ;
#6598 = CARTESIAN_POINT ( 'NONE',  ( 1434.370572248179542, 920.6626045723998004, -30.94135414870939726 ) ) ;
#6599 = CARTESIAN_POINT ( 'NONE',  ( 788.0307750341909241, 92.57706318617441354, 22.67398389689297389 ) ) ;
#6600 = CARTESIAN_POINT ( 'NONE',  ( 1172.519213041360899, 461.0044865754576904, 75.78713997331131225 ) ) ;
#6601 = CARTESIAN_POINT ( 'NONE',  ( 618.3068039597360439, 22.12947942499947729, 28.79477107918327050 ) ) ;
#6602 = CARTESIAN_POINT ( 'NONE',  ( 1173.705601026373188, 457.6051268041946969, 69.31171985527979018 ) ) ;
#6603 = CARTESIAN_POINT ( 'NONE',  ( 1399.879980831462262, 1006.997239892712969, 53.66886250013086368 ) ) ;
#6604 = CARTESIAN_POINT ( 'NONE',  ( 1157.805526684340748, 320.7679043187815182, -82.86829336520722222 ) ) ;
#6605 = CARTESIAN_POINT ( 'NONE',  ( 618.3270586030120057, 20.51062997866824134, 0.3380006534467371870 ) ) ;
#6606 = CARTESIAN_POINT ( 'NONE',  ( 847.9710049499702791, 80.64512766313175973, -52.06438792453921849 ) ) ;
#6607 = CARTESIAN_POINT ( 'NONE',  ( 843.2069547353780763, 119.2793316152749554, 5.340220083866359602 ) ) ;
#6608 = CARTESIAN_POINT ( 'NONE',  ( 791.4657815622102817, 56.30706178304038190, -48.21187053487754781 ) ) ;
#6609 = CARTESIAN_POINT ( 'NONE',  ( 1432.999273047241786, 958.0866919281867240, -15.02029272581682307 ) ) ;
#6610 = COORDINATED_UNIVERSAL_TIME_OFFSET ( 5, 30, .AHEAD. ) ;
#6611 = CARTESIAN_POINT ( 'NONE',  ( 787.8251375138272579, 94.79922050970203884, 37.77212768583937930 ) ) ;
#6612 = CARTESIAN_POINT ( 'NONE',  ( 1043.706737162330455, 296.4344181845555113, 70.39944879741379680 ) ) ;
#6613 = CARTESIAN_POINT ( 'NONE',  ( 1429.309798396081305, 741.4055014027662764, -102.8594356311438958 ) ) ;
#6614 = CARTESIAN_POINT ( 'NONE',  ( 843.9484693275575182, 113.2320007922410241, -12.84709020970783655 ) ) ;
#6615 = CARTESIAN_POINT ( 'NONE',  ( 1204.926536310796337, 368.1543212865993837, -78.59471156176324769 ) ) ;
#6616 = CARTESIAN_POINT ( 'NONE',  ( 1145.646200144937893, 359.5374941261968047, -7.269857537725440189 ) ) ;
#6617 = CARTESIAN_POINT ( 'NONE',  ( 734.3669567995613079, 34.64464873527527544, -35.48853111475489897 ) ) ;
#6618 = CARTESIAN_POINT ( 'NONE',  ( 560.0000000000002274, 7.162636657472952528, 21.58391585321887618 ) ) ;
#6619 = CARTESIAN_POINT ( 'NONE',  ( 1424.344789301715537, 970.8676275709512993, -4.281700463764963160 ) ) ;
#6620 = CARTESIAN_POINT ( 'NONE',  ( 1096.153389267508373, 322.5910924556179111, 20.94419941835248622 ) ) ;
#6621 = CARTESIAN_POINT ( 'NONE',  ( 676.3145446579883355, 25.54047913189187469, -31.71629431530227805 ) ) ;
#6622 = CARTESIAN_POINT ( 'NONE',  ( 950.3194775395315901, 183.9378415586545827, 17.06114277719224503 ) ) ;
#6623 = CARTESIAN_POINT ( 'NONE',  ( 618.3652039294087217, 18.22497459564399946, -10.18581382828795867 ) ) ;
#6624 = CARTESIAN_POINT ( 'NONE',  ( 1109.326625181415238, 275.5175730171054056, -59.52096466912601613 ) ) ;
#6625 = CARTESIAN_POINT ( 'NONE',  ( 946.2601341392755785, 206.0937133056975483, 54.23598635283744329 ) ) ;
#6626 = CARTESIAN_POINT ( 'NONE',  ( 1437.519518673514540, 915.8791426650794847, -37.00842045071119202 ) ) ;
#6627 = CARTESIAN_POINT ( 'NONE',  ( 1176.906195470705370, 448.4340535946555519, 51.69349802445174902 ) ) ;
#6628 = CARTESIAN_POINT ( 'NONE',  ( 1409.345014597952741, 993.0192845364965706, 29.68412668155872325 ) ) ;
#6629 = CARTESIAN_POINT ( 'NONE',  ( 1448.894227052576525, 898.6010755371084997, -61.96606150566427829 ) ) ;
#6630 = CARTESIAN_POINT ( 'NONE',  ( 1282.958381140925439, 641.1454775821931662, 57.71329885222938572 ) ) ;
#6631 = CARTESIAN_POINT ( 'NONE',  ( 579.4102178518800201, 5.640923595218962028, -18.41083060662566240 ) ) ;
#6632 = CARTESIAN_POINT ( 'NONE',  ( 1435.414158878147191, 919.0773157887281286, -32.97098578907555577 ) ) ;
#6633 = CARTESIAN_POINT ( 'NONE',  ( 1043.699230865185200, 296.4344516927543509, 52.21448225846015845 ) ) ;
#6634 = CARTESIAN_POINT ( 'NONE',  ( 1320.167689123416039, 816.7309947658434339, 108.6267120498030323 ) ) ;
#6635 = CARTESIAN_POINT ( 'NONE',  ( 842.8609937640475209, 122.1996513570323657, 42.73179406694887206 ) ) ;
#6636 = CARTESIAN_POINT ( 'NONE',  ( 560.0000000000001137, 7.165595645954707216, 21.92585702052144114 ) ) ;
#6637 = CARTESIAN_POINT ( 'NONE',  ( 1331.788251034906580, 795.3378829784795698, 80.89807689139139768 ) ) ;
#6638 = CARTESIAN_POINT ( 'NONE',  ( 732.2011275420111360, 66.80972242263293026, 42.32867655638950311 ) ) ;
#6639 = CARTESIAN_POINT ( 'NONE',  ( 733.7665244889632277, 43.41832249805144528, -38.05562402961336232 ) ) ;
#6640 = CARTESIAN_POINT ( 'NONE',  ( 1449.802892259334840, 897.2196034719814861, -59.41705408456002147 ) ) ;
#6641 = CARTESIAN_POINT ( 'NONE',  ( 1321.173908215497022, 693.1692483492312249, 13.20731170731360571 ) ) ;
#6642 = CARTESIAN_POINT ( 'NONE',  ( 1294.850729704610103, 469.1256046547384813, -103.2072244775312413 ) ) ;
#6643 = CARTESIAN_POINT ( 'NONE',  ( 1306.260813554594733, 590.6136840724595913, -23.54644198868871996 ) ) ;
#6644 = CARTESIAN_POINT ( 'NONE',  ( 1042.818689924778027, 300.0148910831314879, 63.31332396444698674 ) ) ;
#6645 = CARTESIAN_POINT ( 'NONE',  ( 996.5581840093317396, 246.6296539070536085, 62.70067826299821689 ) ) ;
#6646 = CARTESIAN_POINT ( 'NONE',  ( 956.5961126046679510, 149.5840276361086296, -65.14617929404062124 ) ) ;
#6647 = CARTESIAN_POINT ( 'NONE',  ( 788.8530227319805590, 83.81410052886165829, -11.68463260577943252 ) ) ;
#6648 = CARTESIAN_POINT ( 'NONE',  ( 1061.137054352326913, 225.7689818406609845, -62.89347950843225732 ) ) ;
#6649 = CARTESIAN_POINT ( 'NONE',  ( 1331.798164545370810, 671.9856836959494331, -2.843689882120546297 ) ) ;
#6650 = CARTESIAN_POINT ( 'NONE',  ( 1329.978660973843944, 539.1879218439313490, -93.37928256395974813 ) ) ;
#6651 = CARTESIAN_POINT ( 'NONE',  ( 559.9999999999998863, 7.166895450513635524, 22.18081987967582336 ) ) ;
#6652 = CARTESIAN_POINT ( 'NONE',  ( 560.0000000000000000, 5.989815773962841483, -4.386204157871988585 ) ) ;
#6653 = CARTESIAN_POINT ( 'NONE',  ( 1261.658200368094867, 547.6865857730289235, 11.24466232242658847 ) ) ;
#6654 = CARTESIAN_POINT ( 'NONE',  ( 1419.479054771986512, 758.1830326873277954, -87.68959268077571778 ) ) ;
#6655 = CARTESIAN_POINT ( 'NONE',  ( 1223.101222916756342, 489.0513527456045608, 17.59050380943198277 ) ) ;
#6656 = CARTESIAN_POINT ( 'NONE',  ( 1337.268822088210982, 661.0459218413221834, -36.58404524283652393 ) ) ;
#6657 = CARTESIAN_POINT ( 'NONE',  ( 847.2400716914415852, 86.61478563095744221, -37.52316692994061498 ) ) ;
#6658 = CARTESIAN_POINT ( 'NONE',  ( 995.4837254881417721, 251.6219968457111804, 60.71980712489816057 ) ) ;
#6659 = CARTESIAN_POINT ( 'NONE',  ( 560.0000000000000000, -5.677341508107532242, -12.26904420024407827 ) ) ;
#6660 = CARTESIAN_POINT ( 'NONE',  ( 1402.996149184303931, 968.3218365456526726, 37.33024426775152449 ) ) ;
#6661 = CARTESIAN_POINT ( 'NONE',  ( 1277.193564591886343, 653.6336467626244939, 64.27010741215438827 ) ) ;
#6662 = CARTESIAN_POINT ( 'NONE',  ( 1267.282468793856424, 675.1387217175850992, 109.2358533101654388 ) ) ;
#6663 = CARTESIAN_POINT ( 'NONE',  ( 579.4579528161067401, -1.045801948862779218, -26.04005854378390694 ) ) ;
#6664 = CARTESIAN_POINT ( 'NONE',  ( 843.6448669725997433, 115.8320157165083799, 26.66874441880028357 ) ) ;
#6665 = CARTESIAN_POINT ( 'NONE',  ( 1150.676289114842348, 343.4613511552995533, -56.36410593988647122 ) ) ;
#6666 = CARTESIAN_POINT ( 'NONE',  ( 790.6115597572312481, 65.39950004289745777, -21.27225500027376270 ) ) ;
#6667 = CARTESIAN_POINT ( 'NONE',  ( 1244.486081029108163, 588.3164614606956775, 66.21563225786354678 ) ) ;
#6668 = CARTESIAN_POINT ( 'NONE',  ( 1129.465261918366650, 411.0783091867649546, 88.74540824704824615 ) ) ;
#6669 = CARTESIAN_POINT ( 'NONE',  ( 1406.725015552674449, 996.8884973244983030, 42.02703644449557885 ) ) ;
#6670 = CARTESIAN_POINT ( 'NONE',  ( 1295.446837234601844, 744.5317787819053592, 105.9911638743776905 ) ) ;
#6671 = CARTESIAN_POINT ( 'NONE',  ( 618.3752412855321836, 18.26906658253606253, 24.08149308554680701 ) ) ;
#6672 = CARTESIAN_POINT ( 'NONE',  ( 1059.078256282259645, 234.0555995815512631, -68.69481587234309927 ) ) ;
#6673 = CARTESIAN_POINT ( 'NONE',  ( 1334.479329323477032, 529.4228359940848350, -107.9041378617546769 ) ) ;
#6674 = CARTESIAN_POINT ( 'NONE',  ( 1046.627906010623747, 284.5352753994778254, 19.64370121488853371 ) ) ;
#6675 = CARTESIAN_POINT ( 'NONE',  ( 1253.120997717206819, 411.1054219395979885, -102.0550261187588177 ) ) ;
#6676 = CARTESIAN_POINT ( 'NONE',  ( 1441.703763723920474, 945.2319060838945006, -37.34263552137517195 ) ) ;
#6677 = CARTESIAN_POINT ( 'NONE',  ( 1240.446377907359647, 597.8851175818905404, 86.33241923469275036 ) ) ;
#6678 = CARTESIAN_POINT ( 'NONE',  ( 676.6355228231866477, 18.02007505379926755, -37.09457244055108305 ) ) ;
#6679 = CARTESIAN_POINT ( 'NONE',  ( 1088.699561681524301, 349.2302202915951739, 75.62636581400620628 ) ) ;
#6680 = CARTESIAN_POINT ( 'NONE',  ( 956.7849461794422723, 148.5531223390264302, -66.18420544919878523 ) ) ;
#6681 = CARTESIAN_POINT ( 'NONE',  ( 1098.883746286601991, 312.7679872389173283, -23.83972007416058858 ) ) ;
#6682 = CARTESIAN_POINT ( 'NONE',  ( 734.3256201674307704, 35.26594659065823834, -33.42526205832281505 ) ) ;
#6683 = CARTESIAN_POINT ( 'NONE',  ( 1102.904842443000462, 298.4650433996669676, -22.92046664836949788 ) ) ;
#6684 = CARTESIAN_POINT ( 'NONE',  ( 1111.782687456909116, 266.7375713015842962, -73.08004129885890165 ) ) ;
#6685 = CARTESIAN_POINT ( 'NONE',  ( 894.7149792253910618, 167.1668263466141582, 60.29901371431650858 ) ) ;
#6686 = CARTESIAN_POINT ( 'NONE',  ( 1426.608353250800747, 967.5247978878408048, -9.051796121655737437 ) ) ;
#6687 = CARTESIAN_POINT ( 'NONE',  ( 560.0000000000001137, -0.3567055731539182095, 3.592014357130842495 ) ) ;
#6688 = CARTESIAN_POINT ( 'NONE',  ( 1444.877317310995522, 904.7031603822558736, -56.15454700178591452 ) ) ;
#6689 = CARTESIAN_POINT ( 'NONE',  ( 1203.694267663632218, 539.4352242327958038, 102.2166565064527219 ) ) ;
#6690 = CARTESIAN_POINT ( 'NONE',  ( 560.0000000000006821, 6.887853484230623380, 23.44853077405246466 ) ) ;
#6691 = CARTESIAN_POINT ( 'NONE',  ( 560.0000000000001137, -0.3567055731539182095, 3.592014357130842495 ) ) ;
#6692 = CARTESIAN_POINT ( 'NONE',  ( 1389.822949343457594, 919.4969288400627647, 28.84583901521868654 ) ) ;
#6693 = CARTESIAN_POINT ( 'NONE',  ( 1412.634466449266711, 883.6226474046910653, -24.51505395155185951 ) ) ;
#6694 = CARTESIAN_POINT ( 'NONE',  ( 676.6471745622712888, 17.88855818258893038, -25.10928202747179228 ) ) ;
#6695 = CARTESIAN_POINT ( 'NONE',  ( 1271.175070916388677, 666.6923193618306414, 90.39569537447331982 ) ) ;
#6696 = CARTESIAN_POINT ( 'NONE',  ( 1058.509602075447901, 236.4228664595697467, -45.79754129620685887 ) ) ;
#6697 = CARTESIAN_POINT ( 'NONE',  ( 1414.183838101119591, 985.8733133152065875, 25.00121907699852741 ) ) ;
#6698 = CARTESIAN_POINT ( 'NONE',  ( 1332.841846381157666, 793.3871446686443960, 63.92786279117760984 ) ) ;
#6699 = CARTESIAN_POINT ( 'NONE',  ( 1446.914985097688259, 829.7227924337369132, -86.50381974444972855 ) ) ;
#6700 = CARTESIAN_POINT ( 'NONE',  ( 1092.566389346993901, 335.4097250569981270, 46.04878710523472307 ) ) ;
#6701 = CARTESIAN_POINT ( 'NONE',  ( 1195.303836677794379, 395.6752682410167949, -59.42787062872910298 ) ) ;
#6702 = CARTESIAN_POINT ( 'NONE',  ( 1195.964136704888233, 393.8313545773137889, -41.68378192908100033 ) ) ;
#6703 = CARTESIAN_POINT ( 'NONE',  ( 675.6397254250904325, 41.70398263919552306, 20.54865208334557636 ) ) ;
#6704 = CARTESIAN_POINT ( 'NONE',  ( 1346.387391819264849, 882.9845064181890848, 99.99214421619892335 ) ) ;
#6705 = CARTESIAN_POINT ( 'NONE',  ( 842.9949280093163679, 121.1120884337857433, 40.02161357263731389 ) ) ;
#6706 = CARTESIAN_POINT ( 'NONE',  ( 994.8053225142573410, 254.8007425822263485, 71.68925969406133447 ) ) ;
#6707 = CARTESIAN_POINT ( 'NONE',  ( 1408.313904362901212, 994.5420274224132982, 38.41532038244506708 ) ) ;
#6708 = CARTESIAN_POINT ( 'NONE',  ( 841.9786798155996621, 129.3627368918346292, 54.90546326661905852 ) ) ;
#6709 = CARTESIAN_POINT ( 'NONE',  ( 1441.419092071538671, 838.3633704268964948, -78.37653592431685468 ) ) ;
#6710 = CARTESIAN_POINT ( 'NONE',  ( 579.4783076810581406, -3.889642664781413295, -25.90397957048412181 ) ) ;
#6711 = CARTESIAN_POINT ( 'NONE',  ( 579.3627169790862581, 12.19474220192102720, 8.757173327047397038 ) ) ;
#6712 = CARTESIAN_POINT ( 'NONE',  ( 1453.034377137625370, 892.3110919165719679, -66.68311127011106976 ) ) ;
#6713 = CARTESIAN_POINT ( 'NONE',  ( 1103.791131200390737, 295.2979920356521575, -28.31331106582280199 ) ) ;
#6714 = CARTESIAN_POINT ( 'NONE',  ( 1240.134726341914075, 598.6234347567769873, 88.04520857969487224 ) ) ;
#6715 = CARTESIAN_POINT ( 'NONE',  ( 1334.133499281209197, 530.1664603039012036, -110.0536757099911114 ) ) ;
#6716 = CARTESIAN_POINT ( 'NONE',  ( 675.7646305306361683, 38.87968637087995205, 31.97727047541425094 ) ) ;
#6717 = CARTESIAN_POINT ( 'NONE',  ( 1366.388492145664259, 602.9488518379615698, -104.4669637481048454 ) ) ;
#6718 = CARTESIAN_POINT ( 'NONE',  ( 1361.717037671492790, 740.2182957378017818, -22.26104119339804654 ) ) ;
#6719 = CARTESIAN_POINT ( 'NONE',  ( 1395.681816840211241, 677.7113488410079754, -90.04264164617256938 ) ) ;
#6720 = CARTESIAN_POINT ( 'NONE',  ( 1232.271754549543175, 465.2436651711118429, -21.62814319507592842 ) ) ;
#6721 = CARTESIAN_POINT ( 'NONE',  ( 1112.546446430079186, 264.0107572966672365, -76.65353821231559550 ) ) ;
#6722 = CARTESIAN_POINT ( 'NONE',  ( 994.7623304444507539, 255.0012753562735952, 72.53367187560452578 ) ) ;
#6723 = CARTESIAN_POINT ( 'NONE',  ( 1405.706728405500826, 998.3923030830617336, 38.62967917903115023 ) ) ;
#6724 = CARTESIAN_POINT ( 'NONE',  ( 898.8662187676700341, 139.9641996940133026, 3.934766914800317927 ) ) ;
#6725 = CARTESIAN_POINT ( 'NONE',  ( 1284.011866991426814, 494.7528333814901771, -82.81075626455522354 ) ) ;
#6726 = CARTESIAN_POINT ( 'NONE',  ( 1002.739297881456423, 217.7998837576738822, 1.089471514854431611 ) ) ;
#6727 = CARTESIAN_POINT ( 'NONE',  ( 675.6707046700264527, 40.91399274478219183, 12.59717502139140421 ) ) ;
#6728 = CARTESIAN_POINT ( 'NONE',  ( 560.0000000000004547, 5.628459960298950016, -6.129723810206216150 ) ) ;
#6729 = CARTESIAN_POINT ( 'NONE',  ( 1060.774085473221930, 227.2415841202859497, -60.40540222140315052 ) ) ;
#6730 = CARTESIAN_POINT ( 'NONE',  ( 1206.467523978255485, 532.2252687123282158, 82.97847132829045336 ) ) ;
#6731 = CARTESIAN_POINT ( 'NONE',  ( 1409.020090734319638, 776.0454358376766777, -57.06983561778748992 ) ) ;
#6732 = CARTESIAN_POINT ( 'NONE',  ( 1136.977727744581443, 387.1500039487233948, 43.00779301833397028 ) ) ;
#6733 = CARTESIAN_POINT ( 'NONE',  ( 618.3015152153764120, 22.25632960667497073, 19.63873517224052989 ) ) ;
#6734 = CARTESIAN_POINT ( 'NONE',  ( 675.6575293411856364, 41.39060325057714351, 36.46084200652976648 ) ) ;
#6735 = CARTESIAN_POINT ( 'NONE',  ( 1248.704058701795930, 422.5569048005664285, -94.23150696815179117 ) ) ;
#6736 = CARTESIAN_POINT ( 'NONE',  ( 732.9183975735486456, 56.17728275824161699, 18.26285388449324643 ) ) ;
#6737 = CARTESIAN_POINT ( 'NONE',  ( 1438.535933862307502, 914.3362412037333797, -45.96450134970535828 ) ) ;
#6738 = CARTESIAN_POINT ( 'NONE',  ( 559.9999999999998863, -4.929808843846966937, -10.00047303236625140 ) ) ;
#6739 = CARTESIAN_POINT ( 'NONE',  ( 1409.345014597952741, 993.0192845364965706, 29.68412668155872325 ) ) ;
#6740 = CARTESIAN_POINT ( 'NONE',  ( 675.6575293411856364, 41.39060325057714351, 36.46084200652976648 ) ) ;
#6741 = CARTESIAN_POINT ( 'NONE',  ( 1430.750565617272741, 855.1365897071559630, -60.51357427732524741 ) ) ;
#6742 = CARTESIAN_POINT ( 'NONE',  ( 1173.990534932971286, 456.7886508033828932, 67.70537531470063186 ) ) ;
#6743 = CARTESIAN_POINT ( 'NONE',  ( 1344.325797354225870, 886.5029204629774995, 99.52380019366306385 ) ) ;
#6744 = CARTESIAN_POINT ( 'NONE',  ( 1276.760704505405329, 654.5865373657355804, 81.27023367027959466 ) ) ;
#6745 = CARTESIAN_POINT ( 'NONE',  ( 901.3104251298733516, 123.8466078720237675, -52.37843683481965940 ) ) ;
#6746 = CARTESIAN_POINT ( 'NONE',  ( 957.7309904726610057, 143.4088111586412708, -66.89335588511485753 ) ) ;
#6747 = CARTESIAN_POINT ( 'NONE',  ( 675.6814461136440286, 40.64577497846133269, 10.51295072840464329 ) ) ;
#6748 = CARTESIAN_POINT ( 'NONE',  ( 791.4319488681670691, 56.66115766719885727, -48.50610621354688590 ) ) ;
#6749 = CARTESIAN_POINT ( 'NONE',  ( 1430.243195559336073, 926.9323676801686815, -22.72921669404055578 ) ) ;
#6750 = CARTESIAN_POINT ( 'NONE',  ( 618.3097562434610381, 21.98206657081083293, 31.60770348128625429 ) ) ;
#6751 = CARTESIAN_POINT ( 'NONE',  ( 895.0895769429711208, 164.6877403395951376, 47.96010546700599519 ) ) ;
#6752 = CARTESIAN_POINT ( 'NONE',  ( 1208.173577774439991, 358.8267042031754954, -98.39544887173934740 ) ) ;
#6753 = CARTESIAN_POINT ( 'NONE',  ( 1242.052331631423385, 594.0949431744859339, 93.30274173632459167 ) ) ;
#6754 = CARTESIAN_POINT ( 'NONE',  ( 1250.567125901854070, 417.7224329813968779, -98.76717277369260728 ) ) ;
#6755 = CARTESIAN_POINT ( 'NONE',  ( 1185.147501339949940, 424.7746908064685272, -14.00319118942491237 ) ) ;
#6756 = CARTESIAN_POINT ( 'NONE',  ( 1010.329208281364004, 182.3936470853217600, -62.54219095986747590 ) ) ;
#6757 = CARTESIAN_POINT ( 'NONE',  ( 1308.378568604708107, 586.0215689029131454, -30.45793755808627523 ) ) ;
#6758 = CARTESIAN_POINT ( 'NONE',  ( 1292.835746199395771, 473.9014103495356380, -95.06410551351396521 ) ) ;
#6759 = CARTESIAN_POINT ( 'NONE',  ( 675.6172497349009518, 42.35985007649646406, 35.81008237823609619 ) ) ;
#6760 = CARTESIAN_POINT ( 'NONE',  ( 560.0000000000000000, 6.238792681244744287, -3.003924660270067548 ) ) ;
#6761 = CARTESIAN_POINT ( 'NONE',  ( 1184.846700851579726, 425.6828027268344954, 10.63536175302715137 ) ) ;
#6762 = CARTESIAN_POINT ( 'NONE',  ( 952.8332147588379257, 170.1053276859261416, -40.46035927923932718 ) ) ;
#6763 = CARTESIAN_POINT ( 'NONE',  ( 1441.920969352167958, 909.1940009693112188, -51.54505529737328828 ) ) ;
#6764 = CARTESIAN_POINT ( 'NONE',  ( 1400.174561110325612, 1006.562203939502751, 53.67928901305341327 ) ) ;
#6765 = CARTESIAN_POINT ( 'NONE',  ( 1052.187585768863300, 262.0513676969578114, -0.7581293504671104966 ) ) ;
#6766 = CARTESIAN_POINT ( 'NONE',  ( 1044.859913766871614, 291.7170454519215355, 38.55663699570708047 ) ) ;
#6767 = CARTESIAN_POINT ( 'NONE',  ( 902.6843733215873726, 114.9322987773094411, -46.03037107118941407 ) ) ;
#6768 = CARTESIAN_POINT ( 'NONE',  ( 675.6237165904244648, 42.15627494463225844, 30.00198756656762811 ) ) ;
#6769 = CARTESIAN_POINT ( 'NONE',  ( 1382.928966946319406, 701.1861439896144930, -60.75003462811936572 ) ) ;
#6770 = CARTESIAN_POINT ( 'NONE',  ( 788.8677616757097439, 83.82587774666363600, 22.28584694669808641 ) ) ;
#6771 = CARTESIAN_POINT ( 'NONE',  ( 559.9999999999996589, 7.508908591835785629, 15.23447861784768342 ) ) ;
#6772 = CARTESIAN_POINT ( 'NONE',  ( 787.9315511957908029, 93.70274051746392274, 47.15247011549865164 ) ) ;
#6773 = CARTESIAN_POINT ( 'NONE',  ( 579.4474824895470420, 0.4245109811343238948, -24.99454052276880844 ) ) ;
#6774 = CARTESIAN_POINT ( 'NONE',  ( 1344.309017178132081, 772.2845934369257748, 43.03929333014459502 ) ) ;
#6775 = CARTESIAN_POINT ( 'NONE',  ( 618.4322649033746302, 14.35927667628524418, -20.22486513907411165 ) ) ;
#6776 = CARTESIAN_POINT ( 'NONE',  ( 1409.020090734319638, 776.0454358376766777, -57.06983561778748992 ) ) ;
#6777 = CARTESIAN_POINT ( 'NONE',  ( 1277.193564591886343, 653.6336467626244939, 64.27010741215438827 ) ) ;
#6778 = CARTESIAN_POINT ( 'NONE',  ( 675.6403093606837729, 41.80269551077390844, 36.79804277272219082 ) ) ;
#6779 = CARTESIAN_POINT ( 'NONE',  ( 1279.648323356725996, 505.0766510629548520, -70.82845008920139662 ) ) ;
#6780 = CARTESIAN_POINT ( 'NONE',  ( 1133.387507724868328, 398.5873262272490933, 65.59174164386037376 ) ) ;
#6781 = CARTESIAN_POINT ( 'NONE',  ( 945.7112933758746749, 209.1100688421999507, 67.10858404351566264 ) ) ;
#6782 = CARTESIAN_POINT ( 'NONE',  ( 788.4424117687898388, 88.31957961961246895, 34.11997346234103645 ) ) ;
#6783 = CARTESIAN_POINT ( 'NONE',  ( 790.5140086272496092, 66.29267234250265517, -43.22384944451155064 ) ) ;
#6784 = CARTESIAN_POINT ( 'NONE',  ( 1428.865271876876704, 742.1675095013077907, -99.25951152355624174 ) ) ;
#6785 = CARTESIAN_POINT ( 'NONE',  ( 1178.106270864411727, 444.9594631170836010, 24.39449697456232968 ) ) ;
#6786 = CARTESIAN_POINT ( 'NONE',  ( 1403.047722839831977, 664.1482154726808176, -108.6277167669229726 ) ) ;
#6787 = CARTESIAN_POINT ( 'NONE',  ( 579.4562330325859421, -0.8984126537870578133, -9.223016950501378375 ) ) ;
#6788 = CARTESIAN_POINT ( 'NONE',  ( 675.6241901274429438, 42.14991544626588649, 30.59139863408838167 ) ) ;
#6789 = CARTESIAN_POINT ( 'NONE',  ( 1453.023266537791869, 892.3283277381694916, -67.09159103768354271 ) ) ;
#6790 = CARTESIAN_POINT ( 'NONE',  ( 1273.942893831050696, 660.6980660895134179, 92.23496012543762390 ) ) ;
#6791 = CARTESIAN_POINT ( 'NONE',  ( 1251.299745202637268, 415.8212780988345685, -100.5368608645208610 ) ) ;
#6792 = CARTESIAN_POINT ( 'NONE',  ( 1447.749618949459546, 900.3387488851026319, -55.85792832224841220 ) ) ;
#6793 = CARTESIAN_POINT ( 'NONE',  ( 676.7278009940127959, 15.91821509968242765, -31.94712230635040484 ) ) ;
#6794 = CARTESIAN_POINT ( 'NONE',  ( 560.0000000000000000, 7.164983649110307162, 22.42793272245587133 ) ) ;
#6795 = CARTESIAN_POINT ( 'NONE',  ( 560.0000000000000000, -3.825374626614228113, -6.744151590359686033 ) ) ;
#6796 = CARTESIAN_POINT ( 'NONE',  ( 1223.101222916756342, 489.0513527456045608, 17.59050380943198277 ) ) ;
#6797 = CARTESIAN_POINT ( 'NONE',  ( 1149.447681255254565, 347.3736357056561133, -50.90673463838882640 ) ) ;
#6798 = CARTESIAN_POINT ( 'NONE',  ( 1243.250828270613738, 436.7049638355971979, -79.74719136065664316 ) ) ;
#6799 = CARTESIAN_POINT ( 'NONE',  ( 1295.244926753927984, 744.9361959701119531, 110.0809051162124064 ) ) ;
#6800 = CARTESIAN_POINT ( 'NONE',  ( 1385.032693707401677, 816.9979993986230511, -0.4907207245198661472 ) ) ;
#6801 = CARTESIAN_POINT ( 'NONE',  ( 842.6251491872586712, 124.0404771494907976, 23.91350230960946277 ) ) ;
#6802 = CARTESIAN_POINT ( 'NONE',  ( 618.6608780914085628, 1.746124043857244068, -23.78573720177347539 ) ) ;
#6803 = PRODUCT_DEFINITION ( 'UNKNOWN', '', #3944, #1603 ) ;
#6804 = CARTESIAN_POINT ( 'NONE',  ( 560.0000000000001137, 7.287224842109812251, 19.57976005868696490 ) ) ;
#6805 = CARTESIAN_POINT ( 'NONE',  ( 1156.317138977035938, 325.5484800564888133, -61.43133851698329551 ) ) ;
#6806 = CARTESIAN_POINT ( 'NONE',  ( 1136.489750210291277, 388.7045142025563109, 46.00525647373213900 ) ) ;
#6807 = CARTESIAN_POINT ( 'NONE',  ( 895.2926967718924516, 163.3441401081062452, 41.55878993407978328 ) ) ;
#6808 = CARTESIAN_POINT ( 'NONE',  ( 559.9999999999995453, 6.667058533260783015, 23.34512002439896250 ) ) ;
#6809 = CARTESIAN_POINT ( 'NONE',  ( 618.5623660500559708, 7.027946458742018621, -30.10009320735333915 ) ) ;
#6810 = CARTESIAN_POINT ( 'NONE',  ( 1366.665167567515709, 848.3597272568417793, 47.15403811599220063 ) ) ;
#6811 = CARTESIAN_POINT ( 'NONE',  ( 1318.978499286916531, 697.5516213841127637, 20.48039701000212531 ) ) ;
#6812 = CARTESIAN_POINT ( 'NONE',  ( 733.1770406744242337, 52.12481152100216519, -25.39310371046123294 ) ) ;
#6813 = CARTESIAN_POINT ( 'NONE',  ( 1319.481228143831004, 561.9483216009153921, -64.08605224529694055 ) ) ;
#6814 = CARTESIAN_POINT ( 'NONE',  ( 1406.355509442968469, 997.4341836931694161, 37.01090848424344415 ) ) ;
#6815 = CARTESIAN_POINT ( 'NONE',  ( 1269.063049626454131, 671.2782986369078344, 107.0107168196914671 ) ) ;
#6816 = CARTESIAN_POINT ( 'NONE',  ( 675.6173818430866049, 42.35709337443598343, 36.12909808284840096 ) ) ;
#6817 = CARTESIAN_POINT ( 'NONE',  ( 1307.209546581790619, 721.0591194766146828, 76.48064674678580843 ) ) ;
#6818 = CARTESIAN_POINT ( 'NONE',  ( 1366.742062060232911, 955.8015897387224413, 89.78247542423845573 ) ) ;
#6819 = CARTESIAN_POINT ( 'NONE',  ( 1091.087973247246964, 340.6933498990824774, 56.84173270816229717 ) ) ;
#6820 = CARTESIAN_POINT ( 'NONE',  ( 560.0000000000004547, -0.3655452573326410382, -19.89692742328741915 ) ) ;
#6821 = CARTESIAN_POINT ( 'NONE',  ( 1253.034593402338714, 411.3328752293987236, -100.8877695543631745 ) ) ;
#6822 = CARTESIAN_POINT ( 'NONE',  ( 1216.962871635005740, 504.9555289084328820, 25.64333245537435957 ) ) ;
#6823 = CARTESIAN_POINT ( 'NONE',  ( 618.6511258721101285, 2.068230151241989390, -31.46592943885530858 ) ) ;
#6824 = CARTESIAN_POINT ( 'NONE',  ( 1006.356058958927065, 200.9318073319718110, -30.70049535715743971 ) ) ;
#6825 = CARTESIAN_POINT ( 'NONE',  ( 1270.432504644633809, 668.3038774204281935, 93.93834670232386941 ) ) ;
#6826 = CARTESIAN_POINT ( 'NONE',  ( 1405.928831217589732, 998.0643018029331870, 43.83786954756101295 ) ) ;
#6827 = CARTESIAN_POINT ( 'NONE',  ( 676.5095313825222547, 20.96420666156554091, -36.07889829806021709 ) ) ;
#6828 = CARTESIAN_POINT ( 'NONE',  ( 791.4106889667307314, 56.93154933772971305, -40.55754336911110869 ) ) ;
#6829 = CARTESIAN_POINT ( 'NONE',  ( 903.1705437397318974, 111.7352667284636709, -52.83096512771150088 ) ) ;
#6830 = CARTESIAN_POINT ( 'NONE',  ( 1366.620547729456575, 955.9930081944557969, 90.33662173614384017 ) ) ;
#6831 = CARTESIAN_POINT ( 'NONE',  ( 1002.910320936560424, 217.0022786292670673, -0.4751640731442091647 ) ) ;
#6832 = CARTESIAN_POINT ( 'NONE',  ( 788.2439765366423217, 90.41618679317535623, 39.70673876371837707 ) ) ;
#6833 = CARTESIAN_POINT ( 'NONE',  ( 1195.303836677794379, 395.6752682410167949, -59.42787062872910298 ) ) ;
#6834 = CARTESIAN_POINT ( 'NONE',  ( 579.4202250004017287, 4.243184302765058646, -20.68359125143923194 ) ) ;
#6835 = CARTESIAN_POINT ( 'NONE',  ( 1403.037819631145339, 898.7221460159346407, 9.402125163900334925 ) ) ;
#6836 = CARTESIAN_POINT ( 'NONE',  ( 902.7566591595597174, 114.4577765661986319, -46.99104350254516049 ) ) ;
#6837 = CARTESIAN_POINT ( 'NONE',  ( 1298.083016767551499, 739.2685384382931488, 96.77716822122265228 ) ) ;
#6838 = CARTESIAN_POINT ( 'NONE',  ( 847.0518096715520642, 88.14697107527892683, -34.39284354611598360 ) ) ;
#6839 = CARTESIAN_POINT ( 'NONE',  ( 1404.870399407637478, 965.4747962207584351, 32.93629109680162514 ) ) ;
#6840 = CARTESIAN_POINT ( 'NONE',  ( 1171.294713864433106, 464.4945627746317882, 67.22924063562705044 ) ) ;
#6841 = CARTESIAN_POINT ( 'NONE',  ( 1299.027599997515836, 737.3891621338957520, 104.3185566016764909 ) ) ;
#6842 = CARTESIAN_POINT ( 'NONE',  ( 1289.170429137585643, 482.5500767711611161, -95.46438113252747826 ) ) ;
#6843 = CARTESIAN_POINT ( 'NONE',  ( 1252.984698407988162, 568.2161082778599166, 45.80450330013816540 ) ) ;
#6844 = CARTESIAN_POINT ( 'NONE',  ( 579.3646331549399520, 11.94164579379493851, 5.505967979854440308 ) ) ;
#6845 = CARTESIAN_POINT ( 'NONE',  ( 1438.926290942857349, 949.3336759765957140, -32.66437827231511193 ) ) ;
#6846 = CARTESIAN_POINT ( 'NONE',  ( 1058.509602075447901, 236.4228664595697467, -45.79754129620685887 ) ) ;
#6847 = CARTESIAN_POINT ( 'NONE',  ( 842.2335021232446479, 127.2611927698976899, 40.56288344526866041 ) ) ;
#6848 = CARTESIAN_POINT ( 'NONE',  ( 1323.441903110699741, 810.7052918034863751, 104.8138654718466682 ) ) ;
#6849 = CARTESIAN_POINT ( 'NONE',  ( 900.1391374414752136, 131.5080821305453469, -42.45676379162879499 ) ) ;
#6850 = CARTESIAN_POINT ( 'NONE',  ( 1167.109126047910422, 476.5025059793669016, 97.42257113426479975 ) ) ;
#6851 = CARTESIAN_POINT ( 'NONE',  ( 1211.241226433536440, 519.8437077255964596, 72.77514113824081221 ) ) ;
#6852 = CARTESIAN_POINT ( 'NONE',  ( 732.2002485849087634, 66.82326897268049493, 41.32909651665048756 ) ) ;
#6853 = CARTESIAN_POINT ( 'NONE',  ( 1173.990534932971286, 456.7886508033828932, 67.70537531470063186 ) ) ;
#6854 = CARTESIAN_POINT ( 'NONE',  ( 1154.598558486306501, 330.9739510968223613, -72.03495412706625700 ) ) ;
#6855 = CARTESIAN_POINT ( 'NONE',  ( 791.3953922916456349, 57.04380838880310023, -48.75854678856913438 ) ) ;
#6856 = CARTESIAN_POINT ( 'NONE',  ( 1214.506748760682285, 511.3359919422903772, 38.20190863443347240 ) ) ;
#6857 = CARTESIAN_POINT ( 'NONE',  ( 618.6321217083265083, 3.145215058625693505, -31.83352982451497581 ) ) ;
#6858 = CARTESIAN_POINT ( 'NONE',  ( 787.7933351252479497, 95.14951315211379779, 41.78042428961065013 ) ) ;
#6859 = CARTESIAN_POINT ( 'NONE',  ( 1405.214760671012073, 999.1188406949745513, 45.64459747103553156 ) ) ;
#6860 = CARTESIAN_POINT ( 'NONE',  ( 1365.502270128665032, 604.7167222931163906, -102.8372837282776118 ) ) ;
#6861 = CARTESIAN_POINT ( 'NONE',  ( 791.4955282764119602, 56.02150636433366060, -43.00574674861292834 ) ) ;
#6862 = CARTESIAN_POINT ( 'NONE',  ( 1330.211756975691969, 675.1300967322416682, -15.50243485590533332 ) ) ;
#6863 = CARTESIAN_POINT ( 'NONE',  ( 1424.223256946495894, 750.0934459534653342, -88.75470664402811849 ) ) ;
#6864 = CARTESIAN_POINT ( 'NONE',  ( 994.7405463156636642, 255.1023306850057111, 73.50284854388105771 ) ) ;
#6865 = CARTESIAN_POINT ( 'NONE',  ( 560.0000000000000000, 2.218416712845408423, 11.34319281721937678 ) ) ;
#6866 = CARTESIAN_POINT ( 'NONE',  ( 1328.792181844127981, 800.8543784610797047, 90.03626347499350402 ) ) ;
#6867 = CARTESIAN_POINT ( 'NONE',  ( 1227.638753675304997, 477.2713280475775264, -2.105093299989340139 ) ) ;
#6868 = CARTESIAN_POINT ( 'NONE',  ( 947.1481795022912138, 201.2643066374756984, 56.45904144054123464 ) ) ;
#6869 = CARTESIAN_POINT ( 'NONE',  ( 1236.790640709487434, 453.4700267493855108, -59.26681055161380840 ) ) ;
#6870 = CARTESIAN_POINT ( 'NONE',  ( 559.9999999999998863, 0.1134790952910085388, -19.25616931645399887 ) ) ;
#6871 = CARTESIAN_POINT ( 'NONE',  ( 789.7146472044755683, 74.87930121249955562, 0.3924170698355093911 ) ) ;
#6872 = CARTESIAN_POINT ( 'NONE',  ( 1362.255211930167661, 855.8808048400686630, 46.14473780372743761 ) ) ;
#6873 = CARTESIAN_POINT ( 'NONE',  ( 1246.855220521496449, 427.3867553037555354, -76.42592487448521865 ) ) ;
#6874 = CARTESIAN_POINT ( 'NONE',  ( 1297.525464513657653, 740.3818642401947727, 98.85516770079551918 ) ) ;
#6875 = CARTESIAN_POINT ( 'NONE',  ( 618.6459131115317405, 2.654770155468933357, -20.67511213422126559 ) ) ;
#6876 = CARTESIAN_POINT ( 'NONE',  ( 559.9999999999992042, 1.656778544936940101, 9.625640765966915424 ) ) ;
#6877 = CARTESIAN_POINT ( 'NONE',  ( 732.2649080396270165, 65.79741133555900490, 28.35579290238332106 ) ) ;
#6878 = CARTESIAN_POINT ( 'NONE',  ( 1129.952726341309472, 409.5265241653071939, 87.07882891609322940 ) ) ;
#6879 = CARTESIAN_POINT ( 'NONE',  ( 1110.402805033683762, 271.6262735182536403, -79.75820531314816719 ) ) ;
#6880 = CARTESIAN_POINT ( 'NONE',  ( 1314.800132135366084, 705.9091736433603046, 50.90293699271806815 ) ) ;
#6881 = CARTESIAN_POINT ( 'NONE',  ( 1344.429984386646311, 772.0481793926637692, 27.35612032339808763 ) ) ;
#6882 = CARTESIAN_POINT ( 'NONE',  ( 560.0000000000000000, 3.322327840326701587, -13.46353785587168694 ) ) ;
#6883 = CARTESIAN_POINT ( 'NONE',  ( 1007.488639738279630, 195.6494633462494619, -39.80583592480251554 ) ) ;
#6884 = CARTESIAN_POINT ( 'NONE',  ( 1088.597485418335964, 349.5695953982124138, 59.24928312592967927 ) ) ;
#6885 = CARTESIAN_POINT ( 'NONE',  ( 579.3734004771297350, 10.62702853962947280, 24.81484615520509251 ) ) ;
#6886 = CARTESIAN_POINT ( 'NONE',  ( 1196.831941447788040, 391.2986600236378081, -65.09690655907698442 ) ) ;
#6887 = CARTESIAN_POINT ( 'NONE',  ( 560.0000000000003411, 3.794190536927621427, 16.31978740961198326 ) ) ;
#6888 = CARTESIAN_POINT ( 'NONE',  ( 894.7261829082310669, 167.0935036299539718, 59.79021869819679580 ) ) ;
#6889 = CARTESIAN_POINT ( 'NONE',  ( 1174.654849728934778, 454.8850602834223764, 63.96498389832864007 ) ) ;
#6890 = CARTESIAN_POINT ( 'NONE',  ( 1201.569474056948593, 377.7330302976758389, -80.96288510052522724 ) ) ;
#6891 = CARTESIAN_POINT ( 'NONE',  ( 1334.738665272854178, 528.8578895930342014, -109.7893582811128965 ) ) ;
#6892 = CARTESIAN_POINT ( 'NONE',  ( 1365.603184298945735, 733.0808373044142172, -16.75059418725441063 ) ) ;
#6893 = CARTESIAN_POINT ( 'NONE',  ( 1174.857933518932441, 454.2742610605732807, 44.02616227623320810 ) ) ;
#6894 = CARTESIAN_POINT ( 'NONE',  ( 1062.477634785719374, 220.2932533060621836, -80.92441530476526168 ) ) ;
#6895 = CARTESIAN_POINT ( 'NONE',  ( 1205.961333409004737, 533.5410986832166600, 86.26195154025005252 ) ) ;
#6896 = CARTESIAN_POINT ( 'NONE',  ( 994.9305904694177798, 254.2132351771525975, 73.78903801808608875 ) ) ;
#6897 = CARTESIAN_POINT ( 'NONE',  ( 996.8569793985980141, 245.2345192619632996, 59.13079709040226106 ) ) ;
#6898 = CARTESIAN_POINT ( 'NONE',  ( 733.9470329086227594, 40.76049176664130158, -40.52698105678093299 ) ) ;
#6899 = CARTESIAN_POINT ( 'NONE',  ( 579.3736230955344126, 10.72095693908316250, -3.301824158168377377 ) ) ;
#6900 = CARTESIAN_POINT ( 'NONE',  ( 1206.759871427904727, 362.9032925436541177, -85.50663062768610700 ) ) ;
#6901 = CARTESIAN_POINT ( 'NONE',  ( 788.5649695302455484, 86.87271306195087561, -2.018194708451034991 ) ) ;
#6902 = CARTESIAN_POINT ( 'NONE',  ( 903.4728830111691877, 109.7441981958472184, -57.86696979931009821 ) ) ;
#6903 = CARTESIAN_POINT ( 'NONE',  ( 841.9702833468996914, 129.4322669496631022, 54.65875223502692393 ) ) ;
#6904 = CARTESIAN_POINT ( 'NONE',  ( 560.0000000000000000, 7.547627556248777125, 12.82528483184222878 ) ) ;
#6905 = CARTESIAN_POINT ( 'NONE',  ( 675.7906159074252628, 38.26095484305206895, 29.67679670278074155 ) ) ;
#6906 = CARTESIAN_POINT ( 'NONE',  ( 1385.907623310972667, 815.5041712556231914, -2.675166530492457895 ) ) ;
#6907 = CARTESIAN_POINT ( 'NONE',  ( 1208.234261752430257, 527.6517097260615401, 88.03739606467343037 ) ) ;
#6908 = CARTESIAN_POINT ( 'NONE',  ( 1438.926290942857349, 949.3336759765957140, -32.66437827231511193 ) ) ;
#6909 = CARTESIAN_POINT ( 'NONE',  ( 1392.074580294403177, 684.3515209322796409, -81.83944864384042717 ) ) ;
#6910 = CARTESIAN_POINT ( 'NONE',  ( 951.8304066509807626, 175.6837823948130222, -0.1812833446588243413 ) ) ;
#6911 = CARTESIAN_POINT ( 'NONE',  ( 1045.348592535753824, 289.7315514907911052, 33.12516307748425248 ) ) ;
#6912 = CARTESIAN_POINT ( 'NONE',  ( 1327.635590959047249, 544.2680819782723347, -86.96599300284124467 ) ) ;
#6913 = CARTESIAN_POINT ( 'NONE',  ( 842.1311545612365990, 128.1071314362361875, 46.42519842854873247 ) ) ;
#6914 = CARTESIAN_POINT ( 'NONE',  ( 1108.924971215282312, 276.9529292923400590, -57.35690089873547493 ) ) ;
#6915 = CARTESIAN_POINT ( 'NONE',  ( 1047.666725341494157, 280.3784246682774324, 35.20283026167437868 ) ) ;
#6916 = CARTESIAN_POINT ( 'NONE',  ( 1207.039108177506705, 530.7397094257210028, 79.51684787027099333 ) ) ;
#6917 = CARTESIAN_POINT ( 'NONE',  ( 1207.681762913078046, 529.0864350889208936, 91.37821180151161116 ) ) ;
#6918 = CARTESIAN_POINT ( 'NONE',  ( 676.4260967656625780, 22.92078416142512509, -34.41222827454958377 ) ) ;
#6919 = CARTESIAN_POINT ( 'NONE',  ( 897.8281092064268023, 146.7673204163804144, 18.95034271765769063 ) ) ;
#6920 = CARTESIAN_POINT ( 'NONE',  ( 1254.715509990275905, 564.0919227815828663, 19.66351541500805311 ) ) ;
#6921 = CARTESIAN_POINT ( 'NONE',  ( 1435.218591454817442, 919.3755063629170081, -40.20067772039863030 ) ) ;
#6922 = CARTESIAN_POINT ( 'NONE',  ( 676.5565023351817899, 20.06369112615443129, -19.41798360802423673 ) ) ;
#6923 = CARTESIAN_POINT ( 'NONE',  ( 1043.069907204364199, 298.9933712396394299, 60.06572079328877578 ) ) ;
#6924 = CARTESIAN_POINT ( 'NONE',  ( 1392.222849043127326, 984.6864024308021044, 62.92773598613025854 ) ) ;
#6925 = CARTESIAN_POINT ( 'NONE',  ( 845.2710215667893863, 102.4851790221916588, -35.26953867379051388 ) ) ;
#6926 = CARTESIAN_POINT ( 'NONE',  ( 1045.577911889476582, 288.8469189786882225, 53.00228647514251890 ) ) ;
#6927 = CARTESIAN_POINT ( 'NONE',  ( 895.6587178014310666, 160.9265645508444891, 31.08238328960723962 ) ) ;
#6928 = CARTESIAN_POINT ( 'NONE',  ( 1294.734299055616248, 469.3897223018119575, -107.1930896279213812 ) ) ;
#6929 = CARTESIAN_POINT ( 'NONE',  ( 1319.996643412946469, 817.0443144017267514, 107.1646975146028780 ) ) ;
#6930 = CARTESIAN_POINT ( 'NONE',  ( 896.3931283680369688, 156.1716712142747383, 41.04165064050212663 ) ) ;
#6931 = CARTESIAN_POINT ( 'NONE',  ( 1359.515293597724622, 616.6590657447488866, -91.22351174775265292 ) ) ;
#6932 = CARTESIAN_POINT ( 'NONE',  ( 1453.074034679861597, 892.2509789671440785, -66.96764396275975173 ) ) ;
#6933 = CARTESIAN_POINT ( 'NONE',  ( 1427.986503287240112, 965.4895468619345138, -4.737838838174586620 ) ) ;
#6934 = CARTESIAN_POINT ( 'NONE',  ( 732.3437376793928024, 64.58286333850200833, 18.16123182879987752 ) ) ;
#6935 = CARTESIAN_POINT ( 'NONE',  ( 1062.590853925062902, 219.8364173055620086, -80.87385302988154478 ) ) ;
#6936 = CARTESIAN_POINT ( 'NONE',  ( 1402.784273016210818, 1002.708183191874923, 46.13800226007337812 ) ) ;
#6937 = CARTESIAN_POINT ( 'NONE',  ( 732.5016021413953240, 62.36236876948144925, 35.53469495819902590 ) ) ;
#6938 = CARTESIAN_POINT ( 'NONE',  ( 956.0862455429888769, 152.3626949096320402, -62.53702495580423459 ) ) ;
#6939 = CARTESIAN_POINT ( 'NONE',  ( 847.8903682697537079, 81.30764815048439687, -49.27520476834369845 ) ) ;
#6940 = CARTESIAN_POINT ( 'NONE',  ( 675.7947461076347508, 37.87790070489388228, -4.362217018785783829 ) ) ;
#6941 = CARTESIAN_POINT ( 'NONE',  ( 1293.842224475524517, 471.5178996851828970, -98.55027341824244047 ) ) ;
#6942 = CARTESIAN_POINT ( 'NONE',  ( 787.7423915629204885, 95.70486881314532468, 48.86313266318489923 ) ) ;
#6943 = CARTESIAN_POINT ( 'NONE',  ( 899.2356729848841042, 137.5429435006630285, -1.262127444547089805 ) ) ;
#6944 = CARTESIAN_POINT ( 'NONE',  ( 732.5016021413953240, 62.36236876948144925, 35.53469495819902590 ) ) ;
#6945 = CARTESIAN_POINT ( 'NONE',  ( 947.0263413392691518, 201.9306763104546008, 58.57559906166729036 ) ) ;
#6946 = CARTESIAN_POINT ( 'NONE',  ( 1431.623960558360750, 924.8359956500831913, -33.62863798024019957 ) ) ;
#6947 = CARTESIAN_POINT ( 'NONE',  ( 791.2750976415385367, 58.37353553916906890, -36.65009096346457085 ) ) ;
#6948 = CARTESIAN_POINT ( 'NONE',  ( 733.3846359255721836, 49.26051727367815403, 0.4860927394029960769 ) ) ;
#6949 = CARTESIAN_POINT ( 'NONE',  ( 676.7056809346030377, 16.46874422991096054, -29.50959355190797950 ) ) ;
#6950 = CARTESIAN_POINT ( 'NONE',  ( 1323.050550556488133, 811.4198071197417903, 97.38103569459059372 ) ) ;
#6951 = CARTESIAN_POINT ( 'NONE',  ( 1413.323363281570437, 768.6994920968434144, -66.28536968314355704 ) ) ;
#6952 = CARTESIAN_POINT ( 'NONE',  ( 1137.468777252483733, 385.5857598211853201, 40.01426944981351852 ) ) ;
#6953 = CARTESIAN_POINT ( 'NONE',  ( 579.3611134882519309, 12.36679657952652533, 19.28173550114033930 ) ) ;
#6954 = CARTESIAN_POINT ( 'NONE',  ( 1170.053814056428564, 468.0683573434740765, 90.30299023285948579 ) ) ;
#6955 = CARTESIAN_POINT ( 'NONE',  ( 1362.650234079440679, 610.4056383913499531, -97.51358259542067231 ) ) ;
#6956 = CARTESIAN_POINT ( 'NONE',  ( 1290.166792772597773, 625.5131596859203000, 31.44968702406231742 ) ) ;
#6957 = CARTESIAN_POINT ( 'NONE',  ( 1256.375870106469620, 560.1606342473271525, 12.63360398965010312 ) ) ;
#6958 = CARTESIAN_POINT ( 'NONE',  ( 1231.704516383366808, 466.6726069864742499, -40.64086717101147883 ) ) ;
#6959 = CARTESIAN_POINT ( 'NONE',  ( 1322.947730359211619, 554.4323469453399866, -73.93187435676546215 ) ) ;
#6960 = CARTESIAN_POINT ( 'NONE',  ( 1354.012525542000503, 869.9583048211981122, 70.38354796758120813 ) ) ;
#6961 = CARTESIAN_POINT ( 'NONE',  ( 1391.376292619511787, 985.9722414032695497, 64.03921933021183577 ) ) ;
#6962 = CARTESIAN_POINT ( 'NONE',  ( 789.7099823187148786, 74.75786848694859543, -31.64849843163901255 ) ) ;
#6963 = CARTESIAN_POINT ( 'NONE',  ( 1401.530935923158495, 788.8305125142983343, -40.39842051593166872 ) ) ;
#6964 = CARTESIAN_POINT ( 'NONE',  ( 998.0154749719322353, 239.8311583197325092, 47.03385477349812049 ) ) ;
#6965 = CARTESIAN_POINT ( 'NONE',  ( 1160.775638833717267, 311.3149152180052965, -91.66441312748963810 ) ) ;
#6966 = CARTESIAN_POINT ( 'NONE',  ( 788.5806985958573705, 86.85834815261593178, 30.17215420418690641 ) ) ;
#6967 = CARTESIAN_POINT ( 'NONE',  ( 1007.665448235002941, 194.7531703330138839, -62.32249211069231620 ) ) ;
#6968 = CARTESIAN_POINT ( 'NONE',  ( 1334.669621536619161, 529.0087068264615482, -109.0946467468882730 ) ) ;
#6969 = CARTESIAN_POINT ( 'NONE',  ( 1005.985344155819803, 202.6607574841320911, -27.64632541935546683 ) ) ;
#6970 = CARTESIAN_POINT ( 'NONE',  ( 1249.089600948765337, 577.4138672323721266, 44.55480837362082980 ) ) ;
#6971 = CARTESIAN_POINT ( 'NONE',  ( 1453.802720113779742, 927.3641756091124080, -54.46099689620428563 ) ) ;
#6972 = CARTESIAN_POINT ( 'NONE',  ( 1239.154029066938165, 600.9469643999847221, 93.34485401704641561 ) ) ;
#6973 = CARTESIAN_POINT ( 'NONE',  ( 1237.345111510611332, 605.2330954915912571, 105.9741599182381435 ) ) ;
#6974 = CARTESIAN_POINT ( 'NONE',  ( 560.0000000000000000, 4.568939709819020756, 18.74886029780799390 ) ) ;
#6975 = CARTESIAN_POINT ( 'NONE',  ( 1448.254665364913080, 899.5727327435649840, -61.07607314556429401 ) ) ;
#6976 = CARTESIAN_POINT ( 'NONE',  ( 1399.117253795573106, 671.3882915271281036, -97.42343735089733059 ) ) ;
#6977 = CARTESIAN_POINT ( 'NONE',  ( 1424.308359335402429, 970.9214273201479273, -4.212992748302495372 ) ) ;
#6978 = CARTESIAN_POINT ( 'NONE',  ( 1367.945966383402492, 599.8552241103676579, -100.4794192035107159 ) ) ;
#6979 = CARTESIAN_POINT ( 'NONE',  ( 994.7940053796151005, 254.8514419205998252, 73.94245263885507313 ) ) ;
#6980 = CARTESIAN_POINT ( 'NONE',  ( 1361.338258701967106, 740.9325424501383850, -5.168268347273730079 ) ) ;
#6981 = CARTESIAN_POINT ( 'NONE',  ( 1353.669768810328151, 870.5506967730607357, 82.87347384640672487 ) ) ;
#6982 = CARTESIAN_POINT ( 'NONE',  ( 951.7024199390938293, 176.3829733695050948, 1.249989286324139970 ) ) ;
#6983 = CARTESIAN_POINT ( 'NONE',  ( 1352.074242601009018, 873.2757530129376846, 87.98800522871864871 ) ) ;
#6984 = CARTESIAN_POINT ( 'NONE',  ( 1417.995645835913592, 875.1920951188437812, -35.96064563847200901 ) ) ;
#6985 = CARTESIAN_POINT ( 'NONE',  ( 1446.619734851846260, 937.9720033034187736, -40.46091931243614681 ) ) ;
#6986 = CARTESIAN_POINT ( 'NONE',  ( 675.7950695042899270, 37.87038492465795514, -4.360428513848641607 ) ) ;
#6987 = CARTESIAN_POINT ( 'NONE',  ( 902.8254117957728795, 114.0063061029771632, -47.95741117389025732 ) ) ;
#6988 = CARTESIAN_POINT ( 'NONE',  ( 1238.252278557850332, 603.0831306566483363, 97.58049515759246617 ) ) ;
#6989 = CARTESIAN_POINT ( 'NONE',  ( 1398.302328649993342, 1009.327115549184327, 55.90040162069233531 ) ) ;
#6990 = CARTESIAN_POINT ( 'NONE',  ( 791.1356017651014554, 59.85380602542316808, -33.28600414414066222 ) ) ;
#6991 = CARTESIAN_POINT ( 'NONE',  ( 1252.984698407988162, 568.2161082778599166, 45.80450330013816540 ) ) ;
#6992 = CARTESIAN_POINT ( 'NONE',  ( 1299.915516323829479, 735.6177069176791292, 102.3356438903556693 ) ) ;
#6993 = CARTESIAN_POINT ( 'NONE',  ( 1202.587440852891405, 374.8179454261386354, -84.04544384542242597 ) ) ;
#6994 = CARTESIAN_POINT ( 'NONE',  ( 1392.886199813650364, 914.6871138915854544, 33.17832564702161591 ) ) ;
#6995 = CARTESIAN_POINT ( 'NONE',  ( 898.9546905237664305, 139.2642812177211340, -29.58075430693046570 ) ) ;
#6996 = CARTESIAN_POINT ( 'NONE',  ( 846.9468440586261977, 89.00074723972781499, -32.67237899332609885 ) ) ;
#6997 = CARTESIAN_POINT ( 'NONE',  ( 1241.139392368553445, 596.2435016734349347, 82.73485115940364665 ) ) ;
#6998 = CARTESIAN_POINT ( 'NONE',  ( 1240.037410078320136, 598.8627107406232426, 100.6525022522608026 ) ) ;
#6999 = CARTESIAN_POINT ( 'NONE',  ( 1279.212228065527825, 506.1411036237327608, -52.53537985986191927 ) ) ;
#7000 = CARTESIAN_POINT ( 'NONE',  ( 1280.063894369562377, 647.4227393891159181, 68.55839147264795486 ) ) ;
#7001 = CARTESIAN_POINT ( 'NONE',  ( 1112.490374650268222, 264.1715489328925628, -86.56049012551936528 ) ) ;
#7002 = CARTESIAN_POINT ( 'NONE',  ( 948.5175209077987120, 193.7819343522976112, 38.84790705425103141 ) ) ;
#7003 = CARTESIAN_POINT ( 'NONE',  ( 579.4167422388464956, 4.729682956582655251, -19.94015997583002431 ) ) ;
#7004 = CARTESIAN_POINT ( 'NONE',  ( 560.0000000000001137, -6.390376413623431340, -23.41523462465741545 ) ) ;
#7005 = CARTESIAN_POINT ( 'NONE',  ( 1401.530935923158495, 788.8305125142983343, -40.39842051593166872 ) ) ;
#7006 = CARTESIAN_POINT ( 'NONE',  ( 1361.060274460086930, 857.9217551732713218, 49.57970284113785908 ) ) ;
#7007 = CARTESIAN_POINT ( 'NONE',  ( 787.7647761373515323, 95.46470948470744133, 44.46944130934303274 ) ) ;
#7008 = CARTESIAN_POINT ( 'NONE',  ( 618.3721595189581421, 18.44537722409091174, 24.60288895176364932 ) ) ;
#7009 = CARTESIAN_POINT ( 'NONE',  ( 676.4260967656625780, 22.92078416142512509, -34.41222827454958377 ) ) ;
#7010 = CARTESIAN_POINT ( 'NONE',  ( 1449.285802195169708, 898.0052500284962207, -58.50296705768273853 ) ) ;
#7011 = CARTESIAN_POINT ( 'NONE',  ( 618.3331508332121302, 20.13746492934761179, -1.784225386131475410 ) ) ;
#7012 = CARTESIAN_POINT ( 'NONE',  ( 1400.597892232726963, 668.6620801737452666, -101.0162448765040040 ) ) ;
#7013 = CARTESIAN_POINT ( 'NONE',  ( 945.8398507502671464, 208.4037145585027702, 67.56208162126894479 ) ) ;
#7014 = CARTESIAN_POINT ( 'NONE',  ( 1267.029113185428514, 534.9746276057738896, -9.209382251941812925 ) ) ;
#7015 = CARTESIAN_POINT ( 'NONE',  ( 1356.195792001217342, 866.2371962765678290, 76.00243662946739676 ) ) ;
#7016 = CALENDAR_DATE ( 2026, 16, 9 ) ;
#7017 = CARTESIAN_POINT ( 'NONE',  ( 1404.908462620825730, 999.5711814448146697, 46.54422664647851349 ) ) ;
#7018 = CARTESIAN_POINT ( 'NONE',  ( 1003.471036145576704, 214.2993229572342671, -34.87925179265572950 ) ) ;
#7019 = CARTESIAN_POINT ( 'NONE',  ( 579.4801965229514735, -4.203046284578376479, -19.68269162778958759 ) ) ;
#7020 = CARTESIAN_POINT ( 'NONE',  ( 1265.228037441328070, 539.2374113963998070, -2.409796219758463920 ) ) ;
#7021 = CARTESIAN_POINT ( 'NONE',  ( 734.3538576649925744, 34.84239070273056171, -34.79587852668683468 ) ) ;
#7022 = CARTESIAN_POINT ( 'NONE',  ( 618.3068039597360439, 22.12947942499947729, 28.79477107918327050 ) ) ;
#7023 = ORIENTED_EDGE ( 'NONE', *, *, #3003, .T. ) ;
#7024 = CARTESIAN_POINT ( 'NONE',  ( 1437.821140562874689, 844.0263982317312639, -64.19020102723013110 ) ) ;
#7025 = CARTESIAN_POINT ( 'NONE',  ( 1317.012690459721625, 701.4933126250643909, 43.65190675193603909 ) ) ;
#7026 = CARTESIAN_POINT ( 'NONE',  ( 579.4426708159251120, 1.098995673079196767, -24.41380753884146415 ) ) ;
#7027 = CARTESIAN_POINT ( 'NONE',  ( 732.9532176375740846, 55.66075580180709181, 16.88863928682103932 ) ) ;
#7028 = CARTESIAN_POINT ( 'NONE',  ( 1003.471036145576704, 214.2993229572342671, -34.87925179265572950 ) ) ;
#7029 = CARTESIAN_POINT ( 'NONE',  ( 1008.351906592312275, 191.6228077580542504, -46.59489461032327995 ) ) ;
#7030 = CARTESIAN_POINT ( 'NONE',  ( 1130.538452995655234, 407.6473212740210670, 69.21337171123008147 ) ) ;
#7031 = CARTESIAN_POINT ( 'NONE',  ( 1207.317546407097097, 530.0318697876466558, 93.10581749634140181 ) ) ;
#7032 = CARTESIAN_POINT ( 'NONE',  ( 1437.288675297871578, 951.7521056347455897, -23.41278824060129438 ) ) ;
#7033 = CARTESIAN_POINT ( 'NONE',  ( 788.4424117687898388, 88.31957961961246895, 34.11997346234103645 ) ) ;
#7034 = CARTESIAN_POINT ( 'NONE',  ( 1010.247720007976682, 182.7286583152469461, -73.92387618690393936 ) ) ;
#7035 = CARTESIAN_POINT ( 'NONE',  ( 1410.242547212601721, 991.6938089885150021, 33.92518146217427244 ) ) ;
#7036 = CARTESIAN_POINT ( 'NONE',  ( 579.4202250004017287, 4.243184302765058646, -20.68359125143923194 ) ) ;
#7037 = CARTESIAN_POINT ( 'NONE',  ( 1161.596907659104545, 308.7028119834492941, -92.92596743050694386 ) ) ;
#7038 = CARTESIAN_POINT ( 'NONE',  ( 1236.794656000632813, 453.5023407592739204, -39.78568780538651595 ) ) ;
#7039 = CARTESIAN_POINT ( 'NONE',  ( 560.0000000000002274, 7.539585656214257803, 12.05091516176872268 ) ) ;
#7040 = CARTESIAN_POINT ( 'NONE',  ( 995.2216328549022819, 252.8519984901337239, 65.67566807279625607 ) ) ;
#7041 = CARTESIAN_POINT ( 'NONE',  ( 1044.472367012396717, 293.3288511589928476, 62.64562697932088753 ) ) ;
#7042 = CARTESIAN_POINT ( 'NONE',  ( 1444.357228380155675, 833.7441843208902128, -82.81311852617758973 ) ) ;
#7043 = CARTESIAN_POINT ( 'NONE',  ( 1327.912825529925612, 679.7184701582937123, -8.387343526531855886 ) ) ;
#7044 = CARTESIAN_POINT ( 'NONE',  ( 1448.774167084399323, 826.8049665496354237, -84.79284130210928083 ) ) ;
#7045 = CARTESIAN_POINT ( 'NONE',  ( 948.5016266278807961, 193.7928757553575565, 11.65615747866315566 ) ) ;
#7046 = CARTESIAN_POINT ( 'NONE',  ( 560.0000000000000000, -7.418296537526212653, -22.04534115349932577 ) ) ;
#7047 = CARTESIAN_POINT ( 'NONE',  ( 1128.175570895816691, 415.1861726102945909, 91.94319051342137072 ) ) ;
#7048 = CARTESIAN_POINT ( 'NONE',  ( 733.4091344216266180, 48.89697886156837825, -0.4220369956775698039 ) ) ;
#7049 = APPROVAL_STATUS ( 'not_yet_approved' ) ;
#7050 = CARTESIAN_POINT ( 'NONE',  ( 1402.564542955272600, 665.0335273728860557, -109.5318877486132720 ) ) ;
#7051 = CARTESIAN_POINT ( 'NONE',  ( 1344.318983353713747, 646.9773477063998826, -55.82613231206985915 ) ) ;
#7052 = CARTESIAN_POINT ( 'NONE',  ( 791.2436961125613379, 58.70663214145406528, -35.86966499369449224 ) ) ;
#7053 = CARTESIAN_POINT ( 'NONE',  ( 899.1431492160204471, 138.1493115045217337, 0.03658203443234842034 ) ) ;
#7054 = CARTESIAN_POINT ( 'NONE',  ( 1009.785177786541226, 184.9350991117133276, -57.92560558924908776 ) ) ;
#7055 = CARTESIAN_POINT ( 'NONE',  ( 894.7890394158799836, 166.6801683423198028, 57.93829427967371259 ) ) ;
#7056 = ORIENTED_EDGE ( 'NONE', *, *, #619, .T. ) ;
#7057 = CARTESIAN_POINT ( 'NONE',  ( 1245.403038521867074, 431.1563392056539783, -71.37141722016740175 ) ) ;
#7058 = CARTESIAN_POINT ( 'NONE',  ( 1094.939621898334735, 326.9285583836730211, 29.27730326891716928 ) ) ;
#7059 = CARTESIAN_POINT ( 'NONE',  ( 1388.925868486985564, 989.6952082062715590, 66.19668241169016198 ) ) ;
#7060 = CARTESIAN_POINT ( 'NONE',  ( 1394.403958776362060, 680.0509897041569047, -96.13159069024361258 ) ) ;
#7061 = CARTESIAN_POINT ( 'NONE',  ( 1180.511411491259196, 438.1040874028047369, 32.63836926072414713 ) ) ;
#7062 = CARTESIAN_POINT ( 'NONE',  ( 1053.389706916582782, 257.1007481468040510, -37.51908992236273122 ) ) ;
#7063 = CARTESIAN_POINT ( 'NONE',  ( 734.1461019141656834, 37.94787281215327823, -26.59104387793961877 ) ) ;
#7064 = CARTESIAN_POINT ( 'NONE',  ( 1042.818689924778027, 300.0148910831314879, 63.31332396444698674 ) ) ;
#7065 = CARTESIAN_POINT ( 'NONE',  ( 1300.600272692610361, 734.2513389980908869, 100.4278232909683055 ) ) ;
#7066 = CARTESIAN_POINT ( 'NONE',  ( 1057.764088277972633, 239.4450842164116580, -40.90189706739571562 ) ) ;
#7067 = CARTESIAN_POINT ( 'NONE',  ( 843.4680189192547459, 117.2687138041776507, 30.22382377541569554 ) ) ;
#7068 = CARTESIAN_POINT ( 'NONE',  ( 1161.072007951306887, 310.3715818868795964, -92.34117709895208748 ) ) ;
#7069 = CARTESIAN_POINT ( 'NONE',  ( 675.8680809608308664, 36.42517392631163631, 24.27229330933259277 ) ) ;
#7070 = CARTESIAN_POINT ( 'NONE',  ( 733.4294765810934678, 48.39137411668259148, -31.70503882461892786 ) ) ;
#7071 = CARTESIAN_POINT ( 'NONE',  ( 1345.682085467700745, 644.2793111184656709, -43.55758571353835151 ) ) ;
#7072 = CARTESIAN_POINT ( 'NONE',  ( 1410.864685720237503, 990.7750352683464143, 26.04078581514162494 ) ) ;
#7073 = CARTESIAN_POINT ( 'NONE',  ( 945.9857727737529558, 207.6058876605771388, 61.16661465974971179 ) ) ;
#7074 = CARTESIAN_POINT ( 'NONE',  ( 1276.269705620914465, 655.6513365901442967, 83.10130034602538274 ) ) ;
#7075 = CARTESIAN_POINT ( 'NONE',  ( 955.7797486137485521, 154.0318836073844579, -61.03312604670938413 ) ) ;
#7076 = CARTESIAN_POINT ( 'NONE',  ( 1139.429391204461581, 379.2932056985133045, 4.571727589490063082 ) ) ;
#7077 = CARTESIAN_POINT ( 'NONE',  ( 1332.259916350306639, 534.2423400286136257, -99.39555734098462381 ) ) ;
#7078 = CARTESIAN_POINT ( 'NONE',  ( 1419.454605378653014, 978.0894478250197608, 6.310168248720377626 ) ) ;
#7079 = CARTESIAN_POINT ( 'NONE',  ( 1295.149720194368683, 468.4152313927767750, -105.0273020411304401 ) ) ;
#7080 = CARTESIAN_POINT ( 'NONE',  ( 945.7443883587953906, 208.9272443102866532, 67.61203252135119612 ) ) ;
#7081 = CARTESIAN_POINT ( 'NONE',  ( 952.6027223515915239, 171.4645258352487076, -8.756777042278367063 ) ) ;
#7082 = CARTESIAN_POINT ( 'NONE',  ( 842.2071339395581617, 127.4786021653675760, 41.85017982075422083 ) ) ;
#7083 = CARTESIAN_POINT ( 'NONE',  ( 1402.176370175776356, 665.7473888534296975, -109.0458848383169226 ) ) ;
#7084 = CARTESIAN_POINT ( 'NONE',  ( 1270.553878994993511, 526.5977209925720217, -42.13964051066685101 ) ) ;
#7085 = CARTESIAN_POINT ( 'NONE',  ( 902.8908603304439566, 113.5760738847743596, -48.92915471353603607 ) ) ;
#7086 = CARTESIAN_POINT ( 'NONE',  ( 845.2282392366216754, 102.9688860118812244, -3.252433301867532212 ) ) ;
#7087 = CARTESIAN_POINT ( 'NONE',  ( 1447.749618949459546, 900.3387488851026319, -55.85792832224841220 ) ) ;
#7088 = CARTESIAN_POINT ( 'NONE',  ( 894.8948157018886604, 165.9809258530915486, 55.23530698901190306 ) ) ;
#7089 = CARTESIAN_POINT ( 'NONE',  ( 1419.975604242816189, 977.3200370607709146, 12.23733892748746044 ) ) ;
#7090 = CARTESIAN_POINT ( 'NONE',  ( 1109.326625181415238, 275.5175730171054056, -59.52096466912601613 ) ) ;
#7091 = CARTESIAN_POINT ( 'NONE',  ( 1371.706804351261098, 839.7510504417476795, 33.72959915512734597 ) ) ;
#7092 = CARTESIAN_POINT ( 'NONE',  ( 676.3439505669011851, 24.84921324257635789, -32.51190393203387430 ) ) ;
#7093 = CARTESIAN_POINT ( 'NONE',  ( 1322.614991754741141, 690.3124153191128016, 25.63460771918408199 ) ) ;
#7094 = CARTESIAN_POINT ( 'NONE',  ( 1374.578646119238556, 716.5407016934744888, -55.02087713194926266 ) ) ;
#7095 = CARTESIAN_POINT ( 'NONE',  ( 734.1836414920953757, 37.38788142135971526, -27.94243570261465237 ) ) ;
#7096 = CARTESIAN_POINT ( 'NONE',  ( 1207.039108177506705, 530.7397094257210028, 79.51684787027099333 ) ) ;
#7097 = CARTESIAN_POINT ( 'NONE',  ( 1404.266577973176709, 1000.519116250966590, 48.34879348713522518 ) ) ;
#7098 = CARTESIAN_POINT ( 'NONE',  ( 954.8270408698730307, 159.3120066088520730, -32.04905106107462842 ) ) ;
#7099 = CARTESIAN_POINT ( 'NONE',  ( 843.3801401281632479, 117.9826098426089942, 32.00566496271233774 ) ) ;
#7100 = CARTESIAN_POINT ( 'NONE',  ( 579.3611378810710448, 12.39280933330607049, 13.49688067514529877 ) ) ;
#7101 = CARTESIAN_POINT ( 'NONE',  ( 1252.289287578860922, 413.2545303720049219, -102.6233947502478117 ) ) ;
#7102 = CARTESIAN_POINT ( 'NONE',  ( 1213.667825386453160, 513.5431311388800850, 60.95214306687784500 ) ) ;
#7103 = CARTESIAN_POINT ( 'NONE',  ( 1320.760114869892504, 559.1518193264087131, -81.90642986588225938 ) ) ;
#7104 = CARTESIAN_POINT ( 'NONE',  ( 579.4526937803859710, -0.4078953394095943263, -7.824240856257285159 ) ) ;
#7105 = CARTESIAN_POINT ( 'NONE',  ( 1279.888914366730432, 647.7859178582207278, 53.14172253564576920 ) ) ;
#7106 = CARTESIAN_POINT ( 'NONE',  ( 1205.073130034205633, 535.8497201969209982, 91.63097544840502451 ) ) ;
#7107 = CARTESIAN_POINT ( 'NONE',  ( 579.3824041629416115, 9.360516038083535051, 21.28539514609675010 ) ) ;
#7108 = CARTESIAN_POINT ( 'NONE',  ( 846.7124571890227571, 90.80646712408304211, -50.30330424755776875 ) ) ;
#7109 = CARTESIAN_POINT ( 'NONE',  ( 1161.102280040350706, 310.3067063298732364, -83.24608467396414824 ) ) ;
#7110 = APPROVAL ( #7115, 'UNSPECIFIED' ) ;
#7111 = CARTESIAN_POINT ( 'NONE',  ( 560.0000000000000000, 7.096369217087693748, 3.306605370774899022 ) ) ;
#7112 = CARTESIAN_POINT ( 'NONE',  ( 1451.051077999471318, 823.2240855837450226, -90.19948917519025144 ) ) ;
#7113 = CARTESIAN_POINT ( 'NONE',  ( 1240.414910961814257, 444.0639797299061797, -71.17925696729568585 ) ) ;
#7114 = CARTESIAN_POINT ( 'NONE',  ( 1147.773184835786878, 352.7623620708297381, -18.92868483768518573 ) ) ;
#7115 = APPROVAL_STATUS ( 'not_yet_approved' ) ;
#7116 = CARTESIAN_POINT ( 'NONE',  ( 895.1671923925858891, 164.1742912373066474, 45.45778209690231364 ) ) ;
#7117 = CARTESIAN_POINT ( 'NONE',  ( 1241.707329640426906, 594.9115249864901216, 95.05720572120219458 ) ) ;
#7118 = CARTESIAN_POINT ( 'NONE',  ( 1451.956741087427417, 893.9490192439536713, -66.10206855291923489 ) ) ;
#7119 = CARTESIAN_POINT ( 'NONE',  ( 844.1178757888043265, 111.8527564824847502, -16.42420460021102713 ) ) ;
#7120 = CARTESIAN_POINT ( 'NONE',  ( 847.5586304612913864, 84.02042843466389854, -43.02506986152589974 ) ) ;
#7121 = CARTESIAN_POINT ( 'NONE',  ( 733.4582696567290441, 48.16778573573689215, -2.237435557340700765 ) ) ;
#7122 = CARTESIAN_POINT ( 'NONE',  ( 1396.388012492971711, 676.4114954532270758, -91.60712491990970818 ) ) ;
#7123 = CARTESIAN_POINT ( 'NONE',  ( 1041.671375992390949, 304.6812231808439719, 77.88347041107766699 ) ) ;
#7124 = CARTESIAN_POINT ( 'NONE',  ( 1426.332233150961883, 967.9325718613652043, -1.284450076450871059 ) ) ;
#7125 = CARTESIAN_POINT ( 'NONE',  ( 618.6537543630839764, 2.182433553278814387, -22.22097566000918434 ) ) ;
#7126 = CARTESIAN_POINT ( 'NONE',  ( 1182.351880172886922, 432.8307945250438706, 23.17646837588613096 ) ) ;
#7127 = CARTESIAN_POINT ( 'NONE',  ( 579.4381074342242073, 1.738856396981525165, -23.80243360709808442 ) ) ;
#7128 = CARTESIAN_POINT ( 'NONE',  ( 1324.885852375103923, 685.7804058830527083, 18.47674626887861393 ) ) ;
#7129 = CARTESIAN_POINT ( 'NONE',  ( 1230.101805923881329, 470.8336196847811834, -34.24148803570117394 ) ) ;
#7130 = CARTESIAN_POINT ( 'NONE',  ( 560.0000000000003411, -6.766394080104094044, -15.95830127036487767 ) ) ;
#7131 = CARTESIAN_POINT ( 'NONE',  ( 895.1219510406702966, 164.4735270008600025, 46.89428022546322694 ) ) ;
#7132 = CARTESIAN_POINT ( 'NONE',  ( 579.3772353087496185, 10.08873293463284782, 23.80105064645709945 ) ) ;
#7133 = CARTESIAN_POINT ( 'NONE',  ( 1439.034406845195917, 949.1740104863872602, -26.71804853536156088 ) ) ;
#7134 = CARTESIAN_POINT ( 'NONE',  ( 1136.004510799812124, 390.2502991454614971, 49.00707921126018363 ) ) ;
#7135 = CARTESIAN_POINT ( 'NONE',  ( 1399.995450686304139, 972.8811843800292536, 36.62215173809181579 ) ) ;
#7136 = CARTESIAN_POINT ( 'NONE',  ( 1110.732809675475892, 270.4485606926272112, -80.84684615449339162 ) ) ;
#7137 = CARTESIAN_POINT ( 'NONE',  ( 1339.477323753842938, 781.1805276470960280, 57.37882560690234612 ) ) ;
#7138 = CARTESIAN_POINT ( 'NONE',  ( 1385.172242149436670, 697.0412899490680729, -78.35094218726597148 ) ) ;
#7139 = CARTESIAN_POINT ( 'NONE',  ( 733.9510601411900552, 40.84933777124093979, -19.85138145668682697 ) ) ;
#7140 = CARTESIAN_POINT ( 'NONE',  ( 559.9999999999996589, 7.531402212976696653, 11.25403044913072037 ) ) ;
#7141 = CARTESIAN_POINT ( 'NONE',  ( 560.0000000000001137, 4.448822412965097506, 18.36599967079101958 ) ) ;
#7142 = CARTESIAN_POINT ( 'NONE',  ( 1400.977883914494214, 1005.375857374842553, 50.38804638670142566 ) ) ;
#7143 = CARTESIAN_POINT ( 'NONE',  ( 997.4488356097137967, 242.4741621870256552, 53.04392448468548338 ) ) ;
#7144 = CARTESIAN_POINT ( 'NONE',  ( 1327.852529989106870, 543.7792257203198005, -97.93934913757432525 ) ) ;
#7145 = CARTESIAN_POINT ( 'NONE',  ( 1399.714364747438367, 903.9409991878003439, 4.859619795199047410 ) ) ;
#7146 = CARTESIAN_POINT ( 'NONE',  ( 791.5537998370618880, 55.39606751899697912, -44.70502148898366102 ) ) ;
#7147 = CARTESIAN_POINT ( 'NONE',  ( 618.3216499021376649, 20.84618147546436617, 2.466403071570572259 ) ) ;
#7148 = CARTESIAN_POINT ( 'NONE',  ( 734.4228473481416586, 33.76574545031216701, -41.32276486077967093 ) ) ;
#7149 = CARTESIAN_POINT ( 'NONE',  ( 1057.005959234440979, 242.4477008828435771, -58.82820884031477959 ) ) ;
#7150 = CARTESIAN_POINT ( 'NONE',  ( 1272.511629003819053, 521.9987940283375565, -29.46624366792293870 ) ) ;
#7151 = APPROVAL_ROLE ( '' ) ;
#7152 = CARTESIAN_POINT ( 'NONE',  ( 1326.694278097423648, 804.7088644658099383, 84.48776277992027417 ) ) ;
#7153 = CARTESIAN_POINT ( 'NONE',  ( 1301.597429587565557, 732.2611795766218847, 96.72938748016046873 ) ) ;
#7154 = CARTESIAN_POINT ( 'NONE',  ( 902.9073749111265670, 113.4102564266345183, -61.77215282196129209 ) ) ;
#7155 = CARTESIAN_POINT ( 'NONE',  ( 1265.033044013728158, 539.6654683326158874, -21.95058166735982752 ) ) ;
#7156 = CARTESIAN_POINT ( 'NONE',  ( 791.3602122107789683, 57.46976926203905123, -38.98769257869957983 ) ) ;
#7157 = CARTESIAN_POINT ( 'NONE',  ( 899.4214455443892575, 136.3254401331861629, -3.857243265751303163 ) ) ;
ENDSEC;
END-ISO-10303-21;
