ISO-10303-21;
HEADER;
FILE_DESCRIPTION (( 'STEP AP203' ),
    '1' );
FILE_NAME ('openfan_blade_v06_CFD_SINGLELOFT.step',
    '2026-09-16T21:31:24',
    ( '' ),
    ( '' ),
    'SwSTEP 2.0',
    'SolidWorks 2026',
    '' );
FILE_SCHEMA (( 'CONFIG_CONTROL_DESIGN' ));
ENDSEC;

DATA;
#1 = CARTESIAN_POINT ( 'NONE',  ( 732.0886268260506995, 68.52359044900562424, 54.54538441653594560 ) ) ;
#2 = CARTESIAN_POINT ( 'NONE',  ( 731.9060347412635110, 71.22766725159300449, 61.15217931058338507 ) ) ;
#3 = CARTESIAN_POINT ( 'NONE',  ( 1011.725765421625624, 175.8221037187241507, -93.55381598866085824 ) ) ;
#4 = CARTESIAN_POINT ( 'NONE',  ( 579.4523919539149119, -0.2940965696345418934, -4.425102949837262933 ) ) ;
#5 = CARTESIAN_POINT ( 'NONE',  ( 560.0000000000005684, 9.784316212835278748, 12.53679269338914182 ) ) ;
#6 = CARTESIAN_POINT ( 'NONE',  ( 1387.895149050026930, 560.0771345007814261, -156.4387665658026663 ) ) ;
#7 = CARTESIAN_POINT ( 'NONE',  ( 1350.854696528837394, 633.9698883532388436, -72.41580772535593269 ) ) ;
#8 = CARTESIAN_POINT ( 'NONE',  ( 731.6284745115533497, 75.24452168495894000, 49.91661614057428409 ) ) ;
#9 = CARTESIAN_POINT ( 'NONE',  ( 1259.524234595683993, 394.4893226991005690, -137.8322154530748662 ) ) ;
#10 = CARTESIAN_POINT ( 'NONE',  ( 675.2811077461361720, 50.35368198439916654, 51.70824894716924547 ) ) ;
#11 = CARTESIAN_POINT ( 'NONE',  ( 560.0000000000000000, -8.954674417555374077, -36.13251613113806116 ) ) ;
#12 = CARTESIAN_POINT ( 'NONE',  ( 951.8224679793668201, 175.7422408446555835, 7.949372780682259609 ) ) ;
#13 = CARTESIAN_POINT ( 'NONE',  ( 1002.960888530228090, 216.6893181699747970, -27.29843167180611729 ) ) ;
#14 = CARTESIAN_POINT ( 'NONE',  ( 1341.775122103155581, 513.6355713108184773, -128.7889276367739342 ) ) ;
#15 = CARTESIAN_POINT ( 'NONE',  ( 902.9187295082884930, 113.2888025476979834, -71.91660542268370193 ) ) ;
#16 = CARTESIAN_POINT ( 'NONE',  ( 1167.030848521798816, 476.7092715422276115, 75.24013639916013574 ) ) ;
#17 = CARTESIAN_POINT ( 'NONE',  ( 1365.485739050404845, 604.7957248427937884, -92.11033187170646386 ) ) ;
#18 = CARTESIAN_POINT ( 'NONE',  ( 960.1370148411496075, 130.2765229162619676, -87.71710681966894185 ) ) ;
#19 = CARTESIAN_POINT ( 'NONE',  ( 1195.244626089206577, 561.3948416157679731, 144.7857573651866971 ) ) ;
#20 = CARTESIAN_POINT ( 'NONE',  ( 1089.922113543188289, 344.8845174118943646, 69.31425938035781087 ) ) ;
#21 = CARTESIAN_POINT ( 'NONE',  ( 1110.503336672507658, 271.3242182896390773, -62.94288095186657728 ) ) ;
#22 = CARTESIAN_POINT ( 'NONE',  ( 1375.644491227762273, 833.0840290177924317, 30.90886481179342482 ) ) ;
#23 = CARTESIAN_POINT ( 'NONE',  ( 1464.391282780455640, 875.0820907337385961, -93.71792482055695928 ) ) ;
#24 = CARTESIAN_POINT ( 'NONE',  ( 1168.905008046901685, 471.3374263707983118, 65.31040760363588049 ) ) ;
#25 = CARTESIAN_POINT ( 'NONE',  ( 579.3379818331869728, 15.58998216508257961, 39.93257711491028061 ) ) ;
#26 = CARTESIAN_POINT ( 'NONE',  ( 849.5316375759563243, 67.90699136336661468, -85.48814600905654970 ) ) ;
#27 = CARTESIAN_POINT ( 'NONE',  ( 1166.104261240060850, 479.4046531886842217, 109.3614524326297186 ) ) ;
#28 = CARTESIAN_POINT ( 'NONE',  ( 1219.148658087677859, 648.3147846614434684, 164.0135875843975271 ) ) ;
#29 = CARTESIAN_POINT ( 'NONE',  ( 675.9594769934095666, 34.33804307318065696, 24.70955145356931482 ) ) ;
#30 = CARTESIAN_POINT ( 'NONE',  ( 1354.454727524074769, 486.1340737597531643, -171.5652991928791948 ) ) ;
#31 = CARTESIAN_POINT ( 'NONE',  ( 1309.125913475103062, 717.2398952645662575, 45.84633996431917780 ) ) ;
#32 = CARTESIAN_POINT ( 'NONE',  ( 840.5826960661827343, 140.6600010248587580, 65.70774767738345190 ) ) ;
#33 = CARTESIAN_POINT ( 'NONE',  ( 1434.216989558433397, 920.9177288434050297, -25.73011627957416536 ) ) ;
#34 = CARTESIAN_POINT ( 'NONE',  ( 1344.572507607108946, 990.7979905615325151, 132.2906168398053239 ) ) ;
#35 = CARTESIAN_POINT ( 'NONE',  ( 732.1196036437798966, 68.06432254611711130, 53.50825455810634423 ) ) ;
#36 = CARTESIAN_POINT ( 'NONE',  ( 579.3507991272795152, 13.80292695009414317, 37.52105154131429288 ) ) ;
#37 = CARTESIAN_POINT ( 'NONE',  ( 1164.148246167848129, 300.5811652170882553, -116.4637702211790469 ) ) ;
#38 = CARTESIAN_POINT ( 'NONE',  ( 1267.076700107890019, 534.8899539069868752, 0.6016875075772963877 ) ) ;
#39 = CARTESIAN_POINT ( 'NONE',  ( 1120.182231265519476, 236.7229728047649928, -124.6456627996310260 ) ) ;
#40 = CARTESIAN_POINT ( 'NONE',  ( 1417.182163277809650, 876.6227883379907553, -33.80642997662869220 ) ) ;
#41 = CARTESIAN_POINT ( 'NONE',  ( 618.1992184659821987, 28.48086345878877879, 38.76624430242462438 ) ) ;
#42 = CARTESIAN_POINT ( 'NONE',  ( 618.1992184659821987, 28.48086345878877879, 38.76624430242462438 ) ) ;
#43 = CARTESIAN_POINT ( 'NONE',  ( 1423.798309805070630, 625.9893549685075413, -165.3602856253504854 ) ) ;
#44 = CARTESIAN_POINT ( 'NONE',  ( 618.4970337680823604, 11.62075528370807831, 10.34985881817482145 ) ) ;
#45 = CARTESIAN_POINT ( 'NONE',  ( 732.6479702327446830, 59.98734640596955359, -3.110826097440478222 ) ) ;
#46 = CARTESIAN_POINT ( 'NONE',  ( 1164.968855968802245, 298.0019002575986633, -103.5584765748311185 ) ) ;
#47 = CARTESIAN_POINT ( 'NONE',  ( 1336.424927422297287, 525.2152105226471122, -128.0203895848023592 ) ) ;
#48 = CARTESIAN_POINT ( 'NONE',  ( 731.8596496457458898, 71.75630438381560339, 33.34390458805636115 ) ) ;
#49 = CARTESIAN_POINT ( 'NONE',  ( 1292.890642110547788, 473.7925359821479105, -94.06960074745231282 ) ) ;
#50 = CARTESIAN_POINT ( 'NONE',  ( 1440.556254921658592, 722.2674604786278678, -125.3787092126114828 ) ) ;
#51 = CARTESIAN_POINT ( 'NONE',  ( 1354.393059003046119, 975.3614005266932736, 124.9911390872436669 ) ) ;
#52 = CARTESIAN_POINT ( 'NONE',  ( 1277.448701949948145, 653.1204307527939363, 81.87055819386543476 ) ) ;
#53 = CARTESIAN_POINT ( 'NONE',  ( 1354.806095186397670, 626.0855349213035197, -82.89814166903930470 ) ) ;
#54 = CARTESIAN_POINT ( 'NONE',  ( 734.3896366283287307, 34.30133438022856751, -34.97338904136368143 ) ) ;
#55 = CARTESIAN_POINT ( 'NONE',  ( 1002.845056580978962, 217.3248307876169179, 8.535731904330736697 ) ) ;
#56 = CARTESIAN_POINT ( 'NONE',  ( 1417.833467507072783, 636.9674940523151463, -153.7298830405067065 ) ) ;
#57 = CARTESIAN_POINT ( 'NONE',  ( 560.0000000000002274, 10.61671797339489309, 17.30522640417290603 ) ) ;
#58 = CARTESIAN_POINT ( 'NONE',  ( 1250.597634014875439, 711.3406497525037366, 166.0672549152778004 ) ) ;
#59 = CARTESIAN_POINT ( 'NONE',  ( 1471.322757420592097, 864.5529285395390389, -103.4778626251451641 ) ) ;
#60 = CARTESIAN_POINT ( 'NONE',  ( 1259.358743964444557, 692.3456234458429890, 141.5755986251590457 ) ) ;
#61 = CARTESIAN_POINT ( 'NONE',  ( 675.7079293980452803, 40.31509485937801429, 39.98762032676165745 ) ) ;
#62 = CARTESIAN_POINT ( 'NONE',  ( 579.3277019967274555, 17.02556327121053314, 40.75645853679493058 ) ) ;
#63 = CARTESIAN_POINT ( 'NONE',  ( 675.9310334489349543, 35.01501261772646956, 26.51814127757165807 ) ) ;
#64 = CARTESIAN_POINT ( 'NONE',  ( 1015.762190994133448, 157.0191986170960092, -116.0471475997723303 ) ) ;
#65 = CARTESIAN_POINT ( 'NONE',  ( 1413.527056348676297, 986.8432481823011813, 16.73234816757748433 ) ) ;
#66 = CARTESIAN_POINT ( 'NONE',  ( 1059.305918870428741, 233.2056927727734319, -46.47730405467061132 ) ) ;
#67 = CARTESIAN_POINT ( 'NONE',  ( 1248.845872108979620, 715.1304996147831616, 159.3954160011177805 ) ) ;
#68 = CARTESIAN_POINT ( 'NONE',  ( 1068.132294416219111, 197.4061380410458355, -113.4458495830922118 ) ) ;
#69 = CARTESIAN_POINT ( 'NONE',  ( 1201.473162227734747, 545.2256511963070125, 117.3559537455593755 ) ) ;
#70 = CARTESIAN_POINT ( 'NONE',  ( 675.4981937387769904, 45.28220780068908624, 52.21038235842103603 ) ) ;
#71 = CARTESIAN_POINT ( 'NONE',  ( 1116.384772985850532, 250.2590823936636752, -116.1516584053210579 ) ) ;
#72 = CARTESIAN_POINT ( 'NONE',  ( 952.6047370734767128, 171.4658812538457084, -0.9826859803198312315 ) ) ;
#73 = CARTESIAN_POINT ( 'NONE',  ( 1466.324888181417009, 908.8714463437498807, -77.78339867033284349 ) ) ;
#74 = APPROVAL_ROLE ( '' ) ;
#75 = CARTESIAN_POINT ( 'NONE',  ( 1434.804111018903768, 955.4213084384327885, -25.17996167239536476 ) ) ;
#76 = CARTESIAN_POINT ( 'NONE',  ( 786.6891517052217750, 106.7935015490625545, 63.35836249470769133 ) ) ;
#77 = CARTESIAN_POINT ( 'NONE',  ( 675.3006090599959634, 49.83915489630296491, 45.11705831561534552 ) ) ;
#78 = CARTESIAN_POINT ( 'NONE',  ( 1389.772436687109803, 556.3226817588715676, -167.7873082206900506 ) ) ;
#79 = CARTESIAN_POINT ( 'NONE',  ( 1052.043849599144323, 262.6558794755246709, 9.093410223943298121 ) ) ;
#80 = CARTESIAN_POINT ( 'NONE',  ( 1000.442958826285349, 228.4351701148587779, -5.688630339843942174 ) ) ;
#81 = CARTESIAN_POINT ( 'NONE',  ( 618.7294462677033380, -2.096061036051406479, -36.98256285315790848 ) ) ;
#82 = CARTESIAN_POINT ( 'NONE',  ( 1368.879520861787569, 598.0054270534371881, -119.0848781754319958 ) ) ;
#83 = CARTESIAN_POINT ( 'NONE',  ( 560.0000000000001137, 11.24951512674824095, 22.10454633067799080 ) ) ;
#84 = CARTESIAN_POINT ( 'NONE',  ( 1294.333247336441673, 470.3779706187266356, -99.29319876965742253 ) ) ;
#85 = CARTESIAN_POINT ( 'NONE',  ( 1463.722299879540287, 803.4569072895313866, -115.6405724957420915 ) ) ;
#86 = CARTESIAN_POINT ( 'NONE',  ( 579.3572300243995414, 12.90590003361300830, 35.32820371939777715 ) ) ;
#87 = CARTESIAN_POINT ( 'NONE',  ( 1275.810693916982927, 656.6722345043410769, 87.29055219383471353 ) ) ;
#88 = CARTESIAN_POINT ( 'NONE',  ( 1107.638886998020780, 281.4999290554799813, -71.68745316042560489 ) ) ;
#89 = CARTESIAN_POINT ( 'NONE',  ( 734.2901406445846533, 35.78558513454371592, -30.71659768121728007 ) ) ;
#90 = CARTESIAN_POINT ( 'NONE',  ( 560.0000000000000000, 5.077552609720679122, 24.73283613902149725 ) ) ;
#91 = CARTESIAN_POINT ( 'NONE',  ( 676.2037252068951148, 28.51239468172188296, 8.339123594437264586 ) ) ;
#92 = CARTESIAN_POINT ( 'NONE',  ( 1260.394506933810135, 392.2310084612462902, -140.6011410444968135 ) ) ;
#93 = CARTESIAN_POINT ( 'NONE',  ( 848.3008081947559731, 77.96332304330425700, -56.18511801993081178 ) ) ;
#94 = CARTESIAN_POINT ( 'NONE',  ( 560.0000000000000000, 10.79373265820240313, 18.50392154628858421 ) ) ;
#95 = CARTESIAN_POINT ( 'NONE',  ( 1155.363177922192108, 510.1696411512447185, 151.0269472444038570 ) ) ;
#96 = CARTESIAN_POINT ( 'NONE',  ( 1220.857014762898871, 322.5129356713096058, -152.9034487421723441 ) ) ;
#97 = CARTESIAN_POINT ( 'NONE',  ( 1041.820258285978525, 304.1056382534289924, 86.25108002913300709 ) ) ;
#98 = CARTESIAN_POINT ( 'NONE',  ( 675.2775277163489136, 50.48558527551914921, 57.30894518432376117 ) ) ;
#99 = CARTESIAN_POINT ( 'NONE',  ( 947.9625674992305449, 196.8377931946030515, 51.36829934645855644 ) ) ;
#100 = CARTESIAN_POINT ( 'NONE',  ( 1392.132161653523326, 551.6161988134998637, -172.2595971665390948 ) ) ;
#101 = SECURITY_CLASSIFICATION ( '', '', #3461 ) ;
#102 = CARTESIAN_POINT ( 'NONE',  ( 1091.097280597503641, 340.6143881925557366, 27.40239469131710592 ) ) ;
#103 = CARTESIAN_POINT ( 'NONE',  ( 579.4773592291005571, -3.738910873197505147, -17.05104543649678916 ) ) ;
#104 = CARTESIAN_POINT ( 'NONE',  ( 1189.666033532721940, 575.8615699372380732, 149.5540719446250648 ) ) ;
#105 = CARTESIAN_POINT ( 'NONE',  ( 1084.535559900958788, 364.1317663029216192, 103.2899007301356278 ) ) ;
#106 = CARTESIAN_POINT ( 'NONE',  ( 892.2617483714843729, 183.2509778110959928, 95.26524193639640714 ) ) ;
#107 = CARTESIAN_POINT ( 'NONE',  ( 1012.659666636328552, 171.4700209996947535, -99.61452324342447184 ) ) ;
#108 = CARTESIAN_POINT ( 'NONE',  ( 559.9999999999994316, -5.676362234457211109, -10.98210246565725257 ) ) ;
#109 = CARTESIAN_POINT ( 'NONE',  ( 1447.632618434947290, 710.1881100415041601, -141.9429572015353642 ) ) ;
#110 = CARTESIAN_POINT ( 'NONE',  ( 899.5868052111551378, 135.2462142840062995, 1.240598963761804230 ) ) ;
#111 = CARTESIAN_POINT ( 'NONE',  ( 1425.737916119590864, 863.1706156607149296, -51.27362751292617560 ) ) ;
#112 = EDGE_LOOP ( 'NONE', ( #5017, #4411, #147, #4376 ) ) ;
#113 = CARTESIAN_POINT ( 'NONE',  ( 1080.481078701011938, 378.5846967904496410, 106.9320783397095340 ) ) ;
#114 = CARTESIAN_POINT ( 'NONE',  ( 1159.447139136566648, 498.4510958591640701, 118.2454777051894439 ) ) ;
#115 = CARTESIAN_POINT ( 'NONE',  ( 1119.843769565012053, 237.9056662668123465, -131.1051774708859341 ) ) ;
#116 = CARTESIAN_POINT ( 'NONE',  ( 1188.843072269380400, 414.2554950993052216, 0.7785053005289863659 ) ) ;
#117 = CARTESIAN_POINT ( 'NONE',  ( 1001.270622539194505, 224.5739059065921595, -12.92247808035961576 ) ) ;
#118 = CARTESIAN_POINT ( 'NONE',  ( 1436.191523158597420, 729.7198824450142638, -115.0568034828219908 ) ) ;
#119 = CARTESIAN_POINT ( 'NONE',  ( 676.4265933945500819, 22.85546795513112528, -38.12341965091589913 ) ) ;
#120 = CARTESIAN_POINT ( 'NONE',  ( 1365.909544803314930, 957.2434980669803508, 78.91965748503334055 ) ) ;
#121 = CARTESIAN_POINT ( 'NONE',  ( 1253.684657653906243, 409.6760925703326279, -100.4064134529408960 ) ) ;
#122 = CARTESIAN_POINT ( 'NONE',  ( 560.0000000000000000, -10.24582825287884091, -30.43399288553145254 ) ) ;
#123 = CARTESIAN_POINT ( 'NONE',  ( 1304.489117386204498, 726.5181338091476846, 88.08480456847232176 ) ) ;
#124 = CARTESIAN_POINT ( 'NONE',  ( 955.2391491797419576, 156.9655605581941131, -60.49007432525211669 ) ) ;
#125 = CARTESIAN_POINT ( 'NONE',  ( 676.6830070196147062, 17.03311241056246317, -26.50274737347696785 ) ) ;
#126 = CARTESIAN_POINT ( 'NONE',  ( 675.6926387591161074, 40.67768187038368666, 40.87688398403719958 ) ) ;
#127 = CARTESIAN_POINT ( 'NONE',  ( 733.5265365198438303, 47.16435320130710096, 1.128949123772000185 ) ) ;
#128 = CARTESIAN_POINT ( 'NONE',  ( 731.8596496457458898, 71.75630438381560339, 33.34390458805636115 ) ) ;
#129 = CARTESIAN_POINT ( 'NONE',  ( 942.2798779650808001, 227.8695243982888599, 105.0177319351939076 ) ) ;
#130 = CARTESIAN_POINT ( 'NONE',  ( 1354.448719651153851, 486.1482594923002694, -170.8838643796094630 ) ) ;
#131 = CARTESIAN_POINT ( 'NONE',  ( 1341.506580307211152, 891.3652051564841940, 114.4943217731207596 ) ) ;
#132 = CARTESIAN_POINT ( 'NONE',  ( 731.5322943618829186, 76.75174550963923537, 66.49817832670787254 ) ) ;
#133 = CARTESIAN_POINT ( 'NONE',  ( 998.0569320986297726, 239.6621446808568123, 52.39010563935027420 ) ) ;
#134 = CARTESIAN_POINT ( 'NONE',  ( 579.4985269992217809, -6.573214780053691086, -40.32875691244530714 ) ) ;
#135 = CARTESIAN_POINT ( 'NONE',  ( 1387.929163717551546, 922.6187508474836250, 28.46770280056816915 ) ) ;
#136 = CARTESIAN_POINT ( 'NONE',  ( 954.7500504165985831, 159.7371478692366793, -25.56036776830280033 ) ) ;
#137 = CARTESIAN_POINT ( 'NONE',  ( 1154.709293788346713, 512.0393438431331106, 148.0666896082020969 ) ) ;
#138 = CARTESIAN_POINT ( 'NONE',  ( 1218.343614390573066, 329.7237412258696168, -138.2025540021931533 ) ) ;
#139 = CARTESIAN_POINT ( 'NONE',  ( 1040.757676090249333, 308.4125154776198769, 94.11303032152927983 ) ) ;
#140 = CARTESIAN_POINT ( 'NONE',  ( 1379.322564113824910, 577.1700776934958412, -144.5376059399194162 ) ) ;
#141 = CARTESIAN_POINT ( 'NONE',  ( 942.1378935790601190, 228.6433789453367069, 105.2583420971536015 ) ) ;
#142 = CARTESIAN_POINT ( 'NONE',  ( 1439.590150456164793, 723.9092225935038414, -133.6965869691327100 ) ) ;
#143 = CARTESIAN_POINT ( 'NONE',  ( 790.6559166454218257, 64.91572787007284262, -18.18725876569895661 ) ) ;
#144 = CARTESIAN_POINT ( 'NONE',  ( 1424.221368931130883, 625.2160241016922555, -161.1234231357235558 ) ) ;
#145 = APPROVAL_STATUS ( 'not_yet_approved' ) ;
#146 = CARTESIAN_POINT ( 'NONE',  ( 579.3987625104443850, 7.309090251828618712, -12.02089258903883184 ) ) ;
#147 = ORIENTED_EDGE ( 'NONE', *, *, #4750, .T. ) ;
#148 = CARTESIAN_POINT ( 'NONE',  ( 1193.467791548534706, 565.9843634813607878, 129.2976129335977191 ) ) ;
#149 = CARTESIAN_POINT ( 'NONE',  ( 675.2930946041309426, 50.03149885163248456, 46.99614409413798910 ) ) ;
#150 = CARTESIAN_POINT ( 'NONE',  ( 1014.829176025630090, 161.3605219827117594, -112.3642022767419348 ) ) ;
#151 = CARTESIAN_POINT ( 'NONE',  ( 1264.226700097630101, 541.6354068584345214, 11.15193189351004222 ) ) ;
#152 = CARTESIAN_POINT ( 'NONE',  ( 618.2349475507237457, 26.65751491000909823, 48.27000611180138634 ) ) ;
#153 = CARTESIAN_POINT ( 'NONE',  ( 618.3430537670651574, 19.78919115471354928, -2.169019870356340807 ) ) ;
#154 = CARTESIAN_POINT ( 'NONE',  ( 1216.353976374270587, 335.4256621849051498, -129.0149541950242451 ) ) ;
#155 = CARTESIAN_POINT ( 'NONE',  ( 733.9713950139441749, 40.33900537490935534, -46.15026489680470689 ) ) ;
#156 = CARTESIAN_POINT ( 'NONE',  ( 1039.575984502691881, 313.1467075586949136, 74.34054121026368023 ) ) ;
#157 = CARTESIAN_POINT ( 'NONE',  ( 1427.786390437687714, 744.0683120487578890, -95.12792438965320230 ) ) ;
#158 = CARTESIAN_POINT ( 'NONE',  ( 1067.619684630142046, 199.4864602833306151, -109.4539330057869932 ) ) ;
#159 = CARTESIAN_POINT ( 'NONE',  ( 897.0507847275853237, 151.8785931671082778, 37.61967243794184412 ) ) ;
#160 = CARTESIAN_POINT ( 'NONE',  ( 733.4884492632065758, 47.49964395617013935, -32.08844929977612281 ) ) ;
#161 = CARTESIAN_POINT ( 'NONE',  ( 1330.082301573327413, 538.9888960859155986, -91.23705750267774306 ) ) ;
#162 = CARTESIAN_POINT ( 'NONE',  ( 560.0000000000002274, 5.356993004669367231, 25.48584875913748604 ) ) ;
#163 = CARTESIAN_POINT ( 'NONE',  ( 1300.918170210180278, 602.2290844174644917, 4.151085159909411182 ) ) ;
#164 = CARTESIAN_POINT ( 'NONE',  ( 675.3790615123057250, 47.89728563036396025, 32.66334518220664052 ) ) ;
#165 = CARTESIAN_POINT ( 'NONE',  ( 1385.055795897058488, 1028.889586089875138, 82.94403735465644445 ) ) ;
#166 = CARTESIAN_POINT ( 'NONE',  ( 1308.654341494483788, 837.9650460035743436, 146.2801112225981797 ) ) ;
#167 = CARTESIAN_POINT ( 'NONE',  ( 1454.508859034713851, 698.4482557892503110, -159.4289088738185569 ) ) ;
#168 = B_SPLINE_CURVE_WITH_KNOTS ( 'NONE', 3,
 ( #2392, #6076, #5034, #1274, #6143, #4460, #3412, #232, #3901, #2922, #6630, #4998, #4530, #3481, #3867, #6009, #1207, #2819, #1239, #5488, #3379, #4495, #197, #684, #4427, #2321, #2358, #400, #3023 ),
 .UNSPECIFIED., .F., .F.,
 ( 4, 1, 1, 1, 1, 1, 1, 1, 1, 1, 1, 1, 1, 1, 1, 1, 1, 1, 1, 1, 1, 1, 1, 1, 1, 1, 4 ),
 ( 0.2486000075269634568, 0.2498136550802121658, 0.2706321645075638882, 0.2914506824622015158, 0.3122691886260361982, 0.3330876926055663656, 0.3539062080860729820, 0.3747246884967036507, 0.3955431769611194581, 0.4163616196375995449, 0.4371800441085041400, 0.4579983055593884189, 0.4788159193108618705, 0.4995807652075877625, 0.5191991997816326476, 0.5400177392373367580, 0.5608362850584760473, 0.5816548273930649549, 0.6024733731182599916, 0.6232919152750981961, 0.6441104612210669655, 0.6649290015596889258, 0.6857475478841640326, 0.7065660932858810472, 0.7273846352036458240, 0.7482031815741991831, 0.7486000000001507004 ),
 .UNSPECIFIED. ) ;
#169 = CARTESIAN_POINT ( 'NONE',  ( 895.1147566043872530, 164.5685285243168892, 64.19263289724986521 ) ) ;
#170 = CARTESIAN_POINT ( 'NONE',  ( 560.0000000000002274, 0.8553229248230459492, 12.32175577975228187 ) ) ;
#171 = CARTESIAN_POINT ( 'NONE',  ( 1468.995957791533328, 904.9268125755156689, -84.29036527466422513 ) ) ;
#172 = CARTESIAN_POINT ( 'NONE',  ( 675.5895111279272669, 42.80774283156697635, 12.04906954784462947 ) ) ;
#173 = CARTESIAN_POINT ( 'NONE',  ( 1108.504565940396105, 278.4688760380471990, -50.15585595285147491 ) ) ;
#174 = CARTESIAN_POINT ( 'NONE',  ( 560.0000000000001137, 11.73854098124429335, 35.71679597906837245 ) ) ;
#175 = CARTESIAN_POINT ( 'NONE',  ( 618.7598515665976038, -3.928728848624895242, -44.04643724314657049 ) ) ;
#176 = CARTESIAN_POINT ( 'NONE',  ( 1164.561487559856914, 483.8242452303731511, 116.5964708233518508 ) ) ;
#177 = CARTESIAN_POINT ( 'NONE',  ( 958.5547179035092995, 138.8626950468872963, -88.70171679927055663 ) ) ;
#178 = CARTESIAN_POINT ( 'NONE',  ( 1370.574817508661454, 1017.591502637765529, 102.3427180559392156 ) ) ;
#179 = CARTESIAN_POINT ( 'NONE',  ( 1010.715724036625602, 180.5299490330374965, -86.71867673554972100 ) ) ;
#180 = CARTESIAN_POINT ( 'NONE',  ( 1432.787586132928482, 958.3993110069820887, -10.21405485640011612 ) ) ;
#181 = CARTESIAN_POINT ( 'NONE',  ( 1474.927948601806520, 785.8364080822407232, -140.1228045228102701 ) ) ;
#182 = CARTESIAN_POINT ( 'NONE',  ( 1053.817296162590083, 255.3839479960304288, -37.36685258281224975 ) ) ;
#183 = CARTESIAN_POINT ( 'NONE',  ( 1281.271184030655604, 772.8355809951915489, 136.1494353043169099 ) ) ;
#184 = CARTESIAN_POINT ( 'NONE',  ( 942.8663932031098511, 224.6298825536444781, 85.83070974475961634 ) ) ;
#185 = CARTESIAN_POINT ( 'NONE',  ( 1308.670283781128546, 436.4307334728895285, -158.8224101581960497 ) ) ;
#186 = DIRECTION ( 'NONE',  ( 0.000000000000000000, 0.000000000000000000, -1.000000000000000000 ) ) ;
#187 = CARTESIAN_POINT ( 'NONE',  ( 1118.856939381722896, 444.8875786011938089, 141.7833812414705790 ) ) ;
#188 = CARTESIAN_POINT ( 'NONE',  ( 999.6314257722308412, 232.2216277267396549, 1.586819591095316229 ) ) ;
#189 = CARTESIAN_POINT ( 'NONE',  ( 1261.734401157233606, 388.7759566689332473, -133.1842754151889778 ) ) ;
#190 = CARTESIAN_POINT ( 'NONE',  ( 955.9445348230916579, 153.1133191540282610, -66.82955141997801718 ) ) ;
#191 = CARTESIAN_POINT ( 'NONE',  ( 1398.270180063652788, 1009.374592615900838, 49.26771526837251258 ) ) ;
#192 = CARTESIAN_POINT ( 'NONE',  ( 618.7483176944464276, -3.244216698459534420, -41.79394538176017448 ) ) ;
#193 = CARTESIAN_POINT ( 'NONE',  ( 788.9263944407848612, 83.22467787411855511, 27.77973347580109120 ) ) ;
#194 = CARTESIAN_POINT ( 'NONE',  ( 1442.874141432203942, 907.7675042377612726, -55.10565681941070437 ) ) ;
#195 = CARTESIAN_POINT ( 'NONE',  ( 1294.333247336441673, 470.3779706187266356, -99.29319876965742253 ) ) ;
#196 = CARTESIAN_POINT ( 'NONE',  ( 560.0000000000004547, 5.568236751316598898, 26.04977897218618565 ) ) ;
#197 = CARTESIAN_POINT ( 'NONE',  ( 1441.549443252202764, 945.4598064226681799, -28.04914823237763954 ) ) ;
#198 = CARTESIAN_POINT ( 'NONE',  ( 1252.131755740366771, 708.0152850231651200, 163.5452250062716359 ) ) ;
#199 = CARTESIAN_POINT ( 'NONE',  ( 1295.592626287565508, 744.2714564336521335, 114.5522785447683418 ) ) ;
#200 = CARTESIAN_POINT ( 'NONE',  ( 897.0507847275853237, 151.8785931671082778, 37.61967243794184412 ) ) ;
#201 = CARTESIAN_POINT ( 'NONE',  ( 1171.398616607289114, 277.5006710696746381, -143.7677654567444279 ) ) ;
#202 = CARTESIAN_POINT ( 'NONE',  ( 995.1679692411579481, 253.0547406076288439, 44.68172299338919373 ) ) ;
#203 = CARTESIAN_POINT ( 'NONE',  ( 1289.999055109224628, 480.6363656265895656, -83.57498886980496877 ) ) ;
#204 = CARTESIAN_POINT ( 'NONE',  ( 1370.568520933849868, 1017.601172311722848, 99.90269196637513005 ) ) ;
#205 = CARTESIAN_POINT ( 'NONE',  ( 1264.060338538760107, 382.7374944225129525, -142.4563902341027415 ) ) ;
#206 = CARTESIAN_POINT ( 'NONE',  ( 618.3345975113019222, 20.99341918877382085, 36.64258472342667261 ) ) ;
#207 = CARTESIAN_POINT ( 'NONE',  ( 1383.796580221195427, 997.5072748344368847, 81.04453222386969458 ) ) ;
#208 = CARTESIAN_POINT ( 'NONE',  ( 840.2214124549498138, 143.6455666860067595, 85.74261019785845406 ) ) ;
#209 = CARTESIAN_POINT ( 'NONE',  ( 1454.231929963132188, 818.3712384331984140, -106.7403917172342886 ) ) ;
#210 = CARTESIAN_POINT ( 'NONE',  ( 1236.572447667234655, 454.1034958702735480, -29.71651069522392774 ) ) ;
#211 = CARTESIAN_POINT ( 'NONE',  ( 1170.924888825009475, 279.0215793429014752, -136.2189991502849011 ) ) ;
#212 = CARTESIAN_POINT ( 'NONE',  ( 1408.710304182820664, 889.9432512826216453, -16.19930339980892242 ) ) ;
#213 = CARTESIAN_POINT ( 'NONE',  ( 1340.893472654860489, 892.3979518078407409, 93.80223233185181186 ) ) ;
#214 = CARTESIAN_POINT ( 'NONE',  ( 952.4094324096880655, 172.5335545009770328, 1.251011750207135398 ) ) ;
#215 = CLOSED_SHELL ( 'NONE', ( #4420, #1017, #1724, #1415 ) ) ;
#216 = CARTESIAN_POINT ( 'NONE',  ( 560.0000000000001137, 11.75157312394709663, 30.52681363264533587 ) ) ;
#217 = CARTESIAN_POINT ( 'NONE',  ( 841.3528304738787256, 134.4710133667878722, 74.18492096420001758 ) ) ;
#218 = CARTESIAN_POINT ( 'NONE',  ( 731.5623018845149090, 76.25980530846317151, 57.49443567400344079 ) ) ;
#219 = CARTESIAN_POINT ( 'NONE',  ( 560.0000000000003411, -7.287364609036551144, -33.70144376275604259 ) ) ;
#220 = CARTESIAN_POINT ( 'NONE',  ( 1421.781881002448017, 939.8069501759700870, 0.4997255944344791700 ) ) ;
#221 = CARTESIAN_POINT ( 'NONE',  ( 840.4146659145884541, 142.0787635290798221, 84.97530132697265515 ) ) ;
#222 = CARTESIAN_POINT ( 'NONE',  ( 1216.562859427977628, 506.0065193583758401, 22.32931364555100018 ) ) ;
#223 = CARTESIAN_POINT ( 'NONE',  ( 579.5084557999463186, -8.011072733985583838, -34.59292324109494388 ) ) ;
#224 = CARTESIAN_POINT ( 'NONE',  ( 1344.791519382313481, 507.0779723372758099, -150.0719580750222804 ) ) ;
#225 = CARTESIAN_POINT ( 'NONE',  ( 676.3900780170865801, 23.72212095088437422, -36.39893556387055185 ) ) ;
#226 = CARTESIAN_POINT ( 'NONE',  ( 787.1104634667657365, 102.2873454297906477, 43.09770182163651242 ) ) ;
#227 = CARTESIAN_POINT ( 'NONE',  ( 579.5097717668400037, -8.192978805538684739, -35.21790880857747652 ) ) ;
#228 = CARTESIAN_POINT ( 'NONE',  ( 1310.009083429511975, 715.5027596917850587, 71.66168924416409425 ) ) ;
#229 = CARTESIAN_POINT ( 'NONE',  ( 676.0853029516069910, 30.96500030982703322, -20.60916268831434195 ) ) ;
#230 = CARTESIAN_POINT ( 'NONE',  ( 791.6229809236606343, 54.66649744045411552, -44.94098495536889715 ) ) ;
#231 = CARTESIAN_POINT ( 'NONE',  ( 894.9676943603864174, 165.5321744143228955, 66.18415571243339457 ) ) ;
#232 = CARTESIAN_POINT ( 'NONE',  ( 1442.291674562874960, 944.3636797321358927, -39.20139592437433151 ) ) ;
#233 = CARTESIAN_POINT ( 'NONE',  ( 1011.948822739251682, 174.8419789935545339, -75.70882199731055096 ) ) ;
#234 = CARTESIAN_POINT ( 'NONE',  ( 1225.559175241558478, 633.1506142543978513, 155.1392931303394391 ) ) ;
#235 = CARTESIAN_POINT ( 'NONE',  ( 732.4847266911176575, 62.65050176228228906, 41.06107829074210969 ) ) ;
#236 = CARTESIAN_POINT ( 'NONE',  ( 579.4103279215072462, 5.525775760132044745, 15.02875996728182884 ) ) ;
#237 = CARTESIAN_POINT ( 'NONE',  ( 1474.951861224411232, 785.7972951671869168, -142.2106308259001537 ) ) ;
#238 = CARTESIAN_POINT ( 'NONE',  ( 675.4278204345887389, 46.70964892304025540, 26.99247314919134766 ) ) ;
#239 = CARTESIAN_POINT ( 'NONE',  ( 676.6506974222814961, 17.80890846085828016, -24.04926551178687788 ) ) ;
#240 = CARTESIAN_POINT ( 'NONE',  ( 786.5270800505654734, 108.5488582529735595, 75.63987527769957353 ) ) ;
#241 = CARTESIAN_POINT ( 'NONE',  ( 677.0162611276148255, 8.984245054939425046, -54.41415409139964510 ) ) ;
#242 = CARTESIAN_POINT ( 'NONE',  ( 1166.104261240060850, 479.4046531886842217, 109.3614524326297186 ) ) ;
#243 = CARTESIAN_POINT ( 'NONE',  ( 1039.916945810344487, 311.8200024194072171, 100.0594797435658165 ) ) ;
#244 = CARTESIAN_POINT ( 'NONE',  ( 1377.169135132991869, 581.4663771153097969, -139.4244454160249518 ) ) ;
#245 = CARTESIAN_POINT ( 'NONE',  ( 676.5112458522518182, 21.15429716870444921, -13.63036655389795015 ) ) ;
#246 = CARTESIAN_POINT ( 'NONE',  ( 1171.711214163040268, 276.5123833805245681, -141.6457833855658919 ) ) ;
#247 = CARTESIAN_POINT ( 'NONE',  ( 579.3798026555863316, 9.935978100188947337, -4.334443506092664933 ) ) ;
#248 = CARTESIAN_POINT ( 'NONE',  ( 1039.143870858417586, 314.9011114279900880, 78.47492829783070079 ) ) ;
#249 = CARTESIAN_POINT ( 'NONE',  ( 618.5527576317369949, 8.363713482034938806, -0.1082905775920855740 ) ) ;
#250 = CARTESIAN_POINT ( 'NONE',  ( 579.3257027651600310, 17.33887208189263873, 34.67581958160452160 ) ) ;
#251 = CARTESIAN_POINT ( 'NONE',  ( 1356.994226565359895, 971.2708396072526966, 118.1765662741487688 ) ) ;
#252 = CARTESIAN_POINT ( 'NONE',  ( 1080.242100373802714, 379.4401496701361793, 109.1204209421395177 ) ) ;
#253 = CARTESIAN_POINT ( 'NONE',  ( 559.9999999999997726, -7.660361296380416185, -34.27560577306412171 ) ) ;
#254 = CARTESIAN_POINT ( 'NONE',  ( 579.4417025640794918, 1.182694295442412225, 0.7849092412145559639 ) ) ;
#255 = CARTESIAN_POINT ( 'NONE',  ( 1192.353878462725788, 568.8974683772041772, 153.1968753069150750 ) ) ;
#256 = CARTESIAN_POINT ( 'NONE',  ( 788.0948450149536484, 91.83273511590056160, 10.90562201299357703 ) ) ;
#257 = CARTESIAN_POINT ( 'NONE',  ( 676.9503382907844298, 10.59261412429275495, -47.78968071377071425 ) ) ;
#258 = CARTESIAN_POINT ( 'NONE',  ( 846.5336386349722488, 92.21839706805505443, -51.82251396191846027 ) ) ;
#259 = CARTESIAN_POINT ( 'NONE',  ( 1311.063747858454462, 833.5156499055450467, 116.8518852018802932 ) ) ;
#260 = CARTESIAN_POINT ( 'NONE',  ( 905.2657700898906796, 97.97622556719933584, -82.35789228687050922 ) ) ;
#261 = CARTESIAN_POINT ( 'NONE',  ( 1338.594302435795043, 782.8475570045053473, 65.24787742915854949 ) ) ;
#262 = CARTESIAN_POINT ( 'NONE',  ( 1276.287224711563795, 513.0555284662974600, -59.73301261122879424 ) ) ;
#263 = CARTESIAN_POINT ( 'NONE',  ( 1062.430333326152322, 220.5340242134127209, -70.26746549229579841 ) ) ;
#264 = CARTESIAN_POINT ( 'NONE',  ( 895.7437345171244942, 160.4465679490297418, 55.68930367071326515 ) ) ;
#265 = CARTESIAN_POINT ( 'NONE',  ( 1267.076700107890019, 534.8899539069868752, 0.6016875075772963877 ) ) ;
#266 = CARTESIAN_POINT ( 'NONE',  ( 1223.710015270746680, 637.5257078836713163, 159.3155328748383113 ) ) ;
#267 = CARTESIAN_POINT ( 'NONE',  ( 996.0223614390789635, 249.1512648212272438, 70.56623616556041156 ) ) ;
#268 = CARTESIAN_POINT ( 'NONE',  ( 732.9400492699103324, 55.88915023997325449, 24.34094629984068803 ) ) ;
#269 = CARTESIAN_POINT ( 'NONE',  ( 676.8184438536518428, 13.58335578516512143, -53.86335592747835221 ) ) ;
#270 = CARTESIAN_POINT ( 'NONE',  ( 1041.842847081446962, 303.9461882141927731, 53.78996014827919225 ) ) ;
#271 = CARTESIAN_POINT ( 'NONE',  ( 1421.483465365985239, 754.8282850267019057, -80.08714511346931886 ) ) ;
#272 = CARTESIAN_POINT ( 'NONE',  ( 941.9564007711855993, 229.6286932416166451, 104.0199424242013748 ) ) ;
#273 = CARTESIAN_POINT ( 'NONE',  ( 559.9999999999987494, -10.88812975887760892, -34.63644877349522488 ) ) ;
#274 = CARTESIAN_POINT ( 'NONE',  ( 579.3728493324457531, 10.73153361354359170, 29.69048614814525067 ) ) ;
#275 = CARTESIAN_POINT ( 'NONE',  ( 1395.706472694170998, 1013.160673900801044, 65.79802666320127003 ) ) ;
#276 = CARTESIAN_POINT ( 'NONE',  ( 892.0539439947738174, 184.6000575821720417, 92.04671703526170745 ) ) ;
#277 = CARTESIAN_POINT ( 'NONE',  ( 1114.066948056681895, 258.5370931066261733, -105.0685706928885850 ) ) ;
#278 = CARTESIAN_POINT ( 'NONE',  ( 734.2236933432718615, 36.77675842723510158, -27.88005589516762583 ) ) ;
#279 = CARTESIAN_POINT ( 'NONE',  ( 1454.252493676871381, 698.8862918420555843, -158.5477794605698705 ) ) ;
#280 = CARTESIAN_POINT ( 'NONE',  ( 788.6382764753385572, 86.07724586781773723, -3.621956533021611691 ) ) ;
#281 = CARTESIAN_POINT ( 'NONE',  ( 675.3506552244812156, 48.59388252741511849, 36.46565942624232548 ) ) ;
#282 = CARTESIAN_POINT ( 'NONE',  ( 1389.477225257621512, 809.4686710417547602, -2.822234699388853851 ) ) ;
#283 = CARTESIAN_POINT ( 'NONE',  ( 1376.775207277583831, 1008.173189668229156, 84.74438058907796290 ) ) ;
#284 = CARTESIAN_POINT ( 'NONE',  ( 1285.176096270635753, 765.0580534995526705, 145.6486118818918101 ) ) ;
#285 = CARTESIAN_POINT ( 'NONE',  ( 1080.023472071288779, 380.2229889355457431, 111.2324113533350385 ) ) ;
#286 = CARTESIAN_POINT ( 'NONE',  ( 1168.722030034248519, 286.0201911724691968, -134.6657790051219195 ) ) ;
#287 = CARTESIAN_POINT ( 'NONE',  ( 1261.363121684468751, 548.3754090168060884, -8.225471584310904305 ) ) ;
#288 = CARTESIAN_POINT ( 'NONE',  ( 1120.461861078368202, 439.7782914074774681, 137.8178207023183006 ) ) ;
#289 = CARTESIAN_POINT ( 'NONE',  ( 1408.078008447685761, 960.6237817560825079, 14.11289845869796977 ) ) ;
#290 = CARTESIAN_POINT ( 'NONE',  ( 734.8725785822476837, 27.08775996402025044, -56.34378541096579340 ) ) ;
#291 = CARTESIAN_POINT ( 'NONE',  ( 1244.118035238374887, 434.4741063601071573, -85.01093328032843033 ) ) ;
#292 = CARTESIAN_POINT ( 'NONE',  ( 1122.687810039215037, 432.6598300879048224, 103.4628589032856922 ) ) ;
#293 = CARTESIAN_POINT ( 'NONE',  ( 1040.465526275482034, 309.5357533466410018, 66.08618207592157034 ) ) ;
#294 = CARTESIAN_POINT ( 'NONE',  ( 792.3959639802874335, 46.46795775792535466, -66.70303711147431613 ) ) ;
#295 = CARTESIAN_POINT ( 'NONE',  ( 1250.010844837508330, 575.2815138135721327, 63.96271865067543416 ) ) ;
#296 = CARTESIAN_POINT ( 'NONE',  ( 1102.024400030852348, 301.5604328969915287, -40.18347007799479087 ) ) ;
#297 = CARTESIAN_POINT ( 'NONE',  ( 1208.142711266583092, 358.9547858201048598, -90.74715176501608482 ) ) ;
#298 = CARTESIAN_POINT ( 'NONE',  ( 1130.115329856328799, 409.0353205765815687, 87.52753608139859409 ) ) ;
#299 = CARTESIAN_POINT ( 'NONE',  ( 676.3082528227456578, 26.01418411371171047, 1.031400593055614490 ) ) ;
#300 = CARTESIAN_POINT ( 'NONE',  ( 1114.511635574517186, 256.9958945477151815, -88.50281504180556169 ) ) ;
#301 = CARTESIAN_POINT ( 'NONE',  ( 1279.288438435266926, 776.8068822939717393, 162.7142443890997185 ) ) ;
#303 = CARTESIAN_POINT ( 'NONE',  ( 579.3252912071810670, 17.38064959356071881, 37.54259528313865246 ) ) ;
#302 = CARTESIAN_POINT ( 'NONE',  ( 946.7440930476399217, 203.4947150400082876, 64.64445445260669487 ) ) ;
#304 = CARTESIAN_POINT ( 'NONE',  ( 948.8646387515811966, 191.9086401632066838, 41.37914464562678063 ) ) ;
#305 = CARTESIAN_POINT ( 'NONE',  ( 1218.821115752693458, 328.3396658055123680, -148.2055163965138149 ) ) ;
#306 = CARTESIAN_POINT ( 'NONE',  ( 1129.129656227861688, 412.1250964539906931, 61.61295839448182221 ) ) ;
#307 = CARTESIAN_POINT ( 'NONE',  ( 1370.273381372378708, 1018.049472571102683, 100.9223042801740036 ) ) ;
#308 = CARTESIAN_POINT ( 'NONE',  ( 1352.139442515899646, 491.1588267703360202, -162.0312441854580072 ) ) ;
#309 = CARTESIAN_POINT ( 'NONE',  ( 1312.403293666836817, 831.0632075371593146, 135.4546777104152397 ) ) ;
#310 = CARTESIAN_POINT ( 'NONE',  ( 1273.340808196353009, 788.6671211696915407, 164.3446210863726833 ) ) ;
#311 = CARTESIAN_POINT ( 'NONE',  ( 1457.007796944924621, 922.6309202915601873, -65.50459091744872353 ) ) ;
#312 = CARTESIAN_POINT ( 'NONE',  ( 1430.784162021091106, 855.2444622325592718, -44.45412517228108840 ) ) ;
#313 = CARTESIAN_POINT ( 'NONE',  ( 961.3126162075810726, 123.8223170168353136, -105.7083499417840642 ) ) ;
#314 = CARTESIAN_POINT ( 'NONE',  ( 1049.416488523349472, 273.2263685942803022, -6.202718740095351180 ) ) ;
#315 = CARTESIAN_POINT ( 'NONE',  ( 992.6843377892555509, 264.6567247400600422, 72.47334602829047867 ) ) ;
#316 = CARTESIAN_POINT ( 'NONE',  ( 1469.171780928330463, 904.6671570876837905, -84.28814544274017351 ) ) ;
#317 = CARTESIAN_POINT ( 'NONE',  ( 1036.739457172667926, 324.6669579629933082, 103.4886360727699923 ) ) ;
#318 = CARTESIAN_POINT ( 'NONE',  ( 944.4259963387987682, 216.1562023844324187, 89.45653134907082915 ) ) ;
#319 = CARTESIAN_POINT ( 'NONE',  ( 1306.204445141304859, 842.4755345166192910, 153.9499037646114630 ) ) ;
#320 = CARTESIAN_POINT ( 'NONE',  ( 1279.793723315084435, 775.7850815256980468, 141.6434148303176244 ) ) ;
#321 = CARTESIAN_POINT ( 'NONE',  ( 1464.109394794200625, 912.1432854584672896, -77.29160413696271803 ) ) ;
#322 = CARTESIAN_POINT ( 'NONE',  ( 1141.314427962096943, 373.3020123755950408, -7.162913417650711878 ) ) ;
#323 = CARTESIAN_POINT ( 'NONE',  ( 579.3453632916209699, 14.56051771785639559, 38.70225044182993912 ) ) ;
#324 = CARTESIAN_POINT ( 'NONE',  ( 1348.181790885382497, 765.1785655632077123, 12.77345953794440803 ) ) ;
#325 = CARTESIAN_POINT ( 'NONE',  ( 579.5111119388761836, -8.376837672889662301, -35.83717004498581815 ) ) ;
#326 = CARTESIAN_POINT ( 'NONE',  ( 1157.389363487761102, 322.1028801558665577, -86.62610972504775475 ) ) ;
#327 = CARTESIAN_POINT ( 'NONE',  ( 731.6684786232748365, 74.63758290725476741, 46.53936790789684608 ) ) ;
#328 = CARTESIAN_POINT ( 'NONE',  ( 1293.125209791655607, 749.1741904050296625, 96.02311443488920872 ) ) ;
#329 = CARTESIAN_POINT ( 'NONE',  ( 1317.367091549063161, 700.8194120728845746, 49.76239428968091261 ) ) ;
#330 = CARTESIAN_POINT ( 'NONE',  ( 1316.650127950329988, 568.0876538726492981, -71.74130664390116863 ) ) ;
#331 = CARTESIAN_POINT ( 'NONE',  ( 1452.970198451452461, 892.4311446744097793, -64.90708406157530419 ) ) ;
#332 = CARTESIAN_POINT ( 'NONE',  ( 579.3881617529757477, 8.602721586096379269, 23.99178587137998875 ) ) ;
#333 = CARTESIAN_POINT ( 'NONE',  ( 560.0000000000000000, 7.945407963905441129, 4.521226853625662123 ) ) ;
#334 = CARTESIAN_POINT ( 'NONE',  ( 840.8781702408568890, 138.3197701845219285, 81.27266463980930666 ) ) ;
#336 = CARTESIAN_POINT ( 'NONE',  ( 1119.348649321872472, 443.3097761690660832, 128.3491401521646367 ) ) ;
#335 = CARTESIAN_POINT ( 'NONE',  ( 1302.650577369535085, 730.1870240014503679, 93.55748136674758086 ) ) ;
#337 = CARTESIAN_POINT ( 'NONE',  ( 1369.434517648354358, 843.6858219669941263, 46.11064375017912909 ) ) ;
#338 = CARTESIAN_POINT ( 'NONE',  ( 560.0000000000003411, -7.287364609036551144, -33.70144376275604259 ) ) ;
#339 = CARTESIAN_POINT ( 'NONE',  ( 1356.994226565359895, 971.2708396072526966, 118.1765662741487688 ) ) ;
#340 = CARTESIAN_POINT ( 'NONE',  ( 675.2775277163489136, 50.48558527551914921, 57.30894518432376117 ) ) ;
#341 = CARTESIAN_POINT ( 'NONE',  ( 905.6536910768689950, 95.42630331814899591, -88.58511374883505596 ) ) ;
#342 = CARTESIAN_POINT ( 'NONE',  ( 1260.157886491703266, 690.6127869405813726, 138.8559454164089288 ) ) ;
#343 = CARTESIAN_POINT ( 'NONE',  ( 579.3248883405100287, 17.42468536655259470, 39.85973970133532873 ) ) ;
#344 = CARTESIAN_POINT ( 'NONE',  ( 1403.386677163948207, 663.5579734705587498, -122.3653682429813614 ) ) ;
#345 = CARTESIAN_POINT ( 'NONE',  ( 1328.553745555797377, 801.3314906065487548, 92.23121543981316961 ) ) ;
#346 = CARTESIAN_POINT ( 'NONE',  ( 1354.271202059707548, 486.5338968026828752, -169.9541842021689604 ) ) ;
#347 = CARTESIAN_POINT ( 'NONE',  ( 1356.376764579597193, 750.0923582884364578, -8.545863243656723895 ) ) ;
#348 = CARTESIAN_POINT ( 'NONE',  ( 1233.492887616765302, 614.3467566102229966, 98.36172438026488862 ) ) ;
#349 = CARTESIAN_POINT ( 'NONE',  ( 676.3594002385046906, 24.79046511702336630, -2.631181246680641905 ) ) ;
#350 = CARTESIAN_POINT ( 'NONE',  ( 1327.612624813770708, 915.0754483925027216, 130.7405946638713203 ) ) ;
#351 = CARTESIAN_POINT ( 'NONE',  ( 1356.054855573028590, 972.7480041596796809, 120.4478152052949866 ) ) ;
#352 = CARTESIAN_POINT ( 'NONE',  ( 560.0000000000000000, 8.077282797840538819, 32.74995501489079430 ) ) ;
#353 = CARTESIAN_POINT ( 'NONE',  ( 1376.159154887289787, 1009.108990071128346, 86.37152362594908084 ) ) ;
#354 = CARTESIAN_POINT ( 'NONE',  ( 1462.635811918891477, 914.3194716380484124, -74.94287537079040362 ) ) ;
#355 = FACE_OUTER_BOUND ( 'NONE', #112, .T. ) ;
#356 = CARTESIAN_POINT ( 'NONE',  ( 1304.103930830205627, 846.3420812298817282, 158.5408520650491084 ) ) ;
#357 = CARTESIAN_POINT ( 'NONE',  ( 947.3488225568102052, 200.0843914463985413, 21.62514403639790928 ) ) ;
#358 = CARTESIAN_POINT ( 'NONE',  ( 1463.948037710637436, 875.7552745283421700, -87.53559368041173627 ) ) ;
#359 = CARTESIAN_POINT ( 'NONE',  ( 1440.946765279179317, 839.2583412869445283, -81.42653802359332360 ) ) ;
#360 = CARTESIAN_POINT ( 'NONE',  ( 943.5899601934802376, 220.6616155840727629, 73.37718356336007730 ) ) ;
#361 = CARTESIAN_POINT ( 'NONE',  ( 618.2139570069329011, 27.49844434948571248, 29.74301627260844683 ) ) ;
#362 = CARTESIAN_POINT ( 'NONE',  ( 1391.840308635210704, 916.4786193430534240, 41.28493991413094477 ) ) ;
#363 = CARTESIAN_POINT ( 'NONE',  ( 1148.265679731878663, 351.1598406299228259, -42.91562062671136601 ) ) ;
#364 = CARTESIAN_POINT ( 'NONE',  ( 1455.061651501428969, 925.5049865477245703, -55.30217580165749069 ) ) ;
#365 = CARTESIAN_POINT ( 'NONE',  ( 1043.146115679642890, 298.7311780202084606, 76.40164795881054260 ) ) ;
#366 = CARTESIAN_POINT ( 'NONE',  ( 560.0000000000000000, 7.122790904880644369, 1.453016360564029386 ) ) ;
#367 = CARTESIAN_POINT ( 'NONE',  ( 579.5042356452194099, -7.434385322584872391, -31.94898641559631258 ) ) ;
#368 = CARTESIAN_POINT ( 'NONE',  ( 1037.898119646976966, 320.0021016405063392, 115.7444132324565800 ) ) ;
#370 = CARTESIAN_POINT ( 'NONE',  ( 942.4307864332272402, 227.0223216230125161, 94.63103289058290102 ) ) ;
#369 = CARTESIAN_POINT ( 'NONE',  ( 1241.473668822119407, 595.4867249004479390, 95.63157149636916188 ) ) ;
#371 = CARTESIAN_POINT ( 'NONE',  ( 676.1513197504774553, 29.76441432203069226, 11.99225267508960258 ) ) ;
#372 = CARTESIAN_POINT ( 'NONE',  ( 1067.495579040311441, 199.9554442659116091, -119.5283743682969373 ) ) ;
#373 = CARTESIAN_POINT ( 'NONE',  ( 840.1751503419117171, 144.0201726452252160, 85.73847681027554302 ) ) ;
#374 = CARTESIAN_POINT ( 'NONE',  ( 579.5120665912909317, -8.488246678769666431, -39.47492067184719389 ) ) ;
#375 = CARTESIAN_POINT ( 'NONE',  ( 894.4029727630635307, 169.2319715913177447, 73.66018855643550012 ) ) ;
#376 = CARTESIAN_POINT ( 'NONE',  ( 1249.966758251801366, 419.2935234929715307, -105.8072637752965903 ) ) ;
#377 = CARTESIAN_POINT ( 'NONE',  ( 997.2460653957101613, 243.4441645049309386, 59.66692555091765371 ) ) ;
#378 = CARTESIAN_POINT ( 'NONE',  ( 676.9950501958311406, 9.436366732755475439, -57.12576864751009964 ) ) ;
#379 = CARTESIAN_POINT ( 'NONE',  ( 1373.492215576877015, 836.7418619451327686, 11.89598158270625383 ) ) ;
#380 = CARTESIAN_POINT ( 'NONE',  ( 1197.127403457559467, 556.4776137404808196, 110.4853789188072000 ) ) ;
#381 = CARTESIAN_POINT ( 'NONE',  ( 1005.217006603459595, 206.2573003356432650, -13.44527491270702413 ) ) ;
#382 = CARTESIAN_POINT ( 'NONE',  ( 1192.592180430422104, 568.2594936235677778, 134.3105423102846885 ) ) ;
#383 = CARTESIAN_POINT ( 'NONE',  ( 559.9999999999994316, 7.348315657134073753, 30.57905658102160373 ) ) ;
#384 = CARTESIAN_POINT ( 'NONE',  ( 893.8406674826234166, 172.9162339826672508, 81.14106656133533590 ) ) ;
#385 = CARTESIAN_POINT ( 'NONE',  ( 1038.733593708505168, 316.6169477405826456, 109.7847849779582532 ) ) ;
#386 = CARTESIAN_POINT ( 'NONE',  ( 1278.358076530246308, 778.6512342178310746, 147.1299098697673742 ) ) ;
#387 = CARTESIAN_POINT ( 'NONE',  ( 904.3155027162787292, 104.1452234811715698, -85.46244230641430306 ) ) ;
#388 = CARTESIAN_POINT ( 'NONE',  ( 952.4094324096880655, 172.5335545009770328, 1.251011750207135398 ) ) ;
#389 = CARTESIAN_POINT ( 'NONE',  ( 1080.640741572937031, 378.0468801950214015, 127.1676453779610227 ) ) ;
#390 = CARTESIAN_POINT ( 'NONE',  ( 1279.483316596629038, 648.6783125789675069, 45.50143945431486259 ) ) ;
#391 = CARTESIAN_POINT ( 'NONE',  ( 1216.831146396487384, 334.0586689707312757, -131.1570827118835894 ) ) ;
#392 = CARTESIAN_POINT ( 'NONE',  ( 1436.845787390168198, 916.9247715508888632, -43.62806572925637028 ) ) ;
#393 = CARTESIAN_POINT ( 'NONE',  ( 1197.127403457559467, 556.4776137404808196, 110.4853789188072000 ) ) ;
#394 = CARTESIAN_POINT ( 'NONE',  ( 787.0477107966298718, 102.9560103989537510, 45.62820694659176723 ) ) ;
#395 = CARTESIAN_POINT ( 'NONE',  ( 961.2118391045011094, 124.3667918454353156, -106.1565682595450113 ) ) ;
#396 = CARTESIAN_POINT ( 'NONE',  ( 844.0713028880122692, 112.3827823641885573, 25.77074448004282203 ) ) ;
#397 = CARTESIAN_POINT ( 'NONE',  ( 1390.498751043865923, 807.7089206334899245, -27.91183356271454841 ) ) ;
#398 = CARTESIAN_POINT ( 'NONE',  ( 1407.390163055495577, 656.2011085855239116, -117.4559697623161867 ) ) ;
#399 = CARTESIAN_POINT ( 'NONE',  ( 1087.231939343835165, 354.4974273663300437, 86.31834565073533838 ) ) ;
#400 = CARTESIAN_POINT ( 'NONE',  ( 1427.602926319351809, 966.0560130637107932, 0.3984376905030670435 ) ) ;
#401 = CARTESIAN_POINT ( 'NONE',  ( 734.2901406445846533, 35.78558513454371592, -30.71659768121728007 ) ) ;
#402 = CARTESIAN_POINT ( 'NONE',  ( 904.5555429052815271, 102.6392708407890666, -71.80450965780318029 ) ) ;
#403 = CARTESIAN_POINT ( 'NONE',  ( 559.9999999999998863, 8.290826266190332916, 33.22795603576967949 ) ) ;
#405 = CARTESIAN_POINT ( 'NONE',  ( 675.2758419689440643, 50.48759143514288894, 52.87739904635491683 ) ) ;
#404 = CARTESIAN_POINT ( 'NONE',  ( 1392.347783857100922, 984.5178845665701601, 62.95512757382819302 ) ) ;
#406 = CARTESIAN_POINT ( 'NONE',  ( 1049.106154340637431, 274.5680602060813840, 31.59244717279247183 ) ) ;
#407 = CARTESIAN_POINT ( 'NONE',  ( 1466.041213525931880, 909.2903768804080755, -80.25121842314347020 ) ) ;
#408 = CARTESIAN_POINT ( 'NONE',  ( 1154.958598643872847, 511.3279980931606588, 151.3479127170630534 ) ) ;
#409 = CARTESIAN_POINT ( 'NONE',  ( 1220.576674531981325, 323.3192090933114855, -150.1594784156742435 ) ) ;
#410 = CARTESIAN_POINT ( 'NONE',  ( 1085.226128953696161, 361.6644304088421791, 99.03511365814350143 ) ) ;
#411 = CARTESIAN_POINT ( 'NONE',  ( 989.7155691591407276, 278.5469571160527948, 114.3146247782578939 ) ) ;
#412 = CARTESIAN_POINT ( 'NONE',  ( 847.0785671989348202, 87.79414807075804106, -59.53230732375437384 ) ) ;
#413 = CARTESIAN_POINT ( 'NONE',  ( 1396.997291536002194, 977.4552138128863135, 53.09530807857807844 ) ) ;
#414 = CARTESIAN_POINT ( 'NONE',  ( 849.4945513619765052, 68.20144399759463738, -86.24052576259545333 ) ) ;
#415 = CARTESIAN_POINT ( 'NONE',  ( 1289.314730978796661, 627.3587618820741909, 12.97636460335888842 ) ) ;
#416 = PERSON ( 'UNSPECIFIED', 'UNSPECIFIED', 'UNSPECIFIED', ('UNSPECIFIED'), ('UNSPECIFIED'), ('UNSPECIFIED') ) ;
#417 = CARTESIAN_POINT ( 'NONE',  ( 1258.074838669920155, 695.1098159446300997, 122.5273225189846755 ) ) ;
#418 = CARTESIAN_POINT ( 'NONE',  ( 579.4523919539149119, -0.2940965696345418934, -4.425102949837262933 ) ) ;
#419 = CARTESIAN_POINT ( 'NONE',  ( 675.2811077461361720, 50.35368198439916654, 51.70824894716924547 ) ) ;
#420 = CARTESIAN_POINT ( 'NONE',  ( 1162.970008273734265, 488.3834653336373890, 123.8716549597207432 ) ) ;
#421 = CARTESIAN_POINT ( 'NONE',  ( 675.5127902920368115, 44.93876609672339129, 51.46124061977285891 ) ) ;
#422 = CARTESIAN_POINT ( 'NONE',  ( 1079.341003768379096, 382.6665367847278958, 117.8414512007395558 ) ) ;
#423 = CARTESIAN_POINT ( 'NONE',  ( 1215.631977358697895, 337.4717644626974220, -137.8532384703458433 ) ) ;
#424 = CARTESIAN_POINT ( 'NONE',  ( 1100.549390836006069, 306.9035770889227024, 1.061457714605055225 ) ) ;
#425 = CARTESIAN_POINT ( 'NONE',  ( 1193.944415319039308, 564.7696781203673027, 149.1575343650901004 ) ) ;
#426 = CARTESIAN_POINT ( 'NONE',  ( 1042.469722308516339, 301.4024389445494307, 48.36489469023538135 ) ) ;
#427 = CARTESIAN_POINT ( 'NONE',  ( 1014.699526638022576, 162.0036720582080818, -100.9374049422040400 ) ) ;
#428 = CARTESIAN_POINT ( 'NONE',  ( 1407.892232375545746, 778.0167016057454248, -67.05585575815673849 ) ) ;
#429 = CARTESIAN_POINT ( 'NONE',  ( 1080.735673445528846, 377.6734173631706994, 104.6894922210435510 ) ) ;
#430 = CARTESIAN_POINT ( 'NONE',  ( 893.5289426723122688, 174.8759576718802577, 57.13444159759757923 ) ) ;
#431 = CARTESIAN_POINT ( 'NONE',  ( 961.0126009913032021, 125.4506448168133943, -105.5499395597437058 ) ) ;
#432 = CARTESIAN_POINT ( 'NONE',  ( 1218.417357046786947, 501.2379513800318023, 46.38249273456540323 ) ) ;
#433 = CARTESIAN_POINT ( 'NONE',  ( 1306.216867075612072, 590.7090638994920937, -40.31226447059171392 ) ) ;
#434 = CARTESIAN_POINT ( 'NONE',  ( 1115.179321889949279, 254.6093454089426871, -92.73057267197228271 ) ) ;
#435 = CARTESIAN_POINT ( 'NONE',  ( 791.1328717490168856, 59.71699276751773766, -57.31360180784158587 ) ) ;
#436 = CARTESIAN_POINT ( 'NONE',  ( 560.0000000000000000, 0.9597304153073683564, 12.65539144464939092 ) ) ;
#437 = CARTESIAN_POINT ( 'NONE',  ( 1394.256217426949888, 981.6193471289744821, 43.87944509580259478 ) ) ;
#438 = CARTESIAN_POINT ( 'NONE',  ( 1390.365621002781381, 687.5407216311100456, -72.91434241835411001 ) ) ;
#439 = CARTESIAN_POINT ( 'NONE',  ( 1409.403003076152345, 652.4950910548800493, -122.6780263684516115 ) ) ;
#440 = CARTESIAN_POINT ( 'NONE',  ( 579.3507991272795152, 13.80292695009414317, 37.52105154131429288 ) ) ;
#441 = CARTESIAN_POINT ( 'NONE',  ( 675.8138932963204297, 37.79979377137879482, 33.71950543255260158 ) ) ;
#442 = CARTESIAN_POINT ( 'NONE',  ( 1243.880391303862780, 435.1302416334767145, -60.06427067771777217 ) ) ;
#443 = CARTESIAN_POINT ( 'NONE',  ( 1095.478335462810037, 325.0281704444481647, 33.81022099417756976 ) ) ;
#444 = CARTESIAN_POINT ( 'NONE',  ( 1013.469270179877981, 167.6977716562300884, -104.5872614837220311 ) ) ;
#445 = CARTESIAN_POINT ( 'NONE',  ( 1429.889258171148867, 740.4784643255068204, -100.1288205126101900 ) ) ;
#446 = CARTESIAN_POINT ( 'NONE',  ( 1370.302473128297379, 1018.005224720178717, 102.2629016856917588 ) ) ;
#447 = CARTESIAN_POINT ( 'NONE',  ( 1468.052156501693844, 906.3206176730283232, -81.39616258261153803 ) ) ;
#448 = CARTESIAN_POINT ( 'NONE',  ( 1084.884730146778566, 362.8842219717321314, 101.1587567040753157 ) ) ;
#449 = CARTESIAN_POINT ( 'NONE',  ( 1188.436565196608399, 579.0574432614672560, 156.8943069756830937 ) ) ;
#450 = CARTESIAN_POINT ( 'NONE',  ( 790.8876955813594805, 62.30413113918464063, -52.83347502535863072 ) ) ;
#451 = CARTESIAN_POINT ( 'NONE',  ( 1171.671756959424329, 463.4542657143742304, 82.86531154398058163 ) ) ;
#452 = CARTESIAN_POINT ( 'NONE',  ( 1068.998295322236800, 193.8713045950915159, -125.7292671300743478 ) ) ;
#453 = CARTESIAN_POINT ( 'NONE',  ( 1216.562859427977628, 506.0065193583758401, 22.32931364555100018 ) ) ;
#454 = CARTESIAN_POINT ( 'NONE',  ( 1228.589305497561099, 625.9569865000219124, 119.4785833234037113 ) ) ;
#455 = CARTESIAN_POINT ( 'NONE',  ( 676.4605456640474586, 22.36866244262247250, -9.964961309210188745 ) ) ;
#456 = CARTESIAN_POINT ( 'NONE',  ( 1388.200219407895020, 1024.245903605712556, 72.87184187567400784 ) ) ;
#457 = CARTESIAN_POINT ( 'NONE',  ( 1286.913096313683809, 761.5916584502672322, 140.1594028131453911 ) ) ;
#458 = CARTESIAN_POINT ( 'NONE',  ( 993.1175451671340397, 262.6965604503475333, 95.96842360806716954 ) ) ;
#459 = CARTESIAN_POINT ( 'NONE',  ( 1328.362299676038219, 913.8062799684372521, 147.5683338248148289 ) ) ;
#460 = CARTESIAN_POINT ( 'NONE',  ( 1325.953538340180785, 917.9087164452125762, 135.8199048670064997 ) ) ;
#461 = CARTESIAN_POINT ( 'NONE',  ( 1116.888789242430903, 248.4590653766266541, -118.4770046517404154 ) ) ;
#462 = CARTESIAN_POINT ( 'NONE',  ( 618.5635256366733756, 7.732031190879900429, -2.206003318648473766 ) ) ;
#463 = CARTESIAN_POINT ( 'NONE',  ( 579.3477437965731269, 14.22885721811124604, 38.22139812664016034 ) ) ;
#464 = CARTESIAN_POINT ( 'NONE',  ( 1361.010169003106512, 858.0516687837541667, 42.20529140784623223 ) ) ;
#465 = CARTESIAN_POINT ( 'NONE',  ( 1464.671736316164015, 874.6560320774032107, -89.00566129393931192 ) ) ;
#466 = CARTESIAN_POINT ( 'NONE',  ( 1004.695473901153377, 208.5990859244620879, -41.55492249192091236 ) ) ;
#467 = CARTESIAN_POINT ( 'NONE',  ( 1331.198676292877963, 908.9517949775806755, 120.3199688059242476 ) ) ;
#468 = CARTESIAN_POINT ( 'NONE',  ( 1461.163692858806371, 807.4732979321231596, -119.3890763651313449 ) ) ;
#469 = CARTESIAN_POINT ( 'NONE',  ( 1267.722524139696361, 373.2183162715411981, -160.7741862248658435 ) ) ;
#470 = CARTESIAN_POINT ( 'NONE',  ( 1289.457251870689333, 627.0811971540832701, 42.10686960340539997 ) ) ;
#471 = CARTESIAN_POINT ( 'NONE',  ( 1399.139145906923886, 792.9588129520062694, -47.58350612560528248 ) ) ;
#472 = CARTESIAN_POINT ( 'NONE',  ( 1374.878390723116354, 586.0513851084534735, -119.2468046387742362 ) ) ;
#473 = CARTESIAN_POINT ( 'NONE',  ( 1010.715724036625602, 180.5299490330374965, -86.71867673554972100 ) ) ;
#474 = DATE_AND_TIME ( #988, #1770 ) ;
#475 = CARTESIAN_POINT ( 'NONE',  ( 1127.614198656314102, 416.9551457961962910, 70.99248370735112701 ) ) ;
#476 = CARTESIAN_POINT ( 'NONE',  ( 1010.758715659627569, 180.3964849031158622, -64.71109635853767372 ) ) ;
#477 = CARTESIAN_POINT ( 'NONE',  ( 1213.275584644630726, 344.2465208911324339, -114.7097074400401340 ) ) ;
#478 = CARTESIAN_POINT ( 'NONE',  ( 1194.778109519219470, 562.6058011404545596, 146.5103995004295427 ) ) ;
#479 = CARTESIAN_POINT ( 'NONE',  ( 579.3947246932148119, 7.690866151195066891, 21.44126576358595671 ) ) ;
#480 = CARTESIAN_POINT ( 'NONE',  ( 1364.813299855348532, 606.1184138863787894, -108.8139746324368389 ) ) ;
#481 = CARTESIAN_POINT ( 'NONE',  ( 1382.919015966065217, 701.2491815940295510, -53.25713695518083313 ) ) ;
#482 = CARTESIAN_POINT ( 'NONE',  ( 733.2109243449118594, 51.86152337035127857, 13.81401684614736425 ) ) ;
#483 = CARTESIAN_POINT ( 'NONE',  ( 1261.747363140838843, 388.7202235634372300, -144.7947912043828751 ) ) ;
#484 = CARTESIAN_POINT ( 'NONE',  ( 1342.261948263744443, 994.4329472403485397, 140.6453228765332142 ) ) ;
#485 = CARTESIAN_POINT ( 'NONE',  ( 1353.886957430998336, 487.3678764534332117, -168.3144708217314758 ) ) ;
#486 = CARTESIAN_POINT ( 'NONE',  ( 1263.555112066872198, 683.2466127948957819, 127.9544857159556415 ) ) ;
#487 = CARTESIAN_POINT ( 'NONE',  ( 618.1985677954605762, 28.70396543832953284, 48.95801093995768838 ) ) ;
#488 = CARTESIAN_POINT ( 'NONE',  ( 618.5650330602118174, 6.958908551239866291, -34.17481758137975589 ) ) ;
#489 = CARTESIAN_POINT ( 'NONE',  ( 1377.528741928053705, 938.9820812431561308, 72.92813375002504017 ) ) ;
#490 = CARTESIAN_POINT ( 'NONE',  ( 1069.094247834692624, 193.4837291102486461, -125.8664439541696538 ) ) ;
#491 = CARTESIAN_POINT ( 'NONE',  ( 1258.445769537191381, 555.2801396102337321, 2.203008836461938902 ) ) ;
#492 = CARTESIAN_POINT ( 'NONE',  ( 579.3273169978391479, 17.13741548963940886, 29.80290515331950374 ) ) ;
#493 = CARTESIAN_POINT ( 'NONE',  ( 560.0000000000006821, -5.074785461059917679, -8.637370338033393935 ) ) ;
#494 = CARTESIAN_POINT ( 'NONE',  ( 990.4047866899323935, 275.3187454156868057, 103.3709822996259788 ) ) ;
#495 = CARTESIAN_POINT ( 'NONE',  ( 560.0000000000002274, 6.687223267033518326, 28.88651602109756311 ) ) ;
#496 = CARTESIAN_POINT ( 'NONE',  ( 1255.343950626025389, 701.0516404491449975, 156.4881205234060815 ) ) ;
#497 = CARTESIAN_POINT ( 'NONE',  ( 1260.394506933810135, 392.2310084612462902, -140.6011410444968135 ) ) ;
#498 = CARTESIAN_POINT ( 'NONE',  ( 1146.402172912635706, 357.1534691011588052, -2.049069044489418623 ) ) ;
#499 = CARTESIAN_POINT ( 'NONE',  ( 579.3440687570026739, 14.86645639516136441, 13.95773786705013997 ) ) ;
#500 = CARTESIAN_POINT ( 'NONE',  ( 792.4760315153665715, 45.61779426109464453, -69.11775121409959866 ) ) ;
#501 = CARTESIAN_POINT ( 'NONE',  ( 1443.012454955640351, 943.2992317424576640, -40.52457064776120887 ) ) ;
#502 = CARTESIAN_POINT ( 'NONE',  ( 618.2001813662291170, 28.41244891640631209, 37.93568212632661840 ) ) ;
#503 = CARTESIAN_POINT ( 'NONE',  ( 579.4653258015948722, -1.943088048979083826, -33.10974625680336203 ) ) ;
#504 = CARTESIAN_POINT ( 'NONE',  ( 1471.167142958257728, 864.7893424331493861, -103.8673209097533601 ) ) ;
#505 = CARTESIAN_POINT ( 'NONE',  ( 560.0000000000000000, -1.218860960379320124, 5.363234160475703227 ) ) ;
#506 = CARTESIAN_POINT ( 'NONE',  ( 1051.594091681113014, 264.3971795413433483, -21.84079596328491135 ) ) ;
#507 = CARTESIAN_POINT ( 'NONE',  ( 1378.573195421000037, 578.6804423792606258, -129.8496400440442926 ) ) ;
#508 = CARTESIAN_POINT ( 'NONE',  ( 1298.262644508690755, 461.0545513628377421, -129.6239695621554233 ) ) ;
#509 = CARTESIAN_POINT ( 'NONE',  ( 1236.132307024002785, 608.0979281247841755, 87.43226506750443150 ) ) ;
#510 = CARTESIAN_POINT ( 'NONE',  ( 1010.362998402026847, 182.2432993124250800, -61.05546765862438008 ) ) ;
#511 = CARTESIAN_POINT ( 'NONE',  ( 1012.740210816538251, 171.1484748131508127, -82.97715943380447357 ) ) ;
#512 = CARTESIAN_POINT ( 'NONE',  ( 1351.280569327342391, 980.2556599212490482, 131.8273537681527614 ) ) ;
#513 = CARTESIAN_POINT ( 'NONE',  ( 843.1850481568764053, 119.5873294154485080, 42.01945785376550191 ) ) ;
#514 = CARTESIAN_POINT ( 'NONE',  ( 579.4731312402873300, -3.155865784486124426, -14.87016221627400547 ) ) ;
#515 = CARTESIAN_POINT ( 'NONE',  ( 1292.177232482930094, 621.1831086182883155, 33.05632748435678536 ) ) ;
#516 = CARTESIAN_POINT ( 'NONE',  ( 1465.398720709335066, 800.8152751603408888, -126.9297897826094612 ) ) ;
#517 = CARTESIAN_POINT ( 'NONE',  ( 1370.159514780871405, 1018.222402928644215, 101.9990065207299210 ) ) ;
#518 = CARTESIAN_POINT ( 'NONE',  ( 1474.020398038108624, 787.2634130659856737, -137.9386333027733258 ) ) ;
#519 = CARTESIAN_POINT ( 'NONE',  ( 945.5185347031136871, 210.1891647906089702, 77.86893482387053211 ) ) ;
#520 = CARTESIAN_POINT ( 'NONE',  ( 1319.034088396682137, 929.7251361398133440, 155.6674065190602505 ) ) ;
#521 = CARTESIAN_POINT ( 'NONE',  ( 1381.619075114248517, 932.5504384963059010, 63.88950400383526329 ) ) ;
#522 = CARTESIAN_POINT ( 'NONE',  ( 579.5036208696939184, -7.286620891755441143, -40.86391191304257831 ) ) ;
#523 = CARTESIAN_POINT ( 'NONE',  ( 999.6314257722308412, 232.2216277267396549, 1.586819591095316229 ) ) ;
#524 = CARTESIAN_POINT ( 'NONE',  ( 943.2647939599788742, 222.4443693570439393, 78.75750106176369059 ) ) ;
#525 = CARTESIAN_POINT ( 'NONE',  ( 1311.873690534530624, 578.4728449985792622, -31.92926269202348877 ) ) ;
#526 = CARTESIAN_POINT ( 'NONE',  ( 1251.617205721030587, 709.1186329656721909, 148.8546364109555498 ) ) ;
#527 = CARTESIAN_POINT ( 'NONE',  ( 675.5954926294849656, 42.97974771667419702, 46.24952659294074664 ) ) ;
#528 = CARTESIAN_POINT ( 'NONE',  ( 787.2229111020793653, 101.2205950366378744, 69.15844928733864094 ) ) ;
#529 = CARTESIAN_POINT ( 'NONE',  ( 734.2734915574040997, 35.86449235902800581, -54.01439067026313268 ) ) ;
#530 = CARTESIAN_POINT ( 'NONE',  ( 1430.183435199680162, 962.2451193191197945, -4.886626848008113200 ) ) ;
#531 = CARTESIAN_POINT ( 'NONE',  ( 1336.085870444114562, 787.4467545026575408, 45.08449970393027684 ) ) ;
#532 = CARTESIAN_POINT ( 'NONE',  ( 1467.984919557327657, 869.6234198823437964, -95.85783125051557363 ) ) ;
#533 = CARTESIAN_POINT ( 'NONE',  ( 1196.688953278697682, 391.7283094514856998, -63.99594528618411715 ) ) ;
#534 = CARTESIAN_POINT ( 'NONE',  ( 1379.487435210555077, 1004.053303123267256, 77.96850860531293392 ) ) ;
#535 = CARTESIAN_POINT ( 'NONE',  ( 1437.206014683342346, 727.9786986955249404, -128.9765352931680980 ) ) ;
#536 = CARTESIAN_POINT ( 'NONE',  ( 1118.909181365430641, 444.7115108761983606, 131.3712214678193959 ) ) ;
#537 = CARTESIAN_POINT ( 'NONE',  ( 849.3302918123780501, 69.52735550139165355, -85.86541044588199156 ) ) ;
#538 = CARTESIAN_POINT ( 'NONE',  ( 1397.968186021410247, 906.8432074391355400, 27.71503757620561359 ) ) ;
#539 = CARTESIAN_POINT ( 'NONE',  ( 675.9628558735779507, 33.88176084725611759, -13.45829240842822294 ) ) ;
#540 = CARTESIAN_POINT ( 'NONE',  ( 1258.618978695761371, 396.8651338060961393, -120.5103024832543497 ) ) ;
#541 = CARTESIAN_POINT ( 'NONE',  ( 1434.828713447451946, 732.0365102482467137, -124.2148890246220390 ) ) ;
#542 = CARTESIAN_POINT ( 'NONE',  ( 1086.109612482245666, 358.4482541487940921, 62.19115557020216301 ) ) ;
#543 = CARTESIAN_POINT ( 'NONE',  ( 676.7792493337763062, 14.72014136638768100, -33.87175665217404230 ) ) ;
#544 = CARTESIAN_POINT ( 'NONE',  ( 1443.679240023380999, 716.9367544861160013, -132.7204140291750321 ) ) ;
#545 = CARTESIAN_POINT ( 'NONE',  ( 944.1883201644001247, 217.4544978377170139, 92.65674974335409786 ) ) ;
#546 = CARTESIAN_POINT ( 'NONE',  ( 618.4250703274232137, 15.79563659479523885, 22.81317569216238539 ) ) ;
#547 = CARTESIAN_POINT ( 'NONE',  ( 1250.003899421661799, 419.2318714202241381, -85.31289806844996804 ) ) ;
#548 = CARTESIAN_POINT ( 'NONE',  ( 560.0000000000000000, -2.330204644357003474, 1.485421177585301233 ) ) ;
#549 = CARTESIAN_POINT ( 'NONE',  ( 904.4592809339475252, 103.2043217754660418, -86.72333567721236136 ) ) ;
#550 = CARTESIAN_POINT ( 'NONE',  ( 559.9999999999998863, 10.42851923094765709, 16.11025353204519561 ) ) ;
#551 = CARTESIAN_POINT ( 'NONE',  ( 1249.148728809539080, 714.4811566012742787, 168.0654564180515820 ) ) ;
#552 = CARTESIAN_POINT ( 'NONE',  ( 1312.061871874867620, 428.4131810685450432, -163.9833806892022778 ) ) ;
#553 = CARTESIAN_POINT ( 'NONE',  ( 1085.895670509871479, 359.2721588784393134, 94.79903943960053425 ) ) ;
#554 = CARTESIAN_POINT ( 'NONE',  ( 892.0173258673092960, 184.8468996341193247, 94.93460628620026398 ) ) ;
#555 = CARTESIAN_POINT ( 'NONE',  ( 1277.448701949948145, 653.1204307527939363, 81.87055819386543476 ) ) ;
#556 = CARTESIAN_POINT ( 'NONE',  ( 905.6868178474661590, 95.17215886586787121, -96.12534779584507305 ) ) ;
#557 = CARTESIAN_POINT ( 'NONE',  ( 842.4767944574333569, 125.2005292005180195, 17.71149711326372511 ) ) ;
#558 = CARTESIAN_POINT ( 'NONE',  ( 1386.973334349478819, 693.7855590000106076, -63.97804835713375127 ) ) ;
#559 = CARTESIAN_POINT ( 'NONE',  ( 1157.165014215896917, 504.9964766066039488, 133.1194892447990128 ) ) ;
#560 = CARTESIAN_POINT ( 'NONE',  ( 1231.435713774557371, 619.2431194318485268, 132.6135121267891464 ) ) ;
#561 = CARTESIAN_POINT ( 'NONE',  ( 893.4777518533722969, 175.2932377924092862, 86.73787596423741775 ) ) ;
#562 = CARTESIAN_POINT ( 'NONE',  ( 560.0000000000001137, -4.851412978701638679, -29.67014095668226759 ) ) ;
#563 = CARTESIAN_POINT ( 'NONE',  ( 1145.851604332503030, 358.9074433949162994, 0.9903868338543122540 ) ) ;
#564 = CARTESIAN_POINT ( 'NONE',  ( 1464.799442253802908, 911.1242238434025467, -74.69873093949131260 ) ) ;
#565 = CARTESIAN_POINT ( 'NONE',  ( 1002.960888530228090, 216.6893181699747970, -27.29843167180611729 ) ) ;
#566 = CARTESIAN_POINT ( 'NONE',  ( 991.4569491857364483, 270.3948875580803133, 87.97655610867975895 ) ) ;
#567 = CARTESIAN_POINT ( 'NONE',  ( 1391.524775179146445, 1019.336201922920395, 64.66220829054068986 ) ) ;
#568 = CARTESIAN_POINT ( 'NONE',  ( 1311.050522276931360, 430.7999983753436481, -164.6534271895201016 ) ) ;
#569 = CARTESIAN_POINT ( 'NONE',  ( 676.2564557052901364, 27.25272699425157796, 4.688994432600014584 ) ) ;
#570 = CARTESIAN_POINT ( 'NONE',  ( 1096.430144845656059, 321.5524756909749726, -6.680499145382118087 ) ) ;
#571 = CARTESIAN_POINT ( 'NONE',  ( 1380.577078229594008, 574.6798533092637626, -135.6130871291815652 ) ) ;
#572 = CARTESIAN_POINT ( 'NONE',  ( 559.9999999999998863, -3.722806396798486794, -27.47921547003282683 ) ) ;
#573 = CARTESIAN_POINT ( 'NONE',  ( 944.7305306043689370, 214.4127122278232775, 55.91598181713339244 ) ) ;
#574 = CARTESIAN_POINT ( 'NONE',  ( 579.4880243082693596, -5.207653494727575882, -22.72925291605668718 ) ) ;
#575 = CARTESIAN_POINT ( 'NONE',  ( 1382.143023225605930, 571.5575492958583936, -140.0945703706781558 ) ) ;
#576 = CARTESIAN_POINT ( 'NONE',  ( 1228.239078305579142, 626.8091001163716101, 145.7703190571064624 ) ) ;
#577 = CARTESIAN_POINT ( 'NONE',  ( 618.4344595337759074, 15.25299468784105805, 21.26190097529589806 ) ) ;
#578 = CARTESIAN_POINT ( 'NONE',  ( 1328.417747802412123, 542.5984242169552090, -85.85112901681604569 ) ) ;
#579 = CARTESIAN_POINT ( 'NONE',  ( 1419.778402330447079, 977.6112647239806392, 16.44232264067470339 ) ) ;
#580 = CARTESIAN_POINT ( 'NONE',  ( 1167.053549003517674, 291.3320245592339006, -128.3312850911713952 ) ) ;
#581 = CARTESIAN_POINT ( 'NONE',  ( 1298.370641983427959, 738.7048919264656206, 79.15505694497842626 ) ) ;
#582 = CARTESIAN_POINT ( 'NONE',  ( 1222.358933525768407, 640.7222201147855003, 161.8056318432367107 ) ) ;
#583 = CARTESIAN_POINT ( 'NONE',  ( 1427.189847239612391, 619.7491507214846251, -170.5898694956280224 ) ) ;
#584 = CARTESIAN_POINT ( 'NONE',  ( 1197.745820455818375, 554.9013432696856398, 132.6241082731510801 ) ) ;
#585 = CARTESIAN_POINT ( 'NONE',  ( 1202.077266392230058, 543.6574305276790255, 114.8238738778133410 ) ) ;
#586 = CARTESIAN_POINT ( 'NONE',  ( 618.2039905593369440, 28.40550331208045520, 49.27624035343222886 ) ) ;
#587 = CARTESIAN_POINT ( 'NONE',  ( 1211.154245836667769, 520.0937016303945484, 76.82083037243813806 ) ) ;
#588 = CARTESIAN_POINT ( 'NONE',  ( 1267.802753946688426, 373.0109269944742891, -160.7296065662558533 ) ) ;
#589 = CARTESIAN_POINT ( 'NONE',  ( 1045.245264321814602, 290.1425098828513569, 25.50487417187145667 ) ) ;
#590 = CARTESIAN_POINT ( 'NONE',  ( 1281.368937742365461, 501.0625345536974464, -52.07695821673559067 ) ) ;
#591 = CARTESIAN_POINT ( 'NONE',  ( 990.0168983961424374, 277.1331739149777604, 108.3571963556775444 ) ) ;
#592 = CARTESIAN_POINT ( 'NONE',  ( 1464.799442253802908, 911.1242238434025467, -74.69873093949131260 ) ) ;
#593 = CARTESIAN_POINT ( 'NONE',  ( 894.6344066707365528, 167.7158812105102754, 70.65841601335463906 ) ) ;
#594 = CARTESIAN_POINT ( 'NONE',  ( 1281.495627821986545, 772.4030973836728435, 157.9940931860131741 ) ) ;
#595 = CARTESIAN_POINT ( 'NONE',  ( 1256.929103246138311, 401.2237843323850939, -129.4383410032689596 ) ) ;
#596 = CARTESIAN_POINT ( 'NONE',  ( 1231.718904524703021, 466.7044672293153553, -9.445671875223334624 ) ) ;
#597 = CARTESIAN_POINT ( 'NONE',  ( 1468.903134081823055, 795.3097616521614555, -126.6352387867558349 ) ) ;
#598 = COORDINATED_UNIVERSAL_TIME_OFFSET ( 5, 30, .AHEAD. ) ;
#599 = CARTESIAN_POINT ( 'NONE',  ( 1373.085964413824058, 719.3333216701216770, -50.63679805480069973 ) ) ;
#600 = CARTESIAN_POINT ( 'NONE',  ( 1351.584165378740181, 979.7710590331328149, 114.3369438714876480 ) ) ;
#601 = CARTESIAN_POINT ( 'NONE',  ( 1331.198676292877963, 908.9517949775806755, 120.3199688059242476 ) ) ;
#602 = CARTESIAN_POINT ( 'NONE',  ( 1067.993039029708143, 197.9404110237713326, -121.8646160160411540 ) ) ;
#603 = CARTESIAN_POINT ( 'NONE',  ( 899.1681287208602953, 137.9926681724437003, 7.316196818507012978 ) ) ;
#604 = CARTESIAN_POINT ( 'NONE',  ( 1264.300235914183531, 541.4240386072167439, -18.61699419403746703 ) ) ;
#605 = CARTESIAN_POINT ( 'NONE',  ( 1440.556254921658592, 722.2674604786278678, -125.3787092126114828 ) ) ;
#606 = CARTESIAN_POINT ( 'NONE',  ( 1111.710815091363884, 266.9532352321694475, -93.20904042489021890 ) ) ;
#607 = CARTESIAN_POINT ( 'NONE',  ( 675.3643012368548852, 48.25842212038260470, 34.56671881953389658 ) ) ;
#608 = CARTESIAN_POINT ( 'NONE',  ( 957.6653911768212311, 143.7956799164279573, -59.09830876969458302 ) ) ;
#609 = CARTESIAN_POINT ( 'NONE',  ( 1117.198952553304935, 247.3891210139348118, -105.6008242456734081 ) ) ;
#610 = CARTESIAN_POINT ( 'NONE',  ( 579.3558218182583914, 13.10220986995752490, 35.92947600977957734 ) ) ;
#611 = CARTESIAN_POINT ( 'NONE',  ( 1408.085824790970037, 994.8788552147849487, 40.45743394977446172 ) ) ;
#612 = CARTESIAN_POINT ( 'NONE',  ( 1058.256993912408689, 237.3882033505015272, -66.66479666517120961 ) ) ;
#613 = CARTESIAN_POINT ( 'NONE',  ( 1445.422882875822552, 939.7395134431540100, -35.89103237868945229 ) ) ;
#614 = CARTESIAN_POINT ( 'NONE',  ( 1366.290520996838950, 956.6531706669776440, 97.79426833458651913 ) ) ;
#615 = CARTESIAN_POINT ( 'NONE',  ( 733.4220754025900533, 48.71943321985807529, 5.361280887550585739 ) ) ;
#616 = CARTESIAN_POINT ( 'NONE',  ( 734.4721961058947954, 32.92540398813661540, -58.64842052986214327 ) ) ;
#617 = CARTESIAN_POINT ( 'NONE',  ( 1373.801370523542118, 944.8337264609009480, 60.39546462739181010 ) ) ;
#618 = CARTESIAN_POINT ( 'NONE',  ( 1386.862119810126160, 1026.222008173946733, 81.65874403077712884 ) ) ;
#619 = CARTESIAN_POINT ( 'NONE',  ( 944.3058804917390034, 216.8124018182533064, 91.05815456307533395 ) ) ;
#620 = CARTESIAN_POINT ( 'NONE',  ( 734.9486863328256732, 25.88774470545797968, -66.78162681070722329 ) ) ;
#621 = CARTESIAN_POINT ( 'NONE',  ( 1293.473588949081204, 748.5000974419581325, 120.9376289588999640 ) ) ;
#622 = CARTESIAN_POINT ( 'NONE',  ( 989.7508556378496678, 278.3837146262031297, 114.7803823178450529 ) ) ;
#623 = CARTESIAN_POINT ( 'NONE',  ( 1247.167778209651033, 582.0103664432257347, 74.52611057339652234 ) ) ;
#624 = CARTESIAN_POINT ( 'NONE',  ( 849.3302918123780501, 69.52735550139165355, -85.86541044588199156 ) ) ;
#625 = CARTESIAN_POINT ( 'NONE',  ( 1408.078008447685761, 960.6237817560825079, 14.11289845869796977 ) ) ;
#626 = CARTESIAN_POINT ( 'NONE',  ( 846.7696012164510648, 90.42982405082446462, -26.06553566660172194 ) ) ;
#627 = CARTESIAN_POINT ( 'NONE',  ( 1373.072495084524917, 1013.797626970197598, 93.91528582732998132 ) ) ;
#628 = CARTESIAN_POINT ( 'NONE',  ( 1119.818481702524878, 238.0251739727311246, -122.0825574878428057 ) ) ;
#629 = CARTESIAN_POINT ( 'NONE',  ( 1289.781424236289240, 755.8679090188785494, 131.9001422288407923 ) ) ;
#630 = CARTESIAN_POINT ( 'NONE',  ( 1385.055795897058488, 1028.889586089875138, 82.94403735465644445 ) ) ;
#631 = CARTESIAN_POINT ( 'NONE',  ( 1459.957154984529097, 918.2753103615266355, -70.49234430010868380 ) ) ;
#632 = CARTESIAN_POINT ( 'NONE',  ( 1348.732983883199950, 638.2267009119248087, -43.15285190390840597 ) ) ;
#633 = CARTESIAN_POINT ( 'NONE',  ( 905.5618320077007866, 96.03228168776479379, -86.79009187497950961 ) ) ;
#634 = APPROVAL_ROLE ( '' ) ;
#635 = CARTESIAN_POINT ( 'NONE',  ( 579.3859737592468946, 9.081298848004038859, -6.903709080030096423 ) ) ;
#636 = CARTESIAN_POINT ( 'NONE',  ( 1159.035569734312730, 499.6313331910814668, 120.7812916300933495 ) ) ;
#637 = CARTESIAN_POINT ( 'NONE',  ( 1121.193167965991734, 437.4258222976243928, 114.0187570806604072 ) ) ;
#638 = CARTESIAN_POINT ( 'NONE',  ( 618.7184178220378499, -1.783079249021627843, -48.76919476273464937 ) ) ;
#639 = CARTESIAN_POINT ( 'NONE',  ( 559.9999999999998863, -1.892149686984635260, 3.038468374359613478 ) ) ;
#640 = CARTESIAN_POINT ( 'NONE',  ( 1421.405764341433496, 975.2079776222991541, 0.8544000911277078725 ) ) ;
#641 = CARTESIAN_POINT ( 'NONE',  ( 1460.385904804893016, 917.6421329208747011, -65.94750740290545821 ) ) ;
#642 = CARTESIAN_POINT ( 'NONE',  ( 1425.729366279673968, 747.5685516251854779, -105.4437617435725798 ) ) ;
#643 = CARTESIAN_POINT ( 'NONE',  ( 1318.544497890379034, 819.7419196712955909, 94.50491732708285042 ) ) ;
#644 = CARTESIAN_POINT ( 'NONE',  ( 903.7330460005605346, 108.0385693595425920, -59.64063954528786127 ) ) ;
#645 = CARTESIAN_POINT ( 'NONE',  ( 1462.252620304865559, 878.3311626898868099, -84.06995990410457864 ) ) ;
#646 = CARTESIAN_POINT ( 'NONE',  ( 1331.512972189472293, 908.4271880590004002, 139.8983993562748083 ) ) ;
#647 = CARTESIAN_POINT ( 'NONE',  ( 1334.579393756193440, 790.2387226046270143, 76.04568043479152095 ) ) ;
#648 = CARTESIAN_POINT ( 'NONE',  ( 1445.313254451895773, 939.9014126244154568, -44.73957730697798496 ) ) ;
#649 = CARTESIAN_POINT ( 'NONE',  ( 1419.386307069249142, 758.4084578662227614, -75.06745015531191711 ) ) ;
#650 = CARTESIAN_POINT ( 'NONE',  ( 618.3451970197047558, 20.38742054737499743, 35.11877589002326516 ) ) ;
#651 = CARTESIAN_POINT ( 'NONE',  ( 789.9387521807232133, 72.51106979617583193, 1.213247127030097072 ) ) ;
#652 = CARTESIAN_POINT ( 'NONE',  ( 1204.814552484695696, 536.5125592728198853, 73.70071010517483501 ) ) ;
#653 = CARTESIAN_POINT ( 'NONE',  ( 1385.783290208743665, 1027.815222989345557, 82.53269772148942707 ) ) ;
#654 = CARTESIAN_POINT ( 'NONE',  ( 841.3528304738787256, 134.4710133667878722, 74.18492096420001758 ) ) ;
#655 = CARTESIAN_POINT ( 'NONE',  ( 579.5059099969407725, -7.609243243381849986, -40.87992787815218065 ) ) ;
#656 = CARTESIAN_POINT ( 'NONE',  ( 1086.227948052227021, 358.0848568381186965, 92.68179879867776094 ) ) ;
#657 = CARTESIAN_POINT ( 'NONE',  ( 1295.527190381351829, 862.1259107448370287, 167.7457572189360917 ) ) ;
#658 = CARTESIAN_POINT ( 'NONE',  ( 948.5655196662778508, 193.5431935649059767, 44.71244297288274794 ) ) ;
#659 = CARTESIAN_POINT ( 'NONE',  ( 1353.688232028606308, 487.7937949118593792, -170.6874492124525204 ) ) ;
#660 = CARTESIAN_POINT ( 'NONE',  ( 947.3488225568102052, 200.0843914463985413, 21.62514403639790928 ) ) ;
#661 = CARTESIAN_POINT ( 'NONE',  ( 1382.919015966065217, 701.2491815940295510, -53.25713695518083313 ) ) ;
#662 = CARTESIAN_POINT ( 'NONE',  ( 579.3248883405100287, 17.42468536655259470, 39.85973970133532873 ) ) ;
#663 = CARTESIAN_POINT ( 'NONE',  ( 732.1841850824291669, 67.10701180858549719, 51.41953564247026520 ) ) ;
#664 = CARTESIAN_POINT ( 'NONE',  ( 1301.645397190165568, 453.0507653479548935, -139.5322202362692963 ) ) ;
#665 = CARTESIAN_POINT ( 'NONE',  ( 1219.662685406267656, 647.1001162043787645, 165.1086593563688325 ) ) ;
#666 = CARTESIAN_POINT ( 'NONE',  ( 1064.695395805923454, 211.2985375315055308, -105.1388393285592429 ) ) ;
#667 = CARTESIAN_POINT ( 'NONE',  ( 1311.873690534530624, 578.4728449985792622, -31.92926269202348877 ) ) ;
#668 = CARTESIAN_POINT ( 'NONE',  ( 1353.886957430998336, 487.3678764534332117, -168.3144708217314758 ) ) ;
#669 = CARTESIAN_POINT ( 'NONE',  ( 1394.810265185715025, 800.3486603741368981, -37.76429495181172769 ) ) ;
#670 = CARTESIAN_POINT ( 'NONE',  ( 1378.063951220203990, 1006.215557082311307, 81.43811737420004704 ) ) ;
#671 = CARTESIAN_POINT ( 'NONE',  ( 579.3257333964180589, 17.34134855314334800, 33.41514897594711897 ) ) ;
#672 = CARTESIAN_POINT ( 'NONE',  ( 1265.513139883297072, 378.9476297484606562, -155.6921580954308411 ) ) ;
#673 = CARTESIAN_POINT ( 'NONE',  ( 1427.580893212674710, 966.0885515405356045, 0.4435574084027381625 ) ) ;
#674 = CARTESIAN_POINT ( 'NONE',  ( 1420.698492508325216, 941.4529658814861932, -11.82371830945508684 ) ) ;
#675 = CARTESIAN_POINT ( 'NONE',  ( 959.9458566768703349, 131.3219805708154979, -85.52808926133538137 ) ) ;
#676 = CARTESIAN_POINT ( 'NONE',  ( 1160.235878414246599, 313.0384938734011939, -99.50751872222218708 ) ) ;
#677 = CARTESIAN_POINT ( 'NONE',  ( 1040.019490341181381, 311.3465044532648562, 70.19327008537531754 ) ) ;
#678 = CARTESIAN_POINT ( 'NONE',  ( 1335.079176397180618, 528.1540019541540687, -107.3478203896648893 ) ) ;
#679 = CARTESIAN_POINT ( 'NONE',  ( 959.7040047938014595, 132.6454442213097309, -82.65895321290085462 ) ) ;
#680 = CARTESIAN_POINT ( 'NONE',  ( 1365.287977466639632, 850.7648717051254152, 56.23450941326497343 ) ) ;
#681 = CARTESIAN_POINT ( 'NONE',  ( 676.2722854761242388, 26.51886283631415253, -30.60395046873061631 ) ) ;
#682 = CARTESIAN_POINT ( 'NONE',  ( 1111.837012377922292, 266.5568729892354440, -71.46436262814438578 ) ) ;
#683 = CARTESIAN_POINT ( 'NONE',  ( 1319.523660039397328, 817.9552119913474826, 116.5260332455987680 ) ) ;
#684 = CARTESIAN_POINT ( 'NONE',  ( 1438.070575409951743, 950.5973960660796820, -20.96468512496927517 ) ) ;
#685 = CARTESIAN_POINT ( 'NONE',  ( 1392.750879613667166, 983.9060202558982837, 47.23252641274440577 ) ) ;
#686 = CARTESIAN_POINT ( 'NONE',  ( 892.6566635573296935, 180.6670007524422203, 93.39043048138127290 ) ) ;
#687 = CARTESIAN_POINT ( 'NONE',  ( 1069.190277076196708, 193.0969461092177255, -125.6933587038682418 ) ) ;
#688 = CARTESIAN_POINT ( 'NONE',  ( 1236.493617233859140, 607.2729667980174781, 114.1056911147405799 ) ) ;
#689 = CARTESIAN_POINT ( 'NONE',  ( 1217.205615421422863, 504.3837731756700578, 51.45267634695697723 ) ) ;
#690 = CARTESIAN_POINT ( 'NONE',  ( 734.7663206568036003, 28.57416902704302331, -64.78605306531696328 ) ) ;
#691 = CARTESIAN_POINT ( 'NONE',  ( 1088.557522555715650, 349.6946697992851796, 44.70571453958139330 ) ) ;
#692 = CARTESIAN_POINT ( 'NONE',  ( 902.0794662967297199, 118.8912575297037506, -35.26659877623522732 ) ) ;
#693 = CARTESIAN_POINT ( 'NONE',  ( 1155.026652785950546, 511.1290276014393044, 145.7739033274733913 ) ) ;
#694 = CARTESIAN_POINT ( 'NONE',  ( 618.7623995593459085, -4.087793290648030542, -44.85293712018348344 ) ) ;
#695 = CARTESIAN_POINT ( 'NONE',  ( 1233.663077099416796, 613.9718700043864601, 124.6546571960529519 ) ) ;
#696 = CARTESIAN_POINT ( 'NONE',  ( 791.2597202468224395, 58.37865636577483741, -59.55340861128722452 ) ) ;
#697 = CARTESIAN_POINT ( 'NONE',  ( 1295.736953572794391, 861.7402481803927685, 168.1449381298820924 ) ) ;
#698 = CARTESIAN_POINT ( 'NONE',  ( 1458.480511502591298, 920.4560164428760345, -68.00883776751564369 ) ) ;
#699 = CARTESIAN_POINT ( 'NONE',  ( 900.8350505252760740, 127.0568353023392376, -17.00960545348859299 ) ) ;
#700 = CARTESIAN_POINT ( 'NONE',  ( 618.7505365274904534, -3.549900884174478577, -48.96324290763852360 ) ) ;
#701 = CARTESIAN_POINT ( 'NONE',  ( 675.9042235534523115, 35.27998941459142657, -9.858788754325230386 ) ) ;
#702 = CARTESIAN_POINT ( 'NONE',  ( 1194.449307031868329, 563.4343810283114635, 124.0426666967580616 ) ) ;
#703 = CARTESIAN_POINT ( 'NONE',  ( 892.5946112702263235, 181.0305393595227770, 77.93586169034728073 ) ) ;
#704 = CARTESIAN_POINT ( 'NONE',  ( 1422.122224267669935, 629.0739056815648382, -162.1980167825269916 ) ) ;
#705 = PLANE ( 'NONE',  #873 ) ;
#706 = CARTESIAN_POINT ( 'NONE',  ( 1371.961778135176019, 1015.484610584086681, 101.7093521362436235 ) ) ;
#707 = CARTESIAN_POINT ( 'NONE',  ( 1356.376764579597193, 750.0923582884364578, -8.545863243656723895 ) ) ;
#708 = CARTESIAN_POINT ( 'NONE',  ( 960.1370148411496075, 130.2765229162619676, -87.71710681966894185 ) ) ;
#709 = CARTESIAN_POINT ( 'NONE',  ( 1447.571018308086877, 828.8435162217174366, -94.18094089296056381 ) ) ;
#710 = CARTESIAN_POINT ( 'NONE',  ( 1125.394146278514654, 424.0315642555626710, 85.16791022643187148 ) ) ;
#711 = CARTESIAN_POINT ( 'NONE',  ( 1262.317894488804313, 387.2611095236968595, -135.5089598677667766 ) ) ;
#712 = CARTESIAN_POINT ( 'NONE',  ( 843.4834133989438669, 117.1623082752523288, 36.61292758726805374 ) ) ;
#713 = CARTESIAN_POINT ( 'NONE',  ( 954.7753887579543743, 159.4983508990779626, -56.24128727898403923 ) ) ;
#714 = CARTESIAN_POINT ( 'NONE',  ( 1011.552126743512986, 176.6935113969138058, -72.04513578748030511 ) ) ;
#715 = CARTESIAN_POINT ( 'NONE',  ( 1237.433029125252915, 605.0496646460301235, 110.5901689840872564 ) ) ;
#716 = CARTESIAN_POINT ( 'NONE',  ( 1420.747612911653277, 941.3780262320021848, 2.688738483948503788 ) ) ;
#717 = CARTESIAN_POINT ( 'NONE',  ( 1081.019912087070452, 376.6928015171666857, 125.6325024561596990 ) ) ;
#718 = CARTESIAN_POINT ( 'NONE',  ( 1267.802753946688426, 373.0109269944742891, -160.7296065662558533 ) ) ;
#719 = CARTESIAN_POINT ( 'NONE',  ( 787.9677192004760400, 93.35721306836801148, 51.29805780017645844 ) ) ;
#720 = CARTESIAN_POINT ( 'NONE',  ( 1178.754270675452972, 443.1623779587779381, 49.08932663967383547 ) ) ;
#721 = CARTESIAN_POINT ( 'NONE',  ( 1014.829176025630090, 161.3605219827117594, -112.3642022767419348 ) ) ;
#722 = CARTESIAN_POINT ( 'NONE',  ( 841.4876131226284315, 133.2630530177119681, 40.00370587527574884 ) ) ;
#723 = CARTESIAN_POINT ( 'NONE',  ( 1288.558038029241743, 484.0470355699208085, -78.33195968632938389 ) ) ;
#724 = CARTESIAN_POINT ( 'NONE',  ( 1342.212648674455068, 994.5095941130846313, 138.8149711273257196 ) ) ;
#725 = CARTESIAN_POINT ( 'NONE',  ( 905.4656661906476529, 96.66472345934327848, -85.19375269834310416 ) ) ;
#726 = CARTESIAN_POINT ( 'NONE',  ( 1165.085177017801016, 482.3240645479112914, 114.1789229159247583 ) ) ;
#727 = CARTESIAN_POINT ( 'NONE',  ( 1360.108612843263245, 966.3737270480786492, 111.3687964578300580 ) ) ;
#728 = CARTESIAN_POINT ( 'NONE',  ( 1296.116206382364908, 861.0425601550429064, 168.2335020862384454 ) ) ;
#729 = CARTESIAN_POINT ( 'NONE',  ( 791.2597202468224395, 58.37865636577483741, -59.55340861128722452 ) ) ;
#730 = CARTESIAN_POINT ( 'NONE',  ( 1427.988889681109185, 930.3783631091936286, -12.63199150750607558 ) ) ;
#731 = CARTESIAN_POINT ( 'NONE',  ( 579.5120665912909317, -8.488246678769666431, -39.47492067184719389 ) ) ;
#732 = CARTESIAN_POINT ( 'NONE',  ( 559.9999999999998863, 6.932666340674747296, 0.7793089494653109295 ) ) ;
#733 = CARTESIAN_POINT ( 'NONE',  ( 559.9999999999994316, 11.55897646082378927, 25.71246662997684496 ) ) ;
#734 = CARTESIAN_POINT ( 'NONE',  ( 1306.381670053794096, 842.1367893770022874, 131.2102906592737952 ) ) ;
#735 = CARTESIAN_POINT ( 'NONE',  ( 786.6737904736343125, 106.9597600767455958, 64.54187404488813229 ) ) ;
#736 = CARTESIAN_POINT ( 'NONE',  ( 1466.041213525931880, 909.2903768804080755, -80.25121842314347020 ) ) ;
#737 = CARTESIAN_POINT ( 'NONE',  ( 899.5868052111551378, 135.2462142840062995, 1.240598963761804230 ) ) ;
#738 = CARTESIAN_POINT ( 'NONE',  ( 1222.358933525768407, 640.7222201147855003, 161.8056318432367107 ) ) ;
#739 = CARTESIAN_POINT ( 'NONE',  ( 1091.097280597503641, 340.6143881925557366, 27.40239469131710592 ) ) ;
#740 = CARTESIAN_POINT ( 'NONE',  ( 1462.338465111859477, 914.7585931987331378, -69.83266797024067785 ) ) ;
#741 = CARTESIAN_POINT ( 'NONE',  ( 959.1107319946144116, 135.8286836554667332, -92.92476020818719462 ) ) ;
#742 = CARTESIAN_POINT ( 'NONE',  ( 1445.352738043194222, 832.3311764923456622, -89.93849828066906582 ) ) ;
#743 = CARTESIAN_POINT ( 'NONE',  ( 1200.345068161954941, 548.1200592370312279, 94.65570090859336005 ) ) ;
#744 = CARTESIAN_POINT ( 'NONE',  ( 559.9999999999998863, -10.53658394088789940, -31.57553163092837067 ) ) ;
#745 = CARTESIAN_POINT ( 'NONE',  ( 1092.593988019026483, 335.3362925425747108, 52.28279410341676225 ) ) ;
#746 = CARTESIAN_POINT ( 'NONE',  ( 1320.181306631632424, 560.4315892590606154, -82.13143934911541066 ) ) ;
#747 = CARTESIAN_POINT ( 'NONE',  ( 559.9999999999989768, -8.021822509555017078, -20.37437515290838874 ) ) ;
#748 = CARTESIAN_POINT ( 'NONE',  ( 579.3745921903343969, 10.48921837976614135, 29.06130564162476304 ) ) ;
#749 = CARTESIAN_POINT ( 'NONE',  ( 676.3082528227456578, 26.01418411371171047, 1.031400593055614490 ) ) ;
#750 = CARTESIAN_POINT ( 'NONE',  ( 991.8060254522323476, 268.8106987928887861, 107.7386156486163742 ) ) ;
#751 = CARTESIAN_POINT ( 'NONE',  ( 579.3848152735497479, 9.067376000459974605, 25.26439979481941833 ) ) ;
#752 = CARTESIAN_POINT ( 'NONE',  ( 1282.359501496806615, 642.4719311120735483, 65.59968940818824024 ) ) ;
#753 = CARTESIAN_POINT ( 'NONE',  ( 849.0703410096849666, 71.63491498975821514, -83.59576073880641900 ) ) ;
#754 = CARTESIAN_POINT ( 'NONE',  ( 1170.168975991811294, 467.7147299504854345, 58.72951356960256675 ) ) ;
#755 = CARTESIAN_POINT ( 'NONE',  ( 734.2236933432718615, 36.77675842723510158, -27.88005589516762583 ) ) ;
#756 = CARTESIAN_POINT ( 'NONE',  ( 1188.386625986237732, 579.1880231614530885, 157.8184427018694294 ) ) ;
#757 = CARTESIAN_POINT ( 'NONE',  ( 560.0000000000015916, -10.72562302203411910, -35.37393605386923667 ) ) ;
#758 = CARTESIAN_POINT ( 'NONE',  ( 1386.181402215470371, 993.8846939554376831, 76.10712202557900241 ) ) ;
#759 = CARTESIAN_POINT ( 'NONE',  ( 675.6289082595707214, 42.18797239360556262, 44.44929519081709657 ) ) ;
#760 = CARTESIAN_POINT ( 'NONE',  ( 579.3289923408674440, 16.84478246576603411, 40.77052155311680082 ) ) ;
#761 = CARTESIAN_POINT ( 'NONE',  ( 1210.329822025710655, 352.6559950205308382, -118.6958480980686801 ) ) ;
#762 = CARTESIAN_POINT ( 'NONE',  ( 1345.020593736829369, 645.6349583016869929, -32.26156107768996151 ) ) ;
#763 = CARTESIAN_POINT ( 'NONE',  ( 961.3042942461545408, 123.8753482580917762, -104.0364119138324668 ) ) ;
#764 = CARTESIAN_POINT ( 'NONE',  ( 1412.937517481921986, 883.2967019280582690, -25.01670792031231016 ) ) ;
#765 = CARTESIAN_POINT ( 'NONE',  ( 579.3288576873104603, 16.93407113444773415, 27.32592111832947168 ) ) ;
#766 = CARTESIAN_POINT ( 'NONE',  ( 733.5265365198438303, 47.16435320130710096, 1.128949123772000185 ) ) ;
#767 = CARTESIAN_POINT ( 'NONE',  ( 786.6737904736343125, 106.9597600767455958, 64.54187404488813229 ) ) ;
#768 = CARTESIAN_POINT ( 'NONE',  ( 944.3058804917390034, 216.8124018182533064, 91.05815456307533395 ) ) ;
#769 = CARTESIAN_POINT ( 'NONE',  ( 1224.746703989067555, 635.0562173828229788, 136.9712360294522568 ) ) ;
#770 = CARTESIAN_POINT ( 'NONE',  ( 618.6776805480590156, 0.5387553053998689334, -45.45281205757872556 ) ) ;
#771 = CARTESIAN_POINT ( 'NONE',  ( 1358.685977769088367, 745.8601932920671516, 11.29247842440555871 ) ) ;
#772 = CARTESIAN_POINT ( 'NONE',  ( 1249.148728809539080, 714.4811566012742787, 168.0654564180515820 ) ) ;
#773 = CARTESIAN_POINT ( 'NONE',  ( 1396.178041131822283, 909.6483651226581060, 10.49905898041558672 ) ) ;
#774 = CARTESIAN_POINT ( 'NONE',  ( 1168.325475564458429, 287.3073699294090488, -121.6724290590262996 ) ) ;
#775 = CARTESIAN_POINT ( 'NONE',  ( 1012.975523509374511, 169.9986108196108319, -101.5908786856090700 ) ) ;
#776 = CARTESIAN_POINT ( 'NONE',  ( 1323.143000950306941, 554.0103820164237050, -90.72527208647464647 ) ) ;
#777 = CARTESIAN_POINT ( 'NONE',  ( 1160.906299281639122, 494.2672045013559909, 109.6053659547301322 ) ) ;
#778 = CARTESIAN_POINT ( 'NONE',  ( 579.5084557999463186, -8.011072733985583838, -34.59292324109494388 ) ) ;
#779 = CARTESIAN_POINT ( 'NONE',  ( 1135.937663581938978, 390.4894927071193820, 55.69317859352196365 ) ) ;
#780 = CARTESIAN_POINT ( 'NONE',  ( 1346.931881185882730, 641.7973030756311346, -61.90394017701795804 ) ) ;
#781 = CARTESIAN_POINT ( 'NONE',  ( 1401.231515339466569, 667.5377212827554558, -101.4206513510795560 ) ) ;
#782 = CARTESIAN_POINT ( 'NONE',  ( 560.0000000000002274, 4.730783984824161514, 23.78822730871849345 ) ) ;
#783 = CARTESIAN_POINT ( 'NONE',  ( 1421.781881002448017, 939.8069501759700870, 0.4997255944344791700 ) ) ;
#784 = CARTESIAN_POINT ( 'NONE',  ( 1453.540434653128386, 819.4642189668292076, -93.80182104194950909 ) ) ;
#785 = CARTESIAN_POINT ( 'NONE',  ( 1304.103930830205627, 846.3420812298817282, 158.5408520650491084 ) ) ;
#786 = CARTESIAN_POINT ( 'NONE',  ( 675.7535502868601043, 39.23267798765793657, 37.31038212726463854 ) ) ;
#787 = CARTESIAN_POINT ( 'NONE',  ( 1340.601093000043647, 779.1531914312204208, 59.84887184137322436 ) ) ;
#788 = CARTESIAN_POINT ( 'NONE',  ( 1309.910252504321306, 433.4970786512502627, -161.9365381858600017 ) ) ;
#789 = CARTESIAN_POINT ( 'NONE',  ( 1398.812287580265092, 974.6986037767736661, 33.87445469704179146 ) ) ;
#790 = CARTESIAN_POINT ( 'NONE',  ( 734.3400264880458508, 35.04186142238889090, -32.84706353183627670 ) ) ;
#791 = CARTESIAN_POINT ( 'NONE',  ( 579.3253546808164174, 17.35700132987125244, 40.25305634652239917 ) ) ;
#792 = CARTESIAN_POINT ( 'NONE',  ( 1015.284752618124571, 159.2691608765197202, -106.8043531409725233 ) ) ;
#793 = CARTESIAN_POINT ( 'NONE',  ( 1340.476823433737081, 893.1232471669997039, 117.0282615740531753 ) ) ;
#794 = CARTESIAN_POINT ( 'NONE',  ( 1311.375467897988301, 832.9553446753715207, 138.1678428288926455 ) ) ;
#795 = CARTESIAN_POINT ( 'NONE',  ( 1209.145975733787282, 356.0465788038555957, -114.2145980237444860 ) ) ;
#796 = CARTESIAN_POINT ( 'NONE',  ( 847.2825525055548042, 86.25436838760202818, -36.09586670772589656 ) ) ;
#797 = CARTESIAN_POINT ( 'NONE',  ( 1220.576674531981325, 323.3192090933114855, -150.1594784156742435 ) ) ;
#798 = CARTESIAN_POINT ( 'NONE',  ( 1420.698492508325216, 941.4529658814861932, -11.82371830945508684 ) ) ;
#799 = CARTESIAN_POINT ( 'NONE',  ( 1386.789510557852282, 992.9613940835005224, 60.75136792520777362 ) ) ;
#800 = DIRECTION ( 'NONE',  ( 0.8280260531903255172, 0.5606896246927102201, 6.278352694339485125E-14 ) ) ;
#801 = CARTESIAN_POINT ( 'NONE',  ( 559.9999999999998863, 11.71024798506562981, 32.26320064319966718 ) ) ;
#802 = CARTESIAN_POINT ( 'NONE',  ( 1161.608802186261528, 492.2837173174846725, 131.0512929382302900 ) ) ;
#803 = CARTESIAN_POINT ( 'NONE',  ( 990.9220452694708001, 272.8974217695615607, 95.55053620118737001 ) ) ;
#804 = CARTESIAN_POINT ( 'NONE',  ( 1447.773877489715233, 709.9411289192270260, -149.2900480726653427 ) ) ;
#805 = CARTESIAN_POINT ( 'NONE',  ( 1003.637705446960126, 213.6264691201489825, 1.213455065090140783 ) ) ;
#806 = CARTESIAN_POINT ( 'NONE',  ( 1321.400808476648308, 925.6881218186242677, 156.7114918326300028 ) ) ;
#807 = CARTESIAN_POINT ( 'NONE',  ( 1093.735439536893409, 331.1840538139778687, 10.30028496276334948 ) ) ;
#808 = CARTESIAN_POINT ( 'NONE',  ( 734.8165569018088945, 27.92465890178164756, -53.90292062461006850 ) ) ;
#809 = CARTESIAN_POINT ( 'NONE',  ( 1155.214599112309543, 329.0285266514280806, -76.53408978279210828 ) ) ;
#810 = CARTESIAN_POINT ( 'NONE',  ( 1198.185776396721621, 553.7284936770980721, 105.1957328858430145 ) ) ;
#811 = CARTESIAN_POINT ( 'NONE',  ( 993.3341874841805748, 261.6200563623565927, 64.83264435998373187 ) ) ;
#812 = CARTESIAN_POINT ( 'NONE',  ( 1262.884360132103211, 385.7905209814052228, -137.7414854828229807 ) ) ;
#813 = CARTESIAN_POINT ( 'NONE',  ( 1401.645049198185689, 970.3951945139828013, 43.23421959980822749 ) ) ;
#814 = CARTESIAN_POINT ( 'NONE',  ( 1350.854696528837394, 633.9698883532388436, -72.41580772535593269 ) ) ;
#815 = CARTESIAN_POINT ( 'NONE',  ( 1449.838441078668666, 897.1882871501662748, -58.40706918390161917 ) ) ;
#816 = CARTESIAN_POINT ( 'NONE',  ( 946.7440930476399217, 203.4947150400082876, 64.64445445260669487 ) ) ;
#817 = CARTESIAN_POINT ( 'NONE',  ( 560.0000000000000000, -2.920302949495274358, -0.6386268083623211078 ) ) ;
#818 = CARTESIAN_POINT ( 'NONE',  ( 1348.016979539998829, 985.3867616918269050, 136.3680857800330557 ) ) ;
#819 = CARTESIAN_POINT ( 'NONE',  ( 560.0000000000002274, 4.317063088319032182, 22.64799936074903641 ) ) ;
#820 = CARTESIAN_POINT ( 'NONE',  ( 618.4618626085336928, 13.66546802404417527, 16.59557270191678668 ) ) ;
#821 = CARTESIAN_POINT ( 'NONE',  ( 579.4880251016281818, -5.109827795989836829, -38.24522462722342908 ) ) ;
#822 = CARTESIAN_POINT ( 'NONE',  ( 994.6973222943980772, 255.2526628177587043, 49.68899186045072724 ) ) ;
#823 = CARTESIAN_POINT ( 'NONE',  ( 1295.991426943403212, 861.2699211272802131, 164.3604037719365465 ) ) ;
#824 = CARTESIAN_POINT ( 'NONE',  ( 579.5131515951831034, -8.646690890550917885, -38.64124296884786958 ) ) ;
#825 = CARTESIAN_POINT ( 'NONE',  ( 1394.362381347116070, 1015.145627080264831, 68.47257839183019712 ) ) ;
#826 = CARTESIAN_POINT ( 'NONE',  ( 1344.572507607108946, 990.7979905615325151, 132.2906168398053239 ) ) ;
#827 = CARTESIAN_POINT ( 'NONE',  ( 1296.629240911029456, 464.9194148074264490, -124.7257061323181517 ) ) ;
#828 = CARTESIAN_POINT ( 'NONE',  ( 676.6095963583200046, 18.79517313153927915, -20.98391845514211340 ) ) ;
#829 = CARTESIAN_POINT ( 'NONE',  ( 1471.126187404216580, 864.8514842294198388, -102.9005639753823402 ) ) ;
#830 = CARTESIAN_POINT ( 'NONE',  ( 1264.300235914183531, 541.4240386072167439, -18.61699419403746703 ) ) ;
#831 = CARTESIAN_POINT ( 'NONE',  ( 1383.872859899583091, 997.3918133820594676, 67.55413003596774502 ) ) ;
#832 = CARTESIAN_POINT ( 'NONE',  ( 952.6047370734767128, 171.4658812538457084, -0.9826859803198312315 ) ) ;
#833 = CARTESIAN_POINT ( 'NONE',  ( 1389.334504006329553, 1022.570792888707388, 70.06319760671516406 ) ) ;
#834 = CARTESIAN_POINT ( 'NONE',  ( 1230.011152058187008, 622.6146190477670643, 137.9126812888535767 ) ) ;
#835 = CARTESIAN_POINT ( 'NONE',  ( 1257.312558219770153, 696.7829628550556436, 149.6705281183014620 ) ) ;
#836 = CARTESIAN_POINT ( 'NONE',  ( 579.3257027651600310, 17.33887208189263873, 34.67581958160452160 ) ) ;
#837 = CARTESIAN_POINT ( 'NONE',  ( 734.6490081248517754, 30.31178927860516836, -62.36252034473185546 ) ) ;
#838 = CARTESIAN_POINT ( 'NONE',  ( 1417.259457475871159, 981.3312407575673433, 21.63712228789631808 ) ) ;
#839 = CARTESIAN_POINT ( 'NONE',  ( 731.8179734177070941, 72.52852076741825726, 63.07148733018055964 ) ) ;
#840 = CARTESIAN_POINT ( 'NONE',  ( 675.5895111279272669, 42.80774283156697635, 12.04906954784462947 ) ) ;
#841 = CARTESIAN_POINT ( 'NONE',  ( 1465.410891637876375, 873.5333377482253354, -90.51093896679790873 ) ) ;
#842 = CARTESIAN_POINT ( 'NONE',  ( 1247.248778341242087, 426.3480347785310869, -96.23457621004331486 ) ) ;
#843 = CARTESIAN_POINT ( 'NONE',  ( 1358.212931225783677, 969.3467192027399051, 97.63889943059291454 ) ) ;
#844 = CARTESIAN_POINT ( 'NONE',  ( 731.8238315096937185, 72.29453589378276490, 35.53519195565647237 ) ) ;
#845 = CARTESIAN_POINT ( 'NONE',  ( 1263.461200193138666, 384.2929451226083302, -140.0353484833214281 ) ) ;
#846 = CARTESIAN_POINT ( 'NONE',  ( 579.4163449567223552, 4.691683728023478217, 12.45298457807570891 ) ) ;
#847 = CARTESIAN_POINT ( 'NONE',  ( 1103.466895739737765, 296.4060788824381802, -48.45920739776444464 ) ) ;
#848 = CARTESIAN_POINT ( 'NONE',  ( 676.7792493337763062, 14.72014136638768100, -33.87175665217404230 ) ) ;
#849 = CARTESIAN_POINT ( 'NONE',  ( 1402.883730608751421, 1002.561304335163300, 51.12330216281777950 ) ) ;
#850 = CARTESIAN_POINT ( 'NONE',  ( 560.0000000000000000, 10.07430406103187437, 13.98198997968310842 ) ) ;
#851 = CARTESIAN_POINT ( 'NONE',  ( 1388.016599250213631, 1024.517073728646437, 80.51973172106190191 ) ) ;
#853 = CARTESIAN_POINT ( 'NONE',  ( 1079.058565462958086, 383.6775628477204236, 120.3620351283396275 ) ) ;
#852 = CARTESIAN_POINT ( 'NONE',  ( 1402.883730608751421, 1002.561304335163300, 51.12330216281777950 ) ) ;
#854 = CARTESIAN_POINT ( 'NONE',  ( 1415.883694511208887, 983.3629665601960141, 24.45155091119641355 ) ) ;
#855 = CARTESIAN_POINT ( 'NONE',  ( 1469.165670656247357, 794.8928405266501613, -133.2908385736335788 ) ) ;
#856 = CARTESIAN_POINT ( 'NONE',  ( 787.4758689723033740, 98.39957576658632377, 29.76459906845197878 ) ) ;
#857 = CARTESIAN_POINT ( 'NONE',  ( 840.1122216699062619, 144.5274643773755940, 84.72599651650520514 ) ) ;
#858 = CARTESIAN_POINT ( 'NONE',  ( 1162.970008273734265, 488.3834653336373890, 123.8716549597207432 ) ) ;
#859 = CARTESIAN_POINT ( 'NONE',  ( 1060.874053811090334, 226.7822228665499154, -82.95001217265442506 ) ) ;
#860 = CARTESIAN_POINT ( 'NONE',  ( 895.9639448788888103, 159.0032931763044814, 52.68566545199595907 ) ) ;
#861 = CARTESIAN_POINT ( 'NONE',  ( 676.9786953406177190, 9.808541554788128281, -57.62906602239082332 ) ) ;
#862 = CARTESIAN_POINT ( 'NONE',  ( 1295.995064715190892, 612.8730538361667186, -8.483545988489003875 ) ) ;
#863 = CARTESIAN_POINT ( 'NONE',  ( 1230.920138046462625, 620.4380964573566644, 109.3155093379910596 ) ) ;
#864 = CARTESIAN_POINT ( 'NONE',  ( 618.5635256366733756, 7.732031190879900429, -2.206003318648473766 ) ) ;
#865 = CARTESIAN_POINT ( 'NONE',  ( 1325.953538340180785, 917.9087164452125762, 135.8199048670064997 ) ) ;
#866 = CARTESIAN_POINT ( 'NONE',  ( 1082.846752701681453, 370.1658092412554311, 113.9249641237116606 ) ) ;
#867 = CARTESIAN_POINT ( 'NONE',  ( 1351.584165378740181, 979.7710590331328149, 114.3369438714876480 ) ) ;
#868 = CARTESIAN_POINT ( 'NONE',  ( 1117.270845183275242, 247.0944671286994208, -120.2096725169112261 ) ) ;
#869 = CARTESIAN_POINT ( 'NONE',  ( 560.0000000000000000, -2.546500209129832104, 0.7081573197693024069 ) ) ;
#870 = CARTESIAN_POINT ( 'NONE',  ( 943.3915603764944535, 221.8037595186514466, 99.77952830444536403 ) ) ;
#871 = CARTESIAN_POINT ( 'NONE',  ( 1411.210405486382797, 955.8656031455475386, 7.591345146486533579 ) ) ;
#872 = CARTESIAN_POINT ( 'NONE',  ( 1348.325123989573740, 499.4313432766007850, -149.5522173135991295 ) ) ;
#873 = AXIS2_PLACEMENT_3D ( 'NONE', #4987, #2346, #186 ) ;
#874 = CARTESIAN_POINT ( 'NONE',  ( 1156.455068051465332, 325.0781432229888992, -82.31448308349072818 ) ) ;
#875 = CARTESIAN_POINT ( 'NONE',  ( 1037.962651281538911, 319.6978078797597504, 90.28951547432447455 ) ) ;
#876 = CARTESIAN_POINT ( 'NONE',  ( 787.1104634667657365, 102.2873454297906477, 43.09770182163651242 ) ) ;
#877 = CARTESIAN_POINT ( 'NONE',  ( 897.6938703515055522, 147.6619756676077486, 28.55432083251047359 ) ) ;
#878 = CARTESIAN_POINT ( 'NONE',  ( 1279.343561563242702, 505.8227677454195828, -69.88798630372052401 ) ) ;
#879 = CARTESIAN_POINT ( 'NONE',  ( 1453.540434653128386, 819.4642189668292076, -93.80182104194950909 ) ) ;
#880 = CARTESIAN_POINT ( 'NONE',  ( 1206.301421662133635, 532.6916984893130120, 97.09420710281176525 ) ) ;
#881 = CARTESIAN_POINT ( 'NONE',  ( 789.9387521807232133, 72.51106979617583193, 1.213247127030097072 ) ) ;
#882 = CARTESIAN_POINT ( 'NONE',  ( 1411.449026367335364, 648.7280795058267131, -127.9836236953382240 ) ) ;
#883 = CARTESIAN_POINT ( 'NONE',  ( 1390.487971267658395, 1020.867353228300544, 77.19674631079011817 ) ) ;
#885 = CARTESIAN_POINT ( 'NONE',  ( 1078.716724745603869, 384.9009540331718426, 123.1978482508993409 ) ) ;
#884 = CARTESIAN_POINT ( 'NONE',  ( 1393.900335468218145, 982.1595381207441733, 59.66772306923706282 ) ) ;
#886 = CARTESIAN_POINT ( 'NONE',  ( 618.4970337680823604, 11.62075528370807831, 10.34985881817482145 ) ) ;
#887 = CARTESIAN_POINT ( 'NONE',  ( 959.9446111223414846, 131.2779352849896384, -98.84819058364730893 ) ) ;
#888 = CARTESIAN_POINT ( 'NONE',  ( 618.2039905593369440, 28.40550331208045520, 49.27624035343222886 ) ) ;
#889 = CARTESIAN_POINT ( 'NONE',  ( 1068.407379694705014, 196.2887269282410045, -115.8292428170099981 ) ) ;
#890 = CARTESIAN_POINT ( 'NONE',  ( 787.6980405769290883, 96.20493792480208128, 57.61604737899504869 ) ) ;
#891 = CARTESIAN_POINT ( 'NONE',  ( 1451.772583014181464, 894.2504732239559644, -71.59627120517990306 ) ) ;
#892 = CARTESIAN_POINT ( 'NONE',  ( 1302.650577369535085, 730.1870240014503679, 93.55748136674758086 ) ) ;
#893 = CARTESIAN_POINT ( 'NONE',  ( 792.4973303369883979, 45.34064090071143482, -76.49468242827907716 ) ) ;
#894 = CARTESIAN_POINT ( 'NONE',  ( 1369.299230753833854, 843.9001665416957394, 21.94708306889813088 ) ) ;
#895 = CARTESIAN_POINT ( 'NONE',  ( 1161.637878711480653, 492.1696329795028646, 105.3276276357713215 ) ) ;
#896 = DIRECTION ( 'NONE',  ( -0.5606896246927102201, 0.8280260531903255172, 0.000000000000000000 ) ) ;
#897 = CARTESIAN_POINT ( 'NONE',  ( 1036.415553536143761, 325.9837246474427843, 107.4728852254326625 ) ) ;
#898 = CARTESIAN_POINT ( 'NONE',  ( 1039.384239268482361, 313.9792669003193737, 104.0034196560183517 ) ) ;
#899 = CARTESIAN_POINT ( 'NONE',  ( 675.5644885405849891, 43.71502565809971230, 48.02453413936021320 ) ) ;
#900 = CARTESIAN_POINT ( 'NONE',  ( 841.2933411573369540, 134.9538316547261445, 75.47312649949677166 ) ) ;
#901 = CARTESIAN_POINT ( 'NONE',  ( 892.4400894882642206, 182.0515421763357438, 82.47964533543394339 ) ) ;
#902 = CARTESIAN_POINT ( 'NONE',  ( 1167.544212123808393, 289.7696492710081202, -130.2378528021778266 ) ) ;
#903 = CARTESIAN_POINT ( 'NONE',  ( 1403.405744901498792, 1001.790393985660671, 50.06233553523858859 ) ) ;
#904 = CARTESIAN_POINT ( 'NONE',  ( 1121.901922859873821, 435.1944166522675914, 132.9348523132951527 ) ) ;
#905 = CARTESIAN_POINT ( 'NONE',  ( 787.6021551237901122, 97.05836982337059737, 25.63123255810194578 ) ) ;
#906 = CARTESIAN_POINT ( 'NONE',  ( 560.0000000000002274, -10.83109992308671110, -32.70060215159566042 ) ) ;
#907 = CARTESIAN_POINT ( 'NONE',  ( 846.1224017757828051, 95.55829032962490999, -45.77253276523368442 ) ) ;
#908 = CARTESIAN_POINT ( 'NONE',  ( 1335.106042237459405, 902.2798913415847437, 109.5350386985066109 ) ) ;
#909 = CARTESIAN_POINT ( 'NONE',  ( 1201.451069260377835, 545.2475185781959226, 89.38699648363004258 ) ) ;
#910 = CARTESIAN_POINT ( 'NONE',  ( 1220.584603172986135, 323.2913652907317896, -152.9179604980320164 ) ) ;
#911 = CARTESIAN_POINT ( 'NONE',  ( 844.2659889249507614, 110.7997762352295297, 22.15135510725368206 ) ) ;
#912 = CARTESIAN_POINT ( 'NONE',  ( 1412.307870387168805, 770.4790179714756277, -76.74163439845493428 ) ) ;
#913 = CARTESIAN_POINT ( 'NONE',  ( 958.8318103312989251, 137.4165570445672415, -72.51092482507442583 ) ) ;
#914 = CARTESIAN_POINT ( 'NONE',  ( 1295.592626287565508, 744.2714564336521335, 114.5522785447683418 ) ) ;
#915 = CARTESIAN_POINT ( 'NONE',  ( 560.0000000000000000, -4.352809181605628908, -28.74783428488973414 ) ) ;
#916 = CARTESIAN_POINT ( 'NONE',  ( 676.6830070196147062, 17.03311241056246317, -26.50274737347696785 ) ) ;
#917 = CARTESIAN_POINT ( 'NONE',  ( 1257.378877034288735, 400.0844752916444804, -115.4607014886986747 ) ) ;
#918 = CARTESIAN_POINT ( 'NONE',  ( 1390.080776645378592, 1021.468697967207618, 77.86781713246178072 ) ) ;
#920 = CARTESIAN_POINT ( 'NONE',  ( 731.5439979732310576, 76.54280984154640066, 59.84012562451874118 ) ) ;
#919 = CARTESIAN_POINT ( 'NONE',  ( 1131.784361014071237, 403.7191528805185499, 78.43850255604405675 ) ) ;
#921 = CARTESIAN_POINT ( 'NONE',  ( 1138.423069150300989, 382.5722828998564751, 42.03193022766614462 ) ) ;
#922 = CARTESIAN_POINT ( 'NONE',  ( 1308.670283781128546, 436.4307334728895285, -158.8224101581960497 ) ) ;
#923 = CARTESIAN_POINT ( 'NONE',  ( 1319.112421905198516, 929.5927305979556650, 157.6864300488502693 ) ) ;
#924 = CARTESIAN_POINT ( 'NONE',  ( 676.9950501958311406, 9.436366732755475439, -57.12576864751009964 ) ) ;
#925 = CARTESIAN_POINT ( 'NONE',  ( 560.0000000000000000, 5.999920307979537348, 27.17824579481502312 ) ) ;
#926 = CARTESIAN_POINT ( 'NONE',  ( 1334.598460432238198, 529.1748541262275012, -123.0266682385836532 ) ) ;
#927 = CARTESIAN_POINT ( 'NONE',  ( 1405.486480869402158, 998.7175645353623850, 45.78974250001500224 ) ) ;
#928 = CARTESIAN_POINT ( 'NONE',  ( 1354.448719651153851, 486.1482594923002694, -170.8838643796094630 ) ) ;
#929 = CARTESIAN_POINT ( 'NONE',  ( 1139.619460461908375, 378.7015918831617114, 1.867061069871400747 ) ) ;
#930 = CARTESIAN_POINT ( 'NONE',  ( 1259.320080229184214, 692.4087244347094838, 117.7411105225471886 ) ) ;
#931 = CARTESIAN_POINT ( 'NONE',  ( 618.6113702118957463, 4.919306872560764710, -11.65451473829634921 ) ) ;
#932 = CARTESIAN_POINT ( 'NONE',  ( 1275.548547473185636, 784.2598730249288792, 156.9303386232360253 ) ) ;
#933 = CARTESIAN_POINT ( 'NONE',  ( 1125.496346243149901, 423.7467855729586290, 112.5162635029790721 ) ) ;
#934 = CARTESIAN_POINT ( 'NONE',  ( 1039.384239268482361, 313.9792669003193737, 104.0034196560183517 ) ) ;
#935 = CARTESIAN_POINT ( 'NONE',  ( 1195.737995850031666, 560.1140601240830392, 142.6591092925007729 ) ) ;
#936 = CARTESIAN_POINT ( 'NONE',  ( 1192.140121305486218, 569.4340823085657348, 136.8955374160168219 ) ) ;
#937 = CARTESIAN_POINT ( 'NONE',  ( 1117.668382666967773, 245.6753172475079054, -121.9717187063968282 ) ) ;
#938 = CARTESIAN_POINT ( 'NONE',  ( 579.4417025640794918, 1.182694295442412225, 0.7849092412145559639 ) ) ;
#939 = CARTESIAN_POINT ( 'NONE',  ( 618.2643450044341762, 24.99063836700765151, 46.19916723157016492 ) ) ;
#940 = CARTESIAN_POINT ( 'NONE',  ( 731.9879072358208987, 69.83316122433353712, 26.07905381851029247 ) ) ;
#941 = CARTESIAN_POINT ( 'NONE',  ( 1347.547730281438135, 501.1172008900645096, -147.1155252821626220 ) ) ;
#942 = CARTESIAN_POINT ( 'NONE',  ( 733.2325387145571085, 51.29819238631737477, -23.91015748766426441 ) ) ;
#943 = CARTESIAN_POINT ( 'NONE',  ( 943.0543601404178844, 223.5984574405723890, 82.35560043668878905 ) ) ;
#944 = CARTESIAN_POINT ( 'NONE',  ( 993.0049959584825956, 263.1582657256083735, 68.65527786077645089 ) ) ;
#945 = CARTESIAN_POINT ( 'NONE',  ( 1171.811777087674727, 276.1868307482542946, -144.5424624497117065 ) ) ;
#946 = CARTESIAN_POINT ( 'NONE',  ( 1414.582688798686604, 985.2842909041395387, 27.11752740801017225 ) ) ;
#947 = CARTESIAN_POINT ( 'NONE',  ( 1309.662708101682711, 583.2376167786172800, -50.84886289681722360 ) ) ;
#948 = CARTESIAN_POINT ( 'NONE',  ( 1335.079176397180618, 528.1540019541540687, -107.3478203896648893 ) ) ;
#949 = CARTESIAN_POINT ( 'NONE',  ( 1456.495781662177251, 814.8120385564474191, -110.9261350560911126 ) ) ;
#950 = CARTESIAN_POINT ( 'NONE',  ( 560.0000000000000000, -9.941761121395696676, -37.92158678743628286 ) ) ;
#951 = CARTESIAN_POINT ( 'NONE',  ( 1109.615849813208797, 274.4965630386392945, -57.26387103396642431 ) ) ;
#952 = CARTESIAN_POINT ( 'NONE',  ( 1116.518328904678810, 249.8226215180388863, -101.2214062507745211 ) ) ;
#953 = CARTESIAN_POINT ( 'NONE',  ( 1377.099482291662071, 1007.680148496318452, 95.92093273868796643 ) ) ;
#954 = CARTESIAN_POINT ( 'NONE',  ( 996.8395128333055482, 245.3402987386083396, 63.30060570326610758 ) ) ;
#955 = CARTESIAN_POINT ( 'NONE',  ( 1248.603460519442933, 422.8319320539690125, -101.0270652225557484 ) ) ;
#956 = CARTESIAN_POINT ( 'NONE',  ( 618.6267094533078534, 4.013496443859950524, -14.81397122154320911 ) ) ;
#957 = CARTESIAN_POINT ( 'NONE',  ( 897.6938703515055522, 147.6619756676077486, 28.55432083251047359 ) ) ;
#958 = CARTESIAN_POINT ( 'NONE',  ( 848.5362323289384676, 75.96775246756791944, -77.86143670292513264 ) ) ;
#959 = CARTESIAN_POINT ( 'NONE',  ( 1302.508427937835222, 730.4466306318000761, 66.13531128368781253 ) ) ;
#960 = CARTESIAN_POINT ( 'NONE',  ( 1296.116206382364908, 861.0425601550429064, 168.2335020862384454 ) ) ;
#961 = CARTESIAN_POINT ( 'NONE',  ( 618.7505365274904534, -3.549900884174478577, -48.96324290763852360 ) ) ;
#962 = CARTESIAN_POINT ( 'NONE',  ( 1200.860686922656214, 546.8155625808786908, 119.8923239822802884 ) ) ;
#963 = CARTESIAN_POINT ( 'NONE',  ( 1154.709293788346713, 512.0393438431331106, 148.0666896082020969 ) ) ;
#964 = CARTESIAN_POINT ( 'NONE',  ( 902.3855208347886219, 116.7807253724590595, -66.29679161812360633 ) ) ;
#965 = CARTESIAN_POINT ( 'NONE',  ( 1373.441368123491202, 945.4090901705384340, 81.96660596348601757 ) ) ;
#966 = CARTESIAN_POINT ( 'NONE',  ( 961.2871025779628553, 123.9591921287504306, -106.0207066143407957 ) ) ;
#967 = CARTESIAN_POINT ( 'NONE',  ( 618.3100450173045601, 21.72467676716791019, 4.111694067802577734 ) ) ;
#968 = CARTESIAN_POINT ( 'NONE',  ( 560.0000000000005684, 11.62293527800496484, 26.72662335491083496 ) ) ;
#969 = CARTESIAN_POINT ( 'NONE',  ( 1194.907392783635032, 396.8791615692900336, -28.18706187611472203 ) ) ;
#970 = CARTESIAN_POINT ( 'NONE',  ( 892.3120903442950294, 182.8969423081823038, 85.91223542312137340 ) ) ;
#971 = CARTESIAN_POINT ( 'NONE',  ( 1287.854852201946642, 759.7123626137852170, 137.4062142620635427 ) ) ;
#972 = CARTESIAN_POINT ( 'NONE',  ( 732.0332935068187226, 69.34450329918706757, 56.57943227411572451 ) ) ;
#973 = CARTESIAN_POINT ( 'NONE',  ( 787.2684406704128151, 100.7403718187426591, 68.16162285792189834 ) ) ;
#974 = CARTESIAN_POINT ( 'NONE',  ( 990.6900194364869776, 273.9837754660133555, 99.22248816159432749 ) ) ;
#975 = CARTESIAN_POINT ( 'NONE',  ( 1384.251492687631753, 567.3367761685710775, -155.9905622273499546 ) ) ;
#976 = CARTESIAN_POINT ( 'NONE',  ( 1335.165376019607720, 665.3016962245006880, -3.135473598221685254 ) ) ;
#977 = CARTESIAN_POINT ( 'NONE',  ( 1224.792000146806458, 634.9659914668939109, 157.0025378683522774 ) ) ;
#978 = CARTESIAN_POINT ( 'NONE',  ( 1408.365396839444657, 994.4659834053466057, 27.45632377966292736 ) ) ;
#979 = CARTESIAN_POINT ( 'NONE',  ( 1169.511480780035299, 283.5290335701354252, -127.9102392657723613 ) ) ;
#980 = CARTESIAN_POINT ( 'NONE',  ( 1430.051152616004174, 856.3890069688358153, -59.93765301461593964 ) ) ;
#981 = CARTESIAN_POINT ( 'NONE',  ( 1194.974100449090884, 562.0710412401383564, 121.3379333459358804 ) ) ;
#982 = CARTESIAN_POINT ( 'NONE',  ( 1012.247092665137188, 173.3924946520138235, -96.97252656488930711 ) ) ;
#983 = CARTESIAN_POINT ( 'NONE',  ( 1475.770713749494007, 784.5106223449660092, -142.8764034462377026 ) ) ;
#984 = CARTESIAN_POINT ( 'NONE',  ( 949.4617826450319171, 188.6452758415061908, 34.70776982776357045 ) ) ;
#985 = CARTESIAN_POINT ( 'NONE',  ( 843.9065237980639722, 113.5667872734318564, -9.533089501213041217 ) ) ;
#986 = CARTESIAN_POINT ( 'NONE',  ( 791.8832355841199160, 51.90657872545377671, -52.24700111580804673 ) ) ;
#987 = CARTESIAN_POINT ( 'NONE',  ( 1295.029556545507603, 468.7045293796920191, -119.8610354078677460 ) ) ;
#988 = CALENDAR_DATE ( 2026, 17, 9 ) ;
#989 = CARTESIAN_POINT ( 'NONE',  ( 731.7893933646346341, 72.81219565827333895, 37.72560839585073467 ) ) ;
#990 = CARTESIAN_POINT ( 'NONE',  ( 1331.748037948730143, 535.3768940268377037, -96.61762565710432682 ) ) ;
#991 = CARTESIAN_POINT ( 'NONE',  ( 1164.968855968802245, 298.0019002575986633, -103.5584765748311185 ) ) ;
#992 = CARTESIAN_POINT ( 'NONE',  ( 559.9999999999998863, 8.499157203722489839, 33.62694474878038875 ) ) ;
#993 = CARTESIAN_POINT ( 'NONE',  ( 947.3555228023868722, 200.1544187624997448, 58.00922988147859627 ) ) ;
#994 = CARTESIAN_POINT ( 'NONE',  ( 1423.468561449897834, 751.4276572927805091, -100.6866944161632773 ) ) ;
#995 = CARTESIAN_POINT ( 'NONE',  ( 1443.237777197552759, 942.9664760101353522, -31.47016077282046354 ) ) ;
#996 = CARTESIAN_POINT ( 'NONE',  ( 1254.278568728836717, 565.1807870714023920, 48.12530445326714101 ) ) ;
#997 = CARTESIAN_POINT ( 'NONE',  ( 1347.600060213044571, 500.9892850410959682, -157.0559879945335808 ) ) ;
#998 = CARTESIAN_POINT ( 'NONE',  ( 1219.366404610257177, 647.8006820955109788, 165.0614430100834227 ) ) ;
#999 = CARTESIAN_POINT ( 'NONE',  ( 579.5091926041319539, -8.075406775727277164, -40.48102010704159426 ) ) ;
#1000 = CARTESIAN_POINT ( 'NONE',  ( 894.5199227905816315, 168.4658129673287874, 72.15818472279909201 ) ) ;
#1001 = CARTESIAN_POINT ( 'NONE',  ( 1219.217106265283064, 648.1521792841268734, 163.0498557919098630 ) ) ;
#1002 = CARTESIAN_POINT ( 'NONE',  ( 1295.029556545507603, 468.7045293796920191, -119.8610354078677460 ) ) ;
#1003 = CARTESIAN_POINT ( 'NONE',  ( 1132.616493315054640, 401.0686096777544094, 73.89473508873841467 ) ) ;
#1004 = CARTESIAN_POINT ( 'NONE',  ( 579.5059099969407725, -7.609243243381849986, -40.87992787815218065 ) ) ;
#1005 = CARTESIAN_POINT ( 'NONE',  ( 1219.001362887905543, 499.6754323478328956, 12.21419094995370358 ) ) ;
#1006 = CARTESIAN_POINT ( 'NONE',  ( 991.8140812446058590, 268.7250003379598979, 83.37463081445572755 ) ) ;
#1007 = CARTESIAN_POINT ( 'NONE',  ( 1400.570779788022492, 790.5298051139782274, -29.76331555377102944 ) ) ;
#1008 = CARTESIAN_POINT ( 'NONE',  ( 1223.075480162789063, 639.0142931410285883, 145.1360653331973367 ) ) ;
#1009 = CARTESIAN_POINT ( 'NONE',  ( 1307.286359946593848, 439.7202048288517631, -145.6838642354170474 ) ) ;
#1010 = CARTESIAN_POINT ( 'NONE',  ( 1394.362381347116070, 1015.145627080264831, 68.47257839183019712 ) ) ;
#1011 = CARTESIAN_POINT ( 'NONE',  ( 1463.560191832308874, 876.3446388547640709, -92.33601538650316343 ) ) ;
#1012 = CARTESIAN_POINT ( 'NONE',  ( 1422.816149093242984, 938.2358741199378755, -1.689287295079545226 ) ) ;
#1013 = CARTESIAN_POINT ( 'NONE',  ( 1404.962829452780170, 965.3558087521722655, 20.65861824101822819 ) ) ;
#1014 = CARTESIAN_POINT ( 'NONE',  ( 560.0000000000000000, -10.92346376743594583, -33.29847329703289205 ) ) ;
#1015 = CARTESIAN_POINT ( 'NONE',  ( 900.5965038587155505, 128.5009061628816767, -46.13784187982334117 ) ) ;
#1016 = CARTESIAN_POINT ( 'NONE',  ( 1122.215634088923480, 434.1654418408088532, 106.7310582438685600 ) ) ;
#1017 = ADVANCED_FACE ( 'NONE', ( #1119 ), #5051, .T. ) ;
#1018 = CARTESIAN_POINT ( 'NONE',  ( 1439.590150456164793, 723.9092225935038414, -133.6965869691327100 ) ) ;
#1019 = CARTESIAN_POINT ( 'NONE',  ( 792.4320569678767470, 46.02226165188019280, -76.51667929690094638 ) ) ;
#1020 = CARTESIAN_POINT ( 'NONE',  ( 1372.199362971744449, 838.9656340075752041, 39.36039334459081118 ) ) ;
#1021 = CARTESIAN_POINT ( 'NONE',  ( 1427.109995392736209, 931.7137215583804846, -24.62696949041322014 ) ) ;
#1022 = CARTESIAN_POINT ( 'NONE',  ( 1063.997392442012597, 214.1782397748011419, -82.17290127930786525 ) ) ;
#1023 = CARTESIAN_POINT ( 'NONE',  ( 1452.011238495501857, 821.8625892193706477, -102.5858886467546682 ) ) ;
#1024 = CARTESIAN_POINT ( 'NONE',  ( 1166.108244466116048, 479.3539631670712424, 80.21518840066561040 ) ) ;
#1025 = CARTESIAN_POINT ( 'NONE',  ( 1112.503943518687493, 264.1729564283718901, -75.71839009105613627 ) ) ;
#1026 = CARTESIAN_POINT ( 'NONE',  ( 676.8736847699852888, 12.44701047723697052, -41.24283209255108318 ) ) ;
#1027 = CARTESIAN_POINT ( 'NONE',  ( 1377.584823412176092, 1006.942921033128414, 95.09226691671165099 ) ) ;
#1028 = CARTESIAN_POINT ( 'NONE',  ( 997.6519503386075485, 241.5510832890390418, 56.03032637325515708 ) ) ;
#1029 = CARTESIAN_POINT ( 'NONE',  ( 1362.793545116937594, 610.1483238806792997, -103.6527951464122594 ) ) ;
#1030 = CARTESIAN_POINT ( 'NONE',  ( 1007.592177352977501, 195.1739669405989446, -35.42162362157659317 ) ) ;
#1031 = CARTESIAN_POINT ( 'NONE',  ( 952.2141277458994182, 173.6012277481083856, 3.484709480734102360 ) ) ;
#1032 = CARTESIAN_POINT ( 'NONE',  ( 618.6616021331135471, 1.450523390636643706, -44.09302783596608322 ) ) ;
#1033 = CARTESIAN_POINT ( 'NONE',  ( 1077.893519744800415, 387.8548070357598476, 133.9857415418723292 ) ) ;
#1034 = CARTESIAN_POINT ( 'NONE',  ( 1121.167708240350521, 233.1919195077777829, -132.7068646311709301 ) ) ;
#1035 = CARTESIAN_POINT ( 'NONE',  ( 841.9633067960758126, 129.5127184610894631, 63.51327607080421700 ) ) ;
#1036 = CARTESIAN_POINT ( 'NONE',  ( 1319.414396374781973, 929.0753882481358232, 154.1047638703798555 ) ) ;
#1037 = CARTESIAN_POINT ( 'NONE',  ( 1398.546534017317754, 975.1018898305679841, 49.80919598912790036 ) ) ;
#1038 = CARTESIAN_POINT ( 'NONE',  ( 792.4798270356477587, 45.52280254358972655, -76.57862088329400763 ) ) ;
#1039 = CARTESIAN_POINT ( 'NONE',  ( 1177.707436217151553, 446.1112996590362627, 21.31607628123579445 ) ) ;
#1040 = CARTESIAN_POINT ( 'NONE',  ( 675.3177650662992164, 49.40965759161431947, 41.87007450934943620 ) ) ;
#1041 = CARTESIAN_POINT ( 'NONE',  ( 1366.743350528102837, 731.0271811694459529, -10.25638828003692282 ) ) ;
#1042 = CARTESIAN_POINT ( 'NONE',  ( 1222.392038357922956, 640.6328416961479206, 148.2485788262963240 ) ) ;
#1043 = CARTESIAN_POINT ( 'NONE',  ( 1039.916945810344487, 311.8200024194072171, 100.0594797435658165 ) ) ;
#1044 = CARTESIAN_POINT ( 'NONE',  ( 618.2735459140725425, 24.47108000649452464, 45.35376850817351624 ) ) ;
#1045 = CARTESIAN_POINT ( 'NONE',  ( 1460.360823531104415, 881.2045409571163646, -86.85160925629888595 ) ) ;
#1046 = CARTESIAN_POINT ( 'NONE',  ( 845.6436338449399273, 99.59295748209147803, -4.204013828259421715 ) ) ;
#1047 = CARTESIAN_POINT ( 'NONE',  ( 995.1679692411579481, 253.0547406076288439, 44.68172299338919373 ) ) ;
#1048 = CARTESIAN_POINT ( 'NONE',  ( 677.0091027807694672, 9.178931733743002752, -52.22056709192345636 ) ) ;
#1049 = CARTESIAN_POINT ( 'NONE',  ( 789.8559506376416266, 73.20001524158547568, -32.08577871982650720 ) ) ;
#1050 = CARTESIAN_POINT ( 'NONE',  ( 1309.505284509780040, 836.3852454469836175, 121.6065427258178318 ) ) ;
#1051 = CARTESIAN_POINT ( 'NONE',  ( 1211.552534523214490, 349.1541423635299566, -123.2428623170994655 ) ) ;
#1052 = CARTESIAN_POINT ( 'NONE',  ( 1387.529999567293771, 1025.235683806643010, 74.43691775299814140 ) ) ;
#1053 = CARTESIAN_POINT ( 'NONE',  ( 734.9234691615753263, 26.25560093142403062, -66.87750507125605282 ) ) ;
#1054 = CARTESIAN_POINT ( 'NONE',  ( 1142.545464973176877, 369.4398126955162525, 19.22139899487630998 ) ) ;
#1055 = CARTESIAN_POINT ( 'NONE',  ( 1417.182163277809650, 876.6227883379907553, -33.80642997662869220 ) ) ;
#1056 = CARTESIAN_POINT ( 'NONE',  ( 848.7146716064454495, 74.59270727590950401, -64.38239305799461931 ) ) ;
#1057 = CARTESIAN_POINT ( 'NONE',  ( 1454.170601392512253, 926.8208887374394180, -60.58549304258112755 ) ) ;
#1058 = CARTESIAN_POINT ( 'NONE',  ( 675.4108144546231642, 47.12305344609878688, 28.88066129352103317 ) ) ;
#1059 = CARTESIAN_POINT ( 'NONE',  ( 579.4904431763777666, -5.540414473871202006, -24.04228527426150563 ) ) ;
#1060 = CARTESIAN_POINT ( 'NONE',  ( 618.7404965081196906, -2.771146412775270296, -39.95983038147654298 ) ) ;
#1061 = CARTESIAN_POINT ( 'NONE',  ( 1082.323531294259965, 372.0355617184852122, 118.0719189459025813 ) ) ;
#1062 = CARTESIAN_POINT ( 'NONE',  ( 1377.528741928053705, 938.9820812431561308, 72.92813375002504017 ) ) ;
#1063 = CARTESIAN_POINT ( 'NONE',  ( 1158.331864740433730, 319.1015281351678823, -90.93477813155233491 ) ) ;
#1064 = CARTESIAN_POINT ( 'NONE',  ( 1206.098396161641631, 364.8125081790133208, -81.14735188282976708 ) ) ;
#1065 = CARTESIAN_POINT ( 'NONE',  ( 1418.678794360424035, 944.5206067300121049, 7.066450752670821345 ) ) ;
#1066 = CARTESIAN_POINT ( 'NONE',  ( 848.4340584145561479, 76.79597507536679757, -76.73002808746107917 ) ) ;
#1067 = CARTESIAN_POINT ( 'NONE',  ( 1240.153183489506546, 598.5790735588167308, 71.17713730721290233 ) ) ;
#1068 = CARTESIAN_POINT ( 'NONE',  ( 1220.198665261444830, 645.8325057148518908, 164.7957798958757962 ) ) ;
#1069 = CARTESIAN_POINT ( 'NONE',  ( 1120.941248754214485, 234.0043821279247709, -130.5670851619834991 ) ) ;
#1070 = CARTESIAN_POINT ( 'NONE',  ( 842.0412836304304847, 128.8795587529807847, 62.17644455186491825 ) ) ;
#1071 = CARTESIAN_POINT ( 'NONE',  ( 892.0144101221959545, 184.8620970491223829, 93.48069240185235174 ) ) ;
#1072 = CARTESIAN_POINT ( 'NONE',  ( 1091.928513094590699, 337.7145211089951999, 56.54606155934229150 ) ) ;
#1073 = CARTESIAN_POINT ( 'NONE',  ( 1354.367099521629370, 486.3235307041233000, -171.6179816741938566 ) ) ;
#1074 = CARTESIAN_POINT ( 'NONE',  ( 1279.483316596629038, 648.6783125789675069, 45.50143945431486259 ) ) ;
#1075 = CARTESIAN_POINT ( 'NONE',  ( 579.4629798779953944, -1.756063900979337067, -9.639268443111388862 ) ) ;
#1076 = CARTESIAN_POINT ( 'NONE',  ( 1035.762741959906634, 328.6366749943701961, 114.6088061478291138 ) ) ;
#1077 = CARTESIAN_POINT ( 'NONE',  ( 1261.854322270766261, 686.9344086778023666, 133.4009896834419635 ) ) ;
#1078 = CARTESIAN_POINT ( 'NONE',  ( 992.2716470142296430, 266.6408593462292629, 104.5643775685043693 ) ) ;
#1079 = CARTESIAN_POINT ( 'NONE',  ( 1461.163692858806371, 807.4732979321231596, -119.3890763651313449 ) ) ;
#1080 = CARTESIAN_POINT ( 'NONE',  ( 1389.477225257621512, 809.4686710417547602, -2.822234699388853851 ) ) ;
#1081 = CARTESIAN_POINT ( 'NONE',  ( 618.7623995593459085, -4.087793290648030542, -44.85293712018348344 ) ) ;
#1082 = CARTESIAN_POINT ( 'NONE',  ( 1358.117740805411358, 619.4778031639540359, -91.56761265381305748 ) ) ;
#1083 = CARTESIAN_POINT ( 'NONE',  ( 579.3261173356522704, 17.29368657930783826, 32.09340237644904192 ) ) ;
#1084 = CARTESIAN_POINT ( 'NONE',  ( 840.2420869679282305, 143.4584934356557540, 78.91224238072616970 ) ) ;
#1085 = CARTESIAN_POINT ( 'NONE',  ( 1218.821115752693458, 328.3396658055123680, -148.2055163965138149 ) ) ;
#1086 = CARTESIAN_POINT ( 'NONE',  ( 618.5138528970948073, 10.63866802571168257, 7.213798347137779565 ) ) ;
#1087 = CARTESIAN_POINT ( 'NONE',  ( 1223.932103345603082, 486.8741606259206378, -7.911057985871038589 ) ) ;
#1088 = CARTESIAN_POINT ( 'NONE',  ( 1409.403003076152345, 652.4950910548800493, -122.6780263684516115 ) ) ;
#1089 = CARTESIAN_POINT ( 'NONE',  ( 1370.911608376957020, 593.9510348560488637, -124.1588425902098294 ) ) ;
#1090 = CARTESIAN_POINT ( 'NONE',  ( 579.3336951540666178, 16.28278318025109428, 21.95762011697079075 ) ) ;
#1091 = CARTESIAN_POINT ( 'NONE',  ( 1111.837012377922292, 266.5568729892354440, -71.46436262814438578 ) ) ;
#1092 = CARTESIAN_POINT ( 'NONE',  ( 1343.477712592889930, 509.9408652580968919, -134.2486817316373617 ) ) ;
#1093 = CARTESIAN_POINT ( 'NONE',  ( 1352.689813497631349, 978.0398949981658916, 129.1654591604541054 ) ) ;
#1094 = CARTESIAN_POINT ( 'NONE',  ( 579.4042334443935260, 6.370847448253910805, 17.60160594217942887 ) ) ;
#1095 = PRODUCT_RELATED_PRODUCT_CATEGORY ( 'detail', '', ( #5520 ) ) ;
#1096 = CARTESIAN_POINT ( 'NONE',  ( 901.6034648812367323, 121.9036094802044801, -57.71435108807264669 ) ) ;
#1097 = CARTESIAN_POINT ( 'NONE',  ( 579.4806657320403929, -4.194209192176747258, -18.79689701175612981 ) ) ;
#1098 = CARTESIAN_POINT ( 'NONE',  ( 1224.453503914526209, 485.5669903907614753, 20.98717961173460367 ) ) ;
#1099 = CARTESIAN_POINT ( 'NONE',  ( 1385.388299396260891, 565.0689565988675440, -158.5065315044753902 ) ) ;
#1100 = CARTESIAN_POINT ( 'NONE',  ( 1041.378742478627601, 305.8295743924147132, 57.87213414994121052 ) ) ;
#1101 = CARTESIAN_POINT ( 'NONE',  ( 1036.417782407541608, 325.9986290443499115, 121.9839049787597389 ) ) ;
#1102 = CARTESIAN_POINT ( 'NONE',  ( 1392.954448696539430, 549.9772084352526917, -173.1302933773270638 ) ) ;
#1103 = CARTESIAN_POINT ( 'NONE',  ( 732.0594954747024303, 68.95559122225206750, 55.57068417378296488 ) ) ;
#1104 = CARTESIAN_POINT ( 'NONE',  ( 1235.792512833111005, 608.9322447634434639, 116.7401329870167075 ) ) ;
#1105 = CARTESIAN_POINT ( 'NONE',  ( 1370.568520933849868, 1017.601172311722848, 99.90269196637513005 ) ) ;
#1106 = CARTESIAN_POINT ( 'NONE',  ( 560.0000000000001137, 1.583557448603657880, 14.62955585907790201 ) ) ;
#1107 = CARTESIAN_POINT ( 'NONE',  ( 961.1456411956464763, 124.7265146204830160, -106.0349420942107344 ) ) ;
#1108 = CARTESIAN_POINT ( 'NONE',  ( 1131.457468166008084, 404.7067563118094995, 47.64225519502760875 ) ) ;
#1109 = CARTESIAN_POINT ( 'NONE',  ( 1227.083340941492452, 629.5228973815491145, 126.0918980862347496 ) ) ;
#1110 = CARTESIAN_POINT ( 'NONE',  ( 1105.851987102781550, 287.9504546895454951, -33.08704355135555630 ) ) ;
#1111 = CARTESIAN_POINT ( 'NONE',  ( 559.9999999999998863, 11.77276948078568353, 35.17257921822051969 ) ) ;
#1112 = CARTESIAN_POINT ( 'NONE',  ( 1041.027929940205922, 307.3171645054020473, 92.14337604311160135 ) ) ;
#1113 = CARTESIAN_POINT ( 'NONE',  ( 1351.280569327342391, 980.2556599212490482, 131.8273537681527614 ) ) ;
#1114 = CARTESIAN_POINT ( 'NONE',  ( 1342.145536690555673, 512.8137684335080166, -143.2206601490443063 ) ) ;
#1115 = CARTESIAN_POINT ( 'NONE',  ( 1190.861502488857013, 408.4720375642028785, -8.882423710562049379 ) ) ;
#1116 = CARTESIAN_POINT ( 'NONE',  ( 960.9815885647104778, 125.6553480368642965, -97.66982752911675902 ) ) ;
#1117 = CARTESIAN_POINT ( 'NONE',  ( 1267.076700107890019, 534.8899539069868752, 0.6016875075772963877 ) ) ;
#1118 = CARTESIAN_POINT ( 'NONE',  ( 789.4301374376497051, 77.70048859940807517, -22.69448023011583615 ) ) ;
#1119 = FACE_OUTER_BOUND ( 'NONE', #5404, .T. ) ;
#1120 = CARTESIAN_POINT ( 'NONE',  ( 840.4632704280529651, 141.6393671557062532, 69.98879273050300753 ) ) ;
#1121 = CARTESIAN_POINT ( 'NONE',  ( 618.1984800107466071, 28.53670971077138674, 39.58087164457791118 ) ) ;
#1122 = CARTESIAN_POINT ( 'NONE',  ( 960.2251728603013134, 129.7461961628291363, -100.7797232749693563 ) ) ;
#1123 = CARTESIAN_POINT ( 'NONE',  ( 1002.050139654423447, 221.0335830542785232, 15.85212324658260741 ) ) ;
#1124 = CARTESIAN_POINT ( 'NONE',  ( 788.4528183581968506, 88.04080473758000380, 1.202544221915376355 ) ) ;
#1125 = CARTESIAN_POINT ( 'NONE',  ( 1438.296029651710796, 726.1274770695591769, -120.0299498958720505 ) ) ;
#1126 = CARTESIAN_POINT ( 'NONE',  ( 1290.248454274665391, 480.0177259896784108, -105.0434512184758944 ) ) ;
#1127 = CARTESIAN_POINT ( 'NONE',  ( 1389.760398640411495, 988.4485831139779748, 53.96711342340014994 ) ) ;
#1128 = CARTESIAN_POINT ( 'NONE',  ( 1448.270520369505448, 899.5700140407763001, -55.14555828927585424 ) ) ;
#1129 = CARTESIAN_POINT ( 'NONE',  ( 1259.883989622943091, 393.5798014337423183, -125.6860249082836845 ) ) ;
#1130 = CARTESIAN_POINT ( 'NONE',  ( 1378.167619624418421, 1006.057693183908896, 93.98870869786804860 ) ) ;
#1131 = CARTESIAN_POINT ( 'NONE',  ( 732.7732369943521462, 58.36767438159959909, 30.63564101361184555 ) ) ;
#1132 = CARTESIAN_POINT ( 'NONE',  ( 1156.455068051465332, 325.0781432229888992, -82.31448308349072818 ) ) ;
#1133 = CARTESIAN_POINT ( 'NONE',  ( 1445.138508132307607, 904.3276534911063891, -48.61747911116411558 ) ) ;
#1134 = CARTESIAN_POINT ( 'NONE',  ( 1099.224684400159276, 311.6383337394489672, 9.601013223030578914 ) ) ;
#1135 = CARTESIAN_POINT ( 'NONE',  ( 1065.623273201626944, 207.5398859095365651, -110.1429619693529958 ) ) ;
#1136 = CARTESIAN_POINT ( 'NONE',  ( 676.8263828472801151, 13.58557910685722447, -37.56739851060623891 ) ) ;
#1137 = CARTESIAN_POINT ( 'NONE',  ( 1086.711302903980595, 356.2964314796043368, 57.80352452532503094 ) ) ;
#1138 = CARTESIAN_POINT ( 'NONE',  ( 1323.160131062843902, 922.6855879011720845, 154.9617914777178100 ) ) ;
#1139 = CARTESIAN_POINT ( 'NONE',  ( 560.0000000000003411, -10.01398406515994743, -36.57268029425578959 ) ) ;
#1140 = CARTESIAN_POINT ( 'NONE',  ( 994.5940727533817380, 255.8118353574620585, 83.24508932302194353 ) ) ;
#1141 = CARTESIAN_POINT ( 'NONE',  ( 786.5655608919865927, 108.1461261986183189, 76.10777113050485809 ) ) ;
#1142 = CARTESIAN_POINT ( 'NONE',  ( 997.6519503386075485, 241.5510832890390418, 56.03032637325515708 ) ) ;
#1143 = CARTESIAN_POINT ( 'NONE',  ( 1475.770713749494007, 784.5106223449660092, -142.8764034462377026 ) ) ;
#1144 = CARTESIAN_POINT ( 'NONE',  ( 1365.131983019703284, 851.0146251044016026, 32.03478891149178054 ) ) ;
#1145 = CARTESIAN_POINT ( 'NONE',  ( 1200.998131770442342, 379.4268824123918193, -57.09640965909100174 ) ) ;
#1146 = CARTESIAN_POINT ( 'NONE',  ( 942.1598681848664683, 228.5086889113244126, 99.18582822365353024 ) ) ;
#1147 = CARTESIAN_POINT ( 'NONE',  ( 675.6289082595707214, 42.18797239360556262, 44.44929519081709657 ) ) ;
#1148 = CARTESIAN_POINT ( 'NONE',  ( 1117.977122636118338, 447.6881581479586885, 142.9755842636241709 ) ) ;
#1149 = CARTESIAN_POINT ( 'NONE',  ( 847.8435604436917856, 81.58529566346653894, -69.66291199531329426 ) ) ;
#1150 = CARTESIAN_POINT ( 'NONE',  ( 1378.870511528827592, 708.7021176216057938, -42.51000050521206930 ) ) ;
#1151 = CARTESIAN_POINT ( 'NONE',  ( 1169.941529546882066, 282.1581860102143651, -130.3124356415357283 ) ) ;
#1152 = CARTESIAN_POINT ( 'NONE',  ( 952.4094324096880655, 172.5335545009770328, 1.251011750207135398 ) ) ;
#1153 = CARTESIAN_POINT ( 'NONE',  ( 844.5247687534388206, 108.5400452052949873, -20.26245412402418467 ) ) ;
#1154 = EDGE_LOOP ( 'NONE', ( #2272, #1645 ) ) ;
#1155 = CARTESIAN_POINT ( 'NONE',  ( 1391.524775179146445, 1019.336201922920395, 64.66220829054068986 ) ) ;
#1156 = CARTESIAN_POINT ( 'NONE',  ( 894.0489796549506991, 171.5511294066367611, 78.18126399520208736 ) ) ;
#1157 = CARTESIAN_POINT ( 'NONE',  ( 560.0000000000004547, 11.75030569459770824, 29.37711627488264554 ) ) ;
#1158 = CARTESIAN_POINT ( 'NONE',  ( 1392.132161653523326, 551.6161988134998637, -172.2595971665390948 ) ) ;
#1159 = CARTESIAN_POINT ( 'NONE',  ( 1184.802343703044244, 425.8332940118569923, 20.09258834485468626 ) ) ;
#1160 = CARTESIAN_POINT ( 'NONE',  ( 560.0000000000001137, 6.264402787164206288, -1.547207041335761257 ) ) ;
#1161 = CARTESIAN_POINT ( 'NONE',  ( 1459.723500432932042, 809.7420102785947620, -107.0730413728882127 ) ) ;
#1162 = CARTESIAN_POINT ( 'NONE',  ( 1452.767221384652885, 928.8933993705120429, -58.11797779297747724 ) ) ;
#1163 = CARTESIAN_POINT ( 'NONE',  ( 1165.188794293698038, 481.9895891891881661, 85.22283222548848869 ) ) ;
#1164 = CARTESIAN_POINT ( 'NONE',  ( 618.7012252743570571, -0.4075670640865708405, -30.64014097058632657 ) ) ;
#1165 = CARTESIAN_POINT ( 'NONE',  ( 1460.905600116296000, 880.3770023026588660, -81.29723542679113280 ) ) ;
#1166 = CARTESIAN_POINT ( 'NONE',  ( 1378.802005463018759, 1005.094030308132574, 92.60668574351112170 ) ) ;
#1167 = CARTESIAN_POINT ( 'NONE',  ( 1279.087185108799304, 649.5675864911877397, 76.44933650864815888 ) ) ;
#1168 = CARTESIAN_POINT ( 'NONE',  ( 1108.643367908657638, 277.9112756795169048, -77.10121293132517906 ) ) ;
#1169 = CARTESIAN_POINT ( 'NONE',  ( 1421.483465365985239, 754.8282850267019057, -80.08714511346931886 ) ) ;
#1170 = CARTESIAN_POINT ( 'NONE',  ( 1167.776483344733833, 474.6139374011603422, 101.3452240541364091 ) ) ;
#1171 = CARTESIAN_POINT ( 'NONE',  ( 1383.938398792162161, 818.9245738012084530, 10.66084126350193806 ) ) ;
#1172 = CARTESIAN_POINT ( 'NONE',  ( 848.2110966107322838, 78.60351314110747012, -74.17518307155410184 ) ) ;
#1173 = CARTESIAN_POINT ( 'NONE',  ( 1041.842847081446962, 303.9461882141927731, 53.78996014827919225 ) ) ;
#1174 = CARTESIAN_POINT ( 'NONE',  ( 1079.428586687516599, 382.3758850115004293, 131.1769685161286816 ) ) ;
#1175 = CARTESIAN_POINT ( 'NONE',  ( 1196.708914394602289, 557.5932918917545749, 137.6508516617363114 ) ) ;
#1176 = CARTESIAN_POINT ( 'NONE',  ( 1267.846956174151728, 372.8970767384406599, -160.5575242923549695 ) ) ;
#1177 = CARTESIAN_POINT ( 'NONE',  ( 1041.557556239086125, 305.1704535422287563, 88.21479864768436130 ) ) ;
#1178 = CARTESIAN_POINT ( 'NONE',  ( 1188.431469346591484, 579.0725821229541452, 158.4761850195839372 ) ) ;
#1179 = CARTESIAN_POINT ( 'NONE',  ( 843.1850481568764053, 119.5873294154485080, 42.01945785376550191 ) ) ;
#1180 = CARTESIAN_POINT ( 'NONE',  ( 734.8722585766864768, 27.00814752965024113, -66.51490369811182291 ) ) ;
#1181 = CARTESIAN_POINT ( 'NONE',  ( 618.2532778859257405, 25.08881745377020422, 16.81586733387687005 ) ) ;
#1182 = CARTESIAN_POINT ( 'NONE',  ( 1241.442944026154464, 441.4584632236882840, -49.95651876698973837 ) ) ;
#1183 = CARTESIAN_POINT ( 'NONE',  ( 786.5172675387779009, 108.6472239827904644, 74.46674095089839795 ) ) ;
#1184 = CARTESIAN_POINT ( 'NONE',  ( 1447.632618434947290, 710.1881100415041601, -141.9429572015353642 ) ) ;
#1185 = CARTESIAN_POINT ( 'NONE',  ( 618.3234755582218440, 21.62849198175367249, 38.17803158838194832 ) ) ;
#1186 = CARTESIAN_POINT ( 'NONE',  ( 1458.480511502591298, 920.4560164428760345, -68.00883776751564369 ) ) ;
#1187 = CARTESIAN_POINT ( 'NONE',  ( 1188.589154005423552, 578.6642371794047222, 158.8153614694355156 ) ) ;
#1188 = CARTESIAN_POINT ( 'NONE',  ( 903.7692025466299128, 107.7200812981962912, -80.41798212376768618 ) ) ;
#1189 = CARTESIAN_POINT ( 'NONE',  ( 560.0000000000006821, -5.074785461059917679, -8.637370338033393935 ) ) ;
#1190 = CARTESIAN_POINT ( 'NONE',  ( 1267.461221541707573, 373.9022693788089100, -157.6672245291027252 ) ) ;
#1191 = CARTESIAN_POINT ( 'NONE',  ( 1368.878513366716788, 727.0784796541598780, -40.16845626331790697 ) ) ;
#1192 = ORIENTED_EDGE ( 'NONE', *, *, #6902, .T. ) ;
#1193 = CARTESIAN_POINT ( 'NONE',  ( 1226.455321248110067, 631.0099880910522643, 128.9021418189486781 ) ) ;
#1194 = CARTESIAN_POINT ( 'NONE',  ( 731.6035246845076472, 75.62396867672573819, 52.17631583304368803 ) ) ;
#1195 = CARTESIAN_POINT ( 'NONE',  ( 1470.026584241765022, 866.5218533717527407, -102.4586254554727702 ) ) ;
#1196 = CARTESIAN_POINT ( 'NONE',  ( 1408.882325276629672, 889.6820411829201021, 3.620841294048243952 ) ) ;
#1197 = CARTESIAN_POINT ( 'NONE',  ( 1424.057242827304208, 971.2922760129183644, -4.398648084416559634 ) ) ;
#1198 = CARTESIAN_POINT ( 'NONE',  ( 559.9999999999998863, -10.38095875763650611, -31.01286930198325109 ) ) ;
#1199 = CARTESIAN_POINT ( 'NONE',  ( 618.5524395524903412, 7.681374114123711294, -32.69190222157599379 ) ) ;
#1200 = CARTESIAN_POINT ( 'NONE',  ( 1164.279198483461187, 484.5970844906351545, 90.24050466447518204 ) ) ;
#1201 = CARTESIAN_POINT ( 'NONE',  ( 1113.842340785645547, 259.3887017860451465, -84.24641814965649189 ) ) ;
#1202 = CARTESIAN_POINT ( 'NONE',  ( 1460.385904804893016, 917.6421329208747011, -65.94750740290545821 ) ) ;
#1203 = CARTESIAN_POINT ( 'NONE',  ( 560.0000000000002274, 1.218117383127502062, 13.47600749482811899 ) ) ;
#1204 = CARTESIAN_POINT ( 'NONE',  ( 733.5992110777973494, 45.85653668969506214, -35.46413654876747046 ) ) ;
#1205 = CARTESIAN_POINT ( 'NONE',  ( 791.3605332005911350, 57.44872723544448689, -37.63498445395774894 ) ) ;
#1206 = CARTESIAN_POINT ( 'NONE',  ( 894.8573693269362366, 166.2550519349662750, 67.67578398697698105 ) ) ;
#1207 = CARTESIAN_POINT ( 'NONE',  ( 1462.714773385671606, 914.2028613980643286, -70.60717073474937422 ) ) ;
#1208 = CARTESIAN_POINT ( 'NONE',  ( 787.3095691372468536, 100.1676201850385723, 35.57557358375868972 ) ) ;
#1209 = CARTESIAN_POINT ( 'NONE',  ( 1035.537123857816368, 329.5653062008357779, 124.3687123274754072 ) ) ;
#1210 = CARTESIAN_POINT ( 'NONE',  ( 1284.426895541270369, 766.5533281110817825, 148.3762915292952869 ) ) ;
#1211 = CARTESIAN_POINT ( 'NONE',  ( 905.8280807160023187, 94.25479495302090527, -95.85423124563602926 ) ) ;
#1212 = CARTESIAN_POINT ( 'NONE',  ( 945.6732863236812818, 209.3439112128763213, 76.21736417098644267 ) ) ;
#1213 = CARTESIAN_POINT ( 'NONE',  ( 1411.984366729713429, 989.1214911535034844, 32.45338330636050017 ) ) ;
#1214 = CARTESIAN_POINT ( 'NONE',  ( 792.3052795593449673, 47.35507908511873865, -75.42402623863046074 ) ) ;
#1215 = CARTESIAN_POINT ( 'NONE',  ( 787.6021551237901122, 97.05836982337059737, 25.63123255810194578 ) ) ;
#1216 = CARTESIAN_POINT ( 'NONE',  ( 791.0085876995199214, 61.17877116690967654, -27.91036759540121537 ) ) ;
#1217 = CARTESIAN_POINT ( 'NONE',  ( 1078.025955965927096, 387.3738237149734687, 129.0328414050439960 ) ) ;
#1218 = CARTESIAN_POINT ( 'NONE',  ( 945.2003738175711760, 211.9267412645182276, 81.18450897119201670 ) ) ;
#1219 = CARTESIAN_POINT ( 'NONE',  ( 1377.169135132991869, 581.4663771153097969, -139.4244454160249518 ) ) ;
#1220 = CARTESIAN_POINT ( 'NONE',  ( 675.2966247123812309, 50.03796769872754169, 57.44856244451931104 ) ) ;
#1221 = CARTESIAN_POINT ( 'NONE',  ( 1010.231488241899456, 182.7870913889623807, -83.34561372175089389 ) ) ;
#1222 = CARTESIAN_POINT ( 'NONE',  ( 1006.803519266024750, 198.8543390059435580, -28.08555342269434618 ) ) ;
#1223 = CARTESIAN_POINT ( 'NONE',  ( 1468.625889473890538, 905.4733292131967346, -82.68396529746019041 ) ) ;
#1224 = CARTESIAN_POINT ( 'NONE',  ( 1306.216867075612072, 590.7090638994920937, -40.31226447059171392 ) ) ;
#1225 = CARTESIAN_POINT ( 'NONE',  ( 1378.763133429208892, 1005.153538659031369, 79.71869210723667720 ) ) ;
#1226 = CARTESIAN_POINT ( 'NONE',  ( 786.7061096628939367, 106.6105178887916622, 62.16348343477688587 ) ) ;
#1227 = CARTESIAN_POINT ( 'NONE',  ( 676.8480461700524984, 12.88221837453253649, -54.89654044147273027 ) ) ;
#1228 = CARTESIAN_POINT ( 'NONE',  ( 1188.169920057917807, 416.1842830400937601, 3.998132923477069056 ) ) ;
#1229 = CARTESIAN_POINT ( 'NONE',  ( 1374.634020305754120, 1011.425337013450985, 99.20478454223771791 ) ) ;
#1230 = CARTESIAN_POINT ( 'NONE',  ( 579.3629193235692583, 12.27017640410841182, 3.445443283169754789 ) ) ;
#1231 = CARTESIAN_POINT ( 'NONE',  ( 1443.679240023380999, 716.9367544861160013, -132.7204140291750321 ) ) ;
#1232 = CARTESIAN_POINT ( 'NONE',  ( 790.6480040870573021, 64.83433455575340076, -48.27371147019657371 ) ) ;
#1233 = CARTESIAN_POINT ( 'NONE',  ( 618.2139570069329011, 27.49844434948571248, 29.74301627260844683 ) ) ;
#1234 = CARTESIAN_POINT ( 'NONE',  ( 960.2799331461285419, 129.4952396461713420, -89.29597877761443669 ) ) ;
#1235 = CARTESIAN_POINT ( 'NONE',  ( 1046.839160969997465, 283.7595617156973731, 48.75181411654733665 ) ) ;
#1236 = CARTESIAN_POINT ( 'NONE',  ( 1245.904275651349053, 429.8377517624452366, -91.43782479542184660 ) ) ;
#1237 = CARTESIAN_POINT ( 'NONE',  ( 1365.485739050404845, 604.7957248427937884, -92.11033187170646386 ) ) ;
#1238 = CARTESIAN_POINT ( 'NONE',  ( 895.1147566043872530, 164.5685285243168892, 64.19263289724986521 ) ) ;
#1239 = CARTESIAN_POINT ( 'NONE',  ( 1455.551101035759757, 924.7821678111215533, -56.28726210520547824 ) ) ;
#1240 = CARTESIAN_POINT ( 'NONE',  ( 1163.299840207009083, 303.3194808114674288, -94.55842033762401400 ) ) ;
#1241 = CARTESIAN_POINT ( 'NONE',  ( 1389.760398640411495, 988.4485831139779748, 53.96711342340014994 ) ) ;
#1242 = CARTESIAN_POINT ( 'NONE',  ( 675.4578990106584797, 46.23271086727680057, 53.81731509334509411 ) ) ;
#1243 = CARTESIAN_POINT ( 'NONE',  ( 675.5390838979461705, 44.31764692515876192, 49.74135647317742581 ) ) ;
#1244 = CARTESIAN_POINT ( 'NONE',  ( 1121.308849376428725, 232.6827608792925446, -134.8087564445244766 ) ) ;
#1245 = CARTESIAN_POINT ( 'NONE',  ( 946.4365744460587848, 205.1746298464175311, 67.96195143754054868 ) ) ;
#1246 = CARTESIAN_POINT ( 'NONE',  ( 732.8849438702690122, 56.70812355993153631, 26.44089867305105912 ) ) ;
#1247 = CARTESIAN_POINT ( 'NONE',  ( 1468.043404780998571, 906.3335422081554498, -83.15091753800594176 ) ) ;
#1248 = CARTESIAN_POINT ( 'NONE',  ( 1302.508427937835222, 730.4466306318000761, 66.13531128368781253 ) ) ;
#1249 = CARTESIAN_POINT ( 'NONE',  ( 1158.285150554087295, 319.2959914154823196, -67.30298062136252213 ) ) ;
#1250 = CARTESIAN_POINT ( 'NONE',  ( 941.9737829895129835, 229.5315169288493848, 103.0032989586145931 ) ) ;
#1251 = CARTESIAN_POINT ( 'NONE',  ( 1465.410891637876375, 873.5333377482253354, -90.51093896679790873 ) ) ;
#1252 = CARTESIAN_POINT ( 'NONE',  ( 1362.226326846214306, 963.0438235360421686, 106.8382991564947417 ) ) ;
#1253 = CARTESIAN_POINT ( 'NONE',  ( 1164.025680198455802, 485.3591610534307392, 119.0221866354237363 ) ) ;
#1254 = CARTESIAN_POINT ( 'NONE',  ( 731.5520204940152098, 76.46088792914142118, 66.50989742446407149 ) ) ;
#1255 = CARTESIAN_POINT ( 'NONE',  ( 1434.828713447451946, 732.0365102482467137, -124.2148890246220390 ) ) ;
#1256 = CARTESIAN_POINT ( 'NONE',  ( 1438.011280485314956, 950.6849627701127474, -20.84482506130379420 ) ) ;
#1257 = CARTESIAN_POINT ( 'NONE',  ( 1470.734354614384074, 865.4466851274221426, -101.9011430101539730 ) ) ;
#1258 = CARTESIAN_POINT ( 'NONE',  ( 732.8735643583886485, 56.63209061514791642, -11.48076370811066660 ) ) ;
#1259 = CARTESIAN_POINT ( 'NONE',  ( 1158.647919470414308, 500.7429801900753432, 123.2505720494646511 ) ) ;
#1260 = CARTESIAN_POINT ( 'NONE',  ( 840.5396574884603069, 141.0126656606893789, 67.16444670808188278 ) ) ;
#1261 = CARTESIAN_POINT ( 'NONE',  ( 1465.031007993532057, 910.7822477177942346, -78.71880512704464650 ) ) ;
#1262 = CARTESIAN_POINT ( 'NONE',  ( 676.2910824181562930, 26.42485636493882950, 2.251317263938592550 ) ) ;
#1263 = CARTESIAN_POINT ( 'NONE',  ( 731.6971567836134227, 74.31615364175456762, 65.08891967199578232 ) ) ;
#1264 = CARTESIAN_POINT ( 'NONE',  ( 1252.686175298111039, 568.9123143227720902, 23.19707353531698146 ) ) ;
#1265 = CARTESIAN_POINT ( 'NONE',  ( 1066.530001888339484, 203.9049772293974740, -101.4735038724565328 ) ) ;
#1266 = CARTESIAN_POINT ( 'NONE',  ( 618.5401273563921904, 8.387608650619288397, -31.20760347766973553 ) ) ;
#1267 = CARTESIAN_POINT ( 'NONE',  ( 1083.763992311646689, 366.8378322507229541, 79.88598594282028387 ) ) ;
#1268 = CARTESIAN_POINT ( 'NONE',  ( 1306.611485181256057, 441.3172994704420944, -143.3157567285893208 ) ) ;
#1269 = MANIFOLD_SOLID_BREP ( 'Loft1', #215 ) ;
#1270 = CARTESIAN_POINT ( 'NONE',  ( 732.8849438702690122, 56.70812355993153631, 26.44089867305105912 ) ) ;
#1271 = CARTESIAN_POINT ( 'NONE',  ( 1244.118035238374887, 434.4741063601071573, -85.01093328032843033 ) ) ;
#1272 = CARTESIAN_POINT ( 'NONE',  ( 1160.786137218035947, 311.3278576490543514, -80.92241691881061172 ) ) ;
#1273 = CARTESIAN_POINT ( 'NONE',  ( 732.3369646779914319, 64.84237309611556555, 46.24671476044654383 ) ) ;
#1274 = CARTESIAN_POINT ( 'NONE',  ( 1427.822998541870447, 965.7310105564342848, -11.76185167217981231 ) ) ;
#1275 = CARTESIAN_POINT ( 'NONE',  ( 991.5681859763233206, 269.9189306145430010, 109.0648047510771050 ) ) ;
#1276 = CARTESIAN_POINT ( 'NONE',  ( 1267.889569548601003, 673.8480375292472218, 113.4994807427299293 ) ) ;
#1277 = CARTESIAN_POINT ( 'NONE',  ( 1404.740123513655817, 965.6937256972370278, 36.65509621387050743 ) ) ;
#1278 = CARTESIAN_POINT ( 'NONE',  ( 560.0000000000001137, -8.510458022589196148, -35.56983946281094688 ) ) ;
#1279 = CARTESIAN_POINT ( 'NONE',  ( 1042.469722308516339, 301.4024389445494307, 48.36489469023538135 ) ) ;
#1280 = CARTESIAN_POINT ( 'NONE',  ( 1416.593881293842742, 763.1755507230484454, -68.37557632045964340 ) ) ;
#1281 = CARTESIAN_POINT ( 'NONE',  ( 1247.083035846691246, 718.9556835547490437, 167.2280860381775653 ) ) ;
#1282 = CARTESIAN_POINT ( 'NONE',  ( 734.9934541780124846, 25.27064440726002204, -63.00082961307318641 ) ) ;
#1283 = CARTESIAN_POINT ( 'NONE',  ( 1341.506580307211152, 891.3652051564841940, 114.4943217731207596 ) ) ;
#1284 = CARTESIAN_POINT ( 'NONE',  ( 787.5361564288990621, 97.91396323016951442, 61.20379774044690180 ) ) ;
#1285 = CARTESIAN_POINT ( 'NONE',  ( 1078.335217880309528, 386.2792694934356632, 133.7194599529279628 ) ) ;
#1286 = CARTESIAN_POINT ( 'NONE',  ( 734.1943630000234862, 37.03691130376399343, -52.02504782750710888 ) ) ;
#1287 = CARTESIAN_POINT ( 'NONE',  ( 1396.403459908623063, 797.6442080909685046, -19.67119443226320996 ) ) ;
#1288 = CARTESIAN_POINT ( 'NONE',  ( 1469.032918737792215, 868.0311315884536043, -98.09025407909167882 ) ) ;
#1289 = CARTESIAN_POINT ( 'NONE',  ( 1386.206364162293085, 815.0365921321201768, -18.02848238391569424 ) ) ;
#1290 = CARTESIAN_POINT ( 'NONE',  ( 559.9999999999997726, 11.37278877718143200, 23.31368563933339288 ) ) ;
#1291 = CARTESIAN_POINT ( 'NONE',  ( 1411.613759049241480, 885.3872104305735320, -2.397952424329707011 ) ) ;
#1292 = CARTESIAN_POINT ( 'NONE',  ( 618.1979700166311886, 28.60735499134327853, 41.89512779499017370 ) ) ;
#1293 = CARTESIAN_POINT ( 'NONE',  ( 1038.733593708505168, 316.6169477405826456, 109.7847849779582532 ) ) ;
#1294 = CARTESIAN_POINT ( 'NONE',  ( 1376.775207277583831, 1008.173189668229156, 84.74438058907796290 ) ) ;
#1295 = CARTESIAN_POINT ( 'NONE',  ( 676.8184438536518428, 13.58335578516512143, -53.86335592747835221 ) ) ;
#1296 = CARTESIAN_POINT ( 'NONE',  ( 1361.372029720891533, 740.9153774167789379, 4.109878957826364143 ) ) ;
#1297 = CARTESIAN_POINT ( 'NONE',  ( 618.2473233971024911, 25.95538946609786990, 47.49718937102332461 ) ) ;
#1298 = CARTESIAN_POINT ( 'NONE',  ( 1344.116143891921638, 772.6631700736506900, 23.48850659654963025 ) ) ;
#1299 = CARTESIAN_POINT ( 'NONE',  ( 1461.513691319324835, 915.9766185698672416, -68.19681235736041458 ) ) ;
#1300 = CARTESIAN_POINT ( 'NONE',  ( 1303.970851546914218, 447.5489597225086982, -146.2062155906906469 ) ) ;
#1301 = CARTESIAN_POINT ( 'NONE',  ( 954.7753887579543743, 159.4983508990779626, -56.24128727898403923 ) ) ;
#1302 = CARTESIAN_POINT ( 'NONE',  ( 840.9530945146259455, 137.6282754986128509, 54.17553048349040523 ) ) ;
#1303 = CARTESIAN_POINT ( 'NONE',  ( 1014.320345952603134, 163.7724443727934158, -97.64566652597201823 ) ) ;
#1304 = CARTESIAN_POINT ( 'NONE',  ( 1411.984366729713429, 989.1214911535034844, 32.45338330636050017 ) ) ;
#1305 = CARTESIAN_POINT ( 'NONE',  ( 789.8559506376416266, 73.20001524158547568, -32.08577871982650720 ) ) ;
#1306 = CARTESIAN_POINT ( 'NONE',  ( 1427.786390437687714, 744.0683120487578890, -95.12792438965320230 ) ) ;
#1307 = CARTESIAN_POINT ( 'NONE',  ( 1401.579265796414347, 1004.487737075333825, 53.79168363821291621 ) ) ;
#1308 = CARTESIAN_POINT ( 'NONE',  ( 1229.297910327485170, 472.9899338486009697, 0.7002808316221400542 ) ) ;
#1309 = CARTESIAN_POINT ( 'NONE',  ( 1372.987538299061953, 589.8256409749637896, -113.8051339320725788 ) ) ;
#1310 = CARTESIAN_POINT ( 'NONE',  ( 1120.461861078368202, 439.7782914074774681, 137.8178207023183006 ) ) ;
#1311 = CC_DESIGN_PERSON_AND_ORGANIZATION_ASSIGNMENT ( #6579, #2305, ( #5520 ) ) ;
#1312 = CARTESIAN_POINT ( 'NONE',  ( 788.1509810261273969, 91.42123406962303989, 46.93287941287811549 ) ) ;
#1313 = CARTESIAN_POINT ( 'NONE',  ( 999.2625668359845577, 234.0382876911353378, 41.44743176176680066 ) ) ;
#1314 = CARTESIAN_POINT ( 'NONE',  ( 1423.798309805070630, 625.9893549685075413, -165.3602856253504854 ) ) ;
#1315 = CARTESIAN_POINT ( 'NONE',  ( 841.6024081280104383, 132.3265001681967874, 37.19348787220467756 ) ) ;
#1316 = CARTESIAN_POINT ( 'NONE',  ( 1009.043612112251708, 188.4006577203450661, -48.85158983619896844 ) ) ;
#1317 = CARTESIAN_POINT ( 'NONE',  ( 1384.381823173786188, 1029.884908545364624, 81.87053928642852441 ) ) ;
#1318 = CARTESIAN_POINT ( 'NONE',  ( 560.0000000000002274, 5.781794651319525080, 26.61338790322149706 ) ) ;
#1319 = CARTESIAN_POINT ( 'NONE',  ( 1124.628381649993798, 426.5112488086697908, 117.0861955229269995 ) ) ;
#1320 = CARTESIAN_POINT ( 'NONE',  ( 1254.077622853687899, 408.6242227498459556, -119.9515497307344134 ) ) ;
#1321 = CARTESIAN_POINT ( 'NONE',  ( 1386.973334349478819, 693.7855590000106076, -63.97804835713375127 ) ) ;
#1322 = CARTESIAN_POINT ( 'NONE',  ( 905.8116108242550126, 94.37778102771750355, -92.80270068325401667 ) ) ;
#1323 = CARTESIAN_POINT ( 'NONE',  ( 1426.725942294310471, 967.3511424704014416, -9.623751250186888484 ) ) ;
#1324 = CARTESIAN_POINT ( 'NONE',  ( 1164.279198483461187, 484.5970844906351545, 90.24050466447518204 ) ) ;
#1325 = CARTESIAN_POINT ( 'NONE',  ( 1146.402172912635706, 357.1534691011588052, -2.049069044489418623 ) ) ;
#1326 = CARTESIAN_POINT ( 'NONE',  ( 1036.580497760486878, 325.3132139571362131, 105.4519538191350136 ) ) ;
#1327 = CARTESIAN_POINT ( 'NONE',  ( 675.5794870933892753, 43.35933833547768756, 47.14147957906924802 ) ) ;
#1328 = CARTESIAN_POINT ( 'NONE',  ( 892.5421926308623597, 181.3766907041751324, 79.43622369364874203 ) ) ;
#1329 = CARTESIAN_POINT ( 'NONE',  ( 1388.216908816167461, 559.4257592237304380, -164.5729255095488952 ) ) ;
#1330 = CARTESIAN_POINT ( 'NONE',  ( 952.4094324096880655, 172.5335545009770328, 1.251011750207135398 ) ) ;
#1331 = CARTESIAN_POINT ( 'NONE',  ( 1036.417782407541608, 325.9986290443499115, 121.9839049787597389 ) ) ;
#1332 = CARTESIAN_POINT ( 'NONE',  ( 997.2646482154500518, 243.2663616531162347, 23.57907857522585005 ) ) ;
#1333 = CARTESIAN_POINT ( 'NONE',  ( 1345.993221843479432, 504.4875942248899605, -142.2468490179176968 ) ) ;
#1334 = CARTESIAN_POINT ( 'NONE',  ( 733.5992110777973494, 45.85653668969506214, -35.46413654876747046 ) ) ;
#1335 = CARTESIAN_POINT ( 'NONE',  ( 840.7653665843175759, 139.1641443782646377, 59.86791870953376815 ) ) ;
#1336 = CARTESIAN_POINT ( 'NONE',  ( 1462.338465111859477, 914.7585931987331378, -69.83266797024067785 ) ) ;
#1337 = CARTESIAN_POINT ( 'NONE',  ( 1248.590196056964260, 578.6438583523824946, 69.24566030772128045 ) ) ;
#1338 = CARTESIAN_POINT ( 'NONE',  ( 733.1087861496386040, 53.13596740949285646, -19.79251508169077667 ) ) ;
#1339 = CARTESIAN_POINT ( 'NONE',  ( 847.8853924268770470, 81.34620099993222198, -47.95574516146397315 ) ) ;
#1340 = CARTESIAN_POINT ( 'NONE',  ( 732.4256493480939980, 63.52698853883721597, 43.14161214180323611 ) ) ;
#1341 = CARTESIAN_POINT ( 'NONE',  ( 579.4417025640794918, 1.182694295442412225, 0.7849092412145559639 ) ) ;
#1342 = CARTESIAN_POINT ( 'NONE',  ( 618.7154358592066501, -1.257049139129158943, -33.81285777939388026 ) ) ;
#1343 = CARTESIAN_POINT ( 'NONE',  ( 1374.634020305754120, 1011.425337013450985, 99.20478454223771791 ) ) ;
#1344 = CARTESIAN_POINT ( 'NONE',  ( 842.4245864966907220, 125.7662140634583636, 55.48637615391253775 ) ) ;
#1345 = CARTESIAN_POINT ( 'NONE',  ( 618.4528126151948300, 14.19032212585761776, 18.15201037727040401 ) ) ;
#1346 = CARTESIAN_POINT ( 'NONE',  ( 1467.086881014719665, 907.7461358501518589, -81.79764704301292966 ) ) ;
#1347 = CARTESIAN_POINT ( 'NONE',  ( 1379.811801975315802, 935.3826280153366497, 46.63968126337208986 ) ) ;
#1348 = CARTESIAN_POINT ( 'NONE',  ( 1295.632902959282774, 861.9304493256906881, 166.0203722858752542 ) ) ;
#1349 = CARTESIAN_POINT ( 'NONE',  ( 1266.224827888132950, 377.1154379411198647, -151.7286200909789216 ) ) ;
#1350 = CARTESIAN_POINT ( 'NONE',  ( 1335.146585191658232, 902.2231388070890716, 129.7353521339871349 ) ) ;
#1351 = CARTESIAN_POINT ( 'NONE',  ( 734.0442708680894839, 39.25892859878656083, -48.11938751183432572 ) ) ;
#1352 = CARTESIAN_POINT ( 'NONE',  ( 902.4257319394656633, 116.6189938448456758, -40.34395207716418952 ) ) ;
#1353 = CARTESIAN_POINT ( 'NONE',  ( 1392.928908523663040, 550.0291283122178356, -172.4381703815589333 ) ) ;
#1354 = COORDINATED_UNIVERSAL_TIME_OFFSET ( 5, 30, .AHEAD. ) ;
#1355 = CARTESIAN_POINT ( 'NONE',  ( 897.7917922011752125, 146.8867368040756958, -10.63268505487031312 ) ) ;
#1356 = CARTESIAN_POINT ( 'NONE',  ( 1397.036297563558946, 1011.196789445765148, 52.02913662806670914 ) ) ;
#1357 = CARTESIAN_POINT ( 'NONE',  ( 618.5472951046492653, 8.683708274943532146, 0.9392884908694425494 ) ) ;
#1358 = CARTESIAN_POINT ( 'NONE',  ( 1376.159154887289787, 1009.108990071128346, 86.37152362594908084 ) ) ;
#1359 = CARTESIAN_POINT ( 'NONE',  ( 560.0000000000000000, 7.141131776095656747, 30.02176760524312016 ) ) ;
#1360 = CARTESIAN_POINT ( 'NONE',  ( 1256.630138278501818, 698.2628395983581413, 152.3707121302261669 ) ) ;
#1361 = CARTESIAN_POINT ( 'NONE',  ( 1327.612624813770708, 915.0754483925027216, 130.7405946638713203 ) ) ;
#1362 = CARTESIAN_POINT ( 'NONE',  ( 579.4880251016281818, -5.109827795989836829, -38.24522462722342908 ) ) ;
#1363 = CARTESIAN_POINT ( 'NONE',  ( 1400.139490103464141, 1006.613996831196459, 45.11768811189746486 ) ) ;
#1364 = CARTESIAN_POINT ( 'NONE',  ( 1036.957615927181678, 323.8118599021491377, 120.0339599858575497 ) ) ;
#1365 = CARTESIAN_POINT ( 'NONE',  ( 842.4767944574333569, 125.2005292005180195, 17.71149711326372511 ) ) ;
#1366 = CARTESIAN_POINT ( 'NONE',  ( 1466.911137672809673, 798.4410239500979287, -122.4039911322459773 ) ) ;
#1367 = CARTESIAN_POINT ( 'NONE',  ( 1418.981568660052289, 759.0869255392068453, -91.14586838434991023 ) ) ;
#1368 = CARTESIAN_POINT ( 'NONE',  ( 1230.920138046462625, 620.4380964573566644, 109.3155093379910596 ) ) ;
#1369 = CARTESIAN_POINT ( 'NONE',  ( 1084.925162463706329, 362.6843055581243789, 71.00472817840434914 ) ) ;
#1370 = CARTESIAN_POINT ( 'NONE',  ( 1169.108125449133922, 284.8140938102899895, -125.7466485663417188 ) ) ;
#1371 = CARTESIAN_POINT ( 'NONE',  ( 1094.591184506507943, 328.1987320726926214, 39.49569750052500439 ) ) ;
#1372 = CARTESIAN_POINT ( 'NONE',  ( 1443.012454955640351, 943.2992317424576640, -40.52457064776120887 ) ) ;
#1373 = CARTESIAN_POINT ( 'NONE',  ( 1161.624205831658173, 308.6580282072417276, -85.47449855943801822 ) ) ;
#1374 = CARTESIAN_POINT ( 'NONE',  ( 1297.122085164143755, 741.2193555259302684, 109.9880959940429364 ) ) ;
#1375 = CARTESIAN_POINT ( 'NONE',  ( 560.0000000000000000, -0.8999384828833819627, 6.462936464117190027 ) ) ;
#1376 = CARTESIAN_POINT ( 'NONE',  ( 893.2171043869611822, 176.9988948294083286, 89.37454974033310862 ) ) ;
#1378 = CARTESIAN_POINT ( 'NONE',  ( 1323.968371985538852, 921.2987224798422403, 141.5368696747123067 ) ) ;
#1377 = CARTESIAN_POINT ( 'NONE',  ( 1399.639113082555696, 1007.352953272485252, 57.79303176969256839 ) ) ;
#1379 = CARTESIAN_POINT ( 'NONE',  ( 789.1151275306691559, 81.22835843801146893, 22.97005188261979569 ) ) ;
#1380 = CARTESIAN_POINT ( 'NONE',  ( 904.9998167255948829, 99.66581435300500402, -91.34024326912611969 ) ) ;
#1381 = CARTESIAN_POINT ( 'NONE',  ( 1271.518927791133819, 665.9504534865425285, 72.98039630383756560 ) ) ;
#1382 = CARTESIAN_POINT ( 'NONE',  ( 1318.890554263763761, 929.9705892522429167, 156.6101888753610467 ) ) ;
#1383 = CARTESIAN_POINT ( 'NONE',  ( 1170.924888825009475, 279.0215793429014752, -136.2189991502849011 ) ) ;
#1384 = CARTESIAN_POINT ( 'NONE',  ( 560.0000000000002274, 6.687223267033518326, 28.88651602109756311 ) ) ;
#1385 = CARTESIAN_POINT ( 'NONE',  ( 618.1949607027535194, 28.87978947154650200, 47.45793746909971844 ) ) ;
#1386 = CARTESIAN_POINT ( 'NONE',  ( 1112.487173771776270, 264.1800056562534564, -97.17435741460081999 ) ) ;
#1387 = CARTESIAN_POINT ( 'NONE',  ( 792.5298399809225884, 45.00640222634146426, -75.82346938048883089 ) ) ;
#1388 = PERSON_AND_ORGANIZATION ( #416, #4116 ) ;
#1389 = CARTESIAN_POINT ( 'NONE',  ( 1050.497767685088775, 268.8421200424615449, -14.04007946464331447 ) ) ;
#1390 = CARTESIAN_POINT ( 'NONE',  ( 1291.393775990365839, 752.6300350012543277, 101.6869440026840863 ) ) ;
#1391 = CARTESIAN_POINT ( 'NONE',  ( 579.4435164963321085, 0.9319614186799437539, -0.08211715817805072259 ) ) ;
#1392 = CARTESIAN_POINT ( 'NONE',  ( 1192.140121305486218, 569.4340823085657348, 136.8955374160168219 ) ) ;
#1393 = CARTESIAN_POINT ( 'NONE',  ( 992.9339069086637437, 263.5530047744492208, 97.75680230082025446 ) ) ;
#1394 = CARTESIAN_POINT ( 'NONE',  ( 1378.802005463018759, 1005.094030308132574, 92.60668574351112170 ) ) ;
#1395 = CARTESIAN_POINT ( 'NONE',  ( 1389.852595489946225, 1021.805675741051459, 68.74280280768530815 ) ) ;
#1396 = CARTESIAN_POINT ( 'NONE',  ( 791.9271665767641935, 51.34305869710994585, -70.18507251702865801 ) ) ;
#1397 = CARTESIAN_POINT ( 'NONE',  ( 1410.288379825340598, 991.6261234506707751, 23.43607543699408424 ) ) ;
#1398 = CARTESIAN_POINT ( 'NONE',  ( 579.3493706991534964, 14.00219849801844418, 37.86517820114419663 ) ) ;
#1399 = CARTESIAN_POINT ( 'NONE',  ( 1369.299230753833854, 843.9001665416957394, 21.94708306889813088 ) ) ;
#1400 = CARTESIAN_POINT ( 'NONE',  ( 1014.510009116614583, 162.8878377778700042, -99.28016022425855169 ) ) ;
#1401 = CARTESIAN_POINT ( 'NONE',  ( 1007.860775251715950, 193.8391622549666806, -66.13180892829747393 ) ) ;
#1402 = CARTESIAN_POINT ( 'NONE',  ( 892.9561766108498659, 178.6470529366979179, 69.34800287699687260 ) ) ;
#1403 = CARTESIAN_POINT ( 'NONE',  ( 1367.871544002531664, 954.1582310115553582, 74.26538900144795718 ) ) ;
#1404 = CARTESIAN_POINT ( 'NONE',  ( 1367.360551836211243, 847.2265250587062155, 51.17118355862838541 ) ) ;
#1405 = CARTESIAN_POINT ( 'NONE',  ( 1434.390954670646579, 849.5657032717648462, -68.57716934676784604 ) ) ;
#1406 = CARTESIAN_POINT ( 'NONE',  ( 1405.338102721969108, 659.9780652574268061, -112.1250457336034287 ) ) ;
#1407 = CARTESIAN_POINT ( 'NONE',  ( 1389.504507267729196, 988.8368592153759664, 68.98406323416841701 ) ) ;
#1408 = CARTESIAN_POINT ( 'NONE',  ( 560.0000000000000000, -2.546500209129832104, 0.7081573197693024069 ) ) ;
#1409 = CARTESIAN_POINT ( 'NONE',  ( 1338.406664373148487, 520.9372168436657375, -118.0223086426813524 ) ) ;
#1410 = CARTESIAN_POINT ( 'NONE',  ( 893.4777518533722969, 175.2932377924092862, 86.73787596423741775 ) ) ;
#1412 = CARTESIAN_POINT ( 'NONE',  ( 1386.738064178287004, 1026.405213445963000, 76.18518662312132506 ) ) ;
#1411 = CARTESIAN_POINT ( 'NONE',  ( 1324.533436481743138, 808.7325756880485415, 103.0260048593017359 ) ) ;
#1413 = CARTESIAN_POINT ( 'NONE',  ( 560.0000000000003411, -0.5502867975757904651, 7.689616153744916360 ) ) ;
#1414 = CARTESIAN_POINT ( 'NONE',  ( 1449.432308760813157, 707.1103269924374217, -152.2433667449581378 ) ) ;
#1415 = ADVANCED_FACE ( 'NONE', ( #4581 ), #3060, .T. ) ;
#1416 = CARTESIAN_POINT ( 'NONE',  ( 731.5012115528168124, 77.20581195052457701, 65.69660389988000304 ) ) ;
#1417 = CARTESIAN_POINT ( 'NONE',  ( 1424.221368931130883, 625.2160241016922555, -161.1234231357235558 ) ) ;
#1418 = CARTESIAN_POINT ( 'NONE',  ( 1363.256003634674471, 961.4247445933683593, 104.5758603219874772 ) ) ;
#1419 = CARTESIAN_POINT ( 'NONE',  ( 989.8411390085851735, 277.9557218834360697, 110.7967447061302551 ) ) ;
#1420 = CARTESIAN_POINT ( 'NONE',  ( 1206.834214314339533, 362.6678171536577793, -105.2773425912196359 ) ) ;
#1421 = CARTESIAN_POINT ( 'NONE',  ( 788.3489771448410011, 89.32915036674053511, 42.16080517310840747 ) ) ;
#1422 = CARTESIAN_POINT ( 'NONE',  ( 1171.924370382537973, 275.8306030638661923, -143.8909263298006636 ) ) ;
#1423 = CARTESIAN_POINT ( 'NONE',  ( 1344.116143891921638, 772.6631700736506900, 23.48850659654963025 ) ) ;
#1424 = CARTESIAN_POINT ( 'NONE',  ( 1263.787874001497357, 682.7179346932711042, 100.8654889308802893 ) ) ;
#1425 = CARTESIAN_POINT ( 'NONE',  ( 579.4417025640794918, 1.182694295442412225, 0.7849092412145559639 ) ) ;
#1426 = CARTESIAN_POINT ( 'NONE',  ( 675.2869947596623206, 50.19755280841842904, 49.69356869762780349 ) ) ;
#1427 = CARTESIAN_POINT ( 'NONE',  ( 893.9401968745676186, 172.2639256865284949, 79.67024706205224049 ) ) ;
#1428 = CARTESIAN_POINT ( 'NONE',  ( 1333.184887702740753, 905.5723602089635733, 134.8217726411658077 ) ) ;
#1429 = CARTESIAN_POINT ( 'NONE',  ( 1378.167619624418421, 1006.057693183908896, 93.98870869786804860 ) ) ;
#1430 = CARTESIAN_POINT ( 'NONE',  ( 1120.033495449652492, 441.1250056285892356, 123.1855631442580687 ) ) ;
#1431 = CARTESIAN_POINT ( 'NONE',  ( 1346.577104005540605, 503.2072190761991237, -154.5640409781455560 ) ) ;
#1432 = CARTESIAN_POINT ( 'NONE',  ( 1049.419603020378645, 273.2138059875931617, -6.195294736011262238 ) ) ;
#1433 = CARTESIAN_POINT ( 'NONE',  ( 1193.289891439117355, 566.4683375267067049, 150.9504361625400293 ) ) ;
#1434 = CARTESIAN_POINT ( 'NONE',  ( 732.0580628929191107, 68.78353781139624346, 22.46651725691226176 ) ) ;
#1435 = CARTESIAN_POINT ( 'NONE',  ( 1446.608222282242650, 711.9368096602175910, -139.5376978975949669 ) ) ;
#1436 = PRODUCT_DEFINITION_FORMATION_WITH_SPECIFIED_SOURCE ( 'ANY', '', #5520, .NOT_KNOWN. ) ;
#1437 = CARTESIAN_POINT ( 'NONE',  ( 676.3541652143647980, 24.57462522679495009, -34.66835383161598116 ) ) ;
#1438 = CARTESIAN_POINT ( 'NONE',  ( 1259.320080229184214, 692.4087244347094838, 117.7411105225471886 ) ) ;
#1439 = CARTESIAN_POINT ( 'NONE',  ( 841.1581173566145253, 135.9530648732114173, 48.48630733005225579 ) ) ;
#1440 = CARTESIAN_POINT ( 'NONE',  ( 1354.367099521629370, 486.3235307041233000, -171.6179816741938566 ) ) ;
#1441 = CARTESIAN_POINT ( 'NONE',  ( 789.2401286104794735, 79.90607052544358169, 19.75887590936354599 ) ) ;
#1442 = CARTESIAN_POINT ( 'NONE',  ( 900.1083246022825506, 131.7000743522460482, -40.28853012004912415 ) ) ;
#1443 = CARTESIAN_POINT ( 'NONE',  ( 1211.221149616839739, 350.1338940841122849, -105.1359265061520887 ) ) ;
#1444 = CARTESIAN_POINT ( 'NONE',  ( 732.5434063467718033, 61.77973257042859956, 38.97899914388270304 ) ) ;
#1445 = CARTESIAN_POINT ( 'NONE',  ( 560.0000000000000000, 2.092734793059411125, -13.96358451562092995 ) ) ;
#1446 = CARTESIAN_POINT ( 'NONE',  ( 1286.639025211181661, 488.5890925858257106, -71.34104454149971275 ) ) ;
#1447 = CARTESIAN_POINT ( 'NONE',  ( 734.6849195418603813, 29.89448661238936467, -47.74927418546326408 ) ) ;
#1448 = CARTESIAN_POINT ( 'NONE',  ( 1280.913445138511179, 773.5647469280264659, 159.3961542335449622 ) ) ;
#1450 = CARTESIAN_POINT ( 'NONE',  ( 786.6165707953334731, 107.5778035198520257, 68.47207811534724442 ) ) ;
#1449 = CARTESIAN_POINT ( 'NONE',  ( 732.5434063467718033, 61.77973257042859956, 38.97899914388270304 ) ) ;
#1451 = CARTESIAN_POINT ( 'NONE',  ( 1096.577117271604038, 321.1010231383877453, 26.68436946827511491 ) ) ;
#1452 = CARTESIAN_POINT ( 'NONE',  ( 734.5987615446465497, 31.05516737042202990, -61.31507776054804282 ) ) ;
#1453 = CARTESIAN_POINT ( 'NONE',  ( 675.2966247123812309, 50.03796769872754169, 57.44856244451931104 ) ) ;
#1454 = CARTESIAN_POINT ( 'NONE',  ( 1392.718338108028320, 550.4497794330152374, -171.4994315797810032 ) ) ;
#1455 = CARTESIAN_POINT ( 'NONE',  ( 618.3291037436179067, 21.30730633661507056, 37.40896626367111111 ) ) ;
#1456 = CARTESIAN_POINT ( 'NONE',  ( 1155.026652785950546, 511.1290276014393044, 145.7739033274733913 ) ) ;
#1457 = CARTESIAN_POINT ( 'NONE',  ( 1251.335941241850833, 415.7398992111496909, -110.5642969791051655 ) ) ;
#1458 = CARTESIAN_POINT ( 'NONE',  ( 618.4155243520074237, 16.34680135589447403, 24.35970448402220612 ) ) ;
#1459 = CARTESIAN_POINT ( 'NONE',  ( 905.8421591277802918, 94.16606794159713445, -95.31199138096600620 ) ) ;
#1460 = CARTESIAN_POINT ( 'NONE',  ( 1048.353896343785664, 277.5352415059761597, 1.679186008957149090 ) ) ;
#1461 = CARTESIAN_POINT ( 'NONE',  ( 1356.606612409288346, 971.8727394799208241, 101.6189105323116593 ) ) ;
#1462 = CARTESIAN_POINT ( 'NONE',  ( 953.5773713044022770, 166.1484179991059307, -12.16134367794444771 ) ) ;
#1463 = CARTESIAN_POINT ( 'NONE',  ( 1079.058565462958086, 383.6775628477204236, 120.3620351283396275 ) ) ;
#1464 = CARTESIAN_POINT ( 'NONE',  ( 1333.184887702740753, 905.5723602089635733, 134.8217726411658077 ) ) ;
#1465 = CARTESIAN_POINT ( 'NONE',  ( 1082.043761147314399, 373.0352163756664368, 120.1588721943801517 ) ) ;
#1466 = CARTESIAN_POINT ( 'NONE',  ( 892.3820623758739430, 182.4352501289311022, 84.11599318138434001 ) ) ;
#1467 = CARTESIAN_POINT ( 'NONE',  ( 1066.254381178613585, 204.9841050776200007, -113.4087148367253803 ) ) ;
#1468 = CARTESIAN_POINT ( 'NONE',  ( 1390.507820739902627, 1020.838039541304397, 78.80588728208246607 ) ) ;
#1469 = CARTESIAN_POINT ( 'NONE',  ( 675.4374744012438896, 46.71486637681704224, 54.49353343274030692 ) ) ;
#1470 = CARTESIAN_POINT ( 'NONE',  ( 894.9152906221838748, 165.7630857980108772, 32.04348059708351570 ) ) ;
#1471 = CARTESIAN_POINT ( 'NONE',  ( 1417.626966978319615, 637.3570205903804435, -143.9248309711828142 ) ) ;
#1472 = CARTESIAN_POINT ( 'NONE',  ( 1056.107742506456589, 246.0994653980813212, -52.72051617819533931 ) ) ;
#1473 = CARTESIAN_POINT ( 'NONE',  ( 675.3269008059088492, 49.18209965703697861, 40.26237739818377293 ) ) ;
#1474 = CARTESIAN_POINT ( 'NONE',  ( 993.6672779299751710, 260.0639581176930619, 61.03611127052012364 ) ) ;
#1475 = CARTESIAN_POINT ( 'NONE',  ( 559.9999999999998863, -9.594946484305360457, -36.60607900850376240 ) ) ;
#1476 = CARTESIAN_POINT ( 'NONE',  ( 579.4133331376899605, 5.109166426501396963, 13.74095503166534904 ) ) ;
#1477 = CARTESIAN_POINT ( 'NONE',  ( 732.7590776954817784, 58.33441597716939953, -7.305779632835769810 ) ) ;
#1478 = CARTESIAN_POINT ( 'NONE',  ( 1210.195758439858764, 353.0715744892316934, -100.3581502609672214 ) ) ;
#1479 = CARTESIAN_POINT ( 'NONE',  ( 1338.289190895054389, 521.1736727393252977, -133.0495682871054157 ) ) ;
#1480 = CARTESIAN_POINT ( 'NONE',  ( 560.0000000000000000, 0.9328581183867180604, -16.98111227731768125 ) ) ;
#1481 = CARTESIAN_POINT ( 'NONE',  ( 1204.056637764534116, 370.6630816710220984, -71.53176628702097162 ) ) ;
#1482 = CARTESIAN_POINT ( 'NONE',  ( 560.0000000000000000, -9.405861443328065619, -26.26096365887523021 ) ) ;
#1483 = CARTESIAN_POINT ( 'NONE',  ( 1389.624930012799041, 1022.141891961550755, 78.54089269938108941 ) ) ;
#1485 = CARTESIAN_POINT ( 'NONE',  ( 1223.075480162789063, 639.0142931410285883, 145.1360653331973367 ) ) ;
#1484 = CARTESIAN_POINT ( 'NONE',  ( 1208.730021502404725, 526.3870577000332105, 86.95636665170594881 ) ) ;
#1486 = CARTESIAN_POINT ( 'NONE',  ( 579.4773592291005571, -3.738910873197505147, -17.05104543649678916 ) ) ;
#1487 = CARTESIAN_POINT ( 'NONE',  ( 1409.906082444559615, 957.8465344386295328, 25.70102409816421485 ) ) ;
#1488 = CARTESIAN_POINT ( 'NONE',  ( 579.4796603082319280, -3.944183078001608056, -36.47757319969311141 ) ) ;
#1489 = CARTESIAN_POINT ( 'NONE',  ( 1384.400754787269534, 1029.856950351541855, 82.96489684036019696 ) ) ;
#1490 = CARTESIAN_POINT ( 'NONE',  ( 1474.927948601806520, 785.8364080822407232, -140.1228045228102701 ) ) ;
#1491 = CARTESIAN_POINT ( 'NONE',  ( 945.3614941298018266, 211.0467738842281733, 79.52251903995183113 ) ) ;
#1492 = CARTESIAN_POINT ( 'NONE',  ( 892.0075728938630846, 184.9092311208841863, 94.39532316799666489 ) ) ;
#1493 = CARTESIAN_POINT ( 'NONE',  ( 1205.680721300569076, 365.9717054473500184, -100.7475693535354537 ) ) ;
#1494 = CARTESIAN_POINT ( 'NONE',  ( 1130.951289478108720, 406.3726573041487313, 82.98209242731202551 ) ) ;
#1495 = CARTESIAN_POINT ( 'NONE',  ( 792.5149142758958760, 45.15879274912013130, -76.26439356384278767 ) ) ;
#1496 = CARTESIAN_POINT ( 'NONE',  ( 618.3261856579356390, 20.77683981721196460, 0.9654187182912771226 ) ) ;
#1497 = CARTESIAN_POINT ( 'NONE',  ( 1196.233815611928094, 558.7987894042873904, 114.9749585652968449 ) ) ;
#1498 = CARTESIAN_POINT ( 'NONE',  ( 900.8350505252760740, 127.0568353023392376, -17.00960545348859299 ) ) ;
#1499 = CARTESIAN_POINT ( 'NONE',  ( 1300.362279818559728, 853.2212302662721868, 150.9501640495371930 ) ) ;
#1500 = CARTESIAN_POINT ( 'NONE',  ( 579.3654805395823360, 11.75739008587117063, 32.22792519653495447 ) ) ;
#1501 = CARTESIAN_POINT ( 'NONE',  ( 1039.145742577009969, 314.9461141229037366, 105.9505179888194277 ) ) ;
#1502 = CARTESIAN_POINT ( 'NONE',  ( 731.9869158767972976, 70.03186821719876320, 58.55876115840728602 ) ) ;
#1503 = CARTESIAN_POINT ( 'NONE',  ( 1223.678322284683645, 637.5865632897935029, 142.2665928373106112 ) ) ;
#1504 = CARTESIAN_POINT ( 'NONE',  ( 1345.662115389570090, 505.1907238723921409, -152.2847633927018762 ) ) ;
#1505 = CARTESIAN_POINT ( 'NONE',  ( 1396.542970346499033, 1011.925334741564598, 64.27738650706545798 ) ) ;
#1506 = CARTESIAN_POINT ( 'NONE',  ( 1121.123177734948968, 437.6733122383938053, 135.7762093502549305 ) ) ;
#1507 = CARTESIAN_POINT ( 'NONE',  ( 1379.811801975315802, 935.3826280153366497, 46.63968126337208986 ) ) ;
#1508 = CARTESIAN_POINT ( 'NONE',  ( 1067.871374251949874, 198.4653047573870310, -111.3510395494031826 ) ) ;
#1509 = CARTESIAN_POINT ( 'NONE',  ( 1416.003851428565895, 764.1698994145092456, -84.75070151288269926 ) ) ;
#1510 = CARTESIAN_POINT ( 'NONE',  ( 1393.583641791982245, 1016.295669121185483, 59.91177969885131205 ) ) ;
#1511 = CARTESIAN_POINT ( 'NONE',  ( 849.4053701037428254, 68.92007697413208689, -86.25681077960179266 ) ) ;
#1512 = CARTESIAN_POINT ( 'NONE',  ( 732.9949896417477930, 55.07255438978401685, 22.24052483666761759 ) ) ;
#1513 = CARTESIAN_POINT ( 'NONE',  ( 579.3798026555863316, 9.935978100188947337, -4.334443506092664933 ) ) ;
#1514 = CARTESIAN_POINT ( 'NONE',  ( 676.8263828472801151, 13.58557910685722447, -37.56739851060623891 ) ) ;
#1515 = CARTESIAN_POINT ( 'NONE',  ( 676.5400540822935227, 20.16576572441037030, -43.23799133790294746 ) ) ;
#1516 = CARTESIAN_POINT ( 'NONE',  ( 560.0000000000000000, -3.525396857579570664, -2.873494007653200732 ) ) ;
#1517 = CARTESIAN_POINT ( 'NONE',  ( 893.8557475702926922, 172.7265565612916589, 50.80304822942221676 ) ) ;
#1518 = CARTESIAN_POINT ( 'NONE',  ( 1161.624205831658173, 308.6580282072417276, -85.47449855943801822 ) ) ;
#1519 = CARTESIAN_POINT ( 'NONE',  ( 848.5774856948430624, 75.71024353578904709, -61.63239167941389951 ) ) ;
#1520 = CARTESIAN_POINT ( 'NONE',  ( 992.1066271728761876, 267.4099115622142335, 105.8066549327445642 ) ) ;
#1521 = CARTESIAN_POINT ( 'NONE',  ( 1328.553745555797377, 801.3314906065487548, 92.23121543981316961 ) ) ;
#1522 = CARTESIAN_POINT ( 'NONE',  ( 1416.593881293842742, 763.1755507230484454, -68.37557632045964340 ) ) ;
#1523 = CARTESIAN_POINT ( 'NONE',  ( 844.5040582322010323, 108.8634595351961423, 17.60956457127752373 ) ) ;
#1524 = CARTESIAN_POINT ( 'NONE',  ( 1305.538950143252805, 443.8390451312899927, -150.5735471339573337 ) ) ;
#1525 = CARTESIAN_POINT ( 'NONE',  ( 579.3277019967274555, 17.02556327121053314, 40.75645853679493058 ) ) ;
#1526 = APPROVAL ( #4873, 'UNSPECIFIED' ) ;
#1527 = CARTESIAN_POINT ( 'NONE',  ( 1354.271202059707548, 486.5338968026828752, -169.9541842021689604 ) ) ;
#1528 = CARTESIAN_POINT ( 'NONE',  ( 1340.476823433737081, 893.1232471669997039, 117.0282615740531753 ) ) ;
#1529 = CARTESIAN_POINT ( 'NONE',  ( 1247.083035846691246, 718.9556835547490437, 167.2280860381775653 ) ) ;
#1530 = CARTESIAN_POINT ( 'NONE',  ( 1450.092829952713373, 896.8020958217499583, -68.52714063763934860 ) ) ;
#1531 = CARTESIAN_POINT ( 'NONE',  ( 843.0345274404982092, 120.8105507414592523, 44.71701850485408158 ) ) ;
#1532 = CARTESIAN_POINT ( 'NONE',  ( 1267.557580804364989, 373.6454700005052132, -160.5993664325963266 ) ) ;
#1533 = CARTESIAN_POINT ( 'NONE',  ( 732.4375303554983248, 63.12117942012667982, 5.344932159488363865 ) ) ;
#1534 = CARTESIAN_POINT ( 'NONE',  ( 1229.656666689162648, 623.4296909994590123, 114.8133355251093519 ) ) ;
#1535 = CARTESIAN_POINT ( 'NONE',  ( 1234.141776423512056, 460.4140947053275568, -19.58754091985383639 ) ) ;
#1536 = CARTESIAN_POINT ( 'NONE',  ( 579.3252912071810670, 17.38064959356071881, 37.54259528313865246 ) ) ;
#1537 = CARTESIAN_POINT ( 'NONE',  ( 675.6120859643338008, 42.58656009881335791, 45.34925468508885160 ) ) ;
#1538 = CARTESIAN_POINT ( 'NONE',  ( 1160.384941363011649, 495.7895748813990053, 137.8175921873766754 ) ) ;
#1539 = CARTESIAN_POINT ( 'NONE',  ( 618.6616021331135471, 1.450523390636643706, -44.09302783596608322 ) ) ;
#1540 = CARTESIAN_POINT ( 'NONE',  ( 900.0033829145430673, 132.5133255120961167, -4.841291703740290941 ) ) ;
#1541 = CARTESIAN_POINT ( 'NONE',  ( 991.5681859763233206, 269.9189306145430010, 109.0648047510771050 ) ) ;
#1542 = CARTESIAN_POINT ( 'NONE',  ( 841.9634843225185250, 129.3824699351740719, 28.80175791370048444 ) ) ;
#1543 = CARTESIAN_POINT ( 'NONE',  ( 905.6536910768689950, 95.42630331814899591, -88.58511374883505596 ) ) ;
#1544 = CARTESIAN_POINT ( 'NONE',  ( 579.4199399371098025, 4.369650473344177222, -19.59422019518776992 ) ) ;
#1545 = CARTESIAN_POINT ( 'NONE',  ( 943.1577726763422334, 223.0312239177028175, 80.56272443690832574 ) ) ;
#1546 = CARTESIAN_POINT ( 'NONE',  ( 903.7692025466299128, 107.7200812981962912, -80.41798212376768618 ) ) ;
#1547 = CARTESIAN_POINT ( 'NONE',  ( 1454.567167593528893, 698.3481611393676758, -160.0797923230426250 ) ) ;
#1548 = CARTESIAN_POINT ( 'NONE',  ( 1099.224684400159276, 311.6383337394489672, 9.601013223030578914 ) ) ;
#1549 = CARTESIAN_POINT ( 'NONE',  ( 1231.507532000884112, 467.2081681033905625, -37.75443394749611770 ) ) ;
#1550 = CARTESIAN_POINT ( 'NONE',  ( 1456.125588017544032, 887.6378550521776560, -71.43335932199320837 ) ) ;
#1551 = LOCAL_TIME ( 3, 1, 24.00000000000000000, #1354 ) ;
#1552 = CARTESIAN_POINT ( 'NONE',  ( 1403.386677163948207, 663.5579734705587498, -122.3653682429813614 ) ) ;
#1553 = CARTESIAN_POINT ( 'NONE',  ( 1040.465526275482034, 309.5357533466410018, 66.08618207592157034 ) ) ;
#1554 = CARTESIAN_POINT ( 'NONE',  ( 734.3896366283287307, 34.30133438022856751, -34.97338904136368143 ) ) ;
#1555 = CARTESIAN_POINT ( 'NONE',  ( 1164.133865783783449, 300.6619134453913489, -99.05963211824415282 ) ) ;
#1556 = CARTESIAN_POINT ( 'NONE',  ( 618.2692443050571001, 24.71382832641191030, 45.76904795483021360 ) ) ;
#1557 = CARTESIAN_POINT ( 'NONE',  ( 788.4469433649459233, 88.29383030281040590, 39.77247006683419528 ) ) ;
#1558 = CARTESIAN_POINT ( 'NONE',  ( 1155.786271150798257, 327.2572206563035024, -53.66288623144004077 ) ) ;
#1559 = CARTESIAN_POINT ( 'NONE',  ( 1330.245687308689412, 675.1192637472810247, 11.44064172837346405 ) ) ;
#1560 = CARTESIAN_POINT ( 'NONE',  ( 904.3155027162787292, 104.1452234811715698, -85.46244230641430306 ) ) ;
#1561 = CARTESIAN_POINT ( 'NONE',  ( 1295.736953572794391, 861.7402481803927685, 168.1449381298820924 ) ) ;
#1562 = CARTESIAN_POINT ( 'NONE',  ( 560.0000000000007958, -10.16179995076799436, -36.46595947827943007 ) ) ;
#1563 = CARTESIAN_POINT ( 'NONE',  ( 1125.937861614089115, 422.3406397875946254, 110.2295138983591869 ) ) ;
#1564 = CARTESIAN_POINT ( 'NONE',  ( 1035.052441707376147, 331.5245369207028148, 123.1394538440367938 ) ) ;
#1565 = CARTESIAN_POINT ( 'NONE',  ( 955.9445348230916579, 153.1133191540282610, -66.82955141997801718 ) ) ;
#1566 = CARTESIAN_POINT ( 'NONE',  ( 1408.085824790970037, 994.8788552147849487, 40.45743394977446172 ) ) ;
#1567 = CARTESIAN_POINT ( 'NONE',  ( 1267.722524139696361, 373.2183162715411981, -160.7741862248658435 ) ) ;
#1568 = CARTESIAN_POINT ( 'NONE',  ( 843.0306687908083632, 120.6921242769405751, 6.750907501849164660 ) ) ;
#1569 = CARTESIAN_POINT ( 'NONE',  ( 1381.212323803698155, 1001.433193748286271, 73.86563663472487917 ) ) ;
#1570 = CARTESIAN_POINT ( 'NONE',  ( 1055.152170844958846, 250.0509999362747067, -14.73427973065743046 ) ) ;
#1571 = CARTESIAN_POINT ( 'NONE',  ( 1191.639446848488205, 570.7349123665098887, 139.6554269545071350 ) ) ;
#1572 = CARTESIAN_POINT ( 'NONE',  ( 1357.994859187391057, 969.6974023351327787, 115.9064157059457898 ) ) ;
#1573 = CARTESIAN_POINT ( 'NONE',  ( 1351.921338526243517, 979.2481709466860593, 130.6852421921856262 ) ) ;
#1574 = CARTESIAN_POINT ( 'NONE',  ( 1415.683610770684254, 640.9243733841451558, -149.2518053231250974 ) ) ;
#1575 = CARTESIAN_POINT ( 'NONE',  ( 1305.294061148027595, 592.7402831181519787, -10.29184918522129877 ) ) ;
#1576 = CARTESIAN_POINT ( 'NONE',  ( 675.4701523993071532, 45.68363094881078013, 22.60809522040698383 ) ) ;
#1577 = CARTESIAN_POINT ( 'NONE',  ( 849.4447657339992475, 68.64195835009874713, -79.45982423750626822 ) ) ;
#1578 = CARTESIAN_POINT ( 'NONE',  ( 1354.806095186397670, 626.0855349213035197, -82.89814166903930470 ) ) ;
#1579 = CARTESIAN_POINT ( 'NONE',  ( 675.3105446186339123, 49.58995884742699900, 43.17131722878713163 ) ) ;
#1580 = CARTESIAN_POINT ( 'NONE',  ( 1410.169503421219588, 651.0733499070669268, -137.4052181428128563 ) ) ;
#1581 = CARTESIAN_POINT ( 'NONE',  ( 618.7271365193487327, -2.274281079870932754, -49.22817650489083974 ) ) ;
#1582 = CARTESIAN_POINT ( 'NONE',  ( 789.7575215756576199, 74.42980892377102009, 6.055584016860406926 ) ) ;
#1583 = CARTESIAN_POINT ( 'NONE',  ( 844.2133496620405140, 111.0719295219654583, -14.90646092896714414 ) ) ;
#1584 = CARTESIAN_POINT ( 'NONE',  ( 1301.584349828214727, 453.2148475838818626, -125.3954925671378646 ) ) ;
#1585 = CARTESIAN_POINT ( 'NONE',  ( 676.5015372073215758, 21.07940767771434309, -41.54353535077571280 ) ) ;
#1586 = CARTESIAN_POINT ( 'NONE',  ( 1126.868357447115613, 419.3324163970561358, 75.69726412898572221 ) ) ;
#1587 = CARTESIAN_POINT ( 'NONE',  ( 1330.082301573327413, 538.9888960859155986, -91.23705750267774306 ) ) ;
#1588 = CARTESIAN_POINT ( 'NONE',  ( 959.9458566768703349, 131.3219805708154979, -85.52808926133538137 ) ) ;
#1589 = CARTESIAN_POINT ( 'NONE',  ( 618.2837223326852154, 23.89672426326943366, 44.17440569041184517 ) ) ;
#1590 = CARTESIAN_POINT ( 'NONE',  ( 948.2648064524970550, 195.1863787926737359, 48.04279211783088499 ) ) ;
#1591 = CARTESIAN_POINT ( 'NONE',  ( 1059.654799686344859, 231.7232676111725880, -75.45525224471245451 ) ) ;
#1592 = CARTESIAN_POINT ( 'NONE',  ( 957.3742585318087777, 145.3876874481106256, -55.75146068048602643 ) ) ;
#1593 = CARTESIAN_POINT ( 'NONE',  ( 1298.729575731397517, 606.9748750828227912, 11.37156182146285133 ) ) ;
#1594 = CARTESIAN_POINT ( 'NONE',  ( 1346.577104005540605, 503.2072190761991237, -154.5640409781455560 ) ) ;
#1595 = CARTESIAN_POINT ( 'NONE',  ( 1328.839828572778970, 800.7869897786548563, 65.06767941740532990 ) ) ;
#1596 = CARTESIAN_POINT ( 'NONE',  ( 1247.551524134369629, 717.9424259895696423, 169.3769831555424048 ) ) ;
#1597 = CARTESIAN_POINT ( 'NONE',  ( 1267.720504212463538, 373.2276422948889945, -159.2177394544388846 ) ) ;
#1598 = CARTESIAN_POINT ( 'NONE',  ( 1292.565829871847882, 750.3115751453298117, 123.6741538731046006 ) ) ;
#1599 = CARTESIAN_POINT ( 'NONE',  ( 1117.761855605271194, 448.3706895808899731, 139.7878295347861410 ) ) ;
#1600 = CARTESIAN_POINT ( 'NONE',  ( 1383.663291448786140, 929.3361124827943058, 59.36787229430039758 ) ) ;
#1601 = CARTESIAN_POINT ( 'NONE',  ( 961.2535392685867919, 124.1407072217689205, -106.1320357192313253 ) ) ;
#1602 = CARTESIAN_POINT ( 'NONE',  ( 1340.077100515470192, 780.0988758724139416, 34.24277347187410925 ) ) ;
#1603 = CARTESIAN_POINT ( 'NONE',  ( 786.8342150232549557, 105.2370566862978620, 55.33957170803640224 ) ) ;
#1604 = CARTESIAN_POINT ( 'NONE',  ( 954.1626331565008741, 162.9486698164314760, -18.86481538412117942 ) ) ;
#1605 = CARTESIAN_POINT ( 'NONE',  ( 786.6393352704619701, 107.3326346926988037, 67.06026549710155393 ) ) ;
#1606 = CARTESIAN_POINT ( 'NONE',  ( 1199.596855892750682, 550.0962780781510446, 124.9855834147365812 ) ) ;
#1607 = CARTESIAN_POINT ( 'NONE',  ( 1213.750763477255305, 342.8588505549387833, -131.2433639131496932 ) ) ;
#1608 = CARTESIAN_POINT ( 'NONE',  ( 1303.106375700739818, 597.4841265837613946, -3.069873760749525005 ) ) ;
#1609 = CARTESIAN_POINT ( 'NONE',  ( 1309.626332557347041, 434.1807006008596659, -154.2250865798085329 ) ) ;
#1610 = CARTESIAN_POINT ( 'NONE',  ( 1385.897410739986071, 695.7503534910983944, -81.72123565312557503 ) ) ;
#1611 = CARTESIAN_POINT ( 'NONE',  ( 840.5826960661827343, 140.6600010248587580, 65.70774767738345190 ) ) ;
#1612 = CARTESIAN_POINT ( 'NONE',  ( 1222.392038357922956, 640.6328416961479206, 148.2485788262963240 ) ) ;
#1613 = CARTESIAN_POINT ( 'NONE',  ( 1425.327648223923688, 623.1749429964522733, -168.1141943025766352 ) ) ;
#1614 = CARTESIAN_POINT ( 'NONE',  ( 1140.897645216021374, 374.6892607283369898, 28.34863616783975360 ) ) ;
#1615 = CARTESIAN_POINT ( 'NONE',  ( 1144.758678370837970, 362.3305152854129574, -25.10717530761283811 ) ) ;
#1616 = CARTESIAN_POINT ( 'NONE',  ( 792.0556824416556765, 50.07758521958573539, -57.10983956717760179 ) ) ;
#1617 = CARTESIAN_POINT ( 'NONE',  ( 560.0000000000002274, -2.673709114139349197, -25.31904261930514721 ) ) ;
#1618 = CARTESIAN_POINT ( 'NONE',  ( 1346.833515235518689, 882.2558451438354723, 78.15795378277960026 ) ) ;
#1619 = CARTESIAN_POINT ( 'NONE',  ( 791.6229809236606343, 54.66649744045411552, -44.94098495536889715 ) ) ;
#1620 = CARTESIAN_POINT ( 'NONE',  ( 579.5058586316575884, -7.655927419425989200, -33.07091579542795756 ) ) ;
#1621 = CARTESIAN_POINT ( 'NONE',  ( 841.2268777028663180, 135.4931621155394339, 76.77789620767030954 ) ) ;
#1622 = CARTESIAN_POINT ( 'NONE',  ( 788.6411022823417625, 86.24148148912514955, 34.98567376330556300 ) ) ;
#1623 = CARTESIAN_POINT ( 'NONE',  ( 1288.667471126914961, 483.7587985222511975, -100.0594200992442637 ) ) ;
#1624 = CARTESIAN_POINT ( 'NONE',  ( 618.6646298949179936, 1.769411080238623590, -22.71646373564215082 ) ) ;
#1625 = CARTESIAN_POINT ( 'NONE',  ( 1424.977762436478315, 969.9328532854352716, 5.772871912076844580 ) ) ;
#1626 = CARTESIAN_POINT ( 'NONE',  ( 1261.054372186909404, 390.5186560334856836, -142.6691863665448921 ) ) ;
#1627 = CARTESIAN_POINT ( 'NONE',  ( 945.2230184479212767, 211.7161168752834044, 48.97564404543599181 ) ) ;
#1628 = CARTESIAN_POINT ( 'NONE',  ( 1371.089682370073660, 1016.809377340962783, 102.2261208919715614 ) ) ;
#1629 = CARTESIAN_POINT ( 'NONE',  ( 1015.762190994133448, 157.0191986170960092, -116.0471475997723303 ) ) ;
#1630 = CARTESIAN_POINT ( 'NONE',  ( 787.4348959111357544, 98.98334812946789896, 63.57132883498550768 ) ) ;
#1631 = CARTESIAN_POINT ( 'NONE',  ( 560.0000000000004547, 5.568236751316598898, 26.04977897218618565 ) ) ;
#1632 = CARTESIAN_POINT ( 'NONE',  ( 989.7115924075774274, 278.5641457202463016, 113.6538183411954179 ) ) ;
#1633 = CARTESIAN_POINT ( 'NONE',  ( 1279.087185108799304, 649.5675864911877397, 76.44933650864815888 ) ) ;
#1634 = CARTESIAN_POINT ( 'NONE',  ( 1469.123816656981944, 904.7379906907148097, -84.36363764930707987 ) ) ;
#1635 = CARTESIAN_POINT ( 'NONE',  ( 946.7983587574099147, 203.0955507013333659, 28.42070809850695667 ) ) ;
#1636 = CARTESIAN_POINT ( 'NONE',  ( 1437.331136874786807, 916.1872522081788475, -32.28238909788662170 ) ) ;
#1637 = CARTESIAN_POINT ( 'NONE',  ( 1247.924820792047740, 717.1286910420370759, 162.9899557878405290 ) ) ;
#1638 = CARTESIAN_POINT ( 'NONE',  ( 1360.108612843263245, 966.3737270480786492, 111.3687964578300580 ) ) ;
#1639 = CARTESIAN_POINT ( 'NONE',  ( 1305.446735692143875, 843.8704315719646729, 155.7736269375834013 ) ) ;
#1640 = CARTESIAN_POINT ( 'NONE',  ( 958.5547179035092995, 138.8626950468872963, -88.70171679927055663 ) ) ;
#1641 = CARTESIAN_POINT ( 'NONE',  ( 790.1185497166194409, 70.60718472387137012, -3.634995804806552044 ) ) ;
#1642 = CARTESIAN_POINT ( 'NONE',  ( 734.9934541780124846, 25.27064440726002204, -63.00082961307318641 ) ) ;
#1643 = DATE_AND_TIME ( #3132, #5138 ) ;
#1644 = CARTESIAN_POINT ( 'NONE',  ( 1433.583138253507968, 921.8808325453104544, -37.32817043882239005 ) ) ;
#1645 = ORIENTED_EDGE ( 'NONE', *, *, #6709, .T. ) ;
#1646 = CARTESIAN_POINT ( 'NONE',  ( 1390.936214917727966, 1020.205387313311689, 66.05980892581777653 ) ) ;
#1647 = CARTESIAN_POINT ( 'NONE',  ( 1037.273970241535835, 322.4950152997786859, 97.40645404267104368 ) ) ;
#1648 = CARTESIAN_POINT ( 'NONE',  ( 848.9175021673707988, 72.87519529084909209, -82.00119122599376453 ) ) ;
#1649 = CARTESIAN_POINT ( 'NONE',  ( 789.5744209832222396, 76.36783828592619727, 10.88988801442721233 ) ) ;
#1650 = CARTESIAN_POINT ( 'NONE',  ( 1352.265995259376723, 757.6598708838123457, 2.092124768753062636 ) ) ;
#1651 = CARTESIAN_POINT ( 'NONE',  ( 1165.810587180090124, 295.3198837397065972, -108.1103151693120878 ) ) ;
#1652 = CARTESIAN_POINT ( 'NONE',  ( 1249.966758251801366, 419.2935234929715307, -105.8072637752965903 ) ) ;
#1653 = CARTESIAN_POINT ( 'NONE',  ( 1344.846248557329545, 885.6489061432955623, 83.35321800469587572 ) ) ;
#1654 = CARTESIAN_POINT ( 'NONE',  ( 957.9573965239890185, 142.1987332076148220, -62.45803563179278228 ) ) ;
#1655 = CARTESIAN_POINT ( 'NONE',  ( 1442.390805192142579, 719.1339557923864731, -129.7061400583485238 ) ) ;
#1656 = CARTESIAN_POINT ( 'NONE',  ( 1392.064714360079734, 1018.538820110832717, 73.83836116608306099 ) ) ;
#1657 = CARTESIAN_POINT ( 'NONE',  ( 732.7164751973421062, 59.21063295348766786, 32.72389384245418853 ) ) ;
#1658 = CARTESIAN_POINT ( 'NONE',  ( 1007.244014867481269, 196.7148599994724805, -61.48719579386003176 ) ) ;
#1659 = CARTESIAN_POINT ( 'NONE',  ( 1009.570756300628886, 185.9406129747158332, -53.72980154744949743 ) ) ;
#1660 = CARTESIAN_POINT ( 'NONE',  ( 789.7575215756576199, 74.42980892377102009, 6.055584016860406926 ) ) ;
#1661 = CARTESIAN_POINT ( 'NONE',  ( 1462.767530882070560, 877.5487547560102257, -90.99338019931647636 ) ) ;
#1662 = CARTESIAN_POINT ( 'NONE',  ( 1404.540553912389896, 1000.114508816700550, 35.57548158705314734 ) ) ;
#1663 = CARTESIAN_POINT ( 'NONE',  ( 1276.212969851919752, 782.9423413012239052, 167.5775917033951998 ) ) ;
#1664 = CARTESIAN_POINT ( 'NONE',  ( 1312.526356701891245, 427.3121488647577166, -166.4930333967051865 ) ) ;
#1665 = CARTESIAN_POINT ( 'NONE',  ( 787.9013112809772110, 94.05861713102551391, 52.87780401279822939 ) ) ;
#1666 = CARTESIAN_POINT ( 'NONE',  ( 1247.032100029573940, 719.0673796287904906, 168.9366286826231942 ) ) ;
#1667 = CARTESIAN_POINT ( 'NONE',  ( 1379.573532441727366, 935.7668486520834676, 68.40921564648741082 ) ) ;
#1668 = CARTESIAN_POINT ( 'NONE',  ( 849.4448472481391263, 68.60137658762560875, -86.35394550990895368 ) ) ;
#1669 = CARTESIAN_POINT ( 'NONE',  ( 1249.839039201905280, 575.6513035598433135, 33.74934425530377524 ) ) ;
#1670 = CARTESIAN_POINT ( 'NONE',  ( 1443.237777197552759, 942.9664760101353522, -31.47016077282046354 ) ) ;
#1671 = CARTESIAN_POINT ( 'NONE',  ( 1321.392672143249456, 925.6969591954709813, 148.3592223068666840 ) ) ;
#1672 = CARTESIAN_POINT ( 'NONE',  ( 560.0000000000002274, -10.83109992308671110, -32.70060215159566042 ) ) ;
#1673 = CARTESIAN_POINT ( 'NONE',  ( 894.4029727630635307, 169.2319715913177447, 73.66018855643550012 ) ) ;
#1674 = CARTESIAN_POINT ( 'NONE',  ( 992.1066271728761876, 267.4099115622142335, 105.8066549327445642 ) ) ;
#1675 = CARTESIAN_POINT ( 'NONE',  ( 1035.175989481379929, 331.0269461144809497, 124.6262469382521658 ) ) ;
#1676 = CARTESIAN_POINT ( 'NONE',  ( 1461.972793031125775, 915.2986174767605689, -73.85423829310428800 ) ) ;
#1677 = CARTESIAN_POINT ( 'NONE',  ( 1428.448513353786893, 964.8072507112094627, -1.332982959040151183 ) ) ;
#1678 = CARTESIAN_POINT ( 'NONE',  ( 1421.600980166479076, 630.0404396498834103, -154.1407375649026505 ) ) ;
#1679 = PERSON_AND_ORGANIZATION ( #416, #4116 ) ;
#1680 = CARTESIAN_POINT ( 'NONE',  ( 1148.265679731878663, 351.1598406299228259, -42.91562062671136601 ) ) ;
#1681 = CARTESIAN_POINT ( 'NONE',  ( 1390.377751263208438, 1021.030126055275900, 67.41943664476777087 ) ) ;
#1682 = CARTESIAN_POINT ( 'NONE',  ( 840.4995945655402920, 141.3412119700234371, 68.59199524005190085 ) ) ;
#1683 = CARTESIAN_POINT ( 'NONE',  ( 734.7059743635089717, 29.46807875054232184, -63.56416610317949534 ) ) ;
#1684 = CARTESIAN_POINT ( 'NONE',  ( 898.3277400985969052, 143.5048926953667205, 19.45836652532258526 ) ) ;
#1685 = CARTESIAN_POINT ( 'NONE',  ( 843.3152884135890872, 118.3760473466779501, 1.297143724282557420 ) ) ;
#1686 = CARTESIAN_POINT ( 'NONE',  ( 848.5774856948430624, 75.71024353578904709, -61.63239167941389951 ) ) ;
#1687 = CARTESIAN_POINT ( 'NONE',  ( 1009.751052566403473, 185.0266430225486260, -79.94628004926720166 ) ) ;
#1688 = CARTESIAN_POINT ( 'NONE',  ( 1388.271644491998813, 990.7100020045006659, 57.35374275127686161 ) ) ;
#1689 = CARTESIAN_POINT ( 'NONE',  ( 734.5378055067349123, 32.09051992521992958, -41.37026222423531863 ) ) ;
#1690 = CARTESIAN_POINT ( 'NONE',  ( 1345.993221843479432, 504.4875942248899605, -142.2468490179176968 ) ) ;
#1691 = CARTESIAN_POINT ( 'NONE',  ( 675.5127902920368115, 44.93876609672339129, 51.46124061977285891 ) ) ;
#1692 = CARTESIAN_POINT ( 'NONE',  ( 1132.616493315054640, 401.0686096777544094, 73.89473508873841467 ) ) ;
#1693 = CARTESIAN_POINT ( 'NONE',  ( 1007.860775251715950, 193.8391622549666806, -66.13180892829747393 ) ) ;
#1694 = CARTESIAN_POINT ( 'NONE',  ( 1393.076340499097114, 682.5505595428764991, -80.04528461394725980 ) ) ;
#1695 = CARTESIAN_POINT ( 'NONE',  ( 787.9677192004760400, 93.35721306836801148, 51.29805780017645844 ) ) ;
#1696 = CARTESIAN_POINT ( 'NONE',  ( 951.8224679793668201, 175.7422408446555835, 7.949372780682259609 ) ) ;
#1697 = CARTESIAN_POINT ( 'NONE',  ( 1461.972793031125775, 915.2986174767605689, -73.85423829310428800 ) ) ;
#1698 = CARTESIAN_POINT ( 'NONE',  ( 1406.231861188902485, 997.6167873907478452, 31.96109036868390163 ) ) ;
#1699 = CARTESIAN_POINT ( 'NONE',  ( 1221.081124575442800, 643.7450691549869362, 163.7851846535086224 ) ) ;
#1700 = CARTESIAN_POINT ( 'NONE',  ( 1123.516489044037826, 430.0532896806815302, 123.8369249630165143 ) ) ;
#1701 = CARTESIAN_POINT ( 'NONE',  ( 579.5079738072560076, -7.902171644270612028, -40.70917283670384279 ) ) ;
#1702 = CARTESIAN_POINT ( 'NONE',  ( 732.2774230197186398, 65.72518388923016630, 48.30907989141529413 ) ) ;
#1703 = CARTESIAN_POINT ( 'NONE',  ( 1384.282914132268616, 1030.030977350023022, 82.37441056502360937 ) ) ;
#1704 = CARTESIAN_POINT ( 'NONE',  ( 618.4344595337759074, 15.25299468784105805, 21.26190097529589806 ) ) ;
#1705 = CARTESIAN_POINT ( 'NONE',  ( 1452.695552343983309, 701.5411884145166823, -157.7822253326096984 ) ) ;
#1706 = CARTESIAN_POINT ( 'NONE',  ( 732.1466953927971417, 67.45904217067307229, 18.15848621478289715 ) ) ;
#1707 = CARTESIAN_POINT ( 'NONE',  ( 901.6660738018689472, 121.6040839666105029, -29.18105429996302647 ) ) ;
#1708 = CARTESIAN_POINT ( 'NONE',  ( 1385.123547047962802, 1028.789531236697940, 79.77400453822673398 ) ) ;
#1709 = CARTESIAN_POINT ( 'NONE',  ( 579.3673791808744227, 11.49339246710919227, 31.59061089491426699 ) ) ;
#1710 = CARTESIAN_POINT ( 'NONE',  ( 903.4787166364055793, 109.6219644568906517, -77.58203926219303526 ) ) ;
#1711 = CARTESIAN_POINT ( 'NONE',  ( 675.3391558509890729, 49.03563601837435471, 56.95754433103520853 ) ) ;
#1712 = CARTESIAN_POINT ( 'NONE',  ( 734.3545003388030636, 34.66576160744219237, -55.98364017593522135 ) ) ;
#1713 = CARTESIAN_POINT ( 'NONE',  ( 1150.809577318028232, 343.1123140302004799, -26.35972761537668063 ) ) ;
#1714 = CARTESIAN_POINT ( 'NONE',  ( 734.9858860093804651, 25.35658337327962641, -65.51985068834257220 ) ) ;
#1715 = CARTESIAN_POINT ( 'NONE',  ( 1145.851604332503030, 358.9074433949162994, 0.9903868338543122540 ) ) ;
#1716 = CARTESIAN_POINT ( 'NONE',  ( 1192.325377699614592, 404.2287613132660340, -45.34126376816325177 ) ) ;
#1717 = CARTESIAN_POINT ( 'NONE',  ( 1329.315298051158607, 912.1678178347909807, 125.6556300226565952 ) ) ;
#1718 = CARTESIAN_POINT ( 'NONE',  ( 1329.315298051158607, 912.1678178347909807, 125.6556300226565952 ) ) ;
#1719 = CARTESIAN_POINT ( 'NONE',  ( 905.4293755879157288, 96.85413241243182370, -94.71303179303448871 ) ) ;
#1720 = CARTESIAN_POINT ( 'NONE',  ( 1362.714940656059753, 738.4431803948509696, 0.5184828190220411859 ) ) ;
#1721 = CARTESIAN_POINT ( 'NONE',  ( 1331.497888777461185, 672.5947663673940724, -19.34918088189331087 ) ) ;
#1722 = CARTESIAN_POINT ( 'NONE',  ( 1115.846158231453501, 252.2255060730666401, -96.94861745771903827 ) ) ;
#1723 = CARTESIAN_POINT ( 'NONE',  ( 1401.182382250743558, 667.6153129520793073, -117.3670569077669512 ) ) ;
#1724 = ADVANCED_FACE ( 'NONE', ( #5477 ), #705, .F. ) ;
#1725 = CARTESIAN_POINT ( 'NONE',  ( 1039.143870858417586, 314.9011114279900880, 78.47492829783070079 ) ) ;
#1726 = CARTESIAN_POINT ( 'NONE',  ( 1295.780879707037457, 466.9512970519411397, -104.5254612019111278 ) ) ;
#1727 = CARTESIAN_POINT ( 'NONE',  ( 1383.355839315862340, 569.1359513303302720, -143.5432726728848252 ) ) ;
#1728 = CARTESIAN_POINT ( 'NONE',  ( 843.3347480263853413, 118.3706787607067099, 39.31890439246056701 ) ) ;
#1729 = CARTESIAN_POINT ( 'NONE',  ( 1287.097880261627097, 487.4729507121596157, -95.07157278577666659 ) ) ;
#1730 = CARTESIAN_POINT ( 'NONE',  ( 579.4831214989127375, -4.532723606536862349, -20.10716996047661809 ) ) ;
#1731 = CARTESIAN_POINT ( 'NONE',  ( 1085.895670509871479, 359.2721588784393134, 94.79903943960053425 ) ) ;
#1732 = CARTESIAN_POINT ( 'NONE',  ( 1427.580891875250927, 966.0885535156444348, 0.4435553306277015273 ) ) ;
#1733 = CARTESIAN_POINT ( 'NONE',  ( 1371.814124622097779, 947.9585598530778725, 65.00846997335509059 ) ) ;
#1734 = CARTESIAN_POINT ( 'NONE',  ( 1297.999202072189519, 857.5776798660625673, 167.0334426210710603 ) ) ;
#1735 = CARTESIAN_POINT ( 'NONE',  ( 1082.580837352638582, 371.1160687419804276, 116.0005891792699799 ) ) ;
#1736 = CARTESIAN_POINT ( 'NONE',  ( 676.9867874977275051, 9.623107042589818860, -57.45361957914577289 ) ) ;
#1737 = CARTESIAN_POINT ( 'NONE',  ( 1203.274054148949745, 540.5506358692588265, 109.7651826211748585 ) ) ;
#1738 = CARTESIAN_POINT ( 'NONE',  ( 1177.743027769911123, 446.0597227209267430, 53.91600795723834949 ) ) ;
#1739 = CARTESIAN_POINT ( 'NONE',  ( 1311.811963875424453, 428.9991938117981363, -166.2820521586465929 ) ) ;
#1740 = CARTESIAN_POINT ( 'NONE',  ( 579.3527396755368954, 13.67464440900830880, 8.675560772535812148 ) ) ;
#1741 = CARTESIAN_POINT ( 'NONE',  ( 1058.268536448741088, 237.4129501708933958, -38.54784684997330402 ) ) ;
#1742 = CARTESIAN_POINT ( 'NONE',  ( 840.1843937969343870, 143.9315963151185827, 80.80283491398644458 ) ) ;
#1743 = CARTESIAN_POINT ( 'NONE',  ( 1263.555112066872198, 683.2466127948957819, 127.9544857159556415 ) ) ;
#1744 = CARTESIAN_POINT ( 'NONE',  ( 1340.211236743182326, 517.0069316139665716, -138.1530343716979417 ) ) ;
#1745 = CARTESIAN_POINT ( 'NONE',  ( 1248.152776088873452, 716.6396049718491668, 169.0749703399592079 ) ) ;
#1746 = CARTESIAN_POINT ( 'NONE',  ( 847.2638553076496919, 86.29001775595672541, -62.06602534499747748 ) ) ;
#1747 = CARTESIAN_POINT ( 'NONE',  ( 1055.152170844958846, 250.0509999362747067, -14.73427973065743046 ) ) ;
#1748 = CARTESIAN_POINT ( 'NONE',  ( 1069.125579439475814, 193.3659010847268291, -123.3506451765738632 ) ) ;
#1749 = PERSON_AND_ORGANIZATION ( #416, #4116 ) ;
#1750 = CARTESIAN_POINT ( 'NONE',  ( 898.6948749185797851, 140.9651701689406593, -22.57616139579400993 ) ) ;
#1751 = CARTESIAN_POINT ( 'NONE',  ( 840.4995945655402920, 141.3412119700234371, 68.59199524005190085 ) ) ;
#1752 = CARTESIAN_POINT ( 'NONE',  ( 1352.461892827236170, 978.3907347435127804, 112.0245286016422455 ) ) ;
#1753 = CARTESIAN_POINT ( 'NONE',  ( 1452.695552343983309, 701.5411884145166823, -157.7822253326096984 ) ) ;
#1754 = CARTESIAN_POINT ( 'NONE',  ( 1186.822775993255618, 420.0442360976877012, 10.43591248200567634 ) ) ;
#1755 = CARTESIAN_POINT ( 'NONE',  ( 1277.916596840750117, 779.5437455608384880, 165.0670149014808885 ) ) ;
#1756 = CARTESIAN_POINT ( 'NONE',  ( 1400.330399861362139, 903.1193435536438301, 1.559535025722277757 ) ) ;
#1757 = CARTESIAN_POINT ( 'NONE',  ( 1384.242750851470873, 567.3649637701868187, -146.0517337070398298 ) ) ;
#1758 = CARTESIAN_POINT ( 'NONE',  ( 1110.935620962263329, 269.7223966377204079, -89.20369242881025684 ) ) ;
#1759 = CARTESIAN_POINT ( 'NONE',  ( 893.6901747078837843, 173.8150251532257755, 53.96764628197160363 ) ) ;
#1760 = CARTESIAN_POINT ( 'NONE',  ( 1217.310296282750869, 332.6857389685220596, -133.3318570441068118 ) ) ;
#1761 = CARTESIAN_POINT ( 'NONE',  ( 788.7369687480446601, 85.22781163453517195, 32.58839388972960194 ) ) ;
#1762 = CARTESIAN_POINT ( 'NONE',  ( 579.4262117898773568, 3.498195613431791529, -21.67421001397543279 ) ) ;
#1763 = CARTESIAN_POINT ( 'NONE',  ( 1113.172516935206886, 261.7828596908916552, -79.98041985199668602 ) ) ;
#1764 = CARTESIAN_POINT ( 'NONE',  ( 842.2966137289208746, 126.8057914129817618, 57.72224132600919688 ) ) ;
#1765 = CARTESIAN_POINT ( 'NONE',  ( 1052.736212621902496, 259.8483020434790092, 3.801886343911286215 ) ) ;
#1766 = CARTESIAN_POINT ( 'NONE',  ( 1296.614194221529260, 742.2105240243899971, 84.75754774789102441 ) ) ;
#1767 = CARTESIAN_POINT ( 'NONE',  ( 1157.948194159727564, 502.7673680902184969, 145.8548494831057951 ) ) ;
#1768 = CARTESIAN_POINT ( 'NONE',  ( 559.9999999999998863, -9.889657366520861359, -36.61831140323461398 ) ) ;
#1769 = CARTESIAN_POINT ( 'NONE',  ( 1322.518395927623260, 812.4421115139963376, 108.4278136148301570 ) ) ;
#1770 = LOCAL_TIME ( 3, 1, 24.00000000000000000, #5794 ) ;
#1771 = CARTESIAN_POINT ( 'NONE',  ( 1365.287977466639632, 850.7648717051254152, 56.23450941326497343 ) ) ;
#1772 = CARTESIAN_POINT ( 'NONE',  ( 1468.662383418392437, 905.4194349809831692, -83.94503330589715517 ) ) ;
#1773 = CARTESIAN_POINT ( 'NONE',  ( 560.0000000000002274, 10.61671797339489309, 17.30522640417290603 ) ) ;
#1774 = CARTESIAN_POINT ( 'NONE',  ( 1352.441557773965087, 630.8260061751919920, -54.05927183841668437 ) ) ;
#1775 = CARTESIAN_POINT ( 'NONE',  ( 559.9999999999996589, 11.76367576917734148, 34.42261192532697578 ) ) ;
#1776 = CARTESIAN_POINT ( 'NONE',  ( 1232.930897971157265, 615.7046345769996378, 127.3022210701974473 ) ) ;
#1777 = CARTESIAN_POINT ( 'NONE',  ( 1040.198271343456554, 310.6797606452958007, 98.07491097359049093 ) ) ;
#1778 = CARTESIAN_POINT ( 'NONE',  ( 1117.787884816822952, 448.2903684148327557, 142.9415378161235708 ) ) ;
#1779 = CARTESIAN_POINT ( 'NONE',  ( 1063.367659115984907, 216.6780067301347685, -97.69435092890613248 ) ) ;
#1780 = CARTESIAN_POINT ( 'NONE',  ( 1105.851987102781550, 287.9504546895454951, -33.08704355135555630 ) ) ;
#1781 = CARTESIAN_POINT ( 'NONE',  ( 1068.699788413945271, 195.0996328823375734, -118.5782981987222939 ) ) ;
#1782 = CARTESIAN_POINT ( 'NONE',  ( 733.1087861496386040, 53.13596740949285646, -19.79251508169077667 ) ) ;
#1783 = EDGE_LOOP ( 'NONE', ( #3920, #4983, #1192, #6440 ) ) ;
#1784 = CARTESIAN_POINT ( 'NONE',  ( 1120.883780342773207, 438.4125265812521661, 116.3574792553589106 ) ) ;
#1785 = CARTESIAN_POINT ( 'NONE',  ( 1305.491992268422337, 843.7750455196513713, 134.0311313043968653 ) ) ;
#1786 = CARTESIAN_POINT ( 'NONE',  ( 1169.452364271180613, 283.6954703937611839, -137.3378684832160559 ) ) ;
#1787 = CARTESIAN_POINT ( 'NONE',  ( 1052.736212621902496, 259.8483020434790092, 3.801886343911286215 ) ) ;
#1788 = CARTESIAN_POINT ( 'NONE',  ( 560.0000000000000000, 10.08765715819660791, 35.78754812606359792 ) ) ;
#1789 = CARTESIAN_POINT ( 'NONE',  ( 1226.436620913937304, 480.3722101286049906, -17.89903898249864866 ) ) ;
#1790 = CARTESIAN_POINT ( 'NONE',  ( 618.7404965081196906, -2.771146412775270296, -39.95983038147654298 ) ) ;
#1791 = CARTESIAN_POINT ( 'NONE',  ( 1204.532821526517637, 369.2596349276274736, -96.19563435510380600 ) ) ;
#1792 = CARTESIAN_POINT ( 'NONE',  ( 1084.340338087272812, 364.7763476169154728, 75.44343963518008422 ) ) ;
#1793 = CARTESIAN_POINT ( 'NONE',  ( 1444.620283681390902, 715.3318941962259032, -134.9120243871570892 ) ) ;
#1794 = CARTESIAN_POINT ( 'NONE',  ( 618.4437045462825608, 14.71811951355707038, 19.70766525830621418 ) ) ;
#1795 = CARTESIAN_POINT ( 'NONE',  ( 1241.904664785990690, 440.2192116939543212, -76.95580565353249369 ) ) ;
#1796 = CARTESIAN_POINT ( 'NONE',  ( 1449.795509630166634, 933.2820212513582874, -44.72003532520395908 ) ) ;
#1797 = CARTESIAN_POINT ( 'NONE',  ( 1387.717562622348623, 991.5512417561398024, 72.81970237160803094 ) ) ;
#1798 = CARTESIAN_POINT ( 'NONE',  ( 1333.935523691350454, 667.7559501951648144, 0.5086272205503065136 ) ) ;
#1799 = CARTESIAN_POINT ( 'NONE',  ( 618.2571762842320595, 25.39629762572821292, 46.78012024573462213 ) ) ;
#1800 = CARTESIAN_POINT ( 'NONE',  ( 1238.617238170341807, 602.2470153035486646, 106.1921905488250104 ) ) ;
#1801 = CARTESIAN_POINT ( 'NONE',  ( 949.1628752818764951, 190.2788669823826524, 38.04269649295275713 ) ) ;
#1802 = CARTESIAN_POINT ( 'NONE',  ( 1354.169402122448219, 486.7515361325844196, -171.4372119308514755 ) ) ;
#1803 = CARTESIAN_POINT ( 'NONE',  ( 1332.121512887014433, 794.7452069155973504, 55.95088946096979043 ) ) ;
#1804 = CARTESIAN_POINT ( 'NONE',  ( 1009.966281474463472, 184.0946952947882380, -57.38977268015053568 ) ) ;
#1805 = CARTESIAN_POINT ( 'NONE',  ( 1384.282914132268616, 1030.030977350023022, 82.37441056502360937 ) ) ;
#1806 = CARTESIAN_POINT ( 'NONE',  ( 1217.807851067764204, 331.2596406983299175, -135.6380238970446044 ) ) ;
#1807 = CARTESIAN_POINT ( 'NONE',  ( 945.5185347031136871, 210.1891647906089702, 77.86893482387053211 ) ) ;
#1808 = CARTESIAN_POINT ( 'NONE',  ( 675.5954926294849656, 42.97974771667419702, 46.24952659294074664 ) ) ;
#1809 = CARTESIAN_POINT ( 'NONE',  ( 1319.112421905198516, 929.5927305979556650, 157.6864300488502693 ) ) ;
#1810 = CARTESIAN_POINT ( 'NONE',  ( 618.6040956802372648, 4.721176513588003942, -38.52625513083145847 ) ) ;
#1811 = CARTESIAN_POINT ( 'NONE',  ( 1239.010508946742902, 447.7737486246874710, -39.82856743896051199 ) ) ;
#1812 = CARTESIAN_POINT ( 'NONE',  ( 1467.196671083419460, 907.5839979519978442, -79.58379647891806030 ) ) ;
#1813 = CARTESIAN_POINT ( 'NONE',  ( 559.9999999999996589, 5.554637584987055732, -3.861296137675124918 ) ) ;
#1814 = CARTESIAN_POINT ( 'NONE',  ( 731.6684786232748365, 74.63758290725476741, 46.53936790789684608 ) ) ;
#1815 = CARTESIAN_POINT ( 'NONE',  ( 1147.502135256034308, 353.6492191818782658, -8.130509578314045527 ) ) ;
#1816 = CARTESIAN_POINT ( 'NONE',  ( 1279.793723315084435, 775.7850815256980468, 141.6434148303176244 ) ) ;
#1817 = CARTESIAN_POINT ( 'NONE',  ( 893.7537696003419114, 173.4857408272613100, 82.58581597504569061 ) ) ;
#1818 = CARTESIAN_POINT ( 'NONE',  ( 1120.599849804137648, 439.3181781830015211, 118.6115011196144309 ) ) ;
#1819 = CARTESIAN_POINT ( 'NONE',  ( 1350.142910635688622, 495.4773351668923169, -163.0542686878946483 ) ) ;
#1820 = CARTESIAN_POINT ( 'NONE',  ( 560.0000000000000000, -2.330204644357003474, 1.485421177585301233 ) ) ;
#1821 = CARTESIAN_POINT ( 'NONE',  ( 1323.160131062843902, 922.6855879011720845, 154.9617914777178100 ) ) ;
#1822 = CARTESIAN_POINT ( 'NONE',  ( 1289.314730978796661, 627.3587618820741909, 12.97636460335888842 ) ) ;
#1823 = CARTESIAN_POINT ( 'NONE',  ( 1442.390805192142579, 719.1339557923864731, -129.7061400583485238 ) ) ;
#1824 = CARTESIAN_POINT ( 'NONE',  ( 1116.888789242430903, 248.4590653766266541, -118.4770046517404154 ) ) ;
#1825 = CARTESIAN_POINT ( 'NONE',  ( 560.0000000000000000, -0.6907119648620253516, -20.89851811810466842 ) ) ;
#1826 = CARTESIAN_POINT ( 'NONE',  ( 1293.125209791655607, 749.1741904050296625, 96.02311443488920872 ) ) ;
#1827 = CARTESIAN_POINT ( 'NONE',  ( 1462.939908275164271, 913.8703823476724892, -71.02089072141400550 ) ) ;
#1828 = CARTESIAN_POINT ( 'NONE',  ( 1214.786185339602298, 510.6648931785640002, 61.60118440768451364 ) ) ;
#1829 = CARTESIAN_POINT ( 'NONE',  ( 560.0000000000002274, 1.584734030523817561, -15.29136187641367428 ) ) ;
#1830 = CARTESIAN_POINT ( 'NONE',  ( 791.5356890562768513, 55.59199088094884189, -42.50254531450897133 ) ) ;
#1831 = CARTESIAN_POINT ( 'NONE',  ( 1086.227948052227021, 358.0848568381186965, 92.68179879867776094 ) ) ;
#1832 = CARTESIAN_POINT ( 'NONE',  ( 1145.301035752370808, 360.6614176886737937, 4.029842712198043131 ) ) ;
#1833 = CARTESIAN_POINT ( 'NONE',  ( 1297.239514852958109, 463.4995699686806461, -109.7838612615966980 ) ) ;
#1834 = CARTESIAN_POINT ( 'NONE',  ( 1080.640741572937031, 378.0468801950214015, 127.1676453779610227 ) ) ;
#1835 = CARTESIAN_POINT ( 'NONE',  ( 1087.906935208737195, 352.0854944423808774, 82.06586081184845227 ) ) ;
#1836 = CARTESIAN_POINT ( 'NONE',  ( 1047.361777591178679, 281.6406517844939685, 44.79103200373307203 ) ) ;
#1837 = CARTESIAN_POINT ( 'NONE',  ( 1471.167142958257728, 864.7893424331493861, -103.8673209097533601 ) ) ;
#1838 = CARTESIAN_POINT ( 'NONE',  ( 1328.839828572778970, 800.7869897786548563, 65.06767941740532990 ) ) ;
#1839 = CARTESIAN_POINT ( 'NONE',  ( 1324.546930862123645, 550.9919218427814940, -73.29768656821637762 ) ) ;
#1840 = CARTESIAN_POINT ( 'NONE',  ( 1219.148658087677859, 648.3147846614434684, 164.0135875843975271 ) ) ;
#1841 = CARTESIAN_POINT ( 'NONE',  ( 960.9815885647104778, 125.6553480368642965, -97.66982752911675902 ) ) ;
#1842 = CARTESIAN_POINT ( 'NONE',  ( 1291.651478699124709, 752.1361929790963359, 126.4123159524250468 ) ) ;
#1843 = CARTESIAN_POINT ( 'NONE',  ( 1382.987796166873295, 998.7358268255076155, 82.69281045665252350 ) ) ;
#1844 = CARTESIAN_POINT ( 'NONE',  ( 734.1182280672312572, 38.16410552035180359, -50.06764874416886357 ) ) ;
#1845 = CARTESIAN_POINT ( 'NONE',  ( 1057.232649103718813, 241.6140098676898162, -30.59949598645288305 ) ) ;
#1846 = CARTESIAN_POINT ( 'NONE',  ( 560.0000000000015916, -10.72562302203411910, -35.37393605386923667 ) ) ;
#1847 = PERSON_AND_ORGANIZATION_ROLE ( 'design_supplier' ) ;
#1848 = CARTESIAN_POINT ( 'NONE',  ( 950.9360052271157429, 180.4741182256376817, -18.38000736131710866 ) ) ;
#1849 = CARTESIAN_POINT ( 'NONE',  ( 840.8574972798111276, 138.4100868668851660, 57.01644001425373887 ) ) ;
#1850 = CARTESIAN_POINT ( 'NONE',  ( 676.3254232273350226, 25.60351186248458788, -0.1885160778273635707 ) ) ;
#1851 = CARTESIAN_POINT ( 'NONE',  ( 840.3715587599078845, 142.3944134403716362, 74.05607944478076377 ) ) ;
#1852 = CARTESIAN_POINT ( 'NONE',  ( 1392.586723195218383, 1017.767917821145147, 72.49440816170125856 ) ) ;
#1853 = CARTESIAN_POINT ( 'NONE',  ( 892.4924748257410556, 181.7054237906202729, 80.93174583727324034 ) ) ;
#1854 = CARTESIAN_POINT ( 'NONE',  ( 848.7733853801386203, 74.04457926452772654, -80.44009126650408348 ) ) ;
#1855 = CARTESIAN_POINT ( 'NONE',  ( 1332.705671363093188, 670.2102041658288272, 4.152728039322298947 ) ) ;
#1856 = CARTESIAN_POINT ( 'NONE',  ( 892.4269156337620643, 182.1705574309131066, 94.61675801179305267 ) ) ;
#1857 = CARTESIAN_POINT ( 'NONE',  ( 1416.140644600732230, 982.9835028442172415, 11.42094048081466440 ) ) ;
#1858 = CARTESIAN_POINT ( 'NONE',  ( 848.9609212985000113, 72.58480215213302245, -69.55208898257181716 ) ) ;
#1859 = CARTESIAN_POINT ( 'NONE',  ( 846.3562894498767264, 93.65869982717167375, -49.23525646570499958 ) ) ;
#1860 = CARTESIAN_POINT ( 'NONE',  ( 893.2227668073156792, 176.8911333694449013, 63.47307081020214525 ) ) ;
#1861 = CARTESIAN_POINT ( 'NONE',  ( 676.9879762415625919, 9.689864583232061790, -50.39948302449034401 ) ) ;
#1862 = CARTESIAN_POINT ( 'NONE',  ( 1311.846700335642481, 711.8356809763685078, 66.18339320877856835 ) ) ;
#1863 = CARTESIAN_POINT ( 'NONE',  ( 676.1496844537022071, 29.43324458516014985, -24.15287465224575314 ) ) ;
#1864 = CARTESIAN_POINT ( 'NONE',  ( 903.5268479366219481, 109.3920337002370928, -56.58645949029879318 ) ) ;
#1865 = CARTESIAN_POINT ( 'NONE',  ( 1043.677801119851893, 296.5758821227194630, 72.45604199559765846 ) ) ;
#1866 = CARTESIAN_POINT ( 'NONE',  ( 1053.081842508047885, 258.4467235278266912, 1.154930855711677973 ) ) ;
#1867 = CARTESIAN_POINT ( 'NONE',  ( 559.9999999999998863, 9.173410750991799034, 34.68626367686926670 ) ) ;
#1868 = CARTESIAN_POINT ( 'NONE',  ( 1204.074545269131704, 538.4726105184606695, 106.3899830007330394 ) ) ;
#1869 = CARTESIAN_POINT ( 'NONE',  ( 897.2651289987189784, 150.4732434046120204, 34.59832070935146930 ) ) ;
#1870 = CARTESIAN_POINT ( 'NONE',  ( 960.2251728603013134, 129.7461961628291363, -100.7797232749693563 ) ) ;
#1871 = CARTESIAN_POINT ( 'NONE',  ( 1130.153686818101960, 408.8615560923989278, 55.39388290338426657 ) ) ;
#1872 = CARTESIAN_POINT ( 'NONE',  ( 1363.613164025669221, 608.5325535651011251, -86.67079053115081422 ) ) ;
#1873 = CARTESIAN_POINT ( 'NONE',  ( 675.2677415620566990, 50.71061337066746688, 56.73604495409526294 ) ) ;
#1874 = CARTESIAN_POINT ( 'NONE',  ( 905.7413937390501815, 94.84537391637933013, -90.67068292967275056 ) ) ;
#1875 = CARTESIAN_POINT ( 'NONE',  ( 1202.077266392230058, 543.6574305276790255, 114.8238738778133410 ) ) ;
#1876 = CARTESIAN_POINT ( 'NONE',  ( 1163.491596707814097, 486.8891811656093296, 121.4488701990285051 ) ) ;
#1877 = CARTESIAN_POINT ( 'NONE',  ( 1189.013336439789555, 577.5575174030409471, 152.9286844784818413 ) ) ;
#1878 = CARTESIAN_POINT ( 'NONE',  ( 847.4512704384602557, 84.76895436319561838, -64.57752900942023189 ) ) ;
#1879 = CARTESIAN_POINT ( 'NONE',  ( 618.6419403125261169, 3.112963176411768451, -17.97334784679113895 ) ) ;
#1880 = CC_DESIGN_APPROVAL ( #2943, ( #101 ) ) ;
#1881 = CARTESIAN_POINT ( 'NONE',  ( 734.9615565743902152, 25.70164813220552702, -66.57963784089035642 ) ) ;
#1882 = PERSON_AND_ORGANIZATION ( #416, #4116 ) ;
#1883 = CARTESIAN_POINT ( 'NONE',  ( 1335.322924022546658, 664.9620325419408573, -30.04692568954761001 ) ) ;
#1884 = CARTESIAN_POINT ( 'NONE',  ( 1395.819594261270595, 1012.993616048098829, 54.78911693738095323 ) ) ;
#1885 = CARTESIAN_POINT ( 'NONE',  ( 1229.297910327485170, 472.9899338486009697, 0.7002808316221400542 ) ) ;
#1886 = CARTESIAN_POINT ( 'NONE',  ( 1193.026437220423077, 567.1311356499732028, 131.8037818335463953 ) ) ;
#1887 = CARTESIAN_POINT ( 'NONE',  ( 1286.015012878159496, 763.3838567759839862, 142.9073834361816182 ) ) ;
#1888 = CARTESIAN_POINT ( 'NONE',  ( 1123.196524520059484, 431.0724636351104095, 126.0599111730413853 ) ) ;
#1889 = CARTESIAN_POINT ( 'NONE',  ( 1224.223307020678021, 636.2958209335433821, 139.5782190455406067 ) ) ;
#1890 = CARTESIAN_POINT ( 'NONE',  ( 1264.448698714521470, 381.7098968658654030, -152.7195683153668995 ) ) ;
#1891 = CARTESIAN_POINT ( 'NONE',  ( 1381.897489674751114, 1033.553770552817923, 86.15238904956426325 ) ) ;
#1892 = CARTESIAN_POINT ( 'NONE',  ( 1078.785654986615327, 384.6714954017358536, 132.8504793582611399 ) ) ;
#1893 = CARTESIAN_POINT ( 'NONE',  ( 787.9222706283546813, 93.66170586605907999, 15.78244149916076999 ) ) ;
#1894 = CARTESIAN_POINT ( 'NONE',  ( 792.2071509129281139, 48.46800071098365237, -61.70358201949363774 ) ) ;
#1895 = CARTESIAN_POINT ( 'NONE',  ( 1288.667471126914961, 483.7587985222511975, -100.0594200992442637 ) ) ;
#1896 = CARTESIAN_POINT ( 'NONE',  ( 731.6462075925969657, 74.97544957729832049, 48.40614334040590450 ) ) ;
#1897 = CARTESIAN_POINT ( 'NONE',  ( 1166.108244466116048, 479.3539631670712424, 80.21518840066561040 ) ) ;
#1898 = CARTESIAN_POINT ( 'NONE',  ( 1119.153500849904958, 240.4027194681075912, -117.7766373758487930 ) ) ;
#1899 = CARTESIAN_POINT ( 'NONE',  ( 1369.434517648354358, 843.6858219669941263, 46.11064375017912909 ) ) ;
#1900 = CARTESIAN_POINT ( 'NONE',  ( 618.4599025937567376, 13.00612497639834864, -20.67700606122440377 ) ) ;
#1901 = CARTESIAN_POINT ( 'NONE',  ( 1369.220150370724923, 597.3437183778063400, -102.9320508516576069 ) ) ;
#1902 = CARTESIAN_POINT ( 'NONE',  ( 1400.497372400828681, 1006.085476499907031, 56.01446481867964877 ) ) ;
#1903 = CARTESIAN_POINT ( 'NONE',  ( 560.0000000000000000, -5.204061957856652931, -9.117673017658294299 ) ) ;
#1904 = CARTESIAN_POINT ( 'NONE',  ( 1253.365470780329588, 705.3407753142013235, 161.1893243211604556 ) ) ;
#1906 = CARTESIAN_POINT ( 'NONE',  ( 1036.020038447590650, 327.5912756035461371, 111.9734676670740612 ) ) ;
#1905 = CARTESIAN_POINT ( 'NONE',  ( 560.0000000000000000, 5.077552609720679122, 24.73283613902149725 ) ) ;
#1907 = CARTESIAN_POINT ( 'NONE',  ( 676.0707758086512058, 31.68626685212026928, 17.45622381979457671 ) ) ;
#1908 = CARTESIAN_POINT ( 'NONE',  ( 1470.791735423219507, 792.3368600847766174, -135.9333475178569586 ) ) ;
#1909 = CARTESIAN_POINT ( 'NONE',  ( 1406.231861188902485, 997.6167873907478452, 31.96109036868390163 ) ) ;
#1910 = CARTESIAN_POINT ( 'NONE',  ( 989.7155691591407276, 278.5469571160527948, 114.3146247782578939 ) ) ;
#1911 = CARTESIAN_POINT ( 'NONE',  ( 1265.433734311130365, 379.1704014703007033, -148.2437320913491021 ) ) ;
#1912 = CARTESIAN_POINT ( 'NONE',  ( 1084.178624879521976, 365.4070380695536073, 105.4285596961638305 ) ) ;
#1913 = CARTESIAN_POINT ( 'NONE',  ( 1118.438164503055759, 446.2135805828418142, 134.5579660310478118 ) ) ;
#1914 = CARTESIAN_POINT ( 'NONE',  ( 733.8284754408953177, 42.45704270227523125, -42.16451283329440258 ) ) ;
#1915 = CARTESIAN_POINT ( 'NONE',  ( 955.3317634770379527, 156.5564175988721729, -32.27581183161885292 ) ) ;
#1916 = CARTESIAN_POINT ( 'NONE',  ( 1392.718338108028320, 550.4497794330152374, -171.4994315797810032 ) ) ;
#1917 = CARTESIAN_POINT ( 'NONE',  ( 1096.430144845656059, 321.5524756909749726, -6.680499145382118087 ) ) ;
#1918 = CARTESIAN_POINT ( 'NONE',  ( 1232.194755895969365, 617.4202137059531879, 103.8405124932856154 ) ) ;
#1919 = CARTESIAN_POINT ( 'NONE',  ( 1410.248042162935462, 887.5346258067469307, 0.6114444348592686929 ) ) ;
#1920 = CARTESIAN_POINT ( 'NONE',  ( 1120.321989238599144, 440.2046073625924123, 120.8648497638646120 ) ) ;
#1921 = CARTESIAN_POINT ( 'NONE',  ( 1310.394332979192313, 834.7615781384429283, 140.8778013898860593 ) ) ;
#1922 = CARTESIAN_POINT ( 'NONE',  ( 618.2837223326852154, 23.89672426326943366, 44.17440569041184517 ) ) ;
#1923 = CARTESIAN_POINT ( 'NONE',  ( 1120.321989238599144, 440.2046073625924123, 120.8648497638646120 ) ) ;
#1924 = CARTESIAN_POINT ( 'NONE',  ( 1262.534148588237258, 386.6791507520234177, -147.1556871814340184 ) ) ;
#1925 = CARTESIAN_POINT ( 'NONE',  ( 1413.733204427509463, 986.5388088408632257, 16.29878633679148336 ) ) ;
#1926 = CARTESIAN_POINT ( 'NONE',  ( 1388.016599250213631, 1024.517073728646437, 80.51973172106190191 ) ) ;
#1927 = CARTESIAN_POINT ( 'NONE',  ( 675.6375275766207551, 41.65621879677799200, 8.363304578865800920 ) ) ;
#1928 = CARTESIAN_POINT ( 'NONE',  ( 618.7598515665976038, -3.928728848624895242, -44.04643724314657049 ) ) ;
#1929 = CARTESIAN_POINT ( 'NONE',  ( 733.6897856698286660, 44.51326348081051520, -38.15413161567416012 ) ) ;
#1930 = CARTESIAN_POINT ( 'NONE',  ( 1038.722852679136849, 316.6105719056745897, 82.61416344036636872 ) ) ;
#1931 = CARTESIAN_POINT ( 'NONE',  ( 1365.909544803314930, 957.2434980669803508, 78.91965748503334055 ) ) ;
#1932 = CARTESIAN_POINT ( 'NONE',  ( 1178.754270675452972, 443.1623779587779381, 49.08932663967383547 ) ) ;
#1933 = CARTESIAN_POINT ( 'NONE',  ( 899.1545521098045128, 137.9514046814244637, -28.51999960104006959 ) ) ;
#1934 = CARTESIAN_POINT ( 'NONE',  ( 848.3008081947559731, 77.96332304330425700, -56.18511801993081178 ) ) ;
#1935 = CARTESIAN_POINT ( 'NONE',  ( 579.3848152735497479, 9.067376000459974605, 25.26439979481941833 ) ) ;
#1936 = CARTESIAN_POINT ( 'NONE',  ( 560.0000000000000000, 2.959318360435139628, 18.80464796047564846 ) ) ;
#1937 = CARTESIAN_POINT ( 'NONE',  ( 1458.992102898749636, 919.7004986199118548, -63.16002550311647212 ) ) ;
#1938 = CARTESIAN_POINT ( 'NONE',  ( 1038.289160211405942, 318.4179207533624094, 113.3648050279050778 ) ) ;
#1940 = CARTESIAN_POINT ( 'NONE',  ( 1300.362279818559728, 853.2212302662721868, 150.9501640495371930 ) ) ;
#1939 = CARTESIAN_POINT ( 'NONE',  ( 1274.173892808211349, 660.2214131120932734, 92.70999582193799426 ) ) ;
#1941 = CARTESIAN_POINT ( 'NONE',  ( 844.2659889249507614, 110.7997762352295297, 22.15135510725368206 ) ) ;
#1942 = CARTESIAN_POINT ( 'NONE',  ( 1389.772436687109803, 556.3226817588715676, -167.7873082206900506 ) ) ;
#1943 = CARTESIAN_POINT ( 'NONE',  ( 732.0886268260506995, 68.52359044900562424, 54.54538441653594560 ) ) ;
#1944 = CARTESIAN_POINT ( 'NONE',  ( 1154.572254920083424, 512.4327643677555670, 149.5342345589926936 ) ) ;
#1945 = CARTESIAN_POINT ( 'NONE',  ( 961.1218408706108676, 124.8838974835143176, -99.97989276413731830 ) ) ;
#1946 = CARTESIAN_POINT ( 'NONE',  ( 841.8837923241428598, 130.1584103080679995, 64.85564098433283675 ) ) ;
#1947 = CARTESIAN_POINT ( 'NONE',  ( 786.5281370794230043, 108.5281370471579692, 73.31977427735441211 ) ) ;
#1948 = CARTESIAN_POINT ( 'NONE',  ( 1207.987716927070551, 359.3639757767222704, -109.7628270393561820 ) ) ;
#1949 = CARTESIAN_POINT ( 'NONE',  ( 1354.933089259991675, 868.4429920313075399, 81.56389555869571950 ) ) ;
#1950 = CARTESIAN_POINT ( 'NONE',  ( 1121.294263224752967, 232.7331423568183482, -135.2094005747177619 ) ) ;
#1951 = CARTESIAN_POINT ( 'NONE',  ( 1404.506094836346620, 896.5536829570338568, -7.343390931167352420 ) ) ;
#1952 = CARTESIAN_POINT ( 'NONE',  ( 731.6957968160223800, 74.22393584902872021, 44.33431780926227361 ) ) ;
#1953 = CARTESIAN_POINT ( 'NONE',  ( 733.5612053475513221, 46.64818949010574300, -0.2826167234473746515 ) ) ;
#1954 = CARTESIAN_POINT ( 'NONE',  ( 1120.033495449652492, 441.1250056285892356, 123.1855631442580687 ) ) ;
#1955 = CARTESIAN_POINT ( 'NONE',  ( 1257.949661567500698, 695.4012857374931400, 146.9791443497703369 ) ) ;
#1956 = CARTESIAN_POINT ( 'NONE',  ( 1282.191585140659981, 771.0144173121960876, 156.1401544282892075 ) ) ;
#1957 = CARTESIAN_POINT ( 'NONE',  ( 560.0000000000000000, 11.72007787864682449, 31.65871115223409404 ) ) ;
#1958 = CARTESIAN_POINT ( 'NONE',  ( 904.1801391949765048, 105.0308519345389442, -84.25064805086293518 ) ) ;
#1959 = CARTESIAN_POINT ( 'NONE',  ( 676.3082528227456578, 26.01418411371171047, 1.031400593055614490 ) ) ;
#1960 = CARTESIAN_POINT ( 'NONE',  ( 1350.560290795712717, 981.3883261510587772, 132.9771606907347916 ) ) ;
#1961 = CARTESIAN_POINT ( 'NONE',  ( 1340.077100515470192, 780.0988758724139416, 34.24277347187410925 ) ) ;
#1962 = CARTESIAN_POINT ( 'NONE',  ( 1385.975007075741814, 563.9094449981529351, -150.9252034721987457 ) ) ;
#1963 = CARTESIAN_POINT ( 'NONE',  ( 1445.085291101880557, 904.4087169287653296, -59.25338104573901887 ) ) ;
#1964 = CARTESIAN_POINT ( 'NONE',  ( 579.3273169978391479, 17.13741548963940886, 29.80290515331950374 ) ) ;
#1965 = CARTESIAN_POINT ( 'NONE',  ( 675.3945334715000399, 47.51948339914709152, 30.77215002971648161 ) ) ;
#1966 = CARTESIAN_POINT ( 'NONE',  ( 1120.832209300514705, 234.3778808709052726, -134.6487169934534904 ) ) ;
#1967 = CARTESIAN_POINT ( 'NONE',  ( 999.6639922720020195, 232.1657697830860343, 37.79889253346885880 ) ) ;
#1968 = CARTESIAN_POINT ( 'NONE',  ( 1151.857797029720132, 339.7190977304097146, -60.53209893230168603 ) ) ;
#1969 = CARTESIAN_POINT ( 'NONE',  ( 559.9999999999998863, -9.129944827807435104, -25.08686855134214611 ) ) ;
#1970 = CARTESIAN_POINT ( 'NONE',  ( 1168.621031434250881, 472.1944012444786836, 97.33000198123150426 ) ) ;
#1971 = CARTESIAN_POINT ( 'NONE',  ( 560.0000000000000000, 4.026339571264081485, 21.85397618220090976 ) ) ;
#1972 = CARTESIAN_POINT ( 'NONE',  ( 676.8967241602757667, 11.89162409330753434, -43.09169339818473787 ) ) ;
#1973 = CARTESIAN_POINT ( 'NONE',  ( 1376.555165298861766, 1008.507067038756418, 96.75350719706364089 ) ) ;
#1975 = CARTESIAN_POINT ( 'NONE',  ( 942.2999009941228223, 227.7404821086863080, 96.85065753528827770 ) ) ;
#1974 = CARTESIAN_POINT ( 'NONE',  ( 579.3914620889468097, 8.143976276436843520, 22.71807991167080942 ) ) ;
#1976 = CARTESIAN_POINT ( 'NONE',  ( 1001.258349753767675, 224.7277774219514868, 23.17707234881009981 ) ) ;
#1977 = CARTESIAN_POINT ( 'NONE',  ( 904.7946131283757722, 101.0094507784539957, -89.59823881232128429 ) ) ;
#1978 = CARTESIAN_POINT ( 'NONE',  ( 731.5837584640942168, 75.99236683933688141, 66.36836474942268183 ) ) ;
#1979 = CARTESIAN_POINT ( 'NONE',  ( 1310.571123120924085, 431.9435880336318974, -157.8381728477648949 ) ) ;
#1980 = CARTESIAN_POINT ( 'NONE',  ( 559.9999999999997726, 6.224867324598028162, 27.74592288953837382 ) ) ;
#1981 = CARTESIAN_POINT ( 'NONE',  ( 1385.895308504801960, 1027.649794446552505, 78.01875720457034902 ) ) ;
#1982 = CARTESIAN_POINT ( 'NONE',  ( 1160.235878414246599, 313.0384938734011939, -99.50751872222218708 ) ) ;
#1983 = CARTESIAN_POINT ( 'NONE',  ( 1274.173892808211349, 660.2214131120932734, 92.70999582193799426 ) ) ;
#1984 = CARTESIAN_POINT ( 'NONE',  ( 560.0000000000007958, -10.16179995076799436, -36.46595947827943007 ) ) ;
#1985 = CARTESIAN_POINT ( 'NONE',  ( 788.4528183581968506, 88.04080473758000380, 1.202544221915376355 ) ) ;
#1986 = CARTESIAN_POINT ( 'NONE',  ( 1394.608519944467162, 1014.782129768515347, 57.56183884311043641 ) ) ;
#1987 = CARTESIAN_POINT ( 'NONE',  ( 1370.775608136713799, 723.6041089218936122, -21.02437031472922158 ) ) ;
#1988 = CARTESIAN_POINT ( 'NONE',  ( 1190.390274621856406, 573.9800534951175450, 146.0171878695493035 ) ) ;
#1989 = CARTESIAN_POINT ( 'NONE',  ( 1308.654341494483788, 837.9650460035743436, 146.2801112225981797 ) ) ;
#1990 = CARTESIAN_POINT ( 'NONE',  ( 944.0588201366355179, 218.1616782885243140, 94.27179475006661846 ) ) ;
#1991 = CARTESIAN_POINT ( 'NONE',  ( 786.6393352704619701, 107.3326346926988037, 67.06026549710155393 ) ) ;
#1992 = CARTESIAN_POINT ( 'NONE',  ( 1013.214852095811352, 168.8837670432198763, -103.0585178039652305 ) ) ;
#1993 = CARTESIAN_POINT ( 'NONE',  ( 1053.081842508047885, 258.4467235278266912, 1.154930855711677973 ) ) ;
#1994 = CARTESIAN_POINT ( 'NONE',  ( 1279.288438435266926, 776.8068822939717393, 162.7142443890997185 ) ) ;
#1995 = CARTESIAN_POINT ( 'NONE',  ( 1309.125913475103062, 717.2398952645662575, 45.84633996431917780 ) ) ;
#1996 = CARTESIAN_POINT ( 'NONE',  ( 579.5122858336208083, -8.539041081141414580, -36.46819467310758256 ) ) ;
#1997 = APPROVAL_PERSON_ORGANIZATION ( #2801, #4092, #634 ) ;
#1998 = CARTESIAN_POINT ( 'NONE',  ( 676.0853029516069910, 30.96500030982703322, -20.60916268831434195 ) ) ;
#1999 = CARTESIAN_POINT ( 'NONE',  ( 992.3734917333456451, 266.1096852069177885, 76.29170551858649674 ) ) ;
#2000 = CARTESIAN_POINT ( 'NONE',  ( 1167.030848521798816, 476.7092715422276115, 75.24013639916013574 ) ) ;
#2001 = CARTESIAN_POINT ( 'NONE',  ( 618.7376641383409606, -2.859140926376933844, -49.47309208630412769 ) ) ;
#2002 = CARTESIAN_POINT ( 'NONE',  ( 676.1073442172832983, 30.81435584734552080, 15.03373510761617737 ) ) ;
#2003 = CARTESIAN_POINT ( 'NONE',  ( 1364.689252671720169, 734.7902193739831773, -29.66492317636741660 ) ) ;
#2004 = CARTESIAN_POINT ( 'NONE',  ( 618.7154358592066501, -1.257049139129158943, -33.81285777939388026 ) ) ;
#2005 = CARTESIAN_POINT ( 'NONE',  ( 1129.278125549158631, 411.7019450899804838, 92.07457677735590096 ) ) ;
#2006 = CARTESIAN_POINT ( 'NONE',  ( 560.0000000000000000, 6.257497261648101272, -1.545139279349417860 ) ) ;
#2007 = CARTESIAN_POINT ( 'NONE',  ( 1438.346470903023601, 843.3539488721871749, -60.92993083636876861 ) ) ;
#2008 = CARTESIAN_POINT ( 'NONE',  ( 1407.390163055495577, 656.2011085855239116, -117.4559697623161867 ) ) ;
#2009 = CARTESIAN_POINT ( 'NONE',  ( 1350.560290795712717, 981.3883261510587772, 132.9771606907347916 ) ) ;
#2011 = CARTESIAN_POINT ( 'NONE',  ( 618.1976355990840375, 28.67309540335526208, 44.38470794202746816 ) ) ;
#2010 = CARTESIAN_POINT ( 'NONE',  ( 1270.895001982439680, 667.3312118814628775, 103.5539138269639352 ) ) ;
#2012 = CARTESIAN_POINT ( 'NONE',  ( 1448.559484852398782, 935.1073817954237484, -50.62081171642240207 ) ) ;
#2013 = CARTESIAN_POINT ( 'NONE',  ( 898.3277400985969052, 143.5048926953667205, 19.45836652532258526 ) ) ;
#2014 = CARTESIAN_POINT ( 'NONE',  ( 1467.630584494416325, 870.1615130889849752, -98.88065774792021045 ) ) ;
#2015 = CARTESIAN_POINT ( 'NONE',  ( 1319.493379150965438, 928.9428543109920611, 157.7834641327191889 ) ) ;
#2016 = CARTESIAN_POINT ( 'NONE',  ( 1267.461221541707573, 373.9022693788089100, -157.6672245291027252 ) ) ;
#2017 = CARTESIAN_POINT ( 'NONE',  ( 1234.381141971377929, 612.2724783154578745, 122.0129874388265847 ) ) ;
#2018 = CARTESIAN_POINT ( 'NONE',  ( 1295.632902959282774, 861.9304493256906881, 166.0203722858752542 ) ) ;
#2019 = CARTESIAN_POINT ( 'NONE',  ( 1332.777230229777160, 533.1231833583250364, -117.9981159406261639 ) ) ;
#2020 = CARTESIAN_POINT ( 'NONE',  ( 1350.792281183486239, 875.5122968063201370, 91.69187880992129180 ) ) ;
#2021 = CARTESIAN_POINT ( 'NONE',  ( 1427.220587733424964, 619.6929362296796171, -170.3971366728162877 ) ) ;
#2022 = CARTESIAN_POINT ( 'NONE',  ( 788.2722343117713990, 89.95347250655564153, 6.047059134382758216 ) ) ;
#2023 = CARTESIAN_POINT ( 'NONE',  ( 1122.215634088923480, 434.1654418408088532, 106.7310582438685600 ) ) ;
#2024 = CARTESIAN_POINT ( 'NONE',  ( 1427.988889681109185, 930.3783631091936286, -12.63199150750607558 ) ) ;
#2025 = CARTESIAN_POINT ( 'NONE',  ( 1119.713322100604046, 442.1464523776922988, 125.6627168424137011 ) ) ;
#2026 = CARTESIAN_POINT ( 'NONE',  ( 1260.157886491703266, 690.6127869405813726, 138.8559454164089288 ) ) ;
#2027 = CARTESIAN_POINT ( 'NONE',  ( 1392.064714360079734, 1018.538820110832717, 73.83836116608306099 ) ) ;
#2028 = CARTESIAN_POINT ( 'NONE',  ( 942.6273353951282843, 225.9431366830662284, 90.83996238075017970 ) ) ;
#2029 = CARTESIAN_POINT ( 'NONE',  ( 676.7681400673626513, 14.77201925561231022, -52.14185316881005861 ) ) ;
#2030 = CARTESIAN_POINT ( 'NONE',  ( 949.6983096391356867, 187.2386930460112637, -5.161334655153585693 ) ) ;
#2031 = CARTESIAN_POINT ( 'NONE',  ( 559.9999999999998863, 9.173410750991799034, 34.68626367686926670 ) ) ;
#2032 = CARTESIAN_POINT ( 'NONE',  ( 1207.482224835837997, 529.5848628645594545, 61.58856680474790579 ) ) ;
#2033 = CARTESIAN_POINT ( 'NONE',  ( 960.5623366508378922, 127.9519447899440081, -92.31840713171833102 ) ) ;
#2034 = CARTESIAN_POINT ( 'NONE',  ( 952.8640500688708244, 169.9390063621612512, -37.99832895437599234 ) ) ;
#2035 = CARTESIAN_POINT ( 'NONE',  ( 1121.521021863560463, 436.3802871603691642, 111.6275246171204145 ) ) ;
#2036 = CARTESIAN_POINT ( 'NONE',  ( 1392.865080891310527, 550.1550929470029132, -173.1869194510497039 ) ) ;
#2037 = CARTESIAN_POINT ( 'NONE',  ( 1139.527622009767356, 379.0537111951774136, 35.95866108176268483 ) ) ;
#2038 = CARTESIAN_POINT ( 'NONE',  ( 1423.897864933670462, 936.5930352367838623, -18.23541385621371091 ) ) ;
#2039 = CARTESIAN_POINT ( 'NONE',  ( 618.7225777290291262, -1.683789416455895527, -35.39268977211318656 ) ) ;
#2040 = CARTESIAN_POINT ( 'NONE',  ( 1112.487173771776270, 264.1800056562534564, -97.17435741460081999 ) ) ;
#2041 = CARTESIAN_POINT ( 'NONE',  ( 560.0000000000000000, -8.337537791763825368, -21.66289617942586077 ) ) ;
#2042 = CARTESIAN_POINT ( 'NONE',  ( 579.3323070933231520, 16.47111171935307894, 23.29629938352839602 ) ) ;
#2043 = CARTESIAN_POINT ( 'NONE',  ( 1359.264410457116810, 617.2106642665773961, -74.00776531982039330 ) ) ;
#2044 = CARTESIAN_POINT ( 'NONE',  ( 579.5021891967660395, -7.154874295357233294, -30.60964951841418369 ) ) ;
#2045 = CARTESIAN_POINT ( 'NONE',  ( 943.8019535107330285, 219.5638766542446945, 96.79158435851049092 ) ) ;
#2046 = CARTESIAN_POINT ( 'NONE',  ( 1373.441368123491202, 945.4090901705384340, 81.96660596348601757 ) ) ;
#2047 = CARTESIAN_POINT ( 'NONE',  ( 1109.615849813208797, 274.4965630386392945, -57.26387103396642431 ) ) ;
#2048 = CARTESIAN_POINT ( 'NONE',  ( 1000.065548237778103, 230.2925304514228628, 34.15087724186518159 ) ) ;
#2049 = CARTESIAN_POINT ( 'NONE',  ( 1306.432519307651773, 441.7255769949651949, -152.9801668640942864 ) ) ;
#2050 = CARTESIAN_POINT ( 'NONE',  ( 1219.191440124880273, 648.2141470073169103, 164.7020030759039173 ) ) ;
#2051 = CARTESIAN_POINT ( 'NONE',  ( 1068.965932933146860, 194.0167180600258234, -121.3481063085866509 ) ) ;
#2052 = CARTESIAN_POINT ( 'NONE',  ( 1316.545450743179799, 823.4379024476171480, 124.6215629020480264 ) ) ;
#2053 = CARTESIAN_POINT ( 'NONE',  ( 1370.273381372378708, 1018.049472571102683, 100.9223042801740036 ) ) ;
#2054 = CARTESIAN_POINT ( 'NONE',  ( 560.0000000000002274, -2.673709114139349197, -25.31904261930514721 ) ) ;
#2055 = CARTESIAN_POINT ( 'NONE',  ( 1207.517401988359552, 529.5350242265492398, 92.02408482152173974 ) ) ;
#2056 = CARTESIAN_POINT ( 'NONE',  ( 1427.100733010190424, 619.9128692751510243, -170.6507976613815742 ) ) ;
#2057 = CARTESIAN_POINT ( 'NONE',  ( 1046.268378147849489, 285.9929292347530918, 17.53445184139479451 ) ) ;
#2058 = CARTESIAN_POINT ( 'NONE',  ( 1123.273769258579478, 430.7915194786721713, 99.41948057624499313 ) ) ;
#2059 = CARTESIAN_POINT ( 'NONE',  ( 1231.718904524703021, 466.7044672293153553, -9.445671875223334624 ) ) ;
#2060 = CARTESIAN_POINT ( 'NONE',  ( 1374.811083127986649, 1011.156711073644829, 89.83119378206187378 ) ) ;
#2061 = CARTESIAN_POINT ( 'NONE',  ( 894.1643913152017831, 170.7949613974864178, 76.67882113314030335 ) ) ;
#2062 = CARTESIAN_POINT ( 'NONE',  ( 1162.015053678105232, 491.1195609309514793, 128.6798301264802546 ) ) ;
#2063 = CARTESIAN_POINT ( 'NONE',  ( 841.1587213293015566, 136.0455843599469290, 77.90006511434030756 ) ) ;
#2064 = CARTESIAN_POINT ( 'NONE',  ( 1463.329504304618695, 913.2950271985845347, -76.06081243514393009 ) ) ;
#2065 = CARTESIAN_POINT ( 'NONE',  ( 1189.516224480842766, 412.3267071585166832, -2.441122322419096324 ) ) ;
#2066 = CARTESIAN_POINT ( 'NONE',  ( 1081.275182304866121, 375.7808416839040433, 124.4964226157646436 ) ) ;
#2067 = CARTESIAN_POINT ( 'NONE',  ( 1089.820153654240585, 345.1803622702942107, 36.04385291801569480 ) ) ;
#2068 = CARTESIAN_POINT ( 'NONE',  ( 1307.286359946593848, 439.7202048288517631, -145.6838642354170474 ) ) ;
#2069 = CARTESIAN_POINT ( 'NONE',  ( 1440.127979827639138, 911.9390249807555620, -49.91006279509851140 ) ) ;
#2070 = CARTESIAN_POINT ( 'NONE',  ( 1227.083340941492452, 629.5228973815491145, 126.0918980862347496 ) ) ;
#2071 = CARTESIAN_POINT ( 'NONE',  ( 676.6206954177905573, 18.25639262420241238, -46.64398081030449816 ) ) ;
#2072 = CARTESIAN_POINT ( 'NONE',  ( 1121.189439240123193, 233.1050394597959325, -135.3973543881991191 ) ) ;
#2073 = CARTESIAN_POINT ( 'NONE',  ( 1096.577117271604038, 321.1010231383877453, 26.68436946827511491 ) ) ;
#2074 = CARTESIAN_POINT ( 'NONE',  ( 897.7917922011752125, 146.8867368040756958, -10.63268505487031312 ) ) ;
#2075 = CARTESIAN_POINT ( 'NONE',  ( 1164.133865783783449, 300.6619134453913489, -99.05963211824415282 ) ) ;
#2076 = CARTESIAN_POINT ( 'NONE',  ( 957.0274032260176682, 147.2005775163250973, -76.23989998711581961 ) ) ;
#2077 = CARTESIAN_POINT ( 'NONE',  ( 787.2412126718910486, 100.8949454063986906, 38.08043507519092685 ) ) ;
#2078 = CARTESIAN_POINT ( 'NONE',  ( 618.6940739684017672, 0.01926455592947555126, -29.05207517255972860 ) ) ;
#2079 = CARTESIAN_POINT ( 'NONE',  ( 1438.296029651710796, 726.1274770695591769, -120.0299498958720505 ) ) ;
#2080 = CARTESIAN_POINT ( 'NONE',  ( 618.2785776204285639, 24.18725616481351537, 44.81732509539759235 ) ) ;
#2081 = CARTESIAN_POINT ( 'NONE',  ( 1240.046422140448840, 598.8645809547956560, 100.9104400844516221 ) ) ;
#2082 = CARTESIAN_POINT ( 'NONE',  ( 618.6546725980839483, 2.359772892938572397, -20.60798041794174296 ) ) ;
#2083 = CARTESIAN_POINT ( 'NONE',  ( 1051.003910419294243, 266.8727654631500172, 17.02710225461373739 ) ) ;
#2084 = CARTESIAN_POINT ( 'NONE',  ( 1463.329504304618695, 913.2950271985845347, -76.06081243514393009 ) ) ;
#2085 = CARTESIAN_POINT ( 'NONE',  ( 786.5655608919865927, 108.1461261986183189, 76.10777113050485809 ) ) ;
#2086 = CARTESIAN_POINT ( 'NONE',  ( 961.3042942461545408, 123.8753482580917762, -104.0364119138324668 ) ) ;
#2087 = CARTESIAN_POINT ( 'NONE',  ( 787.7501305833773131, 95.65498268263849013, 56.42650694288445123 ) ) ;
#2088 = CARTESIAN_POINT ( 'NONE',  ( 1342.212648674455068, 994.5095941130846313, 138.8149711273257196 ) ) ;
#2089 = CARTESIAN_POINT ( 'NONE',  ( 1060.261784383304985, 229.2633952332046192, -79.20771082635651794 ) ) ;
#2090 = CARTESIAN_POINT ( 'NONE',  ( 1404.186743638926373, 1000.637015585881500, 48.45623779062263736 ) ) ;
#2091 = CARTESIAN_POINT ( 'NONE',  ( 1469.178714898079306, 904.6569170059158296, -84.21889712691162799 ) ) ;
#2092 = CARTESIAN_POINT ( 'NONE',  ( 675.6873816780621382, 40.46187549166821640, 4.690523360877479675 ) ) ;
#2093 = CARTESIAN_POINT ( 'NONE',  ( 1082.102269389626827, 372.7830713200262949, 93.24887357158792156 ) ) ;
#2094 = CARTESIAN_POINT ( 'NONE',  ( 733.7325047777417240, 44.09689714638633973, -7.351198331535167441 ) ) ;
#2095 = CARTESIAN_POINT ( 'NONE',  ( 840.2950370474341071, 143.0239432645705335, 77.11943154202246831 ) ) ;
#2096 = CARTESIAN_POINT ( 'NONE',  ( 579.3635972548238442, 12.01892307820587114, 32.86371986906256382 ) ) ;
#2097 = CARTESIAN_POINT ( 'NONE',  ( 1303.970851546914218, 447.5489597225086982, -146.2062155906906469 ) ) ;
#2098 = CARTESIAN_POINT ( 'NONE',  ( 1188.843072269380400, 414.2554950993052216, 0.7785053005289863659 ) ) ;
#2099 = CARTESIAN_POINT ( 'NONE',  ( 1305.503878063386765, 724.4684472125347838, 56.88046931414880447 ) ) ;
#2100 = CARTESIAN_POINT ( 'NONE',  ( 960.8422521414487392, 126.4199051193641310, -95.68024666586860860 ) ) ;
#2101 = CARTESIAN_POINT ( 'NONE',  ( 1442.874141432203942, 907.7675042377612726, -55.10565681941070437 ) ) ;
#2102 = CARTESIAN_POINT ( 'NONE',  ( 1381.212323803698155, 1001.433193748286271, 73.86563663472487917 ) ) ;
#2103 = CARTESIAN_POINT ( 'NONE',  ( 1412.501494662824598, 646.7812620597510431, -142.4429586587939127 ) ) ;
#2104 = CARTESIAN_POINT ( 'NONE',  ( 1471.321538586007591, 864.5547908029893733, -103.9597833735138721 ) ) ;
#2105 = CARTESIAN_POINT ( 'NONE',  ( 1402.055332259018314, 900.4166427441238056, 18.67004327340621828 ) ) ;
#2106 = CARTESIAN_POINT ( 'NONE',  ( 1434.804111018903768, 955.4213084384327885, -25.17996167239536476 ) ) ;
#2107 = CARTESIAN_POINT ( 'NONE',  ( 1457.672295652976800, 921.6495890552625951, -60.52308839580870625 ) ) ;
#2108 = CARTESIAN_POINT ( 'NONE',  ( 1162.151076977754883, 306.9401602291417248, -107.9421145547203622 ) ) ;
#2109 = CARTESIAN_POINT ( 'NONE',  ( 1203.686853404438352, 539.4409736714230803, 78.90753757102986299 ) ) ;
#2110 = CARTESIAN_POINT ( 'NONE',  ( 1367.357451089389315, 601.0606607014372003, -97.53856495963586326 ) ) ;
#2111 = CARTESIAN_POINT ( 'NONE',  ( 676.9503382907844298, 10.59261412429275495, -47.78968071377071425 ) ) ;
#2112 = CARTESIAN_POINT ( 'NONE',  ( 1282.191585140659981, 771.0144173121960876, 156.1401544282892075 ) ) ;
#2113 = CARTESIAN_POINT ( 'NONE',  ( 1306.329116702405145, 722.8463284583806399, 82.61184510273017167 ) ) ;
#2114 = CARTESIAN_POINT ( 'NONE',  ( 1060.868082630646313, 226.8701647848419043, -58.37745925322134610 ) ) ;
#2115 = CARTESIAN_POINT ( 'NONE',  ( 559.9999999999998863, -1.892149686984635260, 3.038468374359613478 ) ) ;
#2116 = CARTESIAN_POINT ( 'NONE',  ( 1117.270845183275242, 247.0944671286994208, -120.2096725169112261 ) ) ;
#2117 = CARTESIAN_POINT ( 'NONE',  ( 841.4876131226284315, 133.2630530177119681, 40.00370587527574884 ) ) ;
#2118 = CARTESIAN_POINT ( 'NONE',  ( 989.8234708055658757, 278.0463287993802055, 115.0119697055259991 ) ) ;
#2119 = CARTESIAN_POINT ( 'NONE',  ( 1171.865688397599342, 276.0187053957179160, -143.0769830882417466 ) ) ;
#2120 = CARTESIAN_POINT ( 'NONE',  ( 1294.379177977544487, 746.6929520343499007, 118.2020550675076151 ) ) ;
#2121 = CARTESIAN_POINT ( 'NONE',  ( 786.5192531543348196, 108.6293156714049672, 75.20075744491262526 ) ) ;
#2122 = CARTESIAN_POINT ( 'NONE',  ( 1045.263472542689215, 290.1477469816854864, 60.61797340427969516 ) ) ;
#2123 = CARTESIAN_POINT ( 'NONE',  ( 676.9534475373741316, 10.39450243938377660, -57.65862947754316536 ) ) ;
#2124 = CARTESIAN_POINT ( 'NONE',  ( 896.0891608219192221, 158.0564029599289881, 13.58319056540060110 ) ) ;
#2125 = CARTESIAN_POINT ( 'NONE',  ( 1257.067299518411119, 697.2953132341760920, 126.4013544859624858 ) ) ;
#2126 = CARTESIAN_POINT ( 'NONE',  ( 1424.884345789962254, 935.0942367826098689, -6.067939840444285693 ) ) ;
#2127 = CARTESIAN_POINT ( 'NONE',  ( 1079.341003768379096, 382.6665367847278958, 117.8414512007395558 ) ) ;
#2128 = CARTESIAN_POINT ( 'NONE',  ( 1382.194984760777743, 999.9401211293683218, 84.34240608253435312 ) ) ;
#2129 = CARTESIAN_POINT ( 'NONE',  ( 1064.027437443032113, 214.0048596852101639, -101.4301848144608584 ) ) ;
#2130 = CARTESIAN_POINT ( 'NONE',  ( 618.5794854367009066, 6.794463636106403470, -5.355489209077717305 ) ) ;
#2131 = CARTESIAN_POINT ( 'NONE',  ( 579.5131515951831034, -8.646690890550917885, -38.64124296884786958 ) ) ;
#2132 = CARTESIAN_POINT ( 'NONE',  ( 733.4884492632065758, 47.49964395617013935, -32.08844929977612281 ) ) ;
#2133 = CARTESIAN_POINT ( 'NONE',  ( 1308.243554381134345, 838.7084769555542607, 125.4548875047585028 ) ) ;
#2134 = CARTESIAN_POINT ( 'NONE',  ( 560.0000000000006821, -5.442938987352820668, -30.75538044559275619 ) ) ;
#2135 = CARTESIAN_POINT ( 'NONE',  ( 618.1955678344727403, 28.82741291418929919, 46.43999677525775382 ) ) ;
#2136 = CARTESIAN_POINT ( 'NONE',  ( 960.8075374607153663, 126.5683745402008640, -104.4965207618235183 ) ) ;
#2137 = CARTESIAN_POINT ( 'NONE',  ( 1002.845056580978962, 217.3248307876169179, 8.535731904330736697 ) ) ;
#2138 = CARTESIAN_POINT ( 'NONE',  ( 1192.325377699614592, 404.2287613132660340, -45.34126376816325177 ) ) ;
#2139 = CARTESIAN_POINT ( 'NONE',  ( 734.7789132494664273, 28.48885784469339200, -52.07348758933362376 ) ) ;
#2140 = CARTESIAN_POINT ( 'NONE',  ( 1432.519909794534669, 735.9774532806030720, -119.5234798820567477 ) ) ;
#2141 = CARTESIAN_POINT ( 'NONE',  ( 1369.839808746767403, 951.0631924207203838, 69.62765970735190990 ) ) ;
#2142 = CARTESIAN_POINT ( 'NONE',  ( 1399.196576458503614, 671.2838968664650565, -96.09958421424092023 ) ) ;
#2143 = CARTESIAN_POINT ( 'NONE',  ( 734.7789132494664273, 28.48885784469339200, -52.07348758933362376 ) ) ;
#2144 = CARTESIAN_POINT ( 'NONE',  ( 1255.965286446596110, 699.7044537407732605, 154.6493483909170266 ) ) ;
#2145 = CARTESIAN_POINT ( 'NONE',  ( 559.9999999999998863, 1.955006809008704716, 15.78185682939457379 ) ) ;
#2146 = CARTESIAN_POINT ( 'NONE',  ( 1288.558038029241743, 484.0470355699208085, -78.33195968632938389 ) ) ;
#2147 = CARTESIAN_POINT ( 'NONE',  ( 1264.226700097630101, 541.6354068584345214, 11.15193189351004222 ) ) ;
#2148 = CARTESIAN_POINT ( 'NONE',  ( 618.6693481286235965, 1.010963870852652713, -44.74946044859171934 ) ) ;
#2149 = CARTESIAN_POINT ( 'NONE',  ( 731.8967864062252602, 71.19896212618371578, 31.15568030042615177 ) ) ;
#2150 = CARTESIAN_POINT ( 'NONE',  ( 675.3736212311375766, 48.22195521123250472, 56.23669446365177294 ) ) ;
#2151 = CARTESIAN_POINT ( 'NONE',  ( 618.7468662079716069, -3.357091111545747797, -49.24409266228675364 ) ) ;
#2152 = CARTESIAN_POINT ( 'NONE',  ( 1364.272871435593288, 959.8257818387036195, 102.3148860478919318 ) ) ;
#2153 = CARTESIAN_POINT ( 'NONE',  ( 1342.598181636949676, 993.9030618928263721, 137.4154494442765611 ) ) ;
#2154 = CARTESIAN_POINT ( 'NONE',  ( 1173.698882284078081, 457.6465605538787145, 73.22512330472170561 ) ) ;
#2155 = CARTESIAN_POINT ( 'NONE',  ( 1471.378222779690304, 864.4686572653222356, -103.9135230739699978 ) ) ;
#2156 = CARTESIAN_POINT ( 'NONE',  ( 560.0000000000005684, 9.784316212835278748, 12.53679269338914182 ) ) ;
#2157 = CARTESIAN_POINT ( 'NONE',  ( 1426.670402559239847, 861.7127219311186082, -35.44662877308890359 ) ) ;
#2158 = CARTESIAN_POINT ( 'NONE',  ( 1220.707842198250319, 644.6210835653677123, 155.4200936116662035 ) ) ;
#2159 = CARTESIAN_POINT ( 'NONE',  ( 787.5901234874925194, 97.34418638537286483, 60.00745456137485689 ) ) ;
#2160 = CARTESIAN_POINT ( 'NONE',  ( 1122.177829589639714, 434.3160373010484818, 131.7518083296868667 ) ) ;
#2161 = CARTESIAN_POINT ( 'NONE',  ( 1211.552534523214490, 349.1541423635299566, -123.2428623170994655 ) ) ;
#2162 = CARTESIAN_POINT ( 'NONE',  ( 1362.714940656059753, 738.4431803948509696, 0.5184828190220411859 ) ) ;
#2163 = CARTESIAN_POINT ( 'NONE',  ( 618.7624587455509300, -4.138197110210541041, -46.69659972045522522 ) ) ;
#2164 = CARTESIAN_POINT ( 'NONE',  ( 1309.662708101682711, 583.2376167786172800, -50.84886289681722360 ) ) ;
#2165 = CARTESIAN_POINT ( 'NONE',  ( 579.3264370843298821, 17.25269477389682393, 31.40840878154854110 ) ) ;
#2166 = CARTESIAN_POINT ( 'NONE',  ( 1306.381670053794096, 842.1367893770022874, 131.2102906592737952 ) ) ;
#2167 = CARTESIAN_POINT ( 'NONE',  ( 792.1052733054654027, 49.46446879254410334, -72.76699651639789579 ) ) ;
#2168 = CARTESIAN_POINT ( 'NONE',  ( 1322.880527318485292, 689.8169544705931457, 33.32934991490134280 ) ) ;
#2169 = CARTESIAN_POINT ( 'NONE',  ( 949.6960481490630173, 187.2509667125858357, -5.167739302117420941 ) ) ;
#2170 = CARTESIAN_POINT ( 'NONE',  ( 1212.241218837167253, 347.2105702187616885, -109.8834312790097130 ) ) ;
#2171 = CARTESIAN_POINT ( 'NONE',  ( 847.2638553076496919, 86.29001775595672541, -62.06602534499747748 ) ) ;
#2172 = CARTESIAN_POINT ( 'NONE',  ( 993.6672779299751710, 260.0639581176930619, 61.03611127052012364 ) ) ;
#2173 = CARTESIAN_POINT ( 'NONE',  ( 903.1139119356523679, 112.1022680048839248, -50.49207144534454983 ) ) ;
#2174 = CARTESIAN_POINT ( 'NONE',  ( 1461.513691319324835, 915.9766185698672416, -68.19681235736041458 ) ) ;
#2175 = CARTESIAN_POINT ( 'NONE',  ( 560.0000000000000000, 8.077282797840538819, 32.74995501489079430 ) ) ;
#2176 = CARTESIAN_POINT ( 'NONE',  ( 1379.573532441727366, 935.7668486520834676, 68.40921564648741082 ) ) ;
#2177 = CARTESIAN_POINT ( 'NONE',  ( 1202.261746784633942, 375.7648511250984029, -87.06389390528312333 ) ) ;
#2178 = CARTESIAN_POINT ( 'NONE',  ( 902.7008577908877669, 114.8133053147075771, -44.40186113358043229 ) ) ;
#2179 = CARTESIAN_POINT ( 'NONE',  ( 560.0000000000000000, -1.218860960379320124, 5.363234160475703227 ) ) ;
#2180 = CARTESIAN_POINT ( 'NONE',  ( 1066.254381178613585, 204.9841050776200007, -113.4087148367253803 ) ) ;
#2181 = CARTESIAN_POINT ( 'NONE',  ( 1452.970198451452461, 892.4311446744097793, -64.90708406157530419 ) ) ;
#2182 = CARTESIAN_POINT ( 'NONE',  ( 1353.522199454543397, 870.8358728166620040, 60.95157736558088146 ) ) ;
#2183 = CARTESIAN_POINT ( 'NONE',  ( 675.3391558509890729, 49.03563601837435471, 56.95754433103520853 ) ) ;
#2184 = CARTESIAN_POINT ( 'NONE',  ( 1121.294263224752967, 232.7331423568183482, -135.2094005747177619 ) ) ;
#2185 = CARTESIAN_POINT ( 'NONE',  ( 1365.283046187171067, 958.2373726210687437, 100.0542160117282293 ) ) ;
#2186 = CARTESIAN_POINT ( 'NONE',  ( 892.0437537848231386, 184.6752133841277441, 95.31287081200579792 ) ) ;
#2187 = CARTESIAN_POINT ( 'NONE',  ( 843.3347480263853413, 118.3706787607067099, 39.31890439246056701 ) ) ;
#2188 = CARTESIAN_POINT ( 'NONE',  ( 1171.878263684409603, 275.9757720075265865, -144.4919655981937581 ) ) ;
#2189 = CARTESIAN_POINT ( 'NONE',  ( 996.5130920180436078, 246.7746847233437677, 31.00204844257459058 ) ) ;
#2190 = CARTESIAN_POINT ( 'NONE',  ( 1284.237885960194490, 494.2721462767219691, -62.58342556528993583 ) ) ;
#2191 = CARTESIAN_POINT ( 'NONE',  ( 675.2697572871079501, 50.64141083046143876, 54.12521052408383326 ) ) ;
#2192 = CARTESIAN_POINT ( 'NONE',  ( 734.9485964171244632, 25.95666096232520559, -59.31945923757872663 ) ) ;
#2193 = CARTESIAN_POINT ( 'NONE',  ( 1234.381141971377929, 612.2724783154578745, 122.0129874388265847 ) ) ;
#2194 = CARTESIAN_POINT ( 'NONE',  ( 1377.584823412176092, 1006.942921033128414, 95.09226691671165099 ) ) ;
#2195 = CARTESIAN_POINT ( 'NONE',  ( 1384.626850499299508, 1029.523052359093981, 83.03332526854194384 ) ) ;
#2196 = CARTESIAN_POINT ( 'NONE',  ( 1012.247092665137188, 173.3924946520138235, -96.97252656488930711 ) ) ;
#2197 = CARTESIAN_POINT ( 'NONE',  ( 1388.092577939072044, 811.8325449295282397, 0.5485827970676464549 ) ) ;
#2198 = CARTESIAN_POINT ( 'NONE',  ( 792.5320146459845319, 45.01223259819048650, -72.12947863455582365 ) ) ;
#2199 = COORDINATED_UNIVERSAL_TIME_OFFSET ( 5, 30, .AHEAD. ) ;
#2200 = CARTESIAN_POINT ( 'NONE',  ( 1437.527577662378917, 951.3992947672753644, -30.31664042490463018 ) ) ;
#2201 = CARTESIAN_POINT ( 'NONE',  ( 1377.398672226989675, 1007.226176777788851, 83.11651698922132425 ) ) ;
#2202 = CARTESIAN_POINT ( 'NONE',  ( 944.7133695976780245, 214.5864942100899384, 86.18037195111612903 ) ) ;
#2203 = CARTESIAN_POINT ( 'NONE',  ( 1080.735673445528846, 377.6734173631706994, 104.6894922210435510 ) ) ;
#2204 = CARTESIAN_POINT ( 'NONE',  ( 1468.662383418392437, 905.4194349809831692, -83.94503330589715517 ) ) ;
#2205 = CARTESIAN_POINT ( 'NONE',  ( 1144.198941967277051, 364.1723782283883111, 10.10698634472582391 ) ) ;
#2206 = CARTESIAN_POINT ( 'NONE',  ( 1426.725942294310471, 967.3511424704014416, -9.623751250186888484 ) ) ;
#2207 = CARTESIAN_POINT ( 'NONE',  ( 1376.706343149987106, 582.4049557044754692, -124.4928675344875728 ) ) ;
#2208 = CARTESIAN_POINT ( 'NONE',  ( 559.9999999999996589, -2.161266419927643234, -24.21719482067794615 ) ) ;
#2209 = CARTESIAN_POINT ( 'NONE',  ( 1126.127355075351943, 421.6942830770738055, 80.42490887126503196 ) ) ;
#2210 = CARTESIAN_POINT ( 'NONE',  ( 1252.457815303745974, 412.8608240832658112, -95.38461868448779057 ) ) ;
#2211 = CARTESIAN_POINT ( 'NONE',  ( 849.0511379819103013, 71.84981513698515698, -71.35179435987753038 ) ) ;
#2212 = CARTESIAN_POINT ( 'NONE',  ( 675.5390838979461705, 44.31764692515876192, 49.74135647317742581 ) ) ;
#2213 = CARTESIAN_POINT ( 'NONE',  ( 1398.546534017317754, 975.1018898305679841, 49.80919598912790036 ) ) ;
#2214 = CARTESIAN_POINT ( 'NONE',  ( 1440.946765279179317, 839.2583412869445283, -81.42653802359332360 ) ) ;
#2215 = CARTESIAN_POINT ( 'NONE',  ( 676.7071780811079407, 16.45201374113407766, -28.34502858685460325 ) ) ;
#2216 = CARTESIAN_POINT ( 'NONE',  ( 1041.820258285978525, 304.1056382534289924, 86.25108002913300709 ) ) ;
#2217 = CARTESIAN_POINT ( 'NONE',  ( 844.7894770655281036, 106.5417615277003023, 12.15769532780991291 ) ) ;
#2218 = CARTESIAN_POINT ( 'NONE',  ( 1382.265212260480666, 571.2994955161182133, -151.4513328007358837 ) ) ;
#2219 = CARTESIAN_POINT ( 'NONE',  ( 903.9389519113682354, 106.6868678348188269, -62.69091772003493190 ) ) ;
#2220 = CARTESIAN_POINT ( 'NONE',  ( 618.2265265347634795, 26.71377259079707400, 24.87023038140698361 ) ) ;
#2221 = CARTESIAN_POINT ( 'NONE',  ( 942.8118049515497887, 224.9677571308480140, 102.9717597269242759 ) ) ;
#2222 = CARTESIAN_POINT ( 'NONE',  ( 1171.920180328221932, 275.8429941485701420, -144.3253112538942844 ) ) ;
#2223 = CARTESIAN_POINT ( 'NONE',  ( 1202.676457976288702, 542.1019951909289603, 112.2941864490168484 ) ) ;
#2224 = CARTESIAN_POINT ( 'NONE',  ( 786.5421941007538180, 108.3912648370327361, 75.94908892640491160 ) ) ;
#2225 = CARTESIAN_POINT ( 'NONE',  ( 579.4011155863113345, 6.803517755212750373, 18.88483921083145844 ) ) ;
#2226 = CARTESIAN_POINT ( 'NONE',  ( 1311.050522276931360, 430.7999983753436481, -164.6534271895201016 ) ) ;
#2227 = CARTESIAN_POINT ( 'NONE',  ( 1175.697160988261430, 451.8717683622743948, 30.99000059923859496 ) ) ;
#2228 = CARTESIAN_POINT ( 'NONE',  ( 618.6546725980839483, 2.359772892938572397, -20.60798041794174296 ) ) ;
#2229 = CARTESIAN_POINT ( 'NONE',  ( 1273.340808196353009, 788.6671211696915407, 164.3446210863726833 ) ) ;
#2230 = CARTESIAN_POINT ( 'NONE',  ( 1264.708839977773550, 381.0534962726250114, -145.1455834085441268 ) ) ;
#2231 = CARTESIAN_POINT ( 'NONE',  ( 1385.401251913919850, 995.0697585641655678, 77.75172227000567204 ) ) ;
#2232 = CARTESIAN_POINT ( 'NONE',  ( 618.2229355382451104, 27.33858927742782896, 48.88127457167786361 ) ) ;
#2233 = CARTESIAN_POINT ( 'NONE',  ( 1441.435475376023760, 720.7596202696516912, -137.3274875701016811 ) ) ;
#2234 = CARTESIAN_POINT ( 'NONE',  ( 676.4605456640474586, 22.36866244262247250, -9.964961309210188745 ) ) ;
#2235 = CARTESIAN_POINT ( 'NONE',  ( 1311.469766801209516, 429.8156237261188153, -161.4214365014020984 ) ) ;
#2236 = CARTESIAN_POINT ( 'NONE',  ( 1362.714940656059753, 738.4431803948509696, 0.5184828190220411859 ) ) ;
#2237 = CARTESIAN_POINT ( 'NONE',  ( 560.0000000000007958, 3.271784717343905857, -10.75424232561835147 ) ) ;
#2238 = CARTESIAN_POINT ( 'NONE',  ( 1352.461892827236170, 978.3907347435127804, 112.0245286016422455 ) ) ;
#2239 = CARTESIAN_POINT ( 'NONE',  ( 786.7260148819507322, 106.3962807170562428, 60.93446457220842660 ) ) ;
#2240 = CARTESIAN_POINT ( 'NONE',  ( 734.7663206568036003, 28.57416902704302331, -64.78605306531696328 ) ) ;
#2241 = CARTESIAN_POINT ( 'NONE',  ( 1388.092577939072044, 811.8325449295282397, 0.5485827970676464549 ) ) ;
#2242 = CARTESIAN_POINT ( 'NONE',  ( 1408.710304182820664, 889.9432512826216453, -16.19930339980892242 ) ) ;
#2243 = CARTESIAN_POINT ( 'NONE',  ( 959.1227036598091900, 135.8257016468171514, -75.83801354674531581 ) ) ;
#2244 = CARTESIAN_POINT ( 'NONE',  ( 1451.360752398123168, 930.9704718051862073, -55.62886204372703247 ) ) ;
#2245 = CARTESIAN_POINT ( 'NONE',  ( 618.2104774189641603, 27.72048889366394775, 31.36633542550532638 ) ) ;
#2246 = CARTESIAN_POINT ( 'NONE',  ( 1449.372385005739261, 826.0175075045995072, -84.82156799431126615 ) ) ;
#2247 = CARTESIAN_POINT ( 'NONE',  ( 734.8479758011052354, 27.45485402178330858, -55.31672360860819282 ) ) ;
#2248 = CARTESIAN_POINT ( 'NONE',  ( 1357.004802722364275, 864.9061104975812668, 76.50042634360320903 ) ) ;
#2249 = CARTESIAN_POINT ( 'NONE',  ( 901.0109202789166147, 125.7854746307985323, -50.97400936412579853 ) ) ;
#2250 = CARTESIAN_POINT ( 'NONE',  ( 902.9077423268810207, 113.4557635275109249, -47.45054935750395941 ) ) ;
#2251 = CARTESIAN_POINT ( 'NONE',  ( 1398.355390249293350, 1009.248754272188648, 60.45955905911772277 ) ) ;
#2252 = CARTESIAN_POINT ( 'NONE',  ( 952.4094324096880655, 172.5335545009770328, 1.251011750207135398 ) ) ;
#2253 = CARTESIAN_POINT ( 'NONE',  ( 787.2412126718910486, 100.8949454063986906, 38.08043507519092685 ) ) ;
#2254 = CARTESIAN_POINT ( 'NONE',  ( 1078.335217880309528, 386.2792694934356632, 133.7194599529279628 ) ) ;
#2255 = CARTESIAN_POINT ( 'NONE',  ( 1015.799783461000857, 156.8454315079667936, -115.9233279034538668 ) ) ;
#2256 = CARTESIAN_POINT ( 'NONE',  ( 1128.033573306598782, 415.6659986279065606, 98.88124409407089388 ) ) ;
#2257 = CARTESIAN_POINT ( 'NONE',  ( 840.1751503419117171, 144.0201726452252160, 85.73847681027554302 ) ) ;
#2258 = CARTESIAN_POINT ( 'NONE',  ( 1332.569762007822874, 793.9383051793813593, 81.44145163487233674 ) ) ;
#2259 = CARTESIAN_POINT ( 'NONE',  ( 676.9107438992892867, 11.39811348117276246, -56.86298711553359198 ) ) ;
#2260 = CARTESIAN_POINT ( 'NONE',  ( 579.3440687570026739, 14.86645639516136441, 13.95773786705013997 ) ) ;
#2261 = CARTESIAN_POINT ( 'NONE',  ( 1239.010508946742902, 447.7737486246874710, -39.82856743896051199 ) ) ;
#2262 = CARTESIAN_POINT ( 'NONE',  ( 1077.835264909304669, 388.0573130340164880, 131.0719634990324209 ) ) ;
#2263 = CARTESIAN_POINT ( 'NONE',  ( 1466.172404803198788, 872.3764508792357901, -92.07500654913329186 ) ) ;
#2264 = CARTESIAN_POINT ( 'NONE',  ( 841.8022782713436527, 130.8202031002628019, 66.20208825336406733 ) ) ;
#2265 = CARTESIAN_POINT ( 'NONE',  ( 1343.643520985672239, 509.5665446381951824, -147.1137588596037347 ) ) ;
#2266 = CARTESIAN_POINT ( 'NONE',  ( 942.2798779650808001, 227.8695243982888599, 105.0177319351939076 ) ) ;
#2267 = CARTESIAN_POINT ( 'NONE',  ( 579.4653258015948722, -1.943088048979083826, -33.10974625680336203 ) ) ;
#2268 = CARTESIAN_POINT ( 'NONE',  ( 1400.570779788022492, 790.5298051139782274, -29.76331555377102944 ) ) ;
#2269 = CARTESIAN_POINT ( 'NONE',  ( 677.0121093633108558, 9.062639647958134148, -55.64556081361974549 ) ) ;
#2270 =( LENGTH_UNIT ( ) NAMED_UNIT ( * ) SI_UNIT ( .MILLI., .METRE. ) );
#2271 = CARTESIAN_POINT ( 'NONE',  ( 1421.442671544846235, 869.9239705556167337, -42.56642868874151020 ) ) ;
#2272 = ORIENTED_EDGE ( 'NONE', *, *, #5157, .T. ) ;
#2273 = CARTESIAN_POINT ( 'NONE',  ( 1225.277940113029672, 633.7981013074174825, 134.3649721179019707 ) ) ;
#2274 = CARTESIAN_POINT ( 'NONE',  ( 1193.944648710177717, 564.7454218403748882, 126.7032681263258809 ) ) ;
#2275 = CARTESIAN_POINT ( 'NONE',  ( 1170.917028951679868, 279.0331635879620080, -142.3677686492403609 ) ) ;
#2276 = CARTESIAN_POINT ( 'NONE',  ( 1426.713270396714961, 967.3698563200796343, 2.220093620295554349 ) ) ;
#2277 = CARTESIAN_POINT ( 'NONE',  ( 991.2303662603644625, 271.4931863057555574, 110.7304342699158894 ) ) ;
#2278 = CARTESIAN_POINT ( 'NONE',  ( 1049.416488523349472, 273.2263685942803022, -6.202718740095351180 ) ) ;
#2279 = CARTESIAN_POINT ( 'NONE',  ( 1262.317894488804313, 387.2611095236968595, -135.5089598677667766 ) ) ;
#2280 = CARTESIAN_POINT ( 'NONE',  ( 847.0785671989348202, 87.79414807075804106, -59.53230732375437384 ) ) ;
#2281 = CARTESIAN_POINT ( 'NONE',  ( 1163.382678445035253, 487.1672139799805450, 95.26595854551213449 ) ) ;
#2282 = CARTESIAN_POINT ( 'NONE',  ( 1118.838383819434284, 241.5290593677489994, -115.8513290841500520 ) ) ;
#2283 = CARTESIAN_POINT ( 'NONE',  ( 1413.283170330766552, 987.2034188862738802, 29.78389261015720990 ) ) ;
#2284 = CARTESIAN_POINT ( 'NONE',  ( 1006.483236305223386, 200.2621765841020363, -55.66360650861866333 ) ) ;
#2285 = CARTESIAN_POINT ( 'NONE',  ( 1011.155450382090748, 178.5448649224736641, -68.37735554926490522 ) ) ;
#2286 = CARTESIAN_POINT ( 'NONE',  ( 732.3073276029190311, 65.28181994461534998, 47.27826097919665216 ) ) ;
#2287 = CARTESIAN_POINT ( 'NONE',  ( 1426.713270396714961, 967.3698563200796343, 2.220093620295554349 ) ) ;
#2288 = CARTESIAN_POINT ( 'NONE',  ( 1402.017582522483508, 1003.840431234900052, 41.02706067631991260 ) ) ;
#2289 = CARTESIAN_POINT ( 'NONE',  ( 579.3339930242523224, 16.14656292675658023, 40.43551522760297701 ) ) ;
#2290 = CARTESIAN_POINT ( 'NONE',  ( 1332.332843898853071, 907.0272037427201894, 137.3589147943103228 ) ) ;
#2291 = CARTESIAN_POINT ( 'NONE',  ( 961.2871025779628553, 123.9591921287504306, -106.0207066143407957 ) ) ;
#2292 = CARTESIAN_POINT ( 'NONE',  ( 842.5783439123463268, 124.5171007701080725, 52.79528873973848846 ) ) ;
#2293 = CARTESIAN_POINT ( 'NONE',  ( 1046.839160969997465, 283.7595617156973731, 48.75181411654733665 ) ) ;
#2294 = CARTESIAN_POINT ( 'NONE',  ( 618.7184178220378499, -1.783079249021627843, -48.76919476273464937 ) ) ;
#2295 = CARTESIAN_POINT ( 'NONE',  ( 1410.938986436586447, 990.6653080534031233, 22.08792922863921149 ) ) ;
#2296 = CARTESIAN_POINT ( 'NONE',  ( 1315.177353207846181, 571.3091544418704189, -42.72190733620042380 ) ) ;
#2297 = CARTESIAN_POINT ( 'NONE',  ( 675.2649958635065559, 50.77065082479024483, 56.18160297030881623 ) ) ;
#2298 = CARTESIAN_POINT ( 'NONE',  ( 560.0000000000000000, -10.92346376743594583, -33.29847329703289205 ) ) ;
#2299 = CARTESIAN_POINT ( 'NONE',  ( 1361.178362765894690, 964.6916576404977377, 109.1023759329641365 ) ) ;
#2300 = CARTESIAN_POINT ( 'NONE',  ( 1064.695395805923454, 211.2985375315055308, -105.1388393285592429 ) ) ;
#2301 = CARTESIAN_POINT ( 'NONE',  ( 559.9999999999998863, 10.95289695544836306, 36.46535892392742539 ) ) ;
#2302 = CARTESIAN_POINT ( 'NONE',  ( 1458.595548137237529, 883.8861489441097774, -83.78812691010789138 ) ) ;
#2303 = CARTESIAN_POINT ( 'NONE',  ( 1192.881100743487877, 402.6851776320336285, -18.54078841412034961 ) ) ;
#2304 = CARTESIAN_POINT ( 'NONE',  ( 1171.405272349358029, 277.4889256729903764, -139.3740621112211500 ) ) ;
#2305 = PERSON_AND_ORGANIZATION_ROLE ( 'design_owner' ) ;
#2306 = CARTESIAN_POINT ( 'NONE',  ( 1339.167616297756240, 657.2901552323437500, -40.71103103773901921 ) ) ;
#2307 = CARTESIAN_POINT ( 'NONE',  ( 991.0399260475279561, 272.3456389098524255, 93.73349709492516979 ) ) ;
#2308 = CARTESIAN_POINT ( 'NONE',  ( 786.7486195979149670, 106.1537171383021416, 59.66406715240092495 ) ) ;
#2309 = CARTESIAN_POINT ( 'NONE',  ( 1467.630584494416325, 870.1615130889849752, -98.88065774792021045 ) ) ;
#2310 = CARTESIAN_POINT ( 'NONE',  ( 560.0000000000000000, 6.257497261648101272, -1.545139279349417860 ) ) ;
#2311 = CARTESIAN_POINT ( 'NONE',  ( 1221.081124575442800, 643.7450691549869362, 163.7851846535086224 ) ) ;
#2312 = CARTESIAN_POINT ( 'NONE',  ( 675.7914033086583458, 37.97301923558018899, -2.620570456276011484 ) ) ;
#2313 = CARTESIAN_POINT ( 'NONE',  ( 1014.127207402357953, 164.6735889611179857, -95.92948477121923645 ) ) ;
#2314 = CARTESIAN_POINT ( 'NONE',  ( 1060.261784383304985, 229.2633952332046192, -79.20771082635651794 ) ) ;
#2315 = CARTESIAN_POINT ( 'NONE',  ( 731.7248358142343250, 73.78498061283683285, 42.13459873272933720 ) ) ;
#2316 = CARTESIAN_POINT ( 'NONE',  ( 849.1196418538264652, 71.29210141550937863, -72.65284400958600486 ) ) ;
#2317 = CARTESIAN_POINT ( 'NONE',  ( 618.4528126151948300, 14.19032212585761776, 18.15201037727040401 ) ) ;
#2318 = CARTESIAN_POINT ( 'NONE',  ( 1153.680381396819485, 333.9145018402027745, -69.29150040987119041 ) ) ;
#2319 = CARTESIAN_POINT ( 'NONE',  ( 734.4393588737915479, 33.55986359288667842, -37.10320091435562517 ) ) ;
#2320 = CARTESIAN_POINT ( 'NONE',  ( 1166.606250596397558, 477.9664935083029036, 106.9565440024388181 ) ) ;
#2321 = CARTESIAN_POINT ( 'NONE',  ( 1431.114381866653730, 960.8702979198310459, -6.793893579975499364 ) ) ;
#2322 = PRODUCT_DEFINITION_SHAPE ( 'NONE', 'NONE',  #5640 ) ;
#2323 = CARTESIAN_POINT ( 'NONE',  ( 991.2303662603644625, 271.4931863057555574, 110.7304342699158894 ) ) ;
#2324 = CARTESIAN_POINT ( 'NONE',  ( 1380.081416658085800, 1003.150635034164111, 89.29768264343256590 ) ) ;
#2325 = CARTESIAN_POINT ( 'NONE',  ( 1086.672036180472560, 356.4980835828610566, 89.85621440763446799 ) ) ;
#2326 = CARTESIAN_POINT ( 'NONE',  ( 560.0000000000002274, 1.218117383127502062, 13.47600749482811899 ) ) ;
#2327 = CARTESIAN_POINT ( 'NONE',  ( 1220.245091127281285, 324.2628819925889161, -152.2242597640317854 ) ) ;
#2328 = CARTESIAN_POINT ( 'NONE',  ( 1273.615724037531436, 661.4030361688509174, 65.61768655779256676 ) ) ;
#2329 = CARTESIAN_POINT ( 'NONE',  ( 1395.111986543453440, 678.8031512306317836, -85.39358771562456241 ) ) ;
#2330 = CARTESIAN_POINT ( 'NONE',  ( 989.7115924075774274, 278.5641457202463016, 113.6538183411954179 ) ) ;
#2331 = CARTESIAN_POINT ( 'NONE',  ( 787.7501305833773131, 95.65498268263849013, 56.42650694288445123 ) ) ;
#2332 = CARTESIAN_POINT ( 'NONE',  ( 559.9999999999996589, 6.454635158505766412, 28.31561452057229644 ) ) ;
#2333 = CARTESIAN_POINT ( 'NONE',  ( 1155.363177922192108, 510.1696411512447185, 151.0269472444038570 ) ) ;
#2334 = CARTESIAN_POINT ( 'NONE',  ( 791.1328717490168856, 59.71699276751773766, -57.31360180784158587 ) ) ;
#2335 = CARTESIAN_POINT ( 'NONE',  ( 618.6113702118957463, 4.919306872560764710, -11.65451473829634921 ) ) ;
#2336 = CC_DESIGN_PERSON_AND_ORGANIZATION_ASSIGNMENT ( #1388, #6678, ( #101 ) ) ;
#2337 = CARTESIAN_POINT ( 'NONE',  ( 734.9938146479485113, 25.25132319417920357, -64.45438240373728433 ) ) ;
#2338 = CALENDAR_DATE ( 2026, 17, 9 ) ;
#2339 = CARTESIAN_POINT ( 'NONE',  ( 579.3682791191631622, 11.52987791971113651, 0.8411101097634352541 ) ) ;
#2340 = CARTESIAN_POINT ( 'NONE',  ( 1038.722852679136849, 316.6105719056745897, 82.61416344036636872 ) ) ;
#2341 = CARTESIAN_POINT ( 'NONE',  ( 1054.117395146026865, 254.2473451104516471, -6.789116344146223447 ) ) ;
#2342 = CARTESIAN_POINT ( 'NONE',  ( 618.1978732117731852, 28.59873563677930264, 41.13661344143834242 ) ) ;
#2343 = CARTESIAN_POINT ( 'NONE',  ( 731.9599536423531845, 70.43035955635363621, 59.56690995722446758 ) ) ;
#2344 = CARTESIAN_POINT ( 'NONE',  ( 786.6576362712838772, 107.1346349321686091, 65.76673461410106825 ) ) ;
#2345 = CARTESIAN_POINT ( 'NONE',  ( 1168.097601353967775, 288.0084794189193644, -132.3410573749330013 ) ) ;
#2346 = DIRECTION ( 'NONE',  ( 1.000000000000000000, -0.000000000000000000, 0.000000000000000000 ) ) ;
#2347 = CARTESIAN_POINT ( 'NONE',  ( 942.5013369336085134, 226.6617024054037870, 104.3128896414153530 ) ) ;
#2348 = CARTESIAN_POINT ( 'NONE',  ( 896.5035312247140382, 155.3374265018517519, 7.494040704489088434 ) ) ;
#2349 = CARTESIAN_POINT ( 'NONE',  ( 1167.375660601581330, 290.3328826345356788, -116.6322625281723333 ) ) ;
#2350 = CARTESIAN_POINT ( 'NONE',  ( 1166.587724864804159, 292.8147364526578826, -126.4820057069102859 ) ) ;
#2351 = CARTESIAN_POINT ( 'NONE',  ( 901.3480481325080973, 123.5767848737506256, -54.83102531719698902 ) ) ;
#2352 = CARTESIAN_POINT ( 'NONE',  ( 559.9999999999997726, 11.37278877718143200, 23.31368563933339288 ) ) ;
#2353 = CARTESIAN_POINT ( 'NONE',  ( 1305.941175521750893, 442.9038685263026878, -140.9706968309783122 ) ) ;
#2354 = CARTESIAN_POINT ( 'NONE',  ( 1313.684449054610695, 708.1683371806818741, 60.70590661995101556 ) ) ;
#2355 = CARTESIAN_POINT ( 'NONE',  ( 1194.498273495580861, 398.0039300125800992, -54.69240295669454355 ) ) ;
#2356 = CARTESIAN_POINT ( 'NONE',  ( 676.7553656316416664, 15.29426007810103449, -32.02774217016730773 ) ) ;
#2357 = CARTESIAN_POINT ( 'NONE',  ( 946.1810814750971304, 206.5702699611571234, 70.71995541208592329 ) ) ;
#2358 = CARTESIAN_POINT ( 'NONE',  ( 1428.780962818480248, 964.3162895697689692, -2.013724946287781314 ) ) ;
#2359 = CARTESIAN_POINT ( 'NONE',  ( 731.8179734177070941, 72.52852076741825726, 63.07148733018055964 ) ) ;
#2360 = CARTESIAN_POINT ( 'NONE',  ( 579.3814323825544079, 9.537913338832488819, 26.53637013863526306 ) ) ;
#2361 = CARTESIAN_POINT ( 'NONE',  ( 1176.733665746662837, 448.9516827949719868, 58.74586641720660651 ) ) ;
#2362 = CARTESIAN_POINT ( 'NONE',  ( 1426.881250925077666, 620.3164906025072014, -170.4802939985549415 ) ) ;
#2363 = CARTESIAN_POINT ( 'NONE',  ( 894.1952020440812703, 170.4944938672450121, 44.51822800934571234 ) ) ;
#2364 = CARTESIAN_POINT ( 'NONE',  ( 676.7071780811079407, 16.45201374113407766, -28.34502858685460325 ) ) ;
#2365 = CARTESIAN_POINT ( 'NONE',  ( 941.9640740812808417, 229.5884173678411457, 104.6221991851610227 ) ) ;
#2366 = CARTESIAN_POINT ( 'NONE',  ( 1219.582267967685539, 326.1717042720919153, -144.4825784513827784 ) ) ;
#2367 = CARTESIAN_POINT ( 'NONE',  ( 1265.194626821838710, 679.6916128696643682, 122.5292626943310808 ) ) ;
#2368 = CARTESIAN_POINT ( 'NONE',  ( 1198.959795018646673, 551.7499846680142355, 127.5373467986043465 ) ) ;
#2369 = CARTESIAN_POINT ( 'NONE',  ( 731.5019205142458532, 77.18658401664970370, 64.05362650825624371 ) ) ;
#2370 = CARTESIAN_POINT ( 'NONE',  ( 1163.133161230636688, 303.8131600882862813, -112.1717204113101616 ) ) ;
#2371 = CARTESIAN_POINT ( 'NONE',  ( 1104.520607315188045, 292.7092190751616272, -24.56336349957613763 ) ) ;
#2372 = CARTESIAN_POINT ( 'NONE',  ( 1266.224827888132950, 377.1154379411198647, -151.7286200909789216 ) ) ;
#2373 = CARTESIAN_POINT ( 'NONE',  ( 1051.594091681113014, 264.3971795413433483, -21.84079596328491135 ) ) ;
#2374 = CARTESIAN_POINT ( 'NONE',  ( 1289.681958313030918, 756.0468011415006231, 107.3552693665642437 ) ) ;
#2375 = CARTESIAN_POINT ( 'NONE',  ( 676.3082528227456578, 26.01418411371171047, 1.031400593055614490 ) ) ;
#2376 = CARTESIAN_POINT ( 'NONE',  ( 1252.965480546461094, 706.1935510726456187, 143.1515102853791461 ) ) ;
#2377 = CARTESIAN_POINT ( 'NONE',  ( 1393.725343851357593, 1016.086403617092856, 69.81166057230694832 ) ) ;
#2378 = CARTESIAN_POINT ( 'NONE',  ( 1158.289988362670556, 501.7695651409566153, 125.6371107688380420 ) ) ;
#2379 = CARTESIAN_POINT ( 'NONE',  ( 1419.064116658973035, 634.7023452112949826, -156.2142744935340772 ) ) ;
#2380 = CARTESIAN_POINT ( 'NONE',  ( 618.5472951046492653, 8.683708274943532146, 0.9392884908694425494 ) ) ;
#2381 = CARTESIAN_POINT ( 'NONE',  ( 1190.084110603924955, 574.7869818779566913, 157.5458861305803282 ) ) ;
#2382 = CARTESIAN_POINT ( 'NONE',  ( 1092.408011278078902, 335.9289291743089052, 18.83497819918631322 ) ) ;
#2383 = CARTESIAN_POINT ( 'NONE',  ( 1463.722299879540287, 803.4569072895313866, -115.6405724957420915 ) ) ;
#2384 = CARTESIAN_POINT ( 'NONE',  ( 1202.261746784633942, 375.7648511250984029, -87.06389390528312333 ) ) ;
#2385 = CARTESIAN_POINT ( 'NONE',  ( 1312.905620061589616, 830.1242917736735762, 111.2482730240596709 ) ) ;
#2386 = CARTESIAN_POINT ( 'NONE',  ( 1418.558458410679577, 635.6418711284176197, -146.2946983953349616 ) ) ;
#2387 = UNCERTAINTY_MEASURE_WITH_UNIT (LENGTH_MEASURE( 1.000000000000000082E-05 ), #2270, 'distance_accuracy_value', 'NONE');
#2388 = CARTESIAN_POINT ( 'NONE',  ( 579.4103279215072462, 5.525775760132044745, 15.02875996728182884 ) ) ;
#2389 = CARTESIAN_POINT ( 'NONE',  ( 1313.145909613138883, 575.6853587604622362, -61.32112322452694286 ) ) ;
#2390 = CARTESIAN_POINT ( 'NONE',  ( 1010.758715659627569, 180.3964849031158622, -64.71109635853767372 ) ) ;
#2391 = CARTESIAN_POINT ( 'NONE',  ( 947.0506280045846097, 201.8201198167262476, 61.32660341174791085 ) ) ;
#2392 = CARTESIAN_POINT ( 'NONE',  ( 1424.060109466819540, 971.2880425616434650, -4.393996273731278102 ) ) ;
#2393 = CARTESIAN_POINT ( 'NONE',  ( 1325.038603597552083, 919.4796055035797053, 152.7137453410891510 ) ) ;
#2394 = CARTESIAN_POINT ( 'NONE',  ( 1168.621031434250881, 472.1944012444786836, 97.33000198123150426 ) ) ;
#2395 = CARTESIAN_POINT ( 'NONE',  ( 1283.994835686833085, 638.9258752672329820, 60.17437915921121316 ) ) ;
#2396 = CARTESIAN_POINT ( 'NONE',  ( 1170.208296020008220, 281.2889623768338652, -140.0126853589433722 ) ) ;
#2397 = CARTESIAN_POINT ( 'NONE',  ( 731.9879072358208987, 69.83316122433353712, 26.07905381851029247 ) ) ;
#2398 = CARTESIAN_POINT ( 'NONE',  ( 1419.386307069249142, 758.4084578662227614, -75.06745015531191711 ) ) ;
#2399 = CARTESIAN_POINT ( 'NONE',  ( 1319.034088396682137, 929.7251361398133440, 155.6674065190602505 ) ) ;
#2400 = CARTESIAN_POINT ( 'NONE',  ( 1170.415026179131701, 280.6477987557180427, -133.0855049094597859 ) ) ;
#2401 = CARTESIAN_POINT ( 'NONE',  ( 1041.294335684422094, 306.2373753484943109, 90.17693008825644085 ) ) ;
#2402 = CARTESIAN_POINT ( 'NONE',  ( 1230.705887689687870, 620.9703683814684609, 135.2673943065430819 ) ) ;
#2403 = CARTESIAN_POINT ( 'NONE',  ( 676.5400540822935227, 20.16576572441037030, -43.23799133790294746 ) ) ;
#2404 = CARTESIAN_POINT ( 'NONE',  ( 1157.176236587829180, 322.8289412658253354, -61.25018915149506427 ) ) ;
#2405 = CARTESIAN_POINT ( 'NONE',  ( 618.7468662079716069, -3.357091111545747797, -49.24409266228675364 ) ) ;
#2406 = CARTESIAN_POINT ( 'NONE',  ( 897.3521305104192152, 149.7702392594021887, -4.622361778211340422 ) ) ;
#2407 = CARTESIAN_POINT ( 'NONE',  ( 944.0263992314348798, 218.2695312987488592, 66.37860601099396263 ) ) ;
#2408 = CARTESIAN_POINT ( 'NONE',  ( 579.4470922097585799, 0.4379033977895848695, -1.818309070804674077 ) ) ;
#2409 = CARTESIAN_POINT ( 'NONE',  ( 1157.938164557401933, 502.7787230841733503, 128.0245864157941469 ) ) ;
#2410 = CARTESIAN_POINT ( 'NONE',  ( 1380.723682329841722, 1002.175037253248775, 87.64506580594725449 ) ) ;
#2411 = CARTESIAN_POINT ( 'NONE',  ( 787.3123154158411126, 100.2780435515772126, 67.00779971326718965 ) ) ;
#2412 = CARTESIAN_POINT ( 'NONE',  ( 1253.580689360800307, 704.8588312708365038, 140.4751491487869259 ) ) ;
#2413 = CARTESIAN_POINT ( 'NONE',  ( 959.7026802914583641, 132.5985043227677238, -97.16937565520080966 ) ) ;
#2414 = CARTESIAN_POINT ( 'NONE',  ( 843.6080302774693109, 115.9945614988259450, -4.128509705086357506 ) ) ;
#2415 = CARTESIAN_POINT ( 'NONE',  ( 559.9999999999998863, 9.578967641319056980, 35.21747496327048310 ) ) ;
#2416 = CARTESIAN_POINT ( 'NONE',  ( 1392.041972639062806, 916.1518148666067418, 19.46702007713865967 ) ) ;
#2417 = CARTESIAN_POINT ( 'NONE',  ( 792.3067024475749349, 47.41223544006458468, -64.47761247897916803 ) ) ;
#2418 = CARTESIAN_POINT ( 'NONE',  ( 955.5897519693156710, 155.0509510980171228, -63.66011697470364084 ) ) ;
#2419 = CARTESIAN_POINT ( 'NONE',  ( 1383.872859899583091, 997.3918133820594676, 67.55413003596774502 ) ) ;
#2420 = CARTESIAN_POINT ( 'NONE',  ( 559.9999999999998863, 11.11111647163832572, 20.90269106603501115 ) ) ;
#2421 = CARTESIAN_POINT ( 'NONE',  ( 849.2587009215808393, 70.16159656742438244, -75.14217125645637907 ) ) ;
#2422 = CARTESIAN_POINT ( 'NONE',  ( 949.1628752818764951, 190.2788669823826524, 38.04269649295275713 ) ) ;
#2423 = CARTESIAN_POINT ( 'NONE',  ( 899.6276304183954835, 134.8505155611622683, -34.41995108882747445 ) ) ;
#2424 = CARTESIAN_POINT ( 'NONE',  ( 559.9999999999992042, -8.581261303634873272, -22.73059673068918940 ) ) ;
#2425 = CARTESIAN_POINT ( 'NONE',  ( 1240.046422140448840, 598.8645809547956560, 100.9104400844516221 ) ) ;
#2426 = CARTESIAN_POINT ( 'NONE',  ( 560.0000000000000000, 7.578438026424385576, 30.98343663468002518 ) ) ;
#2427 = CARTESIAN_POINT ( 'NONE',  ( 1349.506716525959973, 983.0445777062133175, 134.5010211794056261 ) ) ;
#2429 = CARTESIAN_POINT ( 'NONE',  ( 840.2950370474341071, 143.0239432645705335, 77.11943154202246831 ) ) ;
#2428 = CARTESIAN_POINT ( 'NONE',  ( 1169.640063221892660, 469.2749488327796143, 92.50634604982053588 ) ) ;
#2430 = CARTESIAN_POINT ( 'NONE',  ( 1311.846700335642481, 711.8356809763685078, 66.18339320877856835 ) ) ;
#2431 = CARTESIAN_POINT ( 'NONE',  ( 1351.546107184634593, 492.4360800732094390, -166.2407725488279482 ) ) ;
#2432 = CARTESIAN_POINT ( 'NONE',  ( 894.6075169170740082, 167.7847997095273627, 37.22797221755070041 ) ) ;
#2433 = CARTESIAN_POINT ( 'NONE',  ( 840.1211297842788781, 144.4565861531312407, 85.21983787245417830 ) ) ;
#2434 = CARTESIAN_POINT ( 'NONE',  ( 1470.011822925361002, 793.5663029524105241, -129.0263534745681966 ) ) ;
#2435 = CARTESIAN_POINT ( 'NONE',  ( 618.3177579359261244, 21.95566758120279616, 38.94893048376726341 ) ) ;
#2436 = CARTESIAN_POINT ( 'NONE',  ( 1343.365467519059393, 992.6962604127901386, 135.2678140526075197 ) ) ;
#2437 = CARTESIAN_POINT ( 'NONE',  ( 1407.849349818591691, 655.3438498222898261, -132.3314001472238317 ) ) ;
#2438 = CARTESIAN_POINT ( 'NONE',  ( 1281.368937742365461, 501.0625345536974464, -52.07695821673559067 ) ) ;
#2439 = CARTESIAN_POINT ( 'NONE',  ( 1427.144388519338690, 619.8334669286548433, -169.8985574080983838 ) ) ;
#2440 = CALENDAR_DATE ( 2026, 17, 9 ) ;
#2441 = CARTESIAN_POINT ( 'NONE',  ( 1097.807103624766569, 316.6313491723441302, -15.10570226814854777 ) ) ;
#2442 = CARTESIAN_POINT ( 'NONE',  ( 1398.270180063652788, 1009.374592615900838, 49.26771526837251258 ) ) ;
#2443 = CARTESIAN_POINT ( 'NONE',  ( 1427.580891875250927, 966.0885535156444348, 0.4435553306277015273 ) ) ;
#2444 = CARTESIAN_POINT ( 'NONE',  ( 1120.599849804137648, 439.3181781830015211, 118.6115011196144309 ) ) ;
#2445 = CARTESIAN_POINT ( 'NONE',  ( 1197.196142259211683, 556.3283175864446548, 135.1490031490154138 ) ) ;
#2446 = CARTESIAN_POINT ( 'NONE',  ( 560.0000000000003411, 7.874739849612816478, 32.19979423076267722 ) ) ;
#2447 = CARTESIAN_POINT ( 'NONE',  ( 1254.204422719387139, 703.5056484209342216, 137.7996654197870328 ) ) ;
#2448 = CARTESIAN_POINT ( 'NONE',  ( 559.9999999999996589, -6.942714244214838182, -33.17528169790381298 ) ) ;
#2449 = CARTESIAN_POINT ( 'NONE',  ( 1223.936737414800518, 486.8621680895777786, -7.902068652116690295 ) ) ;
#2450 = CARTESIAN_POINT ( 'NONE',  ( 893.0836443824168782, 177.8722459854629960, 90.48185444969770685 ) ) ;
#2451 = CARTESIAN_POINT ( 'NONE',  ( 579.3577134951888183, 12.98875445331117007, 6.056366560183534808 ) ) ;
#2452 = CARTESIAN_POINT ( 'NONE',  ( 1263.461200193138666, 384.2929451226083302, -140.0353484833214281 ) ) ;
#2453 = CARTESIAN_POINT ( 'NONE',  ( 560.0000000000000000, -1.171913373669293490, -22.00916322357341670 ) ) ;
#2454 = CARTESIAN_POINT ( 'NONE',  ( 1360.111616506781502, 966.3608873322519912, 92.94287427058704054 ) ) ;
#2455 = CARTESIAN_POINT ( 'NONE',  ( 1318.544497890379034, 819.7419196712955909, 94.50491732708285042 ) ) ;
#2456 = CARTESIAN_POINT ( 'NONE',  ( 1137.593716416982488, 385.2141729787878148, 46.58364855737480070 ) ) ;
#2457 = CARTESIAN_POINT ( 'NONE',  ( 1433.583138253507968, 921.8808325453104544, -37.32817043882239005 ) ) ;
#2458 = CARTESIAN_POINT ( 'NONE',  ( 560.0000000000004547, -8.854651733486917919, -23.91037677263770078 ) ) ;
#2459 = CARTESIAN_POINT ( 'NONE',  ( 1346.638499273436082, 882.6037591075264572, 101.8280799820614533 ) ) ;
#2460 = CARTESIAN_POINT ( 'NONE',  ( 560.0000000000000000, 11.05788591172443169, 20.37080174728693294 ) ) ;
#2461 = CARTESIAN_POINT ( 'NONE',  ( 787.0356634971532230, 103.1930833496486741, 72.15731588091655624 ) ) ;
#2463 = CARTESIAN_POINT ( 'NONE',  ( 1374.811083127986649, 1011.156711073644829, 89.83119378206187378 ) ) ;
#2462 = CARTESIAN_POINT ( 'NONE',  ( 896.1832444477680610, 157.5658943215499903, 49.67999165802897465 ) ) ;
#2464 = CARTESIAN_POINT ( 'NONE',  ( 1406.289181373851989, 963.3406665895844299, 33.36867628163485477 ) ) ;
#2465 = CARTESIAN_POINT ( 'NONE',  ( 1465.031007993532057, 910.7822477177942346, -78.71880512704464650 ) ) ;
#2466 = CARTESIAN_POINT ( 'NONE',  ( 1381.436300096460400, 1001.092565484451825, 85.99299362960474014 ) ) ;
#2467 = CARTESIAN_POINT ( 'NONE',  ( 1246.993795316298474, 719.1498016703882286, 168.2224279418759352 ) ) ;
#2468 = CARTESIAN_POINT ( 'NONE',  ( 1471.286609238249866, 791.5617604193756733, -131.8066502936336235 ) ) ;
#2469 = CARTESIAN_POINT ( 'NONE',  ( 1231.435713774557371, 619.2431194318485268, 132.6135121267891464 ) ) ;
#2470 = CARTESIAN_POINT ( 'NONE',  ( 1274.392245324331270, 786.5680964377892224, 160.7220092243589704 ) ) ;
#2471 = CARTESIAN_POINT ( 'NONE',  ( 1368.879520861787569, 598.0054270534371881, -119.0848781754319958 ) ) ;
#2472 = CARTESIAN_POINT ( 'NONE',  ( 1330.560944075371708, 797.6363884230032681, 86.83639557193959035 ) ) ;
#2473 = CARTESIAN_POINT ( 'NONE',  ( 1312.526356701891245, 427.3121488647577166, -166.4930333967051865 ) ) ;
#2474 = COORDINATED_UNIVERSAL_TIME_OFFSET ( 5, 30, .AHEAD. ) ;
#2475 = CARTESIAN_POINT ( 'NONE',  ( 618.3608879627055330, 18.74873081072236758, -5.286145556877290375 ) ) ;
#2476 = CARTESIAN_POINT ( 'NONE',  ( 1314.759427330763856, 826.7109724877648205, 105.6672057533030369 ) ) ;
#2477 = CARTESIAN_POINT ( 'NONE',  ( 733.6299679539255294, 45.62419142085975921, -3.108847611418746215 ) ) ;
#2478 = CARTESIAN_POINT ( 'NONE',  ( 1279.090386988287037, 777.1892369598729147, 144.3451162550520621 ) ) ;
#2479 = CARTESIAN_POINT ( 'NONE',  ( 1284.426895541270369, 766.5533281110817825, 148.3762915292952869 ) ) ;
#2480 = CARTESIAN_POINT ( 'NONE',  ( 618.3015548481464521, 22.88171034210871113, 41.23666645165232580 ) ) ;
#2481 = CARTESIAN_POINT ( 'NONE',  ( 1122.849649012032387, 432.1771750368208131, 128.2982177798832595 ) ) ;
#2482 = CARTESIAN_POINT ( 'NONE',  ( 1193.026437220423077, 567.1311356499732028, 131.8037818335463953 ) ) ;
#2483 = CARTESIAN_POINT ( 'NONE',  ( 1344.791519382313481, 507.0779723372758099, -150.0719580750222804 ) ) ;
#2484 = CARTESIAN_POINT ( 'NONE',  ( 789.9387521807232133, 72.51106979617583193, 1.213247127030097072 ) ) ;
#2485 = CARTESIAN_POINT ( 'NONE',  ( 675.4578990106584797, 46.23271086727680057, 53.81731509334509411 ) ) ;
#2486 = CARTESIAN_POINT ( 'NONE',  ( 1255.557604745471508, 562.1159786996350931, 12.68347648532840033 ) ) ;
#2487 = CARTESIAN_POINT ( 'NONE',  ( 1262.884360132103211, 385.7905209814052228, -137.7414854828229807 ) ) ;
#2488 = CARTESIAN_POINT ( 'NONE',  ( 1203.392731480036673, 372.5252442927223910, -91.63187513777950244 ) ) ;
#2489 = CARTESIAN_POINT ( 'NONE',  ( 786.9319432616399581, 104.1917793229588369, 50.67063592907980052 ) ) ;
#2490 = CARTESIAN_POINT ( 'NONE',  ( 1127.614198656314102, 416.9551457961962910, 70.99248370735112701 ) ) ;
#2491 = CARTESIAN_POINT ( 'NONE',  ( 1407.839555294168804, 960.9856273938071354, 30.08345838598271982 ) ) ;
#2492 = CARTESIAN_POINT ( 'NONE',  ( 1381.600365291999879, 703.6601728097633668, -71.39650547225490129 ) ) ;
#2493 = CARTESIAN_POINT ( 'NONE',  ( 734.6358011797429981, 30.62758351373840071, -45.63054768295420871 ) ) ;
#2494 = CARTESIAN_POINT ( 'NONE',  ( 618.3759831027615519, 18.62229026633344375, 30.52710191468239032 ) ) ;
#2495 = CARTESIAN_POINT ( 'NONE',  ( 560.0000000000000000, -2.926890207985979320, -25.88628840250713736 ) ) ;
#2496 = CARTESIAN_POINT ( 'NONE',  ( 1065.038972849591801, 209.9536970289760802, -90.03789034976360028 ) ) ;
#2497 = CARTESIAN_POINT ( 'NONE',  ( 559.9999999999998863, 8.676813877286845056, 33.93569715065329717 ) ) ;
#2499 = CARTESIAN_POINT ( 'NONE',  ( 990.0168983961424374, 277.1331739149777604, 108.3571963556775444 ) ) ;
#2498 = CARTESIAN_POINT ( 'NONE',  ( 1404.186743638926373, 1000.637015585881500, 48.45623779062263736 ) ) ;
#2500 = CARTESIAN_POINT ( 'NONE',  ( 950.6461701190301028, 182.1720797854960381, 21.33997662726617861 ) ) ;
#2501 = CARTESIAN_POINT ( 'NONE',  ( 1265.513139883297072, 378.9476297484606562, -155.6921580954308411 ) ) ;
#2502 = CARTESIAN_POINT ( 'NONE',  ( 1310.394332979192313, 834.7615781384429283, 140.8778013898860593 ) ) ;
#2503 = CARTESIAN_POINT ( 'NONE',  ( 579.3310143743177605, 16.56234659087821015, 40.69238330166304252 ) ) ;
#2504 = CARTESIAN_POINT ( 'NONE',  ( 734.9847041299632338, 25.41108588465035467, -61.61692178237456829 ) ) ;
#2505 = CARTESIAN_POINT ( 'NONE',  ( 1040.481030064814149, 309.5337519865144600, 96.09040382768486666 ) ) ;
#2506 = CARTESIAN_POINT ( 'NONE',  ( 1111.710815091363884, 266.9532352321694475, -93.20904042489021890 ) ) ;
#2507 = CARTESIAN_POINT ( 'NONE',  ( 1244.320055690835716, 588.7501541815464634, 85.08003438940933449 ) ) ;
#2508 = CARTESIAN_POINT ( 'NONE',  ( 1267.846956174151728, 372.8970767384406599, -160.5575242923549695 ) ) ;
#2509 = CARTESIAN_POINT ( 'NONE',  ( 1181.783971406569663, 434.4304535574829629, 2.070393973838207113 ) ) ;
#2510 = CARTESIAN_POINT ( 'NONE',  ( 675.3105446186339123, 49.58995884742699900, 43.17131722878713163 ) ) ;
#2511 = CARTESIAN_POINT ( 'NONE',  ( 579.4576851722389392, -1.025116133049370326, -7.032264962598983260 ) ) ;
#2512 = CARTESIAN_POINT ( 'NONE',  ( 840.4023314482935803, 142.1408510436606889, 72.67364073927015511 ) ) ;
#2513 = CARTESIAN_POINT ( 'NONE',  ( 732.0594954747024303, 68.95559122225206750, 55.57068417378296488 ) ) ;
#2514 = CARTESIAN_POINT ( 'NONE',  ( 1393.126733609869234, 1016.970430811144638, 71.15242158995761201 ) ) ;
#2515 = CARTESIAN_POINT ( 'NONE',  ( 1161.219310705523867, 493.3996406112977979, 133.4180784451025943 ) ) ;
#2516 = CARTESIAN_POINT ( 'NONE',  ( 1302.267444500587089, 849.7129670936552657, 144.8558617353932618 ) ) ;
#2517 = CARTESIAN_POINT ( 'NONE',  ( 1261.054372186909404, 390.5186560334856836, -142.6691863665448921 ) ) ;
#2518 = CARTESIAN_POINT ( 'NONE',  ( 1420.713396024245185, 976.2304666782545155, 14.51424234716304262 ) ) ;
#2519 = CARTESIAN_POINT ( 'NONE',  ( 943.6950755975184393, 220.1472381255493644, 97.66374683361379994 ) ) ;
#2520 = CARTESIAN_POINT ( 'NONE',  ( 1171.775247477611401, 463.1111546356070221, 50.52353133261418350 ) ) ;
#2521 = CARTESIAN_POINT ( 'NONE',  ( 792.3959639802874335, 46.46795775792535466, -66.70303711147431613 ) ) ;
#2522 = CARTESIAN_POINT ( 'NONE',  ( 579.4056198547468739, 6.357729022150608422, -14.55639494066689466 ) ) ;
#2523 = CARTESIAN_POINT ( 'NONE',  ( 1286.324984895353964, 762.7475019394005358, 118.7090598272623367 ) ) ;
#2524 = CARTESIAN_POINT ( 'NONE',  ( 1234.808015482563405, 611.2331849366405550, 92.88751839321616899 ) ) ;
#2525 = CARTESIAN_POINT ( 'NONE',  ( 1312.428716961113196, 427.5413732954203851, -167.1998325560457772 ) ) ;
#2526 = CARTESIAN_POINT ( 'NONE',  ( 1179.766241623443420, 440.2629413015708337, 44.26454678588444125 ) ) ;
#2527 = CARTESIAN_POINT ( 'NONE',  ( 1052.700948420784471, 259.9097305739824151, -29.61626198750681027 ) ) ;
#2528 = CARTESIAN_POINT ( 'NONE',  ( 1456.378229657296060, 923.5606648301318273, -57.93702789173732981 ) ) ;
#2529 = CARTESIAN_POINT ( 'NONE',  ( 1205.083636690822232, 535.8530379337461227, 102.1669553740924954 ) ) ;
#2530 = CARTESIAN_POINT ( 'NONE',  ( 560.0000000000000000, 11.82028451055761131, 30.14167213418929947 ) ) ;
#2531 = CARTESIAN_POINT ( 'NONE',  ( 1111.169374520055271, 268.9434172956005682, -67.20198267596406083 ) ) ;
#2532 = CARTESIAN_POINT ( 'NONE',  ( 1064.518378205685622, 212.0651259621045313, -86.10938189469668202 ) ) ;
#2533 = CARTESIAN_POINT ( 'NONE',  ( 1327.637279885847420, 915.0440128894667851, 148.8600245847450765 ) ) ;
#2535 = CARTESIAN_POINT ( 'NONE',  ( 1035.762741959906634, 328.6366749943701961, 114.6088061478291138 ) ) ;
#2534 = CARTESIAN_POINT ( 'NONE',  ( 579.3881617529757477, 8.602721586096379269, 23.99178587137998875 ) ) ;
#2536 = CARTESIAN_POINT ( 'NONE',  ( 1220.031935291616264, 497.0462868677460619, 39.61843895719613329 ) ) ;
#2537 = CARTESIAN_POINT ( 'NONE',  ( 1386.714660530320316, 562.4225884485481401, -161.3820797919818517 ) ) ;
#2538 = CARTESIAN_POINT ( 'NONE',  ( 1272.849661769050272, 789.6508923655075023, 170.8301054377557762 ) ) ;
#2539 = CARTESIAN_POINT ( 'NONE',  ( 734.9737373086294383, 25.52740558865785303, -66.19520131074760627 ) ) ;
#2540 = CARTESIAN_POINT ( 'NONE',  ( 1126.792405083326457, 419.6190712722789726, 105.6786221278205886 ) ) ;
#2541 = CARTESIAN_POINT ( 'NONE',  ( 731.4980885335971834, 77.24836529141090580, 65.05409352881085283 ) ) ;
#2542 = CARTESIAN_POINT ( 'NONE',  ( 1161.191074349125984, 309.9969355843390417, -103.7406599474462325 ) ) ;
#2543 = CARTESIAN_POINT ( 'NONE',  ( 1272.536472597702186, 663.7719262338524686, 98.13061140066457710 ) ) ;
#2544 = CARTESIAN_POINT ( 'NONE',  ( 905.8031336106819253, 94.41558947785918576, -96.13080579352622124 ) ) ;
#2545 = CARTESIAN_POINT ( 'NONE',  ( 1348.181790885382497, 765.1785655632077123, 12.77345953794440803 ) ) ;
#2546 = CARTESIAN_POINT ( 'NONE',  ( 786.7989556306955592, 105.6144647447317055, 57.07170062026795421 ) ) ;
#2547 = CARTESIAN_POINT ( 'NONE',  ( 1308.579105107872692, 585.6168955016671589, -21.11822403901679479 ) ) ;
#2548 = CARTESIAN_POINT ( 'NONE',  ( 1325.020859428640279, 919.5014521983180202, 138.5655528744279650 ) ) ;
#2549 = CARTESIAN_POINT ( 'NONE',  ( 944.7133695976780245, 214.5864942100899384, 86.18037195111612903 ) ) ;
#2550 = CARTESIAN_POINT ( 'NONE',  ( 1082.846752701681453, 370.1658092412554311, 113.9249641237116606 ) ) ;
#2551 = CARTESIAN_POINT ( 'NONE',  ( 1354.393059003046119, 975.3614005266932736, 124.9911390872436669 ) ) ;
#2552 = CARTESIAN_POINT ( 'NONE',  ( 942.5361857023430048, 226.4438846206622600, 92.66100155714832454 ) ) ;
#2553 = CARTESIAN_POINT ( 'NONE',  ( 1215.046003772507447, 339.1495501415981835, -135.8377910672546420 ) ) ;
#2554 = CARTESIAN_POINT ( 'NONE',  ( 618.3432147814835389, 19.78038920779808763, -2.166134386668562950 ) ) ;
#2555 = CARTESIAN_POINT ( 'NONE',  ( 1254.237186287442910, 703.4511783668771159, 159.2946027844749608 ) ) ;
#2556 = CARTESIAN_POINT ( 'NONE',  ( 1087.522634433478515, 353.3951174257193202, 51.97169995403594100 ) ) ;
#2557 = CARTESIAN_POINT ( 'NONE',  ( 1463.545804785781684, 912.9755947963562903, -72.21356973095539900 ) ) ;
#2558 = CARTESIAN_POINT ( 'NONE',  ( 900.1083246022825506, 131.7000743522460482, -40.28853012004912415 ) ) ;
#2559 = CARTESIAN_POINT ( 'NONE',  ( 1121.864474454573383, 435.2851698284956115, 109.1842257625785635 ) ) ;
#2560 = CARTESIAN_POINT ( 'NONE',  ( 944.2552781601050356, 217.0155869597855371, 62.88655853325104772 ) ) ;
#2561 = CARTESIAN_POINT ( 'NONE',  ( 1267.557580804364989, 373.6454700005052132, -160.5993664325963266 ) ) ;
#2562 = CARTESIAN_POINT ( 'NONE',  ( 1344.622014484315514, 771.7509740762591264, 49.06228976582949741 ) ) ;
#2563 = CARTESIAN_POINT ( 'NONE',  ( 579.3859737592468946, 9.081298848004038859, -6.903709080030096423 ) ) ;
#2564 = CARTESIAN_POINT ( 'NONE',  ( 579.4999083725930404, -6.841605874279158783, -29.29332070752923656 ) ) ;
#2565 = CARTESIAN_POINT ( 'NONE',  ( 560.0000000000006821, -3.195344604455435000, -26.40983428577113656 ) ) ;
#2566 = CARTESIAN_POINT ( 'NONE',  ( 560.0000000000000000, 3.215870854391830846, -10.93169962664912376 ) ) ;
#2567 = CARTESIAN_POINT ( 'NONE',  ( 1266.854620674904936, 676.0664613480748812, 89.65467226851440330 ) ) ;
#2568 = CARTESIAN_POINT ( 'NONE',  ( 1247.550917342241974, 425.6005754520190862, -75.21359268321278080 ) ) ;
#2569 = CARTESIAN_POINT ( 'NONE',  ( 1436.191523158597420, 729.7198824450142638, -115.0568034828219908 ) ) ;
#2570 = CARTESIAN_POINT ( 'NONE',  ( 731.9060347412635110, 71.22766725159300449, 61.15217931058338507 ) ) ;
#2571 = CARTESIAN_POINT ( 'NONE',  ( 1207.517401988359552, 529.5350242265492398, 92.02408482152173974 ) ) ;
#2572 = CARTESIAN_POINT ( 'NONE',  ( 1245.920887443586025, 429.8325356383661529, -68.48932246608860908 ) ) ;
#2573 = CARTESIAN_POINT ( 'NONE',  ( 1319.822528911331574, 695.9194400086690848, 42.46556441238962520 ) ) ;
#2574 = CARTESIAN_POINT ( 'NONE',  ( 1462.635811918891477, 914.3194716380484124, -74.94287537079040362 ) ) ;
#2575 = B_SPLINE_CURVE_WITH_KNOTS ( 'NONE', 3,
 ( #3540, #6232, #2554, #3644, #3610, #6826, #2414, #5230, #2030, #5782, #1432, #5126, #322, #4025, #2449, #287, #4621, #3574, #4129, #3012, #3503, #6301, #4095 ),
 .UNSPECIFIED., .F., .F.,
 ( 4, 1, 1, 1, 1, 1, 1, 1, 1, 1, 1, 1, 1, 1, 1, 1, 1, 1, 1, 1, 4 ),
 ( 0.000000000000000000, 0.04334135681311948596, 0.08717803567372672813, 0.1315635589514732307, 0.1765389374725470639, 0.2221393242496282616, 0.2684006087838779475, 0.3153573262952181766, 0.3630412678898558565, 0.4114806969496874189, 0.4607048628801167500, 0.5107404108280119148, 0.5616113126928125032, 0.6133396939220949751, 0.6659450536150153255, 0.7194408337343741744, 0.7738378205644979024, 0.8291361181714187456, 0.8853221299191487148, 0.9423419882380782431, 1.000000000000000000 ),
 .UNSPECIFIED. ) ;
#2576 = CARTESIAN_POINT ( 'NONE',  ( 559.9999999999998863, 11.20545514123078235, 36.53419705050367838 ) ) ;
#2577 = CARTESIAN_POINT ( 'NONE',  ( 1391.476416339557090, 552.9292973105658575, -167.2100480507600082 ) ) ;
#2578 = CARTESIAN_POINT ( 'NONE',  ( 1362.226326846214306, 963.0438235360421686, 106.8382991564947417 ) ) ;
#2579 = CARTESIAN_POINT ( 'NONE',  ( 1117.629733838686434, 448.7930513908754619, 142.0315122120591127 ) ) ;
#2580 = CARTESIAN_POINT ( 'NONE',  ( 1159.281292025115590, 316.0781927349671037, -95.23184314451461319 ) ) ;
#2581 = CARTESIAN_POINT ( 'NONE',  ( 1208.730021502404725, 526.3870577000332105, 86.95636665170594881 ) ) ;
#2582 = CARTESIAN_POINT ( 'NONE',  ( 1121.077250743529476, 233.5044371854258998, -135.2513979641948083 ) ) ;
#2583 = CARTESIAN_POINT ( 'NONE',  ( 948.5047812214353371, 193.7635376967436969, 8.181262665508260312 ) ) ;
#2584 = CARTESIAN_POINT ( 'NONE',  ( 1284.910313970063953, 765.5713132263815623, 123.5363331054167446 ) ) ;
#2585 = CARTESIAN_POINT ( 'NONE',  ( 1374.818280246226095, 716.1618969382244586, -31.77671051411893544 ) ) ;
#2586 = CARTESIAN_POINT ( 'NONE',  ( 1387.529999567293771, 1025.235683806643010, 74.43691775299814140 ) ) ;
#2587 = CARTESIAN_POINT ( 'NONE',  ( 993.3173863834044823, 261.7646689748603421, 94.16144608986603259 ) ) ;
#2588 = CARTESIAN_POINT ( 'NONE',  ( 559.9999999999998863, 8.499157203722489839, 33.62694474878038875 ) ) ;
#2589 = CARTESIAN_POINT ( 'NONE',  ( 1375.517253101484130, 1010.084024223667711, 88.04809052482148957 ) ) ;
#2590 = CARTESIAN_POINT ( 'NONE',  ( 1166.587724864804159, 292.8147364526578826, -126.4820057069102859 ) ) ;
#2591 = CARTESIAN_POINT ( 'NONE',  ( 789.9989510865192415, 71.87368076905801217, -0.4017180783133468269 ) ) ;
#2592 = CARTESIAN_POINT ( 'NONE',  ( 675.4717985649433558, 45.90456307817265014, 53.31719031373064155 ) ) ;
#2593 = CARTESIAN_POINT ( 'NONE',  ( 732.1466953927971417, 67.45904217067307229, 18.15848621478289715 ) ) ;
#2594 = CARTESIAN_POINT ( 'NONE',  ( 1217.310296282750869, 332.6857389685220596, -133.3318570441068118 ) ) ;
#2595 = CARTESIAN_POINT ( 'NONE',  ( 1054.956044671509289, 250.7678326678656617, -45.06356031789782435 ) ) ;
#2596 = CARTESIAN_POINT ( 'NONE',  ( 560.0000000000000000, 11.67153178238493716, 27.54724643759831437 ) ) ;
#2597 = CARTESIAN_POINT ( 'NONE',  ( 1164.148246167848129, 300.5811652170882553, -116.4637702211790469 ) ) ;
#2598 = CARTESIAN_POINT ( 'NONE',  ( 676.9638201362980681, 10.15266905990957724, -57.71542604515130392 ) ) ;
#2599 = CARTESIAN_POINT ( 'NONE',  ( 1319.822528911331574, 695.9194400086690848, 42.46556441238962520 ) ) ;
#2600 = CARTESIAN_POINT ( 'NONE',  ( 1302.788523334741740, 598.1426533920321162, -29.74053183708871373 ) ) ;
#2601 = CARTESIAN_POINT ( 'NONE',  ( 1012.344776520740993, 172.9940442914279686, -79.34724299668684466 ) ) ;
#2602 = CARTESIAN_POINT ( 'NONE',  ( 1010.231488241899456, 182.7870913889623807, -83.34561372175089389 ) ) ;
#2603 = APPLICATION_PROTOCOL_DEFINITION ( 'international standard', 'config_control_design', 1994, #2860 ) ;
#2604 = CARTESIAN_POINT ( 'NONE',  ( 675.3945334715000399, 47.51948339914709152, 30.77215002971648161 ) ) ;
#2605 = CARTESIAN_POINT ( 'NONE',  ( 1207.121957089364969, 361.8793353005814311, -85.95720759441363157 ) ) ;
#2606 = CARTESIAN_POINT ( 'NONE',  ( 1256.147469059751984, 403.2813235887743986, -110.4540093645672840 ) ) ;
#2607 = CARTESIAN_POINT ( 'NONE',  ( 1255.343950626025389, 701.0516404491449975, 156.4881205234060815 ) ) ;
#2608 = CARTESIAN_POINT ( 'NONE',  ( 618.4058246104960972, 16.90580670518721007, 25.90330505542357997 ) ) ;
#2609 = CARTESIAN_POINT ( 'NONE',  ( 790.5307458360136934, 66.07241510330513279, -45.98643159284381454 ) ) ;
#2610 = CARTESIAN_POINT ( 'NONE',  ( 955.9144128067946440, 153.3705219203285139, -38.97949193071342933 ) ) ;
#2611 = CARTESIAN_POINT ( 'NONE',  ( 1326.558428443755020, 682.4774286659395557, 22.37630680985772358 ) ) ;
#2612 = CARTESIAN_POINT ( 'NONE',  ( 1446.306060771947159, 712.4462366534221474, -146.6241659671105424 ) ) ;
#2613 = CARTESIAN_POINT ( 'NONE',  ( 1188.589154005423552, 578.6642371794047222, 158.8153614694355156 ) ) ;
#2614 = CARTESIAN_POINT ( 'NONE',  ( 579.5106375246097059, -8.281624969941256964, -40.08892633474025047 ) ) ;
#2615 = CARTESIAN_POINT ( 'NONE',  ( 579.3710724292703844, 10.97878645566792422, 30.32105302590594675 ) ) ;
#2616 = CARTESIAN_POINT ( 'NONE',  ( 675.2716042175803750, 50.62259817687393593, 57.07019229007999428 ) ) ;
#2617 = CARTESIAN_POINT ( 'NONE',  ( 676.3900780170865801, 23.72212095088437422, -36.39893556387055185 ) ) ;
#2618 = CARTESIAN_POINT ( 'NONE',  ( 559.9999999999998863, 3.506786341367434279, 20.36676518448468087 ) ) ;
#2619 = CARTESIAN_POINT ( 'NONE',  ( 1454.567167593528893, 698.3481611393676758, -160.0797923230426250 ) ) ;
#2620 = CARTESIAN_POINT ( 'NONE',  ( 675.7384526440804393, 39.23929871649657031, 1.027753752512585717 ) ) ;
#2621 = CARTESIAN_POINT ( 'NONE',  ( 840.6889081240219639, 139.7901379436451919, 62.28487938331138452 ) ) ;
#2622 = CARTESIAN_POINT ( 'NONE',  ( 676.5112458522518182, 21.15429716870444921, -13.63036655389795015 ) ) ;
#2623 = CARTESIAN_POINT ( 'NONE',  ( 731.5300020928633558, 76.75689141768881996, 61.21166000043535149 ) ) ;
#2624 = CARTESIAN_POINT ( 'NONE',  ( 1335.146585191658232, 902.2231388070890716, 129.7353521339871349 ) ) ;
#2625 = CARTESIAN_POINT ( 'NONE',  ( 1329.013824203676904, 912.6940566673740705, 146.2796169784782592 ) ) ;
#2626 = CARTESIAN_POINT ( 'NONE',  ( 560.0000000000000000, -6.320847189590516280, -32.21676787817134624 ) ) ;
#2627 = CARTESIAN_POINT ( 'NONE',  ( 845.4554445845756163, 101.1241753402119201, -0.5623954561145307895 ) ) ;
#2628 = CARTESIAN_POINT ( 'NONE',  ( 618.2532778859257405, 25.08881745377020422, 16.81586733387687005 ) ) ;
#2629 = CARTESIAN_POINT ( 'NONE',  ( 1351.036476330440792, 493.5512250165536443, -158.3235278755959996 ) ) ;
#2630 = CARTESIAN_POINT ( 'NONE',  ( 676.1496844537022071, 29.43324458516014985, -24.15287465224575314 ) ) ;
#2631 = CARTESIAN_POINT ( 'NONE',  ( 1355.305661142054305, 973.9185621771678143, 104.8408503778193364 ) ) ;
#2632 = CARTESIAN_POINT ( 'NONE',  ( 618.6184347928309535, 3.906799289974601574, -40.02826601728136779 ) ) ;
#2633 = CARTESIAN_POINT ( 'NONE',  ( 849.4448472481391263, 68.60137658762560875, -86.35394550990895368 ) ) ;
#2634 = CARTESIAN_POINT ( 'NONE',  ( 898.7470178958956240, 140.7547603997192880, 13.38421941416103422 ) ) ;
#2635 = CARTESIAN_POINT ( 'NONE',  ( 560.0000000000006821, 4.812751022752697949, -6.165217610802055326 ) ) ;
#2636 = CARTESIAN_POINT ( 'NONE',  ( 1166.666184122277173, 292.5935721148787820, -112.7794425632434070 ) ) ;
#2637 = CARTESIAN_POINT ( 'NONE',  ( 1255.480475719974947, 404.9833722781482948, -124.6594656135582539 ) ) ;
#2638 = CARTESIAN_POINT ( 'NONE',  ( 579.3351854804725463, 16.08027374647198471, 20.61797109515688575 ) ) ;
#2639 = CARTESIAN_POINT ( 'NONE',  ( 618.6867897203061375, 0.4528459636617911399, -27.46592091028212934 ) ) ;
#2640 = CARTESIAN_POINT ( 'NONE',  ( 1211.221149616839739, 350.1338940841122849, -105.1359265061520887 ) ) ;
#2641 = CARTESIAN_POINT ( 'NONE',  ( 943.9274431945834749, 218.8788834363348883, 95.65575428059992191 ) ) ;
#2642 = CARTESIAN_POINT ( 'NONE',  ( 1359.077346564328536, 861.3678128857916363, 71.43622765123825502 ) ) ;
#2643 = CARTESIAN_POINT ( 'NONE',  ( 733.7586670764850396, 43.49189466629817247, -40.16412669985503214 ) ) ;
#2644 = CARTESIAN_POINT ( 'NONE',  ( 1198.966848673436971, 385.2473700957046390, -47.46747553913092332 ) ) ;
#2645 = CARTESIAN_POINT ( 'NONE',  ( 676.2564557052901364, 27.25272699425157796, 4.688994432600014584 ) ) ;
#2646 = CARTESIAN_POINT ( 'NONE',  ( 1467.734388003599634, 797.1433617306606720, -130.9185153090893152 ) ) ;
#2647 = CARTESIAN_POINT ( 'NONE',  ( 1078.054267582532702, 387.2816432334192314, 134.0052289042843086 ) ) ;
#2648 = CARTESIAN_POINT ( 'NONE',  ( 1392.274133524122817, 551.3368243560671544, -169.8483795131426746 ) ) ;
#2649 = CARTESIAN_POINT ( 'NONE',  ( 1397.707888538301177, 1010.204984354884800, 61.79354220076954363 ) ) ;
#2650 = CARTESIAN_POINT ( 'NONE',  ( 579.3259012685779226, 17.27912683064068844, 40.49087646846457744 ) ) ;
#2651 = CARTESIAN_POINT ( 'NONE',  ( 1175.723904108037004, 451.8447625803000278, 63.57542613536246279 ) ) ;
#2652 = CARTESIAN_POINT ( 'NONE',  ( 1454.481786051615245, 698.4936449579353166, -160.1390266621207843 ) ) ;
#2653 = CARTESIAN_POINT ( 'NONE',  ( 1255.557604745471508, 562.1159786996350931, 12.68347648532840033 ) ) ;
#2654 = CARTESIAN_POINT ( 'NONE',  ( 1081.276155159370319, 375.7391258772451579, 100.1030333849490574 ) ) ;
#2655 = CARTESIAN_POINT ( 'NONE',  ( 1345.020593736829369, 645.6349583016869929, -32.26156107768996151 ) ) ;
#2656 = CARTESIAN_POINT ( 'NONE',  ( 579.3255917156828900, 17.34293372310087378, 36.72437373478697253 ) ) ;
#2657 = CARTESIAN_POINT ( 'NONE',  ( 1083.477128362571648, 367.9134018256341960, 109.7011299021256008 ) ) ;
#2658 = CARTESIAN_POINT ( 'NONE',  ( 903.4787166364055793, 109.6219644568906517, -77.58203926219303526 ) ) ;
#2659 = CARTESIAN_POINT ( 'NONE',  ( 676.3594002385046906, 24.79046511702336630, -2.631181246680641905 ) ) ;
#2660 = CARTESIAN_POINT ( 'NONE',  ( 841.7591810415392501, 131.0479031679606976, 33.45762115888319244 ) ) ;
#2661 = CARTESIAN_POINT ( 'NONE',  ( 559.9999999999987494, -10.88812975887760892, -34.63644877349522488 ) ) ;
#2662 = CARTESIAN_POINT ( 'NONE',  ( 1440.262009992231924, 947.3610869779902259, -35.42789271533173689 ) ) ;
#2663 = CARTESIAN_POINT ( 'NONE',  ( 892.7872975174101384, 179.7597813604479597, 73.16505552639074494 ) ) ;
#2664 = B_SPLINE_CURVE_WITH_KNOTS ( 'NONE', 3,
 ( #5092, #4164, #6266, #2518, #838, #6687, #4694, #5711, #903, #4552, #1505, #5161, #1468, #1891, #5643, #2980, #2946, #6165, #1363, #4587, #6722, #1397, #1925, #4060, #5746, #6198, #5677 ),
 .UNSPECIFIED., .F., .F.,
 ( 4, 1, 1, 1, 1, 1, 1, 1, 1, 1, 1, 1, 1, 1, 1, 1, 1, 1, 1, 1, 1, 1, 1, 1, 4 ),
 ( 0.7486000000001504784, 0.7690217282206139870, 0.7898402707479342810, 0.8106588149212435868, 0.8314773613507555616, 0.8522959055272120166, 0.8731144489406241771, 0.8939329941232064813, 0.9147515384119103699, 0.9355700812156969581, 0.9563886166232435926, 0.9772070792900646730, 1.000000000000000000, 1.020810958765281606, 1.041629119643466606, 1.062447446824592800, 1.083265866643830844, 1.104084254751523719, 1.124902727649854217, 1.145721159448392701, 1.166539661817635798, 1.187358151558081998, 1.208176633013374079, 1.228995150220267396, 1.248600007526963429 ),
 .UNSPECIFIED. ) ;
#2665 = CARTESIAN_POINT ( 'NONE',  ( 1414.302453217925176, 643.4664350900876570, -146.3088255054120168 ) ) ;
#2666 = CARTESIAN_POINT ( 'NONE',  ( 1322.720310412550361, 923.4298933374941498, 144.8662847326240808 ) ) ;
#2667 = CARTESIAN_POINT ( 'NONE',  ( 1311.811963875424453, 428.9991938117981363, -166.2820521586465929 ) ) ;
#2668 = CARTESIAN_POINT ( 'NONE',  ( 1350.643171049052853, 760.6664268943105753, 32.86556653570902142 ) ) ;
#2669 = CARTESIAN_POINT ( 'NONE',  ( 844.5247687534388206, 108.5400452052949873, -20.26245412402418467 ) ) ;
#2670 = CARTESIAN_POINT ( 'NONE',  ( 559.9999999999996589, -9.669909519861514369, -27.44129743700271362 ) ) ;
#2671 = CARTESIAN_POINT ( 'NONE',  ( 1011.211524626648156, 178.2189743342464112, -90.10865180102280192 ) ) ;
#2672 = CARTESIAN_POINT ( 'NONE',  ( 1324.302837013417047, 809.1399967187027187, 77.89090219323085762 ) ) ;
#2673 = CARTESIAN_POINT ( 'NONE',  ( 1449.795509630166634, 933.2820212513582874, -44.72003532520395908 ) ) ;
#2674 = CARTESIAN_POINT ( 'NONE',  ( 1215.866398579392808, 336.8225487162010268, -126.7949417645198622 ) ) ;
#2675 = CARTESIAN_POINT ( 'NONE',  ( 992.6166001999400805, 265.0328137500330286, 101.2743262028764946 ) ) ;
#2676 = CARTESIAN_POINT ( 'NONE',  ( 1409.386266117227024, 992.9583643560854398, 37.79071410958279387 ) ) ;
#2677 = CARTESIAN_POINT ( 'NONE',  ( 1158.285150554087295, 319.2959914154823196, -67.30298062136252213 ) ) ;
#2678 = CARTESIAN_POINT ( 'NONE',  ( 1350.643171049052853, 760.6664268943105753, 32.86556653570902142 ) ) ;
#2679 = CARTESIAN_POINT ( 'NONE',  ( 734.5534078788926990, 31.72562706379792630, -60.36926047845935273 ) ) ;
#2680 = CARTESIAN_POINT ( 'NONE',  ( 560.0000000000004547, -8.854651733486917919, -23.91037677263770078 ) ) ;
#2681 = CARTESIAN_POINT ( 'NONE',  ( 994.6973222943980772, 255.2526628177587043, 49.68899186045072724 ) ) ;
#2682 = CARTESIAN_POINT ( 'NONE',  ( 560.0000000000000000, 10.58234478651614197, 36.23662881704800043 ) ) ;
#2683 = CARTESIAN_POINT ( 'NONE',  ( 1311.469766801209516, 429.8156237261188153, -161.4214365014020984 ) ) ;
#2684 = CARTESIAN_POINT ( 'NONE',  ( 894.7465222272235223, 166.9812893696641822, 69.16605976006908918 ) ) ;
#2685 = CARTESIAN_POINT ( 'NONE',  ( 1077.748657209715020, 388.3698127679716663, 133.1559630365551641 ) ) ;
#2686 = CARTESIAN_POINT ( 'NONE',  ( 1174.712262723525782, 454.7431890876814577, 68.40192781376707387 ) ) ;
#2687 = CARTESIAN_POINT ( 'NONE',  ( 1220.733738629274740, 322.8648596591775686, -153.0937365662905449 ) ) ;
#2688 = CARTESIAN_POINT ( 'NONE',  ( 1392.041972639062806, 916.1518148666067418, 19.46702007713865967 ) ) ;
#2689 = CARTESIAN_POINT ( 'NONE',  ( 1434.901719770502268, 848.7702127002636416, -53.43877932293027300 ) ) ;
#2690 = CARTESIAN_POINT ( 'NONE',  ( 1188.615734044509736, 578.5911121794042629, 155.3433849677501541 ) ) ;
#2691 = CARTESIAN_POINT ( 'NONE',  ( 1382.987796166873295, 998.7358268255076155, 82.69281045665252350 ) ) ;
#2692 = CARTESIAN_POINT ( 'NONE',  ( 1081.764219112992350, 374.0339548921469941, 121.9370455413219219 ) ) ;
#2693 = CARTESIAN_POINT ( 'NONE',  ( 791.3915035689459501, 56.98860265892025012, -61.82768821613945676 ) ) ;
#2694 = CARTESIAN_POINT ( 'NONE',  ( 676.4099525691246981, 23.58019481905792958, -6.298140099978525974 ) ) ;
#2695 = CARTESIAN_POINT ( 'NONE',  ( 1470.011822925361002, 793.5663029524105241, -129.0263534745681966 ) ) ;
#2696 = CARTESIAN_POINT ( 'NONE',  ( 1100.607278074977557, 306.6245043999553559, -31.85126189727947832 ) ) ;
#2697 = CARTESIAN_POINT ( 'NONE',  ( 731.6035246845076472, 75.62396867672573819, 52.17631583304368803 ) ) ;
#2698 = CARTESIAN_POINT ( 'NONE',  ( 1121.521021863560463, 436.3802871603691642, 111.6275246171204145 ) ) ;
#2699 = CARTESIAN_POINT ( 'NONE',  ( 1453.709023997710347, 699.8118540283712719, -159.3088462901260414 ) ) ;
#2700 = CARTESIAN_POINT ( 'NONE',  ( 733.4220754025900533, 48.71943321985807529, 5.361280887550585739 ) ) ;
#2701 = CARTESIAN_POINT ( 'NONE',  ( 579.3682791191631622, 11.52987791971113651, 0.8411101097634352541 ) ) ;
#2702 = CARTESIAN_POINT ( 'NONE',  ( 791.9700302759762280, 50.98628800223895041, -54.66666508728437179 ) ) ;
#2703 = CARTESIAN_POINT ( 'NONE',  ( 618.5779110507352243, 6.223380434455795474, -35.64696132329087419 ) ) ;
#2704 = CARTESIAN_POINT ( 'NONE',  ( 1128.368943347114282, 414.5494577316364371, 66.29278962016620369 ) ) ;
#2705 = CARTESIAN_POINT ( 'NONE',  ( 734.4393588737915479, 33.55986359288667842, -37.10320091435562517 ) ) ;
#2706 = CARTESIAN_POINT ( 'NONE',  ( 905.0623491893727532, 99.31035395692337886, -79.54648140703518777 ) ) ;
#2707 = CARTESIAN_POINT ( 'NONE',  ( 1038.511908166316289, 317.5153990300336773, 111.7160709374212502 ) ) ;
#2708 = CARTESIAN_POINT ( 'NONE',  ( 675.9594769934095666, 34.33804307318065696, 24.70955145356931482 ) ) ;
#2709 = CARTESIAN_POINT ( 'NONE',  ( 1290.248454274665391, 480.0177259896784108, -105.0434512184758944 ) ) ;
#2710 = CARTESIAN_POINT ( 'NONE',  ( 1446.702438867261435, 901.9520029776535921, -51.87931071333114375 ) ) ;
#2711 = CARTESIAN_POINT ( 'NONE',  ( 1415.577158961853002, 949.2320554620686153, 13.63496336807797427 ) ) ;
#2712 = CARTESIAN_POINT ( 'NONE',  ( 1118.121386108655315, 244.0569964807460508, -123.9406047587499131 ) ) ;
#2713 = CARTESIAN_POINT ( 'NONE',  ( 1271.518927791133819, 665.9504534865425285, 72.98039630383756560 ) ) ;
#2714 = CARTESIAN_POINT ( 'NONE',  ( 786.7272195209736765, 106.4449172646258859, 75.44453848036398824 ) ) ;
#2715 = CARTESIAN_POINT ( 'NONE',  ( 792.5149142758958760, 45.15879274912013130, -76.26439356384278767 ) ) ;
#2716 = CARTESIAN_POINT ( 'NONE',  ( 1230.011152058187008, 622.6146190477670643, 137.9126812888535767 ) ) ;
#2717 = CARTESIAN_POINT ( 'NONE',  ( 579.3763144968255574, 10.24954922072981489, 28.43180347595078672 ) ) ;
#2718 = CARTESIAN_POINT ( 'NONE',  ( 942.0536648655537419, 229.1020810466136766, 105.2545749971608871 ) ) ;
#2719 = CARTESIAN_POINT ( 'NONE',  ( 1357.004802722364275, 864.9061104975812668, 76.50042634360320903 ) ) ;
#2720 = CARTESIAN_POINT ( 'NONE',  ( 849.4714941446189869, 68.38674041046053276, -86.33263610338066485 ) ) ;
#2721 = CARTESIAN_POINT ( 'NONE',  ( 1044.252139779133586, 294.1711675995475730, 33.54565304919007929 ) ) ;
#2722 = CARTESIAN_POINT ( 'NONE',  ( 1408.920180790188851, 776.2758624080594245, -49.92489701594762863 ) ) ;
#2723 = CARTESIAN_POINT ( 'NONE',  ( 579.3249050765398351, 17.43000248182870493, 38.41320485422003372 ) ) ;
#2724 = CARTESIAN_POINT ( 'NONE',  ( 579.5122858336208083, -8.539041081141414580, -36.46819467310758256 ) ) ;
#2725 = CARTESIAN_POINT ( 'NONE',  ( 1126.792405083326457, 419.6190712722789726, 105.6786221278205886 ) ) ;
#2726 = CARTESIAN_POINT ( 'NONE',  ( 1299.947812961919908, 457.0673137616494728, -134.5950944799931506 ) ) ;
#2727 = CARTESIAN_POINT ( 'NONE',  ( 790.2971831314891915, 68.71528611445361889, -8.487827595596293406 ) ) ;
#2728 = CARTESIAN_POINT ( 'NONE',  ( 1264.708839977773550, 381.0534962726250114, -145.1455834085441268 ) ) ;
#2729 = DATE_TIME_ROLE ( 'creation_date' ) ;
#2730 = CARTESIAN_POINT ( 'NONE',  ( 618.4179842079452101, 15.42984123405219776, -14.56866889255271680 ) ) ;
#2731 = CARTESIAN_POINT ( 'NONE',  ( 579.3256706193325272, 17.34598225997536503, 34.04999214632871229 ) ) ;
#2732 = CARTESIAN_POINT ( 'NONE',  ( 943.0543601404178844, 223.5984574405723890, 82.35560043668878905 ) ) ;
#2733 = CARTESIAN_POINT ( 'NONE',  ( 734.8262624433342580, 27.68712125519752121, -65.86708430159981731 ) ) ;
#2734 = CARTESIAN_POINT ( 'NONE',  ( 1292.177232482930094, 621.1831086182883155, 33.05632748435678536 ) ) ;
#2735 = CARTESIAN_POINT ( 'NONE',  ( 1404.506094836346620, 896.5536829570338568, -7.343390931167352420 ) ) ;
#2736 = CARTESIAN_POINT ( 'NONE',  ( 1257.378877034288735, 400.0844752916444804, -115.4607014886986747 ) ) ;
#2737 = CARTESIAN_POINT ( 'NONE',  ( 1451.772583014181464, 894.2504732239559644, -71.59627120517990306 ) ) ;
#2738 = CARTESIAN_POINT ( 'NONE',  ( 944.4915705608381131, 215.7212713541557889, 59.38497909656494755 ) ) ;
#2739 = CARTESIAN_POINT ( 'NONE',  ( 1208.142711266583092, 358.9547858201048598, -90.74715176501608482 ) ) ;
#2740 = CARTESIAN_POINT ( 'NONE',  ( 1066.530001888339484, 203.9049772293974740, -101.4735038724565328 ) ) ;
#2741 = CARTESIAN_POINT ( 'NONE',  ( 618.2886713882933236, 23.61689149106913277, 43.43146383597427018 ) ) ;
#2742 = CARTESIAN_POINT ( 'NONE',  ( 1245.743801851009039, 585.3805403915348506, 79.80384530456591108 ) ) ;
#2743 = CARTESIAN_POINT ( 'NONE',  ( 901.3480481325080973, 123.5767848737506256, -54.83102531719698902 ) ) ;
#2744 = CARTESIAN_POINT ( 'NONE',  ( 1361.747854238051559, 612.2548570256640232, -81.24327110382738226 ) ) ;
#2745 = CARTESIAN_POINT ( 'NONE',  ( 1235.792512833111005, 608.9322447634434639, 116.7401329870167075 ) ) ;
#2746 = CARTESIAN_POINT ( 'NONE',  ( 1144.198941967277051, 364.1723782283883111, 10.10698634472582391 ) ) ;
#2747 = CARTESIAN_POINT ( 'NONE',  ( 904.1801391949765048, 105.0308519345389442, -84.25064805086293518 ) ) ;
#2748 = CARTESIAN_POINT ( 'NONE',  ( 579.4951699588613110, -6.190253299380929164, -26.67284111939839519 ) ) ;
#2749 = CARTESIAN_POINT ( 'NONE',  ( 1348.828699435987346, 878.8493445298097413, 72.98098527234806454 ) ) ;
#2750 = CARTESIAN_POINT ( 'NONE',  ( 559.9999999999998863, 9.578967641319056980, 35.21747496327048310 ) ) ;
#2751 = CARTESIAN_POINT ( 'NONE',  ( 734.9615565743902152, 25.70164813220552702, -66.57963784089035642 ) ) ;
#2752 = CARTESIAN_POINT ( 'NONE',  ( 842.1182266487653578, 128.2546817870627649, 60.84193080831971656 ) ) ;
#2753 = CARTESIAN_POINT ( 'NONE',  ( 1154.588039984437046, 512.3886177063074001, 151.0193824216265455 ) ) ;
#2754 = CARTESIAN_POINT ( 'NONE',  ( 1334.579393756193440, 790.2387226046270143, 76.04568043479152095 ) ) ;
#2755 = CARTESIAN_POINT ( 'NONE',  ( 1219.669906464460382, 325.9093398802403385, -150.7162948908323585 ) ) ;
#2756 = CARTESIAN_POINT ( 'NONE',  ( 560.0000000000002274, 8.774523605726692210, 7.802802693253132915 ) ) ;
#2757 = CARTESIAN_POINT ( 'NONE',  ( 892.7872975174101384, 179.7597813604479597, 73.16505552639074494 ) ) ;
#2758 = CARTESIAN_POINT ( 'NONE',  ( 1155.786271150798257, 327.2572206563035024, -53.66288623144004077 ) ) ;
#2759 = CARTESIAN_POINT ( 'NONE',  ( 1189.013336439789555, 577.5575174030409471, 152.9286844784818413 ) ) ;
#2760 = CARTESIAN_POINT ( 'NONE',  ( 1014.890355147837681, 161.1130243322100171, -102.6874990702333861 ) ) ;
#2761 = CARTESIAN_POINT ( 'NONE',  ( 787.6980405769290883, 96.20493792480208128, 57.61604737899504869 ) ) ;
#2762 = CARTESIAN_POINT ( 'NONE',  ( 560.0000000000000000, 10.58234478651614197, 36.23662881704800043 ) ) ;
#2763 = CARTESIAN_POINT ( 'NONE',  ( 791.6350130181742770, 54.42086796916952807, -65.83170192723858349 ) ) ;
#2764 = CARTESIAN_POINT ( 'NONE',  ( 579.4629798779953944, -1.756063900979337067, -9.639268443111388862 ) ) ;
#2765 = CARTESIAN_POINT ( 'NONE',  ( 1389.035547486404766, 557.8011748887922749, -159.7868523876014706 ) ) ;
#2766 = PERSON_AND_ORGANIZATION ( #416, #4116 ) ;
#2767 = CARTESIAN_POINT ( 'NONE',  ( 1377.332585905649694, 711.5161722255841141, -61.04238719918751599 ) ) ;
#2768 = CARTESIAN_POINT ( 'NONE',  ( 942.9568901171155630, 224.1333252939787144, 84.11094035607833064 ) ) ;
#2769 = CARTESIAN_POINT ( 'NONE',  ( 1254.875282738169972, 702.0503014298733433, 135.0317620793785238 ) ) ;
#2770 = CARTESIAN_POINT ( 'NONE',  ( 1352.834972689980987, 489.6426770015610828, -169.0253378865068044 ) ) ;
#2771 = CARTESIAN_POINT ( 'NONE',  ( 1394.568390536485595, 912.1890142742710168, 35.25949299891919253 ) ) ;
#2772 = CARTESIAN_POINT ( 'NONE',  ( 949.0950923209761640, 190.5361496646117132, 1.492605560055483505 ) ) ;
#2773 = CARTESIAN_POINT ( 'NONE',  ( 1259.883989622943091, 393.5798014337423183, -125.6860249082836845 ) ) ;
#2774 = CARTESIAN_POINT ( 'NONE',  ( 1366.843358994915434, 602.0679936110547033, -113.9617407525060031 ) ) ;
#2775 = CARTESIAN_POINT ( 'NONE',  ( 1342.865423123390428, 889.0309790778480874, 88.56815132164445004 ) ) ;
#2776 = CARTESIAN_POINT ( 'NONE',  ( 958.2489352656226629, 140.6042970735283291, -65.81795777186334817 ) ) ;
#2777 = CARTESIAN_POINT ( 'NONE',  ( 1380.577078229594008, 574.6798533092637626, -135.6130871291815652 ) ) ;
#2778 = CARTESIAN_POINT ( 'NONE',  ( 560.0000000000004547, 7.700722409993901785, 31.66148369389153316 ) ) ;
#2779 = CARTESIAN_POINT ( 'NONE',  ( 1244.320055690835716, 588.7501541815464634, 85.08003438940933449 ) ) ;
#2780 = CARTESIAN_POINT ( 'NONE',  ( 560.0000000000002274, 0.7029580702996973685, -17.54655010076589861 ) ) ;
#2781 = CARTESIAN_POINT ( 'NONE',  ( 1447.170081572965501, 937.1592516055508213, -39.42230839157642208 ) ) ;
#2782 = CARTESIAN_POINT ( 'NONE',  ( 1128.033573306598782, 415.6659986279065606, 98.88124409407089388 ) ) ;
#2783 = CARTESIAN_POINT ( 'NONE',  ( 899.5868052111551378, 135.2462142840062995, 1.240598963761804230 ) ) ;
#2784 = CARTESIAN_POINT ( 'NONE',  ( 1350.836584631230153, 875.4211431801677463, 67.81297436961703795 ) ) ;
#2785 = CARTESIAN_POINT ( 'NONE',  ( 618.2349475507237457, 26.65751491000909823, 48.27000611180138634 ) ) ;
#2786 = CARTESIAN_POINT ( 'NONE',  ( 618.7406511909924802, -3.022353528897752994, -49.45186425476430969 ) ) ;
#2787 = CARTESIAN_POINT ( 'NONE',  ( 994.7973916446537714, 254.8637661525129943, 81.43960418682881652 ) ) ;
#2788 = CARTESIAN_POINT ( 'NONE',  ( 1384.282746260756539, 1030.031225262570160, 82.74782516147867284 ) ) ;
#2789 = CARTESIAN_POINT ( 'NONE',  ( 1359.077346564328536, 861.3678128857916363, 71.43622765123825502 ) ) ;
#2790 = CARTESIAN_POINT ( 'NONE',  ( 1068.794258071093282, 194.6964434960883921, -125.1659503296667708 ) ) ;
#2791 = CARTESIAN_POINT ( 'NONE',  ( 894.9152906221838748, 165.7630857980108772, 32.04348059708351570 ) ) ;
#2792 = CARTESIAN_POINT ( 'NONE',  ( 1278.505577665863939, 507.8396795686787186, -41.54585666647501796 ) ) ;
#2793 = CARTESIAN_POINT ( 'NONE',  ( 892.0144101221959545, 184.8620970491223829, 93.48069240185235174 ) ) ;
#2794 = CARTESIAN_POINT ( 'NONE',  ( 1385.975007075741814, 563.9094449981529351, -150.9252034721987457 ) ) ;
#2795 = CARTESIAN_POINT ( 'NONE',  ( 732.2160700000434872, 66.63445013666573402, 50.37870376137196615 ) ) ;
#2796 = CARTESIAN_POINT ( 'NONE',  ( 1342.145536690555673, 512.8137684335080166, -143.2206601490443063 ) ) ;
#2797 = CARTESIAN_POINT ( 'NONE',  ( 1272.849661769050272, 789.6508923655075023, 170.8301054377557762 ) ) ;
#2798 = CARTESIAN_POINT ( 'NONE',  ( 1380.988447913396158, 573.8466688039025030, -148.4648803911746313 ) ) ;
#2799 = CARTESIAN_POINT ( 'NONE',  ( 733.8352214642991385, 42.56681362500733456, -11.59288364465511378 ) ) ;
#2800 = CARTESIAN_POINT ( 'NONE',  ( 1426.410795942471395, 621.1847565307066361, -167.3470398348973447 ) ) ;
#2801 = PERSON_AND_ORGANIZATION ( #416, #4116 ) ;
#2802 = CARTESIAN_POINT ( 'NONE',  ( 1102.024400030852348, 301.5604328969915287, -40.18347007799479087 ) ) ;
#2803 = VERTEX_POINT ( 'NONE', #673 ) ;
#2804 = CARTESIAN_POINT ( 'NONE',  ( 560.0000000000003411, 11.75649883519844607, 29.95885116994672259 ) ) ;
#2805 = CARTESIAN_POINT ( 'NONE',  ( 618.1980622604703512, 28.57487384499635041, 40.36724451669672220 ) ) ;
#2806 = CARTESIAN_POINT ( 'NONE',  ( 1468.884251798388277, 868.2570174055202870, -100.7928567883882778 ) ) ;
#2807 = CARTESIAN_POINT ( 'NONE',  ( 733.5265365198438303, 47.16435320130710096, 1.128949123772000185 ) ) ;
#2808 = CARTESIAN_POINT ( 'NONE',  ( 1348.016979539998829, 985.3867616918269050, 136.3680857800330557 ) ) ;
#2809 = CARTESIAN_POINT ( 'NONE',  ( 1048.353896343785664, 277.5352415059761597, 1.679186008957149090 ) ) ;
#2810 = CARTESIAN_POINT ( 'NONE',  ( 905.1641469825855211, 98.64234181045922867, -80.98876024297219089 ) ) ;
#2811 = CARTESIAN_POINT ( 'NONE',  ( 956.3027356676007003, 151.1573872091292117, -69.98710814568588034 ) ) ;
#2812 = CARTESIAN_POINT ( 'NONE',  ( 841.0537167824160178, 136.8056931886340237, 51.32862107171865773 ) ) ;
#2813 = CARTESIAN_POINT ( 'NONE',  ( 791.7097425453233654, 53.74642899030218501, -47.38056823051456945 ) ) ;
#2814 = CARTESIAN_POINT ( 'NONE',  ( 1167.375660601581330, 290.3328826345356788, -116.6322625281723333 ) ) ;
#2815 = CARTESIAN_POINT ( 'NONE',  ( 1404.740123513655817, 965.6937256972370278, 36.65509621387050743 ) ) ;
#2816 = CARTESIAN_POINT ( 'NONE',  ( 579.4199399371098025, 4.369650473344177222, -19.59422019518776992 ) ) ;
#2817 = CARTESIAN_POINT ( 'NONE',  ( 1159.953249879685472, 313.9815529733885455, -76.39225196624175851 ) ) ;
#2818 = CARTESIAN_POINT ( 'NONE',  ( 618.3572486945336095, 19.69734140486790963, 33.34053025585898666 ) ) ;
#2819 = CARTESIAN_POINT ( 'NONE',  ( 1459.019773344465875, 919.6596349246547106, -63.21323991396639030 ) ) ;
#2820 = CARTESIAN_POINT ( 'NONE',  ( 1320.456488076400774, 816.2216391234901494, 88.94655166142274538 ) ) ;
#2821 = CARTESIAN_POINT ( 'NONE',  ( 1248.152776088873452, 716.6396049718491668, 169.0749703399592079 ) ) ;
#2822 = CARTESIAN_POINT ( 'NONE',  ( 1427.220587733424964, 619.6929362296796171, -170.3971366728162877 ) ) ;
#2823 = CARTESIAN_POINT ( 'NONE',  ( 1205.083636690822232, 535.8530379337461227, 102.1669553740924954 ) ) ;
#2824 = CARTESIAN_POINT ( 'NONE',  ( 1252.854421439402131, 568.5514151544339256, 53.40143536124620027 ) ) ;
#2825 = CARTESIAN_POINT ( 'NONE',  ( 1392.654190764140594, 550.5753650373459323, -173.0087412707738395 ) ) ;
#2826 = CARTESIAN_POINT ( 'NONE',  ( 675.5457189715893946, 43.86148116243357009, 15.76546884702155893 ) ) ;
#2827 = CARTESIAN_POINT ( 'NONE',  ( 955.9144128067946440, 153.3705219203285139, -38.97949193071342933 ) ) ;
#2828 = CARTESIAN_POINT ( 'NONE',  ( 1296.722641166632684, 859.9232292184448170, 161.7978503759018167 ) ) ;
#2829 = CARTESIAN_POINT ( 'NONE',  ( 1315.534398694636138, 825.2991642512022281, 127.3241029331679215 ) ) ;
#2830 = CARTESIAN_POINT ( 'NONE',  ( 1461.721874694826283, 879.1371356262370682, -89.20058664065618359 ) ) ;
#2831 = CARTESIAN_POINT ( 'NONE',  ( 1370.302473128297379, 1018.005224720178717, 102.2629016856917588 ) ) ;
#2832 = CARTESIAN_POINT ( 'NONE',  ( 847.6437380002622604, 83.20698629390113865, -67.10058645894231688 ) ) ;
#2833 = CARTESIAN_POINT ( 'NONE',  ( 1152.471586115078935, 337.8174934790319526, -35.45479051143666993 ) ) ;
#2834 = CARTESIAN_POINT ( 'NONE',  ( 1219.582267967685539, 326.1717042720919153, -144.4825784513827784 ) ) ;
#2835 = CARTESIAN_POINT ( 'NONE',  ( 0.000000000000000000, 0.000000000000000000, 0.000000000000000000 ) ) ;
#2836 = CARTESIAN_POINT ( 'NONE',  ( 1430.333805554286528, 926.8166646431386653, -30.99691116084450826 ) ) ;
#2837 = VERTEX_POINT ( 'NONE', #2310 ) ;
#2838 = CARTESIAN_POINT ( 'NONE',  ( 618.1984800107466071, 28.53670971077138674, 39.58087164457791118 ) ) ;
#2839 = CARTESIAN_POINT ( 'NONE',  ( 1036.902512047710388, 324.0042996046487929, 101.5278614607710210 ) ) ;
#2840 = CARTESIAN_POINT ( 'NONE',  ( 1013.750921342344327, 166.3856172528770117, -106.2458957772983013 ) ) ;
#2841 = CARTESIAN_POINT ( 'NONE',  ( 1300.918170210180278, 602.2290844174644917, 4.151085159909411182 ) ) ;
#2842 = CARTESIAN_POINT ( 'NONE',  ( 1079.428586687516599, 382.3758850115004293, 131.1769685161286816 ) ) ;
#2843 = CARTESIAN_POINT ( 'NONE',  ( 675.7384526440804393, 39.23929871649657031, 1.027753752512585717 ) ) ;
#2844 = CARTESIAN_POINT ( 'NONE',  ( 1305.255277072810941, 444.5271485737266630, -138.5541336170111038 ) ) ;
#2845 = CARTESIAN_POINT ( 'NONE',  ( 846.7129469971337130, 90.76260432796703981, -54.39854251045218803 ) ) ;
#2846 = CARTESIAN_POINT ( 'NONE',  ( 1363.955238514900657, 960.3166567539891503, 83.59157325299349850 ) ) ;
#2847 = CARTESIAN_POINT ( 'NONE',  ( 849.1898696629508549, 70.72131626081709044, -73.90078464916744849 ) ) ;
#2848 = CARTESIAN_POINT ( 'NONE',  ( 948.8646387515811966, 191.9086401632066838, 41.37914464562678063 ) ) ;
#2849 = CARTESIAN_POINT ( 'NONE',  ( 579.4313765262801326, 2.780443666936205815, -23.33139472326797303 ) ) ;
#2850 = CARTESIAN_POINT ( 'NONE',  ( 957.6653911768212311, 143.7956799164279573, -59.09830876969458302 ) ) ;
#2851 = CARTESIAN_POINT ( 'NONE',  ( 618.3503836223740109, 20.09057570678394100, 34.35738043707149814 ) ) ;
#2852 = CARTESIAN_POINT ( 'NONE',  ( 1410.248042162935462, 887.5346258067469307, 0.6114444348592686929 ) ) ;
#2853 = CARTESIAN_POINT ( 'NONE',  ( 1121.587122154463714, 436.1961458938989722, 134.1454272914356238 ) ) ;
#2854 = CARTESIAN_POINT ( 'NONE',  ( 1355.209211138615956, 974.0778521691897822, 122.7182545477427595 ) ) ;
#2855 = CARTESIAN_POINT ( 'NONE',  ( 1312.513373664622122, 427.3416011229855371, -167.1522131824481789 ) ) ;
#2856 = CC_DESIGN_PERSON_AND_ORGANIZATION_ASSIGNMENT ( #1749, #5402, ( #5640 ) ) ;
#2857 = CARTESIAN_POINT ( 'NONE',  ( 995.2707999697494188, 252.6561591161216711, 77.22088355697232487 ) ) ;
#2858 = CARTESIAN_POINT ( 'NONE',  ( 897.4791726068229991, 149.0696684291266649, 31.57633707758187569 ) ) ;
#2859 = CARTESIAN_POINT ( 'NONE',  ( 1391.195275547109304, 553.4846492259174511, -170.5893770330840198 ) ) ;
#2860 = APPLICATION_CONTEXT ( 'configuration controlled 3d designs of mechanical parts and assemblies' ) ;
#2861 = CARTESIAN_POINT ( 'NONE',  ( 994.3495330218322579, 256.8770137332694503, 53.45686666617331895 ) ) ;
#2862 = CARTESIAN_POINT ( 'NONE',  ( 1061.388050962976195, 224.7613030467193482, -62.33973884807881660 ) ) ;
#2863 = CARTESIAN_POINT ( 'NONE',  ( 941.9950161108962448, 229.4209691368720314, 105.0452888049118769 ) ) ;
#2864 = CARTESIAN_POINT ( 'NONE',  ( 579.5131319413195570, -8.653554081630218775, -37.13534481322479053 ) ) ;
#2865 = CARTESIAN_POINT ( 'NONE',  ( 560.0000000000000000, 5.999920307979537348, 27.17824579481502312 ) ) ;
#2866 = CARTESIAN_POINT ( 'NONE',  ( 1198.337463646699234, 553.3654668473257061, 130.0857521953557807 ) ) ;
#2867 = CARTESIAN_POINT ( 'NONE',  ( 1118.312832961492859, 446.6196519690968216, 142.6887001535652075 ) ) ;
#2868 = CARTESIAN_POINT ( 'NONE',  ( 1405.595812820257379, 659.4917506868055170, -127.3298667916613027 ) ) ;
#2869 = CARTESIAN_POINT ( 'NONE',  ( 954.1626331565008741, 162.9486698164314760, -18.86481538412117942 ) ) ;
#2870 = CARTESIAN_POINT ( 'NONE',  ( 1266.972668697630297, 375.1722409636826683, -155.1889474905227644 ) ) ;
#2871 = CARTESIAN_POINT ( 'NONE',  ( 1144.758678370837970, 362.3305152854129574, -25.10717530761283811 ) ) ;
#2872 = CARTESIAN_POINT ( 'NONE',  ( 618.2048640453684811, 28.09135025393209162, 34.61520898946610458 ) ) ;
#2873 = CARTESIAN_POINT ( 'NONE',  ( 942.8663932031098511, 224.6298825536444781, 85.83070974475961634 ) ) ;
#2874 = CARTESIAN_POINT ( 'NONE',  ( 618.1980412213040381, 28.61793912139879481, 42.67218059433503186 ) ) ;
#2875 = CARTESIAN_POINT ( 'NONE',  ( 1067.495579040311441, 199.9554442659116091, -119.5283743682969373 ) ) ;
#2876 = CARTESIAN_POINT ( 'NONE',  ( 1053.081842508047885, 258.4467235278266912, 1.154930855711677973 ) ) ;
#2877 = CARTESIAN_POINT ( 'NONE',  ( 1119.639573829517531, 442.3961638221562680, 140.0221619969055951 ) ) ;
#2878 = CARTESIAN_POINT ( 'NONE',  ( 618.2793897361915469, 23.53088652057843788, 10.43105115319706400 ) ) ;
#2879 = CARTESIAN_POINT ( 'NONE',  ( 618.7447879972659166, -3.032039868615412193, -41.01881863918838178 ) ) ;
#2880 = CARTESIAN_POINT ( 'NONE',  ( 579.4740503237241001, -3.158136931495133748, -35.24566051201475148 ) ) ;
#2881 = CARTESIAN_POINT ( 'NONE',  ( 1291.838729279707422, 476.2547163509879624, -110.0145808977256507 ) ) ;
#2882 = CARTESIAN_POINT ( 'NONE',  ( 1199.254930260652145, 550.9514427360983291, 99.92712379067383210 ) ) ;
#2883 = CARTESIAN_POINT ( 'NONE',  ( 1347.547730281438135, 501.1172008900645096, -147.1155252821626220 ) ) ;
#2884 = CARTESIAN_POINT ( 'NONE',  ( 1136.764910200025952, 387.8543173927862426, 51.13707489477862822 ) ) ;
#2885 = CARTESIAN_POINT ( 'NONE',  ( 676.2156007902758574, 27.86580440072858167, -27.68319125995884988 ) ) ;
#2886 = CARTESIAN_POINT ( 'NONE',  ( 618.6867897203061375, 0.4528459636617911399, -27.46592091028212934 ) ) ;
#2887 = CARTESIAN_POINT ( 'NONE',  ( 1365.283046187171067, 958.2373726210687437, 100.0542160117282293 ) ) ;
#2888 = CARTESIAN_POINT ( 'NONE',  ( 1145.851604332503030, 358.9074433949162994, 0.9903868338543122540 ) ) ;
#2889 = CARTESIAN_POINT ( 'NONE',  ( 1159.294382316852079, 498.9126142698738136, 141.9796641504732975 ) ) ;
#2890 = CARTESIAN_POINT ( 'NONE',  ( 579.3785941698789657, 9.932321473027954539, 27.59117875729288727 ) ) ;
#2891 = CARTESIAN_POINT ( 'NONE',  ( 675.9875608310525195, 33.66922456009834974, 22.89748468749831645 ) ) ;
#2892 = CARTESIAN_POINT ( 'NONE',  ( 1473.970993519834110, 787.3391077208626712, -140.8603453978963671 ) ) ;
#2893 = CARTESIAN_POINT ( 'NONE',  ( 945.4747961628952453, 210.3378541619199211, 45.52669170424390899 ) ) ;
#2894 = CARTESIAN_POINT ( 'NONE',  ( 1202.697982879272104, 374.5562150417155181, -65.12144328371421409 ) ) ;
#2895 = CARTESIAN_POINT ( 'NONE',  ( 1077.759295088326553, 388.3304969391058421, 132.3788157990485104 ) ) ;
#2896 = CARTESIAN_POINT ( 'NONE',  ( 1351.036476330440792, 493.5512250165536443, -158.3235278755959996 ) ) ;
#2897 = CARTESIAN_POINT ( 'NONE',  ( 732.2774230197186398, 65.72518388923016630, 48.30907989141529413 ) ) ;
#2898 = CARTESIAN_POINT ( 'NONE',  ( 1357.994859187391057, 969.6974023351327787, 115.9064157059457898 ) ) ;
#2899 = CARTESIAN_POINT ( 'NONE',  ( 1154.958598643872847, 511.3279980931606588, 151.3479127170630534 ) ) ;
#2900 = CARTESIAN_POINT ( 'NONE',  ( 957.3938059772456199, 145.2001592101163681, -79.32504546072652829 ) ) ;
#2901 = CARTESIAN_POINT ( 'NONE',  ( 1341.317527935084627, 653.0246480114341239, -21.35080508650380793 ) ) ;
#2902 = CARTESIAN_POINT ( 'NONE',  ( 1120.577435815670015, 235.3080412856128873, -127.6067564748686607 ) ) ;
#2903 = CARTESIAN_POINT ( 'NONE',  ( 1423.897864933670462, 936.5930352367838623, -18.23541385621371091 ) ) ;
#2904 = CARTESIAN_POINT ( 'NONE',  ( 943.8053323112804947, 219.4810436369673994, 69.87275373193368466 ) ) ;
#2905 = CARTESIAN_POINT ( 'NONE',  ( 1100.549390836006069, 306.9035770889227024, 1.061457714605055225 ) ) ;
#2906 = CARTESIAN_POINT ( 'NONE',  ( 560.0000000000000000, 11.72007787864682449, 31.65871115223409404 ) ) ;
#2907 = CARTESIAN_POINT ( 'NONE',  ( 841.4812272397615516, 133.4276358219677263, 71.58211677032032583 ) ) ;
#2908 = CARTESIAN_POINT ( 'NONE',  ( 1303.857750075276499, 846.7844071600255802, 139.4470294492547850 ) ) ;
#2909 = CARTESIAN_POINT ( 'NONE',  ( 1385.388299396260891, 565.0689565988675440, -158.5065315044753902 ) ) ;
#2910 = CARTESIAN_POINT ( 'NONE',  ( 1228.490628860875631, 475.0858163020768075, 4.081690700381274794 ) ) ;
#2911 = CARTESIAN_POINT ( 'NONE',  ( 990.8072893694013601, 273.4645403499408758, 112.5400009422872643 ) ) ;
#2912 = CARTESIAN_POINT ( 'NONE',  ( 948.5047812214353371, 193.7635376967436969, 8.181262665508260312 ) ) ;
#2913 = CARTESIAN_POINT ( 'NONE',  ( 1117.764829388296448, 245.3660550504280025, -109.2250555291154086 ) ) ;
#2914 = CARTESIAN_POINT ( 'NONE',  ( 1116.384772985850532, 250.2590823936636752, -116.1516584053210579 ) ) ;
#2915 = CARTESIAN_POINT ( 'NONE',  ( 901.0109202789166147, 125.7854746307985323, -50.97400936412579853 ) ) ;
#2916 = CARTESIAN_POINT ( 'NONE',  ( 1196.233815611928094, 558.7987894042873904, 114.9749585652968449 ) ) ;
#2917 = CARTESIAN_POINT ( 'NONE',  ( 676.9621936883498847, 10.30713410894216153, -48.68461832365009201 ) ) ;
#2918 = CARTESIAN_POINT ( 'NONE',  ( 1091.928513094590699, 337.7145211089951999, 56.54606155934229150 ) ) ;
#2919 = CARTESIAN_POINT ( 'NONE',  ( 953.5292494308829419, 166.3050877295892462, -44.46544773309341281 ) ) ;
#2920 = CARTESIAN_POINT ( 'NONE',  ( 579.4928178986087914, -5.867036300225479728, -25.35710588460732851 ) ) ;
#2921 = CARTESIAN_POINT ( 'NONE',  ( 1238.617238170341807, 602.2470153035486646, 106.1921905488250104 ) ) ;
#2922 = CARTESIAN_POINT ( 'NONE',  ( 1449.679920334654980, 933.4527234436914114, -52.64886848567331157 ) ) ;
#2923 = CARTESIAN_POINT ( 'NONE',  ( 1455.061651501428969, 925.5049865477245703, -55.30217580165749069 ) ) ;
#2924 = CARTESIAN_POINT ( 'NONE',  ( 892.8944359202801024, 179.1107640286044216, 91.87402406737538740 ) ) ;
#2925 = CARTESIAN_POINT ( 'NONE',  ( 1369.340905543243025, 951.8566911052557771, 91.01121203977865548 ) ) ;
#2926 = CARTESIAN_POINT ( 'NONE',  ( 579.4073034202658619, 5.945129550608197810, 16.31583517140454731 ) ) ;
#2927 = CARTESIAN_POINT ( 'NONE',  ( 1468.884251798388277, 868.2570174055202870, -100.7928567883882778 ) ) ;
#2928 = CARTESIAN_POINT ( 'NONE',  ( 1207.482224835837997, 529.5848628645594545, 61.58856680474790579 ) ) ;
#2929 = CARTESIAN_POINT ( 'NONE',  ( 579.4806657320403929, -4.194209192176747258, -18.79689701175612981 ) ) ;
#2930 = CARTESIAN_POINT ( 'NONE',  ( 786.5421941007538180, 108.3912648370327361, 75.94908892640491160 ) ) ;
#2931 = CARTESIAN_POINT ( 'NONE',  ( 1422.849523425923280, 627.7415298403388988, -157.4399225677885283 ) ) ;
#2932 = CARTESIAN_POINT ( 'NONE',  ( 945.6732863236812818, 209.3439112128763213, 76.21736417098644267 ) ) ;
#2933 = CARTESIAN_POINT ( 'NONE',  ( 1288.816904332171362, 757.7925977022183588, 134.6522895692175439 ) ) ;
#2934 = CARTESIAN_POINT ( 'NONE',  ( 559.9999999999998863, 11.77276948078568353, 35.17257921822051969 ) ) ;
#2935 = CARTESIAN_POINT ( 'NONE',  ( 957.7692855652114758, 143.1502830503941368, -82.42498249350356332 ) ) ;
#2936 = CARTESIAN_POINT ( 'NONE',  ( 1154.127630592784953, 332.5414988251484374, -44.57005104319206623 ) ) ;
#2937 = CARTESIAN_POINT ( 'NONE',  ( 961.1218408706108676, 124.8838974835143176, -99.97989276413731830 ) ) ;
#2938 = CARTESIAN_POINT ( 'NONE',  ( 732.7590776954817784, 58.33441597716939953, -7.305779632835769810 ) ) ;
#2939 = CARTESIAN_POINT ( 'NONE',  ( 1360.111616506781502, 966.3608873322519912, 92.94287427058704054 ) ) ;
#2940 = CARTESIAN_POINT ( 'NONE',  ( 1053.081842508047885, 258.4467235278266912, 1.154930855711677973 ) ) ;
#2941 = CARTESIAN_POINT ( 'NONE',  ( 579.3257093682277628, 17.33091275321340063, 35.99353431891459820 ) ) ;
#2942 = CARTESIAN_POINT ( 'NONE',  ( 787.3903818165571238, 99.45369921959155590, 64.73152704135478075 ) ) ;
#2943 = APPROVAL ( #5084, 'UNSPECIFIED' ) ;
#2944 = CARTESIAN_POINT ( 'NONE',  ( 731.5757250986330291, 76.05053808533624249, 55.39843118471193861 ) ) ;
#2945 = CARTESIAN_POINT ( 'NONE',  ( 579.4849994406464475, -4.688558031630567946, -37.60370101820274158 ) ) ;
#2946 = CARTESIAN_POINT ( 'NONE',  ( 1393.623389496132859, 1016.236969738955054, 59.82952939700311390 ) ) ;
#2947 = CARTESIAN_POINT ( 'NONE',  ( 942.8118049515497887, 224.9677571308480140, 102.9717597269242759 ) ) ;
#2948 = CARTESIAN_POINT ( 'NONE',  ( 1136.288237153677073, 389.3144359183750112, 20.04799459239020010 ) ) ;
#2949 = CARTESIAN_POINT ( 'NONE',  ( 1215.199226051835694, 338.7340577581106231, -123.7241244967024869 ) ) ;
#2950 = CARTESIAN_POINT ( 'NONE',  ( 579.4353181272496158, 2.232494742806790722, -24.56965388978104059 ) ) ;
#2951 = CARTESIAN_POINT ( 'NONE',  ( 840.6889081240219639, 139.7901379436451919, 62.28487938331138452 ) ) ;
#2952 = CARTESIAN_POINT ( 'NONE',  ( 1400.765728938891016, 1005.689167748554610, 43.76149824062188287 ) ) ;
#2953 = CARTESIAN_POINT ( 'NONE',  ( 1385.104228635715117, 565.6462840273225083, -148.4722494306028864 ) ) ;
#2954 = CARTESIAN_POINT ( 'NONE',  ( 998.8618207269413460, 235.9077050621883984, 45.09737787188092284 ) ) ;
#2955 = CARTESIAN_POINT ( 'NONE',  ( 789.6408854030536304, 75.47281168862443224, -27.40227480919848091 ) ) ;
#2956 = CARTESIAN_POINT ( 'NONE',  ( 1331.748037948730143, 535.3768940268377037, -96.61762565710432682 ) ) ;
#2957 = CARTESIAN_POINT ( 'NONE',  ( 1344.916187773730826, 885.5441493796810164, 106.0510907344026634 ) ) ;
#2958 = CARTESIAN_POINT ( 'NONE',  ( 560.0000000000000000, -2.546500209129832104, 0.7081573197693024069 ) ) ;
#2959 = CARTESIAN_POINT ( 'NONE',  ( 791.8832355841199160, 51.90657872545377671, -52.24700111580804673 ) ) ;
#2960 = CARTESIAN_POINT ( 'NONE',  ( 1224.792000146806458, 634.9659914668939109, 157.0025378683522774 ) ) ;
#2961 = CARTESIAN_POINT ( 'NONE',  ( 788.0510230076024527, 92.47726923460969317, 49.31743472390435556 ) ) ;
#2962 = CARTESIAN_POINT ( 'NONE',  ( 789.0206495974925929, 82.22761483367921187, 25.37503183204307788 ) ) ;
#2963 = CARTESIAN_POINT ( 'NONE',  ( 1388.216908816167461, 559.4257592237304380, -164.5729255095488952 ) ) ;
#2964 = CARTESIAN_POINT ( 'NONE',  ( 1086.711302903980595, 356.2964314796043368, 57.80352452532503094 ) ) ;
#2965 = CARTESIAN_POINT ( 'NONE',  ( 1035.052441707376147, 331.5245369207028148, 123.1394538440367938 ) ) ;
#2966 = CARTESIAN_POINT ( 'NONE',  ( 849.4945361851993084, 68.23041534548565323, -81.30845679035489582 ) ) ;
#2967 = CARTESIAN_POINT ( 'NONE',  ( 944.8722381971959976, 213.7188104262168338, 84.51963855035077700 ) ) ;
#2968 = CARTESIAN_POINT ( 'NONE',  ( 1297.885923341219950, 857.7810965127289364, 158.2330212986518916 ) ) ;
#2969 = CARTESIAN_POINT ( 'NONE',  ( 957.0274032260176682, 147.2005775163250973, -76.23989998711581961 ) ) ;
#2970 = CARTESIAN_POINT ( 'NONE',  ( 1352.441557773965087, 630.8260061751919920, -54.05927183841668437 ) ) ;
#2971 = CARTESIAN_POINT ( 'NONE',  ( 1312.382823740974800, 427.6526111432093558, -165.5861024194555853 ) ) ;
#2972 = CARTESIAN_POINT ( 'NONE',  ( 788.8300830363795058, 84.04740170493157336, -8.418427658953737236 ) ) ;
#2973 = CARTESIAN_POINT ( 'NONE',  ( 579.3279920537755743, 17.04885423210735951, 28.66878542572043287 ) ) ;
#2974 = CARTESIAN_POINT ( 'NONE',  ( 1364.057851591227745, 735.9709833729232287, -3.072913319782281771 ) ) ;
#2975 = CARTESIAN_POINT ( 'NONE',  ( 990.8084557707220483, 273.4292164255684838, 97.35571394367681819 ) ) ;
#2976 = CARTESIAN_POINT ( 'NONE',  ( 893.8406674826234166, 172.9162339826672508, 81.14106656133533590 ) ) ;
#2977 = CARTESIAN_POINT ( 'NONE',  ( 560.0000000000004547, 7.700722409993901785, 31.66148369389153316 ) ) ;
#2978 = CARTESIAN_POINT ( 'NONE',  ( 1225.277940113029672, 633.7981013074174825, 134.3649721179019707 ) ) ;
#2979 = CARTESIAN_POINT ( 'NONE',  ( 1306.432519307651773, 441.7255769949651949, -152.9801668640942864 ) ) ;
#2980 = CARTESIAN_POINT ( 'NONE',  ( 1390.222021026129596, 1021.260108362585356, 67.59530105653296062 ) ) ;
#2981 = CARTESIAN_POINT ( 'NONE',  ( 1037.389498642311310, 322.0623966987128028, 118.2362036246033483 ) ) ;
#2982 = CARTESIAN_POINT ( 'NONE',  ( 1175.697160988261430, 451.8717683622743948, 30.99000059923859496 ) ) ;
#2983 = CARTESIAN_POINT ( 'NONE',  ( 559.9999999999998863, -10.53658394088789940, -31.57553163092837067 ) ) ;
#2984 = CARTESIAN_POINT ( 'NONE',  ( 1446.747177389818034, 901.8843106249025823, -62.35136615058054588 ) ) ;
#2985 = CARTESIAN_POINT ( 'NONE',  ( 560.0000000000005684, 11.62293527800496484, 26.72662335491083496 ) ) ;
#2986 = CARTESIAN_POINT ( 'NONE',  ( 893.6901747078837843, 173.8150251532257755, 53.96764628197160363 ) ) ;
#2987 = CARTESIAN_POINT ( 'NONE',  ( 1389.793958283140910, 919.6962879273729641, 45.80178690198793845 ) ) ;
#2988 = CARTESIAN_POINT ( 'NONE',  ( 1425.737916119590864, 863.1706156607149296, -51.27362751292617560 ) ) ;
#2989 = CARTESIAN_POINT ( 'NONE',  ( 1397.154400347041019, 675.0433155116736543, -90.75113026710073427 ) ) ;
#2990 = CARTESIAN_POINT ( 'NONE',  ( 895.2997442564923176, 163.3562973210412110, 61.69654565996255968 ) ) ;
#2991 = CARTESIAN_POINT ( 'NONE',  ( 560.0000000000000000, 11.41915848255317911, 23.59357864933877735 ) ) ;
#2992 = CARTESIAN_POINT ( 'NONE',  ( 840.7445061881511492, 139.4035591102636431, 82.52285375726870598 ) ) ;
#2994 = CARTESIAN_POINT ( 'NONE',  ( 579.3249050765398351, 17.43000248182870493, 38.41320485422003372 ) ) ;
#2993 = CARTESIAN_POINT ( 'NONE',  ( 618.3860607859222682, 18.04301670833255855, 28.98608379955943803 ) ) ;
#2995 = CARTESIAN_POINT ( 'NONE',  ( 676.1073442172832983, 30.81435584734552080, 15.03373510761617737 ) ) ;
#2996 = CARTESIAN_POINT ( 'NONE',  ( 734.7059743635089717, 29.46807875054232184, -63.56416610317949534 ) ) ;
#2997 = CARTESIAN_POINT ( 'NONE',  ( 579.3266825669077207, 17.16935609782203187, 40.66073018035825015 ) ) ;
#2998 = AXIS2_PLACEMENT_3D ( 'NONE', #316, #800, #896 ) ;
#2999 = CARTESIAN_POINT ( 'NONE',  ( 618.3120865587319486, 22.27966898648454119, 39.71793915998749469 ) ) ;
#3000 = CARTESIAN_POINT ( 'NONE',  ( 618.1955174351159030, 28.86195762837336432, 48.19297433382157436 ) ) ;
#3001 = CARTESIAN_POINT ( 'NONE',  ( 1430.255285593356120, 739.8430204060621236, -114.8659563796144880 ) ) ;
#3002 = CARTESIAN_POINT ( 'NONE',  ( 579.3979456701885056, 7.243751080447644597, 20.16422118649142092 ) ) ;
#3003 = CARTESIAN_POINT ( 'NONE',  ( 1015.799783461000857, 156.8454315079667936, -115.9233279034538668 ) ) ;
#3004 = CARTESIAN_POINT ( 'NONE',  ( 1327.698942704891806, 680.1755587967544443, -8.604744638804591617 ) ) ;
#3005 = CARTESIAN_POINT ( 'NONE',  ( 1363.955238514900657, 960.3166567539891503, 83.59157325299349850 ) ) ;
#3006 = CARTESIAN_POINT ( 'NONE',  ( 1428.448513353786893, 964.8072507112094627, -1.332982959040151183 ) ) ;
#3007 = CARTESIAN_POINT ( 'NONE',  ( 892.4924748257410556, 181.7054237906202729, 80.93174583727324034 ) ) ;
#3008 = CARTESIAN_POINT ( 'NONE',  ( 1258.613372784627018, 693.9619498231197667, 144.2859429455925806 ) ) ;
#3009 = CARTESIAN_POINT ( 'NONE',  ( 1123.847058748777954, 429.0001048708505209, 121.6099002475535116 ) ) ;
#3010 = CARTESIAN_POINT ( 'NONE',  ( 1193.467791548534706, 565.9843634813607878, 129.2976129335977191 ) ) ;
#3011 = CARTESIAN_POINT ( 'NONE',  ( 1464.391282780455640, 875.0820907337385961, -93.71792482055695928 ) ) ;
#3012 = CARTESIAN_POINT ( 'NONE',  ( 1381.944280343447417, 822.3126335282850050, -8.093342994831099091 ) ) ;
#3013 = CARTESIAN_POINT ( 'NONE',  ( 731.8566862215448054, 71.95645503744866289, 62.28937280649294905 ) ) ;
#3014 = CARTESIAN_POINT ( 'NONE',  ( 1312.773804133055137, 709.9598532162190168, 34.83927273995587370 ) ) ;
#3015 = CARTESIAN_POINT ( 'NONE',  ( 905.2657700898906796, 97.97622556719933584, -82.35789228687050922 ) ) ;
#3016 = CARTESIAN_POINT ( 'NONE',  ( 1059.053639385010229, 234.1595740568302517, -71.69858247914282856 ) ) ;
#3017 = CARTESIAN_POINT ( 'NONE',  ( 1258.074838669920155, 695.1098159446300997, 122.5273225189846755 ) ) ;
#3018 = CARTESIAN_POINT ( 'NONE',  ( 1346.833515235518689, 882.2558451438354723, 78.15795378277960026 ) ) ;
#3019 = CARTESIAN_POINT ( 'NONE',  ( 949.7604639655820620, 187.0130597546803983, 31.37304324478656170 ) ) ;
#3020 = CARTESIAN_POINT ( 'NONE',  ( 789.4301374376497051, 77.70048859940807517, -22.69448023011583615 ) ) ;
#3021 = CARTESIAN_POINT ( 'NONE',  ( 1297.239514852958109, 463.4995699686806461, -109.7838612615966980 ) ) ;
#3022 = CARTESIAN_POINT ( 'NONE',  ( 1322.518395927623260, 812.4421115139963376, 108.4278136148301570 ) ) ;
#3023 = CARTESIAN_POINT ( 'NONE',  ( 1427.580893212674710, 966.0885515405356045, 0.4435574084027381625 ) ) ;
#3024 = CARTESIAN_POINT ( 'NONE',  ( 959.4135908685218510, 134.2345617941151659, -79.20477147796616180 ) ) ;
#3025 = CARTESIAN_POINT ( 'NONE',  ( 579.3524699976106831, 13.56952720988652139, 37.07641847557825088 ) ) ;
#3027 = CARTESIAN_POINT ( 'NONE',  ( 840.1843937969343870, 143.9315963151185827, 80.80283491398644458 ) ) ;
#3026 = CARTESIAN_POINT ( 'NONE',  ( 1298.967933812864430, 737.5358930161012267, 104.5081458141267206 ) ) ;
#3028 = CARTESIAN_POINT ( 'NONE',  ( 618.4828494161349681, 12.44745438038043517, 12.96018694242584068 ) ) ;
#3029 = CARTESIAN_POINT ( 'NONE',  ( 1466.414332382447810, 872.0094005807989106, -96.97684235463761127 ) ) ;
#3030 = CARTESIAN_POINT ( 'NONE',  ( 1403.273809106884528, 663.7780680931363122, -106.7503752067124481 ) ) ;
#3031 = CARTESIAN_POINT ( 'NONE',  ( 942.1378935790601190, 228.6433789453367069, 105.2583420971536015 ) ) ;
#3032 = CARTESIAN_POINT ( 'NONE',  ( 1469.032918737792215, 868.0311315884536043, -98.09025407909167882 ) ) ;
#3033 = CARTESIAN_POINT ( 'NONE',  ( 1339.434135522623137, 894.9033666326370167, 119.5643377445057070 ) ) ;
#3034 = CARTESIAN_POINT ( 'NONE',  ( 902.1220846615605069, 118.5062506097078625, -63.44814418880790896 ) ) ;
#3035 = CARTESIAN_POINT ( 'NONE',  ( 1089.251910621969500, 347.2794387365669309, 73.56467539857317206 ) ) ;
#3036 = CARTESIAN_POINT ( 'NONE',  ( 1312.555707063612545, 427.2419844190894196, -166.9725660102456288 ) ) ;
#3037 = CARTESIAN_POINT ( 'NONE',  ( 732.5411111575424457, 61.57821894284401765, 1.108461941105553183 ) ) ;
#3038 = CARTESIAN_POINT ( 'NONE',  ( 1392.753524952749558, 1017.521585100017660, 61.81369453354977139 ) ) ;
#3039 = CARTESIAN_POINT ( 'NONE',  ( 1004.427920451405953, 209.9393189410150455, -6.114787670345251946 ) ) ;
#3040 = CARTESIAN_POINT ( 'NONE',  ( 1375.517253101484130, 1010.084024223667711, 88.04809052482148957 ) ) ;
#3041 = CARTESIAN_POINT ( 'NONE',  ( 992.7731832922167996, 264.3026244594166201, 99.51739970813315495 ) ) ;
#3042 = CARTESIAN_POINT ( 'NONE',  ( 841.4812272397615516, 133.4276358219677263, 71.58211677032032583 ) ) ;
#3043 = CARTESIAN_POINT ( 'NONE',  ( 731.9599536423531845, 70.43035955635363621, 59.56690995722446758 ) ) ;
#3044 = CARTESIAN_POINT ( 'NONE',  ( 1252.324968482278109, 707.5831639584932873, 145.9106543757305587 ) ) ;
#3045 = CARTESIAN_POINT ( 'NONE',  ( 1445.046795548986665, 714.5955470048177176, -144.2903052026423438 ) ) ;
#3046 = CARTESIAN_POINT ( 'NONE',  ( 618.5472951046492653, 8.683708274943532146, 0.9392884908694425494 ) ) ;
#3047 = CARTESIAN_POINT ( 'NONE',  ( 1159.664832461239257, 497.8517304426205783, 140.7065244939590798 ) ) ;
#3048 = CARTESIAN_POINT ( 'NONE',  ( 1130.153686818101960, 408.8615560923989278, 55.39388290338426657 ) ) ;
#3049 = CARTESIAN_POINT ( 'NONE',  ( 734.9245280741055240, 26.31528970781112164, -58.30610071748852619 ) ) ;
#3050 = CARTESIAN_POINT ( 'NONE',  ( 618.5280688303078023, 9.080217888756811462, -29.71989751513343947 ) ) ;
#3051 = CARTESIAN_POINT ( 'NONE',  ( 1082.102269389626827, 372.7830713200262949, 93.24887357158792156 ) ) ;
#3052 = CARTESIAN_POINT ( 'NONE',  ( 675.3643012368548852, 48.25842212038260470, 34.56671881953389658 ) ) ;
#3053 = CARTESIAN_POINT ( 'NONE',  ( 792.3799949038959767, 46.56877196956693155, -76.17453849157585921 ) ) ;
#3054 = CARTESIAN_POINT ( 'NONE',  ( 843.9243653102607823, 113.5774894280612131, 28.48177073715020668 ) ) ;
#3055 = CARTESIAN_POINT ( 'NONE',  ( 1339.167616297756240, 657.2901552323437500, -40.71103103773901921 ) ) ;
#3056 = CARTESIAN_POINT ( 'NONE',  ( 1064.518378205685622, 212.0651259621045313, -86.10938189469668202 ) ) ;
#3057 = CARTESIAN_POINT ( 'NONE',  ( 618.3657957687687485, 19.20710980905240461, 32.06406265403108335 ) ) ;
#3058 = CARTESIAN_POINT ( 'NONE',  ( 560.0000000000000000, 1.931766321587780499, 15.73854306362005495 ) ) ;
#3059 = CARTESIAN_POINT ( 'NONE',  ( 1393.076340499097114, 682.5505595428764991, -80.04528461394725980 ) ) ;
#3060 = B_SPLINE_SURFACE_WITH_KNOTS ( 'NONE', 3, 3, ( 
 ( #5120, #1425, #1357, #2375, #766, #3429, #3497, #6681, #214, #6717, #2940, #2905, #4546, #6192, #1885, #5569, #3986, #6225, #4514, #4019, #1919, #6647, #2443 ),
 ( #5153, #1391, #249, #1850, #1953, #4054, #3464, #5636, #832, #6127, #3952, #6159, #1325, #6093, #3534, #4614, #5603, #5087, #2974, #282, #1291, #6613, #3006 ),
 ( #5672, #2408, #864, #349, #2477, #6750, #4088, #3567, #5704, #3039, #2341, #4478, #1815, #3740, #2059, #4193, #4762, #6295, #1041, #4230, #3113, #2126, #6367 ),
 ( #5224, #418, #4687, #6260, #2094, #6821, #4724, #4158, #1462, #381, #1570, #6856, #3076, #3708, #1535, #6331, #2547, #3674, #1987, #5260, #5881, #2024, #3183 ),
 ( #5812, #2511, #4264, #455, #5845, #6784, #5739, #1498, #1604, #4651, #6401, #3639, #5775, #969, #3603, #5330, #525, #2655, #2585, #1007, #4123, #3151, #5298 ),
 ( #493, #1075, #931, #2622, #4795, #6892, #6926, #5189, #136, #4366, #6432, #1110, #6570, #6504, #2261, #2792, #2296, #5395, #5947, #4329, #2157, #33, #3320 ),
 ( #4435, #5914, #6537, #3251, #5984, #3285, #626, #1707, #3910, #4400, #1741, #3843, #5362, #4831, #1182, #590, #5463, #1774, #661, #2722, #3774, #1636, #4938 ),
 ( #3875, #6018, #5496, #4865, #6052, #1216, #3354, #692, #2827, #4972, #66, #173, #2758, #1145, #5429, #2190, #4902, #3217, #558, #6467, #2689, #4295, #1670 ),
 ( #3807, #103, #2228, #239, #755, #4142, #6150, #4671, #3941, #1316, #6805, #951, #4536, #2894, #6082, #1446, #1839, #2043, #438, #1280, #2007, #3418, #4010 ),
 ( #4177, #2929, #3096, #916, #401, #6279, #3588, #3975, #5759, #6117, #6670, #5244, #1249, #1481, #2568, #723, #3623, #3453, #3059, #2398, #4708, #5558, #3386 ),
 ( #4466, #5040, #6839, #2364, #790, #5208, #4502, #5724, #5528, #1804, #2862, #2531, #6637, #5593, #5005, #203, #5075, #1872, #2329, #271, #6601, #3725, #6875 ),
 ( #3790, #3693, #3167, #5347, #1554, #5281, #5796, #2173, #5897, #510, #5315, #1091, #3234, #5828, #4813, #5930, #1587, #17, #5864, #3134, #5378, #1128, #2673 ),
 ( #3201, #574, #2639, #4311, #2705, #4246, #3266, #4847, #608, #476, #4883, #1025, #4779, #2605, #6910, #49, #990, #2110, #2142, #6314, #4280, #6416, #4744 ),
 ( #6384, #1059, #2078, #543, #3658, #1619, #3756, #6449, #1654, #4213, #6349, #5413, #1518, #2739, #2210, #84, #3303, #5482, #6523, #157, #2246, #4385, #3861 ),
 ( #6485, #5966, #1164, #4957, #1689, #2813, #5446, #644, #2776, #3825, #6003, #1201, #3339, #4921, #121, #1726, #678, #4347, #3030, #445, #6494, #2181, #6457 ),
 ( #2680, #2748, #4821, #1136, #3275, #4892, #93, #2219, #6044, #233, #6734, #300, #1240, #6664, #4496, #1833, #4004, #1309, #5521, #3447, #784, #4565, #2923 ),
 ( #5068, #6144, #1342, #3482, #5621, #2959, #4037, #5105, #4672, #6350, #2532, #5245, #1555, #2640, #2606, #5829, #1409, #4214, #2008, #3659, #3097, #3694, #6246 ),
 ( #1482, #5173, #5725, #1026, #1447, #3624, #1519, #3589, #6840, #511, #2496, #6876, #991, #4635, #917, #3168, #6315, #5209, #439, #2569, #6769, #5689, #6280 ),
 ( #4745, #2044, #5282, #1972, #4143, #3061, #5760, #402, #3024, #4072, #3135, #952, #4108, #477, #4709, #4178, #6806, #5797, #882, #2079, #3552, #4780, #1937 ),
 ( #6210, #367, #3267, #5931, #2143, #5414, #3726, #4848, #679, #6417, #4922, #609, #5483, #3791, #1129, #6486, #1092, #2777, #5967, #50, #3862, #1165, #1202 ),
 ( #4281, #1620, #1060, #3826, #3304, #5447, #5379, #4814, #1588, #3757, #2740, #6004, #2814, #4884, #5898, #3235, #3202, #575, #4247, #1655, #85, #645, #2174 ),
 ( #122, #6911, #5348, #2111, #2247, #6524, #2211, #2706, #18, #4348, #4312, #6385, #3340, #2674, #4386, #6450, #1690, #1727, #5865, #544, #5650, #3997, #1336 ),
 ( #6557, #778, #192, #2917, #6172, #6106, #2316, #5514, #1234, #1303, #4490, #4958, #4525, #5547, #711, #2353, #6138, #6625, #3374, #1793, #4031, #4455, #1827 ),
 ( #744, #227, #6590, #3964, #3476, #3441, #2847, #260, #5062, #3930, #6071, #2282, #5615, #3407, #812, #1268, #2883, #2953, #2386, #5099, #4993, #5028, #5581 ),
 ( #3895, #3511, #6658, #1861, #6038, #294, #2421, #4422, #4559, #6695, #158, #1898, #1370, #1760, #845, #1009, #5847, #2794, #3912, #6020, #3845, #1251, #4974 ),
 ( #1672, #2724, #175, #5397, #2192, #3943, #4437, #725, #4402, #2760, #3287, #3356, #5986, #1806, #205, #3809, #6572, #5431, #3877, #1184, #5465, #2263, #592 ),
 ( #2298, #2864, #694, #3322, #5007, #4940, #6539, #4468, #4867, #6603, #68, #628, #4904, #138, #2230, #4368, #6506, #3455, #6776, #5145, #2434, #6742, #4573 ),
 ( #5628, #5664, #5595, #4046, #2504, #6639, #4080, #341, #1841, #792, #889, #3525, #2400, #6708, #1911, #3977, #2896, #3489, #2931, #5042, #2468, #3559, #5077 ),
 ( #273, #824, #4538, #241, #1282, #4606, #2966, #1874, #1945, #6185, #5112, #6152, #1383, #2366, #1349, #1979, #308, #6217, #1417, #4643, #5696, #3032, #5181 ),
 ( #757, #374, #6084, #3420, #5560, #4504, #3701, #5252, #6919, #3176, #2051, #1069, #5323, #5356, #3068, #2683, #6287, #2577, #5216, #3105, #518, #3596, #447 ),
 ( #6884, #2614, #5732, #4150, #4824, #6253, #3666, #4788, #2086, #4716, #4257, #1034, #5290, #409, #2016, #552, #485, #2648, #5838, #3211, #1490, #6848, #4185 ),
 ( #4222, #999, #961, #924, #2539, #3734, #26, #3631, #6323, #4115, #5804, #5874, #2119, #6394, #1597, #6359, #1527, #1454, #3143, #4754, #4679, #6813, #5767 ),
 ( #1562, #1701, #2151, #1736, #2751, #2715, #6498, #1211, #3837, #5388, #5940, #1244, #6460, #5978, #3870, #1664, #130, #5523, #4857, #167, #3349, #59, #3800 ),
 ( #1139, #3278, #6426, #5491, #620, #4967, #5423, #4895, #2291, #2255, #687, #2184, #2222, #96, #1176, #4359, #3244, #4289, #2822, #3313, #4322, #4430, #5457 ),
 ( #1768, #655, #2786, #4931, #5907, #6012, #3904, #4394, #6532, #1629, #6047, #3766, #6565, #3381, #718, #2855, #5000, #1102, #583, #1547, #983, #5309, #3127 ),
 ( #4170, #4206, #2001, #2598, #1053, #5202, #2633, #3687, #395, #4136, #6378, #2072, #945, #5274, #469, #2525, #1440, #2036, #4665, #3581, #5822, #2104, #6273 ),
 ( #1475, #6307, #3617, #5718, #6763, #1019, #1511, #6799, #3161, #4737, #3651, #5753, #6868, #910, #2561, #5341, #3089, #4773, #6343, #3195, #5789, #504, #6904 ),
 ( #4240, #4701, #1581, #3719, #5858, #3053, #537, #5237, #431, #6832, #4628, #1966, #4102, #6239, #3297, #2667, #5440, #1158, #4274, #2699, #3367, #4807, #2204 ),
 ( #11, #4341, #638, #3855, #2733, #3228, #6410, #1719, #2136, #3750, #5507, #5997, #2275, #5960, #4305, #568, #2770, #3260, #1613, #1753, #5372, #1195, #4841 ),
 ( #6443, #5891, #6479, #4414, #2240, #3333, #5476, #4915, #5407, #150, #602, #115, #6550, #1085, #672, #4877, #4379, #78, #43, #6517, #3888, #2806, #3819 ),
 ( #4950, #3784, #6031, #1227, #1683, #2167, #1648, #5924, #1122, #6197, #2875, #6098, #1786, #6617, #1890, #185, #1819, #1329, #704, #3468, #6131, #2309, #736 ),
 ( #253, #1362, #5607, #1295, #837, #4551, #1854, #3923, #5539, #4059, #3990, #6686, #286, #6721, #5020, #3433, #3956, #6583, #4448, #804, #4518, #4482, #1261 ),
 ( #219, #2945, #770, #5055, #5091, #1396, #4024, #6164, #2413, #2840, #3399, #3502, #2345, #5642, #1924, #2979, #5573, #2909, #2379, #5125, #6651, #4986, #321 ),
 ( #2448, #3539, #4586, #2029, #6335, #4163, #6860, #3573, #5781, #3081, #1467, #937, #902, #423, #4729, #6300, #1431, #975, #3119, #3045, #6791, #3011, #2064 ),
 ( #4657, #5194, #1539, #3643, #4198, #5710, #5745, #387, #5229, #1992, #6755, #868, #3679, #2553, #2517, #5815, #1504, #4693, #4128, #4766, #6825, #1011, #354 ),
 ( #2626, #3154, #6896, #4620, #4233, #6265, #3609, #1958, #5266, #5302, #5160, #461, #2590, #5676, #497, #2097, #2483, #6371, #1574, #4094, #6231, #4371, #1676 ),
 ( #4333, #4907, #3777, #4267, #5333, #2763, #3711, #4799, #6543, #107, #3326, #71, #5366, #1607, #3812, #4298, #4406, #2798, #6404, #2233, #3744, #6472, #5917 ),
 ( #5399, #5469, #3290, #6510, #1712, #5952, #6436, #1188, #1640, #2196, #666, #5850, #3849, #4944, #3187, #5990, #1114, #5434, #4870, #142, #1079, #1045, #631 ),
 ( #562, #2267, #3221, #3254, #529, #2693, #1149, #2658, #5885, #3, #2129, #4835, #37, #2161, #595, #2726, #5046, #244, #6576, #5501, #6088, #2302, #698 ),
 ( #5081, #4441, #1810, #3391, #1286, #729, #2832, #3881, #2935, #3424, #1779, #277, #2370, #761, #3916, #4508, #4978, #6607, #2437, #1255, #6675, #6642, #311 ),
 ( #4576, #6024, #5564, #2403, #1844, #2334, #1878, #5598, #2900, #179, #6057, #5115, #3981, #795, #1320, #827, #5533, #4472, #2868, #5011, #209, #6121, #3458 ),
 ( #4541, #3947, #4014, #6154, #1351, #3492, #1746, #5631, #2969, #1221, #3360, #1386, #2542, #1948, #4682, #1002, #926, #4083, #344, #3001, #3071, #6255, #6712 ),
 ( #2054, #6220, #488, #3634, #5219, #450, #412, #964, #4609, #6816, #4118, #2506, #1982, #1420, #1457, #5770, #2019, #2471, #4153, #6290, #3562, #891, #4049 ),
 ( #3528, #3598, #6745, #5666, #3108, #4188, #5699, #3034, #5734, #5184, #859, #6188, #2580, #1493, #376, #4646, #5255, #4719, #6779, #6851, #6326, #1530, #3669 ),
 ( #5807, #3146, #5293, #2617, #1914, #5148, #6362, #6887, #1565, #4757, #2089, #4225, #1063, #3238, #955, #2709, #6318, #480, #3100, #994, #3205, #6843, #3138 ),
 ( #5285, #4251, #5901, #4851, #2643, #2609, #4748, #1096, #6879, #5832, #1591, #4217, #6388, #5382, #6353, #1623, #4817, #1029, #3171, #3760, #5868, #5318, #2012 ),
 ( #5450, #2849, #5970, #6489, #4995, #4960, #3376, #2743, #124, #1693, #6526, #1168, #1132, #2177, #1236, #1729, #4887, #5516, #3343, #6006, #2214, #5485, #3794 ),
 ( #5934, #1762, #6592, #681, #1204, #4315, #6073, #2249, #713, #1658, #612, #88, #3409, #6453, #1271, #4351, #3829, #3307, #3270, #3898, #6040, #194, #648 ),
 ( #2780, #2816, #3932, #2885, #160, #4925, #4388, #5417, #3864, #2284, #4424, #6559, #2318, #4457, #1795, #5549, #746, #53, #6108, #912, #1405, #4630, #1372 ),
 ( #1829, #5134, #1900, #1863, #4492, #1305, #6765, #1442, #2919, #4000, #5031, #6697, #1968, #4595, #4068, #878, #330, #814, #2492, #5617, #3513, #4104, #5720 ),
 ( #3443, #6174, #4561, #229, #6730, #2955, #5583, #2423, #6206, #4033, #6660, #847, #6241, #2355, #5652, #262, #2389, #780, #4527, #6627, #2988, #2457, #3548 ),
 ( #3966, #5685, #5064, #6140, #1338, #3020, #3583, #1933, #3478, #5101, #5169, #296, #363, #2138, #5755, #6380, #947, #5824, #3129, #471, #4208, #3752, #2106 ),
 ( #5860, #5311, #5791, #539, #3653, #6345, #2669, #5893, #3721, #13, #2527, #5343, #5276, #4775, #1549, #4809, #433, #3055, #6906, #3689, #1055, #1021, #4242 ),
 ( #2635, #2563, #3163, #6412, #3619, #3197, #1583, #3091, #4703, #4276, #506, #6309, #1615, #5204, #5239, #6801, #2600, #6834, #2003, #397, #4667, #2038, #4172 ),
 ( #4739, #1513, #4138, #6275, #1477, #6870, #985, #2074, #4381, #117, #3262, #6519, #4843, #5962, #1789, #604, #6034, #1721, #6586, #4917, #2242, #674, #2206 ),
 ( #1160, #4989, #153, #2312, #45, #3926, #5409, #6481, #2169, #80, #2278, #570, #4343, #3857, #1087, #4307, #3230, #4417, #707, #5999, #2735, #5926, #1197 ),
 ( #4879, #2701, #6445, #2843, #4451, #1124, #1685, #5374, #2772, #188, #2809, #6553, #3891, #3335, #3821, #5510, #3299, #5478, #1650, #3786, #1756, #5442, #640 ),
 ( #4953, #1230, #3370, #6620, #3471, #5128, #5610, #2348, #2912, #5163, #3436, #807, #5645, #5576, #4026, #2486, #1822, #4062, #324, #3959, #773, #871, #3506 ),
 ( #3402, #2451, #4521, #1927, #5058, #256, #6200, #6167, #4589, #6101, #6134, #2382, #2948, #6654, #222, #1264, #6724, #5094, #1298, #1399, #2416, #289, #1857 ),
 ( #4554, #6689, #2878, #840, #5679, #1893, #1365, #5542, #357, #1332, #3542, #739, #3993, #2982, #4623, #5023, #6758, #3014, #1961, #6066, #4485, #1013, #3156 ),
 ( #3084, #4732, #4097, #6863, #2593, #5713, #4131, #4801, #6234, #3646, #4768, #2067, #4696, #4235, #5304, #5269, #390, #1995, #531, #464, #6268, #4201, #4166 ),
 ( #5, #499, #2628, #6338, #1434, #905, #1542, #1470, #3682, #5335, #5817, #3612, #4660, #2520, #6898, #5784, #3576, #2099, #6828, #6794, #1507, #6373, #978 ),
 ( #3189, #5748, #3122, #1576, #940, #3713, #2660, #5232, #5852, #1047, #426, #2556, #3048, #5197, #2032, #6303, #5074, #959, #1595, #2182, #5354, #3732, #1698 ),
 ( #550, #4855, #6424, #4319, #3764, #5872, #6917, #5975, #6458, #2681, #1173, #1137, #3798, #24, #3276, #1067, #2713, #5489, #4287, #2784, #617, #3347, #1662 ),
 ( #57, #3311, #6392, #4822, #2149, #1208, #2117, #3868, #1627, #5905, #1100, #3209, #3834, #5454, #652, #3242, #5386, #581, #5938, #2749, #1733, #685, #4893 ),
 ( #94, #4929, #2220, #4356, #128, #2253, #6495, #4392, #6010, #4786, #4255, #6762, #2490, #2000, #5098, #5649, #4030, #1766, #6563, #3018, #6728, #6694, #2288 ),
 ( #4627, #6171, #5717, #1965, #844, #6798, #4101, #4135, #3902, #1474, #293, #1369, #6045, #1897, #6238, #4428, #3510, #3546, #2820, #5683, #1403, #1241, #2952 ),
 ( #2420, #3475, #4558, #164, #4593, #876, #1439, #2986, #5614, #811, #3580, #4964, #5132, #5752, #909, #2524, #6204, #328, #2455, #5167, #1931, #3616, #6272 ),
 ( #4664, #4066, #361, #3052, #5201, #394, #4700, #430, #2560, #944, #3088, #5236, #5152, #1324, #4018, #348, #1424, #1390, #4613, #213, #3005, #799, #2442 ),
 ( #1290, #5086, #6716, #281, #3951, #4513, #6749, #5050, #2407, #315, #248, #5635, #4087, #3428, #5671, #1918, #5568, #2374, #2476, #5119, #3985, #6158, #1356 ),
 ( #4545, #765, #4477, #4580, #1952, #6646, #1849, #6680, #2904, #6612, #2340, #3533, #4053, #6126, #3463, #863, #6224, #5602, #3496, #3566, #2939, #831, #1884 ),
 ( #733, #2973, #2872, #5016, #1814, #6092, #5774, #3112, #6855, #6400, #4761, #2093, #2058, #895, #380, #1534, #930, #3673, #6925, #4192, #3075, #6259, #1986 ),
 ( #968, #492, #6330, #1040, #5223, #1603, #2621, #5811, #6366, #1006, #6891, #3602, #3150, #5259, #1497, #454, #417, #2584, #4229, #5297, #1461, #1569, #3707 ),
 ( #5844, #3182, #5738, #2510, #4723, #2546, #4650, #5329, #524, #4686, #6820, #2654, #2023, #6783, #5188, #4794, #2125, #4157, #6294, #4263, #5703, #3638, #3038 ),
 ( #4122, #3806, #5880, #4864, #6017, #4365, #32, #2757, #4901, #3319, #5946, #3773, #4937, #3284, #5913, #1109, #6582, #4304, #3922, #601, #3818, #6442, #4340 ),
 ( #5959, #3259, #42, #77, #1194, #2308, #1260, #3854, #2732, #4876, #1647, #2203, #2698, #114, #5996, #6549, #5439, #5923, #2166, #4413, #5371, #3783, #567 ),
 ( #1157, #6478, #1121, #5406, #5475, #2239, #1682, #4840, #3296, #4985, #6030, #3332, #637, #5506, #2274, #6516, #2769, #4914, #1785, #1718, #1752, #4949, #4447 ),
 ( #4378, #671, #2805, #149, #3887, #1226, #3366, #703, #184, #6063, #2839, #252, #6230, #5090, #3010, #2978, #2447, #6196, #5641, #6130, #867, #3989, #6685 ),
 ( #5572, #3955, #6616, #4550, #2944, #3398, #5124, #1328, #6097, #803, #4585, #285, #1818, #2378, #2482, #769, #2412, #320, #2908, #1361, #6754, #1294, #1395 ),
 ( #3432, #836, #3501, #5054, #4517, #735, #6720, #1853, #3538, #6650, #3467, #5675, #1923, #4058, #5606, #1889, #4023, #6163, #5159, #4481, #5538, #353, #4619 ),
 ( #1957, #4093, #2874, #5019, #218, #2344, #5744, #901, #2028, #974, #5228, #3080, #1430, #5265, #936, #1503, #3044, #386, #2516, #460, #5709, #2589, #4656 ),
 ( #6790, #4162, #3642, #5780, #6264, #1991, #4127, #1466, #2552, #3572, #3608, #422, #3118, #4692, #6824, #1485, #6772, #5141, #3718, #3592, #6249, #2463, #5728 ),
 ( #4638, #4040, #2011, #10, #920, #1450, #2429, #6409, #370, #5857, #1906, #853, #336, #3749, #4568, #1612, #4601, #6737, #1940, #1378, #4146, #6283, #1052 ),
 ( #3064, #303, #5212, #405, #6180, #4075, #1084, #6703, #1975, #3194, #2535, #885, #536, #5340, #4675, #3519, #6213, #5890, #6809, #2666, #4806, #3227, #1412 ),
 ( #5658, #2994, #2135, #4111, #3555, #5692, #3027, #4273, #5176, #2499, #3491, #3070, #1913, #6778, #6744, #6219, #5183, #2470, #2968, #4645, #826, #3527, #1981 ),
 ( #2934, #5080, #1385, #6711, #2369, #1947, #5114, #276, #4575, #1419, #4048, #6674, #5630, #1456, #1877, #6187, #4082, #310, #5147, #4507, #2436, #3980, #3561 ),
 ( #4608, #343, #3000, #5698, #2541, #6396, #3668, #1071, #4187, #4718, #3213, #3178, #1599, #963, #5292, #6850, #4756, #6325, #6289, #1036, #2153, #1105, #3703 ),
 ( #6886, #5876, #5325, #5806, #5358, #2121, #6361, #1492, #3107, #1632, #1564, #4259, #4790, #4291, #449, #1001, #1529, #4152, #2018, #520, #2088, #2053, #4681 ),
 ( #5254, #2650, #487, #2616, #5840, #5909, #3736, #554, #6921, #411, #6815, #2685, #2579, #4826, #6428, #28, #3145, #5769, #3633, #3769, #4224, #5218, #1703 ),
 ( #6463, #4396, #3839, #98, #3315, #2224, #5980, #2186, #4361, #622, #3280, #5425, #4325, #2753, #1178, #6500, #1666, #5459, #657, #3802, #5942, #5391, #2788 ),
 ( #4897, #62, #586, #4933, #132, #1141, #2257, #3247, #2718, #4860, #1675, #5010, #1778, #3325, #1187, #3915, #6056, #4370, #697, #1809, #4405, #2831, #6542 ),
 ( #4977, #760, #6023, #1220, #1254, #5468, #208, #3390, #141, #6087, #5532, #3423, #1148, #2899, #6509, #665, #3289, #2797, #728, #3811, #4943, #178, #2195 ),
 ( #2301, #3359, #5989, #5951, #5433, #3946, #5563, #106, #2266, #5045, #3880, #1285, #2867, #2333, #4471, #4440, #1745, #6606, #5500, #6575, #4332, #6471, #630 ),
 ( #2762, #4906, #2232, #1711, #3848, #3369, #221, #1856, #2347, #6033, #6585, #1892, #187, #4484, #2381, #2311, #772, #6166, #5509, #806, #3992, #706, #4450 ),
 ( #1788, #3925, #152, #6133, #1263, #5609, #6065, #3401, #2947, #2911, #1331, #2842, #2877, #5541, #6619, #738, #3890, #4952, #3470, #1821, #4988, #5093, #6100 ),
 ( #2415, #5022, #1297, #3958, #6552, #4520, #4553, #3435, #5575, #2277, #1364, #5057, #288, #4416, #255, #6653, #3505, #1755, #5644, #6688, #2808, #1229, #1926 ),
 ( #2031, #323, #6757, #1469, #839, #3611, #6267, #2450, #870, #1541, #2981, #389, #1506, #5747, #1433, #977, #4695, #1994, #4061, #5678, #4200, #4130, #6827 ),
 ( #4165, #463, #939, #2485, #3013, #3645, #3083, #3575, #3121, #6302, #5231, #6199, #5162, #6337, #425, #5783, #2555, #6862, #356, #5712, #1960, #6723, #4588 ),
 ( #4622, #1398, #3541, #2592, #3681, #4096, #6233, #5127, #2519, #4731, #5268, #2066, #904, #3047, #5196, #4659, #6793, #4632, #6243, #459, #1113, #6470, #6859 ),
 ( #2588, #36, #1044, #5301, #2, #6435, #3743, #3677, #6370, #1674, #4765, #5884, #2160, #6895, #5365, #5950, #496, #594, #1639, #2625, #1573, #2194, #4834 ),
 ( #4728, #4869, #5849, #70, #3186, #528, #2063, #561, #4197, #1078, #3220, #2692, #6334, #1538, #3500, #4549, #3607, #1956, #319, #5743, #5708, #1429, #4584 ),
 ( #352, #3117, #1922, #421, #3043, #973, #6229, #3571, #1990, #3537, #5227, #1465, #2481, #6299, #935, #5779, #1360, #5264, #4057, #5158, #5639, #1394, #3079 ),
 ( #2446, #4022, #6195, #5193, #1502, #2411, #900, #4618, #6753, #4091, #385, #6684, #1888, #2515, #4655, #6788, #835, #4126, #6162, #6263, #2551, #4691, #2027 ),
 ( #2977, #4161, #5123, #1243, #4321, #4358, #654, #5977, #619, #6497, #4966, #1735, #1700, #3836, #1175, #5456, #6531, #1210, #166, #2290, #2854, #2324, #4727 ),
 ( #5156, #4617, #5778, #5192, #972, #4323, #6298, #384, #3570, #6228, #1501, #2550, #3009, #2062, #3606, #5707, #4690, #4196, #3116, #1428, #6787, #6461, #2514 ),
 ( #4654, #5263, #2480, #899, #1103, #1630, #3042, #5742, #4858, #458, #934, #3767, #3245, #5389, #584, #2716, #60, #3522, #2502, #4641, #339, #2466, #4078 ),
 ( #4604, #5661, #4043, #6740, #1943, #6477, #4913, #1156, #2202, #5958, #4339, #5836, #1319, #858, #2866, #2402, #342, #5597, #794, #1350, #2898, #4574, #825 ),
 ( #5146, #6055, #2999, #1808, #3945, #1284, #5009, #5629, #2967, #5113, #243, #6605, #3389, #1876, #2368, #2469, #4607, #4470, #309, #6086, #4540, #1843, #6120 ),
 ( #1384, #3490, #2435, #6710, #4013, #4506, #6186, #6641, #5079, #3526, #1777, #1912, #5665, #1253, #4047, #3979, #3914, #2933, #5531, #3422, #727, #207, #275 ),
 ( #2332, #5562, #3457, #759, #5044, #6673, #6153, #375, #4755, #5805, #2505, #6254, #1563, #4186, #3069, #3106, #5253, #4644, #3560, #4151, #6777, #5697, #3667 ),
 ( #1980, #6814, #1455, #6288, #5733, #890, #1946, #1000, #1491, #4117, #3144, #448, #6324, #5291, #962, #5768, #486, #3632, #5839, #3033, #2578, #5324, #4717 ),
 ( #925, #2615, #6885, #4680, #3702, #2087, #1035, #5182, #519, #3597, #5217, #410, #2540, #4223, #6218, #2017, #6849, #6743, #2052, #1528, #1418, #6360, #2649 ),
 ( #3177, #4081, #5390, #4932, #1702, #5941, #1070, #2684, #1212, #1140, #3838, #4360, #3871, #27, #585, #5908, #3735, #1598, #3279, #131, #2152, #5492, #5979 ),
 ( #1631, #6013, #4290, #4324, #6499, #6427, #2752, #3350, #5357, #2787, #1177, #553, #3768, #6533, #2223, #1104, #5424, #621, #4825, #5875, #2185, #3246, #3212 ),
 ( #3314, #2717, #4859, #61, #6462, #1665, #3801, #6920, #5458, #4896, #97, #656, #2256, #4395, #1737, #688, #4789, #2120, #4258, #6395, #3906, #3449, #1377 ),
 ( #1905, #2890, #4006, #4431, #3382, #719, #6179, #169, #4039, #2857, #5001, #2325, #6048, #6666, #1868, #6146, #1276, #199, #6566, #4462, #5588, #6702, #5657 ),
 ( #4968, #2360, #3484, #786, #3414, #2961, #1344, #3971, #1245, #6597, #3518, #6113, #5623, #2394, #2823, #1800, #5554, #3937, #1769, #5524, #2925, #6633, #6078 ),
 ( #819, #751, #5070, #5036, #235, #1312, #2292, #5107, #302, #267, #4498, #1835, #4532, #2428, #4567, #2081, #2010, #3026, #1411, #4074, #4145, #404, #852 ),
 ( #6282, #2534, #2993, #441, #1449, #3554, #5211, #6842, #4674, #6212, #4637, #6878, #5175, #6808, #2571, #369, #5762, #4216, #5691, #5799, #2046, #884, #2498 ),
 ( #6771, #1974, #5140, #4180, #6248, #3661, #4110, #3591, #993, #954, #6317, #5727, #919, #3063, #1484, #3626, #1939, #335, #1521, #3099, #5247, #3137, #4711 ),
 ( #5284, #479, #2608, #4747, #6352, #1557, #3696, #2462, #4600, #6736, #5416, #20, #1692, #4886, #3759, #2779, #87, #123, #4782, #4387, #1062, #4283, #6913 ),
 ( #5317, #4816, #6452, #5831, #1657, #4314, #513, #5867, #6525, #1028, #5381, #6488, #3793, #6420, #5969, #2742, #52, #2113, #3728, #2248, #2176, #2213, #611 ),
 ( #5449, #5933, #546, #3204, #1131, #1622, #1728, #4924, #1590, #4350, #5350, #3269, #5900, #3237, #3828, #3170, #1167, #3306, #647, #2642, #4250, #6387, #2676 ),
 ( #2145, #1094, #577, #2708, #4850, #1761, #712, #6696, #5548, #3477, #3442, #2918, #6659, #6107, #6591, #1337, #4456, #228, #5616, #4560, #4526, #813, #3341 ),
 ( #3863, #5582, #1794, #4423, #1270, #5063, #3408, #159, #2848, #2954, #1235, #745, #779, #3375, #1828, #295, #6558, #1862, #261, #3896, #5515, #5100, #1304 ),
 ( #1203, #2388, #2317, #3999, #4994, #193, #6139, #3965, #2422, #6039, #3931, #6072, #2884, #5030, #4959, #6005, #5484, #2354, #4491, #680, #6626, #2815, #2283 ),
 ( #5238, #1476, #6729, #5651, #1512, #5203, #3054, #4032, #984, #1967, #3090, #3512, #2456, #1932, #5275, #6173, #3128, #4067, #6205, #1404, #2987, #5754, #946 ),
 ( #3547, #846, #5684, #4666, #5790, #4738, #396, #877, #3019, #5133, #5168, #1371, #3582, #2526, #432, #4103, #4594, #329, #2562, #1899, #362, #2491, #4702 ),
 ( #4629, #6764, #6240, #2002, #5719, #1441, #911, #6800, #4137, #6274, #3618, #6833, #2037, #4171, #6308, #3652, #470, #2599, #6869, #1020, #2771, #3261, #6480 ),
 ( #5823, #3688, #44, #3751, #3720, #6344, #3162, #1684, #3298, #4774, #5859, #2073, #1614, #3820, #6444, #5925, #2734, #2168, #2668, #4342, #538, #3229, #5961 ),
 ( #505, #5310, #1086, #6411, #4207, #1649, #4808, #2634, #4275, #1123, #5892, #6905, #1054, #1159, #4241, #5373, #3785, #6379, #4842, #5441, #2105, #4878, #5408 ),
 ( #639, #4306, #3196, #569, #2700, #1582, #5342, #603, #12, #2137, #79, #1548, #2205, #1754, #3924, #151, #3856, #4380, #771, #4483, #6032, #3889, #6618 ),
 ( #1820, #3434, #6064, #1262, #5574, #4449, #3991, #5998, #5540, #3469, #1787, #3400, #3957, #1228, #2910, #6099, #2841, #1855, #1296, #6132, #1196, #5608, #2276 ),
 ( #5056, #254, #2380, #3368, #2807, #6518, #6551, #737, #1330, #805, #2876, #4415, #5508, #116, #4916, #4519, #6652, #4951, #1720, #2241, #5021, #220, #3334 ) ),
 .UNSPECIFIED., .T., .F., .F.,
 ( 4, 1, 1, 1, 1, 1, 1, 1, 1, 1, 1, 1, 1, 1, 1, 1, 1, 1, 1, 1, 1, 1, 1, 1, 1, 1, 1, 1, 1, 1, 1, 1, 1, 1, 1, 1, 1, 1, 1, 1, 1, 1, 1, 1, 1, 1, 1, 1, 1, 1, 1, 1, 1, 1, 1, 1, 1, 1, 1, 1, 1, 1, 1, 1, 1, 1, 1, 1, 1, 1, 1, 1, 1, 1, 1, 1, 1, 1, 1, 1, 1, 1, 1, 1, 1, 1, 1, 1, 1, 1, 1, 1, 1, 1, 1, 1, 1, 1, 1, 1, 1, 1, 1, 1, 1, 1, 1, 1, 1, 1, 1, 1, 1, 1, 1, 1, 1, 1, 1, 1, 1, 1, 1, 1, 1, 1, 1, 1, 1, 1, 1, 1, 1, 1, 1, 1, 1, 1, 1, 1, 1, 4 ),
 ( 4, 1, 1, 1, 1, 1, 1, 1, 1, 1, 1, 1, 1, 1, 1, 1, 1, 1, 1, 1, 4 ),
 ( 0.000000000000000000, 0.01562500000000000000, 0.03125000000000000000, 0.04687500000000000000, 0.06250000000000000000, 0.07812500000000000000, 0.09375000000000000000, 0.1093750000000000000, 0.1171875000000000000, 0.1250000000000000000, 0.1328125000000000000, 0.1406250000000000000, 0.1484375000000000000, 0.1562500000000000000, 0.1640625000000000000, 0.1718750000000000000, 0.1796875000000000000, 0.1875000000000000000, 0.1953125000000000000, 0.2031250000000000000, 0.2070312500000000000, 0.2109375000000000000, 0.2148437500000000000, 0.2187500000000000000, 0.2226562500000000000, 0.2265625000000000000, 0.2304687500000000000, 0.2343750000000000000, 0.2382812500000000000, 0.2421875000000000000, 0.2441406250000000000, 0.2460937500000000000, 0.2480468750000000000, 0.2490234375000000000, 0.2500000000000000000, 0.2519531250000000000, 0.2539062500000000000, 0.2578125000000000000, 0.2617187500000000000, 0.2656250000000000000, 0.2695312500000000000, 0.2734375000000000000, 0.2773437500000000000, 0.2812500000000000000, 0.2851562500000000000, 0.2890625000000000000, 0.2968750000000000000, 0.3046875000000000000, 0.3125000000000000000, 0.3203125000000000000, 0.3281250000000000000, 0.3359375000000000000, 0.3437500000000000000, 0.3515625000000000000, 0.3593750000000000000, 0.3671875000000000000, 0.3750000000000000000, 0.3906250000000000000, 0.4062500000000000000, 0.4218750000000000000, 0.4375000000000000000, 0.4531250000000000000, 0.4687500000000000000, 0.4843750000000000000, 0.5000000000000000000, 0.5156250000000000000, 0.5312500000000000000, 0.5468750000000000000, 0.5625000000000000000, 0.5781250000000000000, 0.5937500000000000000, 0.6093750000000000000, 0.6171875000000000000, 0.6250000000000000000, 0.6328125000000000000, 0.6406250000000000000, 0.6484375000000000000, 0.6562500000000000000, 0.6640625000000000000, 0.6718750000000000000, 0.6796875000000000000, 0.6875000000000000000, 0.6914062500000000000, 0.6953125000000000000, 0.6992187500000000000, 0.7031250000000000000, 0.7070312500000000000, 0.7109375000000000000, 0.7148437500000000000, 0.7187500000000000000, 0.7226562500000000000, 0.7265625000000000000, 0.7304687500000000000, 0.7343750000000000000, 0.7382812500000000000, 0.7421875000000000000, 0.7441406250000000000, 0.7460937500000000000, 0.7480468750000000000, 0.7500000000000000000, 0.7519531250000000000, 0.7539062500000000000, 0.7578125000000000000, 0.7617187500000000000, 0.7656250000000000000, 0.7695312500000000000, 0.7714843750000000000, 0.7734375000000000000, 0.7753906250000000000, 0.7773437500000000000, 0.7812500000000000000, 0.7851562500000000000, 0.7890625000000000000, 0.7929687500000000000, 0.7968750000000000000, 0.8007812500000000000, 0.8046875000000000000, 0.8085937500000000000, 0.8125000000000000000, 0.8164062500000000000, 0.8203125000000000000, 0.8242187500000000000, 0.8281250000000000000, 0.8320312500000000000, 0.8359375000000000000, 0.8437500000000000000, 0.8515625000000000000, 0.8593750000000000000, 0.8671875000000000000, 0.8750000000000000000, 0.8828125000000000000, 0.8906250000000000000, 0.8984375000000000000, 0.9062500000000000000, 0.9140625000000000000, 0.9218750000000000000, 0.9296875000000000000, 0.9375000000000000000, 0.9531250000000000000, 0.9687500000000000000, 0.9843750000000000000, 1.000000000000000000 ),
 ( 0.000000000000000000, 0.04334135681311948596, 0.08717803567372672813, 0.1315635589514732307, 0.1765389374725470639, 0.2221393242496282616, 0.2684006087838779475, 0.3153573262952181766, 0.3630412678898558565, 0.4114806969496874189, 0.4607048628801167500, 0.5107404108280119148, 0.5616113126928125032, 0.6133396939220949751, 0.6659450536150153255, 0.7194408337343741744, 0.7738378205644979024, 0.8291361181714187456, 0.8853221299191487148, 0.9423419882380782431, 1.000000000000000000 ),
 .UNSPECIFIED. ) ;
#3061 = CARTESIAN_POINT ( 'NONE',  ( 792.0556824416556765, 50.07758521958573539, -57.10983956717760179 ) ) ;
#3062 = CARTESIAN_POINT ( 'NONE',  ( 731.8830501142226694, 71.56711107045609310, 61.71056867225697573 ) ) ;
#3064 = CARTESIAN_POINT ( 'NONE',  ( 560.0000000000006821, 11.73191507967786862, 33.64620017402653218 ) ) ;
#3063 = CARTESIAN_POINT ( 'NONE',  ( 1171.671756959424329, 463.4542657143742304, 82.86531154398058163 ) ) ;
#3065 = CARTESIAN_POINT ( 'NONE',  ( 1417.617603593434978, 980.8023308167867071, 20.89519441265352739 ) ) ;
#3066 = CARTESIAN_POINT ( 'NONE',  ( 792.0102656202337812, 50.46687462499237142, -71.38607100551195117 ) ) ;
#3067 = CARTESIAN_POINT ( 'NONE',  ( 1117.787884816822952, 448.2903684148327557, 142.9415378161235708 ) ) ;
#3068 = CARTESIAN_POINT ( 'NONE',  ( 1266.972668697630297, 375.1722409636826683, -155.1889474905227644 ) ) ;
#3069 = CARTESIAN_POINT ( 'NONE',  ( 1200.235838978801894, 548.4375897362605201, 122.4351165258603515 ) ) ;
#3070 = CARTESIAN_POINT ( 'NONE',  ( 1078.351227782192836, 386.2091573432065843, 126.1838922376883829 ) ) ;
#3071 = CARTESIAN_POINT ( 'NONE',  ( 1452.011238495501857, 821.8625892193706477, -102.5858886467546682 ) ) ;
#3072 = CARTESIAN_POINT ( 'NONE',  ( 579.3947246932148119, 7.690866151195066891, 21.44126576358595671 ) ) ;
#3073 = CARTESIAN_POINT ( 'NONE',  ( 1015.822345294527167, 156.7448545811738256, -114.9229386791455170 ) ) ;
#3074 = CARTESIAN_POINT ( 'NONE',  ( 1400.330399861362139, 903.1193435536438301, 1.559535025722277757 ) ) ;
#3075 = CARTESIAN_POINT ( 'NONE',  ( 1358.212931225783677, 969.3467192027399051, 97.63889943059291454 ) ) ;
#3076 = CARTESIAN_POINT ( 'NONE',  ( 1149.153012779618621, 348.3898189202270714, -17.25002897040997851 ) ) ;
#3077 = CARTESIAN_POINT ( 'NONE',  ( 1322.720310412550361, 923.4298933374941498, 144.8662847326240808 ) ) ;
#3078 = CARTESIAN_POINT ( 'NONE',  ( 1383.796580221195427, 997.5072748344368847, 81.04453222386969458 ) ) ;
#3079 = CARTESIAN_POINT ( 'NONE',  ( 1391.510269411541231, 1019.357624030579473, 75.18136224016024016 ) ) ;
#3080 = CARTESIAN_POINT ( 'NONE',  ( 1079.587986245534694, 381.7823257913491943, 115.5188698984391067 ) ) ;
#3081 = CARTESIAN_POINT ( 'NONE',  ( 1013.469270179877981, 167.6977716562300884, -104.5872614837220311 ) ) ;
#3082 = CARTESIAN_POINT ( 'NONE',  ( 733.5265365198438303, 47.16435320130710096, 1.128949123772000185 ) ) ;
#3083 = CARTESIAN_POINT ( 'NONE',  ( 840.9730570046402818, 137.5505314609665959, 80.27444656178612092 ) ) ;
#3084 = CARTESIAN_POINT ( 'NONE',  ( 559.9999999999994316, 9.290726680741553167, 10.16826501652991332 ) ) ;
#3085 = CARTESIAN_POINT ( 'NONE',  ( 734.8986349934057216, 26.70021496104616077, -57.32932723912957584 ) ) ;
#3086 = CARTESIAN_POINT ( 'NONE',  ( 845.1659692356071218, 103.3284239745276807, -30.90204901151051331 ) ) ;
#3087 = CARTESIAN_POINT ( 'NONE',  ( 991.3093856511541162, 271.0850140306242224, 89.93877855100031127 ) ) ;
#3088 = CARTESIAN_POINT ( 'NONE',  ( 1039.575984502691881, 313.1467075586949136, 74.34054121026368023 ) ) ;
#3089 = CARTESIAN_POINT ( 'NONE',  ( 1354.169402122448219, 486.7515361325844196, -171.4372119308514755 ) ) ;
#3090 = CARTESIAN_POINT ( 'NONE',  ( 1047.885374184285411, 279.5177363901150898, 40.83217065752416630 ) ) ;
#3091 = CARTESIAN_POINT ( 'NONE',  ( 898.2403297844122108, 143.9455044917050088, -16.61414869579229503 ) ) ;
#3092 = CARTESIAN_POINT ( 'NONE',  ( 618.7083083353800248, -0.8310066394516497645, -32.22934034040116558 ) ) ;
#3093 = CARTESIAN_POINT ( 'NONE',  ( 1254.077622853687899, 408.6242227498459556, -119.9515497307344134 ) ) ;
#3094 = CARTESIAN_POINT ( 'NONE',  ( 560.0000000000000000, 11.63136188303647955, 26.78521720243274729 ) ) ;
#3095 = CARTESIAN_POINT ( 'NONE',  ( 1373.801370523542118, 944.8337264609009480, 60.39546462739181010 ) ) ;
#3096 = CARTESIAN_POINT ( 'NONE',  ( 618.6646298949179936, 1.769411080238623590, -22.71646373564215082 ) ) ;
#3097 = CARTESIAN_POINT ( 'NONE',  ( 1455.623100951911283, 816.1898257710851112, -98.27664605754345928 ) ) ;
#3098 = CARTESIAN_POINT ( 'NONE',  ( 787.1417298875652477, 102.0758171306868718, 70.61391701294569145 ) ) ;
#3099 = CARTESIAN_POINT ( 'NONE',  ( 1352.863005261793660, 871.9770959189715995, 86.62727631706553666 ) ) ;
#3100 = CARTESIAN_POINT ( 'NONE',  ( 1396.769292524261800, 675.7383606964160663, -107.2494656471676677 ) ) ;
#3101 = CARTESIAN_POINT ( 'NONE',  ( 676.5605198098425035, 19.97260398636626633, -17.30768621485526992 ) ) ;
#3102 = CARTESIAN_POINT ( 'NONE',  ( 1048.409167892411006, 277.3940401033513581, 36.87418080150672495 ) ) ;
#3103 = CARTESIAN_POINT ( 'NONE',  ( 1383.233576412811090, 569.3675689296826476, -153.6866403300828665 ) ) ;
#3104 = CARTESIAN_POINT ( 'NONE',  ( 1077.790050669426364, 388.2232226875436822, 133.7066537994454904 ) ) ;
#3105 = CARTESIAN_POINT ( 'NONE',  ( 1452.820559968770795, 701.3314313677749396, -154.5816536476037300 ) ) ;
#3106 = CARTESIAN_POINT ( 'NONE',  ( 1232.930897971157265, 615.7046345769996378, 127.3022210701974473 ) ) ;
#3107 = CARTESIAN_POINT ( 'NONE',  ( 941.9564007711855993, 229.6286932416166451, 104.0199424242013748 ) ) ;
#3108 = CARTESIAN_POINT ( 'NONE',  ( 733.8994866879070287, 41.40433383378634602, -44.16578405403748775 ) ) ;
#3109 = CARTESIAN_POINT ( 'NONE',  ( 1170.657438230862226, 466.3602471928775230, 87.68472986484806597 ) ) ;
#3110 = CARTESIAN_POINT ( 'NONE',  ( 1475.787893332452768, 784.4837374124953158, -142.7020725712263811 ) ) ;
#3111 = CARTESIAN_POINT ( 'NONE',  ( 1092.408011278078902, 335.9289291743089052, 18.83497819918631322 ) ) ;
#3112 = CARTESIAN_POINT ( 'NONE',  ( 893.0774051212187032, 177.8484439636062575, 66.65189314515666297 ) ) ;
#3113 = CARTESIAN_POINT ( 'NONE',  ( 1414.344816792957999, 881.0929751199831799, -8.417491164392016501 ) ) ;
#3114 = CARTESIAN_POINT ( 'NONE',  ( 618.1967306392465389, 28.74267457782762847, 45.37991503493488210 ) ) ;
#3115 = CARTESIAN_POINT ( 'NONE',  ( 1198.337463646699234, 553.3654668473257061, 130.0857521953557807 ) ) ;
#3116 = CARTESIAN_POINT ( 'NONE',  ( 1309.476332048343238, 836.4516404865379400, 143.5836422384901709 ) ) ;
#3117 = CARTESIAN_POINT ( 'NONE',  ( 579.3541783936227603, 13.33041832102733437, 36.54365328215436648 ) ) ;
#3118 = CARTESIAN_POINT ( 'NONE',  ( 1119.713322100604046, 442.1464523776922988, 125.6627168424137011 ) ) ;
#3119 = CARTESIAN_POINT ( 'NONE',  ( 1417.833467507072783, 636.9674940523151463, -153.7298830405067065 ) ) ;
#3120 = CARTESIAN_POINT ( 'NONE',  ( 1054.117395146026865, 254.2473451104516471, -6.789116344146223447 ) ) ;
#3121 = CARTESIAN_POINT ( 'NONE',  ( 943.5728658856570519, 220.8142299767456507, 98.56215899348624987 ) ) ;
#3122 = CARTESIAN_POINT ( 'NONE',  ( 618.2434509325150884, 25.68016404842371614, 19.49223102161534626 ) ) ;
#3123 = CARTESIAN_POINT ( 'NONE',  ( 1119.153500849904958, 240.4027194681075912, -117.7766373758487930 ) ) ;
#3124 = CARTESIAN_POINT ( 'NONE',  ( 953.5292494308829419, 166.3050877295892462, -44.46544773309341281 ) ) ;
#3125 = CARTESIAN_POINT ( 'NONE',  ( 579.3267989949997627, 17.20546959969840728, 30.71993818975336410 ) ) ;
#3126 = CARTESIAN_POINT ( 'NONE',  ( 791.3915035689459501, 56.98860265892025012, -61.82768821613945676 ) ) ;
#3127 = CARTESIAN_POINT ( 'NONE',  ( 1469.169755742218285, 904.6701478811463630, -84.32367358340395924 ) ) ;
#3128 = CARTESIAN_POINT ( 'NONE',  ( 1285.632887436566079, 635.3739354981104270, 54.75312748921561479 ) ) ;
#3129 = CARTESIAN_POINT ( 'NONE',  ( 1373.085964413824058, 719.3333216701216770, -50.63679805480069973 ) ) ;
#3130 = CARTESIAN_POINT ( 'NONE',  ( 1256.147469059751984, 403.2813235887743986, -110.4540093645672840 ) ) ;
#3131 = CARTESIAN_POINT ( 'NONE',  ( 1252.704172173807365, 412.1888142154036814, -115.2747712236518680 ) ) ;
#3132 = CALENDAR_DATE ( 2026, 17, 9 ) ;
#3133 = CARTESIAN_POINT ( 'NONE',  ( 1403.277510991711551, 1001.979769735686659, 38.29509530965236763 ) ) ;
#3134 = CARTESIAN_POINT ( 'NONE',  ( 1423.588445029544118, 751.2347156343432744, -85.11809101531662236 ) ) ;
#3135 = CARTESIAN_POINT ( 'NONE',  ( 1065.562385358855636, 207.8305582839664964, -94.01546944807643058 ) ) ;
#3136 = CARTESIAN_POINT ( 'NONE',  ( 1159.994584621253580, 496.9076320124145241, 139.4577261665212689 ) ) ;
#3137 = CARTESIAN_POINT ( 'NONE',  ( 1395.449099203700825, 979.8069416340332509, 56.38121663681392448 ) ) ;
#3138 = CARTESIAN_POINT ( 'NONE',  ( 1449.954423412963024, 933.0473374859132036, -53.12286143413243877 ) ) ;
#3139 = CARTESIAN_POINT ( 'NONE',  ( 901.6660738018689472, 121.6040839666105029, -29.18105429996302647 ) ) ;
#3140 = CARTESIAN_POINT ( 'NONE',  ( 1407.839555294168804, 960.9856273938071354, 30.08345838598271982 ) ) ;
#3141 = CARTESIAN_POINT ( 'NONE',  ( 579.4822325080316432, -4.301549628032756978, -37.01869991717683206 ) ) ;
#3142 = CARTESIAN_POINT ( 'NONE',  ( 1272.491248917501025, 790.3655075081921950, 170.7552017421105006 ) ) ;
#3143 = CARTESIAN_POINT ( 'NONE',  ( 1426.906560397293106, 620.2717389504497305, -168.9747146629339909 ) ) ;
#3144 = CARTESIAN_POINT ( 'NONE',  ( 1040.757676090249333, 308.4125154776198769, 94.11303032152927983 ) ) ;
#3145 = CARTESIAN_POINT ( 'NONE',  ( 1246.993795316298474, 719.1498016703882286, 168.2224279418759352 ) ) ;
#3146 = CARTESIAN_POINT ( 'NONE',  ( 579.4393223818793786, 1.675568874025233246, -25.80206037397707064 ) ) ;
#3147 = CARTESIAN_POINT ( 'NONE',  ( 1172.685205286775499, 460.5507554403746440, 78.04603397816177335 ) ) ;
#3148 = CARTESIAN_POINT ( 'NONE',  ( 1471.389932224564063, 864.4508581841874957, -103.7854759588186511 ) ) ;
#3149 = CARTESIAN_POINT ( 'NONE',  ( 1421.405764341433496, 975.2079776222991541, 0.8544000911277078725 ) ) ;
#3150 = CARTESIAN_POINT ( 'NONE',  ( 1122.687810039215037, 432.6598300879048224, 103.4628589032856922 ) ) ;
#3151 = CARTESIAN_POINT ( 'NONE',  ( 1431.099966257974529, 925.6525621430010915, -19.18673072488252984 ) ) ;
#3152 = CARTESIAN_POINT ( 'NONE',  ( 1277.549670417437255, 780.2651152536565178, 150.0998463494369446 ) ) ;
#3153 = CARTESIAN_POINT ( 'NONE',  ( 945.0358162781212741, 212.8254255337902237, 82.85222868369866944 ) ) ;
#3154 = CARTESIAN_POINT ( 'NONE',  ( 579.4772212163522909, -3.602396646581781159, -35.95096778268725046 ) ) ;
#3155 = CARTESIAN_POINT ( 'NONE',  ( 1427.580891875250927, 966.0885535156444348, 0.4435553306277015273 ) ) ;
#3156 = CARTESIAN_POINT ( 'NONE',  ( 1413.527056348676297, 986.8432481823011813, 16.73234816757748433 ) ) ;
#3157 = CARTESIAN_POINT ( 'NONE',  ( 560.0000000000006821, -10.95197681421440628, -33.93343964889989905 ) ) ;
#3158 = CARTESIAN_POINT ( 'NONE',  ( 1057.273048915508298, 241.3761621358211187, -60.35283291572438458 ) ) ;
#3159 = CARTESIAN_POINT ( 'NONE',  ( 943.2647939599788742, 222.4443693570439393, 78.75750106176369059 ) ) ;
#3160 = CARTESIAN_POINT ( 'NONE',  ( 1212.788048231489711, 345.6157745526037388, -127.7644620140845575 ) ) ;
#3161 = CARTESIAN_POINT ( 'NONE',  ( 961.1456411956464763, 124.7265146204830160, -106.0349420942107344 ) ) ;
#3162 = CARTESIAN_POINT ( 'NONE',  ( 844.5040582322010323, 108.8634595351961423, 17.60956457127752373 ) ) ;
#3163 = CARTESIAN_POINT ( 'NONE',  ( 618.3794717994816210, 17.66717713947754476, -8.389131789030679798 ) ) ;
#3164 = CARTESIAN_POINT ( 'NONE',  ( 1303.081122216160793, 449.6737874080475876, -130.7839928687010627 ) ) ;
#3165 = CARTESIAN_POINT ( 'NONE',  ( 1207.987716927070551, 359.3639757767222704, -109.7628270393561820 ) ) ;
#3166 = CARTESIAN_POINT ( 'NONE',  ( 1202.565108273015994, 542.3543197664577065, 84.13928197456985458 ) ) ;
#3167 = CARTESIAN_POINT ( 'NONE',  ( 618.6794412532618708, 0.8897674495694872787, -25.88389644359387631 ) ) ;
#3168 = CARTESIAN_POINT ( 'NONE',  ( 1300.124503336353655, 456.6708343471791522, -120.1492058350353886 ) ) ;
#3169 = CARTESIAN_POINT ( 'NONE',  ( 731.9327670622898268, 70.83270449177075534, 60.43114943673833750 ) ) ;
#3170 = CARTESIAN_POINT ( 'NONE',  ( 1247.167778209651033, 582.0103664432257347, 74.52611057339652234 ) ) ;
#3171 = CARTESIAN_POINT ( 'NONE',  ( 1394.576208594088030, 679.7751223644544325, -102.1654412855442331 ) ) ;
#3172 = CARTESIAN_POINT ( 'NONE',  ( 1440.622840434098180, 946.8282128289266666, -26.16265473897626137 ) ) ;
#3173 = CARTESIAN_POINT ( 'NONE',  ( 579.4305974660353513, 2.718648898623971188, 5.977747921162909428 ) ) ;
#3174 = CARTESIAN_POINT ( 'NONE',  ( 1065.927021060420657, 206.3092841816840348, -111.7322782203970064 ) ) ;
#3175 = CARTESIAN_POINT ( 'NONE',  ( 786.5973704826947142, 107.8118329930724570, 76.11609475413463599 ) ) ;
#3176 = CARTESIAN_POINT ( 'NONE',  ( 1015.678107479550249, 157.4255089961679630, -111.9027130518537518 ) ) ;
#3177 = CARTESIAN_POINT ( 'NONE',  ( 560.0000000000002274, 5.781794651319525080, 26.61338790322149706 ) ) ;
#3178 = CARTESIAN_POINT ( 'NONE',  ( 1077.835264909304669, 388.0573130340164880, 131.0719634990324209 ) ) ;
#3179 = CARTESIAN_POINT ( 'NONE',  ( 788.7369687480446601, 85.22781163453517195, 32.58839388972960194 ) ) ;
#3180 = CARTESIAN_POINT ( 'NONE',  ( 559.9999999999998863, -9.594946484305360457, -36.60607900850376240 ) ) ;
#3181 = CARTESIAN_POINT ( 'NONE',  ( 1252.686175298111039, 568.9123143227720902, 23.19707353531698146 ) ) ;
#3182 = CARTESIAN_POINT ( 'NONE',  ( 579.3267989949997627, 17.20546959969840728, 30.71993818975336410 ) ) ;
#3183 = CARTESIAN_POINT ( 'NONE',  ( 1432.787586132928482, 958.3993110069820887, -10.21405485640011612 ) ) ;
#3184 = CARTESIAN_POINT ( 'NONE',  ( 675.2758419689440643, 50.48759143514288894, 52.87739904635491683 ) ) ;
#3185 = CARTESIAN_POINT ( 'NONE',  ( 1040.198271343456554, 310.6797606452958007, 98.07491097359049093 ) ) ;
#3186 = CARTESIAN_POINT ( 'NONE',  ( 731.9327670622898268, 70.83270449177075534, 60.43114943673833750 ) ) ;
#3187 = CARTESIAN_POINT ( 'NONE',  ( 1258.389506432872167, 397.4338521722052064, -134.1845967963288615 ) ) ;
#3188 = CARTESIAN_POINT ( 'NONE',  ( 1392.246212359105584, 804.7414495130674368, -9.564539530222472052 ) ) ;
#3189 = CARTESIAN_POINT ( 'NONE',  ( 559.9999999999996589, 10.15965975187301495, 14.52041694465774313 ) ) ;
#3190 = CARTESIAN_POINT ( 'NONE',  ( 1015.084896899436558, 160.2041899241434066, -104.6177936871483070 ) ) ;
#3191 = CARTESIAN_POINT ( 'NONE',  ( 1198.900221387986448, 385.3938896653753545, -73.27161751605628126 ) ) ;
#3192 = CARTESIAN_POINT ( 'NONE',  ( 1283.765330031125131, 767.8568266959840685, 127.4436329409227255 ) ) ;
#3193 = CARTESIAN_POINT ( 'NONE',  ( 1462.964472856822113, 804.6423249119391130, -122.6179340251666616 ) ) ;
#3194 = CARTESIAN_POINT ( 'NONE',  ( 990.2174074366652121, 276.1952087976387133, 105.8005476191176371 ) ) ;
#3195 = CARTESIAN_POINT ( 'NONE',  ( 1454.263853939735782, 698.8653361463765350, -159.9855372602951888 ) ) ;
#3196 = CARTESIAN_POINT ( 'NONE',  ( 618.5307842303416237, 9.650216809035217835, 4.080074482003886338 ) ) ;
#3197 = CARTESIAN_POINT ( 'NONE',  ( 789.0269407537049347, 81.96481421014955515, -13.19192659445931959 ) ) ;
#3198 = CARTESIAN_POINT ( 'NONE',  ( 1214.326113172603982, 341.2362159319223451, -119.6402059430019591 ) ) ;
#3199 = CARTESIAN_POINT ( 'NONE',  ( 734.0442708680894839, 39.25892859878656083, -48.11938751183432572 ) ) ;
#3200 = CARTESIAN_POINT ( 'NONE',  ( 944.9748261316992739, 213.0749497812739719, 52.44071839636593779 ) ) ;
#3201 = CARTESIAN_POINT ( 'NONE',  ( 559.9999999999989768, -8.021822509555017078, -20.37437515290838874 ) ) ;
#3202 = CARTESIAN_POINT ( 'NONE',  ( 1344.910831236266404, 506.8341654546479731, -138.8237458497266346 ) ) ;
#3203 = CARTESIAN_POINT ( 'NONE',  ( 1257.312558219770153, 696.7829628550556436, 149.6705281183014620 ) ) ;
#3204 = CARTESIAN_POINT ( 'NONE',  ( 675.9310334489349543, 35.01501261772646956, 26.51814127757165807 ) ) ;
#3205 = CARTESIAN_POINT ( 'NONE',  ( 1445.352738043194222, 832.3311764923456622, -89.93849828066906582 ) ) ;
#3206 = CARTESIAN_POINT ( 'NONE',  ( 1363.613164025669221, 608.5325535651011251, -86.67079053115081422 ) ) ;
#3207 = CARTESIAN_POINT ( 'NONE',  ( 733.3162042441908852, 50.29482298497478610, 9.585803004741054067 ) ) ;
#3208 = CARTESIAN_POINT ( 'NONE',  ( 1443.919614211868748, 716.5195270378312671, -142.1557232997228937 ) ) ;
#3209 = CARTESIAN_POINT ( 'NONE',  ( 1086.109612482245666, 358.4482541487940921, 62.19115557020216301 ) ) ;
#3210 = CARTESIAN_POINT ( 'NONE',  ( 892.4269156337620643, 182.1705574309131066, 94.61675801179305267 ) ) ;
#3211 = CARTESIAN_POINT ( 'NONE',  ( 1453.735823953386671, 699.7685926539047614, -157.0207734974742380 ) ) ;
#3212 = CARTESIAN_POINT ( 'NONE',  ( 1398.997242054662138, 1008.300867966243118, 59.12666894950864105 ) ) ;
#3213 = CARTESIAN_POINT ( 'NONE',  ( 1035.104031443247095, 331.3138552730324022, 121.9258105993675514 ) ) ;
#3214 = CARTESIAN_POINT ( 'NONE',  ( 843.4834133989438669, 117.1623082752523288, 36.61292758726805374 ) ) ;
#3215 = CARTESIAN_POINT ( 'NONE',  ( 792.4602099297030691, 45.72753907213455449, -76.59986452062314299 ) ) ;
#3216 = CARTESIAN_POINT ( 'NONE',  ( 1133.044143034853732, 399.6508210368090772, 38.40434616366143672 ) ) ;
#3217 = CARTESIAN_POINT ( 'NONE',  ( 1356.155577381065768, 623.4144964241169191, -64.93777863358251068 ) ) ;
#3218 = CARTESIAN_POINT ( 'NONE',  ( 1078.716724745603869, 384.9009540331718426, 123.1978482508993409 ) ) ;
#3219 = CARTESIAN_POINT ( 'NONE',  ( 1288.816904332171362, 757.7925977022183588, 134.6522895692175439 ) ) ;
#3220 = CARTESIAN_POINT ( 'NONE',  ( 1038.289160211405942, 318.4179207533624094, 113.3648050279050778 ) ) ;
#3221 = CARTESIAN_POINT ( 'NONE',  ( 618.6184347928309535, 3.906799289974601574, -40.02826601728136779 ) ) ;
#3222 = CARTESIAN_POINT ( 'NONE',  ( 733.6299679539255294, 45.62419142085975921, -3.108847611418746215 ) ) ;
#3223 = CARTESIAN_POINT ( 'NONE',  ( 849.4945361851993084, 68.23041534548565323, -81.30845679035489582 ) ) ;
#3224 = CARTESIAN_POINT ( 'NONE',  ( 1381.600365291999879, 703.6601728097633668, -71.39650547225490129 ) ) ;
#3225 = CARTESIAN_POINT ( 'NONE',  ( 675.3006090599959634, 49.83915489630296491, 45.11705831561534552 ) ) ;
#3226 =( GEOMETRIC_REPRESENTATION_CONTEXT ( 3 ) GLOBAL_UNCERTAINTY_ASSIGNED_CONTEXT ( ( #2387 ) ) GLOBAL_UNIT_ASSIGNED_CONTEXT ( ( #2270, #3363, #5993 ) ) REPRESENTATION_CONTEXT ( 'NONE', 'WORKASPACE' ) );
#3227 = CARTESIAN_POINT ( 'NONE',  ( 1373.072495084524917, 1013.797626970197598, 93.91528582732998132 ) ) ;
#3228 = CARTESIAN_POINT ( 'NONE',  ( 792.3052795593449673, 47.35507908511873865, -75.42402623863046074 ) ) ;
#3229 = CARTESIAN_POINT ( 'NONE',  ( 1412.481409417364603, 953.9345617897619150, 20.21380843569103902 ) ) ;
#3230 = CARTESIAN_POINT ( 'NONE',  ( 1295.995064715190892, 612.8730538361667186, -8.483545988489003875 ) ) ;
#3231 = CARTESIAN_POINT ( 'NONE',  ( 1459.236804856215485, 882.9119450911061904, -77.85190022152663403 ) ) ;
#3232 = CARTESIAN_POINT ( 'NONE',  ( 676.4639534403542029, 21.97006422992761188, -39.85071938803755387 ) ) ;
#3233 = CARTESIAN_POINT ( 'NONE',  ( 994.0058059998884801, 258.4825134476686799, 57.24269748124511636 ) ) ;
#3234 = CARTESIAN_POINT ( 'NONE',  ( 1159.953249879685472, 313.9815529733885455, -76.39225196624175851 ) ) ;
#3235 = CARTESIAN_POINT ( 'NONE',  ( 1304.314855139901056, 446.7529037810087971, -135.2158240329811463 ) ) ;
#3236 = CARTESIAN_POINT ( 'NONE',  ( 1195.737995850031666, 560.1140601240830392, 142.6591092925007729 ) ) ;
#3237 = CARTESIAN_POINT ( 'NONE',  ( 1174.712262723525782, 454.7431890876814577, 68.40192781376707387 ) ) ;
#3238 = CARTESIAN_POINT ( 'NONE',  ( 1204.532821526517637, 369.2596349276274736, -96.19563435510380600 ) ) ;
#3239 = CARTESIAN_POINT ( 'NONE',  ( 1289.999055109224628, 480.6363656265895656, -83.57498886980496877 ) ) ;
#3240 = CARTESIAN_POINT ( 'NONE',  ( 1379.786928229426167, 826.0119940426430958, 20.77673535683077688 ) ) ;
#3241 = CARTESIAN_POINT ( 'NONE',  ( 676.7459788587436833, 15.29466755037528181, -51.38270397728975070 ) ) ;
#3242 = CARTESIAN_POINT ( 'NONE',  ( 1238.802724957742157, 601.7759639173733603, 76.58266229715363238 ) ) ;
#3243 = CARTESIAN_POINT ( 'NONE',  ( 1191.190185189449039, 571.9171387819428674, 155.6144947516527282 ) ) ;
#3244 = CARTESIAN_POINT ( 'NONE',  ( 1354.493843402280163, 486.0498159717261046, -171.3778109338270212 ) ) ;
#3245 = CARTESIAN_POINT ( 'NONE',  ( 1124.222396374596656, 427.8044170964501518, 119.3564398866650293 ) ) ;
#3246 = CARTESIAN_POINT ( 'NONE',  ( 1387.717562622348623, 991.5512417561398024, 72.81970237160803094 ) ) ;
#3247 = CARTESIAN_POINT ( 'NONE',  ( 892.0900316227075564, 184.3733693550568375, 95.49494945413030678 ) ) ;
#3248 = CARTESIAN_POINT ( 'NONE',  ( 1280.724198367501003, 646.0179128356282945, 71.02564774413039572 ) ) ;
#3249 = CARTESIAN_POINT ( 'NONE',  ( 961.2118391045011094, 124.3667918454353156, -106.1565682595450113 ) ) ;
#3250 = CARTESIAN_POINT ( 'NONE',  ( 1247.036651878617249, 582.2847106449085004, 44.38882958426550118 ) ) ;
#3251 = CARTESIAN_POINT ( 'NONE',  ( 676.5605198098425035, 19.97260398636626633, -17.30768621485526992 ) ) ;
#3252 = CARTESIAN_POINT ( 'NONE',  ( 1035.243702477568149, 330.7456451639392299, 120.0322183400809735 ) ) ;
#3253 = CARTESIAN_POINT ( 'NONE',  ( 1125.937861614089115, 422.3406397875946254, 110.2295138983591869 ) ) ;
#3254 = CARTESIAN_POINT ( 'NONE',  ( 676.6206954177905573, 18.25639262420241238, -46.64398081030449816 ) ) ;
#3255 = CARTESIAN_POINT ( 'NONE',  ( 733.7325047777417240, 44.09689714638633973, -7.351198331535167441 ) ) ;
#3256 = CARTESIAN_POINT ( 'NONE',  ( 1349.138643868919644, 497.6671727350031347, -152.1343000122760429 ) ) ;
#3257 = CARTESIAN_POINT ( 'NONE',  ( 952.2082818473113548, 173.5217531018421084, -31.49751348557264308 ) ) ;
#3258 = CARTESIAN_POINT ( 'NONE',  ( 892.5946112702263235, 181.0305393595227770, 77.93586169034728073 ) ) ;
#3259 = CARTESIAN_POINT ( 'NONE',  ( 579.3261173356522704, 17.29368657930783826, 32.09340237644904192 ) ) ;
#3260 = CARTESIAN_POINT ( 'NONE',  ( 1391.195275547109304, 553.4846492259174511, -170.5893770330840198 ) ) ;
#3261 = CARTESIAN_POINT ( 'NONE',  ( 1409.906082444559615, 957.8465344386295328, 25.70102409816421485 ) ) ;
#3262 = CARTESIAN_POINT ( 'NONE',  ( 1050.497767685088775, 268.8421200424615449, -14.04007946464331447 ) ) ;
#3263 = CARTESIAN_POINT ( 'NONE',  ( 1013.535331234398200, 167.4365558757925498, -90.42129293778903332 ) ) ;
#3264 = CARTESIAN_POINT ( 'NONE',  ( 1423.468561449897834, 751.4276572927805091, -100.6866944161632773 ) ) ;
#3265 = CARTESIAN_POINT ( 'NONE',  ( 1041.378742478627601, 305.8295743924147132, 57.87213414994121052 ) ) ;
#3266 = CARTESIAN_POINT ( 'NONE',  ( 847.8853924268770470, 81.34620099993222198, -47.95574516146397315 ) ) ;
#3267 = CARTESIAN_POINT ( 'NONE',  ( 618.7356090006786644, -2.471115848413205196, -38.60250928087900490 ) ) ;
#3268 = CARTESIAN_POINT ( 'NONE',  ( 1390.977411472580116, 1020.144548269356278, 76.30245859147861154 ) ) ;
#3269 = CARTESIAN_POINT ( 'NONE',  ( 1091.261135821664311, 340.0994892559498339, 60.80566525369944486 ) ) ;
#3270 = CARTESIAN_POINT ( 'NONE',  ( 1389.496976151333001, 689.1245407777424816, -90.26130314551518552 ) ) ;
#3271 = CARTESIAN_POINT ( 'NONE',  ( 1441.097846514466028, 839.0278342975230998, -66.90604926696896371 ) ) ;
#3272 = CARTESIAN_POINT ( 'NONE',  ( 1202.676457976288702, 542.1019951909289603, 112.2941864490168484 ) ) ;
#3273 = CARTESIAN_POINT ( 'NONE',  ( 951.2331075828759595, 178.9637664316701660, 14.64103538334686050 ) ) ;
#3274 = CARTESIAN_POINT ( 'NONE',  ( 1214.487694777612205, 340.7484131838147619, -133.8750444624531895 ) ) ;
#3275 = CARTESIAN_POINT ( 'NONE',  ( 734.5866824772638211, 31.36073717462299015, -43.50534013086056717 ) ) ;
#3276 = CARTESIAN_POINT ( 'NONE',  ( 1205.954479125698754, 533.5521538252028222, 68.49641635663955697 ) ) ;
#3277 = CARTESIAN_POINT ( 'NONE',  ( 1274.608233412589243, 786.1434636365070219, 169.5563961137010836 ) ) ;
#3278 = CARTESIAN_POINT ( 'NONE',  ( 579.5068643497075982, -7.744046074250813483, -40.82959367024754016 ) ) ;
#3279 = CARTESIAN_POINT ( 'NONE',  ( 1317.543648728859353, 821.6002866000014819, 121.9218791018560353 ) ) ;
#3280 = CARTESIAN_POINT ( 'NONE',  ( 1035.088703482281289, 331.3797516649735826, 124.3697142650993328 ) ) ;
#3281 = CARTESIAN_POINT ( 'NONE',  ( 559.9999999999998863, 2.333003730431003842, 16.93183084348795475 ) ) ;
#3282 = CARTESIAN_POINT ( 'NONE',  ( 1170.917028951679868, 279.0331635879620080, -142.3677686492403609 ) ) ;
#3283 = CARTESIAN_POINT ( 'NONE',  ( 1211.773638565643523, 518.4415467270933959, 42.71949085363768717 ) ) ;
#3284 = CARTESIAN_POINT ( 'NONE',  ( 1159.875359419115739, 497.2232817991334741, 115.6716275100149431 ) ) ;
#3285 = CARTESIAN_POINT ( 'NONE',  ( 790.8322692912663570, 63.04715117810581404, -23.05081119312013982 ) ) ;
#3286 = CARTESIAN_POINT ( 'NONE',  ( 942.0385030818458745, 229.1751228058291758, 101.4131674916718850 ) ) ;
#3287 = CARTESIAN_POINT ( 'NONE',  ( 1067.871374251949874, 198.4653047573870310, -111.3510395494031826 ) ) ;
#3288 = CARTESIAN_POINT ( 'NONE',  ( 1395.706472694170998, 1013.160673900801044, 65.79802666320127003 ) ) ;
#3289 = CARTESIAN_POINT ( 'NONE',  ( 1247.551524134369629, 717.9424259895696423, 169.3769831555424048 ) ) ;
#3290 = CARTESIAN_POINT ( 'NONE',  ( 618.6326961821763462, 3.091664557452364459, -41.47282851808854787 ) ) ;
#3291 = CARTESIAN_POINT ( 'NONE',  ( 1426.670402559239847, 861.7127219311186082, -35.44662877308890359 ) ) ;
#3292 = CARTESIAN_POINT ( 'NONE',  ( 1467.011879536453080, 871.1012015564824651, -93.81744399859296379 ) ) ;
#3293 = CARTESIAN_POINT ( 'NONE',  ( 1388.092577939072044, 811.8325449295282397, 0.5485827970676464549 ) ) ;
#3294 = CARTESIAN_POINT ( 'NONE',  ( 618.3985228085208519, 16.55974690990470677, -11.48307749056308857 ) ) ;
#3295 = CARTESIAN_POINT ( 'NONE',  ( 892.6536668968375352, 180.6407358277510298, 76.38342213100132483 ) ) ;
#3296 = CARTESIAN_POINT ( 'NONE',  ( 942.9568901171155630, 224.1333252939787144, 84.11094035607833064 ) ) ;
#3297 = CARTESIAN_POINT ( 'NONE',  ( 1267.171868220136957, 374.6451766244444457, -159.8859211927085937 ) ) ;
#3298 = CARTESIAN_POINT ( 'NONE',  ( 950.6461701190301028, 182.1720797854960381, 21.33997662726617861 ) ) ;
#3299 = CARTESIAN_POINT ( 'NONE',  ( 1292.642110110147769, 620.1435683983009994, 2.224606529282095124 ) ) ;
#3300 = CARTESIAN_POINT ( 'NONE',  ( 579.5042356452194099, -7.434385322584872391, -31.94898641559631258 ) ) ;
#3301 = CARTESIAN_POINT ( 'NONE',  ( 1330.953010650641545, 537.0780371104257256, -112.9205565247193448 ) ) ;
#3302 = CARTESIAN_POINT ( 'NONE',  ( 944.0263992314348798, 218.2695312987488592, 66.37860601099396263 ) ) ;
#3303 = CARTESIAN_POINT ( 'NONE',  ( 1333.411665324651040, 531.7696578689009357, -101.9816376521214920 ) ) ;
#3304 = CARTESIAN_POINT ( 'NONE',  ( 734.8165569018088945, 27.92465890178164756, -53.90292062461006850 ) ) ;
#3305 = CARTESIAN_POINT ( 'NONE',  ( 1283.707445303572968, 767.9892560240652983, 151.1036472453294834 ) ) ;
#3306 = CARTESIAN_POINT ( 'NONE',  ( 1308.169797721058330, 719.1731571718637497, 77.13790236502597963 ) ) ;
#3307 = CARTESIAN_POINT ( 'NONE',  ( 1358.117740805411358, 619.4778031639540359, -91.56761265381305748 ) ) ;
#3308 = CARTESIAN_POINT ( 'NONE',  ( 1326.757746698158826, 546.1979932145625298, -80.47143207700209189 ) ) ;
#3309 = CARTESIAN_POINT ( 'NONE',  ( 1204.074545269131704, 538.4726105184606695, 106.3899830007330394 ) ) ;
#3310 = CARTESIAN_POINT ( 'NONE',  ( 1412.481409417364603, 953.9345617897619150, 20.21380843569103902 ) ) ;
#3311 = CARTESIAN_POINT ( 'NONE',  ( 579.3367706904813303, 15.86459953278837531, 19.27989452587881303 ) ) ;
#3312 = CARTESIAN_POINT ( 'NONE',  ( 1299.727769944724514, 854.3965690252797458, 165.1244967334111777 ) ) ;
#3313 = CARTESIAN_POINT ( 'NONE',  ( 1454.589851146427236, 698.3097782274905967, -159.8899629296216744 ) ) ;
#3314 = CARTESIAN_POINT ( 'NONE',  ( 560.0000000000002274, 5.356993004669367231, 25.48584875913748604 ) ) ;
#3315 = CARTESIAN_POINT ( 'NONE',  ( 731.5172981452525391, 76.97192632155878300, 66.35531317495420467 ) ) ;
#3316 = CARTESIAN_POINT ( 'NONE',  ( 788.6411022823417625, 86.24148148912514955, 34.98567376330556300 ) ) ;
#3317 = CARTESIAN_POINT ( 'NONE',  ( 961.0126009913032021, 125.4506448168133943, -105.5499395597437058 ) ) ;
#3318 = CARTESIAN_POINT ( 'NONE',  ( 732.2377721977848068, 66.09878702811677442, 13.85739478172190609 ) ) ;
#3319 = CARTESIAN_POINT ( 'NONE',  ( 991.4569491857364483, 270.3948875580803133, 87.97655610867975895 ) ) ;
#3320 = CARTESIAN_POINT ( 'NONE',  ( 1438.011280485314956, 950.6849627701127474, -20.84482506130379420 ) ) ;
#3321 = CARTESIAN_POINT ( 'NONE',  ( 1385.895308504801960, 1027.649794446552505, 78.01875720457034902 ) ) ;
#3322 = CARTESIAN_POINT ( 'NONE',  ( 677.0091027807694672, 9.178931733743002752, -52.22056709192345636 ) ) ;
#3323 = CARTESIAN_POINT ( 'NONE',  ( 559.9999999999996589, 6.454635158505766412, 28.31561452057229644 ) ) ;
#3324 = CARTESIAN_POINT ( 'NONE',  ( 1302.962124119542068, 449.9354849976461423, -143.3270920908458947 ) ) ;
#3325 = CARTESIAN_POINT ( 'NONE',  ( 1154.730266785158392, 511.9816227297467890, 151.3278607415994941 ) ) ;
#3326 = CARTESIAN_POINT ( 'NONE',  ( 1065.221784245517938, 209.1664671969846552, -108.0008577070173033 ) ) ;
#3327 = CARTESIAN_POINT ( 'NONE',  ( 846.2072938025347639, 95.00621433791286563, -15.13197296565492955 ) ) ;
#3328 = CARTESIAN_POINT ( 'NONE',  ( 1312.061871874867620, 428.4131810685450432, -163.9833806892022778 ) ) ;
#3329 = CARTESIAN_POINT ( 'NONE',  ( 676.0225571481529414, 32.45864938823400792, -17.04786355308155521 ) ) ;
#3330 = VERTEX_POINT ( 'NONE', #6584 ) ;
#3331 = CARTESIAN_POINT ( 'NONE',  ( 1353.381094578119701, 976.9451845122995337, 109.6650159960150575 ) ) ;
#3332 = CARTESIAN_POINT ( 'NONE',  ( 1080.481078701011938, 378.5846967904496410, 106.9320783397095340 ) ) ;
#3333 = CARTESIAN_POINT ( 'NONE',  ( 792.2060041154647934, 48.40166441249716911, -74.17504213248334111 ) ) ;
#3334 = CARTESIAN_POINT ( 'NONE',  ( 1427.580891875250927, 966.0885535156444348, 0.4435553306277015273 ) ) ;
#3335 = CARTESIAN_POINT ( 'NONE',  ( 1181.783971406569663, 434.4304535574829629, 2.070393973838207113 ) ) ;
#3336 = CARTESIAN_POINT ( 'NONE',  ( 849.1196418538264652, 71.29210141550937863, -72.65284400958600486 ) ) ;
#3337 = CARTESIAN_POINT ( 'NONE',  ( 846.8947919166566862, 89.28603239032307215, -56.97355722843101944 ) ) ;
#3338 = CARTESIAN_POINT ( 'NONE',  ( 786.9881786796563574, 103.5912061571148115, 48.14827568193516782 ) ) ;
#3339 = CARTESIAN_POINT ( 'NONE',  ( 1162.460539806781981, 305.9929531909446609, -90.01406747203699865 ) ) ;
#3340 = CARTESIAN_POINT ( 'NONE',  ( 1167.924891141222588, 288.5833426206870627, -119.5688060739559546 ) ) ;
#3341 = CARTESIAN_POINT ( 'NONE',  ( 1410.685960047715525, 991.0389772509563500, 35.12250339714465497 ) ) ;
#3342 = APPROVAL_PERSON_ORGANIZATION ( #1882, #2943, #3531 ) ;
#3343 = CARTESIAN_POINT ( 'NONE',  ( 1392.396812776438537, 683.7867581910591070, -97.07762381664720408 ) ) ;
#3344 = CARTESIAN_POINT ( 'NONE',  ( 1205.076419988227144, 367.7409365694803114, -76.33832292683931087 ) ) ;
#3345 = CARTESIAN_POINT ( 'NONE',  ( 842.1947323378665260, 127.6333162134952204, 59.50602139211287067 ) ) ;
#3346 = CARTESIAN_POINT ( 'NONE',  ( 1408.882325276629672, 889.6820411829201021, 3.620841294048243952 ) ) ;
#3347 = CARTESIAN_POINT ( 'NONE',  ( 1394.256217426949888, 981.6193471289744821, 43.87944509580259478 ) ) ;
#3348 = CARTESIAN_POINT ( 'NONE',  ( 1118.312832961492859, 446.6196519690968216, 142.6887001535652075 ) ) ;
#3349 = CARTESIAN_POINT ( 'NONE',  ( 1475.700562645799209, 784.6212755355848003, -142.2814406467842616 ) ) ;
#3350 = CARTESIAN_POINT ( 'NONE',  ( 894.8573693269362366, 166.2550519349662750, 67.67578398697698105 ) ) ;
#3351 = CARTESIAN_POINT ( 'NONE',  ( 999.6639922720020195, 232.1657697830860343, 37.79889253346885880 ) ) ;
#3352 = CARTESIAN_POINT ( 'NONE',  ( 560.0000000000002274, -9.317269873572389116, -36.46126356514683664 ) ) ;
#3353 = CARTESIAN_POINT ( 'NONE',  ( 946.2564281192753697, 206.0603076663485353, 35.22963905456730060 ) ) ;
#3354 = CARTESIAN_POINT ( 'NONE',  ( 847.0487462958280958, 88.15761026343176354, -31.53355083778852475 ) ) ;
#3355 = CARTESIAN_POINT ( 'NONE',  ( 1118.015378527674329, 447.5619257363957217, 137.6032440676273723 ) ) ;
#3356 = CARTESIAN_POINT ( 'NONE',  ( 1119.478167283687981, 239.2422648672487071, -119.8246532195797442 ) ) ;
#3357 = CARTESIAN_POINT ( 'NONE',  ( 1126.369901513109198, 420.9647064969597636, 107.9500740795336213 ) ) ;
#3358 = CARTESIAN_POINT ( 'NONE',  ( 676.5796471666876641, 19.22709578222879401, -44.93281742355339503 ) ) ;
#3359 = CARTESIAN_POINT ( 'NONE',  ( 579.3310143743177605, 16.56234659087821015, 40.69238330166304252 ) ) ;
#3360 = CARTESIAN_POINT ( 'NONE',  ( 1062.108634574026155, 221.7794477594277964, -90.35927247009183816 ) ) ;
#3361 = CARTESIAN_POINT ( 'NONE',  ( 559.9999999999996589, -4.446805894033046158, -6.299944140388857861 ) ) ;
#3362 = CARTESIAN_POINT ( 'NONE',  ( 559.9999999999998863, -10.32530337055014336, -36.26400555598025477 ) ) ;
#3363 =( NAMED_UNIT ( * ) PLANE_ANGLE_UNIT ( ) SI_UNIT ( $, .RADIAN. ) );
#3364 = CARTESIAN_POINT ( 'NONE',  ( 844.8401335987668972, 105.9763667874983497, -25.60250428552401303 ) ) ;
#3365 = CARTESIAN_POINT ( 'NONE',  ( 675.2930946041309426, 50.03149885163248456, 46.99614409413798910 ) ) ;
#3366 = CARTESIAN_POINT ( 'NONE',  ( 840.4632704280529651, 141.6393671557062532, 69.98879273050300753 ) ) ;
#3367 = CARTESIAN_POINT ( 'NONE',  ( 1474.951861224411232, 785.7972951671869168, -142.2106308259001537 ) ) ;
#3368 = CARTESIAN_POINT ( 'NONE',  ( 676.3082528227456578, 26.01418411371171047, 1.031400593055614490 ) ) ;
#3369 = CARTESIAN_POINT ( 'NONE',  ( 786.7272195209736765, 106.4449172646258859, 75.44453848036398824 ) ) ;
#3370 = CARTESIAN_POINT ( 'NONE',  ( 618.3100450173045601, 21.72467676716791019, 4.111694067802577734 ) ) ;
#3371 = CARTESIAN_POINT ( 'NONE',  ( 579.5072836992952716, -7.850357584654520160, -33.94887830641000903 ) ) ;
#3372 = CARTESIAN_POINT ( 'NONE',  ( 1427.995101247876619, 743.7010317431038402, -110.1772136947891312 ) ) ;
#3373 = CARTESIAN_POINT ( 'NONE',  ( 731.7561332410067507, 73.31313997215420386, 39.93348291987129528 ) ) ;
#3374 = CARTESIAN_POINT ( 'NONE',  ( 1417.626966978319615, 637.3570205903804435, -143.9248309711828142 ) ) ;
#3375 = CARTESIAN_POINT ( 'NONE',  ( 1176.733665746662837, 448.9516827949719868, 58.74586641720660651 ) ) ;
#3376 = CARTESIAN_POINT ( 'NONE',  ( 846.3562894498767264, 93.65869982717167375, -49.23525646570499958 ) ) ;
#3377 = CARTESIAN_POINT ( 'NONE',  ( 791.7097425453233654, 53.74642899030218501, -47.38056823051456945 ) ) ;
#3378 = CARTESIAN_POINT ( 'NONE',  ( 1342.529091822570081, 889.6195094087540838, 111.9613791514410792 ) ) ;
#3379 = CARTESIAN_POINT ( 'NONE',  ( 1448.533686825174300, 935.1454803043336597, -42.17849603177004525 ) ) ;
#3380 = CARTESIAN_POINT ( 'NONE',  ( 618.2473233971024911, 25.95538946609786990, 47.49718937102332461 ) ) ;
#3381 = CARTESIAN_POINT ( 'NONE',  ( 1220.810380904706790, 322.6459071579559463, -153.0595723837661524 ) ) ;
#3382 = CARTESIAN_POINT ( 'NONE',  ( 732.3763315464499328, 64.25856878425209118, 44.86927277666957536 ) ) ;
#3383 = CARTESIAN_POINT ( 'NONE',  ( 732.9949896417477930, 55.07255438978401685, 22.24052483666761759 ) ) ;
#3384 = CARTESIAN_POINT ( 'NONE',  ( 905.2176276942929007, 98.23980237776892466, -93.12387957432753183 ) ) ;
#3385 = CARTESIAN_POINT ( 'NONE',  ( 1376.458220577501834, 940.6559246427204926, 54.27141744461347628 ) ) ;
#3386 = CARTESIAN_POINT ( 'NONE',  ( 1447.170081572965501, 937.1592516055508213, -39.42230839157642208 ) ) ;
#3387 = CARTESIAN_POINT ( 'NONE',  ( 1035.104031443247095, 331.3138552730324022, 121.9258105993675514 ) ) ;
#3388 = CARTESIAN_POINT ( 'NONE',  ( 1397.053195756209107, 1011.171834206451308, 63.12750409214064007 ) ) ;
#3389 = CARTESIAN_POINT ( 'NONE',  ( 1125.056796557870030, 425.1467087656503168, 114.8037594021021448 ) ) ;
#3390 = CARTESIAN_POINT ( 'NONE',  ( 892.1545502569933888, 183.9518350830204838, 95.49216975637291682 ) ) ;
#3391 = CARTESIAN_POINT ( 'NONE',  ( 676.5796471666876641, 19.22709578222879401, -44.93281742355339503 ) ) ;
#3392 = CARTESIAN_POINT ( 'NONE',  ( 1374.818280246226095, 716.1618969382244586, -31.77671051411893544 ) ) ;
#3393 = CARTESIAN_POINT ( 'NONE',  ( 1352.139442515899646, 491.1588267703360202, -162.0312441854580072 ) ) ;
#3394 = DATE_AND_TIME ( #2338, #1551 ) ;
#3395 = CARTESIAN_POINT ( 'NONE',  ( 1267.266426452942596, 534.4040441376146191, -28.95356599985549551 ) ) ;
#3396 = ORIENTED_EDGE ( 'NONE', *, *, #3905, .F. ) ;
#3397 = CARTESIAN_POINT ( 'NONE',  ( 731.5757250986330291, 76.05053808533624249, 55.39843118471193861 ) ) ;
#3398 = CARTESIAN_POINT ( 'NONE',  ( 786.6891517052217750, 106.7935015490625545, 63.35836249470769133 ) ) ;
#3399 = CARTESIAN_POINT ( 'NONE',  ( 1066.612787768033968, 203.5318115235555467, -115.2081389762619210 ) ) ;
#3400 = CARTESIAN_POINT ( 'NONE',  ( 1100.108173222395635, 308.4805892290227121, 3.908676498690668577 ) ) ;
#3401 = CARTESIAN_POINT ( 'NONE',  ( 892.6566635573296935, 180.6670007524422203, 93.39043048138127290 ) ) ;
#3402 = CARTESIAN_POINT ( 'NONE',  ( 560.0000000000002274, 8.187068717450406652, 5.454895447701361810 ) ) ;
#3403 = CARTESIAN_POINT ( 'NONE',  ( 560.0000000000000000, -10.24582825287884091, -30.43399288553145254 ) ) ;
#3404 = CARTESIAN_POINT ( 'NONE',  ( 1415.683610770684254, 640.9243733841451558, -149.2518053231250974 ) ) ;
#3405 = CARTESIAN_POINT ( 'NONE',  ( 1396.769292524261800, 675.7383606964160663, -107.2494656471676677 ) ) ;
#3406 = CARTESIAN_POINT ( 'NONE',  ( 992.6843377892555509, 264.6567247400600422, 72.47334602829047867 ) ) ;
#3407 = CARTESIAN_POINT ( 'NONE',  ( 1216.831146396487384, 334.0586689707312757, -131.1570827118835894 ) ) ;
#3408 = CARTESIAN_POINT ( 'NONE',  ( 843.6307473576528082, 115.9645757080478035, 33.90495059164508973 ) ) ;
#3409 = CARTESIAN_POINT ( 'NONE',  ( 1155.214599112309543, 329.0285266514280806, -76.53408978279210828 ) ) ;
#3410 = CARTESIAN_POINT ( 'NONE',  ( 579.4904431763777666, -5.540414473871202006, -24.04228527426150563 ) ) ;
#3411 = CARTESIAN_POINT ( 'NONE',  ( 1266.809186618422018, 676.1906864336156104, 117.1126528929006412 ) ) ;
#3412 = CARTESIAN_POINT ( 'NONE',  ( 1438.638591085094276, 949.7585509066090026, -32.40276627138305798 ) ) ;
#3413 = CARTESIAN_POINT ( 'NONE',  ( 579.3453632916209699, 14.56051771785639559, 38.70225044182993912 ) ) ;
#3414 = CARTESIAN_POINT ( 'NONE',  ( 732.4256493480939980, 63.52698853883721597, 43.14161214180323611 ) ) ;
#3415 = CARTESIAN_POINT ( 'NONE',  ( 1137.593716416982488, 385.2141729787878148, 46.58364855737480070 ) ) ;
#3416 = CARTESIAN_POINT ( 'NONE',  ( 618.7075911355914286, -1.167094957267127642, -47.99577743412688591 ) ) ;
#3417 = CARTESIAN_POINT ( 'NONE',  ( 579.3384406135629661, 15.63680166511865721, 17.94597386652348803 ) ) ;
#3418 = CARTESIAN_POINT ( 'NONE',  ( 1443.055344320316863, 907.4920211839246349, -44.26823790513670787 ) ) ;
#3419 = CARTESIAN_POINT ( 'NONE',  ( 618.1985677954605762, 28.70396543832953284, 48.95801093995768838 ) ) ;
#3420 = CARTESIAN_POINT ( 'NONE',  ( 677.0121093633108558, 9.062639647958134148, -55.64556081361974549 ) ) ;
#3421 = CARTESIAN_POINT ( 'NONE',  ( 1317.543648728859353, 821.6002866000014819, 121.9218791018560353 ) ) ;
#3422 = CARTESIAN_POINT ( 'NONE',  ( 1337.288264145265430, 898.5668246965824437, 124.6457626958183056 ) ) ;
#3423 = CARTESIAN_POINT ( 'NONE',  ( 1078.054267582532702, 387.2816432334192314, 134.0052289042843086 ) ) ;
#3424 = CARTESIAN_POINT ( 'NONE',  ( 1011.211524626648156, 178.2189743342464112, -90.10865180102280192 ) ) ;
#3425 = CARTESIAN_POINT ( 'NONE',  ( 1103.193901068665582, 297.4513024843553239, -16.02758356348017088 ) ) ;
#3426 = CARTESIAN_POINT ( 'NONE',  ( 905.8419621571899825, 94.17237999852204666, -94.34649643380721784 ) ) ;
#3427 = CARTESIAN_POINT ( 'NONE',  ( 1390.498751043865923, 807.7089206334899245, -27.91183356271454841 ) ) ;
#3428 = CARTESIAN_POINT ( 'NONE',  ( 1163.382678445035253, 487.1672139799805450, 95.26595854551213449 ) ) ;
#3429 = CARTESIAN_POINT ( 'NONE',  ( 789.9387521807232133, 72.51106979617583193, 1.213247127030097072 ) ) ;
#3430 = CARTESIAN_POINT ( 'NONE',  ( 579.3257264099769372, 17.33132245729827048, 35.31593556728484629 ) ) ;
#3431 = CARTESIAN_POINT ( 'NONE',  ( 1123.196524520059484, 431.0724636351104095, 126.0599111730413853 ) ) ;
#3432 = CARTESIAN_POINT ( 'NONE',  ( 560.0000000000000000, 11.73664286501860232, 31.08667455439521987 ) ) ;
#3433 = CARTESIAN_POINT ( 'NONE',  ( 1307.485374675854018, 439.2334695600512759, -155.7600501354640414 ) ) ;
#3434 = CARTESIAN_POINT ( 'NONE',  ( 579.4398886318269888, 1.433427172204881028, 1.651935640607162803 ) ) ;
#3435 = CARTESIAN_POINT ( 'NONE',  ( 892.8944359202801024, 179.1107640286044216, 91.87402406737538740 ) ) ;
#3436 = CARTESIAN_POINT ( 'NONE',  ( 1047.306127914436502, 281.7843046956115245, 9.594625006911059018 ) ) ;
#3437 = CARTESIAN_POINT ( 'NONE',  ( 849.0511379819103013, 71.84981513698515698, -71.35179435987753038 ) ) ;
#3438 = CARTESIAN_POINT ( 'NONE',  ( 1065.221784245517938, 209.1664671969846552, -108.0008577070173033 ) ) ;
#3439 = CARTESIAN_POINT ( 'NONE',  ( 1200.759770454657883, 380.0671514752594931, -80.94285981781139583 ) ) ;
#3440 = CARTESIAN_POINT ( 'NONE',  ( 893.3724943686729603, 175.9053385345345646, 60.30657162786691572 ) ) ;
#3441 = CARTESIAN_POINT ( 'NONE',  ( 792.3515771815951894, 46.93726015451711930, -65.59299006360654971 ) ) ;
#3442 = CARTESIAN_POINT ( 'NONE',  ( 1046.315756804115608, 285.8816228938529775, 52.71108363413378584 ) ) ;
#3443 = CARTESIAN_POINT ( 'NONE',  ( 559.9999999999995453, 2.441470923380280045, -13.02815485237283610 ) ) ;
#3444 = CARTESIAN_POINT ( 'NONE',  ( 1448.270520369505448, 899.5700140407763001, -55.14555828927585424 ) ) ;
#3445 = CARTESIAN_POINT ( 'NONE',  ( 788.2503787081291193, 90.37103386140377381, 44.54680798076927317 ) ) ;
#3446 = CARTESIAN_POINT ( 'NONE',  ( 1228.490628860875631, 475.0858163020768075, 4.081690700381274794 ) ) ;
#3447 = CARTESIAN_POINT ( 'NONE',  ( 1432.019738445996609, 736.8412292400053047, -105.1849257969214193 ) ) ;
#3448 = CARTESIAN_POINT ( 'NONE',  ( 1121.123177734948968, 437.6733122383938053, 135.7762093502549305 ) ) ;
#3449 = CARTESIAN_POINT ( 'NONE',  ( 1388.481752849960230, 990.3904459261498232, 71.17615166142967098 ) ) ;
#3450 = CARTESIAN_POINT ( 'NONE',  ( 1215.994806933676955, 507.5271685095265184, 56.52516568943678266 ) ) ;
#3451 = CARTESIAN_POINT ( 'NONE',  ( 1119.224322362877501, 240.1175957751063947, -128.5968036838973205 ) ) ;
#3452 = CARTESIAN_POINT ( 'NONE',  ( 894.3698729358422952, 169.3464398510807030, 41.38837863147379892 ) ) ;
#3453 = CARTESIAN_POINT ( 'NONE',  ( 1361.747854238051559, 612.2548570256640232, -81.24327110382738226 ) ) ;
#3454 = CARTESIAN_POINT ( 'NONE',  ( 560.0000000000000000, 11.49842756544410705, 36.43430934930701426 ) ) ;
#3455 = CARTESIAN_POINT ( 'NONE',  ( 1387.895149050026930, 560.0771345007814261, -156.4387665658026663 ) ) ;
#3456 = CARTESIAN_POINT ( 'NONE',  ( 618.3399485279750252, 20.68757909880598689, 35.87984892523125779 ) ) ;
#3457 = CARTESIAN_POINT ( 'NONE',  ( 618.3234755582218440, 21.62849198175367249, 38.17803158838194832 ) ) ;
#3458 = CARTESIAN_POINT ( 'NONE',  ( 1455.575747661968762, 924.7457696904364184, -63.03582746815246196 ) ) ;
#3459 = CARTESIAN_POINT ( 'NONE',  ( 1408.920180790188851, 776.2758624080594245, -49.92489701594762863 ) ) ;
#3460 = CARTESIAN_POINT ( 'NONE',  ( 1015.783293344944468, 156.9305317758295928, -113.7590011920341766 ) ) ;
#3461 = SECURITY_CLASSIFICATION_LEVEL ( 'unclassified' ) ;
#3462 = CARTESIAN_POINT ( 'NONE',  ( 618.3430537670651574, 19.78919115471354928, -2.169019870356340807 ) ) ;
#3463 = CARTESIAN_POINT ( 'NONE',  ( 1198.185776396721621, 553.7284936770980721, 105.1957328858430145 ) ) ;
#3464 = CARTESIAN_POINT ( 'NONE',  ( 845.4554445845756163, 101.1241753402119201, -0.5623954561145307895 ) ) ;
#3465 = CARTESIAN_POINT ( 'NONE',  ( 786.6576362712838772, 107.1346349321686091, 65.76673461410106825 ) ) ;
#3466 = CARTESIAN_POINT ( 'NONE',  ( 1393.126733609869234, 1016.970430811144638, 71.15242158995761201 ) ) ;
#3467 = CARTESIAN_POINT ( 'NONE',  ( 1036.580497760486878, 325.3132139571362131, 105.4519538191350136 ) ) ;
#3468 = CARTESIAN_POINT ( 'NONE',  ( 1449.432308760813157, 707.1103269924374217, -152.2433667449581378 ) ) ;
#3469 = CARTESIAN_POINT ( 'NONE',  ( 1003.373855473894650, 214.8575690268559981, 3.655075965941820382 ) ) ;
#3470 = CARTESIAN_POINT ( 'NONE',  ( 1299.727769944724514, 854.3965690252797458, 165.1244967334111777 ) ) ;
#3471 = CARTESIAN_POINT ( 'NONE',  ( 732.4375303554983248, 63.12117942012667982, 5.344932159488363865 ) ) ;
#3472 = CARTESIAN_POINT ( 'NONE',  ( 1013.867198698590300, 165.8871626445972538, -93.54852923466467018 ) ) ;
#3473 = CARTESIAN_POINT ( 'NONE',  ( 1107.638886998020780, 281.4999290554799813, -71.68745316042560489 ) ) ;
#3474 = CARTESIAN_POINT ( 'NONE',  ( 943.8053323112804947, 219.4810436369673994, 69.87275373193368466 ) ) ;
#3475 = CARTESIAN_POINT ( 'NONE',  ( 579.3323070933231520, 16.47111171935307894, 23.29629938352839602 ) ) ;
#3476 = CARTESIAN_POINT ( 'NONE',  ( 734.8986349934057216, 26.70021496104616077, -57.32932723912957584 ) ) ;
#3477 = CARTESIAN_POINT ( 'NONE',  ( 998.4602431500469493, 237.7809241437846026, 48.74588481701197651 ) ) ;
#3478 = CARTESIAN_POINT ( 'NONE',  ( 952.2082818473113548, 173.5217531018421084, -31.49751348557264308 ) ) ;
#3479 = CARTESIAN_POINT ( 'NONE',  ( 1423.588445029544118, 751.2347156343432744, -85.11809101531662236 ) ) ;
#3480 = CARTESIAN_POINT ( 'NONE',  ( 675.7838537333874456, 38.51319252071879617, 35.51552664214764832 ) ) ;
#3481 = CARTESIAN_POINT ( 'NONE',  ( 1464.309897923702238, 911.8471825743356476, -77.73498894448185581 ) ) ;
#3482 = CARTESIAN_POINT ( 'NONE',  ( 676.8500236973532083, 13.01648488770286782, -39.40758941589453457 ) ) ;
#3483 = CARTESIAN_POINT ( 'NONE',  ( 1158.736167751256744, 500.5108691153857876, 143.7026171011070517 ) ) ;
#3484 = CARTESIAN_POINT ( 'NONE',  ( 618.3657957687687485, 19.20710980905240461, 32.06406265403108335 ) ) ;
#3485 = CARTESIAN_POINT ( 'NONE',  ( 788.9263944407848612, 83.22467787411855511, 27.77973347580109120 ) ) ;
#3486 = CARTESIAN_POINT ( 'NONE',  ( 560.0000000000000000, -8.073937833652975016, -34.92572790252103943 ) ) ;
#3487 = CARTESIAN_POINT ( 'NONE',  ( 945.8163751848160246, 208.4682860928024866, 40.94311130302781976 ) ) ;
#3488 = CARTESIAN_POINT ( 'NONE',  ( 560.0000000000000000, 11.67232375949873280, 36.06848443707395546 ) ) ;
#3489 = CARTESIAN_POINT ( 'NONE',  ( 1389.035547486404766, 557.8011748887922749, -159.7868523876014706 ) ) ;
#3490 = CARTESIAN_POINT ( 'NONE',  ( 579.3654805395823360, 11.75739008587117063, 32.22792519653495447 ) ) ;
#3491 = CARTESIAN_POINT ( 'NONE',  ( 1035.487262370619419, 329.7558561838272340, 117.3841754504413188 ) ) ;
#3492 = CARTESIAN_POINT ( 'NONE',  ( 791.0094590228192146, 61.01930802974638368, -55.08267348728929136 ) ) ;
#3493 = CARTESIAN_POINT ( 'NONE',  ( 1060.175234290338267, 229.6802125425244583, -53.09575189418310259 ) ) ;
#3494 = CARTESIAN_POINT ( 'NONE',  ( 1469.121674116651548, 904.7411547928043092, -83.96810754860835857 ) ) ;
#3495 = CARTESIAN_POINT ( 'NONE',  ( 1360.519884476834022, 742.4654033091210295, -19.12830874428798822 ) ) ;
#3496 = CARTESIAN_POINT ( 'NONE',  ( 1312.905620061589616, 830.1242917736735762, 111.2482730240596709 ) ) ;
#3497 = CARTESIAN_POINT ( 'NONE',  ( 845.3608511848383387, 101.8937705265387308, 1.256657160020435926 ) ) ;
#3498 = CARTESIAN_POINT ( 'NONE',  ( 1223.678322284683645, 637.5865632897935029, 142.2665928373106112 ) ) ;
#3499 = CARTESIAN_POINT ( 'NONE',  ( 559.9999999999998863, 7.530046773800572524, 31.12343321060778578 ) ) ;
#3500 = CARTESIAN_POINT ( 'NONE',  ( 1195.244626089206577, 561.3948416157679731, 144.7857573651866971 ) ) ;
#3501 = CARTESIAN_POINT ( 'NONE',  ( 618.1979700166311886, 28.60735499134327853, 41.89512779499017370 ) ) ;
#3502 = CARTESIAN_POINT ( 'NONE',  ( 1118.121386108655315, 244.0569964807460508, -123.9406047587499131 ) ) ;
#3503 = CARTESIAN_POINT ( 'NONE',  ( 1404.510847231594880, 896.5462211107335406, -7.335555349792675983 ) ) ;
#3504 = EDGE_CURVE ( 'NONE', #2837, #3330, #2575, .T. ) ;
#3505 = CARTESIAN_POINT ( 'NONE',  ( 1252.131755740366771, 708.0152850231651200, 163.5452250062716359 ) ) ;
#3506 = CARTESIAN_POINT ( 'NONE',  ( 1418.768413323062305, 979.1028157973743191, 6.129397882216768956 ) ) ;
#3507 = CARTESIAN_POINT ( 'NONE',  ( 1462.939908275164271, 913.8703823476724892, -71.02089072141400550 ) ) ;
#3508 = CARTESIAN_POINT ( 'NONE',  ( 1059.654799686344859, 231.7232676111725880, -75.45525224471245451 ) ) ;
#3509 = CARTESIAN_POINT ( 'NONE',  ( 1038.309943207473225, 318.2874173593696128, 86.76494841003588476 ) ) ;
#3510 = CARTESIAN_POINT ( 'NONE',  ( 1266.854620674904936, 676.0664613480748812, 89.65467226851440330 ) ) ;
#3511 = CARTESIAN_POINT ( 'NONE',  ( 579.5111119388761836, -8.376837672889662301, -35.83717004498581815 ) ) ;
#3512 = CARTESIAN_POINT ( 'NONE',  ( 1093.924789894548667, 330.5802992760016537, 43.75644246296590723 ) ) ;
#3513 = CARTESIAN_POINT ( 'NONE',  ( 1430.051152616004174, 856.3890069688358153, -59.93765301461593964 ) ) ;
#3514 = CARTESIAN_POINT ( 'NONE',  ( 734.5378055067349123, 32.09051992521992958, -41.37026222423531863 ) ) ;
#3515 = CARTESIAN_POINT ( 'NONE',  ( 895.5221635681327825, 161.8986862955937625, 58.69333057219419914 ) ) ;
#3516 = CARTESIAN_POINT ( 'NONE',  ( 560.0000000000000000, 6.258990669850497568, 27.89682253749608165 ) ) ;
#3517 = CARTESIAN_POINT ( 'NONE',  ( 943.5728658856570519, 220.8142299767456507, 98.56215899348624987 ) ) ;
#3519 = CARTESIAN_POINT ( 'NONE',  ( 1221.575905137940708, 642.5655050009982006, 151.7469109484355272 ) ) ;
#3518 = CARTESIAN_POINT ( 'NONE',  ( 1042.613262384192922, 300.8911734913181135, 80.34792051137132773 ) ) ;
#3520 = CARTESIAN_POINT ( 'NONE',  ( 1218.417357046786947, 501.2379513800318023, 46.38249273456540323 ) ) ;
#3521 = CARTESIAN_POINT ( 'NONE',  ( 1307.485374675854018, 439.2334695600512759, -155.7600501354640414 ) ) ;
#3522 = CARTESIAN_POINT ( 'NONE',  ( 1286.015012878159496, 763.3838567759839862, 142.9073834361816182 ) ) ;
#3523 = CARTESIAN_POINT ( 'NONE',  ( 1326.243363845025669, 805.5672833658757099, 72.38196229387830272 ) ) ;
#3524 = CARTESIAN_POINT ( 'NONE',  ( 1342.062604945291241, 994.7457755216039459, 139.6629384833701977 ) ) ;
#3525 = CARTESIAN_POINT ( 'NONE',  ( 1120.182231265519476, 236.7229728047649928, -124.6456627996310260 ) ) ;
#3526 = CARTESIAN_POINT ( 'NONE',  ( 993.7464523426369851, 259.7640138558319904, 90.51435537999968517 ) ) ;
#3527 = CARTESIAN_POINT ( 'NONE',  ( 1372.070035934064663, 1015.320372859299823, 96.17636598417789173 ) ) ;
#3528 = CARTESIAN_POINT ( 'NONE',  ( 559.9999999999996589, -2.161266419927643234, -24.21719482067794615 ) ) ;
#3529 = CARTESIAN_POINT ( 'NONE',  ( 560.0000000000002274, 2.718086478958916530, 18.07839833906786708 ) ) ;
#3530 = CARTESIAN_POINT ( 'NONE',  ( 1471.322757420592097, 864.5529285395390389, -103.4778626251451641 ) ) ;
#3531 = APPROVAL_ROLE ( '' ) ;
#3532 = CARTESIAN_POINT ( 'NONE',  ( 1223.932103345603082, 486.8741606259206378, -7.911057985871038589 ) ) ;
#3533 = CARTESIAN_POINT ( 'NONE',  ( 1082.645820739910050, 370.8382119078424353, 88.78372947277192395 ) ) ;
#3534 = CARTESIAN_POINT ( 'NONE',  ( 1230.105191794094708, 470.8940513951252456, -2.681129037136994242 ) ) ;
#3535 = CARTESIAN_POINT ( 'NONE',  ( 1278.358076530246308, 778.6512342178310746, 147.1299098697673742 ) ) ;
#3536 = CARTESIAN_POINT ( 'NONE',  ( 1162.015053678105232, 491.1195609309514793, 128.6798301264802546 ) ) ;
#3537 = CARTESIAN_POINT ( 'NONE',  ( 992.4449292921773349, 265.8331651858134137, 103.0476362515276776 ) ) ;
#3538 = CARTESIAN_POINT ( 'NONE',  ( 942.7079340682151951, 225.5003898687074866, 89.13807992540070302 ) ) ;
#3539 = CARTESIAN_POINT ( 'NONE',  ( 579.4822325080316432, -4.301549628032756978, -37.01869991717683206 ) ) ;
#3540 = CARTESIAN_POINT ( 'NONE',  ( 560.0000000000000000, 6.257497261648101272, -1.545139279349417860 ) ) ;
#3541 = CARTESIAN_POINT ( 'NONE',  ( 618.2692443050571001, 24.71382832641191030, 45.76904795483021360 ) ) ;
#3542 = CARTESIAN_POINT ( 'NONE',  ( 1045.245264321814602, 290.1425098828513569, 25.50487417187145667 ) ) ;
#3543 = CARTESIAN_POINT ( 'NONE',  ( 1465.953138699954934, 799.9469133127121268, -120.3822164216858823 ) ) ;
#3544 = CARTESIAN_POINT ( 'NONE',  ( 1108.643367908657638, 277.9112756795169048, -77.10121293132517906 ) ) ;
#3545 = CARTESIAN_POINT ( 'NONE',  ( 618.2074708387707460, 27.91701150911454121, 32.99093050870014565 ) ) ;
#3546 = CARTESIAN_POINT ( 'NONE',  ( 1294.866175039878044, 745.6993700699090368, 90.37958561752016351 ) ) ;
#3547 = CARTESIAN_POINT ( 'NONE',  ( 560.0000000000000000, 0.4918103859330993366, 11.16734475695743711 ) ) ;
#3548 = CARTESIAN_POINT ( 'NONE',  ( 1437.527577662378917, 951.3992947672753644, -30.31664042490463018 ) ) ;
#3549 = CARTESIAN_POINT ( 'NONE',  ( 579.4975367838014790, -6.515605497122429313, -27.98449322974801845 ) ) ;
#3550 = CARTESIAN_POINT ( 'NONE',  ( 732.4847266911176575, 62.65050176228228906, 41.06107829074210969 ) ) ;
#3551 = CARTESIAN_POINT ( 'NONE',  ( 560.0000000000000000, -10.32372397057499391, -31.21542679990180247 ) ) ;
#3552 = CARTESIAN_POINT ( 'NONE',  ( 1459.723500432932042, 809.7420102785947620, -107.0730413728882127 ) ) ;
#3553 = CARTESIAN_POINT ( 'NONE',  ( 943.6950755975184393, 220.1472381255493644, 97.66374683361379994 ) ) ;
#3555 = CARTESIAN_POINT ( 'NONE',  ( 731.5141839153683350, 76.99817263514937338, 62.66297325808052676 ) ) ;
#3554 = CARTESIAN_POINT ( 'NONE',  ( 788.2503787081291193, 90.37103386140377381, 44.54680798076927317 ) ) ;
#3556 = CARTESIAN_POINT ( 'NONE',  ( 733.1228441466197410, 53.17191732689556716, 17.33505788156229599 ) ) ;
#3557 = CARTESIAN_POINT ( 'NONE',  ( 1217.041265157897442, 333.4365088531038737, -142.5411936134940447 ) ) ;
#3558 = CARTESIAN_POINT ( 'NONE',  ( 989.7508556378496678, 278.3837146262031297, 114.7803823178450529 ) ) ;
#3559 = CARTESIAN_POINT ( 'NONE',  ( 1467.984919557327657, 869.6234198823437964, -95.85783125051557363 ) ) ;
#3560 = CARTESIAN_POINT ( 'NONE',  ( 1314.504733035367735, 827.1946852971100270, 130.0304263641323246 ) ) ;
#3561 = CARTESIAN_POINT ( 'NONE',  ( 1385.123547047962802, 1028.789531236697940, 79.77400453822673398 ) ) ;
#3562 = CARTESIAN_POINT ( 'NONE',  ( 1449.794314837030925, 825.3480455741882906, -98.40368154770796139 ) ) ;
#3563 = CARTESIAN_POINT ( 'NONE',  ( 996.8395128333055482, 245.3402987386083396, 63.30060570326610758 ) ) ;
#3564 = CARTESIAN_POINT ( 'NONE',  ( 1121.308849376428725, 232.6827608792925446, -134.8087564445244766 ) ) ;
#3565 = CARTESIAN_POINT ( 'NONE',  ( 579.3629193235692583, 12.27017640410841182, 3.445443283169754789 ) ) ;
#3566 = CARTESIAN_POINT ( 'NONE',  ( 1337.017646043027980, 899.0157973806013842, 104.2784937067554552 ) ) ;
#3567 = CARTESIAN_POINT ( 'NONE',  ( 900.0033829145430673, 132.5133255120961167, -4.841291703740290941 ) ) ;
#3568 = CARTESIAN_POINT ( 'NONE',  ( 1349.110596044481554, 983.6612529963042562, 121.1101507287852712 ) ) ;
#3569 = CARTESIAN_POINT ( 'NONE',  ( 944.5634336081019455, 215.4054451475049063, 87.82780705928637133 ) ) ;
#3570 = CARTESIAN_POINT ( 'NONE',  ( 944.4259963387987682, 216.1562023844324187, 89.45653134907082915 ) ) ;
#3571 = CARTESIAN_POINT ( 'NONE',  ( 893.5739962992145138, 174.6631646769312454, 85.48594242500806217 ) ) ;
#3572 = CARTESIAN_POINT ( 'NONE',  ( 990.5577860642737278, 274.6026776156479627, 101.2099521850842336 ) ) ;
#3573 = CARTESIAN_POINT ( 'NONE',  ( 904.4592809339475252, 103.2043217754660418, -86.72333567721236136 ) ) ;
#3574 = CARTESIAN_POINT ( 'NONE',  ( 1327.704297615367750, 680.1648967471080596, -8.595335929315741197 ) ) ;
#3575 = CARTESIAN_POINT ( 'NONE',  ( 893.2171043869611822, 176.9988948294083286, 89.37454974033310862 ) ) ;
#3576 = CARTESIAN_POINT ( 'NONE',  ( 1276.270880999406472, 655.6448716448093137, 56.43993471363357628 ) ) ;
#3577 = CARTESIAN_POINT ( 'NONE',  ( 579.5097717668400037, -8.192978805538684739, -35.21790880857747652 ) ) ;
#3578 = CARTESIAN_POINT ( 'NONE',  ( 1443.142620912939265, 835.8058781060752835, -85.68264234739791618 ) ) ;
#3579 = CARTESIAN_POINT ( 'NONE',  ( 943.4096762667722942, 221.6500231551707145, 76.35127837759631575 ) ) ;
#3580 = CARTESIAN_POINT ( 'NONE',  ( 1040.019490341181381, 311.3465044532648562, 70.19327008537531754 ) ) ;
#3581 = CARTESIAN_POINT ( 'NONE',  ( 1454.481786051615245, 698.4936449579353166, -160.1390266621207843 ) ) ;
#3582 = CARTESIAN_POINT ( 'NONE',  ( 1138.423069150300989, 382.5722828998564751, 42.03193022766614462 ) ) ;
#3583 = CARTESIAN_POINT ( 'NONE',  ( 844.8401335987668972, 105.9763667874983497, -25.60250428552401303 ) ) ;
#3584 = CARTESIAN_POINT ( 'NONE',  ( 1338.406664373148487, 520.9372168436657375, -118.0223086426813524 ) ) ;
#3585 = CC_DESIGN_PERSON_AND_ORGANIZATION_ASSIGNMENT ( #6610, #1847, ( #1436 ) ) ;
#3586 = CARTESIAN_POINT ( 'NONE',  ( 1269.251381957945796, 670.8951531856331485, 108.9804688754428099 ) ) ;
#3587 = CARTESIAN_POINT ( 'NONE',  ( 560.0000000000000000, 4.251391908235527595, -7.868875047342624107 ) ) ;
#3588 = CARTESIAN_POINT ( 'NONE',  ( 847.4679889358570790, 84.74476710755573095, -39.74304073194252140 ) ) ;
#3589 = CARTESIAN_POINT ( 'NONE',  ( 904.3506047227311910, 103.9848015685351896, -68.74632651739426592 ) ) ;
#3590 = CARTESIAN_POINT ( 'NONE',  ( 1226.069870038654472, 631.9425115803987865, 153.7624707703297986 ) ) ;
#3592 = CARTESIAN_POINT ( 'NONE',  ( 1325.020859428640279, 919.5014521983180202, 138.5655528744279650 ) ) ;
#3591 = CARTESIAN_POINT ( 'NONE',  ( 895.9639448788888103, 159.0032931763044814, 52.68566545199595907 ) ) ;
#3593 = CARTESIAN_POINT ( 'NONE',  ( 1140.897645216021374, 374.6892607283369898, 28.34863616783975360 ) ) ;
#3594 = CARTESIAN_POINT ( 'NONE',  ( 1447.773877489715233, 709.9411289192270260, -149.2900480726653427 ) ) ;
#3595 = CARTESIAN_POINT ( 'NONE',  ( 1154.588039984437046, 512.3886177063074001, 151.0193824216265455 ) ) ;
#3596 = CARTESIAN_POINT ( 'NONE',  ( 1470.048937073592015, 866.4879279848926217, -100.3134443870213346 ) ) ;
#3597 = CARTESIAN_POINT ( 'NONE',  ( 994.3882364516798589, 256.7715970277483848, 85.05437781776510064 ) ) ;
#3598 = CARTESIAN_POINT ( 'NONE',  ( 579.4434108722872452, 1.107162793858230687, -27.03137676215552432 ) ) ;
#3599 = CARTESIAN_POINT ( 'NONE',  ( 579.3914620889468097, 8.143976276436843520, 22.71807991167080942 ) ) ;
#3600 = CARTESIAN_POINT ( 'NONE',  ( 1267.720504212463538, 373.2276422948889945, -159.2177394544388846 ) ) ;
#3601 = CARTESIAN_POINT ( 'NONE',  ( 1095.074334413762244, 326.3983645088991921, 1.791971364353748708 ) ) ;
#3602 = CARTESIAN_POINT ( 'NONE',  ( 1081.644994546045154, 374.4193428343126584, 97.03686920093065282 ) ) ;
#3603 = CARTESIAN_POINT ( 'NONE',  ( 1236.572447667234655, 454.1034958702735480, -29.71651069522392774 ) ) ;
#3604 = CARTESIAN_POINT ( 'NONE',  ( 1191.070919921813811, 572.2119206273690679, 142.6498645445951468 ) ) ;
#3605 = CARTESIAN_POINT ( 'NONE',  ( 579.3585909907704945, 12.71467721756046920, 34.72724740565077184 ) ) ;
#3606 = CARTESIAN_POINT ( 'NONE',  ( 1197.196142259211683, 556.3283175864446548, 135.1490031490154138 ) ) ;
#3607 = CARTESIAN_POINT ( 'NONE',  ( 1255.965286446596110, 699.7044537407732605, 154.6493483909170266 ) ) ;
#3608 = CARTESIAN_POINT ( 'NONE',  ( 1036.231327127814211, 326.7326326928449589, 109.6321354736498535 ) ) ;
#3609 = CARTESIAN_POINT ( 'NONE',  ( 848.3378863391860705, 77.57554892289664394, -75.64323411636938488 ) ) ;
#3610 = CARTESIAN_POINT ( 'NONE',  ( 732.6486782973338450, 59.97700342398193385, -3.106770346915355585 ) ) ;
#3611 = CARTESIAN_POINT ( 'NONE',  ( 787.0356634971532230, 103.1930833496486741, 72.15731588091655624 ) ) ;
#3612 = CARTESIAN_POINT ( 'NONE',  ( 1088.557522555715650, 349.6946697992851796, 44.70571453958139330 ) ) ;
#3613 = CARTESIAN_POINT ( 'NONE',  ( 849.3254648036776189, 69.61812441724133294, -76.44551176438132245 ) ) ;
#3614 = CARTESIAN_POINT ( 'NONE',  ( 560.0000000000002274, 1.584734030523817561, -15.29136187641367428 ) ) ;
#3615 = CARTESIAN_POINT ( 'NONE',  ( 991.6088900433484241, 269.6844016750432047, 86.00354466417471144 ) ) ;
#3616 = CARTESIAN_POINT ( 'NONE',  ( 1388.271644491998813, 990.7100020045006659, 57.35374275127686161 ) ) ;
#3617 = CARTESIAN_POINT ( 'NONE',  ( 618.7337576482070745, -2.643589255215184952, -49.42823790876898471 ) ) ;
#3618 = CARTESIAN_POINT ( 'NONE',  ( 1049.106154340637431, 274.5680602060813840, 31.59244717279247183 ) ) ;
#3619 = CARTESIAN_POINT ( 'NONE',  ( 732.8735643583886485, 56.63209061514791642, -11.48076370811066660 ) ) ;
#3620 = CARTESIAN_POINT ( 'NONE',  ( 1371.091141949915709, 593.6101204055576090, -108.3386022825566783 ) ) ;
#3621 = CARTESIAN_POINT ( 'NONE',  ( 1372.948799655342327, 589.8864987991493081, -129.1981414750806891 ) ) ;
#3622 = CARTESIAN_POINT ( 'NONE',  ( 560.0000000000000000, -2.300494835859645537, 1.592182505679337723 ) ) ;
#3623 = CARTESIAN_POINT ( 'NONE',  ( 1326.757746698158826, 546.1979932145625298, -80.47143207700209189 ) ) ;
#3624 = CARTESIAN_POINT ( 'NONE',  ( 791.9700302759762280, 50.98628800223895041, -54.66666508728437179 ) ) ;
#3625 = CARTESIAN_POINT ( 'NONE',  ( 1122.177829589639714, 434.3160373010484818, 131.7518083296868667 ) ) ;
#3626 = CARTESIAN_POINT ( 'NONE',  ( 1242.897202793141560, 592.1176402837506885, 90.35536430124686547 ) ) ;
#3627 = CARTESIAN_POINT ( 'NONE',  ( 676.6506974222814961, 17.80890846085828016, -24.04926551178687788 ) ) ;
#3628 = CARTESIAN_POINT ( 'NONE',  ( 579.4250123659372775, 3.491330831663320922, 8.572998495109706241 ) ) ;
#3629 = CARTESIAN_POINT ( 'NONE',  ( 1215.046003772507447, 339.1495501415981835, -135.8377910672546420 ) ) ;
#3630 = CARTESIAN_POINT ( 'NONE',  ( 559.9999999999998863, 10.95289695544836306, 36.46535892392742539 ) ) ;
#3631 = CARTESIAN_POINT ( 'NONE',  ( 905.8421591277802918, 94.16606794159713445, -95.31199138096600620 ) ) ;
#3632 = CARTESIAN_POINT ( 'NONE',  ( 1290.725143956810371, 753.9847172627124792, 129.1539126144438399 ) ) ;
#3633 = CARTESIAN_POINT ( 'NONE',  ( 1295.502534323172995, 862.1708699119225230, 167.0198587819340332 ) ) ;
#3634 = CARTESIAN_POINT ( 'NONE',  ( 676.4639534403542029, 21.97006422992761188, -39.85071938803755387 ) ) ;
#3635 = CARTESIAN_POINT ( 'NONE',  ( 1300.811462002086046, 733.8570582960589945, 99.03146976348541841 ) ) ;
#3636 = CARTESIAN_POINT ( 'NONE',  ( 1475.700562645799209, 784.6212755355848003, -142.2814406467842616 ) ) ;
#3637 = CARTESIAN_POINT ( 'NONE',  ( 732.3360368421696194, 64.63358637883895597, 9.593444970224904722 ) ) ;
#3638 = CARTESIAN_POINT ( 'NONE',  ( 1380.224680994265327, 1002.933423994748296, 76.20918914107610931 ) ) ;
#3639 = CARTESIAN_POINT ( 'NONE',  ( 1104.520607315188045, 292.7092190751616272, -24.56336349957613763 ) ) ;
#3640 = CARTESIAN_POINT ( 'NONE',  ( 1347.133427619991380, 986.7706760502080670, 126.2124747829702329 ) ) ;
#3641 = CARTESIAN_POINT ( 'NONE',  ( 1395.027722323812668, 1014.163051982219827, 67.13470738071158905 ) ) ;
#3642 = CARTESIAN_POINT ( 'NONE',  ( 618.1979899012970918, 28.63647745393181410, 43.49683338863685833 ) ) ;
#3643 = CARTESIAN_POINT ( 'NONE',  ( 676.7459788587436833, 15.29466755037528181, -51.38270397728975070 ) ) ;
#3644 = CARTESIAN_POINT ( 'NONE',  ( 675.7918175532433906, 37.96341905969148911, -2.617115243269713343 ) ) ;
#3645 = CARTESIAN_POINT ( 'NONE',  ( 787.0989449496227053, 102.5263980009877116, 71.26890747617426314 ) ) ;
#3646 = CARTESIAN_POINT ( 'NONE',  ( 996.5130920180436078, 246.7746847233437677, 31.00204844257459058 ) ) ;
#3647 = CARTESIAN_POINT ( 'NONE',  ( 792.3515771815951894, 46.93726015451711930, -65.59299006360654971 ) ) ;
#3648 = CARTESIAN_POINT ( 'NONE',  ( 1153.680381396819485, 333.9145018402027745, -69.29150040987119041 ) ) ;
#3649 = CARTESIAN_POINT ( 'NONE',  ( 1037.682992402402533, 320.8336662448882066, 93.14096114182488861 ) ) ;
#3650 = CARTESIAN_POINT ( 'NONE',  ( 957.7692855652114758, 143.1502830503941368, -82.42498249350356332 ) ) ;
#3651 = CARTESIAN_POINT ( 'NONE',  ( 1068.998295322236800, 193.8713045950915159, -125.7292671300743478 ) ) ;
#3652 = CARTESIAN_POINT ( 'NONE',  ( 1256.176504220531115, 560.6887892523848222, 41.08697132949669850 ) ) ;
#3653 = CARTESIAN_POINT ( 'NONE',  ( 732.9902385691401605, 54.89774148490914030, -15.64260845802242450 ) ) ;
#3654 = CARTESIAN_POINT ( 'NONE',  ( 1114.511635574517186, 256.9958945477151815, -88.50281504180556169 ) ) ;
#3655 = CARTESIAN_POINT ( 'NONE',  ( 579.4518691501956482, -0.06768430158316302014, -29.47719164342665721 ) ) ;
#3656 = CARTESIAN_POINT ( 'NONE',  ( 1410.248042162935462, 887.5346258067469307, 0.6114444348592686929 ) ) ;
#3657 = CARTESIAN_POINT ( 'NONE',  ( 618.2178584779767334, 27.25235834555095238, 28.11087111443005782 ) ) ;
#3658 = CARTESIAN_POINT ( 'NONE',  ( 734.4887180216127263, 32.82316821537636287, -39.23418962257140663 ) ) ;
#3659 = CARTESIAN_POINT ( 'NONE',  ( 1434.135322093816740, 733.2293708369121532, -110.1963578203629481 ) ) ;
#3660 = CARTESIAN_POINT ( 'NONE',  ( 1121.901922859873821, 435.1944166522675914, 132.9348523132951527 ) ) ;
#3661 = CARTESIAN_POINT ( 'NONE',  ( 788.3489771448410011, 89.32915036674053511, 42.16080517310840747 ) ) ;
#3662 = CARTESIAN_POINT ( 'NONE',  ( 734.0389741839929911, 39.53061768229761697, -20.08518866309901441 ) ) ;
#3663 = CARTESIAN_POINT ( 'NONE',  ( 618.4709324858820310, 13.13942821421037443, 15.03895701710848165 ) ) ;
#3664 = CARTESIAN_POINT ( 'NONE',  ( 848.6480918978439831, 75.06076138014935850, -79.08362363701729691 ) ) ;
#3665 = CARTESIAN_POINT ( 'NONE',  ( 1342.069366416760204, 994.7354571940333017, 140.2882989773440272 ) ) ;
#3666 = CARTESIAN_POINT ( 'NONE',  ( 849.5399346584482601, 67.84529756988645488, -84.61183854869601362 ) ) ;
#3667 = CARTESIAN_POINT ( 'NONE',  ( 1396.386478003513048, 1012.156442526355363, 64.46239082309880075 ) ) ;
#3668 = CARTESIAN_POINT ( 'NONE',  ( 840.1134607472705511, 144.5151250461714767, 83.90027192987474791 ) ) ;
#3669 = CARTESIAN_POINT ( 'NONE',  ( 1451.360752398123168, 930.9704718051862073, -55.62886204372703247 ) ) ;
#3670 = CARTESIAN_POINT ( 'NONE',  ( 788.4469433649459233, 88.29383030281040590, 39.77247006683419528 ) ) ;
#3671 = CARTESIAN_POINT ( 'NONE',  ( 1312.246518872735805, 427.9718677863660901, -167.0194057865776927 ) ) ;
#3672 = CARTESIAN_POINT ( 'NONE',  ( 1411.210405486382797, 955.8656031455475386, 7.591345146486533579 ) ) ;
#3673 = CARTESIAN_POINT ( 'NONE',  ( 1286.324984895353964, 762.7475019394005358, 118.7090598272623367 ) ) ;
#3674 = CARTESIAN_POINT ( 'NONE',  ( 1341.317527935084627, 653.0246480114341239, -21.35080508650380793 ) ) ;
#3675 = CARTESIAN_POINT ( 'NONE',  ( 1323.968371985538852, 921.2987224798422403, 141.5368696747123067 ) ) ;
#3676 = CARTESIAN_POINT ( 'NONE',  ( 841.6364662826863423, 132.1666650678417341, 68.90589915870282312 ) ) ;
#3677 = CARTESIAN_POINT ( 'NONE',  ( 893.3856115561799243, 175.8962535120201665, 87.76697189625276962 ) ) ;
#3678 = APPROVAL_PERSON_ORGANIZATION ( #1679, #1526, #74 ) ;
#3679 = CARTESIAN_POINT ( 'NONE',  ( 1167.053549003517674, 291.3320245592339006, -128.3312850911713952 ) ) ;
#3680 = CARTESIAN_POINT ( 'NONE',  ( 1101.871757340475142, 302.1770845769107723, -7.483022136598511231 ) ) ;
#3681 = CARTESIAN_POINT ( 'NONE',  ( 731.8830501142226694, 71.56711107045609310, 61.71056867225697573 ) ) ;
#3682 = CARTESIAN_POINT ( 'NONE',  ( 946.2564281192753697, 206.0603076663485353, 35.22963905456730060 ) ) ;
#3683 = CARTESIAN_POINT ( 'NONE',  ( 734.9692285436141219, 25.64703885821590035, -60.41299316753840287 ) ) ;
#3684 = CARTESIAN_POINT ( 'NONE',  ( 618.4817585118918259, 11.74493968026707869, -23.71296196206981932 ) ) ;
#3685 = CARTESIAN_POINT ( 'NONE',  ( 840.6276719317761490, 140.2916023396725222, 64.24061759041924802 ) ) ;
#3686 = CARTESIAN_POINT ( 'NONE',  ( 1115.730406395316550, 252.5956924712279204, -113.0819500380076619 ) ) ;
#3687 = CARTESIAN_POINT ( 'NONE',  ( 905.7395660605119474, 94.82844913766362538, -96.24203026655912652 ) ) ;
#3688 = CARTESIAN_POINT ( 'NONE',  ( 579.4250123659372775, 3.491330831663320922, 8.572998495109706241 ) ) ;
#3689 = CARTESIAN_POINT ( 'NONE',  ( 1394.810265185715025, 800.3486603741368981, -37.76429495181172769 ) ) ;
#3690 = CARTESIAN_POINT ( 'NONE',  ( 676.8736847699852888, 12.44701047723697052, -41.24283209255108318 ) ) ;
#3691 = CARTESIAN_POINT ( 'NONE',  ( 1430.255285593356120, 739.8430204060621236, -114.8659563796144880 ) ) ;
#3692 = CARTESIAN_POINT ( 'NONE',  ( 1084.925162463706329, 362.6843055581243789, 71.00472817840434914 ) ) ;
#3693 = CARTESIAN_POINT ( 'NONE',  ( 579.4855841150846345, -4.871464301569239375, -21.41906336538050226 ) ) ;
#3694 = CARTESIAN_POINT ( 'NONE',  ( 1456.125588017544032, 887.6378550521776560, -71.43335932199320837 ) ) ;
#3695 = CARTESIAN_POINT ( 'NONE',  ( 893.3856115561799243, 175.8962535120201665, 87.76697189625276962 ) ) ;
#3696 = CARTESIAN_POINT ( 'NONE',  ( 843.0345274404982092, 120.8105507414592523, 44.71701850485408158 ) ) ;
#3697 = CARTESIAN_POINT ( 'NONE',  ( 560.0000000000007958, -6.272471368621532761, -13.32738513222779808 ) ) ;
#3698 = CARTESIAN_POINT ( 'NONE',  ( 845.2662577851010610, 102.6633657128655415, 3.075709776155402864 ) ) ;
#3699 = CARTESIAN_POINT ( 'NONE',  ( 959.2935330546443993, 134.8311842744887770, -94.26319104651365421 ) ) ;
#3700 = CARTESIAN_POINT ( 'NONE',  ( 618.2078763383168507, 28.18788556228330577, 49.29158493852742851 ) ) ;
#3701 = CARTESIAN_POINT ( 'NONE',  ( 849.5301186750476745, 67.93260240447321507, -83.21977139183631778 ) ) ;
#3702 = CARTESIAN_POINT ( 'NONE',  ( 732.2470640005008136, 66.17517068530190727, 49.34172206084444667 ) ) ;
#3703 = CARTESIAN_POINT ( 'NONE',  ( 1384.631514526498677, 1029.516164526914281, 81.04193870719757342 ) ) ;
#3704 = CARTESIAN_POINT ( 'NONE',  ( 1336.587670595761438, 786.5416278147050662, 70.64777197570214184 ) ) ;
#3705 = CARTESIAN_POINT ( 'NONE',  ( 1475.692658264766578, 784.6331348987748697, -142.9351865269422888 ) ) ;
#3706 = CARTESIAN_POINT ( 'NONE',  ( 579.3577134951888183, 12.98875445331117007, 6.056366560183534808 ) ) ;
#3707 = CARTESIAN_POINT ( 'NONE',  ( 1393.583641791982245, 1016.295669121185483, 59.91177969885131205 ) ) ;
#3708 = CARTESIAN_POINT ( 'NONE',  ( 1192.881100743487877, 402.6851776320336285, -18.54078841412034961 ) ) ;
#3709 = CARTESIAN_POINT ( 'NONE',  ( 618.1976355990840375, 28.67309540335526208, 44.38470794202746816 ) ) ;
#3710 = CARTESIAN_POINT ( 'NONE',  ( 618.3177579359261244, 21.95566758120279616, 38.94893048376726341 ) ) ;
#3711 = CARTESIAN_POINT ( 'NONE',  ( 848.2110966107322838, 78.60351314110747012, -74.17518307155410184 ) ) ;
#3712 = CARTESIAN_POINT ( 'NONE',  ( 1337.624697114039918, 660.3939461995221336, -10.42449236867891926 ) ) ;
#3713 = CARTESIAN_POINT ( 'NONE',  ( 787.4758689723033740, 98.39957576658632377, 29.76459906845197878 ) ) ;
#3714 = CARTESIAN_POINT ( 'NONE',  ( 1422.849523425923280, 627.7415298403388988, -157.4399225677885283 ) ) ;
#3715 = CARTESIAN_POINT ( 'NONE',  ( 733.3591553178343929, 49.41851678214093369, -28.00656455977016535 ) ) ;
#3716 = CARTESIAN_POINT ( 'NONE',  ( 1380.224680994265327, 1002.933423994748296, 76.20918914107610931 ) ) ;
#3717 = CARTESIAN_POINT ( 'NONE',  ( 676.6629868810794051, 17.25382327495613666, -48.35062163601478602 ) ) ;
#3718 = CARTESIAN_POINT ( 'NONE',  ( 1301.372686075816318, 851.3606354813251755, 147.7818776049506369 ) ) ;
#3719 = CARTESIAN_POINT ( 'NONE',  ( 676.9353500904852581, 10.81849770217435847, -57.41238772858101669 ) ) ;
#3720 = CARTESIAN_POINT ( 'NONE',  ( 733.2109243449118594, 51.86152337035127857, 13.81401684614736425 ) ) ;
#3721 = CARTESIAN_POINT ( 'NONE',  ( 951.5688856853469133, 177.0156430917154466, -24.94887609548069562 ) ) ;
#3722 = CARTESIAN_POINT ( 'NONE',  ( 1458.992102898749636, 919.7004986199118548, -63.16002550311647212 ) ) ;
#3723 = CARTESIAN_POINT ( 'NONE',  ( 1161.191074349125984, 309.9969355843390417, -103.7406599474462325 ) ) ;
#3724 = CARTESIAN_POINT ( 'NONE',  ( 1371.814124622097779, 947.9585598530778725, 65.00846997335509059 ) ) ;
#3725 = CARTESIAN_POINT ( 'NONE',  ( 1446.702438867261435, 901.9520029776535921, -51.87931071333114375 ) ) ;
#3726 = CARTESIAN_POINT ( 'NONE',  ( 848.8490783896612584, 73.49684169095831976, -67.19844909650191767 ) ) ;
#3727 = CARTESIAN_POINT ( 'NONE',  ( 893.6684180086132301, 174.0449192338899138, 84.02782219849187584 ) ) ;
#3728 = CARTESIAN_POINT ( 'NONE',  ( 1332.569762007822874, 793.9383051793813593, 81.44145163487233674 ) ) ;
#3729 = CARTESIAN_POINT ( 'NONE',  ( 957.0817957737937149, 146.9871311978878907, -52.39086720862286484 ) ) ;
#3730 = CARTESIAN_POINT ( 'NONE',  ( 1406.150574593639931, 893.9773739702939110, 9.639291225101807470 ) ) ;
#3731 = CARTESIAN_POINT ( 'NONE',  ( 1419.064116658973035, 634.7023452112949826, -156.2142744935340772 ) ) ;
#3732 = CARTESIAN_POINT ( 'NONE',  ( 1396.270564085762999, 978.5595251469437699, 39.42540416799970160 ) ) ;
#3733 = CARTESIAN_POINT ( 'NONE',  ( 1035.900988830918322, 328.0918329646860343, 123.5517436256107118 ) ) ;
#3734 = CARTESIAN_POINT ( 'NONE',  ( 792.5298399809225884, 45.00640222634146426, -75.82346938048883089 ) ) ;
#3735 = CARTESIAN_POINT ( 'NONE',  ( 1265.194626821838710, 679.6916128696643682, 122.5292626943310808 ) ) ;
#3736 = CARTESIAN_POINT ( 'NONE',  ( 840.1211297842788781, 144.4565861531312407, 85.21983787245417830 ) ) ;
#3737 = CARTESIAN_POINT ( 'NONE',  ( 1245.743801851009039, 585.3805403915348506, 79.80384530456591108 ) ) ;
#3738 = CARTESIAN_POINT ( 'NONE',  ( 1469.169755742218285, 904.6701478811463630, -84.32367358340395924 ) ) ;
#3739 = CARTESIAN_POINT ( 'NONE',  ( 995.7720641819954608, 250.2341120880655581, 38.43996550906107501 ) ) ;
#3740 = CARTESIAN_POINT ( 'NONE',  ( 1190.861502488857013, 408.4720375642028785, -8.882423710562049379 ) ) ;
#3741 = CARTESIAN_POINT ( 'NONE',  ( 942.2999009941228223, 227.7404821086863080, 96.85065753528827770 ) ) ;
#3742 = CARTESIAN_POINT ( 'NONE',  ( 1039.643164413426348, 312.9297103049343605, 102.0380841931848437 ) ) ;
#3743 = CARTESIAN_POINT ( 'NONE',  ( 841.0931508406027888, 136.5770587053515328, 78.82538231756255698 ) ) ;
#3744 = CARTESIAN_POINT ( 'NONE',  ( 1462.964472856822113, 804.6423249119391130, -122.6179340251666616 ) ) ;
#3745 = CARTESIAN_POINT ( 'NONE',  ( 899.7260515385963799, 134.3327507571295030, -0.7855100367625265090 ) ) ;
#3746 = CARTESIAN_POINT ( 'NONE',  ( 677.0162611276148255, 8.984245054939425046, -54.41415409139964510 ) ) ;
#3747 = CARTESIAN_POINT ( 'NONE',  ( 618.4599025937567376, 13.00612497639834864, -20.67700606122440377 ) ) ;
#3748 = CARTESIAN_POINT ( 'NONE',  ( 1307.302965587384961, 840.4403996176413330, 128.3449620601680579 ) ) ;
#3749 = CARTESIAN_POINT ( 'NONE',  ( 1156.702036506592776, 506.3244324884169600, 135.9764321746064013 ) ) ;
#3750 = CARTESIAN_POINT ( 'NONE',  ( 1015.201769655270027, 159.6250004047292919, -114.2723128701260578 ) ) ;
#3751 = CARTESIAN_POINT ( 'NONE',  ( 676.1513197504774553, 29.76441432203069226, 11.99225267508960258 ) ) ;
#3752 = CARTESIAN_POINT ( 'NONE',  ( 1430.333805554286528, 926.8166646431386653, -30.99691116084450826 ) ) ;
#3753 = CARTESIAN_POINT ( 'NONE',  ( 1117.198952553304935, 247.3891210139348118, -105.6008242456734081 ) ) ;
#3754 = CARTESIAN_POINT ( 'NONE',  ( 1114.066948056681895, 258.5370931066261733, -105.0685706928885850 ) ) ;
#3755 = CARTESIAN_POINT ( 'NONE',  ( 1085.513028044659904, 360.5818573657252273, 66.59739491736473838 ) ) ;
#3756 = CARTESIAN_POINT ( 'NONE',  ( 848.0241227172576828, 80.21668326966550921, -50.69595067876716143 ) ) ;
#3757 = CARTESIAN_POINT ( 'NONE',  ( 1013.867198698590300, 165.8871626445972538, -93.54852923466467018 ) ) ;
#3758 = CARTESIAN_POINT ( 'NONE',  ( 992.4449292921773349, 265.8331651858134137, 103.0476362515276776 ) ) ;
#3759 = CARTESIAN_POINT ( 'NONE',  ( 1209.941852753464445, 523.2411183511096624, 81.88922213215738566 ) ) ;
#3760 = CARTESIAN_POINT ( 'NONE',  ( 1421.218441016520273, 755.2686375644673262, -95.91821024047790445 ) ) ;
#3761 = CARTESIAN_POINT ( 'NONE',  ( 956.7906834063156793, 148.5789668271012545, -49.04008144497315413 ) ) ;
#3762 = CARTESIAN_POINT ( 'NONE',  ( 1397.968186021410247, 906.8432074391355400, 27.71503757620561359 ) ) ;
#3763 = CARTESIAN_POINT ( 'NONE',  ( 1013.214852095811352, 168.8837670432198763, -103.0585178039652305 ) ) ;
#3764 = CARTESIAN_POINT ( 'NONE',  ( 731.9350496413369456, 70.62514317705081623, 28.97638776487339740 ) ) ;
#3765 = CARTESIAN_POINT ( 'NONE',  ( 731.6971567836134227, 74.31615364175456762, 65.08891967199578232 ) ) ;
#3766 = CARTESIAN_POINT ( 'NONE',  ( 1121.251611498679495, 232.8841892282707136, -135.3580376206504070 ) ) ;
#3767 = CARTESIAN_POINT ( 'NONE',  ( 1083.149319490708649, 369.0846713648179502, 111.8218769510331896 ) ) ;
#3768 = CARTESIAN_POINT ( 'NONE',  ( 1127.621510533009996, 416.9783842451870441, 101.1468503184585614 ) ) ;
#3769 = CARTESIAN_POINT ( 'NONE',  ( 1318.890554263763761, 929.9705892522429167, 156.6101888753610467 ) ) ;
#3770 = CARTESIAN_POINT ( 'NONE',  ( 1361.148587464066395, 857.8317399085441366, 66.36998120524827982 ) ) ;
#3771 = CARTESIAN_POINT ( 'NONE',  ( 618.7406511909924802, -3.022353528897752994, -49.45186425476430969 ) ) ;
#3772 = CARTESIAN_POINT ( 'NONE',  ( 618.2793897361915469, 23.53088652057843788, 10.43105115319706400 ) ) ;
#3773 = CARTESIAN_POINT ( 'NONE',  ( 1081.002346319029812, 376.7189521802838499, 102.4041164709804974 ) ) ;
#3774 = CARTESIAN_POINT ( 'NONE',  ( 1430.784162021091106, 855.2444622325592718, -44.45412517228108840 ) ) ;
#3775 = CARTESIAN_POINT ( 'NONE',  ( 731.5141839153683350, 76.99817263514937338, 62.66297325808052676 ) ) ;
#3776 = CARTESIAN_POINT ( 'NONE',  ( 1336.206421241878161, 900.4137553325141425, 127.1900962208926700 ) ) ;
#3777 = CARTESIAN_POINT ( 'NONE',  ( 618.6447080664861460, 2.406609145543585182, -42.61606499241007384 ) ) ;
#3778 = CARTESIAN_POINT ( 'NONE',  ( 1229.297910327485170, 472.9899338486009697, 0.7002808316221400542 ) ) ;
#3779 = CARTESIAN_POINT ( 'NONE',  ( 1308.758402176415984, 436.2356915537964142, -150.9918183237868732 ) ) ;
#3780 = APPROVAL_DATE_TIME ( #1643, #4092 ) ;
#3781 = CARTESIAN_POINT ( 'NONE',  ( 844.2133496620405140, 111.0719295219654583, -14.90646092896714414 ) ) ;
#3782 = CARTESIAN_POINT ( 'NONE',  ( 786.7061096628939367, 106.6105178887916622, 62.16348343477688587 ) ) ;
#3783 = CARTESIAN_POINT ( 'NONE',  ( 1378.763133429208892, 1005.153538659031369, 79.71869210723667720 ) ) ;
#3784 = CARTESIAN_POINT ( 'NONE',  ( 579.4913840454133833, -5.577791372021931871, -38.97215773073898504 ) ) ;
#3785 = CARTESIAN_POINT ( 'NONE',  ( 1295.448965784524262, 614.0885983327406166, 22.20542089736533953 ) ) ;
#3786 = CARTESIAN_POINT ( 'NONE',  ( 1377.702895343773889, 829.5534056341186897, 1.876574771473919601 ) ) ;
#3787 = CARTESIAN_POINT ( 'NONE',  ( 1065.038972849591801, 209.9536970289760802, -90.03789034976360028 ) ) ;
#3788 = CARTESIAN_POINT ( 'NONE',  ( 1450.092829952713373, 896.8020958217499583, -68.52714063763934860 ) ) ;
#3789 = CARTESIAN_POINT ( 'NONE',  ( 1348.828699435987346, 878.8493445298097413, 72.98098527234806454 ) ) ;
#3790 = CARTESIAN_POINT ( 'NONE',  ( 560.0000000000007958, -7.735713295934110612, -19.19933081396005292 ) ) ;
#3791 = CARTESIAN_POINT ( 'NONE',  ( 1214.326113172603982, 341.2362159319223451, -119.6402059430019591 ) ) ;
#3792 = CARTESIAN_POINT ( 'NONE',  ( 893.5739962992145138, 174.6631646769312454, 85.48594242500806217 ) ) ;
#3793 = CARTESIAN_POINT ( 'NONE',  ( 1133.448515725042625, 398.4183801570162018, 69.34895884132980370 ) ) ;
#3794 = CARTESIAN_POINT ( 'NONE',  ( 1447.166068939785418, 937.1651774594791959, -48.10510854183997509 ) ) ;
#3795 = CARTESIAN_POINT ( 'NONE',  ( 1247.550917342241974, 425.6005754520190862, -75.21359268321278080 ) ) ;
#3796 = CARTESIAN_POINT ( 'NONE',  ( 1422.375695092015349, 973.7755845550831282, 11.10341394011116023 ) ) ;
#3797 = CARTESIAN_POINT ( 'NONE',  ( 1213.750763477255305, 342.8588505549387833, -131.2433639131496932 ) ) ;
#3798 = CARTESIAN_POINT ( 'NONE',  ( 1129.129656227861688, 412.1250964539906931, 61.61295839448182221 ) ) ;
#3799 = CARTESIAN_POINT ( 'NONE',  ( 1273.509183789448116, 788.3356118605931897, 170.5459142828757990 ) ) ;
#3800 = CARTESIAN_POINT ( 'NONE',  ( 1469.121674116651548, 904.7411547928043092, -83.96810754860835857 ) ) ;
#3801 = CARTESIAN_POINT ( 'NONE',  ( 842.1947323378665260, 127.6333162134952204, 59.50602139211287067 ) ) ;
#3802 = CARTESIAN_POINT ( 'NONE',  ( 1318.907161043963924, 929.9426613408678577, 157.3004876951324036 ) ) ;
#3803 = CARTESIAN_POINT ( 'NONE',  ( 1091.261135821664311, 340.0994892559498339, 60.80566525369944486 ) ) ;
#3804 = CARTESIAN_POINT ( 'NONE',  ( 1171.811777087674727, 276.1868307482542946, -144.5424624497117065 ) ) ;
#3805 = CARTESIAN_POINT ( 'NONE',  ( 841.9634843225185250, 129.3824699351740719, 28.80175791370048444 ) ) ;
#3806 = CARTESIAN_POINT ( 'NONE',  ( 579.3264370843298821, 17.25269477389682393, 31.40840878154854110 ) ) ;
#3807 = CARTESIAN_POINT ( 'NONE',  ( 560.0000000000002274, -6.770927219467900215, -15.28268271760229879 ) ) ;
#3808 = CARTESIAN_POINT ( 'NONE',  ( 579.3247034673235021, 17.45346905578144714, 39.25215762709196810 ) ) ;
#3809 = CARTESIAN_POINT ( 'NONE',  ( 1307.990206728780095, 438.0542585917644942, -148.1936555420301431 ) ) ;
#3810 = CARTESIAN_POINT ( 'NONE',  ( 1384.606981471631570, 996.2762607791631808, 79.39748593500837615 ) ) ;
#3811 = CARTESIAN_POINT ( 'NONE',  ( 1319.493379150965438, 928.9428543109920611, 157.7834641327191889 ) ) ;
#3812 = CARTESIAN_POINT ( 'NONE',  ( 1259.524234595683993, 394.4893226991005690, -137.8322154530748662 ) ) ;
#3813 = CARTESIAN_POINT ( 'NONE',  ( 1003.901555420025488, 212.3953692134419953, -1.228165835761539038 ) ) ;
#3814 = CARTESIAN_POINT ( 'NONE',  ( 1466.172404803198788, 872.3764508792357901, -92.07500654913329186 ) ) ;
#3815 = DATE_AND_TIME ( #4336, #6358 ) ;
#3816 = CARTESIAN_POINT ( 'NONE',  ( 789.2271185807145457, 79.84751007840505110, -17.95014079544819197 ) ) ;
#3817 = CARTESIAN_POINT ( 'NONE',  ( 560.0000000000004547, 11.75030569459770824, 29.37711627488264554 ) ) ;
#3818 = CARTESIAN_POINT ( 'NONE',  ( 1354.334740229655381, 975.4454183184750491, 107.2589592315760996 ) ) ;
#3819 = CARTESIAN_POINT ( 'NONE',  ( 1467.086881014719665, 907.7461358501518589, -81.79764704301292966 ) ) ;
#3820 = CARTESIAN_POINT ( 'NONE',  ( 1182.788412357513380, 431.6037607150078657, 29.76298255482843658 ) ) ;
#3821 = CARTESIAN_POINT ( 'NONE',  ( 1221.455390192452114, 493.3041559051791864, 2.130859013282658143 ) ) ;
#3822 = CARTESIAN_POINT ( 'NONE',  ( 734.7330963983922629, 29.17489074937702753, -49.88679967643827950 ) ) ;
#3823 = CARTESIAN_POINT ( 'NONE',  ( 790.7671413011813684, 63.57674875269181314, -50.56057435444461134 ) ) ;
#3824 = CARTESIAN_POINT ( 'NONE',  ( 1291.393775990365839, 752.6300350012543277, 101.6869440026840863 ) ) ;
#3825 = CARTESIAN_POINT ( 'NONE',  ( 1011.552126743512986, 176.6935113969138058, -72.04513578748030511 ) ) ;
#3826 = CARTESIAN_POINT ( 'NONE',  ( 676.9355110834370635, 10.95109437301204203, -46.56185333733096599 ) ) ;
#3827 = CARTESIAN_POINT ( 'NONE',  ( 1256.630138278501818, 698.2628395983581413, 152.3707121302261669 ) ) ;
#3828 = CARTESIAN_POINT ( 'NONE',  ( 1212.366603947908516, 516.9463525508359680, 71.75054217524294131 ) ) ;
#3829 = CARTESIAN_POINT ( 'NONE',  ( 1323.143000950306941, 554.0103820164237050, -90.72527208647464647 ) ) ;
#3830 = CARTESIAN_POINT ( 'NONE',  ( 903.1139119356523679, 112.1022680048839248, -50.49207144534454983 ) ) ;
#3831 = CARTESIAN_POINT ( 'NONE',  ( 1042.171094837708097, 302.6835226343499698, 83.63016572885956634 ) ) ;
#3832 = CARTESIAN_POINT ( 'NONE',  ( 1358.685977769088367, 745.8601932920671516, 11.29247842440555871 ) ) ;
#3833 = CARTESIAN_POINT ( 'NONE',  ( 791.7197667286693559, 53.52799876723786809, -67.13340342188129739 ) ) ;
#3834 = CARTESIAN_POINT ( 'NONE',  ( 1128.368943347114282, 414.5494577316364371, 66.29278962016620369 ) ) ;
#3835 = CARTESIAN_POINT ( 'NONE',  ( 990.1132992056391231, 276.6973957623325191, 114.7614459950646335 ) ) ;
#3836 = CARTESIAN_POINT ( 'NONE',  ( 1161.608802186261528, 492.2837173174846725, 131.0512929382302900 ) ) ;
#3837 = CARTESIAN_POINT ( 'NONE',  ( 961.3126162075810726, 123.8223170168353136, -105.7083499417840642 ) ) ;
#3838 = CARTESIAN_POINT ( 'NONE',  ( 1041.294335684422094, 306.2373753484943109, 90.17693008825644085 ) ) ;
#3839 = CARTESIAN_POINT ( 'NONE',  ( 618.2009206194330773, 28.57602276103891015, 49.16187303959691945 ) ) ;
#3840 = CARTESIAN_POINT ( 'NONE',  ( 896.8358363457658697, 153.2879214332131426, 40.64308295158809159 ) ) ;
#3841 = CARTESIAN_POINT ( 'NONE',  ( 676.9353500904852581, 10.81849770217435847, -57.41238772858101669 ) ) ;
#3842 = CARTESIAN_POINT ( 'NONE',  ( 1173.726759547986376, 457.5184583181442690, 40.74651056949100791 ) ) ;
#3843 = CARTESIAN_POINT ( 'NONE',  ( 1107.176799882083060, 283.2149265750925906, -41.62958794766509385 ) ) ;
#3844 = CARTESIAN_POINT ( 'NONE',  ( 675.2654203688085772, 50.75331261754563883, 55.31880581758258586 ) ) ;
#3845 = CARTESIAN_POINT ( 'NONE',  ( 1467.892314928600172, 796.8990356059978240, -124.4791650787054209 ) ) ;
#3846 = CARTESIAN_POINT ( 'NONE',  ( 1165.598430697922822, 480.8537149598858491, 111.7676671383525644 ) ) ;
#3847 = CARTESIAN_POINT ( 'NONE',  ( 1458.824348191894387, 811.1511657952966061, -115.1720615094176594 ) ) ;
#3848 = CARTESIAN_POINT ( 'NONE',  ( 731.6318751042579152, 75.28176066418396317, 65.92879447621481859 ) ) ;
#3849 = CARTESIAN_POINT ( 'NONE',  ( 1165.174140591298283, 297.3148769536412601, -120.7279314627902522 ) ) ;
#3850 = CARTESIAN_POINT ( 'NONE',  ( 1275.637095953830112, 514.6288753851341653, -31.03062205764318549 ) ) ;
#3851 = CARTESIAN_POINT ( 'NONE',  ( 1474.020398038108624, 787.2634130659856737, -137.9386333027733258 ) ) ;
#3852 = CARTESIAN_POINT ( 'NONE',  ( 1234.066596844646256, 460.5650183418659367, -47.63369145203132859 ) ) ;
#3853 = CARTESIAN_POINT ( 'NONE',  ( 1304.646382375983194, 845.3321440777001499, 136.7843030156467989 ) ) ;
#3854 = CARTESIAN_POINT ( 'NONE',  ( 892.7183908917958206, 180.2139854260792049, 74.78944632785859881 ) ) ;
#3855 = CARTESIAN_POINT ( 'NONE',  ( 676.9107438992892867, 11.39811348117276246, -56.86298711553359198 ) ) ;
#3856 = CARTESIAN_POINT ( 'NONE',  ( 1298.729575731397517, 606.9748750828227912, 11.37156182146285133 ) ) ;
#3857 = CARTESIAN_POINT ( 'NONE',  ( 1183.850214259655786, 428.5101476340433351, -7.497647702850536611 ) ) ;
#3858 = CARTESIAN_POINT ( 'NONE',  ( 676.9181277619292132, 11.37326915393198945, -44.98051545806078622 ) ) ;
#3859 = CARTESIAN_POINT ( 'NONE',  ( 1206.834214314339533, 362.6678171536577793, -105.2773425912196359 ) ) ;
#3860 = CARTESIAN_POINT ( 'NONE',  ( 1262.277696034868995, 685.9934673956830693, 106.4851421144339554 ) ) ;
#3861 = CARTESIAN_POINT ( 'NONE',  ( 1452.422288695673615, 929.4027957290257973, -50.00679424284587071 ) ) ;
#3862 = CARTESIAN_POINT ( 'NONE',  ( 1461.939238800348676, 806.2591880216613163, -111.8268021306863602 ) ) ;
#3863 = CARTESIAN_POINT ( 'NONE',  ( 560.0000000000001137, 1.583557448603657880, 14.62955585907790201 ) ) ;
#3864 = CARTESIAN_POINT ( 'NONE',  ( 954.2036972259248842, 162.6208966811939831, -50.91045642248861469 ) ) ;
#3865 = CARTESIAN_POINT ( 'NONE',  ( 1061.910041957679141, 222.6442775106540353, -66.31094785625298016 ) ) ;
#3866 = CARTESIAN_POINT ( 'NONE',  ( 675.7079293980452803, 40.31509485937801429, 39.98762032676165745 ) ) ;
#3867 = CARTESIAN_POINT ( 'NONE',  ( 1471.238643918679145, 901.6148152411215051, -87.98650042349832745 ) ) ;
#3868 = CARTESIAN_POINT ( 'NONE',  ( 894.1952020440812703, 170.4944938672450121, 44.51822800934571234 ) ) ;
#3869 = CARTESIAN_POINT ( 'NONE',  ( 1371.961778135176019, 1015.484610584086681, 101.7093521362436235 ) ) ;
#3870 = CARTESIAN_POINT ( 'NONE',  ( 1267.831743826668344, 372.9376490503691457, -160.0947840818101042 ) ) ;
#3871 = CARTESIAN_POINT ( 'NONE',  ( 1127.209403536619220, 418.2909970622302467, 103.4099707286210617 ) ) ;
#3872 = CARTESIAN_POINT ( 'NONE',  ( 949.4617826450319171, 188.6452758415061908, 34.70776982776357045 ) ) ;
#3873 = CARTESIAN_POINT ( 'NONE',  ( 1015.201769655270027, 159.6250004047292919, -114.2723128701260578 ) ) ;
#3874 = CARTESIAN_POINT ( 'NONE',  ( 1282.720906732605727, 641.6573263891923489, 34.58742425577455037 ) ) ;
#3875 = CARTESIAN_POINT ( 'NONE',  ( 560.0000000000007958, -6.272471368621532761, -13.32738513222779808 ) ) ;
#3876 = CARTESIAN_POINT ( 'NONE',  ( 892.1327869663613228, 184.0795273386412703, 90.03433799722853337 ) ) ;
#3877 = CARTESIAN_POINT ( 'NONE',  ( 1420.496888772773218, 632.0726578501893300, -151.2633595277328311 ) ) ;
#3878 = CARTESIAN_POINT ( 'NONE',  ( 1338.372409073390827, 896.7159690167325152, 122.1032272918690467 ) ) ;
#3879 = CARTESIAN_POINT ( 'NONE',  ( 579.4605642364086862, -1.284412215687539716, -31.86699621574317476 ) ) ;
#3880 = CARTESIAN_POINT ( 'NONE',  ( 1035.537123857816368, 329.5653062008357779, 124.3687123274754072 ) ) ;
#3881 = CARTESIAN_POINT ( 'NONE',  ( 903.1934995762937888, 111.4895458208695231, -74.72706325901414459 ) ) ;
#3882 = CARTESIAN_POINT ( 'NONE',  ( 954.7500504165985831, 159.7371478692366793, -25.56036776830280033 ) ) ;
#3883 = CARTESIAN_POINT ( 'NONE',  ( 618.7591913340182828, -3.987924376685690664, -47.72375757063266377 ) ) ;
#3884 = CARTESIAN_POINT ( 'NONE',  ( 845.3608511848383387, 101.8937705265387308, 1.256657160020435926 ) ) ;
#3885 = CARTESIAN_POINT ( 'NONE',  ( 951.5688856853469133, 177.0156430917154466, -24.94887609548069562 ) ) ;
#3886 = CARTESIAN_POINT ( 'NONE',  ( 786.7260148819507322, 106.3962807170562428, 60.93446457220842660 ) ) ;
#3887 = CARTESIAN_POINT ( 'NONE',  ( 731.5832002282180611, 75.93469033126697809, 54.35614907744791680 ) ) ;
#3888 = CARTESIAN_POINT ( 'NONE',  ( 1472.459100235197639, 789.7158423594618171, -138.5730390869613586 ) ) ;
#3889 = CARTESIAN_POINT ( 'NONE',  ( 1418.678794360424035, 944.5206067300121049, 7.066450752670821345 ) ) ;
#3890 = CARTESIAN_POINT ( 'NONE',  ( 1250.597634014875439, 711.3406497525037366, 166.0672549152778004 ) ) ;
#3891 = CARTESIAN_POINT ( 'NONE',  ( 1139.619460461908375, 378.7015918831617114, 1.867061069871400747 ) ) ;
#3892 = CARTESIAN_POINT ( 'NONE',  ( 792.2633723278024718, 47.87135403845702797, -63.31206689589778591 ) ) ;
#3893 = CARTESIAN_POINT ( 'NONE',  ( 1293.435089990654888, 472.4773562838335010, -114.9618140929326700 ) ) ;
#3894 = CARTESIAN_POINT ( 'NONE',  ( 841.1581173566145253, 135.9530648732114173, 48.48630733005225579 ) ) ;
#3895 = CARTESIAN_POINT ( 'NONE',  ( 559.9999999999998863, -10.69314919768673100, -32.13407690369108138 ) ) ;
#3896 = CARTESIAN_POINT ( 'NONE',  ( 1363.218199277297344, 854.2984427780086207, 61.30186355101297124 ) ) ;
#3897 = CC_DESIGN_APPROVAL ( #1526, ( #1436 ) ) ;
#3898 = CARTESIAN_POINT ( 'NONE',  ( 1416.003851428565895, 764.1698994145092456, -84.75070151288269926 ) ) ;
#3899 = CARTESIAN_POINT ( 'NONE',  ( 1333.411665324651040, 531.7696578689009357, -101.9816376521214920 ) ) ;
#3900 = CARTESIAN_POINT ( 'NONE',  ( 1343.549347692492347, 887.8776877303843094, 109.4291331789590629 ) ) ;
#3901 = CARTESIAN_POINT ( 'NONE',  ( 1445.973609494649281, 938.9262007501907874, -45.95494542016516704 ) ) ;
#3902 = CARTESIAN_POINT ( 'NONE',  ( 944.7305306043689370, 214.4127122278232775, 55.91598181713339244 ) ) ;
#3903 = CARTESIAN_POINT ( 'NONE',  ( 559.9999999999998863, 8.878539410255518405, 34.25517733860216651 ) ) ;
#3904 = CARTESIAN_POINT ( 'NONE',  ( 849.4714941446189869, 68.38674041046053276, -86.33263610338066485 ) ) ;
#3905 = EDGE_CURVE ( 'NONE', #2803, #3330, #2664, .T. ) ;
#3906 = CARTESIAN_POINT ( 'NONE',  ( 1366.290520996838950, 956.6531706669776440, 97.79426833458651913 ) ) ;
#3907 = CARTESIAN_POINT ( 'NONE',  ( 1136.764910200025952, 387.8543173927862426, 51.13707489477862822 ) ) ;
#3908 = CARTESIAN_POINT ( 'NONE',  ( 1475.485482818799483, 784.9586398871393840, -142.8045562790451015 ) ) ;
#3909 = CARTESIAN_POINT ( 'NONE',  ( 731.8967864062252602, 71.19896212618371578, 31.15568030042615177 ) ) ;
#3910 = CARTESIAN_POINT ( 'NONE',  ( 955.3317634770379527, 156.5564175988721729, -32.27581183161885292 ) ) ;
#3911 = CARTESIAN_POINT ( 'NONE',  ( 840.1361966498686797, 144.3273010767628932, 82.60734548766694729 ) ) ;
#3912 = CARTESIAN_POINT ( 'NONE',  ( 1419.496348501627381, 633.9143971920578906, -148.6879572072770657 ) ) ;
#3913 = CARTESIAN_POINT ( 'NONE',  ( 1314.504733035367735, 827.1946852971100270, 130.0304263641323246 ) ) ;
#3914 = CARTESIAN_POINT ( 'NONE',  ( 1261.854322270766261, 686.9344086778023666, 133.4009896834419635 ) ) ;
#3915 = CARTESIAN_POINT ( 'NONE',  ( 1219.366404610257177, 647.8006820955109788, 165.0614430100834227 ) ) ;
#3916 = CARTESIAN_POINT ( 'NONE',  ( 1255.480475719974947, 404.9833722781482948, -124.6594656135582539 ) ) ;
#3917 = CARTESIAN_POINT ( 'NONE',  ( 1056.190606141492026, 245.8398229455954151, -22.67266860850104493 ) ) ;
#3918 = CARTESIAN_POINT ( 'NONE',  ( 1452.820559968770795, 701.3314313677749396, -154.5816536476037300 ) ) ;
#3919 = CARTESIAN_POINT ( 'NONE',  ( 618.3794717994816210, 17.66717713947754476, -8.389131789030679798 ) ) ;
#3920 = ORIENTED_EDGE ( 'NONE', *, *, #3504, .F. ) ;
#3921 = CARTESIAN_POINT ( 'NONE',  ( 1328.435106399687356, 913.6709225936334633, 128.2391764451634799 ) ) ;
#3922 = CARTESIAN_POINT ( 'NONE',  ( 1307.302965587384961, 840.4403996176413330, 128.3449620601680579 ) ) ;
#3923 = CARTESIAN_POINT ( 'NONE',  ( 904.7946131283757722, 101.0094507784539957, -89.59823881232128429 ) ) ;
#3924 = CARTESIAN_POINT ( 'NONE',  ( 1226.875383910936534, 479.2793288195917967, 10.84340845741525250 ) ) ;
#3925 = CARTESIAN_POINT ( 'NONE',  ( 579.3379818331869728, 15.58998216508257961, 39.93257711491028061 ) ) ;
#3926 = CARTESIAN_POINT ( 'NONE',  ( 788.6382764753385572, 86.07724586781773723, -3.621956533021611691 ) ) ;
#3927 = CARTESIAN_POINT ( 'NONE',  ( 560.0000000000002274, -10.08444091972504175, -29.64602897821996308 ) ) ;
#3928 = CARTESIAN_POINT ( 'NONE',  ( 1248.603460519442933, 422.8319320539690125, -101.0270652225557484 ) ) ;
#3929 = CARTESIAN_POINT ( 'NONE',  ( 1386.789510557852282, 992.9613940835005224, 60.75136792520777362 ) ) ;
#3930 = CARTESIAN_POINT ( 'NONE',  ( 1014.510009116614583, 162.8878377778700042, -99.28016022425855169 ) ) ;
#3931 = CARTESIAN_POINT ( 'NONE',  ( 1047.361777591178679, 281.6406517844939685, 44.79103200373307203 ) ) ;
#3932 = CARTESIAN_POINT ( 'NONE',  ( 618.4817585118918259, 11.74493968026707869, -23.71296196206981932 ) ) ;
#3933 = CARTESIAN_POINT ( 'NONE',  ( 560.0000000000009095, -8.304459691623563344, -21.55162246151424554 ) ) ;
#3934 = CARTESIAN_POINT ( 'NONE',  ( 945.9781021909401488, 207.6790128616584354, 72.92098897572702754 ) ) ;
#3935 = CARTESIAN_POINT ( 'NONE',  ( 1302.012272955460048, 599.8566055006128863, 0.5406056995799429776 ) ) ;
#3936 = CARTESIAN_POINT ( 'NONE',  ( 731.7646767417353431, 73.31738001315456188, 64.03700255433065536 ) ) ;
#3937 = CARTESIAN_POINT ( 'NONE',  ( 1297.122085164143755, 741.2193555259302684, 109.9880959940429364 ) ) ;
#3938 = CARTESIAN_POINT ( 'NONE',  ( 1250.010844837508330, 575.2815138135721327, 63.96271865067543416 ) ) ;
#3939 = CARTESIAN_POINT ( 'NONE',  ( 1120.429096441285765, 235.8161049049634244, -133.3230206476827391 ) ) ;
#3940 = CARTESIAN_POINT ( 'NONE',  ( 559.9999999999996589, 10.15965975187301495, 14.52041694465774313 ) ) ;
#3941 = CARTESIAN_POINT ( 'NONE',  ( 956.4022945256850790, 150.7028217273100665, -44.57283532941864479 ) ) ;
#3942 = CARTESIAN_POINT ( 'NONE',  ( 1384.631514526498677, 1029.516164526914281, 81.04193870719757342 ) ) ;
#3943 = CARTESIAN_POINT ( 'NONE',  ( 792.4380498403916135, 46.02195367755738431, -67.85986282080210685 ) ) ;
#3944 = CARTESIAN_POINT ( 'NONE',  ( 1316.545450743179799, 823.4379024476171480, 124.6215629020480264 ) ) ;
#3945 = CARTESIAN_POINT ( 'NONE',  ( 732.1196036437798966, 68.06432254611711130, 53.50825455810634423 ) ) ;
#3946 = CARTESIAN_POINT ( 'NONE',  ( 786.6489630519612319, 107.2689355127678823, 75.94770870362857806 ) ) ;
#3947 = CARTESIAN_POINT ( 'NONE',  ( 579.4518691501956482, -0.06768430158316302014, -29.47719164342665721 ) ) ;
#3948 = CARTESIAN_POINT ( 'NONE',  ( 1194.907392783635032, 396.8791615692900336, -28.18706187611472203 ) ) ;
#3949 = CARTESIAN_POINT ( 'NONE',  ( 1470.048937073592015, 866.4879279848926217, -100.3134443870213346 ) ) ;
#3950 = CARTESIAN_POINT ( 'NONE',  ( 1001.270622539194505, 224.5739059065921595, -12.92247808035961576 ) ) ;
#3951 = CARTESIAN_POINT ( 'NONE',  ( 731.7248358142343250, 73.78498061283683285, 42.13459873272933720 ) ) ;
#3952 = CARTESIAN_POINT ( 'NONE',  ( 1053.427472394193501, 257.0451450121744301, -1.492024632487930269 ) ) ;
#3953 = CARTESIAN_POINT ( 'NONE',  ( 731.5690454319692435, 76.15434439337870742, 56.43450841402778195 ) ) ;
#3954 = CARTESIAN_POINT ( 'NONE',  ( 731.9869158767972976, 70.03186821719876320, 58.55876115840728602 ) ) ;
#3955 = CARTESIAN_POINT ( 'NONE',  ( 579.3256706193325272, 17.34598225997536503, 34.04999214632871229 ) ) ;
#3956 = CARTESIAN_POINT ( 'NONE',  ( 1348.789732303697747, 498.4109864824949909, -159.8918788772377866 ) ) ;
#3957 = CARTESIAN_POINT ( 'NONE',  ( 1145.301035752370808, 360.6614176886737937, 4.029842712198043131 ) ) ;
#3958 = CARTESIAN_POINT ( 'NONE',  ( 675.4091724425300072, 47.38227613518778725, 55.33073122616781347 ) ) ;
#3959 = CARTESIAN_POINT ( 'NONE',  ( 1373.492215576877015, 836.7418619451327686, 11.89598158270625383 ) ) ;
#3960 = CARTESIAN_POINT ( 'NONE',  ( 734.8479758011052354, 27.45485402178330858, -55.31672360860819282 ) ) ;
#3961 = CARTESIAN_POINT ( 'NONE',  ( 559.9999999999992042, -5.924701278069745669, -31.58139659538579380 ) ) ;
#3962 = CARTESIAN_POINT ( 'NONE',  ( 1327.326816408159175, 544.9396526072239340, -102.7033343766174056 ) ) ;
#3963 = CARTESIAN_POINT ( 'NONE',  ( 1234.808015482563405, 611.2331849366405550, 92.88751839321616899 ) ) ;
#3964 = CARTESIAN_POINT ( 'NONE',  ( 676.9750513636018923, 9.998835143462834196, -49.54626206058357951 ) ) ;
#3965 = CARTESIAN_POINT ( 'NONE',  ( 897.2651289987189784, 150.4732434046120204, 34.59832070935146930 ) ) ;
#3966 = CARTESIAN_POINT ( 'NONE',  ( 560.0000000000007958, 3.271784717343905857, -10.75424232561835147 ) ) ;
#3967 = CARTESIAN_POINT ( 'NONE',  ( 1452.422288695673615, 929.4027957290257973, -50.00679424284587071 ) ) ;
#3968 = CARTESIAN_POINT ( 'NONE',  ( 945.8259565177231707, 208.5100488693364866, 74.56980076692747161 ) ) ;
#3969 = CARTESIAN_POINT ( 'NONE',  ( 1386.707930620522347, 814.1964188173016055, 3.919400293524146761 ) ) ;
#3970 = CARTESIAN_POINT ( 'NONE',  ( 787.0989449496227053, 102.5263980009877116, 71.26890747617426314 ) ) ;
#3971 = CARTESIAN_POINT ( 'NONE',  ( 895.2997442564923176, 163.3562973210412110, 61.69654565996255968 ) ) ;
#3972 = CARTESIAN_POINT ( 'NONE',  ( 1251.431400914641472, 571.9193772967574887, 58.68014513866311432 ) ) ;
#3973 = CARTESIAN_POINT ( 'NONE',  ( 849.2197203924735049, 70.42327078831313258, -85.01178975472573995 ) ) ;
#3974 = CARTESIAN_POINT ( 'NONE',  ( 579.3408055369850445, 15.31352770834661747, 16.17139894673552902 ) ) ;
#3975 = CARTESIAN_POINT ( 'NONE',  ( 902.7008577908877669, 114.8133053147075771, -44.40186113358043229 ) ) ;
#3976 = CARTESIAN_POINT ( 'NONE',  ( 1295.502534323172995, 862.1708699119225230, 167.0198587819340332 ) ) ;
#3977 = CARTESIAN_POINT ( 'NONE',  ( 1309.626332557347041, 434.1807006008596659, -154.2250865798085329 ) ) ;
#3978 = CARTESIAN_POINT ( 'NONE',  ( 1397.707888538301177, 1010.204984354884800, 61.79354220076954363 ) ) ;
#3979 = CARTESIAN_POINT ( 'NONE',  ( 1232.182316974732657, 617.4762092185180791, 129.9570940219088584 ) ) ;
#3980 = CARTESIAN_POINT ( 'NONE',  ( 1371.152644326558629, 1016.713890276507641, 98.34043822272869306 ) ) ;
#3981 = CARTESIAN_POINT ( 'NONE',  ( 1162.151076977754883, 306.9401602291417248, -107.9421145547203622 ) ) ;
#3982 = CARTESIAN_POINT ( 'NONE',  ( 1284.237885960194490, 494.2721462767219691, -62.58342556528993583 ) ) ;
#3983 = CARTESIAN_POINT ( 'NONE',  ( 559.9999999999990905, -10.52249464438780358, -35.91657864407596890 ) ) ;
#3984 = CARTESIAN_POINT ( 'NONE',  ( 1185.942224045553985, 422.5162816328853523, -17.01362293832568540 ) ) ;
#3985 = CARTESIAN_POINT ( 'NONE',  ( 1362.019915683812087, 963.3600161447691335, 88.26795284281527643 ) ) ;
#3986 = CARTESIAN_POINT ( 'NONE',  ( 1302.012272955460048, 599.8566055006128863, 0.5406056995799429776 ) ) ;
#3987 = CARTESIAN_POINT ( 'NONE',  ( 1079.587986245534694, 381.7823257913491943, 115.5188698984391067 ) ) ;
#3988 = CARTESIAN_POINT ( 'NONE',  ( 618.3066542823094096, 22.58995104659497599, 40.48310402882092518 ) ) ;
#3989 = CARTESIAN_POINT ( 'NONE',  ( 1377.398672226989675, 1007.226176777788851, 83.11651698922132425 ) ) ;
#3990 = CARTESIAN_POINT ( 'NONE',  ( 1067.021235205797893, 201.8773211705277788, -117.2212682416952134 ) ) ;
#3991 = CARTESIAN_POINT ( 'NONE',  ( 845.2662577851010610, 102.6633657128655415, 3.075709776155402864 ) ) ;
#3992 = CARTESIAN_POINT ( 'NONE',  ( 1344.471729181731462, 990.9598598301683978, 139.8504155610652049 ) ) ;
#3993 = CARTESIAN_POINT ( 'NONE',  ( 1134.647765020484485, 394.5410594897949750, 29.18672988702906324 ) ) ;
#3994 = CARTESIAN_POINT ( 'NONE',  ( 1415.299550079237861, 641.6376079029143966, -137.9658682613113285 ) ) ;
#3995 = CARTESIAN_POINT ( 'NONE',  ( 1392.396812776438537, 683.7867581910591070, -97.07762381664720408 ) ) ;
#3996 = CARTESIAN_POINT ( 'NONE',  ( 675.3177650662992164, 49.40965759161431947, 41.87007450934943620 ) ) ;
#3997 = CARTESIAN_POINT ( 'NONE',  ( 1463.232892645678930, 876.8418111031342050, -86.07714467693617166 ) ) ;
#3998 = DESIGN_CONTEXT ( 'detailed design', #2860, 'design' ) ;
#3999 = CARTESIAN_POINT ( 'NONE',  ( 676.0153546171310381, 33.00704456794862551, 21.08426922568284212 ) ) ;
#4000 = CARTESIAN_POINT ( 'NONE',  ( 1005.583592085140140, 204.4574060193440630, -48.62049836779912226 ) ) ;
#4001 = CARTESIAN_POINT ( 'NONE',  ( 957.9573965239890185, 142.1987332076148220, -62.45803563179278228 ) ) ;
#4002 = CARTESIAN_POINT ( 'NONE',  ( 995.6117347479297450, 251.0662393559683778, 74.19957590147761550 ) ) ;
#4003 = CARTESIAN_POINT ( 'NONE',  ( 1388.092577939072044, 811.8325449295282397, 0.5485827970676464549 ) ) ;
#4004 = CARTESIAN_POINT ( 'NONE',  ( 1336.757265042484505, 524.5147320889986986, -112.7381705150550175 ) ) ;
#4005 = CARTESIAN_POINT ( 'NONE',  ( 675.4374744012438896, 46.71486637681704224, 54.49353343274030692 ) ) ;
#4006 = CARTESIAN_POINT ( 'NONE',  ( 618.3572486945336095, 19.69734140486790963, 33.34053025585898666 ) ) ;
#4007 = CARTESIAN_POINT ( 'NONE',  ( 1093.258760509997273, 332.9605378995291289, 48.01848017179582229 ) ) ;
#4008 = CARTESIAN_POINT ( 'NONE',  ( 848.7733853801386203, 74.04457926452772654, -80.44009126650408348 ) ) ;
#4009 = CARTESIAN_POINT ( 'NONE',  ( 618.2434509325150884, 25.68016404842371614, 19.49223102161534626 ) ) ;
#4010 = CARTESIAN_POINT ( 'NONE',  ( 1445.422882875822552, 939.7395134431540100, -35.89103237868945229 ) ) ;
#4011 = CARTESIAN_POINT ( 'NONE',  ( 892.0075728938630846, 184.9092311208841863, 94.39532316799666489 ) ) ;
#4012 = CARTESIAN_POINT ( 'NONE',  ( 1235.089516557219667, 610.5960141040634426, 119.3755743887025886 ) ) ;
#4013 = CARTESIAN_POINT ( 'NONE',  ( 732.1517240776239532, 67.58812383282955238, 52.46546870477316560 ) ) ;
#4014 = CARTESIAN_POINT ( 'NONE',  ( 618.5779110507352243, 6.223380434455795474, -35.64696132329087419 ) ) ;
#4015 = CARTESIAN_POINT ( 'NONE',  ( 560.0000000000002274, -6.770927219467900215, -15.28268271760229879 ) ) ;
#4016 = CARTESIAN_POINT ( 'NONE',  ( 1015.824059738963001, 156.7342830154358921, -115.5806144038973571 ) ) ;
#4017 = CARTESIAN_POINT ( 'NONE',  ( 1228.963778851644520, 473.8116689213430845, -27.84261054960401793 ) ) ;
#4018 = CARTESIAN_POINT ( 'NONE',  ( 1200.345068161954941, 548.1200592370312279, 94.65570090859336005 ) ) ;
#4019 = CARTESIAN_POINT ( 'NONE',  ( 1388.092577939072044, 811.8325449295282397, 0.5485827970676464549 ) ) ;
#4020 = CARTESIAN_POINT ( 'NONE',  ( 1349.954280172186600, 982.3343784014997482, 118.8076766482248559 ) ) ;
#4021 = CARTESIAN_POINT ( 'NONE',  ( 1380.081416658085800, 1003.150635034164111, 89.29768264343256590 ) ) ;
#4022 = CARTESIAN_POINT ( 'NONE',  ( 579.3558218182583914, 13.10220986995752490, 35.92947600977957734 ) ) ;
#4023 = CARTESIAN_POINT ( 'NONE',  ( 1252.965480546461094, 706.1935510726456187, 143.1515102853791461 ) ) ;
#4024 = CARTESIAN_POINT ( 'NONE',  ( 848.6480918978439831, 75.06076138014935850, -79.08362363701729691 ) ) ;
#4025 = CARTESIAN_POINT ( 'NONE',  ( 1183.854508748457874, 428.4978876210902854, -7.488969962648271306 ) ) ;
#4026 = CARTESIAN_POINT ( 'NONE',  ( 1219.001362887905543, 499.6754323478328956, 12.21419094995370358 ) ) ;
#4027 = CARTESIAN_POINT ( 'NONE',  ( 1304.314855139901056, 446.7529037810087971, -135.2158240329811463 ) ) ;
#4028 = CARTESIAN_POINT ( 'NONE',  ( 1287.097880261627097, 487.4729507121596157, -95.07157278577666659 ) ) ;
#4029 = CARTESIAN_POINT ( 'NONE',  ( 1228.589305497561099, 625.9569865000219124, 119.4785833234037113 ) ) ;
#4030 = CARTESIAN_POINT ( 'NONE',  ( 1268.399924328748057, 672.7149103681168754, 84.08006175888482403 ) ) ;
#4031 = CARTESIAN_POINT ( 'NONE',  ( 1465.953138699954934, 799.9469133127121268, -120.3822164216858823 ) ) ;
#4032 = CARTESIAN_POINT ( 'NONE',  ( 897.4791726068229991, 149.0696684291266649, 31.57633707758187569 ) ) ;
#4033 = CARTESIAN_POINT ( 'NONE',  ( 1004.695473901153377, 208.5990859244620879, -41.55492249192091236 ) ) ;
#4034 = CARTESIAN_POINT ( 'NONE',  ( 618.7012252743570571, -0.4075670640865708405, -30.64014097058632657 ) ) ;
#4035 = CARTESIAN_POINT ( 'NONE',  ( 842.5783439123463268, 124.5171007701080725, 52.79528873973848846 ) ) ;
#4036 = CARTESIAN_POINT ( 'NONE',  ( 733.5265365198438303, 47.16435320130710096, 1.128949123772000185 ) ) ;
#4037 = CARTESIAN_POINT ( 'NONE',  ( 848.4392572039231482, 76.83585668308126060, -58.91303585523945685 ) ) ;
#4038 = CARTESIAN_POINT ( 'NONE',  ( 731.8566862215448054, 71.95645503744866289, 62.28937280649294905 ) ) ;
#4040 = CARTESIAN_POINT ( 'NONE',  ( 579.3255917156828900, 17.34293372310087378, 36.72437373478697253 ) ) ;
#4039 = CARTESIAN_POINT ( 'NONE',  ( 946.1810814750971304, 206.5702699611571234, 70.71995541208592329 ) ) ;
#4041 = CARTESIAN_POINT ( 'NONE',  ( 560.0000000000000000, 0.4918103859330993366, 11.16734475695743711 ) ) ;
#4042 = CARTESIAN_POINT ( 'NONE',  ( 1067.021235205797893, 201.8773211705277788, -117.2212682416952134 ) ) ;
#4043 = CARTESIAN_POINT ( 'NONE',  ( 618.3066542823094096, 22.58995104659497599, 40.48310402882092518 ) ) ;
#4044 = CARTESIAN_POINT ( 'NONE',  ( 1300.139720669857525, 735.1741180389826695, 73.56264590667112202 ) ) ;
#4045 = CARTESIAN_POINT ( 'NONE',  ( 1154.540353013417416, 512.5247257604668221, 150.4048496174850129 ) ) ;
#4046 = CARTESIAN_POINT ( 'NONE',  ( 677.0150318941684873, 9.028528321794189182, -53.24582202047447765 ) ) ;
#4047 = CARTESIAN_POINT ( 'NONE',  ( 1199.596855892750682, 550.0962780781510446, 124.9855834147365812 ) ) ;
#4048 = CARTESIAN_POINT ( 'NONE',  ( 1035.243702477568149, 330.7456451639392299, 120.0322183400809735 ) ) ;
#4049 = CARTESIAN_POINT ( 'NONE',  ( 1452.767221384652885, 928.8933993705120429, -58.11797779297747724 ) ) ;
#4050 = CARTESIAN_POINT ( 'NONE',  ( 1440.448802017007438, 911.4514531386669205, -38.82014995215469355 ) ) ;
#4051 = CARTESIAN_POINT ( 'NONE',  ( 1454.508859034713851, 698.4482557892503110, -159.4289088738185569 ) ) ;
#4052 = CARTESIAN_POINT ( 'NONE',  ( 1141.310504499325134, 373.3144606473716749, -7.171218397578931203 ) ) ;
#4053 = CARTESIAN_POINT ( 'NONE',  ( 1123.968620646528507, 428.5760913096657418, 94.65858930625323353 ) ) ;
#4054 = CARTESIAN_POINT ( 'NONE',  ( 789.9989510865192415, 71.87368076905801217, -0.4017180783133468269 ) ) ;
#4055 = CARTESIAN_POINT ( 'NONE',  ( 1326.799885497080368, 916.4633985891562133, 133.2422216862186701 ) ) ;
#4056 = CARTESIAN_POINT ( 'NONE',  ( 1082.580837352638582, 371.1160687419804276, 116.0005891792699799 ) ) ;
#4057 = CARTESIAN_POINT ( 'NONE',  ( 1307.020714983229027, 840.9728395426258203, 151.6789268556923105 ) ) ;
#4058 = CARTESIAN_POINT ( 'NONE',  ( 1157.938164557401933, 502.7787230841733503, 128.0245864157941469 ) ) ;
#4059 = CARTESIAN_POINT ( 'NONE',  ( 1014.069245282002385, 164.9019428494562192, -108.0897953542753243 ) ) ;
#4060 = CARTESIAN_POINT ( 'NONE',  ( 1417.223496875155661, 981.3843473480399098, 9.232374676528293023 ) ) ;
#4061 = CARTESIAN_POINT ( 'NONE',  ( 1303.051374760743101, 848.2795496694320718, 160.3968821228085346 ) ) ;
#4062 = CARTESIAN_POINT ( 'NONE',  ( 1320.191605420656742, 695.1568452614747002, 13.04111363359148967 ) ) ;
#4063 = CARTESIAN_POINT ( 'NONE',  ( 676.9996942018177606, 9.408112464691152255, -51.27835720033097999 ) ) ;
#4064 = CARTESIAN_POINT ( 'NONE',  ( 676.3187650832696818, 25.41506836614243170, -32.93013080115754576 ) ) ;
#4065 = CARTESIAN_POINT ( 'NONE',  ( 1161.637878711480653, 492.1696329795028646, 105.3276276357713215 ) ) ;
#4066 = CARTESIAN_POINT ( 'NONE',  ( 579.3310115383458196, 16.64526993264625432, 24.64104029492058601 ) ) ;
#4067 = CARTESIAN_POINT ( 'NONE',  ( 1315.525076642712293, 704.4952564457934159, 55.23264496360145870 ) ) ;
#4068 = CARTESIAN_POINT ( 'NONE',  ( 1239.270480768335347, 447.0568065116668777, -67.21796527854920100 ) ) ;
#4069 = CARTESIAN_POINT ( 'NONE',  ( 958.5405669154853285, 139.0093291165355822, -69.17594419109946102 ) ) ;
#4070 = CARTESIAN_POINT ( 'NONE',  ( 1087.906935208737195, 352.0854944423808774, 82.06586081184845227 ) ) ;
#4071 = CARTESIAN_POINT ( 'NONE',  ( 560.0000000000000000, -5.996991313371261789, -12.25192611754371441 ) ) ;
#4072 = CARTESIAN_POINT ( 'NONE',  ( 1013.136946702004821, 169.2966187259810908, -86.65218193368782806 ) ) ;
#4073 = CARTESIAN_POINT ( 'NONE',  ( 1081.764219112992350, 374.0339548921469941, 121.9370455413219219 ) ) ;
#4075 = CARTESIAN_POINT ( 'NONE',  ( 786.5871184830672291, 107.8943507898350020, 70.05136147075475606 ) ) ;
#4074 = CARTESIAN_POINT ( 'NONE',  ( 1348.716705342696514, 879.0557793755125431, 96.75852266338711161 ) ) ;
#4076 = CARTESIAN_POINT ( 'NONE',  ( 1000.599547649879469, 227.8014299463181658, 29.28234404309444727 ) ) ;
#4077 = CARTESIAN_POINT ( 'NONE',  ( 1451.140322733584298, 704.1952142057099309, -155.2056746871327846 ) ) ;
#4078 = CARTESIAN_POINT ( 'NONE',  ( 1393.725343851357593, 1016.086403617092856, 69.81166057230694832 ) ) ;
#4079 = CARTESIAN_POINT ( 'NONE',  ( 1035.050152220315340, 331.5349477215590355, 123.8600146872931020 ) ) ;
#4080 = CARTESIAN_POINT ( 'NONE',  ( 849.4447657339992475, 68.64195835009874713, -79.45982423750626822 ) ) ;
#4081 = CARTESIAN_POINT ( 'NONE',  ( 579.3728493324457531, 10.73153361354359170, 29.69048614814525067 ) ) ;
#4082 = CARTESIAN_POINT ( 'NONE',  ( 1247.924820792047740, 717.1286910420370759, 162.9899557878405290 ) ) ;
#4083 = CARTESIAN_POINT ( 'NONE',  ( 1370.911608376957020, 593.9510348560488637, -124.1588425902098294 ) ) ;
#4084 = CARTESIAN_POINT ( 'NONE',  ( 732.6015456134698525, 60.91688769951815630, 36.89628160779439270 ) ) ;
#4085 = CARTESIAN_POINT ( 'NONE',  ( 1171.920180328221932, 275.8429941485701420, -144.3253112538942844 ) ) ;
#4086 = CARTESIAN_POINT ( 'NONE',  ( 1417.516061102594222, 946.2871602389604959, -5.383863791547675248 ) ) ;
#4087 = CARTESIAN_POINT ( 'NONE',  ( 1124.673116427369905, 426.3300709115113705, 89.91486811717837213 ) ) ;
#4088 = CARTESIAN_POINT ( 'NONE',  ( 845.6436338449399273, 99.59295748209147803, -4.204013828259421715 ) ) ;
#4089 = CARTESIAN_POINT ( 'NONE',  ( 1224.746703989067555, 635.0562173828229788, 136.9712360294522568 ) ) ;
#4090 = CARTESIAN_POINT ( 'NONE',  ( 675.5644885405849891, 43.71502565809971230, 48.02453413936021320 ) ) ;
#4091 = CARTESIAN_POINT ( 'NONE',  ( 992.6166001999400805, 265.0328137500330286, 101.2743262028764946 ) ) ;
#4092 = APPROVAL ( #145, 'UNSPECIFIED' ) ;
#4093 = CARTESIAN_POINT ( 'NONE',  ( 579.3257264099769372, 17.33132245729827048, 35.31593556728484629 ) ) ;
#4094 = CARTESIAN_POINT ( 'NONE',  ( 1442.848148388607115, 718.3483922108172237, -140.0879845907469416 ) ) ;
#4095 = CARTESIAN_POINT ( 'NONE',  ( 1424.060109466819540, 971.2880425616434650, -4.393996273731278102 ) ) ;
#4096 = CARTESIAN_POINT ( 'NONE',  ( 787.1417298875652477, 102.0758171306868718, 70.61391701294569145 ) ) ;
#4097 = CARTESIAN_POINT ( 'NONE',  ( 618.2660680404426330, 24.32444659183715885, 13.62110258231428972 ) ) ;
#4098 = CARTESIAN_POINT ( 'NONE',  ( 1118.838383819434284, 241.5290593677489994, -115.8513290841500520 ) ) ;
#4099 = CARTESIAN_POINT ( 'NONE',  ( 559.9999999999998863, -0.06087754892116774980, -19.41216790686193505 ) ) ;
#4100 = CARTESIAN_POINT ( 'NONE',  ( 893.0774051212187032, 177.8484439636062575, 66.65189314515666297 ) ) ;
#4101 = CARTESIAN_POINT ( 'NONE',  ( 841.2655722741166073, 135.0751157626438328, 45.64667746059485154 ) ) ;
#4102 = CARTESIAN_POINT ( 'NONE',  ( 1171.398616607289114, 277.5006710696746381, -143.7677654567444279 ) ) ;
#4103 = CARTESIAN_POINT ( 'NONE',  ( 1254.278568728836717, 565.1807870714023920, 48.12530445326714101 ) ) ;
#4104 = CARTESIAN_POINT ( 'NONE',  ( 1436.845787390168198, 916.9247715508888632, -43.62806572925637028 ) ) ;
#4105 = CARTESIAN_POINT ( 'NONE',  ( 1063.474818395167858, 216.2976644912334336, -78.20720674848669773 ) ) ;
#4106 = CARTESIAN_POINT ( 'NONE',  ( 560.0000000000002274, 4.317063088319032182, 22.64799936074903641 ) ) ;
#4107 = CARTESIAN_POINT ( 'NONE',  ( 560.0000000000000000, 5.134181415322925268, 24.90045558376065316 ) ) ;
#4108 = CARTESIAN_POINT ( 'NONE',  ( 1165.810587180090124, 295.3198837397065972, -108.1103151693120878 ) ) ;
#4109 = CARTESIAN_POINT ( 'NONE',  ( 1194.389331867009787, 563.6149364051902921, 147.8209966157823203 ) ) ;
#4111 = CARTESIAN_POINT ( 'NONE',  ( 675.2697572871079501, 50.64141083046143876, 54.12521052408383326 ) ) ;
#4110 = CARTESIAN_POINT ( 'NONE',  ( 842.8833582385422005, 122.0389221418072339, 47.41088382826763592 ) ) ;
#4112 = CARTESIAN_POINT ( 'NONE',  ( 1367.360551836211243, 847.2265250587062155, 51.17118355862838541 ) ) ;
#4113 = CARTESIAN_POINT ( 'NONE',  ( 1348.789732303697747, 498.4109864824949909, -159.8918788772377866 ) ) ;
#4114 = CARTESIAN_POINT ( 'NONE',  ( 786.6489630519612319, 107.2689355127678823, 75.94770870362857806 ) ) ;
#4115 = CARTESIAN_POINT ( 'NONE',  ( 1015.822345294527167, 156.7448545811738256, -114.9229386791455170 ) ) ;
#4116 = ORGANIZATION ( 'UNSPECIFIED', 'UNSPECIFIED', '' ) ;
#4117 = CARTESIAN_POINT ( 'NONE',  ( 994.1792474265137116, 257.7460892462234483, 86.86731431383253721 ) ) ;
#4118 = CARTESIAN_POINT ( 'NONE',  ( 1061.490635397908363, 224.2836573046802187, -86.67370348208052633 ) ) ;
#4119 = CARTESIAN_POINT ( 'NONE',  ( 732.6592182056799629, 60.06075540373925747, 34.81260280431730081 ) ) ;
#4120 = CARTESIAN_POINT ( 'NONE',  ( 579.5079738072560076, -7.902171644270612028, -40.70917283670384279 ) ) ;
#4121 = CARTESIAN_POINT ( 'NONE',  ( 560.0000000000002274, 8.187068717450406652, 5.454895447701361810 ) ) ;
#4122 = CARTESIAN_POINT ( 'NONE',  ( 559.9999999999996589, 11.70452105675305887, 28.16331521105816549 ) ) ;
#4123 = CARTESIAN_POINT ( 'NONE',  ( 1422.553485933805177, 868.1859711547388088, -26.45184143166951074 ) ) ;
#4124 = CARTESIAN_POINT ( 'NONE',  ( 840.3369098347818635, 142.6794562551809520, 75.52013137101721441 ) ) ;
#4125 = CARTESIAN_POINT ( 'NONE',  ( 618.2970105530213232, 23.14319009799648086, 41.97606159971493867 ) ) ;
#4126 = CARTESIAN_POINT ( 'NONE',  ( 1283.707445303572968, 767.9892560240652983, 151.1036472453294834 ) ) ;
#4127 = CARTESIAN_POINT ( 'NONE',  ( 840.3369098347818635, 142.6794562551809520, 75.52013137101721441 ) ) ;
#4128 = CARTESIAN_POINT ( 'NONE',  ( 1416.731557806514957, 638.9956056681020300, -151.4562275889321370 ) ) ;
#4129 = CARTESIAN_POINT ( 'NONE',  ( 1356.382156342433291, 750.0824512244465723, -8.536606158360305230 ) ) ;
#4130 = CARTESIAN_POINT ( 'NONE',  ( 1375.758032204194251, 1009.717841089086164, 97.85659992872527368 ) ) ;
#4131 = CARTESIAN_POINT ( 'NONE',  ( 842.2175413274563880, 127.3124621152529556, 23.25154685664193011 ) ) ;
#4132 = CARTESIAN_POINT ( 'NONE',  ( 792.4380498403916135, 46.02195367755738431, -67.85986282080210685 ) ) ;
#4133 = CARTESIAN_POINT ( 'NONE',  ( 1104.923996725630332, 291.1997942503572858, -56.69245830130701336 ) ) ;
#4134 = CARTESIAN_POINT ( 'NONE',  ( 559.9999999999994316, 11.55897646082378927, 25.71246662997684496 ) ) ;
#4135 = CARTESIAN_POINT ( 'NONE',  ( 893.8557475702926922, 172.7265565612916589, 50.80304822942221676 ) ) ;
#4136 = CARTESIAN_POINT ( 'NONE',  ( 1015.713286403864231, 157.2458041352274449, -116.0763392715668090 ) ) ;
#4137 = CARTESIAN_POINT ( 'NONE',  ( 950.1575485039863906, 184.8429166107817707, 26.92266773880355402 ) ) ;
#4138 = CARTESIAN_POINT ( 'NONE',  ( 618.3608879627055330, 18.74873081072236758, -5.286145556877290375 ) ) ;
#4139 = CARTESIAN_POINT ( 'NONE',  ( 560.0000000000000000, -9.405861443328065619, -26.26096365887523021 ) ) ;
#4140 = CARTESIAN_POINT ( 'NONE',  ( 842.4245864966907220, 125.7662140634583636, 55.48637615391253775 ) ) ;
#4141 = CARTESIAN_POINT ( 'NONE',  ( 560.0000000000000000, 6.548171888103659910, -0.5659863334782131439 ) ) ;
#4142 = CARTESIAN_POINT ( 'NONE',  ( 791.1561575394026704, 59.61499149936503983, -31.96407271776202563 ) ) ;
#4143 = CARTESIAN_POINT ( 'NONE',  ( 734.7330963983922629, 29.17489074937702753, -49.88679967643827950 ) ) ;
#4144 = CARTESIAN_POINT ( 'NONE',  ( 991.9662906922424099, 268.0638763437518151, 106.7591106917483188 ) ) ;
#4146 = CARTESIAN_POINT ( 'NONE',  ( 1347.133427619991380, 986.7706760502080670, 126.2124747829702329 ) ) ;
#4145 = CARTESIAN_POINT ( 'NONE',  ( 1371.392501219997712, 948.6307478997539420, 86.48782486671767344 ) ) ;
#4147 = CARTESIAN_POINT ( 'NONE',  ( 1049.967879980372345, 271.0738361833219869, 24.97068250092851827 ) ) ;
#4148 = CARTESIAN_POINT ( 'NONE',  ( 1217.914311265844844, 330.9360143531172298, -145.3648876536785508 ) ) ;
#4149 = CARTESIAN_POINT ( 'NONE',  ( 1035.308332454853144, 330.4914671417339491, 124.6404403963371266 ) ) ;
#4150 = CARTESIAN_POINT ( 'NONE',  ( 677.0042105896861813, 9.232516921660655740, -56.54998332285452278 ) ) ;
#4151 = CARTESIAN_POINT ( 'NONE',  ( 1338.372409073390827, 896.7159690167325152, 122.1032272918690467 ) ) ;
#4152 = CARTESIAN_POINT ( 'NONE',  ( 1272.367005143646338, 790.6118056071661613, 168.6253500341776999 ) ) ;
#4153 = CARTESIAN_POINT ( 'NONE',  ( 1401.182382250743558, 667.6153129520793073, -117.3670569077669512 ) ) ;
#4154 = CARTESIAN_POINT ( 'NONE',  ( 1393.900335468218145, 982.1595381207441733, 59.66772306923706282 ) ) ;
#4155 = CARTESIAN_POINT ( 'NONE',  ( 1454.589851146427236, 698.3097782274905967, -159.8899629296216744 ) ) ;
#4156 = CARTESIAN_POINT ( 'NONE',  ( 1320.191605420656742, 695.1568452614747002, 13.04111363359148967 ) ) ;
#4157 = CARTESIAN_POINT ( 'NONE',  ( 1283.765330031125131, 767.8568266959840685, 127.4436329409227255 ) ) ;
#4158 = CARTESIAN_POINT ( 'NONE',  ( 900.4185682206154979, 129.7893578352586417, -10.92694216059374135 ) ) ;
#4159 = CARTESIAN_POINT ( 'NONE',  ( 731.5439979732310576, 76.54280984154640066, 59.84012562451874118 ) ) ;
#4160 = CARTESIAN_POINT ( 'NONE',  ( 1163.491596707814097, 486.8891811656093296, 121.4488701990285051 ) ) ;
#4161 = CARTESIAN_POINT ( 'NONE',  ( 579.3572300243995414, 12.90590003361300830, 35.32820371939777715 ) ) ;
#4162 = CARTESIAN_POINT ( 'NONE',  ( 579.3257093682277628, 17.33091275321340063, 35.99353431891459820 ) ) ;
#4163 = CARTESIAN_POINT ( 'NONE',  ( 791.8525864594034829, 52.12899489400569308, -69.10166467305066362 ) ) ;
#4164 = CARTESIAN_POINT ( 'NONE',  ( 1426.446918753119462, 967.7632042446601872, 2.765474186668906764 ) ) ;
#4165 = CARTESIAN_POINT ( 'NONE',  ( 559.9999999999998863, 8.878539410255518405, 34.25517733860216651 ) ) ;
#4166 = CARTESIAN_POINT ( 'NONE',  ( 1410.938986436586447, 990.6653080534031233, 22.08792922863921149 ) ) ;
#4167 = CARTESIAN_POINT ( 'NONE',  ( 960.7023939578378986, 127.1858564009654344, -93.91823435316534585 ) ) ;
#4168 = CARTESIAN_POINT ( 'NONE',  ( 1239.270480768335347, 447.0568065116668777, -67.21796527854920100 ) ) ;
#4169 = CARTESIAN_POINT ( 'NONE',  ( 1081.276155159370319, 375.7391258772451579, 100.1030333849490574 ) ) ;
#4170 = CARTESIAN_POINT ( 'NONE',  ( 559.9999999999996589, -9.761569284887048781, -36.63651179226576460 ) ) ;
#4171 = CARTESIAN_POINT ( 'NONE',  ( 1181.114259651494876, 436.4006543884554503, 37.82746630564582802 ) ) ;
#4172 = CARTESIAN_POINT ( 'NONE',  ( 1429.408534445077294, 963.3894922220354147, -14.82589872802739706 ) ) ;
#4173 = CARTESIAN_POINT ( 'NONE',  ( 903.9389519113682354, 106.6868678348188269, -62.69091772003493190 ) ) ;
#4174 = CARTESIAN_POINT ( 'NONE',  ( 1457.007796944924621, 922.6309202915601873, -65.50459091744872353 ) ) ;
#4175 = CARTESIAN_POINT ( 'NONE',  ( 560.0000000000000000, -1.572313229415616131, -22.93985044323996547 ) ) ;
#4176 = CARTESIAN_POINT ( 'NONE',  ( 1238.802724957742157, 601.7759639173733603, 76.58266229715363238 ) ) ;
#4177 = CARTESIAN_POINT ( 'NONE',  ( 559.9999999999998863, -7.159077488728698313, -16.84824860943876601 ) ) ;
#4178 = CARTESIAN_POINT ( 'NONE',  ( 1301.584349828214727, 453.2148475838818626, -125.3954925671378646 ) ) ;
#4179 = CARTESIAN_POINT ( 'NONE',  ( 675.4717985649433558, 45.90456307817265014, 53.31719031373064155 ) ) ;
#4180 = CARTESIAN_POINT ( 'NONE',  ( 675.8436148058616482, 37.09362454461425074, 31.92200552271133063 ) ) ;
#4181 = CARTESIAN_POINT ( 'NONE',  ( 1359.264410457116810, 617.2106642665773961, -74.00776531982039330 ) ) ;
#4182 = CARTESIAN_POINT ( 'NONE',  ( 1094.591184506507943, 328.1987320726926214, 39.49569750052500439 ) ) ;
#4183 = CARTESIAN_POINT ( 'NONE',  ( 1464.109394794200625, 912.1432854584672896, -77.29160413696271803 ) ) ;
#4184 = CARTESIAN_POINT ( 'NONE',  ( 1384.282746260756539, 1030.031225262570160, 82.74782516147867284 ) ) ;
#4185 = CARTESIAN_POINT ( 'NONE',  ( 1468.625889473890538, 905.4733292131967346, -82.68396529746019041 ) ) ;
#4186 = CARTESIAN_POINT ( 'NONE',  ( 1164.561487559856914, 483.8242452303731511, 116.5964708233518508 ) ) ;
#4187 = CARTESIAN_POINT ( 'NONE',  ( 941.9737829895129835, 229.5315169288493848, 103.0032989586145931 ) ) ;
#4188 = CARTESIAN_POINT ( 'NONE',  ( 790.7671413011813684, 63.57674875269181314, -50.56057435444461134 ) ) ;
#4189 = CARTESIAN_POINT ( 'NONE',  ( 618.4058246104960972, 16.90580670518721007, 25.90330505542357997 ) ) ;
#4190 = CARTESIAN_POINT ( 'NONE',  ( 1471.321538586007591, 864.5547908029893733, -103.9597833735138721 ) ) ;
#4191 = CARTESIAN_POINT ( 'NONE',  ( 675.6375275766207551, 41.65621879677799200, 8.363304578865800920 ) ) ;
#4192 = CARTESIAN_POINT ( 'NONE',  ( 1335.106042237459405, 902.2798913415847437, 109.5350386985066109 ) ) ;
#4193 = CARTESIAN_POINT ( 'NONE',  ( 1269.925499571561431, 528.1473079312481786, -9.950653815892700038 ) ) ;
#4194 = CARTESIAN_POINT ( 'NONE',  ( 1119.348649321872472, 443.3097761690660832, 128.3491401521646367 ) ) ;
#4195 = CARTESIAN_POINT ( 'NONE',  ( 1312.403293666836817, 831.0632075371593146, 135.4546777104152397 ) ) ;
#4196 = CARTESIAN_POINT ( 'NONE',  ( 1285.176096270635753, 765.0580534995526705, 145.6486118818918101 ) ) ;
#4197 = CARTESIAN_POINT ( 'NONE',  ( 943.9274431945834749, 218.8788834363348883, 95.65575428059992191 ) ) ;
#4198 = CARTESIAN_POINT ( 'NONE',  ( 734.5116481003886975, 32.34263772704353102, -59.49231827074392243 ) ) ;
#4199 = CARTESIAN_POINT ( 'NONE',  ( 560.0000000000002274, -3.188438866952393091, -1.625563333872955818 ) ) ;
#4200 = CARTESIAN_POINT ( 'NONE',  ( 1349.506716525959973, 983.0445777062133175, 134.5010211794056261 ) ) ;
#4201 = CARTESIAN_POINT ( 'NONE',  ( 1401.878704922555698, 970.0406563122832040, 27.25879606277703360 ) ) ;
#4202 = CARTESIAN_POINT ( 'NONE',  ( 1386.890141517806796, 562.0831427534700424, -153.5327969715772838 ) ) ;
#4203 = CARTESIAN_POINT ( 'NONE',  ( 1006.483236305223386, 200.2621765841020363, -55.66360650861866333 ) ) ;
#4204 = CARTESIAN_POINT ( 'NONE',  ( 1282.912164466611785, 769.5598629573806875, 130.3779522358806560 ) ) ;
#4205 = CARTESIAN_POINT ( 'NONE',  ( 848.0474689758372051, 79.93074532014944111, -72.20723391854421891 ) ) ;
#4206 = CARTESIAN_POINT ( 'NONE',  ( 579.5049180913522378, -7.469491420723447739, -40.89913358496408335 ) ) ;
#4207 = CARTESIAN_POINT ( 'NONE',  ( 733.3162042441908852, 50.29482298497478610, 9.585803004741054067 ) ) ;
#4208 = CARTESIAN_POINT ( 'NONE',  ( 1421.442671544846235, 869.9239705556167337, -42.56642868874151020 ) ) ;
#4209 = CARTESIAN_POINT ( 'NONE',  ( 1432.019738445996609, 736.8412292400053047, -105.1849257969214193 ) ) ;
#4210 = CARTESIAN_POINT ( 'NONE',  ( 1334.598460432238198, 529.1748541262275012, -123.0266682385836532 ) ) ;
#4211 = CARTESIAN_POINT ( 'NONE',  ( 1302.012272955460048, 599.8566055006128863, 0.5406056995799429776 ) ) ;
#4212 = CARTESIAN_POINT ( 'NONE',  ( 1296.614194221529260, 742.2105240243899971, 84.75754774789102441 ) ) ;
#4213 = CARTESIAN_POINT ( 'NONE',  ( 1011.155450382090748, 178.5448649224736641, -68.37735554926490522 ) ) ;
#4214 = CARTESIAN_POINT ( 'NONE',  ( 1374.878390723116354, 586.0513851084534735, -119.2468046387742362 ) ) ;
#4215 = CARTESIAN_POINT ( 'NONE',  ( 1159.664832461239257, 497.8517304426205783, 140.7065244939590798 ) ) ;
#4216 = CARTESIAN_POINT ( 'NONE',  ( 1300.811462002086046, 733.8570582960589945, 99.03146976348541841 ) ) ;
#4217 = CARTESIAN_POINT ( 'NONE',  ( 1109.400879074935119, 275.2050772664295550, -81.14213307986551627 ) ) ;
#4218 = CARTESIAN_POINT ( 'NONE',  ( 1009.043612112251708, 188.4006577203450661, -48.85158983619896844 ) ) ;
#4219 = CARTESIAN_POINT ( 'NONE',  ( 789.8785532749270715, 73.14845882329365168, 2.828212332373541305 ) ) ;
#4220 = CARTESIAN_POINT ( 'NONE',  ( 560.0000000000004547, -6.626210679935288894, -32.69148035951793929 ) ) ;
#4221 = CARTESIAN_POINT ( 'NONE',  ( 1272.288986184394162, 790.7685626737572875, 170.3620378723084627 ) ) ;
#4222 = CARTESIAN_POINT ( 'NONE',  ( 559.9999999999998863, -10.32530337055014336, -36.26400555598025477 ) ) ;
#4223 = CARTESIAN_POINT ( 'NONE',  ( 1165.598430697922822, 480.8537149598858491, 111.7676671383525644 ) ) ;
#4224 = CARTESIAN_POINT ( 'NONE',  ( 1342.062604945291241, 994.7457755216039459, 139.6629384833701977 ) ) ;
#4225 = CARTESIAN_POINT ( 'NONE',  ( 1110.165159001684515, 272.4747475564772117, -85.17811200868317201 ) ) ;
#4226 = CARTESIAN_POINT ( 'NONE',  ( 1044.735630737965039, 292.2876106688025857, 64.56612330977257841 ) ) ;
#4227 = CARTESIAN_POINT ( 'NONE',  ( 1121.189439240123193, 233.1050394597959325, -135.3973543881991191 ) ) ;
#4228 = CARTESIAN_POINT ( 'NONE',  ( 1414.354629081120493, 951.0894524110289012, 1.090315432250271499 ) ) ;
#4229 = CARTESIAN_POINT ( 'NONE',  ( 1309.505284509780040, 836.3852454469836175, 121.6065427258178318 ) ) ;
#4230 = CARTESIAN_POINT ( 'NONE',  ( 1392.246212359105584, 804.7414495130674368, -9.564539530222472052 ) ) ;
#4231 = CARTESIAN_POINT ( 'NONE',  ( 786.5871184830672291, 107.8943507898350020, 70.05136147075475606 ) ) ;
#4232 = CARTESIAN_POINT ( 'NONE',  ( 841.7189927374582794, 131.4964803756487868, 67.55514581502335147 ) ) ;
#4233 = CARTESIAN_POINT ( 'NONE',  ( 734.4721961058947954, 32.92540398813661540, -58.64842052986214327 ) ) ;
#4234 = CARTESIAN_POINT ( 'NONE',  ( 1147.502135256034308, 353.6492191818782658, -8.130509578314045527 ) ) ;
#4235 = CARTESIAN_POINT ( 'NONE',  ( 1173.726759547986376, 457.5184583181442690, 40.74651056949100791 ) ) ;
#4236 = CARTESIAN_POINT ( 'NONE',  ( 1350.028894127495960, 495.7365199734616112, -155.0089991761082899 ) ) ;
#4237 = CARTESIAN_POINT ( 'NONE',  ( 1445.313254451895773, 939.9014126244154568, -44.73957730697798496 ) ) ;
#4238 = CARTESIAN_POINT ( 'NONE',  ( 1257.067299518411119, 697.2953132341760920, 126.4013544859624858 ) ) ;
#4239 = CARTESIAN_POINT ( 'NONE',  ( 1256.929103246138311, 401.2237843323850939, -129.4383410032689596 ) ) ;
#4240 = CARTESIAN_POINT ( 'NONE',  ( 560.0000000000002274, -9.317269873572389116, -36.46126356514683664 ) ) ;
#4241 = CARTESIAN_POINT ( 'NONE',  ( 1224.453503914526209, 485.5669903907614753, 20.98717961173460367 ) ) ;
#4242 = CARTESIAN_POINT ( 'NONE',  ( 1432.101534391927999, 959.4124717475580155, -20.01169855532210562 ) ) ;
#4243 = CARTESIAN_POINT ( 'NONE',  ( 1012.740210816538251, 171.1484748131508127, -82.97715943380447357 ) ) ;
#4244 = CARTESIAN_POINT ( 'NONE',  ( 1454.231929963132188, 818.3712384331984140, -106.7403917172342886 ) ) ;
#4245 = CARTESIAN_POINT ( 'NONE',  ( 1322.375729246055243, 812.6880454027841552, 83.40848995122847498 ) ) ;
#4246 = CARTESIAN_POINT ( 'NONE',  ( 791.5356890562768513, 55.59199088094884189, -42.50254531450897133 ) ) ;
#4247 = CARTESIAN_POINT ( 'NONE',  ( 1415.299550079237861, 641.6376079029143966, -137.9658682613113285 ) ) ;
#4248 = CARTESIAN_POINT ( 'NONE',  ( 1307.020714983229027, 840.9728395426258203, 151.6789268556923105 ) ) ;
#4249 = B_SPLINE_CURVE_WITH_KNOTS ( 'NONE', 3,
 ( #6804, #3622, #4670, #1375, #5137, #436, #3058, #1936, #1971, #4107, #3516, #2426, #5172, #6177, #4564, #2530, #3094, #2991, #2460, #4634, #850, #5620, #5655, #333, #366, #4141, #2006 ),
 .UNSPECIFIED., .F., .F.,
 ( 4, 1, 1, 1, 1, 1, 1, 1, 1, 1, 1, 1, 1, 1, 1, 1, 1, 1, 1, 1, 1, 1, 1, 1, 4 ),
 ( 0.7493000000023000151, 0.7670711793086043562, 0.7879416325140484734, 0.8088119221195890773, 0.8296821699267320493, 0.8505526045810580804, 0.8714226379009079038, 0.8922930264330126704, 0.9131630302391909870, 0.9340334005583815769, 0.9549036665767870469, 0.9757741009705267476, 1.000000000000000000, 1.020824356074099049, 1.041692814691421276, 1.062561527715629506, 1.083430993867398051, 1.104299904337743277, 1.125169859874440403, 1.146039273332033703, 1.166909432728267637, 1.187779353063653343, 1.208649004426151530, 1.229519281922405449, 1.249300024218810590 ),
 .UNSPECIFIED. ) ;
#4250 = CARTESIAN_POINT ( 'NONE',  ( 1381.619075114248517, 932.5504384963059010, 63.88950400383526329 ) ) ;
#4251 = CARTESIAN_POINT ( 'NONE',  ( 579.4353181272496158, 2.232494742806790722, -24.56965388978104059 ) ) ;
#4252 = CARTESIAN_POINT ( 'NONE',  ( 734.3400264880458508, 35.04186142238889090, -32.84706353183627670 ) ) ;
#4253 = CARTESIAN_POINT ( 'NONE',  ( 899.1681287208602953, 137.9926681724437003, 7.316196818507012978 ) ) ;
#4254 = CARTESIAN_POINT ( 'NONE',  ( 1066.612787768033968, 203.5318115235555467, -115.2081389762619210 ) ) ;
#4255 = CARTESIAN_POINT ( 'NONE',  ( 1040.919539073067426, 307.6932329060168740, 61.97280977017226178 ) ) ;
#4256 = CARTESIAN_POINT ( 'NONE',  ( 1219.662685406267656, 647.1001162043787645, 165.1086593563688325 ) ) ;
#4257 = CARTESIAN_POINT ( 'NONE',  ( 1069.125579439475814, 193.3659010847268291, -123.3506451765738632 ) ) ;
#4258 = CARTESIAN_POINT ( 'NONE',  ( 1319.523660039397328, 817.9552119913474826, 116.5260332455987680 ) ) ;
#4259 = CARTESIAN_POINT ( 'NONE',  ( 1077.759295088326553, 388.3304969391058421, 132.3788157990485104 ) ) ;
#4260 = CARTESIAN_POINT ( 'NONE',  ( 896.4018078553949636, 156.1332390885669668, 46.67162594625157368 ) ) ;
#4261 = CARTESIAN_POINT ( 'NONE',  ( 792.4320569678767470, 46.02226165188019280, -76.51667929690094638 ) ) ;
#4262 = CARTESIAN_POINT ( 'NONE',  ( 1286.004980328974398, 634.5358133195189794, 23.76224027446453491 ) ) ;
#4263 = CARTESIAN_POINT ( 'NONE',  ( 1332.176162742462793, 907.2826939981880514, 117.6076515290043005 ) ) ;
#4264 = CARTESIAN_POINT ( 'NONE',  ( 618.5954255846513661, 5.857367803336436474, -8.505275856986164840 ) ) ;
#4265 = CARTESIAN_POINT ( 'NONE',  ( 1250.816060057147752, 710.8566247136317315, 152.0461977945784042 ) ) ;
#4266 = CARTESIAN_POINT ( 'NONE',  ( 618.3120865587319486, 22.27966898648454119, 39.71793915998749469 ) ) ;
#4267 = CARTESIAN_POINT ( 'NONE',  ( 676.6975700100016411, 16.43727451606078915, -49.66574638351021775 ) ) ;
#4268 = CARTESIAN_POINT ( 'NONE',  ( 1269.925499571561431, 528.1473079312481786, -9.950653815892700038 ) ) ;
#4269 = CARTESIAN_POINT ( 'NONE',  ( 1217.807851067764204, 331.2596406983299175, -135.6380238970446044 ) ) ;
#4270 = CARTESIAN_POINT ( 'NONE',  ( 1320.181306631632424, 560.4315892590606154, -82.13143934911541066 ) ) ;
#4271 = CARTESIAN_POINT ( 'NONE',  ( 1037.475635622182836, 321.6758964997982844, 95.28055189088181010 ) ) ;
#4272 = CARTESIAN_POINT ( 'NONE',  ( 560.0000000000001137, -4.851412978701638679, -29.67014095668226759 ) ) ;
#4273 = CARTESIAN_POINT ( 'NONE',  ( 892.1327869663613228, 184.0795273386412703, 90.03433799722853337 ) ) ;
#4274 = CARTESIAN_POINT ( 'NONE',  ( 1426.327940059581806, 621.3343776631330684, -169.7493193977899466 ) ) ;
#4275 = CARTESIAN_POINT ( 'NONE',  ( 951.2331075828759595, 178.9637664316701660, 14.64103538334686050 ) ) ;
#4276 = CARTESIAN_POINT ( 'NONE',  ( 1002.111256571743183, 220.6524898414649272, -20.12212587750871151 ) ) ;
#4277 = CARTESIAN_POINT ( 'NONE',  ( 1300.124503336353655, 456.6708343471791522, -120.1492058350353886 ) ) ;
#4278 = CARTESIAN_POINT ( 'NONE',  ( 618.5650330602118174, 6.958908551239866291, -34.17481758137975589 ) ) ;
#4279 = CARTESIAN_POINT ( 'NONE',  ( 618.2265265347634795, 26.71377259079707400, 24.87023038140698361 ) ) ;
#4280 = CARTESIAN_POINT ( 'NONE',  ( 1447.309735556092619, 829.2607921279332004, -80.36494217176087318 ) ) ;
#4281 = CARTESIAN_POINT ( 'NONE',  ( 560.0000000000002274, -10.08444091972504175, -29.64602897821996308 ) ) ;
#4282 = CARTESIAN_POINT ( 'NONE',  ( 787.2684406704128151, 100.7403718187426591, 68.16162285792189834 ) ) ;
#4283 = CARTESIAN_POINT ( 'NONE',  ( 1396.997291536002194, 977.4552138128863135, 53.09530807857807844 ) ) ;
#4284 = CARTESIAN_POINT ( 'NONE',  ( 1009.966281474463472, 184.0946952947882380, -57.38977268015053568 ) ) ;
#4285 = CARTESIAN_POINT ( 'NONE',  ( 579.4398886318269888, 1.433427172204881028, 1.651935640607162803 ) ) ;
#4286 = CARTESIAN_POINT ( 'NONE',  ( 1216.293061542140777, 335.5781579799458427, -140.0789706124420491 ) ) ;
#4287 = CARTESIAN_POINT ( 'NONE',  ( 1326.243363845025669, 805.5672833658757099, 72.38196229387830272 ) ) ;
#4288 = CARTESIAN_POINT ( 'NONE',  ( 1343.312030945060997, 992.7826624556561228, 140.5768756823175636 ) ) ;
#4289 = CARTESIAN_POINT ( 'NONE',  ( 1392.989350667249255, 549.9079590070979293, -172.9376163971641347 ) ) ;
#4290 = CARTESIAN_POINT ( 'NONE',  ( 618.3451970197047558, 20.38742054737499743, 35.11877589002326516 ) ) ;
#4291 = CARTESIAN_POINT ( 'NONE',  ( 1154.572254920083424, 512.4327643677555670, 149.5342345589926936 ) ) ;
#4292 = CARTESIAN_POINT ( 'NONE',  ( 1090.591966467498651, 342.4908055208042583, 65.06145643677044177 ) ) ;
#4293 = CARTESIAN_POINT ( 'NONE',  ( 676.9638201362980681, 10.15266905990957724, -57.71542604515130392 ) ) ;
#4294 = CARTESIAN_POINT ( 'NONE',  ( 618.2660680404426330, 24.32444659183715885, 13.62110258231428972 ) ) ;
#4295 = CARTESIAN_POINT ( 'NONE',  ( 1440.448802017007438, 911.4514531386669205, -38.82014995215469355 ) ) ;
#4296 = CARTESIAN_POINT ( 'NONE',  ( 1035.487262370619419, 329.7558561838272340, 117.3841754504413188 ) ) ;
#4297 = CARTESIAN_POINT ( 'NONE',  ( 560.0000000000006821, 6.917699517217933192, 29.45608213476941728 ) ) ;
#4298 = CARTESIAN_POINT ( 'NONE',  ( 1302.962124119542068, 449.9354849976461423, -143.3270920908458947 ) ) ;
#4299 = CARTESIAN_POINT ( 'NONE',  ( 579.4435164963321085, 0.9319614186799437539, -0.08211715817805072259 ) ) ;
#4300 = CARTESIAN_POINT ( 'NONE',  ( 579.5131319413195570, -8.653554081630218775, -37.13534481322479053 ) ) ;
#4301 = CARTESIAN_POINT ( 'NONE',  ( 1399.139145906923886, 792.9588129520062694, -47.58350612560528248 ) ) ;
#4302 = VERTEX_POINT ( 'NONE', #869 ) ;
#4303 = CARTESIAN_POINT ( 'NONE',  ( 1159.875359419115739, 497.2232817991334741, 115.6716275100149431 ) ) ;
#4304 = CARTESIAN_POINT ( 'NONE',  ( 1282.912164466611785, 769.5598629573806875, 130.3779522358806560 ) ) ;
#4305 = CARTESIAN_POINT ( 'NONE',  ( 1266.506822835527828, 376.3699390923558212, -158.3191994485745226 ) ) ;
#4306 = CARTESIAN_POINT ( 'NONE',  ( 579.4362198256063721, 1.940704689978609121, 3.384352775979738048 ) ) ;
#4307 = CARTESIAN_POINT ( 'NONE',  ( 1261.358181163859172, 548.3870689708464852, -8.234711037072473871 ) ) ;
#4308 = CARTESIAN_POINT ( 'NONE',  ( 1411.449026367335364, 648.7280795058267131, -127.9836236953382240 ) ) ;
#4309 = CARTESIAN_POINT ( 'NONE',  ( 1251.335941241850833, 415.7398992111496909, -110.5642969791051655 ) ) ;
#4310 = CARTESIAN_POINT ( 'NONE',  ( 1294.866175039878044, 745.6993700699090368, 90.37958561752016351 ) ) ;
#4311 = CARTESIAN_POINT ( 'NONE',  ( 676.7553656316416664, 15.29426007810103449, -32.02774217016730773 ) ) ;
#4312 = CARTESIAN_POINT ( 'NONE',  ( 1066.872538218999352, 202.5157815522991882, -104.0454245722483364 ) ) ;
#4313 = CARTESIAN_POINT ( 'NONE',  ( 1379.460996988855868, 1004.093052116312492, 90.95242609264337830 ) ) ;
#4314 = CARTESIAN_POINT ( 'NONE',  ( 788.5443287502286012, 87.26449768474253688, 37.38186529553987469 ) ) ;
#4315 = CARTESIAN_POINT ( 'NONE',  ( 790.2621728251316426, 68.90847876175411102, -40.61234371279109467 ) ) ;
#4316 = CARTESIAN_POINT ( 'NONE',  ( 847.6073032979530808, 83.61022332247881650, -42.48302501442995549 ) ) ;
#4317 = CARTESIAN_POINT ( 'NONE',  ( 1184.802343703044244, 425.8332940118569923, 20.09258834485468626 ) ) ;
#4318 = CARTESIAN_POINT ( 'NONE',  ( 904.0013589568446832, 106.2005868734693479, -82.61347100882684913 ) ) ;
#4319 = CARTESIAN_POINT ( 'NONE',  ( 675.4455015995249596, 46.28061608889726131, 25.11067362964972105 ) ) ;
#4320 = CARTESIAN_POINT ( 'NONE',  ( 1344.471729181731462, 990.9598598301683978, 139.8504155610652049 ) ) ;
#4321 = CARTESIAN_POINT ( 'NONE',  ( 732.0100845492585222, 69.68852073803601854, 57.56891509247788719 ) ) ;
#4322 = CARTESIAN_POINT ( 'NONE',  ( 1475.787893332452768, 784.4837374124953158, -142.7020725712263811 ) ) ;
#4323 = CARTESIAN_POINT ( 'NONE',  ( 787.3903818165571238, 99.45369921959155590, 64.73152704135478075 ) ) ;
#4324 = CARTESIAN_POINT ( 'NONE',  ( 675.6926387591161074, 40.67768187038368666, 40.87688398403719958 ) ) ;
#4325 = CARTESIAN_POINT ( 'NONE',  ( 1117.670280115156856, 448.6644560097670933, 142.6305080147244553 ) ) ;
#4326 = CARTESIAN_POINT ( 'NONE',  ( 948.2648064524970550, 195.1863787926737359, 48.04279211783088499 ) ) ;
#4327 = CARTESIAN_POINT ( 'NONE',  ( 1427.189847239612391, 619.7491507214846251, -170.5898694956280224 ) ) ;
#4328 = CARTESIAN_POINT ( 'NONE',  ( 1401.878704922555698, 970.0406563122832040, 27.25879606277703360 ) ) ;
#4329 = CARTESIAN_POINT ( 'NONE',  ( 1404.747085450445411, 783.4001048875028346, -39.83723122596203581 ) ) ;
#4330 = CARTESIAN_POINT ( 'NONE',  ( 1078.351227782192836, 386.2091573432065843, 126.1838922376883829 ) ) ;
#4331 = CARTESIAN_POINT ( 'NONE',  ( 1264.380289748774658, 681.4573687730141955, 125.2399374144431192 ) ) ;
#4332 = CARTESIAN_POINT ( 'NONE',  ( 1343.312030945060997, 992.7826624556561228, 140.5768756823175636 ) ) ;
#4333 = CARTESIAN_POINT ( 'NONE',  ( 559.9999999999992042, -5.924701278069745669, -31.58139659538579380 ) ) ;
#4334 = CARTESIAN_POINT ( 'NONE',  ( 1424.884345789962254, 935.0942367826098689, -6.067939840444285693 ) ) ;
#4335 = CARTESIAN_POINT ( 'NONE',  ( 905.7413937390501815, 94.84537391637933013, -90.67068292967275056 ) ) ;
#4336 = CALENDAR_DATE ( 2026, 17, 9 ) ;
#4337 = CARTESIAN_POINT ( 'NONE',  ( 559.9999999999992042, 4.051113510000700302, -8.462748049730274502 ) ) ;
#4338 = CARTESIAN_POINT ( 'NONE',  ( 731.5926128341741332, 75.79058683944025177, 53.28227036698159935 ) ) ;
#4339 = CARTESIAN_POINT ( 'NONE',  ( 1039.643164413426348, 312.9297103049343605, 102.0380841931848437 ) ) ;
#4340 = CARTESIAN_POINT ( 'NONE',  ( 1392.133766904981030, 1018.436843359892464, 63.24178630457265626 ) ) ;
#4341 = CARTESIAN_POINT ( 'NONE',  ( 579.4985269992217809, -6.573214780053691086, -40.32875691244530714 ) ) ;
#4342 = CARTESIAN_POINT ( 'NONE',  ( 1375.644491227762273, 833.0840290177924317, 30.90886481179342482 ) ) ;
#4343 = CARTESIAN_POINT ( 'NONE',  ( 1141.310504499325134, 373.3144606473716749, -7.171218397578931203 ) ) ;
#4344 = CARTESIAN_POINT ( 'NONE',  ( 1457.651133679147506, 813.0006310272843848, -102.6283873370510946 ) ) ;
#4345 = CARTESIAN_POINT ( 'NONE',  ( 1009.272203188227763, 187.2588963797894053, -76.51139496205735213 ) ) ;
#4346 = CARTESIAN_POINT ( 'NONE',  ( 993.0049959584825956, 263.1582657256083735, 68.65527786077645089 ) ) ;
#4347 = CARTESIAN_POINT ( 'NONE',  ( 1371.091141949915709, 593.6101204055576090, -108.3386022825566783 ) ) ;
#4348 = CARTESIAN_POINT ( 'NONE',  ( 1014.127207402357953, 164.6735889611179857, -95.92948477121923645 ) ) ;
#4349 = CARTESIAN_POINT ( 'NONE',  ( 732.0100845492585222, 69.68852073803601854, 57.56891509247788719 ) ) ;
#4350 = CARTESIAN_POINT ( 'NONE',  ( 998.0569320986297726, 239.6621446808568123, 52.39010563935027420 ) ) ;
#4351 = CARTESIAN_POINT ( 'NONE',  ( 1285.011358175793248, 492.4103957745617208, -88.38790899524234135 ) ) ;
#4352 = CARTESIAN_POINT ( 'NONE',  ( 560.0000000000007958, -7.735713295934110612, -19.19933081396005292 ) ) ;
#4353 = CARTESIAN_POINT ( 'NONE',  ( 1203.274054148949745, 540.5506358692588265, 109.7651826211748585 ) ) ;
#4354 = CARTESIAN_POINT ( 'NONE',  ( 1261.378102922909193, 548.3775036078880021, 21.70412022192481061 ) ) ;
#4355 = CARTESIAN_POINT ( 'NONE',  ( 676.6975700100016411, 16.43727451606078915, -49.66574638351021775 ) ) ;
#4356 = CARTESIAN_POINT ( 'NONE',  ( 675.4108144546231642, 47.12305344609878688, 28.88066129352103317 ) ) ;
#4357 = CARTESIAN_POINT ( 'NONE',  ( 990.4011462153354159, 275.3567598600974407, 113.9978481561660715 ) ) ;
#4358 = CARTESIAN_POINT ( 'NONE',  ( 787.3514740164823706, 99.86456834677230177, 65.86947325471037118 ) ) ;
#4359 = CARTESIAN_POINT ( 'NONE',  ( 1312.555707063612545, 427.2419844190894196, -166.9725660102456288 ) ) ;
#4360 = CARTESIAN_POINT ( 'NONE',  ( 1085.562748880789513, 360.4616699196672016, 96.91509913977546375 ) ) ;
#4361 = CARTESIAN_POINT ( 'NONE',  ( 941.9950161108962448, 229.4209691368720314, 105.0452888049118769 ) ) ;
#4362 = CARTESIAN_POINT ( 'NONE',  ( 1212.366603947908516, 516.9463525508359680, 71.75054217524294131 ) ) ;
#4363 = CARTESIAN_POINT ( 'NONE',  ( 1454.263853939735782, 698.8653361463765350, -159.9855372602951888 ) ) ;
#4364 = CARTESIAN_POINT ( 'NONE',  ( 1312.773804133055137, 709.9598532162190168, 34.83927273995587370 ) ) ;
#4365 = CARTESIAN_POINT ( 'NONE',  ( 786.7731627846511628, 105.8906791478005260, 58.37155505594513016 ) ) ;
#4366 = CARTESIAN_POINT ( 'NONE',  ( 1006.803519266024750, 198.8543390059435580, -28.08555342269434618 ) ) ;
#4367 = CARTESIAN_POINT ( 'NONE',  ( 1372.070035934064663, 1015.320372859299823, 96.17636598417789173 ) ) ;
#4368 = CARTESIAN_POINT ( 'NONE',  ( 1308.758402176415984, 436.2356915537964142, -150.9918183237868732 ) ) ;
#4369 = CARTESIAN_POINT ( 'NONE',  ( 1200.235838978801894, 548.4375897362605201, 122.4351165258603515 ) ) ;
#4370 = CARTESIAN_POINT ( 'NONE',  ( 1272.491248917501025, 790.3655075081921950, 170.7552017421105006 ) ) ;
#4371 = CARTESIAN_POINT ( 'NONE',  ( 1462.767530882070560, 877.5487547560102257, -90.99338019931647636 ) ) ;
#4372 = CARTESIAN_POINT ( 'NONE',  ( 579.4680735542876846, -2.458667036496714253, -12.25454472765012248 ) ) ;
#4373 = CARTESIAN_POINT ( 'NONE',  ( 1015.493117109889113, 158.2932432022340947, -109.3388671166329686 ) ) ;
#4374 = CARTESIAN_POINT ( 'NONE',  ( 1421.781881002448017, 939.8069501759700870, 0.4997255944344791700 ) ) ;
#4375 = CARTESIAN_POINT ( 'NONE',  ( 1343.030474120986582, 649.5821102646708596, -51.33954074518878485 ) ) ;
#4376 = ORIENTED_EDGE ( 'NONE', *, *, #6902, .F. ) ;
#4377 = CARTESIAN_POINT ( 'NONE',  ( 579.3257333964180589, 17.34134855314334800, 33.41514897594711897 ) ) ;
#4378 = CARTESIAN_POINT ( 'NONE',  ( 560.0000000000003411, 11.75649883519844607, 29.95885116994672259 ) ) ;
#4379 = CARTESIAN_POINT ( 'NONE',  ( 1351.546107184634593, 492.4360800732094390, -166.2407725488279482 ) ) ;
#4380 = CARTESIAN_POINT ( 'NONE',  ( 1330.245687308689412, 675.1192637472810247, 11.44064172837346405 ) ) ;
#4381 = CARTESIAN_POINT ( 'NONE',  ( 950.3105729175855458, 183.8921417611125548, -11.78965628250731434 ) ) ;
#4382 = CARTESIAN_POINT ( 'NONE',  ( 1457.665215541029738, 885.2991620117928733, -74.61015950157094778 ) ) ;
#4383 = CARTESIAN_POINT ( 'NONE',  ( 559.9999999999998863, -1.661383015897728743, -23.11464523993260300 ) ) ;
#4384 = CARTESIAN_POINT ( 'NONE',  ( 675.3506552244812156, 48.59388252741511849, 36.46565942624232548 ) ) ;
#4385 = CARTESIAN_POINT ( 'NONE',  ( 1451.401889571900938, 894.8134223454143239, -61.65469143631599991 ) ) ;
#4386 = CARTESIAN_POINT ( 'NONE',  ( 1261.734401157233606, 388.7759566689332473, -133.1842754151889778 ) ) ;
#4387 = CARTESIAN_POINT ( 'NONE',  ( 1354.933089259991675, 868.4429920313075399, 81.56389555869571950 ) ) ;
#4388 = CARTESIAN_POINT ( 'NONE',  ( 845.8351236274201028, 97.89167436314011184, -41.42748858535369294 ) ) ;
#4389 = CARTESIAN_POINT ( 'NONE',  ( 1443.163952649704925, 835.7792250537770542, -71.38878489178011932 ) ) ;
#4390 = CARTESIAN_POINT ( 'NONE',  ( 842.1182266487653578, 128.2546817870627649, 60.84193080831971656 ) ) ;
#4391 = CARTESIAN_POINT ( 'NONE',  ( 1003.637705446960126, 213.6264691201489825, 1.213455065090140783 ) ) ;
#4392 = CARTESIAN_POINT ( 'NONE',  ( 894.0233668122324389, 171.6240639389738192, 47.66076278444973724 ) ) ;
#4393 = CARTESIAN_POINT ( 'NONE',  ( 840.4146659145884541, 142.0787635290798221, 84.97530132697265515 ) ) ;
#4394 = CARTESIAN_POINT ( 'NONE',  ( 905.7741299465184284, 94.60372778716568121, -96.22574373229622324 ) ) ;
#4395 = CARTESIAN_POINT ( 'NONE',  ( 1167.106287830687734, 476.5340042573280925, 104.5533031814650968 ) ) ;
#4396 = CARTESIAN_POINT ( 'NONE',  ( 579.3266825669077207, 17.16935609782203187, 40.66073018035825015 ) ) ;
#4397 = CARTESIAN_POINT ( 'NONE',  ( 1400.096262153305588, 972.7478262923168586, 46.52252502791267119 ) ) ;
#4398 = CARTESIAN_POINT ( 'NONE',  ( 734.8262624433342580, 27.68712125519752121, -65.86708430159981731 ) ) ;
#4399 = CARTESIAN_POINT ( 'NONE',  ( 1043.271466916526151, 298.1495606513934149, 41.60379030007943868 ) ) ;
#4400 = CARTESIAN_POINT ( 'NONE',  ( 1007.592177352977501, 195.1739669405989446, -35.42162362157659317 ) ) ;
#4401 = CARTESIAN_POINT ( 'NONE',  ( 1155.555655047694017, 509.6119910558133483, 142.5619558519825318 ) ) ;
#4402 = CARTESIAN_POINT ( 'NONE',  ( 960.7023939578378986, 127.1858564009654344, -93.91823435316534585 ) ) ;
#4403 = CARTESIAN_POINT ( 'NONE',  ( 894.5199227905816315, 168.4658129673287874, 72.15818472279909201 ) ) ;
#4404 = CARTESIAN_POINT ( 'NONE',  ( 1441.435475376023760, 720.7596202696516912, -137.3274875701016811 ) ) ;
#4405 = CARTESIAN_POINT ( 'NONE',  ( 1342.261948263744443, 994.4329472403485397, 140.6453228765332142 ) ) ;
#4406 = CARTESIAN_POINT ( 'NONE',  ( 1343.643520985672239, 509.5665446381951824, -147.1137588596037347 ) ) ;
#4407 = CARTESIAN_POINT ( 'NONE',  ( 901.2530724870607628, 124.3142076507470648, -23.08552549442683954 ) ) ;
#4408 = CARTESIAN_POINT ( 'NONE',  ( 1068.965932933146860, 194.0167180600258234, -121.3481063085866509 ) ) ;
#4409 = DIRECTION ( 'NONE',  ( 1.000000000000000000, 0.000000000000000000, 0.000000000000000000 ) ) ;
#4410 = CARTESIAN_POINT ( 'NONE',  ( 1403.505840626742838, 785.5045291176674027, -57.34420346376901279 ) ) ;
#4411 = ORIENTED_EDGE ( 'NONE', *, *, #3504, .T. ) ;
#4412 = CARTESIAN_POINT ( 'NONE',  ( 675.2907041797190004, 50.09467486950357085, 47.89386704522816274 ) ) ;
#4413 = CARTESIAN_POINT ( 'NONE',  ( 1330.241425008531223, 910.5864140109357550, 123.0065736195736150 ) ) ;
#4414 = CARTESIAN_POINT ( 'NONE',  ( 676.8793577055201922, 12.14039652209027054, -55.94153127277068194 ) ) ;
#4415 = CARTESIAN_POINT ( 'NONE',  ( 1100.549390836006069, 306.9035770889227024, 1.061457714605055225 ) ) ;
#4416 = CARTESIAN_POINT ( 'NONE',  ( 1157.948194159727564, 502.7673680902184969, 145.8548494831057951 ) ) ;
#4417 = CARTESIAN_POINT ( 'NONE',  ( 1327.698942704891806, 680.1755587967544443, -8.604744638804591617 ) ) ;
#4418 = CARTESIAN_POINT ( 'NONE',  ( 1305.941175521750893, 442.9038685263026878, -140.9706968309783122 ) ) ;
#4419 = CARTESIAN_POINT ( 'NONE',  ( 579.4434108722872452, 1.107162793858230687, -27.03137676215552432 ) ) ;
#4420 = ADVANCED_FACE ( 'NONE', ( #355 ), #6631, .T. ) ;
#4421 = CARTESIAN_POINT ( 'NONE',  ( 1385.320948811495782, 995.1921524070456826, 64.15347236828338851 ) ) ;
#4422 = CARTESIAN_POINT ( 'NONE',  ( 905.3667930194358178, 97.31367067229729173, -83.74217272376986898 ) ) ;
#4423 = CARTESIAN_POINT ( 'NONE',  ( 675.9875608310525195, 33.66922456009834974, 22.89748468749831645 ) ) ;
#4424 = CARTESIAN_POINT ( 'NONE',  ( 1057.273048915508298, 241.3761621358211187, -60.35283291572438458 ) ) ;
#4425 = CARTESIAN_POINT ( 'NONE',  ( 1207.121957089364969, 361.8793353005814311, -85.95720759441363157 ) ) ;
#4426 = CARTESIAN_POINT ( 'NONE',  ( 994.7973916446537714, 254.8637661525129943, 81.43960418682881652 ) ) ;
#4427 = CARTESIAN_POINT ( 'NONE',  ( 1434.586867325955609, 955.7421337751798092, -13.88809569691567525 ) ) ;
#4428 = CARTESIAN_POINT ( 'NONE',  ( 1236.132307024002785, 608.0979281247841755, 87.43226506750443150 ) ) ;
#4429 = CARTESIAN_POINT ( 'NONE',  ( 1156.959336755019194, 505.5990158262899854, 148.1856328389265798 ) ) ;
#4430 = CARTESIAN_POINT ( 'NONE',  ( 1471.389932224564063, 864.4508581841874957, -103.7854759588186511 ) ) ;
#4431 = CARTESIAN_POINT ( 'NONE',  ( 675.7282187658196335, 39.83384693959528278, 38.80011498136525461 ) ) ;
#4432 = CARTESIAN_POINT ( 'NONE',  ( 788.8319526597754248, 84.22352617010928100, 30.18371137102833401 ) ) ;
#4433 = CARTESIAN_POINT ( 'NONE',  ( 905.4293755879157288, 96.85413241243182370, -94.71303179303448871 ) ) ;
#4434 = CARTESIAN_POINT ( 'NONE',  ( 675.4455015995249596, 46.28061608889726131, 25.11067362964972105 ) ) ;
#4435 = CARTESIAN_POINT ( 'NONE',  ( 559.9999999999994316, -5.676362234457211109, -10.98210246565725257 ) ) ;
#4436 = CARTESIAN_POINT ( 'NONE',  ( 731.4980885335971834, 77.24836529141090580, 65.05409352881085283 ) ) ;
#4437 = CARTESIAN_POINT ( 'NONE',  ( 849.3254648036776189, 69.61812441724133294, -76.44551176438132245 ) ) ;
#4438 = CARTESIAN_POINT ( 'NONE',  ( 841.8837923241428598, 130.1584103080679995, 64.85564098433283675 ) ) ;
#4439 = CARTESIAN_POINT ( 'NONE',  ( 847.6437380002622604, 83.20698629390113865, -67.10058645894231688 ) ) ;
#4440 = CARTESIAN_POINT ( 'NONE',  ( 1220.198665261444830, 645.8325057148518908, 164.7957798958757962 ) ) ;
#4441 = CARTESIAN_POINT ( 'NONE',  ( 579.4605642364086862, -1.284412215687539716, -31.86699621574317476 ) ) ;
#4442 = CARTESIAN_POINT ( 'NONE',  ( 1422.553485933805177, 868.1859711547388088, -26.45184143166951074 ) ) ;
#4443 = CARTESIAN_POINT ( 'NONE',  ( 849.5399346584482601, 67.84529756988645488, -84.61183854869601362 ) ) ;
#4444 = DIRECTION ( 'NONE',  ( 0.000000000000000000, 0.000000000000000000, 1.000000000000000000 ) ) ;
#4445 = CARTESIAN_POINT ( 'NONE',  ( 1427.109995392736209, 931.7137215583804846, -24.62696949041322014 ) ) ;
#4446 = CARTESIAN_POINT ( 'NONE',  ( 1121.193167965991734, 437.4258222976243928, 114.0187570806604072 ) ) ;
#4447 = CARTESIAN_POINT ( 'NONE',  ( 1390.936214917727966, 1020.205387313311689, 66.05980892581777653 ) ) ;
#4448 = CARTESIAN_POINT ( 'NONE',  ( 1420.497918286490176, 632.0633881048586318, -159.0497801161615996 ) ) ;
#4449 = CARTESIAN_POINT ( 'NONE',  ( 789.8785532749270715, 73.14845882329365168, 2.828212332373541305 ) ) ;
#4450 = CARTESIAN_POINT ( 'NONE',  ( 1385.783290208743665, 1027.815222989345557, 82.53269772148942707 ) ) ;
#4451 = CARTESIAN_POINT ( 'NONE',  ( 732.5411111575424457, 61.57821894284401765, 1.108461941105553183 ) ) ;
#4452 = CARTESIAN_POINT ( 'NONE',  ( 618.7483176944464276, -3.244216698459534420, -41.79394538176017448 ) ) ;
#4453 = CARTESIAN_POINT ( 'NONE',  ( 1110.165159001684515, 272.4747475564772117, -85.17811200868317201 ) ) ;
#4454 = CARTESIAN_POINT ( 'NONE',  ( 1399.514914060594947, 1007.536370302931232, 46.51078094444469002 ) ) ;
#4455 = CARTESIAN_POINT ( 'NONE',  ( 1463.948037710637436, 875.7552745283421700, -87.53559368041173627 ) ) ;
#4456 = CARTESIAN_POINT ( 'NONE',  ( 1280.724198367501003, 646.0179128356282945, 71.02564774413039572 ) ) ;
#4457 = CARTESIAN_POINT ( 'NONE',  ( 1198.900221387986448, 385.3938896653753545, -73.27161751605628126 ) ) ;
#4458 = CARTESIAN_POINT ( 'NONE',  ( 1112.503943518687493, 264.1729564283718901, -75.71839009105613627 ) ) ;
#4459 = CARTESIAN_POINT ( 'NONE',  ( 787.9013112809772110, 94.05861713102551391, 52.87780401279822939 ) ) ;
#4460 = CARTESIAN_POINT ( 'NONE',  ( 1435.004943379393126, 955.1247193462068026, -25.56981573668397445 ) ) ;
#4461 = CARTESIAN_POINT ( 'NONE',  ( 893.0836443824168782, 177.8722459854629960, 90.48185444969770685 ) ) ;
#4462 = CARTESIAN_POINT ( 'NONE',  ( 1344.916187773730826, 885.5441493796810164, 106.0510907344026634 ) ) ;
#4463 = CARTESIAN_POINT ( 'NONE',  ( 1413.283170330766552, 987.2034188862738802, 29.78389261015720990 ) ) ;
#4464 = CARTESIAN_POINT ( 'NONE',  ( 579.5014222024856281, -6.978516340304294907, -40.70075103578644615 ) ) ;
#4465 = CARTESIAN_POINT ( 'NONE',  ( 1353.522199454543397, 870.8358728166620040, 60.95157736558088146 ) ) ;
#4466 = CARTESIAN_POINT ( 'NONE',  ( 559.9999999999998863, -7.447465990075813558, -18.02327234794987021 ) ) ;
#4467 = CARTESIAN_POINT ( 'NONE',  ( 1272.683944013278960, 789.9786793140073087, 166.9449479007305399 ) ) ;
#4468 = CARTESIAN_POINT ( 'NONE',  ( 905.5618320077007866, 96.03228168776479379, -86.79009187497950961 ) ) ;
#4469 = CARTESIAN_POINT ( 'NONE',  ( 1290.725143956810371, 753.9847172627124792, 129.1539126144438399 ) ) ;
#4470 = CARTESIAN_POINT ( 'NONE',  ( 1287.854852201946642, 759.7123626137852170, 137.4062142620635427 ) ) ;
#4471 = CARTESIAN_POINT ( 'NONE',  ( 1189.318568247954317, 576.7728833277049034, 158.5374868600151785 ) ) ;
#4472 = CARTESIAN_POINT ( 'NONE',  ( 1372.948799655342327, 589.8864987991493081, -129.1981414750806891 ) ) ;
#4473 = CARTESIAN_POINT ( 'NONE',  ( 900.4185682206154979, 129.7893578352586417, -10.92694216059374135 ) ) ;
#4474 = CARTESIAN_POINT ( 'NONE',  ( 1353.188795503087931, 488.8826413087060700, -165.6932648829930770 ) ) ;
#4475 = DATE_AND_TIME ( #2440, #6693 ) ;
#4476 = CARTESIAN_POINT ( 'NONE',  ( 1002.111256571743183, 220.6524898414649272, -20.12212587750871151 ) ) ;
#4477 = CARTESIAN_POINT ( 'NONE',  ( 618.2074708387707460, 27.91701150911454121, 32.99093050870014565 ) ) ;
#4478 = CARTESIAN_POINT ( 'NONE',  ( 1101.871757340475142, 302.1770845769107723, -7.483022136598511231 ) ) ;
#4479 = CARTESIAN_POINT ( 'NONE',  ( 892.5421926308623597, 181.3766907041751324, 79.43622369364874203 ) ) ;
#4480 = CARTESIAN_POINT ( 'NONE',  ( 560.0000000000003411, 7.874739849612816478, 32.19979423076267722 ) ) ;
#4481 = CARTESIAN_POINT ( 'NONE',  ( 1326.799885497080368, 916.4633985891562133, 133.2422216862186701 ) ) ;
#4482 = CARTESIAN_POINT ( 'NONE',  ( 1466.414332382447810, 872.0094005807989106, -96.97684235463761127 ) ) ;
#4483 = CARTESIAN_POINT ( 'NONE',  ( 1383.938398792162161, 818.9245738012084530, 10.66084126350193806 ) ) ;
#4484 = CARTESIAN_POINT ( 'NONE',  ( 1156.019046954597570, 508.2916283330457645, 150.0552798347989381 ) ) ;
#4485 = CARTESIAN_POINT ( 'NONE',  ( 1387.929163717551546, 922.6187508474836250, 28.46770280056816915 ) ) ;
#4486 = CARTESIAN_POINT ( 'NONE',  ( 676.9355110834370635, 10.95109437301204203, -46.56185333733096599 ) ) ;
#4487 = CARTESIAN_POINT ( 'NONE',  ( 618.6447080664861460, 2.406609145543585182, -42.61606499241007384 ) ) ;
#4488 = CARTESIAN_POINT ( 'NONE',  ( 1007.244014867481269, 196.7148599994724805, -61.48719579386003176 ) ) ;
#4489 = CARTESIAN_POINT ( 'NONE',  ( 1338.941600170228867, 895.7306808991443177, 99.04069369617985785 ) ) ;
#4490 = CARTESIAN_POINT ( 'NONE',  ( 1067.125150205488353, 201.4914906491901831, -105.8948778073161350 ) ) ;
#4491 = CARTESIAN_POINT ( 'NONE',  ( 1340.601093000043647, 779.1531914312204208, 59.84887184137322436 ) ) ;
#4492 = CARTESIAN_POINT ( 'NONE',  ( 733.3591553178343929, 49.41851678214093369, -28.00656455977016535 ) ) ;
#4493 = CARTESIAN_POINT ( 'NONE',  ( 579.4880243082693596, -5.207653494727575882, -22.72925291605668718 ) ) ;
#4494 = CARTESIAN_POINT ( 'NONE',  ( 1293.473588949081204, 748.5000974419581325, 120.9376289588999640 ) ) ;
#4495 = CARTESIAN_POINT ( 'NONE',  ( 1445.038816486458700, 940.3067024235474491, -35.11602620647779105 ) ) ;
#4496 = CARTESIAN_POINT ( 'NONE',  ( 1254.927704718766336, 406.4480656644920487, -105.4865151391846041 ) ) ;
#4497 = CARTESIAN_POINT ( 'NONE',  ( 1254.237186287442910, 703.4511783668771159, 159.2946027844749608 ) ) ;
#4498 = CARTESIAN_POINT ( 'NONE',  ( 1043.146115679642890, 298.7311780202084606, 76.40164795881054260 ) ) ;
#4499 = CARTESIAN_POINT ( 'NONE',  ( 1338.594302435795043, 782.8475570045053473, 65.24787742915854949 ) ) ;
#4500 = CARTESIAN_POINT ( 'NONE',  ( 905.5840042104993017, 95.84330202498593110, -95.67674941657105592 ) ) ;
#4501 = CARTESIAN_POINT ( 'NONE',  ( 559.9999999999998863, 10.42851923094765709, 16.11025353204519561 ) ) ;
#4502 = CARTESIAN_POINT ( 'NONE',  ( 847.6073032979530808, 83.61022332247881650, -42.48302501442995549 ) ) ;
#4503 = CARTESIAN_POINT ( 'NONE',  ( 1342.598181636949676, 993.9030618928263721, 137.4154494442765611 ) ) ;
#4504 = CARTESIAN_POINT ( 'NONE',  ( 792.5448287028702907, 44.86558395875169936, -73.81444687907311675 ) ) ;
#4505 = CARTESIAN_POINT ( 'NONE',  ( 1363.256003634674471, 961.4247445933683593, 104.5758603219874772 ) ) ;
#4506 = CARTESIAN_POINT ( 'NONE',  ( 787.5901234874925194, 97.34418638537286483, 60.00745456137485689 ) ) ;
#4507 = CARTESIAN_POINT ( 'NONE',  ( 1320.180629399558939, 927.7667173537146255, 151.6999508256418778 ) ) ;
#4508 = CARTESIAN_POINT ( 'NONE',  ( 1298.262644508690755, 461.0545513628377421, -129.6239695621554233 ) ) ;
#4509 = CARTESIAN_POINT ( 'NONE',  ( 1404.747085450445411, 783.4001048875028346, -39.83723122596203581 ) ) ;
#4510 = CARTESIAN_POINT ( 'NONE',  ( 1391.476416339557090, 552.9292973105658575, -167.2100480507600082 ) ) ;
#4511 = DATE_TIME_ROLE ( 'classification_date' ) ;
#4512 = CARTESIAN_POINT ( 'NONE',  ( 1188.055169775231889, 416.4626358241628736, -26.48672340132075931 ) ) ;
#4513 = CARTESIAN_POINT ( 'NONE',  ( 786.9881786796563574, 103.5912061571148115, 48.14827568193516782 ) ) ;
#4514 = CARTESIAN_POINT ( 'NONE',  ( 1362.714940656059753, 738.4431803948509696, 0.5184828190220411859 ) ) ;
#4515 = CARTESIAN_POINT ( 'NONE',  ( 1079.809930429609494, 380.9876060361615373, 113.3431750046235180 ) ) ;
#4516 = CARTESIAN_POINT ( 'NONE',  ( 1229.364668111959645, 624.1447749575730768, 140.5463945695994710 ) ) ;
#4517 = CARTESIAN_POINT ( 'NONE',  ( 731.5690454319692435, 76.15434439337870742, 56.43450841402778195 ) ) ;
#4518 = CARTESIAN_POINT ( 'NONE',  ( 1469.165670656247357, 794.8928405266501613, -133.2908385736335788 ) ) ;
#4519 = CARTESIAN_POINT ( 'NONE',  ( 1267.076700107890019, 534.8899539069868752, 0.6016875075772963877 ) ) ;
#4520 = CARTESIAN_POINT ( 'NONE',  ( 786.9466765412806808, 104.1316185059109642, 73.27052631801582550 ) ) ;
#4521 = CARTESIAN_POINT ( 'NONE',  ( 618.2943680379117950, 22.64700147542984965, 7.266182633242298294 ) ) ;
#4522 = CARTESIAN_POINT ( 'NONE',  ( 1118.202999371113719, 243.7996209840108861, -111.9774619917683935 ) ) ;
#4523 = CARTESIAN_POINT ( 'NONE',  ( 1394.576208594088030, 679.7751223644544325, -102.1654412855442331 ) ) ;
#4524 = CARTESIAN_POINT ( 'NONE',  ( 1287.997378374072468, 759.4092676738916907, 113.0210001296827755 ) ) ;
#4525 = CARTESIAN_POINT ( 'NONE',  ( 1168.325475564458429, 287.3073699294090488, -121.6724290590262996 ) ) ;
#4526 = CARTESIAN_POINT ( 'NONE',  ( 1383.663291448786140, 929.3361124827943058, 59.36787229430039758 ) ) ;
#4527 = CARTESIAN_POINT ( 'NONE',  ( 1377.332585905649694, 711.5161722255841141, -61.04238719918751599 ) ) ;
#4528 = CARTESIAN_POINT ( 'NONE',  ( 903.7330460005605346, 108.0385693595425920, -59.64063954528786127 ) ) ;
#4529 = CARTESIAN_POINT ( 'NONE',  ( 579.3814323825544079, 9.537913338832488819, 26.53637013863526306 ) ) ;
#4530 = CARTESIAN_POINT ( 'NONE',  ( 1461.210647883036472, 916.4241529087328217, -72.59865595716136966 ) ) ;
#4531 = CARTESIAN_POINT ( 'NONE',  ( 675.4091724425300072, 47.38227613518778725, 55.33073122616781347 ) ) ;
#4532 = CARTESIAN_POINT ( 'NONE',  ( 1130.115329856328799, 409.0353205765815687, 87.52753608139859409 ) ) ;
#4533 = CARTESIAN_POINT ( 'NONE',  ( 579.4133331376899605, 5.109166426501396963, 13.74095503166534904 ) ) ;
#4534 = CARTESIAN_POINT ( 'NONE',  ( 579.4913840454133833, -5.577791372021931871, -38.97215773073898504 ) ) ;
#4535 = CARTESIAN_POINT ( 'NONE',  ( 1168.905008046901685, 471.3374263707983118, 65.31040760363588049 ) ) ;
#4536 = CARTESIAN_POINT ( 'NONE',  ( 1157.176236587829180, 322.8289412658253354, -61.25018915149506427 ) ) ;
#4537 = CARTESIAN_POINT ( 'NONE',  ( 1319.414396374781973, 929.0753882481358232, 154.1047638703798555 ) ) ;
#4538 = CARTESIAN_POINT ( 'NONE',  ( 618.7624587455509300, -4.138197110210541041, -46.69659972045522522 ) ) ;
#4539 = CARTESIAN_POINT ( 'NONE',  ( 1085.562748880789513, 360.4616699196672016, 96.91509913977546375 ) ) ;
#4540 = CARTESIAN_POINT ( 'NONE',  ( 1359.041200621579492, 968.0521235869254042, 113.6368209892103494 ) ) ;
#4541 = CARTESIAN_POINT ( 'NONE',  ( 560.0000000000006821, -3.195344604455435000, -26.40983428577113656 ) ) ;
#4542 = CARTESIAN_POINT ( 'NONE',  ( 1059.305918870428741, 233.2056927727734319, -46.47730405467061132 ) ) ;
#4543 = CARTESIAN_POINT ( 'NONE',  ( 849.5316375759563243, 67.90699136336661468, -85.48814600905654970 ) ) ;
#4544 = CARTESIAN_POINT ( 'NONE',  ( 949.6960481490630173, 187.2509667125858357, -5.167739302117420941 ) ) ;
#4545 = CARTESIAN_POINT ( 'NONE',  ( 560.0000000000005684, 11.47380199719404992, 24.50950994961895546 ) ) ;
#4546 = CARTESIAN_POINT ( 'NONE',  ( 1145.851604332503030, 358.9074433949162994, 0.9903868338543122540 ) ) ;
#4547 = CARTESIAN_POINT ( 'NONE',  ( 942.6273353951282843, 225.9431366830662284, 90.83996238075017970 ) ) ;
#4548 = CARTESIAN_POINT ( 'NONE',  ( 787.4348959111357544, 98.98334812946789896, 63.57132883498550768 ) ) ;
#4549 = CARTESIAN_POINT ( 'NONE',  ( 1227.068940512280733, 629.5784598960329959, 150.6074155448366696 ) ) ;
#4550 = CARTESIAN_POINT ( 'NONE',  ( 675.2907041797190004, 50.09467486950357085, 47.89386704522816274 ) ) ;
#4551 = CARTESIAN_POINT ( 'NONE',  ( 792.0102656202337812, 50.46687462499237142, -71.38607100551195117 ) ) ;
#4552 = CARTESIAN_POINT ( 'NONE',  ( 1399.920607600597123, 1006.937242361307199, 57.17380750497822106 ) ) ;
#4553 = CARTESIAN_POINT ( 'NONE',  ( 840.7445061881511492, 139.4035591102636431, 82.52285375726870598 ) ) ;
#4554 = CARTESIAN_POINT ( 'NONE',  ( 560.0000000000002274, 8.774523605726692210, 7.802802693253132915 ) ) ;
#4555 = CARTESIAN_POINT ( 'NONE',  ( 1014.320345952603134, 163.7724443727934158, -97.64566652597201823 ) ) ;
#4556 = CARTESIAN_POINT ( 'NONE',  ( 618.5161989812361298, 9.762424660349951822, -28.22495180292312966 ) ) ;
#4557 = CARTESIAN_POINT ( 'NONE',  ( 618.2048640453684811, 28.09135025393209162, 34.61520898946610458 ) ) ;
#4558 = CARTESIAN_POINT ( 'NONE',  ( 618.2178584779767334, 27.25235834555095238, 28.11087111443005782 ) ) ;
#4559 = CARTESIAN_POINT ( 'NONE',  ( 960.5623366508378922, 127.9519447899440081, -92.31840713171833102 ) ) ;
#4560 = CARTESIAN_POINT ( 'NONE',  ( 1361.148587464066395, 857.8317399085441366, 66.36998120524827982 ) ) ;
#4561 = CARTESIAN_POINT ( 'NONE',  ( 618.4386346092793474, 14.23500175531006207, -17.63034044518304100 ) ) ;
#4562 = CARTESIAN_POINT ( 'NONE',  ( 676.8028862024315231, 14.15125173987486029, -35.71954966584763014 ) ) ;
#4563 = CARTESIAN_POINT ( 'NONE',  ( 1270.895001982439680, 667.3312118814628775, 103.5539138269639352 ) ) ;
#4564 = CARTESIAN_POINT ( 'NONE',  ( 560.0000000000000000, 11.61817089298730288, 32.90325825606489474 ) ) ;
#4565 = CARTESIAN_POINT ( 'NONE',  ( 1454.552701548616369, 890.0271756644369816, -68.18291180601303836 ) ) ;
#4566 = CARTESIAN_POINT ( 'NONE',  ( 1388.956731020927009, 1023.128687774451237, 79.43243081928048355 ) ) ;
#4568 = CARTESIAN_POINT ( 'NONE',  ( 1191.070919921813811, 572.2119206273690679, 142.6498645445951468 ) ) ;
#4567 = CARTESIAN_POINT ( 'NONE',  ( 1206.301421662133635, 532.6916984893130120, 97.09420710281176525 ) ) ;
#4569 = CARTESIAN_POINT ( 'NONE',  ( 1389.793958283140910, 919.6962879273729641, 45.80178690198793845 ) ) ;
#4570 = CARTESIAN_POINT ( 'NONE',  ( 1014.069245282002385, 164.9019428494562192, -108.0897953542753243 ) ) ;
#4571 = CARTESIAN_POINT ( 'NONE',  ( 1240.153183489506546, 598.5790735588167308, 71.17713730721290233 ) ) ;
#4572 = CARTESIAN_POINT ( 'NONE',  ( 892.0173258673092960, 184.8468996341193247, 94.93460628620026398 ) ) ;
#4573 = CARTESIAN_POINT ( 'NONE',  ( 1465.503560877580412, 910.0843819427346943, -76.11502490710691404 ) ) ;
#4574 = CARTESIAN_POINT ( 'NONE',  ( 1382.194984760777743, 999.9401211293683218, 84.34240608253435312 ) ) ;
#4575 = CARTESIAN_POINT ( 'NONE',  ( 942.0385030818458745, 229.1751228058291758, 101.4131674916718850 ) ) ;
#4576 = CARTESIAN_POINT ( 'NONE',  ( 559.9999999999998863, -3.722806396798486794, -27.47921547003282683 ) ) ;
#4577 = CARTESIAN_POINT ( 'NONE',  ( 1200.998131770442342, 379.4268824123918193, -57.09640965909100174 ) ) ;
#4578 = CARTESIAN_POINT ( 'NONE',  ( 734.9737373086294383, 25.52740558865785303, -66.19520131074760627 ) ) ;
#4579 = CARTESIAN_POINT ( 'NONE',  ( 1099.201135276093055, 311.6494826157021976, -23.49200166814887325 ) ) ;
#4580 = CARTESIAN_POINT ( 'NONE',  ( 675.3382682510273298, 48.89970566675265928, 38.36207694351784170 ) ) ;
#4581 = FACE_OUTER_BOUND ( 'NONE', #1783, .T. ) ;
#4582 = CARTESIAN_POINT ( 'NONE',  ( 1253.580689360800307, 704.8588312708365038, 140.4751491487869259 ) ) ;
#4583 = CARTESIAN_POINT ( 'NONE',  ( 1197.745820455818375, 554.9013432696856398, 132.6241082731510801 ) ) ;
#4584 = CARTESIAN_POINT ( 'NONE',  ( 1390.977411472580116, 1020.144548269356278, 76.30245859147861154 ) ) ;
#4585 = CARTESIAN_POINT ( 'NONE',  ( 1036.739457172667926, 324.6669579629933082, 103.4886360727699923 ) ) ;
#4586 = CARTESIAN_POINT ( 'NONE',  ( 618.6693481286235965, 1.010963870852652713, -44.74946044859171934 ) ) ;
#4587 = CARTESIAN_POINT ( 'NONE',  ( 1403.480442836086468, 1001.680080127094016, 37.83623129809128471 ) ) ;
#4588 = CARTESIAN_POINT ( 'NONE',  ( 1389.624930012799041, 1022.141891961550755, 78.54089269938108941 ) ) ;
#4589 = CARTESIAN_POINT ( 'NONE',  ( 947.9215059766777358, 196.9527051895362035, 14.89024973101269289 ) ) ;
#4590 = CARTESIAN_POINT ( 'NONE',  ( 1419.496348501627381, 633.9143971920578906, -148.6879572072770657 ) ) ;
#4591 = CARTESIAN_POINT ( 'NONE',  ( 1362.793545116937594, 610.1483238806792997, -103.6527951464122594 ) ) ;
#4592 = CARTESIAN_POINT ( 'NONE',  ( 618.2028311627524317, 28.22939755851654908, 35.99062570670391636 ) ) ;
#4593 = CARTESIAN_POINT ( 'NONE',  ( 731.7893933646346341, 72.81219565827333895, 37.72560839585073467 ) ) ;
#4594 = CARTESIAN_POINT ( 'NONE',  ( 1287.272199843143426, 631.8192635730597431, 49.33478584444365822 ) ) ;
#4595 = CARTESIAN_POINT ( 'NONE',  ( 1196.688953278697682, 391.7283094514856998, -63.99594528618411715 ) ) ;
#4596 = CARTESIAN_POINT ( 'NONE',  ( 1162.460539806781981, 305.9929531909446609, -90.01406747203699865 ) ) ;
#4597 = CARTESIAN_POINT ( 'NONE',  ( 1320.848616386885169, 815.5160561732844826, 112.9273836416556804 ) ) ;
#4598 = CARTESIAN_POINT ( 'NONE',  ( 560.0000000000000000, -6.799914274667989034, -15.38347806019459796 ) ) ;
#4599 = CARTESIAN_POINT ( 'NONE',  ( 1193.289891439117355, 566.4683375267067049, 150.9504361625400293 ) ) ;
#4601 = CARTESIAN_POINT ( 'NONE',  ( 1250.816060057147752, 710.8566247136317315, 152.0461977945784042 ) ) ;
#4600 = CARTESIAN_POINT ( 'NONE',  ( 947.6594096007534063, 198.4941559165293370, 54.69042101325197791 ) ) ;
#4602 = CARTESIAN_POINT ( 'NONE',  ( 1391.840308635210704, 916.4786193430534240, 41.28493991413094477 ) ) ;
#4603 = CARTESIAN_POINT ( 'NONE',  ( 1350.142910635688622, 495.4773351668923169, -163.0542686878946483 ) ) ;
#4604 = CARTESIAN_POINT ( 'NONE',  ( 560.0000000000000000, 7.141131776095656747, 30.02176760524312016 ) ) ;
#4605 = CARTESIAN_POINT ( 'NONE',  ( 840.1414193081454869, 144.2931544043022996, 85.56286618951833134 ) ) ;
#4606 = CARTESIAN_POINT ( 'NONE',  ( 792.5320146459845319, 45.01223259819048650, -72.12947863455582365 ) ) ;
#4607 = CARTESIAN_POINT ( 'NONE',  ( 1260.996785919854347, 688.7937853742976131, 136.1293163396524051 ) ) ;
#4608 = CARTESIAN_POINT ( 'NONE',  ( 560.0000000000001137, 11.73854098124429335, 35.71679597906837245 ) ) ;
#4609 = CARTESIAN_POINT ( 'NONE',  ( 956.6642650495518865, 149.1832677759568071, -73.13028066633344793 ) ) ;
#4610 = CARTESIAN_POINT ( 'NONE',  ( 1131.784361014071237, 403.7191528805185499, 78.43850255604405675 ) ) ;
#4611 = CARTESIAN_POINT ( 'NONE',  ( 1468.955569109780299, 904.9864585530280010, -83.49728536654420452 ) ) ;
#4612 = CARTESIAN_POINT ( 'NONE',  ( 1381.939105638654382, 822.3214508508676772, -8.102037589136205753 ) ) ;
#4613 = CARTESIAN_POINT ( 'NONE',  ( 1316.641792588265162, 823.2451468299137787, 100.0837701995878035 ) ) ;
#4614 = CARTESIAN_POINT ( 'NONE',  ( 1268.026525384834486, 532.6418778643823089, -2.915320244599751476 ) ) ;
#4615 = CARTESIAN_POINT ( 'NONE',  ( 618.1980412213040381, 28.61793912139879481, 42.67218059433503186 ) ) ;
#4616 = CARTESIAN_POINT ( 'NONE',  ( 618.3015548481464521, 22.88171034210871113, 41.23666645165232580 ) ) ;
#4617 = CARTESIAN_POINT ( 'NONE',  ( 579.3585909907704945, 12.71467721756046920, 34.72724740565077184 ) ) ;
#4618 = CARTESIAN_POINT ( 'NONE',  ( 893.6684180086132301, 174.0449192338899138, 84.02782219849187584 ) ) ;
#4619 = CARTESIAN_POINT ( 'NONE',  ( 1389.334504006329553, 1022.570792888707388, 70.06319760671516406 ) ) ;
#4620 = CARTESIAN_POINT ( 'NONE',  ( 676.7250250817915003, 15.78907759602405569, -50.65174073224055462 ) ) ;
#4621 = CARTESIAN_POINT ( 'NONE',  ( 1296.000247917263096, 612.8618423103655459, -8.474143703465735200 ) ) ;
#4622 = CARTESIAN_POINT ( 'NONE',  ( 559.9999999999998863, 8.676813877286845056, 33.93569715065329717 ) ) ;
#4623 = CARTESIAN_POINT ( 'NONE',  ( 1214.147077050173948, 512.2788018307508082, 32.48197798720197227 ) ) ;
#4624 = CARTESIAN_POINT ( 'NONE',  ( 1306.611485181256057, 441.3172994704420944, -143.3157567285893208 ) ) ;
#4625 = CARTESIAN_POINT ( 'NONE',  ( 579.4313765262801326, 2.780443666936205815, -23.33139472326797303 ) ) ;
#4626 = CARTESIAN_POINT ( 'NONE',  ( 1082.645820739910050, 370.8382119078424353, 88.78372947277192395 ) ) ;
#4627 = CARTESIAN_POINT ( 'NONE',  ( 559.9999999999997726, 10.95878993955520997, 19.70389206478001753 ) ) ;
#4628 = CARTESIAN_POINT ( 'NONE',  ( 1068.794258071093282, 194.6964434960883921, -125.1659503296667708 ) ) ;
#4629 = CARTESIAN_POINT ( 'NONE',  ( 560.0000000000000000, 0.01490120602937438678, 9.625647759210060883 ) ) ;
#4630 = CARTESIAN_POINT ( 'NONE',  ( 1440.127979827639138, 911.9390249807555620, -49.91006279509851140 ) ) ;
#4631 = CARTESIAN_POINT ( 'NONE',  ( 904.1449572275437276, 105.3346832490261278, -65.72236456149605033 ) ) ;
#4632 = CARTESIAN_POINT ( 'NONE',  ( 1280.913445138511179, 773.5647469280264659, 159.3961542335449622 ) ) ;
#4633 = CARTESIAN_POINT ( 'NONE',  ( 1267.889569548601003, 673.8480375292472218, 113.4994807427299293 ) ) ;
#4634 = CARTESIAN_POINT ( 'NONE',  ( 560.0000000000000000, 10.60884564879580694, 17.17166698887050558 ) ) ;
#4635 = CARTESIAN_POINT ( 'NONE',  ( 1212.241218837167253, 347.2105702187616885, -109.8834312790097130 ) ) ;
#4636 = CARTESIAN_POINT ( 'NONE',  ( 893.3070387610316629, 176.4104151633067659, 88.55822103996554517 ) ) ;
#4638 = CARTESIAN_POINT ( 'NONE',  ( 559.9999999999994316, 11.71004034188152865, 32.91596860592703422 ) ) ;
#4637 = CARTESIAN_POINT ( 'NONE',  ( 1043.677801119851893, 296.5758821227194630, 72.45604199559765846 ) ) ;
#4639 = CARTESIAN_POINT ( 'NONE',  ( 1287.272199843143426, 631.8192635730597431, 49.33478584444365822 ) ) ;
#4640 = CARTESIAN_POINT ( 'NONE',  ( 848.9175021673707988, 72.87519529084909209, -82.00119122599376453 ) ) ;
#4641 = CARTESIAN_POINT ( 'NONE',  ( 1334.133735962219589, 903.9523452540679500, 132.2792340439242196 ) ) ;
#4642 = CARTESIAN_POINT ( 'NONE',  ( 618.2139655472600452, 27.84535285521945980, 49.19474015183902793 ) ) ;
#4643 = CARTESIAN_POINT ( 'NONE',  ( 1451.465642205016366, 703.6445812126083865, -151.1753569861432993 ) ) ;
#4644 = CARTESIAN_POINT ( 'NONE',  ( 1289.781424236289240, 755.8679090188785494, 131.9001422288407923 ) ) ;
#4645 = CARTESIAN_POINT ( 'NONE',  ( 1321.392672143249456, 925.6969591954709813, 148.3592223068666840 ) ) ;
#4646 = CARTESIAN_POINT ( 'NONE',  ( 1291.838729279707422, 476.2547163509879624, -110.0145808977256507 ) ) ;
#4647 = CARTESIAN_POINT ( 'NONE',  ( 1304.489117386204498, 726.5181338091476846, 88.08480456847232176 ) ) ;
#4648 = CARTESIAN_POINT ( 'NONE',  ( 1354.493843402280163, 486.0498159717261046, -171.3778109338270212 ) ) ;
#4649 = CARTESIAN_POINT ( 'NONE',  ( 998.8326293649969330, 235.9490045748140972, 8.893201325360593046 ) ) ;
#4650 = CARTESIAN_POINT ( 'NONE',  ( 840.6276719317761490, 140.2916023396725222, 64.24061759041924802 ) ) ;
#4651 = CARTESIAN_POINT ( 'NONE',  ( 1006.008843691818242, 202.5624284929877206, -20.77022673417323517 ) ) ;
#4652 = CARTESIAN_POINT ( 'NONE',  ( 1118.909181365430641, 444.7115108761983606, 131.3712214678193959 ) ) ;
#4653 = CARTESIAN_POINT ( 'NONE',  ( 1083.149319490708649, 369.0846713648179502, 111.8218769510331896 ) ) ;
#4654 = CARTESIAN_POINT ( 'NONE',  ( 559.9999999999994316, 7.348315657134073753, 30.57905658102160373 ) ) ;
#4655 = CARTESIAN_POINT ( 'NONE',  ( 1196.241750383877161, 558.8062154388251201, 140.1490086829881534 ) ) ;
#4656 = CARTESIAN_POINT ( 'NONE',  ( 1388.794054825410740, 1023.368927868423270, 71.42506940688899419 ) ) ;
#4657 = CARTESIAN_POINT ( 'NONE',  ( 560.0000000000004547, -6.626210679935288894, -32.69148035951793929 ) ) ;
#4658 = CARTESIAN_POINT ( 'NONE',  ( 560.0000000000000000, -2.546503326794602007, 0.7081581869825483988 ) ) ;
#4659 = CARTESIAN_POINT ( 'NONE',  ( 1226.069870038654472, 631.9425115803987865, 153.7624707703297986 ) ) ;
#4660 = CARTESIAN_POINT ( 'NONE',  ( 1131.457468166008084, 404.7067563118094995, 47.64225519502760875 ) ) ;
#4661 = CARTESIAN_POINT ( 'NONE',  ( 734.9485964171244632, 25.95666096232520559, -59.31945923757872663 ) ) ;
#4662 = CARTESIAN_POINT ( 'NONE',  ( 1434.390954670646579, 849.5657032717648462, -68.57716934676784604 ) ) ;
#4663 = CARTESIAN_POINT ( 'NONE',  ( 1162.505529998932616, 489.6819554484146693, 100.2855605479680747 ) ) ;
#4664 = CARTESIAN_POINT ( 'NONE',  ( 560.0000000000001137, 11.24951512674824095, 22.10454633067799080 ) ) ;
#4665 = CARTESIAN_POINT ( 'NONE',  ( 1427.100733010190424, 619.9128692751510243, -170.6507976613815742 ) ) ;
#4666 = CARTESIAN_POINT ( 'NONE',  ( 676.0707758086512058, 31.68626685212026928, 17.45622381979457671 ) ) ;
#4667 = CARTESIAN_POINT ( 'NONE',  ( 1412.937517481921986, 883.2967019280582690, -25.01670792031231016 ) ) ;
#4668 = CARTESIAN_POINT ( 'NONE',  ( 1453.737893682010281, 927.4599111875271547, -52.64870647041255580 ) ) ;
#4669 = CARTESIAN_POINT ( 'NONE',  ( 675.7535502868601043, 39.23267798765793657, 37.31038212726463854 ) ) ;
#4670 = CARTESIAN_POINT ( 'NONE',  ( 560.0000000000000000, -1.757102837309863830, 3.512057070262098790 ) ) ;
#4671 = CARTESIAN_POINT ( 'NONE',  ( 902.4257319394656633, 116.6189938448456758, -40.34395207716418952 ) ) ;
#4672 = CARTESIAN_POINT ( 'NONE',  ( 958.8318103312989251, 137.4165570445672415, -72.51092482507442583 ) ) ;
#4673 = CARTESIAN_POINT ( 'NONE',  ( 1328.362299676038219, 913.8062799684372521, 147.5683338248148289 ) ) ;
#4675 = CARTESIAN_POINT ( 'NONE',  ( 1190.390274621856406, 573.9800534951175450, 146.0171878695493035 ) ) ;
#4674 = CARTESIAN_POINT ( 'NONE',  ( 947.0506280045846097, 201.8201198167262476, 61.32660341174791085 ) ) ;
#4676 = CARTESIAN_POINT ( 'NONE',  ( 949.7604639655820620, 187.0130597546803983, 31.37304324478656170 ) ) ;
#4677 = CARTESIAN_POINT ( 'NONE',  ( 559.9999999999997726, -7.660361296380416185, -34.27560577306412171 ) ) ;
#4678 = CARTESIAN_POINT ( 'NONE',  ( 1117.977122636118338, 447.6881581479586885, 142.9755842636241709 ) ) ;
#4679 = CARTESIAN_POINT ( 'NONE',  ( 1475.443399794270817, 785.0257456974394472, -141.4923675331388324 ) ) ;
#4680 = CARTESIAN_POINT ( 'NONE',  ( 675.6615053817577063, 41.41566361211460645, 42.65612164017774433 ) ) ;
#4681 = CARTESIAN_POINT ( 'NONE',  ( 1384.381823173786188, 1029.884908545364624, 81.87053928642852441 ) ) ;
#4682 = CARTESIAN_POINT ( 'NONE',  ( 1252.704172173807365, 412.1888142154036814, -115.2747712236518680 ) ) ;
#4683 = CARTESIAN_POINT ( 'NONE',  ( 1241.473668822119407, 595.4867249004479390, 95.63157149636916188 ) ) ;
#4684 = CARTESIAN_POINT ( 'NONE',  ( 1392.989350667249255, 549.9079590070979293, -172.9376163971641347 ) ) ;
#4685 = CARTESIAN_POINT ( 'NONE',  ( 618.2943680379117950, 22.64700147542984965, 7.266182633242298294 ) ) ;
#4686 = CARTESIAN_POINT ( 'NONE',  ( 991.6088900433484241, 269.6844016750432047, 86.00354466417471144 ) ) ;
#4687 = CARTESIAN_POINT ( 'NONE',  ( 618.5794854367009066, 6.794463636106403470, -5.355489209077717305 ) ) ;
#4688 = CARTESIAN_POINT ( 'NONE',  ( 1036.020038447590650, 327.5912756035461371, 111.9734676670740612 ) ) ;
#4689 = CARTESIAN_POINT ( 'NONE',  ( 993.5289104242501708, 260.7783425253206246, 92.34100610356233574 ) ) ;
#4690 = CARTESIAN_POINT ( 'NONE',  ( 1258.613372784627018, 693.9619498231197667, 144.2859429455925806 ) ) ;
#4691 = CARTESIAN_POINT ( 'NONE',  ( 1379.460996988855868, 1004.093052116312492, 90.95242609264337830 ) ) ;
#4692 = CARTESIAN_POINT ( 'NONE',  ( 1157.165014215896917, 504.9964766066039488, 133.1194892447990128 ) ) ;
#4693 = CARTESIAN_POINT ( 'NONE',  ( 1383.233576412811090, 569.3675689296826476, -153.6866403300828665 ) ) ;
#4694 = CARTESIAN_POINT ( 'NONE',  ( 1410.332494734001330, 991.5609745838179379, 35.85292207557623101 ) ) ;
#4695 = CARTESIAN_POINT ( 'NONE',  ( 1253.365470780329588, 705.3407753142013235, 161.1893243211604556 ) ) ;
#4696 = CARTESIAN_POINT ( 'NONE',  ( 1133.044143034853732, 399.6508210368090772, 38.40434616366143672 ) ) ;
#4697 = CARTESIAN_POINT ( 'NONE',  ( 1169.108125449133922, 284.8140938102899895, -125.7466485663417188 ) ) ;
#4698 = CARTESIAN_POINT ( 'NONE',  ( 789.6408854030536304, 75.47281168862443224, -27.40227480919848091 ) ) ;
#4699 = CARTESIAN_POINT ( 'NONE',  ( 1256.316930921951553, 698.9229955037573063, 129.3105973612738353 ) ) ;
#4700 = CARTESIAN_POINT ( 'NONE',  ( 841.0537167824160178, 136.8056931886340237, 51.32862107171865773 ) ) ;
#4701 = CARTESIAN_POINT ( 'NONE',  ( 579.5014222024856281, -6.978516340304294907, -40.70075103578644615 ) ) ;
#4702 = CARTESIAN_POINT ( 'NONE',  ( 1415.883694511208887, 983.3629665601960141, 24.45155091119641355 ) ) ;
#4703 = CARTESIAN_POINT ( 'NONE',  ( 950.9360052271157429, 180.4741182256376817, -18.38000736131710866 ) ) ;
#4704 = CARTESIAN_POINT ( 'NONE',  ( 848.4392572039231482, 76.83585668308126060, -58.91303585523945685 ) ) ;
#4705 = CARTESIAN_POINT ( 'NONE',  ( 1062.108634574026155, 221.7794477594277964, -90.35927247009183816 ) ) ;
#4706 = CARTESIAN_POINT ( 'NONE',  ( 560.0000000000000000, -9.810294634950794901, -27.94462719494335090 ) ) ;
#4707 = CARTESIAN_POINT ( 'NONE',  ( 1400.765728938891016, 1005.689167748554610, 43.76149824062188287 ) ) ;
#4708 = CARTESIAN_POINT ( 'NONE',  ( 1441.097846514466028, 839.0278342975230998, -66.90604926696896371 ) ) ;
#4709 = CARTESIAN_POINT ( 'NONE',  ( 1258.618978695761371, 396.8651338060961393, -120.5103024832543497 ) ) ;
#4710 = CARTESIAN_POINT ( 'NONE',  ( 787.1791170119361141, 101.6820299338663034, 69.98047794052523329 ) ) ;
#4711 = CARTESIAN_POINT ( 'NONE',  ( 1405.486480869402158, 998.7175645353623850, 45.78974250001500224 ) ) ;
#4712 = CARTESIAN_POINT ( 'NONE',  ( 1286.639025211181661, 488.5890925858257106, -71.34104454149971275 ) ) ;
#4713 = CARTESIAN_POINT ( 'NONE',  ( 1394.568390536485595, 912.1890142742710168, 35.25949299891919253 ) ) ;
#4714 = CARTESIAN_POINT ( 'NONE',  ( 560.0000000000000000, -6.320847189590516280, -32.21676787817134624 ) ) ;
#4715 = CARTESIAN_POINT ( 'NONE',  ( 1318.907161043963924, 929.9426613408678577, 157.3004876951324036 ) ) ;
#4716 = CARTESIAN_POINT ( 'NONE',  ( 1015.783293344944468, 156.9305317758295928, -113.7590011920341766 ) ) ;
#4717 = CARTESIAN_POINT ( 'NONE',  ( 1397.053195756209107, 1011.171834206451308, 63.12750409214064007 ) ) ;
#4718 = CARTESIAN_POINT ( 'NONE',  ( 989.7435138459821928, 278.4134002262985632, 112.5387179570244882 ) ) ;
#4719 = CARTESIAN_POINT ( 'NONE',  ( 1366.843358994915434, 602.0679936110547033, -113.9617407525060031 ) ) ;
#4720 = CARTESIAN_POINT ( 'NONE',  ( 618.3959995113704053, 17.47135177435750109, 27.44758111419760027 ) ) ;
#4721 = CARTESIAN_POINT ( 'NONE',  ( 1220.810380904706790, 322.6459071579559463, -153.0595723837661524 ) ) ;
#4722 = CARTESIAN_POINT ( 'NONE',  ( 1137.947375084126634, 384.0285616690239863, 10.94322687344770451 ) ) ;
#4723 = CARTESIAN_POINT ( 'NONE',  ( 731.6284745115533497, 75.24452168495894000, 49.91661614057428409 ) ) ;
#4724 = CARTESIAN_POINT ( 'NONE',  ( 845.9250668719170108, 97.30285086021108043, -9.668960140388312752 ) ) ;
#4725 = CARTESIAN_POINT ( 'NONE',  ( 942.5361857023430048, 226.4438846206622600, 92.66100155714832454 ) ) ;
#4726 = CARTESIAN_POINT ( 'NONE',  ( 787.5361564288990621, 97.91396323016951442, 61.20379774044690180 ) ) ;
#4727 = CARTESIAN_POINT ( 'NONE',  ( 1392.586723195218383, 1017.767917821145147, 72.49440816170125856 ) ) ;
#4728 = CARTESIAN_POINT ( 'NONE',  ( 559.9999999999998863, 8.290826266190332916, 33.22795603576967949 ) ) ;
#4729 = CARTESIAN_POINT ( 'NONE',  ( 1261.747363140838843, 388.7202235634372300, -144.7947912043828751 ) ) ;
#4730 = CARTESIAN_POINT ( 'NONE',  ( 1411.613759049241480, 885.3872104305735320, -2.397952424329707011 ) ) ;
#4731 = CARTESIAN_POINT ( 'NONE',  ( 991.9662906922424099, 268.0638763437518151, 106.7591106917483188 ) ) ;
#4732 = CARTESIAN_POINT ( 'NONE',  ( 579.3483159622642233, 14.28294895882915938, 11.31484302386691354 ) ) ;
#4733 = CARTESIAN_POINT ( 'NONE',  ( 676.9879762415625919, 9.689864583232061790, -50.39948302449034401 ) ) ;
#4734 = CARTESIAN_POINT ( 'NONE',  ( 618.4386346092793474, 14.23500175531006207, -17.63034044518304100 ) ) ;
#4735 = CARTESIAN_POINT ( 'NONE',  ( 786.7731627846511628, 105.8906791478005260, 58.37155505594513016 ) ) ;
#4736 = CARTESIAN_POINT ( 'NONE',  ( 1461.097118241038515, 916.5918134061685123, -72.39893339064468591 ) ) ;
#4737 = CARTESIAN_POINT ( 'NONE',  ( 1015.632449530621443, 157.6211446349791174, -115.9459127058275669 ) ) ;
#4738 = CARTESIAN_POINT ( 'NONE',  ( 789.1151275306691559, 81.22835843801146893, 22.97005188261979569 ) ) ;
#4739 = CARTESIAN_POINT ( 'NONE',  ( 559.9999999999996589, 5.554637584987055732, -3.861296137675124918 ) ) ;
#4740 = CARTESIAN_POINT ( 'NONE',  ( 1163.299840207009083, 303.3194808114674288, -94.55842033762401400 ) ) ;
#4741 = CARTESIAN_POINT ( 'NONE',  ( 734.1182280672312572, 38.16410552035180359, -50.06764874416886357 ) ) ;
#4742 = APPLICATION_PROTOCOL_DEFINITION ( 'international standard', 'config_control_design', 1994, #5591 ) ;
#4743 = CARTESIAN_POINT ( 'NONE',  ( 1298.370641983427959, 738.7048919264656206, 79.15505694497842626 ) ) ;
#4744 = CARTESIAN_POINT ( 'NONE',  ( 1451.109829644399497, 931.3410343557823126, -47.36703767557162337 ) ) ;
#4745 = CARTESIAN_POINT ( 'NONE',  ( 559.9999999999996589, -9.669909519861514369, -27.44129743700271362 ) ) ;
#4746 = CARTESIAN_POINT ( 'NONE',  ( 1281.495627821986545, 772.4030973836728435, 157.9940931860131741 ) ) ;
#4747 = CARTESIAN_POINT ( 'NONE',  ( 675.8730387388354757, 36.39433214480552436, 30.12444185046073741 ) ) ;
#4748 = CARTESIAN_POINT ( 'NONE',  ( 846.5336386349722488, 92.21839706805505443, -51.82251396191846027 ) ) ;
#4749 = CARTESIAN_POINT ( 'NONE',  ( 1356.155577381065768, 623.4144964241169191, -64.93777863358251068 ) ) ;
#4750 = EDGE_CURVE ( 'NONE', #3330, #2803, #168, .T. ) ;
#4751 = CARTESIAN_POINT ( 'NONE',  ( 676.2910824181562930, 26.42485636493882950, 2.251317263938592550 ) ) ;
#4752 = CARTESIAN_POINT ( 'NONE',  ( 1466.503088067975796, 799.0791549853111064, -128.8367223347411823 ) ) ;
#4753 = CARTESIAN_POINT ( 'NONE',  ( 579.3289923408674440, 16.84478246576603411, 40.77052155311680082 ) ) ;
#4754 = CARTESIAN_POINT ( 'NONE',  ( 1454.252493676871381, 698.8862918420555843, -158.5477794605698705 ) ) ;
#4755 = CARTESIAN_POINT ( 'NONE',  ( 945.2003738175711760, 211.9267412645182276, 81.18450897119201670 ) ) ;
#4756 = CARTESIAN_POINT ( 'NONE',  ( 1247.353583072771016, 718.3682552733514513, 165.5666783252386267 ) ) ;
#4757 = CARTESIAN_POINT ( 'NONE',  ( 1008.797123683584232, 189.4737380674913254, -73.05900107218175776 ) ) ;
#4758 = CARTESIAN_POINT ( 'NONE',  ( 947.3555228023868722, 200.1544187624997448, 58.00922988147859627 ) ) ;
#4759 = CARTESIAN_POINT ( 'NONE',  ( 579.5049180913522378, -7.469491420723447739, -40.89913358496408335 ) ) ;
#4760 = CARTESIAN_POINT ( 'NONE',  ( 1292.642110110147769, 620.1435683983009994, 2.224606529282095124 ) ) ;
#4761 = CARTESIAN_POINT ( 'NONE',  ( 1038.309943207473225, 318.2874173593696128, 86.76494841003588476 ) ) ;
#4762 = CARTESIAN_POINT ( 'NONE',  ( 1305.294061148027595, 592.7402831181519787, -10.29184918522129877 ) ) ;
#4763 = CARTESIAN_POINT ( 'NONE',  ( 1348.181000267305080, 985.1231959594970249, 123.5621930854510140 ) ) ;
#4764 = CARTESIAN_POINT ( 'NONE',  ( 1083.823264620107693, 366.6766853887831985, 107.5675975742562258 ) ) ;
#4765 = CARTESIAN_POINT ( 'NONE',  ( 1038.077678668725866, 319.2746975987343490, 114.7126102924424771 ) ) ;
#4766 = CARTESIAN_POINT ( 'NONE',  ( 1443.919614211868748, 716.5195270378312671, -142.1557232997228937 ) ) ;
#4767 = CARTESIAN_POINT ( 'NONE',  ( 1230.105191794094708, 470.8940513951252456, -2.681129037136994242 ) ) ;
#4768 = CARTESIAN_POINT ( 'NONE',  ( 1044.252139779133586, 294.1711675995475730, 33.54565304919007929 ) ) ;
#4769 = CARTESIAN_POINT ( 'NONE',  ( 1264.060338538760107, 382.7374944225129525, -142.4563902341027415 ) ) ;
#4770 = CARTESIAN_POINT ( 'NONE',  ( 845.8351236274201028, 97.89167436314011184, -41.42748858535369294 ) ) ;
#4771 = CARTESIAN_POINT ( 'NONE',  ( 1332.176162742462793, 907.2826939981880514, 117.6076515290043005 ) ) ;
#4772 = CARTESIAN_POINT ( 'NONE',  ( 734.2734915574040997, 35.86449235902800581, -54.01439067026313268 ) ) ;
#4773 = CARTESIAN_POINT ( 'NONE',  ( 1392.654190764140594, 550.5753650373459323, -173.0087412707738395 ) ) ;
#4774 = CARTESIAN_POINT ( 'NONE',  ( 1001.258349753767675, 224.7277774219514868, 23.17707234881009981 ) ) ;
#4775 = CARTESIAN_POINT ( 'NONE',  ( 1190.183342282309013, 410.3654986129461122, -35.92943534858015653 ) ) ;
#4776 = CARTESIAN_POINT ( 'NONE',  ( 904.5555429052815271, 102.6392708407890666, -71.80450965780318029 ) ) ;
#4777 = CARTESIAN_POINT ( 'NONE',  ( 1209.145975733787282, 356.0465788038555957, -114.2145980237444860 ) ) ;
#4778 = CARTESIAN_POINT ( 'NONE',  ( 1268.399924328748057, 672.7149103681168754, 84.08006175888482403 ) ) ;
#4779 = CARTESIAN_POINT ( 'NONE',  ( 1160.786137218035947, 311.3278576490543514, -80.92241691881061172 ) ) ;
#4780 = CARTESIAN_POINT ( 'NONE',  ( 1459.236804856215485, 882.9119450911061904, -77.85190022152663403 ) ) ;
#4781 = CARTESIAN_POINT ( 'NONE',  ( 1282.938239715773079, 769.5243920082849627, 153.8372458390322208 ) ) ;
#4782 = CARTESIAN_POINT ( 'NONE',  ( 1330.560944075371708, 797.6363884230032681, 86.83639557193959035 ) ) ;
#4783 = CARTESIAN_POINT ( 'NONE',  ( 1437.331136874786807, 916.1872522081788475, -32.28238909788662170 ) ) ;
#4784 = CARTESIAN_POINT ( 'NONE',  ( 845.0762740180119863, 104.2089295785017526, 6.711132034375757449 ) ) ;
#4785 = CARTESIAN_POINT ( 'NONE',  ( 1465.322200269586574, 873.6680307174533482, -95.23343402204112351 ) ) ;
#4786 = CARTESIAN_POINT ( 'NONE',  ( 994.0058059998884801, 258.4825134476686799, 57.24269748124511636 ) ) ;
#4787 = CARTESIAN_POINT ( 'NONE',  ( 675.2858689950044209, 50.29034817604384955, 57.43514091344892591 ) ) ;
#4788 = CARTESIAN_POINT ( 'NONE',  ( 905.8419621571899825, 94.17237999852204666, -94.34649643380721784 ) ) ;
#4789 = CARTESIAN_POINT ( 'NONE',  ( 1266.809186618422018, 676.1906864336156104, 117.1126528929006412 ) ) ;
#4790 = CARTESIAN_POINT ( 'NONE',  ( 1117.653569479525004, 448.7165094061984405, 141.1927245987541255 ) ) ;
#4791 = CARTESIAN_POINT ( 'NONE',  ( 1401.645049198185689, 970.3951945139828013, 43.23421959980822749 ) ) ;
#4792 = CARTESIAN_POINT ( 'NONE',  ( 618.7376641383409606, -2.859140926376933844, -49.47309208630412769 ) ) ;
#4793 = CARTESIAN_POINT ( 'NONE',  ( 896.9235228554937294, 152.5818567554957781, 1.423057167581788685 ) ) ;
#4794 = CARTESIAN_POINT ( 'NONE',  ( 1227.725974707559772, 628.0012214544846074, 123.2559151726656808 ) ) ;
#4795 = CARTESIAN_POINT ( 'NONE',  ( 733.9382634774995040, 41.03175592929246562, -15.83203644161355150 ) ) ;
#4796 = CARTESIAN_POINT ( 'NONE',  ( 840.2420869679282305, 143.4584934356557540, 78.91224238072616970 ) ) ;
#4798 = CARTESIAN_POINT ( 'NONE',  ( 787.4839494606035259, 98.46531394843269425, 62.39369183136741981 ) ) ;
#4797 = CC_DESIGN_APPROVAL ( #4092, ( #5640 ) ) ;
#4799 = CARTESIAN_POINT ( 'NONE',  ( 904.0013589568446832, 106.2005868734693479, -82.61347100882684913 ) ) ;
#4800 = CARTESIAN_POINT ( 'NONE',  ( 559.9999999999998863, -3.818239030450376603, -3.962552921907271486 ) ) ;
#4801 = CARTESIAN_POINT ( 'NONE',  ( 895.2959791685819937, 163.2631447223929229, 25.86373486131124722 ) ) ;
#4802 = CARTESIAN_POINT ( 'NONE',  ( 1448.754024489392350, 708.2740793872422955, -144.6060432851552378 ) ) ;
#4803 = CARTESIAN_POINT ( 'NONE',  ( 559.9999999999995453, 2.441470923380280045, -13.02815485237283610 ) ) ;
#4804 = CARTESIAN_POINT ( 'NONE',  ( 1227.725974707559772, 628.0012214544846074, 123.2559151726656808 ) ) ;
#4805 = CARTESIAN_POINT ( 'NONE',  ( 1380.988447913396158, 573.8466688039025030, -148.4648803911746313 ) ) ;
#4806 = CARTESIAN_POINT ( 'NONE',  ( 1345.892606128479883, 988.7219935981885328, 129.1792491678702390 ) ) ;
#4807 = CARTESIAN_POINT ( 'NONE',  ( 1470.766639255529299, 865.3977362458201696, -103.4388176020118664 ) ) ;
#4808 = CARTESIAN_POINT ( 'NONE',  ( 844.7894770655281036, 106.5417615277003023, 12.15769532780991291 ) ) ;
#4809 = CARTESIAN_POINT ( 'NONE',  ( 1270.250512552148848, 527.3418009338653292, -39.25734107142595519 ) ) ;
#4810 = CARTESIAN_POINT ( 'NONE',  ( 959.4135908685218510, 134.2345617941151659, -79.20477147796616180 ) ) ;
#4811 = CARTESIAN_POINT ( 'NONE',  ( 1163.133161230636688, 303.8131600882862813, -112.1717204113101616 ) ) ;
#4812 = CARTESIAN_POINT ( 'NONE',  ( 1040.919539073067426, 307.6932329060168740, 61.97280977017226178 ) ) ;
#4813 = CARTESIAN_POINT ( 'NONE',  ( 1250.003899421661799, 419.2318714202241381, -85.31289806844996804 ) ) ;
#4814 = CARTESIAN_POINT ( 'NONE',  ( 904.9274621869936936, 100.1959418799492738, -77.55122109381777307 ) ) ;
#4815 = CARTESIAN_POINT ( 'NONE',  ( 1161.219310705523867, 493.3996406112977979, 133.4180784451025943 ) ) ;
#4816 = CARTESIAN_POINT ( 'NONE',  ( 579.3979456701885056, 7.243751080447644597, 20.16422118649142092 ) ) ;
#4817 = CARTESIAN_POINT ( 'NONE',  ( 1327.326816408159175, 544.9396526072239340, -102.7033343766174056 ) ) ;
#4818 = CARTESIAN_POINT ( 'NONE',  ( 847.4679889358570790, 84.74476710755573095, -39.74304073194252140 ) ) ;
#4819 = CARTESIAN_POINT ( 'NONE',  ( 1142.545464973176877, 369.4398126955162525, 19.22139899487630998 ) ) ;
#4820 = CARTESIAN_POINT ( 'NONE',  ( 1117.668382666967773, 245.6753172475079054, -121.9717187063968282 ) ) ;
#4821 = CARTESIAN_POINT ( 'NONE',  ( 618.7083083353800248, -0.8310066394516497645, -32.22934034040116558 ) ) ;
#4822 = CARTESIAN_POINT ( 'NONE',  ( 675.4278204345887389, 46.70964892304025540, 26.99247314919134766 ) ) ;
#4823 = CARTESIAN_POINT ( 'NONE',  ( 731.6318751042579152, 75.28176066418396317, 65.92879447621481859 ) ) ;
#4824 = CARTESIAN_POINT ( 'NONE',  ( 734.9858860093804651, 25.35658337327962641, -65.51985068834257220 ) ) ;
#4825 = CARTESIAN_POINT ( 'NONE',  ( 1318.534821590638103, 819.7756067587666848, 119.2235152604859110 ) ) ;
#4826 = CARTESIAN_POINT ( 'NONE',  ( 1154.540353013417416, 512.5247257604668221, 150.4048496174850129 ) ) ;
#4827 = CARTESIAN_POINT ( 'NONE',  ( 1213.577311023713037, 513.8032587699937039, 66.67725071202818299 ) ) ;
#4828 = CARTESIAN_POINT ( 'NONE',  ( 676.9714857826402294, 9.974965420620035772, -57.69547033485823562 ) ) ;
#4829 = CC_DESIGN_PERSON_AND_ORGANIZATION_ASSIGNMENT ( #2766, #5014, ( #1436 ) ) ;
#4830 = CARTESIAN_POINT ( 'NONE',  ( 579.3483159622642233, 14.28294895882915938, 11.31484302386691354 ) ) ;
#4831 = CARTESIAN_POINT ( 'NONE',  ( 1198.966848673436971, 385.2473700957046390, -47.46747553913092332 ) ) ;
#4832 = CARTESIAN_POINT ( 'NONE',  ( 1219.440449362977915, 647.6227835369634249, 161.4352768448328845 ) ) ;
#4833 = CARTESIAN_POINT ( 'NONE',  ( 1337.288264145265430, 898.5668246965824437, 124.6457626958183056 ) ) ;
#4834 = CARTESIAN_POINT ( 'NONE',  ( 1390.487971267658395, 1020.867353228300544, 77.19674631079011817 ) ) ;
#4835 = CARTESIAN_POINT ( 'NONE',  ( 1114.893390549496871, 255.5852032557922087, -109.0868360078476087 ) ) ;
#4836 = CARTESIAN_POINT ( 'NONE',  ( 560.0000000000000000, -2.762802009232200984, -0.06910480362020432477 ) ) ;
#4837 = CARTESIAN_POINT ( 'NONE',  ( 1015.284752618124571, 159.2691608765197202, -106.8043531409725233 ) ) ;
#4838 = CARTESIAN_POINT ( 'NONE',  ( 1052.700948420784471, 259.9097305739824151, -29.61626198750681027 ) ) ;
#4839 = CARTESIAN_POINT ( 'NONE',  ( 1081.002346319029812, 376.7189521802838499, 102.4041164709804974 ) ) ;
#4840 = CARTESIAN_POINT ( 'NONE',  ( 892.6536668968375352, 180.6407358277510298, 76.38342213100132483 ) ) ;
#4841 = CARTESIAN_POINT ( 'NONE',  ( 1468.043404780998571, 906.3335422081554498, -83.15091753800594176 ) ) ;
#4842 = CARTESIAN_POINT ( 'NONE',  ( 1354.659831415145391, 753.2720250666859556, 22.07039364264480952 ) ) ;
#4843 = CARTESIAN_POINT ( 'NONE',  ( 1143.025089313373201, 367.8526397809216633, -16.15966798545994010 ) ) ;
#4844 = CARTESIAN_POINT ( 'NONE',  ( 904.3506047227311910, 103.9848015685351896, -68.74632651739426592 ) ) ;
#4845 = CARTESIAN_POINT ( 'NONE',  ( 618.5907501976423646, 5.485622984677815062, -37.08092529846138063 ) ) ;
#4846 = CARTESIAN_POINT ( 'NONE',  ( 560.0000000000000000, 10.79373265820240313, 18.50392154628858421 ) ) ;
#4847 = CARTESIAN_POINT ( 'NONE',  ( 903.3206277829268629, 110.7457446884315573, -53.53836431436077703 ) ) ;
#4848 = CARTESIAN_POINT ( 'NONE',  ( 904.7585200841504047, 101.3058039002076356, -74.94298910572500461 ) ) ;
#4849 = CARTESIAN_POINT ( 'NONE',  ( 787.3123154158411126, 100.2780435515772126, 67.00779971326718965 ) ) ;
#4850 = CARTESIAN_POINT ( 'NONE',  ( 732.8293526762784040, 57.53407579904267521, 28.53958877053241139 ) ) ;
#4851 = CARTESIAN_POINT ( 'NONE',  ( 676.3541652143647980, 24.57462522679495009, -34.66835383161598116 ) ) ;
#4852 = CARTESIAN_POINT ( 'NONE',  ( 1448.481527368010575, 935.2225093548992163, -42.07029097083988489 ) ) ;
#4853 = CARTESIAN_POINT ( 'NONE',  ( 579.4362198256063721, 1.940704689978609121, 3.384352775979738048 ) ) ;
#4854 = CARTESIAN_POINT ( 'NONE',  ( 1304.735570555645381, 445.7397332917282711, -148.3581417662509807 ) ) ;
#4855 = CARTESIAN_POINT ( 'NONE',  ( 579.3384406135629661, 15.63680166511865721, 17.94597386652348803 ) ) ;
#4856 = CARTESIAN_POINT ( 'NONE',  ( 942.5013369336085134, 226.6617024054037870, 104.3128896414153530 ) ) ;
#4857 = CARTESIAN_POINT ( 'NONE',  ( 1427.144388519338690, 619.8334669286548433, -169.8985574080983838 ) ) ;
#4858 = CARTESIAN_POINT ( 'NONE',  ( 944.5634336081019455, 215.4054451475049063, 87.82780705928637133 ) ) ;
#4859 = CARTESIAN_POINT ( 'NONE',  ( 618.3503836223740109, 20.09057570678394100, 34.35738043707149814 ) ) ;
#4860 = CARTESIAN_POINT ( 'NONE',  ( 989.8234708055658757, 278.0463287993802055, 115.0119697055259991 ) ) ;
#4861 = CARTESIAN_POINT ( 'NONE',  ( 618.4250703274232137, 15.79563659479523885, 22.81317569216238539 ) ) ;
#4862 = CARTESIAN_POINT ( 'NONE',  ( 559.9999999999998863, -9.889657366520861359, -36.61831140323461398 ) ) ;
#4863 = CARTESIAN_POINT ( 'NONE',  ( 787.9222706283546813, 93.66170586605907999, 15.78244149916076999 ) ) ;
#4864 = CARTESIAN_POINT ( 'NONE',  ( 675.3053640791869157, 49.71965269385209751, 44.14760415321632792 ) ) ;
#4865 = CARTESIAN_POINT ( 'NONE',  ( 676.6095963583200046, 18.79517313153927915, -20.98391845514211340 ) ) ;
#4866 = CARTESIAN_POINT ( 'NONE',  ( 618.1955678344727403, 28.82741291418929919, 46.43999677525775382 ) ) ;
#4867 = CARTESIAN_POINT ( 'NONE',  ( 960.8422521414487392, 126.4199051193641310, -95.68024666586860860 ) ) ;
#4868 = CARTESIAN_POINT ( 'NONE',  ( 675.6615053817577063, 41.41566361211460645, 42.65612164017774433 ) ) ;
#4869 = CARTESIAN_POINT ( 'NONE',  ( 579.3524699976106831, 13.56952720988652139, 37.07641847557825088 ) ) ;
#4870 = CARTESIAN_POINT ( 'NONE',  ( 1412.501494662824598, 646.7812620597510431, -142.4429586587939127 ) ) ;
#4871 = CARTESIAN_POINT ( 'NONE',  ( 1333.935523691350454, 667.7559501951648144, 0.5086272205503065136 ) ) ;
#4872 = CARTESIAN_POINT ( 'NONE',  ( 1068.407379694705014, 196.2887269282410045, -115.8292428170099981 ) ) ;
#4873 = APPROVAL_STATUS ( 'not_yet_approved' ) ;
#4874 = CARTESIAN_POINT ( 'NONE',  ( 1003.818426898054554, 212.6894298702205504, -34.45202951568847283 ) ) ;
#4875 = CARTESIAN_POINT ( 'NONE',  ( 1255.582951320706115, 700.5151630751155380, 132.1937573397201788 ) ) ;
#4876 = CARTESIAN_POINT ( 'NONE',  ( 991.3093856511541162, 271.0850140306242224, 89.93877855100031127 ) ) ;
#4877 = CARTESIAN_POINT ( 'NONE',  ( 1309.910252504321306, 433.4970786512502627, -161.9365381858600017 ) ) ;
#4878 = CARTESIAN_POINT ( 'NONE',  ( 1415.577158961853002, 949.2320554620686153, 13.63496336807797427 ) ) ;
#4879 = CARTESIAN_POINT ( 'NONE',  ( 559.9999999999998863, 6.932666340674747296, 0.7793089494653109295 ) ) ;
#4880 = CARTESIAN_POINT ( 'NONE',  ( 618.7356090006786644, -2.471115848413205196, -38.60250928087900490 ) ) ;
#4881 = CARTESIAN_POINT ( 'NONE',  ( 1061.490635397908363, 224.2836573046802187, -86.67370348208052633 ) ) ;
#4882 = CARTESIAN_POINT ( 'NONE',  ( 1265.316631012682137, 679.4021669804520798, 95.24980457809662937 ) ) ;
#4883 = CARTESIAN_POINT ( 'NONE',  ( 1062.430333326152322, 220.5340242134127209, -70.26746549229579841 ) ) ;
#4884 = CARTESIAN_POINT ( 'NONE',  ( 1215.199226051835694, 338.7340577581106231, -123.7241244967024869 ) ) ;
#4885 = CARTESIAN_POINT ( 'NONE',  ( 1391.510269411541231, 1019.357624030579473, 75.18136224016024016 ) ) ;
#4886 = CARTESIAN_POINT ( 'NONE',  ( 1172.685205286775499, 460.5507554403746440, 78.04603397816177335 ) ) ;
#4887 = CARTESIAN_POINT ( 'NONE',  ( 1325.531084815792383, 548.8328623246115967, -97.58442422627436486 ) ) ;
#4888 = CARTESIAN_POINT ( 'NONE',  ( 618.6720252610037960, 1.330071981232211487, -24.29878078587326939 ) ) ;
#4889 = CARTESIAN_POINT ( 'NONE',  ( 1294.379177977544487, 746.6929520343499007, 118.2020550675076151 ) ) ;
#4890 = CARTESIAN_POINT ( 'NONE',  ( 1097.898529968815183, 316.3781372023386780, 18.13701869882556750 ) ) ;
#4891 = CARTESIAN_POINT ( 'NONE',  ( 618.6542569825752480, 1.865571959881881403, -43.46204349479260998 ) ) ;
#4892 = CARTESIAN_POINT ( 'NONE',  ( 791.7963883470620203, 52.82750846811246248, -49.82075720580034783 ) ) ;
#4893 = CARTESIAN_POINT ( 'NONE',  ( 1403.277510991711551, 1001.979769735686659, 38.29509530965236763 ) ) ;
#4894 = CARTESIAN_POINT ( 'NONE',  ( 1189.318568247954317, 576.7728833277049034, 158.5374868600151785 ) ) ;
#4895 = CARTESIAN_POINT ( 'NONE',  ( 905.8031336106819253, 94.41558947785918576, -96.13080579352622124 ) ) ;
#4896 = CARTESIAN_POINT ( 'NONE',  ( 995.0001398103519250, 253.9183152435465161, 79.63272843400746126 ) ) ;
#4897 = CARTESIAN_POINT ( 'NONE',  ( 560.0000000000001137, 11.36792212328210105, 36.52077117780469706 ) ) ;
#4898 = CARTESIAN_POINT ( 'NONE',  ( 559.9999999999998863, 1.955006809008704716, 15.78185682939457379 ) ) ;
#4899 = CARTESIAN_POINT ( 'NONE',  ( 618.7271365193487327, -2.274281079870932754, -49.22817650489083974 ) ) ;
#4900 = CARTESIAN_POINT ( 'NONE',  ( 559.9999999999994316, 9.290726680741553167, 10.16826501652991332 ) ) ;
#4901 = CARTESIAN_POINT ( 'NONE',  ( 943.1577726763422334, 223.0312239177028175, 80.56272443690832574 ) ) ;
#4902 = CARTESIAN_POINT ( 'NONE',  ( 1321.781475597270855, 556.9886174601323319, -64.31186529419900921 ) ) ;
#4903 = CARTESIAN_POINT ( 'NONE',  ( 1219.923094735900122, 646.4795199271184174, 158.9252055703195197 ) ) ;
#4904 = CARTESIAN_POINT ( 'NONE',  ( 1169.941529546882066, 282.1581860102143651, -130.3124356415357283 ) ) ;
#4905 = CARTESIAN_POINT ( 'NONE',  ( 1262.714046119612476, 685.0702877572471152, 130.6743993900920771 ) ) ;
#4906 = CARTESIAN_POINT ( 'NONE',  ( 579.3339930242523224, 16.14656292675658023, 40.43551522760297701 ) ) ;
#4907 = CARTESIAN_POINT ( 'NONE',  ( 579.4740503237241001, -3.158136931495133748, -35.24566051201475148 ) ) ;
#4908 = CARTESIAN_POINT ( 'NONE',  ( 1434.216989558433397, 920.9177288434050297, -25.73011627957416536 ) ) ;
#4909 = CARTESIAN_POINT ( 'NONE',  ( 1465.503560877580412, 910.0843819427346943, -76.11502490710691404 ) ) ;
#4910 = CARTESIAN_POINT ( 'NONE',  ( 1229.297910327485170, 472.9899338486009697, 0.7002808316221400542 ) ) ;
#4911 = CARTESIAN_POINT ( 'NONE',  ( 1194.498273495580861, 398.0039300125800992, -54.69240295669454355 ) ) ;
#4912 = CARTESIAN_POINT ( 'NONE',  ( 1193.944648710177717, 564.7454218403748882, 126.7032681263258809 ) ) ;
#4913 = CARTESIAN_POINT ( 'NONE',  ( 841.5564891378411403, 132.8162489097432513, 70.25053571638881067 ) ) ;
#4914 = CARTESIAN_POINT ( 'NONE',  ( 1281.271184030655604, 772.8355809951915489, 136.1494353043169099 ) ) ;
#4915 = CARTESIAN_POINT ( 'NONE',  ( 905.2176276942929007, 98.23980237776892466, -93.12387957432753183 ) ) ;
#4916 = CARTESIAN_POINT ( 'NONE',  ( 1229.297910327485170, 472.9899338486009697, 0.7002808316221400542 ) ) ;
#4917 = CARTESIAN_POINT ( 'NONE',  ( 1386.206364162293085, 815.0365921321201768, -18.02848238391569424 ) ) ;
#4918 = CARTESIAN_POINT ( 'NONE',  ( 1461.939238800348676, 806.2591880216613163, -111.8268021306863602 ) ) ;
#4919 = CARTESIAN_POINT ( 'NONE',  ( 1332.777230229777160, 533.1231833583250364, -117.9981159406261639 ) ) ;
#4920 = CARTESIAN_POINT ( 'NONE',  ( 1316.641792588265162, 823.2451468299137787, 100.0837701995878035 ) ) ;
#4921 = CARTESIAN_POINT ( 'NONE',  ( 1209.174099074899459, 355.9996572487437447, -95.57930249771929709 ) ) ;
#4922 = CARTESIAN_POINT ( 'NONE',  ( 1066.090675537205016, 205.6872844498720951, -98.09574216142219427 ) ) ;
#4923 = CARTESIAN_POINT ( 'NONE',  ( 787.3514740164823706, 99.86456834677230177, 65.86947325471037118 ) ) ;
#4924 = CARTESIAN_POINT ( 'NONE',  ( 896.6195013187810900, 154.7061645562134231, 43.65835177611155871 ) ) ;
#4925 = CARTESIAN_POINT ( 'NONE',  ( 790.0750772367391619, 70.88476379352708534, -36.75250288268649967 ) ) ;
#4926 = CARTESIAN_POINT ( 'NONE',  ( 559.9999999999998863, -7.159077488728698313, -16.84824860943876601 ) ) ;
#4927 = CARTESIAN_POINT ( 'NONE',  ( 579.3785941698789657, 9.932321473027954539, 27.59117875729288727 ) ) ;
#4928 = CARTESIAN_POINT ( 'NONE',  ( 1100.108173222395635, 308.4805892290227121, 3.908676498690668577 ) ) ;
#4929 = CARTESIAN_POINT ( 'NONE',  ( 579.3351854804725463, 16.08027374647198471, 20.61797109515688575 ) ) ;
#4930 = CARTESIAN_POINT ( 'NONE',  ( 1296.820093347438387, 859.7474679173029699, 167.9758654285906800 ) ) ;
#4931 = CARTESIAN_POINT ( 'NONE',  ( 676.9714857826402294, 9.974965420620035772, -57.69547033485823562 ) ) ;
#4932 = CARTESIAN_POINT ( 'NONE',  ( 675.6772129627229333, 41.04341466431615970, 41.76555741467070959 ) ) ;
#4933 = CARTESIAN_POINT ( 'NONE',  ( 675.2858689950044209, 50.29034817604384955, 57.43514091344892591 ) ) ;
#4934 = CARTESIAN_POINT ( 'NONE',  ( 1310.009083429511975, 715.5027596917850587, 71.66168924416409425 ) ) ;
#4935 = CARTESIAN_POINT ( 'NONE',  ( 1426.327940059581806, 621.3343776631330684, -169.7493193977899466 ) ) ;
#4936 = CARTESIAN_POINT ( 'NONE',  ( 1214.147077050173948, 512.2788018307508082, 32.48197798720197227 ) ) ;
#4937 = CARTESIAN_POINT ( 'NONE',  ( 1121.864474454573383, 435.2851698284956115, 109.1842257625785635 ) ) ;
#4938 = CARTESIAN_POINT ( 'NONE',  ( 1440.622840434098180, 946.8282128289266666, -26.16265473897626137 ) ) ;
#4939 = CARTESIAN_POINT ( 'NONE',  ( 989.7435138459821928, 278.4134002262985632, 112.5387179570244882 ) ) ;
#4940 = CARTESIAN_POINT ( 'NONE',  ( 792.4760315153665715, 45.61779426109464453, -69.11775121409959866 ) ) ;
#4941 = CARTESIAN_POINT ( 'NONE',  ( 1084.884730146778566, 362.8842219717321314, 101.1587567040753157 ) ) ;
#4942 = CARTESIAN_POINT ( 'NONE',  ( 734.3545003388030636, 34.66576160744219237, -55.98364017593522135 ) ) ;
#4943 = CARTESIAN_POINT ( 'NONE',  ( 1342.626278104871972, 993.8604604635125952, 140.7477890902420370 ) ) ;
#4944 = CARTESIAN_POINT ( 'NONE',  ( 1212.788048231489711, 345.6157745526037388, -127.7644620140845575 ) ) ;
#4945 = CARTESIAN_POINT ( 'NONE',  ( 733.9382634774995040, 41.03175592929246562, -15.83203644161355150 ) ) ;
#4946 = CARTESIAN_POINT ( 'NONE',  ( 961.2419233308262392, 124.2216547248194587, -102.3318479822854243 ) ) ;
#4947 = CARTESIAN_POINT ( 'NONE',  ( 1276.287224711563795, 513.0555284662974600, -59.73301261122879424 ) ) ;
#4948 = CARTESIAN_POINT ( 'NONE',  ( 675.2964580765647042, 49.94445358754069986, 46.06992577122542087 ) ) ;
#4949 = CARTESIAN_POINT ( 'NONE',  ( 1378.063951220203990, 1006.215557082311307, 81.43811737420004704 ) ) ;
#4950 = CARTESIAN_POINT ( 'NONE',  ( 560.0000000000000000, -8.073937833652975016, -34.92572790252103943 ) ) ;
#4951 = CARTESIAN_POINT ( 'NONE',  ( 1333.935523691350454, 667.7559501951648144, 0.5086272205503065136 ) ) ;
#4952 = CARTESIAN_POINT ( 'NONE',  ( 1276.212969851919752, 782.9423413012239052, 167.5775917033951998 ) ) ;
#4953 = CARTESIAN_POINT ( 'NONE',  ( 560.0000000000000000, 7.569785181040002975, 3.114210619338415587 ) ) ;
#4954 = CARTESIAN_POINT ( 'NONE',  ( 960.2799331461285419, 129.4952396461713420, -89.29597877761443669 ) ) ;
#4955 = CARTESIAN_POINT ( 'NONE',  ( 733.8284754408953177, 42.45704270227523125, -42.16451283329440258 ) ) ;
#4956 = CARTESIAN_POINT ( 'NONE',  ( 1124.673116427369905, 426.3300709115113705, 89.91486811717837213 ) ) ;
#4957 = CARTESIAN_POINT ( 'NONE',  ( 676.8028862024315231, 14.15125173987486029, -35.71954966584763014 ) ) ;
#4958 = CARTESIAN_POINT ( 'NONE',  ( 1118.524887053224120, 242.6492095703418670, -113.9579702859469705 ) ) ;
#4959 = CARTESIAN_POINT ( 'NONE',  ( 1215.994806933676955, 507.5271685095265184, 56.52516568943678266 ) ) ;
#4960 = CARTESIAN_POINT ( 'NONE',  ( 790.4148260746612777, 67.29639122797038908, -43.68803927054302250 ) ) ;
#4961 = CARTESIAN_POINT ( 'NONE',  ( 618.6794412532618708, 0.8897674495694872787, -25.88389644359387631 ) ) ;
#4962 = CARTESIAN_POINT ( 'NONE',  ( 732.3763315464499328, 64.25856878425209118, 44.86927277666957536 ) ) ;
#4963 = CARTESIAN_POINT ( 'NONE',  ( 1003.373855473894650, 214.8575690268559981, 3.655075965941820382 ) ) ;
#4964 = CARTESIAN_POINT ( 'NONE',  ( 1084.340338087272812, 364.7763476169154728, 75.44343963518008422 ) ) ;
#4965 = CARTESIAN_POINT ( 'NONE',  ( 892.2617483714843729, 183.2509778110959928, 95.26524193639640714 ) ) ;
#4966 = CARTESIAN_POINT ( 'NONE',  ( 1038.936695547358795, 315.7936610979130592, 107.8695967366238904 ) ) ;
#4967 = CARTESIAN_POINT ( 'NONE',  ( 792.4973303369883979, 45.34064090071143482, -76.49468242827907716 ) ) ;
#4968 = CARTESIAN_POINT ( 'NONE',  ( 560.0000000000002274, 4.730783984824161514, 23.78822730871849345 ) ) ;
#4969 = CARTESIAN_POINT ( 'NONE',  ( 1285.632887436566079, 635.3739354981104270, 54.75312748921561479 ) ) ;
#4970 = CARTESIAN_POINT ( 'NONE',  ( 560.0000000000000000, -8.954674417555374077, -36.13251613113806116 ) ) ;
#4971 = CARTESIAN_POINT ( 'NONE',  ( 1361.010169003106512, 858.0516687837541667, 42.20529140784623223 ) ) ;
#4972 = CARTESIAN_POINT ( 'NONE',  ( 1008.382022863996326, 191.4881202107589218, -42.74238056831076449 ) ) ;
#4973 = CARTESIAN_POINT ( 'NONE',  ( 1320.180629399558939, 927.7667173537146255, 151.6999508256418778 ) ) ;
#4974 = CARTESIAN_POINT ( 'NONE',  ( 1464.163275744923567, 912.0637141073957537, -73.43231360245209771 ) ) ;
#4975 = CARTESIAN_POINT ( 'NONE',  ( 787.6446425062219987, 96.76859055135135179, 58.80887369326516989 ) ) ;
#4976 = CARTESIAN_POINT ( 'NONE',  ( 618.6326961821763462, 3.091664557452364459, -41.47282851808854787 ) ) ;
#4977 = CARTESIAN_POINT ( 'NONE',  ( 559.9999999999998863, 11.20545514123078235, 36.53419705050367838 ) ) ;
#4978 = CARTESIAN_POINT ( 'NONE',  ( 1338.289190895054389, 521.1736727393252977, -133.0495682871054157 ) ) ;
#4979 = CARTESIAN_POINT ( 'NONE',  ( 846.4905545400998790, 92.70116134736323943, -20.58952731699567806 ) ) ;
#4980 = CARTESIAN_POINT ( 'NONE',  ( 792.5448287028702907, 44.86558395875169936, -73.81444687907311675 ) ) ;
#4981 = CARTESIAN_POINT ( 'NONE',  ( 1188.843072269380400, 414.2554950993052216, 0.7785053005289863659 ) ) ;
#4982 = CARTESIAN_POINT ( 'NONE',  ( 1270.250512552148848, 527.3418009338653292, -39.25734107142595519 ) ) ;
#4983 = ORIENTED_EDGE ( 'NONE', *, *, #5157, .F. ) ;
#4984 = CARTESIAN_POINT ( 'NONE',  ( 1037.082273531332930, 323.2737287863114375, 99.48844609710963027 ) ) ;
#4985 = CARTESIAN_POINT ( 'NONE',  ( 991.1691089146289642, 271.7411619079017555, 91.86953525780037921 ) ) ;
#4986 = CARTESIAN_POINT ( 'NONE',  ( 1465.322200269586574, 873.6680307174533482, -95.23343402204112351 ) ) ;
#4987 = CARTESIAN_POINT ( 'NONE',  ( 560.0000000000000000, -9.862267198181042360, -36.62113245282254326 ) ) ;
#4988 = CARTESIAN_POINT ( 'NONE',  ( 1346.187104487436500, 988.2633166123663386, 138.3326838966776506 ) ) ;
#4989 = CARTESIAN_POINT ( 'NONE',  ( 579.3738804840072589, 10.75555668614484617, -1.753691389600501083 ) ) ;
#4990 = CARTESIAN_POINT ( 'NONE',  ( 1463.232892645678930, 876.8418111031342050, -86.07714467693617166 ) ) ;
#4991 = CARTESIAN_POINT ( 'NONE',  ( 901.8607495670484013, 120.2180056061888678, -60.57833295808878660 ) ) ;
#4992 = CARTESIAN_POINT ( 'NONE',  ( 579.3298560773764621, 16.80134226890680793, 25.98771561314546119 ) ) ;
#4993 = CARTESIAN_POINT ( 'NONE',  ( 1466.911137672809673, 798.4410239500979287, -122.4039911322459773 ) ) ;
#4994 = CARTESIAN_POINT ( 'NONE',  ( 732.9400492699103324, 55.88915023997325449, 24.34094629984068803 ) ) ;
#4995 = CARTESIAN_POINT ( 'NONE',  ( 733.6897856698286660, 44.51326348081051520, -38.15413161567416012 ) ) ;
#4996 = CARTESIAN_POINT ( 'NONE',  ( 1451.109829644399497, 931.3410343557823126, -47.36703767557162337 ) ) ;
#4997 = CARTESIAN_POINT ( 'NONE',  ( 1127.621510533009996, 416.9783842451870441, 101.1468503184585614 ) ) ;
#4998 = CARTESIAN_POINT ( 'NONE',  ( 1457.161185011577800, 922.4043968999284289, -65.80266404554194537 ) ) ;
#4999 = CARTESIAN_POINT ( 'NONE',  ( 1036.957615927181678, 323.8118599021491377, 120.0339599858575497 ) ) ;
#5000 = CARTESIAN_POINT ( 'NONE',  ( 1354.454727524074769, 486.1340737597531643, -171.5652991928791948 ) ) ;
#5001 = CARTESIAN_POINT ( 'NONE',  ( 1042.171094837708097, 302.6835226343499698, 83.63016572885956634 ) ) ;
#5002 = CARTESIAN_POINT ( 'NONE',  ( 1315.525076642712293, 704.4952564457934159, 55.23264496360145870 ) ) ;
#5003 = CARTESIAN_POINT ( 'NONE',  ( 1068.464986149621836, 196.0291378260948250, -123.9286265402725036 ) ) ;
#5004 = CARTESIAN_POINT ( 'NONE',  ( 841.7591810415392501, 131.0479031679606976, 33.45762115888319244 ) ) ;
#5005 = CARTESIAN_POINT ( 'NONE',  ( 1248.775128117035592, 422.4221904395702722, -80.25804838176954092 ) ) ;
#5006 = CARTESIAN_POINT ( 'NONE',  ( 1035.088703482281289, 331.3797516649735826, 124.3697142650993328 ) ) ;
#5007 = CARTESIAN_POINT ( 'NONE',  ( 734.9692285436141219, 25.64703885821590035, -60.41299316753840287 ) ) ;
#5008 = CARTESIAN_POINT ( 'NONE',  ( 732.2470640005008136, 66.17517068530190727, 49.34172206084444667 ) ) ;
#5009 = CARTESIAN_POINT ( 'NONE',  ( 841.6364662826863423, 132.1666650678417341, 68.90589915870282312 ) ) ;
#5010 = CARTESIAN_POINT ( 'NONE',  ( 1077.893519744800415, 387.8548070357598476, 133.9857415418723292 ) ) ;
#5011 = CARTESIAN_POINT ( 'NONE',  ( 1432.519909794534669, 735.9774532806030720, -119.5234798820567477 ) ) ;
#5012 = CARTESIAN_POINT ( 'NONE',  ( 579.4576851722389392, -1.025116133049370326, -7.032264962598983260 ) ) ;
#5013 = CARTESIAN_POINT ( 'NONE',  ( 1120.941248754214485, 234.0043821279247709, -130.5670851619834991 ) ) ;
#5014 = PERSON_AND_ORGANIZATION_ROLE ( 'creator' ) ;
#5015 = CARTESIAN_POINT ( 'NONE',  ( 1364.689252671720169, 734.7902193739831773, -29.66492317636741660 ) ) ;
#5016 = CARTESIAN_POINT ( 'NONE',  ( 675.3269008059088492, 49.18209965703697861, 40.26237739818377293 ) ) ;
#5017 = ORIENTED_EDGE ( 'NONE', *, *, #6709, .F. ) ;
#5018 = CARTESIAN_POINT ( 'NONE',  ( 1280.506225620985106, 774.3626654338988828, 138.9425534438958891 ) ) ;
#5019 = CARTESIAN_POINT ( 'NONE',  ( 675.2869947596623206, 50.19755280841842904, 49.69356869762780349 ) ) ;
#5020 = CARTESIAN_POINT ( 'NONE',  ( 1263.411462462134750, 384.4009781423074514, -149.7319378983054889 ) ) ;
#5021 = CARTESIAN_POINT ( 'NONE',  ( 1410.248042162935462, 887.5346258067469307, 0.6114444348592686929 ) ) ;
#5022 = CARTESIAN_POINT ( 'NONE',  ( 579.3420914598373201, 15.01705870277896615, 39.29517923057510842 ) ) ;
#5023 = CARTESIAN_POINT ( 'NONE',  ( 1249.839039201905280, 575.6513035598433135, 33.74934425530377524 ) ) ;
#5024 = CARTESIAN_POINT ( 'NONE',  ( 1118.524887053224120, 242.6492095703418670, -113.9579702859469705 ) ) ;
#5025 = CARTESIAN_POINT ( 'NONE',  ( 848.3378863391860705, 77.57554892289664394, -75.64323411636938488 ) ) ;
#5026 = CARTESIAN_POINT ( 'NONE',  ( 1448.414848332383826, 899.3509677393000175, -65.44018270015214966 ) ) ;
#5027 = CARTESIAN_POINT ( 'NONE',  ( 893.5289426723122688, 174.8759576718802577, 57.13444159759757923 ) ) ;
#5028 = CARTESIAN_POINT ( 'NONE',  ( 1464.671736316164015, 874.6560320774032107, -89.00566129393931192 ) ) ;
#5029 = AXIS2_PLACEMENT_3D ( 'NONE', #2835, #4444, #4409 ) ;
#5030 = CARTESIAN_POINT ( 'NONE',  ( 1177.743027769911123, 446.0597227209267430, 53.91600795723834949 ) ) ;
#5031 = CARTESIAN_POINT ( 'NONE',  ( 1056.107742506456589, 246.0994653980813212, -52.72051617819533931 ) ) ;
#5032 = CARTESIAN_POINT ( 'NONE',  ( 618.6940739684017672, 0.01926455592947555126, -29.05207517255972860 ) ) ;
#5033 = CARTESIAN_POINT ( 'NONE',  ( 1398.997242054662138, 1008.300867966243118, 59.12666894950864105 ) ) ;
#5034 = CARTESIAN_POINT ( 'NONE',  ( 1425.379527129142843, 969.3395274628658171, -6.991656145683001533 ) ) ;
#5035 = CARTESIAN_POINT ( 'NONE',  ( 1193.944415319039308, 564.7696781203673027, 149.1575343650901004 ) ) ;
#5036 = CARTESIAN_POINT ( 'NONE',  ( 675.7838537333874456, 38.51319252071879617, 35.51552664214764832 ) ) ;
#5037 = CARTESIAN_POINT ( 'NONE',  ( 1385.705972619685781, 926.1242078881936095, 54.84427157567643007 ) ) ;
#5038 = CARTESIAN_POINT ( 'NONE',  ( 1067.993039029708143, 197.9404110237713326, -121.8646160160411540 ) ) ;
#5039 = CARTESIAN_POINT ( 'NONE',  ( 618.2313002811920342, 26.42033750308218032, 23.25179805211403661 ) ) ;
#5040 = CARTESIAN_POINT ( 'NONE',  ( 579.4831214989127375, -4.532723606536862349, -20.10716996047661809 ) ) ;
#5041 = CARTESIAN_POINT ( 'NONE',  ( 1219.217106265283064, 648.1521792841268734, 163.0498557919098630 ) ) ;
#5042 = CARTESIAN_POINT ( 'NONE',  ( 1450.052911627718458, 706.0565810400079272, -147.7279461230554887 ) ) ;
#5043 = CARTESIAN_POINT ( 'NONE',  ( 994.5940727533817380, 255.8118353574620585, 83.24508932302194353 ) ) ;
#5044 = CARTESIAN_POINT ( 'NONE',  ( 732.1841850824291669, 67.10701180858549719, 51.41953564247026520 ) ) ;
#5045 = CARTESIAN_POINT ( 'NONE',  ( 990.1132992056391231, 276.6973957623325191, 114.7614459950646335 ) ) ;
#5046 = CARTESIAN_POINT ( 'NONE',  ( 1340.211236743182326, 517.0069316139665716, -138.1530343716979417 ) ) ;
#5047 = CARTESIAN_POINT ( 'NONE',  ( 790.4762269574497395, 66.81894086038177250, -13.33927518207271135 ) ) ;
#5048 = CARTESIAN_POINT ( 'NONE',  ( 618.7548878020442089, -3.774276082332379545, -48.48130494412005476 ) ) ;
#5049 = CARTESIAN_POINT ( 'NONE',  ( 675.8468394407458391, 36.64913869933157287, -6.248163387026820281 ) ) ;
#5050 = CARTESIAN_POINT ( 'NONE',  ( 893.3724943686729603, 175.9053385345345646, 60.30657162786691572 ) ) ;
#5051 = PLANE ( 'NONE',  #2998 ) ;
#5052 = CARTESIAN_POINT ( 'NONE',  ( 1302.267444500587089, 849.7129670936552657, 144.8558617353932618 ) ) ;
#5053 = CARTESIAN_POINT ( 'NONE',  ( 1334.133735962219589, 903.9523452540679500, 132.2792340439242196 ) ) ;
#5054 = CARTESIAN_POINT ( 'NONE',  ( 675.2888645979196554, 50.14596739151618721, 48.78203331220324657 ) ) ;
#5055 = CARTESIAN_POINT ( 'NONE',  ( 676.7920812666467327, 14.20653349967541956, -52.95954301787041629 ) ) ;
#5056 = CARTESIAN_POINT ( 'NONE',  ( 560.0000000000000000, -2.546503326794602007, 0.7081581869825483988 ) ) ;
#5057 = CARTESIAN_POINT ( 'NONE',  ( 1080.101879595467835, 379.9715683820512027, 129.0921153397581236 ) ) ;
#5058 = CARTESIAN_POINT ( 'NONE',  ( 732.3360368421696194, 64.63358637883895597, 9.593444970224904722 ) ) ;
#5059 = CARTESIAN_POINT ( 'NONE',  ( 1344.910831236266404, 506.8341654546479731, -138.8237458497266346 ) ) ;
#5060 = CARTESIAN_POINT ( 'NONE',  ( 733.7586670764850396, 43.49189466629817247, -40.16412669985503214 ) ) ;
#5061 = CARTESIAN_POINT ( 'NONE',  ( 1395.819594261270595, 1012.993616048098829, 54.78911693738095323 ) ) ;
#5062 = CARTESIAN_POINT ( 'NONE',  ( 960.4214722621813962, 128.7217589347512217, -90.79932558074364124 ) ) ;
#5063 = CARTESIAN_POINT ( 'NONE',  ( 788.8319526597754248, 84.22352617010928100, 30.18371137102833401 ) ) ;
#5064 = CARTESIAN_POINT ( 'NONE',  ( 618.4179842079452101, 15.42984123405219776, -14.56866889255271680 ) ) ;
#5065 = CARTESIAN_POINT ( 'NONE',  ( 1447.309735556092619, 829.2607921279332004, -80.36494217176087318 ) ) ;
#5066 = CARTESIAN_POINT ( 'NONE',  ( 842.7313808541349545, 123.2737492059780919, 50.10312712847430561 ) ) ;
#5067 = CARTESIAN_POINT ( 'NONE',  ( 1188.843072269380400, 414.2554950993052216, 0.7785053005289863659 ) ) ;
#5068 = CARTESIAN_POINT ( 'NONE',  ( 559.9999999999998863, -9.129944827807435104, -25.08686855134214611 ) ) ;
#5069 = CARTESIAN_POINT ( 'NONE',  ( 1080.101879595467835, 379.9715683820512027, 129.0921153397581236 ) ) ;
#5070 = CARTESIAN_POINT ( 'NONE',  ( 618.3759831027615519, 18.62229026633344375, 30.52710191468239032 ) ) ;
#5071 = CARTESIAN_POINT ( 'NONE',  ( 1092.593988019026483, 335.3362925425747108, 52.28279410341676225 ) ) ;
#5072 = CARTESIAN_POINT ( 'NONE',  ( 1014.439463105558389, 163.1765157516794318, -110.2103720142200700 ) ) ;
#5073 = CARTESIAN_POINT ( 'NONE',  ( 1241.963214327783589, 594.2942395503265516, 63.99917679642619106 ) ) ;
#5074 = CARTESIAN_POINT ( 'NONE',  ( 1273.615724037531436, 661.4030361688509174, 65.61768655779256676 ) ) ;
#5075 = CARTESIAN_POINT ( 'NONE',  ( 1328.417747802412123, 542.5984242169552090, -85.85112901681604569 ) ) ;
#5076 = CARTESIAN_POINT ( 'NONE',  ( 618.1969217855557872, 28.79132319848329047, 48.67002309664369619 ) ) ;
#5077 = CARTESIAN_POINT ( 'NONE',  ( 1466.324888181417009, 908.8714463437498807, -77.78339867033284349 ) ) ;
#5078 = CARTESIAN_POINT ( 'NONE',  ( 675.6772129627229333, 41.04341466431615970, 41.76555741467070959 ) ) ;
#5079 = CARTESIAN_POINT ( 'NONE',  ( 945.0358162781212741, 212.8254255337902237, 82.85222868369866944 ) ) ;
#5080 = CARTESIAN_POINT ( 'NONE',  ( 579.3247034673235021, 17.45346905578144714, 39.25215762709196810 ) ) ;
#5081 = CARTESIAN_POINT ( 'NONE',  ( 559.9999999999993179, -4.270145513952542160, -28.55628481327496004 ) ) ;
#5082 = CARTESIAN_POINT ( 'NONE',  ( 1318.476226947806254, 564.1557647066225627, -53.52890135773107971 ) ) ;
#5083 = CARTESIAN_POINT ( 'NONE',  ( 849.5301186750476745, 67.93260240447321507, -83.21977139183631778 ) ) ;
#5084 = APPROVAL_STATUS ( 'not_yet_approved' ) ;
#5085 = CARTESIAN_POINT ( 'NONE',  ( 732.6479702327446830, 59.98734640596955359, -3.110826097440478222 ) ) ;
#5086 = CARTESIAN_POINT ( 'NONE',  ( 579.3298560773764621, 16.80134226890680793, 25.98771561314546119 ) ) ;
#5087 = CARTESIAN_POINT ( 'NONE',  ( 1335.165376019607720, 665.3016962245006880, -3.135473598221685254 ) ) ;
#5088 = CARTESIAN_POINT ( 'NONE',  ( 618.1979899012970918, 28.63647745393181410, 43.49683338863685833 ) ) ;
#5089 = CARTESIAN_POINT ( 'NONE',  ( 1332.332843898853071, 907.0272037427201894, 137.3589147943103228 ) ) ;
#5090 = CARTESIAN_POINT ( 'NONE',  ( 1158.647919470414308, 500.7429801900753432, 123.2505720494646511 ) ) ;
#5091 = CARTESIAN_POINT ( 'NONE',  ( 734.5987615446465497, 31.05516737042202990, -61.31507776054804282 ) ) ;
#5092 = CARTESIAN_POINT ( 'NONE',  ( 1427.580893212674710, 966.0885515405356045, 0.4435574084027381625 ) ) ;
#5093 = CARTESIAN_POINT ( 'NONE',  ( 1373.253575339789904, 1013.522257773032038, 100.6200111589063653 ) ) ;
#5094 = CARTESIAN_POINT ( 'NONE',  ( 1316.469560271739056, 702.5845169008052835, 23.92013694989853079 ) ) ;
#5095 = CARTESIAN_POINT ( 'NONE',  ( 904.9274621869936936, 100.1959418799492738, -77.55122109381777307 ) ) ;
#5096 = CARTESIAN_POINT ( 'NONE',  ( 1325.531084815792383, 548.8328623246115967, -97.58442422627436486 ) ) ;
#5097 = CARTESIAN_POINT ( 'NONE',  ( 991.8140812446058590, 268.7250003379598979, 83.37463081445572755 ) ) ;
#5098 = CARTESIAN_POINT ( 'NONE',  ( 1203.686853404438352, 539.4409736714230803, 78.90753757102986299 ) ) ;
#5099 = CARTESIAN_POINT ( 'NONE',  ( 1445.600364903479431, 713.6583147092604804, -137.1892756604092938 ) ) ;
#5100 = CARTESIAN_POINT ( 'NONE',  ( 1403.192466050186113, 968.0446378560908443, 39.94465027518550215 ) ) ;
#5101 = CARTESIAN_POINT ( 'NONE',  ( 1003.818426898054554, 212.6894298702205504, -34.45202951568847283 ) ) ;
#5102 = CARTESIAN_POINT ( 'NONE',  ( 1425.692376958340901, 747.6429796423221887, -90.13883708144567208 ) ) ;
#5103 = CARTESIAN_POINT ( 'NONE',  ( 788.0510230076024527, 92.47726923460969317, 49.31743472390435556 ) ) ;
#5104 = CARTESIAN_POINT ( 'NONE',  ( 618.5472951046492653, 8.683708274943532146, 0.9392884908694425494 ) ) ;
#5105 = CARTESIAN_POINT ( 'NONE',  ( 904.1449572275437276, 105.3346832490261278, -65.72236456149605033 ) ) ;
#5106 = CARTESIAN_POINT ( 'NONE',  ( 943.3915603764944535, 221.8037595186514466, 99.77952830444536403 ) ) ;
#5107 = CARTESIAN_POINT ( 'NONE',  ( 895.5221635681327825, 161.8986862955937625, 58.69333057219419914 ) ) ;
#5108 = CARTESIAN_POINT ( 'NONE',  ( 843.9243653102607823, 113.5774894280612131, 28.48177073715020668 ) ) ;
#5109 = CARTESIAN_POINT ( 'NONE',  ( 618.6867921094477651, 0.02038770332695888018, -46.22982869883025359 ) ) ;
#5110 = CARTESIAN_POINT ( 'NONE',  ( 1408.365396839444657, 994.4659834053466057, 27.45632377966292736 ) ) ;
#5111 = CARTESIAN_POINT ( 'NONE',  ( 1117.653569479525004, 448.7165094061984405, 141.1927245987541255 ) ) ;
#5112 = CARTESIAN_POINT ( 'NONE',  ( 1068.699788413945271, 195.0996328823375734, -118.5782981987222939 ) ) ;
#5113 = CARTESIAN_POINT ( 'NONE',  ( 993.5289104242501708, 260.7783425253206246, 92.34100610356233574 ) ) ;
#5114 = CARTESIAN_POINT ( 'NONE',  ( 840.1361966498686797, 144.3273010767628932, 82.60734548766694729 ) ) ;
#5115 = CARTESIAN_POINT ( 'NONE',  ( 1113.267907643830085, 261.3912344755343042, -101.1089367271840445 ) ) ;
#5116 = CARTESIAN_POINT ( 'NONE',  ( 790.8322692912663570, 63.04715117810581404, -23.05081119312013982 ) ) ;
#5117 = CARTESIAN_POINT ( 'NONE',  ( 1475.443399794270817, 785.0257456974394472, -141.4923675331388324 ) ) ;
#5118 = CARTESIAN_POINT ( 'NONE',  ( 1000.442958826285349, 228.4351701148587779, -5.688630339843942174 ) ) ;
#5119 = CARTESIAN_POINT ( 'NONE',  ( 1338.941600170228867, 895.7306808991443177, 99.04069369617985785 ) ) ;
#5120 = CARTESIAN_POINT ( 'NONE',  ( 560.0000000000000000, -2.546503326794602007, 0.7081581869825483988 ) ) ;
#5121 = CARTESIAN_POINT ( 'NONE',  ( 731.5623018845149090, 76.25980530846317151, 57.49443567400344079 ) ) ;
#5122 = CARTESIAN_POINT ( 'NONE',  ( 579.3601000072673060, 12.50646410337625980, 34.11811130213963139 ) ) ;
#5123 = CARTESIAN_POINT ( 'NONE',  ( 618.2929121002495094, 23.37574209500854039, 42.70354848692455363 ) ) ;
#5124 = CARTESIAN_POINT ( 'NONE',  ( 840.4318328480403579, 141.8978989837959830, 71.33254720295695961 ) ) ;
#5125 = CARTESIAN_POINT ( 'NONE',  ( 1446.306060771947159, 712.4462366534221474, -146.6241659671105424 ) ) ;
#5126 = CARTESIAN_POINT ( 'NONE',  ( 1096.433669570192478, 321.5399360741905070, -6.672621247553879087 ) ) ;
#5127 = CARTESIAN_POINT ( 'NONE',  ( 893.3070387610316629, 176.4104151633067659, 88.55822103996554517 ) ) ;
#5128 = CARTESIAN_POINT ( 'NONE',  ( 788.2722343117713990, 89.95347250655564153, 6.047059134382758216 ) ) ;
#5129 = CARTESIAN_POINT ( 'NONE',  ( 676.9750513636018923, 9.998835143462834196, -49.54626206058357951 ) ) ;
#5130 = CARTESIAN_POINT ( 'NONE',  ( 901.6034648812367323, 121.9036094802044801, -57.71435108807264669 ) ) ;
#5131 = CARTESIAN_POINT ( 'NONE',  ( 560.0000000000005684, 11.47380199719404992, 24.50950994961895546 ) ) ;
#5132 = CARTESIAN_POINT ( 'NONE',  ( 1126.127355075351943, 421.6942830770738055, 80.42490887126503196 ) ) ;
#5133 = CARTESIAN_POINT ( 'NONE',  ( 1000.065548237778103, 230.2925304514228628, 34.15087724186518159 ) ) ;
#5134 = CARTESIAN_POINT ( 'NONE',  ( 579.4126822788545041, 5.377416258470661070, -17.07976375168219718 ) ) ;
#5135 = CARTESIAN_POINT ( 'NONE',  ( 1295.780879707037457, 466.9512970519411397, -104.5254612019111278 ) ) ;
#5136 = CARTESIAN_POINT ( 'NONE',  ( 996.0223614390789635, 249.1512648212272438, 70.56623616556041156 ) ) ;
#5137 = CARTESIAN_POINT ( 'NONE',  ( 560.0000000000000000, -0.01108490953539997305, 9.571445814461512214 ) ) ;
#5138 = LOCAL_TIME ( 3, 1, 24.00000000000000000, #598 ) ;
#5139 = CARTESIAN_POINT ( 'NONE',  ( 1301.566450254272468, 851.0125294242498057, 162.6896554554121224 ) ) ;
#5141 = CARTESIAN_POINT ( 'NONE',  ( 1277.549670417437255, 780.2651152536565178, 150.0998463494369446 ) ) ;
#5140 = CARTESIAN_POINT ( 'NONE',  ( 618.3959995113704053, 17.47135177435750109, 27.44758111419760027 ) ) ;
#5142 = CARTESIAN_POINT ( 'NONE',  ( 1414.582688798686604, 985.2842909041395387, 27.11752740801017225 ) ) ;
#5143 = CARTESIAN_POINT ( 'NONE',  ( 734.6490081248517754, 30.31178927860516836, -62.36252034473185546 ) ) ;
#5144 = CARTESIAN_POINT ( 'NONE',  ( 618.2009206194330773, 28.57602276103891015, 49.16187303959691945 ) ) ;
#5145 = CARTESIAN_POINT ( 'NONE',  ( 1448.754024489392350, 708.2740793872422955, -144.6060432851552378 ) ) ;
#5146 = CARTESIAN_POINT ( 'NONE',  ( 560.0000000000006821, 6.917699517217933192, 29.45608213476941728 ) ) ;
#5147 = CARTESIAN_POINT ( 'NONE',  ( 1296.722641166632684, 859.9232292184448170, 161.7978503759018167 ) ) ;
#5148 = CARTESIAN_POINT ( 'NONE',  ( 790.6480040870573021, 64.83433455575340076, -48.27371147019657371 ) ) ;
#5149 = CARTESIAN_POINT ( 'NONE',  ( 675.8436148058616482, 37.09362454461425074, 31.92200552271133063 ) ) ;
#5150 = CARTESIAN_POINT ( 'NONE',  ( 1069.190277076196708, 193.0969461092177255, -125.6933587038682418 ) ) ;
#5151 = CARTESIAN_POINT ( 'NONE',  ( 1226.436620913937304, 480.3722101286049906, -17.89903898249864866 ) ) ;
#5152 = CARTESIAN_POINT ( 'NONE',  ( 1125.394146278514654, 424.0315642555626710, 85.16791022643187148 ) ) ;
#5153 = CARTESIAN_POINT ( 'NONE',  ( 560.0000000000000000, -2.762802009232200984, -0.06910480362020432477 ) ) ;
#5154 = CARTESIAN_POINT ( 'NONE',  ( 1158.289988362670556, 501.7695651409566153, 125.6371107688380420 ) ) ;
#5155 = CARTESIAN_POINT ( 'NONE',  ( 1309.476332048343238, 836.4516404865379400, 143.5836422384901709 ) ) ;
#5156 = CARTESIAN_POINT ( 'NONE',  ( 559.9999999999998863, 7.530046773800572524, 31.12343321060778578 ) ) ;
#5157 = EDGE_CURVE ( 'NONE', #4302, #2837, #4249, .T. ) ;
#5158 = CARTESIAN_POINT ( 'NONE',  ( 1330.638327122365581, 909.9206000968921444, 142.4391849564093206 ) ) ;
#5159 = CARTESIAN_POINT ( 'NONE',  ( 1303.078609641568164, 848.2191948046421430, 142.1109077141462649 ) ) ;
#5160 = CARTESIAN_POINT ( 'NONE',  ( 1065.623273201626944, 207.5398859095365651, -110.1429619693529958 ) ) ;
#5161 = CARTESIAN_POINT ( 'NONE',  ( 1392.760613572858574, 1017.511116630701395, 71.40493412808682194 ) ) ;
#5162 = CARTESIAN_POINT ( 'NONE',  ( 1121.587122154463714, 436.1961458938989722, 134.1454272914356238 ) ) ;
#5163 = CARTESIAN_POINT ( 'NONE',  ( 998.8326293649969330, 235.9490045748140972, 8.893201325360593046 ) ) ;
#5164 = CARTESIAN_POINT ( 'NONE',  ( 1067.372048706553869, 200.4904868661814987, -107.6603811013641661 ) ) ;
#5165 = CARTESIAN_POINT ( 'NONE',  ( 1245.904275651349053, 429.8377517624452366, -91.43782479542184660 ) ) ;
#5166 = CARTESIAN_POINT ( 'NONE',  ( 1123.968620646528507, 428.5760913096657418, 94.65858930625323353 ) ) ;
#5167 = CARTESIAN_POINT ( 'NONE',  ( 1342.865423123390428, 889.0309790778480874, 88.56815132164445004 ) ) ;
#5168 = CARTESIAN_POINT ( 'NONE',  ( 1048.409167892411006, 277.3940401033513581, 36.87418080150672495 ) ) ;
#5169 = CARTESIAN_POINT ( 'NONE',  ( 1053.817296162590083, 255.3839479960304288, -37.36685258281224975 ) ) ;
#5170 = CARTESIAN_POINT ( 'NONE',  ( 1429.889258171148867, 740.4784643255068204, -100.1288205126101900 ) ) ;
#5171 = CARTESIAN_POINT ( 'NONE',  ( 675.8138932963204297, 37.79979377137879482, 33.71950543255260158 ) ) ;
#5172 = CARTESIAN_POINT ( 'NONE',  ( 560.0000000000000000, 8.245356033359930947, 33.86369906027411503 ) ) ;
#5173 = CARTESIAN_POINT ( 'NONE',  ( 579.4999083725930404, -6.841605874279158783, -29.29332070752923656 ) ) ;
#5174 = CARTESIAN_POINT ( 'NONE',  ( 1160.384941363011649, 495.7895748813990053, 137.8175921873766754 ) ) ;
#5176 = CARTESIAN_POINT ( 'NONE',  ( 942.1598681848664683, 228.5086889113244126, 99.18582822365353024 ) ) ;
#5175 = CARTESIAN_POINT ( 'NONE',  ( 1130.951289478108720, 406.3726573041487313, 82.98209242731202551 ) ) ;
#5177 = CARTESIAN_POINT ( 'NONE',  ( 1372.199362971744449, 838.9656340075752041, 39.36039334459081118 ) ) ;
#5178 = CARTESIAN_POINT ( 'NONE',  ( 676.7920812666467327, 14.20653349967541956, -52.95954301787041629 ) ) ;
#5179 = B_SPLINE_CURVE_WITH_KNOTS ( 'NONE', 3,
 ( #5207, #6278, #6768, #6245, #3587, #2566, #1445, #1480, #5723, #4175, #2495, #915, #5758, #6733, #950, #5242, #3551, #4706, #6837, #2041, #6700, #4598, #4071, #1903, #6312, #1516, #817, #6209, #1408 ),
 .UNSPECIFIED., .F., .F.,
 ( 4, 1, 1, 1, 1, 1, 1, 1, 1, 1, 1, 1, 1, 1, 1, 1, 1, 1, 1, 1, 1, 1, 1, 1, 1, 1, 4 ),
 ( 0.2493000242188106452, 0.2503893638872370375, 0.2712594734337516189, 0.2921297473050132876, 0.3129998776462212806, 0.3338699783036267466, 0.3547402551793286674, 0.3756101726932948304, 0.3964802342308214045, 0.4173498451035802526, 0.4382193994892561451, 0.4590875755925787338, 0.4799502797251239405, 0.5006079082906239597, 0.5166329616512198575, 0.5374974715259338565, 0.5583672361275068274, 0.5792375381182358618, 0.6001079023315109007, 0.6209783541168607535, 0.6418487580078844346, 0.6627192014888638738, 0.6835896232813175599, 0.7044599521227465910, 0.7253304093466941271, 0.7462008264445326722, 0.7493000000023000151 ),
 .UNSPECIFIED. ) ;
#5180 = CARTESIAN_POINT ( 'NONE',  ( 1370.574817508661454, 1017.591502637765529, 102.3427180559392156 ) ) ;
#5181 = CARTESIAN_POINT ( 'NONE',  ( 1467.196671083419460, 907.5839979519978442, -79.58379647891806030 ) ) ;
#5182 = CARTESIAN_POINT ( 'NONE',  ( 894.6344066707365528, 167.7158812105102754, 70.65841601335463906 ) ) ;
#5183 = CARTESIAN_POINT ( 'NONE',  ( 1248.845872108979620, 715.1304996147831616, 159.3954160011177805 ) ) ;
#5184 = CARTESIAN_POINT ( 'NONE',  ( 1009.272203188227763, 187.2588963797894053, -76.51139496205735213 ) ) ;
#5185 = CARTESIAN_POINT ( 'NONE',  ( 1352.863005261793660, 871.9770959189715995, 86.62727631706553666 ) ) ;
#5186 = CARTESIAN_POINT ( 'NONE',  ( 1220.776527817707802, 322.7453217339117373, -151.6373551979959586 ) ) ;
#5187 = CARTESIAN_POINT ( 'NONE',  ( 1377.702895343773889, 829.5534056341186897, 1.876574771473919601 ) ) ;
#5188 = CARTESIAN_POINT ( 'NONE',  ( 1195.511463289500853, 560.6751480424685496, 118.6093456942786304 ) ) ;
#5189 = CARTESIAN_POINT ( 'NONE',  ( 901.2530724870607628, 124.3142076507470648, -23.08552549442683954 ) ) ;
#5190 = CARTESIAN_POINT ( 'NONE',  ( 1388.794054825410740, 1023.368927868423270, 71.42506940688899419 ) ) ;
#5191 = CARTESIAN_POINT ( 'NONE',  ( 1123.847058748777954, 429.0001048708505209, 121.6099002475535116 ) ) ;
#5192 = CARTESIAN_POINT ( 'NONE',  ( 675.5510061910856621, 44.03466998983014946, 48.89152357498752366 ) ) ;
#5193 = CARTESIAN_POINT ( 'NONE',  ( 675.5268355182315645, 44.60665643911841727, 50.59383097102443827 ) ) ;
#5194 = CARTESIAN_POINT ( 'NONE',  ( 579.4796603082319280, -3.944183078001608056, -36.47757319969311141 ) ) ;
#5195 = CARTESIAN_POINT ( 'NONE',  ( 899.5868052111551378, 135.2462142840062995, 1.240598963761804230 ) ) ;
#5196 = CARTESIAN_POINT ( 'NONE',  ( 1194.389331867009787, 563.6149364051902921, 147.8209966157823203 ) ) ;
#5197 = CARTESIAN_POINT ( 'NONE',  ( 1170.168975991811294, 467.7147299504854345, 58.72951356960256675 ) ) ;
#5198 = CARTESIAN_POINT ( 'NONE',  ( 960.4214722621813962, 128.7217589347512217, -90.79932558074364124 ) ) ;
#5199 = CARTESIAN_POINT ( 'NONE',  ( 1109.400879074935119, 275.2050772664295550, -81.14213307986551627 ) ) ;
#5200 = CARTESIAN_POINT ( 'NONE',  ( 786.8784235953047528, 104.7640294761969955, 53.19655457346000560 ) ) ;
#5201 = CARTESIAN_POINT ( 'NONE',  ( 731.7561332410067507, 73.31313997215420386, 39.93348291987129528 ) ) ;
#5202 = CARTESIAN_POINT ( 'NONE',  ( 792.4602099297030691, 45.72753907213455449, -76.59986452062314299 ) ) ;
#5203 = CARTESIAN_POINT ( 'NONE',  ( 789.0206495974925929, 82.22761483367921187, 25.37503183204307788 ) ) ;
#5204 = CARTESIAN_POINT ( 'NONE',  ( 1188.055169775231889, 416.4626358241628736, -26.48672340132075931 ) ) ;
#5205 = CARTESIAN_POINT ( 'NONE',  ( 734.5866824772638211, 31.36073717462299015, -43.50534013086056717 ) ) ;
#5206 = CARTESIAN_POINT ( 'NONE',  ( 946.4365744460587848, 205.1746298464175311, 67.96195143754054868 ) ) ;
#5207 = CARTESIAN_POINT ( 'NONE',  ( 560.0000000000000000, 6.257497261648101272, -1.545139279349417860 ) ) ;
#5208 = CARTESIAN_POINT ( 'NONE',  ( 791.3605332005911350, 57.44872723544448689, -37.63498445395774894 ) ) ;
#5209 = CARTESIAN_POINT ( 'NONE',  ( 1376.706343149987106, 582.4049557044754692, -124.4928675344875728 ) ) ;
#5210 = CARTESIAN_POINT ( 'NONE',  ( 1226.526218096148568, 630.8625864570533395, 152.4000728253716943 ) ) ;
#5212 = CARTESIAN_POINT ( 'NONE',  ( 618.1967306392465389, 28.74267457782762847, 45.37991503493488210 ) ) ;
#5211 = CARTESIAN_POINT ( 'NONE',  ( 842.7313808541349545, 123.2737492059780919, 50.10312712847430561 ) ) ;
#5213 = CARTESIAN_POINT ( 'NONE',  ( 950.1575485039863906, 184.8429166107817707, 26.92266773880355402 ) ) ;
#5214 = CARTESIAN_POINT ( 'NONE',  ( 1263.411462462134750, 384.4009781423074514, -149.7319378983054889 ) ) ;
#5215 = CARTESIAN_POINT ( 'NONE',  ( 840.2214124549498138, 143.6455666860067595, 85.74261019785845406 ) ) ;
#5216 = CARTESIAN_POINT ( 'NONE',  ( 1425.529898188282687, 622.8067871003802338, -164.7495112888707069 ) ) ;
#5217 = CARTESIAN_POINT ( 'NONE',  ( 1041.027929940205922, 307.3171645054020473, 92.14337604311160135 ) ) ;
#5218 = CARTESIAN_POINT ( 'NONE',  ( 1370.157364318355576, 1018.225690138269101, 101.5412989762992311 ) ) ;
#5219 = CARTESIAN_POINT ( 'NONE',  ( 733.9713950139441749, 40.33900537490935534, -46.15026489680470689 ) ) ;
#5220 = CARTESIAN_POINT ( 'NONE',  ( 788.5443287502286012, 87.26449768474253688, 37.38186529553987469 ) ) ;
#5221 = CARTESIAN_POINT ( 'NONE',  ( 1171.865688397599342, 276.0187053957179160, -143.0769830882417466 ) ) ;
#5222 = CARTESIAN_POINT ( 'NONE',  ( 1047.306127914436502, 281.7843046956115245, 9.594625006911059018 ) ) ;
#5223 = CARTESIAN_POINT ( 'NONE',  ( 731.6462075925969657, 74.97544957729832049, 48.40614334040590450 ) ) ;
#5224 = CARTESIAN_POINT ( 'NONE',  ( 559.9999999999998863, -3.818239030450376603, -3.962552921907271486 ) ) ;
#5225 = CARTESIAN_POINT ( 'NONE',  ( 559.9999999999994316, 11.71004034188152865, 32.91596860592703422 ) ) ;
#5226 = CARTESIAN_POINT ( 'NONE',  ( 1311.375467897988301, 832.9553446753715207, 138.1678428288926455 ) ) ;
#5227 = CARTESIAN_POINT ( 'NONE',  ( 1038.511908166316289, 317.5153990300336773, 111.7160709374212502 ) ) ;
#5228 = CARTESIAN_POINT ( 'NONE',  ( 1036.415553536143761, 325.9837246474427843, 107.4728852254326625 ) ) ;
#5229 = CARTESIAN_POINT ( 'NONE',  ( 959.2935330546443993, 134.8311842744887770, -94.26319104651365421 ) ) ;
#5230 = CARTESIAN_POINT ( 'NONE',  ( 897.3539728497243004, 149.7582584328633857, -4.616512500022315280 ) ) ;
#5231 = CARTESIAN_POINT ( 'NONE',  ( 1037.693239868753835, 320.8319412359707030, 116.8037208997628369 ) ) ;
#5232 = CARTESIAN_POINT ( 'NONE',  ( 894.6075169170740082, 167.7847997095273627, 37.22797221755070041 ) ) ;
#5233 = CARTESIAN_POINT ( 'NONE',  ( 1385.104228635715117, 565.6462840273225083, -148.4722494306028864 ) ) ;
#5234 = CARTESIAN_POINT ( 'NONE',  ( 579.4126822788545041, 5.377416258470661070, -17.07976375168219718 ) ) ;
#5235 = CARTESIAN_POINT ( 'NONE',  ( 1037.273970241535835, 322.4950152997786859, 97.40645404267104368 ) ) ;
#5236 = CARTESIAN_POINT ( 'NONE',  ( 1083.763992311646689, 366.8378322507229541, 79.88598594282028387 ) ) ;
#5237 = CARTESIAN_POINT ( 'NONE',  ( 905.5840042104993017, 95.84330202498593110, -95.67674941657105592 ) ) ;
#5238 = CARTESIAN_POINT ( 'NONE',  ( 560.0000000000002274, 0.8553229248230459492, 12.32175577975228187 ) ) ;
#5239 = CARTESIAN_POINT ( 'NONE',  ( 1228.963778851644520, 473.8116689213430845, -27.84261054960401793 ) ) ;
#5240 = CARTESIAN_POINT ( 'NONE',  ( 1336.757265042484505, 524.5147320889986986, -112.7381705150550175 ) ) ;
#5241 = CARTESIAN_POINT ( 'NONE',  ( 579.4561326242787800, -0.6649786218860381792, -30.66763922654011054 ) ) ;
#5242 = CARTESIAN_POINT ( 'NONE',  ( 560.0000000000000000, -11.31221364970912369, -33.79514812415563796 ) ) ;
#5243 = CARTESIAN_POINT ( 'NONE',  ( 1356.914797337623440, 865.0436497794721618, 52.39871959477198970 ) ) ;
#5244 = CARTESIAN_POINT ( 'NONE',  ( 1110.503336672507658, 271.3242182896390773, -62.94288095186657728 ) ) ;
#5245 = CARTESIAN_POINT ( 'NONE',  ( 1115.179321889949279, 254.6093454089426871, -92.73057267197228271 ) ) ;
#5246 = CARTESIAN_POINT ( 'NONE',  ( 841.0371578529591261, 137.0309216396931333, 79.53809007105245144 ) ) ;
#5247 = CARTESIAN_POINT ( 'NONE',  ( 1375.485428667086580, 942.1949968243302465, 77.44693947234657116 ) ) ;
#5248 = CARTESIAN_POINT ( 'NONE',  ( 956.4022945256850790, 150.7028217273100665, -44.57283532941864479 ) ) ;
#5249 = CARTESIAN_POINT ( 'NONE',  ( 789.2401286104794735, 79.90607052544358169, 19.75887590936354599 ) ) ;
#5250 = CARTESIAN_POINT ( 'NONE',  ( 1463.560191832308874, 876.3446388547640709, -92.33601538650316343 ) ) ;
#5251 = CARTESIAN_POINT ( 'NONE',  ( 1117.670280115156856, 448.6644560097670933, 142.6305080147244553 ) ) ;
#5252 = CARTESIAN_POINT ( 'NONE',  ( 905.8116108242550126, 94.37778102771750355, -92.80270068325401667 ) ) ;
#5253 = CARTESIAN_POINT ( 'NONE',  ( 1262.714046119612476, 685.0702877572471152, 130.6743993900920771 ) ) ;
#5254 = CARTESIAN_POINT ( 'NONE',  ( 559.9999999999998863, 11.59916395006643697, 36.28136321805023101 ) ) ;
#5255 = CARTESIAN_POINT ( 'NONE',  ( 1330.953010650641545, 537.0780371104257256, -112.9205565247193448 ) ) ;
#5256 = CARTESIAN_POINT ( 'NONE',  ( 1395.449099203700825, 979.8069416340332509, 56.38121663681392448 ) ) ;
#5257 = CARTESIAN_POINT ( 'NONE',  ( 734.9051560820875011, 26.52408104779946996, -66.80768442484762204 ) ) ;
#5258 = CARTESIAN_POINT ( 'NONE',  ( 1418.768413323062305, 979.1028157973743191, 6.129397882216768956 ) ) ;
#5259 = CARTESIAN_POINT ( 'NONE',  ( 1160.906299281639122, 494.2672045013559909, 109.6053659547301322 ) ) ;
#5260 = CARTESIAN_POINT ( 'NONE',  ( 1396.403459908623063, 797.6442080909685046, -19.67119443226320996 ) ) ;
#5261 = CARTESIAN_POINT ( 'NONE',  ( 1299.162225112428814, 855.4309614057723365, 154.5039223846980008 ) ) ;
#5262 = CARTESIAN_POINT ( 'NONE',  ( 1230.705887689687870, 620.9703683814684609, 135.2673943065430819 ) ) ;
#5263 = CARTESIAN_POINT ( 'NONE',  ( 579.3601000072673060, 12.50646410337625980, 34.11811130213963139 ) ) ;
#5264 = CARTESIAN_POINT ( 'NONE',  ( 1282.938239715773079, 769.5243920082849627, 153.8372458390322208 ) ) ;
#5265 = CARTESIAN_POINT ( 'NONE',  ( 1157.571689098724391, 503.8299637478177715, 130.4881297813304570 ) ) ;
#5266 = CARTESIAN_POINT ( 'NONE',  ( 959.1107319946144116, 135.8286836554667332, -92.92476020818719462 ) ) ;
#5267 = CARTESIAN_POINT ( 'NONE',  ( 1268.026525384834486, 532.6418778643823089, -2.915320244599751476 ) ) ;
#5268 = CARTESIAN_POINT ( 'NONE',  ( 1037.898119646976966, 320.0021016405063392, 115.7444132324565800 ) ) ;
#5269 = CARTESIAN_POINT ( 'NONE',  ( 1247.036651878617249, 582.2847106449085004, 44.38882958426550118 ) ) ;
#5270 = CARTESIAN_POINT ( 'NONE',  ( 559.9999999999998863, -10.69314919768673100, -32.13407690369108138 ) ) ;
#5271 = CARTESIAN_POINT ( 'NONE',  ( 1282.424926788839230, 498.5308810955942818, -80.01328577535048225 ) ) ;
#5272 = CARTESIAN_POINT ( 'NONE',  ( 892.8589321848251075, 179.2877379367330377, 71.52904438719721725 ) ) ;
#5273 = CARTESIAN_POINT ( 'NONE',  ( 791.5261519206544563, 55.56818430353403215, -64.08416249480310967 ) ) ;
#5274 = CARTESIAN_POINT ( 'NONE',  ( 1220.733738629274740, 322.8648596591775686, -153.0937365662905449 ) ) ;
#5275 = CARTESIAN_POINT ( 'NONE',  ( 1217.205615421422863, 504.3837731756700578, 51.45267634695697723 ) ) ;
#5276 = CARTESIAN_POINT ( 'NONE',  ( 1146.505925154488068, 356.7650322940830847, -34.02606795176693311 ) ) ;
#5277 = CARTESIAN_POINT ( 'NONE',  ( 734.6849195418603813, 29.89448661238936467, -47.74927418546326408 ) ) ;
#5278 = CARTESIAN_POINT ( 'NONE',  ( 847.4512704384602557, 84.76895436319561838, -64.57752900942023189 ) ) ;
#5279 = CARTESIAN_POINT ( 'NONE',  ( 1003.637705446960126, 213.6264691201489825, 1.213455065090140783 ) ) ;
#5280 = CARTESIAN_POINT ( 'NONE',  ( 1391.251940225626413, 986.1828742376521859, 50.59589600936871534 ) ) ;
#5281 = CARTESIAN_POINT ( 'NONE',  ( 791.4484118387612170, 56.51721105383803945, -40.07368032382582612 ) ) ;
#5282 = CARTESIAN_POINT ( 'NONE',  ( 618.7294462677033380, -2.096061036051406479, -36.98256285315790848 ) ) ;
#5283 = CARTESIAN_POINT ( 'NONE',  ( 675.4839688222022005, 45.61746674275175906, 52.83437351450893971 ) ) ;
#5284 = CARTESIAN_POINT ( 'NONE',  ( 560.0000000000004547, 3.109574275601406423, 19.22292216858365776 ) ) ;
#5285 = CARTESIAN_POINT ( 'NONE',  ( 560.0000000000000000, -1.171913373669293490, -22.00916322357341670 ) ) ;
#5286 = CARTESIAN_POINT ( 'NONE',  ( 1058.268536448741088, 237.4129501708933958, -38.54784684997330402 ) ) ;
#5287 = CARTESIAN_POINT ( 'NONE',  ( 560.0000000000000000, 0.01490120602937438678, 9.625647759210060883 ) ) ;
#5288 = CARTESIAN_POINT ( 'NONE',  ( 559.9999999999996589, -6.942714244214838182, -33.17528169790381298 ) ) ;
#5289 = CARTESIAN_POINT ( 'NONE',  ( 1247.032100029573940, 719.0673796287904906, 168.9366286826231942 ) ) ;
#5290 = CARTESIAN_POINT ( 'NONE',  ( 1171.711214163040268, 276.5123833805245681, -141.6457833855658919 ) ) ;
#5291 = CARTESIAN_POINT ( 'NONE',  ( 1165.085177017801016, 482.3240645479112914, 114.1789229159247583 ) ) ;
#5292 = CARTESIAN_POINT ( 'NONE',  ( 1188.615734044509736, 578.5911121794042629, 155.3433849677501541 ) ) ;
#5293 = CARTESIAN_POINT ( 'NONE',  ( 618.5401273563921904, 8.387608650619288397, -31.20760347766973553 ) ) ;
#5294 = CARTESIAN_POINT ( 'NONE',  ( 1326.545955752856571, 805.0276809772678916, 97.62736857875800922 ) ) ;
#5295 = CARTESIAN_POINT ( 'NONE',  ( 905.7395660605119474, 94.82844913766362538, -96.24203026655912652 ) ) ;
#5296 = CARTESIAN_POINT ( 'NONE',  ( 1221.455390192452114, 493.3041559051791864, 2.130859013282658143 ) ) ;
#5297 = CARTESIAN_POINT ( 'NONE',  ( 1333.487057608945406, 905.0443199751309749, 113.9971336096595422 ) ) ;
#5298 = CARTESIAN_POINT ( 'NONE',  ( 1435.396985924511455, 954.5457511844675764, -15.53396111651557554 ) ) ;
#5299 = CARTESIAN_POINT ( 'NONE',  ( 942.4307864332272402, 227.0223216230125161, 94.63103289058290102 ) ) ;
#5300 = CARTESIAN_POINT ( 'NONE',  ( 1124.628381649993798, 426.5112488086697908, 117.0861955229269995 ) ) ;
#5301 = CARTESIAN_POINT ( 'NONE',  ( 675.4839688222022005, 45.61746674275175906, 52.83437351450893971 ) ) ;
#5302 = CARTESIAN_POINT ( 'NONE',  ( 1012.975523509374511, 169.9986108196108319, -101.5908786856090700 ) ) ;
#5303 = CARTESIAN_POINT ( 'NONE',  ( 1100.990608449616275, 305.3265649488225790, -1.785761069480557683 ) ) ;
#5304 = CARTESIAN_POINT ( 'NONE',  ( 1211.773638565643523, 518.4415467270933959, 42.71949085363768717 ) ) ;
#5305 = CARTESIAN_POINT ( 'NONE',  ( 1420.496888772773218, 632.0726578501893300, -151.2633595277328311 ) ) ;
#5306 = CARTESIAN_POINT ( 'NONE',  ( 676.2156007902758574, 27.86580440072858167, -27.68319125995884988 ) ) ;
#5307 = CARTESIAN_POINT ( 'NONE',  ( 1160.314808604756536, 495.9632218720533956, 113.0703957593841551 ) ) ;
#5308 = CARTESIAN_POINT ( 'NONE',  ( 1460.360823531104415, 881.2045409571163646, -86.85160925629888595 ) ) ;
#5309 = CARTESIAN_POINT ( 'NONE',  ( 1471.378222779690304, 864.4686572653222356, -103.9135230739699978 ) ) ;
#5310 = CARTESIAN_POINT ( 'NONE',  ( 579.4305974660353513, 2.718648898623971188, 5.977747921162909428 ) ) ;
#5311 = CARTESIAN_POINT ( 'NONE',  ( 579.3922999960194602, 8.204834524940153528, -9.465703805914149171 ) ) ;
#5312 = CARTESIAN_POINT ( 'NONE',  ( 1413.601643314621924, 644.7659679516613096, -133.5680105683273098 ) ) ;
#5313 = CARTESIAN_POINT ( 'NONE',  ( 1453.448148413000354, 891.7052366549251019, -74.63746688491856673 ) ) ;
#5314 = CARTESIAN_POINT ( 'NONE',  ( 1237.463384835575880, 604.9467815956637651, 81.99858675711708145 ) ) ;
#5315 = CARTESIAN_POINT ( 'NONE',  ( 1061.910041957679141, 222.6442775106540353, -66.31094785625298016 ) ) ;
#5316 = CARTESIAN_POINT ( 'NONE',  ( 1081.499538653907166, 374.9794621839630508, 123.3876976483625185 ) ) ;
#5317 = CARTESIAN_POINT ( 'NONE',  ( 560.0000000000002274, 2.718086478958916530, 18.07839833906786708 ) ) ;
#5318 = CARTESIAN_POINT ( 'NONE',  ( 1446.747177389818034, 901.8843106249025823, -62.35136615058054588 ) ) ;
#5319 = CARTESIAN_POINT ( 'NONE',  ( 1107.176799882083060, 283.2149265750925906, -41.62958794766509385 ) ) ;
#5320 = CARTESIAN_POINT ( 'NONE',  ( 1222.039043925800115, 491.8354180676044507, 31.14604282289780102 ) ) ;
#5321 = CARTESIAN_POINT ( 'NONE',  ( 1416.731557806514957, 638.9956056681020300, -151.4562275889321370 ) ) ;
#5322 = CARTESIAN_POINT ( 'NONE',  ( 989.9305439287943500, 277.5481767945752836, 115.0196531005409071 ) ) ;
#5323 = CARTESIAN_POINT ( 'NONE',  ( 1171.405272349358029, 277.4889256729903764, -139.3740621112211500 ) ) ;
#5324 = CARTESIAN_POINT ( 'NONE',  ( 1385.401251913919850, 995.0697585641655678, 77.75172227000567204 ) ) ;
#5325 = CARTESIAN_POINT ( 'NONE',  ( 618.1969217855557872, 28.79132319848329047, 48.67002309664369619 ) ) ;
#5326 = CARTESIAN_POINT ( 'NONE',  ( 1046.315756804115608, 285.8816228938529775, 52.71108363413378584 ) ) ;
#5327 = CARTESIAN_POINT ( 'NONE',  ( 1312.513373664622122, 427.3416011229855371, -167.1522131824481789 ) ) ;
#5328 = CARTESIAN_POINT ( 'NONE',  ( 1316.469560271739056, 702.5845169008052835, 23.92013694989853079 ) ) ;
#5329 = CARTESIAN_POINT ( 'NONE',  ( 892.8589321848251075, 179.2877379367330377, 71.52904438719721725 ) ) ;
#5330 = CARTESIAN_POINT ( 'NONE',  ( 1275.637095953830112, 514.6288753851341653, -31.03062205764318549 ) ) ;
#5331 = CARTESIAN_POINT ( 'NONE',  ( 731.5543792322182526, 76.38267162758060635, 58.61488210886915340 ) ) ;
#5332 = CARTESIAN_POINT ( 'NONE',  ( 1084.178624879521976, 365.4070380695536073, 105.4285596961638305 ) ) ;
#5333 = CARTESIAN_POINT ( 'NONE',  ( 734.4204360334002786, 33.69005543965815974, -57.51094434816856449 ) ) ;
#5334 = CARTESIAN_POINT ( 'NONE',  ( 1414.344816792957999, 881.0929751199831799, -8.417491164392016501 ) ) ;
#5335 = CARTESIAN_POINT ( 'NONE',  ( 995.7720641819954608, 250.2341120880655581, 38.43996550906107501 ) ) ;
#5336 = CARTESIAN_POINT ( 'NONE',  ( 1471.286609238249866, 791.5617604193756733, -131.8066502936336235 ) ) ;
#5337 = CARTESIAN_POINT ( 'NONE',  ( 1151.857797029720132, 339.7190977304097146, -60.53209893230168603 ) ) ;
#5338 = CARTESIAN_POINT ( 'NONE',  ( 731.6155976170164195, 75.44013282065351689, 51.05009990477731208 ) ) ;
#5339 = CARTESIAN_POINT ( 'NONE',  ( 847.8435604436917856, 81.58529566346653894, -69.66291199531329426 ) ) ;
#5340 = CARTESIAN_POINT ( 'NONE',  ( 1156.146103392574787, 507.9188349948582299, 139.1903757378388491 ) ) ;
#5341 = CARTESIAN_POINT ( 'NONE',  ( 1312.246518872735805, 427.9718677863660901, -167.0194057865776927 ) ) ;
#5342 = CARTESIAN_POINT ( 'NONE',  ( 845.0762740180119863, 104.2089295785017526, 6.711132034375757449 ) ) ;
#5343 = CARTESIAN_POINT ( 'NONE',  ( 1100.607278074977557, 306.6245043999553559, -31.85126189727947832 ) ) ;
#5344 = CARTESIAN_POINT ( 'NONE',  ( 1213.275584644630726, 344.2465208911324339, -114.7097074400401340 ) ) ;
#5345 = CARTESIAN_POINT ( 'NONE',  ( 579.4475927773770536, 0.5249781561958495324, -28.25976502978255667 ) ) ;
#5346 = CARTESIAN_POINT ( 'NONE',  ( 1269.953153938145761, 669.3462850132448239, 78.52609252471290802 ) ) ;
#5347 = CARTESIAN_POINT ( 'NONE',  ( 676.7313023574104136, 15.87287229431551694, -30.18583957434887921 ) ) ;
#5348 = CARTESIAN_POINT ( 'NONE',  ( 618.7447879972659166, -3.032039868615412193, -41.01881863918838178 ) ) ;
#5349 = CARTESIAN_POINT ( 'NONE',  ( 579.3541783936227603, 13.33041832102733437, 36.54365328215436648 ) ) ;
#5350 = CARTESIAN_POINT ( 'NONE',  ( 1045.790492109923434, 288.0111618643914539, 56.66657373801371023 ) ) ;
#5351 = CARTESIAN_POINT ( 'NONE',  ( 847.7462903939713215, 82.47902679641767065, -45.21762595248389971 ) ) ;
#5352 = CARTESIAN_POINT ( 'NONE',  ( 618.5138528970948073, 10.63866802571168257, 7.213798347137779565 ) ) ;
#5353 = CARTESIAN_POINT ( 'NONE',  ( 1262.534148588237258, 386.6791507520234177, -147.1556871814340184 ) ) ;
#5354 = CARTESIAN_POINT ( 'NONE',  ( 1376.458220577501834, 940.6559246427204926, 54.27141744461347628 ) ) ;
#5355 = CARTESIAN_POINT ( 'NONE',  ( 1320.203569979264557, 927.7311228311891682, 157.5647952924744004 ) ) ;
#5356 = CARTESIAN_POINT ( 'NONE',  ( 1220.187589178769940, 324.4356210513867040, -147.7915467397958480 ) ) ;
#5357 = CARTESIAN_POINT ( 'NONE',  ( 945.8259565177231707, 208.5100488693364866, 74.56980076692747161 ) ) ;
#5358 = CARTESIAN_POINT ( 'NONE',  ( 731.5012115528168124, 77.20581195052457701, 65.69660389988000304 ) ) ;
#5359 = CARTESIAN_POINT ( 'NONE',  ( 1135.109818330398866, 393.1265428199869234, 60.24855732787887064 ) ) ;
#5360 = CARTESIAN_POINT ( 'NONE',  ( 849.4053701037428254, 68.92007697413208689, -86.25681077960179266 ) ) ;
#5361 = CARTESIAN_POINT ( 'NONE',  ( 1089.820153654240585, 345.1803622702942107, 36.04385291801569480 ) ) ;
#5362 = CARTESIAN_POINT ( 'NONE',  ( 1154.127630592784953, 332.5414988251484374, -44.57005104319206623 ) ) ;
#5363 = CARTESIAN_POINT ( 'NONE',  ( 675.2845217123364137, 50.26395931069879452, 50.65986110021307098 ) ) ;
#5364 = CARTESIAN_POINT ( 'NONE',  ( 1313.452726578298552, 829.1313079976039262, 132.7416282846054969 ) ) ;
#5365 = CARTESIAN_POINT ( 'NONE',  ( 1194.778109519219470, 562.6058011404545596, 146.5103995004295427 ) ) ;
#5366 = CARTESIAN_POINT ( 'NONE',  ( 1165.974021984015508, 294.7682191394190454, -124.0042926563672552 ) ) ;
#5367 = CARTESIAN_POINT ( 'NONE',  ( 1366.743350528102837, 731.0271811694459529, -10.25638828003692282 ) ) ;
#5368 = CARTESIAN_POINT ( 'NONE',  ( 734.9847041299632338, 25.41108588465035467, -61.61692178237456829 ) ) ;
#5369 = CARTESIAN_POINT ( 'NONE',  ( 1236.658937593776045, 453.8357521680412106, -57.45030761093113369 ) ) ;
#5370 = CARTESIAN_POINT ( 'NONE',  ( 1392.753524952749558, 1017.521585100017660, 61.81369453354977139 ) ) ;
#5371 = CARTESIAN_POINT ( 'NONE',  ( 1353.381094578119701, 976.9451845122995337, 109.6650159960150575 ) ) ;
#5372 = CARTESIAN_POINT ( 'NONE',  ( 1473.970993519834110, 787.3391077208626712, -140.8603453978963671 ) ) ;
#5373 = CARTESIAN_POINT ( 'NONE',  ( 1261.378102922909193, 548.3775036078880021, 21.70412022192481061 ) ) ;
#5374 = CARTESIAN_POINT ( 'NONE',  ( 896.9235228554937294, 152.5818567554957781, 1.423057167581788685 ) ) ;
#5375 = CARTESIAN_POINT ( 'NONE',  ( 1343.477712592889930, 509.9408652580968919, -134.2486817316373617 ) ) ;
#5376 = CARTESIAN_POINT ( 'NONE',  ( 1375.027437567109700, 585.7392948880791437, -134.2740406981952219 ) ) ;
#5377 = CARTESIAN_POINT ( 'NONE',  ( 618.2220385235107187, 26.99161434733562714, 26.49083271065894962 ) ) ;
#5378 = CARTESIAN_POINT ( 'NONE',  ( 1445.237420285671760, 832.5191209398627734, -75.88121551130215892 ) ) ;
#5379 = CARTESIAN_POINT ( 'NONE',  ( 848.9609212985000113, 72.58480215213302245, -69.55208898257181716 ) ) ;
#5380 = CARTESIAN_POINT ( 'NONE',  ( 1196.241750383877161, 558.8062154388251201, 140.1490086829881534 ) ) ;
#5381 = CARTESIAN_POINT ( 'NONE',  ( 1045.263472542689215, 290.1477469816854864, 60.61797340427969516 ) ) ;
#5382 = CARTESIAN_POINT ( 'NONE',  ( 1203.392731480036673, 372.5252442927223910, -91.63187513777950244 ) ) ;
#5383 = CARTESIAN_POINT ( 'NONE',  ( 1438.346470903023601, 843.3539488721871749, -60.92993083636876861 ) ) ;
#5384 = CARTESIAN_POINT ( 'NONE',  ( 1322.880527318485292, 689.8169544705931457, 33.32934991490134280 ) ) ;
#5385 = CARTESIAN_POINT ( 'NONE',  ( 1445.046795548986665, 714.5955470048177176, -144.2903052026423438 ) ) ;
#5386 = CARTESIAN_POINT ( 'NONE',  ( 1269.953153938145761, 669.3462850132448239, 78.52609252471290802 ) ) ;
#5387 = CARTESIAN_POINT ( 'NONE',  ( 990.8072893694013601, 273.4645403499408758, 112.5400009422872643 ) ) ;
#5388 = CARTESIAN_POINT ( 'NONE',  ( 1015.824059738963001, 156.7342830154358921, -115.5806144038973571 ) ) ;
#5389 = CARTESIAN_POINT ( 'NONE',  ( 1162.474712635524838, 489.8025062335943858, 126.2831833714588896 ) ) ;
#5390 = CARTESIAN_POINT ( 'NONE',  ( 618.3399485279750252, 20.68757909880598689, 35.87984892523125779 ) ) ;
#5391 = CARTESIAN_POINT ( 'NONE',  ( 1370.159514780871405, 1018.222402928644215, 101.9990065207299210 ) ) ;
#5392 = CARTESIAN_POINT ( 'NONE',  ( 1045.790492109923434, 288.0111618643914539, 56.66657373801371023 ) ) ;
#5393 = CARTESIAN_POINT ( 'NONE',  ( 1015.632449530621443, 157.6211446349791174, -115.9459127058275669 ) ) ;
#5394 = CARTESIAN_POINT ( 'NONE',  ( 895.6834561200687403, 160.7190151946774392, 19.69601025365521707 ) ) ;
#5395 = CARTESIAN_POINT ( 'NONE',  ( 1348.732983883199950, 638.2267009119248087, -43.15285190390840597 ) ) ;
#5396 = CARTESIAN_POINT ( 'NONE',  ( 1371.152644326558629, 1016.713890276507641, 98.34043822272869306 ) ) ;
#5397 = CARTESIAN_POINT ( 'NONE',  ( 676.9996942018177606, 9.408112464691152255, -51.27835720033097999 ) ) ;
#5398 = CARTESIAN_POINT ( 'NONE',  ( 1085.226128953696161, 361.6644304088421791, 99.03511365814350143 ) ) ;
#5399 = CARTESIAN_POINT ( 'NONE',  ( 560.0000000000006821, -5.442938987352820668, -30.75538044559275619 ) ) ;
#5400 = CARTESIAN_POINT ( 'NONE',  ( 845.9250668719170108, 97.30285086021108043, -9.668960140388312752 ) ) ;
#5401 = CARTESIAN_POINT ( 'NONE',  ( 1170.415026179131701, 280.6477987557180427, -133.0855049094597859 ) ) ;
#5402 = PERSON_AND_ORGANIZATION_ROLE ( 'creator' ) ;
#5403 = CARTESIAN_POINT ( 'NONE',  ( 1273.251103901862052, 520.2405941742815685, -49.52701112840182418 ) ) ;
#5404 = EDGE_LOOP ( 'NONE', ( #3396, #6061 ) ) ;
#5405 = CARTESIAN_POINT ( 'NONE',  ( 1254.204422719387139, 703.5056484209342216, 137.7996654197870328 ) ) ;
#5406 = CARTESIAN_POINT ( 'NONE',  ( 675.2964580765647042, 49.94445358754069986, 46.06992577122542087 ) ) ;
#5407 = CARTESIAN_POINT ( 'NONE',  ( 960.5217552796175369, 128.1274378625082875, -102.7486785409936800 ) ) ;
#5408 = CARTESIAN_POINT ( 'NONE',  ( 1422.375695092015349, 973.7755845550831282, 11.10341394011116023 ) ) ;
#5409 = CARTESIAN_POINT ( 'NONE',  ( 843.6065923632908152, 116.0061335932114588, -4.133778113396914478 ) ) ;
#5410 = CARTESIAN_POINT ( 'NONE',  ( 1066.090675537205016, 205.6872844498720951, -98.09574216142219427 ) ) ;
#5411 = CARTESIAN_POINT ( 'NONE',  ( 1398.972846099675962, 671.6823152812381750, -112.3203286120527764 ) ) ;
#5412 = CARTESIAN_POINT ( 'NONE',  ( 841.3750528929983830, 134.1816901401430187, 42.82497101634405112 ) ) ;
#5413 = CARTESIAN_POINT ( 'NONE',  ( 1113.172516935206886, 261.7828596908916552, -79.98041985199668602 ) ) ;
#5414 = CARTESIAN_POINT ( 'NONE',  ( 792.1385623970614915, 49.19712085938976998, -59.61250403409668053 ) ) ;
#5415 = CARTESIAN_POINT ( 'NONE',  ( 1329.796245004830780, 911.3583648009226863, 144.5711750474704047 ) ) ;
#5416 = CARTESIAN_POINT ( 'NONE',  ( 1044.735630737965039, 292.2876106688025857, 64.56612330977257841 ) ) ;
#5417 = CARTESIAN_POINT ( 'NONE',  ( 900.5965038587155505, 128.5009061628816767, -46.13784187982334117 ) ) ;
#5418 = CARTESIAN_POINT ( 'NONE',  ( 1443.055344320316863, 907.4920211839246349, -44.26823790513670787 ) ) ;
#5419 = CARTESIAN_POINT ( 'NONE',  ( 1266.002914529983855, 677.9389719026835337, 119.8204580329094142 ) ) ;
#5420 = CARTESIAN_POINT ( 'NONE',  ( 1402.055332259018314, 900.4166427441238056, 18.67004327340621828 ) ) ;
#5421 = CARTESIAN_POINT ( 'NONE',  ( 1464.348210500287450, 802.4668412391938546, -125.0819696035717925 ) ) ;
#5422 = CARTESIAN_POINT ( 'NONE',  ( 1346.187104487436500, 988.2633166123663386, 138.3326838966776506 ) ) ;
#5423 = CARTESIAN_POINT ( 'NONE',  ( 849.4945513619765052, 68.20144399759463738, -86.24052576259545333 ) ) ;
#5424 = CARTESIAN_POINT ( 'NONE',  ( 1266.002914529983855, 677.9389719026835337, 119.8204580329094142 ) ) ;
#5425 = CARTESIAN_POINT ( 'NONE',  ( 1077.790050669426364, 388.2232226875436822, 133.7066537994454904 ) ) ;
#5426 = CARTESIAN_POINT ( 'NONE',  ( 1134.280055279154112, 395.7696549795326177, 64.80053938342111053 ) ) ;
#5427 = CARTESIAN_POINT ( 'NONE',  ( 1266.506822835527828, 376.3699390923558212, -158.3191994485745226 ) ) ;
#5428 = CARTESIAN_POINT ( 'NONE',  ( 1171.775247477611401, 463.1111546356070221, 50.52353133261418350 ) ) ;
#5429 = CARTESIAN_POINT ( 'NONE',  ( 1243.880391303862780, 435.1302416334767145, -60.06427067771777217 ) ) ;
#5430 = CARTESIAN_POINT ( 'NONE',  ( 989.8411390085851735, 277.9557218834360697, 110.7967447061302551 ) ) ;
#5431 = CARTESIAN_POINT ( 'NONE',  ( 1386.890141517806796, 562.0831427534700424, -153.5327969715772838 ) ) ;
#5432 = CARTESIAN_POINT ( 'NONE',  ( 1040.481030064814149, 309.5337519865144600, 96.09040382768486666 ) ) ;
#5433 = CARTESIAN_POINT ( 'NONE',  ( 731.5837584640942168, 75.99236683933688141, 66.36836474942268183 ) ) ;
#5434 = CARTESIAN_POINT ( 'NONE',  ( 1379.322564113824910, 577.1700776934958412, -144.5376059399194162 ) ) ;
#5435 = CARTESIAN_POINT ( 'NONE',  ( 1370.775608136713799, 723.6041089218936122, -21.02437031472922158 ) ) ;
#5436 = CARTESIAN_POINT ( 'NONE',  ( 792.5078474527967956, 45.27633374340852868, -70.51353221895189449 ) ) ;
#5437 = CARTESIAN_POINT ( 'NONE',  ( 1432.101534391927999, 959.4124717475580155, -20.01169855532210562 ) ) ;
#5438 = CARTESIAN_POINT ( 'NONE',  ( 1282.077142835725226, 771.2267199600329377, 133.2860680981040673 ) ) ;
#5439 = CARTESIAN_POINT ( 'NONE',  ( 1255.582951320706115, 700.5151630751155380, 132.1937573397201788 ) ) ;
#5440 = CARTESIAN_POINT ( 'NONE',  ( 1353.688232028606308, 487.7937949118593792, -170.6874492124525204 ) ) ;
#5441 = CARTESIAN_POINT ( 'NONE',  ( 1379.786928229426167, 826.0119940426430958, 20.77673535683077688 ) ) ;
#5442 = CARTESIAN_POINT ( 'NONE',  ( 1414.354629081120493, 951.0894524110289012, 1.090315432250271499 ) ) ;
#5443 = CARTESIAN_POINT ( 'NONE',  ( 1460.905600116296000, 880.3770023026588660, -81.29723542679113280 ) ) ;
#5444 = CARTESIAN_POINT ( 'NONE',  ( 1205.680721300569076, 365.9717054473500184, -100.7475693535354537 ) ) ;
#5445 = CARTESIAN_POINT ( 'NONE',  ( 1201.451069260377835, 545.2475185781959226, 89.38699648363004258 ) ) ;
#5446 = CARTESIAN_POINT ( 'NONE',  ( 848.1625863594292696, 79.08898967158536664, -53.44194624145690398 ) ) ;
#5447 = CARTESIAN_POINT ( 'NONE',  ( 792.2071509129281139, 48.46800071098365237, -61.70358201949363774 ) ) ;
#5448 = CARTESIAN_POINT ( 'NONE',  ( 1307.863988970318815, 839.4202319245372337, 148.9774577258045838 ) ) ;
#5449 = CARTESIAN_POINT ( 'NONE',  ( 559.9999999999998863, 2.333003730431003842, 16.93183084348795475 ) ) ;
#5450 = CARTESIAN_POINT ( 'NONE',  ( 560.0000000000000000, -0.6907119648620253516, -20.89851811810466842 ) ) ;
#5451 = CARTESIAN_POINT ( 'NONE',  ( 791.2731338642773835, 58.37519344445735214, -35.20445157001172731 ) ) ;
#5452 = CARTESIAN_POINT ( 'NONE',  ( 787.8513891956067710, 94.58583014045605353, 54.06081188500986912 ) ) ;
#5453 = CARTESIAN_POINT ( 'NONE',  ( 898.7470178958956240, 140.7547603997192880, 13.38421941416103422 ) ) ;
#5454 = CARTESIAN_POINT ( 'NONE',  ( 1167.965919953328694, 474.0292404140009239, 70.26048874428846602 ) ) ;
#5455 = CARTESIAN_POINT ( 'NONE',  ( 1373.253575339789904, 1013.522257773032038, 100.6200111589063653 ) ) ;
#5456 = CARTESIAN_POINT ( 'NONE',  ( 1228.789938629010521, 625.5051800408149347, 143.1597666098537616 ) ) ;
#5457 = CARTESIAN_POINT ( 'NONE',  ( 1469.178714898079306, 904.6569170059158296, -84.21889712691162799 ) ) ;
#5458 = CARTESIAN_POINT ( 'NONE',  ( 945.9781021909401488, 207.6790128616584354, 72.92098897572702754 ) ) ;
#5459 = CARTESIAN_POINT ( 'NONE',  ( 1272.288986184394162, 790.7685626737572875, 170.3620378723084627 ) ) ;
#5460 = CARTESIAN_POINT ( 'NONE',  ( 1308.169797721058330, 719.1731571718637497, 77.13790236502597963 ) ) ;
#5461 = CARTESIAN_POINT ( 'NONE',  ( 1015.465488554005560, 158.3974388352277174, -115.4204070254930343 ) ) ;
#5462 = CARTESIAN_POINT ( 'NONE',  ( 787.7603762770186222, 95.37925986304360038, 20.70230225946930958 ) ) ;
#5463 = CARTESIAN_POINT ( 'NONE',  ( 1318.476226947806254, 564.1557647066225627, -53.52890135773107971 ) ) ;
#5464 = CARTESIAN_POINT ( 'NONE',  ( 840.1134607472705511, 144.5151250461714767, 83.90027192987474791 ) ) ;
#5465 = CARTESIAN_POINT ( 'NONE',  ( 1468.903134081823055, 795.3097616521614555, -126.6352387867558349 ) ) ;
#5466 = CARTESIAN_POINT ( 'NONE',  ( 675.6453677192945406, 41.79780849027080336, 43.55106665290860235 ) ) ;
#5467 = CARTESIAN_POINT ( 'NONE',  ( 559.9999999999993179, -4.270145513952542160, -28.55628481327496004 ) ) ;
#5468 = CARTESIAN_POINT ( 'NONE',  ( 786.5973704826947142, 107.8118329930724570, 76.11609475413463599 ) ) ;
#5469 = CARTESIAN_POINT ( 'NONE',  ( 579.4700615573514142, -2.608867433340686492, -34.31430553852814569 ) ) ;
#5470 = CARTESIAN_POINT ( 'NONE',  ( 1006.008843691818242, 202.5624284929877206, -20.77022673417323517 ) ) ;
#5471 = CARTESIAN_POINT ( 'NONE',  ( 1390.285097105257364, 555.3071389902543160, -163.5239828211274187 ) ) ;
#5472 = CARTESIAN_POINT ( 'NONE',  ( 1231.507532000884112, 467.2081681033905625, -37.75443394749611770 ) ) ;
#5473 = CARTESIAN_POINT ( 'NONE',  ( 579.3258721180550310, 17.32453885805261606, 32.76546028940383337 ) ) ;
#5474 = CC_DESIGN_SECURITY_CLASSIFICATION ( #101, ( #1436 ) ) ;
#5475 = CARTESIAN_POINT ( 'NONE',  ( 731.5926128341741332, 75.79058683944025177, 53.28227036698159935 ) ) ;
#5476 = CARTESIAN_POINT ( 'NONE',  ( 849.0703410096849666, 71.63491498975821514, -83.59576073880641900 ) ) ;
#5477 = FACE_OUTER_BOUND ( 'NONE', #1154, .T. ) ;
#5478 = CARTESIAN_POINT ( 'NONE',  ( 1323.932126095177409, 687.6923789282363941, 2.196143861217227933 ) ) ;
#5479 = CARTESIAN_POINT ( 'NONE',  ( 1066.872538218999352, 202.5157815522991882, -104.0454245722483364 ) ) ;
#5480 = CARTESIAN_POINT ( 'NONE',  ( 956.6642650495518865, 149.1832677759568071, -73.13028066633344793 ) ) ;
#5481 = CARTESIAN_POINT ( 'NONE',  ( 1314.759427330763856, 826.7109724877648205, 105.6672057533030369 ) ) ;
#5482 = CARTESIAN_POINT ( 'NONE',  ( 1369.220150370724923, 597.3437183778063400, -102.9320508516576069 ) ) ;
#5483 = CARTESIAN_POINT ( 'NONE',  ( 1166.666184122277173, 292.5935721148787820, -112.7794425632434070 ) ) ;
#5484 = CARTESIAN_POINT ( 'NONE',  ( 1283.994835686833085, 638.9258752672329820, 60.17437915921121316 ) ) ;
#5485 = CARTESIAN_POINT ( 'NONE',  ( 1445.085291101880557, 904.4087169287653296, -59.25338104573901887 ) ) ;
#5486 = CARTESIAN_POINT ( 'NONE',  ( 1111.169374520055271, 268.9434172956005682, -67.20198267596406083 ) ) ;
#5487 = CARTESIAN_POINT ( 'NONE',  ( 1236.493617233859140, 607.2729667980174781, 114.1056911147405799 ) ) ;
#5488 = CARTESIAN_POINT ( 'NONE',  ( 1452.030140863960924, 929.9819193779391071, -49.22261020568341650 ) ) ;
#5489 = CARTESIAN_POINT ( 'NONE',  ( 1300.139720669857525, 735.1741180389826695, 73.56264590667112202 ) ) ;
#5490 = CARTESIAN_POINT ( 'NONE',  ( 1190.084110603924955, 574.7869818779566913, 157.5458861305803282 ) ) ;
#5491 = CARTESIAN_POINT ( 'NONE',  ( 676.9786953406177190, 9.808541554788128281, -57.62906602239082332 ) ) ;
#5492 = CARTESIAN_POINT ( 'NONE',  ( 1386.952481872794579, 992.7134263102567502, 74.46299763506989677 ) ) ;
#5493 = CARTESIAN_POINT ( 'NONE',  ( 1093.924789894548667, 330.5802992760016537, 43.75644246296590723 ) ) ;
#5494 = CARTESIAN_POINT ( 'NONE',  ( 579.4949317995243518, -6.071959706298903470, -39.69609994480614290 ) ) ;
#5495 = CARTESIAN_POINT ( 'NONE',  ( 895.2959791685819937, 163.2631447223929229, 25.86373486131124722 ) ) ;
#5496 = CARTESIAN_POINT ( 'NONE',  ( 618.6419403125261169, 3.112963176411768451, -17.97334784679113895 ) ) ;
#5497 = CARTESIAN_POINT ( 'NONE',  ( 1118.438164503055759, 446.2135805828418142, 134.5579660310478118 ) ) ;
#5498 = CARTESIAN_POINT ( 'NONE',  ( 945.3614941298018266, 211.0467738842281733, 79.52251903995183113 ) ) ;
#5499 = CARTESIAN_POINT ( 'NONE',  ( 734.1943630000234862, 37.03691130376399343, -52.02504782750710888 ) ) ;
#5500 = CARTESIAN_POINT ( 'NONE',  ( 1296.820093347438387, 859.7474679173029699, 167.9758654285906800 ) ) ;
#5501 = CARTESIAN_POINT ( 'NONE',  ( 1437.206014683342346, 727.9786986955249404, -128.9765352931680980 ) ) ;
#5502 = CARTESIAN_POINT ( 'NONE',  ( 618.5954255846513661, 5.857367803336436474, -8.505275856986164840 ) ) ;
#5503 = CARTESIAN_POINT ( 'NONE',  ( 579.5091926041319539, -8.075406775727277164, -40.48102010704159426 ) ) ;
#5504 = CARTESIAN_POINT ( 'NONE',  ( 560.0000000000006821, 4.812751022752697949, -6.165217610802055326 ) ) ;
#5505 = CARTESIAN_POINT ( 'NONE',  ( 731.5832002282180611, 75.93469033126697809, 54.35614907744791680 ) ) ;
#5506 = CARTESIAN_POINT ( 'NONE',  ( 1159.035569734312730, 499.6313331910814668, 120.7812916300933495 ) ) ;
#5507 = CARTESIAN_POINT ( 'NONE',  ( 1068.464986149621836, 196.0291378260948250, -123.9286265402725036 ) ) ;
#5508 = CARTESIAN_POINT ( 'NONE',  ( 1145.851604332503030, 358.9074433949162994, 0.9903868338543122540 ) ) ;
#5509 = CARTESIAN_POINT ( 'NONE',  ( 1297.999202072189519, 857.5776798660625673, 167.0334426210710603 ) ) ;
#5510 = CARTESIAN_POINT ( 'NONE',  ( 1258.445769537191381, 555.2801396102337321, 2.203008836461938902 ) ) ;
#5511 = CARTESIAN_POINT ( 'NONE',  ( 1260.932606861476643, 390.8575842240835527, -129.9578036903018585 ) ) ;
#5512 = CARTESIAN_POINT ( 'NONE',  ( 902.1220846615605069, 118.5062506097078625, -63.44814418880790896 ) ) ;
#5513 = CARTESIAN_POINT ( 'NONE',  ( 944.2552781601050356, 217.0155869597855371, 62.88655853325104772 ) ) ;
#5514 = CARTESIAN_POINT ( 'NONE',  ( 905.1641469825855211, 98.64234181045922867, -80.98876024297219089 ) ) ;
#5515 = CARTESIAN_POINT ( 'NONE',  ( 1385.705972619685781, 926.1242078881936095, 54.84427157567643007 ) ) ;
#5516 = CARTESIAN_POINT ( 'NONE',  ( 1360.787188585875128, 614.1515273926167993, -98.48844176455385480 ) ) ;
#5517 = CARTESIAN_POINT ( 'NONE',  ( 958.2489352656226629, 140.6042970735283291, -65.81795777186334817 ) ) ;
#5518 = CARTESIAN_POINT ( 'NONE',  ( 995.2707999697494188, 252.6561591161216711, 77.22088355697232487 ) ) ;
#5519 = CARTESIAN_POINT ( 'NONE',  ( 560.0000000000000000, -2.546503326794602007, 0.7081581869825483988 ) ) ;
#5520 = PRODUCT ( 'openfan_blade_v06_CFD_SINGLELOFT', 'openfan_blade_v06_CFD_SINGLELOFT', '', ( #6546 ) ) ;
#5521 = CARTESIAN_POINT ( 'NONE',  ( 1405.338102721969108, 659.9780652574268061, -112.1250457336034287 ) ) ;
#5522 = CARTESIAN_POINT ( 'NONE',  ( 1326.554950934275666, 916.8913495361372270, 150.5904474499162689 ) ) ;
#5523 = CARTESIAN_POINT ( 'NONE',  ( 1392.928908523663040, 550.0291283122178356, -172.4381703815589333 ) ) ;
#5524 = CARTESIAN_POINT ( 'NONE',  ( 1346.638499273436082, 882.6037591075264572, 101.8280799820614533 ) ) ;
#5525 = CARTESIAN_POINT ( 'NONE',  ( 1047.885374184285411, 279.5177363901150898, 40.83217065752416630 ) ) ;
#5526 = CARTESIAN_POINT ( 'NONE',  ( 960.5217552796175369, 128.1274378625082875, -102.7486785409936800 ) ) ;
#5527 = CARTESIAN_POINT ( 'NONE',  ( 787.3095691372468536, 100.1676201850385723, 35.57557358375868972 ) ) ;
#5528 = CARTESIAN_POINT ( 'NONE',  ( 957.0817957737937149, 146.9871311978878907, -52.39086720862286484 ) ) ;
#5529 = CARTESIAN_POINT ( 'NONE',  ( 1117.761855605271194, 448.3706895808899731, 139.7878295347861410 ) ) ;
#5530 = CARTESIAN_POINT ( 'NONE',  ( 579.3710724292703844, 10.97878645566792422, 30.32105302590594675 ) ) ;
#5531 = CARTESIAN_POINT ( 'NONE',  ( 1313.452726578298552, 829.1313079976039262, 132.7416282846054969 ) ) ;
#5532 = CARTESIAN_POINT ( 'NONE',  ( 1035.308332454853144, 330.4914671417339491, 124.6404403963371266 ) ) ;
#5533 = CARTESIAN_POINT ( 'NONE',  ( 1336.424927422297287, 525.2152105226471122, -128.0203895848023592 ) ) ;
#5534 = CARTESIAN_POINT ( 'NONE',  ( 953.5773713044022770, 166.1484179991059307, -12.16134367794444771 ) ) ;
#5535 = CARTESIAN_POINT ( 'NONE',  ( 1472.685090630467130, 789.3631662605311021, -134.8983415499655791 ) ) ;
#5536 = CARTESIAN_POINT ( 'NONE',  ( 843.6065923632908152, 116.0061335932114588, -4.133778113396914478 ) ) ;
#5537 = CARTESIAN_POINT ( 'NONE',  ( 840.4318328480403579, 141.8978989837959830, 71.33254720295695961 ) ) ;
#5538 = CARTESIAN_POINT ( 'NONE',  ( 1349.954280172186600, 982.3343784014997482, 118.8076766482248559 ) ) ;
#5539 = CARTESIAN_POINT ( 'NONE',  ( 959.9446111223414846, 131.2779352849896384, -98.84819058364730893 ) ) ;
#5540 = CARTESIAN_POINT ( 'NONE',  ( 952.2141277458994182, 173.6012277481083856, 3.484709480734102360 ) ) ;
#5541 = CARTESIAN_POINT ( 'NONE',  ( 1156.959336755019194, 505.5990158262899854, 148.1856328389265798 ) ) ;
#5542 = CARTESIAN_POINT ( 'NONE',  ( 895.6834561200687403, 160.7190151946774392, 19.69601025365521707 ) ) ;
#5543 = CARTESIAN_POINT ( 'NONE',  ( 1465.011848273626811, 801.4279062845383805, -118.3863057523119551 ) ) ;
#5544 = CARTESIAN_POINT ( 'NONE',  ( 1442.848148388607115, 718.3483922108172237, -140.0879845907469416 ) ) ;
#5545 = CARTESIAN_POINT ( 'NONE',  ( 902.3855208347886219, 116.7807253724590595, -66.29679161812360633 ) ) ;
#5546 = CARTESIAN_POINT ( 'NONE',  ( 1083.197467834167810, 368.8645817559917646, 84.33852547382306852 ) ) ;
#5547 = CARTESIAN_POINT ( 'NONE',  ( 1216.353976374270587, 335.4256621849051498, -129.0149541950242451 ) ) ;
#5548 = CARTESIAN_POINT ( 'NONE',  ( 948.5655196662778508, 193.5431935649059767, 44.71244297288274794 ) ) ;
#5549 = CARTESIAN_POINT ( 'NONE',  ( 1282.424926788839230, 498.5308810955942818, -80.01328577535048225 ) ) ;
#5550 = CARTESIAN_POINT ( 'NONE',  ( 1292.890642110547788, 473.7925359821479105, -94.06960074745231282 ) ) ;
#5551 = CARTESIAN_POINT ( 'NONE',  ( 1399.639113082555696, 1007.352953272485252, 57.79303176969256839 ) ) ;
#5552 = CARTESIAN_POINT ( 'NONE',  ( 1361.372029720891533, 740.9153774167789379, 4.109878957826364143 ) ) ;
#5553 = CARTESIAN_POINT ( 'NONE',  ( 1375.758032204194251, 1009.717841089086164, 97.85659992872527368 ) ) ;
#5554 = CARTESIAN_POINT ( 'NONE',  ( 1269.251381957945796, 670.8951531856331485, 108.9804688754428099 ) ) ;
#5555 = CARTESIAN_POINT ( 'NONE',  ( 1342.610850202392839, 775.4533779472850483, 54.45404823403223560 ) ) ;
#5556 = CARTESIAN_POINT ( 'NONE',  ( 676.8793577055201922, 12.14039652209027054, -55.94153127277068194 ) ) ;
#5557 = CARTESIAN_POINT ( 'NONE',  ( 787.3796574579561138, 99.42223388655943950, 33.08088083898650211 ) ) ;
#5558 = CARTESIAN_POINT ( 'NONE',  ( 1445.138508132307607, 904.3276534911063891, -48.61747911116411558 ) ) ;
#5559 = CARTESIAN_POINT ( 'NONE',  ( 1077.748657209715020, 388.3698127679716663, 133.1559630365551641 ) ) ;
#5560 = CARTESIAN_POINT ( 'NONE',  ( 734.9938146479485113, 25.25132319417920357, -64.45438240373728433 ) ) ;
#5561 = CARTESIAN_POINT ( 'NONE',  ( 1364.272871435593288, 959.8257818387036195, 102.3148860478919318 ) ) ;
#5562 = CARTESIAN_POINT ( 'NONE',  ( 579.3673791808744227, 11.49339246710919227, 31.59061089491426699 ) ) ;
#5563 = CARTESIAN_POINT ( 'NONE',  ( 840.2976793557245401, 143.0274510046775731, 85.54956792345265626 ) ) ;
#5564 = CARTESIAN_POINT ( 'NONE',  ( 618.5907501976423646, 5.485622984677815062, -37.08092529846138063 ) ) ;
#5565 = CARTESIAN_POINT ( 'NONE',  ( 1234.141776423512056, 460.4140947053275568, -19.58754091985383639 ) ) ;
#5566 = CARTESIAN_POINT ( 'NONE',  ( 1015.678107479550249, 157.4255089961679630, -111.9027130518537518 ) ) ;
#5567 = CARTESIAN_POINT ( 'NONE',  ( 898.2403297844122108, 143.9455044917050088, -16.61414869579229503 ) ) ;
#5568 = CARTESIAN_POINT ( 'NONE',  ( 1262.277696034868995, 685.9934673956830693, 106.4851421144339554 ) ) ;
#5569 = CARTESIAN_POINT ( 'NONE',  ( 1267.076700107890019, 534.8899539069868752, 0.6016875075772963877 ) ) ;
#5570 = CARTESIAN_POINT ( 'NONE',  ( 990.6900194364869776, 273.9837754660133555, 99.22248816159432749 ) ) ;
#5571 = CARTESIAN_POINT ( 'NONE',  ( 1082.043761147314399, 373.0352163756664368, 120.1588721943801517 ) ) ;
#5572 = CARTESIAN_POINT ( 'NONE',  ( 560.0000000000001137, 11.75157312394709663, 30.52681363264533587 ) ) ;
#5573 = CARTESIAN_POINT ( 'NONE',  ( 1347.600060213044571, 500.9892850410959682, -157.0559879945335808 ) ) ;
#5574 = CARTESIAN_POINT ( 'NONE',  ( 733.4918676921361111, 47.68051691250846602, 2.540514970991375243 ) ) ;
#5575 = CARTESIAN_POINT ( 'NONE',  ( 943.1343507887338546, 223.2075414012829242, 101.3087338848363430 ) ) ;
#5576 = CARTESIAN_POINT ( 'NONE',  ( 1179.738572939834512, 440.2912378107074574, 11.67806187916392346 ) ) ;
#5577 = CARTESIAN_POINT ( 'NONE',  ( 905.0623491893727532, 99.31035395692337886, -79.54648140703518777 ) ) ;
#5578 = CARTESIAN_POINT ( 'NONE',  ( 676.7250250817915003, 15.78907759602405569, -50.65174073224055462 ) ) ;
#5579 = CARTESIAN_POINT ( 'NONE',  ( 1285.011358175793248, 492.4103957745617208, -88.38790899524234135 ) ) ;
#5580 = CARTESIAN_POINT ( 'NONE',  ( 1081.644994546045154, 374.4193428343126584, 97.03686920093065282 ) ) ;
#5581 = CARTESIAN_POINT ( 'NONE',  ( 1463.545804785781684, 912.9755947963562903, -72.21356973095539900 ) ) ;
#5582 = CARTESIAN_POINT ( 'NONE',  ( 579.4073034202658619, 5.945129550608197810, 16.31583517140454731 ) ) ;
#5583 = CARTESIAN_POINT ( 'NONE',  ( 845.1659692356071218, 103.3284239745276807, -30.90204901151051331 ) ) ;
#5584 = CARTESIAN_POINT ( 'NONE',  ( 903.3206277829268629, 110.7457446884315573, -53.53836431436077703 ) ) ;
#5585 = CARTESIAN_POINT ( 'NONE',  ( 1298.967933812864430, 737.5358930161012267, 104.5081458141267206 ) ) ;
#5586 = CARTESIAN_POINT ( 'NONE',  ( 1332.705671363093188, 670.2102041658288272, 4.152728039322298947 ) ) ;
#5587 = CARTESIAN_POINT ( 'NONE',  ( 1303.051374760743101, 848.2795496694320718, 160.3968821228085346 ) ) ;
#5588 = CARTESIAN_POINT ( 'NONE',  ( 1367.640444997332906, 954.5305307176583938, 94.77971377157544453 ) ) ;
#5589 = CARTESIAN_POINT ( 'NONE',  ( 1387.748583516879989, 922.9124065772396079, 50.32145358705523108 ) ) ;
#5590 = CARTESIAN_POINT ( 'NONE',  ( 676.8480461700524984, 12.88221837453253649, -54.89654044147273027 ) ) ;
#5591 = APPLICATION_CONTEXT ( 'configuration controlled 3d designs of mechanical parts and assemblies' ) ;
#5592 = CARTESIAN_POINT ( 'NONE',  ( 1276.270880999406472, 655.6448716448093137, 56.43993471363357628 ) ) ;
#5593 = CARTESIAN_POINT ( 'NONE',  ( 1205.076419988227144, 367.7409365694803114, -76.33832292683931087 ) ) ;
#5594 = CARTESIAN_POINT ( 'NONE',  ( 731.5172981452525391, 76.97192632155878300, 66.35531317495420467 ) ) ;
#5595 = CARTESIAN_POINT ( 'NONE',  ( 618.7634577736502024, -4.167175882244601226, -45.72116435962264802 ) ) ;
#5596 = CARTESIAN_POINT ( 'NONE',  ( 787.8011171575240041, 95.11663886385886713, 55.24259242280218274 ) ) ;
#5597 = CARTESIAN_POINT ( 'NONE',  ( 1286.913096313683809, 761.5916584502672322, 140.1594028131453911 ) ) ;
#5598 = CARTESIAN_POINT ( 'NONE',  ( 902.9187295082884930, 113.2888025476979834, -71.91660542268370193 ) ) ;
#5599 = CARTESIAN_POINT ( 'NONE',  ( 1413.097990482188152, 769.1436421992543728, -59.98655456879692593 ) ) ;
#5600 = CARTESIAN_POINT ( 'NONE',  ( 1451.465642205016366, 703.6445812126083865, -151.1753569861432993 ) ) ;
#5601 = CARTESIAN_POINT ( 'NONE',  ( 675.7914033086583458, 37.97301923558018899, -2.620570456276011484 ) ) ;
#5602 = CARTESIAN_POINT ( 'NONE',  ( 1287.997378374072468, 759.4092676738916907, 113.0210001296827755 ) ) ;
#5603 = CARTESIAN_POINT ( 'NONE',  ( 1303.106375700739818, 597.4841265837613946, -3.069873760749525005 ) ) ;
#5604 = CARTESIAN_POINT ( 'NONE',  ( 990.9220452694708001, 272.8974217695615607, 95.55053620118737001 ) ) ;
#5605 = CARTESIAN_POINT ( 'NONE',  ( 675.5510061910856621, 44.03466998983014946, 48.89152357498752366 ) ) ;
#5606 = CARTESIAN_POINT ( 'NONE',  ( 1192.592180430422104, 568.2594936235677778, 134.3105423102846885 ) ) ;
#5607 = CARTESIAN_POINT ( 'NONE',  ( 618.6867921094477651, 0.02038770332695888018, -46.22982869883025359 ) ) ;
#5608 = CARTESIAN_POINT ( 'NONE',  ( 1420.747612911653277, 941.3780262320021848, 2.688738483948503788 ) ) ;
#5609 = CARTESIAN_POINT ( 'NONE',  ( 786.8351186012976086, 105.3076184648855360, 74.47637055034911668 ) ) ;
#5610 = CARTESIAN_POINT ( 'NONE',  ( 843.0306687908083632, 120.6921242769405751, 6.750907501849164660 ) ) ;
#5611 = CARTESIAN_POINT ( 'NONE',  ( 579.5058586316575884, -7.655927419425989200, -33.07091579542795756 ) ) ;
#5612 = CARTESIAN_POINT ( 'NONE',  ( 579.4262117898773568, 3.498195613431791529, -21.67421001397543279 ) ) ;
#5613 = CARTESIAN_POINT ( 'NONE',  ( 579.3279920537755743, 17.04885423210735951, 28.66878542572043287 ) ) ;
#5614 = CARTESIAN_POINT ( 'NONE',  ( 944.4915705608381131, 215.7212713541557889, 59.38497909656494755 ) ) ;
#5615 = CARTESIAN_POINT ( 'NONE',  ( 1168.714245355376988, 286.0687539342125660, -123.6871629356725890 ) ) ;
#5616 = CARTESIAN_POINT ( 'NONE',  ( 1336.587670595761438, 786.5416278147050662, 70.64777197570214184 ) ) ;
#5617 = CARTESIAN_POINT ( 'NONE',  ( 1407.892232375545746, 778.0167016057454248, -67.05585575815673849 ) ) ;
#5618 = CARTESIAN_POINT ( 'NONE',  ( 1251.232644360546828, 416.0417791443767896, -90.35954003446441618 ) ) ;
#5619 = CARTESIAN_POINT ( 'NONE',  ( 1390.793353223905115, 986.8790914750311458, 66.24413395444200603 ) ) ;
#5620 = CARTESIAN_POINT ( 'NONE',  ( 560.0000000000000000, 9.429884246890305022, 10.81397143679946105 ) ) ;
#5621 = CARTESIAN_POINT ( 'NONE',  ( 734.6358011797429981, 30.62758351373840071, -45.63054768295420871 ) ) ;
#5622 = CARTESIAN_POINT ( 'NONE',  ( 1192.353878462725788, 568.8974683772041772, 153.1968753069150750 ) ) ;
#5623 = CARTESIAN_POINT ( 'NONE',  ( 1129.278125549158631, 411.7019450899804838, 92.07457677735590096 ) ) ;
#5624 = CARTESIAN_POINT ( 'NONE',  ( 998.8618207269413460, 235.9077050621883984, 45.09737787188092284 ) ) ;
#5625 = CARTESIAN_POINT ( 'NONE',  ( 618.6969073281312603, -0.5569715066630481770, -47.11126157644124390 ) ) ;
#5626 = CARTESIAN_POINT ( 'NONE',  ( 1396.270564085762999, 978.5595251469437699, 39.42540416799970160 ) ) ;
#5627 = CARTESIAN_POINT ( 'NONE',  ( 786.5192531543348196, 108.6293156714049672, 75.20075744491262526 ) ) ;
#5628 = CARTESIAN_POINT ( 'NONE',  ( 560.0000000000006821, -10.95197681421440628, -33.93343964889989905 ) ) ;
#5629 = CARTESIAN_POINT ( 'NONE',  ( 894.1643913152017831, 170.7949613974864178, 76.67882113314030335 ) ) ;
#5630 = CARTESIAN_POINT ( 'NONE',  ( 1118.015378527674329, 447.5619257363957217, 137.6032440676273723 ) ) ;
#5631 = CARTESIAN_POINT ( 'NONE',  ( 902.6508396304722055, 115.0431364861852472, -69.11901076377283459 ) ) ;
#5632 = CARTESIAN_POINT ( 'NONE',  ( 1202.697982879272104, 374.5562150417155181, -65.12144328371421409 ) ) ;
#5633 = CARTESIAN_POINT ( 'NONE',  ( 618.7435251560106053, -3.178228349579978129, -49.39207010014642663 ) ) ;
#5634 = CARTESIAN_POINT ( 'NONE',  ( 560.0000000000001137, 6.264402787164206288, -1.547207041335761257 ) ) ;
#5635 = CARTESIAN_POINT ( 'NONE',  ( 1083.197467834167810, 368.8645817559917646, 84.33852547382306852 ) ) ;
#5636 = CARTESIAN_POINT ( 'NONE',  ( 899.7260515385963799, 134.3327507571295030, -0.7855100367625265090 ) ) ;
#5637 = CARTESIAN_POINT ( 'NONE',  ( 1252.324968482278109, 707.5831639584932873, 145.9106543757305587 ) ) ;
#5638 = CARTESIAN_POINT ( 'NONE',  ( 1355.209211138615956, 974.0778521691897822, 122.7182545477427595 ) ) ;
#5639 = CARTESIAN_POINT ( 'NONE',  ( 1353.526131434280614, 976.7247109749769152, 127.2644709110841177 ) ) ;
#5640 = PRODUCT_DEFINITION ( 'UNKNOWN', '', #1436, #3998 ) ;
#5641 = CARTESIAN_POINT ( 'NONE',  ( 1304.646382375983194, 845.3321440777001499, 136.7843030156467989 ) ) ;
#5642 = CARTESIAN_POINT ( 'NONE',  ( 1216.293061542140777, 335.5781579799458427, -140.0789706124420491 ) ) ;
#5643 = CARTESIAN_POINT ( 'NONE',  ( 1387.838303430957012, 1024.780380872234673, 74.14606099738324474 ) ) ;
#5644 = CARTESIAN_POINT ( 'NONE',  ( 1301.566450254272468, 851.0125294242498057, 162.6896554554121224 ) ) ;
#5645 = CARTESIAN_POINT ( 'NONE',  ( 1137.947375084126634, 384.0285616690239863, 10.94322687344770451 ) ) ;
#5646 = CARTESIAN_POINT ( 'NONE',  ( 1445.600364903479431, 713.6583147092604804, -137.1892756604092938 ) ) ;
#5647 = CARTESIAN_POINT ( 'NONE',  ( 1449.954423412963024, 933.0473374859132036, -53.12286143413243877 ) ) ;
#5648 = CARTESIAN_POINT ( 'NONE',  ( 1123.273769258579478, 430.7915194786721713, 99.41948057624499313 ) ) ;
#5649 = CARTESIAN_POINT ( 'NONE',  ( 1237.463384835575880, 604.9467815956637651, 81.99858675711708145 ) ) ;
#5650 = CARTESIAN_POINT ( 'NONE',  ( 1465.011848273626811, 801.4279062845383805, -118.3863057523119551 ) ) ;
#5651 = CARTESIAN_POINT ( 'NONE',  ( 676.0430333697871674, 32.34742538258844746, 19.27033079576060715 ) ) ;
#5652 = CARTESIAN_POINT ( 'NONE',  ( 1236.658937593776045, 453.8357521680412106, -57.45030761093113369 ) ) ;
#5653 = CARTESIAN_POINT ( 'NONE',  ( 848.1625863594292696, 79.08898967158536664, -53.44194624145690398 ) ) ;
#5654 = CARTESIAN_POINT ( 'NONE',  ( 788.1509810261273969, 91.42123406962303989, 46.93287941287811549 ) ) ;
#5655 = CARTESIAN_POINT ( 'NONE',  ( 560.0000000000000000, 8.747837688246031362, 7.653414282756559217 ) ) ;
#5656 = CARTESIAN_POINT ( 'NONE',  ( 618.2643450044341762, 24.99063836700765151, 46.19916723157016492 ) ) ;
#5658 = CARTESIAN_POINT ( 'NONE',  ( 559.9999999999996589, 11.76367576917734148, 34.42261192532697578 ) ) ;
#5657 = CARTESIAN_POINT ( 'NONE',  ( 1400.497372400828681, 1006.085476499907031, 56.01446481867964877 ) ) ;
#5659 = CARTESIAN_POINT ( 'NONE',  ( 1344.622014484315514, 771.7509740762591264, 49.06228976582949741 ) ) ;
#5660 = CARTESIAN_POINT ( 'NONE',  ( 1420.497918286490176, 632.0633881048586318, -159.0497801161615996 ) ) ;
#5661 = CARTESIAN_POINT ( 'NONE',  ( 579.3617933678588088, 12.27119540561789002, 33.49564613039840566 ) ) ;
#5662 = CARTESIAN_POINT ( 'NONE',  ( 1350.836584631230153, 875.4211431801677463, 67.81297436961703795 ) ) ;
#5663 = CARTESIAN_POINT ( 'NONE',  ( 1117.629733838686434, 448.7930513908754619, 142.0315122120591127 ) ) ;
#5664 = CARTESIAN_POINT ( 'NONE',  ( 579.5134833407779524, -8.698959293250045022, -37.84776971869201390 ) ) ;
#5665 = CARTESIAN_POINT ( 'NONE',  ( 1125.496346243149901, 423.7467855729586290, 112.5162635029790721 ) ) ;
#5666 = CARTESIAN_POINT ( 'NONE',  ( 676.4265933945500819, 22.85546795513112528, -38.12341965091589913 ) ) ;
#5667 = CARTESIAN_POINT ( 'NONE',  ( 560.0000000000004547, 3.109574275601406423, 19.22292216858365776 ) ) ;
#5668 = CARTESIAN_POINT ( 'NONE',  ( 961.3206189254782430, 123.7817642995166807, -105.1051889411025257 ) ) ;
#5669 = APPROVAL_DATE_TIME ( #4475, #2943 ) ;
#5670 = CARTESIAN_POINT ( 'NONE',  ( 1261.358181163859172, 548.3870689708464852, -8.234711037072473871 ) ) ;
#5671 = CARTESIAN_POINT ( 'NONE',  ( 1199.254930260652145, 550.9514427360983291, 99.92712379067383210 ) ) ;
#5672 = CARTESIAN_POINT ( 'NONE',  ( 560.0000000000002274, -3.188438866952393091, -1.625563333872955818 ) ) ;
#5673 = CARTESIAN_POINT ( 'NONE',  ( 675.2888645979196554, 50.14596739151618721, 48.78203331220324657 ) ) ;
#5674 = CARTESIAN_POINT ( 'NONE',  ( 841.4127080442010538, 133.9844189615597259, 72.89566970577614313 ) ) ;
#5675 = CARTESIAN_POINT ( 'NONE',  ( 1079.809930429609494, 380.9876060361615373, 113.3431750046235180 ) ) ;
#5676 = CARTESIAN_POINT ( 'NONE',  ( 1214.487694777612205, 340.7484131838147619, -133.8750444624531895 ) ) ;
#5677 = CARTESIAN_POINT ( 'NONE',  ( 1424.060109466819540, 971.2880425616434650, -4.393996273731278102 ) ) ;
#5678 = CARTESIAN_POINT ( 'NONE',  ( 1326.554950934275666, 916.8913495361372270, 150.5904474499162689 ) ) ;
#5679 = CARTESIAN_POINT ( 'NONE',  ( 732.2377721977848068, 66.09878702811677442, 13.85739478172190609 ) ) ;
#5680 = CARTESIAN_POINT ( 'NONE',  ( 849.1898696629508549, 70.72131626081709044, -73.90078464916744849 ) ) ;
#5681 = CARTESIAN_POINT ( 'NONE',  ( 790.5307458360136934, 66.07241510330513279, -45.98643159284381454 ) ) ;
#5682 = CARTESIAN_POINT ( 'NONE',  ( 1337.017646043027980, 899.0157973806013842, 104.2784937067554552 ) ) ;
#5683 = CARTESIAN_POINT ( 'NONE',  ( 1344.846248557329545, 885.6489061432955623, 83.35321800469587572 ) ) ;
#5684 = CARTESIAN_POINT ( 'NONE',  ( 618.4709324858820310, 13.13942821421037443, 15.03895701710848165 ) ) ;
#5685 = CARTESIAN_POINT ( 'NONE',  ( 579.3987625104443850, 7.309090251828618712, -12.02089258903883184 ) ) ;
#5686 = CARTESIAN_POINT ( 'NONE',  ( 791.7963883470620203, 52.82750846811246248, -49.82075720580034783 ) ) ;
#5687 = CARTESIAN_POINT ( 'NONE',  ( 1169.640063221892660, 469.2749488327796143, 92.50634604982053588 ) ) ;
#5688 = CARTESIAN_POINT ( 'NONE',  ( 579.4417025640794918, 1.182694295442412225, 0.7849092412145559639 ) ) ;
#5689 = CARTESIAN_POINT ( 'NONE',  ( 1457.665215541029738, 885.2991620117928733, -74.61015950157094778 ) ) ;
#5690 = CARTESIAN_POINT ( 'NONE',  ( 1081.275182304866121, 375.7808416839040433, 124.4964226157646436 ) ) ;
#5692 = CARTESIAN_POINT ( 'NONE',  ( 786.5545862508080290, 108.2433908516578640, 71.72327394274414303 ) ) ;
#5691 = CARTESIAN_POINT ( 'NONE',  ( 1326.545955752856571, 805.0276809772678916, 97.62736857875800922 ) ) ;
#5693 = CARTESIAN_POINT ( 'NONE',  ( 897.9785297816580396, 145.7953062686297301, 24.51979569659094338 ) ) ;
#5694 = CARTESIAN_POINT ( 'NONE',  ( 618.6776805480590156, 0.5387553053998689334, -45.45281205757872556 ) ) ;
#5695 = CARTESIAN_POINT ( 'NONE',  ( 1342.626278104871972, 993.8604604635125952, 140.7477890902420370 ) ) ;
#5696 = CARTESIAN_POINT ( 'NONE',  ( 1472.685090630467130, 789.3631662605311021, -134.8983415499655791 ) ) ;
#5697 = CARTESIAN_POINT ( 'NONE',  ( 1384.606981471631570, 996.2762607791631808, 79.39748593500837615 ) ) ;
#5698 = CARTESIAN_POINT ( 'NONE',  ( 675.2649958635065559, 50.77065082479024483, 56.18160297030881623 ) ) ;
#5699 = CARTESIAN_POINT ( 'NONE',  ( 846.8947919166566862, 89.28603239032307215, -56.97355722843101944 ) ) ;
#5700 = CARTESIAN_POINT ( 'NONE',  ( 1044.207244493072039, 294.4296286589751048, 68.51153384233481347 ) ) ;
#5701 = CARTESIAN_POINT ( 'NONE',  ( 579.5068643497075982, -7.744046074250813483, -40.82959367024754016 ) ) ;
#5702 = CARTESIAN_POINT ( 'NONE',  ( 949.0950923209761640, 190.5361496646117132, 1.492605560055483505 ) ) ;
#5703 = CARTESIAN_POINT ( 'NONE',  ( 1355.305661142054305, 973.9185621771678143, 104.8408503778193364 ) ) ;
#5704 = CARTESIAN_POINT ( 'NONE',  ( 952.9940712879651983, 169.3374094120165125, -5.453592027873256143 ) ) ;
#5705 = CARTESIAN_POINT ( 'NONE',  ( 1224.223307020678021, 636.2958209335433821, 139.5782190455406067 ) ) ;
#5706 = CARTESIAN_POINT ( 'NONE',  ( 993.1175451671340397, 262.6965604503475333, 95.96842360806716954 ) ) ;
#5707 = CARTESIAN_POINT ( 'NONE',  ( 1229.364668111959645, 624.1447749575730768, 140.5463945695994710 ) ) ;
#5708 = CARTESIAN_POINT ( 'NONE',  ( 1352.689813497631349, 978.0398949981658916, 129.1654591604541054 ) ) ;
#5709 = CARTESIAN_POINT ( 'NONE',  ( 1349.110596044481554, 983.6612529963042562, 121.1101507287852712 ) ) ;
#5710 = CARTESIAN_POINT ( 'NONE',  ( 791.7842454539821802, 52.84891421356905994, -68.09846107552665728 ) ) ;
#5711 = CARTESIAN_POINT ( 'NONE',  ( 1406.865397764236377, 996.6811810108149530, 42.95812603032183574 ) ) ;
#5712 = CARTESIAN_POINT ( 'NONE',  ( 1327.637279885847420, 915.0440128894667851, 148.8600245847450765 ) ) ;
#5713 = CARTESIAN_POINT ( 'NONE',  ( 787.7603762770186222, 95.37925986304360038, 20.70230225946930958 ) ) ;
#5714 = CARTESIAN_POINT ( 'NONE',  ( 1464.163275744923567, 912.0637141073957537, -73.43231360245209771 ) ) ;
#5715 = CARTESIAN_POINT ( 'NONE',  ( 676.2722854761242388, 26.51886283631415253, -30.60395046873061631 ) ) ;
#5716 = CARTESIAN_POINT ( 'NONE',  ( 731.6957968160223800, 74.22393584902872021, 44.33431780926227361 ) ) ;
#5717 = CARTESIAN_POINT ( 'NONE',  ( 618.2220385235107187, 26.99161434733562714, 26.49083271065894962 ) ) ;
#5718 = CARTESIAN_POINT ( 'NONE',  ( 676.9534475373741316, 10.39450243938377660, -57.65862947754316536 ) ) ;
#5719 = CARTESIAN_POINT ( 'NONE',  ( 733.1228441466197410, 53.17191732689556716, 17.33505788156229599 ) ) ;
#5720 = CARTESIAN_POINT ( 'NONE',  ( 1440.262009992231924, 947.3610869779902259, -35.42789271533173689 ) ) ;
#5721 = CARTESIAN_POINT ( 'NONE',  ( 1372.987538299061953, 589.8256409749637896, -113.8051339320725788 ) ) ;
#5722 = CARTESIAN_POINT ( 'NONE',  ( 1369.340905543243025, 951.8566911052557771, 91.01121203977865548 ) ) ;
#5723 = CARTESIAN_POINT ( 'NONE',  ( 560.0000000000000000, -0.2879313330639022839, -19.97568485525185977 ) ) ;
#5724 = CARTESIAN_POINT ( 'NONE',  ( 902.9077423268810207, 113.4557635275109249, -47.45054935750395941 ) ) ;
#5725 = CARTESIAN_POINT ( 'NONE',  ( 618.7225777290291262, -1.683789416455895527, -35.39268977211318656 ) ) ;
#5726 = CARTESIAN_POINT ( 'NONE',  ( 1304.813928365552101, 845.0352962464404527, 157.1494627073879258 ) ) ;
#5728 = CARTESIAN_POINT ( 'NONE',  ( 1388.200219407895020, 1024.245903605712556, 72.87184187567400784 ) ) ;
#5727 = CARTESIAN_POINT ( 'NONE',  ( 1089.251910621969500, 347.2794387365669309, 73.56467539857317206 ) ) ;
#5729 = CARTESIAN_POINT ( 'NONE',  ( 1179.766241623443420, 440.2629413015708337, 44.26454678588444125 ) ) ;
#5730 = CARTESIAN_POINT ( 'NONE',  ( 1118.629094051807897, 242.2438183379394729, -126.1013239161862600 ) ) ;
#5731 = CARTESIAN_POINT ( 'NONE',  ( 942.0536648655537419, 229.1020810466136766, 105.2545749971608871 ) ) ;
#5732 = CARTESIAN_POINT ( 'NONE',  ( 618.7548878020442089, -3.774276082332379545, -48.48130494412005476 ) ) ;
#5733 = CARTESIAN_POINT ( 'NONE',  ( 732.2160700000434872, 66.63445013666573402, 50.37870376137196615 ) ) ;
#5734 = CARTESIAN_POINT ( 'NONE',  ( 956.3027356676007003, 151.1573872091292117, -69.98710814568588034 ) ) ;
#5735 = CARTESIAN_POINT ( 'NONE',  ( 675.9021822392544436, 35.70137199411982465, 28.32191639308290831 ) ) ;
#5736 = CARTESIAN_POINT ( 'NONE',  ( 849.5160801103720587, 68.02944243326342644, -85.98365582058707446 ) ) ;
#5737 = CARTESIAN_POINT ( 'NONE',  ( 1352.265995259376723, 757.6598708838123457, 2.092124768753062636 ) ) ;
#5738 = CARTESIAN_POINT ( 'NONE',  ( 618.2012712342952909, 28.33658924909306265, 37.10158046144586308 ) ) ;
#5739 = CARTESIAN_POINT ( 'NONE',  ( 846.2072938025347639, 95.00621433791286563, -15.13197296565492955 ) ) ;
#5740 = CARTESIAN_POINT ( 'NONE',  ( 1249.861309619000394, 712.9277314635290850, 155.6315832086237378 ) ) ;
#5741 = CARTESIAN_POINT ( 'NONE',  ( 1039.145742577009969, 314.9461141229037366, 105.9505179888194277 ) ) ;
#5742 = CARTESIAN_POINT ( 'NONE',  ( 893.9401968745676186, 172.2639256865284949, 79.67024706205224049 ) ) ;
#5743 = CARTESIAN_POINT ( 'NONE',  ( 1329.796245004830780, 911.3583648009226863, 144.5711750474704047 ) ) ;
#5744 = CARTESIAN_POINT ( 'NONE',  ( 840.3715587599078845, 142.3944134403716362, 74.05607944478076377 ) ) ;
#5745 = CARTESIAN_POINT ( 'NONE',  ( 848.4340584145561479, 76.79597507536679757, -76.73002808746107917 ) ) ;
#5746 = CARTESIAN_POINT ( 'NONE',  ( 1420.663036982718268, 976.3048368762422342, 2.330314100969532287 ) ) ;
#5747 = CARTESIAN_POINT ( 'NONE',  ( 1158.736167751256744, 500.5108691153857876, 143.7026171011070517 ) ) ;
#5748 = CARTESIAN_POINT ( 'NONE',  ( 579.3408055369850445, 15.31352770834661747, 16.17139894673552902 ) ) ;
#5749 = CARTESIAN_POINT ( 'NONE',  ( 849.2587009215808393, 70.16159656742438244, -75.14217125645637907 ) ) ;
#5750 = CARTESIAN_POINT ( 'NONE',  ( 1316.650127950329988, 568.0876538726492981, -71.74130664390116863 ) ) ;
#5751 = CARTESIAN_POINT ( 'NONE',  ( 892.7183908917958206, 180.2139854260792049, 74.78944632785859881 ) ) ;
#5752 = CARTESIAN_POINT ( 'NONE',  ( 1165.188794293698038, 481.9895891891881661, 85.22283222548848869 ) ) ;
#5753 = CARTESIAN_POINT ( 'NONE',  ( 1121.077250743529476, 233.5044371854258998, -135.2513979641948083 ) ) ;
#5754 = CARTESIAN_POINT ( 'NONE',  ( 1406.289181373851989, 963.3406665895844299, 33.36867628163485477 ) ) ;
#5755 = CARTESIAN_POINT ( 'NONE',  ( 1234.066596844646256, 460.5650183418659367, -47.63369145203132859 ) ) ;
#5756 = CARTESIAN_POINT ( 'NONE',  ( 1253.684657653906243, 409.6760925703326279, -100.4064134529408960 ) ) ;
#5757 = CARTESIAN_POINT ( 'NONE',  ( 957.3938059772456199, 145.2001592101163681, -79.32504546072652829 ) ) ;
#5758 = CARTESIAN_POINT ( 'NONE',  ( 560.0000000000000000, -5.945591384416395897, -31.71513868620025178 ) ) ;
#5759 = CARTESIAN_POINT ( 'NONE',  ( 956.7906834063156793, 148.5789668271012545, -49.04008144497315413 ) ) ;
#5760 = CARTESIAN_POINT ( 'NONE',  ( 848.7146716064454495, 74.59270727590950401, -64.38239305799461931 ) ) ;
#5761 = CARTESIAN_POINT ( 'NONE',  ( 1254.823376896652690, 702.1801913385664875, 157.8804217470722620 ) ) ;
#5762 = CARTESIAN_POINT ( 'NONE',  ( 1272.536472597702186, 663.7719262338524686, 98.13061140066457710 ) ) ;
#5763 = CARTESIAN_POINT ( 'NONE',  ( 791.0085876995199214, 61.17877116690967654, -27.91036759540121537 ) ) ;
#5764 = CARTESIAN_POINT ( 'NONE',  ( 1317.367091549063161, 700.8194120728845746, 49.76239428968091261 ) ) ;
#5765 = CARTESIAN_POINT ( 'NONE',  ( 1345.662115389570090, 505.1907238723921409, -152.2847633927018762 ) ) ;
#5766 = CARTESIAN_POINT ( 'NONE',  ( 731.5322943618829186, 76.75174550963923537, 66.49817832670787254 ) ) ;
#5767 = CARTESIAN_POINT ( 'NONE',  ( 1468.955569109780299, 904.9864585530280010, -83.49728536654420452 ) ) ;
#5768 = CARTESIAN_POINT ( 'NONE',  ( 1233.663077099416796, 613.9718700043864601, 124.6546571960529519 ) ) ;
#5769 = CARTESIAN_POINT ( 'NONE',  ( 1272.256580901947700, 790.8326741217887275, 169.6337234266215717 ) ) ;
#5770 = CARTESIAN_POINT ( 'NONE',  ( 1293.435089990654888, 472.4773562838335010, -114.9618140929326700 ) ) ;
#5771 = CARTESIAN_POINT ( 'NONE',  ( 675.8730387388354757, 36.39433214480552436, 30.12444185046073741 ) ) ;
#5772 = CARTESIAN_POINT ( 'NONE',  ( 734.9486863328256732, 25.88774470545797968, -66.78162681070722329 ) ) ;
#5773 = CARTESIAN_POINT ( 'NONE',  ( 788.0948450149536484, 91.83273511590056160, 10.90562201299357703 ) ) ;
#5774 = CARTESIAN_POINT ( 'NONE',  ( 840.7653665843175759, 139.1641443782646377, 59.86791870953376815 ) ) ;
#5775 = CARTESIAN_POINT ( 'NONE',  ( 1150.809577318028232, 343.1123140302004799, -26.35972761537668063 ) ) ;
#5776 = CARTESIAN_POINT ( 'NONE',  ( 1374.014613243951999, 1012.366536384016854, 91.75934442522029144 ) ) ;
#5777 = CARTESIAN_POINT ( 'NONE',  ( 894.0489796549506991, 171.5511294066367611, 78.18126399520208736 ) ) ;
#5778 = CARTESIAN_POINT ( 'NONE',  ( 618.2970105530213232, 23.14319009799648086, 41.97606159971493867 ) ) ;
#5779 = CARTESIAN_POINT ( 'NONE',  ( 1227.647371439969220, 628.2095383077105453, 148.3909766295681152 ) ) ;
#5780 = CARTESIAN_POINT ( 'NONE',  ( 675.2845217123364137, 50.26395931069879452, 50.65986110021307098 ) ) ;
#5781 = CARTESIAN_POINT ( 'NONE',  ( 959.4883592697048016, 133.7683153180480531, -95.65973901182627515 ) ) ;
#5782 = CARTESIAN_POINT ( 'NONE',  ( 1000.445647269427809, 228.4227023487945019, -5.681696641440010964 ) ) ;
#5783 = CARTESIAN_POINT ( 'NONE',  ( 1225.559175241558478, 633.1506142543978513, 155.1392931303394391 ) ) ;
#5784 = CARTESIAN_POINT ( 'NONE',  ( 1244.257565857678628, 588.8630908168372571, 55.05235726456309919 ) ) ;
#5785 = CARTESIAN_POINT ( 'NONE',  ( 1119.478167283687981, 239.2422648672487071, -119.8246532195797442 ) ) ;
#5786 = CARTESIAN_POINT ( 'NONE',  ( 1005.583592085140140, 204.4574060193440630, -48.62049836779912226 ) ) ;
#5787 = CARTESIAN_POINT ( 'NONE',  ( 1195.511463289500853, 560.6751480424685496, 118.6093456942786304 ) ) ;
#5788 = CARTESIAN_POINT ( 'NONE',  ( 579.4700615573514142, -2.608867433340686492, -34.31430553852814569 ) ) ;
#5789 = CARTESIAN_POINT ( 'NONE',  ( 1475.485482818799483, 784.9586398871393840, -142.8045562790451015 ) ) ;
#5790 = CARTESIAN_POINT ( 'NONE',  ( 733.0500716038707196, 54.25382032539088328, 20.13993555152305248 ) ) ;
#5791 = CARTESIAN_POINT ( 'NONE',  ( 618.3985228085208519, 16.55974690990470677, -11.48307749056308857 ) ) ;
#5792 = CARTESIAN_POINT ( 'NONE',  ( 1454.552701548616369, 890.0271756644369816, -68.18291180601303836 ) ) ;
#5793 = CARTESIAN_POINT ( 'NONE',  ( 902.6508396304722055, 115.0431364861852472, -69.11901076377283459 ) ) ;
#5794 = COORDINATED_UNIVERSAL_TIME_OFFSET ( 5, 30, .AHEAD. ) ;
#5795 = CARTESIAN_POINT ( 'NONE',  ( 675.3790615123057250, 47.89728563036396025, 32.66334518220664052 ) ) ;
#5796 = CARTESIAN_POINT ( 'NONE',  ( 847.7462903939713215, 82.47902679641767065, -45.21762595248389971 ) ) ;
#5797 = CARTESIAN_POINT ( 'NONE',  ( 1378.573195421000037, 578.6804423792606258, -129.8496400440442926 ) ) ;
#5798 = CARTESIAN_POINT ( 'NONE',  ( 1038.077678668725866, 319.2746975987343490, 114.7126102924424771 ) ) ;
#5799 = CARTESIAN_POINT ( 'NONE',  ( 1350.792281183486239, 875.5122968063201370, 91.69187880992129180 ) ) ;
#5800 = CARTESIAN_POINT ( 'NONE',  ( 1008.382022863996326, 191.4881202107589218, -42.74238056831076449 ) ) ;
#5801 = CARTESIAN_POINT ( 'NONE',  ( 844.0713028880122692, 112.3827823641885573, 25.77074448004282203 ) ) ;
#5802 = CARTESIAN_POINT ( 'NONE',  ( 1013.750921342344327, 166.3856172528770117, -106.2458957772983013 ) ) ;
#5803 = CARTESIAN_POINT ( 'NONE',  ( 1035.175989481379929, 331.0269461144809497, 124.6262469382521658 ) ) ;
#5804 = CARTESIAN_POINT ( 'NONE',  ( 1069.194931089476313, 193.0818818944760835, -124.6079157366468593 ) ) ;
#5805 = CARTESIAN_POINT ( 'NONE',  ( 993.9652185112945517, 258.7439876768350473, 88.68730789808846282 ) ) ;
#5806 = CARTESIAN_POINT ( 'NONE',  ( 675.2677415620566990, 50.71061337066746688, 56.73604495409526294 ) ) ;
#5807 = CARTESIAN_POINT ( 'NONE',  ( 559.9999999999998863, -1.661383015897728743, -23.11464523993260300 ) ) ;
#5808 = CARTESIAN_POINT ( 'NONE',  ( 1089.922113543188289, 344.8845174118943646, 69.31425938035781087 ) ) ;
#5809 = CARTESIAN_POINT ( 'NONE',  ( 734.9366220309899518, 26.06343446413338683, -66.85674690259708086 ) ) ;
#5810 = CARTESIAN_POINT ( 'NONE',  ( 947.9215059766777358, 196.9527051895362035, 14.89024973101269289 ) ) ;
#5811 = CARTESIAN_POINT ( 'NONE',  ( 892.9561766108498659, 178.6470529366979179, 69.34800287699687260 ) ) ;
#5812 = CARTESIAN_POINT ( 'NONE',  ( 559.9999999999996589, -4.446805894033046158, -6.299944140388857861 ) ) ;
#5813 = CARTESIAN_POINT ( 'NONE',  ( 1036.231327127814211, 326.7326326928449589, 109.6321354736498535 ) ) ;
#5814 = CARTESIAN_POINT ( 'NONE',  ( 894.2832195411884868, 170.0164505372515009, 75.17055734496783259 ) ) ;
#5815 = CARTESIAN_POINT ( 'NONE',  ( 1304.735570555645381, 445.7397332917282711, -148.3581417662509807 ) ) ;
#5816 = CARTESIAN_POINT ( 'NONE',  ( 733.5612053475513221, 46.64818949010574300, -0.2826167234473746515 ) ) ;
#5817 = CARTESIAN_POINT ( 'NONE',  ( 1043.271466916526151, 298.1495606513934149, 41.60379030007943868 ) ) ;
#5818 = CARTESIAN_POINT ( 'NONE',  ( 1307.990206728780095, 438.0542585917644942, -148.1936555420301431 ) ) ;
#5819 = CARTESIAN_POINT ( 'NONE',  ( 790.0750772367391619, 70.88476379352708534, -36.75250288268649967 ) ) ;
#5820 = CARTESIAN_POINT ( 'NONE',  ( 560.0000000000000000, 11.73187939796994783, 28.77593805603636312 ) ) ;
#5821 = CARTESIAN_POINT ( 'NONE',  ( 1165.174140591298283, 297.3148769536412601, -120.7279314627902522 ) ) ;
#5822 = CARTESIAN_POINT ( 'NONE',  ( 1475.692658264766578, 784.6331348987748697, -142.9351865269422888 ) ) ;
#5823 = CARTESIAN_POINT ( 'NONE',  ( 560.0000000000003411, -0.5502867975757904651, 7.689616153744916360 ) ) ;
#5824 = CARTESIAN_POINT ( 'NONE',  ( 1343.030474120986582, 649.5821102646708596, -51.33954074518878485 ) ) ;
#5825 = CARTESIAN_POINT ( 'NONE',  ( 1451.443304768834196, 822.7613067363513437, -89.28816467541930990 ) ) ;
#5826 = CARTESIAN_POINT ( 'NONE',  ( 1405.595812820257379, 659.4917506868055170, -127.3298667916613027 ) ) ;
#5827 = CARTESIAN_POINT ( 'NONE',  ( 559.9999999999997726, 10.95878993955520997, 19.70389206478001753 ) ) ;
#5828 = CARTESIAN_POINT ( 'NONE',  ( 1206.098396161641631, 364.8125081790133208, -81.14735188282976708 ) ) ;
#5829 = CARTESIAN_POINT ( 'NONE',  ( 1298.681013474206111, 460.0882018481292448, -114.9663821337449008 ) ) ;
#5830 = CARTESIAN_POINT ( 'NONE',  ( 1329.013824203676904, 912.6940566673740705, 146.2796169784782592 ) ) ;
#5831 = CARTESIAN_POINT ( 'NONE',  ( 675.9021822392544436, 35.70137199411982465, 28.32191639308290831 ) ) ;
#5832 = CARTESIAN_POINT ( 'NONE',  ( 1008.326566652759197, 191.6674537034004970, -69.59800603339596137 ) ) ;
#5833 = CARTESIAN_POINT ( 'NONE',  ( 847.0487462958280958, 88.15761026343176354, -31.53355083778852475 ) ) ;
#5834 = CARTESIAN_POINT ( 'NONE',  ( 899.4475588837136684, 136.1596778108830961, 3.266707964286134747 ) ) ;
#5835 = CARTESIAN_POINT ( 'NONE',  ( 904.6171967093874855, 102.1708771724536291, -88.08608573413108900 ) ) ;
#5836 = CARTESIAN_POINT ( 'NONE',  ( 1083.477128362571648, 367.9134018256341960, 109.7011299021256008 ) ) ;
#5837 = CARTESIAN_POINT ( 'NONE',  ( 731.5520204940152098, 76.46088792914142118, 66.50989742446407149 ) ) ;
#5838 = CARTESIAN_POINT ( 'NONE',  ( 1426.410795942471395, 621.1847565307066361, -167.3470398348973447 ) ) ;
#5839 = CARTESIAN_POINT ( 'NONE',  ( 1315.534398694636138, 825.2991642512022281, 127.3241029331679215 ) ) ;
#5840 = CARTESIAN_POINT ( 'NONE',  ( 731.5071747851693544, 77.11990723557407534, 66.08256232026027988 ) ) ;
#5841 = CARTESIAN_POINT ( 'NONE',  ( 1248.590196056964260, 578.6438583523824946, 69.24566030772128045 ) ) ;
#5842 = CARTESIAN_POINT ( 'NONE',  ( 905.7741299465184284, 94.60372778716568121, -96.22574373229622324 ) ) ;
#5843 = CARTESIAN_POINT ( 'NONE',  ( 998.0423139261639562, 239.6370179011686616, 16.22205907159115057 ) ) ;
#5844 = CARTESIAN_POINT ( 'NONE',  ( 560.0000000000000000, 11.67153178238493716, 27.54724643759831437 ) ) ;
#5845 = CARTESIAN_POINT ( 'NONE',  ( 733.8352214642991385, 42.56681362500733456, -11.59288364465511378 ) ) ;
#5846 = CARTESIAN_POINT ( 'NONE',  ( 1301.372686075816318, 851.3606354813251755, 147.7818776049506369 ) ) ;
#5847 = CARTESIAN_POINT ( 'NONE',  ( 1348.325123989573740, 499.4313432766007850, -149.5522173135991295 ) ) ;
#5848 = CARTESIAN_POINT ( 'NONE',  ( 732.1517240776239532, 67.58812383282955238, 52.46546870477316560 ) ) ;
#5849 = CARTESIAN_POINT ( 'NONE',  ( 618.2785776204285639, 24.18725616481351537, 44.81732509539759235 ) ) ;
#5850 = CARTESIAN_POINT ( 'NONE',  ( 1115.730406395316550, 252.5956924712279204, -113.0819500380076619 ) ) ;
#5851 = CARTESIAN_POINT ( 'NONE',  ( 1302.012272955460048, 599.8566055006128863, 0.5406056995799429776 ) ) ;
#5852 = CARTESIAN_POINT ( 'NONE',  ( 945.8163751848160246, 208.4682860928024866, 40.94311130302781976 ) ) ;
#5853 = CARTESIAN_POINT ( 'NONE',  ( 1450.052911627718458, 706.0565810400079272, -147.7279461230554887 ) ) ;
#5854 = CARTESIAN_POINT ( 'NONE',  ( 560.0000000000002274, 0.7029580702996973685, -17.54655010076589861 ) ) ;
#5855 = CARTESIAN_POINT ( 'NONE',  ( 675.3053640791869157, 49.71965269385209751, 44.14760415321632792 ) ) ;
#5856 = CARTESIAN_POINT ( 'NONE',  ( 1011.725765421625624, 175.8221037187241507, -93.55381598866085824 ) ) ;
#5857 = CARTESIAN_POINT ( 'NONE',  ( 990.4047866899323935, 275.3187454156868057, 103.3709822996259788 ) ) ;
#5858 = CARTESIAN_POINT ( 'NONE',  ( 734.8722585766864768, 27.00814752965024113, -66.51490369811182291 ) ) ;
#5859 = CARTESIAN_POINT ( 'NONE',  ( 1049.967879980372345, 271.0738361833219869, 24.97068250092851827 ) ) ;
#5860 = CARTESIAN_POINT ( 'NONE',  ( 559.9999999999992042, 4.051113510000700302, -8.462748049730274502 ) ) ;
#5861 = CARTESIAN_POINT ( 'NONE',  ( 904.7585200841504047, 101.3058039002076356, -74.94298910572500461 ) ) ;
#5862 = CARTESIAN_POINT ( 'NONE',  ( 791.0094590228192146, 61.01930802974638368, -55.08267348728929136 ) ) ;
#5863 = CARTESIAN_POINT ( 'NONE',  ( 1167.965919953328694, 474.0292404140009239, 70.26048874428846602 ) ) ;
#5864 = CARTESIAN_POINT ( 'NONE',  ( 1397.154400347041019, 675.0433155116736543, -90.75113026710073427 ) ) ;
#5865 = CARTESIAN_POINT ( 'NONE',  ( 1416.645534618291322, 639.1620161312730488, -141.4191040949870910 ) ) ;
#5866 = CARTESIAN_POINT ( 'NONE',  ( 1227.068940512280733, 629.5784598960329959, 150.6074155448366696 ) ) ;
#5867 = CARTESIAN_POINT ( 'NONE',  ( 896.4018078553949636, 156.1332390885669668, 46.67162594625157368 ) ) ;
#5868 = CARTESIAN_POINT ( 'NONE',  ( 1443.142620912939265, 835.8058781060752835, -85.68264234739791618 ) ) ;
#5869 = CARTESIAN_POINT ( 'NONE',  ( 559.9999999999998863, -7.447465990075813558, -18.02327234794987021 ) ) ;
#5870 = CARTESIAN_POINT ( 'NONE',  ( 1052.043849599144323, 262.6558794755246709, 9.093410223943298121 ) ) ;
#5871 = CARTESIAN_POINT ( 'NONE',  ( 959.7026802914583641, 132.5985043227677238, -97.16937565520080966 ) ) ;
#5872 = CARTESIAN_POINT ( 'NONE',  ( 787.3796574579561138, 99.42223388655943950, 33.08088083898650211 ) ) ;
#5873 = CARTESIAN_POINT ( 'NONE',  ( 840.2976793557245401, 143.0274510046775731, 85.54956792345265626 ) ) ;
#5874 = CARTESIAN_POINT ( 'NONE',  ( 1121.274728518953907, 232.8067525601447016, -134.0486091120685046 ) ) ;
#5875 = CARTESIAN_POINT ( 'NONE',  ( 1342.529091822570081, 889.6195094087540838, 111.9613791514410792 ) ) ;
#5876 = CARTESIAN_POINT ( 'NONE',  ( 579.3253546808164174, 17.35700132987125244, 40.25305634652239917 ) ) ;
#5877 = CARTESIAN_POINT ( 'NONE',  ( 1409.386266117227024, 992.9583643560854398, 37.79071410958279387 ) ) ;
#5878 = CARTESIAN_POINT ( 'NONE',  ( 1312.428716961113196, 427.5413732954203851, -167.1998325560457772 ) ) ;
#5879 = CARTESIAN_POINT ( 'NONE',  ( 997.2646482154500518, 243.2663616531162347, 23.57907857522585005 ) ) ;
#5880 = CARTESIAN_POINT ( 'NONE',  ( 618.2001813662291170, 28.41244891640631209, 37.93568212632661840 ) ) ;
#5881 = CARTESIAN_POINT ( 'NONE',  ( 1418.444608297778586, 874.6466005254713991, -17.44110331462497143 ) ) ;
#5882 = CARTESIAN_POINT ( 'NONE',  ( 990.2174074366652121, 276.1952087976387133, 105.8005476191176371 ) ) ;
#5883 = CARTESIAN_POINT ( 'NONE',  ( 1232.182316974732657, 617.4762092185180791, 129.9570940219088584 ) ) ;
#5884 = CARTESIAN_POINT ( 'NONE',  ( 1081.499538653907166, 374.9794621839630508, 123.3876976483625185 ) ) ;
#5885 = CARTESIAN_POINT ( 'NONE',  ( 958.1587710547253209, 141.0239753484279959, -85.57392339703635287 ) ) ;
#5886 = CARTESIAN_POINT ( 'NONE',  ( 1364.057851591227745, 735.9709833729232287, -3.072913319782281771 ) ) ;
#5887 = CARTESIAN_POINT ( 'NONE',  ( 1119.818481702524878, 238.0251739727311246, -122.0825574878428057 ) ) ;
#5888 = CARTESIAN_POINT ( 'NONE',  ( 954.2036972259248842, 162.6208966811939831, -50.91045642248861469 ) ) ;
#5889 = CARTESIAN_POINT ( 'NONE',  ( 1354.334740229655381, 975.4454183184750491, 107.2589592315760996 ) ) ;
#5890 = CARTESIAN_POINT ( 'NONE',  ( 1275.548547473185636, 784.2598730249288792, 156.9303386232360253 ) ) ;
#5891 = CARTESIAN_POINT ( 'NONE',  ( 579.4949317995243518, -6.071959706298903470, -39.69609994480614290 ) ) ;
#5892 = CARTESIAN_POINT ( 'NONE',  ( 1051.003910419294243, 266.8727654631500172, 17.02710225461373739 ) ) ;
#5893 = CARTESIAN_POINT ( 'NONE',  ( 898.6948749185797851, 140.9651701689406593, -22.57616139579400993 ) ) ;
#5894 = CARTESIAN_POINT ( 'NONE',  ( 792.1385623970614915, 49.19712085938976998, -59.61250403409668053 ) ) ;
#5895 = CARTESIAN_POINT ( 'NONE',  ( 1210.329822025710655, 352.6559950205308382, -118.6958480980686801 ) ) ;
#5896 = CARTESIAN_POINT ( 'NONE',  ( 1402.017582522483508, 1003.840431234900052, 41.02706067631991260 ) ) ;
#5897 = CARTESIAN_POINT ( 'NONE',  ( 957.3742585318087777, 145.3876874481106256, -55.75146068048602643 ) ) ;
#5898 = CARTESIAN_POINT ( 'NONE',  ( 1260.932606861476643, 390.8575842240835527, -129.9578036903018585 ) ) ;
#5899 = CARTESIAN_POINT ( 'NONE',  ( 1160.799030039029049, 494.6036860684317276, 135.7978582819600319 ) ) ;
#5900 = CARTESIAN_POINT ( 'NONE',  ( 1134.280055279154112, 395.7696549795326177, 64.80053938342111053 ) ) ;
#5901 = CARTESIAN_POINT ( 'NONE',  ( 618.5280688303078023, 9.080217888756811462, -29.71989751513343947 ) ) ;
#5902 = CARTESIAN_POINT ( 'NONE',  ( 1248.775128117035592, 422.4221904395702722, -80.25804838176954092 ) ) ;
#5903 = CARTESIAN_POINT ( 'NONE',  ( 789.5744209832222396, 76.36783828592619727, 10.88988801442721233 ) ) ;
#5904 = CARTESIAN_POINT ( 'NONE',  ( 1167.544212123808393, 289.7696492710081202, -130.2378528021778266 ) ) ;
#5905 = CARTESIAN_POINT ( 'NONE',  ( 994.3495330218322579, 256.8770137332694503, 53.45686666617331895 ) ) ;
#5906 = CARTESIAN_POINT ( 'NONE',  ( 618.2229355382451104, 27.33858927742782896, 48.88127457167786361 ) ) ;
#5907 = CARTESIAN_POINT ( 'NONE',  ( 734.9366220309899518, 26.06343446413338683, -66.85674690259708086 ) ) ;
#5908 = CARTESIAN_POINT ( 'NONE',  ( 1235.089516557219667, 610.5960141040634426, 119.3755743887025886 ) ) ;
#5909 = CARTESIAN_POINT ( 'NONE',  ( 786.5270800505654734, 108.5488582529735595, 75.63987527769957353 ) ) ;
#5910 = CARTESIAN_POINT ( 'NONE',  ( 998.4602431500469493, 237.7809241437846026, 48.74588481701197651 ) ) ;
#5911 = CARTESIAN_POINT ( 'NONE',  ( 1121.251611498679495, 232.8841892282707136, -135.3580376206504070 ) ) ;
#5912 = CARTESIAN_POINT ( 'NONE',  ( 675.5033125988622942, 44.88294022918459092, 19.48822924324904093 ) ) ;
#5913 = CARTESIAN_POINT ( 'NONE',  ( 1194.974100449090884, 562.0710412401383564, 121.3379333459358804 ) ) ;
#5914 = CARTESIAN_POINT ( 'NONE',  ( 579.4680735542876846, -2.458667036496714253, -12.25454472765012248 ) ) ;
#5915 = CARTESIAN_POINT ( 'NONE',  ( 1297.885923341219950, 857.7810965127289364, 158.2330212986518916 ) ) ;
#5916 = CARTESIAN_POINT ( 'NONE',  ( 559.9999999999997726, 6.224867324598028162, 27.74592288953837382 ) ) ;
#5917 = CARTESIAN_POINT ( 'NONE',  ( 1461.097118241038515, 916.5918134061685123, -72.39893339064468591 ) ) ;
#5918 = CARTESIAN_POINT ( 'NONE',  ( 1004.427920451405953, 209.9393189410150455, -6.114787670345251946 ) ) ;
#5919 = CARTESIAN_POINT ( 'NONE',  ( 677.0150318941684873, 9.028528321794189182, -53.24582202047447765 ) ) ;
#5920 = CARTESIAN_POINT ( 'NONE',  ( 1100.549390836006069, 306.9035770889227024, 1.061457714605055225 ) ) ;
#5921 = CARTESIAN_POINT ( 'NONE',  ( 1346.931881185882730, 641.7973030756311346, -61.90394017701795804 ) ) ;
#5922 = CARTESIAN_POINT ( 'NONE',  ( 991.1691089146289642, 271.7411619079017555, 91.86953525780037921 ) ) ;
#5923 = CARTESIAN_POINT ( 'NONE',  ( 1282.077142835725226, 771.2267199600329377, 133.2860680981040673 ) ) ;
#5924 = CARTESIAN_POINT ( 'NONE',  ( 904.9998167255948829, 99.66581435300500402, -91.34024326912611969 ) ) ;
#5925 = CARTESIAN_POINT ( 'NONE',  ( 1258.537751393862663, 555.1001220720672791, 32.27238040605320180 ) ) ;
#5926 = CARTESIAN_POINT ( 'NONE',  ( 1417.516061102594222, 946.2871602389604959, -5.383863791547675248 ) ) ;
#5927 = CARTESIAN_POINT ( 'NONE',  ( 1013.136946702004821, 169.2966187259810908, -86.65218193368782806 ) ) ;
#5928 = CARTESIAN_POINT ( 'NONE',  ( 1008.797123683584232, 189.4737380674913254, -73.05900107218175776 ) ) ;
#5929 = CARTESIAN_POINT ( 'NONE',  ( 1367.871544002531664, 954.1582310115553582, 74.26538900144795718 ) ) ;
#5930 = CARTESIAN_POINT ( 'NONE',  ( 1291.444536325059744, 477.2152488896835507, -88.82529308635315601 ) ) ;
#5931 = CARTESIAN_POINT ( 'NONE',  ( 676.9181277619292132, 11.37326915393198945, -44.98051545806078622 ) ) ;
#5932 = CARTESIAN_POINT ( 'NONE',  ( 1122.849649012032387, 432.1771750368208131, 128.2982177798832595 ) ) ;
#5933 = CARTESIAN_POINT ( 'NONE',  ( 579.4011155863113345, 6.803517755212750373, 18.88483921083145844 ) ) ;
#5934 = CARTESIAN_POINT ( 'NONE',  ( 559.9999999999998863, -0.06087754892116774980, -19.41216790686193505 ) ) ;
#5935 = CARTESIAN_POINT ( 'NONE',  ( 791.4484118387612170, 56.51721105383803945, -40.07368032382582612 ) ) ;
#5936 = CARTESIAN_POINT ( 'NONE',  ( 1258.537751393862663, 555.1001220720672791, 32.27238040605320180 ) ) ;
#5937 = CARTESIAN_POINT ( 'NONE',  ( 579.4772212163522909, -3.602396646581781159, -35.95096778268725046 ) ) ;
#5938 = CARTESIAN_POINT ( 'NONE',  ( 1324.302837013417047, 809.1399967187027187, 77.89090219323085762 ) ) ;
#5939 = CARTESIAN_POINT ( 'NONE',  ( 1156.019046954597570, 508.2916283330457645, 150.0552798347989381 ) ) ;
#5940 = CARTESIAN_POINT ( 'NONE',  ( 1069.210764245131941, 193.0155922300637883, -125.3195505452764422 ) ) ;
#5941 = CARTESIAN_POINT ( 'NONE',  ( 787.8011171575240041, 95.11663886385886713, 55.24259242280218274 ) ) ;
#5942 = CARTESIAN_POINT ( 'NONE',  ( 1342.069366416760204, 994.7354571940333017, 140.2882989773440272 ) ) ;
#5943 = CARTESIAN_POINT ( 'NONE',  ( 896.6195013187810900, 154.7061645562134231, 43.65835177611155871 ) ) ;
#5944 = CARTESIAN_POINT ( 'NONE',  ( 1069.149808981493379, 193.2597154636071650, -125.8309998053792924 ) ) ;
#5945 = CARTESIAN_POINT ( 'NONE',  ( 1416.140644600732230, 982.9835028442172415, 11.42094048081466440 ) ) ;
#5946 = CARTESIAN_POINT ( 'NONE',  ( 1037.475635622182836, 321.6758964997982844, 95.28055189088181010 ) ) ;
#5947 = CARTESIAN_POINT ( 'NONE',  ( 1378.870511528827592, 708.7021176216057938, -42.51000050521206930 ) ) ;
#5948 = CARTESIAN_POINT ( 'NONE',  ( 892.0539439947738174, 184.6000575821720417, 92.04671703526170745 ) ) ;
#5949 = CARTESIAN_POINT ( 'NONE',  ( 579.3692481230049225, 11.23326767321153774, 30.95471357419579306 ) ) ;
#5950 = CARTESIAN_POINT ( 'NONE',  ( 1226.526218096148568, 630.8625864570533395, 152.4000728253716943 ) ) ;
#5951 = CARTESIAN_POINT ( 'NONE',  ( 675.3136772147108786, 49.63683006450567348, 57.33087015149796173 ) ) ;
#5952 = CARTESIAN_POINT ( 'NONE',  ( 791.5261519206544563, 55.56818430353403215, -64.08416249480310967 ) ) ;
#5953 = CARTESIAN_POINT ( 'NONE',  ( 1315.177353207846181, 571.3091544418704189, -42.72190733620042380 ) ) ;
#5954 = CARTESIAN_POINT ( 'NONE',  ( 849.3881111393740184, 69.10669726025571435, -77.86915037525245964 ) ) ;
#5955 = APPROVAL_DATE_TIME ( #3815, #1526 ) ;
#5956 = CARTESIAN_POINT ( 'NONE',  ( 1313.145909613138883, 575.6853587604622362, -61.32112322452694286 ) ) ;
#5957 = CARTESIAN_POINT ( 'NONE',  ( 1330.241425008531223, 910.5864140109357550, 123.0065736195736150 ) ) ;
#5958 = CARTESIAN_POINT ( 'NONE',  ( 993.3173863834044823, 261.7646689748603421, 94.16144608986603259 ) ) ;
#5959 = CARTESIAN_POINT ( 'NONE',  ( 560.0000000000000000, 11.73187939796994783, 28.77593805603636312 ) ) ;
#5960 = CARTESIAN_POINT ( 'NONE',  ( 1219.669906464460382, 325.9093398802403385, -150.7162948908323585 ) ) ;
#5961 = CARTESIAN_POINT ( 'NONE',  ( 1419.778402330447079, 977.6112647239806392, 16.44232264067470339 ) ) ;
#5962 = CARTESIAN_POINT ( 'NONE',  ( 1185.942224045553985, 422.5162816328853523, -17.01362293832568540 ) ) ;
#5963 = CARTESIAN_POINT ( 'NONE',  ( 1340.084254555122698, 517.3011207424490294, -123.3826308873767204 ) ) ;
#5964 = CARTESIAN_POINT ( 'NONE',  ( 1159.281292025115590, 316.0781927349671037, -95.23184314451461319 ) ) ;
#5965 = CARTESIAN_POINT ( 'NONE',  ( 1362.019915683812087, 963.3600161447691335, 88.26795284281527643 ) ) ;
#5966 = CARTESIAN_POINT ( 'NONE',  ( 579.4928178986087914, -5.867036300225479728, -25.35710588460732851 ) ) ;
#5967 = CARTESIAN_POINT ( 'NONE',  ( 1413.601643314621924, 644.7659679516613096, -133.5680105683273098 ) ) ;
#5968 = CARTESIAN_POINT ( 'NONE',  ( 841.2933411573369540, 134.9538316547261445, 75.47312649949677166 ) ) ;
#5969 = CARTESIAN_POINT ( 'NONE',  ( 1211.154245836667769, 520.0937016303945484, 76.82083037243813806 ) ) ;
#5970 = CARTESIAN_POINT ( 'NONE',  ( 618.5161989812361298, 9.762424660349951822, -28.22495180292312966 ) ) ;
#5971 = CARTESIAN_POINT ( 'NONE',  ( 1395.111986543453440, 678.8031512306317836, -85.39358771562456241 ) ) ;
#5972 = CARTESIAN_POINT ( 'NONE',  ( 1086.672036180472560, 356.4980835828610566, 89.85621440763446799 ) ) ;
#5973 = CARTESIAN_POINT ( 'NONE',  ( 618.5307842303416237, 9.650216809035217835, 4.080074482003886338 ) ) ;
#5974 = CARTESIAN_POINT ( 'NONE',  ( 791.6350130181742770, 54.42086796916952807, -65.83170192723858349 ) ) ;
#5975 = CARTESIAN_POINT ( 'NONE',  ( 894.3698729358422952, 169.3464398510807030, 41.38837863147379892 ) ) ;
#5976 = CARTESIAN_POINT ( 'NONE',  ( 1321.400808476648308, 925.6881218186242677, 156.7114918326300028 ) ) ;
#5977 = CARTESIAN_POINT ( 'NONE',  ( 893.7537696003419114, 173.4857408272613100, 82.58581597504569061 ) ) ;
#5978 = CARTESIAN_POINT ( 'NONE',  ( 1220.856112780099465, 322.5163270293901974, -152.4694397765405824 ) ) ;
#5979 = CARTESIAN_POINT ( 'NONE',  ( 1398.355390249293350, 1009.248754272188648, 60.45955905911772277 ) ) ;
#5980 = CARTESIAN_POINT ( 'NONE',  ( 840.1414193081454869, 144.2931544043022996, 85.56286618951833134 ) ) ;
#5981 = CARTESIAN_POINT ( 'NONE',  ( 1133.448515725042625, 398.4183801570162018, 69.34895884132980370 ) ) ;
#5982 = CARTESIAN_POINT ( 'NONE',  ( 792.2060041154647934, 48.40166441249716911, -74.17504213248334111 ) ) ;
#5983 = CARTESIAN_POINT ( 'NONE',  ( 842.2175413274563880, 127.3124621152529556, 23.25154685664193011 ) ) ;
#5984 = CARTESIAN_POINT ( 'NONE',  ( 734.0389741839929911, 39.53061768229761697, -20.08518866309901441 ) ) ;
#5985 = CARTESIAN_POINT ( 'NONE',  ( 618.1955174351159030, 28.86195762837336432, 48.19297433382157436 ) ) ;
#5986 = CARTESIAN_POINT ( 'NONE',  ( 1169.511480780035299, 283.5290335701354252, -127.9102392657723613 ) ) ;
#5987 = CARTESIAN_POINT ( 'NONE',  ( 1396.386478003513048, 1012.156442526355363, 64.46239082309880075 ) ) ;
#5988 = CARTESIAN_POINT ( 'NONE',  ( 1458.595548137237529, 883.8861489441097774, -83.78812691010789138 ) ) ;
#5989 = CARTESIAN_POINT ( 'NONE',  ( 618.2139655472600452, 27.84535285521945980, 49.19474015183902793 ) ) ;
#5990 = CARTESIAN_POINT ( 'NONE',  ( 1301.645397190165568, 453.0507653479548935, -139.5322202362692963 ) ) ;
#5991 = CARTESIAN_POINT ( 'NONE',  ( 1435.396985924511455, 954.5457511844675764, -15.53396111651557554 ) ) ;
#5992 = CARTESIAN_POINT ( 'NONE',  ( 1121.167708240350521, 233.1919195077777829, -132.7068646311709301 ) ) ;
#5993 =( NAMED_UNIT ( * ) SI_UNIT ( $, .STERADIAN. ) SOLID_ANGLE_UNIT ( ) );
#5994 = CARTESIAN_POINT ( 'NONE',  ( 732.9902385691401605, 54.89774148490914030, -15.64260845802242450 ) ) ;
#5995 = CARTESIAN_POINT ( 'NONE',  ( 1159.447139136566648, 498.4510958591640701, 118.2454777051894439 ) ) ;
#5996 = CARTESIAN_POINT ( 'NONE',  ( 1194.449307031868329, 563.4343810283114635, 124.0426666967580616 ) ) ;
#5997 = CARTESIAN_POINT ( 'NONE',  ( 1120.429096441285765, 235.8161049049634244, -133.3230206476827391 ) ) ;
#5998 = CARTESIAN_POINT ( 'NONE',  ( 899.4475588837136684, 136.1596778108830961, 3.266707964286134747 ) ) ;
#5999 = CARTESIAN_POINT ( 'NONE',  ( 1381.939105638654382, 822.3214508508676772, -8.102037589136205753 ) ) ;
#6000 = CARTESIAN_POINT ( 'NONE',  ( 1116.518328904678810, 249.8226215180388863, -101.2214062507745211 ) ) ;
#6001 = CARTESIAN_POINT ( 'NONE',  ( 1449.794314837030925, 825.3480455741882906, -98.40368154770796139 ) ) ;
#6002 = CARTESIAN_POINT ( 'NONE',  ( 1232.194755895969365, 617.4202137059531879, 103.8405124932856154 ) ) ;
#6003 = CARTESIAN_POINT ( 'NONE',  ( 1063.474818395167858, 216.2976644912334336, -78.20720674848669773 ) ) ;
#6004 = CARTESIAN_POINT ( 'NONE',  ( 1117.764829388296448, 245.3660550504280025, -109.2250555291154086 ) ) ;
#6005 = CARTESIAN_POINT ( 'NONE',  ( 1251.431400914641472, 571.9193772967574887, 58.68014513866311432 ) ) ;
#6006 = CARTESIAN_POINT ( 'NONE',  ( 1418.981568660052289, 759.0869255392068453, -91.14586838434991023 ) ) ;
#6007 = CARTESIAN_POINT ( 'NONE',  ( 579.4855841150846345, -4.871464301569239375, -21.41906336538050226 ) ) ;
#6008 = CARTESIAN_POINT ( 'NONE',  ( 1167.106287830687734, 476.5340042573280925, 104.5533031814650968 ) ) ;
#6009 = CARTESIAN_POINT ( 'NONE',  ( 1465.540172592819999, 910.0303137867815622, -76.09857013746065491 ) ) ;
#6010 = CARTESIAN_POINT ( 'NONE',  ( 944.9748261316992739, 213.0749497812739719, 52.44071839636593779 ) ) ;
#6011 = CARTESIAN_POINT ( 'NONE',  ( 840.5766828403897080, 140.7646997210374025, 83.88220110899054305 ) ) ;
#6012 = CARTESIAN_POINT ( 'NONE',  ( 792.4798270356477587, 45.52280254358972655, -76.57862088329400763 ) ) ;
#6013 = CARTESIAN_POINT ( 'NONE',  ( 579.3745921903343969, 10.48921837976614135, 29.06130564162476304 ) ) ;
#6014 = CARTESIAN_POINT ( 'NONE',  ( 843.7775881622976613, 114.7707358448569011, 31.19267857665616361 ) ) ;
#6015 = CARTESIAN_POINT ( 'NONE',  ( 1425.327648223923688, 623.1749429964522733, -168.1141943025766352 ) ) ;
#6016 = CARTESIAN_POINT ( 'NONE',  ( 1336.085870444114562, 787.4467545026575408, 45.08449970393027684 ) ) ;
#6017 = CARTESIAN_POINT ( 'NONE',  ( 731.6155976170164195, 75.44013282065351689, 51.05009990477731208 ) ) ;
#6018 = CARTESIAN_POINT ( 'NONE',  ( 579.4731312402873300, -3.155865784486124426, -14.87016221627400547 ) ) ;
#6019 = CARTESIAN_POINT ( 'NONE',  ( 731.5019205142458532, 77.18658401664970370, 64.05362650825624371 ) ) ;
#6020 = CARTESIAN_POINT ( 'NONE',  ( 1446.608222282242650, 711.9368096602175910, -139.5376978975949669 ) ) ;
#6021 = CARTESIAN_POINT ( 'NONE',  ( 993.9652185112945517, 258.7439876768350473, 88.68730789808846282 ) ) ;
#6022 = CARTESIAN_POINT ( 'NONE',  ( 618.6040956802372648, 4.721176513588003942, -38.52625513083145847 ) ) ;
#6023 = CARTESIAN_POINT ( 'NONE',  ( 618.2078763383168507, 28.18788556228330577, 49.29158493852742851 ) ) ;
#6024 = CARTESIAN_POINT ( 'NONE',  ( 579.4561326242787800, -0.6649786218860381792, -30.66763922654011054 ) ) ;
#6025 = CARTESIAN_POINT ( 'NONE',  ( 1418.444608297778586, 874.6466005254713991, -17.44110331462497143 ) ) ;
#6026 = CARTESIAN_POINT ( 'NONE',  ( 1392.274133524122817, 551.3368243560671544, -169.8483795131426746 ) ) ;
#6027 = CARTESIAN_POINT ( 'NONE',  ( 1427.580893212674710, 966.0885515405356045, 0.4435574084027381625 ) ) ;
#6028 = CARTESIAN_POINT ( 'NONE',  ( 1190.183342282309013, 410.3654986129461122, -35.92943534858015653 ) ) ;
#6029 = CARTESIAN_POINT ( 'NONE',  ( 1036.902512047710388, 324.0042996046487929, 101.5278614607710210 ) ) ;
#6030 = CARTESIAN_POINT ( 'NONE',  ( 1037.082273531332930, 323.2737287863114375, 99.48844609710963027 ) ) ;
#6031 = CARTESIAN_POINT ( 'NONE',  ( 618.6969073281312603, -0.5569715066630481770, -47.11126157644124390 ) ) ;
#6032 = CARTESIAN_POINT ( 'NONE',  ( 1406.150574593639931, 893.9773739702939110, 9.639291225101807470 ) ) ;
#6033 = CARTESIAN_POINT ( 'NONE',  ( 990.4011462153354159, 275.3567598600974407, 113.9978481561660715 ) ) ;
#6034 = CARTESIAN_POINT ( 'NONE',  ( 1299.379118532666325, 605.5352701192250606, -19.13528479612049438 ) ) ;
#6035 = CARTESIAN_POINT ( 'NONE',  ( 1462.252620304865559, 878.3311626898868099, -84.06995990410457864 ) ) ;
#6036 = CARTESIAN_POINT ( 'NONE',  ( 579.4393223818793786, 1.675568874025233246, -25.80206037397707064 ) ) ;
#6037 = CARTESIAN_POINT ( 'NONE',  ( 1263.787874001497357, 682.7179346932711042, 100.8654889308802893 ) ) ;
#6038 = CARTESIAN_POINT ( 'NONE',  ( 734.9245280741055240, 26.31528970781112164, -58.30610071748852619 ) ) ;
#6039 = CARTESIAN_POINT ( 'NONE',  ( 999.2625668359845577, 234.0382876911353378, 41.44743176176680066 ) ) ;
#6040 = CARTESIAN_POINT ( 'NONE',  ( 1438.022911265965831, 843.8553425355717081, -75.72308505268200918 ) ) ;
#6041 = CARTESIAN_POINT ( 'NONE',  ( 1449.372385005739261, 826.0175075045995072, -84.82156799431126615 ) ) ;
#6042 = CARTESIAN_POINT ( 'NONE',  ( 1388.481752849960230, 990.3904459261498232, 71.17615166142967098 ) ) ;
#6043 = CARTESIAN_POINT ( 'NONE',  ( 1188.169920057917807, 416.1842830400937601, 3.998132923477069056 ) ) ;
#6044 = CARTESIAN_POINT ( 'NONE',  ( 958.5405669154853285, 139.0093291165355822, -69.17594419109946102 ) ) ;
#6045 = CARTESIAN_POINT ( 'NONE',  ( 1126.868357447115613, 419.3324163970561358, 75.69726412898572221 ) ) ;
#6046 = CARTESIAN_POINT ( 'NONE',  ( 1037.693239868753835, 320.8319412359707030, 116.8037208997628369 ) ) ;
#6047 = CARTESIAN_POINT ( 'NONE',  ( 1069.149808981493379, 193.2597154636071650, -125.8309998053792924 ) ) ;
#6048 = CARTESIAN_POINT ( 'NONE',  ( 1128.583881379864124, 413.9131798659092283, 95.85833088033395200 ) ) ;
#6049 = CARTESIAN_POINT ( 'NONE',  ( 676.0430333697871674, 32.34742538258844746, 19.27033079576060715 ) ) ;
#6050 = CARTESIAN_POINT ( 'NONE',  ( 1453.709023997710347, 699.8118540283712719, -159.3088462901260414 ) ) ;
#6051 = CARTESIAN_POINT ( 'NONE',  ( 579.3367706904813303, 15.86459953278837531, 19.27989452587881303 ) ) ;
#6052 = CARTESIAN_POINT ( 'NONE',  ( 734.1394952395222617, 38.03193206004061722, -24.33579431430562678 ) ) ;
#6053 = CARTESIAN_POINT ( 'NONE',  ( 618.1949607027535194, 28.87978947154650200, 47.45793746909971844 ) ) ;
#6054 = CARTESIAN_POINT ( 'NONE',  ( 1339.434135522623137, 894.9033666326370167, 119.5643377445057070 ) ) ;
#6055 = CARTESIAN_POINT ( 'NONE',  ( 579.3635972548238442, 12.01892307820587114, 32.86371986906256382 ) ) ;
#6056 = CARTESIAN_POINT ( 'NONE',  ( 1247.222213078468940, 718.6558144206595671, 169.3157495250717943 ) ) ;
#6057 = CARTESIAN_POINT ( 'NONE',  ( 1062.730832617900433, 219.2583585904022243, -94.01647301434894644 ) ) ;
#6058 = CARTESIAN_POINT ( 'NONE',  ( 1196.940240457447089, 391.0543821221541521, -37.81879156400816555 ) ) ;
#6059 = CARTESIAN_POINT ( 'NONE',  ( 1453.735823953386671, 699.7685926539047614, -157.0207734974742380 ) ) ;
#6060 = CARTESIAN_POINT ( 'NONE',  ( 675.9628558735779507, 33.88176084725611759, -13.45829240842822294 ) ) ;
#6061 = ORIENTED_EDGE ( 'NONE', *, *, #4750, .F. ) ;
#6062 = CARTESIAN_POINT ( 'NONE',  ( 1080.242100373802714, 379.4401496701361793, 109.1204209421395177 ) ) ;
#6063 = CARTESIAN_POINT ( 'NONE',  ( 991.0399260475279561, 272.3456389098524255, 93.73349709492516979 ) ) ;
#6064 = CARTESIAN_POINT ( 'NONE',  ( 618.5418325775614221, 9.003703067852125486, 1.986867559330970590 ) ) ;
#6065 = CARTESIAN_POINT ( 'NONE',  ( 840.5766828403897080, 140.7646997210374025, 83.88220110899054305 ) ) ;
#6066 = CARTESIAN_POINT ( 'NONE',  ( 1365.131983019703284, 851.0146251044016026, 32.03478891149178054 ) ) ;
#6067 = CARTESIAN_POINT ( 'NONE',  ( 676.9621936883498847, 10.30713410894216153, -48.68461832365009201 ) ) ;
#6068 = CARTESIAN_POINT ( 'NONE',  ( 1329.134969067181828, 541.0195450010959348, -107.8185560037875916 ) ) ;
#6069 = CARTESIAN_POINT ( 'NONE',  ( 787.0477107966298718, 102.9560103989537510, 45.62820694659176723 ) ) ;
#6070 = CC_DESIGN_DATE_AND_TIME_ASSIGNMENT ( #474, #2729, ( #5640 ) ) ;
#6071 = CARTESIAN_POINT ( 'NONE',  ( 1067.372048706553869, 200.4904868661814987, -107.6603811013641661 ) ) ;
#6072 = CARTESIAN_POINT ( 'NONE',  ( 1093.258760509997273, 332.9605378995291289, 48.01848017179582229 ) ) ;
#6073 = CARTESIAN_POINT ( 'NONE',  ( 846.1224017757828051, 95.55829032962490999, -45.77253276523368442 ) ) ;
#6074 = CARTESIAN_POINT ( 'NONE',  ( 1367.357451089389315, 601.0606607014372003, -97.53856495963586326 ) ) ;
#6075 = CARTESIAN_POINT ( 'NONE',  ( 1386.952481872794579, 992.7134263102567502, 74.46299763506989677 ) ) ;
#6076 = CARTESIAN_POINT ( 'NONE',  ( 1424.128974805814551, 971.1863422762502296, -4.529651525067215800 ) ) ;
#6077 = CARTESIAN_POINT ( 'NONE',  ( 943.1343507887338546, 223.2075414012829242, 101.3087338848363430 ) ) ;
#6078 = CARTESIAN_POINT ( 'NONE',  ( 1401.579265796414347, 1004.487737075333825, 53.79168363821291621 ) ) ;
#6079 = CARTESIAN_POINT ( 'NONE',  ( 1403.192466050186113, 968.0446378560908443, 39.94465027518550215 ) ) ;
#6080 = CARTESIAN_POINT ( 'NONE',  ( 1352.834972689980987, 489.6426770015610828, -169.0253378865068044 ) ) ;
#6081 = CARTESIAN_POINT ( 'NONE',  ( 675.4701523993071532, 45.68363094881078013, 22.60809522040698383 ) ) ;
#6082 = CARTESIAN_POINT ( 'NONE',  ( 1245.920887443586025, 429.8325356383661529, -68.48932246608860908 ) ) ;
#6083 = CARTESIAN_POINT ( 'NONE',  ( 1272.367005143646338, 790.6118056071661613, 168.6253500341776999 ) ) ;
#6084 = CARTESIAN_POINT ( 'NONE',  ( 618.7591913340182828, -3.987924376685690664, -47.72375757063266377 ) ) ;
#6085 = CARTESIAN_POINT ( 'NONE',  ( 1292.565829871847882, 750.3115751453298117, 123.6741538731046006 ) ) ;
#6086 = CARTESIAN_POINT ( 'NONE',  ( 1336.206421241878161, 900.4137553325141425, 127.1900962208926700 ) ) ;
#6087 = CARTESIAN_POINT ( 'NONE',  ( 989.9305439287943500, 277.5481767945752836, 115.0196531005409071 ) ) ;
#6088 = CARTESIAN_POINT ( 'NONE',  ( 1458.824348191894387, 811.1511657952966061, -115.1720615094176594 ) ) ;
#6089 = CARTESIAN_POINT ( 'NONE',  ( 1278.505577665863939, 507.8396795686787186, -41.54585666647501796 ) ) ;
#6090 = CARTESIAN_POINT ( 'NONE',  ( 1310.571123120924085, 431.9435880336318974, -157.8381728477648949 ) ) ;
#6091 = CARTESIAN_POINT ( 'NONE',  ( 1143.025089313373201, 367.8526397809216633, -16.15966798545994010 ) ) ;
#6092 = CARTESIAN_POINT ( 'NONE',  ( 786.8784235953047528, 104.7640294761969955, 53.19655457346000560 ) ) ;
#6093 = CARTESIAN_POINT ( 'NONE',  ( 1189.516224480842766, 412.3267071585166832, -2.441122322419096324 ) ) ;
#6094 = CARTESIAN_POINT ( 'NONE',  ( 942.7858769326427364, 225.0721622988246509, 87.48294145029242941 ) ) ;
#6095 = CARTESIAN_POINT ( 'NONE',  ( 1353.526131434280614, 976.7247109749769152, 127.2644709110841177 ) ) ;
#6096 = ADVANCED_BREP_SHAPE_REPRESENTATION ( 'openfan_blade_v06_CFD_SINGLELOFT', ( #1269, #5029 ), #3226 ) ;
#6097 = CARTESIAN_POINT ( 'NONE',  ( 942.7858769326427364, 225.0721622988246509, 87.48294145029242941 ) ) ;
#6098 = CARTESIAN_POINT ( 'NONE',  ( 1119.224322362877501, 240.1175957751063947, -128.5968036838973205 ) ) ;
#6099 = CARTESIAN_POINT ( 'NONE',  ( 1266.126874830945553, 537.1380299495913277, 4.118695259754344029 ) ) ;
#6100 = CARTESIAN_POINT ( 'NONE',  ( 1386.862119810126160, 1026.222008173946733, 81.65874403077712884 ) ) ;
#6101 = CARTESIAN_POINT ( 'NONE',  ( 998.0423139261639562, 239.6370179011686616, 16.22205907159115057 ) ) ;
#6102 = CARTESIAN_POINT ( 'NONE',  ( 1383.355839315862340, 569.1359513303302720, -143.5432726728848252 ) ) ;
#6103 = CARTESIAN_POINT ( 'NONE',  ( 1012.659666636328552, 171.4700209996947535, -99.61452324342447184 ) ) ;
#6104 = CARTESIAN_POINT ( 'NONE',  ( 790.2621728251316426, 68.90847876175411102, -40.61234371279109467 ) ) ;
#6105 = CARTESIAN_POINT ( 'NONE',  ( 1340.893472654860489, 892.3979518078407409, 93.80223233185181186 ) ) ;
#6106 = CARTESIAN_POINT ( 'NONE',  ( 792.3067024475749349, 47.41223544006458468, -64.47761247897916803 ) ) ;
#6107 = CARTESIAN_POINT ( 'NONE',  ( 1175.723904108037004, 451.8447625803000278, 63.57542613536246279 ) ) ;
#6108 = CARTESIAN_POINT ( 'NONE',  ( 1385.897410739986071, 695.7503534910983944, -81.72123565312557503 ) ) ;
#6109 = CARTESIAN_POINT ( 'NONE',  ( 734.4887180216127263, 32.82316821537636287, -39.23418962257140663 ) ) ;
#6110 = CARTESIAN_POINT ( 'NONE',  ( 1128.583881379864124, 413.9131798659092283, 95.85833088033395200 ) ) ;
#6111 = CARTESIAN_POINT ( 'NONE',  ( 1100.549390836006069, 306.9035770889227024, 1.061457714605055225 ) ) ;
#6112 = CARTESIAN_POINT ( 'NONE',  ( 579.3420914598373201, 15.01705870277896615, 39.29517923057510842 ) ) ;
#6113 = CARTESIAN_POINT ( 'NONE',  ( 1087.231939343835165, 354.4974273663300437, 86.31834565073533838 ) ) ;
#6114 = CARTESIAN_POINT ( 'NONE',  ( 1313.684449054610695, 708.1683371806818741, 60.70590661995101556 ) ) ;
#6115 = CARTESIAN_POINT ( 'NONE',  ( 1470.766639255529299, 865.3977362458201696, -103.4388176020118664 ) ) ;
#6116 = CARTESIAN_POINT ( 'NONE',  ( 618.2363291349745396, 26.11288883061234500, 21.63839386842088075 ) ) ;
#6117 = CARTESIAN_POINT ( 'NONE',  ( 1009.570756300628886, 185.9406129747158332, -53.72980154744949743 ) ) ;
#6118 = CARTESIAN_POINT ( 'NONE',  ( 1370.157364318355576, 1018.225690138269101, 101.5412989762992311 ) ) ;
#6119 = CARTESIAN_POINT ( 'NONE',  ( 842.0412836304304847, 128.8795587529807847, 62.17644455186491825 ) ) ;
#6120 = CARTESIAN_POINT ( 'NONE',  ( 1395.027722323812668, 1014.163051982219827, 67.13470738071158905 ) ) ;
#6121 = CARTESIAN_POINT ( 'NONE',  ( 1455.126149726490212, 889.1562922768215458, -77.65796101676666296 ) ) ;
#6122 = CARTESIAN_POINT ( 'NONE',  ( 1321.781475597270855, 556.9886174601323319, -64.31186529419900921 ) ) ;
#6123 = CARTESIAN_POINT ( 'NONE',  ( 677.0042105896861813, 9.232516921660655740, -56.54998332285452278 ) ) ;
#6124 = SHAPE_DEFINITION_REPRESENTATION ( #2322, #6096 ) ;
#6125 = CARTESIAN_POINT ( 'NONE',  ( 1299.379118532666325, 605.5352701192250606, -19.13528479612049438 ) ) ;
#6126 = CARTESIAN_POINT ( 'NONE',  ( 1162.505529998932616, 489.6819554484146693, 100.2855605479680747 ) ) ;
#6127 = CARTESIAN_POINT ( 'NONE',  ( 1003.901555420025488, 212.3953692134419953, -1.228165835761539038 ) ) ;
#6128 = CARTESIAN_POINT ( 'NONE',  ( 1157.571689098724391, 503.8299637478177715, 130.4881297813304570 ) ) ;
#6129 = CARTESIAN_POINT ( 'NONE',  ( 1123.516489044037826, 430.0532896806815302, 123.8369249630165143 ) ) ;
#6130 = CARTESIAN_POINT ( 'NONE',  ( 1328.435106399687356, 913.6709225936334633, 128.2391764451634799 ) ) ;
#6131 = CARTESIAN_POINT ( 'NONE',  ( 1470.791735423219507, 792.3368600847766174, -135.9333475178569586 ) ) ;
#6132 = CARTESIAN_POINT ( 'NONE',  ( 1386.707930620522347, 814.1964188173016055, 3.919400293524146761 ) ) ;
#6133 = CARTESIAN_POINT ( 'NONE',  ( 675.3736212311375766, 48.22195521123250472, 56.23669446365177294 ) ) ;
#6134 = CARTESIAN_POINT ( 'NONE',  ( 1046.268378147849489, 285.9929292347530918, 17.53445184139479451 ) ) ;
#6135 = CARTESIAN_POINT ( 'NONE',  ( 1215.866398579392808, 336.8225487162010268, -126.7949417645198622 ) ) ;
#6136 = CARTESIAN_POINT ( 'NONE',  ( 1447.166068939785418, 937.1651774594791959, -48.10510854183997509 ) ) ;
#6137 = CARTESIAN_POINT ( 'NONE',  ( 992.0693870569747332, 267.5313290789656548, 80.12196412147569902 ) ) ;
#6138 = CARTESIAN_POINT ( 'NONE',  ( 1346.779729988801591, 502.7823880954255173, -144.7180122187295410 ) ) ;
#6139 = CARTESIAN_POINT ( 'NONE',  ( 843.7775881622976613, 114.7707358448569011, 31.19267857665616361 ) ) ;
#6140 = CARTESIAN_POINT ( 'NONE',  ( 676.0225571481529414, 32.45864938823400792, -17.04786355308155521 ) ) ;
#6141 = CARTESIAN_POINT ( 'NONE',  ( 1291.444536325059744, 477.2152488896835507, -88.82529308635315601 ) ) ;
#6142 = CARTESIAN_POINT ( 'NONE',  ( 1367.640444997332906, 954.5305307176583938, 94.77971377157544453 ) ) ;
#6143 = CARTESIAN_POINT ( 'NONE',  ( 1431.405914367029709, 960.4397629232262261, -18.67915872423487755 ) ) ;
#6144 = CARTESIAN_POINT ( 'NONE',  ( 579.4975367838014790, -6.515605497122429313, -27.98449322974801845 ) ) ;
#6145 = CARTESIAN_POINT ( 'NONE',  ( 1037.389498642311310, 322.0623966987128028, 118.2362036246033483 ) ) ;
#6146 = CARTESIAN_POINT ( 'NONE',  ( 1237.433029125252915, 605.0496646460301235, 110.5901689840872564 ) ) ;
#6147 = CARTESIAN_POINT ( 'NONE',  ( 618.4437045462825608, 14.71811951355707038, 19.70766525830621418 ) ) ;
#6148 = CARTESIAN_POINT ( 'NONE',  ( 1422.122224267669935, 629.0739056815648382, -162.1980167825269916 ) ) ;
#6149 = CARTESIAN_POINT ( 'NONE',  ( 1244.257565857678628, 588.8630908168372571, 55.05235726456309919 ) ) ;
#6150 = CARTESIAN_POINT ( 'NONE',  ( 847.2825525055548042, 86.25436838760202818, -36.09586670772589656 ) ) ;
#6151 = CARTESIAN_POINT ( 'NONE',  ( 1188.436565196608399, 579.0574432614672560, 156.8943069756830937 ) ) ;
#6152 = CARTESIAN_POINT ( 'NONE',  ( 1120.577435815670015, 235.3080412856128873, -127.6067564748686607 ) ) ;
#6153 = CARTESIAN_POINT ( 'NONE',  ( 841.8022782713436527, 130.8202031002628019, 66.20208825336406733 ) ) ;
#6154 = CARTESIAN_POINT ( 'NONE',  ( 676.5015372073215758, 21.07940767771434309, -41.54353535077571280 ) ) ;
#6155 = CARTESIAN_POINT ( 'NONE',  ( 1241.442944026154464, 441.4584632236882840, -49.95651876698973837 ) ) ;
#6156 = CARTESIAN_POINT ( 'NONE',  ( 1220.856112780099465, 322.5163270293901974, -152.4694397765405824 ) ) ;
#6157 = CARTESIAN_POINT ( 'NONE',  ( 1302.788523334741740, 598.1426533920321162, -29.74053183708871373 ) ) ;
#6158 = CARTESIAN_POINT ( 'NONE',  ( 1385.320948811495782, 995.1921524070456826, 64.15347236828338851 ) ) ;
#6159 = CARTESIAN_POINT ( 'NONE',  ( 1100.990608449616275, 305.3265649488225790, -1.785761069480557683 ) ) ;
#6160 = CARTESIAN_POINT ( 'NONE',  ( 1303.857750075276499, 846.7844071600255802, 139.4470294492547850 ) ) ;
#6161 = CARTESIAN_POINT ( 'NONE',  ( 1381.436300096460400, 1001.092565484451825, 85.99299362960474014 ) ) ;
#6162 = CARTESIAN_POINT ( 'NONE',  ( 1307.863988970318815, 839.4202319245372337, 148.9774577258045838 ) ) ;
#6163 = CARTESIAN_POINT ( 'NONE',  ( 1279.090386988287037, 777.1892369598729147, 144.3451162550520621 ) ) ;
#6164 = CARTESIAN_POINT ( 'NONE',  ( 904.6171967093874855, 102.1708771724536291, -88.08608573413108900 ) ) ;
#6165 = CARTESIAN_POINT ( 'NONE',  ( 1396.819123669077499, 1011.517511704184358, 52.48059936419830507 ) ) ;
#6166 = CARTESIAN_POINT ( 'NONE',  ( 1274.608233412589243, 786.1434636365070219, 169.5563961137010836 ) ) ;
#6167 = CARTESIAN_POINT ( 'NONE',  ( 896.0891608219192221, 158.0564029599289881, 13.58319056540060110 ) ) ;
#6168 = CARTESIAN_POINT ( 'NONE',  ( 1418.558458410679577, 635.6418711284176197, -146.2946983953349616 ) ) ;
#6169 = CARTESIAN_POINT ( 'NONE',  ( 1360.787188585875128, 614.1515273926167993, -98.48844176455385480 ) ) ;
#6170 = CARTESIAN_POINT ( 'NONE',  ( 675.3382682510273298, 48.89970566675265928, 38.36207694351784170 ) ) ;
#6171 = CARTESIAN_POINT ( 'NONE',  ( 579.3336951540666178, 16.28278318025109428, 21.95762011697079075 ) ) ;
#6172 = CARTESIAN_POINT ( 'NONE',  ( 734.8725785822476837, 27.08775996402025044, -56.34378541096579340 ) ) ;
#6173 = CARTESIAN_POINT ( 'NONE',  ( 1252.854421439402131, 568.5514151544339256, 53.40143536124620027 ) ) ;
#6174 = CARTESIAN_POINT ( 'NONE',  ( 579.4056198547468739, 6.357729022150608422, -14.55639494066689466 ) ) ;
#6175 = CARTESIAN_POINT ( 'NONE',  ( 1451.401889571900938, 894.8134223454143239, -61.65469143631599991 ) ) ;
#6176 = CARTESIAN_POINT ( 'NONE',  ( 1392.347783857100922, 984.5178845665701601, 62.95512757382819302 ) ) ;
#6177 = CARTESIAN_POINT ( 'NONE',  ( 560.0000000000000000, 12.05635373972049784, 38.14877447739215199 ) ) ;
#6178 = CARTESIAN_POINT ( 'NONE',  ( 840.9730570046402818, 137.5505314609665959, 80.27444656178612092 ) ) ;
#6180 = CARTESIAN_POINT ( 'NONE',  ( 731.5300020928633558, 76.75689141768881996, 61.21166000043535149 ) ) ;
#6179 = CARTESIAN_POINT ( 'NONE',  ( 842.2966137289208746, 126.8057914129817618, 57.72224132600919688 ) ) ;
#6181 = CARTESIAN_POINT ( 'NONE',  ( 733.0500716038707196, 54.25382032539088328, 20.13993555152305248 ) ) ;
#6182 = CARTESIAN_POINT ( 'NONE',  ( 1168.722030034248519, 286.0201911724691968, -134.6657790051219195 ) ) ;
#6183 = CARTESIAN_POINT ( 'NONE',  ( 1087.522634433478515, 353.3951174257193202, 51.97169995403594100 ) ) ;
#6184 = CARTESIAN_POINT ( 'NONE',  ( 1272.256580901947700, 790.8326741217887275, 169.6337234266215717 ) ) ;
#6185 = CARTESIAN_POINT ( 'NONE',  ( 1015.493117109889113, 158.2932432022340947, -109.3388671166329686 ) ) ;
#6186 = CARTESIAN_POINT ( 'NONE',  ( 841.7189927374582794, 131.4964803756487868, 67.55514581502335147 ) ) ;
#6187 = CARTESIAN_POINT ( 'NONE',  ( 1219.923094735900122, 646.4795199271184174, 158.9252055703195197 ) ) ;
#6188 = CARTESIAN_POINT ( 'NONE',  ( 1110.935620962263329, 269.7223966377204079, -89.20369242881025684 ) ) ;
#6189 = CARTESIAN_POINT ( 'NONE',  ( 791.1561575394026704, 59.61499149936503983, -31.96407271776202563 ) ) ;
#6190 = CARTESIAN_POINT ( 'NONE',  ( 1069.194931089476313, 193.0818818944760835, -124.6079157366468593 ) ) ;
#6191 = CARTESIAN_POINT ( 'NONE',  ( 1183.850214259655786, 428.5101476340433351, -7.497647702850536611 ) ) ;
#6192 = CARTESIAN_POINT ( 'NONE',  ( 1188.843072269380400, 414.2554950993052216, 0.7785053005289863659 ) ) ;
#6193 = CARTESIAN_POINT ( 'NONE',  ( 892.4400894882642206, 182.0515421763357438, 82.47964533543394339 ) ) ;
#6194 = CARTESIAN_POINT ( 'NONE',  ( 1228.789938629010521, 625.5051800408149347, 143.1597666098537616 ) ) ;
#6195 = CARTESIAN_POINT ( 'NONE',  ( 618.2886713882933236, 23.61689149106913277, 43.43146383597427018 ) ) ;
#6196 = CARTESIAN_POINT ( 'NONE',  ( 1280.506225620985106, 774.3626654338988828, 138.9425534438958891 ) ) ;
#6197 = CARTESIAN_POINT ( 'NONE',  ( 1014.439463105558389, 163.1765157516794318, -110.2103720142200700 ) ) ;
#6198 = CARTESIAN_POINT ( 'NONE',  ( 1422.947606233757824, 972.9309865732075195, -2.202788643397551649 ) ) ;
#6199 = CARTESIAN_POINT ( 'NONE',  ( 1081.019912087070452, 376.6928015171666857, 125.6325024561596990 ) ) ;
#6200 = CARTESIAN_POINT ( 'NONE',  ( 842.7504079307557276, 122.9731228736847868, 12.22076284324078976 ) ) ;
#6201 = CARTESIAN_POINT ( 'NONE',  ( 905.4656661906476529, 96.66472345934327848, -85.19375269834310416 ) ) ;
#6202 = CARTESIAN_POINT ( 'NONE',  ( 955.2391491797419576, 156.9655605581941131, -60.49007432525211669 ) ) ;
#6203 = CARTESIAN_POINT ( 'NONE',  ( 1394.608519944467162, 1014.782129768515347, 57.56183884311043641 ) ) ;
#6204 = CARTESIAN_POINT ( 'NONE',  ( 1265.316631012682137, 679.4021669804520798, 95.24980457809662937 ) ) ;
#6205 = CARTESIAN_POINT ( 'NONE',  ( 1342.610850202392839, 775.4533779472850483, 54.45404823403223560 ) ) ;
#6206 = CARTESIAN_POINT ( 'NONE',  ( 952.8640500688708244, 169.9390063621612512, -37.99832895437599234 ) ) ;
#6207 = CARTESIAN_POINT ( 'NONE',  ( 1011.948822739251682, 174.8419789935545339, -75.70882199731055096 ) ) ;
#6208 = CARTESIAN_POINT ( 'NONE',  ( 618.3860607859222682, 18.04301670833255855, 28.98608379955943803 ) ) ;
#6209 = CARTESIAN_POINT ( 'NONE',  ( 560.0000000000000000, -2.589405544757272803, 0.5539903212276311439 ) ) ;
#6210 = CARTESIAN_POINT ( 'NONE',  ( 560.0000000000003411, -9.901920081510029448, -28.64112674268818637 ) ) ;
#6211 = CARTESIAN_POINT ( 'NONE',  ( 1122.503921937817495, 433.2779221257466133, 130.2017152379393963 ) ) ;
#6213 = CARTESIAN_POINT ( 'NONE',  ( 1249.861309619000394, 712.9277314635290850, 155.6315832086237378 ) ) ;
#6212 = CARTESIAN_POINT ( 'NONE',  ( 996.4319072625897888, 247.2412829247150796, 66.93301302356714189 ) ) ;
#6214 = CARTESIAN_POINT ( 'NONE',  ( 1256.176504220531115, 560.6887892523848222, 41.08697132949669850 ) ) ;
#6215 = CARTESIAN_POINT ( 'NONE',  ( 792.1052733054654027, 49.46446879254410334, -72.76699651639789579 ) ) ;
#6216 = CARTESIAN_POINT ( 'NONE',  ( 892.0437537848231386, 184.6752133841277441, 95.31287081200579792 ) ) ;
#6217 = CARTESIAN_POINT ( 'NONE',  ( 1390.285097105257364, 555.3071389902543160, -163.5239828211274187 ) ) ;
#6218 = CARTESIAN_POINT ( 'NONE',  ( 1201.473162227734747, 545.2256511963070125, 117.3559537455593755 ) ) ;
#6219 = CARTESIAN_POINT ( 'NONE',  ( 1220.707842198250319, 644.6210835653677123, 155.4200936116662035 ) ) ;
#6220 = CARTESIAN_POINT ( 'NONE',  ( 579.4475927773770536, 0.5249781561958495324, -28.25976502978255667 ) ) ;
#6221 = CARTESIAN_POINT ( 'NONE',  ( 732.7164751973421062, 59.21063295348766786, 32.72389384245418853 ) ) ;
#6222 = CARTESIAN_POINT ( 'NONE',  ( 1220.857014762898871, 322.5129356713096058, -152.9034487421723441 ) ) ;
#6223 = CARTESIAN_POINT ( 'NONE',  ( 1424.057242827304208, 971.2922760129183644, -4.398648084416559634 ) ) ;
#6224 = CARTESIAN_POINT ( 'NONE',  ( 1260.792909942976394, 689.2140359363279458, 112.1021845950617148 ) ) ;
#6225 = CARTESIAN_POINT ( 'NONE',  ( 1333.935523691350454, 667.7559501951648144, 0.5086272205503065136 ) ) ;
#6226 = CARTESIAN_POINT ( 'NONE',  ( 942.7079340682151951, 225.5003898687074866, 89.13807992540070302 ) ) ;
#6227 = CARTESIAN_POINT ( 'NONE',  ( 732.0332935068187226, 69.34450329918706757, 56.57943227411572451 ) ) ;
#6228 = CARTESIAN_POINT ( 'NONE',  ( 992.9339069086637437, 263.5530047744492208, 97.75680230082025446 ) ) ;
#6229 = CARTESIAN_POINT ( 'NONE',  ( 841.2268777028663180, 135.4931621155394339, 76.77789620767030954 ) ) ;
#6230 = CARTESIAN_POINT ( 'NONE',  ( 1120.883780342773207, 438.4125265812521661, 116.3574792553589106 ) ) ;
#6231 = CARTESIAN_POINT ( 'NONE',  ( 1464.348210500287450, 802.4668412391938546, -125.0819696035717925 ) ) ;
#6232 = CARTESIAN_POINT ( 'NONE',  ( 579.3739339517964027, 10.74801379407991320, -1.751349825788538928 ) ) ;
#6233 = CARTESIAN_POINT ( 'NONE',  ( 841.0371578529591261, 137.0309216396931333, 79.53809007105245144 ) ) ;
#6234 = CARTESIAN_POINT ( 'NONE',  ( 946.7983587574099147, 203.0955507013333659, 28.42070809850695667 ) ) ;
#6235 = CARTESIAN_POINT ( 'NONE',  ( 1067.619684630142046, 199.4864602833306151, -109.4539330057869932 ) ) ;
#6236 = CARTESIAN_POINT ( 'NONE',  ( 618.5006457473918999, 10.65701642402278715, -26.22414573379395364 ) ) ;
#6237 = CARTESIAN_POINT ( 'NONE',  ( 579.3288576873104603, 16.93407113444773415, 27.32592111832947168 ) ) ;
#6238 = CARTESIAN_POINT ( 'NONE',  ( 1202.565108273015994, 542.3543197664577065, 84.13928197456985458 ) ) ;
#6239 = CARTESIAN_POINT ( 'NONE',  ( 1220.245091127281285, 324.2628819925889161, -152.2242597640317854 ) ) ;
#6240 = CARTESIAN_POINT ( 'NONE',  ( 618.4828494161349681, 12.44745438038043517, 12.96018694242584068 ) ) ;
#6241 = CARTESIAN_POINT ( 'NONE',  ( 1150.053708236686134, 345.4649477949718062, -51.74656270837760275 ) ) ;
#6242 = CARTESIAN_POINT ( 'NONE',  ( 1209.174099074899459, 355.9996572487437447, -95.57930249771929709 ) ) ;
#6243 = CARTESIAN_POINT ( 'NONE',  ( 1304.813928365552101, 845.0352962464404527, 157.1494627073879258 ) ) ;
#6244 = CARTESIAN_POINT ( 'NONE',  ( 1371.392501219997712, 948.6307478997539420, 86.48782486671767344 ) ) ;
#6245 = CARTESIAN_POINT ( 'NONE',  ( 560.0000000000000000, 5.260428336858635312, -4.797494295520442265 ) ) ;
#6246 = CARTESIAN_POINT ( 'NONE',  ( 1456.378229657296060, 923.5606648301318273, -57.93702789173732981 ) ) ;
#6247 = CARTESIAN_POINT ( 'NONE',  ( 579.3493706991534964, 14.00219849801844418, 37.86517820114419663 ) ) ;
#6249 = CARTESIAN_POINT ( 'NONE',  ( 1348.181000267305080, 985.1231959594970249, 123.5621930854510140 ) ) ;
#6248 = CARTESIAN_POINT ( 'NONE',  ( 732.6015456134698525, 60.91688769951815630, 36.89628160779439270 ) ) ;
#6250 = CARTESIAN_POINT ( 'NONE',  ( 1289.457251870689333, 627.0811971540832701, 42.10686960340539997 ) ) ;
#6251 = CARTESIAN_POINT ( 'NONE',  ( 579.4849994406464475, -4.688558031630567946, -37.60370101820274158 ) ) ;
#6252 = CARTESIAN_POINT ( 'NONE',  ( 892.0900316227075564, 184.3733693550568375, 95.49494945413030678 ) ) ;
#6253 = CARTESIAN_POINT ( 'NONE',  ( 792.5421649589241042, 44.88381561601546110, -75.04560495880672022 ) ) ;
#6254 = CARTESIAN_POINT ( 'NONE',  ( 1084.535559900958788, 364.1317663029216192, 103.2899007301356278 ) ) ;
#6255 = CARTESIAN_POINT ( 'NONE',  ( 1453.448148413000354, 891.7052366549251019, -74.63746688491856673 ) ) ;
#6256 = CARTESIAN_POINT ( 'NONE',  ( 1275.810693916982927, 656.6722345043410769, 87.29055219383471353 ) ) ;
#6257 = CARTESIAN_POINT ( 'NONE',  ( 560.0000000000003411, -10.01398406515994743, -36.57268029425578959 ) ) ;
#6258 = CARTESIAN_POINT ( 'NONE',  ( 843.3152884135890872, 118.3760473466779501, 1.297143724282557420 ) ) ;
#6259 = CARTESIAN_POINT ( 'NONE',  ( 1382.431733195330025, 999.5809110275495186, 70.97032700023427765 ) ) ;
#6260 = CARTESIAN_POINT ( 'NONE',  ( 676.4099525691246981, 23.58019481905792958, -6.298140099978525974 ) ) ;
#6261 = CARTESIAN_POINT ( 'NONE',  ( 1221.575905137940708, 642.5655050009982006, 151.7469109484355272 ) ) ;
#6262 = CARTESIAN_POINT ( 'NONE',  ( 1196.708914394602289, 557.5932918917545749, 137.6508516617363114 ) ) ;
#6263 = CARTESIAN_POINT ( 'NONE',  ( 1331.512972189472293, 908.4271880590004002, 139.8983993562748083 ) ) ;
#6264 = CARTESIAN_POINT ( 'NONE',  ( 731.5543792322182526, 76.38267162758060635, 58.61488210886915340 ) ) ;
#6265 = CARTESIAN_POINT ( 'NONE',  ( 791.7197667286693559, 53.52799876723786809, -67.13340342188129739 ) ) ;
#6266 = CARTESIAN_POINT ( 'NONE',  ( 1424.156388485244406, 971.1458577732702224, 7.453575551774973107 ) ) ;
#6267 = CARTESIAN_POINT ( 'NONE',  ( 840.8781702408568890, 138.3197701845219285, 81.27266463980930666 ) ) ;
#6268 = CARTESIAN_POINT ( 'NONE',  ( 1383.858420236842903, 929.0196245327418865, 37.54329906401051176 ) ) ;
#6269 = CARTESIAN_POINT ( 'NONE',  ( 1444.620283681390902, 715.3318941962259032, -134.9120243871570892 ) ) ;
#6270 = CARTESIAN_POINT ( 'NONE',  ( 1412.307870387168805, 770.4790179714756277, -76.74163439845493428 ) ) ;
#6271 = CARTESIAN_POINT ( 'NONE',  ( 1229.656666689162648, 623.4296909994590123, 114.8133355251093519 ) ) ;
#6272 = CARTESIAN_POINT ( 'NONE',  ( 1399.514914060594947, 1007.536370302931232, 46.51078094444469002 ) ) ;
#6273 = CARTESIAN_POINT ( 'NONE',  ( 1469.123816656981944, 904.7379906907148097, -84.36363764930707987 ) ) ;
#6274 = CARTESIAN_POINT ( 'NONE',  ( 1000.599547649879469, 227.8014299463181658, 29.28234404309444727 ) ) ;
#6275 = CARTESIAN_POINT ( 'NONE',  ( 675.8468394407458391, 36.64913869933157287, -6.248163387026820281 ) ) ;
#6276 = CARTESIAN_POINT ( 'NONE',  ( 1455.623100951911283, 816.1898257710851112, -98.27664605754345928 ) ) ;
#6277 = CARTESIAN_POINT ( 'NONE',  ( 1113.267907643830085, 261.3912344755343042, -101.1089367271840445 ) ) ;
#6278 = CARTESIAN_POINT ( 'NONE',  ( 560.0000000000000000, 6.241503136970822929, -1.599065952504042043 ) ) ;
#6279 = CARTESIAN_POINT ( 'NONE',  ( 791.2731338642773835, 58.37519344445735214, -35.20445157001172731 ) ) ;
#6280 = CARTESIAN_POINT ( 'NONE',  ( 1457.672295652976800, 921.6495890552625951, -60.52308839580870625 ) ) ;
#6281 = CARTESIAN_POINT ( 'NONE',  ( 787.2229111020793653, 101.2205950366378744, 69.15844928733864094 ) ) ;
#6283 = CARTESIAN_POINT ( 'NONE',  ( 1374.014613243951999, 1012.366536384016854, 91.75934442522029144 ) ) ;
#6282 = CARTESIAN_POINT ( 'NONE',  ( 559.9999999999994316, 3.909392628269232173, 21.50882503309759031 ) ) ;
#6284 = CARTESIAN_POINT ( 'NONE',  ( 1182.788412357513380, 431.6037607150078657, 29.76298255482843658 ) ) ;
#6285 = CARTESIAN_POINT ( 'NONE',  ( 959.4883592697048016, 133.7683153180480531, -95.65973901182627515 ) ) ;
#6286 = CARTESIAN_POINT ( 'NONE',  ( 1384.626850499299508, 1029.523052359093981, 83.03332526854194384 ) ) ;
#6287 = CARTESIAN_POINT ( 'NONE',  ( 1353.188795503087931, 488.8826413087060700, -165.6932648829930770 ) ) ;
#6288 = CARTESIAN_POINT ( 'NONE',  ( 675.6453677192945406, 41.79780849027080336, 43.55106665290860235 ) ) ;
#6289 = CARTESIAN_POINT ( 'NONE',  ( 1295.991426943403212, 861.2699211272802131, 164.3604037719365465 ) ) ;
#6290 = CARTESIAN_POINT ( 'NONE',  ( 1427.995101247876619, 743.7010317431038402, -110.1772136947891312 ) ) ;
#6291 = CARTESIAN_POINT ( 'NONE',  ( 896.1832444477680610, 157.5658943215499903, 49.67999165802897465 ) ) ;
#6292 = CARTESIAN_POINT ( 'NONE',  ( 1267.831743826668344, 372.9376490503691457, -160.0947840818101042 ) ) ;
#6293 = CARTESIAN_POINT ( 'NONE',  ( 1136.288237153677073, 389.3144359183750112, 20.04799459239020010 ) ) ;
#6294 = CARTESIAN_POINT ( 'NONE',  ( 1308.243554381134345, 838.7084769555542607, 125.4548875047585028 ) ) ;
#6295 = CARTESIAN_POINT ( 'NONE',  ( 1337.624697114039918, 660.3939461995221336, -10.42449236867891926 ) ) ;
#6296 = CARTESIAN_POINT ( 'NONE',  ( 1276.635713514008103, 782.0896537482502708, 153.3178844212164620 ) ) ;
#6297 = CARTESIAN_POINT ( 'NONE',  ( 1198.959795018646673, 551.7499846680142355, 127.5373467986043465 ) ) ;
#6298 = CARTESIAN_POINT ( 'NONE',  ( 841.4127080442010538, 133.9844189615597259, 72.89566970577614313 ) ) ;
#6299 = CARTESIAN_POINT ( 'NONE',  ( 1160.799030039029049, 494.6036860684317276, 135.7978582819600319 ) ) ;
#6300 = CARTESIAN_POINT ( 'NONE',  ( 1305.538950143252805, 443.8390451312899927, -150.5735471339573337 ) ) ;
#6301 = CARTESIAN_POINT ( 'NONE',  ( 1417.519560999970508, 946.2818432080595130, -5.378143007232586648 ) ) ;
#6302 = CARTESIAN_POINT ( 'NONE',  ( 991.8060254522323476, 268.8106987928887861, 107.7386156486163742 ) ) ;
#6303 = CARTESIAN_POINT ( 'NONE',  ( 1241.963214327783589, 594.2942395503265516, 63.99917679642619106 ) ) ;
#6304 = CARTESIAN_POINT ( 'NONE',  ( 1014.890355147837681, 161.1130243322100171, -102.6874990702333861 ) ) ;
#6305 = CARTESIAN_POINT ( 'NONE',  ( 1438.022911265965831, 843.8553425355717081, -75.72308505268200918 ) ) ;
#6306 = CARTESIAN_POINT ( 'NONE',  ( 786.7989556306955592, 105.6144647447317055, 57.07170062026795421 ) ) ;
#6307 = CARTESIAN_POINT ( 'NONE',  ( 579.5036208696939184, -7.286620891755441143, -40.86391191304257831 ) ) ;
#6308 = CARTESIAN_POINT ( 'NONE',  ( 1220.031935291616264, 497.0462868677460619, 39.61843895719613329 ) ) ;
#6309 = CARTESIAN_POINT ( 'NONE',  ( 1099.201135276093055, 311.6494826157021976, -23.49200166814887325 ) ) ;
#6310 = CARTESIAN_POINT ( 'NONE',  ( 1113.842340785645547, 259.3887017860451465, -84.24641814965649189 ) ) ;
#6311 = CARTESIAN_POINT ( 'NONE',  ( 1296.629240911029456, 464.9194148074264490, -124.7257061323181517 ) ) ;
#6312 = CARTESIAN_POINT ( 'NONE',  ( 559.9999999999998863, -4.365043442526171269, -5.995456603276737795 ) ) ;
#6313 = CARTESIAN_POINT ( 'NONE',  ( 731.8238315096937185, 72.29453589378276490, 35.53519195565647237 ) ) ;
#6314 = CARTESIAN_POINT ( 'NONE',  ( 1425.692376958340901, 747.6429796423221887, -90.13883708144567208 ) ) ;
#6315 = CARTESIAN_POINT ( 'NONE',  ( 1340.084254555122698, 517.3011207424490294, -123.3826308873767204 ) ) ;
#6316 = CARTESIAN_POINT ( 'NONE',  ( 618.2735459140725425, 24.47108000649452464, 45.35376850817351624 ) ) ;
#6317 = CARTESIAN_POINT ( 'NONE',  ( 1044.207244493072039, 294.4296286589751048, 68.51153384233481347 ) ) ;
#6318 = CARTESIAN_POINT ( 'NONE',  ( 1329.134969067181828, 541.0195450010959348, -107.8185560037875916 ) ) ;
#6319 = CARTESIAN_POINT ( 'NONE',  ( 1390.365621002781381, 687.5407216311100456, -72.91434241835411001 ) ) ;
#6320 = CARTESIAN_POINT ( 'NONE',  ( 1181.114259651494876, 436.4006543884554503, 37.82746630564582802 ) ) ;
#6321 = CARTESIAN_POINT ( 'NONE',  ( 791.8525864594034829, 52.12899489400569308, -69.10166467305066362 ) ) ;
#6322 = CARTESIAN_POINT ( 'NONE',  ( 560.0000000000001137, 11.36792212328210105, 36.52077117780469706 ) ) ;
#6323 = CARTESIAN_POINT ( 'NONE',  ( 961.3206189254782430, 123.7817642995166807, -105.1051889411025257 ) ) ;
#6324 = CARTESIAN_POINT ( 'NONE',  ( 1126.369901513109198, 420.9647064969597636, 107.9500740795336213 ) ) ;
#6325 = CARTESIAN_POINT ( 'NONE',  ( 1272.683944013278960, 789.9786793140073087, 166.9449479007305399 ) ) ;
#6326 = CARTESIAN_POINT ( 'NONE',  ( 1447.571018308086877, 828.8435162217174366, -94.18094089296056381 ) ) ;
#6327 = CARTESIAN_POINT ( 'NONE',  ( 1375.485428667086580, 942.1949968243302465, 77.44693947234657116 ) ) ;
#6328 = CARTESIAN_POINT ( 'NONE',  ( 1220.584603172986135, 323.2913652907317896, -152.9179604980320164 ) ) ;
#6329 = CARTESIAN_POINT ( 'NONE',  ( 560.0000000000000000, 7.569785181040002975, 3.114210619338415587 ) ) ;
#6330 = CARTESIAN_POINT ( 'NONE',  ( 618.2028311627524317, 28.22939755851654908, 35.99062570670391636 ) ) ;
#6331 = CARTESIAN_POINT ( 'NONE',  ( 1272.776926303896516, 521.3984207739687236, -20.49786551933254586 ) ) ;
#6332 = CARTESIAN_POINT ( 'NONE',  ( 560.0000000000006821, 11.73191507967786862, 33.64620017402653218 ) ) ;
#6333 = CARTESIAN_POINT ( 'NONE',  ( 841.5564891378411403, 132.8162489097432513, 70.25053571638881067 ) ) ;
#6334 = CARTESIAN_POINT ( 'NONE',  ( 1122.503921937817495, 433.2779221257466133, 130.2017152379393963 ) ) ;
#6335 = CARTESIAN_POINT ( 'NONE',  ( 734.5534078788926990, 31.72562706379792630, -60.36926047845935273 ) ) ;
#6336 = CARTESIAN_POINT ( 'NONE',  ( 952.9940712879651983, 169.3374094120165125, -5.453592027873256143 ) ) ;
#6337 = CARTESIAN_POINT ( 'NONE',  ( 1159.294382316852079, 498.9126142698738136, 141.9796641504732975 ) ) ;
#6338 = CARTESIAN_POINT ( 'NONE',  ( 675.5033125988622942, 44.88294022918459092, 19.48822924324904093 ) ) ;
#6339 = CARTESIAN_POINT ( 'NONE',  ( 1068.132294416219111, 197.4061380410458355, -113.4458495830922118 ) ) ;
#6340 = CARTESIAN_POINT ( 'NONE',  ( 1389.496976151333001, 689.1245407777424816, -90.26130314551518552 ) ) ;
#6341 = CARTESIAN_POINT ( 'NONE',  ( 1392.133766904981030, 1018.436843359892464, 63.24178630457265626 ) ) ;
#6342 = CARTESIAN_POINT ( 'NONE',  ( 1064.027437443032113, 214.0048596852101639, -101.4301848144608584 ) ) ;
#6343 = CARTESIAN_POINT ( 'NONE',  ( 1426.881250925077666, 620.3164906025072014, -170.4802939985549415 ) ) ;
#6344 = CARTESIAN_POINT ( 'NONE',  ( 789.3922587455213034, 78.29599568287711975, 15.72866265795346408 ) ) ;
#6345 = CARTESIAN_POINT ( 'NONE',  ( 789.2271185807145457, 79.84751007840505110, -17.95014079544819197 ) ) ;
#6346 = CARTESIAN_POINT ( 'NONE',  ( 1298.681013474206111, 460.0882018481292448, -114.9663821337449008 ) ) ;
#6347 = CARTESIAN_POINT ( 'NONE',  ( 1407.849349818591691, 655.3438498222898261, -132.3314001472238317 ) ) ;
#6348 = CARTESIAN_POINT ( 'NONE',  ( 841.2655722741166073, 135.0751157626438328, 45.64667746059485154 ) ) ;
#6349 = CARTESIAN_POINT ( 'NONE',  ( 1062.952657678702963, 218.4156382683185313, -74.23785204711403196 ) ) ;
#6350 = CARTESIAN_POINT ( 'NONE',  ( 1012.344776520740993, 172.9940442914279686, -79.34724299668684466 ) ) ;
#6351 = CARTESIAN_POINT ( 'NONE',  ( 675.4981937387769904, 45.28220780068908624, 52.21038235842103603 ) ) ;
#6352 = CARTESIAN_POINT ( 'NONE',  ( 732.6592182056799629, 60.06075540373925747, 34.81260280431730081 ) ) ;
#6353 = CARTESIAN_POINT ( 'NONE',  ( 1247.248778341242087, 426.3480347785310869, -96.23457621004331486 ) ) ;
#6354 = CARTESIAN_POINT ( 'NONE',  ( 1434.901719770502268, 848.7702127002636416, -53.43877932293027300 ) ) ;
#6355 = CARTESIAN_POINT ( 'NONE',  ( 1226.875383910936534, 479.2793288195917967, 10.84340845741525250 ) ) ;
#6356 = CARTESIAN_POINT ( 'NONE',  ( 734.5116481003886975, 32.34263772704353102, -59.49231827074392243 ) ) ;
#6357 = CARTESIAN_POINT ( 'NONE',  ( 1247.222213078468940, 718.6558144206595671, 169.3157495250717943 ) ) ;
#6358 = LOCAL_TIME ( 3, 1, 24.00000000000000000, #2199 ) ;
#6359 = CARTESIAN_POINT ( 'NONE',  ( 1312.382823740974800, 427.6526111432093558, -165.5861024194555853 ) ) ;
#6360 = CARTESIAN_POINT ( 'NONE',  ( 1386.181402215470371, 993.8846939554376831, 76.10712202557900241 ) ) ;
#6361 = CARTESIAN_POINT ( 'NONE',  ( 840.1122216699062619, 144.5274643773755940, 84.72599651650520514 ) ) ;
#6362 = CARTESIAN_POINT ( 'NONE',  ( 846.7129469971337130, 90.76260432796703981, -54.39854251045218803 ) ) ;
#6363 = CARTESIAN_POINT ( 'NONE',  ( 1209.941852753464445, 523.2411183511096624, 81.88922213215738566 ) ) ;
#6364 = CARTESIAN_POINT ( 'NONE',  ( 1392.865080891310527, 550.1550929470029132, -173.1869194510497039 ) ) ;
#6365 = CARTESIAN_POINT ( 'NONE',  ( 1179.738572939834512, 440.2912378107074574, 11.67806187916392346 ) ) ;
#6366 = CARTESIAN_POINT ( 'NONE',  ( 943.4096762667722942, 221.6500231551707145, 76.35127837759631575 ) ) ;
#6367 = CARTESIAN_POINT ( 'NONE',  ( 1430.183435199680162, 962.2451193191197945, -4.886626848008113200 ) ) ;
#6368 = CARTESIAN_POINT ( 'NONE',  ( 990.5577860642737278, 274.6026776156479627, 101.2099521850842336 ) ) ;
#6369 = CARTESIAN_POINT ( 'NONE',  ( 993.7464523426369851, 259.7640138558319904, 90.51435537999968517 ) ) ;
#6370 = CARTESIAN_POINT ( 'NONE',  ( 943.8019535107330285, 219.5638766542446945, 96.79158435851049092 ) ) ;
#6371 = CARTESIAN_POINT ( 'NONE',  ( 1382.265212260480666, 571.2994955161182133, -151.4513328007358837 ) ) ;
#6372 = CARTESIAN_POINT ( 'NONE',  ( 676.3254232273350226, 25.60351186248458788, -0.1885160778273635707 ) ) ;
#6373 = CARTESIAN_POINT ( 'NONE',  ( 1398.812287580265092, 974.6986037767736661, 33.87445469704179146 ) ) ;
#6374 = CARTESIAN_POINT ( 'NONE',  ( 1218.937517298020339, 328.0209584928844606, -141.1530316536522776 ) ) ;
#6375 = CARTESIAN_POINT ( 'NONE',  ( 1241.904664785990690, 440.2192116939543212, -76.95580565353249369 ) ) ;
#6376 = CARTESIAN_POINT ( 'NONE',  ( 559.9999999999996589, 11.70452105675305887, 28.16331521105816549 ) ) ;
#6377 = CARTESIAN_POINT ( 'NONE',  ( 1299.947812961919908, 457.0673137616494728, -134.5950944799931506 ) ) ;
#6378 = CARTESIAN_POINT ( 'NONE',  ( 1069.094247834692624, 193.4837291102486461, -125.8664439541696538 ) ) ;
#6379 = CARTESIAN_POINT ( 'NONE',  ( 1326.558428443755020, 682.4774286659395557, 22.37630680985772358 ) ) ;
#6380 = CARTESIAN_POINT ( 'NONE',  ( 1273.251103901862052, 520.2405941742815685, -49.52701112840182418 ) ) ;
#6381 = CARTESIAN_POINT ( 'NONE',  ( 579.5021891967660395, -7.154874295357233294, -30.60964951841418369 ) ) ;
#6382 = CARTESIAN_POINT ( 'NONE',  ( 1063.367659115984907, 216.6780067301347685, -97.69435092890613248 ) ) ;
#6383 = CARTESIAN_POINT ( 'NONE',  ( 787.1746555567875703, 101.6033098581178393, 40.59156707706063116 ) ) ;
#6384 = CARTESIAN_POINT ( 'NONE',  ( 560.0000000000009095, -8.304459691623563344, -21.55162246151424554 ) ) ;
#6385 = CARTESIAN_POINT ( 'NONE',  ( 1118.202999371113719, 243.7996209840108861, -111.9774619917683935 ) ) ;
#6386 = CARTESIAN_POINT ( 'NONE',  ( 675.5268355182315645, 44.60665643911841727, 50.59383097102443827 ) ) ;
#6387 = CARTESIAN_POINT ( 'NONE',  ( 1400.096262153305588, 972.7478262923168586, 46.52252502791267119 ) ) ;
#6388 = CARTESIAN_POINT ( 'NONE',  ( 1157.389363487761102, 322.1028801558665577, -86.62610972504775475 ) ) ;
#6389 = CARTESIAN_POINT ( 'NONE',  ( 1159.117634759589464, 316.6437412990529197, -71.84295625033149690 ) ) ;
#6390 = CARTESIAN_POINT ( 'NONE',  ( 1186.822775993255618, 420.0442360976877012, 10.43591248200567634 ) ) ;
#6391 = CARTESIAN_POINT ( 'NONE',  ( 676.7681400673626513, 14.77201925561231022, -52.14185316881005861 ) ) ;
#6392 = CARTESIAN_POINT ( 'NONE',  ( 618.2313002811920342, 26.42033750308218032, 23.25179805211403661 ) ) ;
#6393 = CARTESIAN_POINT ( 'NONE',  ( 1154.730266785158392, 511.9816227297467890, 151.3278607415994941 ) ) ;
#6394 = CARTESIAN_POINT ( 'NONE',  ( 1220.776527817707802, 322.7453217339117373, -151.6373551979959586 ) ) ;
#6395 = CARTESIAN_POINT ( 'NONE',  ( 1343.549347692492347, 887.8776877303843094, 109.4291331789590629 ) ) ;
#6396 = CARTESIAN_POINT ( 'NONE',  ( 786.5172675387779009, 108.6472239827904644, 74.46674095089839795 ) ) ;
#6397 = CARTESIAN_POINT ( 'NONE',  ( 732.8293526762784040, 57.53407579904267521, 28.53958877053241139 ) ) ;
#6398 = CARTESIAN_POINT ( 'NONE',  ( 1392.954448696539430, 549.9772084352526917, -173.1302933773270638 ) ) ;
#6399 = CARTESIAN_POINT ( 'NONE',  ( 1134.647765020484485, 394.5410594897949750, 29.18672988702906324 ) ) ;
#6400 = CARTESIAN_POINT ( 'NONE',  ( 992.0693870569747332, 267.5313290789656548, 80.12196412147569902 ) ) ;
#6401 = CARTESIAN_POINT ( 'NONE',  ( 1056.190606141492026, 245.8398229455954151, -22.67266860850104493 ) ) ;
#6402 = CARTESIAN_POINT ( 'NONE',  ( 786.6165707953334731, 107.5778035198520257, 68.47207811534724442 ) ) ;
#6403 = CARTESIAN_POINT ( 'NONE',  ( 1164.025680198455802, 485.3591610534307392, 119.0221866354237363 ) ) ;
#6404 = CARTESIAN_POINT ( 'NONE',  ( 1414.302453217925176, 643.4664350900876570, -146.3088255054120168 ) ) ;
#6405 = CARTESIAN_POINT ( 'NONE',  ( 1053.427472394193501, 257.0451450121744301, -1.492024632487930269 ) ) ;
#6406 = CARTESIAN_POINT ( 'NONE',  ( 618.7634577736502024, -4.167175882244601226, -45.72116435962264802 ) ) ;
#6407 = CARTESIAN_POINT ( 'NONE',  ( 845.4977349214688047, 100.6327388970557166, -36.17407177998703105 ) ) ;
#6408 = CARTESIAN_POINT ( 'NONE',  ( 618.2012712342952909, 28.33658924909306265, 37.10158046144586308 ) ) ;
#6409 = CARTESIAN_POINT ( 'NONE',  ( 892.3120903442950294, 182.8969423081823038, 85.91223542312137340 ) ) ;
#6410 = CARTESIAN_POINT ( 'NONE',  ( 849.2197203924735049, 70.42327078831313258, -85.01178975472573995 ) ) ;
#6411 = CARTESIAN_POINT ( 'NONE',  ( 676.2037252068951148, 28.51239468172188296, 8.339123594437264586 ) ) ;
#6412 = CARTESIAN_POINT ( 'NONE',  ( 675.9042235534523115, 35.27998941459142657, -9.858788754325230386 ) ) ;
#6413 = CARTESIAN_POINT ( 'NONE',  ( 848.8490783896612584, 73.49684169095831976, -67.19844909650191767 ) ) ;
#6414 = CARTESIAN_POINT ( 'NONE',  ( 1455.575747661968762, 924.7457696904364184, -63.03582746815246196 ) ) ;
#6415 = CARTESIAN_POINT ( 'NONE',  ( 894.0233668122324389, 171.6240639389738192, 47.66076278444973724 ) ) ;
#6416 = CARTESIAN_POINT ( 'NONE',  ( 1449.838441078668666, 897.1882871501662748, -58.40706918390161917 ) ) ;
#6417 = CARTESIAN_POINT ( 'NONE',  ( 1013.535331234398200, 167.4365558757925498, -90.42129293778903332 ) ) ;
#6418 = CARTESIAN_POINT ( 'NONE',  ( 944.0588201366355179, 218.1616782885243140, 94.27179475006661846 ) ) ;
#6419 = B_SPLINE_CURVE_WITH_KNOTS ( 'NONE', 3,
 ( #2958, #5688, #5104, #299, #4036, #881, #3884, #110, #1152, #5279, #6513, #5920, #1715, #4981, #4910, #1117, #4211, #6873, #2236, #3293, #3656, #4374, #6027 ),
 .UNSPECIFIED., .F., .F.,
 ( 4, 1, 1, 1, 1, 1, 1, 1, 1, 1, 1, 1, 1, 1, 1, 1, 1, 1, 1, 1, 4 ),
 ( 0.000000000000000000, 0.04334135681311948596, 0.08717803567372672813, 0.1315635589514732307, 0.1765389374725470639, 0.2221393242496282616, 0.2684006087838779475, 0.3153573262952181766, 0.3630412678898558565, 0.4114806969496874189, 0.4607048628801167500, 0.5107404108280119148, 0.5616113126928125032, 0.6133396939220949751, 0.6659450536150153255, 0.7194408337343741744, 0.7738378205644979024, 0.8291361181714187456, 0.8853221299191487148, 0.9423419882380782431, 1.000000000000000000 ),
 .UNSPECIFIED. ) ;
#6420 = CARTESIAN_POINT ( 'NONE',  ( 1173.698882284078081, 457.6465605538787145, 73.22512330472170561 ) ) ;
#6421 = CARTESIAN_POINT ( 'NONE',  ( 1061.388050962976195, 224.7613030467193482, -62.33973884807881660 ) ) ;
#6422 = CARTESIAN_POINT ( 'NONE',  ( 618.5418325775614221, 9.003703067852125486, 1.986867559330970590 ) ) ;
#6423 = CARTESIAN_POINT ( 'NONE',  ( 791.7842454539821802, 52.84891421356905994, -68.09846107552665728 ) ) ;
#6424 = CARTESIAN_POINT ( 'NONE',  ( 618.2363291349745396, 26.11288883061234500, 21.63839386842088075 ) ) ;
#6425 = CARTESIAN_POINT ( 'NONE',  ( 560.0000000000000000, 10.08765715819660791, 35.78754812606359792 ) ) ;
#6426 = CARTESIAN_POINT ( 'NONE',  ( 618.7435251560106053, -3.178228349579978129, -49.39207010014642663 ) ) ;
#6427 = CARTESIAN_POINT ( 'NONE',  ( 787.8513891956067710, 94.58583014045605353, 54.06081188500986912 ) ) ;
#6428 = CARTESIAN_POINT ( 'NONE',  ( 1188.386625986237732, 579.1880231614530885, 157.8184427018694294 ) ) ;
#6429 = CARTESIAN_POINT ( 'NONE',  ( 1306.329116702405145, 722.8463284583806399, 82.61184510273017167 ) ) ;
#6430 = CARTESIAN_POINT ( 'NONE',  ( 1015.713286403864231, 157.2458041352274449, -116.0763392715668090 ) ) ;
#6431 = CARTESIAN_POINT ( 'NONE',  ( 1383.858420236842903, 929.0196245327418865, 37.54329906401051176 ) ) ;
#6432 = CARTESIAN_POINT ( 'NONE',  ( 1057.232649103718813, 241.6140098676898162, -30.59949598645288305 ) ) ;
#6433 = CARTESIAN_POINT ( 'NONE',  ( 786.5281370794230043, 108.5281370471579692, 73.31977427735441211 ) ) ;
#6434 = CARTESIAN_POINT ( 'NONE',  ( 1260.996785919854347, 688.7937853742976131, 136.1293163396524051 ) ) ;
#6435 = CARTESIAN_POINT ( 'NONE',  ( 787.1791170119361141, 101.6820299338663034, 69.98047794052523329 ) ) ;
#6436 = CARTESIAN_POINT ( 'NONE',  ( 848.0474689758372051, 79.93074532014944111, -72.20723391854421891 ) ) ;
#6437 = CARTESIAN_POINT ( 'NONE',  ( 618.5527576317369949, 8.363713482034938806, -0.1082905775920855740 ) ) ;
#6438 = CARTESIAN_POINT ( 'NONE',  ( 1265.433734311130365, 379.1704014703007033, -148.2437320913491021 ) ) ;
#6439 = CARTESIAN_POINT ( 'NONE',  ( 789.0269407537049347, 81.96481421014955515, -13.19192659445931959 ) ) ;
#6440 = ORIENTED_EDGE ( 'NONE', *, *, #3905, .T. ) ;
#6441 = CARTESIAN_POINT ( 'NONE',  ( 786.7486195979149670, 106.1537171383021416, 59.66406715240092495 ) ) ;
#6442 = CARTESIAN_POINT ( 'NONE',  ( 1379.487435210555077, 1004.053303123267256, 77.96850860531293392 ) ) ;
#6443 = CARTESIAN_POINT ( 'NONE',  ( 560.0000000000001137, -8.510458022589196148, -35.56983946281094688 ) ) ;
#6444 = CARTESIAN_POINT ( 'NONE',  ( 1222.039043925800115, 491.8354180676044507, 31.14604282289780102 ) ) ;
#6445 = CARTESIAN_POINT ( 'NONE',  ( 618.3261856579356390, 20.77683981721196460, 0.9654187182912771226 ) ) ;
#6446 = CARTESIAN_POINT ( 'NONE',  ( 560.0000000000003411, -9.901920081510029448, -28.64112674268818637 ) ) ;
#6447 = CARTESIAN_POINT ( 'NONE',  ( 1364.813299855348532, 606.1184138863787894, -108.8139746324368389 ) ) ;
#6448 = CARTESIAN_POINT ( 'NONE',  ( 1320.456488076400774, 816.2216391234901494, 88.94655166142274538 ) ) ;
#6449 = CARTESIAN_POINT ( 'NONE',  ( 903.5268479366219481, 109.3920337002370928, -56.58645949029879318 ) ) ;
#6450 = CARTESIAN_POINT ( 'NONE',  ( 1305.255277072810941, 444.5271485737266630, -138.5541336170111038 ) ) ;
#6451 = CARTESIAN_POINT ( 'NONE',  ( 1306.204445141304859, 842.4755345166192910, 153.9499037646114630 ) ) ;
#6452 = CARTESIAN_POINT ( 'NONE',  ( 618.4155243520074237, 16.34680135589447403, 24.35970448402220612 ) ) ;
#6453 = CARTESIAN_POINT ( 'NONE',  ( 1200.759770454657883, 380.0671514752594931, -80.94285981781139583 ) ) ;
#6454 = CARTESIAN_POINT ( 'NONE',  ( 1204.056637764534116, 370.6630816710220984, -71.53176628702097162 ) ) ;
#6455 = CARTESIAN_POINT ( 'NONE',  ( 1354.659831415145391, 753.2720250666859556, 22.07039364264480952 ) ) ;
#6456 = CARTESIAN_POINT ( 'NONE',  ( 1165.974021984015508, 294.7682191394190454, -124.0042926563672552 ) ) ;
#6457 = CARTESIAN_POINT ( 'NONE',  ( 1453.737893682010281, 927.4599111875271547, -52.64870647041255580 ) ) ;
#6458 = CARTESIAN_POINT ( 'NONE',  ( 945.4747961628952453, 210.3378541619199211, 45.52669170424390899 ) ) ;
#6459 = CARTESIAN_POINT ( 'NONE',  ( 1119.639573829517531, 442.3961638221562680, 140.0221619969055951 ) ) ;
#6460 = CARTESIAN_POINT ( 'NONE',  ( 1171.924370382537973, 275.8306030638661923, -143.8909263298006636 ) ) ;
#6461 = CARTESIAN_POINT ( 'NONE',  ( 1380.723682329841722, 1002.175037253248775, 87.64506580594725449 ) ) ;
#6462 = CARTESIAN_POINT ( 'NONE',  ( 732.3369646779914319, 64.84237309611556555, 46.24671476044654383 ) ) ;
#6463 = CARTESIAN_POINT ( 'NONE',  ( 560.0000000000000000, 11.49842756544410705, 36.43430934930701426 ) ) ;
#6464 = CARTESIAN_POINT ( 'NONE',  ( 732.7732369943521462, 58.36767438159959909, 30.63564101361184555 ) ) ;
#6465 = CARTESIAN_POINT ( 'NONE',  ( 559.9999999999996589, -9.761569284887048781, -36.63651179226576460 ) ) ;
#6466 = CARTESIAN_POINT ( 'NONE',  ( 732.0580628929191107, 68.78353781139624346, 22.46651725691226176 ) ) ;
#6467 = CARTESIAN_POINT ( 'NONE',  ( 1413.097990482188152, 769.1436421992543728, -59.98655456879692593 ) ) ;
#6468 = CARTESIAN_POINT ( 'NONE',  ( 1274.392245324331270, 786.5680964377892224, 160.7220092243589704 ) ) ;
#6469 = CARTESIAN_POINT ( 'NONE',  ( 618.3291037436179067, 21.30730633661507056, 37.40896626367111111 ) ) ;
#6470 = CARTESIAN_POINT ( 'NONE',  ( 1377.099482291662071, 1007.680148496318452, 95.92093273868796643 ) ) ;
#6471 = CARTESIAN_POINT ( 'NONE',  ( 1371.089682370073660, 1016.809377340962783, 102.2261208919715614 ) ) ;
#6472 = CARTESIAN_POINT ( 'NONE',  ( 1461.721874694826283, 879.1371356262370682, -89.20058664065618359 ) ) ;
#6473 = CARTESIAN_POINT ( 'NONE',  ( 1421.781881002448017, 939.8069501759700870, 0.4997255944344791700 ) ) ;
#6474 = CARTESIAN_POINT ( 'NONE',  ( 579.5134833407779524, -8.698959293250045022, -37.84776971869201390 ) ) ;
#6475 = CARTESIAN_POINT ( 'NONE',  ( 579.3922999960194602, 8.204834524940153528, -9.465703805914149171 ) ) ;
#6476 = CARTESIAN_POINT ( 'NONE',  ( 1305.491992268422337, 843.7750455196513713, 134.0311313043968653 ) ) ;
#6477 = CARTESIAN_POINT ( 'NONE',  ( 787.4839494606035259, 98.46531394843269425, 62.39369183136741981 ) ) ;
#6478 = CARTESIAN_POINT ( 'NONE',  ( 579.3258721180550310, 17.32453885805261606, 32.76546028940383337 ) ) ;
#6479 = CARTESIAN_POINT ( 'NONE',  ( 618.7075911355914286, -1.167094957267127642, -47.99577743412688591 ) ) ;
#6480 = CARTESIAN_POINT ( 'NONE',  ( 1417.617603593434978, 980.8023308167867071, 20.89519441265352739 ) ) ;
#6481 = CARTESIAN_POINT ( 'NONE',  ( 897.3521305104192152, 149.7702392594021887, -4.622361778211340422 ) ) ;
#6482 = CARTESIAN_POINT ( 'NONE',  ( 676.8967241602757667, 11.89162409330753434, -43.09169339818473787 ) ) ;
#6483 = CARTESIAN_POINT ( 'NONE',  ( 790.8876955813594805, 62.30413113918464063, -52.83347502535863072 ) ) ;
#6484 = CARTESIAN_POINT ( 'NONE',  ( 1289.681958313030918, 756.0468011415006231, 107.3552693665642437 ) ) ;
#6485 = CARTESIAN_POINT ( 'NONE',  ( 559.9999999999992042, -8.581261303634873272, -22.73059673068918940 ) ) ;
#6486 = CARTESIAN_POINT ( 'NONE',  ( 1303.081122216160793, 449.6737874080475876, -130.7839928687010627 ) ) ;
#6487 = CARTESIAN_POINT ( 'NONE',  ( 1227.647371439969220, 628.2095383077105453, 148.3909766295681152 ) ) ;
#6488 = CARTESIAN_POINT ( 'NONE',  ( 1090.591966467498651, 342.4908055208042583, 65.06145643677044177 ) ) ;
#6489 = CARTESIAN_POINT ( 'NONE',  ( 676.3187650832696818, 25.41506836614243170, -32.93013080115754576 ) ) ;
#6490 = CARTESIAN_POINT ( 'NONE',  ( 676.7313023574104136, 15.87287229431551694, -30.18583957434887921 ) ) ;
#6491 = CARTESIAN_POINT ( 'NONE',  ( 675.7282187658196335, 39.83384693959528278, 38.80011498136525461 ) ) ;
#6492 = CARTESIAN_POINT ( 'NONE',  ( 1002.050139654423447, 221.0335830542785232, 15.85212324658260741 ) ) ;
#6493 = CARTESIAN_POINT ( 'NONE',  ( 734.4204360334002786, 33.69005543965815974, -57.51094434816856449 ) ) ;
#6494 = CARTESIAN_POINT ( 'NONE',  ( 1451.443304768834196, 822.7613067363513437, -89.28816467541930990 ) ) ;
#6495 = CARTESIAN_POINT ( 'NONE',  ( 841.3750528929983830, 134.1816901401430187, 42.82497101634405112 ) ) ;
#6496 = CARTESIAN_POINT ( 'NONE',  ( 1078.785654986615327, 384.6714954017358536, 132.8504793582611399 ) ) ;
#6497 = CARTESIAN_POINT ( 'NONE',  ( 992.7731832922167996, 264.3026244594166201, 99.51739970813315495 ) ) ;
#6498 = CARTESIAN_POINT ( 'NONE',  ( 849.5160801103720587, 68.02944243326342644, -85.98365582058707446 ) ) ;
#6499 = CARTESIAN_POINT ( 'NONE',  ( 732.3073276029190311, 65.28181994461534998, 47.27826097919665216 ) ) ;
#6500 = CARTESIAN_POINT ( 'NONE',  ( 1219.191440124880273, 648.2141470073169103, 164.7020030759039173 ) ) ;
#6501 = CARTESIAN_POINT ( 'NONE',  ( 579.4042334443935260, 6.370847448253910805, 17.60160594217942887 ) ) ;
#6502 = CARTESIAN_POINT ( 'NONE',  ( 1120.832209300514705, 234.3778808709052726, -134.6487169934534904 ) ) ;
#6503 = CARTESIAN_POINT ( 'NONE',  ( 1404.962829452780170, 965.3558087521722655, 20.65861824101822819 ) ) ;
#6504 = CARTESIAN_POINT ( 'NONE',  ( 1196.940240457447089, 391.0543821221541521, -37.81879156400816555 ) ) ;
#6505 = CARTESIAN_POINT ( 'NONE',  ( 1343.365467519059393, 992.6962604127901386, 135.2678140526075197 ) ) ;
#6506 = CARTESIAN_POINT ( 'NONE',  ( 1350.028894127495960, 495.7365199734616112, -155.0089991761082899 ) ) ;
#6507 = CARTESIAN_POINT ( 'NONE',  ( 994.3882364516798589, 256.7715970277483848, 85.05437781776510064 ) ) ;
#6508 = CARTESIAN_POINT ( 'NONE',  ( 1459.957154984529097, 918.2753103615266355, -70.49234430010868380 ) ) ;
#6509 = CARTESIAN_POINT ( 'NONE',  ( 1188.850066536903796, 577.9878684127386350, 158.8523730695171139 ) ) ;
#6510 = CARTESIAN_POINT ( 'NONE',  ( 676.6629868810794051, 17.25382327495613666, -48.35062163601478602 ) ) ;
#6511 = CARTESIAN_POINT ( 'NONE',  ( 1005.217006603459595, 206.2573003356432650, -13.44527491270702413 ) ) ;
#6512 = CARTESIAN_POINT ( 'NONE',  ( 579.5106375246097059, -8.281624969941256964, -40.08892633474025047 ) ) ;
#6513 = CARTESIAN_POINT ( 'NONE',  ( 1053.081842508047885, 258.4467235278266912, 1.154930855711677973 ) ) ;
#6514 = CARTESIAN_POINT ( 'NONE',  ( 1150.053708236686134, 345.4649477949718062, -51.74656270837760275 ) ) ;
#6515 = CARTESIAN_POINT ( 'NONE',  ( 618.1980622604703512, 28.57487384499635041, 40.36724451669672220 ) ) ;
#6516 = CARTESIAN_POINT ( 'NONE',  ( 1225.850424863816443, 632.4423942424027700, 131.6681367647415755 ) ) ;
#6517 = CARTESIAN_POINT ( 'NONE',  ( 1451.140322733584298, 704.1952142057099309, -155.2056746871327846 ) ) ;
#6518 = CARTESIAN_POINT ( 'NONE',  ( 789.9387521807232133, 72.51106979617583193, 1.213247127030097072 ) ) ;
#6519 = CARTESIAN_POINT ( 'NONE',  ( 1097.807103624766569, 316.6313491723441302, -15.10570226814854777 ) ) ;
#6520 = CARTESIAN_POINT ( 'NONE',  ( 1065.562385358855636, 207.8305582839664964, -94.01546944807643058 ) ) ;
#6521 = CARTESIAN_POINT ( 'NONE',  ( 733.8994866879070287, 41.40433383378634602, -44.16578405403748775 ) ) ;
#6522 = CARTESIAN_POINT ( 'NONE',  ( 579.3310115383458196, 16.64526993264625432, 24.64104029492058601 ) ) ;
#6523 = CARTESIAN_POINT ( 'NONE',  ( 1401.231515339466569, 667.5377212827554558, -101.4206513510795560 ) ) ;
#6524 = CARTESIAN_POINT ( 'NONE',  ( 792.2633723278024718, 47.87135403845702797, -63.31206689589778591 ) ) ;
#6525 = CARTESIAN_POINT ( 'NONE',  ( 947.9625674992305449, 196.8377931946030515, 51.36829934645855644 ) ) ;
#6526 = CARTESIAN_POINT ( 'NONE',  ( 1059.053639385010229, 234.1595740568302517, -71.69858247914282856 ) ) ;
#6527 = CARTESIAN_POINT ( 'NONE',  ( 1010.362998402026847, 182.2432993124250800, -61.05546765862438008 ) ) ;
#6528 = CARTESIAN_POINT ( 'NONE',  ( 1041.557556239086125, 305.1704535422287563, 88.21479864768436130 ) ) ;
#6529 = CARTESIAN_POINT ( 'NONE',  ( 1362.714940656059753, 738.4431803948509696, 0.5184828190220411859 ) ) ;
#6530 = CARTESIAN_POINT ( 'NONE',  ( 1118.856939381722896, 444.8875786011938089, 141.7833812414705790 ) ) ;
#6531 = CARTESIAN_POINT ( 'NONE',  ( 1257.949661567500698, 695.4012857374931400, 146.9791443497703369 ) ) ;
#6532 = CARTESIAN_POINT ( 'NONE',  ( 961.2535392685867919, 124.1407072217689205, -106.1320357192313253 ) ) ;
#6533 = CARTESIAN_POINT ( 'NONE',  ( 1166.606250596397558, 477.9664935083029036, 106.9565440024388181 ) ) ;
#6534 = CARTESIAN_POINT ( 'NONE',  ( 676.0153546171310381, 33.00704456794862551, 21.08426922568284212 ) ) ;
#6535 = CARTESIAN_POINT ( 'NONE',  ( 960.8075374607153663, 126.5683745402008640, -104.4965207618235183 ) ) ;
#6536 = CARTESIAN_POINT ( 'NONE',  ( 1209.421698008509111, 524.5485913280095929, 52.98026200984443790 ) ) ;
#6537 = CARTESIAN_POINT ( 'NONE',  ( 618.6267094533078534, 4.013496443859950524, -14.81397122154320911 ) ) ;
#6538 = CARTESIAN_POINT ( 'NONE',  ( 786.5545862508080290, 108.2433908516578640, 71.72327394274414303 ) ) ;
#6539 = CARTESIAN_POINT ( 'NONE',  ( 849.3881111393740184, 69.10669726025571435, -77.86915037525245964 ) ) ;
#6540 = CARTESIAN_POINT ( 'NONE',  ( 1200.860686922656214, 546.8155625808786908, 119.8923239822802884 ) ) ;
#6541 = CARTESIAN_POINT ( 'NONE',  ( 958.1587710547253209, 141.0239753484279959, -85.57392339703635287 ) ) ;
#6542 = CARTESIAN_POINT ( 'NONE',  ( 1384.400754787269534, 1029.856950351541855, 82.96489684036019696 ) ) ;
#6543 = CARTESIAN_POINT ( 'NONE',  ( 958.8693468390662247, 137.1457871812874032, -91.11941823197625467 ) ) ;
#6544 = CARTESIAN_POINT ( 'NONE',  ( 1149.153012779618621, 348.3898189202270714, -17.25002897040997851 ) ) ;
#6545 = CARTESIAN_POINT ( 'NONE',  ( 1468.052156501693844, 906.3206176730283232, -81.39616258261153803 ) ) ;
#6546 = MECHANICAL_CONTEXT ( 'NONE', #5591, 'mechanical' ) ;
#6547 = CARTESIAN_POINT ( 'NONE',  ( 899.1545521098045128, 137.9514046814244637, -28.51999960104006959 ) ) ;
#6548 = CARTESIAN_POINT ( 'NONE',  ( 1254.875282738169972, 702.0503014298733433, 135.0317620793785238 ) ) ;
#6549 = CARTESIAN_POINT ( 'NONE',  ( 1226.455321248110067, 631.0099880910522643, 128.9021418189486781 ) ) ;
#6550 = CARTESIAN_POINT ( 'NONE',  ( 1170.208296020008220, 281.2889623768338652, -140.0126853589433722 ) ) ;
#6551 = CARTESIAN_POINT ( 'NONE',  ( 845.3608511848383387, 101.8937705265387308, 1.256657160020435926 ) ) ;
#6552 = CARTESIAN_POINT ( 'NONE',  ( 731.7646767417353431, 73.31738001315456188, 64.03700255433065536 ) ) ;
#6553 = CARTESIAN_POINT ( 'NONE',  ( 1095.074334413762244, 326.3983645088991921, 1.791971364353748708 ) ) ;
#6554 = CARTESIAN_POINT ( 'NONE',  ( 1346.779729988801591, 502.7823880954255173, -144.7180122187295410 ) ) ;
#6555 = CARTESIAN_POINT ( 'NONE',  ( 1060.874053811090334, 226.7822228665499154, -82.95001217265442506 ) ) ;
#6556 = CARTESIAN_POINT ( 'NONE',  ( 1397.036297563558946, 1011.196789445765148, 52.02913662806670914 ) ) ;
#6557 = CARTESIAN_POINT ( 'NONE',  ( 559.9999999999998863, -10.38095875763650611, -31.01286930198325109 ) ) ;
#6558 = CARTESIAN_POINT ( 'NONE',  ( 1282.359501496806615, 642.4719311120735483, 65.59968940818824024 ) ) ;
#6559 = CARTESIAN_POINT ( 'NONE',  ( 1106.397015553078973, 285.9367781827828594, -64.89982226117194841 ) ) ;
#6560 = CARTESIAN_POINT ( 'NONE',  ( 1062.952657678702963, 218.4156382683185313, -74.23785204711403196 ) ) ;
#6561 = CARTESIAN_POINT ( 'NONE',  ( 579.3763144968255574, 10.24954922072981489, 28.43180347595078672 ) ) ;
#6562 = CARTESIAN_POINT ( 'NONE',  ( 1266.126874830945553, 537.1380299495913277, 4.118695259754344029 ) ) ;
#6563 = CARTESIAN_POINT ( 'NONE',  ( 1322.375729246055243, 812.6880454027841552, 83.40848995122847498 ) ) ;
#6564 = CARTESIAN_POINT ( 'NONE',  ( 786.8351186012976086, 105.3076184648855360, 74.47637055034911668 ) ) ;
#6565 = CARTESIAN_POINT ( 'NONE',  ( 1171.878263684409603, 275.9757720075265865, -144.4919655981937581 ) ) ;
#6566 = CARTESIAN_POINT ( 'NONE',  ( 1320.848616386885169, 815.5160561732844826, 112.9273836416556804 ) ) ;
#6567 = CARTESIAN_POINT ( 'NONE',  ( 1135.937663581938978, 390.4894927071193820, 55.69317859352196365 ) ) ;
#6568 = CARTESIAN_POINT ( 'NONE',  ( 1470.026584241765022, 866.5218533717527407, -102.4586254554727702 ) ) ;
#6569 = CARTESIAN_POINT ( 'NONE',  ( 1404.540553912389896, 1000.114508816700550, 35.57548158705314734 ) ) ;
#6570 = CARTESIAN_POINT ( 'NONE',  ( 1152.471586115078935, 337.8174934790319526, -35.45479051143666993 ) ) ;
#6571 = CARTESIAN_POINT ( 'NONE',  ( 1386.738064178287004, 1026.405213445963000, 76.18518662312132506 ) ) ;
#6572 = CARTESIAN_POINT ( 'NONE',  ( 1349.138643868919644, 497.6671727350031347, -152.1343000122760429 ) ) ;
#6573 = CARTESIAN_POINT ( 'NONE',  ( 994.1792474265137116, 257.7460892462234483, 86.86731431383253721 ) ) ;
#6574 = CARTESIAN_POINT ( 'NONE',  ( 903.1934995762937888, 111.4895458208695231, -74.72706325901414459 ) ) ;
#6575 = CARTESIAN_POINT ( 'NONE',  ( 1320.203569979264557, 927.7311228311891682, 157.5647952924744004 ) ) ;
#6576 = CARTESIAN_POINT ( 'NONE',  ( 1410.169503421219588, 651.0733499070669268, -137.4052181428128563 ) ) ;
#6577 = CARTESIAN_POINT ( 'NONE',  ( 1431.099966257974529, 925.6525621430010915, -19.18673072488252984 ) ) ;
#6578 = CARTESIAN_POINT ( 'NONE',  ( 1220.187589178769940, 324.4356210513867040, -147.7915467397958480 ) ) ;
#6579 = PERSON_AND_ORGANIZATION ( #416, #4116 ) ;
#6580 = CARTESIAN_POINT ( 'NONE',  ( 1146.505925154488068, 356.7650322940830847, -34.02606795176693311 ) ) ;
#6581 = CARTESIAN_POINT ( 'NONE',  ( 1225.850424863816443, 632.4423942424027700, 131.6681367647415755 ) ) ;
#6582 = CARTESIAN_POINT ( 'NONE',  ( 1256.316930921951553, 698.9229955037573063, 129.3105973612738353 ) ) ;
#6583 = CARTESIAN_POINT ( 'NONE',  ( 1386.714660530320316, 562.4225884485481401, -161.3820797919818517 ) ) ;
#6584 = CARTESIAN_POINT ( 'NONE',  ( 1424.060109466819540, 971.2880425616434650, -4.393996273731278102 ) ) ;
#6585 = CARTESIAN_POINT ( 'NONE',  ( 1035.900988830918322, 328.0918329646860343, 123.5517436256107118 ) ) ;
#6586 = CARTESIAN_POINT ( 'NONE',  ( 1360.519884476834022, 742.4654033091210295, -19.12830874428798822 ) ) ;
#6587 = CARTESIAN_POINT ( 'NONE',  ( 1167.924891141222588, 288.5833426206870627, -119.5688060739559546 ) ) ;
#6588 = CARTESIAN_POINT ( 'NONE',  ( 1158.331864740433730, 319.1015281351678823, -90.93477813155233491 ) ) ;
#6589 = CARTESIAN_POINT ( 'NONE',  ( 1233.492887616765302, 614.3467566102229966, 98.36172438026488862 ) ) ;
#6590 = CARTESIAN_POINT ( 'NONE',  ( 618.7522806345139088, -3.478984894929084692, -42.54428968076426543 ) ) ;
#6591 = CARTESIAN_POINT ( 'NONE',  ( 1213.577311023713037, 513.8032587699937039, 66.67725071202818299 ) ) ;
#6592 = CARTESIAN_POINT ( 'NONE',  ( 618.5006457473918999, 10.65701642402278715, -26.22414573379395364 ) ) ;
#6593 = CARTESIAN_POINT ( 'NONE',  ( 1399.196576458503614, 671.2838968664650565, -96.09958421424092023 ) ) ;
#6594 = CARTESIAN_POINT ( 'NONE',  ( 1318.534821590638103, 819.7756067587666848, 119.2235152604859110 ) ) ;
#6595 = CARTESIAN_POINT ( 'NONE',  ( 618.5472951046492653, 8.683708274943532146, 0.9392884908694425494 ) ) ;
#6596 = CARTESIAN_POINT ( 'NONE',  ( 1277.916596840750117, 779.5437455608384880, 165.0670149014808885 ) ) ;
#6597 = CARTESIAN_POINT ( 'NONE',  ( 995.6117347479297450, 251.0662393559683778, 74.19957590147761550 ) ) ;
#6598 = CARTESIAN_POINT ( 'NONE',  ( 1214.786185339602298, 510.6648931785640002, 61.60118440768451364 ) ) ;
#6599 = CARTESIAN_POINT ( 'NONE',  ( 1267.171868220136957, 374.6451766244444457, -159.8859211927085937 ) ) ;
#6600 = CARTESIAN_POINT ( 'NONE',  ( 731.9350496413369456, 70.62514317705081623, 28.97638776487339740 ) ) ;
#6601 = CARTESIAN_POINT ( 'NONE',  ( 1443.163952649704925, 835.7792250537770542, -71.38878489178011932 ) ) ;
#6602 = CARTESIAN_POINT ( 'NONE',  ( 1247.353583072771016, 718.3682552733514513, 165.5666783252386267 ) ) ;
#6603 = CARTESIAN_POINT ( 'NONE',  ( 1015.084896899436558, 160.2041899241434066, -104.6177936871483070 ) ) ;
#6604 = CARTESIAN_POINT ( 'NONE',  ( 841.9633067960758126, 129.5127184610894631, 63.51327607080421700 ) ) ;
#6605 = CARTESIAN_POINT ( 'NONE',  ( 1083.823264620107693, 366.6766853887831985, 107.5675975742562258 ) ) ;
#6606 = CARTESIAN_POINT ( 'NONE',  ( 1273.509183789448116, 788.3356118605931897, 170.5459142828757990 ) ) ;
#6607 = CARTESIAN_POINT ( 'NONE',  ( 1375.027437567109700, 585.7392948880791437, -134.2740406981952219 ) ) ;
#6608 = CARTESIAN_POINT ( 'NONE',  ( 1308.579105107872692, 585.6168955016671589, -21.11822403901679479 ) ) ;
#6609 = CARTESIAN_POINT ( 'NONE',  ( 1425.529898188282687, 622.8067871003802338, -164.7495112888707069 ) ) ;
#6610 = PERSON_AND_ORGANIZATION ( #416, #4116 ) ;
#6611 = CARTESIAN_POINT ( 'NONE',  ( 1429.408534445077294, 963.3894922220354147, -14.82589872802739706 ) ) ;
#6612 = CARTESIAN_POINT ( 'NONE',  ( 992.3734917333456451, 266.1096852069177885, 76.29170551858649674 ) ) ;
#6613 = CARTESIAN_POINT ( 'NONE',  ( 1422.816149093242984, 938.2358741199378755, -1.689287295079545226 ) ) ;
#6614 = CARTESIAN_POINT ( 'NONE',  ( 1080.023472071288779, 380.2229889355457431, 111.2324113533350385 ) ) ;
#6615 = CARTESIAN_POINT ( 'NONE',  ( 618.2929121002495094, 23.37574209500854039, 42.70354848692455363 ) ) ;
#6616 = CARTESIAN_POINT ( 'NONE',  ( 618.1978732117731852, 28.59873563677930264, 41.13661344143834242 ) ) ;
#6617 = CARTESIAN_POINT ( 'NONE',  ( 1217.914311265844844, 330.9360143531172298, -145.3648876536785508 ) ) ;
#6618 = CARTESIAN_POINT ( 'NONE',  ( 1424.977762436478315, 969.9328532854352716, 5.772871912076844580 ) ) ;
#6619 = CARTESIAN_POINT ( 'NONE',  ( 1191.190185189449039, 571.9171387819428674, 155.6144947516527282 ) ) ;
#6620 = CARTESIAN_POINT ( 'NONE',  ( 675.6873816780621382, 40.46187549166821640, 4.690523360877479675 ) ) ;
#6621 = CARTESIAN_POINT ( 'NONE',  ( 1382.143023225605930, 571.5575492958583936, -140.0945703706781558 ) ) ;
#6622 = CARTESIAN_POINT ( 'NONE',  ( 958.8693468390662247, 137.1457871812874032, -91.11941823197625467 ) ) ;
#6623 = CARTESIAN_POINT ( 'NONE',  ( 1058.256993912408689, 237.3882033505015272, -66.66479666517120961 ) ) ;
#6624 = CARTESIAN_POINT ( 'NONE',  ( 993.3341874841805748, 261.6200563623565927, 64.83264435998373187 ) ) ;
#6625 = CARTESIAN_POINT ( 'NONE',  ( 1384.242750851470873, 567.3649637701868187, -146.0517337070398298 ) ) ;
#6626 = CARTESIAN_POINT ( 'NONE',  ( 1387.748583516879989, 922.9124065772396079, 50.32145358705523108 ) ) ;
#6627 = CARTESIAN_POINT ( 'NONE',  ( 1403.505840626742838, 785.5045291176674027, -57.34420346376901279 ) ) ;
#6628 = CARTESIAN_POINT ( 'NONE',  ( 848.0241227172576828, 80.21668326966550921, -50.69595067876716143 ) ) ;
#6629 = CARTESIAN_POINT ( 'NONE',  ( 995.0001398103519250, 253.9183152435465161, 79.63272843400746126 ) ) ;
#6630 = CARTESIAN_POINT ( 'NONE',  ( 1453.437502891922350, 927.9035281003019691, -59.31578296165889697 ) ) ;
#6631 = B_SPLINE_SURFACE_WITH_KNOTS ( 'NONE', 3, 3, ( 
 ( #4658, #938, #3046, #1959, #3082, #2484, #6756, #5195, #388, #6792, #1993, #424, #563, #2098, #3778, #38, #5851, #4871, #2162, #2197, #6861, #6473, #3155 ),
 ( #4836, #4299, #6437, #6372, #5816, #2591, #2627, #3745, #72, #3813, #6405, #5303, #498, #2065, #4767, #5267, #1608, #976, #5886, #1080, #4730, #1012, #1677 ),
 ( #4199, #6897, #462, #2659, #3222, #1641, #1046, #1540, #6336, #5918, #3120, #3680, #4234, #1115, #596, #4268, #1575, #3712, #5367, #3188, #5334, #4334, #530 ),
 ( #4800, #4, #2130, #2694, #3255, #2727, #5400, #4473, #5534, #6511, #1747, #3425, #6544, #2303, #5565, #6643, #6608, #2901, #5435, #1287, #6025, #730, #180 ),
 ( #3361, #5012, #5502, #2234, #2799, #5047, #3327, #699, #2869, #5470, #3917, #2371, #1713, #3948, #210, #3850, #667, #762, #3392, #2268, #4442, #6577, #5991 ),
 ( #1189, #2764, #2335, #245, #4945, #143, #4979, #4407, #3882, #1222, #1845, #1780, #2833, #6058, #1811, #6089, #5953, #632, #1150, #4509, #3291, #4908, #1256 ),
 ( #108, #4372, #956, #3101, #3662, #5116, #6880, #3139, #1915, #1030, #5286, #5319, #2936, #2644, #6155, #2438, #5082, #2970, #481, #3459, #312, #4783, #3172 ),
 ( #3697, #514, #1879, #828, #6914, #5763, #5833, #6676, #2610, #5800, #4542, #6713, #1558, #4577, #442, #3982, #6122, #4749, #1321, #5599, #6354, #4050, #995 ),
 ( #4015, #1486, #2082, #3627, #278, #6189, #796, #1352, #5248, #4218, #3493, #2047, #2404, #5632, #2572, #4712, #6844, #4181, #6319, #1522, #5383, #5418, #613 ),
 ( #4926, #1097, #1624, #125, #89, #5451, #4818, #2178, #3761, #1659, #2114, #21, #2677, #6454, #3795, #2146, #3308, #2744, #1694, #649, #3271, #1133, #2781 ),
 ( #5869, #1730, #4888, #2215, #4252, #1205, #4316, #2250, #3729, #4284, #6421, #5486, #6389, #3344, #5902, #3239, #578, #3206, #5971, #1169, #4389, #2710, #4852 ),
 ( #4352, #6007, #4961, #6490, #54, #5935, #5351, #3830, #1592, #6527, #3865, #682, #2817, #1064, #547, #6141, #161, #1237, #2989, #3479, #6698, #3444, #1796 ),
 ( #747, #4493, #2886, #2356, #2319, #1830, #1339, #5584, #2850, #2390, #263, #4458, #1272, #4425, #5618, #5550, #2956, #6074, #6593, #5102, #5065, #815, #4996 ),
 ( #3933, #3410, #5032, #848, #6109, #230, #6628, #1864, #4001, #2285, #6560, #1763, #1373, #297, #6661, #195, #3899, #1901, #781, #1306, #6041, #6175, #3967 ),
 ( #2424, #2920, #4034, #4562, #3514, #3377, #5653, #4528, #5517, #714, #4105, #6310, #4596, #6242, #5756, #5135, #948, #3620, #6731, #5170, #5825, #331, #4668 ),
 ( #2458, #6802, #3092, #1514, #5205, #5686, #1934, #4173, #4069, #6207, #1022, #3654, #4740, #1478, #6766, #3021, #5240, #5721, #1406, #4209, #879, #5792, #364 ),
 ( #1969, #3549, #2004, #6871, #2493, #986, #4704, #4631, #913, #2601, #3056, #434, #2075, #1443, #3130, #6346, #3584, #472, #398, #6835, #6276, #1550, #2528 ),
 ( #4139, #2564, #2039, #3690, #5277, #2702, #1686, #4844, #2243, #4243, #3787, #1722, #46, #2170, #2736, #4277, #5963, #2207, #1088, #118, #4344, #4382, #2107 ),
 ( #2670, #6381, #81, #6482, #3822, #1616, #1056, #4776, #4810, #5927, #6520, #6000, #1651, #5344, #540, #1584, #14, #507, #4308, #1125, #1161, #3231, #3722 ),
 ( #6446, #3300, #4880, #3858, #2139, #5894, #6413, #5861, #6907, #3263, #5410, #3753, #2636, #3198, #2773, #3164, #5375, #571, #5312, #605, #4918, #5443, #641 ),
 ( #3927, #5611, #1790, #4486, #808, #1894, #1858, #5095, #675, #3472, #1265, #2913, #2349, #2949, #5511, #4027, #5059, #6621, #3994, #1823, #2383, #6035, #1299 ),
 ( #3403, #3371, #2879, #257, #3960, #3892, #3437, #5577, #708, #2313, #5479, #4522, #6587, #6135, #189, #2844, #1333, #6102, #6655, #1231, #5543, #4990, #740 ),
 ( #1198, #223, #4452, #6067, #290, #2417, #3336, #2810, #4954, #4555, #6690, #5024, #774, #154, #2279, #4418, #6554, #1757, #1471, #6269, #3543, #358, #3507 ),
 ( #2983, #3577, #6725, #5129, #3085, #3647, #5680, #3015, #5198, #1400, #5164, #4098, #6864, #391, #2487, #4624, #941, #5233, #6168, #5646, #1366, #465, #2557 ),
 ( #5270, #325, #6795, #4733, #3049, #2521, #5749, #6759, #2033, #427, #6235, #3123, #4697, #2594, #2452, #2068, #872, #1962, #4590, #1435, #6829, #841, #5714 ),
 ( #906, #1996, #1928, #4063, #4661, #4132, #3613, #6201, #4167, #6304, #1508, #5785, #979, #4269, #4769, #5818, #3256, #4202, #5305, #109, #597, #3814, #564 ),
 ( #1014, #4300, #1081, #1048, #3683, #500, #5954, #633, #2100, #3190, #6339, #5887, #1151, #6899, #2728, #3779, #4236, #6, #1678, #4802, #2695, #3292, #4909 ),
 ( #3157, #6474, #6406, #5919, #5368, #5436, #1577, #1543, #1116, #4837, #4872, #39, #5401, #6374, #6438, #1609, #2629, #2765, #3714, #5853, #5336, #532, #73 ),
 ( #2661, #2131, #2163, #3746, #1642, #2198, #3223, #4335, #2937, #4373, #1781, #2902, #211, #2834, #2372, #6090, #3393, #5471, #144, #5600, #5535, #1288, #1812 ),
 ( #1846, #731, #3883, #2269, #2337, #4980, #5083, #1322, #4946, #5566, #4408, #5013, #2304, #6578, #2870, #2235, #4474, #4510, #6609, #3918, #3851, #3949, #6545 ),
 ( #3983, #6512, #5048, #6123, #1714, #6644, #4443, #3426, #763, #3460, #1748, #5992, #246, #797, #1190, #3328, #668, #6026, #2800, #6059, #181, #1257, #1223 ),
 ( #3362, #5503, #700, #378, #4578, #1387, #4543, #1459, #5668, #3073, #6190, #6714, #5221, #5186, #3600, #2971, #346, #1916, #6747, #279, #5117, #829, #4611 ),
 ( #1984, #4120, #2405, #6677, #1881, #1495, #5736, #6781, #313, #4016, #6818, #3564, #1422, #6156, #6292, #2473, #928, #1353, #2439, #4051, #3636, #3530, #3494 ),
 ( #6257, #5701, #5633, #861, #5772, #893, #414, #2544, #966, #3003, #5150, #1950, #4085, #6222, #2508, #3036, #4648, #4684, #2021, #4155, #3110, #3148, #2091 ),
 ( #4862, #1004, #3771, #4828, #5809, #1038, #2720, #5842, #1601, #64, #5944, #5911, #2188, #4721, #588, #5327, #30, #6398, #4327, #2619, #1143, #2155, #3738 ),
 ( #6465, #4759, #4792, #4293, #6889, #3215, #1668, #5295, #3249, #6430, #490, #4227, #3804, #2687, #1567, #5878, #1073, #6364, #2056, #2652, #3705, #4190, #1634 ),
 ( #3180, #522, #6923, #2123, #5257, #4261, #5360, #556, #1107, #5393, #452, #2582, #6853, #6328, #1532, #3671, #1802, #2825, #2362, #4363, #3908, #1837, #171 ),
 ( #3352, #4464, #4899, #3841, #1180, #6635, #624, #4500, #3317, #5461, #2790, #6502, #201, #2327, #6599, #1739, #659, #100, #4935, #6050, #237, #6115, #1772 ),
 ( #4970, #134, #2294, #2259, #4398, #1214, #3973, #4433, #6535, #3873, #5003, #3939, #3282, #2755, #5427, #2226, #6080, #2859, #6015, #1705, #2892, #6568, #1247 ),
 ( #1278, #5494, #3416, #5556, #690, #5982, #753, #3384, #5526, #721, #5038, #6705, #2396, #305, #2501, #788, #2431, #1942, #1314, #4077, #6739, #2927, #1346 ),
 ( #3486, #4534, #5625, #5590, #2996, #6215, #4640, #1380, #1870, #5072, #372, #3451, #6668, #4148, #6774, #922, #4603, #2963, #6148, #1414, #1908, #2014, #407 ),
 ( #4677, #821, #5109, #269, #5143, #3066, #4008, #1977, #887, #4570, #4042, #5730, #6182, #3557, #5214, #3521, #4113, #2537, #5660, #3594, #855, #3029, #2465 ),
 ( #338, #6251, #5694, #5178, #1452, #6811, #3664, #5835, #5871, #5802, #4254, #2712, #6846, #4286, #5353, #2049, #997, #1099, #3731, #2612, #2646, #4785, #4183 ),
 ( #5288, #3141, #2148, #6391, #2679, #6321, #958, #549, #6285, #444, #2180, #4820, #5904, #6916, #483, #1524, #1594, #6882, #56, #5385, #4752, #23, #2084 ),
 ( #4220, #1488, #1032, #3241, #6356, #6423, #1066, #1560, #3699, #3763, #3174, #2116, #580, #3629, #1626, #4854, #5765, #3103, #5321, #3208, #516, #5250, #2574 ),
 ( #4714, #5937, #4891, #5578, #616, #3833, #5025, #2747, #741, #775, #1135, #1824, #2350, #3274, #92, #1300, #224, #2218, #3404, #5544, #5421, #1661, #1697 ),
 ( #3961, #2880, #4487, #4355, #6493, #5974, #1172, #4318, #6622, #6103, #3438, #2914, #6456, #3797, #9, #3324, #2265, #4805, #2665, #4404, #3193, #2830, #4736 ),
 ( #2134, #5788, #4976, #3717, #4942, #5273, #4205, #1546, #177, #982, #2300, #3686, #5821, #3160, #6867, #664, #2796, #140, #2103, #1018, #468, #5308, #6508 ),
 ( #4272, #503, #2632, #2071, #4772, #3126, #5339, #1710, #6541, #5856, #6342, #6903, #2597, #1051, #4239, #6377, #1744, #1219, #1580, #535, #3847, #5988, #1186 ),
 ( #5467, #3879, #6022, #3358, #5499, #696, #4439, #6574, #3650, #2671, #6382, #3754, #4811, #5895, #2637, #508, #1479, #5376, #6347, #541, #949, #6836, #4174 ),
 ( #572, #5241, #4845, #1515, #4741, #435, #5278, #15, #5757, #473, #6908, #6277, #2108, #4777, #3093, #6311, #47, #3621, #5826, #2140, #4244, #6872, #6414 ),
 ( #2565, #3655, #2703, #1585, #3199, #5862, #2171, #5793, #2076, #2602, #4705, #2040, #3723, #3165, #3131, #987, #4210, #1089, #1552, #3691, #1023, #5313, #1057 ),
 ( #1617, #5345, #4278, #3232, #155, #6483, #2280, #5545, #5480, #1687, #4881, #606, #676, #3859, #4309, #3893, #4919, #82, #1723, #3372, #6001, #2737, #1162 ),
 ( #2208, #4419, #1199, #119, #6521, #3823, #3337, #5512, #2811, #4345, #6555, #1758, #5964, #5444, #1652, #2881, #3301, #2774, #5411, #642, #709, #3788, #2244 ),
 ( #4383, #6036, #1266, #225, #4955, #1232, #2845, #4991, #190, #5928, #2314, #4453, #6588, #1791, #3928, #1126, #6068, #6447, #3405, #3264, #742, #5026, #5647 ),
 ( #2453, #2950, #3050, #1437, #5060, #5681, #258, #5130, #2418, #6691, #3508, #5199, #326, #2488, #842, #1895, #3962, #4591, #4523, #6726, #3578, #2984, #6656 ),
 ( #1825, #4625, #4556, #4064, #1929, #6760, #1859, #2351, #6202, #1401, #3016, #3544, #874, #2384, #5165, #4028, #5096, #6169, #3995, #1367, #359, #1963, #6136 ),
 ( #4099, #5612, #6236, #5715, #1334, #6104, #907, #2915, #1301, #4488, #6623, #3473, #809, #3439, #291, #5579, #776, #1082, #6340, #1509, #6305, #2101, #4237 ),
 ( #5854, #1544, #3684, #5306, #2132, #5819, #4770, #1015, #5888, #4203, #3158, #6900, #3648, #3191, #6375, #5271, #4270, #1578, #1610, #6270, #4662, #2069, #501 ),
 ( #3614, #5234, #3747, #2630, #3715, #1049, #6407, #2558, #3124, #5786, #1472, #4133, #5337, #533, #4168, #6796, #5750, #7, #3224, #428, #980, #392, #2662 ),
 ( #4803, #2522, #4734, #1998, #942, #4698, #3086, #6830, #2034, #466, #2595, #6865, #6514, #4911, #5369, #4947, #5956, #5921, #2767, #4410, #111, #1644, #2200 ),
 ( #2237, #146, #2730, #3329, #1782, #1118, #3364, #6547, #3257, #4874, #182, #2802, #1680, #1716, #3852, #5403, #2164, #4375, #599, #4301, #2271, #2836, #75 ),
 ( #4337, #6475, #3294, #6060, #5994, #3816, #1153, #1750, #3885, #565, #4838, #2696, #6580, #6028, #5472, #4982, #1224, #2306, #1191, #669, #40, #4445, #5437 ),
 ( #5504, #635, #3919, #701, #1258, #6439, #3781, #5567, #1848, #4476, #2373, #4579, #2871, #4512, #4017, #3395, #6157, #1883, #5015, #3427, #764, #2903, #6611 ),
 ( #1813, #247, #2475, #5049, #2938, #2972, #6645, #1355, #6748, #3950, #1389, #2441, #6091, #3984, #5151, #830, #6125, #6679, #3495, #1289, #212, #798, #1323 ),
 ( #5634, #6715, #3462, #5601, #5085, #280, #5536, #2406, #4544, #5118, #314, #1917, #4052, #6191, #3532, #5670, #862, #3004, #347, #4612, #1951, #4086, #6223 ),
 ( #732, #2339, #1496, #2620, #3037, #1985, #6258, #4793, #5702, #523, #1460, #3601, #929, #2509, #5296, #491, #4760, #6819, #5737, #5187, #3074, #4228, #3149 ),
 ( #6329, #3565, #967, #2092, #1533, #2022, #1568, #6890, #2583, #4649, #5222, #6924, #4722, #6365, #1005, #2653, #415, #4156, #2545, #379, #6782, #3672, #5258 ),
 ( #4121, #3706, #4685, #4191, #3637, #5773, #6854, #2124, #5810, #5843, #2057, #3111, #6293, #1039, #453, #3181, #4262, #5328, #1423, #894, #2688, #625, #5945 ),
 ( #2756, #1740, #3772, #172, #3318, #4863, #557, #5394, #660, #5879, #589, #102, #6399, #2227, #4936, #1669, #3874, #4364, #1602, #1144, #135, #6503, #65 ),
 ( #4900, #4830, #4294, #2826, #1706, #5462, #5983, #5495, #1635, #2189, #2721, #5361, #3216, #3842, #3283, #3250, #1074, #31, #6016, #4971, #6431, #4328, #2295 ),
 ( #2156, #2260, #1181, #5912, #6466, #1215, #3805, #2791, #3353, #3739, #4399, #691, #1108, #5428, #6536, #6149, #5592, #6706, #1803, #5243, #1347, #789, #5110 ),
 ( #3940, #3974, #4009, #6081, #2397, #856, #5004, #2432, #3487, #202, #1279, #6183, #1871, #754, #2928, #5073, #2328, #1248, #1838, #4465, #3385, #5626, #1909 ),
 ( #4501, #3417, #6116, #4434, #6600, #5557, #1315, #3452, #2893, #822, #270, #2964, #306, #4535, #6669, #4571, #1381, #4044, #3523, #5662, #3095, #437, #6569 ),
 ( #1773, #6051, #5039, #238, #3909, #5527, #722, #2363, #6636, #2861, #3265, #542, #2704, #5863, #6909, #4176, #5346, #4743, #2672, #3789, #3724, #6874, #3133 ),
 ( #4846, #2638, #4279, #1058, #48, #2077, #5412, #6415, #3200, #3233, #4812, #3755, #475, #16, #2109, #5314, #4778, #4212, #4245, #1618, #2141, #5280, #5896 ),
 ( #5827, #1090, #5377, #2604, #6313, #6383, #6348, #1517, #573, #2172, #1553, #3692, #1586, #1024, #3166, #509, #2567, #4310, #6448, #1653, #5929, #1127, #4707 ),
 ( #6838, #2042, #3657, #5795, #989, #226, #3894, #1759, #2738, #6624, #677, #1792, #2209, #1163, #5445, #3963, #4882, #1826, #643, #2775, #120, #1688, #4454 ),
 ( #83, #6522, #1233, #607, #3373, #6069, #2812, #5027, #5513, #4346, #156, #1267, #710, #1200, #743, #6589, #6037, #3824, #4920, #6105, #2846, #3929, #191 ),
 ( #2352, #4992, #2245, #4384, #2315, #3338, #1302, #3440, #3302, #3406, #1725, #5546, #4956, #2281, #2882, #6002, #3860, #6484, #5481, #4489, #5965, #4421, #6556 ),
 ( #5131, #6237, #3545, #6170, #5716, #2489, #6727, #1860, #3474, #1999, #1930, #4626, #5166, #4663, #810, #1368, #6692, #4524, #2385, #5682, #2454, #2419, #5061 ),
 ( #4134, #5613, #4557, #1473, #327, #5200, #1335, #4100, #360, #6137, #3509, #3051, #5648, #4065, #393, #6271, #1438, #2523, #259, #908, #843, #6761, #6203 ),
 ( #2985, #1964, #4592, #3996, #1896, #6797, #2951, #1402, #3579, #5097, #875, #5580, #292, #777, #2916, #4029, #3017, #6657, #1050, #6866, #6901, #2102, #1510 ),
 ( #2596, #3125, #6408, #1579, #8, #6306, #3685, #5272, #3159, #3615, #3649, #4169, #1016, #5307, #5787, #4804, #4238, #3192, #2133, #4771, #2631, #3716, #5370 ),
 ( #6376, #2165, #502, #5855, #5338, #4735, #1611, #2663, #1545, #566, #4271, #4839, #2559, #4303, #981, #2070, #4699, #4204, #3748, #467, #5889, #534, #6341 ),
 ( #5820, #1083, #41, #3225, #2697, #6441, #6831, #5751, #943, #3087, #5235, #429, #2035, #5995, #702, #1193, #4875, #5438, #734, #5957, #3331, #1225, #1155 ),
 ( #3817, #5473, #2838, #4948, #4338, #3886, #1751, #3295, #2768, #5922, #4984, #113, #4446, #636, #4912, #6581, #6548, #183, #6476, #1717, #2238, #670, #1646 ),
 ( #2804, #4377, #6515, #3365, #5505, #3782, #1120, #3258, #2873, #2307, #6029, #6062, #1784, #1259, #148, #2273, #5405, #5018, #3853, #3921, #600, #2201, #1681 ),
 ( #216, #2731, #2342, #4412, #3397, #76, #5537, #4479, #6094, #5604, #317, #6614, #2444, #5154, #1886, #4089, #4582, #1816, #6160, #350, #6718, #283, #6751 ),
 ( #6682, #250, #1292, #5673, #3953, #767, #2512, #3007, #6226, #2975, #1326, #4515, #1920, #2409, #382, #5705, #2376, #2478, #6648, #4055, #4020, #1358, #833 ),
 ( #2906, #3430, #4615, #1426, #5121, #3465, #1851, #6193, #4547, #5570, #897, #3987, #1954, #6128, #1392, #3498, #5637, #3535, #5052, #865, #3568, #3040, #5190 ),
 ( #801, #2941, #5088, #5363, #5331, #1605, #4124, #6927, #4725, #6368, #5813, #2127, #2025, #559, #1571, #1008, #526, #3152, #5846, #2548, #4763, #2060, #456 ),
 ( #5225, #2656, #3709, #419, #4159, #6402, #2095, #970, #5299, #494, #4688, #1463, #4194, #6822, #3604, #1042, #4265, #6296, #1499, #3675, #3640, #5776, #2586 ),
 ( #6332, #1536, #3114, #3184, #2623, #4231, #4796, #6893, #3741, #5882, #1076, #3218, #4652, #6785, #1988, #6261, #5740, #932, #5261, #3077, #6857, #627, #6571 ),
 ( #1775, #2723, #4866, #2191, #3775, #6538, #1742, #3876, #1146, #591, #4296, #4330, #5497, #4401, #104, #2158, #67, #6468, #5915, #1671, #34, #4367, #3321 ),
 ( #1111, #3808, #6053, #3844, #6019, #6433, #3911, #5948, #3286, #5430, #3252, #1217, #3355, #693, #2759, #4903, #1637, #2229, #2828, #4973, #6505, #5396, #1708 ),
 ( #174, #662, #5985, #2297, #4436, #1183, #5464, #2793, #1250, #4939, #3387, #2262, #5529, #137, #2690, #4832, #6602, #4467, #823, #4537, #4503, #204, #3942 ),
 ( #3488, #791, #5076, #1873, #1416, #5627, #857, #4011, #272, #2330, #2965, #2895, #5111, #1944, #6151, #5041, #1281, #6083, #1348, #2399, #724, #307, #1317 ),
 ( #6707, #6671, #3419, #6638, #6741, #240, #2433, #4572, #2365, #1910, #4079, #5559, #5663, #4045, #756, #1840, #2467, #6184, #3976, #1382, #3524, #6118, #1805 ),
 ( #3454, #2997, #5144, #340, #5594, #2930, #4605, #6216, #2863, #3558, #5006, #3104, #5251, #3595, #6883, #2050, #5289, #4221, #6847, #4715, #3665, #517, #4184 ),
 ( #6322, #1525, #888, #4787, #5766, #2085, #373, #6252, #5731, #2118, #5803, #1033, #3067, #6393, #2613, #998, #6357, #3142, #1561, #923, #484, #446, #1489 ),
 ( #2576, #4753, #3700, #1453, #5837, #3175, #5215, #6812, #3031, #5322, #4149, #2647, #4678, #408, #6918, #4256, #1596, #2538, #960, #2015, #5695, #5180, #6286 ),
 ( #3630, #2503, #4642, #6775, #1978, #4114, #5873, #4965, #129, #3835, #1209, #2254, #3348, #95, #4894, #1068, #2821, #3799, #4930, #5355, #4288, #1628, #165 ),
 ( #2682, #2289, #5906, #2183, #4823, #2714, #4393, #3210, #4856, #4357, #3733, #6496, #6530, #5939, #5490, #1699, #551, #3277, #1734, #5976, #4320, #3869, #653 ),
 ( #6425, #25, #2785, #2150, #3765, #6564, #6011, #686, #2221, #5387, #1101, #1174, #6459, #4429, #3243, #582, #58, #1663, #3312, #1138, #5422, #5455, #618 ),
 ( #2750, #6112, #3380, #4531, #3936, #6665, #2992, #2924, #6077, #2323, #4999, #5069, #1310, #1767, #5622, #266, #198, #6596, #5139, #2393, #818, #1343, #851 ),
 ( #1867, #3413, #1799, #4005, #2359, #2461, #334, #4461, #5106, #1275, #6145, #1834, #3448, #3483, #4599, #2960, #1904, #301, #5587, #5522, #2427, #5553, #4566 ),
 ( #3903, #6701, #5656, #1242, #4038, #3970, #6178, #1376, #3517, #750, #6046, #717, #2853, #2889, #5035, #234, #4497, #6632, #785, #2533, #2009, #1973, #1483 ),
 ( #2497, #6247, #1556, #4179, #3062, #3098, #5246, #4636, #3553, #4144, #368, #5690, #3660, #4215, #4109, #3590, #5761, #1448, #5726, #4673, #512, #953, #918 ),
 ( #992, #440, #6316, #5283, #2570, #4710, #6841, #3695, #2045, #1520, #5798, #5316, #3625, #3136, #478, #5210, #2607, #4746, #6807, #5830, #6877, #1027, #883 ),
 ( #403, #3025, #2080, #6351, #3169, #6281, #6770, #1410, #2641, #6735, #1938, #4073, #6211, #5174, #19, #5866, #2144, #2112, #6451, #5415, #1093, #1130, #3268 ),
 ( #2175, #5349, #1589, #1691, #2343, #4282, #1621, #3792, #6418, #3758, #2707, #5571, #5932, #5899, #3236, #6487, #3827, #4781, #4248, #6912, #6095, #1166, #4885 ),
 ( #4480, #610, #2741, #6386, #3954, #4849, #5968, #3727, #545, #2675, #1293, #1061, #3431, #4815, #5380, #576, #3203, #3305, #5448, #646, #51, #4313, #1656 ),
 ( #2778, #86, #6615, #2212, #4349, #4923, #217, #1817, #768, #3041, #6752, #4056, #6129, #802, #6262, #6194, #1955, #2479, #1989, #5089, #5638, #4021, #1852 ),
 ( #3499, #3605, #4125, #5605, #6227, #2942, #5674, #2976, #318, #1393, #5741, #866, #5191, #3536, #2445, #4516, #3008, #284, #5155, #1464, #351, #2410, #3466 ),
 ( #383, #5122, #4616, #4090, #2513, #4548, #2907, #1427, #3569, #5706, #898, #4653, #6683, #6786, #4583, #834, #6719, #1887, #1921, #5053, #251, #6161, #2377 ),
 ( #1359, #6649, #3988, #1327, #1, #4798, #6333, #5777, #2549, #2587, #3742, #2657, #5300, #420, #3115, #5262, #2026, #457, #5226, #2624, #1572, #2128, #1010 ),
 ( #4297, #2096, #4266, #527, #35, #4726, #3676, #2061, #6823, #4689, #1043, #4764, #6858, #4160, #6297, #560, #6434, #971, #4195, #3776, #6894, #2691, #3641 ),
 ( #495, #1500, #3710, #1537, #5848, #2159, #4232, #5814, #3153, #6369, #3185, #5332, #933, #6403, #1606, #5883, #1077, #3219, #5364, #4833, #1638, #3078, #3288 ),
 ( #3323, #1709, #1185, #1147, #663, #4975, #2264, #1673, #1218, #6021, #5432, #105, #3253, #176, #4369, #1776, #4905, #629, #3913, #3878, #2299, #3810, #5987 ),
 ( #5916, #5949, #6469, #5466, #2795, #2761, #4438, #4403, #5498, #6573, #139, #4941, #3357, #726, #6540, #695, #1743, #4469, #2829, #6054, #1252, #2231, #3388 ),
 ( #2865, #5530, #206, #4868, #5008, #2331, #6604, #593, #1807, #6507, #1112, #5398, #2725, #3846, #69, #2193, #4331, #1842, #3944, #793, #4505, #758, #3978 ),
 ( #1318, #274, #3456, #5078, #2897, #5596, #6119, #6640, #2932, #5043, #2401, #4539, #6672, #242, #1875, #4012, #2367, #6085, #3421, #1283, #5561, #6075, #2251 ),
 ( #196, #748, #650, #126, #2286, #5452, #4390, #1206, #3968, #4426, #6528, #1731, #4997, #2320, #3272, #2745, #5419, #4494, #6594, #3378, #2887, #1797, #5033 ),
 ( #162, #6561, #2851, #3866, #1273, #4459, #3345, #231, #3934, #6629, #2216, #1831, #2782, #6008, #4353, #5487, #3411, #4889, #683, #3900, #614, #6042, #5551 ),
 ( #90, #4927, #2818, #6491, #4962, #1695, #1764, #1238, #2357, #5518, #3831, #5972, #6110, #1170, #3309, #715, #4633, #914, #4597, #2957, #6142, #1407, #1902 ),
 ( #782, #4529, #3057, #4669, #1340, #5103, #4140, #2990, #5206, #4002, #6732, #399, #2005, #1970, #2529, #2921, #3586, #1374, #3022, #2459, #5722, #5619, #1307 ),
 ( #4106, #1935, #2494, #3480, #3550, #5654, #4035, #3515, #816, #5136, #365, #4070, #298, #5687, #880, #2425, #4563, #5585, #6767, #6699, #6244, #6176, #849 ),
 ( #6803, #332, #6208, #5171, #1444, #3445, #5066, #264, #2391, #6662, #1865, #6817, #1494, #3109, #2055, #4683, #2543, #3635, #5294, #2020, #965, #4154, #2090 ),
 ( #2618, #3599, #4720, #5149, #4084, #1421, #6888, #860, #4758, #3563, #5700, #3035, #4610, #451, #2581, #6852, #1983, #892, #345, #5185, #6327, #5256, #927 ),
 ( #5667, #3072, #4189, #5771, #4119, #3670, #1531, #6291, #6746, #377, #4226, #5808, #1003, #3147, #6363, #2507, #6256, #4647, #2472, #1949, #489, #413, #6780 ),
 ( #3529, #3002, #1458, #5735, #6221, #5220, #1179, #4260, #99, #1142, #2122, #4292, #5981, #2154, #587, #3737, #555, #6429, #2258, #2719, #1667, #1037, #1566 ),
 ( #3281, #2225, #4861, #63, #6464, #3316, #2187, #5943, #4326, #133, #5392, #3803, #5426, #2686, #4362, #623, #1633, #5460, #2754, #2789, #521, #4397, #5877 ),
 ( #4898, #6501, #1704, #29, #6397, #3179, #3214, #3840, #658, #5910, #5326, #1072, #5359, #2651, #4827, #5841, #3248, #4934, #3704, #3770, #1600, #4791, #6922 ),
 ( #1106, #2926, #6147, #2891, #1246, #4432, #6634, #200, #304, #5624, #2293, #5071, #6567, #2361, #6598, #3938, #752, #2430, #4499, #6667, #5037, #6079, #1213 ),
 ( #2326, #236, #1345, #6534, #268, #3485, #6014, #1869, #1801, #1313, #1836, #4007, #3907, #1738, #3450, #3972, #2395, #6114, #787, #1771, #5589, #1277, #4463 ),
 ( #170, #4533, #820, #6049, #3383, #2962, #5108, #2858, #3872, #3351, #5525, #5493, #3415, #720, #689, #2824, #4969, #5002, #5555, #4112, #4569, #2464, #5142 ),
 ( #4041, #6704, #3663, #1907, #6181, #1379, #5801, #957, #4676, #2048, #3102, #4182, #921, #5729, #3520, #996, #4639, #5764, #5659, #337, #4602, #3140, #854 ),
 ( #5287, #6738, #3028, #2995, #3556, #5249, #1941, #5693, #5213, #4076, #406, #443, #6773, #6320, #2536, #6214, #6250, #2573, #6810, #5177, #4713, #1487, #3065 ),
 ( #1413, #3628, #886, #371, #482, #6845, #1523, #2013, #2500, #1976, #4147, #1451, #3593, #6284, #5320, #5936, #515, #5384, #2678, #22, #3762, #3310, #579 ),
 ( #2179, #3173, #5352, #91, #3207, #5903, #2217, #5453, #3273, #6492, #2083, #4890, #4819, #4317, #1098, #4354, #6915, #2611, #6455, #3240, #5420, #2711, #3796 ),
 ( #2115, #4853, #5973, #2645, #615, #1660, #4784, #4253, #1696, #55, #5870, #1134, #2746, #6390, #6355, #2147, #1593, #1559, #3832, #1171, #3730, #1065, #1625 ),
 ( #548, #4285, #6422, #4751, #6881, #4219, #3698, #5834, #1031, #4963, #1765, #4928, #1832, #6043, #3446, #6562, #163, #5586, #5552, #3969, #3346, #716, #2287 ),
 ( #5519, #1341, #6595, #749, #127, #651, #6663, #2783, #2252, #4391, #1866, #6111, #2888, #5067, #1308, #265, #3935, #1798, #6529, #4003, #2852, #783, #1732 ) ),
 .UNSPECIFIED., .T., .F., .F.,
 ( 4, 1, 1, 1, 1, 1, 1, 1, 1, 1, 1, 1, 1, 1, 1, 1, 1, 1, 1, 1, 1, 1, 1, 1, 1, 1, 1, 1, 1, 1, 1, 1, 1, 1, 1, 1, 1, 1, 1, 1, 1, 1, 1, 1, 1, 1, 1, 1, 1, 1, 1, 1, 1, 1, 1, 1, 1, 1, 1, 1, 1, 1, 1, 1, 1, 1, 1, 1, 1, 1, 1, 1, 1, 1, 1, 1, 1, 1, 1, 1, 1, 1, 1, 1, 1, 1, 1, 1, 1, 1, 1, 1, 1, 1, 1, 1, 1, 1, 1, 1, 1, 1, 1, 1, 1, 1, 1, 1, 1, 1, 1, 1, 1, 1, 1, 1, 1, 1, 1, 1, 1, 1, 1, 1, 1, 1, 1, 1, 1, 1, 1, 1, 1, 1, 1, 1, 1, 1, 1, 1, 1, 4 ),
 ( 4, 1, 1, 1, 1, 1, 1, 1, 1, 1, 1, 1, 1, 1, 1, 1, 1, 1, 1, 1, 4 ),
 ( 0.000000000000000000, 0.01562500000000000000, 0.03125000000000000000, 0.04687500000000000000, 0.06250000000000000000, 0.07812500000000000000, 0.09375000000000000000, 0.1093750000000000000, 0.1171875000000000000, 0.1250000000000000000, 0.1328125000000000000, 0.1406250000000000000, 0.1484375000000000000, 0.1562500000000000000, 0.1640625000000000000, 0.1718750000000000000, 0.1796875000000000000, 0.1875000000000000000, 0.1953125000000000000, 0.2031250000000000000, 0.2070312500000000000, 0.2109375000000000000, 0.2148437500000000000, 0.2187500000000000000, 0.2226562500000000000, 0.2265625000000000000, 0.2304687500000000000, 0.2343750000000000000, 0.2382812500000000000, 0.2421875000000000000, 0.2441406250000000000, 0.2460937500000000000, 0.2480468750000000000, 0.2490234375000000000, 0.2500000000000000000, 0.2519531250000000000, 0.2539062500000000000, 0.2578125000000000000, 0.2617187500000000000, 0.2656250000000000000, 0.2695312500000000000, 0.2734375000000000000, 0.2773437500000000000, 0.2812500000000000000, 0.2851562500000000000, 0.2890625000000000000, 0.2968750000000000000, 0.3046875000000000000, 0.3125000000000000000, 0.3203125000000000000, 0.3281250000000000000, 0.3359375000000000000, 0.3437500000000000000, 0.3515625000000000000, 0.3593750000000000000, 0.3671875000000000000, 0.3750000000000000000, 0.3906250000000000000, 0.4062500000000000000, 0.4218750000000000000, 0.4375000000000000000, 0.4531250000000000000, 0.4687500000000000000, 0.4843750000000000000, 0.5000000000000000000, 0.5156250000000000000, 0.5312500000000000000, 0.5468750000000000000, 0.5625000000000000000, 0.5781250000000000000, 0.5937500000000000000, 0.6093750000000000000, 0.6171875000000000000, 0.6250000000000000000, 0.6328125000000000000, 0.6406250000000000000, 0.6484375000000000000, 0.6562500000000000000, 0.6640625000000000000, 0.6718750000000000000, 0.6796875000000000000, 0.6875000000000000000, 0.6914062500000000000, 0.6953125000000000000, 0.6992187500000000000, 0.7031250000000000000, 0.7070312500000000000, 0.7109375000000000000, 0.7148437500000000000, 0.7187500000000000000, 0.7226562500000000000, 0.7265625000000000000, 0.7304687500000000000, 0.7343750000000000000, 0.7382812500000000000, 0.7421875000000000000, 0.7441406250000000000, 0.7460937500000000000, 0.7480468750000000000, 0.7500000000000000000, 0.7519531250000000000, 0.7539062500000000000, 0.7578125000000000000, 0.7617187500000000000, 0.7656250000000000000, 0.7695312500000000000, 0.7714843750000000000, 0.7734375000000000000, 0.7753906250000000000, 0.7773437500000000000, 0.7812500000000000000, 0.7851562500000000000, 0.7890625000000000000, 0.7929687500000000000, 0.7968750000000000000, 0.8007812500000000000, 0.8046875000000000000, 0.8085937500000000000, 0.8125000000000000000, 0.8164062500000000000, 0.8203125000000000000, 0.8242187500000000000, 0.8281250000000000000, 0.8320312500000000000, 0.8359375000000000000, 0.8437500000000000000, 0.8515625000000000000, 0.8593750000000000000, 0.8671875000000000000, 0.8750000000000000000, 0.8828125000000000000, 0.8906250000000000000, 0.8984375000000000000, 0.9062500000000000000, 0.9140625000000000000, 0.9218750000000000000, 0.9296875000000000000, 0.9375000000000000000, 0.9531250000000000000, 0.9687500000000000000, 0.9843750000000000000, 1.000000000000000000 ),
 ( 0.000000000000000000, 0.04334135681311948596, 0.08717803567372672813, 0.1315635589514732307, 0.1765389374725470639, 0.2221393242496282616, 0.2684006087838779475, 0.3153573262952181766, 0.3630412678898558565, 0.4114806969496874189, 0.4607048628801167500, 0.5107404108280119148, 0.5616113126928125032, 0.6133396939220949751, 0.6659450536150153255, 0.7194408337343741744, 0.7738378205644979024, 0.8291361181714187456, 0.8853221299191487148, 0.9423419882380782431, 1.000000000000000000 ),
 .UNSPECIFIED. ) ;
#6632 = CARTESIAN_POINT ( 'NONE',  ( 1280.260576195642443, 774.8673395167126046, 160.8140437315511804 ) ) ;
#6633 = CARTESIAN_POINT ( 'NONE',  ( 1390.793353223905115, 986.8790914750311458, 66.24413395444200603 ) ) ;
#6634 = CARTESIAN_POINT ( 'NONE',  ( 843.6307473576528082, 115.9645757080478035, 33.90495059164508973 ) ) ;
#6635 = CARTESIAN_POINT ( 'NONE',  ( 792.3799949038959767, 46.56877196956693155, -76.17453849157585921 ) ) ;
#6636 = CARTESIAN_POINT ( 'NONE',  ( 945.2230184479212767, 211.7161168752834044, 48.97564404543599181 ) ) ;
#6637 = CARTESIAN_POINT ( 'NONE',  ( 1159.117634759589464, 316.6437412990529197, -71.84295625033149690 ) ) ;
#6638 = CARTESIAN_POINT ( 'NONE',  ( 675.2716042175803750, 50.62259817687393593, 57.07019229007999428 ) ) ;
#6639 = CARTESIAN_POINT ( 'NONE',  ( 792.5078474527967956, 45.27633374340852868, -70.51353221895189449 ) ) ;
#6640 = CARTESIAN_POINT ( 'NONE',  ( 894.7465222272235223, 166.9812893696641822, 69.16605976006908918 ) ) ;
#6641 = CARTESIAN_POINT ( 'NONE',  ( 894.2832195411884868, 170.0164505372515009, 75.17055734496783259 ) ) ;
#6642 = CARTESIAN_POINT ( 'NONE',  ( 1456.836493192744683, 886.5582099263909868, -80.70117040041330370 ) ) ;
#6643 = CARTESIAN_POINT ( 'NONE',  ( 1272.776926303896516, 521.3984207739687236, -20.49786551933254586 ) ) ;
#6644 = CARTESIAN_POINT ( 'NONE',  ( 792.5421649589241042, 44.88381561601546110, -75.04560495880672022 ) ) ;
#6645 = CARTESIAN_POINT ( 'NONE',  ( 843.9065237980639722, 113.5667872734318564, -9.533089501213041217 ) ) ;
#6646 = CARTESIAN_POINT ( 'NONE',  ( 786.9319432616399581, 104.1917793229588369, 50.67063592907980052 ) ) ;
#6647 = CARTESIAN_POINT ( 'NONE',  ( 1421.781881002448017, 939.8069501759700870, 0.4997255944344791700 ) ) ;
#6648 = CARTESIAN_POINT ( 'NONE',  ( 1303.078609641568164, 848.2191948046421430, 142.1109077141462649 ) ) ;
#6649 = CARTESIAN_POINT ( 'NONE',  ( 579.3617933678588088, 12.27119540561789002, 33.49564613039840566 ) ) ;
#6650 = CARTESIAN_POINT ( 'NONE',  ( 990.8084557707220483, 273.4292164255684838, 97.35571394367681819 ) ) ;
#6651 = CARTESIAN_POINT ( 'NONE',  ( 1467.734388003599634, 797.1433617306606720, -130.9185153090893152 ) ) ;
#6652 = CARTESIAN_POINT ( 'NONE',  ( 1302.012272955460048, 599.8566055006128863, 0.5406056995799429776 ) ) ;
#6653 = CARTESIAN_POINT ( 'NONE',  ( 1223.710015270746680, 637.5257078836713163, 159.3155328748383113 ) ) ;
#6654 = CARTESIAN_POINT ( 'NONE',  ( 1177.707436217151553, 446.1112996590362627, 21.31607628123579445 ) ) ;
#6655 = CARTESIAN_POINT ( 'NONE',  ( 1416.645534618291322, 639.1620161312730488, -141.4191040949870910 ) ) ;
#6656 = CARTESIAN_POINT ( 'NONE',  ( 1448.559484852398782, 935.1073817954237484, -50.62081171642240207 ) ) ;
#6657 = CARTESIAN_POINT ( 'NONE',  ( 1284.910313970063953, 765.5713132263815623, 123.5363331054167446 ) ) ;
#6658 = CARTESIAN_POINT ( 'NONE',  ( 618.7563164666343027, -3.717742905484998417, -43.28567673034191898 ) ) ;
#6659 = CARTESIAN_POINT ( 'NONE',  ( 1135.109818330398866, 393.1265428199869234, 60.24855732787887064 ) ) ;
#6660 = CARTESIAN_POINT ( 'NONE',  ( 1054.956044671509289, 250.7678326678656617, -45.06356031789782435 ) ) ;
#6661 = CARTESIAN_POINT ( 'NONE',  ( 1252.457815303745974, 412.8608240832658112, -95.38461868448779057 ) ) ;
#6662 = CARTESIAN_POINT ( 'NONE',  ( 996.4319072625897888, 247.2412829247150796, 66.93301302356714189 ) ) ;
#6663 = CARTESIAN_POINT ( 'NONE',  ( 845.3608511848383387, 101.8937705265387308, 1.256657160020435926 ) ) ;
#6664 = CARTESIAN_POINT ( 'NONE',  ( 1210.195758439858764, 353.0715744892316934, -100.3581502609672214 ) ) ;
#6665 = CARTESIAN_POINT ( 'NONE',  ( 786.9466765412806808, 104.1316185059109642, 73.27052631801582550 ) ) ;
#6666 = CARTESIAN_POINT ( 'NONE',  ( 1167.776483344733833, 474.6139374011603422, 101.3452240541364091 ) ) ;
#6667 = CARTESIAN_POINT ( 'NONE',  ( 1363.218199277297344, 854.2984427780086207, 61.30186355101297124 ) ) ;
#6668 = CARTESIAN_POINT ( 'NONE',  ( 1169.452364271180613, 283.6954703937611839, -137.3378684832160559 ) ) ;
#6669 = CARTESIAN_POINT ( 'NONE',  ( 1205.954479125698754, 533.5521538252028222, 68.49641635663955697 ) ) ;
#6670 = CARTESIAN_POINT ( 'NONE',  ( 1060.868082630646313, 226.8701647848419043, -58.37745925322134610 ) ) ;
#6671 = CARTESIAN_POINT ( 'NONE',  ( 579.3259012685779226, 17.27912683064068844, 40.49087646846457744 ) ) ;
#6672 = CARTESIAN_POINT ( 'NONE',  ( 1127.209403536619220, 418.2909970622302467, 103.4099707286210617 ) ) ;
#6673 = CARTESIAN_POINT ( 'NONE',  ( 787.6446425062219987, 96.76859055135135179, 58.80887369326516989 ) ) ;
#6674 = CARTESIAN_POINT ( 'NONE',  ( 1078.025955965927096, 387.3738237149734687, 129.0328414050439960 ) ) ;
#6675 = CARTESIAN_POINT ( 'NONE',  ( 1456.495781662177251, 814.8120385564474191, -110.9261350560911126 ) ) ;
#6676 = CARTESIAN_POINT ( 'NONE',  ( 902.0794662967297199, 118.8912575297037506, -35.26659877623522732 ) ) ;
#6677 = CARTESIAN_POINT ( 'NONE',  ( 676.9867874977275051, 9.623107042589818860, -57.45361957914577289 ) ) ;
#6678 = PERSON_AND_ORGANIZATION_ROLE ( 'classification_officer' ) ;
#6679 = CARTESIAN_POINT ( 'NONE',  ( 1331.497888777461185, 672.5947663673940724, -19.34918088189331087 ) ) ;
#6680 = CARTESIAN_POINT ( 'NONE',  ( 893.2227668073156792, 176.8911333694449013, 63.47307081020214525 ) ) ;
#6681 = CARTESIAN_POINT ( 'NONE',  ( 899.5868052111551378, 135.2462142840062995, 1.240598963761804230 ) ) ;
#6682 = CARTESIAN_POINT ( 'NONE',  ( 560.0000000000000000, 11.73664286501860232, 31.08667455439521987 ) ) ;
#6683 = CARTESIAN_POINT ( 'NONE',  ( 1124.222396374596656, 427.8044170964501518, 119.3564398866650293 ) ) ;
#6684 = CARTESIAN_POINT ( 'NONE',  ( 1082.323531294259965, 372.0355617184852122, 118.0719189459025813 ) ) ;
#6685 = CARTESIAN_POINT ( 'NONE',  ( 1390.377751263208438, 1021.030126055275900, 67.41943664476777087 ) ) ;
#6686 = CARTESIAN_POINT ( 'NONE',  ( 1118.629094051807897, 242.2438183379394729, -126.1013239161862600 ) ) ;
#6687 = CARTESIAN_POINT ( 'NONE',  ( 1413.790368753743678, 986.4543886030874091, 28.73678571623634426 ) ) ;
#6688 = CARTESIAN_POINT ( 'NONE',  ( 1325.038603597552083, 919.4796055035797053, 152.7137453410891510 ) ) ;
#6689 = CARTESIAN_POINT ( 'NONE',  ( 579.3527396755368954, 13.67464440900830880, 8.675560772535812148 ) ) ;
#6690 = CARTESIAN_POINT ( 'NONE',  ( 1067.125150205488353, 201.4914906491901831, -105.8948778073161350 ) ) ;
#6691 = CARTESIAN_POINT ( 'NONE',  ( 1008.326566652759197, 191.6674537034004970, -69.59800603339596137 ) ) ;
#6692 = CARTESIAN_POINT ( 'NONE',  ( 1260.792909942976394, 689.2140359363279458, 112.1021845950617148 ) ) ;
#6693 = LOCAL_TIME ( 3, 1, 24.00000000000000000, #2474 ) ;
#6694 = CARTESIAN_POINT ( 'NONE',  ( 1391.251940225626413, 986.1828742376521859, 50.59589600936871534 ) ) ;
#6695 = CARTESIAN_POINT ( 'NONE',  ( 1014.699526638022576, 162.0036720582080818, -100.9374049422040400 ) ) ;
#6696 = CARTESIAN_POINT ( 'NONE',  ( 896.8358363457658697, 153.2879214332131426, 40.64308295158809159 ) ) ;
#6697 = CARTESIAN_POINT ( 'NONE',  ( 1104.923996725630332, 291.1997942503572858, -56.69245830130701336 ) ) ;
#6698 = CARTESIAN_POINT ( 'NONE',  ( 1445.237420285671760, 832.5191209398627734, -75.88121551130215892 ) ) ;
#6699 = CARTESIAN_POINT ( 'NONE',  ( 1348.716705342696514, 879.0557793755125431, 96.75852266338711161 ) ) ;
#6700 = CARTESIAN_POINT ( 'NONE',  ( 560.0000000000000000, -7.570681092469263795, -18.52357719690790816 ) ) ;
#6701 = CARTESIAN_POINT ( 'NONE',  ( 579.3477437965731269, 14.22885721811124604, 38.22139812664016034 ) ) ;
#6703 = CARTESIAN_POINT ( 'NONE',  ( 892.2258418449565625, 183.4659851365452994, 87.92134005357392823 ) ) ;
#6702 = CARTESIAN_POINT ( 'NONE',  ( 1389.504507267729196, 988.8368592153759664, 68.98406323416841701 ) ) ;
#6704 = CARTESIAN_POINT ( 'NONE',  ( 579.4163449567223552, 4.691683728023478217, 12.45298457807570891 ) ) ;
#6705 = CARTESIAN_POINT ( 'NONE',  ( 1119.843769565012053, 237.9056662668123465, -131.1051774708859341 ) ) ;
#6706 = CARTESIAN_POINT ( 'NONE',  ( 1305.503878063386765, 724.4684472125347838, 56.88046931414880447 ) ) ;
#6707 = CARTESIAN_POINT ( 'NONE',  ( 559.9999999999998863, 11.59916395006643697, 36.28136321805023101 ) ) ;
#6708 = CARTESIAN_POINT ( 'NONE',  ( 1218.937517298020339, 328.0209584928844606, -141.1530316536522776 ) ) ;
#6709 = EDGE_CURVE ( 'NONE', #2837, #4302, #5179, .T. ) ;
#6710 = CARTESIAN_POINT ( 'NONE',  ( 675.6120859643338008, 42.58656009881335791, 45.34925468508885160 ) ) ;
#6711 = CARTESIAN_POINT ( 'NONE',  ( 675.2654203688085772, 50.75331261754563883, 55.31880581758258586 ) ) ;
#6712 = CARTESIAN_POINT ( 'NONE',  ( 1454.170601392512253, 926.8208887374394180, -60.58549304258112755 ) ) ;
#6713 = CARTESIAN_POINT ( 'NONE',  ( 1108.504565940396105, 278.4688760380471990, -50.15585595285147491 ) ) ;
#6714 = CARTESIAN_POINT ( 'NONE',  ( 1121.274728518953907, 232.8067525601447016, -134.0486091120685046 ) ) ;
#6715 = CARTESIAN_POINT ( 'NONE',  ( 579.3738804840072589, 10.75555668614484617, -1.753691389600501083 ) ) ;
#6716 = CARTESIAN_POINT ( 'NONE',  ( 618.2104774189641603, 27.72048889366394775, 31.36633542550532638 ) ) ;
#6717 = CARTESIAN_POINT ( 'NONE',  ( 1003.637705446960126, 213.6264691201489825, 1.213455065090140783 ) ) ;
#6718 = CARTESIAN_POINT ( 'NONE',  ( 1350.765170153748613, 981.0591005943041409, 116.5704321962730603 ) ) ;
#6719 = CARTESIAN_POINT ( 'NONE',  ( 1259.358743964444557, 692.3456234458429890, 141.5755986251590457 ) ) ;
#6720 = CARTESIAN_POINT ( 'NONE',  ( 840.4023314482935803, 142.1408510436606889, 72.67364073927015511 ) ) ;
#6721 = CARTESIAN_POINT ( 'NONE',  ( 1217.041265157897442, 333.4365088531038737, -142.5411936134940447 ) ) ;
#6722 = CARTESIAN_POINT ( 'NONE',  ( 1406.864420331820838, 996.6826244823356546, 30.60413348921507648 ) ) ;
#6723 = CARTESIAN_POINT ( 'NONE',  ( 1376.555165298861766, 1008.507067038756418, 96.75350719706364089 ) ) ;
#6724 = CARTESIAN_POINT ( 'NONE',  ( 1286.004980328974398, 634.5358133195189794, 23.76224027446453491 ) ) ;
#6725 = CARTESIAN_POINT ( 'NONE',  ( 618.7522806345139088, -3.478984894929084692, -42.54428968076426543 ) ) ;
#6726 = CARTESIAN_POINT ( 'NONE',  ( 1421.218441016520273, 755.2686375644673262, -95.91821024047790445 ) ) ;
#6727 = CARTESIAN_POINT ( 'NONE',  ( 840.8574972798111276, 138.4100868668851660, 57.01644001425373887 ) ) ;
#6728 = CARTESIAN_POINT ( 'NONE',  ( 1369.839808746767403, 951.0631924207203838, 69.62765970735190990 ) ) ;
#6729 = CARTESIAN_POINT ( 'NONE',  ( 618.4618626085336928, 13.66546802404417527, 16.59557270191678668 ) ) ;
#6730 = CARTESIAN_POINT ( 'NONE',  ( 733.2325387145571085, 51.29819238631737477, -23.91015748766426441 ) ) ;
#6731 = CARTESIAN_POINT ( 'NONE',  ( 1403.273809106884528, 663.7780680931363122, -106.7503752067124481 ) ) ;
#6732 = CARTESIAN_POINT ( 'NONE',  ( 1042.613262384192922, 300.8911734913181135, 80.34792051137132773 ) ) ;
#6733 = CARTESIAN_POINT ( 'NONE',  ( 560.0000000000000000, -7.495108431501201984, -33.96775817935407105 ) ) ;
#6734 = CARTESIAN_POINT ( 'NONE',  ( 1063.997392442012597, 214.1782397748011419, -82.17290127930786525 ) ) ;
#6735 = CARTESIAN_POINT ( 'NONE',  ( 992.2716470142296430, 266.6408593462292629, 104.5643775685043693 ) ) ;
#6737 = CARTESIAN_POINT ( 'NONE',  ( 1276.635713514008103, 782.0896537482502708, 153.3178844212164620 ) ) ;
#6736 = CARTESIAN_POINT ( 'NONE',  ( 997.2460653957101613, 243.4441645049309386, 59.66692555091765371 ) ) ;
#6738 = CARTESIAN_POINT ( 'NONE',  ( 579.4203021918609693, 4.143358387455003289, 10.73294262009939715 ) ) ;
#6739 = CARTESIAN_POINT ( 'NONE',  ( 1472.459100235197639, 789.7158423594618171, -138.5730390869613586 ) ) ;
#6740 = CARTESIAN_POINT ( 'NONE',  ( 675.5794870933892753, 43.35933833547768756, 47.14147957906924802 ) ) ;
#6741 = CARTESIAN_POINT ( 'NONE',  ( 731.5071747851693544, 77.11990723557407534, 66.08256232026027988 ) ) ;
#6742 = CARTESIAN_POINT ( 'NONE',  ( 1467.011879536453080, 871.1012015564824651, -93.81744399859296379 ) ) ;
#6743 = CARTESIAN_POINT ( 'NONE',  ( 1291.651478699124709, 752.1361929790963359, 126.4123159524250468 ) ) ;
#6744 = CARTESIAN_POINT ( 'NONE',  ( 1189.666033532721940, 575.8615699372380732, 149.5540719446250648 ) ) ;
#6745 = CARTESIAN_POINT ( 'NONE',  ( 618.5524395524903412, 7.681374114123711294, -32.69190222157599379 ) ) ;
#6746 = CARTESIAN_POINT ( 'NONE',  ( 947.6594096007534063, 198.4941559165293370, 54.69042101325197791 ) ) ;
#6747 = CARTESIAN_POINT ( 'NONE',  ( 1426.906560397293106, 620.2717389504497305, -168.9747146629339909 ) ) ;
#6748 = CARTESIAN_POINT ( 'NONE',  ( 950.3105729175855458, 183.8921417611125548, -11.78965628250731434 ) ) ;
#6749 = CARTESIAN_POINT ( 'NONE',  ( 840.9530945146259455, 137.6282754986128509, 54.17553048349040523 ) ) ;
#6750 = CARTESIAN_POINT ( 'NONE',  ( 790.1185497166194409, 70.60718472387137012, -3.634995804806552044 ) ) ;
#6751 = CARTESIAN_POINT ( 'NONE',  ( 1389.852595489946225, 1021.805675741051459, 68.74280280768530815 ) ) ;
#6752 = CARTESIAN_POINT ( 'NONE',  ( 1038.936695547358795, 315.7936610979130592, 107.8695967366238904 ) ) ;
#6753 = CARTESIAN_POINT ( 'NONE',  ( 944.1883201644001247, 217.4544978377170139, 92.65674974335409786 ) ) ;
#6754 = CARTESIAN_POINT ( 'NONE',  ( 1350.765170153748613, 981.0591005943041409, 116.5704321962730603 ) ) ;
#6755 = CARTESIAN_POINT ( 'NONE',  ( 1065.927021060420657, 206.3092841816840348, -111.7322782203970064 ) ) ;
#6756 = CARTESIAN_POINT ( 'NONE',  ( 845.3608511848383387, 101.8937705265387308, 1.256657160020435926 ) ) ;
#6757 = CARTESIAN_POINT ( 'NONE',  ( 618.2571762842320595, 25.39629762572821292, 46.78012024573462213 ) ) ;
#6758 = CARTESIAN_POINT ( 'NONE',  ( 1282.720906732605727, 641.6573263891923489, 34.58742425577455037 ) ) ;
#6759 = CARTESIAN_POINT ( 'NONE',  ( 905.3667930194358178, 97.31367067229729173, -83.74217272376986898 ) ) ;
#6760 = CARTESIAN_POINT ( 'NONE',  ( 790.4148260746612777, 67.29639122797038908, -43.68803927054302250 ) ) ;
#6761 = CARTESIAN_POINT ( 'NONE',  ( 1382.431733195330025, 999.5809110275495186, 70.97032700023427765 ) ) ;
#6762 = CARTESIAN_POINT ( 'NONE',  ( 1085.513028044659904, 360.5818573657252273, 66.59739491736473838 ) ) ;
#6763 = CARTESIAN_POINT ( 'NONE',  ( 734.9051560820875011, 26.52408104779946996, -66.80768442484762204 ) ) ;
#6764 = CARTESIAN_POINT ( 'NONE',  ( 579.4203021918609693, 4.143358387455003289, 10.73294262009939715 ) ) ;
#6765 = CARTESIAN_POINT ( 'NONE',  ( 845.4977349214688047, 100.6327388970557166, -36.17407177998703105 ) ) ;
#6766 = CARTESIAN_POINT ( 'NONE',  ( 1254.927704718766336, 406.4480656644920487, -105.4865151391846041 ) ) ;
#6767 = CARTESIAN_POINT ( 'NONE',  ( 1324.533436481743138, 808.7325756880485415, 103.0260048593017359 ) ) ;
#6768 = CARTESIAN_POINT ( 'NONE',  ( 560.0000000000000000, 5.918151298568441021, -2.685868799126062356 ) ) ;
#6769 = CARTESIAN_POINT ( 'NONE',  ( 1457.651133679147506, 813.0006310272843848, -102.6283873370510946 ) ) ;
#6770 = CARTESIAN_POINT ( 'NONE',  ( 841.1587213293015566, 136.0455843599469290, 77.90006511434030756 ) ) ;
#6772 = CARTESIAN_POINT ( 'NONE',  ( 1251.617205721030587, 709.1186329656721909, 148.8546364109555498 ) ) ;
#6771 = CARTESIAN_POINT ( 'NONE',  ( 559.9999999999998863, 3.506786341367434279, 20.36676518448468087 ) ) ;
#6773 = CARTESIAN_POINT ( 'NONE',  ( 1139.527622009767356, 379.0537111951774136, 35.95866108176268483 ) ) ;
#6774 = CARTESIAN_POINT ( 'NONE',  ( 1264.448698714521470, 381.7098968658654030, -152.7195683153668995 ) ) ;
#6775 = CARTESIAN_POINT ( 'NONE',  ( 675.3136772147108786, 49.63683006450567348, 57.33087015149796173 ) ) ;
#6776 = CARTESIAN_POINT ( 'NONE',  ( 1421.600980166479076, 630.0404396498834103, -154.1407375649026505 ) ) ;
#6777 = CARTESIAN_POINT ( 'NONE',  ( 1361.178362765894690, 964.6916576404977377, 109.1023759329641365 ) ) ;
#6778 = CARTESIAN_POINT ( 'NONE',  ( 1155.555655047694017, 509.6119910558133483, 142.5619558519825318 ) ) ;
#6779 = CARTESIAN_POINT ( 'NONE',  ( 1398.972846099675962, 671.6823152812381750, -112.3203286120527764 ) ) ;
#6780 = CARTESIAN_POINT ( 'NONE',  ( 1406.785735125783276, 996.7988267406424256, 43.12371290480813002 ) ) ;
#6781 = CARTESIAN_POINT ( 'NONE',  ( 905.8280807160023187, 94.25479495302090527, -95.85423124563602926 ) ) ;
#6782 = CARTESIAN_POINT ( 'NONE',  ( 1396.178041131822283, 909.6483651226581060, 10.49905898041558672 ) ) ;
#6783 = CARTESIAN_POINT ( 'NONE',  ( 1160.314808604756536, 495.9632218720533956, 113.0703957593841551 ) ) ;
#6784 = CARTESIAN_POINT ( 'NONE',  ( 790.4762269574497395, 66.81894086038177250, -13.33927518207271135 ) ) ;
#6785 = CARTESIAN_POINT ( 'NONE',  ( 1156.146103392574787, 507.9188349948582299, 139.1903757378388491 ) ) ;
#6786 = CARTESIAN_POINT ( 'NONE',  ( 1162.474712635524838, 489.8025062335943858, 126.2831833714588896 ) ) ;
#6787 = CARTESIAN_POINT ( 'NONE',  ( 1356.054855573028590, 972.7480041596796809, 120.4478152052949866 ) ) ;
#6788 = CARTESIAN_POINT ( 'NONE',  ( 1228.239078305579142, 626.8091001163716101, 145.7703190571064624 ) ) ;
#6789 = CC_DESIGN_DATE_AND_TIME_ASSIGNMENT ( #3394, #4511, ( #101 ) ) ;
#6790 = CARTESIAN_POINT ( 'NONE',  ( 559.9999999999998863, 11.71024798506562981, 32.26320064319966718 ) ) ;
#6791 = CARTESIAN_POINT ( 'NONE',  ( 1466.503088067975796, 799.0791549853111064, -128.8367223347411823 ) ) ;
#6792 = CARTESIAN_POINT ( 'NONE',  ( 1003.637705446960126, 213.6264691201489825, 1.213455065090140783 ) ) ;
#6793 = CARTESIAN_POINT ( 'NONE',  ( 1254.823376896652690, 702.1801913385664875, 157.8804217470722620 ) ) ;
#6794 = CARTESIAN_POINT ( 'NONE',  ( 1356.914797337623440, 865.0436497794721618, 52.39871959477198970 ) ) ;
#6795 = CARTESIAN_POINT ( 'NONE',  ( 618.7563164666343027, -3.717742905484998417, -43.28567673034191898 ) ) ;
#6796 = CARTESIAN_POINT ( 'NONE',  ( 1279.343561563242702, 505.8227677454195828, -69.88798630372052401 ) ) ;
#6797 = CARTESIAN_POINT ( 'NONE',  ( 786.8342150232549557, 105.2370566862978620, 55.33957170803640224 ) ) ;
#6798 = CARTESIAN_POINT ( 'NONE',  ( 787.1746555567875703, 101.6033098581178393, 40.59156707706063116 ) ) ;
#6799 = CARTESIAN_POINT ( 'NONE',  ( 905.6868178474661590, 95.17215886586787121, -96.12534779584507305 ) ) ;
#6800 = CARTESIAN_POINT ( 'NONE',  ( 897.9785297816580396, 145.7953062686297301, 24.51979569659094338 ) ) ;
#6801 = CARTESIAN_POINT ( 'NONE',  ( 1267.266426452942596, 534.4040441376146191, -28.95356599985549551 ) ) ;
#6802 = CARTESIAN_POINT ( 'NONE',  ( 579.4951699588613110, -6.190253299380929164, -26.67284111939839519 ) ) ;
#6803 = CARTESIAN_POINT ( 'NONE',  ( 559.9999999999994316, 3.909392628269232173, 21.50882503309759031 ) ) ;
#6804 = CARTESIAN_POINT ( 'NONE',  ( 560.0000000000000000, -2.546500209129832104, 0.7081573197693024069 ) ) ;
#6805 = CARTESIAN_POINT ( 'NONE',  ( 1060.175234290338267, 229.6802125425244583, -53.09575189418310259 ) ) ;
#6806 = CARTESIAN_POINT ( 'NONE',  ( 1341.775122103155581, 513.6355713108184773, -128.7889276367739342 ) ) ;
#6807 = CARTESIAN_POINT ( 'NONE',  ( 1305.446735692143875, 843.8704315719646729, 155.7736269375834013 ) ) ;
#6809 = CARTESIAN_POINT ( 'NONE',  ( 1299.162225112428814, 855.4309614057723365, 154.5039223846980008 ) ) ;
#6808 = CARTESIAN_POINT ( 'NONE',  ( 1170.657438230862226, 466.3602471928775230, 87.68472986484806597 ) ) ;
#6810 = CARTESIAN_POINT ( 'NONE',  ( 1347.303089594565336, 766.8153104958555559, 41.87022077419629795 ) ) ;
#6811 = CARTESIAN_POINT ( 'NONE',  ( 791.9271665767641935, 51.34305869710994585, -70.18507251702865801 ) ) ;
#6812 = CARTESIAN_POINT ( 'NONE',  ( 892.1545502569933888, 183.9518350830204838, 95.49216975637291682 ) ) ;
#6813 = CARTESIAN_POINT ( 'NONE',  ( 1471.126187404216580, 864.8514842294198388, -102.9005639753823402 ) ) ;
#6814 = CARTESIAN_POINT ( 'NONE',  ( 579.3692481230049225, 11.23326767321153774, 30.95471357419579306 ) ) ;
#6815 = CARTESIAN_POINT ( 'NONE',  ( 1035.050152220315340, 331.5349477215590355, 123.8600146872931020 ) ) ;
#6816 = CARTESIAN_POINT ( 'NONE',  ( 1009.751052566403473, 185.0266430225486260, -79.94628004926720166 ) ) ;
#6817 = CARTESIAN_POINT ( 'NONE',  ( 1088.580697355617303, 349.6779289193075329, 77.81453389317252345 ) ) ;
#6818 = CARTESIAN_POINT ( 'NONE',  ( 1069.210764245131941, 193.0155922300637883, -125.3195505452764422 ) ) ;
#6819 = CARTESIAN_POINT ( 'NONE',  ( 1323.932126095177409, 687.6923789282363941, 2.196143861217227933 ) ) ;
#6820 = CARTESIAN_POINT ( 'NONE',  ( 1037.682992402402533, 320.8336662448882066, 93.14096114182488861 ) ) ;
#6821 = CARTESIAN_POINT ( 'NONE',  ( 790.2971831314891915, 68.71528611445361889, -8.487827595596293406 ) ) ;
#6822 = CARTESIAN_POINT ( 'NONE',  ( 1156.702036506592776, 506.3244324884169600, 135.9764321746064013 ) ) ;
#6823 = CARTESIAN_POINT ( 'NONE',  ( 944.8722381971959976, 213.7188104262168338, 84.51963855035077700 ) ) ;
#6824 = CARTESIAN_POINT ( 'NONE',  ( 1191.639446848488205, 570.7349123665098887, 139.6554269545071350 ) ) ;
#6825 = CARTESIAN_POINT ( 'NONE',  ( 1465.398720709335066, 800.8152751603408888, -126.9297897826094612 ) ) ;
#6826 = CARTESIAN_POINT ( 'NONE',  ( 788.6393345493218021, 86.06619831896375672, -3.617284928187468385 ) ) ;
#6827 = CARTESIAN_POINT ( 'NONE',  ( 1388.956731020927009, 1023.128687774451237, 79.43243081928048355 ) ) ;
#6828 = CARTESIAN_POINT ( 'NONE',  ( 1332.121512887014433, 794.7452069155973504, 55.95088946096979043 ) ) ;
#6829 = CARTESIAN_POINT ( 'NONE',  ( 1467.892314928600172, 796.8990356059978240, -124.4791650787054209 ) ) ;
#6830 = CARTESIAN_POINT ( 'NONE',  ( 899.6276304183954835, 134.8505155611622683, -34.41995108882747445 ) ) ;
#6831 = CARTESIAN_POINT ( 'NONE',  ( 840.5396574884603069, 141.0126656606893789, 67.16444670808188278 ) ) ;
#6832 = CARTESIAN_POINT ( 'NONE',  ( 1015.465488554005560, 158.3974388352277174, -115.4204070254930343 ) ) ;
#6833 = CARTESIAN_POINT ( 'NONE',  ( 1095.478335462810037, 325.0281704444481647, 33.81022099417756976 ) ) ;
#6834 = CARTESIAN_POINT ( 'NONE',  ( 1335.322924022546658, 664.9620325419408573, -30.04692568954761001 ) ) ;
#6835 = CARTESIAN_POINT ( 'NONE',  ( 1434.135322093816740, 733.2293708369121532, -110.1963578203629481 ) ) ;
#6836 = CARTESIAN_POINT ( 'NONE',  ( 1456.836493192744683, 886.5582099263909868, -80.70117040041330370 ) ) ;
#6837 = CARTESIAN_POINT ( 'NONE',  ( 560.0000000000000000, -9.062049047955131442, -24.81881163180135275 ) ) ;
#6838 = CARTESIAN_POINT ( 'NONE',  ( 559.9999999999998863, 11.11111647163832572, 20.90269106603501115 ) ) ;
#6839 = CARTESIAN_POINT ( 'NONE',  ( 618.6720252610037960, 1.330071981232211487, -24.29878078587326939 ) ) ;
#6840 = CARTESIAN_POINT ( 'NONE',  ( 959.1227036598091900, 135.8257016468171514, -75.83801354674531581 ) ) ;
#6841 = CARTESIAN_POINT ( 'NONE',  ( 841.0931508406027888, 136.5770587053515328, 78.82538231756255698 ) ) ;
#6842 = CARTESIAN_POINT ( 'NONE',  ( 895.7437345171244942, 160.4465679490297418, 55.68930367071326515 ) ) ;
#6843 = CARTESIAN_POINT ( 'NONE',  ( 1448.414848332383826, 899.3509677393000175, -65.44018270015214966 ) ) ;
#6844 = CARTESIAN_POINT ( 'NONE',  ( 1324.546930862123645, 550.9919218427814940, -73.29768656821637762 ) ) ;
#6845 = CARTESIAN_POINT ( 'NONE',  ( 789.3922587455213034, 78.29599568287711975, 15.72866265795346408 ) ) ;
#6846 = CARTESIAN_POINT ( 'NONE',  ( 1168.097601353967775, 288.0084794189193644, -132.3410573749330013 ) ) ;
#6847 = CARTESIAN_POINT ( 'NONE',  ( 1295.527190381351829, 862.1259107448370287, 167.7457572189360917 ) ) ;
#6848 = CARTESIAN_POINT ( 'NONE',  ( 1470.734354614384074, 865.4466851274221426, -101.9011430101539730 ) ) ;
#6849 = CARTESIAN_POINT ( 'NONE',  ( 1264.380289748774658, 681.4573687730141955, 125.2399374144431192 ) ) ;
#6850 = CARTESIAN_POINT ( 'NONE',  ( 1219.440449362977915, 647.6227835369634249, 161.4352768448328845 ) ) ;
#6851 = CARTESIAN_POINT ( 'NONE',  ( 1425.729366279673968, 747.5685516251854779, -105.4437617435725798 ) ) ;
#6852 = CARTESIAN_POINT ( 'NONE',  ( 1242.897202793141560, 592.1176402837506885, 90.35536430124686547 ) ) ;
#6853 = CARTESIAN_POINT ( 'NONE',  ( 1171.684736054241966, 276.5906283543387758, -144.3960567054130877 ) ) ;
#6854 = CARTESIAN_POINT ( 'NONE',  ( 842.7504079307557276, 122.9731228736847868, 12.22076284324078976 ) ) ;
#6855 = CARTESIAN_POINT ( 'NONE',  ( 943.5899601934802376, 220.6616155840727629, 73.37718356336007730 ) ) ;
#6856 = CARTESIAN_POINT ( 'NONE',  ( 1103.193901068665582, 297.4513024843553239, -16.02758356348017088 ) ) ;
#6857 = CARTESIAN_POINT ( 'NONE',  ( 1345.892606128479883, 988.7219935981885328, 129.1792491678702390 ) ) ;
#6858 = CARTESIAN_POINT ( 'NONE',  ( 1125.056796557870030, 425.1467087656503168, 114.8037594021021448 ) ) ;
#6859 = CARTESIAN_POINT ( 'NONE',  ( 1390.080776645378592, 1021.468697967207618, 77.86781713246178072 ) ) ;
#6860 = CARTESIAN_POINT ( 'NONE',  ( 848.5362323289384676, 75.96775246756791944, -77.86143670292513264 ) ) ;
#6861 = CARTESIAN_POINT ( 'NONE',  ( 1410.248042162935462, 887.5346258067469307, 0.6114444348592686929 ) ) ;
#6862 = CARTESIAN_POINT ( 'NONE',  ( 1280.260576195642443, 774.8673395167126046, 160.8140437315511804 ) ) ;
#6863 = CARTESIAN_POINT ( 'NONE',  ( 675.5457189715893946, 43.86148116243357009, 15.76546884702155893 ) ) ;
#6864 = CARTESIAN_POINT ( 'NONE',  ( 1168.714245355376988, 286.0687539342125660, -123.6871629356725890 ) ) ;
#6865 = CARTESIAN_POINT ( 'NONE',  ( 1103.466895739737765, 296.4060788824381802, -48.45920739776444464 ) ) ;
#6866 = CARTESIAN_POINT ( 'NONE',  ( 1333.487057608945406, 905.0443199751309749, 113.9971336096595422 ) ) ;
#6867 = CARTESIAN_POINT ( 'NONE',  ( 1258.389506432872167, 397.4338521722052064, -134.1845967963288615 ) ) ;
#6868 = CARTESIAN_POINT ( 'NONE',  ( 1171.684736054241966, 276.5906283543387758, -144.3960567054130877 ) ) ;
#6869 = CARTESIAN_POINT ( 'NONE',  ( 1347.303089594565336, 766.8153104958555559, 41.87022077419629795 ) ) ;
#6870 = CARTESIAN_POINT ( 'NONE',  ( 788.8300830363795058, 84.04740170493157336, -8.418427658953737236 ) ) ;
#6871 = CARTESIAN_POINT ( 'NONE',  ( 676.8500236973532083, 13.01648488770286782, -39.40758941589453457 ) ) ;
#6872 = CARTESIAN_POINT ( 'NONE',  ( 1455.126149726490212, 889.1562922768215458, -77.65796101676666296 ) ) ;
#6873 = CARTESIAN_POINT ( 'NONE',  ( 1333.935523691350454, 667.7559501951648144, 0.5086272205503065136 ) ) ;
#6874 = CARTESIAN_POINT ( 'NONE',  ( 1392.750879613667166, 983.9060202558982837, 47.23252641274440577 ) ) ;
#6875 = CARTESIAN_POINT ( 'NONE',  ( 1448.481527368010575, 935.2225093548992163, -42.07029097083988489 ) ) ;
#6876 = CARTESIAN_POINT ( 'NONE',  ( 1115.846158231453501, 252.2255060730666401, -96.94861745771903827 ) ) ;
#6877 = CARTESIAN_POINT ( 'NONE',  ( 1351.921338526243517, 979.2481709466860593, 130.6852421921856262 ) ) ;
#6878 = CARTESIAN_POINT ( 'NONE',  ( 1088.580697355617303, 349.6779289193075329, 77.81453389317252345 ) ) ;
#6879 = CARTESIAN_POINT ( 'NONE',  ( 955.5897519693156710, 155.0509510980171228, -63.66011697470364084 ) ) ;
#6880 = CARTESIAN_POINT ( 'NONE',  ( 846.7696012164510648, 90.42982405082446462, -26.06553566660172194 ) ) ;
#6881 = CARTESIAN_POINT ( 'NONE',  ( 733.4918676921361111, 47.68051691250846602, 2.540514970991375243 ) ) ;
#6882 = CARTESIAN_POINT ( 'NONE',  ( 1384.251492687631753, 567.3367761685710775, -155.9905622273499546 ) ) ;
#6883 = CARTESIAN_POINT ( 'NONE',  ( 1188.431469346591484, 579.0725821229541452, 158.4761850195839372 ) ) ;
#6884 = CARTESIAN_POINT ( 'NONE',  ( 559.9999999999990905, -10.52249464438780358, -35.91657864407596890 ) ) ;
#6885 = CARTESIAN_POINT ( 'NONE',  ( 618.3345975113019222, 20.99341918877382085, 36.64258472342667261 ) ) ;
#6886 = CARTESIAN_POINT ( 'NONE',  ( 560.0000000000000000, 11.67232375949873280, 36.06848443707395546 ) ) ;
#6887 = CARTESIAN_POINT ( 'NONE',  ( 901.8607495670484013, 120.2180056061888678, -60.57833295808878660 ) ) ;
#6888 = CARTESIAN_POINT ( 'NONE',  ( 842.8833582385422005, 122.0389221418072339, 47.41088382826763592 ) ) ;
#6889 = CARTESIAN_POINT ( 'NONE',  ( 734.9234691615753263, 26.25560093142403062, -66.87750507125605282 ) ) ;
#6890 = CARTESIAN_POINT ( 'NONE',  ( 896.5035312247140382, 155.3374265018517519, 7.494040704489088434 ) ) ;
#6891 = CARTESIAN_POINT ( 'NONE',  ( 1037.962651281538911, 319.6978078797597504, 90.28951547432447455 ) ) ;
#6892 = CARTESIAN_POINT ( 'NONE',  ( 790.6559166454218257, 64.91572787007284262, -18.18725876569895661 ) ) ;
#6893 = CARTESIAN_POINT ( 'NONE',  ( 892.2258418449565625, 183.4659851365452994, 87.92134005357392823 ) ) ;
#6894 = CARTESIAN_POINT ( 'NONE',  ( 1359.041200621579492, 968.0521235869254042, 113.6368209892103494 ) ) ;
#6895 = CARTESIAN_POINT ( 'NONE',  ( 1159.994584621253580, 496.9076320124145241, 139.4577261665212689 ) ) ;
#6896 = CARTESIAN_POINT ( 'NONE',  ( 618.6542569825752480, 1.865571959881881403, -43.46204349479260998 ) ) ;
#6897 = CARTESIAN_POINT ( 'NONE',  ( 579.4470922097585799, 0.4379033977895848695, -1.818309070804674077 ) ) ;
#6898 = CARTESIAN_POINT ( 'NONE',  ( 1209.421698008509111, 524.5485913280095929, 52.98026200984443790 ) ) ;
#6899 = CARTESIAN_POINT ( 'NONE',  ( 1218.343614390573066, 329.7237412258696168, -138.2025540021931533 ) ) ;
#6900 = CARTESIAN_POINT ( 'NONE',  ( 1106.397015553078973, 285.9367781827828594, -64.89982226117194841 ) ) ;
#6901 = CARTESIAN_POINT ( 'NONE',  ( 1356.606612409288346, 971.8727394799208241, 101.6189105323116593 ) ) ;
#6902 = EDGE_CURVE ( 'NONE', #4302, #2803, #6419, .T. ) ;
#6903 = CARTESIAN_POINT ( 'NONE',  ( 1114.893390549496871, 255.5852032557922087, -109.0868360078476087 ) ) ;
#6904 = CARTESIAN_POINT ( 'NONE',  ( 1468.995957791533328, 904.9268125755156689, -84.29036527466422513 ) ) ;
#6905 = CARTESIAN_POINT ( 'NONE',  ( 1097.898529968815183, 316.3781372023386780, 18.13701869882556750 ) ) ;
#6906 = CARTESIAN_POINT ( 'NONE',  ( 1368.878513366716788, 727.0784796541598780, -40.16845626331790697 ) ) ;
#6907 = CARTESIAN_POINT ( 'NONE',  ( 959.7040047938014595, 132.6454442213097309, -82.65895321290085462 ) ) ;
#6908 = CARTESIAN_POINT ( 'NONE',  ( 1062.730832617900433, 219.2583585904022243, -94.01647301434894644 ) ) ;
#6909 = CARTESIAN_POINT ( 'NONE',  ( 1204.814552484695696, 536.5125592728198853, 73.70071010517483501 ) ) ;
#6910 = CARTESIAN_POINT ( 'NONE',  ( 1251.232644360546828, 416.0417791443767896, -90.35954003446441618 ) ) ;
#6911 = CARTESIAN_POINT ( 'NONE',  ( 579.5072836992952716, -7.850357584654520160, -33.94887830641000903 ) ) ;
#6912 = CARTESIAN_POINT ( 'NONE',  ( 1330.638327122365581, 909.9206000968921444, 142.4391849564093206 ) ) ;
#6913 = CARTESIAN_POINT ( 'NONE',  ( 1406.785735125783276, 996.7988267406424256, 43.12371290480813002 ) ) ;
#6914 = CARTESIAN_POINT ( 'NONE',  ( 734.1394952395222617, 38.03193206004061722, -24.33579431430562678 ) ) ;
#6915 = CARTESIAN_POINT ( 'NONE',  ( 1295.448965784524262, 614.0885983327406166, 22.20542089736533953 ) ) ;
#6916 = CARTESIAN_POINT ( 'NONE',  ( 1215.631977358697895, 337.4717644626974220, -137.8532384703458433 ) ) ;
#6917 = CARTESIAN_POINT ( 'NONE',  ( 841.6024081280104383, 132.3265001681967874, 37.19348787220467756 ) ) ;
#6918 = CARTESIAN_POINT ( 'NONE',  ( 1188.850066536903796, 577.9878684127386350, 158.8523730695171139 ) ) ;
#6919 = CARTESIAN_POINT ( 'NONE',  ( 961.2419233308262392, 124.2216547248194587, -102.3318479822854243 ) ) ;
#6920 = CARTESIAN_POINT ( 'NONE',  ( 894.9676943603864174, 165.5321744143228955, 66.18415571243339457 ) ) ;
#6921 = CARTESIAN_POINT ( 'NONE',  ( 941.9640740812808417, 229.5884173678411457, 104.6221991851610227 ) ) ;
#6922 = CARTESIAN_POINT ( 'NONE',  ( 1410.685960047715525, 991.0389772509563500, 35.12250339714465497 ) ) ;
#6923 = CARTESIAN_POINT ( 'NONE',  ( 618.7337576482070745, -2.643589255215184952, -49.42823790876898471 ) ) ;
#6924 = CARTESIAN_POINT ( 'NONE',  ( 1093.735439536893409, 331.1840538139778687, 10.30028496276334948 ) ) ;
#6925 = CARTESIAN_POINT ( 'NONE',  ( 1311.063747858454462, 833.5156499055450467, 116.8518852018802932 ) ) ;
#6926 = CARTESIAN_POINT ( 'NONE',  ( 846.4905545400998790, 92.70116134736323943, -20.58952731699567806 ) ) ;
#6927 = CARTESIAN_POINT ( 'NONE',  ( 892.3820623758739430, 182.4352501289311022, 84.11599318138434001 ) ) ;
ENDSEC;
END-ISO-10303-21;
